line_num,human_npr,lm_npr,winner,human_logrank,lm_logrank,human_perturbed_logrank,lm_perturbed_logrank
1,1.388480,1.783635,MGC,0.921755,0.331990,1.279839,0.592148
10,1.535968,1.705799,MGC,0.608115,0.635969,0.934046,1.084836
100,1.301124,1.282154,HWC,1.035717,1.241508,1.347595,1.591805
1000,1.556304,1.776754,MGC,0.716943,0.602337,1.115781,1.070205
1001,1.513126,1.675159,MGC,0.605060,0.512747,0.915532,0.858932
1002,1.479329,1.428333,HWC,0.418844,0.441847,0.619608,0.631104
1003,1.713471,1.807142,MGC,0.500747,0.477680,0.858016,0.863236
1004,1.681507,1.689318,MGC,0.469562,0.469282,0.789571,0.792767
1006,1.686372,2.030808,MGC,0.486694,0.396369,0.820748,0.804950
1007,1.600162,1.515010,HWC,0.662183,0.901022,1.059601,1.365057
1008,1.281232,1.323318,MGC,0.666919,0.762410,0.854477,1.008911
101,1.473129,2.290002,MGC,0.589684,0.197344,0.868681,0.451919
1011,1.210028,1.246469,MGC,0.765726,0.822685,0.926550,1.025452
1012,1.197121,1.177559,HWC,1.017757,1.072629,1.218378,1.263084
1013,1.633568,2.091961,MGC,0.369486,0.280103,0.603580,0.585964
1014,1.487022,1.644427,MGC,0.583308,0.405287,0.867391,0.666465
1015,1.291975,1.482207,MGC,0.797615,0.581981,1.030499,0.862616
1016,1.569486,1.451749,HWC,0.523771,0.730613,0.822052,1.060666
1017,1.268578,1.278587,MGC,0.987020,1.057427,1.252111,1.352012
102,1.352603,1.548849,MGC,0.767072,0.608529,1.037544,0.942519
1021,1.452417,3.221574,MGC,0.525429,0.132520,0.763142,0.426922
1023,1.338214,1.447547,MGC,0.772435,0.781686,1.033684,1.131527
1026,1.429752,1.616262,MGC,1.036618,0.935965,1.482107,1.512765
1027,1.531775,1.959828,MGC,0.590814,0.515736,0.904994,1.010753
1028,1.683458,1.663966,HWC,0.546171,0.503531,0.919456,0.837858
1030,1.404074,2.600041,MGC,0.518828,0.121996,0.728472,0.317194
1033,1.658602,2.572070,MGC,0.431230,0.280233,0.715238,0.720778
1038,1.353871,2.069249,MGC,0.567470,0.278358,0.768281,0.575991
1039,1.595706,1.656908,MGC,0.427523,0.443395,0.682201,0.734664
104,1.776789,1.647653,HWC,0.431177,0.539237,0.766110,0.888476
1040,1.517175,1.332604,HWC,0.295357,0.599742,0.448108,0.799219
1041,1.368837,2.374585,MGC,0.542113,0.217860,0.742064,0.517328
1046,1.427786,1.418262,HWC,0.702268,0.731165,1.002689,1.036984
1047,1.233786,1.182104,HWC,1.112894,1.209627,1.373073,1.429905
105,1.302778,1.390304,MGC,0.983684,1.153972,1.281521,1.604372
1051,1.622942,1.700973,MGC,0.620018,0.544817,1.006254,0.926719
1052,1.593170,1.847287,MGC,0.589767,0.532819,0.939599,0.984270
1054,1.642406,1.528067,HWC,0.433428,0.582581,0.711864,0.890223
1055,1.486447,1.753777,MGC,0.753287,0.546594,1.119721,0.958604
1056,1.411845,1.396740,HWC,0.628552,0.751132,0.887418,1.049136
1057,1.532279,3.878878,MGC,0.542773,0.087626,0.831680,0.339891
1059,1.988315,2.259686,MGC,0.343135,0.309312,0.682261,0.698949
1063,1.248073,1.913270,MGC,0.778502,0.362563,0.971628,0.693681
1064,1.797544,1.784182,HWC,0.331287,0.473921,0.595503,0.845560
1066,1.446476,1.468663,MGC,0.793962,0.830242,1.148447,1.219346
1068,1.275969,1.559021,MGC,0.893154,0.984240,1.139636,1.534451
1069,1.542888,1.777891,MGC,0.578118,0.438244,0.891971,0.779151
107,1.217651,1.217427,HWC,0.854355,0.855897,1.040306,1.041991
1070,1.405262,1.686586,MGC,0.733686,0.440543,1.031021,0.743013
1071,1.462435,1.950098,MGC,0.518174,0.316256,0.757796,0.616731
1073,1.433806,1.707902,MGC,0.634197,0.524908,0.909316,0.896491
1076,1.292087,1.397094,MGC,1.034473,1.011909,1.336630,1.413732
1077,1.593390,1.593727,MGC,0.552641,0.571181,0.880572,0.910307
1079,1.382788,1.497697,MGC,0.596776,0.574466,0.825215,0.860376
1081,1.707723,1.732200,MGC,0.389699,0.441005,0.665498,0.763909
1082,1.369382,1.388947,MGC,0.859196,0.817366,1.176567,1.135278
1083,1.584387,3.590671,MGC,0.488045,0.102278,0.773252,0.367247
1084,1.369318,2.656014,MGC,0.590284,0.159457,0.808286,0.423520
1085,1.352016,1.638694,MGC,0.615470,0.507510,0.832125,0.831654
1086,1.286109,1.231013,HWC,0.638746,1.079159,0.821498,1.328459
109,1.404243,1.573506,MGC,0.761071,0.590250,1.068729,0.928762
1090,1.483081,1.392701,HWC,0.626385,0.934509,0.928979,1.301492
1092,1.954319,2.051213,MGC,0.350502,0.371765,0.684993,0.762569
1093,1.578747,1.653008,MGC,0.574444,0.688655,0.906901,1.138351
1095,1.584412,1.761716,MGC,0.513001,0.418785,0.812805,0.737780
1096,1.417542,1.799971,MGC,0.522225,0.352741,0.740276,0.634923
1097,1.366461,1.409535,MGC,0.720873,0.819477,0.985045,1.155082
11,1.357774,1.352367,HWC,0.914256,0.967143,1.241353,1.307932
110,1.533926,2.167769,MGC,0.534349,0.164883,0.819652,0.357429
1100,1.396695,1.393987,HWC,0.650926,0.740476,0.909145,1.032213
1101,1.707193,1.604054,HWC,0.587705,0.616536,1.003327,0.988957
1104,1.574756,3.065465,MGC,0.384901,0.093401,0.606126,0.286318
1105,1.381788,2.665643,MGC,0.739906,0.153585,1.022393,0.409404
1109,1.519616,1.553214,MGC,0.524446,0.683189,0.796957,1.061139
111,1.324611,1.585339,MGC,0.981164,0.444583,1.299661,0.704814
1110,1.455867,1.439864,HWC,0.624543,0.856226,0.909252,1.232848
1111,1.435387,2.102311,MGC,0.636512,0.284385,0.913641,0.597866
1112,1.445321,1.553918,MGC,0.589974,0.635850,0.852701,0.988060
1113,1.290884,1.686251,MGC,0.912159,0.537425,1.177491,0.906234
1114,1.400950,1.223644,HWC,0.547952,1.331877,0.767653,1.629744
1117,1.487733,1.846696,MGC,0.589462,0.224535,0.876963,0.414647
1120,1.402763,1.669654,MGC,0.599095,0.433090,0.840389,0.723111
1123,1.512298,1.617081,MGC,0.546709,0.552467,0.826787,0.893384
1124,1.272401,1.562486,MGC,0.995026,0.758064,1.266071,1.184464
1125,1.660954,1.838805,MGC,0.610095,0.565693,1.013340,1.040198
1126,1.220120,1.215212,HWC,0.901800,1.047493,1.100305,1.272926
1129,1.479529,1.444423,HWC,0.858383,0.931523,1.270002,1.345513
113,1.447658,1.730562,MGC,0.700785,0.495791,1.014498,0.857997
1130,1.451259,1.404210,HWC,0.698001,0.741980,1.012980,1.041896
1132,1.361623,1.740880,MGC,0.820778,0.667148,1.117590,1.161425
1133,1.386977,1.350808,HWC,0.881383,1.162584,1.222459,1.570428
1138,1.357107,2.019705,MGC,0.708824,0.116030,0.961950,0.234346
1139,1.314183,1.624427,MGC,0.865971,0.501719,1.138045,0.815006
1141,1.375210,1.692621,MGC,0.592483,0.405242,0.814788,0.685922
1142,1.357895,1.518336,MGC,0.643871,0.682210,0.874309,1.035825
1143,1.648941,1.909221,MGC,0.410853,0.374429,0.677472,0.714868
1144,1.336031,1.802011,MGC,0.940350,0.563044,1.256337,1.014612
1145,1.482226,2.717813,MGC,0.628888,0.209033,0.932155,0.568112
1146,1.564190,1.713642,MGC,0.551471,0.448015,0.862605,0.767738
1147,1.324790,1.488005,MGC,0.928266,0.732746,1.229757,1.090329
1148,1.289567,4.315048,MGC,0.643768,0.092290,0.830183,0.398237
1149,1.340662,1.673809,MGC,0.654231,0.452282,0.877103,0.757034
115,1.482611,1.699300,MGC,0.617344,0.444862,0.915281,0.755955
1150,1.703654,1.994554,MGC,0.595980,0.524616,1.015343,1.046375
1151,1.368695,2.245444,MGC,0.632308,0.287293,0.865436,0.645101
1152,1.452842,1.573809,MGC,0.601735,0.764907,0.874226,1.203817
1153,1.313957,1.920779,MGC,0.701117,0.274049,0.921237,0.526387
1154,1.677782,2.194967,MGC,0.577658,0.324244,0.969184,0.711704
1156,1.399359,1.270763,HWC,0.534649,1.139919,0.748166,1.448567
1159,1.314245,1.394106,MGC,0.608463,0.838245,0.799670,1.168603
116,1.722929,1.593100,HWC,0.511186,0.640033,0.880736,1.019637
1161,1.256849,1.434468,MGC,1.026810,0.947383,1.290546,1.358991
1162,1.469276,1.705743,MGC,0.514283,0.504107,0.755624,0.859877
1163,1.361988,1.543531,MGC,0.621291,0.485808,0.846191,0.749860
1164,1.684890,1.860626,MGC,0.432574,0.407819,0.728839,0.758799
1166,1.345769,1.627415,MGC,0.764287,0.568397,1.028554,0.925018
1168,1.481879,1.479638,HWC,0.625056,0.694257,0.926257,1.027249
117,1.661053,1.685262,MGC,0.437755,0.447057,0.727134,0.753408
1170,1.423336,1.828307,MGC,0.558283,0.402542,0.794625,0.735971
1171,1.503698,1.413593,HWC,0.594703,0.818209,0.894254,1.156614
1174,1.768933,1.870690,MGC,0.349880,0.385831,0.618915,0.721771
1175,1.329574,1.840498,MGC,0.680460,0.264436,0.904723,0.486694
1177,1.517304,1.533564,MGC,0.575520,0.821842,0.873239,1.260347
1178,1.686260,1.751711,MGC,0.503363,0.476663,0.848800,0.834976
118,1.374134,1.484120,MGC,0.573079,0.599131,0.787486,0.889183
1180,1.470665,1.783724,MGC,0.737381,0.519436,1.084440,0.926530
1181,1.291395,1.631362,MGC,0.728592,0.401634,0.940900,0.655210
1182,1.374564,1.442940,MGC,0.623684,0.812277,0.857293,1.172067
1183,1.393297,1.533901,MGC,0.619438,0.762239,0.863061,1.169199
1184,1.309388,1.437989,MGC,0.926326,0.747632,1.212920,1.075087
1186,1.464808,1.414394,HWC,0.758315,0.934968,1.110785,1.322413
1188,1.634881,1.387473,HWC,0.463144,0.890656,0.757185,1.235762
1189,1.249118,1.833660,MGC,1.102062,0.403833,1.376606,0.740492
119,1.392747,1.299692,HWC,0.880395,1.179597,1.226168,1.533113
1191,1.414904,1.623473,MGC,0.656207,0.540638,0.928470,0.877711
1193,1.684833,1.401700,HWC,0.529626,1.159130,0.892332,1.624754
1194,1.431004,1.626124,MGC,0.790384,0.426124,1.131043,0.692931
1195,1.646140,1.492839,HWC,0.502099,0.981083,0.826526,1.464599
1196,1.406086,1.752299,MGC,0.526451,0.404474,0.740235,0.708760
1197,1.616925,1.946774,MGC,0.445249,0.258189,0.719934,0.502636
1199,1.514313,1.294816,HWC,0.529422,0.809977,0.801710,1.048772
12,1.927520,2.048223,MGC,0.345653,0.307789,0.666253,0.630421
120,1.512275,1.787470,MGC,0.571129,0.422557,0.863704,0.755309
1200,1.325772,2.088092,MGC,0.768313,0.275693,1.018608,0.575673
1201,1.613227,1.549672,HWC,0.456766,0.712223,0.736866,1.103711
1202,1.353857,1.707934,MGC,0.840771,0.484016,1.138284,0.826668
1203,1.524774,1.618426,MGC,0.678946,0.849403,1.035239,1.374695
1207,1.544168,1.822512,MGC,0.461419,0.319064,0.712509,0.581498
1209,1.470804,1.571363,MGC,0.588134,0.488445,0.865031,0.767525
121,2.023897,1.939809,HWC,0.256204,0.299842,0.518531,0.581635
1212,1.609164,2.417246,MGC,0.475845,0.243595,0.765712,0.588830
1213,1.763605,1.583968,HWC,0.272273,0.401288,0.480182,0.635627
1214,1.509804,1.706207,MGC,0.569876,0.464795,0.860401,0.793037
1215,1.516480,1.505428,HWC,0.581041,0.799494,0.881137,1.203581
1216,1.445490,1.755928,MGC,0.541198,0.445434,0.782296,0.782150
1217,1.230369,1.409588,MGC,0.890945,0.846014,1.096191,1.192532
1218,1.291575,1.205357,HWC,0.804489,1.137259,1.039058,1.370803
1223,1.517895,2.454632,MGC,0.836803,0.226643,1.270179,0.556325
1224,1.177280,2.670612,MGC,0.744295,0.160512,0.876243,0.428665
1225,2.035152,1.512636,HWC,0.307334,0.683642,0.625471,1.034102
1226,1.272185,1.286617,MGC,0.715469,1.083488,0.910209,1.394034
1227,1.469656,1.735269,MGC,0.781543,0.440915,1.148599,0.765106
1228,1.358745,1.524248,MGC,0.807947,0.590618,1.097794,0.900248
1229,1.371711,1.483914,MGC,0.709634,0.591738,0.973412,0.878088
1230,1.175499,1.431911,MGC,1.045098,0.583831,1.228512,0.835994
1234,1.707047,1.547802,HWC,0.563263,0.795545,0.961516,1.231346
1236,1.553257,1.632940,MGC,0.513408,0.536806,0.797455,0.876572
1237,1.381872,1.480572,MGC,0.740558,0.544450,1.023356,0.806098
1238,1.644908,1.662977,MGC,0.478564,0.505557,0.787193,0.840730
1239,1.334885,1.657009,MGC,0.866624,0.533432,1.156843,0.883902
1240,1.634262,2.756935,MGC,0.500232,0.146503,0.817510,0.403899
1241,1.454331,1.481452,MGC,0.696220,0.698078,1.012534,1.034169
1242,1.432645,1.506905,MGC,0.898656,0.853862,1.287455,1.286689
1244,1.477864,1.527941,MGC,0.666068,0.639451,0.984357,0.977044
1245,2.119427,3.921454,MGC,0.311665,0.052389,0.660551,0.205443
1246,1.673077,1.864922,MGC,0.411726,0.486139,0.688849,0.906611
1247,1.406792,2.429224,MGC,0.775616,0.249707,1.091131,0.606594
1248,1.371723,2.322942,MGC,0.525038,0.255228,0.720206,0.592880
125,1.561461,3.428343,MGC,0.274457,0.105618,0.428553,0.362095
1251,1.647331,2.461354,MGC,0.401910,0.216407,0.662078,0.532653
1252,1.384844,1.355682,HWC,0.717280,0.875961,0.993321,1.187524
1253,1.372252,1.420972,MGC,0.951830,1.015261,1.306150,1.442657
1255,1.394629,1.516240,MGC,0.779537,0.627289,1.087165,0.951120
1256,1.556750,1.622347,MGC,0.417156,0.629042,0.649408,1.020525
1257,1.458474,2.109740,MGC,0.534456,0.241723,0.779490,0.509972
1258,1.295305,1.587820,MGC,0.806307,0.685005,1.044413,1.087664
1259,1.472339,1.412784,HWC,0.461748,0.671748,0.679850,0.949035
126,1.434241,1.527840,MGC,0.656539,0.659157,0.941636,1.007086
1260,1.495810,1.565625,MGC,0.723045,0.700849,1.081538,1.097266
1263,1.556484,1.675577,MGC,0.583010,0.508560,0.907446,0.852132
1265,1.495236,1.903643,MGC,0.540096,0.171401,0.807571,0.326286
1266,1.355803,1.465457,MGC,0.715183,0.744946,0.969646,1.091686
1267,1.782176,1.888923,MGC,0.431500,0.430565,0.769009,0.813304
1268,1.293210,1.604484,MGC,0.864924,0.500750,1.118528,0.803445
127,1.590935,2.050807,MGC,0.576473,0.358912,0.917131,0.736060
1270,1.540021,1.685161,MGC,0.439534,0.491287,0.676891,0.827898
1271,1.456556,1.413147,HWC,0.650396,0.815467,0.947339,1.152375
1272,1.604763,1.727514,MGC,0.595697,0.518403,0.955952,0.895548
1274,1.866913,2.171455,MGC,0.436358,0.413007,0.814643,0.896826
1277,1.307443,1.235490,HWC,0.782135,1.132576,1.022596,1.399286
128,1.443602,1.520009,MGC,0.698954,0.551253,1.009011,0.837910
1280,1.369989,1.523392,MGC,0.820458,0.677720,1.124018,1.032434
1281,1.610740,1.708785,MGC,0.337890,0.292913,0.544254,0.500526
1282,1.254798,1.262716,MGC,0.869111,1.064598,1.090559,1.344285
1284,1.379232,1.406433,MGC,0.776895,0.781100,1.071517,1.098564
1285,1.417862,2.520492,MGC,0.795827,0.092286,1.128373,0.232606
1286,1.322888,1.547413,MGC,0.785115,0.506321,1.038619,0.783488
1288,1.836427,2.190542,MGC,0.343725,0.217100,0.631226,0.475568
129,1.301483,2.167878,MGC,0.748066,0.366154,0.973595,0.793777
1290,1.665159,2.237176,MGC,0.591953,0.331527,0.985696,0.741684
1294,1.687841,1.731506,MGC,0.528368,0.527231,0.891801,0.912904
1296,1.480849,1.335941,HWC,0.538750,0.798841,0.797807,1.067205
1297,1.383613,1.265745,HWC,0.724932,1.090491,1.003025,1.380284
1299,1.273533,1.344328,MGC,0.612369,0.959564,0.779872,1.289969
130,1.855138,1.900928,MGC,0.467506,0.459451,0.867289,0.873382
1300,1.516714,1.765684,MGC,0.518395,0.522053,0.786256,0.921781
1302,1.353087,1.347788,HWC,0.890365,1.103676,1.204741,1.487522
1303,1.540588,1.726012,MGC,0.581682,0.419307,0.896132,0.723729
1304,1.498283,1.792019,MGC,0.544773,0.387654,0.816224,0.694684
1305,1.721554,1.879102,MGC,0.404008,0.403337,0.695521,0.757912
1306,1.343062,1.758789,MGC,0.595783,0.439836,0.800173,0.773579
1307,1.817775,1.770059,HWC,0.536701,0.570944,0.975602,1.010605
1308,1.636986,2.283176,MGC,0.482993,0.330998,0.790652,0.755727
1309,1.460338,1.451736,HWC,0.962410,1.174481,1.405445,1.705036
131,1.263226,1.310715,MGC,1.003862,0.893435,1.268105,1.171038
1311,1.417123,1.486072,MGC,0.643358,0.755679,0.911717,1.122993
1313,1.315767,1.766186,MGC,0.790762,0.540339,1.040458,0.954340
1314,1.259973,1.643852,MGC,1.118700,0.534879,1.409532,0.879262
1315,1.556141,1.803621,MGC,0.575107,0.435154,0.894948,0.784853
1317,1.358621,1.450322,MGC,1.017369,0.920844,1.382219,1.335520
1318,1.376921,1.743700,MGC,0.757652,0.626575,1.043227,1.092558
1319,1.322120,1.342525,MGC,0.808860,0.890369,1.069409,1.195343
132,1.484417,1.428789,HWC,0.518355,0.655096,0.769456,0.935995
1320,1.405118,1.528220,MGC,0.672779,0.498808,0.945334,0.762289
1322,1.488509,1.432164,HWC,0.577527,0.723619,0.859654,1.036341
1323,1.384940,1.400835,MGC,0.843222,0.953314,1.167812,1.335436
1324,1.635371,2.122623,MGC,0.535754,0.330254,0.876156,0.701006
1325,1.548116,1.667692,MGC,0.500704,0.396097,0.775149,0.660568
1327,1.236913,1.226727,HWC,1.128826,1.551576,1.396260,1.903360
1328,1.502840,1.491452,HWC,0.538282,0.902901,0.808952,1.346632
1329,1.561417,1.630988,MGC,0.647060,0.593980,1.010331,0.968775
133,1.568399,1.687308,MGC,0.523418,0.515728,0.820928,0.870191
1334,1.646235,1.651549,MGC,0.373727,0.496354,0.615242,0.819754
1335,1.565074,1.618296,MGC,0.462386,0.495691,0.723669,0.802175
1336,1.460140,1.520033,MGC,0.677054,0.657011,0.988593,0.998679
1338,1.390691,1.328888,HWC,0.746481,1.003766,1.038125,1.333893
1339,1.559400,1.604500,MGC,0.729966,0.648070,1.138308,1.039828
134,1.427756,1.428620,MGC,0.707882,0.693845,1.010683,0.991240
1340,1.396683,1.428153,MGC,0.704833,1.048213,0.984428,1.497009
1345,1.405942,1.498351,MGC,0.770939,0.960357,1.083895,1.438951
1347,1.558457,2.364211,MGC,0.590811,0.238357,0.920754,0.563526
1348,1.638315,1.468303,HWC,0.422500,1.106843,0.692188,1.625181
1349,1.284260,1.626862,MGC,0.844376,0.514315,1.084398,0.836719
135,1.190677,1.464255,MGC,1.425799,0.924761,1.697666,1.354085
1350,1.418954,1.997685,MGC,0.759586,0.322749,1.077817,0.644751
1351,1.477547,1.951326,MGC,0.594162,0.319332,0.877902,0.623121
1352,1.346071,1.373542,MGC,0.858547,0.957697,1.155665,1.315437
1353,1.530427,1.504018,HWC,0.491204,0.538952,0.751752,0.810594
1354,1.514715,1.495472,HWC,0.620629,0.711572,0.940076,1.064135
1356,1.667955,1.362513,HWC,0.537704,1.042565,0.896867,1.420508
1357,1.430221,4.228827,MGC,0.916489,0.062477,1.310782,0.264203
1359,1.726629,2.082279,MGC,0.446027,0.303757,0.770123,0.632506
136,1.332603,1.326152,HWC,0.672705,0.908725,0.896448,1.205107
1360,1.585340,1.803707,MGC,0.639567,0.436849,1.013931,0.787947
1361,1.835189,1.970232,MGC,0.499608,0.426772,0.916875,0.840840
1363,1.366675,1.511897,MGC,0.792329,0.680786,1.082856,1.029278
1364,1.583465,1.538743,HWC,0.471390,0.782486,0.746430,1.204045
1367,1.435801,1.464401,MGC,0.825835,0.738758,1.185735,1.081839
1368,1.405711,2.133923,MGC,0.565232,0.227555,0.794553,0.485586
1371,1.516861,1.680851,MGC,0.788720,0.742986,1.196379,1.248849
1372,1.356853,1.781801,MGC,0.787515,0.389493,1.068543,0.693999
1373,1.598125,1.478242,HWC,0.522352,0.651941,0.834784,0.963726
1375,1.351874,1.251195,HWC,0.498762,1.051242,0.674264,1.315309
1378,1.502395,1.393430,HWC,0.557355,0.949593,0.837368,1.323190
138,1.400434,1.442298,MGC,0.843620,0.908857,1.181435,1.310842
1380,1.493560,1.500612,MGC,0.473522,0.570927,0.707234,0.856740
1381,1.571662,1.761835,MGC,0.344108,0.503673,0.540821,0.887389
1382,1.337816,1.339621,MGC,0.778010,0.904687,1.040835,1.211938
1383,3.856612,4.462221,MGC,0.107402,0.088523,0.414206,0.395007
1384,1.310469,5.825312,MGC,0.664558,0.104235,0.870883,0.607200
1388,1.322832,1.571649,MGC,0.699275,0.421274,0.925024,0.662094
1389,1.341204,1.290347,HWC,0.623201,0.927524,0.835839,1.196827
1391,1.754597,1.852563,MGC,0.385577,0.390193,0.676532,0.722857
1392,1.496948,1.592448,MGC,0.439220,0.375618,0.657489,0.598152
1393,1.243424,1.389181,MGC,0.687323,0.612888,0.854635,0.851413
1394,1.625996,1.934858,MGC,0.465158,0.797839,0.756344,1.543705
1395,1.128488,1.215733,MGC,1.015985,0.681179,1.146527,0.828132
1399,1.537647,1.525804,HWC,0.496195,0.528565,0.762973,0.806487
140,1.430209,1.543311,MGC,0.814542,0.914840,1.164965,1.411882
1400,1.596752,2.165806,MGC,0.482687,0.285922,0.770731,0.619252
1401,1.608661,1.641410,MGC,0.458946,0.656474,0.738289,1.077542
1402,1.565636,1.861828,MGC,0.429765,0.374090,0.672855,0.696492
1404,1.391709,1.398657,MGC,0.761456,0.727524,1.059724,1.017556
1405,1.435732,1.775412,MGC,0.520405,0.525909,0.747161,0.933706
1406,1.418747,1.596022,MGC,0.619817,0.484293,0.879363,0.772942
1407,1.487796,1.453308,HWC,0.727263,0.895478,1.082019,1.301406
1408,1.271608,1.339278,MGC,1.392479,1.396560,1.770688,1.870381
1410,1.521164,1.538372,MGC,0.534081,0.665036,0.812425,1.023073
1411,1.588871,1.621520,MGC,0.527599,0.564649,0.838287,0.915590
1413,1.452806,2.230089,MGC,0.604261,0.256587,0.877874,0.572213
1414,1.468225,1.430144,HWC,0.898262,0.971212,1.318850,1.388973
1415,1.379649,1.441300,MGC,0.631731,0.552145,0.871567,0.795806
1417,1.548016,1.660531,MGC,0.556548,0.485781,0.861545,0.806654
1418,1.423253,2.516876,MGC,0.701798,0.158247,0.998835,0.398289
1419,1.576852,1.646456,MGC,0.609192,0.750478,0.960606,1.235629
142,1.592132,1.672920,MGC,0.438440,0.497830,0.698054,0.832830
1421,1.357389,1.546198,MGC,0.728943,0.684241,0.989459,1.057972
1422,1.518386,1.682365,MGC,0.720820,0.768185,1.094483,1.292367
1423,1.643735,2.467906,MGC,0.419454,0.175281,0.689472,0.432577
1428,2.148819,2.576921,MGC,0.390808,0.232350,0.839775,0.598748
1429,1.317669,1.418998,MGC,0.548283,0.557483,0.722455,0.791067
1435,1.373960,1.432619,MGC,0.716413,0.723755,0.984323,1.036866
1438,1.563759,2.111736,MGC,0.454552,0.271148,0.710810,0.572593
1441,1.282472,1.259409,HWC,1.121102,1.170487,1.437782,1.474122
1442,1.350120,2.126400,MGC,0.672172,0.192137,0.907513,0.408561
1444,1.322456,1.806689,MGC,0.699264,0.351129,0.924745,0.634381
1445,1.405708,1.686342,MGC,0.668428,0.552457,0.939614,0.931632
1448,2.293160,2.354937,MGC,0.278039,0.271990,0.637587,0.640518
1449,1.714937,1.727140,MGC,0.523850,0.614276,0.898369,1.060942
145,1.600043,1.693990,MGC,0.471139,0.554488,0.753843,0.939297
1450,1.796734,1.766133,HWC,0.440620,0.496048,0.791676,0.876087
1451,1.251994,3.101198,MGC,1.100768,0.127212,1.378155,0.394509
1452,1.430680,1.597643,MGC,0.861444,0.697271,1.232451,1.113990
1453,1.500565,1.787272,MGC,0.562910,0.475543,0.844682,0.849925
1456,1.753106,2.133321,MGC,0.401990,0.440904,0.704731,0.940591
1457,1.499563,1.635782,MGC,0.491372,0.481344,0.736844,0.787374
1458,1.361585,1.615670,MGC,0.829827,0.628810,1.129880,1.015949
1460,1.657265,2.032092,MGC,0.372502,0.232469,0.617334,0.472399
1465,1.568565,2.158188,MGC,0.676463,0.273362,1.061076,0.589967
1466,1.500363,1.506834,MGC,0.796403,0.740100,1.194893,1.115208
1467,1.522087,1.727447,MGC,0.665981,0.591968,1.013682,1.022594
1468,1.346105,1.852096,MGC,0.826659,0.533786,1.112770,0.988623
1469,1.381912,1.526549,MGC,0.405639,0.349690,0.560557,0.533819
1470,1.897443,1.988528,MGC,0.310506,0.396603,0.589167,0.788656
1471,1.494804,1.589829,MGC,0.502314,0.516959,0.750861,0.821877
1472,1.432732,2.203746,MGC,0.772487,0.256150,1.106766,0.564489
1473,1.565532,2.391419,MGC,0.457423,0.229632,0.716110,0.549146
1476,1.715221,4.316300,MGC,0.381098,0.078143,0.653667,0.337290
1478,1.270483,1.382122,MGC,1.042238,0.926915,1.324145,1.281109
1479,1.804167,1.972795,MGC,0.323211,0.303151,0.583126,0.598055
148,1.354992,1.556872,MGC,0.681286,0.792755,0.923137,1.234218
1480,1.391614,2.977271,MGC,0.688334,0.103260,0.957895,0.307432
1481,1.398920,1.456060,MGC,0.668985,0.577320,0.935856,0.840613
1482,1.369701,1.296676,HWC,0.776185,1.123681,1.063141,1.457050
1484,1.508513,1.512642,MGC,0.434450,0.455718,0.655373,0.689338
1485,1.363412,1.396253,MGC,0.733287,0.998332,0.999772,1.393924
1486,1.553130,1.727247,MGC,0.464833,0.375769,0.721947,0.649045
1487,1.740174,2.354755,MGC,0.546567,0.212483,0.951122,0.500344
1488,1.785214,1.881495,MGC,0.297597,0.327239,0.531274,0.615699
1489,1.440343,1.569090,MGC,0.578857,0.530483,0.833753,0.832375
1490,1.719031,1.600322,HWC,0.482439,0.540336,0.829328,0.864712
1492,1.493112,1.800346,MGC,0.464715,0.391761,0.693872,0.705305
1493,1.447595,1.731602,MGC,0.550638,0.403950,0.797101,0.699481
1494,1.321800,2.632080,MGC,0.732507,0.171555,0.968228,0.451546
1496,1.429292,1.328341,HWC,0.742050,1.275396,1.060606,1.694160
150,1.572857,1.731763,MGC,0.495318,0.371239,0.779064,0.642898
1502,1.402955,1.539115,MGC,0.543902,0.509928,0.763070,0.784838
1504,1.536445,1.756172,MGC,0.602687,0.438854,0.925996,0.770702
1505,1.299347,1.741334,MGC,1.139329,0.679324,1.480384,1.182930
1506,1.525065,1.467727,HWC,0.531099,0.651415,0.809961,0.956099
1508,1.514668,1.723637,MGC,0.755996,0.660323,1.145083,1.138156
1510,1.481074,1.545396,MGC,0.757882,0.815779,1.122479,1.260701
1511,1.371219,1.611589,MGC,0.962126,0.609483,1.319286,0.982236
1513,1.671382,1.503335,HWC,0.553263,0.827415,0.924715,1.243881
1514,1.816808,2.899870,MGC,0.378499,0.194914,0.687660,0.565225
1515,1.297017,1.483850,MGC,0.872313,0.614208,1.131404,0.911392
1516,1.474595,1.885658,MGC,0.931106,0.629003,1.373004,1.186085
1517,1.281585,1.571813,MGC,0.934773,0.530459,1.197991,0.833782
1518,1.341784,1.589396,MGC,0.777996,0.527239,1.043902,0.837992
152,1.324621,1.485628,MGC,0.776631,0.563604,1.028742,0.837306
1520,1.622035,1.904763,MGC,0.572955,0.466158,0.929354,0.887920
1521,1.424086,3.360799,MGC,0.550399,0.093686,0.783815,0.314860
1522,1.464060,1.474449,MGC,0.620533,0.648216,0.908498,0.955761
1526,1.363793,1.554490,MGC,0.639192,0.594327,0.871725,0.923876
1527,1.219728,1.255982,MGC,0.812892,0.998023,0.991507,1.253499
1529,1.882753,2.005707,MGC,0.327415,0.373274,0.616442,0.748679
153,2.487473,2.639834,MGC,0.186882,0.190336,0.464865,0.502454
1530,1.388457,1.458409,MGC,0.596125,0.768585,0.827693,1.120910
1531,1.420477,1.683593,MGC,0.652571,0.417247,0.926962,0.702475
1532,1.369002,1.654846,MGC,0.659443,0.451183,0.902779,0.746638
1534,1.599591,1.697278,MGC,0.471965,0.424556,0.754950,0.720590
1535,1.357585,1.355007,HWC,0.631868,0.961086,0.857815,1.302278
1536,1.424717,2.361786,MGC,0.777860,0.374146,1.108230,0.883654
1537,1.453600,1.315965,HWC,0.589575,0.871752,0.857007,1.147195
1538,1.659377,2.005850,MGC,0.422325,0.284485,0.700796,0.570635
1539,1.456185,1.460710,MGC,0.771565,0.745178,1.123542,1.088490
1541,1.453631,2.990063,MGC,0.563131,0.056510,0.818585,0.168968
1543,1.614720,1.718357,MGC,0.523398,0.482248,0.845142,0.828675
1544,2.001794,1.548755,HWC,0.479381,0.810113,0.959622,1.254667
1547,1.325407,1.571083,MGC,1.021167,0.763812,1.353463,1.200012
1548,1.288192,1.851171,MGC,0.890074,0.320645,1.146586,0.593568
1549,1.360077,1.657460,MGC,0.826979,0.746006,1.124755,1.236476
155,1.502996,2.281326,MGC,0.541214,0.305958,0.813443,0.697990
1552,1.740475,1.892171,MGC,0.324814,0.524897,0.565330,0.993195
1556,1.285700,2.079023,MGC,0.796186,0.181148,1.023657,0.376610
156,1.546840,1.853354,MGC,0.646467,0.583481,0.999981,1.081398
1561,1.299327,1.577075,MGC,0.986695,0.663688,1.282039,1.046687
1562,1.286352,1.625075,MGC,0.887447,0.634716,1.141569,1.031461
1564,1.289669,1.520700,MGC,0.936819,0.827430,1.208187,1.258272
1569,1.325175,1.370641,MGC,0.849976,1.271272,1.126367,1.742457
1570,1.423811,1.805079,MGC,0.551031,0.394041,0.784564,0.711275
1571,1.538955,1.772547,MGC,0.615339,0.509929,0.946978,0.903872
1574,1.342119,1.591682,MGC,0.684504,0.533359,0.918686,0.848938
1575,1.480429,1.889752,MGC,0.606294,0.312143,0.897575,0.589874
1576,1.400559,1.750858,MGC,0.911599,0.632431,1.276749,1.107296
1577,1.312862,1.394754,MGC,0.934073,0.895270,1.226308,1.248681
1578,1.321475,1.559604,MGC,0.776987,0.533212,1.026769,0.831600
158,1.689524,4.296334,MGC,0.372014,0.083958,0.628527,0.360713
1580,1.393023,1.681229,MGC,0.668510,0.698410,0.931250,1.174188
1583,1.343949,1.326719,HWC,0.890788,1.191057,1.197174,1.580197
1584,1.428611,1.711795,MGC,0.567808,0.479229,0.811177,0.820342
1587,1.691151,2.070269,MGC,0.381610,0.391684,0.645360,0.810891
1589,1.629661,2.240701,MGC,0.511505,0.317913,0.833580,0.712348
1590,1.506534,1.609260,MGC,0.497526,0.627661,0.749540,1.010070
1591,1.835910,3.944120,MGC,0.404383,0.097652,0.742411,0.385151
1593,1.679422,1.890032,MGC,0.289787,0.253052,0.486675,0.478276
1595,1.350321,1.385541,MGC,0.653554,1.081396,0.882508,1.498320
1596,1.417196,1.648554,MGC,0.721206,0.459931,1.022090,0.758221
1597,1.415725,1.436735,MGC,0.706643,0.753649,1.000413,1.082794
1599,1.440461,1.954387,MGC,0.678211,0.478928,0.976936,0.936011
16,1.747278,1.811060,MGC,0.506163,0.447883,0.884407,0.811142
1600,1.291919,1.406522,MGC,0.826232,0.793026,1.067425,1.115409
1601,1.295146,1.540229,MGC,0.947992,0.717343,1.227788,1.104873
1603,1.493056,1.474533,HWC,0.670721,0.943420,1.001424,1.391104
1606,1.497278,2.152357,MGC,0.585500,0.354575,0.876656,0.763171
1608,1.555061,1.791601,MGC,0.428763,0.422971,0.666753,0.757795
1615,1.249126,2.209117,MGC,0.890764,0.116440,1.112676,0.257229
1616,1.374183,1.681521,MGC,0.633512,0.486779,0.870562,0.818530
1617,2.246097,2.617934,MGC,0.299446,0.209063,0.672585,0.547312
1618,1.319406,1.583613,MGC,0.525417,0.488229,0.693238,0.773167
162,1.786998,1.782627,HWC,0.400007,0.441642,0.714812,0.787282
1620,1.386885,1.259602,HWC,0.781660,1.107899,1.084072,1.395512
1621,1.290391,1.326473,MGC,0.907918,0.903117,1.171569,1.197960
1625,1.707348,2.357742,MGC,0.499312,0.243376,0.852500,0.573817
1626,1.356539,1.441414,MGC,0.827802,0.825281,1.122945,1.189572
1628,1.370031,1.519640,MGC,0.586469,0.769468,0.803480,1.169314
1629,1.276642,2.395793,MGC,0.732892,0.140795,0.935641,0.337316
163,1.694961,1.457983,HWC,0.403136,0.547261,0.683300,0.797897
1630,1.356961,1.444123,MGC,0.657804,0.760656,0.892614,1.098481
1631,1.363384,1.533941,MGC,0.730463,0.561495,0.995902,0.861300
1632,1.638824,1.789063,MGC,0.563014,0.602445,0.922680,1.077813
1633,1.636598,1.616121,HWC,0.398467,0.512182,0.652131,0.827747
1635,1.283010,1.620678,MGC,0.910457,0.545975,1.168126,0.884849
1636,1.687575,1.803985,MGC,0.453916,0.404816,0.766017,0.730282
1637,1.557813,1.595199,MGC,0.400951,0.358942,0.624606,0.572584
1638,1.633933,2.315126,MGC,0.442458,0.204458,0.722948,0.473347
1639,1.467735,1.656793,MGC,0.844643,0.697518,1.239712,1.155643
1642,1.638738,1.646196,MGC,0.556488,0.762216,0.911938,1.254757
1644,1.574379,4.479240,MGC,0.441716,0.097723,0.695428,0.437726
1646,1.779177,1.948376,MGC,0.459997,0.441651,0.818415,0.860501
1647,1.396884,1.495604,MGC,0.615485,0.763895,0.859761,1.142484
1648,1.532188,1.691099,MGC,0.495520,0.451370,0.759229,0.763312
1649,1.541028,1.701281,MGC,0.597724,0.526428,0.921109,0.895601
1650,1.240233,1.336597,MGC,1.070172,0.849357,1.327263,1.135248
1651,1.817183,1.936579,MGC,0.499708,0.532520,0.908060,1.031267
1653,1.303410,1.397228,MGC,0.666306,0.834064,0.868470,1.165377
1655,1.692199,1.909980,MGC,0.286471,0.414393,0.484765,0.791483
1656,1.410295,1.882176,MGC,0.646962,0.414835,0.912408,0.780793
166,1.369036,1.415177,MGC,0.754003,0.733373,1.032258,1.037853
1662,1.324082,1.404722,MGC,0.981929,0.861454,1.300155,1.210103
1663,1.290388,1.515341,MGC,0.916855,0.581476,1.183098,0.881134
1664,1.226466,1.396247,MGC,1.285120,0.699361,1.576156,0.976480
1668,1.410616,1.658861,MGC,0.828436,0.569190,1.168606,0.944207
1669,1.281067,1.302105,MGC,0.757259,0.988408,0.970099,1.287011
167,1.349513,1.346075,HWC,0.779363,0.912510,1.051761,1.228307
1670,1.431533,1.610569,MGC,0.797216,0.587448,1.141240,0.946125
1671,1.267146,1.341705,MGC,1.454251,1.304687,1.842748,1.750505
1673,1.358719,1.495612,MGC,0.874725,0.884260,1.188505,1.322509
1674,1.560635,1.621253,MGC,0.602346,0.433721,0.940043,0.703172
1676,1.606827,2.621328,MGC,0.515507,0.275463,0.828330,0.722078
1677,1.461306,2.445522,MGC,0.507407,0.229867,0.741476,0.562144
1678,1.450057,1.506372,MGC,0.564710,0.591872,0.818861,0.891579
1680,1.595062,3.004547,MGC,0.490708,0.144337,0.782709,0.433668
1681,1.734476,1.769259,MGC,0.502483,0.470607,0.871545,0.832625
1683,1.205652,1.429517,MGC,1.253667,0.730453,1.511486,1.044195
1684,2.172241,1.886763,HWC,0.146413,0.528211,0.318044,0.996609
1685,1.305728,1.426681,MGC,0.728964,1.024855,0.951829,1.462141
1686,1.490108,1.529802,MGC,0.511414,0.533480,0.762062,0.816119
1689,1.267596,1.328091,MGC,0.963344,1.081169,1.221132,1.435892
1691,1.694477,2.072448,MGC,0.282335,0.162306,0.478410,0.336371
1692,1.411617,1.908990,MGC,0.586040,0.292150,0.827264,0.557712
1693,1.385106,1.361513,HWC,0.656908,0.753975,0.909887,1.026547
1694,1.533850,1.967704,MGC,0.619417,0.299999,0.950093,0.590310
1695,1.596265,2.321551,MGC,0.341643,0.113401,0.545352,0.263267
1697,1.328164,1.380537,MGC,0.834387,0.996032,1.108203,1.375060
1699,1.426794,1.414591,HWC,0.793288,0.923603,1.131858,1.306520
17,2.091757,3.147382,MGC,0.248647,0.156454,0.520110,0.492419
1700,1.624242,1.441691,HWC,0.495972,0.692845,0.805580,0.998868
1701,1.255187,1.436421,MGC,0.811819,1.183659,1.018985,1.700232
1702,1.377122,1.705947,MGC,0.694694,0.586254,0.956678,1.000118
1703,1.356262,1.565877,MGC,0.804092,0.675940,1.090560,1.058439
1705,1.343835,1.531071,MGC,0.560533,0.490796,0.753264,0.751443
1706,1.981459,2.266911,MGC,0.335283,0.314413,0.664348,0.712747
1707,1.346301,1.604679,MGC,0.667024,0.537978,0.898015,0.863282
1708,1.740397,1.764204,MGC,0.468772,0.574171,0.815849,1.012955
1709,1.344000,1.375189,MGC,0.902754,0.826424,1.213301,1.136489
1717,1.369260,1.481036,MGC,0.810631,0.619938,1.109965,0.918150
1718,1.554159,1.478427,HWC,0.714913,0.726684,1.111089,1.074349
1719,1.363097,2.315319,MGC,0.744332,0.281522,1.014596,0.651812
1720,1.571690,2.158101,MGC,0.500390,0.247939,0.786458,0.535078
1721,1.360089,1.272486,HWC,0.658041,1.252505,0.894994,1.593795
1722,1.377529,1.280391,HWC,0.848518,1.279412,1.168858,1.638148
1723,1.270903,2.171798,MGC,0.855240,0.311785,1.086927,0.677135
1724,1.572050,1.794079,MGC,0.535502,0.449950,0.841836,0.807246
1726,1.589130,1.644863,MGC,0.514547,0.640541,0.817683,1.053601
1729,1.620606,1.594281,HWC,0.451668,0.612340,0.731976,0.976242
173,1.461295,2.191092,MGC,0.655265,0.151003,0.957535,0.330860
1732,1.428490,1.888514,MGC,0.846505,0.689149,1.209224,1.301467
1733,1.563500,1.533190,HWC,0.609661,0.652152,0.953205,0.999873
1734,1.344262,1.886742,MGC,0.605497,0.271285,0.813947,0.511845
1736,1.703826,2.511592,MGC,0.500336,0.179369,0.852485,0.450501
1737,1.665880,2.237873,MGC,0.522519,0.355644,0.870454,0.795886
1738,2.740060,2.808136,MGC,0.180461,0.180461,0.494474,0.506759
174,1.451057,1.897955,MGC,0.469886,0.276863,0.681831,0.525474
1740,1.459402,1.600426,MGC,0.663665,0.710994,0.968554,1.137893
1742,1.287679,2.404596,MGC,1.070681,0.122727,1.378693,0.295108
1746,1.341644,1.358289,MGC,0.787085,0.772821,1.055988,1.049714
1747,2.234734,3.203684,MGC,0.181987,0.090720,0.406692,0.290639
1748,4.646352,4.896574,MGC,0.049981,0.087557,0.232227,0.428727
1751,1.194488,1.176407,HWC,1.122558,1.200861,1.340881,1.412701
1753,1.486712,1.734486,MGC,0.644671,0.361224,0.958440,0.626538
1756,1.323367,1.322705,HWC,0.864029,1.075360,1.143427,1.422384
1757,1.503838,1.597370,MGC,0.571554,0.618360,0.859525,0.987750
1758,1.302896,1.455634,MGC,0.865296,0.663609,1.127391,0.965971
1759,1.595073,1.869839,MGC,0.505399,0.437091,0.806148,0.817290
176,1.640051,1.511223,HWC,0.517100,0.813053,0.848070,1.228704
1760,1.434878,2.320818,MGC,0.547487,0.160070,0.785576,0.371494
1761,1.559123,1.476490,HWC,0.656302,0.934505,1.023255,1.379787
1762,1.389869,1.415476,MGC,0.859959,0.976774,1.195231,1.382601
1763,1.611155,1.691445,MGC,0.450619,0.483015,0.726017,0.816994
1765,1.346696,1.561852,MGC,0.995893,0.756046,1.341164,1.180832
1766,1.550184,2.345915,MGC,0.425494,0.146345,0.659594,0.343313
1768,1.653802,1.679282,MGC,0.424388,0.396865,0.701853,0.666448
1769,1.602572,2.631306,MGC,0.474785,0.117586,0.760878,0.309404
177,1.411751,1.389005,HWC,0.693611,0.874344,0.979206,1.214469
1770,1.615313,2.037000,MGC,0.656092,0.286252,1.059795,0.583096
1771,1.348050,2.537306,MGC,0.589677,0.176283,0.794914,0.447285
1772,2.073200,1.651611,HWC,0.251944,0.500418,0.522331,0.826495
1773,1.298854,1.451717,MGC,0.807427,0.671511,1.048730,0.974844
1775,1.550536,1.418736,HWC,0.520864,0.877742,0.807619,1.245285
1777,1.319046,1.467260,MGC,0.864647,0.657307,1.140510,0.964440
1780,1.842079,1.977464,MGC,0.270538,0.199944,0.498351,0.395383
1782,1.504137,1.976137,MGC,0.522842,0.380483,0.786427,0.751887
1783,1.332433,1.836172,MGC,0.901347,0.386221,1.200985,0.709167
1786,1.529585,1.895163,MGC,0.602920,0.476185,0.922217,0.902449
1787,1.201541,1.190212,HWC,1.211723,1.365223,1.455935,1.624905
1788,1.538492,1.495899,HWC,0.757073,0.784539,1.164750,1.173591
1789,1.476903,1.958710,MGC,0.600748,0.420945,0.887246,0.824509
1790,1.523645,1.652340,MGC,0.375837,0.305623,0.572643,0.504993
1792,1.297320,1.636352,MGC,0.853778,0.464783,1.107623,0.760549
1795,1.568544,1.751235,MGC,0.497896,0.507377,0.780971,0.888536
1796,1.417977,1.381531,HWC,0.551669,0.769145,0.782255,1.062598
1797,1.494545,1.546113,MGC,0.679981,0.570716,1.016262,0.882392
1799,1.290936,1.823102,MGC,0.833581,0.402920,1.076099,0.734564
18,1.474864,1.805706,MGC,0.622382,0.484660,0.917929,0.875154
180,1.282494,1.856370,MGC,0.876244,0.420845,1.123777,0.781243
1800,1.680301,1.596524,HWC,0.441976,0.628677,0.742653,1.003697
1801,1.493734,2.617580,MGC,0.568262,0.101909,0.848832,0.266755
1802,1.583856,1.809162,MGC,0.397520,0.306603,0.629615,0.554695
1803,1.445677,1.526522,MGC,0.618640,0.688971,0.894353,1.051729
1804,1.340639,1.492972,MGC,0.971850,0.774602,1.302900,1.156459
1805,1.358066,1.630934,MGC,0.549066,0.385537,0.745668,0.628786
1806,1.488370,1.644860,MGC,0.661831,0.479727,0.985049,0.789083
1809,1.391223,1.388006,HWC,0.530286,0.749587,0.737746,1.040431
181,1.381231,1.648874,MGC,0.587255,0.426253,0.811136,0.702837
1811,1.671395,1.725066,MGC,0.336347,0.308380,0.562169,0.531976
1813,1.538846,1.523358,HWC,0.575292,0.575269,0.885286,0.876341
1814,1.345237,1.730526,MGC,0.519454,0.286462,0.698789,0.495729
1818,1.283793,1.323901,MGC,1.041829,1.309681,1.337492,1.733888
1819,1.433684,1.477595,MGC,0.578986,0.494702,0.830083,0.730969
182,1.491950,1.881958,MGC,0.701771,0.488076,1.047007,0.918539
1820,1.495746,1.556083,MGC,0.456166,0.475128,0.682308,0.739339
1821,1.624890,1.778735,MGC,0.632872,0.485558,1.028348,0.863680
1822,1.476478,1.558153,MGC,0.729346,0.783753,1.076863,1.221207
1823,1.403127,1.618186,MGC,0.693131,0.476176,0.972551,0.770540
1824,1.183940,1.571336,MGC,0.967943,0.387877,1.145986,0.609486
1826,1.488498,1.809516,MGC,0.773753,0.838463,1.151729,1.517212
1827,1.212732,1.431651,MGC,0.675355,0.436485,0.819024,0.624895
1828,1.326024,4.457646,MGC,0.722420,0.082267,0.957946,0.366716
183,1.366886,1.646982,MGC,0.716654,0.541345,0.979584,0.891586
1830,1.538291,1.472793,HWC,0.411461,0.752530,0.632947,1.108320
1831,1.561980,1.506373,HWC,0.540720,0.606908,0.844594,0.914229
1833,1.183820,1.607536,MGC,0.667109,0.271619,0.789737,0.436638
1834,1.270330,1.282319,MGC,0.980910,1.139677,1.246079,1.461430
1835,1.617675,1.477631,HWC,0.439794,0.761411,0.711444,1.125084
1836,1.530431,3.272597,MGC,0.529265,0.074604,0.810004,0.244147
1837,1.347554,1.397196,MGC,0.881566,0.857953,1.187959,1.198729
1838,1.305746,1.352663,MGC,0.886941,0.871843,1.158120,1.179309
1839,1.262475,1.218588,HWC,0.995227,1.352538,1.256450,1.648187
1842,1.420241,1.450134,MGC,1.057594,1.488358,1.502038,2.158318
1843,1.950157,2.518485,MGC,0.340892,0.330160,0.664793,0.831504
1844,1.871349,1.927553,MGC,0.378387,0.484271,0.708095,0.933458
1845,1.649476,1.527156,HWC,0.493506,0.765720,0.814027,1.169373
1848,1.241267,1.243142,MGC,1.262111,1.342625,1.566617,1.669074
1849,1.617053,1.932545,MGC,0.473104,0.329535,0.765035,0.636842
185,1.304603,1.453075,MGC,0.880083,0.739725,1.148159,1.074876
1851,1.373205,1.303353,HWC,0.752902,1.052236,1.033889,1.371436
1852,1.393069,1.376522,HWC,0.767045,0.635107,1.068547,0.874239
1853,1.706612,1.495897,HWC,0.493274,0.754972,0.841828,1.129361
1855,1.914305,2.770198,MGC,0.259529,0.125699,0.496817,0.348211
1856,1.347849,1.400474,MGC,0.783760,0.815446,1.056391,1.142011
1857,1.252418,1.298571,MGC,0.946613,0.941602,1.185555,1.222737
1858,1.347172,1.756112,MGC,0.734277,0.292593,0.989198,0.513825
186,1.746426,1.781486,MGC,0.391990,0.367954,0.684582,0.655505
1860,1.217014,1.208684,HWC,1.213231,1.415565,1.476519,1.710970
1863,1.651447,2.043734,MGC,0.488081,0.334033,0.806039,0.682674
1864,1.401495,1.531230,MGC,0.787430,0.699118,1.103579,1.070510
1865,1.468795,1.608486,MGC,0.625499,0.482897,0.918731,0.776733
1869,2.012822,1.812848,HWC,0.306881,0.458339,0.617698,0.830900
187,1.283379,1.512787,MGC,1.019998,0.806757,1.309045,1.220452
1871,1.771645,1.981268,MGC,0.589603,0.517933,1.044568,1.026164
1873,1.490565,1.629418,MGC,0.829788,0.761930,1.236853,1.241502
1875,2.028634,2.132784,MGC,0.275539,0.288619,0.558968,0.615563
1876,1.302420,1.576836,MGC,0.957073,0.480204,1.246511,0.757203
1878,1.773907,2.016980,MGC,0.507620,0.412522,0.900471,0.832048
1879,1.254650,1.400656,MGC,1.163434,1.011591,1.459703,1.416891
1880,1.542762,1.736428,MGC,0.357944,0.354229,0.552222,0.615092
1881,1.286319,1.361058,MGC,1.086331,0.869790,1.397368,1.183835
1884,1.385078,2.836838,MGC,0.458914,0.141207,0.635631,0.400582
1885,1.225961,1.398029,MGC,1.190297,0.991374,1.459257,1.385970
1886,1.362916,1.440911,MGC,0.927956,0.931377,1.264726,1.342031
1888,1.694396,1.611149,HWC,0.322249,0.491938,0.546017,0.792585
1889,1.346317,1.298175,HWC,0.909246,1.109296,1.224133,1.440060
189,1.718233,1.541015,HWC,0.447188,0.564796,0.768373,0.870360
1891,1.427405,1.489947,MGC,0.839900,0.809695,1.198878,1.206402
1892,1.563270,2.351695,MGC,0.452559,0.333650,0.707471,0.784642
1893,1.810521,2.010028,MGC,0.574260,0.527607,1.039710,1.060504
1895,1.375725,1.702823,MGC,0.847500,0.384552,1.165928,0.654824
1896,1.448854,1.756481,MGC,0.412998,0.304759,0.598374,0.535303
1897,1.532232,1.572518,MGC,0.479274,0.540167,0.734359,0.849422
1899,1.404427,1.348136,HWC,0.718138,0.911660,1.008573,1.229042
19,1.518142,1.598687,MGC,0.828525,0.850084,1.257818,1.359018
190,1.402498,1.627601,MGC,0.764118,0.594839,1.071674,0.968161
1900,1.415502,1.644763,MGC,0.595074,0.476806,0.842328,0.784233
1901,1.388721,2.121120,MGC,0.570082,0.330020,0.791684,0.700012
1902,1.434949,2.383820,MGC,0.613761,0.233831,0.880716,0.557412
1908,1.434078,1.467821,MGC,0.690915,0.710378,0.990826,1.042708
1909,1.334335,1.723231,MGC,0.796536,0.418681,1.062846,0.721484
1910,1.345431,2.470030,MGC,0.591149,0.306147,0.795350,0.756192
1911,1.452718,1.612726,MGC,0.905739,0.680484,1.315783,1.097435
1912,1.325486,1.400506,MGC,0.720012,0.648124,0.954365,0.907701
1914,1.656232,1.829415,MGC,0.402618,0.301415,0.666829,0.551413
1915,1.491410,1.651360,MGC,0.673262,0.557363,1.004110,0.920407
1917,1.381106,2.333634,MGC,0.623441,0.174588,0.861038,0.407425
1918,1.459391,1.827283,MGC,0.656428,0.372011,0.957985,0.679769
1919,1.608053,1.817250,MGC,0.491904,0.478772,0.791008,0.870049
192,1.551587,1.829690,MGC,0.499615,0.301213,0.775196,0.551127
1920,1.439899,1.467243,MGC,0.702230,0.928904,1.011140,1.362927
1921,1.533039,1.897243,MGC,0.586118,0.291068,0.898541,0.552227
1924,1.464492,1.717238,MGC,0.510920,0.372499,0.748239,0.639670
1925,1.260512,1.569057,MGC,0.986591,0.987732,1.243610,1.549808
1926,1.548110,1.700528,MGC,0.504219,0.551033,0.780587,0.937048
1929,1.401778,1.441142,MGC,0.267227,0.325906,0.374593,0.469676
1930,1.357860,1.514382,MGC,0.632253,0.470127,0.858510,0.711952
1932,1.404766,1.479534,MGC,0.755274,0.688078,1.060983,1.018034
1933,1.219732,1.204829,HWC,0.956425,1.665285,1.166582,2.006384
1935,1.331623,1.574783,MGC,0.884135,0.701348,1.177335,1.104471
1936,1.445399,2.016398,MGC,0.692607,0.301979,1.001094,0.608910
1938,1.524767,1.976899,MGC,0.590552,0.302286,0.900454,0.597589
1939,1.474227,1.528438,MGC,0.602722,1.020519,0.888549,1.559800
194,1.465961,1.558931,MGC,0.588721,0.592555,0.863042,0.923753
1941,1.478653,1.468142,HWC,0.679464,0.682251,1.004692,1.001642
1942,1.405642,1.436814,MGC,0.713349,0.781579,1.002713,1.122983
1943,1.840827,2.373577,MGC,0.361211,0.314124,0.664927,0.745596
1944,1.595136,3.712297,MGC,0.514770,0.099365,0.821129,0.368874
1946,1.328489,1.502524,MGC,0.625906,0.582956,0.831509,0.875905
1947,1.678803,1.916366,MGC,0.545325,0.278653,0.915494,0.534001
1948,1.228753,1.650814,MGC,0.850958,0.734358,1.045617,1.212288
1949,1.585067,1.559616,HWC,0.561389,0.621700,0.889840,0.969614
195,1.487036,1.579761,MGC,0.822067,0.848261,1.222444,1.340049
1950,1.228311,1.370582,MGC,0.963234,0.811899,1.183152,1.112774
1953,1.464840,1.494220,MGC,0.768084,0.879386,1.125121,1.313997
1954,1.370397,1.540109,MGC,0.763983,0.917658,1.046960,1.413294
1955,1.372148,2.254420,MGC,0.666255,0.327505,0.914200,0.738334
1957,1.224365,1.321774,MGC,1.003087,1.362875,1.228145,1.801412
1958,1.451430,1.807700,MGC,0.624301,0.457378,0.906130,0.826802
1959,1.412906,1.500881,MGC,0.745738,0.871978,1.053657,1.308735
1960,1.379699,1.515665,MGC,0.859649,1.151892,1.186056,1.745882
1961,1.597127,2.163174,MGC,0.536443,0.368218,0.856767,0.796519
1962,1.643913,3.995546,MGC,0.584587,0.080681,0.961009,0.322365
1963,1.384211,1.181638,HWC,0.695447,1.439090,0.962645,1.700483
1965,1.587191,1.347463,HWC,0.326412,0.770437,0.518078,1.038136
1967,1.414523,1.462848,MGC,0.483573,0.581959,0.684025,0.851318
1968,1.258447,1.350796,MGC,0.784833,0.635272,0.987671,0.858123
1970,1.734405,2.857340,MGC,0.368211,0.166962,0.638628,0.477068
1971,1.429816,1.925490,MGC,0.712409,0.434984,1.018614,0.837558
1973,1.425270,1.994402,MGC,0.641408,0.335851,0.914180,0.669823
1974,1.481804,2.612820,MGC,0.499118,0.305315,0.739595,0.797733
1975,1.395107,1.315279,HWC,0.612179,1.770309,0.854055,2.328449
1976,1.302847,1.794199,MGC,0.615885,0.349411,0.802404,0.626912
1977,1.268038,1.428632,MGC,1.038312,0.771161,1.316619,1.101705
1978,1.305267,1.551366,MGC,0.847882,0.546001,1.106712,0.847048
1980,1.389553,1.827905,MGC,0.760647,0.350120,1.056960,0.639987
1981,1.466399,1.832582,MGC,0.551060,0.340222,0.808074,0.623485
1982,1.335251,1.304808,HWC,0.987050,1.044644,1.317959,1.363060
1983,1.830222,2.135107,MGC,0.265970,0.407706,0.486784,0.870496
1984,1.364595,1.233873,HWC,0.559577,1.197646,0.763596,1.477744
1985,1.559693,1.906197,MGC,0.678822,0.440752,1.058754,0.840161
1987,1.463408,1.465323,MGC,0.706569,0.733149,1.033999,1.074299
1988,1.312414,1.325105,MGC,0.765659,1.001113,1.004861,1.326580
1990,1.378983,1.480263,MGC,0.657211,0.657928,0.906283,0.973906
1991,1.263372,1.345988,MGC,0.873293,0.921452,1.103294,1.240264
1992,1.449579,2.391678,MGC,0.454375,0.206700,0.658652,0.494359
1994,1.461260,1.510940,MGC,0.574568,0.537258,0.839593,0.811765
1996,1.822201,2.412859,MGC,0.359163,0.233042,0.654468,0.562297
1997,1.375393,2.528348,MGC,1.027817,0.171656,1.413653,0.434007
1998,1.453095,1.728210,MGC,0.508858,0.422584,0.739419,0.730314
20,1.823448,1.921274,MGC,0.351144,0.342099,0.640293,0.657265
200,1.416485,1.616132,MGC,0.546652,0.487891,0.774324,0.788497
2000,1.497446,1.492391,HWC,0.582779,0.622566,0.872680,0.929111
2001,1.480233,1.592993,MGC,0.561984,0.536767,0.831868,0.855067
2003,1.487044,1.622151,MGC,0.561495,0.471624,0.834968,0.765045
2005,1.385694,1.476377,MGC,0.793681,0.719720,1.099799,1.062579
2007,1.432832,1.577019,MGC,0.772534,0.679708,1.106912,1.071912
2008,1.467295,1.700256,MGC,0.557743,0.514858,0.818374,0.875390
201,1.335086,1.231541,HWC,0.451546,0.924282,0.602853,1.138291
2011,1.372087,1.467299,MGC,1.024032,1.026490,1.405062,1.506168
2012,1.418072,1.395338,HWC,0.719329,0.787818,1.020060,1.099273
2013,1.586904,1.653554,MGC,0.605793,0.587934,0.961336,0.972181
2016,1.229907,1.856529,MGC,1.055209,0.406288,1.297809,0.754285
2017,1.285575,1.285383,HWC,0.962139,0.928964,1.236901,1.194075
2019,1.204230,1.335877,MGC,1.429055,1.095563,1.720911,1.463538
2020,1.268450,1.531504,MGC,1.022123,0.603372,1.296512,0.924068
2021,1.284312,2.513548,MGC,0.754268,0.173075,0.968715,0.435033
2024,1.669994,2.002581,MGC,0.304709,0.425020,0.508861,0.851137
2025,1.377347,1.622292,MGC,0.461172,0.327337,0.635194,0.531036
2027,1.252942,2.209083,MGC,0.916789,0.181301,1.148684,0.400509
2029,1.458942,1.571013,MGC,0.566381,0.600035,0.826317,0.942663
203,1.474597,1.422712,HWC,0.727699,0.879467,1.073064,1.251228
2030,1.514392,1.930612,MGC,0.488393,0.359091,0.739619,0.693266
2031,1.381347,1.493872,MGC,0.578977,0.700705,0.799769,1.046764
2032,1.337410,1.443735,MGC,0.730802,0.655582,0.977382,0.946487
2033,1.306931,2.532917,MGC,0.894208,0.136362,1.168669,0.345393
2035,1.398947,2.830619,MGC,0.490176,0.163399,0.685730,0.462520
2037,1.401235,1.361503,HWC,0.788897,0.971904,1.105429,1.323250
204,1.289547,1.297244,MGC,0.845996,1.036193,1.090952,1.344195
2042,1.514717,1.377709,HWC,0.534507,0.885501,0.809627,1.219963
2043,1.617046,1.912623,MGC,0.307138,0.307598,0.496657,0.588318
2045,1.380650,1.883718,MGC,0.642873,0.337158,0.887583,0.635111
2047,1.285420,1.439767,MGC,0.818112,1.104366,1.051617,1.590030
2049,1.676043,2.284998,MGC,0.491283,0.342131,0.823412,0.781769
2050,1.468811,1.377052,HWC,0.604772,0.699833,0.888296,0.963706
2051,1.432794,1.663240,MGC,0.809269,0.534251,1.159516,0.888587
2052,1.949341,1.838342,HWC,0.331564,0.367778,0.646330,0.676102
2054,1.396562,1.590643,MGC,0.567688,0.488671,0.792812,0.777302
2055,1.526334,1.651293,MGC,0.639575,0.648189,0.976204,1.070350
2056,1.507751,1.432831,HWC,0.687087,0.965196,1.035955,1.382962
2057,1.359291,1.446925,MGC,0.709539,0.552905,0.964470,0.800012
2058,1.456025,1.836738,MGC,0.635646,0.455056,0.925516,0.835818
2059,1.413219,1.670308,MGC,0.729402,0.528375,1.030805,0.882550
2060,1.361416,1.518417,MGC,0.915094,0.663446,1.245823,1.007388
2061,1.335096,1.267500,HWC,0.738791,0.991459,0.986357,1.256674
2062,1.474570,1.754027,MGC,0.572390,0.424906,0.844029,0.745296
2063,1.627556,1.624132,HWC,0.537728,0.587215,0.875183,0.953715
2067,1.382753,1.775659,MGC,0.598963,0.354489,0.828218,0.629451
2070,2.231645,2.210145,HWC,0.256921,0.254359,0.573356,0.562171
2072,1.678702,1.958736,MGC,0.396053,0.347415,0.664855,0.680495
2073,1.546245,1.647764,MGC,0.555054,0.641574,0.858249,1.057163
2074,1.516204,1.506770,HWC,0.553848,0.553848,0.839747,0.834522
2076,1.623995,1.881439,MGC,0.521246,0.399086,0.846501,0.750855
2077,1.341263,1.327102,HWC,0.723264,0.865720,0.970088,1.148899
2078,1.572455,1.479868,HWC,0.484567,0.509781,0.761960,0.754409
2079,1.856108,1.634562,HWC,0.532743,0.732272,0.988829,1.196944
208,1.475117,1.470594,HWC,0.718304,0.919948,1.059582,1.352871
2081,1.764167,1.769149,MGC,0.512426,0.509023,0.904004,0.900537
2083,1.437582,1.627397,MGC,0.641930,0.704244,0.922827,1.146085
2088,1.842706,2.635646,MGC,0.429699,0.223738,0.791809,0.589693
209,1.496724,1.386115,HWC,0.450903,0.746337,0.674877,1.034509
2090,2.245481,1.611362,HWC,0.280188,0.820619,0.629156,1.322314
2091,1.617922,1.665573,MGC,0.600385,0.576843,0.971376,0.960774
2096,1.748122,2.239258,MGC,0.424176,0.313814,0.741512,0.702710
2097,1.542333,1.643273,MGC,0.443774,0.620525,0.684448,1.019693
2099,1.358947,1.837435,MGC,0.926148,0.360512,1.258587,0.662417
21,2.780318,5.345289,MGC,0.193556,0.082920,0.538146,0.443234
210,1.637519,1.427943,HWC,0.408311,0.849287,0.668617,1.212734
2100,1.308382,1.349164,MGC,0.828563,0.795704,1.084077,1.073536
2101,1.400265,1.570443,MGC,0.660135,0.549369,0.924364,0.862753
2102,1.697174,1.667609,HWC,0.372688,0.531133,0.632516,0.885723
2104,1.333213,1.398113,MGC,0.534755,0.958898,0.712942,1.340648
2107,1.683393,2.003852,MGC,0.349051,0.298494,0.587591,0.598138
2108,1.211052,1.605477,MGC,0.821147,0.133347,0.994452,0.214085
2109,1.847077,1.646737,HWC,0.379118,0.705134,0.700260,1.161171
211,1.362782,1.686456,MGC,0.693916,0.468520,0.945656,0.790138
2110,1.648668,1.665329,MGC,0.590189,0.555901,0.973025,0.925758
2111,1.582427,1.769189,MGC,0.545218,0.473201,0.862768,0.837182
2112,1.221570,1.685569,MGC,1.046065,0.412997,1.277841,0.696135
2113,1.275953,1.396247,MGC,1.043531,0.891643,1.331497,1.244953
2115,1.534131,1.590123,MGC,0.682741,0.846235,1.047415,1.345618
2116,1.337871,1.521948,MGC,0.561489,0.530927,0.751200,0.808044
2117,1.414313,1.718652,MGC,0.651286,1.176699,0.921123,2.022336
2120,1.476873,1.738283,MGC,0.555761,0.465904,0.820788,0.809872
2121,1.291197,1.475097,MGC,0.797366,0.619032,1.029556,0.913133
2122,1.250154,1.417265,MGC,0.907771,0.745365,1.134854,1.056381
2124,1.294616,1.908076,MGC,0.864687,0.191930,1.119438,0.366218
2125,1.685187,2.049158,MGC,0.385468,0.223562,0.649585,0.458114
2128,1.683324,1.787133,MGC,0.403980,0.391611,0.680029,0.699861
2129,1.573244,1.610692,MGC,0.518607,0.437966,0.815895,0.705429
213,1.465892,1.518070,MGC,0.519600,0.466245,0.761677,0.707792
2130,1.240582,1.415406,MGC,1.190070,0.890557,1.476380,1.260499
2132,2.079140,1.977187,HWC,0.296419,0.312882,0.616296,0.618625
2133,1.454620,1.322585,HWC,0.587825,0.797222,0.855061,1.054394
2134,1.506566,2.113613,MGC,0.605544,0.245969,0.912292,0.519884
2135,1.599483,1.806452,MGC,0.616578,0.558054,0.986206,1.008098
2136,1.660249,2.744918,MGC,0.379610,0.130616,0.630247,0.358530
2137,1.613962,2.162264,MGC,0.404894,0.201252,0.653484,0.435160
2139,1.234649,1.273906,MGC,0.973423,1.011954,1.201836,1.289135
2141,1.445235,1.715626,MGC,0.588822,0.408527,0.850986,0.700879
2145,1.727873,1.746658,MGC,0.558591,0.565134,0.965175,0.987096
2146,1.737159,1.970282,MGC,0.305253,0.272247,0.530272,0.536404
2148,1.339106,1.391448,MGC,0.810768,0.785660,1.085705,1.093205
2149,1.928383,1.902432,HWC,0.294314,0.492176,0.567550,0.936332
2152,1.754988,2.301242,MGC,0.386920,0.223529,0.679040,0.514394
2154,1.706415,1.781074,MGC,0.639836,0.940705,1.091826,1.675465
2155,1.517746,1.532003,MGC,0.531376,0.586636,0.806494,0.898728
2156,2.168522,2.390688,MGC,0.353093,0.332813,0.765691,0.795652
2159,1.438618,1.765936,MGC,0.755381,0.503723,1.086705,0.889542
2160,1.819936,2.510520,MGC,0.396088,0.220768,0.720855,0.554241
2161,1.375242,1.680288,MGC,0.794610,0.441385,1.092781,0.741653
2163,1.137887,1.288433,MGC,0.695751,0.738447,0.791686,0.951440
2164,1.302255,1.348773,MGC,0.926652,0.867361,1.206738,1.169874
2166,1.463035,1.729778,MGC,0.698196,0.506856,1.021485,0.876749
2167,1.460864,1.728616,MGC,0.782174,0.859060,1.142650,1.484985
2168,1.340816,1.535403,MGC,0.957084,0.911685,1.283274,1.399804
217,1.501796,1.357486,HWC,0.708127,1.040397,1.063463,1.412324
2171,1.479006,1.858949,MGC,0.713382,0.496478,1.055097,0.922927
2172,1.618732,1.753530,MGC,0.413203,0.451801,0.668865,0.792247
2174,1.321787,2.104099,MGC,0.715453,0.219928,0.945676,0.462750
2177,1.510674,1.518709,MGC,0.448575,0.653369,0.677650,0.992278
2178,1.223289,1.424988,MGC,1.143284,0.749691,1.398567,1.068301
2179,1.363434,1.714449,MGC,0.666217,0.315647,0.908343,0.541160
218,1.755034,1.968050,MGC,0.365856,0.315276,0.642090,0.620480
2181,1.292954,2.359074,MGC,0.996450,0.284039,1.288363,0.670069
2182,1.362473,1.546077,MGC,1.004137,0.793434,1.368110,1.226710
2183,1.451566,1.604119,MGC,0.579270,0.416089,0.840849,0.667456
2184,1.278501,3.012505,MGC,1.094348,0.149204,1.399125,0.449479
2186,1.761315,1.836114,MGC,0.391970,0.493794,0.690382,0.906662
2187,1.603914,1.917854,MGC,0.416747,0.306120,0.668427,0.587094
2188,1.411108,1.786516,MGC,0.589840,0.338067,0.832328,0.603963
2189,1.393327,1.381794,HWC,0.585092,0.774454,0.815225,1.070136
2191,1.604656,1.865586,MGC,0.483278,0.376111,0.775494,0.701667
2192,1.488856,1.964746,MGC,0.480791,0.197807,0.715829,0.388641
2194,1.546609,1.587460,MGC,0.433672,0.633907,0.670721,1.006302
2195,1.234712,1.342981,MGC,0.921414,0.767204,1.137681,1.030340
2196,1.200652,1.354258,MGC,0.912362,0.717739,1.095430,0.972004
2197,1.232912,1.478367,MGC,1.148223,0.735259,1.415657,1.086983
2198,1.846980,2.108787,MGC,0.427492,0.411125,0.789569,0.866976
220,1.547991,1.567384,MGC,0.577705,0.629174,0.894283,0.986158
2200,1.337265,1.519310,MGC,0.772571,0.801564,1.033133,1.217824
2201,1.644668,1.650160,MGC,0.572168,0.609979,0.941026,1.006562
2205,1.607165,1.609653,MGC,0.427971,0.448207,0.687820,0.721458
2207,1.505359,1.517440,MGC,0.499781,0.484205,0.752350,0.734752
2208,1.228141,1.439141,MGC,1.254438,0.838561,1.540626,1.206808
221,1.705019,1.826192,MGC,0.378872,0.493150,0.645983,0.900587
2211,1.340084,1.447341,MGC,0.715251,0.674679,0.958496,0.976490
2212,1.527908,1.890927,MGC,0.597474,0.357831,0.912885,0.676632
2213,1.269968,1.559263,MGC,0.816507,0.573316,1.036938,0.893950
2214,1.526428,2.143616,MGC,0.573983,0.273891,0.876143,0.587118
2215,1.502748,1.518116,MGC,0.807186,0.909386,1.212997,1.380554
2216,1.543256,3.321678,MGC,0.509556,0.079974,0.786376,0.265648
2217,1.518571,1.544646,MGC,0.598429,0.739876,0.908757,1.142847
222,1.545631,1.764689,MGC,0.392378,0.556154,0.606472,0.981439
2221,1.736833,1.509829,HWC,0.449742,0.825066,0.781126,1.245709
2224,1.732689,1.836930,MGC,0.341846,0.301317,0.592312,0.553499
2226,1.450794,1.535192,MGC,0.704829,0.858229,1.022562,1.317547
2228,1.424633,1.430633,MGC,0.781010,0.893562,1.112653,1.278360
2229,1.346931,1.545412,MGC,0.713694,0.483791,0.961297,0.747657
2231,1.344271,1.687738,MGC,0.921071,0.459518,1.238169,0.775546
2236,1.523872,1.644097,MGC,0.601266,0.672506,0.916252,1.105665
2240,1.940705,2.270143,MGC,0.341268,0.355585,0.662301,0.807228
2243,1.577008,1.517001,HWC,0.683136,0.687743,1.077312,1.043307
2244,1.437636,1.779912,MGC,0.712869,0.453576,1.024847,0.807326
2245,1.546438,1.482804,HWC,0.487030,0.671266,0.753161,0.995355
2246,1.630922,1.652969,MGC,0.559242,0.532294,0.912079,0.879865
2247,1.402122,1.977734,MGC,0.656065,0.397908,0.919883,0.786957
2248,1.265044,1.287998,MGC,0.752231,0.944685,0.951605,1.216752
2249,1.361225,1.281187,HWC,0.746919,1.164775,1.016726,1.492295
2250,1.755923,1.610626,HWC,0.520207,0.627154,0.913444,1.010111
2251,1.398973,1.413411,MGC,0.823308,0.883642,1.151785,1.248950
2253,1.351183,1.461297,MGC,1.040390,0.842619,1.405758,1.231316
2257,1.429566,1.603486,MGC,0.815846,0.591003,1.166305,0.947665
2258,1.420917,2.053026,MGC,0.639853,0.347905,0.909179,0.714259
2259,1.306228,2.201480,MGC,0.554102,0.246588,0.723784,0.542859
226,2.011752,1.898394,HWC,0.222867,0.374993,0.448353,0.711885
2260,1.289934,1.727100,MGC,1.032458,0.329877,1.331803,0.569731
2261,1.392812,1.349841,HWC,0.576257,0.707711,0.802617,0.955298
2263,1.578311,1.576479,HWC,0.443477,0.511961,0.699945,0.807096
2265,1.487725,1.452344,HWC,0.815148,0.896625,1.212717,1.302208
2266,1.290524,1.295778,MGC,0.677361,0.861886,0.874150,1.116814
2268,1.321915,1.263362,HWC,0.713165,0.962845,0.942744,1.216421
227,1.279511,3.963631,MGC,1.307486,0.062401,1.672944,0.247336
2270,1.475326,2.271547,MGC,0.617855,0.219927,0.911537,0.499575
2273,1.336261,1.587419,MGC,0.996390,0.633376,1.331437,1.005433
2274,1.309608,1.354377,MGC,0.887943,1.044241,1.162857,1.414296
2275,1.310274,1.240140,HWC,1.045836,1.122257,1.370332,1.391756
2276,1.760943,1.625589,HWC,0.478132,0.648615,0.841964,1.054381
228,1.529049,1.692208,MGC,0.512831,0.439904,0.784144,0.744410
2280,1.755525,1.837068,MGC,0.339563,0.295562,0.596111,0.542967
2281,1.309548,2.169646,MGC,1.004451,0.277217,1.315377,0.601464
2282,1.524687,2.146246,MGC,0.546111,0.255537,0.832649,0.548446
2284,1.642320,1.697348,MGC,0.451063,0.483710,0.740790,0.821024
2288,1.322672,1.681099,MGC,0.705490,0.498913,0.933132,0.838722
229,1.342091,1.468343,MGC,0.851336,0.736336,1.142571,1.081194
2290,1.478728,1.540808,MGC,0.568458,0.574707,0.840595,0.885513
2291,1.574131,1.754191,MGC,0.716354,0.432022,1.127636,0.757849
2292,1.401984,1.405355,MGC,0.791039,0.939426,1.109024,1.320227
2293,1.390628,1.420808,MGC,0.615314,0.660760,0.855673,0.938813
2295,1.724567,1.729173,MGC,0.510747,0.522115,0.880817,0.902827
2298,1.483541,2.081474,MGC,0.564440,0.300331,0.837369,0.625132
2299,1.209184,1.351166,MGC,1.239849,0.886933,1.499205,1.198394
23,1.465986,1.662987,MGC,0.551285,0.592268,0.808176,0.984933
230,1.877095,1.932496,MGC,0.449350,0.422610,0.843473,0.816693
2303,1.537224,4.138082,MGC,0.491822,0.068416,0.756040,0.283111
2305,1.453843,1.797151,MGC,0.814217,0.625830,1.183744,1.124711
2306,1.399977,1.547780,MGC,0.923786,0.778624,1.293279,1.205139
231,1.431866,2.150461,MGC,0.766207,0.384896,1.097105,0.827703
2310,1.857238,2.398795,MGC,0.377975,0.294817,0.701990,0.707205
2313,1.381522,1.608350,MGC,0.616974,0.428180,0.852364,0.688663
2314,1.681925,1.782160,MGC,0.427816,0.392391,0.719554,0.699304
2316,1.653617,1.740704,MGC,0.365796,0.394780,0.604887,0.687194
2317,1.261385,1.607928,MGC,0.958652,0.393629,1.209229,0.632928
2319,1.362402,1.535559,MGC,0.775962,0.696351,1.057172,1.069288
232,1.360476,1.331961,HWC,0.765772,0.881686,1.041814,1.174371
2320,1.464106,1.549772,MGC,0.626848,0.785329,0.917771,1.217080
2322,1.672096,1.949611,MGC,0.348387,0.273337,0.582536,0.532900
2324,1.664513,1.394181,HWC,0.466588,0.932061,0.776642,1.299462
2325,1.490887,1.966964,MGC,0.756191,0.255935,1.127396,0.503414
2326,1.600345,1.946063,MGC,0.443679,0.318345,0.710039,0.619519
2327,1.826617,1.944320,MGC,0.342580,0.231696,0.625763,0.450492
2330,1.566771,1.938412,MGC,0.530865,0.360561,0.831743,0.698916
2331,1.561158,1.557627,HWC,0.555316,0.596676,0.866936,0.929399
2332,1.584942,2.020806,MGC,0.527644,0.316118,0.836285,0.638812
2333,1.412801,1.456037,MGC,0.595823,0.645703,0.841780,0.940168
2334,1.497790,2.537242,MGC,0.370605,0.197350,0.555088,0.500725
2337,1.572915,1.483292,HWC,0.670532,1.283250,1.054690,1.903434
2338,1.246219,1.323274,MGC,0.937684,0.965649,1.168561,1.277818
2339,1.385877,1.689478,MGC,0.458582,0.516861,0.635539,0.873225
2340,1.372581,1.549503,MGC,0.883285,0.508584,1.212379,0.788053
2342,1.487260,1.487961,MGC,0.831373,1.338857,1.236467,1.992166
2343,1.439761,1.607440,MGC,0.626383,0.587909,0.901842,0.945028
2344,1.400536,1.594453,MGC,0.538154,0.486384,0.753705,0.775517
2346,1.721438,1.734057,MGC,0.389261,0.404167,0.670088,0.700848
2347,1.457465,2.138267,MGC,0.551060,0.222219,0.803151,0.475164
2348,1.673901,1.744555,MGC,0.438275,0.396828,0.733629,0.692289
2349,1.497145,1.295752,HWC,0.418836,1.007124,0.627058,1.304983
235,1.299462,1.351367,MGC,0.866263,0.785296,1.125676,1.061223
2350,1.364388,1.265743,HWC,0.834136,1.604184,1.138086,2.030484
2351,2.249053,2.366256,MGC,0.172671,0.230311,0.388347,0.544975
2353,1.378286,1.431868,MGC,0.718107,0.598870,0.989757,0.857503
2354,1.549747,1.608893,MGC,0.472205,0.666004,0.731799,1.071529
2356,1.992351,4.603047,MGC,0.419821,0.051051,0.836431,0.234992
2357,1.408103,1.565750,MGC,0.710751,0.630381,1.000811,0.987019
2358,1.410002,1.859495,MGC,0.488806,0.343735,0.689217,0.639174
2359,1.342841,1.421346,MGC,0.791370,0.806197,1.062684,1.145884
236,1.449139,1.485428,MGC,0.755513,0.724158,1.094843,1.075685
2360,1.531073,1.354982,HWC,0.588734,0.872901,0.901395,1.182765
2361,1.613121,1.643075,MGC,0.547139,0.675827,0.882602,1.110435
2362,1.598349,1.971744,MGC,0.501698,0.302157,0.801889,0.595776
2363,2.391556,2.933929,MGC,0.244019,0.202958,0.583585,0.595465
2367,1.434203,1.553408,MGC,0.648053,0.537808,0.929439,0.835436
2369,1.516701,1.600252,MGC,0.655721,0.647836,0.994533,1.036700
237,1.576164,1.516424,HWC,0.508064,0.761401,0.800793,1.154606
2371,1.625018,1.829605,MGC,0.490060,0.380499,0.796356,0.696164
2372,1.338467,1.650499,MGC,0.661551,0.427600,0.885464,0.705753
2374,1.550270,1.662895,MGC,0.423707,0.374870,0.656860,0.623369
2375,1.386276,1.688995,MGC,0.814888,0.492785,1.129659,0.832312
2376,1.339211,1.369650,MGC,0.873477,0.821068,1.169771,1.124575
2377,1.626925,1.787090,MGC,0.553480,0.466354,0.900471,0.833416
2378,1.476325,2.336945,MGC,0.721133,0.410749,1.064626,0.959898
2379,1.334340,1.574730,MGC,0.733967,0.770273,0.979362,1.212972
2380,1.505414,1.756718,MGC,0.832824,0.595450,1.253744,1.046038
2381,1.226042,1.275304,MGC,0.710697,0.703968,0.871345,0.897773
2382,1.365381,1.422061,MGC,0.761678,0.694422,1.039980,0.987510
2383,1.311024,1.277200,HWC,0.917930,1.026848,1.203429,1.311490
2384,1.301219,1.474487,MGC,1.107920,0.754585,1.441646,1.112626
2385,1.237637,1.269403,MGC,1.079757,1.334970,1.336348,1.694616
2388,1.200569,1.544433,MGC,1.029803,0.523137,1.236349,0.807950
239,1.326538,1.628728,MGC,0.859955,0.466875,1.140764,0.760413
2390,1.411832,1.550441,MGC,0.773952,0.546264,1.092691,0.846950
2391,1.277787,1.414701,MGC,0.748123,0.493275,0.955941,0.697836
2392,1.380556,1.499174,MGC,0.673243,0.615021,0.929450,0.922024
2393,1.246937,2.131930,MGC,1.087335,0.324484,1.355838,0.691778
2395,1.451244,1.818235,MGC,0.488202,0.347346,0.708500,0.631556
2399,1.403446,1.249852,HWC,0.666014,0.907607,0.934715,1.134374
24,1.473362,1.785233,MGC,0.779118,0.429396,1.147923,0.766573
2401,1.199964,1.227961,MGC,0.655334,0.826945,0.786378,1.015457
2402,1.329498,1.366882,MGC,0.806476,0.581664,1.072209,0.795066
2403,1.607749,1.972972,MGC,0.422936,0.263611,0.679976,0.520097
2404,1.455915,1.442958,HWC,0.632117,0.609177,0.920308,0.879017
2405,1.308664,1.531860,MGC,0.787071,0.544285,1.030011,0.833768
2407,1.294530,1.555934,MGC,0.948177,0.702713,1.227443,1.093375
2408,1.286011,1.933612,MGC,0.658396,0.214370,0.846705,0.414508
2409,1.322184,1.604444,MGC,0.654027,0.520835,0.864745,0.835651
2410,1.636635,1.845022,MGC,0.439227,0.262261,0.718854,0.483877
2411,1.402900,1.693072,MGC,0.761036,0.500262,1.067657,0.846980
2412,2.104048,2.240958,MGC,0.292257,0.278222,0.614923,0.623483
2413,1.262713,3.114235,MGC,0.889901,0.100349,1.123690,0.312510
2416,1.525645,1.567794,MGC,0.538472,0.734618,0.821517,1.151730
2418,1.276482,1.827493,MGC,0.785866,0.483094,1.003144,0.882850
2419,1.554399,1.499657,HWC,0.561032,0.685673,0.872067,1.028274
242,1.806606,1.670687,HWC,0.373630,0.577231,0.675002,0.964373
2422,1.434868,1.434767,HWC,0.738569,0.877710,1.059749,1.259310
2423,1.417602,1.681018,MGC,0.769547,0.622041,1.090912,1.045662
2424,1.738674,2.274374,MGC,0.420499,0.249173,0.731111,0.566713
2427,1.535390,1.514746,HWC,0.389326,0.713690,0.597768,1.081059
2428,2.629744,2.201189,HWC,0.196151,0.247676,0.515828,0.545182
2431,1.327920,1.576525,MGC,0.714211,0.545106,0.948416,0.859373
2435,1.502862,1.493002,HWC,0.621167,0.705678,0.933527,1.053579
2436,1.524896,1.474839,HWC,0.667642,0.749098,1.018084,1.104799
2439,1.654234,1.771931,MGC,0.571142,0.492494,0.944803,0.872665
244,1.813863,1.872940,MGC,0.322913,0.268514,0.585719,0.502911
2440,2.263705,2.120346,HWC,0.310660,0.382551,0.703242,0.811140
2441,1.702108,1.824518,MGC,0.441614,0.396985,0.751675,0.724307
2442,1.292465,1.439684,MGC,0.711555,0.611953,0.919660,0.881019
2443,1.363502,1.337098,HWC,0.998022,1.112637,1.360805,1.487705
2444,1.537708,1.531999,HWC,0.521284,0.593020,0.801582,0.908506
2445,1.302273,1.326939,MGC,0.987191,0.910400,1.285593,1.208045
2447,1.530434,1.653862,MGC,0.611431,0.476103,0.935754,0.787408
2448,1.455536,1.381556,HWC,0.587534,0.941245,0.855177,1.300383
2449,1.508197,1.686616,MGC,0.600371,0.516816,0.905478,0.871670
245,2.282602,2.923804,MGC,0.193283,0.131091,0.441188,0.383283
2451,1.285722,1.441067,MGC,0.881415,0.764504,1.133254,1.101702
2452,1.435537,1.559029,MGC,0.727188,0.729485,1.043906,1.137288
2454,1.231242,1.362527,MGC,1.106684,1.045580,1.362596,1.424630
2455,1.457822,1.705413,MGC,0.635690,0.775752,0.926723,1.322978
2456,1.428292,1.514048,MGC,0.816628,0.781513,1.166383,1.183248
2457,1.421470,1.833033,MGC,0.511210,0.491933,0.726670,0.901730
2458,1.322815,2.147616,MGC,0.682447,0.265179,0.902752,0.569502
2459,1.363848,1.379628,MGC,0.670126,1.148903,0.913950,1.585058
2460,1.399291,1.343494,HWC,0.670230,1.146537,0.937846,1.540366
2463,1.309584,1.458944,MGC,0.889824,0.662115,1.165299,0.965989
2466,1.295743,1.340006,MGC,0.923696,0.831736,1.196873,1.114532
2468,1.537059,1.618585,MGC,0.504446,0.658107,0.775363,1.065202
247,1.400550,1.783403,MGC,0.725394,0.379440,1.015951,0.676694
2470,1.403624,1.529040,MGC,0.568956,0.478512,0.798600,0.731664
2472,1.718094,1.691275,HWC,0.433412,0.600816,0.744643,1.016146
2473,1.309658,1.462960,MGC,0.865522,0.752688,1.133538,1.101152
2475,1.458833,1.535032,MGC,0.545257,0.818691,0.795439,1.256717
2476,1.329093,1.282517,HWC,0.661035,1.224505,0.878577,1.570449
2479,1.484157,1.479835,HWC,0.500389,0.565790,0.742657,0.837275
248,1.447115,1.779734,MGC,0.636837,0.384872,0.921576,0.684971
2480,1.436344,1.428086,HWC,0.569981,0.594306,0.818689,0.848720
2482,1.471707,2.105648,MGC,0.580224,0.181613,0.853920,0.382414
2484,1.629301,1.848100,MGC,0.343076,0.341263,0.558975,0.630688
2485,1.280327,1.289247,MGC,1.097406,1.110596,1.405039,1.431833
2487,1.354261,1.606763,MGC,0.675536,0.583427,0.914851,0.937429
2488,1.536403,1.416726,HWC,0.524049,1.022819,0.805150,1.449055
2489,1.647087,1.950160,MGC,0.529651,0.437379,0.872382,0.852959
249,1.489596,1.400553,HWC,0.635522,0.977168,0.946671,1.368576
2493,1.397812,1.313918,HWC,0.697532,0.914219,0.975019,1.201210
2496,1.366634,1.742726,MGC,0.748724,0.320021,1.023232,0.557710
2498,1.795465,1.558121,HWC,0.232734,0.509288,0.417865,0.793532
2499,1.596734,1.651588,MGC,0.569723,0.664614,0.909696,1.097669
25,1.496197,1.590970,MGC,0.761754,0.752766,1.139733,1.197628
250,1.441630,1.902235,MGC,0.682302,0.273635,0.983626,0.520518
2500,1.556597,1.412518,HWC,0.432827,0.764273,0.673737,1.079550
2501,1.281001,1.439292,MGC,0.883236,0.663127,1.131426,0.954434
2502,1.343194,1.438352,MGC,0.891445,0.854978,1.197383,1.229759
2503,1.280417,1.463091,MGC,0.870910,0.756573,1.115127,1.106935
2505,1.474660,1.489958,MGC,0.746371,0.767220,1.100643,1.143125
2507,1.591400,1.247831,HWC,0.428499,0.924280,0.681914,1.153346
2508,1.259386,1.229421,HWC,0.746693,0.903629,0.940375,1.110940
2509,1.330743,2.456373,MGC,0.725667,0.133540,0.965676,0.328024
251,1.505191,1.605837,MGC,0.448245,0.680038,0.674695,1.092029
2511,1.260766,1.284925,MGC,0.894575,0.894084,1.127850,1.148830
2512,1.532610,1.458828,HWC,0.608564,0.821056,0.932691,1.197779
2515,1.523365,1.813963,MGC,0.638805,0.402286,0.973134,0.729731
2517,1.275567,1.350671,MGC,1.064912,0.937116,1.358367,1.265735
2518,1.499935,1.655208,MGC,0.749657,0.688582,1.124437,1.139747
2519,1.289738,2.121313,MGC,0.768978,0.104580,0.991780,0.221846
2520,1.341537,1.522570,MGC,0.679486,0.534902,0.911556,0.814426
2521,1.431566,1.361666,HWC,0.811430,0.871740,1.161616,1.187019
2522,1.434261,3.414585,MGC,0.682946,0.081758,0.979523,0.279170
2526,1.607259,1.644808,MGC,0.612982,0.575271,0.985221,0.946210
2528,1.415714,1.602418,MGC,0.687709,0.680547,0.973600,1.090520
253,1.568394,1.705882,MGC,0.535475,0.547363,0.839836,0.933737
2531,1.291339,1.270592,HWC,1.098615,1.179130,1.418684,1.498194
2532,1.385058,1.938730,MGC,0.714210,0.338780,0.989222,0.656802
2534,1.581348,2.290665,MGC,0.501342,0.146697,0.792797,0.336034
2535,1.422568,1.488657,MGC,0.733302,0.988643,1.043171,1.471750
2538,1.384582,3.349922,MGC,0.700612,0.086208,0.970054,0.288791
2540,1.609808,1.509823,HWC,0.497077,0.863001,0.800199,1.302978
2541,1.453099,1.398370,HWC,0.546030,1.022091,0.793436,1.429262
2542,1.259013,2.077341,MGC,0.824600,0.264582,1.038182,0.549627
2543,1.437966,2.835946,MGC,0.539895,0.219193,0.776350,0.621620
2546,1.388444,1.952345,MGC,0.687152,0.178535,0.954072,0.348561
2547,1.401280,1.864602,MGC,0.677527,0.383343,0.949405,0.714783
2548,1.647738,1.580291,HWC,0.490275,0.688573,0.807844,1.088146
2549,1.761645,1.860799,MGC,0.653705,0.497342,1.151596,0.925454
255,1.448167,1.651224,MGC,0.749313,0.566819,1.085130,0.935945
2550,1.569530,1.494454,HWC,0.617854,0.653850,0.969740,0.977149
2552,1.599834,1.918549,MGC,0.610248,0.454233,0.976295,0.871468
2553,1.641344,2.172066,MGC,0.449630,0.337967,0.737998,0.734086
2554,1.674995,2.133698,MGC,0.587575,0.405672,0.984185,0.865581
2555,1.542980,1.498985,HWC,0.503110,0.821599,0.776289,1.231564
2556,1.277725,1.317378,MGC,1.252791,1.298863,1.600722,1.711094
2557,1.400301,1.530898,MGC,0.451698,0.380121,0.632513,0.581926
2558,1.390998,2.065752,MGC,0.869754,0.394671,1.209826,0.815293
256,1.569004,2.945188,MGC,0.661869,0.143191,1.038475,0.421724
2560,1.367597,1.516354,MGC,0.772952,0.789732,1.057088,1.197513
2561,1.543729,1.678514,MGC,0.584936,0.453449,0.902983,0.761120
2564,1.960050,1.845746,HWC,0.369979,0.401710,0.725178,0.741455
2565,1.777969,1.718411,HWC,0.432471,0.598917,0.768920,1.029185
2566,1.415619,1.489774,MGC,0.605764,0.680926,0.857531,1.014426
2567,1.274270,1.485510,MGC,1.178983,0.828006,1.502343,1.230011
2568,1.403628,1.393466,HWC,0.639096,0.669436,0.897052,0.932837
2571,1.378431,1.442544,MGC,0.745514,0.814524,1.027639,1.174987
2573,1.535324,1.575897,MGC,0.513135,0.455252,0.787829,0.717430
2575,1.473051,1.508379,MGC,0.732876,0.740860,1.079564,1.117497
2576,1.697765,1.770588,MGC,0.284753,0.278245,0.483444,0.492657
2578,1.567717,2.937286,MGC,0.337481,0.048529,0.529075,0.142544
2579,1.378042,2.507842,MGC,0.865270,0.180000,1.192378,0.451411
2580,1.617696,2.036513,MGC,0.602194,0.391435,0.974166,0.797163
2582,1.390621,1.651124,MGC,0.705115,0.344371,0.980548,0.568599
2583,1.378829,1.408963,MGC,0.923090,1.060095,1.272783,1.493635
2584,1.735845,1.743658,MGC,0.529802,0.518069,0.919654,0.903336
2585,1.522916,1.714672,MGC,0.410988,0.395324,0.625900,0.677850
2586,1.422068,1.750530,MGC,0.480931,0.366553,0.683916,0.641662
259,1.478193,2.543039,MGC,0.610035,0.180592,0.901750,0.459252
2590,1.550211,1.761143,MGC,0.513412,0.602017,0.795897,1.060238
2591,1.507145,1.592983,MGC,0.670030,0.600887,1.009832,0.957203
2592,1.680041,2.006316,MGC,0.554552,0.490643,0.931671,0.984384
2595,1.548817,1.184988,HWC,0.376422,1.538284,0.583010,1.822847
2596,1.601877,2.070968,MGC,0.441441,0.368795,0.707134,0.763763
2597,1.320332,1.793127,MGC,0.778117,0.472124,1.027374,0.846579
2598,1.224828,1.495049,MGC,0.647347,0.494584,0.792889,0.739428
2599,1.627800,1.506526,HWC,0.538806,0.651977,0.877069,0.982220
26,1.481274,2.074933,MGC,0.509196,0.375179,0.754259,0.778470
2600,1.264387,1.296764,MGC,1.200074,1.332158,1.517358,1.727495
2601,1.927858,1.715224,HWC,0.391445,0.783715,0.754651,1.344246
2603,1.607342,1.667214,MGC,0.609661,0.618434,0.979934,1.031062
2605,1.492582,1.595566,MGC,0.880048,0.647428,1.313543,1.033015
2607,1.342080,1.598370,MGC,0.704948,0.475411,0.946097,0.759882
2608,1.235323,1.519046,MGC,1.034671,0.448975,1.278152,0.682014
2609,1.291226,1.384323,MGC,0.913042,0.865520,1.178943,1.198160
261,1.332945,1.414369,MGC,0.937621,0.853699,1.249797,1.207446
2611,1.332877,1.344765,MGC,0.821296,0.907609,1.094687,1.220520
2612,1.796471,1.587524,HWC,0.358566,0.707827,0.644154,1.123693
2613,1.521423,1.509553,HWC,0.543757,0.655521,0.827285,0.989544
2614,1.697540,1.939860,MGC,0.456589,0.305665,0.775078,0.592948
2615,1.623488,1.772940,MGC,0.481812,0.416366,0.782216,0.738191
2618,1.417506,1.415834,HWC,0.587707,0.709813,0.833079,1.004977
2619,1.423940,1.505911,MGC,0.727594,0.828560,1.036050,1.247737
262,1.583815,1.708191,MGC,0.682426,0.636651,1.080837,1.087521
2620,1.351991,1.848513,MGC,0.883375,0.389075,1.194315,0.719211
2621,1.426296,1.461060,MGC,0.621180,0.619793,0.885986,0.905554
2623,1.620722,1.860903,MGC,0.607600,0.396014,0.984751,0.736943
2624,1.554523,1.590805,MGC,0.422752,0.448043,0.657178,0.712749
2625,1.463950,1.756933,MGC,0.665726,0.600860,0.974590,1.055670
2626,1.313316,1.254111,HWC,0.809683,1.134415,1.063370,1.422683
2628,1.726656,1.944232,MGC,0.493965,0.459803,0.852908,0.893964
2629,1.385593,1.617746,MGC,0.818934,0.549158,1.134710,0.888398
263,1.544069,1.936283,MGC,0.605825,0.444380,0.935436,0.860445
2630,1.409287,1.571386,MGC,0.747936,0.479395,1.054056,0.753315
2631,1.205658,1.359038,MGC,1.012840,0.868617,1.221138,1.180484
2632,1.401542,1.748150,MGC,0.578070,0.437439,0.810190,0.764709
2636,1.286617,1.407280,MGC,0.848743,0.790104,1.092006,1.111897
2637,1.543057,1.704653,MGC,0.613847,0.430908,0.947201,0.734548
2638,1.404421,1.335087,HWC,0.895277,0.982876,1.257345,1.312225
2639,1.529164,1.846612,MGC,0.618420,0.382621,0.945665,0.706552
264,1.457219,1.481427,MGC,0.749242,0.707311,1.091810,1.047829
2640,1.650192,1.712817,MGC,0.432765,0.473178,0.714146,0.810467
2641,1.577553,1.384695,HWC,0.586108,0.951027,0.924616,1.316882
2643,2.322817,2.370145,MGC,0.182790,0.174899,0.424588,0.414536
2644,1.730054,1.795199,MGC,0.360798,0.492111,0.624200,0.883437
2646,1.316489,1.417393,MGC,0.696008,0.913306,0.916287,1.294514
2647,1.341442,1.436063,MGC,0.906744,0.838205,1.216345,1.203714
2648,1.532555,1.788458,MGC,0.469383,0.296081,0.719355,0.529528
2649,1.301703,1.727710,MGC,1.366395,0.559535,1.778640,0.966714
265,1.380347,1.415257,MGC,0.748887,0.763943,1.033724,1.081176
2652,1.569013,1.615570,MGC,0.541256,0.535502,0.849237,0.865140
2653,1.552216,1.873148,MGC,0.485070,0.472109,0.752933,0.884330
2654,1.327454,1.631100,MGC,0.799147,0.499647,1.060831,0.814974
2655,1.410666,1.903231,MGC,0.668535,0.466786,0.943080,0.888401
2656,1.325674,1.423305,MGC,0.740380,0.602678,0.981503,0.857795
2657,1.545071,1.879880,MGC,0.591405,0.466682,0.913763,0.877307
2659,1.624565,2.377393,MGC,0.578386,0.353793,0.939626,0.841105
2662,1.575498,1.609647,MGC,0.431890,0.839296,0.680442,1.350970
2664,1.310602,1.274001,HWC,0.720101,0.915613,0.943767,1.166491
2665,1.578406,1.586504,MGC,0.460370,0.538000,0.726651,0.853539
2667,1.258212,1.479171,MGC,1.028457,0.768156,1.294016,1.136233
2669,1.721700,2.154408,MGC,0.309234,0.535246,0.532408,1.153139
2677,1.308127,3.075465,MGC,0.619014,0.071516,0.809749,0.219945
2679,2.009138,2.369593,MGC,0.241250,0.293582,0.484705,0.695670
268,1.630034,1.784351,MGC,0.445438,0.348078,0.726080,0.621093
2682,1.398849,1.991839,MGC,0.688117,0.291327,0.962572,0.580277
2683,1.439103,1.544671,MGC,0.618449,0.637924,0.890012,0.985383
2684,1.472087,1.771151,MGC,0.572822,0.449788,0.843243,0.796642
2685,1.528564,1.756686,MGC,0.605734,0.649904,0.925903,1.141678
2686,1.283281,2.035000,MGC,0.973181,0.272825,1.248865,0.555199
2687,1.744107,1.641553,HWC,0.526603,0.606592,0.918452,0.995753
2689,1.641557,1.576694,HWC,0.521640,0.671072,0.856302,1.058076
269,1.635165,2.428998,MGC,0.363438,0.204830,0.594282,0.497531
2690,2.058098,2.372321,MGC,0.214821,0.167549,0.442122,0.397481
2692,1.348725,1.475066,MGC,0.903488,0.870085,1.218557,1.283433
2693,1.883177,1.998544,MGC,0.367908,0.369654,0.692837,0.738769
2694,1.486843,1.577852,MGC,0.567241,0.595222,0.843399,0.939172
2696,1.376881,1.262523,HWC,0.706054,1.121667,0.972152,1.416130
2697,1.539034,1.508607,HWC,0.589544,0.651982,0.907328,0.983586
2699,1.375992,1.781398,MGC,0.658315,0.314388,0.905837,0.560050
27,1.525657,1.717724,MGC,0.587585,0.489195,0.896454,0.840302
2700,1.392909,1.557582,MGC,0.822595,0.641442,1.145800,0.999098
2701,1.434703,2.389613,MGC,0.643660,0.204024,0.923461,0.487537
2703,1.307178,1.226252,HWC,0.750032,0.875534,0.980425,1.073625
2706,1.499720,1.467238,HWC,0.892959,0.899763,1.339188,1.320166
2709,1.573378,1.896244,MGC,0.527905,0.373029,0.830594,0.707354
2716,1.499359,1.591957,MGC,0.702626,0.618204,1.053488,0.984155
2720,1.321620,1.252421,HWC,0.887136,1.572448,1.172457,1.969366
2723,1.722766,2.258655,MGC,0.493517,0.273553,0.850215,0.617861
2725,1.305585,1.491922,MGC,0.818757,0.555024,1.068958,0.828053
2726,1.864562,1.972241,MGC,0.320898,0.270344,0.598334,0.533184
2728,1.346072,1.435080,MGC,0.692395,0.678198,0.932014,0.973269
273,1.449790,1.652694,MGC,0.863888,0.616826,1.252456,1.019425
2730,1.494414,2.017532,MGC,0.626710,0.338714,0.936564,0.683367
2732,1.437547,1.533065,MGC,0.606895,0.552681,0.872440,0.847296
2734,1.595568,1.582756,HWC,0.480379,0.522007,0.766477,0.826210
2735,1.175471,1.385171,MGC,1.186244,0.758620,1.394395,1.050819
2736,1.721493,1.849121,MGC,0.408230,0.372526,0.702765,0.688846
2740,1.769908,1.732545,HWC,0.441890,0.530408,0.782106,0.918956
2742,1.517028,1.431121,HWC,0.674587,0.735763,1.023368,1.052967
2744,1.277124,1.381220,MGC,1.023109,0.733066,1.306637,1.012525
2745,1.300387,1.677688,MGC,0.945809,0.588313,1.229918,0.987006
2746,1.408548,1.547359,MGC,0.760460,0.531544,1.071144,0.822488
2748,1.444533,2.242064,MGC,0.561369,0.251585,0.810917,0.564070
275,1.334510,1.734404,MGC,0.642914,0.472052,0.857975,0.818728
2750,1.543086,2.047681,MGC,0.626773,0.460560,0.967164,0.943080
2751,1.625221,1.450477,HWC,0.567503,0.794949,0.922318,1.153056
2753,1.620984,1.558742,HWC,0.500198,0.652540,0.810812,1.017141
2754,1.337883,1.469892,MGC,0.798380,0.655906,1.068138,0.964111
2756,1.427427,1.618684,MGC,0.551898,0.466208,0.787794,0.754643
2757,1.358725,1.623003,MGC,0.671937,0.547993,0.912978,0.889394
2758,1.354251,1.314581,HWC,0.622107,0.735830,0.842489,0.967308
2759,1.498165,2.460873,MGC,0.530978,0.112045,0.795493,0.275729
276,1.291480,1.301618,MGC,0.990571,0.935750,1.279303,1.217989
2760,1.372058,1.438265,MGC,0.779860,0.877111,1.070014,1.261517
2761,1.381772,1.428435,MGC,0.768164,0.926496,1.061427,1.323439
2762,1.311506,1.304004,HWC,0.829646,1.247485,1.088086,1.626726
2764,1.324021,1.567876,MGC,0.507964,0.588002,0.672555,0.921914
2765,1.462548,2.218046,MGC,0.468905,0.178372,0.685797,0.395637
2766,1.288678,1.267795,HWC,1.147805,1.459091,1.479151,1.849829
2767,1.755491,1.921077,MGC,0.399150,0.396387,0.700704,0.761490
2768,1.690985,1.525555,HWC,0.560403,0.868494,0.947633,1.324935
2769,1.368766,1.733184,MGC,0.659916,0.157503,0.903270,0.272982
277,1.320937,1.391943,MGC,1.144044,0.643929,1.511209,0.896312
2771,1.348491,1.652873,MGC,0.560075,0.306389,0.755255,0.506423
2773,1.315105,1.480396,MGC,0.828376,0.836954,1.089402,1.239023
2774,1.516488,1.501538,HWC,0.660227,0.618503,1.001226,0.928705
2775,1.431945,1.823230,MGC,0.709656,0.291902,1.016188,0.532204
2777,1.630743,1.465034,HWC,0.566575,0.699904,0.923938,1.025383
2782,1.315891,1.519297,MGC,1.097106,1.000698,1.443672,1.520357
2784,1.433145,1.594282,MGC,0.688167,0.621371,0.986243,0.990641
2785,1.318410,1.512885,MGC,0.708190,0.547475,0.933685,0.828266
2786,1.389291,1.595999,MGC,0.908449,0.626920,1.262100,1.000564
2787,1.461612,1.884750,MGC,0.711993,0.389389,1.040657,0.733901
2788,1.499160,1.639250,MGC,0.701347,0.592024,1.051432,0.970476
279,1.457600,1.572265,MGC,0.523111,0.791601,0.762487,1.244606
2790,1.472571,1.829059,MGC,0.552199,0.298451,0.813153,0.545885
2791,1.403168,1.847676,MGC,0.607886,0.460473,0.852966,0.850805
2792,1.364918,1.274165,HWC,0.913726,1.568558,1.247161,1.998601
2793,1.439902,2.490185,MGC,0.635045,0.237600,0.914403,0.591669
2798,1.670610,1.826954,MGC,0.424329,0.560717,0.708888,1.024405
2799,1.566525,1.613086,MGC,0.518646,0.576081,0.812472,0.929269
28,1.339643,1.357755,MGC,0.760951,0.965279,1.019403,1.310612
280,1.491957,2.077815,MGC,0.537533,0.307348,0.801977,0.638612
2802,1.453687,1.532810,MGC,0.517020,0.471601,0.751585,0.722874
2803,1.548823,1.750454,MGC,0.403897,0.436788,0.625565,0.764578
2805,1.508635,1.750662,MGC,0.682037,0.536417,1.028945,0.939085
2806,1.262234,1.379561,MGC,0.737490,0.850421,0.930885,1.173208
2807,1.226154,1.209210,HWC,1.062957,1.651006,1.303349,1.996413
281,1.631362,1.631676,MGC,0.608839,0.624625,0.993237,1.019186
2811,1.305638,1.283269,HWC,0.801529,1.413929,1.046507,1.814451
2812,1.954408,2.108184,MGC,0.263199,0.305071,0.514398,0.643147
2813,1.488477,1.610924,MGC,0.771723,0.640229,1.148692,1.031359
2815,1.685082,1.576988,HWC,0.429024,0.543718,0.722941,0.857437
2818,1.382277,1.395590,MGC,0.739331,0.820192,1.021959,1.144652
2819,1.347504,1.918200,MGC,0.844376,0.365533,1.137800,0.701165
2821,1.319266,1.482820,MGC,0.643916,0.438497,0.849497,0.650212
2822,1.592212,1.655464,MGC,0.410585,0.398772,0.653738,0.660153
2824,1.369481,1.353905,HWC,0.746587,1.147739,1.022436,1.553930
2825,1.320541,2.646142,MGC,0.555832,0.178400,0.734000,0.472072
283,1.471050,1.564461,MGC,0.681637,0.693177,1.002722,1.084449
2830,1.403675,1.750568,MGC,0.924949,0.643360,1.298328,1.126246
2831,1.336139,1.439728,MGC,0.669993,0.630812,0.895204,0.908198
2833,1.444411,1.684083,MGC,0.597302,0.504135,0.862749,0.849005
2836,1.385702,1.681077,MGC,0.645411,0.346919,0.894347,0.583198
2837,1.540930,1.466254,HWC,0.802879,0.976670,1.237181,1.432047
2839,1.535049,1.351419,HWC,0.702636,1.554263,1.078581,2.100461
284,1.604990,1.555926,HWC,0.400591,0.610850,0.642945,0.950437
2841,1.249696,1.236370,HWC,1.128712,1.412152,1.410547,1.745942
2843,1.340193,1.416452,MGC,0.688422,1.046782,0.922618,1.482717
2844,1.519794,1.541933,MGC,0.648367,0.668378,0.985385,1.030594
2845,1.459549,1.286874,HWC,0.595286,0.945440,0.868849,1.216662
2846,1.538941,2.404326,MGC,0.496563,0.199851,0.764182,0.480508
2848,1.505373,1.775646,MGC,0.514607,0.346286,0.774676,0.614881
285,1.648070,1.519836,HWC,0.321055,0.591522,0.529121,0.899017
2850,1.601454,1.450522,HWC,0.466545,0.772111,0.747150,1.119965
2851,1.438316,1.598073,MGC,0.636411,0.546559,0.915360,0.873441
2852,1.453658,1.540950,MGC,0.727073,0.593502,1.056916,0.914557
2853,1.388339,1.517291,MGC,0.548175,0.508342,0.761053,0.771303
2856,1.382730,1.861731,MGC,0.780031,0.736975,1.078573,1.372049
2857,1.495754,2.007841,MGC,0.443004,0.172100,0.662624,0.345549
2859,1.173267,1.229781,MGC,1.350394,2.086789,1.584372,2.566293
286,1.320794,1.857672,MGC,1.099756,0.442907,1.452552,0.822775
2860,1.442776,2.270743,MGC,0.604388,0.277449,0.871996,0.630015
2863,1.368814,2.073476,MGC,0.615831,0.337521,0.842958,0.699841
2864,1.353227,3.407085,MGC,0.651233,0.067002,0.881266,0.228283
2865,1.516854,1.471302,HWC,0.507223,0.585024,0.769384,0.860747
2866,1.316160,1.500469,MGC,0.870943,0.484755,1.146301,0.727359
2867,1.364124,1.513077,MGC,0.613508,0.600172,0.836901,0.908106
2868,1.675433,1.574865,HWC,0.339086,0.360179,0.568116,0.567233
2869,1.651611,3.575005,MGC,0.490530,0.076056,0.810165,0.271899
287,1.436317,1.475187,MGC,0.656619,0.589863,0.943113,0.870159
2870,1.259565,1.961863,MGC,0.838527,0.250351,1.056179,0.491155
2873,1.531037,1.747659,MGC,0.566135,0.414700,0.866773,0.724754
2876,1.344464,1.325518,HWC,0.871691,0.986472,1.171957,1.307587
2879,1.565715,1.638059,MGC,0.363976,0.515787,0.569883,0.844890
288,1.313170,1.322485,MGC,0.717326,0.772497,0.941971,1.021616
2880,1.433301,1.693612,MGC,0.708082,0.587429,1.014894,0.994877
2881,1.931696,1.890000,HWC,0.319884,0.323931,0.617919,0.612229
2882,1.387503,1.561652,MGC,0.692827,0.682381,0.961299,1.065642
2883,1.461560,1.468935,MGC,0.627035,0.636668,0.916449,0.935224
2884,1.395292,1.383162,HWC,0.845550,0.797075,1.179790,1.102485
2885,1.457587,1.500358,MGC,0.731242,0.653675,1.065850,0.980746
2886,1.684788,1.486742,HWC,0.650556,1.061509,1.096049,1.578190
2889,1.828835,1.732796,HWC,0.452513,0.666983,0.827571,1.155745
2890,1.452062,1.573730,MGC,0.576043,0.696123,0.836450,1.095510
2891,1.451683,2.058094,MGC,0.576867,0.291164,0.837429,0.599242
2892,1.290472,2.829048,MGC,0.933186,0.079195,1.204250,0.224046
2895,1.821962,1.571581,HWC,0.523053,0.686546,0.952983,1.078963
2896,1.797344,1.941370,MGC,0.365394,0.335930,0.656739,0.652164
2897,1.759851,2.320012,MGC,0.502491,0.283563,0.884309,0.657869
2898,1.655672,1.707866,MGC,0.539180,0.540237,0.892706,0.922652
2899,1.509307,1.565492,MGC,0.679274,0.676106,1.025233,1.058438
29,1.587503,3.744309,MGC,0.459187,0.108446,0.728961,0.406054
290,1.554206,1.421370,HWC,0.429772,0.893447,0.667953,1.269919
2900,1.357910,1.687424,MGC,0.614400,0.368324,0.834300,0.621519
2901,1.375333,1.837797,MGC,0.694260,0.361951,0.954839,0.665192
2902,1.427605,1.307796,HWC,0.758873,1.051976,1.083371,1.375770
2905,1.487464,1.520953,MGC,0.755158,0.842284,1.123270,1.281074
2909,1.524695,1.375065,HWC,0.483934,1.321121,0.737852,1.816628
291,1.498677,1.485965,HWC,0.614127,0.614127,0.920378,0.912571
2910,1.554459,1.825562,MGC,0.500324,0.356298,0.777733,0.650444
2911,1.321647,1.675344,MGC,0.992146,0.582752,1.311266,0.976311
2912,1.275547,1.273011,HWC,0.774651,0.883504,0.988104,1.124710
2914,1.474622,1.441475,HWC,0.633664,0.709426,0.934414,1.022620
2915,1.274410,2.561038,MGC,0.831847,0.185663,1.060114,0.475490
2916,1.212511,1.310566,MGC,0.927969,0.949592,1.125172,1.244502
2918,1.344492,1.639441,MGC,0.803907,0.741930,1.080846,1.216350
2919,1.382426,1.404168,MGC,0.828423,0.852426,1.145233,1.196949
2921,1.497813,1.425570,HWC,0.580639,0.909587,0.869689,1.296679
2922,1.650442,2.897739,MGC,0.503443,0.197722,0.830903,0.572947
2923,1.417461,1.933861,MGC,0.643632,0.311091,0.912323,0.601606
2924,1.470957,1.588064,MGC,0.683927,0.513804,1.006027,0.815953
2926,1.543388,1.850495,MGC,0.408136,0.322844,0.629913,0.597421
2927,1.539237,1.715576,MGC,0.556112,0.563561,0.855988,0.966832
2928,1.503186,2.337125,MGC,0.521512,0.491433,0.783929,1.148540
2929,1.320297,4.296986,MGC,0.954427,0.099070,1.260127,0.425704
293,1.433594,1.742520,MGC,0.861754,0.540672,1.235405,0.942131
2930,1.825703,1.919701,MGC,0.413874,0.626767,0.755612,1.203205
2932,1.340035,1.462620,MGC,0.914947,0.689228,1.226060,1.008079
2933,1.557247,2.273122,MGC,0.607659,0.256408,0.946275,0.582845
2934,1.337235,1.403037,MGC,0.677657,0.859923,0.906187,1.206504
2937,1.398609,1.454855,MGC,0.599826,0.549805,0.838923,0.799887
2939,1.752819,1.533995,HWC,0.492953,0.691727,0.864057,1.061105
294,1.733153,1.833216,MGC,0.365821,0.367602,0.634024,0.673893
2942,1.360392,1.309924,HWC,0.759211,0.893120,1.032824,1.169919
2944,1.445643,1.643798,MGC,0.517623,0.441475,0.748298,0.725695
2945,1.311217,1.399685,MGC,0.800882,0.716988,1.050130,1.003557
2946,1.447180,1.418298,HWC,0.811635,0.962783,1.174582,1.365514
2947,1.417173,1.480996,MGC,0.590853,0.615354,0.837341,0.911336
2948,1.409410,1.491287,MGC,0.612842,0.552735,0.863746,0.824287
2950,1.611401,1.551978,HWC,0.722341,0.668325,1.163980,1.037226
2953,1.401815,1.474717,MGC,0.591379,0.583110,0.829004,0.859923
2958,1.547724,1.724152,MGC,0.441758,0.398062,0.683719,0.686319
2959,1.722295,1.791020,MGC,0.306790,0.627716,0.528383,1.124253
296,1.420819,1.536103,MGC,0.923959,0.795818,1.312778,1.222459
2960,1.492414,1.459636,HWC,0.513583,0.899322,0.766478,1.312682
2963,1.383078,1.321817,HWC,0.525758,1.070460,0.727164,1.414953
2964,1.277783,1.460307,MGC,0.815802,0.687682,1.042418,1.004227
2965,1.548447,1.570358,MGC,0.544185,0.525480,0.842641,0.825192
2967,1.515393,1.736182,MGC,0.474760,0.523497,0.719447,0.908886
2968,1.621608,4.237170,MGC,0.434203,0.076840,0.704107,0.325583
2969,1.460716,1.407751,HWC,0.668232,0.720144,0.976097,1.013783
297,1.764908,1.756978,HWC,0.383003,0.378971,0.675965,0.665843
2970,1.440786,1.561190,MGC,0.560792,0.602121,0.807982,0.940025
2972,1.574213,1.933546,MGC,0.501366,0.345939,0.789256,0.668890
2974,1.461982,1.862099,MGC,0.606047,0.419661,0.886030,0.781451
2976,1.380970,1.466931,MGC,0.641575,0.526484,0.885996,0.772316
2978,1.302176,2.017992,MGC,0.928730,0.326599,1.209370,0.659074
2979,1.354487,1.492419,MGC,0.787770,0.747108,1.067025,1.114998
298,1.508196,3.522762,MGC,0.579068,0.113580,0.873348,0.400114
2980,1.448782,1.474386,MGC,0.713688,0.787334,1.033979,1.160834
2981,1.373605,1.463454,MGC,0.769805,0.773176,1.057408,1.131508
2982,1.355448,1.593212,MGC,0.829457,0.562629,1.124286,0.896387
2986,1.453990,1.574349,MGC,0.700576,0.609949,1.018630,0.960273
2987,1.275437,1.932197,MGC,0.877600,0.242799,1.119323,0.469136
2988,1.459389,1.812417,MGC,0.603675,0.549284,0.880996,0.995531
2989,1.475621,1.771711,MGC,0.542544,0.472625,0.800590,0.837354
2990,1.460171,1.836191,MGC,0.604552,0.480664,0.882750,0.882592
2991,1.567884,1.826595,MGC,0.491269,0.385889,0.770252,0.704862
2993,1.693312,1.706811,MGC,0.401379,0.452828,0.679660,0.772892
2995,1.364322,1.524572,MGC,0.801401,0.658038,1.093369,1.003226
2996,1.913584,1.768013,HWC,0.357694,0.465564,0.684478,0.823123
2997,1.497152,1.630819,MGC,0.556563,0.478889,0.833260,0.780981
2998,2.194611,2.609703,MGC,0.189080,0.149091,0.414957,0.389082
2999,1.675372,1.802313,MGC,0.470394,0.437744,0.788084,0.788952
3,1.714552,2.308665,MGC,0.366365,0.301785,0.628151,0.696721
30,1.610646,1.828365,MGC,0.621506,0.430803,1.001026,0.787665
300,1.617701,1.450026,HWC,0.523826,1.421335,0.847393,2.060973
3000,1.463393,1.597132,MGC,0.633758,0.498737,0.927436,0.796549
3002,1.437009,1.921495,MGC,0.617337,0.264194,0.887119,0.507648
3003,1.776746,1.538672,HWC,0.467094,0.666659,0.829907,1.025770
3004,1.482303,1.708039,MGC,0.829370,0.715666,1.229377,1.222386
3005,1.403964,1.526918,MGC,0.426469,0.590983,0.598747,0.902382
3008,1.590391,1.648304,MGC,0.541195,0.596796,0.860713,0.983702
3010,1.436894,1.362349,HWC,0.937741,1.374523,1.347434,1.872581
3012,1.431877,1.420066,HWC,0.914264,0.897843,1.309114,1.274996
3013,1.501387,1.655023,MGC,0.589034,0.593990,0.884368,0.983067
3015,1.393077,1.708121,MGC,0.593928,0.365624,0.827388,0.624530
3016,1.560822,2.131240,MGC,0.564108,0.238856,0.880472,0.509059
3017,1.471549,1.847767,MGC,0.683318,0.570224,1.005536,1.053642
3018,1.566910,1.577545,MGC,0.756060,0.724175,1.184678,1.142418
302,1.358300,1.674849,MGC,0.721988,0.498528,0.980676,0.834960
3022,1.484395,1.789375,MGC,0.647529,0.569629,0.961188,1.019281
3023,1.308719,1.936215,MGC,0.736134,0.322474,0.963392,0.624380
3025,1.551712,2.049754,MGC,0.438249,0.424964,0.680036,0.871072
3027,1.471124,1.639987,MGC,0.584967,0.495267,0.860559,0.812232
3029,1.663302,1.575640,HWC,0.559165,0.675845,0.930060,1.064889
303,1.401124,1.410828,MGC,0.644420,0.640270,0.902912,0.903312
3030,1.414006,1.522365,MGC,0.721423,0.583921,1.020096,0.888941
3031,1.319771,1.903774,MGC,0.679801,0.366372,0.897181,0.697490
3032,1.408687,1.694116,MGC,0.662727,0.540699,0.933574,0.916007
3033,1.801072,1.772384,HWC,0.454662,0.535687,0.818879,0.949443
3034,1.450447,1.611871,MGC,0.631469,0.540964,0.915913,0.871964
3035,1.438965,1.405357,HWC,0.616019,0.793994,0.886429,1.115844
3036,2.121455,2.093413,HWC,0.359610,0.362309,0.762896,0.758462
304,1.642115,1.976226,MGC,0.464804,0.368972,0.763261,0.729172
3042,1.341352,1.399086,MGC,0.673218,0.690401,0.903022,0.965930
3044,1.403155,1.802979,MGC,0.550342,0.335584,0.772216,0.605051
3045,1.262620,2.302303,MGC,1.072659,0.096126,1.354360,0.221312
3046,1.610958,1.639070,MGC,0.428564,0.554669,0.690398,0.909141
3047,1.418043,1.539680,MGC,0.653741,0.685927,0.927032,1.056109
3049,1.224398,1.190912,HWC,1.095403,1.440305,1.341210,1.715277
305,1.348254,1.703967,MGC,0.912311,0.759275,1.230028,1.293779
3050,1.369708,1.700940,MGC,0.776643,0.483644,1.063774,0.822649
3051,1.188914,1.286146,MGC,0.806874,0.557123,0.959303,0.716541
3052,1.773063,1.863391,MGC,0.430143,0.477379,0.762670,0.889543
3053,1.492342,1.522946,MGC,0.638458,0.713532,0.952798,1.086671
3054,1.416082,1.493650,MGC,0.618863,0.591959,0.876361,0.884180
3056,1.504427,1.820050,MGC,0.630059,0.454799,0.947878,0.827757
3057,1.638477,1.485936,HWC,0.511443,0.805553,0.837988,1.197000
306,1.669251,1.560879,HWC,0.588585,0.799357,0.982497,1.247699
3060,1.508651,1.689882,MGC,0.640117,0.770290,0.965714,1.301699
3061,1.578061,1.722128,MGC,0.584761,0.610830,0.922788,1.051928
3062,1.506509,1.577178,MGC,0.687799,0.654804,1.036176,1.032743
3063,1.446963,2.206868,MGC,0.466770,0.310815,0.675399,0.685929
3064,1.767697,1.801207,MGC,0.355695,0.378867,0.628761,0.682419
3066,1.240237,1.514096,MGC,0.953178,0.574180,1.182166,0.869364
3067,1.369236,1.355825,HWC,0.677891,0.922668,0.928193,1.250977
3068,1.545662,1.586686,MGC,0.513571,0.616734,0.793807,0.978563
3069,1.525502,1.331227,HWC,0.583248,0.964493,0.889746,1.283959
307,1.462617,1.440434,HWC,0.520225,0.858901,0.760891,1.237190
3071,1.491752,1.407707,HWC,0.809947,0.921980,1.208240,1.297877
3072,1.311114,2.034317,MGC,0.717524,0.495681,0.940756,1.008372
3073,1.586355,1.765187,MGC,0.624634,0.636963,0.990891,1.124358
3074,1.367028,1.630156,MGC,0.801532,0.481861,1.095717,0.785508
3075,1.487482,1.976881,MGC,0.498645,0.271795,0.741726,0.537306
3076,1.326005,1.266246,HWC,0.877368,1.090993,1.163394,1.381466
3078,1.533490,2.218448,MGC,0.415074,0.262847,0.636511,0.583112
308,1.564430,1.601874,MGC,0.417880,0.422742,0.653745,0.677180
3081,1.567785,1.520478,HWC,0.659278,0.786022,1.033607,1.195129
3082,1.275010,1.727824,MGC,1.022727,0.545299,1.303987,0.942181
3083,1.944922,1.907378,HWC,0.340334,0.340334,0.661923,0.649145
3085,1.314048,1.873282,MGC,0.719368,0.193253,0.945284,0.362017
3086,1.903071,2.330967,MGC,0.197278,0.152755,0.375435,0.356066
3087,1.363183,1.426058,MGC,0.644938,1.139482,0.879168,1.624967
3089,1.464593,1.604310,MGC,0.674366,0.493053,0.987672,0.791010
309,1.249101,1.659123,MGC,1.210133,0.451082,1.511578,0.748401
3091,1.505184,1.357020,HWC,0.465371,0.991542,0.700469,1.345541
3092,1.706138,1.416169,HWC,0.300510,0.647902,0.512712,0.917539
3093,1.553993,1.716310,MGC,0.487790,0.368663,0.758022,0.632740
3096,1.645256,1.941572,MGC,0.503697,0.290980,0.828710,0.564958
3097,1.422689,1.305179,HWC,0.658698,1.124087,0.937123,1.467135
310,1.396477,1.359981,HWC,0.590966,0.810147,0.825270,1.101785
3100,1.384281,4.487605,MGC,0.797124,0.078375,1.103443,0.351718
3101,1.312994,1.270839,HWC,1.014895,1.084066,1.332551,1.377673
3102,1.425757,1.678207,MGC,0.805210,0.502523,1.148033,0.843338
3103,1.636699,1.736356,MGC,0.604694,0.631690,0.989702,1.096839
3104,1.857962,1.846674,HWC,0.461117,0.475642,0.856737,0.878356
3105,1.570421,1.553478,HWC,0.540821,0.719028,0.849317,1.116994
3106,1.305111,1.501759,MGC,0.637811,0.487209,0.832414,0.731670
3109,1.343803,1.387231,MGC,0.887365,0.989970,1.192443,1.373317
311,1.431782,1.398457,HWC,0.641889,1.195223,0.919045,1.671468
3111,1.566943,1.510255,HWC,0.639745,0.842958,1.002443,1.273082
3112,1.332567,1.447776,MGC,0.727613,0.723294,0.969593,1.047167
3113,1.287371,1.396344,MGC,0.761613,0.771552,0.980479,1.077351
3114,1.385796,1.499549,MGC,0.697780,0.704189,0.966980,1.055966
3115,1.307365,1.616599,MGC,1.086992,0.659198,1.421095,1.065659
3116,1.524390,3.049214,MGC,0.567469,0.106412,0.865044,0.324471
3117,1.711450,1.512232,HWC,0.380332,0.690520,0.650919,1.044226
3118,1.634018,2.332505,MGC,0.501358,0.349936,0.819228,0.816228
3119,1.583134,1.805588,MGC,0.417114,0.519333,0.660347,0.937701
3120,1.404511,1.596511,MGC,0.708241,0.524650,0.994732,0.837609
3121,1.504725,1.567651,MGC,0.555855,0.750997,0.836409,1.177301
3123,1.332499,1.507590,MGC,0.719581,0.730660,0.958841,1.101535
3124,1.450882,1.815383,MGC,1.085028,0.491281,1.574247,0.891862
3126,1.606595,1.780895,MGC,0.561886,0.582061,0.902723,1.036590
3127,1.484917,3.037495,MGC,0.680660,0.074771,1.010723,0.227116
3129,1.469016,1.823797,MGC,0.551060,0.359647,0.809516,0.655924
313,1.792565,1.778340,HWC,0.340264,0.450670,0.609945,0.801445
3130,1.521345,1.994556,MGC,0.612339,0.272461,0.931579,0.543438
3131,1.433852,1.619308,MGC,0.599146,0.907174,0.859086,1.468995
3133,1.329028,1.518011,MGC,0.847421,0.674039,1.126246,1.023199
3135,1.522477,1.517251,HWC,0.625786,0.621544,0.952745,0.943038
3137,1.500064,1.524698,MGC,0.600412,0.604713,0.900656,0.922005
3138,1.421165,1.493860,MGC,0.671332,0.654629,0.954074,0.977923
3139,1.684686,1.475239,HWC,0.391695,0.386731,0.659883,0.570521
3140,1.442871,1.478579,MGC,0.716177,0.728075,1.033351,1.076516
3142,1.342783,1.474611,MGC,0.983174,0.740126,1.320189,1.091398
3146,1.358825,1.551499,MGC,0.638897,0.900370,0.868149,1.396923
315,1.379922,1.220284,HWC,0.754591,1.735645,1.041276,2.117980
3150,1.859156,2.743755,MGC,0.276470,0.225531,0.514000,0.618802
3152,1.512797,1.472628,HWC,0.532030,0.732468,0.804854,1.078653
3154,1.475481,1.502508,MGC,0.600756,0.500219,0.886404,0.751583
3155,1.466213,1.513015,MGC,0.643106,0.593600,0.942931,0.898126
3158,1.398560,1.462643,MGC,0.709849,0.727069,0.992767,1.063442
316,1.467638,1.545379,MGC,0.723313,0.635322,1.061562,0.981813
3160,1.415906,1.337197,HWC,0.835691,1.083407,1.183260,1.448729
3161,1.463508,2.541851,MGC,0.676596,0.152363,0.990203,0.387284
3162,1.418579,1.664714,MGC,0.601762,0.544672,0.853647,0.906724
3163,1.662809,1.582563,HWC,0.402051,0.610184,0.668534,0.965655
3164,1.288814,1.282647,HWC,1.291002,1.267629,1.663861,1.625921
3165,1.400394,1.428258,MGC,0.615085,0.674877,0.861362,0.963899
3166,1.435302,1.465098,MGC,0.835065,1.228461,1.198571,1.799815
3167,1.388938,1.574008,MGC,0.737043,0.664086,1.023707,1.045277
3169,1.932012,2.274457,MGC,0.289504,0.308832,0.559324,0.702424
317,1.125791,1.201126,MGC,1.683032,1.558520,1.894742,1.871979
3170,1.370565,1.333701,HWC,0.513676,0.637740,0.704027,0.850554
3171,1.800966,1.947314,MGC,0.452395,0.449985,0.814749,0.876263
3173,1.630419,2.038118,MGC,0.333080,0.310949,0.543060,0.633751
3174,1.227405,1.341326,MGC,1.120510,0.919557,1.375319,1.233426
3175,1.287707,1.589128,MGC,0.978635,0.561346,1.260194,0.892051
3176,1.424467,2.147986,MGC,0.556552,0.243740,0.792790,0.523550
3177,1.691543,1.673290,HWC,0.441682,0.687691,0.747124,1.150706
3178,1.318204,1.669889,MGC,0.962343,0.423367,1.268565,0.706976
3179,1.311317,1.362745,MGC,0.864198,0.714647,1.133238,0.973882
318,1.525606,1.381638,HWC,0.526236,0.864595,0.802829,1.194557
3180,1.464051,1.643697,MGC,0.841085,0.574378,1.231392,0.944104
3186,1.439766,1.503843,MGC,0.848711,0.987183,1.221945,1.484568
3188,1.424232,1.645669,MGC,0.537782,0.590716,0.765927,0.972123
3189,1.308013,1.404365,MGC,1.122778,1.187803,1.468608,1.668109
3190,1.348505,1.580321,MGC,0.810319,0.538740,1.092718,0.851381
3191,1.394669,1.419558,MGC,0.600459,0.634384,0.837442,0.900545
3192,1.345664,1.470206,MGC,0.969738,0.695497,1.304941,1.022525
3195,1.233733,2.300826,MGC,0.876265,0.137006,1.081077,0.315226
3196,1.339069,1.532808,MGC,0.424713,0.561397,0.568721,0.860514
3197,1.330872,1.635284,MGC,0.538636,0.571199,0.716855,0.934073
3198,1.335642,1.437471,MGC,0.926708,0.723228,1.237750,1.039620
3199,1.545533,1.558023,MGC,0.531862,0.572528,0.822011,0.892011
32,1.480580,1.951823,MGC,0.562256,0.408504,0.832465,0.797327
320,1.338860,1.472830,MGC,0.717347,0.799080,0.960427,1.176909
3201,1.540885,1.823290,MGC,0.497676,0.375465,0.766862,0.684581
3202,1.565717,1.771395,MGC,0.781771,0.613297,1.224033,1.086391
3203,1.325828,1.399456,MGC,1.190193,1.030575,1.577991,1.442245
3205,1.784195,2.342946,MGC,0.363395,0.279968,0.648367,0.655951
3207,1.302646,1.344426,MGC,0.926156,0.950675,1.206454,1.278112
3209,2.115709,2.412101,MGC,0.313717,0.346884,0.663733,0.836720
3210,1.421189,1.867540,MGC,0.514961,0.346758,0.731857,0.647584
3211,1.485788,1.683693,MGC,0.655704,0.466456,0.974236,0.785368
3212,1.636157,1.993398,MGC,0.441122,0.353729,0.721745,0.705122
3214,1.341663,1.326518,HWC,0.824136,1.302179,1.105713,1.727363
3215,1.516505,1.858489,MGC,0.539553,0.357962,0.818236,0.665269
3216,1.760563,2.406849,MGC,0.326887,0.194039,0.575505,0.467022
3217,1.500049,1.839598,MGC,0.751082,0.414409,1.126660,0.762347
3219,1.461793,1.740389,MGC,0.445541,0.260170,0.651289,0.452798
322,1.766763,1.845361,MGC,0.394629,0.444134,0.697216,0.819588
3220,1.439376,1.474403,MGC,0.575726,0.606133,0.828686,0.893684
3221,1.213904,1.428448,MGC,1.047723,0.804908,1.271835,1.149769
3222,1.582029,1.543484,HWC,0.732343,0.801453,1.158587,1.237031
3223,1.323803,1.730825,MGC,0.580836,0.482542,0.768913,0.835196
3224,1.327289,1.420624,MGC,0.898641,0.996628,1.192756,1.415834
3225,1.575585,1.953434,MGC,0.468181,0.393499,0.737659,0.768675
3226,1.588302,1.758718,MGC,0.563348,0.476517,0.894766,0.838060
3228,1.437950,2.508616,MGC,0.772048,0.088399,1.110166,0.221759
3229,1.643763,2.090398,MGC,0.486399,0.221716,0.799525,0.463475
323,1.657974,1.468905,HWC,0.332907,0.437655,0.551951,0.642874
3231,1.408560,2.670166,MGC,0.498207,0.154536,0.701754,0.412635
3232,1.451415,1.704354,MGC,0.665297,0.484959,0.965623,0.826541
3233,1.550557,1.313789,HWC,0.669192,1.114428,1.037620,1.464123
3234,1.589454,1.967988,MGC,0.339402,0.331147,0.539465,0.651694
3235,1.368148,1.458752,MGC,0.736156,0.839336,1.007171,1.224384
3237,1.222580,1.781089,MGC,0.905820,0.382652,1.107437,0.681537
3238,1.545271,1.760680,MGC,0.536644,0.555227,0.829261,0.977576
324,1.311276,1.349466,MGC,0.591505,0.653090,0.775627,0.881323
3241,1.545226,1.553297,MGC,0.554363,0.655202,0.856616,1.017723
3243,1.539920,1.502968,HWC,0.547799,0.478495,0.843566,0.719162
3244,1.603344,1.498083,HWC,0.651962,0.681916,1.045320,1.021567
3245,1.412217,1.694195,MGC,0.700561,0.646373,0.989344,1.095082
3248,1.322500,1.340826,MGC,0.945669,0.992750,1.250647,1.331105
325,1.230890,1.382514,MGC,1.015679,0.893388,1.250190,1.235122
3250,1.480100,1.368441,HWC,0.618538,0.887679,0.915498,1.214736
3251,1.369187,1.659838,MGC,0.630874,0.407753,0.863784,0.676803
3252,2.220754,2.961941,MGC,0.377669,0.215761,0.838710,0.639072
3253,1.167521,1.236055,MGC,1.355643,1.171343,1.582741,1.447845
3255,1.478189,2.392861,MGC,0.454203,0.137175,0.671398,0.328241
3256,1.760099,1.989779,MGC,0.349464,0.336765,0.615092,0.670089
3258,1.560626,2.272317,MGC,0.634256,0.176303,0.989836,0.400616
326,1.435932,1.775284,MGC,0.555423,0.426856,0.797550,0.757790
3260,1.522868,1.762545,MGC,0.536994,0.447532,0.817771,0.788796
3261,1.463938,1.694348,MGC,0.457209,0.470665,0.669325,0.797471
3262,1.238975,1.801571,MGC,0.636437,0.403522,0.788529,0.726973
3264,1.451115,1.457711,MGC,0.716020,1.033583,1.039027,1.506665
3266,1.261431,1.273104,MGC,0.678690,0.767209,0.856121,0.976737
3268,1.250544,1.320694,MGC,1.095473,1.033505,1.369937,1.364943
3269,1.416115,1.657284,MGC,0.756492,0.497002,1.071279,0.823673
327,1.439045,1.435631,HWC,0.639542,0.786922,0.920329,1.129730
3270,1.498400,2.044064,MGC,0.462125,0.293136,0.692448,0.599189
3273,1.450824,1.515526,MGC,0.411878,0.381297,0.597562,0.577866
3274,1.292422,1.360523,MGC,0.860784,0.939475,1.112495,1.278178
3276,1.282381,1.392330,MGC,1.008901,0.693483,1.293795,0.965557
3280,1.266148,1.216493,HWC,1.063622,1.335186,1.346703,1.624245
3284,1.482777,1.611340,MGC,0.603197,0.584048,0.894407,0.941100
3285,1.600023,1.622974,MGC,0.409527,0.388508,0.655252,0.630538
3287,1.671753,1.968998,MGC,0.427890,0.310351,0.715326,0.611080
3288,1.778272,1.659658,HWC,0.344755,0.616106,0.613067,1.022525
3289,1.446959,2.467531,MGC,0.680040,0.193189,0.983989,0.476699
329,1.437925,1.671077,MGC,0.544776,0.506559,0.783348,0.846499
3292,1.619111,1.787711,MGC,0.498999,0.396702,0.807934,0.709189
3293,1.479499,2.134987,MGC,0.534129,0.386218,0.790243,0.824571
3294,1.382721,1.651065,MGC,0.728577,0.496968,1.007420,0.820527
3295,1.587577,1.452274,HWC,0.501659,0.717712,0.796422,1.042315
3296,1.333293,1.507445,MGC,0.843602,0.802154,1.124769,1.209203
3297,1.520407,2.679623,MGC,0.455397,0.160522,0.692389,0.430140
3298,1.351976,1.556544,MGC,0.733245,0.656828,0.991329,1.022382
33,1.368768,1.379071,MGC,0.887038,1.019025,1.214149,1.405308
330,1.377103,1.466039,MGC,0.835149,0.830952,1.150086,1.218208
3300,1.721389,1.749988,MGC,0.416420,0.425149,0.716820,0.744006
3301,1.929109,2.392697,MGC,0.479854,0.336223,0.925690,0.804480
3302,1.226470,1.346862,MGC,1.260341,1.169225,1.545770,1.574785
3303,1.461357,2.008247,MGC,0.562539,0.233174,0.822070,0.468272
3304,1.331808,1.249970,HWC,0.851688,0.962041,1.134285,1.202523
3306,1.314455,1.665252,MGC,1.035932,0.617459,1.361686,1.028224
3307,1.580600,1.593387,MGC,0.527554,0.641121,0.833851,1.021554
3308,1.327883,1.357689,MGC,0.740702,0.750649,0.983565,1.019148
3309,1.195843,1.530524,MGC,0.900116,0.642324,1.076397,0.983092
331,1.451471,1.779191,MGC,0.892423,0.728790,1.295326,1.296656
3310,2.048964,2.091778,MGC,0.292069,0.352870,0.598440,0.738126
3311,1.525264,1.488559,HWC,0.543794,0.671701,0.829429,0.999866
3312,1.531545,1.518817,HWC,0.607275,0.710533,0.930069,1.079170
3314,1.472110,1.624877,MGC,0.472494,0.486701,0.695564,0.790829
3315,1.546614,1.520705,HWC,0.594077,0.710977,0.918808,1.081187
3317,1.245964,1.308101,MGC,0.959286,0.906828,1.195235,1.186222
3321,1.504005,1.633835,MGC,0.628859,0.619605,0.945807,1.012332
3322,2.018664,2.185582,MGC,0.353014,0.327993,0.712617,0.716856
3323,1.934267,2.076626,MGC,0.218728,0.306672,0.423078,0.636843
3324,1.464524,1.369695,HWC,0.702266,0.892766,1.028486,1.222818
3325,1.747787,1.808975,MGC,0.279820,0.250403,0.489065,0.452972
3328,1.278679,1.236445,HWC,0.877519,1.170313,1.122065,1.447028
3329,1.372024,1.397112,MGC,0.792384,0.983757,1.087169,1.374418
333,1.453388,1.562002,MGC,0.732437,0.621689,1.064514,0.971080
3330,1.442618,1.402238,HWC,0.572167,0.978200,0.825419,1.371669
3332,1.259744,1.382653,MGC,0.999367,0.680097,1.258947,0.940339
3333,1.539978,2.606311,MGC,0.664439,0.188450,1.023221,0.491158
3335,1.562321,1.814707,MGC,0.590852,0.443842,0.923100,0.805443
3336,1.372849,1.431166,MGC,0.829528,0.747458,1.138816,1.069737
3338,1.693997,1.650193,HWC,0.373950,0.514047,0.633470,0.848276
3340,1.625684,1.724837,MGC,0.483169,0.503636,0.785480,0.868691
3343,1.607483,2.105084,MGC,0.457319,0.233169,0.735133,0.490841
3344,1.228078,1.231087,MGC,0.972795,1.178876,1.194668,1.451299
3346,1.725113,1.592311,HWC,0.379091,0.466903,0.653974,0.743455
3347,1.461299,1.603016,MGC,0.671682,0.681305,0.981528,1.092144
3348,1.452823,1.540378,MGC,0.879075,0.767112,1.277140,1.181643
3349,1.404097,1.805174,MGC,0.624815,0.440855,0.877302,0.795819
3351,1.256533,2.212053,MGC,0.824600,0.182111,1.036137,0.402840
3352,1.561116,1.538497,HWC,0.608476,0.896618,0.949902,1.379444
3356,1.692150,1.743952,MGC,0.455372,0.602445,0.770557,1.050636
3358,1.471069,1.583455,MGC,0.567568,0.446739,0.834932,0.707391
3359,1.648949,2.236218,MGC,0.467969,0.357124,0.771656,0.798607
336,1.969559,2.195799,MGC,0.292428,0.351536,0.575955,0.771902
3360,1.264709,1.298766,MGC,0.929489,0.891827,1.175534,1.158274
3361,1.438876,1.626196,MGC,0.702917,0.601020,1.011410,0.977376
3363,1.424775,1.772650,MGC,0.694807,0.344251,0.989944,0.610237
3364,2.690475,2.746145,MGC,0.212874,0.214517,0.572732,0.589096
3367,1.334889,2.718616,MGC,0.684296,0.064841,0.913460,0.176277
3368,1.344198,1.490120,MGC,0.716281,0.516906,0.962823,0.770252
337,1.620070,1.952180,MGC,0.427366,0.258052,0.692363,0.503764
3373,1.445018,1.511586,MGC,0.632728,0.609578,0.914304,0.921429
3375,1.684482,2.324703,MGC,0.490575,0.330172,0.826365,0.767552
3376,1.544220,2.204088,MGC,0.494528,0.229062,0.763660,0.504873
3377,1.284571,1.431057,MGC,1.384949,0.772394,1.779065,1.105339
3378,1.168954,1.247666,MGC,1.633858,1.575216,1.909904,1.965344
3379,1.564349,1.672267,MGC,0.421036,0.358920,0.658647,0.600209
3380,1.677872,1.518880,HWC,0.499637,0.698500,0.838327,1.060938
3381,1.395112,1.467454,MGC,0.751926,0.701236,1.049021,1.029031
3382,1.388861,1.756729,MGC,0.727218,0.509572,1.010005,0.895179
3384,1.431832,1.592253,MGC,0.466744,0.533412,0.668299,0.849327
3385,1.301346,2.526888,MGC,0.749584,0.128490,0.975469,0.324681
3386,1.653045,1.756952,MGC,0.597689,0.629623,0.988008,1.106217
3388,1.482214,1.997161,MGC,0.491972,0.384508,0.729208,0.767925
3389,1.361733,1.373274,MGC,0.861092,1.032432,1.172577,1.417811
339,1.394173,1.577948,MGC,0.561190,0.465984,0.782396,0.735299
3390,1.451656,1.952556,MGC,0.600766,0.350089,0.872106,0.683569
3391,1.580318,1.920212,MGC,0.524028,0.362583,0.828131,0.696237
3392,1.668036,1.946607,MGC,0.405475,0.524907,0.676347,1.021789
3394,1.658909,2.005275,MGC,0.391030,0.296206,0.648683,0.593975
3396,1.524409,1.742262,MGC,0.605544,0.479892,0.923096,0.836098
3397,1.778002,2.161509,MGC,0.372113,0.266920,0.661617,0.576949
3398,1.311575,1.481417,MGC,0.816385,0.632486,1.070751,0.936976
3399,1.467698,1.539764,MGC,0.686826,0.945539,1.008053,1.455907
34,1.394716,1.498829,MGC,0.619895,0.536617,0.864578,0.804297
340,1.446412,1.933363,MGC,0.828901,0.717733,1.198932,1.387639
3401,1.526913,1.940378,MGC,0.393098,0.417413,0.600227,0.809940
3404,1.152151,1.274596,MGC,1.120146,0.999917,1.290578,1.274490
3405,1.525563,1.478736,HWC,0.536984,0.710274,0.819203,1.050307
3406,1.890330,1.827762,HWC,0.271146,0.773118,0.512556,1.413075
3407,1.520238,1.702746,MGC,0.479929,0.414772,0.729606,0.706252
3408,1.565080,1.539844,HWC,0.515469,0.548809,0.806750,0.845080
3413,1.297968,1.561176,MGC,0.754511,0.542750,0.979331,0.847329
3414,1.359774,1.725020,MGC,0.623856,0.324605,0.848303,0.559950
3416,1.429166,1.375754,HWC,0.658936,1.060469,0.941729,1.458944
3418,2.004898,2.003435,HWC,0.284225,0.348572,0.569842,0.698342
3420,1.318735,1.648140,MGC,0.821189,0.643413,1.082931,1.060435
3421,1.594715,1.513955,HWC,0.531632,0.670036,0.847802,1.014404
3422,1.380419,2.799005,MGC,0.388988,0.133355,0.536967,0.373262
3423,1.201729,2.158317,MGC,1.123944,0.262983,1.350676,0.567601
3424,1.471581,1.537577,MGC,0.567589,0.567563,0.835252,0.872672
3425,1.771628,2.054293,MGC,0.297639,0.279143,0.527306,0.573442
3426,1.479581,1.494444,MGC,0.742519,0.748131,1.098618,1.118039
3428,1.516098,1.646564,MGC,0.560952,0.542182,0.850458,0.892737
3430,1.417630,3.051794,MGC,0.972933,0.170671,1.379258,0.520852
3431,1.462895,1.894497,MGC,0.523659,0.248204,0.766059,0.470222
3434,1.461405,1.737517,MGC,0.813218,0.525741,1.188441,0.913484
3436,1.475994,1.984700,MGC,0.517365,0.298771,0.763628,0.592972
3438,1.271736,1.373266,MGC,1.009229,0.952874,1.283473,1.308550
344,1.416802,1.715544,MGC,0.785375,0.623479,1.112721,1.069605
3440,1.382530,1.448289,MGC,0.785176,0.835377,1.085529,1.209868
3442,1.506100,1.509723,MGC,0.588798,0.520546,0.886789,0.785880
3444,1.696175,1.926253,MGC,0.374185,0.327812,0.634684,0.631450
3446,1.282312,1.620345,MGC,0.800078,0.446878,1.025950,0.724096
3447,1.542956,1.454106,HWC,0.427962,0.603859,0.660327,0.878075
3448,1.925103,2.234094,MGC,0.406603,0.422087,0.782754,0.942983
345,1.872401,1.825445,HWC,0.390750,0.662903,0.731642,1.210093
3451,1.327517,1.298426,HWC,0.912078,1.562353,1.210799,2.028601
3452,1.363334,1.629207,MGC,0.622614,0.375619,0.848830,0.611961
3453,1.406384,1.721759,MGC,0.700606,0.392637,0.985321,0.676026
3454,1.433900,1.446153,MGC,0.659339,0.773559,0.945426,1.118685
3455,1.486115,1.354869,HWC,0.888904,1.007583,1.321013,1.365142
3458,1.325198,1.413301,MGC,0.822634,1.021954,1.090153,1.444330
3459,1.547377,1.602045,MGC,0.552293,0.629349,0.854605,1.008245
3460,1.530311,1.807806,MGC,0.593953,0.453975,0.908933,0.820699
3461,1.371673,1.500405,MGC,0.793053,0.574877,1.087809,0.862548
3465,1.796021,1.966777,MGC,0.436633,0.616132,0.784202,1.211795
3467,1.234675,1.517665,MGC,0.765946,0.708000,0.945695,1.074508
3469,1.276522,1.535622,MGC,1.219562,0.666133,1.556798,1.022929
3470,2.897575,2.965568,MGC,0.097263,0.149670,0.281826,0.443858
3471,1.663900,1.484790,HWC,0.410287,0.633206,0.682676,0.940178
3472,1.373006,1.480778,MGC,0.868145,0.737956,1.191968,1.092749
3473,2.401401,2.213605,HWC,0.226837,0.235081,0.544727,0.520376
3474,1.418679,1.749635,MGC,0.554114,0.363766,0.786109,0.636458
3477,1.510213,1.426919,HWC,0.670287,0.806577,1.012276,1.150921
3478,1.510469,1.704003,MGC,0.593421,0.497899,0.896345,0.848422
3479,1.310413,1.307202,HWC,0.906685,1.067838,1.188133,1.395879
3480,1.762618,2.141919,MGC,0.379070,0.289023,0.668156,0.619065
3486,1.517135,1.718291,MGC,0.413389,0.306790,0.627167,0.527155
3488,1.287799,1.397675,MGC,0.979537,0.677915,1.261447,0.947505
3489,1.323164,1.648517,MGC,1.116543,0.628579,1.477369,1.036223
349,1.686845,1.990843,MGC,0.339440,0.236053,0.572583,0.469945
3490,1.449831,1.485935,MGC,0.568413,0.641746,0.824103,0.953592
3491,1.618398,2.020198,MGC,0.560248,0.553906,0.906704,1.119000
3492,1.543650,1.645135,MGC,0.696107,0.595772,1.074546,0.980125
3494,1.563804,1.500703,HWC,0.672973,0.746786,1.052398,1.120704
3498,1.417124,1.529148,MGC,0.511945,0.721929,0.725490,1.103936
3499,1.320300,2.236953,MGC,0.762839,0.078897,1.007176,0.176490
35,1.406933,1.423249,MGC,0.787014,0.845576,1.107276,1.203466
3500,1.368689,1.372899,MGC,1.011706,1.063044,1.384710,1.459452
3501,1.599126,1.680665,MGC,0.495720,0.449050,0.792719,0.754703
3502,1.279685,1.429409,MGC,0.859639,0.606864,1.100067,0.867456
3503,1.419053,1.701127,MGC,0.546064,0.438933,0.774894,0.746680
3506,1.750962,1.518629,HWC,0.482844,0.798955,0.845441,1.213316
3507,1.297486,1.445865,MGC,0.829934,0.821338,1.076827,1.187544
3508,1.571113,1.667528,MGC,0.304135,0.389280,0.477830,0.649135
351,1.305823,1.301881,HWC,1.017243,1.169717,1.328339,1.522832
3513,1.616032,1.818482,MGC,0.430407,0.405374,0.695552,0.737165
3514,1.882537,3.237785,MGC,0.334951,0.111799,0.630558,0.361980
3515,1.417406,1.412377,HWC,0.710198,0.893150,1.006639,1.261465
3519,1.474987,1.760231,MGC,0.520500,0.334597,0.767730,0.588968
352,1.239699,1.469046,MGC,1.059824,0.710422,1.313863,1.043642
3520,1.240096,1.273968,MGC,1.290392,1.181589,1.600210,1.505307
3521,1.555323,1.866439,MGC,0.553188,0.400255,0.860386,0.747052
3523,1.537177,2.053859,MGC,0.484157,0.341253,0.744235,0.700885
3524,1.657997,1.852602,MGC,0.618054,0.531202,1.024732,0.984106
3527,1.289024,3.336259,MGC,0.951505,0.115904,1.226513,0.386686
3528,1.991816,4.110358,MGC,0.283055,0.085931,0.563794,0.353206
3529,1.695551,1.572203,HWC,0.436336,0.915655,0.739830,1.439596
353,1.513266,1.604022,MGC,0.631078,0.672293,0.954989,1.078372
3530,1.779398,2.062728,MGC,0.365353,0.282538,0.650109,0.582799
3531,1.493170,1.629561,MGC,0.606844,0.548244,0.906122,0.893396
3532,1.653926,2.276963,MGC,0.431411,0.238054,0.713522,0.542039
3533,1.378004,1.371606,HWC,0.781547,0.781547,1.076975,1.071975
3534,1.791165,1.665980,HWC,0.460188,0.552524,0.824272,0.920493
3535,1.723428,2.654723,MGC,0.579084,0.228025,0.998010,0.605342
3538,1.607551,1.500064,HWC,0.653082,1.001384,1.049862,1.502140
3539,1.565376,2.734885,MGC,0.463838,0.221836,0.726080,0.606696
354,1.656880,1.754955,MGC,0.503716,0.413104,0.834597,0.724978
3541,1.525144,1.839657,MGC,0.559207,0.339257,0.852871,0.624116
3543,1.519895,1.688838,MGC,0.471044,0.685043,0.715938,1.156926
3544,1.483652,1.456752,HWC,0.534598,0.697436,0.793158,1.015991
3545,1.659947,1.573357,HWC,0.298959,0.797250,0.496256,1.254359
3546,1.511585,1.418489,HWC,0.502996,0.702926,0.760321,0.997093
3547,1.368756,1.382179,MGC,0.746088,0.790099,1.021212,1.092058
3548,1.523508,1.747262,MGC,0.565829,0.443667,0.862045,0.775202
3549,1.549870,1.513787,HWC,0.557280,0.614376,0.863711,0.930034
355,1.374696,4.020978,MGC,0.953957,0.054176,1.311401,0.217841
3553,1.498623,1.504943,MGC,0.633024,0.605390,0.948664,0.911078
3554,1.417830,1.458962,MGC,0.495952,0.886723,0.703176,1.293695
3555,1.706121,1.629577,HWC,0.536126,0.598942,0.914695,0.976022
3557,1.532820,1.432132,HWC,0.578655,0.981337,0.886973,1.405404
3558,1.472239,1.463217,HWC,0.560585,0.785612,0.825315,1.149521
3559,1.398752,1.451702,MGC,0.549416,0.668526,0.768497,0.970500
356,1.301036,1.433848,MGC,0.949430,0.718056,1.235242,1.029584
3560,1.454838,1.731587,MGC,0.730359,0.497185,1.062554,0.860919
3561,1.355106,1.534673,MGC,0.777805,0.633299,1.054008,0.971907
3563,1.232745,1.415051,MGC,0.721491,0.581312,0.889415,0.822587
3564,1.443191,1.385589,HWC,0.641686,0.773009,0.926075,1.071073
3565,1.566089,1.567740,MGC,0.538807,0.784593,0.843819,1.230038
3567,1.330823,1.759745,MGC,0.692403,0.458156,0.921466,0.806237
3569,1.339798,1.701229,MGC,0.691867,0.500169,0.926963,0.850902
357,1.596134,1.671736,MGC,0.560257,0.804734,0.894246,1.345303
3571,1.388587,1.296995,HWC,0.661598,1.334660,0.918686,1.731047
3572,1.644140,2.012378,MGC,0.445385,0.286320,0.732275,0.576184
3573,1.766595,1.758085,HWC,0.399750,0.396677,0.706196,0.697392
3574,1.707695,1.688232,HWC,0.448461,0.721139,0.765834,1.217451
3575,1.431760,1.768674,MGC,0.581414,0.352317,0.832446,0.623134
3577,1.453096,1.424657,HWC,0.590581,0.609090,0.858171,0.867744
3578,1.617905,1.658679,MGC,0.587385,0.713686,0.950333,1.183776
3579,1.333373,1.327873,HWC,0.573144,0.842940,0.764215,1.119318
358,1.629025,1.566395,HWC,0.426237,0.493290,0.694351,0.772688
3580,1.286249,1.393085,MGC,0.757685,0.902362,0.974571,1.257067
3582,1.463536,1.603745,MGC,0.578422,0.451291,0.846542,0.723755
3583,1.610390,1.636432,MGC,0.568074,0.660196,0.914821,1.080366
3586,1.299533,1.257971,HWC,0.975967,1.208691,1.268301,1.520498
3588,1.382410,1.349354,HWC,0.768464,0.884190,1.062333,1.193085
359,1.543089,1.854985,MGC,0.678441,0.349580,1.046895,0.648465
3590,1.427604,1.494835,MGC,0.746823,0.668582,1.066167,0.999420
3592,1.404003,2.399415,MGC,0.761602,0.286244,1.069291,0.686819
3593,1.471833,4.199593,MGC,0.650424,0.099700,0.957315,0.418700
3595,1.366769,3.685970,MGC,0.747973,0.133513,1.022306,0.492126
3596,1.722052,1.980437,MGC,0.490918,0.316107,0.845386,0.626031
3597,1.531717,1.837739,MGC,0.614409,0.408465,0.941101,0.750652
3599,1.706232,1.585766,HWC,0.361344,0.512437,0.616537,0.812606
36,1.601531,2.613247,MGC,0.616754,0.160402,0.987750,0.419169
360,1.313083,1.728301,MGC,0.529040,0.165688,0.694673,0.286359
3601,1.526704,1.463477,HWC,0.638057,1.096538,0.974124,1.604758
3603,1.546807,1.943799,MGC,0.587469,0.320838,0.908702,0.623645
3606,1.455261,1.467503,MGC,0.570251,0.516303,0.829865,0.757677
3607,1.377364,1.830281,MGC,0.621967,0.363884,0.856675,0.666010
3608,1.517612,1.462882,HWC,0.725878,0.851157,1.101602,1.245142
3609,1.801233,1.949535,MGC,0.521493,0.560341,0.939330,1.092405
3613,1.869248,3.205209,MGC,0.308768,0.120179,0.577164,0.385199
3614,1.873528,2.172707,MGC,0.388917,0.287778,0.728647,0.625257
3616,1.254087,1.288653,MGC,0.921928,0.868916,1.156178,1.119731
3617,1.586730,1.621303,MGC,0.618124,0.707850,0.980797,1.147639
3619,1.340713,1.646597,MGC,0.788949,0.567245,1.057754,0.934024
362,1.685146,1.497995,HWC,0.552338,0.749304,0.930770,1.122454
3620,1.620365,1.804033,MGC,0.464558,0.465453,0.752753,0.839693
3621,1.428830,1.494449,MGC,0.626360,0.628785,0.894961,0.939686
3623,1.444599,1.397899,HWC,0.504852,1.120862,0.729308,1.566852
3624,1.465476,1.583610,MGC,0.575888,0.618131,0.843951,0.978879
3625,1.787075,1.640845,HWC,0.573315,0.840246,1.024557,1.378713
3627,1.651338,4.962190,MGC,0.426944,0.066845,0.705029,0.331697
3628,1.283033,1.894900,MGC,0.747538,0.394625,0.959115,0.747774
3629,1.924271,1.973621,MGC,0.431814,0.398989,0.830927,0.787454
363,1.604889,1.749641,MGC,0.473911,0.453734,0.760575,0.793872
3630,1.437080,1.445450,MGC,0.688440,0.849410,0.989343,1.227780
3631,1.393603,1.621439,MGC,1.013250,0.506797,1.412069,0.821741
3632,1.389210,2.025764,MGC,0.700789,0.294172,0.973543,0.595923
3633,1.344335,1.463632,MGC,0.653022,0.762305,0.877879,1.115733
3634,1.415903,1.423981,MGC,0.840808,0.866271,1.190503,1.233553
3637,1.332475,1.351450,MGC,0.858584,0.844366,1.144041,1.141119
3638,1.476775,2.084192,MGC,0.676574,0.313712,0.999147,0.653836
3639,4.119140,4.036677,HWC,0.068636,0.068636,0.282721,0.277061
364,1.518792,1.280329,HWC,0.846772,1.358387,1.286071,1.739183
3640,1.144050,1.427696,MGC,1.510382,0.712080,1.727953,1.016634
3641,1.547029,1.669407,MGC,0.662228,0.581824,1.024486,0.971301
3642,1.368127,1.497678,MGC,0.607648,0.499066,0.831339,0.747441
3643,1.274337,1.351169,MGC,1.087904,1.124233,1.386357,1.519029
3645,1.420233,1.805837,MGC,0.551821,0.390624,0.783714,0.705403
3646,1.535253,1.750645,MGC,0.579119,0.524186,0.889094,0.917664
3647,1.590201,1.956353,MGC,0.495645,0.433122,0.788175,0.847339
365,2.056269,2.039923,HWC,0.362805,0.385043,0.746025,0.785458
3650,1.263006,1.226788,HWC,1.007129,1.252705,1.272010,1.536804
3653,1.664160,2.034628,MGC,0.306767,0.254404,0.510509,0.517617
3654,1.907276,1.911015,MGC,0.438244,0.514641,0.835852,0.983487
3656,1.692191,2.681488,MGC,0.311070,0.174771,0.526390,0.468648
3657,1.381863,1.994729,MGC,0.742694,0.245708,1.026302,0.490120
3659,1.435018,2.114500,MGC,0.761134,0.389046,1.092241,0.822637
3661,1.572911,1.673562,MGC,0.553435,0.519201,0.870504,0.868915
3662,1.489628,1.486667,HWC,0.720904,0.808209,1.073878,1.201538
3664,1.408931,1.672841,MGC,0.534161,0.467640,0.752596,0.782288
3665,1.352825,1.867926,MGC,0.838982,0.422589,1.134995,0.789365
3667,1.537607,1.923665,MGC,0.592426,0.334350,0.910919,0.643178
3669,1.563177,1.558264,HWC,0.573897,0.560036,0.897103,0.872685
367,1.302257,1.414275,MGC,0.891577,0.658453,1.161062,0.931233
3670,1.540037,1.771399,MGC,0.527292,0.139528,0.812049,0.247159
3671,1.289232,1.741586,MGC,1.111423,0.439777,1.432882,0.765910
3674,1.548880,1.659458,MGC,0.501028,0.412843,0.776032,0.685096
3677,1.357830,2.174138,MGC,0.631766,0.273068,0.857831,0.593686
3678,1.459860,1.817124,MGC,0.667192,0.469244,0.974008,0.852674
3679,1.252673,1.344093,MGC,0.991535,1.371363,1.242069,1.843240
368,1.691145,1.665246,HWC,0.421563,0.517149,0.712924,0.861181
3680,1.926213,1.769924,HWC,0.368168,0.405459,0.709169,0.717632
3682,1.217048,1.953131,MGC,0.926460,0.125869,1.127547,0.245838
3684,1.437572,1.703329,MGC,0.602600,0.371824,0.866281,0.633338
3685,1.394894,1.363504,HWC,1.025633,1.140157,1.430650,1.554609
3686,1.443390,1.710727,MGC,0.497540,0.403949,0.718144,0.691046
3690,1.313112,3.750873,MGC,0.804182,0.098983,1.055981,0.371274
3691,1.540433,1.788973,MGC,0.586314,0.487536,0.903178,0.872189
3692,1.620218,2.092169,MGC,0.615923,0.340540,0.997929,0.712468
3693,1.333722,1.350242,MGC,1.099670,1.250474,1.466654,1.688441
3694,1.377178,2.019187,MGC,0.546418,0.353730,0.752515,0.714247
3696,1.735211,1.792770,MGC,0.385985,0.400453,0.669766,0.717919
3698,1.325308,1.316365,HWC,0.841283,0.941898,1.114959,1.239882
37,1.451164,1.602177,MGC,0.507808,0.574597,0.736913,0.920606
3700,1.568088,1.657169,MGC,0.440446,0.425105,0.690658,0.704470
3702,1.332688,1.384104,MGC,0.899605,0.714549,1.198894,0.989011
3703,1.404780,1.370520,HWC,0.616401,0.657402,0.865908,0.900982
3704,1.519047,1.468291,HWC,0.536760,0.751933,0.815363,1.104057
3706,1.672315,1.613088,HWC,0.517205,0.561426,0.864930,0.905629
3707,1.496939,1.544807,MGC,0.539894,0.560992,0.808189,0.866624
3709,1.450747,1.470835,MGC,0.531057,0.722449,0.770429,1.062603
3713,1.335409,1.537507,MGC,0.734791,0.479758,0.981247,0.737631
3714,1.357940,1.555105,MGC,0.663987,0.505576,0.901654,0.786224
3715,1.680644,1.587849,HWC,0.563758,0.668875,0.947477,1.062072
3716,1.148257,1.216910,MGC,0.781708,0.658900,0.897602,0.801822
3718,1.587711,1.966773,MGC,0.570803,0.443740,0.906270,0.872735
3719,1.338994,1.292555,HWC,0.647833,0.953528,0.867444,1.232488
372,1.711410,1.926813,MGC,0.450372,0.384537,0.770771,0.740930
3720,1.389262,1.323639,HWC,0.551905,1.055529,0.766740,1.397139
3721,1.663543,2.054829,MGC,0.458100,0.365353,0.762069,0.750738
3722,1.439136,1.645758,MGC,0.764309,0.668581,1.099945,1.100323
3723,1.242100,1.416921,MGC,0.837818,0.671628,1.040654,0.951644
3724,1.399045,1.654970,MGC,0.599153,0.432048,0.838242,0.715026
3725,1.311856,1.284086,HWC,0.909784,1.287713,1.193505,1.653534
3726,1.414268,1.787015,MGC,0.582128,0.384784,0.823284,0.687614
3727,1.461247,1.515810,MGC,0.976411,0.741007,1.426777,1.123226
3728,1.425513,1.860817,MGC,0.770136,0.344350,1.097839,0.640772
373,1.672194,1.494526,HWC,0.556229,0.881838,0.930123,1.317930
3730,1.467126,1.695861,MGC,0.601147,0.511672,0.881959,0.867725
3731,1.473452,1.570096,MGC,0.727199,0.746867,1.071493,1.172653
3732,1.471339,1.979422,MGC,0.644618,0.343826,0.948452,0.680577
3734,1.543231,1.582528,MGC,0.507888,0.528810,0.783789,0.836857
3735,1.243497,1.636763,MGC,0.875247,0.431135,1.088367,0.705666
3737,1.444420,5.111387,MGC,0.575958,0.053177,0.831926,0.271806
3738,1.449307,1.437189,HWC,0.682168,0.713292,0.988671,1.025135
374,1.477699,1.465606,HWC,0.527251,0.704827,0.779119,1.032999
3741,1.422922,1.418862,HWC,0.707047,0.935409,1.006073,1.327217
3743,1.542200,1.783416,MGC,0.482957,0.509088,0.744817,0.907916
3745,1.681792,1.979666,MGC,0.376899,0.356138,0.633865,0.705033
3747,1.601550,1.334499,HWC,0.604080,0.893749,0.967464,1.192708
3753,1.407095,1.641785,MGC,0.639335,0.555257,0.899605,0.911612
3755,1.198563,1.307565,MGC,1.304148,0.842913,1.563104,1.102163
3757,1.399507,1.670123,MGC,0.801196,0.458140,1.121280,0.765150
3758,1.327643,1.320554,HWC,0.676801,0.731736,0.898551,0.966297
376,1.338085,1.691817,MGC,0.695576,0.472527,0.930739,0.799429
3760,1.630432,1.756961,MGC,0.520300,0.509415,0.848315,0.895022
3761,1.434974,1.628664,MGC,0.403703,0.432553,0.579304,0.704483
3762,1.476640,1.508315,MGC,0.647941,0.652628,0.956776,0.984368
3766,1.349578,1.647252,MGC,0.744988,0.572943,1.005419,0.943781
3769,1.352278,1.384383,MGC,0.924425,0.826640,1.250080,1.144386
377,1.544283,1.856419,MGC,0.415665,0.243867,0.641905,0.452720
3770,1.633623,1.653353,MGC,0.427273,0.468692,0.698003,0.774913
3773,1.642143,1.603169,HWC,0.311401,0.337244,0.511366,0.540660
3774,1.560134,1.866563,MGC,0.590544,0.482971,0.921328,0.901497
3775,1.382480,1.454284,MGC,0.655607,0.788193,0.906363,1.146257
3776,1.303765,4.733954,MGC,0.769152,0.052685,1.002794,0.249410
3777,1.391121,1.496688,MGC,0.781668,0.612465,1.087395,0.916669
3778,1.503944,1.552312,MGC,0.408151,0.373082,0.613837,0.579140
378,1.494657,1.793917,MGC,0.613208,0.483231,0.916536,0.866876
3781,1.670101,1.434362,HWC,0.589058,0.747870,0.983786,1.072717
3782,1.405959,1.406080,MGC,0.723164,0.789318,1.016739,1.109844
3784,1.328076,1.529397,MGC,0.656907,0.627997,0.872423,0.960456
3785,1.521579,1.909607,MGC,0.547741,0.336216,0.833431,0.642040
3788,1.482922,1.756951,MGC,0.666338,0.455293,0.988127,0.799928
379,1.403809,1.447179,MGC,0.629918,0.778997,0.884285,1.127349
3793,1.582225,1.588673,MGC,0.392207,0.616889,0.620559,0.980035
3796,1.595229,2.210062,MGC,0.344542,0.283634,0.549622,0.626849
3798,1.504119,2.456148,MGC,0.709883,0.105597,1.067748,0.259363
3799,1.495896,1.498942,MGC,0.750547,0.768733,1.122741,1.152287
38,1.354822,2.057168,MGC,0.863128,0.273605,1.169385,0.562852
380,1.587383,1.646425,MGC,0.427473,0.771857,0.678564,1.270804
3800,1.601095,2.127578,MGC,0.463719,0.320021,0.742459,0.680869
3801,1.410448,1.453529,MGC,0.641168,0.659489,0.904334,0.958586
3802,1.328711,1.415475,MGC,0.604601,0.830811,0.803339,1.175993
3803,1.679464,1.670300,HWC,0.647864,0.635028,1.088065,1.060687
3804,1.597628,1.446479,HWC,0.478986,0.724438,0.765242,1.047885
3805,1.429101,1.789159,MGC,0.555785,0.469983,0.794272,0.840874
3807,1.189779,1.373200,MGC,1.540958,0.833567,1.833400,1.144654
3813,1.496050,1.889423,MGC,0.700836,0.382407,1.048485,0.722528
3816,1.219074,1.260440,MGC,1.245461,1.319034,1.518308,1.662563
3818,1.479554,1.375638,HWC,0.727237,0.927922,1.075986,1.276485
382,1.254011,1.207699,HWC,0.780630,0.807369,0.978918,0.975059
3820,1.293020,1.328789,MGC,0.972867,0.933848,1.257937,1.240887
3821,1.677888,1.707648,MGC,0.408858,0.462652,0.686018,0.790047
3824,1.435472,1.430724,HWC,0.875647,0.997325,1.256967,1.426897
3825,1.445058,1.470378,MGC,0.476260,0.483604,0.688223,0.711080
3829,1.545139,1.694497,MGC,0.512799,0.852808,0.792346,1.445080
383,1.485478,1.726469,MGC,0.578227,0.481620,0.858944,0.831503
3831,1.441250,1.951981,MGC,0.706152,0.281895,1.017741,0.550254
3833,1.341262,1.425916,MGC,0.787119,0.736226,1.055732,1.049797
3837,1.288225,1.471651,MGC,0.924031,0.666322,1.190360,0.980593
3838,1.491939,1.445797,HWC,0.535039,0.721596,0.798246,1.043282
384,1.280482,1.511840,MGC,0.983049,0.757738,1.258777,1.145578
3840,2.149075,2.388875,MGC,0.213429,0.182907,0.458675,0.436941
3842,1.734557,2.185500,MGC,0.550577,0.272798,0.955008,0.596199
3843,1.544767,1.476814,HWC,0.646851,0.905064,0.999234,1.336611
3845,1.374271,1.506171,MGC,0.637347,0.574539,0.875887,0.865354
3846,1.473826,1.406600,HWC,0.903368,1.037360,1.331406,1.459150
3847,1.209129,1.812173,MGC,0.773099,0.408661,0.934776,0.740564
3848,1.313794,2.635271,MGC,0.534608,0.136069,0.702365,0.358579
3849,1.589338,1.877124,MGC,0.566285,0.446385,0.900018,0.837921
385,1.618783,1.632979,MGC,0.441188,0.540492,0.714187,0.882613
3850,1.474916,1.644204,MGC,0.667361,0.687754,0.984301,1.130808
3851,1.486686,2.097146,MGC,0.608354,0.290817,0.904431,0.609885
3852,1.469611,1.845802,MGC,0.529119,0.363149,0.777600,0.670301
3854,1.354024,1.679273,MGC,0.757513,0.432625,1.025691,0.726495
3856,1.609771,2.458236,MGC,0.697453,0.432620,1.122740,1.063482
3858,1.352045,1.951482,MGC,0.753221,0.332555,1.018388,0.648975
386,1.348347,1.254297,HWC,0.678770,1.016136,0.915217,1.274536
3861,1.317155,1.490161,MGC,0.775840,0.724992,1.021901,1.080355
3862,1.533900,1.530253,HWC,0.514759,0.539246,0.789588,0.825183
3864,1.401892,1.203061,HWC,0.686448,1.415481,0.962326,1.702910
3866,1.380242,1.325918,HWC,0.753814,1.181781,1.040446,1.566945
3869,1.354922,1.376841,MGC,0.748235,0.872413,1.013800,1.201174
387,1.312961,1.995188,MGC,0.886253,0.158339,1.163615,0.315916
3872,1.430142,2.087239,MGC,0.650898,0.182636,0.930877,0.381205
3876,1.554874,1.288950,HWC,0.345458,0.888728,0.537144,1.145526
3877,1.474469,1.425414,HWC,0.716411,0.955950,1.056325,1.362624
3878,1.283045,1.305251,MGC,0.743690,0.890251,0.954188,1.162001
3879,1.441171,1.566009,MGC,0.890354,0.807199,1.283152,1.264082
388,1.224580,1.338966,MGC,1.146620,0.865791,1.404128,1.159265
3880,1.336338,1.437787,MGC,1.047694,0.767876,1.400074,1.104042
3883,1.554398,1.727473,MGC,0.536123,0.536163,0.833348,0.926206
3884,1.887518,1.790313,HWC,0.647406,0.509858,1.221990,0.912806
3887,1.449669,1.439231,HWC,0.540992,0.901506,0.784260,1.297475
3888,1.555441,1.432147,HWC,0.496251,0.813159,0.771888,1.164563
3889,1.333333,1.367104,MGC,0.728741,1.258508,0.971655,1.720512
389,1.409322,1.593312,MGC,0.714656,0.453193,1.007181,0.722077
3890,1.541616,1.496285,HWC,0.804869,0.908817,1.240799,1.359849
3891,1.273778,1.952614,MGC,0.823634,0.543534,1.049127,1.061312
3894,1.783996,1.948040,MGC,0.467163,0.409409,0.833417,0.797545
3898,1.566044,1.463345,HWC,0.482667,0.669907,0.755877,0.980305
3899,1.542669,1.923285,MGC,0.478270,0.362678,0.737812,0.697533
39,1.598245,1.607687,MGC,0.491899,0.674011,0.786175,1.083599
390,1.356888,1.636000,MGC,0.869676,0.555999,1.180053,0.909614
3900,1.565528,1.582530,MGC,0.511416,0.622188,0.800637,0.984631
3901,1.466991,1.622057,MGC,0.725245,0.478388,1.063928,0.775973
3902,1.494007,1.454279,HWC,0.876158,1.011062,1.308986,1.470366
3904,1.493905,1.794373,MGC,0.652718,0.635957,0.975098,1.141143
3909,1.309232,1.345780,MGC,0.880119,1.253428,1.152281,1.686838
391,1.421826,1.742687,MGC,0.738356,0.353284,1.049813,0.615664
3910,1.329951,1.700717,MGC,1.019071,0.663426,1.355314,1.128300
3911,1.543738,1.699524,MGC,0.586376,0.563583,0.905211,0.957823
3913,1.325361,1.424156,MGC,0.694028,0.675042,0.919837,0.961366
3914,1.547568,1.559496,MGC,0.427270,0.596892,0.661230,0.930851
3915,1.803738,1.712561,HWC,0.394205,0.512479,0.711043,0.877652
3916,1.618115,1.722854,MGC,0.375066,0.396366,0.606900,0.682880
3917,1.561684,3.612687,MGC,0.460383,0.095471,0.718973,0.344908
3919,1.483234,2.986370,MGC,0.436902,0.096931,0.648027,0.289471
392,1.478508,1.862155,MGC,0.621277,0.437393,0.918564,0.814493
3923,1.406398,1.315736,HWC,0.590286,0.806719,0.830178,1.061429
3924,1.583997,1.864963,MGC,0.385486,0.243035,0.610609,0.453251
3925,1.373520,1.626855,MGC,0.684286,0.572617,0.939880,0.931565
3926,1.701303,1.545318,HWC,0.377504,0.509633,0.642248,0.787544
3927,1.679521,2.008856,MGC,0.421115,0.303796,0.707271,0.610282
3929,1.211864,1.395386,MGC,1.619150,1.131620,1.962191,1.579046
393,1.501843,1.763533,MGC,0.617340,0.418373,0.927148,0.737815
3930,1.260028,1.785442,MGC,0.902703,0.243535,1.137431,0.434818
3931,1.318552,1.331576,MGC,0.744409,0.904285,0.981542,1.204125
3932,1.641111,3.334453,MGC,0.370847,0.118518,0.608601,0.395192
3933,1.332708,1.423465,MGC,1.177771,1.295102,1.569625,1.843533
3935,1.442544,1.529858,MGC,0.694103,0.647084,1.001274,0.989947
3936,1.248586,1.232445,HWC,1.117324,1.392236,1.395075,1.715855
3937,1.342811,1.438939,MGC,0.840175,0.955903,1.128197,1.375487
3938,1.518160,1.885419,MGC,0.708532,0.557692,1.075665,1.051483
3939,1.223345,1.472034,MGC,0.710863,0.425177,0.869630,0.625875
394,1.272814,2.639619,MGC,0.967348,0.175371,1.231254,0.462913
3940,1.365286,1.243810,HWC,0.713709,1.253545,0.974418,1.559172
3942,1.291101,2.189080,MGC,0.733676,0.215447,0.947250,0.471630
3944,1.461879,1.772939,MGC,0.725580,0.393225,1.060710,0.697164
3945,1.769919,1.825690,MGC,0.348799,0.293510,0.617346,0.535858
3948,1.312941,1.322741,MGC,0.627455,0.815796,0.823812,1.079087
3951,1.469538,1.668702,MGC,0.707870,0.651525,1.040241,1.087202
3952,1.353924,1.444322,MGC,0.750560,0.711914,1.016202,1.028233
3953,1.583091,1.764659,MGC,0.502441,0.490608,0.795410,0.865756
3958,1.508501,2.024563,MGC,0.695034,0.479905,1.048460,0.971598
3959,1.466002,1.974023,MGC,0.534801,0.246433,0.784020,0.486465
396,1.519366,1.462870,HWC,0.515103,1.016978,0.782630,1.487707
3961,1.313685,1.362842,MGC,0.894140,0.912338,1.174619,1.243373
3963,1.327324,1.434356,MGC,0.892359,0.756314,1.184451,1.084823
3964,1.541687,1.534771,HWC,0.549641,0.790048,0.847374,1.212543
3966,1.555036,1.611540,MGC,0.513293,0.500274,0.798189,0.806212
3968,1.478051,1.706954,MGC,0.601179,0.371554,0.888573,0.634226
3969,1.429719,1.504717,MGC,0.652922,0.767848,0.933495,1.155394
397,1.819932,2.025456,MGC,0.506115,0.413854,0.921095,0.838242
3970,1.291896,3.837571,MGC,0.919699,0.099935,1.188155,0.383509
3972,1.874568,2.492713,MGC,0.239133,0.104165,0.448271,0.259655
3973,1.555785,1.855489,MGC,0.505292,0.407838,0.786126,0.756739
3975,1.274768,1.659075,MGC,1.119338,0.395180,1.426896,0.655634
3976,1.476825,1.559417,MGC,0.654891,0.557474,0.967160,0.869334
3979,1.604120,1.713762,MGC,0.543026,0.557017,0.871078,0.954595
3984,1.474459,1.939345,MGC,0.545131,0.401213,0.803773,0.778091
3986,1.529143,2.069189,MGC,0.444488,0.421200,0.679686,0.871542
3987,1.372162,2.229592,MGC,0.756349,0.106158,1.037834,0.236689
3988,1.394911,1.332216,HWC,0.916426,1.212021,1.278333,1.614674
3992,1.231455,1.274119,MGC,1.020605,0.947448,1.256829,1.207162
3993,1.703544,2.651550,MGC,0.398322,0.148351,0.678559,0.393360
3996,1.425466,1.698960,MGC,0.503737,0.337808,0.718060,0.573922
3997,1.617758,1.452818,HWC,0.596346,0.808377,0.964744,1.174425
3998,1.676760,2.192661,MGC,0.298572,0.189057,0.500634,0.414537
3999,1.316730,1.646299,MGC,1.004396,0.697103,1.322519,1.147640
40,1.576071,1.982867,MGC,0.470028,0.290386,0.740797,0.575797
400,1.528397,1.545426,MGC,0.510994,0.558332,0.781001,0.862861
4002,1.459090,1.584217,MGC,0.662643,0.699365,0.966856,1.107945
4003,1.799689,2.170667,MGC,0.375673,0.253156,0.676095,0.549517
4007,1.522928,1.563189,MGC,0.634155,0.589921,0.965772,0.922158
4009,1.398986,1.505955,MGC,0.875609,0.902357,1.224964,1.358910
401,1.404903,1.515854,MGC,0.749065,0.875486,1.052363,1.327109
4011,1.793666,2.233473,MGC,0.445648,0.366117,0.799343,0.817713
4012,1.532886,1.755345,MGC,0.504329,0.379324,0.773078,0.665845
4014,1.231348,2.341884,MGC,1.249680,0.144457,1.538791,0.338302
4016,1.317001,1.584631,MGC,0.813711,0.634549,1.071659,1.005526
4018,1.388641,1.555719,MGC,0.705973,0.568091,0.980342,0.883790
4019,1.412860,1.440099,MGC,0.757744,0.689471,1.070587,0.992906
402,1.462264,1.707276,MGC,0.458743,0.794321,0.670804,1.356125
4021,2.220258,3.361658,MGC,0.226023,0.105736,0.501830,0.355449
4026,1.486880,1.554251,MGC,0.455667,0.588905,0.677522,0.915306
4028,1.442122,1.500277,MGC,0.454974,0.507171,0.656129,0.760897
4029,1.274219,1.316030,MGC,1.050788,0.945690,1.338934,1.244557
4032,1.320850,1.488613,MGC,0.985525,1.129903,1.301731,1.681989
4033,1.762985,4.811818,MGC,0.300655,0.067235,0.530050,0.323522
4034,1.548014,1.901691,MGC,0.501001,0.390216,0.775557,0.742069
4036,1.685758,1.972141,MGC,0.334984,0.230574,0.564703,0.454724
4037,2.107350,2.414774,MGC,0.268703,0.175820,0.566252,0.424566
4038,1.386670,2.101622,MGC,0.715821,0.244474,0.992607,0.513792
4039,1.241250,1.377333,MGC,0.869414,0.767330,1.079160,1.056869
404,1.583361,1.798801,MGC,0.523752,0.505624,0.829288,0.909518
4040,1.377408,1.884617,MGC,0.544652,0.215731,0.750208,0.406570
4042,2.296924,2.139573,HWC,0.290902,0.394623,0.668180,0.844324
4043,1.346423,1.739699,MGC,0.563204,0.350706,0.758311,0.610123
4045,1.525483,1.708230,MGC,0.481712,0.426160,0.734843,0.727979
4047,1.314829,1.404897,MGC,0.769279,0.755399,1.011470,1.061257
4048,1.473615,1.617193,MGC,0.614836,0.654902,0.906031,1.059102
4049,1.444084,1.518880,MGC,0.609607,0.606699,0.880324,0.921503
405,1.243366,2.337053,MGC,1.027920,0.087043,1.278080,0.203423
4050,1.381222,1.379007,HWC,0.888400,0.724948,1.227078,0.999709
4054,1.470667,1.520494,MGC,0.602848,0.645183,0.886588,0.980997
4055,1.418044,1.629651,MGC,0.597250,0.437119,0.846927,0.712351
4056,1.321044,1.467380,MGC,0.752425,0.790799,0.993987,1.160403
4057,1.576071,1.543643,HWC,0.423743,0.442351,0.667849,0.682832
4059,1.407282,1.559585,MGC,0.716260,0.694191,1.007979,1.082651
4060,1.486521,1.448191,HWC,0.538733,0.667180,0.800837,0.966203
4061,1.317901,1.665173,MGC,0.925572,0.709295,1.219812,1.181100
4062,1.564496,5.005926,MGC,0.468473,0.069317,0.732925,0.346994
4063,1.616121,1.731456,MGC,0.511909,0.509553,0.827307,0.882269
4065,1.432748,1.413761,HWC,0.598811,0.808030,0.857945,1.142361
4068,1.540991,1.689036,MGC,0.478445,0.341963,0.737279,0.577588
407,1.471773,1.718050,MGC,0.602077,0.389307,0.886121,0.668849
4070,1.491254,2.551423,MGC,0.524052,0.187372,0.781495,0.478066
4071,1.294496,1.833638,MGC,0.640678,0.361802,0.829355,0.663414
4074,1.592941,1.770201,MGC,0.450175,0.466710,0.717102,0.826171
4075,1.310247,2.614875,MGC,0.769381,0.110734,1.008079,0.289555
4076,1.735330,1.794223,MGC,0.201630,0.210868,0.349895,0.378345
4078,1.468396,1.606080,MGC,0.591964,0.499226,0.869238,0.801796
4079,1.651151,1.794806,MGC,0.527205,0.558954,0.870496,1.003214
408,1.968065,2.015780,MGC,0.257599,0.245627,0.506971,0.495130
4082,1.598053,1.771185,MGC,0.477802,0.492968,0.763553,0.873138
4084,1.398883,1.723188,MGC,0.771348,0.486856,1.079025,0.838944
4085,1.408398,1.591102,MGC,0.852062,0.690834,1.200043,1.099188
4087,1.231237,1.253837,MGC,1.074114,1.058919,1.322488,1.327711
4088,1.383742,1.272384,HWC,0.627897,0.829191,0.868847,1.055049
4090,1.836294,1.988455,MGC,0.409575,0.396010,0.752101,0.787448
4093,1.533600,1.455106,HWC,0.381441,0.601654,0.584978,0.875470
4094,1.444322,1.487497,MGC,0.701334,0.665044,1.012952,0.989251
4095,1.489329,2.968293,MGC,0.613859,0.164826,0.914238,0.489251
4097,1.434561,1.797876,MGC,0.819589,0.398175,1.175751,0.715870
4099,1.553318,1.741489,MGC,0.404446,0.437750,0.628234,0.762337
4100,2.137933,1.771904,HWC,0.325775,0.740389,0.696484,1.311898
4101,1.578999,1.588827,MGC,0.513239,0.550005,0.810404,0.873863
4107,1.265158,1.565992,MGC,1.195360,0.535929,1.512320,0.839261
4108,1.384709,1.831688,MGC,0.731394,0.742492,1.012768,1.360014
4109,1.481049,1.426306,HWC,0.693965,0.927334,1.027796,1.322662
411,1.745729,1.497820,HWC,0.398719,0.830033,0.696055,1.243240
4112,1.278260,1.268810,HWC,0.973879,1.240469,1.244871,1.573919
4113,1.570585,1.777266,MGC,0.610941,0.713657,0.959536,1.268358
4115,1.315177,1.524455,MGC,1.032969,0.713107,1.358536,1.087100
4116,1.282803,1.333711,MGC,1.449542,1.406395,1.859477,1.875724
4117,1.704812,1.714326,MGC,0.493992,0.557095,0.842163,0.955042
4118,1.879056,2.500433,MGC,0.379861,0.195637,0.713781,0.489177
4119,1.483850,1.568938,MGC,0.582756,0.595003,0.864723,0.933523
412,1.387095,1.761773,MGC,0.896386,0.524328,1.243372,0.923746
4120,1.499277,1.531775,MGC,0.606757,0.626857,0.909697,0.960203
4122,1.585918,1.677268,MGC,0.500185,0.520771,0.793252,0.873472
4124,1.528895,1.685118,MGC,0.507668,0.476184,0.776171,0.802425
4125,1.524227,2.026283,MGC,0.524414,0.309144,0.799326,0.626414
4126,1.365209,4.384874,MGC,0.998571,0.069254,1.363259,0.303669
4129,1.478851,1.551389,MGC,0.457851,0.545134,0.677094,0.845716
413,1.584022,1.651630,MGC,0.488434,0.473618,0.773690,0.782241
4130,1.296536,1.651305,MGC,1.378907,0.562465,1.787803,0.928801
4131,1.379559,1.410873,MGC,0.911062,1.019915,1.256863,1.438971
4132,1.598745,2.236225,MGC,0.573873,0.329563,0.917477,0.736977
4133,1.771488,1.767188,HWC,0.389045,0.463801,0.689189,0.819624
4136,1.224295,2.764173,MGC,1.220350,0.156196,1.494069,0.431753
4137,1.401793,1.362467,HWC,0.764401,0.741400,1.071532,1.010133
4139,1.463706,1.413192,HWC,0.853446,0.974204,1.249194,1.376737
414,1.536595,1.570713,MGC,0.532250,0.574885,0.817853,0.902979
4140,2.079813,2.487736,MGC,0.314074,0.227964,0.653215,0.567115
4141,1.243953,1.336140,MGC,0.972761,0.843689,1.210069,1.127287
4144,1.518420,1.531041,MGC,0.582484,0.594687,0.884455,0.910490
4145,1.321717,2.165688,MGC,0.620374,0.260746,0.819958,0.564695
4148,1.521762,1.665197,MGC,0.688651,0.605338,1.047963,1.008007
415,1.184208,1.496465,MGC,0.718598,0.217894,0.850970,0.326070
4150,1.467244,1.641136,MGC,0.442225,0.258688,0.648852,0.424542
4151,1.282478,1.297112,MGC,0.962311,1.003847,1.234142,1.302101
4152,1.387198,1.439610,MGC,0.870683,0.651283,1.207809,0.937593
4154,1.185390,1.272748,MGC,1.193761,1.075700,1.415073,1.369095
4156,1.419266,2.111124,MGC,0.929382,0.258817,1.319040,0.546396
4158,1.526347,1.595857,MGC,0.501488,0.634594,0.765446,1.012721
4160,1.448342,1.555541,MGC,0.684480,0.657731,0.991361,1.023127
4161,1.473922,1.574632,MGC,0.690753,0.570746,1.018116,0.898715
4163,1.271635,1.822685,MGC,0.894158,0.280363,1.137043,0.511014
4168,1.726384,1.816869,MGC,0.504948,0.484040,0.871735,0.879437
4169,1.446091,1.581989,MGC,0.667001,0.484021,0.964544,0.765717
417,1.681656,2.230316,MGC,0.434128,0.224497,0.730054,0.500699
4170,1.797114,1.448971,HWC,0.413684,1.012687,0.743437,1.467355
4172,1.559673,1.916822,MGC,0.479491,0.340006,0.747850,0.651730
4175,1.614777,1.818274,MGC,0.521506,0.401346,0.842116,0.729756
4176,1.373863,1.418561,MGC,1.013040,0.907843,1.391777,1.287831
4177,1.329736,1.388212,MGC,0.706500,1.059951,0.939459,1.471437
418,1.834141,2.936401,MGC,0.387353,0.166969,0.710460,0.490288
4180,1.685811,1.456525,HWC,0.396083,0.780871,0.667721,1.137358
4181,2.092662,2.001726,HWC,0.314457,0.375811,0.658052,0.752270
4182,1.376725,1.726116,MGC,0.634175,0.406489,0.873084,0.701647
4183,1.737390,1.796656,MGC,0.449046,0.443271,0.780167,0.796406
4184,1.375199,1.784706,MGC,0.770210,0.543433,1.059192,0.969867
4187,1.333307,1.295196,HWC,0.773220,0.892637,1.030939,1.156140
4188,1.546230,1.530250,HWC,0.572436,0.794804,0.885118,1.216248
4189,1.311967,2.371324,MGC,0.926602,0.168905,1.215670,0.400527
419,1.476504,1.694276,MGC,0.580413,0.530272,0.856981,0.898427
4190,1.737173,1.532867,HWC,0.493153,1.029367,0.856692,1.577883
4191,1.417368,1.320735,HWC,1.031703,1.240676,1.462302,1.638604
4192,1.623068,1.742000,MGC,0.453579,0.411570,0.736190,0.716955
4195,1.641618,2.032025,MGC,0.509153,0.399590,0.835835,0.811978
4196,1.512762,1.248793,HWC,0.524184,1.263780,0.792966,1.578199
4197,1.437635,1.434998,HWC,0.409974,0.492935,0.589394,0.707361
4198,1.291909,1.395086,MGC,1.100348,1.015763,1.421549,1.417077
4200,1.739843,1.717490,HWC,0.483841,0.632375,0.841806,1.086098
4201,1.552001,1.604122,MGC,0.581546,0.558041,0.902560,0.895166
4203,1.418447,1.287162,HWC,0.559867,0.844199,0.794142,1.086621
4204,1.553872,1.947389,MGC,0.544703,0.354124,0.846399,0.689618
4206,1.348446,1.504649,MGC,0.985396,0.563703,1.328753,0.848175
4207,1.788433,1.756276,HWC,0.530247,0.530247,0.948312,0.931260
4208,1.412585,2.290203,MGC,0.708718,0.236787,1.001124,0.542291
4209,1.297273,2.842210,MGC,0.725586,0.104244,0.941284,0.296285
4210,1.566741,1.626838,MGC,0.599637,0.741220,0.939476,1.205845
4212,1.811973,1.644899,HWC,0.400221,0.621429,0.725190,1.022188
4213,1.312104,1.619840,MGC,0.857988,0.149007,1.125769,0.241367
4214,1.493042,1.484531,HWC,0.676031,0.734861,1.009343,1.090924
4215,1.551959,1.742969,MGC,0.609086,0.567884,0.945276,0.989804
4216,1.659161,1.600099,HWC,0.370757,0.489277,0.615146,0.782892
4217,2.072861,2.137206,MGC,0.333143,0.343396,0.690560,0.733908
4218,1.325994,1.911854,MGC,1.005897,0.518417,1.333812,0.991137
422,1.485929,1.418776,HWC,0.644815,1.189656,0.958149,1.687855
4221,1.677512,2.909698,MGC,0.415134,0.075680,0.696392,0.220205
4223,1.363379,1.267895,HWC,0.679097,0.820539,0.925866,1.040357
4224,1.612103,1.629208,MGC,0.422917,0.426928,0.681786,0.695555
4226,1.400281,1.411255,MGC,0.809342,0.924829,1.133306,1.305170
4227,1.660954,1.810440,MGC,0.356590,0.391644,0.592279,0.709049
423,1.242024,1.344990,MGC,1.411233,1.069619,1.752786,1.438627
4233,1.458176,1.643130,MGC,0.728895,0.584275,1.062857,0.960040
4237,1.428849,1.606498,MGC,0.627283,0.559103,0.896293,0.898199
4239,1.391191,1.717385,MGC,0.791371,0.480964,1.100949,0.826000
424,1.441254,1.925376,MGC,0.487811,0.326971,0.703060,0.629542
4240,1.691349,1.481153,HWC,0.334015,0.704001,0.564935,1.042734
4244,1.501054,1.436710,HWC,0.634374,0.728167,0.952229,1.046164
4246,1.987134,1.730268,HWC,0.229467,0.390878,0.455981,0.676323
4247,1.531785,1.795976,MGC,0.565705,0.407117,0.866538,0.731173
4248,1.408627,1.398156,HWC,0.715569,0.741914,1.007970,1.037311
4250,1.362199,1.326707,HWC,0.600437,1.006833,0.817914,1.335773
4251,1.410711,1.971020,MGC,0.669762,0.325260,0.944842,0.641093
4253,1.718614,1.810951,MGC,0.471471,0.457877,0.810277,0.829193
4254,1.338651,1.525538,MGC,0.715196,0.771485,0.957397,1.176930
4256,1.801903,2.094610,MGC,0.341162,0.356160,0.614742,0.746017
4257,1.578820,1.582408,MGC,0.395742,0.443112,0.624805,0.701185
4258,1.335502,1.444060,MGC,0.911576,0.949629,1.217412,1.371322
4259,1.347747,1.765277,MGC,0.763280,0.512524,1.028708,0.904747
426,1.494616,2.607967,MGC,0.581632,0.191549,0.869316,0.499554
4260,1.403863,1.957557,MGC,0.712218,0.362569,0.999856,0.709750
4262,1.402068,1.584799,MGC,0.728194,0.578494,1.020978,0.916796
4263,1.302903,1.284728,HWC,0.599960,0.751947,0.781690,0.966046
4264,1.408664,1.675499,MGC,0.745170,0.436735,1.049694,0.731749
4265,1.349059,1.413717,MGC,0.693424,0.736161,0.935469,1.040724
4267,1.591844,2.214324,MGC,0.460258,0.285726,0.732659,0.632689
4268,1.280662,1.418375,MGC,0.930360,0.878858,1.191476,1.246551
4270,1.346307,1.427035,MGC,0.723910,0.796753,0.974605,1.136995
4271,1.467467,1.401924,HWC,0.689728,0.909251,1.012153,1.274701
4272,1.494104,1.889623,MGC,0.714422,0.420350,1.067420,0.794303
4273,1.655307,2.726659,MGC,0.486029,0.269524,0.804527,0.734899
4275,1.420592,1.616717,MGC,0.568759,0.736354,0.807975,1.190476
4276,1.673308,1.622245,HWC,0.469672,0.549854,0.785906,0.891999
4277,1.411512,1.375776,HWC,0.752083,0.807049,1.061574,1.110318
4278,1.462804,1.819773,MGC,0.767585,0.503907,1.122827,0.916996
428,1.378823,1.660469,MGC,0.811487,0.538226,1.118898,0.893708
4281,1.390175,1.357761,HWC,0.833458,1.223731,1.158653,1.661534
4282,1.171139,1.290999,MGC,0.918061,0.828291,1.075178,1.069323
4283,1.321251,1.466128,MGC,0.799670,0.706118,1.056564,1.035259
4287,1.226546,1.684785,MGC,0.816128,0.468011,1.001018,0.788497
4289,1.503254,1.654262,MGC,0.688545,0.503819,1.035059,0.833449
429,1.610367,2.013669,MGC,0.531534,0.331589,0.855964,0.667710
4290,1.368627,1.750153,MGC,0.634743,0.363166,0.868727,0.635597
4291,1.579482,2.202442,MGC,0.554520,0.421735,0.875854,0.928847
4292,1.419288,1.325852,HWC,0.723681,0.996118,1.027111,1.320705
4293,1.568280,1.911605,MGC,0.384597,0.254723,0.603155,0.486930
4294,1.284727,1.334217,MGC,0.912109,0.807941,1.171811,1.077968
4295,1.649067,1.914217,MGC,0.491996,0.327974,0.811334,0.627813
4296,1.906952,1.582520,HWC,0.378888,0.525180,0.722520,0.831108
4298,1.535318,1.859649,MGC,0.512208,0.314305,0.786402,0.584496
4304,1.526052,1.985143,MGC,0.582550,0.350811,0.889002,0.696410
4305,1.450777,1.953405,MGC,0.537768,0.249547,0.780181,0.487467
4306,1.334000,2.161806,MGC,0.747481,0.245418,0.997139,0.530547
4308,1.265529,1.326590,MGC,1.294444,1.139890,1.638157,1.512167
4309,1.285989,1.349925,MGC,0.648213,1.228714,0.833594,1.658671
431,1.447477,1.426122,HWC,0.538721,0.739797,0.779786,1.055041
4310,2.133448,3.508384,MGC,0.318565,0.071273,0.679643,0.250052
4311,1.670082,2.711562,MGC,0.372014,0.165443,0.621294,0.448610
4312,1.416286,2.022064,MGC,0.763266,0.285464,1.081003,0.577227
4314,1.459744,1.938055,MGC,0.709743,0.321710,1.036043,0.623492
4315,1.505522,1.661275,MGC,0.590879,0.580905,0.889581,0.965043
4316,1.202946,1.324874,MGC,0.946433,0.768873,1.138507,1.018660
4317,1.273422,1.191256,HWC,1.093966,1.343336,1.393081,1.600256
4318,1.493409,1.472460,HWC,0.667950,0.572232,0.997523,0.842589
4319,1.436706,1.531556,MGC,0.704144,0.644796,1.011648,0.987541
432,1.227125,1.721295,MGC,1.054590,0.401461,1.294113,0.691033
4321,1.342527,1.690832,MGC,0.879316,0.628823,1.180506,1.063233
4322,1.345571,1.565839,MGC,0.933721,0.606179,1.256388,0.949179
4323,1.475085,1.516191,MGC,0.774879,0.902878,1.143013,1.368935
4326,1.378779,3.358262,MGC,0.843280,0.102404,1.162697,0.343900
4327,1.727804,2.779500,MGC,0.334259,0.231350,0.577533,0.643037
4329,1.418916,1.426715,MGC,0.541552,0.694003,0.768416,0.990144
4330,1.426070,1.400208,HWC,0.630821,0.619119,0.899595,0.866895
4333,1.427522,1.382753,HWC,0.717805,0.986499,1.024683,1.364084
4334,1.512515,1.890572,MGC,0.715582,0.327982,1.082328,0.620073
4335,1.374383,1.547581,MGC,0.838386,0.446350,1.152264,0.690763
4337,1.456841,2.269265,MGC,0.612148,0.250850,0.891802,0.569245
4339,1.539211,1.608732,MGC,0.668185,0.704093,1.028477,1.132697
4340,1.465716,1.426968,HWC,0.381856,0.695592,0.559692,0.992587
4342,1.566462,2.384778,MGC,0.423588,0.164628,0.663534,0.392601
4343,1.497201,1.582742,MGC,0.680247,0.616453,1.018467,0.975686
4346,1.339270,1.344425,MGC,0.825705,1.201286,1.105842,1.615039
4347,1.387653,1.406147,MGC,0.849697,0.794513,1.179084,1.117202
4349,1.432560,1.629734,MGC,0.670797,0.539666,0.960956,0.879512
4351,1.605788,1.768996,MGC,0.655433,0.466023,1.052487,0.824392
4352,1.626436,1.917979,MGC,0.528415,0.458993,0.859433,0.880340
4354,1.274737,1.227119,HWC,1.019463,1.087277,1.299548,1.334218
4355,1.410181,1.296200,HWC,0.708191,1.015925,0.998677,1.316842
4357,1.449371,1.643758,MGC,0.700951,0.478922,1.015938,0.787232
4358,1.620392,1.610672,HWC,0.494914,0.632561,0.801954,1.018848
4359,1.310791,2.300516,MGC,0.538617,0.189512,0.706014,0.435976
4360,1.538464,1.742366,MGC,0.669782,0.535081,1.030436,0.932307
4361,1.361576,4.207701,MGC,1.056769,0.050183,1.438871,0.211156
4364,1.483613,1.685453,MGC,0.738697,0.601280,1.095940,1.013429
4365,1.335719,1.381914,MGC,0.652576,0.974014,0.871659,1.346004
4366,1.367361,2.545556,MGC,0.473893,0.116868,0.647983,0.297494
4368,1.526221,1.719527,MGC,0.600407,0.446046,0.916353,0.766989
437,1.429664,1.544206,MGC,0.622209,0.451982,0.889550,0.697953
4371,1.571450,1.519160,HWC,0.546992,0.613742,0.859570,0.932373
4372,1.349633,1.529425,MGC,0.710237,0.771793,0.958560,1.180399
4373,1.426374,1.404807,HWC,0.680003,0.693363,0.969939,0.974042
4374,1.576371,2.009625,MGC,0.426458,0.272643,0.672256,0.547909
4375,1.465249,1.838144,MGC,0.632755,0.379366,0.927143,0.697329
4376,1.418952,1.331492,HWC,0.543064,0.712486,0.770582,0.948669
4378,1.375271,1.870169,MGC,1.034952,0.340029,1.423340,0.635911
4379,1.281173,1.282110,MGC,0.690902,0.772711,0.885165,0.990701
438,1.472370,2.354669,MGC,0.631468,0.088228,0.929755,0.207749
4381,1.509432,1.496478,HWC,0.654259,0.807365,0.987559,1.208204
4383,1.895531,1.885076,HWC,0.296425,0.277314,0.561882,0.522759
4384,1.747759,1.578858,HWC,0.365536,0.690920,0.638869,1.090864
4385,1.237787,1.148076,HWC,0.690133,1.863236,0.854238,2.139138
4386,1.563291,1.518025,HWC,0.629048,0.657080,0.983384,0.997465
4391,1.324882,1.344094,MGC,0.693978,0.636591,0.919439,0.855638
4392,1.388486,1.368313,HWC,0.898260,0.938130,1.247222,1.283656
4394,1.415051,1.519159,MGC,0.771047,0.667594,1.091071,1.014181
4396,1.423734,1.702569,MGC,0.525486,0.453891,0.748152,0.772780
4397,1.755197,2.409528,MGC,0.299981,0.173952,0.526525,0.419141
4399,1.457075,1.495385,MGC,0.530305,0.594150,0.772694,0.888482
44,1.985185,2.427209,MGC,0.364139,0.270450,0.722882,0.656438
4401,1.760664,1.667404,HWC,0.428375,0.517449,0.754224,0.862796
4403,1.558486,1.594319,MGC,0.562291,0.463065,0.876323,0.738273
4404,1.499803,1.517523,MGC,0.503359,0.572967,0.754939,0.869491
4406,1.411077,1.447841,MGC,0.579440,0.592784,0.817634,0.858258
4408,1.291642,6.112635,MGC,0.768077,0.037586,0.992080,0.229751
4409,1.296378,1.813843,MGC,0.918453,0.426238,1.190663,0.773128
4410,1.651041,2.056560,MGC,0.377079,0.199702,0.622572,0.410700
4411,1.494149,1.430853,HWC,0.653216,0.721774,0.976002,1.032753
4412,1.289253,1.522734,MGC,0.925111,0.684482,1.192702,1.042284
4413,1.442123,1.759064,MGC,0.821890,0.537651,1.185267,0.945763
4414,1.445782,1.463034,MGC,0.761295,0.725726,1.100666,1.061762
4415,1.258672,1.352224,MGC,0.938976,0.833871,1.181863,1.127580
4416,1.462387,1.792776,MGC,0.475067,0.350855,0.694731,0.629005
4417,1.356161,1.357239,MGC,0.868397,0.872012,1.177686,1.183529
4418,1.559537,1.730066,MGC,0.619829,0.530408,0.966646,0.917640
4419,1.636394,2.572743,MGC,0.596786,0.068399,0.976578,0.175973
4420,1.681804,1.830891,MGC,0.471764,0.404888,0.793414,0.741305
4421,1.458190,1.464198,MGC,0.586870,0.668160,0.855768,0.978319
4422,1.535102,1.563220,MGC,0.546045,0.544003,0.838234,0.850397
4423,1.385703,1.458410,MGC,0.623625,0.569941,0.864159,0.831207
4427,1.480845,1.511443,MGC,0.641086,0.629624,0.949350,0.951641
4428,1.714531,1.767687,MGC,0.349053,0.376656,0.598463,0.665810
4430,1.536894,1.567151,MGC,0.529783,0.629694,0.814221,0.986826
4431,2.106526,2.050234,HWC,0.227490,0.301642,0.479213,0.618437
4432,1.416728,2.709284,MGC,0.747444,0.161896,1.058924,0.438623
4433,1.350427,1.545698,MGC,0.634659,0.429430,0.857061,0.663769
4434,1.450305,1.932684,MGC,0.688737,0.406940,0.998879,0.786487
4435,1.322532,1.389237,MGC,0.856938,0.766946,1.133328,1.065470
4436,1.449181,1.958478,MGC,0.748341,0.286072,1.084481,0.560265
4437,1.332481,5.167027,MGC,0.924189,0.085893,1.231463,0.443813
4438,1.417063,1.759331,MGC,0.670370,0.504679,0.949956,0.887898
444,1.346004,1.237848,HWC,0.449102,1.445380,0.604493,1.789160
4440,1.571932,3.607634,MGC,0.338176,0.107209,0.531590,0.386772
4442,1.417101,1.325803,HWC,0.488938,0.840915,0.692875,1.114888
4445,1.503168,1.659429,MGC,0.435865,0.445366,0.655178,0.739053
4447,1.272822,1.275684,MGC,0.938933,1.226545,1.195095,1.564683
4448,1.471990,1.353023,HWC,0.347720,1.048748,0.511840,1.418981
4449,1.674441,1.598059,HWC,0.479925,0.582998,0.803606,0.931666
4451,1.345531,1.415158,MGC,0.724318,0.925194,0.974593,1.309295
4452,1.722148,1.648110,HWC,0.445810,0.623718,0.767750,1.027957
4456,1.238956,1.330778,MGC,1.069559,1.392985,1.325137,1.853753
4457,1.539007,1.797677,MGC,0.391210,0.290246,0.602075,0.521768
4459,1.373653,1.491549,MGC,0.670233,0.587912,0.920668,0.876900
446,1.373321,1.506298,MGC,0.710577,1.403237,0.975851,2.113693
4460,1.652301,2.210887,MGC,0.492483,0.273601,0.813731,0.604900
4461,1.247106,1.321972,MGC,0.945525,0.933951,1.179169,1.234657
4462,1.355762,1.375543,MGC,0.769883,0.839349,1.043778,1.154561
4463,1.522114,1.642383,MGC,0.363624,0.477777,0.553477,0.784692
4465,1.426351,1.546750,MGC,0.634465,0.497477,0.904970,0.769472
4467,1.541745,3.220809,MGC,0.432182,0.095051,0.666314,0.306142
4470,1.848338,2.111863,MGC,0.408444,0.461393,0.754943,0.974400
4471,1.335481,1.255386,HWC,0.774111,0.992580,1.033811,1.246070
4473,1.467983,1.403979,HWC,0.827759,0.889486,1.215136,1.248819
4475,1.303950,1.915882,MGC,0.972942,0.752725,1.268668,1.442131
4477,1.659804,1.800805,MGC,0.467034,0.412465,0.775185,0.742770
4479,1.335186,1.742879,MGC,0.655491,0.289160,0.875202,0.503972
4480,1.259458,1.531074,MGC,0.839467,0.710299,1.057273,1.087521
4482,1.675643,1.802784,MGC,0.433604,0.372719,0.726566,0.671932
4483,1.587144,2.184831,MGC,0.463747,0.258808,0.736032,0.565452
4484,1.422689,1.480191,MGC,0.727563,0.686939,1.035096,1.016801
4485,1.602672,1.430334,HWC,0.402312,0.690114,0.644774,0.987093
4486,1.615419,1.760058,MGC,0.472790,0.480722,0.763754,0.846098
4488,2.029817,2.047158,MGC,0.288465,0.235187,0.585532,0.481466
4489,1.446634,1.525615,MGC,0.650469,0.736922,0.940990,1.124259
449,1.674641,1.411107,HWC,0.514820,1.043618,0.862139,1.472656
4491,1.603667,1.668346,MGC,0.447820,0.395728,0.718155,0.660211
4493,1.545254,1.755153,MGC,0.487691,0.329244,0.753607,0.577873
4496,1.753718,1.823432,MGC,0.302258,0.439958,0.530076,0.802233
4497,1.356965,1.381085,MGC,0.590459,0.914301,0.801233,1.262728
4498,1.305761,1.349918,MGC,1.052891,1.001573,1.374823,1.352041
45,1.503244,1.442609,HWC,0.604284,0.676098,0.908386,0.975346
4500,1.496533,1.436437,HWC,0.709766,0.878778,1.062189,1.262309
4501,1.581503,1.647401,MGC,0.533741,0.580099,0.844113,0.955655
4503,1.598950,3.029859,MGC,0.586565,0.110927,0.937887,0.336093
4504,1.917053,2.314484,MGC,0.368987,0.369402,0.707368,0.854974
4505,1.479162,3.877607,MGC,0.575184,0.101631,0.850790,0.394086
4506,1.488952,2.320355,MGC,0.649424,0.257602,0.966961,0.597728
4507,1.259228,1.234079,HWC,0.918774,1.058631,1.156946,1.306434
4508,1.484405,1.534382,MGC,0.635078,0.615129,0.942712,0.943844
451,1.523712,1.858643,MGC,0.476623,0.468977,0.726237,0.871661
4514,2.292784,2.422002,MGC,0.322030,0.314283,0.738345,0.761194
4515,1.680868,1.519125,HWC,0.533419,0.966978,0.896607,1.468960
4516,1.485173,1.389138,HWC,0.527504,0.659999,0.783435,0.916830
4517,1.667994,1.676538,MGC,0.279888,0.335063,0.466852,0.561745
4519,1.450631,1.339273,HWC,0.557850,0.665427,0.809234,0.891189
452,1.353537,1.858846,MGC,0.833942,0.382164,1.128772,0.710383
4522,1.550363,1.677232,MGC,0.781423,0.721927,1.211490,1.210839
4524,1.718406,3.534735,MGC,0.485595,0.124579,0.834450,0.440355
4525,1.336742,1.356709,MGC,0.935074,0.933030,1.249953,1.265851
4526,1.601050,2.400181,MGC,0.775751,0.389268,1.242015,0.934313
4528,1.255418,1.314763,MGC,0.999819,1.079511,1.255191,1.419302
453,1.545825,1.383257,HWC,0.635310,1.249990,0.982078,1.729058
4534,1.754587,1.327633,HWC,0.452137,1.359399,0.793313,1.804783
4535,1.319450,1.245721,HWC,0.747527,0.975463,0.986324,1.215154
4536,1.631758,1.938312,MGC,0.388506,0.373568,0.633948,0.724091
4537,1.919630,2.286907,MGC,0.555430,0.466144,1.066219,1.066028
4538,1.405307,1.468799,MGC,0.770196,0.681627,1.082362,1.001173
4542,1.504812,2.346551,MGC,0.519339,0.172587,0.781508,0.404985
4546,1.429698,1.779165,MGC,0.781645,0.561278,1.117516,0.998607
4548,1.384558,1.450721,MGC,0.695613,0.761490,0.963117,1.104709
4549,1.580208,2.074553,MGC,0.501750,0.292373,0.792870,0.606543
455,1.254227,1.305057,MGC,0.811078,1.031918,1.017276,1.346713
4550,1.456090,1.820364,MGC,0.614701,0.279337,0.895060,0.508496
4551,1.207323,1.344598,MGC,1.123335,0.858119,1.356229,1.153825
4552,1.383434,1.540722,MGC,0.731413,0.490358,1.011861,0.755505
4553,1.274652,2.324149,MGC,0.775461,0.283720,0.988444,0.659409
4554,1.605050,2.491127,MGC,0.326281,0.199991,0.523698,0.498202
4555,1.892390,2.205473,MGC,0.445801,0.348067,0.843629,0.767653
4558,1.481296,1.443560,HWC,0.720006,0.752100,1.066541,1.085702
4559,1.394001,1.664547,MGC,0.724888,0.596772,1.010495,0.993356
4560,1.514379,1.697841,MGC,0.514257,0.371638,0.778780,0.630982
4561,1.938852,1.870030,HWC,0.358540,0.374763,0.695156,0.700818
4562,1.530981,1.788442,MGC,0.617472,0.505347,0.945337,0.903783
4563,1.339015,1.396319,MGC,0.652449,0.705826,0.873639,0.985558
4565,1.331704,1.338306,MGC,0.809693,0.891461,1.078271,1.193048
4566,1.357573,1.421930,MGC,0.855484,0.879333,1.161381,1.250351
4567,1.425349,1.628557,MGC,0.640698,0.637752,0.913218,1.038615
4569,1.461479,1.683034,MGC,0.781237,0.862168,1.141761,1.451059
4570,1.349331,1.523403,MGC,0.720850,0.536361,0.972665,0.817094
4573,1.323195,1.397485,MGC,0.834748,0.994997,1.104535,1.390494
4575,1.409594,1.711341,MGC,0.764729,0.437280,1.077957,0.748335
4577,1.311157,1.604103,MGC,0.541172,0.495910,0.709561,0.795491
4578,1.629569,1.641397,MGC,0.491451,0.513073,0.800854,0.842156
4579,1.609139,1.805364,MGC,0.635375,0.518794,1.022406,0.936612
4580,1.342884,1.591664,MGC,0.879569,0.553259,1.181158,0.880603
4581,1.752628,1.506506,HWC,0.442843,0.865179,0.776139,1.303398
4584,1.447139,2.526340,MGC,0.427765,0.158420,0.619036,0.400222
4585,1.463070,1.515781,MGC,0.817032,0.843232,1.195374,1.278155
4586,1.517013,1.765631,MGC,0.420881,0.376594,0.638482,0.664925
4587,1.662277,2.171052,MGC,0.379126,0.420638,0.630212,0.913227
4588,1.485617,1.980547,MGC,0.540855,0.425800,0.803503,0.843317
459,1.463383,1.916312,MGC,0.725063,0.434918,1.061044,0.833438
4590,2.125458,1.630005,HWC,0.297896,0.460909,0.633165,0.751285
4595,1.654184,1.557210,HWC,0.424131,0.579255,0.701591,0.902022
4596,1.787695,1.930206,MGC,0.536902,0.662752,0.959818,1.279247
4597,1.290977,1.547896,MGC,0.659912,0.552542,0.851931,0.855278
4599,1.445589,1.597480,MGC,0.582379,0.569679,0.841880,0.910051
46,1.586566,1.458134,HWC,0.419329,0.630748,0.665293,0.919715
460,1.373890,1.356288,HWC,0.469883,0.555902,0.645568,0.753964
4604,1.408142,1.724491,MGC,0.996799,0.641958,1.403635,1.107051
4605,1.425228,1.267135,HWC,0.567781,1.487393,0.809217,1.884728
4606,1.316842,1.613229,MGC,0.919314,0.638271,1.210591,1.029678
4607,1.724141,2.008535,MGC,0.383228,0.285508,0.660739,0.573454
4609,1.715130,1.591144,HWC,0.497444,0.697967,0.853182,1.110566
461,1.692978,2.261078,MGC,0.331091,0.281073,0.560530,0.635527
4613,1.271476,1.327605,MGC,1.036273,1.044329,1.317596,1.386457
4616,1.561449,1.621909,MGC,0.455055,0.442761,0.710545,0.718117
4617,1.444270,1.738646,MGC,0.607857,0.530313,0.877910,0.922027
462,1.683011,1.367012,HWC,0.475801,0.756334,0.800778,1.033918
4621,1.440934,1.430950,HWC,0.633853,0.740515,0.913341,1.059640
4624,1.436570,1.657257,MGC,0.872399,0.872045,1.253261,1.445203
4626,2.016911,2.019302,MGC,0.338181,0.338181,0.682082,0.682891
4629,1.394485,1.655740,MGC,0.650834,0.529105,0.907578,0.876060
463,1.310620,1.354447,MGC,0.993604,0.898247,1.302237,1.216629
4630,1.468297,1.775151,MGC,0.703316,0.483056,1.032677,0.857498
4635,1.391664,1.627336,MGC,0.809629,0.475249,1.126732,0.773390
4636,1.253213,1.596176,MGC,0.874373,0.430274,1.095775,0.686793
4638,1.330573,1.554573,MGC,0.765020,0.653881,1.017915,1.016506
4639,1.279400,2.784460,MGC,0.753309,0.130688,0.963783,0.363894
464,1.680359,1.754794,MGC,0.470152,0.437117,0.790024,0.767050
4640,1.984779,2.534840,MGC,0.256520,0.161474,0.509135,0.409311
4643,1.943458,1.870161,HWC,0.451869,0.477673,0.878189,0.893326
4644,1.269437,1.211946,HWC,0.851284,1.359582,1.080652,1.647740
4645,1.450990,1.715001,MGC,0.898073,0.655455,1.303095,1.124105
4648,1.382604,1.469775,MGC,0.866581,0.843880,1.198138,1.240314
4649,2.255761,2.490968,MGC,0.235189,0.222086,0.530531,0.553210
465,1.413125,1.890859,MGC,0.669596,0.366602,0.946222,0.693192
4652,1.352285,1.572192,MGC,0.935481,0.644066,1.265037,1.012596
4653,1.379836,1.563721,MGC,0.606159,0.620569,0.836401,0.970397
4654,1.336992,1.770202,MGC,1.008529,0.396795,1.348394,0.702408
4655,1.657899,1.592819,HWC,0.562430,0.665731,0.932452,1.060389
4656,1.705886,1.971579,MGC,0.523197,0.428735,0.892514,0.845285
4657,1.610225,1.489566,HWC,0.466485,0.702700,0.751147,1.046718
4658,1.301883,1.673879,MGC,0.628355,0.404711,0.818044,0.677436
4659,1.522905,1.451115,HWC,0.770931,0.896762,1.174054,1.301305
4662,1.606510,1.763365,MGC,0.586024,0.502832,0.941453,0.886677
4663,1.663499,1.530134,HWC,0.616710,0.791326,1.025896,1.210835
4664,1.367834,1.269496,HWC,0.816670,1.335388,1.117069,1.695270
4665,2.139714,2.206977,MGC,0.341645,0.355407,0.731024,0.784376
4666,1.498055,1.583344,MGC,0.599119,0.522101,0.897513,0.826666
4667,1.794639,1.381639,HWC,0.356221,1.097611,0.639288,1.516501
4668,1.344146,2.899717,MGC,0.666955,0.086771,0.896485,0.251611
4669,1.923736,2.207658,MGC,0.241308,0.194995,0.464214,0.430483
4674,1.333903,2.010860,MGC,0.780189,0.340434,1.040696,0.684564
4675,1.949948,1.765920,HWC,0.244733,0.343064,0.477216,0.605823
4677,1.365260,1.476886,MGC,0.867876,0.759906,1.184876,1.122294
4678,1.428647,1.489223,MGC,0.699174,0.641325,0.998873,0.955075
4679,1.643091,1.830600,MGC,0.580150,0.688395,0.953240,1.260176
4680,2.056272,2.074375,MGC,0.165495,0.353514,0.340303,0.733320
4681,1.473875,1.915563,MGC,0.733817,0.363677,1.081554,0.696647
4682,1.387791,1.296463,HWC,0.931327,1.263190,1.292487,1.637680
4683,1.281576,2.095760,MGC,0.658396,0.219089,0.843785,0.459159
4684,1.490362,1.515939,MGC,0.536616,0.590875,0.799752,0.895730
4685,1.572535,1.603275,MGC,0.695533,0.528337,1.093750,0.847069
4686,1.338127,1.394079,MGC,0.675602,0.762688,0.904041,1.063247
4687,1.407153,1.513069,MGC,0.631007,0.651193,0.887924,0.985300
4688,1.233116,1.541121,MGC,0.911463,0.442380,1.123940,0.681761
4689,1.427522,1.594041,MGC,0.543663,0.817532,0.776091,1.303180
469,1.339301,1.303398,HWC,0.775354,0.796989,1.038432,1.038795
4690,1.471677,1.907675,MGC,0.637617,0.289283,0.938366,0.551858
4691,1.658437,1.593233,HWC,0.612055,0.890272,1.015055,1.418411
4693,1.520819,1.669378,MGC,0.450056,0.458932,0.684453,0.766130
4694,1.497427,1.501385,MGC,0.453215,0.570580,0.678657,0.856661
4698,1.581621,1.792578,MGC,0.446946,0.369527,0.706899,0.662406
4699,1.368494,1.490645,MGC,0.628343,0.682612,0.859884,1.017533
47,1.463698,1.465591,MGC,0.441498,0.654391,0.646221,0.959070
4703,1.479467,1.506433,MGC,0.575295,0.749256,0.851130,1.128704
4704,1.358663,1.644785,MGC,0.722254,0.516196,0.981300,0.849031
4707,2.007239,1.719848,HWC,0.299931,0.536524,0.602034,0.922740
4709,1.529168,1.400627,HWC,0.592252,0.760754,0.905653,1.065533
471,1.371730,1.382505,MGC,0.766515,0.689697,1.051452,0.953510
4711,1.563466,1.307593,HWC,0.657964,1.973813,1.028705,2.580944
4712,2.585935,1.488775,HWC,0.227765,0.942649,0.588985,1.403393
4713,1.549898,1.542144,HWC,0.718890,0.919343,1.114206,1.417759
4714,1.287645,1.549363,MGC,0.921790,0.620525,1.186937,0.961418
4715,1.353425,1.393618,MGC,0.743816,0.991549,1.006699,1.381841
4716,1.372397,1.627072,MGC,0.722742,0.524062,0.991889,0.852686
4718,1.479284,1.442118,HWC,0.811114,0.866502,1.199868,1.249598
472,1.497550,1.761233,MGC,0.496670,0.350493,0.743788,0.617299
4720,1.570002,1.797494,MGC,0.582221,0.389583,0.914088,0.700273
4722,1.690632,1.624717,HWC,0.485421,0.720422,0.820668,1.170481
4723,1.404524,1.552963,MGC,0.497207,0.416661,0.698340,0.647059
4724,1.591717,2.422890,MGC,0.239639,0.360711,0.381437,0.873964
4726,1.374426,1.406245,MGC,0.590544,0.899960,0.811658,1.265565
4727,1.324483,1.346290,MGC,0.710174,0.890072,0.940614,1.198295
4729,1.191004,2.361537,MGC,1.305610,0.177840,1.554987,0.419977
473,1.285281,1.454162,MGC,0.682490,0.861021,0.877192,1.252065
4730,1.471053,2.079189,MGC,0.480400,0.222933,0.706694,0.463521
4731,1.578158,2.334644,MGC,0.463577,0.295705,0.731598,0.690365
4736,1.227819,1.295910,MGC,1.212637,1.353778,1.488899,1.754374
4737,1.659020,2.835590,MGC,0.499890,0.137721,0.829327,0.390521
4739,1.508153,1.680749,MGC,0.608940,0.456318,0.918374,0.766956
474,1.705002,1.594260,HWC,0.543272,0.615185,0.926280,0.980765
4743,1.440126,2.079315,MGC,0.683524,0.290503,0.984360,0.604047
4744,1.460722,1.501996,MGC,0.690284,0.654335,1.008313,0.982808
4745,1.315080,1.294202,HWC,0.951750,1.114916,1.251628,1.442926
4747,1.280198,1.235442,HWC,0.942888,1.099832,1.207084,1.358778
4748,1.451999,1.512411,MGC,0.550823,0.561324,0.799794,0.848952
4749,1.610439,1.703237,MGC,0.544022,0.478265,0.876115,0.814598
4751,1.510247,1.599030,MGC,0.586674,0.497524,0.886023,0.795557
4752,1.332258,1.395318,MGC,0.840896,0.792940,1.120291,1.106404
4753,1.457474,1.621802,MGC,0.513222,0.482417,0.748008,0.782385
4754,1.339171,1.679930,MGC,0.631869,0.415272,0.846181,0.697628
4756,1.601539,1.871842,MGC,0.751552,0.560498,1.203639,1.049164
4757,1.573247,1.354448,HWC,0.452035,0.872900,0.711163,1.182297
4758,1.453164,1.802164,MGC,0.576587,0.433427,0.837875,0.781108
476,1.472256,1.443618,HWC,0.635369,0.973711,0.935425,1.405667
4760,1.338700,1.848103,MGC,0.640215,0.307795,0.857055,0.568836
4761,1.762783,1.881915,MGC,0.460599,0.415878,0.811936,0.782647
4764,1.415735,1.465833,MGC,0.551776,0.673923,0.781168,0.987859
4766,1.374251,1.521806,MGC,1.071012,0.813141,1.471840,1.237443
4767,1.501128,1.622187,MGC,0.649748,0.541252,0.975354,0.878012
4769,1.524968,1.609596,MGC,0.641903,0.583117,0.978882,0.938583
4770,1.392960,1.463533,MGC,0.644976,0.823795,0.898425,1.205651
4771,1.618617,1.520937,HWC,0.566641,0.750022,0.917174,1.140736
4773,1.419222,1.375821,HWC,0.996264,1.262455,1.413920,1.736912
4775,1.295672,1.452076,MGC,0.608753,0.421195,0.788743,0.611607
4776,1.533600,2.075341,MGC,0.787408,0.560073,1.207568,1.162343
4778,1.644812,2.154601,MGC,0.295610,0.243575,0.486223,0.524807
478,1.292983,1.585052,MGC,0.947145,0.502460,1.224642,0.796425
4781,1.417375,1.353462,HWC,0.842858,0.927765,1.194646,1.255695
4782,1.458919,2.614693,MGC,0.471899,0.143323,0.688462,0.374746
4783,1.430067,1.483528,MGC,0.620229,0.683213,0.886969,1.013566
4784,1.766049,2.524628,MGC,0.360925,0.222739,0.637412,0.562333
4786,1.373970,1.368583,HWC,0.841134,1.067968,1.155693,1.461603
4787,1.395975,2.630937,MGC,0.499925,0.100485,0.697883,0.264370
4788,1.477757,3.939880,MGC,0.540398,0.077306,0.798576,0.304577
4789,1.848216,1.833414,HWC,0.433568,0.555975,0.801328,1.019333
479,1.541838,1.595356,MGC,0.538995,0.526431,0.831042,0.839845
4790,1.622121,2.388858,MGC,0.266641,0.226917,0.432525,0.542071
4791,1.348892,1.369021,MGC,1.140633,1.534185,1.538591,2.100331
4793,1.347776,1.475861,MGC,0.618010,0.638410,0.832939,0.942204
4794,1.558883,1.687967,MGC,0.709849,0.557289,1.106572,0.940685
4797,1.644935,1.487058,HWC,0.368542,0.473449,0.606228,0.704046
4798,1.654616,1.990522,MGC,0.408798,0.287418,0.676403,0.572112
4800,1.456311,1.720019,MGC,0.478087,0.416873,0.696243,0.717030
4801,1.328507,1.252457,HWC,0.898663,1.120502,1.193881,1.403381
4802,1.281500,1.492750,MGC,0.729613,0.549927,0.934999,0.820903
4804,1.777276,1.750014,HWC,0.441496,0.505316,0.784661,0.884310
4805,1.903315,2.212941,MGC,0.395918,0.383175,0.753556,0.847944
4806,1.600563,2.166658,MGC,0.460685,0.222238,0.737356,0.481515
4807,1.407700,1.577837,MGC,0.758314,0.522845,1.067479,0.824964
4809,1.356754,1.528923,MGC,0.681745,0.540033,0.924961,0.825668
481,1.324074,1.305399,HWC,0.878618,1.181234,1.163355,1.541982
4811,1.300697,4.698058,MGC,1.019856,0.068111,1.326524,0.319990
4812,1.269129,1.668573,MGC,0.915704,0.354765,1.162146,0.591951
4813,1.314654,6.543069,MGC,0.767617,0.046859,1.009151,0.306604
4816,1.382914,1.366891,HWC,0.822853,0.822853,1.137934,1.124750
4817,1.564487,1.671126,MGC,0.505657,0.453714,0.791094,0.758213
4819,1.400597,1.961537,MGC,0.717061,0.375262,1.004314,0.736090
482,1.511970,2.026972,MGC,0.528525,0.346410,0.799114,0.702163
4821,1.561430,1.545780,HWC,0.453624,0.748101,0.708302,1.156400
4822,1.769238,1.884245,MGC,0.316679,0.368399,0.560280,0.694154
4823,1.912252,2.117020,MGC,0.420836,0.388045,0.804744,0.821499
4826,1.313622,1.454710,MGC,0.693765,0.692427,0.911345,1.007281
483,1.279073,1.232732,HWC,1.036033,1.377810,1.325161,1.698471
4830,1.408859,1.821516,MGC,0.517099,0.273576,0.728520,0.498323
4831,1.240891,1.339467,MGC,0.761473,0.961209,0.944905,1.287508
4834,1.437693,1.725085,MGC,0.598384,0.393234,0.860293,0.678362
4836,1.414305,1.622137,MGC,0.687472,0.548730,0.972296,0.890116
4837,1.863141,2.164872,MGC,0.350428,0.271038,0.652896,0.586762
4838,1.497070,1.560441,MGC,0.519093,0.550627,0.777119,0.859221
4839,1.563840,1.578264,MGC,0.525561,0.579154,0.821893,0.914057
484,1.477444,1.691146,MGC,0.425561,0.482931,0.628743,0.816707
4840,1.374751,1.395658,MGC,0.753816,0.983082,1.036309,1.372046
4842,1.616967,1.666882,MGC,0.527798,0.506414,0.853432,0.844133
4845,1.601364,1.409825,HWC,0.608941,0.886798,0.975137,1.250230
4846,1.443760,1.323436,HWC,0.597702,0.834975,0.862937,1.105037
4849,1.495234,1.294931,HWC,0.634502,1.365000,0.948729,1.767581
4850,1.292878,1.317243,MGC,1.023602,1.070915,1.323393,1.410656
4851,1.407480,1.433642,MGC,0.687941,0.631267,0.968263,0.905011
4853,1.750351,1.939111,MGC,0.432560,0.339116,0.757132,0.657583
4856,1.863036,1.960699,MGC,0.475722,0.448056,0.886288,0.878503
4857,1.323103,1.405152,MGC,0.751408,0.531501,0.994189,0.746839
4858,1.841287,1.832101,HWC,0.513160,0.513160,0.944876,0.940162
486,1.491639,1.507898,MGC,0.771899,0.755754,1.151394,1.139600
4860,1.211652,1.520127,MGC,1.183288,0.823740,1.433733,1.252190
4861,1.608713,1.528877,HWC,0.652630,0.690236,1.049895,1.055286
4862,1.410515,1.536841,MGC,0.535421,0.611366,0.755219,0.939573
4863,1.877528,1.646338,HWC,0.450638,0.679833,0.846086,1.119235
4865,1.612126,2.796550,MGC,0.375702,0.159851,0.605679,0.447032
4866,1.523341,1.806229,MGC,0.664953,0.451220,1.012951,0.815007
4867,1.257387,1.270187,MGC,0.770932,0.822007,0.969360,1.044102
4868,1.413948,1.575798,MGC,0.606976,0.553649,0.858232,0.872438
4869,1.524232,1.828663,MGC,0.590726,0.425849,0.900403,0.778735
4872,1.371793,1.954452,MGC,0.706174,0.445148,0.968724,0.870021
4873,1.282926,1.433704,MGC,0.868754,0.684531,1.114548,0.981415
4875,1.481184,2.313545,MGC,0.504409,0.171403,0.747123,0.396550
4876,1.703620,1.711985,MGC,0.612280,0.700867,1.043092,1.199874
4877,1.710286,1.593668,HWC,0.516861,0.574102,0.883980,0.914928
4879,1.643854,1.876996,MGC,0.478651,0.402920,0.786832,0.756280
488,1.411184,1.559552,MGC,0.687579,0.506516,0.970301,0.789938
4880,1.513658,3.568255,MGC,0.580129,0.072137,0.878117,0.257403
4881,1.612006,1.734717,MGC,0.460927,0.790959,0.743017,1.372090
4882,1.517423,2.100114,MGC,0.540801,0.290465,0.820623,0.610009
4884,1.568327,5.148175,MGC,0.569648,0.064441,0.893395,0.331756
4886,1.422342,1.303267,HWC,0.661056,1.092193,0.940248,1.423419
4887,1.563511,1.528765,HWC,0.505628,0.572203,0.790554,0.874764
4888,1.525155,1.758186,MGC,0.646319,0.480019,0.985736,0.843963
4889,1.808425,2.213986,MGC,0.406331,0.297578,0.734819,0.658834
4894,1.786882,2.001498,MGC,0.336414,0.373759,0.601132,0.748079
4896,1.342056,1.280454,HWC,0.425872,1.141896,0.571544,1.462146
4897,1.405359,1.283598,HWC,0.894442,1.278433,1.257013,1.640994
4898,1.433723,1.313665,HWC,0.510572,0.917831,0.732019,1.205722
49,1.472767,1.671987,MGC,0.776093,0.581101,1.143004,0.971593
490,1.604029,1.962402,MGC,0.492909,0.302946,0.790640,0.594502
4900,1.290111,1.297531,MGC,1.065069,0.815958,1.374057,1.058730
4901,1.546192,1.407580,HWC,0.554071,0.939566,0.856700,1.322514
4902,1.553163,1.896612,MGC,0.672962,0.411011,1.045220,0.779529
4903,1.231976,1.272333,MGC,1.051789,1.048349,1.295778,1.333849
4904,1.646124,1.363891,HWC,0.589367,1.142394,0.970170,1.558102
4905,1.482839,1.837416,MGC,0.765174,0.494192,1.134629,0.908037
4906,1.316795,1.451809,MGC,0.842863,0.495078,1.109878,0.718759
4907,1.759909,1.597927,HWC,0.357911,0.551410,0.629890,0.881112
4908,1.550229,1.899560,MGC,0.396618,0.312324,0.614848,0.593278
4909,1.479237,1.496217,MGC,0.830195,0.813182,1.228055,1.216697
4910,1.488378,1.529809,MGC,0.557839,0.601498,0.830275,0.920177
4911,1.659909,1.646296,HWC,0.476265,0.485436,0.790556,0.799170
4915,1.425574,1.585656,MGC,0.568345,0.973750,0.810217,1.544033
4916,1.485353,1.751613,MGC,0.460282,0.347313,0.683681,0.608357
4917,1.445590,1.615476,MGC,0.543062,0.476210,0.785044,0.769306
4919,1.489692,2.043959,MGC,0.521227,0.304645,0.776467,0.622681
492,1.507613,1.628592,MGC,0.653705,0.561285,0.985534,0.914104
4920,1.650563,1.828799,MGC,0.605279,0.486090,0.999051,0.888960
4921,1.526744,1.803360,MGC,0.556160,0.380513,0.849114,0.686202
4925,1.527424,1.621712,MGC,0.443476,0.656580,0.677377,1.064783
4928,1.838705,2.320192,MGC,0.317708,0.271569,0.584171,0.630092
4929,2.266507,2.496339,MGC,0.209943,0.142675,0.475837,0.356166
493,1.412901,2.540356,MGC,0.515981,0.133858,0.729031,0.340046
4930,1.688423,1.300928,HWC,0.440103,1.300798,0.743080,1.692245
4931,1.467188,1.673941,MGC,0.566057,0.392994,0.830512,0.657849
4932,2.144678,2.165702,MGC,0.277620,0.268443,0.595405,0.581368
4933,1.481542,1.680526,MGC,0.620860,0.509619,0.919830,0.856428
4934,1.601223,1.597600,HWC,0.738387,0.658355,1.182323,1.051788
4935,1.389850,1.417117,MGC,0.765501,0.728809,1.063932,1.032808
4937,1.251879,1.313158,MGC,0.928110,0.864519,1.161882,1.135250
494,1.703992,1.762438,MGC,0.461556,0.505953,0.786487,0.891711
4940,1.572210,1.516848,HWC,0.511046,0.664096,0.803471,1.007334
4941,1.247647,1.341822,MGC,0.919480,0.662584,1.147187,0.889070
4942,1.474082,2.127468,MGC,0.731173,0.345767,1.077809,0.735608
4943,1.701625,2.042851,MGC,0.569858,0.507968,0.969684,1.037702
4944,1.525001,2.089896,MGC,0.650863,0.222357,0.992567,0.464703
4945,1.564624,1.747421,MGC,0.544563,0.463205,0.852037,0.809415
4946,1.324557,1.596255,MGC,1.084090,0.661691,1.435940,1.056227
4948,1.448226,1.689966,MGC,0.471742,0.420933,0.683190,0.711362
495,1.306554,1.310364,MGC,1.054207,1.319678,1.377378,1.729259
4951,1.458760,1.697796,MGC,0.670769,0.611811,0.978491,1.038730
4954,1.348218,1.221785,HWC,0.763086,1.162713,1.028807,1.420585
4955,1.335183,1.435204,MGC,0.600156,0.585402,0.801318,0.840172
4956,1.615495,1.801238,MGC,0.565166,0.528800,0.913023,0.952494
4957,1.177753,2.025535,MGC,1.120891,0.177512,1.320132,0.359556
496,1.329634,1.361746,MGC,0.714123,0.910207,0.949523,1.239470
4961,1.233983,1.506434,MGC,0.911885,0.599700,1.125251,0.903409
4962,1.441865,1.559540,MGC,0.849708,0.797131,1.225165,1.243158
4963,1.358518,6.464055,MGC,0.735177,0.047938,0.998751,0.309873
4965,1.424638,1.519478,MGC,0.781570,0.696362,1.113454,1.058107
4967,1.756407,1.776913,MGC,0.503005,0.462965,0.883481,0.822648
4968,1.677726,1.882210,MGC,0.525665,0.342051,0.881922,0.643811
4969,1.522680,1.503985,HWC,0.672787,0.720340,1.024440,1.083381
497,1.411331,1.715716,MGC,0.739038,0.450160,1.043026,0.772346
4970,1.614049,1.958327,MGC,0.684971,0.726393,1.105577,1.422515
4971,2.006226,1.784597,HWC,0.487804,0.652345,0.978644,1.164172
4972,1.466494,1.912257,MGC,0.551060,0.325262,0.808127,0.621984
4974,1.287554,2.825665,MGC,0.772044,0.109261,0.994048,0.308735
4977,1.508247,1.909043,MGC,0.549438,0.348507,0.828688,0.665316
4978,1.530286,1.946734,MGC,0.690293,0.421041,1.056346,0.819655
498,1.678935,2.187818,MGC,0.315577,0.276391,0.529834,0.604693
4982,1.334671,1.484348,MGC,0.603079,0.595793,0.804912,0.884365
4983,1.511769,1.623635,MGC,0.551935,0.646375,0.834399,1.049477
4984,1.322670,1.333233,MGC,0.577374,0.658173,0.763675,0.877498
4985,1.399635,2.184282,MGC,0.611715,0.230332,0.856177,0.503110
4986,1.370153,1.714137,MGC,0.626267,0.487246,0.858081,0.835206
4987,1.453946,1.300549,HWC,0.808613,1.131489,1.175680,1.471557
499,1.590774,1.605470,MGC,0.572075,0.730998,0.910042,1.173595
4990,1.480032,2.684215,MGC,0.509079,0.105228,0.753453,0.282454
4991,1.657695,1.552896,HWC,0.498836,0.699552,0.826917,1.086331
4992,1.498438,1.527569,MGC,0.574552,0.642843,0.860931,0.981987
4993,1.460964,1.971942,MGC,0.755085,0.373569,1.103151,0.736656
4995,1.385652,1.506030,MGC,0.712241,0.508428,0.986919,0.765708
4996,1.645648,2.063540,MGC,0.421330,0.279453,0.693362,0.576663
4997,1.356495,1.653914,MGC,0.763008,0.483118,1.035017,0.799035
4998,1.767525,6.372394,MGC,0.292116,0.053325,0.516323,0.339811
5,1.323559,1.490736,MGC,0.664167,0.879813,0.879065,1.311568
50,1.455192,1.658169,MGC,0.767354,0.838537,1.116648,1.390436
500,1.711397,1.643635,HWC,0.429739,0.504394,0.735454,0.829039
5002,1.907925,1.977077,MGC,0.280696,0.271605,0.535547,0.536984
5006,1.325737,1.315009,HWC,0.754790,0.733335,1.000653,0.964342
5007,1.442342,1.610785,MGC,0.686581,0.662578,0.990284,1.067271
5008,1.444065,1.423085,HWC,0.637154,0.729907,0.920092,1.038719
501,1.391783,1.409715,MGC,0.608140,0.736563,0.846399,1.038344
5010,1.349304,1.323416,HWC,1.070255,1.236370,1.444099,1.636232
5013,1.427992,2.909420,MGC,0.498500,0.076173,0.711854,0.221619
5016,1.313128,1.548579,MGC,0.974120,0.582858,1.279144,0.902602
5017,1.516246,1.573395,MGC,0.593381,0.627510,0.899711,0.987322
5018,1.265591,1.776757,MGC,1.397654,0.279278,1.768858,0.496210
5020,1.547370,1.621764,MGC,0.577428,0.424272,0.893495,0.688069
5021,1.545389,1.720935,MGC,0.513811,0.571260,0.794037,0.983101
5024,2.807848,4.514146,MGC,0.183068,0.090724,0.514028,0.409542
5026,1.650438,1.846263,MGC,0.502796,0.387493,0.829834,0.715413
5027,1.273875,1.405741,MGC,0.787475,0.671021,1.003145,0.943281
5029,1.588222,2.890978,MGC,0.490362,0.169582,0.778804,0.490257
503,1.331301,1.343622,MGC,0.757774,0.808122,1.008825,1.085810
5030,1.359413,1.450047,MGC,0.890465,0.756756,1.210510,1.097331
5031,1.266847,1.516017,MGC,0.940864,0.610201,1.191930,0.925074
5035,1.622073,1.681318,MGC,0.501105,0.477464,0.812828,0.802768
5036,1.903334,1.922805,MGC,0.402876,0.408766,0.766808,0.785977
5037,1.211993,1.293520,MGC,1.140894,0.936427,1.382756,1.211287
5038,1.321150,1.291793,HWC,0.886425,1.206004,1.171101,1.557908
5039,1.354748,1.536875,MGC,0.936672,0.662463,1.268955,1.018122
504,1.566454,1.757737,MGC,0.668188,0.487895,1.046686,0.857591
5041,1.253662,2.048652,MGC,0.929397,0.488201,1.165149,1.000154
5042,1.252573,1.346792,MGC,1.054363,0.930215,1.320667,1.252806
5043,1.482774,1.409783,HWC,0.697607,0.985451,1.034394,1.389273
5044,1.478366,1.899733,MGC,0.649001,0.544695,0.959462,1.034774
5045,1.426369,1.747520,MGC,0.866984,0.700948,1.236639,1.224921
5047,1.433541,1.698193,MGC,0.821585,0.772778,1.177775,1.312326
5048,1.729927,2.201201,MGC,0.415550,0.311203,0.718872,0.685021
505,1.452014,1.521303,MGC,0.861703,0.692152,1.251205,1.052972
5050,1.480120,1.928641,MGC,0.356452,0.234533,0.527591,0.452330
5051,1.367827,1.446268,MGC,0.594645,0.583934,0.813372,0.844526
5052,1.527849,1.717626,MGC,0.458989,0.369745,0.701265,0.635083
5054,1.608141,2.400322,MGC,0.428252,0.240523,0.688690,0.577332
5055,1.241642,1.535714,MGC,1.011437,0.655215,1.255842,1.006223
5058,1.507422,1.697116,MGC,0.677047,0.436985,1.020595,0.741613
5059,1.561169,2.615885,MGC,0.445999,0.163161,0.696280,0.426811
506,1.456215,1.530423,MGC,0.701187,0.749564,1.021080,1.147151
5063,1.570547,1.509265,HWC,0.468156,0.615337,0.735261,0.928707
5064,1.658715,1.627195,HWC,0.523060,0.584246,0.867608,0.950682
5066,1.324326,1.584846,MGC,0.801917,0.510368,1.061999,0.808855
5067,1.288615,2.817091,MGC,1.119979,0.110295,1.443222,0.310711
5068,1.342952,1.480002,MGC,0.618653,0.529429,0.830821,0.783557
5069,1.432427,1.726189,MGC,0.533164,0.115582,0.763719,0.199516
507,1.458857,1.641992,MGC,0.714234,0.430049,1.041964,0.706137
5070,1.428266,1.763748,MGC,0.562534,0.346071,0.803448,0.610382
5071,1.438879,1.359773,HWC,0.597868,1.006422,0.860260,1.368505
5073,1.792982,1.915045,MGC,0.433462,0.476770,0.777190,0.913037
5074,1.541765,1.554406,MGC,0.740907,0.712649,1.142305,1.107745
5075,1.931341,1.950743,MGC,0.267226,0.231083,0.516105,0.450784
5076,1.575456,1.794391,MGC,0.528251,0.331080,0.832236,0.594086
5077,1.249879,1.343506,MGC,0.919174,0.841717,1.148856,1.130851
5080,1.353185,1.304869,HWC,0.786657,0.986739,1.064492,1.287565
5081,1.907342,2.305179,MGC,0.438175,0.515313,0.835749,1.187888
5083,1.704713,3.126938,MGC,0.384848,0.129280,0.656056,0.404250
5084,1.218066,2.364938,MGC,0.796524,0.186053,0.970219,0.440005
5085,1.301295,1.397937,MGC,0.936352,0.829540,1.218471,1.159645
5088,1.471576,1.765535,MGC,0.533851,0.342615,0.785602,0.604898
5089,1.590617,1.884929,MGC,0.595834,0.454965,0.947743,0.857576
509,1.313947,1.227826,HWC,0.504165,1.204619,0.662447,1.479063
5090,1.339481,1.425509,MGC,0.837120,1.001509,1.121307,1.427660
5091,1.460142,1.583498,MGC,0.743524,0.621480,1.085650,0.984113
5092,1.618038,1.612390,HWC,0.556065,0.795579,0.899734,1.282783
5093,1.361903,2.195746,MGC,0.944131,0.276002,1.285815,0.606030
5094,1.211858,1.264534,MGC,0.624598,0.652212,0.756924,0.824744
5097,1.678560,1.657539,HWC,0.393959,0.984268,0.661283,1.631463
5098,1.191160,1.318559,MGC,1.252157,0.958846,1.491519,1.264296
5099,1.242251,1.448363,MGC,0.995357,0.534124,1.236484,0.773606
51,1.336691,1.455660,MGC,0.646462,0.535231,0.864119,0.779114
510,1.371706,1.566154,MGC,0.976995,0.785681,1.340149,1.230497
5100,1.467345,1.583335,MGC,0.370137,0.549617,0.543118,0.870228
5102,1.481390,1.881968,MGC,0.751713,0.405497,1.113580,0.763133
5105,1.206677,1.306810,MGC,1.107321,1.001022,1.336178,1.308147
5106,1.588773,1.664500,MGC,0.453711,0.400553,0.720844,0.666721
5109,1.591914,2.342837,MGC,0.507539,0.238012,0.807959,0.557623
511,1.424550,1.656889,MGC,0.693241,0.719540,0.987557,1.192199
5110,1.420226,1.527912,MGC,0.583125,0.699165,0.828169,1.068262
5112,1.285232,1.252601,HWC,0.894156,0.991102,1.149198,1.241455
5113,1.492909,2.072992,MGC,0.667019,0.449967,0.995798,0.932778
5114,1.301034,1.583183,MGC,1.235420,0.931900,1.607323,1.475368
5115,1.347471,1.383000,MGC,0.767988,0.790797,1.034841,1.093673
5118,1.291636,1.289240,HWC,0.806874,1.001231,1.042187,1.290827
5120,1.383122,1.450446,MGC,0.651075,0.759223,0.900517,1.101211
5121,1.298853,1.345563,MGC,0.815419,0.819879,1.059109,1.103199
5122,1.621854,1.490351,HWC,0.428721,0.622237,0.695323,0.927352
5124,1.336670,1.518787,MGC,0.743040,0.608566,0.993199,0.924283
5125,1.363829,1.462211,MGC,0.799859,0.638154,1.090870,0.933116
5126,1.243902,1.325608,MGC,0.946153,1.033584,1.176921,1.370126
5127,1.315576,1.329427,MGC,0.794961,1.021573,1.045832,1.358107
5128,1.752268,1.761005,MGC,0.416085,0.463125,0.729093,0.815566
5129,1.699997,1.796546,MGC,0.552293,0.550445,0.938897,0.988900
5131,1.246947,1.541256,MGC,1.275248,0.534741,1.590167,0.824173
5132,1.633508,1.666178,MGC,0.358829,0.357649,0.586150,0.595908
5133,1.348323,1.767228,MGC,0.726038,0.355346,0.978934,0.627978
5134,1.529967,1.550005,MGC,0.638489,0.615066,0.976867,0.953355
5135,1.703191,2.197556,MGC,0.426999,0.256813,0.727260,0.564361
5137,1.512617,1.655084,MGC,0.538436,0.472368,0.814447,0.781809
5138,1.574654,1.700881,MGC,0.649799,0.667905,1.023208,1.136026
5139,1.449019,1.358053,HWC,0.620592,1.023676,0.899249,1.390206
5140,1.643242,2.015638,MGC,0.414694,0.371031,0.681442,0.747863
5142,1.528269,3.031508,MGC,0.321916,0.159809,0.491975,0.484462
5143,1.638218,1.968855,MGC,0.388937,0.361170,0.637163,0.711091
5145,1.385542,1.616130,MGC,0.586033,0.545365,0.811974,0.881381
5146,1.618067,1.767973,MGC,0.552070,0.484569,0.893286,0.856705
5148,1.296352,1.268023,HWC,0.917328,1.303751,1.189181,1.653186
5150,1.476138,1.459339,HWC,0.536606,0.635435,0.792105,0.927315
5151,1.210962,1.350123,MGC,0.890446,0.824166,1.078296,1.112725
5152,1.588714,1.674132,MGC,0.598260,0.540525,0.950463,0.904911
5154,1.771816,1.726315,HWC,0.351107,0.403536,0.622097,0.696630
5155,1.313755,1.335641,MGC,0.809891,0.961516,1.063998,1.284241
5156,1.399967,1.558106,MGC,0.650824,0.492400,0.911132,0.767212
5158,1.723280,2.300479,MGC,0.440608,0.280515,0.759290,0.645320
5159,1.729256,1.658261,HWC,0.408560,0.810978,0.706506,1.344813
516,1.466174,1.423248,HWC,0.632578,0.692989,0.927470,0.986295
5160,1.334177,1.486887,MGC,0.796081,0.671474,1.062113,0.998406
5161,1.464567,1.956950,MGC,0.499749,0.329861,0.731915,0.645522
5162,1.241886,1.872889,MGC,1.087749,0.299041,1.350859,0.560070
5163,1.572937,2.006983,MGC,0.442799,0.321189,0.696495,0.644620
5164,1.969247,1.484503,HWC,0.315139,1.036488,0.620587,1.538669
5165,1.626580,1.619295,HWC,0.760334,0.748174,1.236744,1.211514
5167,1.452466,1.463439,MGC,0.840293,0.896434,1.220496,1.311876
5168,1.411878,1.565228,MGC,0.556145,0.425861,0.785208,0.666569
5170,1.469518,1.666233,MGC,0.784372,0.526648,1.152649,0.877519
5171,1.656344,1.744755,MGC,0.516594,0.427755,0.855657,0.746327
5174,1.704301,2.522057,MGC,0.405116,0.257236,0.690439,0.648764
5175,1.713017,1.763473,MGC,0.424729,0.368748,0.727568,0.650276
5178,1.511670,1.611589,MGC,0.475415,0.713473,0.718671,1.149826
5179,1.565098,1.675624,MGC,0.598971,0.541621,0.937449,0.907554
5182,1.503582,1.476858,HWC,0.592588,0.701897,0.891005,1.036603
5184,1.413582,1.402489,HWC,0.534811,0.602145,0.756000,0.844501
5185,1.618392,1.524616,HWC,0.720081,0.803345,1.165373,1.224792
5186,1.321460,1.367118,MGC,0.899870,0.746724,1.189142,1.020860
519,1.443750,1.993051,MGC,0.583091,0.369190,0.841837,0.735815
5191,1.266579,1.734026,MGC,1.287172,0.437096,1.630304,0.757936
5193,1.613885,1.689427,MGC,0.570880,0.512622,0.921334,0.866038
5194,1.508312,1.834561,MGC,0.618052,0.534586,0.932215,0.980731
5195,1.401617,1.695150,MGC,0.837874,0.658908,1.174378,1.116949
5198,1.402013,1.365371,HWC,0.823169,1.110994,1.154094,1.516918
5199,1.437630,1.462357,MGC,0.505154,0.606295,0.726225,0.886620
52,1.916125,2.828775,MGC,0.325049,0.206688,0.622834,0.584673
520,1.281331,2.089080,MGC,0.822569,0.158757,1.053983,0.331656
5200,1.332138,1.515246,MGC,0.883744,0.662367,1.177269,1.003649
5201,1.753932,1.662387,HWC,0.515037,0.719854,0.903339,1.196675
5202,1.654570,1.777093,MGC,0.578364,0.763636,0.956944,1.357052
5205,1.610588,1.875115,MGC,0.740568,0.523001,1.192750,0.980687
5207,1.533183,1.434653,HWC,0.492680,0.691653,0.755368,0.992282
5209,1.721797,1.846949,MGC,0.412053,0.508120,0.709471,0.938472
521,1.454452,1.750493,MGC,0.964418,0.705703,1.402700,1.235328
5210,1.392362,1.638082,MGC,0.636106,0.592673,0.885690,0.970848
5211,1.380498,1.592417,MGC,0.600050,0.391508,0.828368,0.623445
5213,1.436309,1.845364,MGC,0.620545,0.361745,0.891295,0.667552
5214,1.635958,1.806502,MGC,0.535764,0.517953,0.876487,0.935683
5217,1.479274,1.629695,MGC,0.875791,0.654145,1.295535,1.066057
5219,1.401802,2.201596,MGC,1.072897,0.087512,1.503990,0.192665
5220,1.669817,1.698908,MGC,0.456500,0.648979,0.762271,1.102557
5221,1.450415,1.547047,MGC,0.576886,0.654668,0.836724,1.012802
5223,1.267039,1.572772,MGC,1.172319,0.989805,1.485374,1.556738
5224,1.350297,1.473965,MGC,0.718206,0.751836,0.969792,1.108179
5225,1.812590,3.177014,MGC,0.311531,0.132095,0.564679,0.419667
5226,1.541771,1.452047,HWC,0.458345,0.571825,0.706663,0.830316
5227,1.559875,1.882728,MGC,0.518562,0.430738,0.808892,0.810962
5228,1.435749,1.600303,MGC,0.646045,0.577016,0.927558,0.923401
5229,1.555893,1.696746,MGC,0.508386,0.476577,0.790994,0.808630
5230,1.530919,1.685363,MGC,0.564658,0.460527,0.864446,0.776156
5231,1.351774,1.343573,HWC,0.397173,0.805038,0.536888,1.081627
5232,1.584468,1.609005,MGC,0.707410,0.712482,1.120868,1.146387
5233,1.351238,1.532038,MGC,0.776153,0.513506,1.048768,0.786711
5235,1.518684,1.552890,MGC,0.474228,0.558626,0.720202,0.867485
5237,1.422414,1.903366,MGC,0.621432,0.562813,0.883934,1.071240
5239,1.306572,1.499492,MGC,1.159644,0.645027,1.515159,0.967213
524,1.452260,1.520863,MGC,0.907756,0.913877,1.318298,1.389881
5240,1.526815,2.197561,MGC,0.451404,0.222227,0.689211,0.488358
5241,1.373988,3.308329,MGC,0.426613,0.111488,0.586162,0.368840
5242,1.731970,2.385893,MGC,0.326331,0.207359,0.565196,0.494736
5244,1.355157,1.583771,MGC,0.962433,0.689650,1.304247,1.092249
5245,1.341235,1.959711,MGC,0.798644,0.371639,1.071170,0.728305
5247,1.385260,1.575144,MGC,0.676177,0.552368,0.936682,0.870059
5248,1.469576,1.813213,MGC,0.432810,0.287289,0.636047,0.520917
525,1.344325,1.548771,MGC,0.987663,0.742804,1.327740,1.150434
5251,1.408989,1.658388,MGC,0.579960,0.386670,0.817157,0.641249
5252,1.279480,1.633506,MGC,1.054148,0.749282,1.348762,1.223957
5253,1.285968,1.596718,MGC,0.800617,0.540435,1.029568,0.862923
5254,1.275236,1.606594,MGC,1.022137,0.548110,1.303465,0.880590
5255,1.367925,1.348509,HWC,0.682386,1.004443,0.933453,1.354501
5256,1.401955,1.398538,HWC,0.653402,0.801680,0.916040,1.121180
5257,1.230000,1.302703,MGC,1.091635,0.858043,1.342711,1.117775
5258,1.640178,1.796601,MGC,0.670882,0.504963,1.100366,0.907217
5259,1.431902,1.366593,HWC,0.526176,0.778429,0.753433,1.063795
526,1.452754,1.765976,MGC,0.664096,0.509100,0.964768,0.899059
5260,1.439926,1.645272,MGC,0.825963,0.736550,1.189326,1.211825
5264,1.604920,1.907630,MGC,0.365498,0.354184,0.586594,0.675653
5265,1.467376,1.676833,MGC,0.556309,0.476684,0.816314,0.799320
5267,1.367155,1.251772,HWC,0.655921,1.108560,0.896745,1.387664
5269,1.307748,1.934268,MGC,0.732374,0.104374,0.957761,0.201887
527,1.530734,1.423547,HWC,0.421386,0.670237,0.645029,0.954114
5270,1.452228,2.215476,MGC,0.584665,0.207869,0.849066,0.460529
5271,1.753113,1.766296,MGC,0.649335,0.668213,1.138358,1.180262
5273,1.527412,1.531925,MGC,0.801262,0.876914,1.223858,1.343366
5274,1.597087,1.895514,MGC,0.433426,0.243951,0.692219,0.462413
5276,1.513368,1.288222,HWC,0.579948,1.271044,0.877675,1.637387
5277,1.569644,1.462388,HWC,0.645915,1.042574,1.013857,1.524648
5278,1.655152,1.772596,MGC,0.338099,0.338799,0.559606,0.600554
528,1.282045,1.532336,MGC,0.933300,0.683231,1.196533,1.046940
5280,1.276900,1.615993,MGC,0.885868,0.495708,1.131165,0.801060
5281,1.351544,1.383602,MGC,0.758974,0.797507,1.025787,1.103432
5282,1.312284,2.269650,MGC,0.881144,0.298104,1.156311,0.676591
5286,1.562536,5.616646,MGC,0.752616,0.039518,1.175989,0.221959
5289,1.304402,1.773471,MGC,0.828755,0.236553,1.081030,0.419519
529,1.372720,2.096754,MGC,0.603469,0.222899,0.828394,0.467363
5291,1.477029,2.007200,MGC,0.681187,0.303863,1.006133,0.609915
5292,1.454689,1.534719,MGC,0.611203,0.587886,0.889110,0.902240
5293,1.387008,2.051837,MGC,0.608302,0.267401,0.843719,0.548664
5294,1.978909,2.609801,MGC,0.294482,0.220725,0.582753,0.576048
5296,1.597625,2.337226,MGC,0.316636,0.112370,0.505865,0.262633
5297,1.188252,1.273351,MGC,1.513582,1.242503,1.798518,1.582142
5299,1.418994,3.626447,MGC,1.022426,0.069355,1.450816,0.251512
5300,1.262500,1.218874,HWC,0.730213,1.905280,0.921894,2.322297
5302,1.565676,1.869001,MGC,0.624765,0.403960,0.978180,0.755001
5303,1.420453,1.849283,MGC,0.674962,0.382730,0.958752,0.707777
5305,1.362758,1.454331,MGC,0.954966,0.840828,1.301388,1.222842
5306,1.273238,1.297534,MGC,0.850363,0.841241,1.082714,1.091539
5307,1.388067,1.419808,MGC,0.799175,0.887477,1.109308,1.260047
5308,1.341344,1.738422,MGC,0.720519,0.235449,0.966463,0.409309
5310,1.672110,2.007621,MGC,0.448260,0.344300,0.749540,0.691224
5311,1.455632,1.679210,MGC,0.472781,0.439753,0.688195,0.738437
5312,1.507063,1.521926,MGC,0.768084,0.699576,1.157551,1.064702
5313,1.708633,1.827737,MGC,0.483519,0.265357,0.826156,0.485004
5314,1.710068,1.856494,MGC,0.667189,0.658199,1.140939,1.221942
5315,1.410052,1.364320,HWC,0.788318,0.881192,1.111570,1.202228
5316,1.610811,1.707160,MGC,0.507455,0.511397,0.817414,0.873036
5317,1.364202,1.346016,HWC,0.712933,0.731226,0.972584,0.984242
5318,1.493153,1.345585,HWC,0.640330,0.889702,0.956111,1.197169
5319,1.646693,3.305926,MGC,0.537423,0.165586,0.884971,0.547414
532,1.413300,1.380059,HWC,0.689686,0.689080,0.974734,0.950971
5320,1.538932,1.626842,MGC,0.711218,0.648725,1.094516,1.055372
5321,1.366641,1.399303,MGC,0.823285,0.817857,1.125135,1.144429
5322,1.726318,1.655219,HWC,0.409272,0.811757,0.706534,1.343635
5325,1.362645,2.200606,MGC,0.865766,0.247634,1.179731,0.544946
5329,1.362553,1.332644,HWC,0.877073,0.939298,1.195059,1.251750
533,1.901839,3.907462,MGC,0.316460,0.078528,0.601857,0.306847
5330,1.690110,2.047688,MGC,0.361620,0.255241,0.611177,0.522654
5331,1.547310,3.037598,MGC,0.410204,0.124606,0.634713,0.378504
5332,1.470323,1.815145,MGC,0.653156,0.457375,0.960350,0.830201
5336,1.446410,1.529744,MGC,0.535412,0.455223,0.774425,0.696375
5338,1.241678,1.289691,MGC,1.020929,1.324704,1.267665,1.708460
5339,1.621438,2.402257,MGC,0.480148,0.189691,0.778530,0.455687
534,1.361977,1.417915,MGC,0.833212,0.816082,1.134816,1.157135
5340,1.331758,1.168567,HWC,0.699975,1.720848,0.932197,2.010928
5341,1.660608,1.766569,MGC,0.353627,0.341575,0.587236,0.603415
5342,1.365037,1.503946,MGC,0.721227,0.516010,0.984502,0.776052
5343,1.508180,1.580985,MGC,0.523889,0.430754,0.790119,0.681016
5344,1.435443,1.448579,MGC,0.824016,0.612559,1.182828,0.887340
5346,1.482292,1.504491,MGC,0.665143,0.614401,0.985936,0.924360
5347,1.554589,2.133557,MGC,0.485367,0.299144,0.754546,0.638241
5348,1.468293,1.734840,MGC,0.625891,0.438712,0.918992,0.761095
5349,1.405537,1.347088,HWC,0.620805,0.976409,0.872564,1.315308
5350,1.538720,1.857248,MGC,0.559608,0.323774,0.861080,0.601329
5351,1.352503,1.600430,MGC,0.946565,0.833398,1.280231,1.333795
5352,1.849572,2.316512,MGC,0.427617,0.286945,0.790908,0.664712
5355,1.627832,1.872845,MGC,0.637748,0.517392,1.038146,0.968995
5357,1.310003,1.745344,MGC,1.009197,0.669234,1.322051,1.168044
5358,1.487156,1.453300,HWC,0.682099,0.846259,1.014387,1.229869
5359,1.271227,1.281096,MGC,0.832594,0.809670,1.058416,1.037265
536,1.411715,1.856778,MGC,0.594553,0.409611,0.839339,0.760557
5360,1.422998,1.463185,MGC,0.747695,0.786772,1.063969,1.151193
5361,1.444509,1.568973,MGC,0.534351,0.598452,0.771875,0.938956
5362,1.388572,3.843757,MGC,0.444329,0.081424,0.616984,0.312976
5363,1.479956,1.554459,MGC,0.764476,0.655019,1.131391,1.018201
5367,1.498604,1.668513,MGC,0.491054,0.553802,0.735895,0.924026
5368,1.412264,1.644824,MGC,0.860906,0.759725,1.215826,1.249613
5369,1.430536,1.424803,HWC,0.690038,0.699892,0.987124,0.997208
537,1.359748,1.405666,MGC,0.757994,0.795670,1.030682,1.118446
5370,1.359639,2.304764,MGC,0.373815,0.103320,0.508254,0.238127
5371,1.662469,1.383178,HWC,0.357134,0.519095,0.593724,0.718001
5372,1.682239,2.213075,MGC,0.450056,0.238562,0.757103,0.527956
5373,1.720822,2.158802,MGC,0.344785,0.337038,0.593313,0.727599
5375,1.628458,2.195499,MGC,0.455892,0.414238,0.742401,0.909460
5376,1.792426,1.684417,HWC,0.416676,0.431763,0.746860,0.727269
5379,1.570821,1.579459,MGC,0.439998,0.466569,0.691158,0.736926
538,1.427389,1.603007,MGC,0.691435,0.565596,0.986947,0.906654
5382,1.612501,1.615723,MGC,0.485736,0.556342,0.783249,0.898895
5383,1.452967,1.646879,MGC,0.882927,0.628466,1.282863,1.035008
5384,1.610695,1.518213,HWC,0.553869,0.674229,0.892114,1.023623
5385,1.366258,1.545266,MGC,0.756304,0.606981,1.033307,0.937947
5386,1.601867,2.391766,MGC,0.378479,0.252053,0.606274,0.602852
5387,1.307891,1.456650,MGC,0.864774,0.783607,1.131031,1.141441
5388,1.608860,1.691190,MGC,0.472971,0.421765,0.760944,0.713285
5389,1.303637,1.531004,MGC,0.660437,0.935012,0.860970,1.431507
539,1.324708,1.837359,MGC,0.778650,0.344309,1.031484,0.632619
5390,1.779259,1.834330,MGC,0.364121,0.370072,0.647865,0.678835
5392,1.604818,2.058472,MGC,0.503458,0.403851,0.807958,0.831316
5393,1.313437,1.666353,MGC,0.771323,0.582553,1.013084,0.970738
5394,1.297793,1.345917,MGC,1.004068,0.906080,1.303072,1.219509
5396,1.352360,1.457305,MGC,0.764849,0.490425,1.034351,0.714699
5397,1.385121,2.080283,MGC,0.810662,0.096707,1.122865,0.201177
5398,1.438383,1.585654,MGC,0.453013,0.511113,0.651606,0.810449
54,1.274677,1.380161,MGC,0.938203,0.767418,1.195905,1.059161
540,1.528029,1.359807,HWC,0.539175,0.957965,0.823874,1.302648
5400,1.668542,1.971713,MGC,0.554315,0.415985,0.924898,0.820203
5401,1.528778,1.516800,HWC,0.507910,0.581729,0.776481,0.882366
5403,1.408239,1.723972,MGC,0.848067,0.576505,1.194280,0.993879
5405,1.570954,1.964262,MGC,0.417538,0.263887,0.655933,0.518344
5406,1.279626,1.240883,HWC,1.089862,1.370523,1.394616,1.700659
5407,1.559172,1.574422,MGC,0.343150,0.430619,0.535030,0.677976
5408,1.612489,1.635990,MGC,0.469721,0.507202,0.757420,0.829777
5409,1.190461,1.366678,MGC,1.458595,0.727730,1.736400,0.994573
541,1.382402,1.339770,HWC,0.689559,1.043155,0.953248,1.397588
5410,1.177958,1.844664,MGC,1.153264,0.216623,1.358496,0.399597
5411,1.341663,1.959635,MGC,0.800541,0.405497,1.074056,0.794626
5414,1.368943,1.600964,MGC,0.690352,0.580459,0.945052,0.929294
5415,1.244754,1.306936,MGC,1.073007,0.934745,1.335629,1.221652
5417,1.316356,1.589396,MGC,0.615008,0.450053,0.809570,0.715312
5418,1.388632,2.652911,MGC,0.637202,0.096529,0.884839,0.256084
5419,1.487829,2.111370,MGC,0.466431,0.261863,0.693969,0.552889
542,1.705700,1.883547,MGC,0.409092,0.336656,0.697788,0.634107
5421,1.341398,1.590591,MGC,0.698313,0.459770,0.936716,0.731307
5422,1.592123,1.606564,MGC,0.324353,0.544921,0.516410,0.875451
5424,1.665948,1.665221,HWC,0.536751,0.750395,0.894200,1.249573
5427,1.212488,1.622340,MGC,0.860695,0.398389,1.043582,0.646322
543,1.661981,1.646823,HWC,0.441767,0.608854,0.734208,1.002675
5431,2.044934,2.374084,MGC,0.355808,0.281016,0.727604,0.667156
5433,1.661647,1.772048,MGC,0.520888,0.495329,0.865531,0.877747
5434,1.410128,1.522642,MGC,0.736715,0.723211,1.038862,1.101191
5435,1.529308,1.399750,HWC,0.482841,0.861545,0.738412,1.205948
5436,1.508209,1.988737,MGC,0.495256,0.328405,0.746949,0.653112
5437,1.455338,1.700630,MGC,0.584596,0.430197,0.850784,0.731606
5439,1.497275,1.669687,MGC,0.624274,0.522875,0.934709,0.873038
5440,1.457052,1.430440,HWC,0.798274,0.782836,1.163127,1.119801
5442,1.485785,1.867775,MGC,0.692581,0.644262,1.029026,1.203336
5443,1.289385,1.455677,MGC,0.935215,0.736506,1.205852,1.072115
5446,1.200851,1.529091,MGC,0.823988,0.555547,0.989487,0.849481
5447,1.360010,2.461255,MGC,0.562277,0.186819,0.764702,0.459808
5448,1.634503,1.509560,HWC,0.529807,0.726507,0.865972,1.096706
5449,1.669991,1.811738,MGC,0.527785,0.513345,0.881396,0.930047
545,1.553977,1.449974,HWC,0.370613,0.469336,0.575923,0.680525
5450,2.011084,2.149298,MGC,0.285561,0.304118,0.574286,0.653640
5451,1.467737,1.711698,MGC,0.619226,0.555462,0.908862,0.950783
5452,1.475410,1.601342,MGC,0.639541,0.539540,0.943586,0.863988
5453,1.429502,1.646115,MGC,0.659496,0.408377,0.942751,0.672235
5454,1.576098,1.450506,HWC,0.553763,0.642632,0.872785,0.932142
5457,1.473160,1.504160,MGC,0.718557,1.135434,1.058549,1.707874
5458,1.410214,1.524469,MGC,0.539938,0.652509,0.761428,0.994730
546,1.533212,1.449178,HWC,0.492253,0.633818,0.754728,0.918514
5460,1.358713,1.404564,MGC,0.821832,0.937227,1.116634,1.316396
5464,1.593920,1.826571,MGC,0.767236,0.611299,1.222913,1.116581
5465,1.395502,2.090140,MGC,0.824427,0.320622,1.150489,0.670145
5466,1.493223,1.908661,MGC,0.672508,0.310798,1.004204,0.593207
5468,1.461413,1.552957,MGC,0.620568,0.469852,0.906906,0.729660
547,1.630673,1.974412,MGC,0.614582,0.428215,1.002183,0.845474
5470,1.249161,1.787928,MGC,0.843147,0.103504,1.053226,0.185058
5471,1.433378,2.052935,MGC,0.723208,0.484940,1.036630,0.995550
5472,1.614596,4.055411,MGC,0.519765,0.049981,0.839211,0.202694
5473,1.591991,1.465542,HWC,0.620721,0.772455,0.988182,1.132066
5474,1.520688,1.907619,MGC,0.502514,0.365902,0.764167,0.698002
5476,1.324588,1.493054,MGC,0.927502,0.799905,1.228558,1.194301
5478,1.299934,1.495295,MGC,0.886169,0.814473,1.151961,1.217877
5479,1.439980,2.160278,MGC,0.708439,0.336329,1.020138,0.726564
548,1.343390,1.495432,MGC,0.703124,0.796421,0.944570,1.190993
5480,1.257091,1.204805,HWC,1.058698,1.551851,1.330880,1.869678
5481,1.257192,1.271612,MGC,0.746859,1.193957,0.938945,1.518251
5483,1.515522,1.660024,MGC,0.774845,0.687406,1.174294,1.141111
5484,1.409956,1.830291,MGC,0.734833,0.444982,1.036083,0.814446
5485,1.425244,1.507695,MGC,0.717968,0.724744,1.023280,1.092694
5486,1.688952,1.533153,HWC,0.571004,0.796554,0.964399,1.221239
5487,1.528966,1.465663,HWC,0.570669,0.890682,0.872534,1.305440
5488,1.340786,1.402204,MGC,0.701899,0.896940,0.941096,1.257694
5489,1.237001,1.218750,HWC,1.383500,1.408550,1.711390,1.716670
549,1.472185,1.489498,MGC,0.738217,0.937068,1.086792,1.395761
5490,1.401018,1.431284,MGC,0.755015,0.806501,1.057789,1.154332
5491,1.540370,1.561582,MGC,0.260868,0.342566,0.401833,0.534945
5493,1.514658,1.906607,MGC,0.452809,0.238645,0.685850,0.455003
5496,1.220020,1.330924,MGC,1.023305,0.979003,1.248453,1.302978
5497,1.299678,1.251028,HWC,0.675496,0.974189,0.877927,1.218738
5498,2.047184,2.249722,MGC,0.334046,0.287273,0.683853,0.646284
55,1.456233,1.501414,MGC,0.646317,0.635614,0.941188,0.954319
5500,1.279116,1.288562,MGC,0.975130,0.996342,1.247304,1.283848
5501,1.600165,3.296144,MGC,0.561585,0.089908,0.898628,0.296350
5502,1.399879,1.743935,MGC,0.783270,0.497600,1.096483,0.867783
5503,1.505529,1.529076,MGC,0.561629,0.575860,0.845549,0.880533
5504,1.402615,1.671930,MGC,0.666153,0.531459,0.934356,0.888563
5505,1.336839,1.358231,MGC,0.757308,0.787989,1.012399,1.070271
5506,1.738083,1.719322,HWC,0.493624,0.514796,0.857959,0.885100
5508,1.345292,1.803185,MGC,0.759242,0.486150,1.021402,0.876619
5509,1.358812,1.695165,MGC,0.785277,0.305671,1.067044,0.518163
551,1.854109,2.113162,MGC,0.377353,0.278873,0.699654,0.589304
5510,1.631815,1.701383,MGC,0.487579,0.467768,0.795639,0.795853
5513,1.391263,1.448568,MGC,0.597657,0.782045,0.831498,1.132845
5515,1.576260,1.569493,HWC,0.626512,0.712334,0.987546,1.118003
5517,1.295178,1.411231,MGC,0.742599,0.620530,0.961797,0.875711
5518,1.362745,1.469804,MGC,1.028959,0.976195,1.402208,1.434816
5519,1.679909,2.208567,MGC,0.510117,0.290553,0.856951,0.641706
552,1.389348,1.978458,MGC,0.625342,0.366193,0.868817,0.724498
5520,1.316660,1.339257,MGC,1.029475,1.047754,1.355468,1.403212
5523,1.363438,1.689179,MGC,0.771606,0.391891,1.052037,0.661975
5524,1.409401,1.348168,HWC,0.970956,1.256209,1.368467,1.693581
5525,1.471699,1.165771,HWC,0.591330,1.821268,0.870259,2.123181
5526,1.470427,2.125185,MGC,0.525181,0.233082,0.772241,0.495343
5527,1.270400,1.400117,MGC,1.146749,0.876741,1.456831,1.227541
5529,1.539581,1.461577,HWC,0.567032,0.653456,0.872991,0.955076
5532,1.347512,1.678450,MGC,0.822687,0.420691,1.108581,0.706110
5533,1.286398,1.648239,MGC,0.938871,0.590547,1.207762,0.973362
5534,1.412195,1.596066,MGC,0.416170,0.324413,0.587714,0.517784
5537,1.582602,2.058301,MGC,0.488388,0.321982,0.772923,0.662736
5539,1.302086,1.569860,MGC,0.564773,0.402835,0.735383,0.632395
554,1.355360,1.461423,MGC,0.727092,0.660742,0.985471,0.965624
5540,1.631364,1.491225,HWC,0.607233,0.864238,0.990618,1.288772
5541,1.780109,1.880035,MGC,0.319983,0.452363,0.569604,0.850458
5542,1.577770,1.710100,MGC,0.414829,0.517503,0.654504,0.884983
5543,4.441457,2.787859,HWC,0.137982,0.352945,0.612843,0.983962
5544,1.508814,2.629713,MGC,0.359451,0.095705,0.542344,0.251677
5545,1.718733,1.960911,MGC,0.404967,0.378647,0.696031,0.742494
5546,1.565352,1.543082,HWC,0.490592,0.675598,0.767949,1.042504
5547,1.281693,1.391470,MGC,0.934289,0.985913,1.197472,1.371867
5548,1.780294,1.941815,MGC,0.420569,0.359877,0.748737,0.698814
5550,1.428504,1.509483,MGC,0.619174,0.600375,0.884493,0.906255
5552,1.415481,1.856378,MGC,0.914919,0.784202,1.295050,1.455775
5553,1.957738,1.896138,HWC,0.296111,0.321605,0.579708,0.609807
5556,1.365305,1.710952,MGC,0.692322,0.397317,0.945230,0.679790
5557,1.358000,2.441360,MGC,0.797581,0.262103,1.083115,0.639888
5558,1.324152,3.103124,MGC,0.866388,0.132640,1.147229,0.411598
5559,1.357342,1.465960,MGC,0.797412,0.687728,1.082361,1.008182
556,1.507028,1.636826,MGC,0.652704,0.590922,0.983643,0.967236
5560,1.500265,1.887666,MGC,0.505945,0.347678,0.759052,0.656301
5562,1.784519,1.589426,HWC,0.289448,0.426204,0.516525,0.677420
5564,1.527984,1.956374,MGC,0.596776,0.439706,0.911865,0.860229
5567,1.406586,1.444509,MGC,0.759006,0.614945,1.067607,0.888294
5569,1.263830,1.452701,MGC,1.070669,0.852213,1.353143,1.238011
557,1.487305,1.606692,MGC,0.531261,0.603583,0.790147,0.969771
5570,1.737778,1.906977,MGC,0.324689,0.363647,0.564237,0.693467
5571,1.341411,1.992070,MGC,0.963070,0.432680,1.291872,0.861928
5572,1.397649,1.471625,MGC,0.648438,0.550477,0.906288,0.810095
5573,1.344670,1.567337,MGC,0.910445,0.870319,1.224248,1.364083
5574,1.697597,1.669577,HWC,0.508216,0.534514,0.862746,0.892413
5576,1.949100,2.982456,MGC,0.460425,0.186315,0.897414,0.555677
5579,1.652022,1.792688,MGC,0.464613,0.402438,0.767551,0.721446
558,1.389413,2.468809,MGC,0.548136,0.176583,0.761587,0.435949
5580,1.468343,1.670779,MGC,0.599694,0.425037,0.880557,0.710143
5581,1.626136,3.868428,MGC,0.470151,0.091359,0.764529,0.353417
5582,1.686736,1.706999,MGC,0.367887,0.485491,0.620529,0.828733
5583,1.380856,1.518797,MGC,1.023461,0.625975,1.413253,0.950730
5584,1.302348,1.236848,HWC,1.000316,1.242822,1.302760,1.537182
5585,1.253884,3.529397,MGC,0.769353,0.104751,0.964680,0.369706
5587,1.726005,1.597867,HWC,0.451593,0.628985,0.779451,1.005034
5588,1.362731,1.457826,MGC,0.757500,0.554454,1.032268,0.808297
5589,1.473043,1.572437,MGC,0.618626,0.690072,0.911263,1.085094
5593,1.406211,1.544639,MGC,0.843988,0.737445,1.186826,1.139086
5595,1.308602,1.397252,MGC,1.086449,0.967855,1.421729,1.352338
5596,1.380034,1.555924,MGC,0.737931,0.612420,1.018369,0.952880
5598,1.718962,1.898852,MGC,0.397701,0.347936,0.683633,0.660679
5599,1.630782,1.897452,MGC,0.501840,0.377405,0.818391,0.716109
56,1.714266,1.815341,MGC,0.364165,0.390842,0.624276,0.709512
5601,1.302815,1.537500,MGC,0.814639,0.790044,1.061324,1.214692
5604,1.370564,1.635234,MGC,0.843231,0.615357,1.155701,1.006254
5605,1.497439,1.803002,MGC,0.592351,0.414298,0.887009,0.746981
5607,1.794027,1.793240,HWC,0.291281,0.433482,0.522566,0.777336
5608,1.290374,1.265386,HWC,1.025862,1.041636,1.323745,1.318071
5609,1.585747,1.513928,HWC,0.411001,0.698932,0.651744,1.058133
5610,1.233458,1.473127,MGC,1.064040,0.674329,1.312449,0.993373
5611,1.603189,1.621219,MGC,0.503451,0.540420,0.807127,0.876139
5612,1.333539,1.415137,MGC,0.790213,0.807636,1.053780,1.142916
5614,2.157852,2.782362,MGC,0.247582,0.190191,0.534244,0.529180
5616,1.407745,1.440422,MGC,0.674559,0.784650,0.949608,1.130228
5617,1.326518,1.588855,MGC,1.038333,0.535547,1.377368,0.850907
5618,1.239670,1.470347,MGC,0.907780,0.760566,1.125348,1.118296
5619,1.314038,1.441157,MGC,0.834077,1.003581,1.096009,1.446317
562,1.740722,1.686644,HWC,0.377531,0.386793,0.657177,0.652381
5620,1.314507,1.338740,MGC,0.765816,0.751718,1.006670,1.006356
5621,1.642249,2.059409,MGC,0.466169,0.433221,0.765566,0.892179
5623,1.475268,1.453334,HWC,0.714355,0.710076,1.053865,1.031978
5626,1.620084,1.766572,MGC,0.404921,0.315554,0.656006,0.557448
5632,1.387680,1.540881,MGC,0.942500,1.111536,1.307888,1.712744
5633,1.940841,2.030086,MGC,0.346591,0.338701,0.672677,0.687592
5635,1.320644,1.415514,MGC,0.603430,0.820445,0.796916,1.161352
5636,1.539189,1.399715,HWC,0.771766,0.885566,1.187894,1.239540
564,1.437076,1.452115,MGC,0.573585,0.736602,0.824286,1.069630
5640,1.638888,1.618756,HWC,0.503158,0.648880,0.824620,1.050378
5641,1.344811,2.326132,MGC,0.808293,0.200990,1.087002,0.467530
5642,1.333569,1.564443,MGC,0.864845,0.700054,1.153330,1.095195
5643,1.343819,1.527134,MGC,0.556519,0.551242,0.747861,0.841820
5644,1.586482,1.815682,MGC,0.397848,0.460380,0.631179,0.835904
5646,1.384307,2.244878,MGC,0.539674,0.218293,0.747075,0.490041
5647,1.426905,1.462842,MGC,0.480726,0.489863,0.685951,0.716593
5649,1.495179,1.491303,HWC,0.501767,0.670690,0.750231,1.000202
565,1.626439,2.452726,MGC,0.568035,0.252107,0.923874,0.618348
5650,1.247512,2.139599,MGC,0.792400,0.197697,0.988529,0.422993
5653,1.542031,2.096162,MGC,0.454802,0.188122,0.701319,0.394334
5655,1.344578,1.389381,MGC,0.820366,0.801812,1.103046,1.114022
5659,1.522948,1.308718,HWC,0.483719,1.179703,0.736678,1.543899
5660,1.532371,1.766785,MGC,0.571961,0.447720,0.876456,0.791026
5661,1.939193,1.735197,HWC,0.352843,0.431794,0.684231,0.749248
5662,1.437146,1.481559,MGC,0.911958,0.931669,1.310617,1.380322
5663,1.452619,1.464408,MGC,0.665727,0.692765,0.967048,1.014490
5665,1.251493,1.265608,MGC,0.802101,0.981048,1.003823,1.241623
5666,1.787529,2.065807,MGC,0.358800,0.247420,0.641365,0.511123
5667,1.797525,1.810784,MGC,0.515794,0.508340,0.927152,0.920495
567,1.442521,1.586639,MGC,0.634168,0.403676,0.914800,0.640488
5670,1.236838,1.523896,MGC,1.299522,0.575625,1.607298,0.877193
5673,1.378404,1.845435,MGC,0.701040,0.420701,0.966316,0.776377
5676,1.486445,1.678880,MGC,0.710521,0.511611,1.056150,0.858934
5677,1.380545,1.478354,MGC,0.868624,0.961104,1.199175,1.420852
5678,1.403241,3.012567,MGC,0.777427,0.124419,1.090917,0.374820
5679,1.749349,1.687776,HWC,0.371049,0.484114,0.649095,0.817076
5682,1.374235,1.836798,MGC,0.693377,0.356039,0.952862,0.653972
5683,1.440057,1.313713,HWC,0.489121,0.966256,0.704362,1.269384
5684,1.233886,1.355115,MGC,0.865076,0.780281,1.067405,1.057371
5685,1.791436,1.580724,HWC,0.518801,1.071278,0.929398,1.693395
5686,1.507074,1.873572,MGC,0.484882,0.338131,0.730753,0.633514
5688,1.414392,1.725575,MGC,0.748371,0.560554,1.058491,0.967278
569,1.548614,1.388150,HWC,0.533595,1.138478,0.826333,1.580378
5690,1.293087,1.330764,MGC,0.998931,0.949278,1.291705,1.263266
5691,1.473006,1.504093,MGC,0.780786,0.825259,1.150103,1.241265
5692,1.539206,1.580313,MGC,0.542201,0.488364,0.834559,0.771769
5693,1.564720,1.433890,HWC,0.717255,1.042138,1.122303,1.494312
5694,2.131497,2.402324,MGC,0.398970,0.300025,0.850403,0.720758
5695,1.596009,1.807008,MGC,0.366670,0.280018,0.585209,0.505994
5696,1.312403,1.338463,MGC,0.972510,0.916332,1.276325,1.226476
5697,1.495336,1.229874,HWC,0.612778,1.914860,0.916309,2.355037
5698,1.595463,1.737687,MGC,0.501559,0.481896,0.800220,0.837384
5699,1.417597,1.390546,HWC,0.580956,0.953332,0.823561,1.325652
57,1.541445,1.512808,HWC,0.545678,0.555456,0.841133,0.840298
570,1.515868,1.547916,MGC,0.517988,0.716401,0.785201,1.108928
5700,1.505576,1.729018,MGC,0.461383,0.441024,0.694647,0.762539
5703,1.459730,1.465422,MGC,0.854424,0.879180,1.247229,1.288371
5704,1.283080,1.776556,MGC,0.806553,0.362173,1.034873,0.643421
5705,1.422448,1.615676,MGC,0.646364,0.534492,0.919419,0.863566
5707,1.411821,1.436094,MGC,0.876247,0.930012,1.237105,1.335585
5708,1.600341,1.651017,MGC,0.603942,0.615100,0.966514,1.015541
571,1.499027,1.557935,MGC,0.551558,0.602165,0.826800,0.938135
5710,1.442822,1.431136,HWC,0.776826,0.925205,1.120821,1.324094
5711,1.483155,1.990983,MGC,0.492119,0.439608,0.729889,0.875252
5714,1.313778,1.673059,MGC,0.973389,0.518200,1.278817,0.866978
5716,1.332754,1.664340,MGC,0.936550,0.489264,1.248191,0.814302
5717,1.378458,2.292933,MGC,0.746054,0.177436,1.028404,0.406848
5719,1.262360,1.231268,HWC,1.070526,1.258443,1.351389,1.549480
5722,1.422490,1.556919,MGC,0.762155,0.735414,1.084158,1.144980
5723,1.613556,1.587896,HWC,0.481777,0.680165,0.777374,1.080032
5724,1.670896,1.376078,HWC,0.350723,0.595664,0.586021,0.819679
5725,1.534186,1.636886,MGC,0.451407,0.430523,0.692542,0.704717
5727,1.621147,1.497398,HWC,0.554373,0.762242,0.898720,1.141379
5729,2.064053,1.901710,HWC,0.324386,0.394253,0.669550,0.749756
573,1.533064,2.075821,MGC,0.617918,0.304284,0.947308,0.631639
5730,1.496373,1.817371,MGC,0.462713,0.282837,0.692391,0.514020
5731,1.558818,1.835691,MGC,0.597123,0.571793,0.930806,1.049635
5732,1.254204,1.332128,MGC,1.152792,1.130926,1.445836,1.506538
5733,1.431203,1.477095,MGC,0.671660,0.743620,0.961282,1.098398
5735,1.423892,1.481046,MGC,0.836187,0.814668,1.190641,1.206560
5738,1.491040,1.548794,MGC,0.706763,0.657704,1.053813,1.018648
5739,1.333620,4.065552,MGC,0.816349,0.085558,1.088699,0.347842
574,1.288326,1.476589,MGC,0.899521,0.534663,1.158877,0.789478
5740,1.414746,1.761252,MGC,0.620688,0.336644,0.878116,0.592915
5741,1.640002,1.548927,HWC,0.463823,0.614108,0.760671,0.951209
5744,1.656476,1.984134,MGC,0.427407,0.288718,0.707990,0.572855
5745,1.387637,1.390099,MGC,0.685760,0.651741,0.951585,0.905984
5746,1.476747,1.529383,MGC,0.594578,0.501989,0.878041,0.767733
5748,1.319690,1.577527,MGC,0.781322,0.461166,1.031102,0.727502
5749,1.478568,2.287760,MGC,0.719659,0.226169,1.064064,0.517419
575,1.465948,1.393833,HWC,0.784772,0.993101,1.150434,1.384217
5750,1.338124,1.819383,MGC,0.884825,0.502068,1.184006,0.913453
5751,1.429256,1.639289,MGC,0.647579,0.492450,0.925556,0.807268
5752,1.433170,1.482691,MGC,0.481505,0.856696,0.690078,1.270215
5754,1.771740,1.358440,HWC,0.389749,0.539829,0.690534,0.733325
5756,1.398432,2.588786,MGC,0.858145,0.189499,1.200057,0.490571
5757,1.276131,1.434913,MGC,0.950152,0.892864,1.212518,1.281182
5759,1.389481,1.635450,MGC,0.817121,0.526534,1.135374,0.861120
576,1.582714,1.496580,HWC,0.483809,0.835651,0.765731,1.250618
5760,1.498517,2.102988,MGC,0.564707,0.370517,0.846223,0.779192
5761,1.597199,1.572012,HWC,0.626417,0.744720,1.000512,1.170709
5764,1.331667,1.854426,MGC,0.788335,0.292439,1.049799,0.542306
5765,1.488287,2.197738,MGC,0.639157,0.332747,0.951250,0.731290
5766,1.209718,3.404171,MGC,1.202941,0.070070,1.455219,0.238531
5768,1.684663,2.149250,MGC,0.496999,0.473781,0.837275,1.018273
5769,1.314331,3.174030,MGC,0.991748,0.088163,1.303485,0.279832
577,1.938919,1.866993,HWC,0.324048,0.430781,0.628302,0.804265
5771,1.534953,1.596068,MGC,0.639641,0.600114,0.981819,0.957822
5773,2.241577,2.179677,HWC,0.194483,0.279779,0.435947,0.609827
5774,1.494434,1.788723,MGC,0.763072,0.457338,1.140360,0.818052
5775,1.293354,1.275689,HWC,0.886015,1.255715,1.145931,1.601902
5777,1.331653,1.635920,MGC,0.603213,0.344575,0.803270,0.563696
5778,2.451252,2.441007,HWC,0.187110,0.208147,0.458653,0.508089
5779,1.259646,1.746185,MGC,0.893698,0.475306,1.125742,0.829972
578,1.386102,1.539734,MGC,0.831972,0.742707,1.153198,1.143572
5781,1.585826,1.737059,MGC,0.593405,0.448286,0.941037,0.778699
5782,1.346622,1.480104,MGC,0.314094,0.357357,0.422966,0.528925
5784,1.442610,1.484978,MGC,0.537860,0.804996,0.775923,1.195402
5786,1.526251,1.806373,MGC,0.552785,0.448049,0.843690,0.809344
5787,1.395334,1.463742,MGC,0.524804,0.140542,0.732277,0.205717
5788,1.416963,2.188238,MGC,0.648408,0.353215,0.918770,0.772920
5789,1.485798,1.564962,MGC,0.609199,0.792771,0.905147,1.240657
579,1.521889,1.977312,MGC,0.510141,0.410019,0.776378,0.810736
5790,1.399826,1.583720,MGC,0.691533,0.520132,0.968026,0.823744
5791,1.363105,1.432038,MGC,0.864170,0.804089,1.177954,1.151486
5792,1.466615,1.658772,MGC,0.683341,0.566281,1.002198,0.939331
5793,1.570446,1.574525,MGC,0.687455,0.781462,1.079610,1.230431
5794,1.231003,1.751902,MGC,0.821103,0.195472,1.010781,0.342447
5795,1.628794,1.354965,HWC,0.394314,0.816996,0.642256,1.107001
5796,1.297120,1.369011,MGC,0.660318,0.862331,0.856512,1.180540
5797,1.255852,1.531495,MGC,0.908553,0.741226,1.141008,1.135183
5798,1.447606,1.525390,MGC,0.885219,0.900997,1.281448,1.374371
5799,1.502189,1.457431,HWC,0.465889,0.571811,0.699853,0.833376
58,1.549640,2.081544,MGC,0.621614,0.406232,0.963278,0.845589
580,1.542976,1.566471,MGC,0.584247,0.516938,0.901479,0.809769
5800,1.886765,1.511410,HWC,0.337975,0.680088,0.637679,1.027892
5803,1.280972,1.259271,HWC,0.864927,1.134919,1.107947,1.429171
5805,1.345326,1.361422,MGC,0.909115,0.815385,1.223056,1.110083
5806,1.433498,1.944958,MGC,0.707168,0.651019,1.013724,1.266204
5809,1.632737,1.441848,HWC,0.422134,0.594086,0.689234,0.856582
581,1.412578,1.726930,MGC,0.779921,0.455315,1.101698,0.786297
5810,1.500849,1.748202,MGC,0.531054,0.398911,0.797032,0.697377
5812,1.394814,1.818115,MGC,0.750130,0.380370,1.046292,0.691557
5813,1.412773,1.472135,MGC,0.649872,0.586901,0.918121,0.863998
5814,1.466855,1.413513,HWC,0.701049,0.969868,1.028337,1.370921
5816,6.995456,8.109631,MGC,0.047756,0.040407,0.334078,0.327683
5818,1.388782,1.497520,MGC,0.856067,0.755068,1.188891,1.130730
582,1.330725,1.358696,MGC,0.975522,0.968245,1.298152,1.315550
5820,1.467734,1.496760,MGC,0.432646,0.422822,0.635009,0.632863
5822,1.319069,1.751928,MGC,0.835760,0.440828,1.102425,0.772299
5823,1.319943,1.387087,MGC,0.767115,0.745093,1.012548,1.033509
5824,1.238781,1.357835,MGC,1.373339,1.061915,1.701267,1.441905
5825,1.447194,1.626220,MGC,0.676081,0.683031,0.978421,1.110760
5828,1.462077,1.652137,MGC,0.619725,0.796389,0.906086,1.315745
5829,1.681466,1.642365,HWC,0.365837,0.541812,0.615143,0.889853
583,1.267838,2.000397,MGC,0.901031,0.317906,1.142362,0.635939
5830,2.325459,2.466061,MGC,0.256724,0.259667,0.597002,0.640356
5833,1.534099,1.614016,MGC,0.436065,0.493887,0.668967,0.797141
5834,1.288889,1.373638,MGC,0.826211,1.520821,1.064894,2.089057
5835,1.615841,1.781225,MGC,0.474510,0.327933,0.766733,0.584123
5836,1.224419,1.199231,HWC,1.134081,1.334139,1.388590,1.599942
5838,1.268840,1.392741,MGC,1.098137,1.151802,1.393360,1.604162
5839,1.415852,1.377325,HWC,0.760561,0.892748,1.076842,1.229605
584,1.520665,1.639785,MGC,0.526308,0.497297,0.800338,0.815460
5840,2.076422,2.520996,MGC,0.324420,0.272318,0.673634,0.686512
5842,1.360886,1.910193,MGC,0.566494,0.317660,0.770934,0.606793
5843,1.293038,1.464688,MGC,1.253768,0.865830,1.621169,1.268170
5844,1.419081,1.422414,MGC,0.761726,0.786542,1.080951,1.118788
5845,2.204388,2.499846,MGC,0.345431,0.249085,0.761464,0.622674
5847,1.334583,1.518646,MGC,0.814454,0.743826,1.086957,1.129609
5849,1.820424,1.759816,HWC,0.355750,0.297205,0.647617,0.523026
585,1.439792,1.574315,MGC,0.846706,0.755856,1.219081,1.189956
5850,1.285381,1.469703,MGC,0.777297,0.585827,0.999122,0.860991
5852,1.708320,1.731065,MGC,0.332797,0.538507,0.568523,0.932190
5853,1.510520,1.563940,MGC,0.604600,0.496787,0.913261,0.776945
5854,1.469390,1.488771,MGC,0.575682,0.573104,0.845901,0.853220
5855,1.295234,1.315994,MGC,0.885651,0.874675,1.147126,1.151067
5856,1.403755,1.484788,MGC,1.018321,1.094614,1.429473,1.625269
5857,1.453541,1.509470,MGC,0.778357,0.755778,1.131374,1.140824
5859,1.434192,2.284298,MGC,0.743119,0.187940,1.065775,0.429312
586,1.209261,1.239347,MGC,0.899449,1.203628,1.087669,1.491712
5860,2.078796,2.630610,MGC,0.225259,0.124565,0.468267,0.327682
5861,1.548645,1.532331,HWC,0.608331,0.658011,0.942089,1.008291
5862,1.624543,1.607511,HWC,0.586685,0.766816,0.953095,1.232666
5863,1.435140,1.665905,MGC,0.650517,0.548737,0.933583,0.914143
5868,1.424248,1.663415,MGC,0.668846,0.622688,0.952602,1.035789
587,1.360476,1.348208,HWC,0.911970,1.152292,1.240714,1.553530
5870,1.708451,1.936609,MGC,0.464225,0.341594,0.793106,0.661535
5874,1.503320,1.392755,HWC,0.616416,0.799715,0.926670,1.113808
5875,1.474353,1.606908,MGC,0.574373,0.704808,0.846828,1.132561
5876,1.606594,1.884546,MGC,0.515889,0.398678,0.828825,0.751327
588,1.396602,1.425529,MGC,0.766218,0.861142,1.070101,1.227583
5881,1.303080,1.837246,MGC,0.772936,0.339515,1.007197,0.623772
5883,1.492839,1.512887,MGC,0.545503,0.807885,0.814349,1.222239
5885,1.568169,1.672454,MGC,0.591261,0.557900,0.927198,0.933062
5886,1.563720,2.341140,MGC,0.451087,0.384234,0.705374,0.899546
5887,1.315277,1.470505,MGC,0.786156,0.657541,1.034012,0.966918
5888,1.415109,1.684700,MGC,0.620358,0.395093,0.877874,0.665614
5889,1.380286,1.338972,HWC,0.663603,1.179449,0.915963,1.579249
5892,1.214727,1.215627,MGC,1.086158,1.142523,1.319386,1.388881
5895,1.605421,2.761038,MGC,0.383588,0.127689,0.615820,0.352554
5896,1.472927,1.626907,MGC,0.577233,0.724085,0.850223,1.178019
5897,1.879182,1.886726,MGC,0.460014,0.558875,0.864449,1.054444
5899,1.376944,1.486422,MGC,0.671398,0.586776,0.924478,0.872197
59,1.756802,2.626420,MGC,0.273390,0.162793,0.480292,0.427563
5900,1.772186,1.610440,HWC,0.400101,0.590932,0.709054,0.951661
5901,1.537617,1.963642,MGC,0.464548,0.363777,0.714297,0.714328
5902,1.502524,1.442701,HWC,0.514981,0.625395,0.773771,0.902257
5903,1.236772,1.312530,MGC,1.141657,0.889619,1.411970,1.167651
5904,1.361336,1.598444,MGC,1.335956,1.043344,1.818686,1.667727
5906,1.701999,1.756089,MGC,0.384331,0.535022,0.654130,0.939546
5907,1.380675,1.669187,MGC,0.626359,0.435565,0.864799,0.727039
5908,1.336694,1.646340,MGC,0.612736,0.267113,0.819041,0.439759
591,1.486008,1.521912,MGC,0.827680,0.740144,1.229940,1.126433
5910,1.349963,1.303971,HWC,0.896659,0.963039,1.210456,1.255774
5911,1.457911,1.442966,HWC,0.651085,0.860586,0.949224,1.241797
5912,1.385543,1.853340,MGC,0.662229,0.291758,0.917547,0.540727
5914,1.310271,1.590880,MGC,0.804563,0.487498,1.054196,0.775551
592,1.486047,1.722857,MGC,0.721041,0.435476,1.071502,0.750263
5921,1.463323,1.583938,MGC,0.595188,0.570975,0.870952,0.904388
5923,1.672027,1.661685,HWC,0.295524,0.544556,0.494124,0.904881
5924,1.556661,1.655701,MGC,0.495271,0.480006,0.770969,0.794746
5926,1.910878,2.921387,MGC,0.225762,0.119910,0.431403,0.350304
5928,1.309167,1.485620,MGC,0.650871,0.879224,0.852099,1.306193
593,1.376458,1.519615,MGC,0.669672,0.652389,0.921776,0.991380
5930,1.384051,1.820012,MGC,0.892066,0.622653,1.234664,1.133237
5931,1.714664,1.876003,MGC,0.390484,0.337480,0.669549,0.633113
5932,1.497783,1.745246,MGC,0.572555,0.553778,0.857563,0.966479
5933,1.311264,1.457573,MGC,0.858048,0.877970,1.125128,1.279705
5935,1.399471,1.415543,MGC,0.651668,0.830442,0.911990,1.175526
5936,1.538590,2.091311,MGC,0.574737,0.264697,0.884285,0.553564
5938,1.276819,1.653227,MGC,1.016150,0.448232,1.297439,0.741029
5939,1.486729,1.560135,MGC,0.618085,0.646352,0.918925,1.008397
594,1.382630,1.401330,MGC,0.848175,0.966745,1.172712,1.354730
5940,1.453006,1.419093,HWC,0.689420,0.833911,1.001732,1.183397
5941,1.519359,1.424811,HWC,0.448814,0.747501,0.681910,1.065048
5942,1.739265,1.579830,HWC,0.715453,1.114548,1.244362,1.760797
5943,1.676916,1.798873,MGC,0.376604,0.349206,0.631534,0.628177
5944,1.451243,1.556156,MGC,0.590023,0.646567,0.856267,1.006159
5945,1.332103,1.400117,MGC,0.946920,0.908073,1.261395,1.271408
5946,1.383758,2.350127,MGC,0.557410,0.179307,0.771320,0.421393
5947,1.446579,1.636482,MGC,0.576915,0.346343,0.834553,0.566784
5949,1.682200,1.617284,HWC,0.489392,0.499851,0.823256,0.808401
5950,1.281876,1.348034,MGC,0.980548,0.835141,1.256941,1.125799
5951,1.657269,2.307437,MGC,0.384963,0.258262,0.637987,0.595924
5952,1.479602,1.686992,MGC,0.734772,0.794867,1.087170,1.340934
5953,1.215031,1.237401,MGC,1.197997,1.263520,1.455604,1.563481
5954,1.409074,1.524870,MGC,0.616708,0.508898,0.868988,0.776003
5955,1.367030,1.583540,MGC,0.744146,0.814268,1.017271,1.289426
5956,1.401221,1.252776,HWC,0.588784,1.080799,0.825016,1.353999
5959,1.702779,1.785550,MGC,0.452462,0.411345,0.770443,0.734478
5960,1.327658,1.412837,MGC,0.802816,0.864537,1.065865,1.221450
5963,1.538003,1.609399,MGC,0.576871,0.570772,0.887230,0.918601
5964,1.495446,2.033099,MGC,0.452286,0.363091,0.676369,0.738201
5965,1.568992,1.630097,MGC,0.653430,0.707161,1.025226,1.152742
5966,1.391264,1.414587,MGC,0.724356,0.683156,1.007770,0.966384
5967,1.435963,1.631575,MGC,0.785037,0.612604,1.127284,0.999509
5968,1.466006,2.276008,MGC,0.613176,0.264500,0.898919,0.602005
5969,1.173835,2.768145,MGC,1.075938,0.099353,1.262974,0.275023
597,1.341488,1.392525,MGC,0.778471,1.119357,1.044309,1.558734
5970,1.218279,1.419479,MGC,1.024564,0.721317,1.248205,1.023894
5972,1.417846,2.775364,MGC,0.536241,0.113336,0.760307,0.314548
5975,1.358693,1.849905,MGC,0.816134,0.476951,1.108876,0.882314
5977,1.494473,1.746300,MGC,0.564405,0.477481,0.843488,0.833825
5978,1.345564,1.427827,MGC,0.885435,0.873261,1.191409,1.246865
5979,1.437817,1.840578,MGC,0.910601,0.449458,1.309279,0.827263
5981,1.297022,1.359252,MGC,0.787596,0.598199,1.021529,0.813103
5983,2.356105,1.629181,HWC,0.170709,0.710197,0.402208,1.157039
5986,1.308484,1.615649,MGC,0.948046,0.535937,1.240503,0.865886
5987,1.493270,1.926079,MGC,0.564328,0.356843,0.842694,0.687309
5988,2.472923,3.890648,MGC,0.192601,0.099391,0.476289,0.386696
5989,1.465102,1.628747,MGC,0.728840,0.813009,1.067825,1.324185
5991,1.589251,1.692048,MGC,0.483184,0.768771,0.767901,1.300797
5992,1.315902,1.393936,MGC,0.697199,0.639816,0.917446,0.891863
5994,1.367785,1.292507,HWC,0.842880,1.290226,1.152879,1.667626
5996,1.422251,2.221898,MGC,0.557467,0.156606,0.792857,0.347962
5998,1.651214,2.038454,MGC,0.456208,0.639815,0.753297,1.304233
5999,1.493210,1.478815,HWC,0.799503,1.048208,1.193826,1.550106
6,1.494384,1.596282,MGC,0.727651,0.645969,1.087391,1.031148
60,1.583517,1.724731,MGC,0.581389,0.485148,0.920640,0.836750
6000,1.623893,1.953007,MGC,0.577112,0.362578,0.937168,0.708118
6001,1.256289,1.398104,MGC,1.112889,0.871299,1.398111,1.218166
6002,1.345121,1.851228,MGC,1.064137,0.537231,1.431394,0.994537
6003,1.776994,1.868730,MGC,0.424006,0.412044,0.753457,0.770000
6007,1.486430,1.545493,MGC,0.749282,0.900650,1.113755,1.391948
6008,1.320932,1.512106,MGC,0.765599,0.612050,1.011304,0.925485
6009,1.359755,1.398558,MGC,0.746987,1.085448,1.015719,1.518062
601,1.619842,1.633928,MGC,0.555257,0.493083,0.899429,0.805662
6011,1.458151,1.657604,MGC,0.686304,0.476124,1.000735,0.789225
6012,1.283220,1.286951,MGC,0.947621,0.966737,1.216006,1.244143
6013,1.415721,1.703381,MGC,0.732385,0.484791,1.036853,0.825783
6016,1.645175,1.829822,MGC,0.544427,0.406111,0.895678,0.743112
6017,1.329876,1.483104,MGC,0.640379,0.506430,0.851625,0.751088
6019,1.283245,1.458643,MGC,0.895650,0.653976,1.149338,0.953917
602,1.553238,1.925869,MGC,0.524515,0.339195,0.814697,0.653245
6023,1.323428,1.340370,MGC,0.540015,1.208566,0.714671,1.619925
6025,1.641410,2.021399,MGC,0.544083,0.445363,0.893064,0.900257
6026,1.427927,1.519259,MGC,0.572276,0.792932,0.817168,1.204669
6027,1.381344,1.421153,MGC,0.666939,0.594225,0.921272,0.844485
6028,1.322622,1.396016,MGC,1.109505,1.264074,1.467456,1.764668
6031,1.465785,2.154758,MGC,0.551060,0.226296,0.807736,0.487614
6032,1.430995,3.190528,MGC,0.721334,0.097217,1.032225,0.310174
6033,1.530280,1.895644,MGC,0.570816,0.378483,0.873507,0.717469
6037,1.470028,1.672067,MGC,0.788065,0.681140,1.158478,1.138912
6038,1.528598,1.597197,MGC,0.532044,0.687230,0.813282,1.097642
6041,1.442873,2.410495,MGC,0.735086,0.120251,1.060636,0.289864
6043,1.460825,1.149112,HWC,0.501024,1.766588,0.731909,2.030008
6044,1.343450,1.267651,HWC,0.581344,1.168932,0.781006,1.481798
6045,1.463634,1.737606,MGC,0.549707,0.559848,0.804571,0.972794
6046,1.372311,1.334916,HWC,0.743619,0.902185,1.020477,1.204342
6047,1.491205,1.794677,MGC,0.576095,0.370031,0.859076,0.664087
6048,1.247225,1.435207,MGC,0.947690,0.720753,1.181983,1.034430
6049,1.275487,1.432987,MGC,1.161562,0.896601,1.481557,1.284818
6050,1.258348,1.626392,MGC,1.381953,0.810774,1.738978,1.318637
6051,1.684375,1.435434,HWC,0.341692,1.028058,0.575537,1.475709
6055,1.241760,2.445882,MGC,1.093098,0.159335,1.357365,0.389715
6056,1.175333,1.242635,MGC,1.090532,0.872050,1.281739,1.083640
6058,1.499082,2.524300,MGC,0.529854,0.177523,0.794294,0.448120
6060,1.378707,1.567304,MGC,0.897055,0.742951,1.236776,1.164430
6062,1.440232,1.602929,MGC,0.818644,0.589794,1.179038,0.945399
6064,1.757239,1.536670,HWC,0.386786,0.617117,0.679676,0.948305
6066,1.448717,1.615097,MGC,0.551259,0.382396,0.798617,0.617607
6067,1.405770,2.120880,MGC,0.691518,0.322561,0.972115,0.684114
6068,1.364902,2.367823,MGC,0.705112,0.207665,0.962408,0.491715
6069,1.641302,1.802292,MGC,0.494111,0.442255,0.810986,0.797073
607,1.763662,1.844462,MGC,0.442081,0.398444,0.779682,0.734915
6070,1.565668,1.573921,MGC,0.640573,0.732134,1.002924,1.152321
6073,1.429663,1.309828,HWC,0.630834,0.990019,0.901880,1.296755
6074,1.552875,1.780216,MGC,0.598187,0.480261,0.928909,0.854969
6076,1.444868,1.830428,MGC,0.732892,0.444976,1.058932,0.814496
6079,1.349571,1.533441,MGC,0.785108,0.768474,1.059560,1.178410
608,1.247396,1.354970,MGC,0.880817,0.885455,1.098728,1.199765
6081,1.778486,1.806021,MGC,0.401421,0.373643,0.713922,0.674807
6082,1.245494,1.192685,HWC,1.221545,1.628267,1.521428,1.942009
6084,1.381098,1.412892,MGC,0.802744,0.855985,1.108668,1.209414
6085,1.484858,1.429413,HWC,0.542257,0.776880,0.805175,1.110482
6086,1.740978,1.375479,HWC,0.335611,1.317612,0.584291,1.812348
6087,1.583161,1.662259,MGC,0.494482,0.478998,0.782844,0.796219
6088,1.419585,1.536616,MGC,0.670174,0.636226,0.951370,0.977634
6089,1.324821,1.262217,HWC,1.259344,1.610311,1.668405,2.032562
609,1.688396,1.947840,MGC,0.498805,0.327844,0.842181,0.638587
6090,1.441315,1.489012,MGC,0.544208,0.604480,0.784374,0.900078
6092,1.550432,2.050943,MGC,0.714581,0.489089,1.107909,1.003093
6093,1.462464,1.426843,HWC,0.617286,0.750548,0.902759,1.070915
6094,1.359925,1.673667,MGC,0.800524,0.699332,1.088653,1.170449
6095,1.498871,1.468920,HWC,0.617237,0.711881,0.925158,1.045696
6096,1.334349,1.469452,MGC,0.693522,0.580469,0.925401,0.852971
6097,1.411927,1.416447,MGC,0.535671,0.928324,0.756329,1.314923
6098,1.344695,2.382341,MGC,0.908760,0.210501,1.222006,0.501484
6099,1.354909,1.425009,MGC,0.875864,0.752381,1.186716,1.072150
61,1.700993,2.042373,MGC,0.416139,0.318407,0.707850,0.650306
610,1.311850,1.733546,MGC,0.758177,0.399545,0.994614,0.692629
6101,1.566019,1.500298,HWC,0.517997,0.600800,0.811194,0.901379
6103,1.273245,1.318193,MGC,0.824253,0.986908,1.049477,1.300935
6104,1.261666,1.419715,MGC,1.113479,0.991103,1.404838,1.407084
6105,1.589679,1.622104,MGC,0.510289,0.703121,0.811195,1.140534
6107,1.365202,1.859672,MGC,0.554064,0.299733,0.756410,0.557405
6109,1.236207,1.391087,MGC,1.203232,0.984023,1.487445,1.368861
6115,1.462602,1.849754,MGC,0.633154,0.339417,0.926052,0.627837
6116,1.621132,2.078872,MGC,0.355102,0.290932,0.575667,0.604809
6117,1.219450,1.829732,MGC,1.090463,0.302902,1.329765,0.554229
6118,1.641359,1.840764,MGC,0.450878,0.488079,0.740053,0.898439
612,1.584711,1.594167,MGC,0.610579,0.599452,0.967591,0.955627
6121,1.517103,2.062229,MGC,0.471183,0.228760,0.714833,0.471755
6123,1.163528,3.692612,MGC,1.154219,0.123126,1.342966,0.454655
6126,1.606993,1.827345,MGC,0.409825,0.439311,0.658586,0.802772
6127,1.948399,1.775311,HWC,0.639368,0.559215,1.245744,0.992780
6128,1.255491,1.360595,MGC,1.515915,1.383084,1.903218,1.881817
6129,1.296276,1.371648,MGC,0.855628,0.897421,1.109131,1.230945
6130,1.339375,1.194518,HWC,0.572542,1.386154,0.766849,1.655786
6131,1.356970,1.785687,MGC,0.900220,0.472830,1.221571,0.844326
6132,1.429196,1.462047,MGC,0.920384,1.056270,1.315409,1.544316
6133,1.752482,1.872071,MGC,0.265694,0.290667,0.465623,0.544149
6135,1.394253,1.828111,MGC,0.683339,0.297470,0.952747,0.543808
6136,1.462483,1.323473,HWC,0.468474,0.916915,0.685136,1.213512
6139,1.751310,2.042411,MGC,0.311106,0.200381,0.544844,0.409260
6141,1.582758,1.625747,MGC,0.667401,0.623904,1.056334,1.014310
6145,1.204759,1.212691,MGC,1.339314,1.241256,1.613550,1.505260
6150,1.551491,1.772731,MGC,0.834484,0.578811,1.294695,1.026076
6151,1.654496,1.894899,MGC,0.603761,0.459580,0.998920,0.870857
6155,1.431936,1.495632,MGC,0.730228,0.642137,1.045639,0.960401
6157,1.436966,1.763941,MGC,0.545317,0.486813,0.783602,0.858709
6158,1.266341,1.401743,MGC,1.301634,1.065244,1.648312,1.493198
6159,1.532827,1.833747,MGC,0.549404,0.393426,0.842142,0.721443
616,1.337433,1.625673,MGC,0.852301,0.673182,1.139895,1.094374
6161,1.408101,1.397534,HWC,0.712848,0.846941,1.003762,1.183628
6163,1.795607,1.941546,MGC,0.360719,0.314634,0.647710,0.610876
6166,1.394279,1.342550,HWC,0.919592,1.146207,1.282167,1.538841
6168,1.539231,1.784725,MGC,0.625645,0.486515,0.963013,0.868296
6169,1.543867,1.756341,MGC,0.546061,0.529367,0.843046,0.929748
617,1.433371,1.480042,MGC,0.662509,0.638801,0.949621,0.945453
6170,1.394528,1.491928,MGC,0.853656,0.686822,1.190447,1.024688
6171,1.254250,1.466796,MGC,1.140059,0.623386,1.429919,0.914380
6172,1.488765,1.554346,MGC,0.565076,0.679744,0.841266,1.056556
6173,1.409769,1.683422,MGC,0.768016,0.504896,1.082725,0.849953
6174,1.394031,1.530583,MGC,1.163038,0.764065,1.621311,1.169466
6176,1.455656,1.516201,MGC,0.667716,0.596532,0.971965,0.904462
6177,1.501801,1.672859,MGC,0.560804,0.493812,0.842217,0.826077
6178,1.548982,1.837539,MGC,0.613993,0.490613,0.951064,0.901521
6180,1.297486,1.690559,MGC,0.999561,0.493405,1.296916,0.834131
6182,1.334378,1.263352,HWC,0.864027,1.185596,1.152939,1.497824
6184,1.561088,1.558088,HWC,0.522168,0.563263,0.815150,0.877614
6185,1.122907,1.846302,MGC,1.133492,0.124571,1.272806,0.229996
6186,1.690313,1.737664,MGC,0.475342,0.449738,0.803476,0.781494
6187,1.480758,1.815318,MGC,0.514391,0.338927,0.761688,0.615260
6188,1.363015,1.430994,MGC,0.527952,0.650354,0.719606,0.930653
619,1.366632,1.981140,MGC,0.792959,0.229217,1.083683,0.454112
6190,1.385102,1.446392,MGC,0.626214,0.869429,0.867370,1.257535
6191,1.526065,1.788049,MGC,0.490074,0.413730,0.747884,0.739770
6192,1.330777,1.340093,MGC,0.768353,0.886860,1.022507,1.188475
6195,1.768023,2.864674,MGC,0.371747,0.148093,0.657257,0.424237
6196,1.676747,1.648431,HWC,0.541432,0.491470,0.907845,0.810154
6197,1.412012,1.524480,MGC,0.696048,0.572514,0.982828,0.872786
6198,1.358338,2.721638,MGC,0.779561,0.077627,1.058907,0.211274
6199,1.651181,1.914111,MGC,0.444958,0.293129,0.734706,0.561082
620,1.549333,1.592457,MGC,0.584855,0.563949,0.906135,0.898065
6201,1.163389,1.523021,MGC,0.890276,0.325310,1.035738,0.495455
6202,1.246398,1.227784,HWC,0.764095,1.399841,0.952366,1.718702
6203,1.735361,1.651799,HWC,0.360548,0.518610,0.625681,0.856640
6204,1.318961,1.541346,MGC,0.855378,0.651585,1.128210,1.004319
6205,1.601104,1.440971,HWC,0.736377,1.249626,1.179016,1.800674
6206,1.561137,1.412052,HWC,0.508734,0.813141,0.794204,1.148197
6207,1.426177,2.021236,MGC,0.730265,0.357276,1.041487,0.722139
6208,1.731988,1.679582,HWC,0.426342,0.706877,0.738420,1.187258
6209,1.354688,1.457155,MGC,0.740932,0.945490,1.003731,1.377726
621,1.788139,1.867328,MGC,0.574250,0.587706,1.026839,1.097439
6210,1.296633,1.653381,MGC,0.896892,0.471749,1.162940,0.779981
6211,1.591709,1.824259,MGC,0.593860,0.508864,0.945253,0.928299
6213,1.896452,4.820633,MGC,0.331961,0.093797,0.629548,0.452159
6214,1.397197,1.839094,MGC,0.487560,0.244305,0.681218,0.449301
6216,1.576958,1.520693,HWC,0.583284,0.646107,0.919814,0.982530
6217,1.297109,1.457521,MGC,1.166389,0.685391,1.512932,0.998972
6219,1.917859,2.446360,MGC,0.276628,0.109903,0.530534,0.268863
622,1.761470,1.961354,MGC,0.622495,0.664356,1.096506,1.303037
6222,1.501642,1.839303,MGC,0.640107,0.358988,0.961211,0.660288
6223,1.347855,1.524048,MGC,0.686494,0.556704,0.925295,0.848444
6224,1.386926,1.448835,MGC,0.878579,0.832326,1.218525,1.205903
6226,1.502483,1.556381,MGC,0.432728,0.541330,0.650166,0.842517
6227,1.480990,1.559198,MGC,0.443733,0.384760,0.657164,0.599917
6228,1.444502,1.733348,MGC,0.517557,0.433746,0.747612,0.751833
6229,1.321812,1.255340,HWC,0.665212,0.843706,0.879285,1.059138
6230,1.379005,1.556346,MGC,0.734777,0.587069,1.013261,0.913683
6231,1.475708,1.605703,MGC,0.813104,0.673926,1.199905,1.082125
6232,1.635792,1.816701,MGC,0.506959,0.519143,0.829279,0.943127
6233,1.477988,1.584860,MGC,0.551389,0.419678,0.814947,0.665130
6234,1.364767,1.354421,HWC,0.831364,0.995546,1.134617,1.348389
6236,1.898056,1.689531,HWC,0.367095,0.542860,0.696767,0.917180
6237,1.318568,1.853799,MGC,0.936259,0.315977,1.234522,0.585757
6238,1.257482,1.466989,MGC,0.944895,0.703334,1.188188,1.031783
6239,1.675410,2.213215,MGC,0.346588,0.144895,0.580677,0.320683
624,1.295197,1.626404,MGC,1.220402,0.630074,1.580660,1.024755
6240,1.260439,1.439786,MGC,1.152499,0.776129,1.452655,1.117460
6241,1.719395,1.821082,MGC,0.402868,0.425721,0.692690,0.775273
6242,1.443816,1.314699,HWC,0.740883,1.131299,1.069699,1.487318
6243,1.401576,2.113144,MGC,0.704847,0.395345,0.987897,0.835422
6246,1.472552,2.300732,MGC,0.641692,0.289735,0.944925,0.666603
6248,1.485201,1.543416,MGC,0.494803,0.461940,0.734882,0.712965
625,1.505328,1.791650,MGC,0.432024,0.387151,0.650338,0.693640
6250,1.287739,1.448646,MGC,0.912503,1.028909,1.175066,1.490525
6251,1.609318,2.004175,MGC,0.687739,0.564864,1.106791,1.132086
6253,1.456504,1.551644,MGC,0.914304,0.753750,1.331687,1.169551
6254,1.457292,1.633661,MGC,0.599929,0.354978,0.874272,0.579914
6255,1.453195,1.624363,MGC,0.807965,0.627163,1.174130,1.018741
6257,1.698566,1.721248,MGC,0.420541,0.418183,0.714317,0.719796
6259,1.652626,1.815276,MGC,0.474633,0.398575,0.784391,0.723524
626,1.827598,1.840735,MGC,0.492477,0.505953,0.900049,0.931326
6261,1.698872,1.562618,HWC,0.424185,0.480857,0.720637,0.751396
6262,1.640307,1.470748,HWC,0.399583,0.905068,0.655440,1.331127
6266,1.342579,1.569488,MGC,0.875554,0.622963,1.175501,0.977733
6267,1.459132,2.022052,MGC,0.604540,0.300693,0.882103,0.608018
627,1.249286,1.419615,MGC,1.026810,0.965156,1.282780,1.370150
6270,1.491784,1.492578,MGC,0.697662,0.753940,1.040760,1.125314
6271,1.260783,1.686609,MGC,0.857065,0.472533,1.080572,0.796979
6273,1.325956,1.582011,MGC,0.792926,0.670493,1.051386,1.060728
6276,1.582440,1.688029,MGC,0.541853,0.597017,0.857450,1.007782
6278,1.669298,2.072742,MGC,0.417076,0.311910,0.696224,0.646509
628,1.459667,1.371562,HWC,0.797132,1.207188,1.163548,1.655734
6281,1.456269,1.751526,MGC,0.587275,0.397828,0.855230,0.696806
6282,1.651016,1.920235,MGC,0.523078,0.336569,0.863610,0.646291
6283,1.350313,1.456359,MGC,0.616989,0.895001,0.833128,1.303443
6284,1.720266,1.733402,MGC,0.508589,0.426867,0.874909,0.739932
6287,1.441334,1.765380,MGC,0.710679,0.336556,1.024326,0.594149
6288,1.487356,2.073251,MGC,0.888417,0.283990,1.321392,0.588783
6289,1.488957,2.552862,MGC,0.506440,0.224797,0.754068,0.573875
629,1.426326,1.498090,MGC,0.781249,0.683015,1.114315,1.023218
6292,1.334905,1.320386,HWC,0.929387,1.386888,1.240644,1.831228
6294,1.367101,1.277907,HWC,0.741370,1.143017,1.013527,1.460670
6295,1.259727,1.706379,MGC,0.930905,0.540074,1.172686,0.921571
6296,1.377128,1.498229,MGC,0.567374,0.473988,0.781347,0.710143
6297,1.361079,1.530377,MGC,0.782471,0.637755,1.065005,0.976006
6298,1.329952,1.648065,MGC,0.948605,0.952981,1.261599,1.570574
6301,1.230185,1.319521,MGC,1.229517,1.158793,1.512533,1.529051
6302,1.352669,1.199022,HWC,0.727837,1.397960,0.984522,1.676185
6305,1.643684,2.034583,MGC,0.417788,0.251726,0.686712,0.512157
6306,1.498302,1.663578,MGC,0.681908,0.584758,1.021704,0.972790
631,1.708599,1.665729,HWC,0.740871,0.794588,1.265851,1.323567
6310,1.253606,1.262289,MGC,0.977997,1.306286,1.226023,1.648910
6313,1.275078,1.714430,MGC,0.848578,0.374474,1.082003,0.642009
6314,1.761810,2.180250,MGC,0.364403,0.262774,0.642008,0.572914
6316,1.712117,2.017702,MGC,0.518270,0.431601,0.887339,0.870843
6317,1.358207,1.709708,MGC,0.671051,0.381820,0.911426,0.652801
632,1.351739,1.167191,HWC,0.657844,1.563571,0.889234,1.824986
6320,1.481540,1.597332,MGC,0.732911,0.683917,1.085836,1.092442
6321,1.725220,1.828689,MGC,0.398343,0.327158,0.687230,0.598271
6322,1.532910,1.474241,HWC,0.754762,0.811020,1.156983,1.195639
6323,1.643376,3.361105,MGC,0.481342,0.070967,0.791026,0.238526
6324,1.275222,1.280330,MGC,0.993394,1.242929,1.266797,1.591360
6325,1.278837,1.448860,MGC,1.038385,0.608392,1.327925,0.881474
6326,1.281308,1.300877,MGC,0.871039,1.163545,1.116070,1.513628
6327,1.166074,1.824033,MGC,1.176331,0.185318,1.371689,0.338025
6329,1.446536,1.487721,MGC,0.642904,0.745590,0.929983,1.109230
633,1.635291,1.585247,HWC,0.454363,0.556084,0.743015,0.881530
6333,1.298690,1.372074,MGC,0.897818,0.913381,1.165987,1.253226
6334,1.537394,1.602998,MGC,0.628554,0.570292,0.966335,0.914177
6335,1.516502,1.705423,MGC,0.491224,0.581485,0.744942,0.991678
6336,1.362476,2.136495,MGC,0.817167,0.298172,1.113370,0.637044
6337,1.549753,1.711537,MGC,0.478294,0.404887,0.741237,0.692980
6339,1.388001,1.564872,MGC,0.646105,0.524892,0.896794,0.821389
6340,1.394774,1.800202,MGC,0.625250,0.570629,0.872082,1.027247
6341,1.421257,1.907999,MGC,0.798696,0.277931,1.135153,0.530293
6342,1.584532,1.731175,MGC,0.412073,0.387321,0.652943,0.670520
6343,1.447825,1.462101,MGC,0.848605,0.967752,1.228631,1.414951
6347,1.499822,1.422456,HWC,0.501408,0.760282,0.752022,1.081467
6348,1.598640,1.916303,MGC,0.879307,0.479702,1.405695,0.919255
635,1.263938,2.081204,MGC,0.722385,0.191349,0.913050,0.398237
6350,1.474773,3.874717,MGC,0.619948,0.054142,0.914283,0.209787
6351,1.454645,3.243889,MGC,0.510489,0.129647,0.742581,0.420562
6353,1.237620,1.524393,MGC,1.224517,0.551916,1.515488,0.841337
6355,1.374339,1.485972,MGC,0.702662,0.637117,0.965696,0.946738
6356,1.474102,1.612137,MGC,0.728135,0.682198,1.073346,1.099796
6357,1.342896,1.259311,HWC,0.640808,1.095910,0.860538,1.380092
6358,1.624431,1.719984,MGC,0.593867,0.713733,0.964696,1.227609
6359,1.508950,1.780775,MGC,0.502924,0.338922,0.758887,0.603544
636,1.653032,1.801622,MGC,0.417562,0.370125,0.690243,0.666825
6360,1.416808,2.044388,MGC,0.874613,0.139206,1.239159,0.284591
6361,1.435464,1.345724,HWC,0.484257,1.023321,0.695134,1.377107
6362,1.416722,1.392564,HWC,0.693327,0.822444,0.982251,1.145307
6368,1.333436,1.316404,HWC,0.869496,1.035126,1.159417,1.362644
637,1.889693,2.032414,MGC,0.513407,0.437706,0.970181,0.889599
6371,1.242050,1.379889,MGC,0.934468,0.716934,1.160656,0.989290
6373,1.572238,1.623521,MGC,0.474762,0.539861,0.746438,0.876475
6375,1.278878,1.324211,MGC,0.957069,0.937264,1.223974,1.241135
6376,1.276379,1.321264,MGC,1.047437,0.973220,1.336927,1.285881
6378,1.613647,1.910789,MGC,0.385242,0.381969,0.621645,0.729861
6379,1.265666,1.350048,MGC,0.994101,0.982784,1.258200,1.326806
6380,1.448599,1.876896,MGC,0.690201,0.289940,0.999824,0.544187
6381,1.219176,1.413045,MGC,0.789481,0.459772,0.962516,0.649679
6382,1.337676,1.547725,MGC,0.902597,0.672382,1.207383,1.040662
6383,1.662415,1.372643,HWC,0.594284,1.233204,0.987947,1.692750
6384,1.533775,1.789965,MGC,0.646149,0.565846,0.991047,1.012845
6388,1.392992,1.271821,HWC,0.576003,1.348989,0.802367,1.715673
6389,1.343475,1.354354,MGC,0.914578,0.990770,1.228713,1.341853
639,1.461682,2.279422,MGC,0.389710,0.264974,0.569632,0.603988
6390,1.571241,1.477265,HWC,0.646300,0.951082,1.015493,1.405000
6391,1.389680,1.400054,MGC,0.768845,0.820614,1.068449,1.148905
6392,1.320824,1.290333,HWC,0.614425,0.934307,0.811547,1.205568
6393,1.463735,1.985304,MGC,0.456146,0.220694,0.667677,0.438145
6394,1.463426,1.404380,HWC,0.472508,0.566640,0.691480,0.795778
6396,1.305698,1.406332,MGC,0.966155,1.001279,1.261506,1.408131
64,1.481923,1.373897,HWC,0.659530,0.838747,0.977372,1.152353
640,1.264744,1.350185,MGC,0.834776,0.795646,1.055778,1.074269
6400,1.419365,2.192249,MGC,0.528749,0.145216,0.750488,0.318349
6401,1.400480,1.603764,MGC,0.776800,0.676142,1.087892,1.084372
6405,1.607312,2.004636,MGC,0.501616,0.317801,0.806253,0.637075
6406,1.356392,1.458806,MGC,0.649194,0.654144,0.880561,0.954269
6409,1.523450,1.599829,MGC,0.583542,0.531469,0.888997,0.850259
6410,1.262349,1.320235,MGC,1.281028,1.137345,1.617103,1.501563
6411,1.690222,1.951283,MGC,0.486204,0.386299,0.821792,0.753779
6412,1.539891,1.438668,HWC,0.456096,0.809793,0.702339,1.165024
6414,1.536474,1.775426,MGC,0.587755,0.535357,0.903071,0.950487
6415,1.612706,1.457345,HWC,0.506539,0.649143,0.816898,0.946026
6418,1.380122,1.570626,MGC,0.975323,0.858247,1.346065,1.347985
6419,1.557497,1.370506,HWC,0.466975,0.800529,0.727312,1.097130
642,1.642685,1.684276,MGC,0.443729,0.428122,0.728906,0.721076
6421,1.506181,1.784782,MGC,0.551818,0.458243,0.831138,0.817864
6422,1.620326,1.431119,HWC,0.479012,0.853978,0.776156,1.222145
6426,1.460724,1.546165,MGC,0.668480,0.620132,0.976465,0.958826
6427,1.736805,1.684671,HWC,0.369094,0.389594,0.641045,0.656337
6428,1.407872,1.548133,MGC,0.624191,0.545982,0.878781,0.845253
6429,1.332914,1.682031,MGC,0.666174,0.462375,0.887953,0.777729
6430,1.489503,1.494258,MGC,0.493408,0.683534,0.734933,1.021377
6431,1.977022,1.889874,HWC,0.334759,0.451601,0.661827,0.853468
6434,1.672992,2.132177,MGC,0.394289,0.252849,0.659642,0.539119
6436,1.393719,1.404420,MGC,0.448100,0.531512,0.624525,0.746466
6437,1.788037,1.852244,MGC,0.548535,0.568984,0.980801,1.053898
6438,1.331948,1.614598,MGC,0.649088,0.224465,0.864552,0.362421
6440,1.625009,1.677699,MGC,0.626313,0.651189,1.017764,1.092499
6441,1.822422,1.795189,HWC,0.252742,0.465537,0.460602,0.835727
6442,1.412216,1.427196,MGC,0.735027,0.959449,1.038016,1.369322
6444,1.263306,1.427438,MGC,0.977894,0.842890,1.235379,1.203173
6448,1.493487,2.316764,MGC,0.724214,0.388148,1.081605,0.899248
6450,1.525485,2.676029,MGC,0.426317,0.143579,0.650340,0.384222
6454,1.647244,1.900268,MGC,0.541198,0.469270,0.891486,0.891739
6455,1.189798,1.202293,MGC,1.120290,1.223826,1.332919,1.471398
6457,1.359555,1.426676,MGC,0.736722,0.770585,1.001614,1.099375
6458,1.323891,1.359783,MGC,1.007323,0.963192,1.333586,1.309732
6459,2.109122,1.552988,HWC,0.369043,0.741289,0.778358,1.151212
6462,1.310416,1.580014,MGC,0.926594,0.853663,1.214224,1.348799
6466,1.321744,1.402678,MGC,0.808046,0.805781,1.068031,1.130251
6469,1.431261,1.520366,MGC,0.615510,0.815053,0.880955,1.239179
647,1.519974,1.427812,HWC,0.457116,0.683006,0.694804,0.975204
6470,1.646942,3.756704,MGC,0.361945,0.073129,0.596102,0.274725
6472,1.353566,1.344908,HWC,0.743686,0.813969,1.006628,1.094713
6473,1.401066,1.437851,MGC,0.590575,0.849813,0.827434,1.221904
6475,1.456107,1.550499,MGC,0.569363,0.559130,0.829054,0.866930
6476,1.453645,1.456032,MGC,0.735598,0.783379,1.069298,1.140625
6477,1.499093,1.569681,MGC,0.653506,0.686028,0.979666,1.076845
6478,1.333169,1.514018,MGC,1.019017,0.848033,1.358522,1.283937
6480,1.311756,1.590680,MGC,0.746370,0.487166,0.979055,0.774925
6486,1.470528,1.665767,MGC,0.571977,0.538475,0.841108,0.896974
6487,1.245576,1.445394,MGC,1.272553,0.908629,1.585062,1.313328
6488,1.389699,1.643537,MGC,0.523833,0.404646,0.727970,0.665051
649,1.256566,1.363486,MGC,0.999836,0.797409,1.256360,1.087256
6490,1.365423,1.529453,MGC,0.634087,0.312883,0.865797,0.478540
6492,1.493781,1.518259,MGC,0.763121,0.790390,1.139936,1.200016
6494,1.517067,1.603547,MGC,0.512970,0.461954,0.778210,0.740765
6495,1.557486,1.792382,MGC,0.603142,0.737049,0.939385,1.321072
6496,1.711912,2.477319,MGC,0.465967,0.190456,0.797695,0.471821
6499,1.540298,1.630505,MGC,0.563519,0.764510,0.867987,1.246538
650,1.503647,1.845247,MGC,0.567280,0.427611,0.852989,0.789048
6501,1.461215,1.807192,MGC,0.486686,0.446434,0.711153,0.806792
6503,1.386531,1.490992,MGC,0.862682,0.780450,1.196136,1.163644
6504,1.158738,1.206677,MGC,1.298801,1.486053,1.504970,1.793186
6508,1.401660,1.440509,MGC,1.054806,1.362325,1.478479,1.962442
651,1.320314,1.391092,MGC,0.969304,0.834992,1.279786,1.161551
6511,1.367749,1.539386,MGC,0.783622,0.438268,1.071798,0.674664
6512,1.199215,1.484804,MGC,0.897140,0.380461,1.075863,0.564911
6513,1.420241,4.131044,MGC,0.607749,0.093741,0.863150,0.387249
6515,1.771690,1.693926,HWC,0.451642,0.525846,0.800169,0.890744
6516,1.501697,2.152632,MGC,0.541488,0.224151,0.813150,0.482514
6519,1.435133,1.495561,MGC,0.580390,0.663510,0.832937,0.992320
652,1.315393,1.511126,MGC,0.737524,0.660777,0.970134,0.998518
6520,1.258805,1.314564,MGC,1.032073,0.926100,1.299178,1.217418
6522,1.782166,2.085429,MGC,0.382956,0.340057,0.682492,0.709164
6523,1.434451,1.396037,HWC,0.650892,1.011819,0.933673,1.412537
6524,1.502983,2.207650,MGC,0.714257,0.246241,1.073517,0.543614
6525,1.461874,1.345957,HWC,0.749542,0.976076,1.095735,1.313756
6527,1.365933,1.305377,HWC,0.752725,0.994827,1.028172,1.298624
6528,1.553991,1.770889,MGC,0.726534,0.692444,1.129028,1.226242
653,1.302212,1.475404,MGC,0.874392,0.616708,1.138643,0.909894
6530,1.406730,2.353055,MGC,0.706266,0.156980,0.993526,0.369382
6532,1.238249,1.379692,MGC,0.703223,0.643257,0.870765,0.887496
6533,1.468599,1.507918,MGC,0.769853,0.784043,1.130604,1.182273
6534,2.076419,2.195302,MGC,0.327218,0.308311,0.679441,0.676836
6536,1.448962,1.556121,MGC,0.810548,0.591863,1.174453,0.921011
6538,1.473354,1.284627,HWC,0.515982,1.388297,0.760224,1.783445
654,1.486333,1.936252,MGC,0.539214,0.350209,0.801452,0.678093
6540,1.381916,1.443773,MGC,0.824873,0.833924,1.139905,1.203997
6545,1.622700,1.666808,MGC,0.427602,0.414011,0.693870,0.690077
6546,1.319450,1.801076,MGC,0.941850,0.526997,1.242724,0.949161
6550,1.487177,1.576510,MGC,0.699214,0.665973,1.039855,1.049914
6551,1.594441,1.851824,MGC,0.505447,0.449820,0.805906,0.832987
6553,2.263346,2.181459,HWC,0.264924,0.283787,0.599616,0.619070
6554,1.519483,1.669581,MGC,0.514768,0.541996,0.782182,0.904906
6556,1.692194,1.976554,MGC,0.502633,0.344460,0.850553,0.680844
6557,1.471831,3.002407,MGC,0.665701,0.060509,0.979799,0.181672
6558,1.380433,1.684471,MGC,0.782163,0.656458,1.079724,1.105785
6560,1.373506,1.123481,HWC,0.689232,2.083510,0.946663,2.340784
6561,1.402064,1.414180,MGC,0.677645,0.903815,0.950101,1.278158
6562,1.200434,1.404427,MGC,0.885330,0.676497,1.062781,0.950091
6563,1.310401,2.517277,MGC,0.867428,0.211389,1.136679,0.532125
6564,1.432410,1.689644,MGC,0.639551,0.453529,0.916099,0.766302
6567,1.401577,1.813146,MGC,0.708295,0.486893,0.992730,0.882809
6569,1.852951,1.972384,MGC,0.334402,0.330294,0.619630,0.651468
6573,1.501549,1.923313,MGC,0.619883,0.386699,0.930784,0.743744
6574,1.466648,1.607659,MGC,0.531586,0.577853,0.779649,0.928990
6575,1.367901,2.736551,MGC,0.601721,0.099791,0.823096,0.273082
6577,1.473725,1.530020,MGC,0.555624,0.151389,0.818837,0.231628
6578,1.557067,1.478070,HWC,0.543051,0.794533,0.845566,1.174376
6579,1.425227,1.681702,MGC,0.725052,0.383705,1.033364,0.645277
658,1.462797,1.235274,HWC,0.660695,1.321981,0.966462,1.633009
6581,1.295533,2.014083,MGC,0.746663,0.360221,0.967326,0.725514
6582,1.577831,1.589975,MGC,0.409477,0.455780,0.646086,0.724679
6583,1.423523,2.262301,MGC,0.735404,0.361504,1.046865,0.817831
6584,1.477333,1.528716,MGC,0.574009,0.877650,0.848003,1.341678
6585,1.322475,2.475160,MGC,1.015939,0.177434,1.343554,0.439179
6586,1.614879,1.552939,HWC,0.481531,0.609097,0.777615,0.945891
6587,1.221017,1.808126,MGC,1.041476,0.380711,1.271661,0.688373
6588,1.452681,1.711888,MGC,0.419263,0.397539,0.609055,0.680542
6589,1.430500,1.637768,MGC,0.796691,0.663716,1.139667,1.087012
659,1.473545,1.338976,HWC,0.562123,0.911532,0.828313,1.220519
6590,1.556133,1.717233,MGC,0.537587,0.406755,0.836556,0.698493
6591,1.380407,1.382493,MGC,0.474910,0.566447,0.655570,0.783109
6592,1.668425,1.755843,MGC,0.554858,0.609448,0.925739,1.070096
6593,1.590861,2.565286,MGC,0.389311,0.266532,0.619339,0.683732
6594,1.557865,1.836088,MGC,0.403247,0.288641,0.628204,0.529970
6595,1.283851,1.208520,HWC,1.271971,1.645573,1.633021,1.988707
6596,1.881096,2.237698,MGC,0.500537,0.302820,0.941558,0.677620
6597,1.447612,1.756395,MGC,0.460889,0.389327,0.667189,0.683813
6598,1.478625,1.340114,HWC,0.682736,1.011351,1.009511,1.355326
6599,1.527160,1.423849,HWC,0.545643,0.924515,0.833285,1.316371
660,1.555146,1.723720,MGC,0.387190,0.581733,0.602137,1.002745
6600,1.622215,1.754302,MGC,0.421798,0.374153,0.684246,0.656377
6601,1.283575,3.302676,MGC,0.832545,0.077063,1.068634,0.254516
6602,1.476054,1.914831,MGC,0.576695,0.383876,0.851233,0.735058
6603,1.881875,3.348847,MGC,0.443059,0.128537,0.833781,0.430450
6604,1.617694,3.334585,MGC,0.371388,0.230663,0.600792,0.769167
6605,1.409946,1.306721,HWC,0.721343,1.200300,1.017055,1.568456
6606,1.618975,1.539266,HWC,0.345638,0.613996,0.559580,0.945103
6607,1.693753,2.022322,MGC,0.698483,0.470175,1.183058,0.950846
6609,1.271653,1.343288,MGC,0.969158,1.019570,1.232433,1.369575
6610,1.251859,1.174176,HWC,0.707218,1.428151,0.885337,1.676900
6612,1.379671,2.292502,MGC,0.714661,0.092756,0.985996,0.212643
6614,1.425269,1.415916,HWC,0.532906,0.743283,0.759534,1.052427
6615,1.766340,1.949757,MGC,0.391898,0.311604,0.692226,0.607552
6617,1.666400,1.761273,MGC,0.321134,0.430914,0.535138,0.758957
6618,1.490694,1.522151,MGC,0.552834,0.766629,0.824106,1.166926
6619,1.355639,1.415488,MGC,0.626738,0.534371,0.849630,0.756396
6620,1.408232,1.572964,MGC,0.502453,0.418597,0.707571,0.658438
6622,1.509063,1.491818,HWC,0.522299,0.706186,0.788182,1.053500
6623,1.642488,1.719452,MGC,0.521211,0.519019,0.856082,0.892428
6625,1.576065,1.660854,MGC,0.386947,0.344738,0.609854,0.572560
6626,1.572098,1.707839,MGC,0.476098,0.691718,0.748473,1.181343
6628,1.388091,1.742768,MGC,0.705112,0.349294,0.978760,0.608738
663,1.303885,1.384205,MGC,0.615849,0.544396,0.802997,0.753556
6630,1.316742,1.710779,MGC,1.241948,0.525135,1.635326,0.898390
6631,1.726463,1.792415,MGC,0.402150,0.419567,0.694298,0.752039
6632,1.279346,1.270310,HWC,1.134638,1.328672,1.451594,1.687826
6634,1.953153,2.670102,MGC,0.447305,0.253494,0.873655,0.676856
6635,1.743548,1.779158,MGC,0.336145,0.346030,0.586085,0.615642
6636,1.519436,1.645404,MGC,0.578824,0.502135,0.879486,0.826215
6637,1.309120,2.104414,MGC,0.595364,0.167164,0.779403,0.351783
6639,1.344468,1.795975,MGC,0.504010,0.270202,0.677626,0.485277
6640,1.429043,1.645479,MGC,0.558233,0.486466,0.797739,0.800469
6641,1.746365,2.109970,MGC,0.550213,0.420403,0.960873,0.887039
6644,1.296520,1.279332,HWC,0.550968,0.742579,0.714342,0.950005
6646,1.419512,1.469232,MGC,0.602693,0.608061,0.855529,0.893383
6648,1.293341,1.241877,HWC,0.858145,1.225129,1.109874,1.521459
6649,1.418823,1.477753,MGC,0.677197,0.936377,0.960823,1.383733
6650,1.617885,1.500957,HWC,0.697528,0.730754,1.128520,1.096830
6651,1.467995,1.484964,MGC,0.736165,0.746730,1.080687,1.108866
6652,2.064566,1.970664,HWC,0.252343,0.259391,0.520979,0.511173
6653,1.558452,1.531545,HWC,0.385116,0.870124,0.600186,1.332634
6655,1.383035,2.000662,MGC,0.599358,0.497646,0.828933,0.995622
6656,1.326747,1.282991,HWC,0.816420,0.888410,1.083184,1.139822
6657,1.572888,1.792234,MGC,0.481932,0.511063,0.758025,0.915944
6658,1.588753,2.031631,MGC,0.560044,0.362108,0.889772,0.735669
6659,1.665096,1.557844,HWC,0.415449,0.513679,0.691763,0.800232
666,1.589799,1.652329,MGC,0.539592,0.534191,0.857842,0.882659
6662,1.820045,2.422713,MGC,0.433694,0.403634,0.789343,0.977891
6664,1.688680,1.552062,HWC,0.411784,0.759874,0.695371,1.179372
6665,1.490550,1.494781,MGC,0.328159,0.758999,0.489138,1.134538
6666,1.338708,1.836083,MGC,0.751247,0.528779,1.005700,0.970882
6667,2.083179,2.191226,MGC,0.264651,0.217601,0.551316,0.476813
6668,1.385688,1.840234,MGC,0.552273,0.756805,0.765278,1.392697
6669,1.590247,1.796557,MGC,0.742066,0.504487,1.180068,0.906340
667,1.648070,1.680846,MGC,0.557254,0.554857,0.918394,0.932629
6670,1.523093,1.592696,MGC,0.596639,0.625100,0.908738,0.995594
6672,1.244688,1.370970,MGC,0.955178,1.327378,1.188899,1.819795
6673,1.345401,1.740125,MGC,0.522299,0.936301,0.702702,1.629281
6674,1.465330,2.176826,MGC,0.719790,0.245602,1.054730,0.534632
6675,1.388453,1.544384,MGC,0.842420,0.773219,1.169660,1.194146
6677,1.488442,1.485998,HWC,0.781193,0.699109,1.162760,1.038875
6678,2.005111,2.259160,MGC,0.285029,0.195609,0.571516,0.441911
6681,1.519912,1.788251,MGC,0.581310,0.424739,0.883540,0.759541
6683,1.843243,1.847081,MGC,0.328176,0.379494,0.604907,0.700956
6684,1.680819,1.874174,MGC,0.236386,0.192828,0.397323,0.361393
6685,1.433829,1.820676,MGC,0.738059,0.377232,1.058250,0.686817
6686,1.343987,1.370352,MGC,0.685467,0.838773,0.921259,1.149414
6687,2.249767,4.388858,MGC,0.335809,0.134671,0.755492,0.591050
6688,2.016898,4.772156,MGC,0.270512,0.070513,0.545596,0.336497
6689,1.408498,1.438463,MGC,0.720517,0.691317,1.014847,0.994433
6692,1.339152,1.372137,MGC,0.780662,1.106588,1.045424,1.518390
6693,1.541564,1.328114,HWC,0.432173,1.036320,0.666222,1.376351
6694,1.346039,1.517160,MGC,0.820934,0.635599,1.105009,0.964305
6697,1.367698,1.200110,HWC,0.571331,1.370517,0.781408,1.644772
6699,1.448506,1.651858,MGC,0.869224,0.720717,1.259076,1.190522
67,1.308209,1.498624,MGC,0.785380,0.709036,1.027442,1.062578
670,1.377749,1.463175,MGC,0.795542,0.680648,1.096056,0.995907
6700,1.323025,1.555201,MGC,1.064096,0.571329,1.407826,0.888532
6701,1.404829,1.692945,MGC,0.519307,0.484473,0.729538,0.820187
6702,1.426456,1.558566,MGC,0.806528,0.949185,1.150477,1.479368
6703,1.649227,1.650043,MGC,0.485053,0.522935,0.799962,0.862866
6709,1.569915,1.751183,MGC,0.628164,0.438037,0.986163,0.767083
671,1.354198,1.541535,MGC,0.659176,0.877355,0.892656,1.352474
6710,1.507365,2.130956,MGC,0.479270,0.112359,0.722435,0.239433
6713,1.668782,1.609542,HWC,0.626803,0.704535,1.045997,1.133979
6714,1.240863,1.616012,MGC,0.926821,0.721473,1.150058,1.165909
6715,1.306189,1.446848,MGC,0.981256,0.758743,1.281705,1.097786
6716,1.520651,1.551089,MGC,0.539844,0.588876,0.820914,0.913399
672,1.285933,1.470697,MGC,1.117303,0.982283,1.436777,1.444640
6720,1.901740,2.107170,MGC,0.530889,0.602348,1.009614,1.269249
6721,1.323375,1.845478,MGC,0.727891,0.315212,0.963273,0.581717
6722,1.449195,1.485324,MGC,0.631086,0.638334,0.914566,0.948132
6723,1.235995,2.079974,MGC,0.866841,0.178711,1.071411,0.371715
6724,1.198174,1.467201,MGC,1.070057,0.684865,1.282115,1.004835
6726,1.410487,1.650435,MGC,0.429078,0.362073,0.605209,0.597578
6728,1.266632,1.619978,MGC,0.846640,0.456280,1.072381,0.739163
6729,1.568700,2.362739,MGC,0.338102,0.260018,0.530380,0.614355
673,1.473298,1.566429,MGC,0.599069,0.624578,0.882606,0.978358
6730,1.360618,1.562810,MGC,0.818636,0.748078,1.113850,1.169103
6733,1.410257,1.336845,HWC,0.650470,1.027368,0.917330,1.373432
6734,1.431016,1.411705,HWC,0.795020,0.938008,1.137686,1.324190
6735,1.365208,3.248986,MGC,0.948711,0.117982,1.295188,0.383322
6738,1.714435,2.031379,MGC,0.323269,0.284198,0.554224,0.577314
6739,1.516027,1.652111,MGC,0.709738,0.721092,1.075983,1.191324
674,1.428950,1.594706,MGC,0.687239,0.492291,0.982031,0.785060
6740,1.841303,1.670512,HWC,0.654586,1.018071,1.205290,1.700700
6745,1.471136,1.507544,MGC,0.672221,0.650359,0.988929,0.980445
6748,1.367284,1.472812,MGC,0.659684,1.106323,0.901975,1.629406
675,1.736359,1.571830,HWC,0.428711,0.543412,0.744397,0.854152
6751,1.469063,1.349385,HWC,0.661658,0.914473,0.972018,1.233976
6752,1.401759,1.700058,MGC,0.868259,0.737732,1.217091,1.254187
6753,1.365028,2.072023,MGC,0.591901,0.330057,0.807962,0.683886
6754,1.934977,2.221050,MGC,0.306317,0.220524,0.592717,0.489795
6756,1.806516,1.850767,MGC,0.394700,0.454052,0.713032,0.840345
6757,1.344245,1.572754,MGC,0.617498,0.477767,0.830069,0.751411
6759,1.551430,1.670828,MGC,0.572443,0.522461,0.888105,0.872942
6760,2.074374,2.187770,MGC,0.392832,0.344713,0.814881,0.754153
6761,1.539086,1.746913,MGC,0.504835,0.362089,0.776985,0.632539
6762,1.552997,1.989495,MGC,0.553691,0.382318,0.859881,0.760620
6763,1.247743,1.278617,MGC,0.865241,1.001922,1.079599,1.281075
6765,1.525173,1.432506,HWC,0.432269,0.603990,0.659284,0.865220
6766,1.400797,1.582508,MGC,0.622272,0.510417,0.871676,0.807739
6769,1.439216,1.302256,HWC,0.711283,1.283022,1.023690,1.670823
6770,1.616762,3.652404,MGC,0.372479,0.117346,0.602209,0.428594
6771,1.183400,2.387799,MGC,1.286080,0.177712,1.521948,0.424341
6774,1.639745,1.550306,HWC,0.545417,0.699611,0.894345,1.084612
6776,1.562921,1.717596,MGC,0.678745,0.519701,1.060825,0.892637
6778,1.307015,2.440551,MGC,0.724167,0.124322,0.946497,0.303414
6779,1.407146,1.571761,MGC,0.635410,0.612291,0.894115,0.962375
678,1.341583,1.471146,MGC,0.862165,0.684926,1.156666,1.007626
6782,1.324610,1.343663,MGC,0.934560,0.954601,1.237927,1.282662
6783,1.499004,1.666066,MGC,0.719056,0.601522,1.077867,1.002176
6785,3.009453,3.454908,MGC,0.120844,0.103713,0.363675,0.358320
6786,1.681559,1.688836,MGC,0.496257,0.525068,0.834485,0.886753
6787,1.503771,1.817588,MGC,0.530264,0.381901,0.797396,0.694138
6789,1.406597,1.335735,HWC,0.789303,0.997584,1.110232,1.332508
679,1.261125,1.297336,MGC,1.020218,1.025737,1.286623,1.330725
6791,1.419123,2.023610,MGC,0.665327,0.262262,0.944180,0.530716
6792,1.256350,1.372508,MGC,0.941736,0.876465,1.183150,1.202956
6793,1.397003,1.923892,MGC,0.662711,0.310153,0.925809,0.596702
6795,1.271686,1.440153,MGC,0.656590,0.398344,0.834976,0.573676
6796,1.515649,4.188483,MGC,0.324121,0.069930,0.491254,0.292899
6797,1.278435,2.044651,MGC,0.957469,0.203583,1.224061,0.416255
6798,1.690532,2.461142,MGC,0.322773,0.095984,0.545659,0.236230
6799,1.505937,1.582280,MGC,0.488405,0.614845,0.735507,0.972858
68,1.333448,1.396931,MGC,0.897924,0.856283,1.197334,1.196168
6801,1.384587,1.344264,HWC,0.490140,0.963552,0.678642,1.295268
6802,1.425560,1.702346,MGC,0.498527,0.336401,0.710681,0.572671
6803,1.429934,1.573016,MGC,0.717352,0.547604,1.025766,0.861390
6804,1.756906,1.658977,HWC,0.511481,0.772682,0.898625,1.281862
6805,1.666166,1.520756,HWC,0.467758,0.606394,0.779363,0.922178
6806,1.404963,1.416131,MGC,0.640826,0.798576,0.900337,1.130888
6807,1.405197,3.555883,MGC,0.508883,0.088742,0.715081,0.315556
6808,1.715353,1.634038,HWC,0.558345,0.627145,0.957759,1.024779
6809,1.583970,1.473070,HWC,0.420548,0.702139,0.666136,1.034300
6810,1.565836,1.572390,MGC,0.591263,0.673324,0.925821,1.058729
6812,1.449179,1.490568,MGC,0.854381,1.045080,1.238151,1.557763
6814,1.280634,1.248298,HWC,1.019011,1.192918,1.304980,1.489117
6815,1.397044,1.703741,MGC,0.649711,0.523183,0.907675,0.891369
6816,1.485541,1.463204,HWC,0.780807,0.745877,1.159921,1.091371
6817,1.417328,1.350446,HWC,0.733887,0.914723,1.040159,1.235284
6818,1.552675,1.500132,HWC,0.516011,0.555011,0.801198,0.832590
6819,1.461648,1.296408,HWC,0.606097,0.998306,0.885900,1.294212
682,1.378210,1.455063,MGC,1.084409,1.001601,1.494544,1.457393
6820,1.431584,1.495411,MGC,0.612132,0.590119,0.876317,0.882471
6822,1.449205,1.576914,MGC,0.719993,0.789716,1.043418,1.245314
6823,1.364267,1.367806,MGC,0.670093,0.889956,0.914187,1.217287
6824,1.433399,1.443078,MGC,0.543630,0.568989,0.779239,0.821096
6826,1.427819,1.510541,MGC,0.587871,0.641589,0.839374,0.969147
6828,1.641657,1.620799,HWC,0.500726,0.533560,0.822020,0.864794
6831,1.721326,1.571881,HWC,0.412847,0.570510,0.710643,0.896774
6834,1.430373,3.442574,MGC,0.632161,0.069226,0.904227,0.238316
6835,1.343121,1.499318,MGC,0.779814,0.835589,1.047385,1.252815
6836,1.408656,1.567574,MGC,0.821084,0.666124,1.156625,1.044199
6837,1.598286,1.834531,MGC,0.591766,0.411154,0.945812,0.754274
6838,1.642627,1.922718,MGC,0.519998,0.403997,0.854163,0.776772
6839,1.478552,2.266323,MGC,0.481546,0.194628,0.711992,0.441090
684,1.567526,2.412997,MGC,0.512999,0.107393,0.804139,0.259139
6840,1.647204,1.722197,MGC,0.447101,0.447814,0.736467,0.771223
6841,1.448600,1.451078,MGC,0.605276,0.694552,0.876803,1.007849
6842,1.522221,2.123356,MGC,0.659040,0.477056,1.003205,1.012960
6843,1.226044,1.478618,MGC,0.987705,0.748647,1.210970,1.106963
6844,1.509168,1.700510,MGC,0.479902,0.410177,0.724252,0.697511
6845,1.446182,1.794802,MGC,0.498773,0.459592,0.721317,0.824876
6846,1.236175,1.998072,MGC,0.743844,0.246497,0.919522,0.492518
6849,1.498888,1.581704,MGC,0.752577,0.668857,1.128028,1.057933
685,1.763475,1.663579,HWC,0.475436,0.771861,0.838419,1.284052
6852,1.504968,1.729737,MGC,0.667173,0.505685,1.004075,0.874702
6854,2.065699,2.657537,MGC,0.308349,0.250881,0.636956,0.666726
6855,1.495369,1.795213,MGC,0.673152,0.560576,1.006611,1.006354
6858,1.449959,1.417333,HWC,0.682063,0.843003,0.988964,1.194816
6859,1.482292,1.796041,MGC,0.684088,0.493084,1.014018,0.885599
6861,1.542612,1.581126,MGC,0.619115,0.790500,0.955054,1.249880
6862,1.483581,2.374052,MGC,0.548399,0.314205,0.813595,0.745938
6864,1.663915,2.009384,MGC,0.503765,0.355330,0.838223,0.713995
6865,1.382897,1.502833,MGC,0.809231,0.697383,1.119083,1.048050
6866,1.714935,1.647247,HWC,0.400241,0.685482,0.686387,1.129159
6867,1.589130,1.754243,MGC,0.540165,0.488450,0.858392,0.856859
687,1.281522,1.292659,MGC,0.716864,1.168360,0.918677,1.510292
6873,1.327988,1.380506,MGC,0.669545,1.005324,0.889149,1.387856
6874,1.600314,1.902129,MGC,0.594250,0.344166,0.950987,0.654648
6875,1.454889,2.725934,MGC,0.600147,0.109347,0.873148,0.298072
6876,1.711017,1.628474,HWC,0.377508,0.524042,0.645922,0.853389
6878,1.403741,1.690908,MGC,0.554580,0.578708,0.778487,0.978542
688,1.404585,1.272785,HWC,0.678812,1.143300,0.953449,1.455174
6880,1.461833,1.505804,MGC,0.777249,0.800778,1.136209,1.205815
6881,1.385025,1.815550,MGC,0.781402,0.420074,1.082262,0.762665
6884,1.334656,1.475160,MGC,0.772680,0.670527,1.031263,0.989135
6885,1.648418,1.755030,MGC,0.584835,0.641851,0.964052,1.126468
6886,1.450415,2.121692,MGC,0.715365,0.235399,1.037577,0.499444
6888,1.284492,1.250580,HWC,0.621785,1.160260,0.798678,1.450998
6889,1.931276,2.011546,MGC,0.416055,0.437341,0.803517,0.879732
689,1.649509,1.623399,HWC,0.402404,0.570746,0.663770,0.926549
6890,1.162772,1.175536,MGC,1.138958,1.202695,1.324349,1.413812
6891,1.846243,1.998703,MGC,0.260615,0.235442,0.481159,0.470579
6892,1.376443,1.353231,HWC,1.088566,1.335933,1.498350,1.807825
6894,1.321946,1.501782,MGC,0.773492,0.656704,1.022515,0.986227
6897,1.223867,1.482355,MGC,0.966549,0.592178,1.182927,0.877818
6899,1.988761,2.234330,MGC,0.397443,0.347723,0.790419,0.776928
69,1.729727,1.758697,MGC,0.582009,0.601334,1.006718,1.057564
6900,1.376342,1.440844,MGC,0.651249,0.727302,0.896342,1.047928
6901,2.160002,1.880848,HWC,0.279792,0.381658,0.604351,0.717842
6902,2.237205,2.067418,HWC,0.288047,0.339091,0.644420,0.701043
6905,1.643332,1.618744,HWC,0.523372,0.587562,0.860074,0.951112
6906,1.359720,1.388035,MGC,0.783357,0.817264,1.065147,1.134391
6907,1.454572,1.553972,MGC,0.639398,0.586617,0.930050,0.911586
6909,1.652941,1.394633,HWC,0.345776,1.011113,0.571547,1.410131
691,1.512020,2.089315,MGC,0.349438,0.184188,0.528357,0.384826
6910,1.782972,2.008183,MGC,0.377443,0.286173,0.672971,0.574688
6911,1.293041,1.305225,MGC,0.921357,0.883901,1.191353,1.153689
6912,1.664403,1.992522,MGC,0.479824,0.349144,0.798621,0.695676
6914,1.478077,1.778686,MGC,0.567408,0.443705,0.838673,0.789212
6915,1.843001,1.811660,HWC,0.460623,0.486764,0.848929,0.881851
6916,1.262391,1.384381,MGC,1.134846,1.119521,1.432620,1.549844
6917,1.863690,2.068912,MGC,0.236674,0.299689,0.441086,0.620030
6918,1.470405,1.796699,MGC,0.509087,0.369319,0.748564,0.663556
6920,1.522819,1.675690,MGC,0.605397,0.471769,0.921910,0.790538
6923,1.777489,1.782585,MGC,0.358986,0.316301,0.638093,0.563834
6924,1.598945,2.090792,MGC,0.409844,0.345930,0.655318,0.723268
6926,1.829192,1.393589,HWC,0.494651,0.794371,0.904813,1.107027
6927,1.620387,1.911671,MGC,0.631965,0.513569,1.024027,0.981776
6928,1.438083,1.451681,MGC,0.725653,0.736667,1.043549,1.069405
6929,1.568552,1.999236,MGC,0.545360,0.328795,0.855425,0.657338
6931,1.271824,1.739587,MGC,0.602904,0.363502,0.766788,0.632344
6932,1.446906,1.870629,MGC,0.617521,0.328918,0.893495,0.615284
6933,1.618728,1.334168,HWC,0.539468,0.977523,0.873252,1.304180
6934,1.304991,1.412853,MGC,0.933943,0.901694,1.218787,1.273961
6935,1.269658,1.257303,HWC,1.005953,1.019968,1.277216,1.282408
6937,1.335274,1.510929,MGC,0.932309,0.730703,1.244887,1.104041
6940,1.150288,1.208249,MGC,0.708321,1.500188,0.814773,1.812601
6941,1.496515,1.454472,HWC,0.740680,0.803146,1.108439,1.168154
6945,1.687650,1.582814,HWC,0.605489,0.844874,1.021853,1.337278
6946,1.668932,1.964616,MGC,0.432800,0.372456,0.722313,0.731734
6947,1.578715,2.367737,MGC,0.455388,0.220200,0.718928,0.521375
6948,1.340810,1.333546,HWC,0.871053,0.922680,1.167916,1.230437
6949,1.449219,2.439396,MGC,0.598644,0.275263,0.867566,0.671475
6950,1.737507,1.896843,MGC,0.559155,0.688656,0.971535,1.306272
6951,1.702070,1.974984,MGC,0.404237,0.379455,0.688039,0.749418
6952,1.342978,1.253706,HWC,0.668875,0.966608,0.898285,1.211843
6953,1.463185,2.199843,MGC,0.551060,0.213746,0.806303,0.470208
6954,1.275865,1.589316,MGC,0.770372,0.705456,0.982891,1.121192
6955,1.414272,1.651584,MGC,0.869871,0.520910,1.230234,0.860326
6957,1.429449,1.899135,MGC,0.716871,0.420639,1.024731,0.798850
6959,1.425650,1.488288,MGC,0.787137,0.781816,1.122182,1.163567
696,1.600822,1.605345,MGC,0.727785,0.763492,1.165055,1.225668
6960,1.445844,1.470760,MGC,0.589519,0.675825,0.852353,0.993976
6961,1.291516,1.485880,MGC,0.831229,0.751022,1.073545,1.115929
6962,1.429790,1.679510,MGC,0.556190,0.615849,0.795235,1.034325
6965,2.244870,2.148975,HWC,0.352970,0.363564,0.792371,0.781291
6966,1.754662,1.979453,MGC,0.354531,0.309233,0.622082,0.612112
6968,1.645173,2.215495,MGC,0.449939,0.311380,0.740228,0.689860
6969,1.548045,1.508734,HWC,0.695608,0.988355,1.076832,1.491166
697,1.389719,2.146190,MGC,0.578870,0.295307,0.804467,0.633786
6971,1.588941,1.783114,MGC,0.553601,0.444611,0.879639,0.792792
6972,1.466460,2.036974,MGC,0.721554,0.505379,1.058129,1.029444
6974,1.250819,1.182717,HWC,0.955965,1.205912,1.195739,1.426253
6975,1.337944,2.452795,MGC,0.923210,0.282149,1.235203,0.692055
6976,1.555478,1.785525,MGC,0.661246,0.430944,1.028554,0.769461
6977,1.451767,1.751589,MGC,0.574270,0.360978,0.833706,0.632285
6979,1.215969,1.301416,MGC,0.849360,0.989005,1.032795,1.287106
698,1.253523,1.572869,MGC,0.705910,0.390178,0.884874,0.613698
6980,1.476115,2.058511,MGC,0.557680,0.264363,0.823200,0.544194
6981,1.933858,1.602403,HWC,0.284988,0.644126,0.551126,1.032150
6982,2.236546,3.074012,MGC,0.250288,0.111343,0.559780,0.342269
6985,1.410425,1.407611,HWC,0.603078,0.850512,0.850596,1.197190
6986,1.318729,1.626875,MGC,0.720132,0.526621,0.949660,0.856747
6987,1.427648,1.493162,MGC,0.809115,0.790876,1.155132,1.180907
6988,1.385647,1.616971,MGC,0.715576,0.501317,0.991536,0.810614
6989,1.327516,1.826095,MGC,0.727860,0.284316,0.966246,0.519188
699,1.529804,1.465964,HWC,0.603820,0.736254,0.923727,1.079323
6991,1.290263,1.303189,MGC,0.792380,0.811039,1.022378,1.056937
6993,1.502811,1.684474,MGC,0.336249,0.456266,0.505319,0.768569
6995,1.590847,1.739201,MGC,0.471196,0.474098,0.749600,0.824551
6996,1.520660,1.521402,MGC,0.561993,0.614501,0.854600,0.934903
6997,1.489810,1.740214,MGC,0.510612,0.239178,0.760715,0.416221
6999,1.348795,1.302691,HWC,0.771680,1.394799,1.040838,1.816993
70,2.355169,2.446427,MGC,0.337519,0.279260,0.794915,0.683190
700,1.884987,3.608902,MGC,0.274467,0.100685,0.517366,0.363361
7000,1.574125,1.735668,MGC,0.510564,0.455771,0.803692,0.791067
701,1.634673,1.688706,MGC,0.442167,0.493846,0.722799,0.833961
702,1.486697,1.544996,MGC,0.786021,0.963996,1.168576,1.489371
704,1.909926,1.894696,HWC,0.256977,0.283655,0.490807,0.537441
705,1.788875,1.625735,HWC,0.378281,0.680051,0.676698,1.105583
706,1.394967,1.553319,MGC,0.981912,0.909193,1.369735,1.412266
707,1.936674,1.492348,HWC,0.202584,0.538870,0.392339,0.804181
709,1.373459,1.439414,MGC,0.630035,0.468488,0.865328,0.674349
71,1.429833,1.892832,MGC,0.424507,0.349255,0.606975,0.661081
710,1.447323,1.696947,MGC,0.719456,0.465792,1.041285,0.790425
712,1.415492,1.323952,HWC,0.652770,1.160152,0.923991,1.535986
713,1.553512,2.289296,MGC,0.552227,0.230415,0.857891,0.527488
714,1.773119,1.720010,HWC,0.565030,0.710805,1.001866,1.222591
717,1.412553,1.632409,MGC,0.728800,0.585223,1.029468,0.955323
718,1.516145,1.464783,HWC,0.582781,0.729496,0.883581,1.068554
719,1.826095,1.531468,HWC,0.438270,0.614353,0.800322,0.940862
72,1.188072,2.018091,MGC,1.252511,0.373044,1.488074,0.752837
720,1.522604,1.649863,MGC,0.693170,0.571464,1.055423,0.942838
721,1.309197,1.602822,MGC,0.774161,0.483384,1.013529,0.774778
723,1.426302,1.435177,MGC,0.908854,1.005391,1.296300,1.442914
724,1.398020,1.948586,MGC,0.773129,0.383975,1.080850,0.748208
726,1.267491,1.356353,MGC,0.840517,0.849277,1.065348,1.151919
728,1.367319,1.464590,MGC,0.910287,0.655216,1.244652,0.959622
729,1.947566,1.916591,HWC,0.410625,0.420421,0.799720,0.805776
73,1.534175,2.068719,MGC,0.520341,0.420384,0.798293,0.869655
732,1.429229,1.416463,HWC,0.648252,0.692505,0.926500,0.980908
733,1.320334,1.323588,MGC,0.887522,1.131235,1.171825,1.497289
734,1.393936,1.440013,MGC,0.790279,0.996865,1.101599,1.435499
735,1.542832,1.690598,MGC,0.624120,0.388016,0.962913,0.655980
736,1.238894,1.963005,MGC,0.994449,0.318441,1.232018,0.625102
737,1.398958,1.413445,MGC,0.744366,0.777721,1.041336,1.099265
738,1.708012,1.766990,MGC,0.402405,0.454493,0.687313,0.803084
739,1.469245,1.471178,MGC,0.578649,0.924795,0.850177,1.360537
74,1.542564,1.670136,MGC,0.660196,0.595977,1.018394,0.995363
740,1.224032,1.455538,MGC,1.239518,0.829358,1.517210,1.207162
741,1.783296,1.843275,MGC,0.349085,0.388537,0.622521,0.716181
742,1.472333,1.718245,MGC,0.626295,0.454853,0.922114,0.781550
743,1.508630,1.580191,MGC,0.541867,0.441056,0.817477,0.696954
745,1.275172,1.551210,MGC,0.725535,0.295946,0.925183,0.459074
747,1.610818,2.215846,MGC,0.388826,0.205851,0.626328,0.456134
748,1.492843,1.581561,MGC,0.833325,0.764308,1.244024,1.208799
749,1.771888,2.266637,MGC,0.374335,0.360321,0.663279,0.816717
751,1.610369,1.922492,MGC,0.712218,0.529673,1.146935,1.018293
753,1.755840,1.756096,MGC,0.436318,0.490274,0.766104,0.860968
754,1.373819,1.386231,MGC,0.548667,0.765078,0.753769,1.060575
757,1.719854,1.684063,HWC,0.572357,0.608685,0.984370,1.025064
758,1.454925,1.569792,MGC,0.731534,0.709185,1.064327,1.113272
759,1.527226,1.705925,MGC,0.697557,0.533153,1.065328,0.909519
76,1.435604,1.786029,MGC,0.684216,0.311248,0.982263,0.555898
760,1.354480,1.385766,MGC,0.728801,1.159338,0.987147,1.606571
761,1.404847,1.442796,MGC,0.774265,0.770678,1.087724,1.111931
766,1.287208,1.542898,MGC,0.711557,0.469448,0.915922,0.724310
767,1.509246,1.700047,MGC,0.479712,0.162159,0.724002,0.275679
768,1.259369,1.913619,MGC,1.172702,0.142130,1.476864,0.271983
769,1.668081,1.524562,HWC,0.563821,0.654751,0.940499,0.998208
77,1.477846,1.511099,MGC,0.736855,0.721530,1.088958,1.090303
771,1.502748,1.866795,MGC,0.523857,0.407144,0.787226,0.760054
772,1.375211,1.486388,MGC,0.810460,0.847323,1.114553,1.259451
773,1.448613,2.166375,MGC,0.750326,0.381532,1.086932,0.826542
774,1.392464,1.466769,MGC,0.570534,0.567286,0.794448,0.832078
775,1.387675,1.409394,MGC,0.895375,0.987036,1.242489,1.391122
777,1.342851,1.172749,HWC,0.861107,1.365782,1.156339,1.601719
778,1.267447,1.388804,MGC,0.762428,0.942344,0.966338,1.308732
78,1.990301,2.075702,MGC,0.314566,0.312814,0.626081,0.649310
780,2.357171,2.925321,MGC,0.327695,0.214134,0.772434,0.626411
781,1.349167,1.436043,MGC,0.933922,1.018410,1.260017,1.462481
782,1.510286,1.606669,MGC,0.745530,0.645545,1.125964,1.037177
783,1.461140,2.176087,MGC,0.628857,0.207726,0.918848,0.452030
784,1.490205,1.396238,HWC,0.530194,0.810719,0.790098,1.131957
785,1.819967,2.736500,MGC,0.359019,0.207660,0.653403,0.568261
786,1.611541,1.341018,HWC,0.619754,1.557418,0.998760,2.088527
787,1.490472,1.547118,MGC,0.602969,0.600642,0.898709,0.929263
789,3.538511,8.632795,MGC,0.128697,0.048681,0.455395,0.420253
79,1.642381,1.893405,MGC,0.472112,0.714341,0.775388,1.352537
791,1.551650,1.944796,MGC,0.595581,0.422334,0.924134,0.821354
792,2.020135,1.979423,HWC,0.350885,0.369549,0.708834,0.731493
793,1.494389,1.717686,MGC,0.708794,0.582134,1.059213,0.999924
796,2.211477,2.258475,MGC,0.234399,0.234399,0.518367,0.529383
797,1.561307,1.950105,MGC,0.516333,0.401309,0.806154,0.782595
799,1.407583,1.364318,HWC,0.698988,1.011869,0.983883,1.380511
8,1.440592,1.723844,MGC,0.651457,0.501698,0.938484,0.864849
800,1.427388,1.479818,MGC,0.708371,0.709803,1.011120,1.050380
802,1.215355,1.356579,MGC,0.730431,1.024026,0.887733,1.389172
806,1.388211,1.405445,MGC,0.974661,0.942455,1.353035,1.324568
807,1.710686,1.693694,HWC,0.496416,0.495407,0.849212,0.839069
808,1.308020,1.484082,MGC,1.182118,0.829604,1.546234,1.231201
81,1.424829,1.544696,MGC,0.652032,0.538260,0.929034,0.831448
810,1.398730,1.618854,MGC,0.553127,0.502485,0.773675,0.813450
814,1.376549,1.694903,MGC,0.807541,0.628660,1.111619,1.065518
817,1.414683,1.820559,MGC,0.654009,0.388367,0.925215,0.707044
818,1.410534,1.520606,MGC,0.604369,0.735417,0.852483,1.118280
82,1.666261,1.984167,MGC,0.445936,0.223504,0.743046,0.443469
820,1.219773,2.159609,MGC,1.321989,0.313458,1.612527,0.676947
821,1.505346,1.684018,MGC,0.351566,0.364410,0.529228,0.613672
824,1.350066,1.255767,HWC,0.876795,1.266454,1.183731,1.590371
825,1.605748,2.179250,MGC,0.706852,0.512814,1.135026,1.117551
827,2.657930,2.005009,HWC,0.207434,0.474266,0.551345,0.950908
829,1.239968,1.399849,MGC,1.184781,0.846127,1.469091,1.184451
83,1.514131,1.681201,MGC,0.556884,0.445675,0.843195,0.749269
831,1.775574,1.731017,HWC,0.675082,0.627836,1.198658,1.086795
832,1.305875,1.369484,MGC,0.798740,0.702142,1.043055,0.961573
833,1.522303,1.429281,HWC,0.503641,0.852907,0.766694,1.219044
834,1.352748,1.368735,MGC,0.655232,0.888995,0.886364,1.216799
835,1.370761,1.552871,MGC,0.694756,0.771467,0.952344,1.197988
837,1.621366,1.549842,HWC,0.525659,0.612797,0.852285,0.949739
838,1.339013,1.453052,MGC,0.762406,0.627250,1.020872,0.911427
839,1.509236,2.676903,MGC,0.370605,0.167892,0.559330,0.449432
840,1.324879,2.033214,MGC,0.973594,0.300045,1.289894,0.610055
841,1.212821,1.673854,MGC,1.078047,0.642913,1.307478,1.076142
842,1.428053,1.755534,MGC,0.731756,0.486397,1.044986,0.853887
843,1.356819,1.343687,HWC,0.915790,0.927440,1.242561,1.246189
844,1.297187,1.533880,MGC,0.914278,0.667487,1.185989,1.023846
845,1.452306,4.147930,MGC,0.584503,0.091754,0.848877,0.380589
846,1.617892,1.722288,MGC,0.507863,0.550615,0.821667,0.948319
848,1.490011,1.552596,MGC,0.486075,0.476204,0.724257,0.739352
85,1.260974,1.400300,MGC,0.980393,0.731242,1.236250,1.023959
850,1.714963,1.910297,MGC,0.339004,0.331471,0.581378,0.633207
851,1.381129,1.467392,MGC,0.613058,0.716079,0.846713,1.050769
852,1.556180,1.510676,HWC,0.430457,0.528915,0.669869,0.799019
853,1.918377,3.350588,MGC,0.285670,0.122068,0.548022,0.409000
854,1.647649,1.864160,MGC,0.466161,0.407329,0.768069,0.759327
857,1.518648,1.388432,HWC,0.553337,1.322987,0.840324,1.836877
858,1.419194,1.411068,HWC,0.804001,0.928333,1.141033,1.309941
859,1.634236,2.292875,MGC,0.595420,0.414548,0.973057,0.950507
86,1.396547,1.379842,HWC,0.764599,0.829598,1.067798,1.144713
860,1.393780,1.601732,MGC,0.633915,0.519024,0.883539,0.831338
861,1.486814,1.465879,HWC,0.782982,0.873674,1.164149,1.280700
863,1.382584,1.280850,HWC,0.618628,0.941672,0.855305,1.206141
864,1.426936,1.365290,HWC,0.853568,1.099837,1.217987,1.501597
865,1.458178,1.470756,MGC,0.586994,0.575205,0.855941,0.845986
866,1.477440,1.664793,MGC,0.635084,0.505610,0.938298,0.841736
867,1.477061,1.752244,MGC,0.560261,0.408564,0.827540,0.715904
869,1.447780,1.640162,MGC,0.577117,0.553443,0.835538,0.907736
87,1.726058,2.164897,MGC,0.319457,0.253502,0.551402,0.548805
871,1.423403,2.172544,MGC,0.685091,0.198037,0.975161,0.430244
872,1.308981,2.077073,MGC,0.672204,0.302949,0.879902,0.629247
875,1.918536,1.624553,HWC,0.395226,0.694213,0.758255,1.127787
876,1.424144,1.421190,HWC,0.639734,0.800651,0.911073,1.137877
877,1.578976,1.587576,MGC,0.505118,0.505244,0.797570,0.802113
879,1.630153,2.067283,MGC,0.686315,0.449740,1.118798,0.929739
881,1.708327,1.881295,MGC,0.285861,0.578768,0.488344,1.088834
882,1.419325,1.927021,MGC,0.581965,0.379863,0.825998,0.732004
884,1.290141,1.548275,MGC,0.884295,0.733166,1.140865,1.135143
886,1.939679,2.158781,MGC,0.410109,0.332098,0.795479,0.716928
887,1.324191,1.779617,MGC,0.881342,0.397035,1.167066,0.706570
89,1.203338,1.496409,MGC,0.796730,0.652681,0.958735,0.976678
890,1.168068,1.223616,MGC,1.323264,1.159714,1.545663,1.419044
893,1.595678,1.602436,MGC,0.619581,0.582640,0.988652,0.933643
894,1.558888,1.932613,MGC,0.602224,0.391334,0.938801,0.756298
895,1.427689,1.942670,MGC,0.708656,0.385222,1.011741,0.748358
896,1.362664,1.606736,MGC,0.874846,0.667009,1.192121,1.071708
897,1.428759,1.689430,MGC,0.605770,0.354481,0.865500,0.598870
90,1.575950,1.520729,HWC,0.466826,0.537330,0.735694,0.817133
901,1.349145,1.477029,MGC,0.928232,0.789258,1.252320,1.165758
903,1.437916,1.529611,MGC,0.801889,0.687797,1.153049,1.052062
904,1.902658,2.059595,MGC,0.322975,0.424455,0.614512,0.874205
905,1.332223,1.621729,MGC,0.774392,0.455905,1.031663,0.739354
906,1.553781,2.640268,MGC,0.561731,0.186930,0.872807,0.493544
907,1.634249,1.646750,MGC,0.567758,0.567758,0.927857,0.934955
908,1.305006,1.433620,MGC,0.687077,0.847395,0.896639,1.214843
91,1.354520,1.668690,MGC,0.881052,0.525018,1.193403,0.876092
914,1.362950,1.739754,MGC,0.426776,0.523610,0.581674,0.910953
916,1.323945,1.548792,MGC,0.727574,0.696400,0.963268,1.078579
917,1.431097,1.671994,MGC,0.904454,0.715451,1.294361,1.196230
918,1.496799,1.439767,HWC,0.789028,0.916819,1.181016,1.320006
919,1.361855,1.312313,HWC,0.728087,1.192956,0.991548,1.565532
920,1.401220,1.577934,MGC,0.689926,0.622144,0.966738,0.981702
921,1.442273,1.796625,MGC,0.573628,0.395292,0.827328,0.710191
922,1.465786,1.419789,HWC,0.665785,0.750396,0.975898,1.065404
924,1.432772,1.616224,MGC,0.633807,0.558291,0.908101,0.902324
925,1.490647,1.451733,HWC,0.630565,0.870123,0.939950,1.263186
926,1.552540,1.713623,MGC,0.558638,0.760986,0.867308,1.304044
927,2.046454,2.149831,MGC,0.164966,0.199123,0.337596,0.428081
928,1.338306,1.468588,MGC,0.878028,0.682858,1.175070,1.002838
929,1.522317,2.322476,MGC,0.404830,0.155143,0.616279,0.360316
93,1.438211,1.645440,MGC,0.734428,0.562181,1.056262,0.925035
930,1.358990,1.698306,MGC,0.550057,0.454821,0.747521,0.772425
933,1.797647,1.697062,HWC,0.268912,0.455293,0.483410,0.772660
937,1.303525,1.330134,MGC,0.875192,0.745612,1.140835,0.991764
939,1.467143,2.469287,MGC,0.551060,0.161375,0.808484,0.398481
94,1.515308,1.535865,MGC,0.638942,0.626259,0.968194,0.961849
942,1.568901,2.183603,MGC,0.385385,0.212171,0.604631,0.463297
944,1.499711,1.672017,MGC,0.493366,0.491945,0.739907,0.822541
945,1.841044,1.964373,MGC,0.369288,0.406862,0.679875,0.799229
946,1.611328,1.693509,MGC,0.655611,0.545744,1.056403,0.924223
947,1.679002,1.554260,HWC,0.365793,0.684396,0.614167,1.063729
949,1.602745,1.644785,MGC,0.374607,0.424000,0.600400,0.697389
95,1.300703,1.383728,MGC,1.003473,1.090608,1.305220,1.509105
950,1.690180,2.516108,MGC,0.378305,0.164462,0.639404,0.413804
952,1.348195,1.420805,MGC,0.834996,0.958523,1.125737,1.361875
953,1.316819,1.261064,HWC,0.632161,0.739575,0.832442,0.932651
955,1.857839,4.170040,MGC,0.280798,0.150040,0.521678,0.625671
96,1.360712,2.016821,MGC,0.747766,0.336630,1.017494,0.678923
960,1.358885,1.501621,MGC,0.903275,0.733918,1.227446,1.102067
961,1.808724,1.459346,HWC,0.408279,1.010257,0.738463,1.474315
965,1.438795,1.499614,MGC,0.479580,0.719396,0.690017,1.078816
966,1.506867,1.871807,MGC,0.602728,0.405580,0.908232,0.759167
968,1.415785,1.529696,MGC,0.613441,0.545149,0.868500,0.833913
969,1.379584,1.549803,MGC,0.785341,0.652552,1.083443,1.011327
97,2.126031,2.059005,HWC,0.464967,0.539554,0.988533,1.110944
970,1.316720,1.669362,MGC,0.741282,0.396263,0.976061,0.661507
972,1.438102,1.397971,HWC,0.863285,0.812647,1.241492,1.136057
973,1.318783,1.322775,MGC,1.080160,1.179908,1.424497,1.560753
975,1.419863,1.497806,MGC,0.614990,0.647671,0.873201,0.970086
977,1.453620,1.510087,MGC,0.810660,0.738900,1.178392,1.115803
978,1.738931,1.815297,MGC,0.425383,0.617653,0.739712,1.121224
98,1.434679,1.707135,MGC,0.564533,0.443763,0.809924,0.757564
980,1.573316,1.658958,MGC,0.604468,0.668910,0.951020,1.109693
981,1.665624,1.590524,HWC,0.512591,0.584145,0.853784,0.929096
982,1.343393,1.502178,MGC,0.477358,0.603710,0.641280,0.906880
987,1.937353,1.928017,HWC,0.344569,0.303979,0.667553,0.586077
988,1.382105,2.320315,MGC,0.628372,0.197638,0.868477,0.458582
989,1.482683,1.574099,MGC,0.696855,0.672314,1.033216,1.058289
99,1.379117,2.500206,MGC,0.765752,0.185190,1.056061,0.463014
990,1.542930,1.654759,MGC,0.724217,0.489770,1.117417,0.810451
992,1.348819,1.709855,MGC,0.819882,0.478422,1.105872,0.818032
993,1.517150,2.050919,MGC,0.468091,0.322005,0.710164,0.660406
994,2.454829,3.709459,MGC,0.211122,0.152008,0.518268,0.563867
996,1.597486,1.596064,HWC,0.556468,0.579381,0.888950,0.924729
997,1.635347,2.268174,MGC,0.411995,0.269802,0.673755,0.611959
998,1.320143,1.281560,HWC,0.807140,1.087514,1.065541,1.393715
999,1.461102,1.448488,HWC,0.960947,0.960947,1.404042,1.391920
