line_num,role,chunk_idx,n_tokens,low_conf,npr,orig_logrank,mean_p_logrank
10,human,0,87,0,1.684412,0.529258,0.891488
10,lm,0,78,0,2.033820,0.331491,0.674194
100,human,0,49,0,1.373300,0.896685,1.231418
100,lm,0,13,0,1.129343,1.402066,1.583414
1000,human,0,128,0,1.162478,1.316504,1.530408
1000,human,1,128,0,1.331857,1.082676,1.441969
1000,human,2,128,0,1.174978,1.101223,1.293913
1000,human,3,128,0,1.062412,2.063360,2.192138
1000,human,4,128,0,1.071667,1.387727,1.487180
1000,human,5,128,0,1.061424,1.675950,1.778893
1000,lm,0,42,0,1.271247,0.909247,1.155878
1001,human,0,43,0,1.124609,1.724144,1.938988
1001,lm,0,72,0,1.295649,0.989654,1.282244
1002,human,0,40,0,1.252014,1.166510,1.460487
1002,lm,0,83,0,1.744867,0.494847,0.863441
1003,human,0,128,0,1.505579,0.515759,0.776516
1003,human,1,128,0,1.665484,0.470414,0.783467
1003,human,2,128,0,1.586704,0.703130,1.115660
1003,human,3,128,0,1.480705,0.568833,0.842274
1003,human,4,27,0,1.219769,1.482883,1.808775
1003,lm,0,36,0,1.573663,0.317471,0.499592
1004,human,0,105,0,1.344976,0.840770,1.130816
1004,lm,0,50,0,1.471102,0.821807,1.208962
1005,human,0,39,0,1.218285,1.172720,1.428708
1005,lm,0,39,0,1.514057,0.589315,0.892256
1006,human,0,83,0,1.458157,0.461956,0.673605
1006,lm,0,30,0,1.160651,1.209730,1.404074
1007,human,0,128,0,1.328993,0.713933,0.948812
1007,human,1,54,0,1.241090,0.830220,1.030378
1007,lm,0,43,0,1.307062,0.752238,0.983221
1008,human,0,88,0,1.356180,0.810480,1.099156
1008,lm,0,93,0,1.839181,0.348105,0.640227
1009,human,0,55,0,1.379399,0.559863,0.772274
1009,lm,0,40,0,1.311264,0.648670,0.850578
101,human,0,128,0,1.284735,0.618470,0.794570
101,human,1,12,0,1.241993,1.100442,1.366741
101,lm,0,68,0,1.663997,0.438707,0.730008
1010,human,0,128,0,1.216261,1.063626,1.293646
1010,human,1,128,0,1.158778,1.201113,1.391823
1010,human,2,128,0,1.230104,0.774243,0.952399
1010,human,3,128,0,1.264789,1.444638,1.827162
1010,human,4,70,0,1.635913,1.001352,1.638124
1010,lm,0,128,0,1.422121,0.494044,0.702591
1010,lm,1,9,0,1.020447,3.271184,3.338071
1011,human,0,43,0,1.374976,1.137784,1.564426
1011,lm,0,53,0,1.487764,0.851796,1.267272
1012,human,0,85,0,1.535071,0.664536,1.020110
1012,lm,0,5,0,0.998589,2.987904,2.983689
1013,human,0,77,0,1.590890,0.593544,0.944263
1013,lm,0,43,0,1.373469,0.533127,0.732233
1015,human,0,124,0,1.406733,0.691831,0.973222
1015,lm,0,34,0,1.307644,0.790871,1.034177
1016,human,0,71,0,1.246121,1.124294,1.401007
1016,lm,0,37,0,1.366498,0.926110,1.265528
1017,human,0,88,0,1.773880,0.371826,0.659574
1017,lm,0,10,0,1.392106,1.760571,2.450902
1018,human,0,87,0,1.352115,0.751073,1.015536
1018,lm,0,43,0,2.192228,0.313837,0.688001
1019,human,0,93,0,1.396117,0.687685,0.960088
1019,lm,0,128,0,1.733021,0.327258,0.567144
1019,lm,1,21,0,1.135938,1.214553,1.379657
1020,human,0,56,0,1.643130,0.827194,1.359187
1020,lm,0,18,0,1.306084,1.219151,1.592313
1021,human,0,46,0,1.293655,1.361040,1.760716
1021,lm,0,77,0,1.673517,0.482396,0.807298
1024,human,0,29,0,1.153899,1.456775,1.680971
1024,lm,0,24,0,1.327350,0.875544,1.162153
1025,human,0,58,0,1.572934,0.698497,1.098690
1025,lm,0,53,0,1.957304,0.335102,0.655897
1026,human,0,128,0,1.392418,0.919975,1.280989
1026,human,1,38,0,2.362730,1.030344,2.434425
1026,lm,0,84,0,1.706818,0.410427,0.700525
1027,human,0,41,0,1.237367,1.001816,1.239614
1027,lm,0,39,0,1.295399,1.186936,1.537557
1028,human,0,74,0,1.412712,0.804153,1.136037
1028,lm,0,11,0,1.090396,2.015620,2.197825
1029,human,0,48,0,1.236538,0.972571,1.202621
1029,lm,0,88,0,1.617516,0.523692,0.847081
103,human,0,128,0,1.412825,0.437567,0.618205
103,human,1,24,0,1.243897,0.767294,0.954434
103,lm,0,53,0,1.724801,0.345924,0.596650
1030,human,0,69,0,1.374785,0.702432,0.965693
1030,lm,0,25,0,1.506777,0.457304,0.689055
1031,human,0,107,0,1.305299,0.934282,1.219517
1031,lm,0,70,0,1.787301,0.471288,0.842333
1033,human,0,128,0,1.467246,0.640744,0.940128
1033,human,1,128,0,1.516181,0.724251,1.098096
1033,human,2,61,0,1.254863,1.232623,1.546773
1033,lm,0,32,0,1.603178,0.430758,0.690582
1034,human,0,21,0,1.166002,1.782905,2.078871
1034,lm,0,37,0,1.252483,1.465222,1.835166
1035,human,0,128,0,1.388676,0.496105,0.688930
1035,human,1,77,0,1.260864,1.053227,1.327976
1035,lm,0,100,0,1.843043,0.383289,0.706418
1036,human,0,51,0,1.204946,0.951802,1.146870
1036,lm,0,85,0,1.550829,0.432520,0.670764
1037,human,0,128,0,1.271098,1.080729,1.373712
1037,human,1,86,0,1.348245,0.780794,1.052702
1037,lm,0,71,0,1.457777,0.631556,0.920668
1038,human,0,17,0,1.266946,0.885676,1.122103
1038,lm,0,13,0,1.221361,0.874476,1.068051
1039,human,0,50,0,1.301301,1.270676,1.653531
1039,lm,0,33,0,1.389287,0.798126,1.108826
1040,human,0,128,0,1.270311,1.273175,1.617328
1040,human,1,94,0,1.246612,1.308903,1.631694
1040,lm,0,69,0,1.510789,0.585266,0.884213
1041,human,0,128,0,1.245824,1.054516,1.313741
1041,human,1,13,0,1.063475,3.226309,3.431098
1041,lm,0,72,0,1.923909,0.334857,0.644234
1042,human,0,57,0,1.252252,0.850472,1.065006
1042,lm,0,28,0,1.263031,1.332164,1.682565
1043,human,0,128,0,1.333066,0.876380,1.168272
1043,human,1,118,0,1.304289,0.793167,1.034519
1043,lm,0,40,0,1.381707,0.761599,1.052306
1044,human,0,114,0,1.390616,0.722026,1.004061
1044,lm,0,47,0,1.802549,0.456889,0.823564
1045,human,0,92,0,1.318411,0.684303,0.902192
1045,lm,0,80,0,1.437380,0.685814,0.985776
1046,human,0,128,0,1.524560,0.557015,0.849203
1046,human,1,128,0,1.241160,0.939702,1.166321
1046,human,2,128,0,1.265789,1.285806,1.627560
1046,human,3,42,0,1.260146,1.251155,1.576639
1046,lm,0,10,0,1.111856,1.709717,1.900959
1047,human,0,128,0,1.248966,0.962877,1.202600
1047,human,1,3,0,1.057266,2.154691,2.278081
1047,lm,0,128,0,1.520555,0.502313,0.763794
1047,lm,1,43,0,1.190531,1.368595,1.629355
1048,human,0,77,0,1.342062,0.683787,0.917685
1048,lm,0,24,0,1.305416,1.121473,1.463988
1049,human,0,128,0,1.305072,0.890883,1.162666
1049,human,1,122,0,1.308874,0.981660,1.284869
1049,lm,0,48,0,1.340343,1.194889,1.601561
105,human,0,23,0,1.268507,0.933798,1.184529
105,lm,0,7,0,1.178611,1.467675,1.729817
1050,human,0,13,0,1.329330,1.002140,1.332176
1050,lm,0,123,0,2.176406,0.259025,0.563743
1052,human,0,128,0,1.260187,0.953049,1.201020
1052,human,1,128,0,1.322877,0.801721,1.060578
1052,human,2,117,0,1.376160,0.804916,1.107693
1052,lm,0,128,0,1.634239,0.352110,0.575432
1052,lm,1,17,0,1.220312,0.929503,1.134284
1053,human,0,126,0,1.339378,0.921892,1.234761
1053,lm,0,9,0,1.052776,1.767336,1.860609
1054,human,0,95,0,1.296988,0.744246,0.965279
1054,lm,0,128,0,1.662367,0.666973,1.108754
1054,lm,1,39,0,1.120179,2.473576,2.770849
1055,human,0,77,0,1.712279,0.651603,1.115725
1055,lm,0,78,0,1.616349,0.454407,0.734481
1056,human,0,57,0,1.528976,0.876617,1.340326
1056,lm,0,50,0,1.843862,0.424039,0.781869
1057,human,0,43,0,1.698556,0.656467,1.115047
1057,lm,0,14,0,1.324888,1.058663,1.402609
1058,human,0,27,0,1.514005,0.568968,0.861419
1058,lm,0,27,0,1.579864,0.489965,0.774078
1059,human,0,74,0,1.422294,0.551589,0.784522
1059,lm,0,75,0,1.384513,0.559079,0.774052
106,human,0,71,0,1.358657,0.797145,1.083046
106,lm,0,34,0,1.342931,0.884411,1.187703
1060,human,0,85,0,1.324446,0.907837,1.202381
1060,lm,0,25,0,1.282681,1.410262,1.808915
1061,human,0,128,0,1.525470,0.540601,0.824670
1061,human,1,128,0,1.266721,1.214932,1.538980
1061,human,2,23,0,1.193083,1.376334,1.642080
1061,lm,0,56,0,1.767454,0.482026,0.851959
1062,human,0,34,0,1.140666,1.754983,2.001850
1062,lm,0,54,0,1.764023,0.488041,0.860915
1063,human,0,92,0,1.645779,0.579146,0.953147
1063,lm,0,117,0,1.817740,0.337444,0.613385
1064,human,0,128,0,1.265754,1.218027,1.541723
1064,human,1,128,0,1.346517,0.999649,1.346044
1064,human,2,128,0,1.270740,1.451051,1.843907
1064,human,3,128,0,1.279514,1.106060,1.415219
1064,human,4,128,0,1.248003,1.277776,1.594668
1064,human,5,3,0,1.002075,2.583037,2.588397
1064,lm,0,47,0,1.745021,0.774172,1.350947
1065,human,0,128,0,1.426500,0.710495,1.013521
1065,human,1,39,0,1.325617,1.175942,1.558849
1065,lm,0,79,0,1.928892,0.422181,0.814341
1066,human,0,128,0,1.351206,0.597255,0.807014
1066,human,1,8,0,1.229489,1.492069,1.834482
1066,lm,0,49,0,1.440664,0.444253,0.640019
1067,human,0,42,0,1.455961,0.924100,1.345454
1067,lm,0,42,0,1.507052,0.751915,1.133174
1068,human,0,128,0,1.329906,0.952634,1.266913
1068,human,1,104,0,1.404437,1.139386,1.600196
1068,lm,0,85,0,1.923848,0.473001,0.909982
107,human,0,128,0,1.192829,1.324345,1.579718
107,human,1,96,0,1.241155,1.193506,1.481326
107,lm,0,25,0,1.208198,1.278279,1.544415
1070,human,0,94,0,1.620044,0.437405,0.708616
1070,lm,0,44,0,1.201522,1.567447,1.883323
1071,human,0,128,0,1.503900,0.450273,0.677166
1071,human,1,96,0,1.287754,0.846034,1.089483
1071,lm,0,44,0,1.406652,0.419005,0.589394
1072,human,0,128,0,1.356493,0.727347,0.986640
1072,human,1,128,0,1.252173,0.503555,0.630538
1072,human,2,128,0,1.178284,0.473411,0.557813
1072,human,3,40,0,1.179174,0.557247,0.657091
1072,lm,0,128,0,1.438763,0.566759,0.815432
1072,lm,1,10,0,1.026340,1.959424,2.011035
1074,human,0,50,0,1.492647,0.683496,1.020218
1074,lm,0,10,0,1.270180,1.885807,2.395315
1075,human,0,128,0,1.431582,0.580666,0.831271
1075,human,1,128,0,1.303207,0.968396,1.262021
1075,human,2,64,0,1.327725,0.734047,0.974613
1075,lm,0,109,0,1.847958,0.259074,0.478757
1076,human,0,20,0,1.200478,0.717878,0.861798
1076,lm,0,30,0,1.369190,0.592041,0.810617
1077,human,0,14,0,1.112118,1.365097,1.518149
1077,lm,0,18,0,1.265919,0.708389,0.896763
1079,human,0,34,0,1.303488,0.683828,0.891362
1079,lm,0,12,0,1.419372,1.499002,2.127641
108,human,0,79,0,1.453279,0.816822,1.187071
108,lm,0,34,0,1.522938,0.442871,0.674464
1080,human,0,47,0,1.520385,0.671311,1.020651
1080,lm,0,10,0,1.633301,0.567706,0.927235
1081,human,0,35,0,1.486752,0.880004,1.308348
1081,lm,0,53,0,1.894435,0.511201,0.968437
1082,human,0,59,0,1.234318,0.869284,1.072974
1082,lm,0,128,0,2.344178,0.242841,0.569263
1082,lm,1,5,0,1.045341,3.589654,3.752413
1083,human,0,128,0,1.264782,1.181735,1.494637
1083,human,1,128,0,1.355013,1.048279,1.420431
1083,human,2,63,0,1.460352,0.895747,1.308106
1083,lm,0,70,0,1.692949,0.457972,0.775323
1084,human,0,29,0,1.283639,1.120247,1.437994
1084,lm,0,45,0,1.367626,1.164744,1.592935
1085,human,0,128,0,1.293350,0.721333,0.932936
1085,human,1,35,0,1.243999,1.348677,1.677754
1085,lm,0,46,0,1.350247,0.601373,0.812003
1086,human,0,128,0,1.704701,0.393683,0.671112
1086,human,1,121,0,1.453457,0.572175,0.831632
1086,lm,0,65,0,1.522238,0.721006,1.097544
1087,human,0,82,0,1.279229,1.058022,1.353453
1087,lm,0,10,0,1.259902,2.548974,3.211458
1088,human,0,128,0,1.386146,0.542677,0.752230
1088,human,1,18,0,1.392759,0.953426,1.327892
1088,lm,0,128,0,1.687330,0.424331,0.715987
1088,lm,1,30,0,1.363827,1.001874,1.366382
1089,human,0,128,0,1.571897,0.565451,0.888830
1089,human,1,82,0,1.454359,0.945861,1.375621
1089,lm,0,128,0,1.684073,0.498667,0.839791
1089,lm,1,7,0,1.093946,2.784846,3.046472
109,human,0,128,0,1.267896,1.206293,1.529454
109,human,1,128,0,1.282150,1.026578,1.316227
109,human,2,30,0,1.185677,1.811777,2.148182
109,lm,0,114,0,1.470931,0.658469,0.968562
1090,human,0,128,0,1.461402,0.656926,0.960032
1090,lm,0,78,0,1.599754,0.697045,1.115100
1091,human,0,107,0,1.481558,0.786442,1.165159
1091,lm,0,20,0,1.085366,2.514049,2.728664
1093,human,0,13,0,1.110566,2.156669,2.395123
1093,lm,0,81,0,1.567926,0.496729,0.778834
1094,human,0,38,0,1.273070,0.882187,1.123086
1094,lm,0,128,0,1.638039,0.353698,0.579370
1094,lm,1,4,0,1.002319,4.107503,4.117027
1095,human,0,128,0,1.431118,0.653363,0.935040
1095,human,1,75,0,1.670821,0.342730,0.572641
1095,lm,0,70,0,1.754268,0.289357,0.507609
1096,human,0,71,0,1.218989,1.056754,1.288171
1096,lm,0,122,0,2.100449,0.284836,0.598284
1097,human,0,128,0,1.238510,0.895197,1.108711
1097,human,1,21,0,1.187083,1.338057,1.588385
1097,lm,0,38,0,1.573580,0.622678,0.979834
1098,human,0,128,0,1.569823,0.391022,0.613836
1098,human,1,55,0,1.295047,0.523178,0.677540
1098,lm,0,124,0,1.584749,0.365161,0.578689
110,human,0,128,0,1.182942,1.270183,1.502553
110,human,1,128,0,1.163840,1.275596,1.484590
110,human,2,2,0,0.943399,8.925853,8.420638
110,lm,0,6,0,1.004504,3.835214,3.852490
1100,human,0,128,0,1.021404,1.551798,1.585013
1100,human,1,128,0,1.084749,1.359862,1.475109
1100,human,2,32,0,0.979905,3.171166,3.107442
1100,lm,0,9,0,1.040371,2.441328,2.539886
1101,human,0,105,0,1.490630,0.802024,1.195521
1101,lm,0,56,0,1.555579,0.692825,1.077744
1102,human,0,118,0,1.605656,0.415086,0.666486
1102,lm,0,45,0,1.886299,0.262842,0.495799
1103,human,0,57,0,1.389611,0.717834,0.997509
1103,lm,0,56,0,1.667560,0.572246,0.954254
1104,human,0,16,0,1.160388,1.481068,1.718613
1104,lm,0,14,0,1.244807,1.277782,1.590593
1105,human,0,26,0,1.277178,0.953119,1.217302
1105,lm,0,60,0,1.832791,0.388602,0.712227
1106,human,0,128,0,1.318135,0.650558,0.857524
1106,human,1,36,0,1.321922,0.994592,1.314773
1106,lm,0,28,0,1.294163,0.998835,1.292656
1107,human,0,128,0,1.659175,0.391887,0.650208
1107,human,1,59,0,1.304574,0.945034,1.232867
1107,lm,0,45,0,1.842088,0.399571,0.736046
1108,human,0,63,0,1.518359,0.702948,1.067327
1108,lm,0,94,0,2.307818,0.302231,0.697493
1109,human,0,21,0,1.575204,0.541925,0.853643
1109,lm,0,6,0,1.164973,1.599334,1.863182
111,human,0,128,0,1.288503,0.938941,1.209828
111,human,1,128,0,1.196721,1.836730,2.198053
111,human,2,128,0,1.327607,1.326626,1.761238
111,human,3,128,0,1.244836,1.447755,1.802218
111,human,4,75,0,1.257237,1.410755,1.773653
111,lm,0,53,0,1.264544,1.248302,1.578533
1110,human,0,128,0,1.611374,0.641107,1.033063
1110,human,1,128,0,1.236754,1.108277,1.370666
1110,human,2,128,0,1.268521,1.231800,1.562564
1110,human,3,128,0,1.257084,1.034788,1.300815
1110,human,4,128,0,1.102712,1.646501,1.815616
1110,human,5,128,0,1.121727,1.537721,1.724904
1110,human,6,30,0,0.990786,2.315295,2.293961
1110,lm,0,30,0,1.226628,1.184566,1.453021
1111,human,0,128,0,1.283424,0.553972,0.710981
1111,human,1,128,0,1.215350,0.897146,1.090346
1111,human,2,118,0,1.354130,0.520637,0.705010
1111,lm,0,22,0,1.424220,0.577770,0.822872
1113,human,0,56,0,1.422029,0.587062,0.834819
1113,lm,0,17,0,1.205961,1.202196,1.449800
1114,human,0,128,0,1.367897,0.484524,0.662779
1114,human,1,128,0,1.281414,0.836634,1.072075
1114,human,2,128,0,1.310647,1.018902,1.335420
1114,human,3,44,0,1.202227,1.260985,1.515990
1114,lm,0,35,0,1.312249,0.793169,1.040836
1115,human,0,29,0,1.197532,1.177399,1.409973
1115,lm,0,19,0,1.168668,1.234382,1.442583
1116,human,0,85,0,1.585137,0.541552,0.858434
1116,lm,0,29,0,1.615998,0.551775,0.891667
1118,human,0,128,0,1.201314,0.932090,1.119733
1118,human,1,127,0,2.036146,0.526657,1.072350
1118,lm,0,27,0,1.730049,0.678288,1.173471
1119,human,0,128,0,1.516153,0.771779,1.170135
1119,human,1,22,0,1.433471,1.600736,2.294609
1119,lm,0,53,0,1.597805,0.845355,1.350712
112,human,0,63,0,1.534269,0.639383,0.980986
112,lm,0,10,0,1.201400,1.556257,1.869688
1120,human,0,73,0,1.424860,0.802788,1.143861
1120,lm,0,56,0,2.093497,0.303005,0.634339
1121,human,0,61,0,1.250107,0.607851,0.759879
1121,lm,0,53,0,1.980174,0.483794,0.957997
1123,human,0,128,0,1.302658,0.773349,1.007409
1123,human,1,68,0,1.277183,1.528369,1.952008
1123,lm,0,128,0,1.942278,0.251409,0.488306
1123,lm,1,12,0,1.458543,1.698631,2.477527
1124,human,0,128,0,1.339195,0.748673,1.002620
1124,human,1,128,0,1.489235,0.755610,1.125280
1124,human,2,128,0,1.209158,1.536141,1.857437
1124,human,3,128,0,1.300384,0.827994,1.076710
1124,human,4,128,0,1.374837,0.989575,1.360504
1124,human,5,115,0,1.434165,0.864379,1.239662
1124,lm,0,93,0,1.476737,0.635325,0.938207
1125,human,0,107,0,1.339840,0.599440,0.803154
1125,lm,0,36,0,1.414552,0.671291,0.949576
1126,human,0,19,0,1.162914,1.305625,1.518329
1126,lm,0,47,0,1.605888,0.495478,0.795683
1128,human,0,128,0,1.253622,1.036783,1.299734
1128,human,1,128,0,1.361788,0.677966,0.923246
1128,human,2,128,0,1.308321,0.922296,1.206660
1128,human,3,128,0,1.199547,0.897453,1.076537
1128,human,4,7,0,1.041512,2.633165,2.742472
1128,lm,0,126,0,1.912208,0.339544,0.649279
1129,human,0,27,0,1.162153,0.901149,1.047273
1129,lm,0,89,0,1.707905,0.327927,0.560068
113,human,0,128,0,1.244915,0.814221,1.013636
113,human,1,128,0,1.340033,0.723432,0.969423
113,human,2,16,0,1.160377,1.164075,1.350766
113,lm,0,128,0,1.532244,0.476494,0.730105
113,lm,1,5,0,0.931379,6.987961,6.508442
1130,human,0,128,0,1.462407,0.486423,0.711348
1130,human,1,75,0,1.341099,0.961392,1.289322
1130,lm,0,11,0,1.178763,2.148510,2.532584
1131,human,0,75,0,1.163068,1.191671,1.385995
1131,lm,0,66,0,1.377228,0.757609,1.043400
1133,human,0,128,0,1.345163,0.826648,1.111977
1133,human,1,122,0,1.404325,0.707929,0.994162
1133,lm,0,128,0,1.477071,0.625931,0.924544
1133,lm,1,8,0,1.184260,1.666468,1.973531
1134,human,0,128,0,1.487528,0.746965,1.111132
1134,human,1,77,0,1.244075,0.867335,1.079030
1134,lm,0,97,0,1.646916,0.351584,0.579029
1135,human,0,16,0,1.311636,0.394592,0.517561
1135,lm,0,10,0,1.266319,0.646901,0.819183
1136,human,0,105,0,1.423440,0.596471,0.849041
1136,lm,0,56,0,1.415239,0.702783,0.994605
1137,human,0,121,0,1.258474,0.864698,1.088201
1137,lm,0,66,0,1.457877,0.681435,0.993449
1139,human,0,128,0,1.218271,1.084836,1.321625
1139,human,1,30,0,1.124146,1.615321,1.815856
1139,lm,0,89,0,1.403159,0.624684,0.876531
1140,human,0,128,0,1.316940,0.808311,1.064497
1140,human,1,119,0,1.225817,1.268125,1.554490
1140,lm,0,26,0,1.259430,1.811365,2.281288
1141,human,0,128,0,1.429261,0.523868,0.748744
1141,human,1,99,0,1.365241,0.672187,0.917697
1141,lm,0,51,0,1.886890,0.427889,0.807380
1142,human,0,54,0,1.417267,1.034424,1.466055
1142,lm,0,10,0,1.239128,1.849311,2.291533
1143,human,0,128,0,1.292209,0.978824,1.264845
1143,human,1,40,0,1.258656,1.315135,1.655303
1143,lm,0,28,0,1.222776,1.137674,1.391120
1144,human,0,29,0,1.544740,0.837014,1.292968
1144,lm,0,66,0,1.727771,0.561565,0.970255
1146,human,0,48,0,1.255474,0.966469,1.213376
1146,lm,0,66,0,1.696702,0.465596,0.789977
1147,human,0,16,0,1.342457,0.757258,1.016586
1147,lm,0,16,0,1.339211,0.757258,1.014128
1148,human,0,44,0,1.207711,0.995767,1.202599
1148,lm,0,46,0,1.323020,0.846827,1.120369
1149,human,0,128,0,1.281627,0.812603,1.041454
1149,human,1,8,0,1.096317,1.639174,1.797054
1149,lm,0,43,0,1.250423,1.145749,1.432671
115,human,0,31,0,1.248550,0.871649,1.088297
115,lm,0,10,0,1.038506,3.381246,3.511442
1151,human,0,57,0,1.773147,0.578979,1.026615
1151,lm,0,57,0,1.954884,0.380684,0.744192
1152,human,0,128,0,1.362754,0.468630,0.638627
1152,human,1,107,0,1.252449,0.633149,0.792987
1152,lm,0,70,0,1.922639,0.418543,0.804708
1153,human,0,128,0,1.315385,0.601512,0.791219
1153,human,1,128,0,1.399170,0.654977,0.916424
1153,human,2,128,0,1.410324,0.524782,0.740113
1153,human,3,128,0,1.253188,0.989821,1.240432
1153,human,4,109,0,1.255246,0.696886,0.874764
1153,lm,0,59,0,1.563989,0.435028,0.680379
1154,human,0,128,0,1.916434,0.370153,0.709374
1154,human,1,36,0,1.687561,0.955681,1.612770
1154,lm,0,128,0,2.524504,0.239369,0.604288
1154,lm,1,38,0,1.685797,0.853902,1.439505
1155,human,0,128,0,1.150204,1.363907,1.568771
1155,human,1,128,0,1.123585,1.260303,1.416058
1155,human,2,128,0,1.258742,1.151953,1.450012
1155,human,3,128,0,1.091352,1.770935,1.932714
1155,human,4,128,0,1.206280,1.002491,1.209285
1155,human,5,128,0,1.236572,1.044038,1.291029
1155,human,6,105,0,1.690059,0.437128,0.738772
1155,lm,0,27,0,1.441816,0.447068,0.644590
1156,human,0,128,0,1.182285,1.674748,1.980029
1156,human,1,116,0,1.075174,1.312559,1.411229
1156,lm,0,128,0,1.578468,0.676998,1.068619
1156,lm,1,128,0,1.249671,1.189072,1.485949
1156,lm,2,128,0,1.153938,1.284736,1.482505
1156,lm,3,77,0,1.254052,1.845257,2.314048
1157,human,0,94,0,1.440682,0.634989,0.914816
1157,lm,0,32,0,1.322719,0.774326,1.024215
1159,human,0,43,0,1.662577,0.286972,0.477114
1159,lm,0,50,0,1.621939,0.353675,0.573640
1160,human,0,44,0,1.631381,0.658721,1.074625
1160,lm,0,11,0,1.186759,1.808110,2.145790
1161,human,0,94,0,1.223390,0.683953,0.836742
1161,lm,0,25,0,1.204445,1.040581,1.253322
1162,human,0,128,0,1.291760,0.856185,1.105986
1162,human,1,104,0,1.365006,0.766857,1.046764
1162,lm,0,118,0,1.574243,0.464605,0.731401
1163,human,0,30,0,1.209361,0.956575,1.156845
1163,lm,0,24,0,1.245863,1.094133,1.363140
1164,human,0,38,0,1.317100,1.017522,1.340178
1164,lm,0,37,0,1.608596,0.701255,1.128036
1165,human,0,128,0,1.624054,0.426729,0.693031
1165,human,1,47,0,1.317540,0.597016,0.786593
1165,lm,0,101,0,1.704500,0.308859,0.526451
1167,human,0,38,0,1.243749,1.134162,1.410613
1167,lm,0,10,0,1.176475,1.496988,1.761169
1168,human,0,32,0,1.223169,1.085934,1.328281
1168,lm,0,128,0,1.848989,0.344107,0.636250
1168,lm,1,59,0,1.399196,0.593183,0.829980
1169,human,0,128,0,1.541824,0.455091,0.701670
1169,human,1,98,0,1.318496,0.597511,0.787816
1169,lm,0,43,0,1.301352,1.330397,1.731314
117,human,0,116,0,1.598069,0.335172,0.535628
117,lm,0,76,0,1.476897,0.394457,0.582572
1170,human,0,85,0,1.272922,1.063271,1.353462
1170,lm,0,128,0,1.850379,0.378014,0.699469
1170,lm,1,128,0,1.715213,0.388700,0.666702
1170,lm,2,31,0,1.428941,0.813034,1.161778
1171,human,0,90,0,1.263894,1.234564,1.560357
1171,lm,0,12,0,1.216149,1.518383,1.846580
1172,human,0,128,0,1.279494,0.515630,0.659746
1172,human,1,8,0,1.034382,2.809253,2.905840
1172,lm,0,128,0,1.557563,0.401576,0.625480
1172,lm,1,40,0,1.262270,1.059697,1.337624
1173,human,0,128,0,1.347226,0.803782,1.082876
1173,human,1,128,0,1.176102,1.178429,1.385953
1173,human,2,128,0,1.235069,0.908785,1.122412
1173,human,3,128,0,1.255087,1.032232,1.295541
1173,human,4,128,0,1.336097,0.996201,1.331021
1173,human,5,128,0,1.368499,1.047781,1.433887
1173,human,6,77,0,1.352399,1.113742,1.506224
1173,lm,0,128,0,2.240747,0.272393,0.610363
1173,lm,1,1,0,nan,nan,nan
1174,human,0,36,0,1.224870,1.223727,1.498907
1174,lm,0,17,0,1.381288,0.688347,0.950805
1175,human,0,119,0,1.263903,0.643559,0.813396
1175,lm,0,58,0,1.681851,0.290402,0.488412
1176,human,0,128,0,1.387672,0.615187,0.853677
1176,human,1,91,0,1.347890,0.721567,0.972592
1176,lm,0,74,0,1.979222,0.293660,0.581217
1177,human,0,112,0,1.607742,0.430757,0.692547
1177,lm,0,128,0,1.726488,0.289822,0.500374
1177,lm,1,6,0,1.456744,1.534389,2.235211
1178,human,0,14,0,1.275473,0.793338,1.011881
1178,lm,0,56,0,1.537824,0.759577,1.168097
1179,human,0,95,0,1.441709,0.577753,0.832952
1179,lm,0,23,0,1.350278,0.799089,1.078992
118,human,0,128,0,1.292209,0.565775,0.731100
118,human,1,45,0,1.195429,1.155543,1.381369
118,lm,0,102,0,1.805711,0.342446,0.618359
1180,human,0,43,0,1.473004,0.698925,1.029519
1180,lm,0,10,0,1.171858,1.409355,1.651565
1181,human,0,128,0,1.383149,0.834870,1.154749
1181,human,1,128,0,1.418514,0.793691,1.125862
1181,human,2,128,0,1.217192,1.648275,2.006268
1181,human,3,7,0,0.976891,4.638276,4.531090
1181,lm,0,98,0,1.575468,0.503169,0.792726
1182,human,0,31,0,1.625349,0.492113,0.799855
1182,lm,0,22,0,1.793895,0.536851,0.963054
1183,human,0,128,0,1.308570,0.892381,1.167743
1183,human,1,49,0,0.851785,5.882908,5.010972
1183,lm,0,59,0,2.115287,0.236170,0.499568
1184,human,0,102,0,1.330187,0.694907,0.924356
1184,lm,0,128,0,1.416852,0.796194,1.128089
1184,lm,1,128,0,1.465114,0.698592,1.023517
1184,lm,2,31,0,1.343630,1.387944,1.864883
1185,human,0,128,0,1.295021,1.247182,1.615126
1185,human,1,76,0,1.379602,1.146461,1.581659
1185,lm,0,57,0,1.289520,0.837210,1.079598
1186,human,0,84,0,1.615844,0.491109,0.793555
1186,lm,0,15,0,1.237688,1.067334,1.321027
1187,human,0,25,0,1.241058,1.514071,1.879050
1187,lm,0,41,0,1.462564,0.509420,0.745059
1190,human,0,128,0,1.301887,0.678528,0.883367
1190,human,1,128,0,1.327585,0.792252,1.051782
1190,human,2,128,0,1.187470,1.590421,1.888577
1190,human,3,128,0,1.329955,1.015392,1.350426
1190,human,4,128,0,1.233120,1.082461,1.334804
1190,human,5,47,0,1.255172,0.891078,1.118457
1190,lm,0,65,0,1.556462,0.534719,0.832270
1191,human,0,81,0,1.416645,0.867400,1.228797
1191,lm,0,72,0,1.775084,0.555413,0.985904
1192,human,0,128,0,1.727545,0.349595,0.603942
1192,human,1,118,0,2.301836,0.167491,0.385537
1192,lm,0,128,0,3.078301,0.139611,0.429764
1192,lm,1,87,0,2.458737,0.161745,0.397687
1193,human,0,48,0,1.271652,1.308356,1.663774
1193,lm,0,18,0,1.635341,0.610522,0.998412
1194,human,0,53,0,1.412754,0.807243,1.140436
1194,lm,0,128,0,1.410989,0.608782,0.858985
1194,lm,1,128,0,1.894769,0.309540,0.586506
1194,lm,2,44,0,1.095612,2.767112,3.031682
1196,human,0,38,0,1.249762,1.032908,1.290890
1196,lm,0,52,0,1.430257,0.715073,1.022738
1197,human,0,22,0,1.261164,1.018363,1.284322
1197,lm,0,12,0,1.572653,0.964156,1.516283
1198,human,0,49,0,1.119421,1.654169,1.851712
1198,lm,0,80,0,1.306907,0.945165,1.235243
1199,human,0,68,0,1.252990,0.973118,1.219307
1199,lm,0,10,0,1.062363,3.794450,4.031082
12,human,0,128,0,1.331137,0.682890,0.909020
12,human,1,128,0,1.224683,1.248594,1.529132
12,human,2,51,0,2.058170,0.720863,1.483659
12,lm,0,97,0,1.929663,0.446547,0.861685
120,human,0,59,0,1.151580,1.470366,1.693245
120,lm,0,21,0,1.153553,2.275893,2.625364
1200,human,0,27,0,1.121491,1.016024,1.139461
1200,lm,0,17,0,1.140902,0.814474,0.929234
1201,human,0,128,0,1.495079,0.649457,0.970990
1201,human,1,128,0,1.119165,1.331872,1.490584
1201,human,2,128,0,1.328132,1.194618,1.586610
1201,human,3,128,0,1.321281,0.840927,1.111101
1201,human,4,128,0,1.167945,1.327945,1.550967
1201,human,5,128,0,1.183966,1.450134,1.716910
1201,human,6,44,0,1.030338,2.511030,2.587209
1201,lm,0,52,0,1.138043,0.917097,1.043696
1202,human,0,82,0,1.281419,1.117761,1.432320
1202,lm,0,108,0,1.660660,0.462060,0.767324
1203,human,0,128,0,1.427023,0.954220,1.361693
1203,human,1,5,0,1.015277,2.962182,3.007434
1203,lm,0,53,0,1.372151,1.087449,1.492144
1204,human,0,14,0,1.427544,0.856422,1.222579
1204,lm,0,43,0,2.366019,0.413819,0.979103
1205,human,0,128,0,1.434698,0.826677,1.186032
1205,human,1,128,0,1.322314,1.097830,1.451675
1205,human,2,58,0,1.273917,1.935224,2.465314
1205,lm,0,58,0,1.613594,0.735808,1.187296
1206,human,0,128,0,1.619739,0.464471,0.752323
1206,human,1,128,0,1.342903,1.294420,1.738282
1206,human,2,109,0,1.398108,0.738697,1.032778
1206,lm,0,128,0,1.629916,0.327919,0.534480
1206,lm,1,128,0,1.752965,0.377197,0.661213
1206,lm,2,9,0,1.055129,1.117796,1.179419
1207,human,0,30,0,1.186429,1.250454,1.483575
1207,lm,0,11,0,1.102232,2.366951,2.608928
1208,human,0,128,0,1.280195,0.834978,1.068934
1208,human,1,128,0,1.379900,0.654961,0.903780
1208,human,2,128,0,1.247077,0.697327,0.869620
1208,human,3,13,0,1.074217,2.169692,2.330720
1208,lm,0,40,0,1.574027,0.779160,1.226419
1210,human,0,128,0,1.212484,0.944986,1.145780
1210,human,1,128,0,1.208859,1.424266,1.721737
1210,human,2,128,0,1.139232,1.494382,1.702447
1210,human,3,128,0,1.217000,0.839630,1.021830
1210,human,4,117,0,1.407812,0.836536,1.177686
1210,lm,0,44,0,1.429346,0.908537,1.298614
1212,human,0,81,0,1.268540,0.731358,0.927757
1212,lm,0,62,0,1.343058,0.640639,0.860415
1213,human,0,59,0,1.203974,0.902971,1.087154
1213,lm,0,70,0,1.448702,0.450830,0.653119
1214,human,0,27,0,1.412567,0.557253,0.787158
1214,lm,0,9,0,1.183233,1.007711,1.192357
1215,human,0,128,0,1.355284,0.464632,0.629708
1215,human,1,114,0,1.317346,0.658638,0.867654
1215,lm,0,119,0,1.767250,0.304216,0.537626
1216,human,0,22,0,1.143555,1.462848,1.672847
1216,lm,0,63,0,1.614876,0.369355,0.596462
1217,human,0,128,0,1.391205,0.927489,1.290327
1217,human,1,128,0,1.259500,1.452536,1.829469
1217,human,2,39,0,1.119351,2.319726,2.596587
1217,lm,0,92,0,1.835081,0.534638,0.981105
1218,human,0,128,0,1.458828,0.504195,0.735533
1218,human,1,128,0,1.285475,1.196147,1.537617
1218,human,2,128,0,1.370903,0.849521,1.164610
1218,human,3,128,0,1.175500,1.409735,1.657143
1218,human,4,3,0,1.002328,2.933935,2.940765
1218,lm,0,127,0,1.559198,0.505794,0.788632
1219,human,0,128,0,1.276206,0.726695,0.927413
1219,human,1,128,0,1.360448,0.738152,1.004218
1219,human,2,22,0,1.176296,1.731735,2.037034
1219,lm,0,128,0,1.601856,0.406666,0.651420
1219,lm,1,51,0,1.174185,1.554207,1.824926
122,human,0,125,0,1.329939,0.845715,1.124750
122,lm,0,38,0,1.452012,0.643376,0.934190
1220,human,0,19,0,1.234322,1.323615,1.633767
1220,lm,0,93,0,1.366742,0.715676,0.978145
1222,human,0,128,0,1.331010,0.836829,1.113828
1222,human,1,41,0,1.116807,1.695400,1.893435
1222,lm,0,116,0,1.433894,0.856254,1.227778
1223,human,0,34,0,1.274105,0.823485,1.049207
1223,lm,0,11,0,1.235543,1.130491,1.396770
1224,human,0,37,0,1.269390,0.655632,0.832253
1224,lm,0,65,0,1.794352,0.272896,0.489672
1225,human,0,24,0,1.200179,1.281049,1.537488
1225,lm,0,128,0,1.905551,0.394473,0.751688
1226,human,0,128,0,1.426480,0.692615,0.988002
1226,human,1,128,0,1.286509,0.817983,1.052343
1226,human,2,1,0,1.000000,2.525781,2.525781
1226,lm,0,123,0,1.915600,0.267614,0.512642
1227,human,0,49,0,1.174843,0.999960,1.174796
1227,lm,0,9,0,1.092296,1.092776,1.193635
1229,human,0,83,0,2.207966,0.142147,0.313856
1229,lm,0,11,0,1.260774,1.721480,2.170397
123,human,0,128,0,1.328882,0.723077,0.960883
123,human,1,128,0,1.272580,1.253671,1.595397
123,human,2,128,0,1.252177,1.135614,1.421989
123,human,3,128,0,1.338946,0.902730,1.208707
123,human,4,128,0,1.273535,0.795705,1.013359
123,human,5,128,0,1.188200,1.228555,1.459769
123,human,6,23,0,1.266731,1.159645,1.468958
123,lm,0,72,0,1.653613,0.394519,0.652383
1230,human,0,42,0,1.517853,0.574403,0.871859
1230,lm,0,37,0,1.596602,0.506917,0.809344
1231,human,0,52,0,1.407075,0.937548,1.319201
1231,lm,0,10,0,1.153467,2.642607,3.048161
1232,human,0,128,0,1.258668,0.730835,0.919879
1232,human,1,128,0,1.195569,1.013713,1.211964
1232,human,2,128,0,1.123889,0.923648,1.038078
1232,human,3,128,0,1.123006,1.723713,1.935740
1232,human,4,22,0,1.008675,2.349645,2.370028
1232,lm,0,68,0,1.806247,0.374863,0.677095
1233,human,0,122,0,1.518254,0.565425,0.858459
1233,lm,0,70,0,1.936583,0.248222,0.480702
1234,human,0,128,0,1.338642,0.829535,1.110450
1234,human,1,128,0,1.416819,0.772427,1.094390
1234,human,2,22,0,1.286561,1.586770,2.041476
1234,lm,0,52,0,1.498678,0.668356,1.001651
1235,human,0,128,0,1.191090,1.152300,1.372494
1235,human,1,128,0,1.155386,1.100556,1.271567
1235,human,2,7,0,1.047127,4.268995,4.470180
1235,lm,0,128,0,1.649954,0.443755,0.732175
1235,lm,1,65,0,1.413861,1.275676,1.803627
1236,human,0,128,0,1.345504,0.777244,1.045786
1236,human,1,128,0,1.323390,1.043616,1.381111
1236,human,2,128,0,1.261066,1.254474,1.581974
1236,human,3,128,0,1.128644,1.588416,1.792756
1236,human,4,128,0,1.144071,1.472690,1.684861
1236,human,5,70,0,1.236935,1.279864,1.583109
1236,lm,0,128,0,1.495855,0.444164,0.664406
1236,lm,1,128,0,1.520645,0.383817,0.583650
1236,lm,2,15,0,1.162302,2.143374,2.491248
1237,human,0,128,0,1.335545,0.945751,1.263094
1237,human,1,101,0,1.187529,0.932458,1.107321
1237,lm,0,35,0,1.270163,0.745962,0.947494
1239,human,0,55,0,1.462121,1.044474,1.527148
1239,lm,0,128,0,1.452866,0.807886,1.173750
1239,lm,1,99,0,1.424292,0.961923,1.370060
124,human,0,57,0,1.268236,0.870203,1.103623
124,lm,0,71,0,1.558277,0.536146,0.835464
1240,human,0,128,0,1.434447,0.537290,0.770714
1240,human,1,128,0,1.254698,1.059653,1.329544
1240,human,2,75,0,1.403883,0.844313,1.185316
1240,lm,0,16,0,1.179384,0.981836,1.157962
1241,human,0,128,0,1.374650,0.754368,1.036992
1241,human,1,46,0,1.253098,1.382827,1.732817
1241,lm,0,19,0,1.233951,1.026517,1.266672
1242,human,0,45,0,1.368414,0.937724,1.283194
1242,lm,0,79,0,1.623304,0.547538,0.888821
1243,human,0,118,0,1.582989,0.527964,0.835762
1243,lm,0,49,0,1.570913,0.499563,0.784769
1244,human,0,128,0,1.256301,0.953735,1.198178
1244,human,1,128,0,1.194209,1.087139,1.298271
1244,human,2,78,0,1.139263,1.630098,1.857111
1244,lm,0,63,0,1.295303,1.035545,1.341344
1245,human,0,128,0,1.338797,0.720898,0.965136
1245,human,1,128,0,1.354551,0.563842,0.763753
1245,human,2,73,0,1.357080,1.595910,2.165777
1245,lm,0,128,0,1.680272,0.337628,0.567307
1245,lm,1,115,0,1.615163,0.366228,0.591517
1246,human,0,128,0,1.540197,0.457666,0.704896
1246,human,1,120,0,1.329856,0.531446,0.706746
1246,lm,0,128,0,2.339592,0.179889,0.420867
1246,lm,1,128,0,1.266498,0.412906,0.522945
1246,lm,2,100,0,1.636900,0.380102,0.622188
1247,human,0,128,0,1.221230,0.952546,1.163278
1247,human,1,126,0,1.245489,0.818653,1.019623
1247,lm,0,44,0,1.134277,0.862217,0.977992
1249,human,0,36,0,1.221710,0.975534,1.191819
1249,lm,0,18,0,1.219343,1.401945,1.709452
125,human,0,128,0,1.285352,0.836631,1.075365
125,human,1,128,0,1.226269,1.640939,2.012234
125,human,2,4,0,0.938482,6.205208,5.823476
125,lm,0,55,0,1.410074,0.673031,0.949023
1250,human,0,90,0,1.238834,0.828773,1.026712
1250,lm,0,31,0,1.360478,0.858769,1.168336
1251,human,0,53,0,1.429934,0.617365,0.882792
1251,lm,0,22,0,1.339161,0.867311,1.161469
1252,human,0,128,0,1.410746,0.611895,0.863228
1252,human,1,3,0,1.079729,3.433987,3.707776
1252,lm,0,78,0,1.461310,0.621012,0.907491
1253,human,0,28,0,1.546594,0.587783,0.909061
1253,lm,0,24,0,1.786360,0.512073,0.914747
1255,human,0,42,0,1.338931,0.688566,0.921943
1255,lm,0,83,0,1.651025,0.410982,0.678542
1256,human,0,21,0,1.270143,0.988833,1.255959
1256,lm,0,33,0,1.578585,0.914140,1.443048
1257,human,0,128,0,1.286407,0.883279,1.136256
1257,human,1,128,0,1.301607,0.692306,0.901111
1257,human,2,128,0,1.308349,0.863660,1.129968
1257,human,3,128,0,1.256081,0.711848,0.894138
1257,human,4,128,0,1.218649,0.857197,1.044623
1257,human,5,4,0,1.158402,1.622755,1.879804
1257,lm,0,128,0,1.506662,0.466350,0.702632
1257,lm,1,123,0,1.538993,0.611488,0.941075
1258,human,0,37,0,1.377065,0.910191,1.253392
1258,lm,0,68,0,1.938810,0.528190,1.024061
1259,human,0,91,0,1.279696,1.312971,1.680204
1259,lm,0,28,0,1.125508,1.875708,2.111124
126,human,0,85,0,1.365042,0.747900,1.020915
126,lm,0,10,0,1.260403,2.559078,3.225470
1260,human,0,128,0,1.523993,0.477533,0.727757
1260,human,1,128,0,1.418337,0.370701,0.525779
1260,human,2,128,0,1.023414,1.042113,1.066512
1260,human,3,36,0,1.295246,1.008934,1.306817
1260,lm,0,53,0,1.361463,0.882167,1.201038
1261,human,0,128,0,1.219312,0.605569,0.738377
1261,human,1,47,0,1.172871,1.342534,1.574619
1261,lm,0,128,0,1.739567,0.313886,0.546026
1261,lm,1,128,0,1.595484,0.450075,0.718087
1261,lm,2,20,0,1.167309,1.402621,1.637291
1262,human,0,128,0,1.288475,0.945842,1.218694
1262,human,1,128,0,1.289822,0.677738,0.874162
1262,human,2,61,0,1.264826,0.945642,1.196073
1262,lm,0,48,0,1.353657,0.949499,1.285295
1263,human,0,56,0,1.596774,0.300966,0.480575
1263,lm,0,65,0,1.651345,0.418539,0.691152
1264,human,0,86,0,1.436376,0.815725,1.171688
1264,lm,0,57,0,1.336514,0.567631,0.758647
1265,human,0,128,0,1.189064,1.192987,1.418538
1265,human,1,128,0,1.288926,1.042429,1.343614
1265,human,2,128,0,1.281879,1.243423,1.593918
1265,human,3,128,0,1.219293,1.145279,1.396431
1265,human,4,115,0,1.344534,0.926081,1.245148
1265,lm,0,11,0,1.292460,1.287552,1.664109
1266,human,0,128,0,1.217416,1.012324,1.232419
1266,human,1,128,0,1.338201,0.823379,1.101847
1266,human,2,70,0,1.214288,1.304061,1.583505
1266,lm,0,128,0,1.635396,0.398930,0.652409
1266,lm,1,37,0,1.234581,1.503585,1.856298
1268,human,0,13,0,1.294368,1.030857,1.334308
1268,lm,0,82,0,1.611681,0.644275,1.038366
1269,human,0,30,0,1.250019,1.108084,1.385125
1269,lm,0,14,0,1.318295,1.323575,1.744862
127,human,0,128,0,1.436912,0.606642,0.871691
127,human,1,128,0,1.248957,0.880859,1.100154
127,human,2,128,0,1.316852,0.703858,0.926876
127,human,3,31,0,1.185109,1.393565,1.651527
127,lm,0,73,0,1.619597,0.496650,0.804374
1270,human,0,128,0,1.334038,0.876716,1.169572
1270,human,1,128,0,1.344676,0.890546,1.197496
1270,human,2,128,0,1.214412,1.352391,1.642360
1270,human,3,128,0,1.328298,0.768395,1.020658
1270,human,4,128,0,1.277479,1.018592,1.301230
1270,human,5,128,0,1.139274,1.438024,1.638303
1270,human,6,28,0,1.150736,1.764941,2.030982
1270,lm,0,99,0,1.603228,0.505638,0.810654
1271,human,0,118,0,1.107591,1.331146,1.474365
1271,lm,0,10,0,1.119426,3.014706,3.374742
1272,human,0,67,0,1.229674,1.366366,1.680185
1272,lm,0,128,0,1.832496,0.392601,0.719440
1272,lm,1,82,0,1.832797,0.387262,0.709773
1273,human,0,126,0,1.272380,0.692012,0.880503
1273,lm,0,91,0,1.561553,0.385344,0.601736
1274,human,0,96,0,1.343124,0.854578,1.147804
1274,lm,0,87,0,1.661479,0.446769,0.742298
1275,human,0,128,0,1.204431,1.074648,1.294339
1275,human,1,49,0,1.361090,1.062192,1.445740
1275,lm,0,28,0,1.240198,1.055984,1.309630
1276,human,0,24,0,1.284061,0.926079,1.189142
1276,lm,0,13,0,1.147299,1.618678,1.857108
1277,human,0,23,0,1.163274,1.553649,1.807319
1277,lm,0,119,0,1.718791,0.285494,0.490704
1278,human,0,128,0,1.426150,0.344605,0.491459
1278,human,1,37,0,1.151517,0.705158,0.812001
1278,lm,0,97,0,1.432264,0.307845,0.440915
1279,human,0,86,0,1.529978,0.547642,0.837880
1279,lm,0,77,0,1.511595,0.373287,0.564259
128,human,0,85,0,1.137147,0.864088,0.982595
128,lm,0,9,0,1.055976,1.611086,1.701267
1280,human,0,22,0,1.336946,0.813486,1.087587
1280,lm,0,31,0,1.567737,0.637123,0.998841
1281,human,0,26,0,1.192498,1.241807,1.480852
1281,lm,0,10,0,1.190183,1.653140,1.967540
1282,human,0,128,0,1.389124,0.723155,1.004552
1282,human,1,128,0,1.252762,0.581325,0.728262
1282,human,2,73,0,1.288975,0.862889,1.112242
1282,lm,0,128,0,1.419008,0.584305,0.829134
1282,lm,1,71,0,1.280577,0.615451,0.788133
1284,human,0,128,0,1.598997,0.336445,0.537975
1284,human,1,128,0,1.385908,0.518816,0.719031
1284,human,2,128,0,1.478668,0.483962,0.715619
1284,human,3,56,0,1.443796,0.779380,1.125266
1284,lm,0,103,0,2.306870,0.193884,0.447265
1285,human,0,39,0,1.451396,0.869495,1.261982
1285,lm,0,35,0,1.600753,0.585290,0.936905
1287,human,0,128,0,1.539840,0.507661,0.781717
1287,human,1,128,0,1.263261,1.259997,1.591705
1287,human,2,126,0,1.649794,0.594400,0.980638
1287,lm,0,6,0,1.100947,1.743427,1.919420
1288,human,0,128,0,1.412806,0.712015,1.005939
1288,human,1,128,0,1.222195,1.353778,1.654580
1288,human,2,128,0,1.196836,1.190579,1.424928
1288,human,3,128,0,1.235789,1.282976,1.585488
1288,human,4,128,0,1.298125,0.876239,1.137467
1288,human,5,117,0,1.207675,1.279655,1.545407
1288,lm,0,46,0,1.484362,0.626653,0.930180
1289,human,0,128,0,1.373397,0.835989,1.148146
1289,human,1,128,0,1.422859,0.749864,1.066951
1289,human,2,11,0,1.131851,2.098121,2.374760
1289,lm,0,47,0,1.532165,0.575194,0.881292
129,human,0,128,0,1.225138,0.987705,1.210074
129,human,1,128,0,1.257132,1.025839,1.289615
129,human,2,5,0,1.032003,2.233546,2.305026
129,lm,0,84,0,1.465780,0.365607,0.535899
1290,human,0,22,0,1.278998,0.903937,1.156133
1290,lm,0,47,0,1.769508,0.573614,1.015015
1292,human,0,128,0,1.313286,0.981047,1.288395
1292,human,1,128,0,1.363504,0.956861,1.304684
1292,human,2,128,0,1.258830,1.429408,1.799382
1292,human,3,128,0,1.277984,1.390773,1.777386
1292,human,4,128,0,1.325139,0.838832,1.111569
1292,human,5,128,0,1.292608,1.074335,1.388693
1292,human,6,128,0,1.295816,1.220781,1.581907
1292,human,7,128,0,1.284233,1.123029,1.442231
1292,human,8,59,0,1.262907,1.304931,1.648007
1292,lm,0,79,0,1.808347,0.499114,0.902572
1293,human,0,71,0,1.345192,1.113643,1.498063
1293,lm,0,128,0,1.526778,0.532310,0.812720
1293,lm,1,16,0,1.229913,1.094224,1.345800
1294,human,0,72,0,1.620551,0.770494,1.248625
1294,lm,0,34,0,1.520821,0.887110,1.349135
1295,human,0,128,0,1.369544,0.987129,1.351917
1295,human,1,114,0,1.384978,1.131881,1.567630
1295,lm,0,69,0,1.649452,0.431637,0.711965
1296,human,0,86,0,1.123087,0.864551,0.970966
1296,lm,0,19,0,1.221062,1.116182,1.362928
1297,human,0,128,0,1.428799,0.713257,1.019101
1297,human,1,128,0,1.314594,1.038879,1.365703
1297,human,2,123,0,1.291793,0.995271,1.285684
1297,lm,0,70,0,1.630190,0.591451,0.964177
1298,human,0,121,0,1.210551,0.881790,1.067452
1298,lm,0,43,0,1.579259,0.543435,0.858225
13,human,0,128,0,1.280587,0.780891,0.999999
13,human,1,128,0,1.263262,0.636474,0.804033
13,human,2,128,0,1.157227,0.993867,1.150130
13,human,3,27,0,1.123259,1.585251,1.780647
13,lm,0,34,0,1.275587,1.034106,1.319092
130,human,0,128,0,1.340673,0.712525,0.955263
130,human,1,81,0,1.315083,1.060160,1.394198
130,lm,0,20,0,1.362340,1.155631,1.574362
1300,human,0,51,0,1.240534,0.937372,1.162842
1300,lm,0,40,0,1.324562,1.133137,1.500910
1302,human,0,128,0,1.504850,0.699450,1.052567
1302,human,1,33,0,1.306523,1.803263,2.356006
1302,lm,0,79,0,1.729914,0.432861,0.748813
1303,human,0,105,0,1.605425,0.507694,0.815065
1303,lm,0,56,0,1.600527,0.491749,0.787057
1304,human,0,128,0,1.545322,0.632512,0.977435
1304,human,1,128,0,1.272187,0.924067,1.175587
1304,human,2,128,0,1.257613,0.784239,0.986269
1304,human,3,19,0,1.270644,1.211389,1.539244
1304,lm,0,128,0,1.495324,0.552344,0.825933
1304,lm,1,67,0,1.813941,0.428191,0.776714
1306,human,0,113,0,1.461310,0.588332,0.859736
1306,lm,0,40,0,1.718369,0.485176,0.833711
1307,human,0,54,0,1.235018,1.308007,1.615413
1307,lm,0,36,0,1.209880,1.427172,1.726707
1308,human,0,95,0,1.601836,0.531933,0.852070
1308,lm,0,81,0,1.512214,0.567047,0.857496
131,human,0,88,0,1.269717,0.927333,1.177450
131,lm,0,49,0,1.288889,1.022580,1.317993
1310,human,0,17,0,1.086982,2.073334,2.253677
1310,lm,0,51,0,1.463009,0.641791,0.938945
1311,human,0,80,0,1.876027,0.269664,0.505897
1311,lm,0,10,0,1.123239,1.063077,1.194090
1312,human,0,87,0,1.199832,1.193962,1.432554
1312,lm,0,72,0,1.215582,1.021152,1.241295
1313,human,0,128,0,1.245882,0.927254,1.155249
1313,human,1,55,0,1.196044,1.663248,1.989318
1313,lm,0,25,0,1.429067,0.993503,1.419782
1314,human,0,51,0,1.231948,0.697138,0.858838
1314,lm,0,10,0,1.095980,2.935586,3.217343
1315,human,0,128,0,1.401275,0.725601,1.016767
1315,human,1,128,0,1.258642,0.886179,1.115381
1315,human,2,23,0,1.100148,3.802797,4.183641
1315,lm,0,118,0,1.941906,0.354174,0.687772
1316,human,0,31,0,1.196138,1.123623,1.344008
1316,lm,0,29,0,1.447252,0.575501,0.832895
1317,human,0,118,0,1.393456,0.683214,0.952029
1317,lm,0,91,0,1.617547,0.688149,1.113113
1318,human,0,77,0,1.468449,0.447092,0.656532
1318,lm,0,69,0,1.626030,0.404856,0.658308
1319,human,0,24,0,1.158038,1.181158,1.367826
1319,lm,0,57,0,1.478944,0.483072,0.714437
132,human,0,128,0,1.477052,0.750378,1.108348
132,human,1,100,0,1.438833,0.774574,1.114483
132,lm,0,91,0,2.069130,0.338618,0.700644
1320,human,0,68,0,1.390354,0.892979,1.241557
1320,lm,0,14,0,1.160059,1.638386,1.900625
1321,human,0,128,0,1.351591,0.839304,1.134396
1321,human,1,128,0,1.181449,1.318715,1.557994
1321,human,2,128,0,1.266327,1.889394,2.392590
1321,human,3,122,0,1.429545,0.725092,1.036551
1321,lm,0,128,0,1.618084,0.544471,0.880999
1321,lm,1,41,0,1.253572,1.660597,2.081678
1323,human,0,128,0,1.376132,0.824423,1.134515
1323,human,1,128,0,1.132452,1.275470,1.444408
1323,human,2,53,0,1.066537,1.870823,1.995303
1323,lm,0,128,0,1.963530,0.230623,0.452835
1323,lm,1,43,0,1.397911,0.736450,1.029491
1324,human,0,78,0,1.365618,0.608643,0.831174
1324,lm,0,18,0,1.669575,0.541125,0.903449
1325,human,0,47,0,1.240276,0.990048,1.227932
1325,lm,0,37,0,1.488934,0.729130,1.085627
1326,human,0,128,0,1.499201,0.401479,0.601898
1326,human,1,128,0,1.223492,1.043850,1.277143
1326,human,2,15,0,1.077763,2.204943,2.376406
1326,lm,0,78,0,1.272230,0.884646,1.125474
1327,human,0,77,0,1.601703,0.588599,0.942762
1327,lm,0,35,0,1.543896,0.654118,1.009890
1329,human,0,34,0,1.262958,0.790160,0.997939
1329,lm,0,73,0,1.713320,0.431524,0.739339
1330,human,0,128,0,1.213598,1.211503,1.470278
1330,human,1,128,0,1.262719,1.253217,1.582460
1330,human,2,128,0,1.207252,1.476991,1.783101
1330,human,3,128,0,1.202049,1.307340,1.571486
1330,human,4,11,0,0.988836,2.724748,2.694330
1330,lm,0,99,0,1.377248,0.486279,0.669726
1332,human,0,35,0,1.211398,0.964869,1.168841
1332,lm,0,31,0,1.323628,1.113833,1.474300
1333,human,0,128,0,1.355794,1.122469,1.521837
1333,human,1,2,0,1.174139,2.522104,2.961300
1333,lm,0,28,0,1.208161,0.861137,1.040392
1334,human,0,30,0,1.208695,1.146031,1.385202
1334,lm,0,128,0,1.819126,0.354888,0.645587
1334,lm,1,1,0,1.000000,1.605498,1.605498
1335,human,0,21,0,1.119877,1.616096,1.809830
1335,lm,0,29,0,1.284098,0.920735,1.182313
1336,human,0,128,0,1.600600,0.563118,0.901327
1336,human,1,128,0,1.218046,0.886542,1.079849
1336,human,2,128,0,1.386468,0.971742,1.347289
1336,human,3,128,0,1.195539,0.988995,1.182382
1336,human,4,15,0,1.129749,1.727885,1.952077
1336,lm,0,77,0,1.377358,0.795578,1.095795
1337,human,0,54,0,1.584274,0.902081,1.429143
1337,lm,0,9,0,1.164508,1.501888,1.748961
1338,human,0,64,0,1.352623,0.620636,0.839487
1338,lm,0,9,0,1.058243,1.901411,2.012155
1339,human,0,107,0,1.487023,0.548597,0.815776
1339,lm,0,113,0,1.830998,0.533912,0.977592
134,human,0,30,0,1.158485,0.930871,1.078400
134,lm,0,15,0,1.383157,0.693037,0.958579
1341,human,0,98,0,1.554843,0.500221,0.777766
1341,lm,0,29,0,1.461934,0.959784,1.403141
1342,human,0,128,0,1.347887,0.774568,1.044030
1342,human,1,128,0,1.526202,0.669906,1.022412
1342,human,2,12,0,1.190665,3.198465,3.808299
1342,lm,0,60,0,1.653878,0.481593,0.796497
1343,human,0,128,0,1.205217,1.149442,1.385326
1343,human,1,128,0,1.258659,0.766506,0.964770
1343,human,2,42,0,1.259967,1.557056,1.961839
1343,lm,0,38,0,1.458352,0.691166,1.007963
1344,human,0,128,0,1.421713,0.860666,1.223620
1344,human,1,13,0,1.157562,2.552671,2.954875
1344,lm,0,58,0,1.462207,0.758776,1.109487
1345,human,0,128,0,1.370465,0.701505,0.961388
1345,human,1,97,0,1.075843,1.782761,1.917970
1345,lm,0,10,0,1.192663,1.414555,1.687087
1347,human,0,128,0,1.290714,0.756596,0.976549
1347,human,1,81,0,1.095900,1.543359,1.691367
1347,lm,0,38,0,1.373002,1.113303,1.528567
1348,human,0,128,0,1.678351,0.374131,0.627923
1348,human,1,91,0,1.433738,0.690020,0.989307
1348,lm,0,128,0,1.809529,0.242519,0.438845
1348,lm,1,18,0,1.359798,0.672647,0.914664
1349,human,0,128,0,1.469092,0.548458,0.805735
1349,human,1,86,0,1.311112,0.985407,1.291978
1349,lm,0,28,0,1.318511,1.084521,1.429953
135,human,0,128,0,1.680641,0.522606,0.878312
135,human,1,128,0,1.270105,0.881189,1.119203
135,human,2,4,0,1.056556,2.499874,2.641256
135,lm,0,128,0,1.861634,0.545112,1.014798
135,lm,1,109,0,1.968475,0.355087,0.698980
1350,human,0,18,0,1.205339,0.955548,1.151759
1350,lm,0,24,0,1.582679,0.586967,0.928981
1351,human,0,128,0,1.355177,0.802183,1.087100
1351,human,1,80,0,1.285938,0.980593,1.260982
1351,lm,0,47,0,1.350323,0.921408,1.244199
1352,human,0,102,0,1.559280,0.577135,0.899915
1352,lm,0,104,0,1.728425,0.505734,0.874124
1353,human,0,29,0,1.194787,1.441567,1.722366
1353,lm,0,18,0,1.278024,0.651208,0.832259
1354,human,0,92,0,1.336790,0.474470,0.634267
1354,lm,0,93,0,1.865566,0.360159,0.671900
1355,human,0,128,0,1.349841,1.018898,1.375350
1355,human,1,128,0,1.177691,1.302815,1.534314
1355,human,2,128,0,1.184431,1.073596,1.271600
1355,human,3,128,0,1.138665,1.527169,1.738934
1355,human,4,18,0,1.128375,1.676265,1.891456
1355,lm,0,11,0,1.245241,1.608861,2.003421
1356,human,0,128,0,1.463868,0.593148,0.868291
1356,human,1,28,0,1.154317,1.178242,1.360064
1356,lm,0,48,0,1.346957,0.880500,1.185996
1357,human,0,128,0,1.289151,0.670336,0.864164
1357,human,1,7,0,1.131192,3.817652,4.318496
1357,lm,0,76,0,1.763891,0.419865,0.740597
1358,human,0,128,0,1.254173,0.845602,1.060531
1358,human,1,97,0,1.150066,1.713176,1.970266
1358,lm,0,11,0,1.033506,2.370725,2.450158
1359,human,0,128,0,1.245145,0.925933,1.152921
1359,human,1,128,0,1.206123,1.445270,1.743174
1359,human,2,37,0,1.283064,1.172069,1.503839
1359,lm,0,8,0,1.108210,1.332285,1.476451
136,human,0,97,0,1.348867,0.758464,1.023067
136,lm,0,128,0,1.973800,0.387895,0.765627
136,lm,1,40,0,1.342829,1.138980,1.529456
1360,human,0,48,0,1.196831,0.690542,0.826462
1360,lm,0,52,0,1.483401,0.482429,0.715636
1361,human,0,38,0,1.325881,0.871836,1.155951
1361,lm,0,6,0,1.079833,1.965946,2.122892
1362,human,0,45,0,1.223199,1.668281,2.040640
1362,lm,0,10,0,1.296133,1.078582,1.397986
1364,human,0,47,0,1.134124,1.450382,1.644913
1364,lm,0,50,0,1.493701,0.783092,1.169706
1365,human,0,67,0,1.227427,0.972150,1.193242
1365,lm,0,128,0,2.374967,0.158209,0.375742
1365,lm,1,43,0,1.481174,0.571951,0.847159
1366,human,0,128,0,1.256767,0.915886,1.151056
1366,human,1,128,0,1.171032,0.973424,1.139911
1366,human,2,122,0,1.201700,0.952801,1.144981
1366,lm,0,13,0,1.239191,0.974072,1.207061
1368,human,0,128,0,1.213201,1.047495,1.270823
1368,human,1,128,0,1.303846,0.611107,0.796789
1368,human,2,11,0,1.056863,3.306405,3.494418
1368,lm,0,108,0,1.949318,0.227310,0.443099
1369,human,0,128,0,1.325317,0.787348,1.043485
1369,human,1,7,0,1.020530,3.597654,3.671514
1369,lm,0,128,0,1.772308,0.349897,0.620125
1369,lm,1,37,0,1.308990,0.724960,0.948965
137,human,0,128,0,1.621110,0.524306,0.849957
137,human,1,128,0,1.541335,0.616740,0.950603
137,human,2,128,0,1.341346,0.794017,1.065051
137,human,3,128,0,1.512858,0.563522,0.852528
137,human,4,128,0,1.332529,0.928361,1.237068
137,human,5,114,0,1.563642,0.753528,1.178248
137,lm,0,45,0,1.828243,0.418724,0.765528
1370,human,0,128,0,1.354171,0.851370,1.152900
1370,human,1,128,0,1.754055,0.543031,0.952506
1370,human,2,128,0,1.451965,1.234545,1.792516
1370,human,3,4,0,0.936031,6.492240,6.076938
1370,lm,0,58,0,1.580001,0.801974,1.267120
1371,human,0,128,0,1.458989,0.319814,0.466604
1371,human,1,49,0,1.353248,0.688656,0.931922
1371,lm,0,128,0,2.633209,0.110970,0.292207
1371,lm,1,128,0,2.195700,0.164477,0.361143
1371,lm,2,53,0,1.653848,0.393041,0.650031
1372,human,0,45,0,1.387691,0.785477,1.089999
1372,lm,0,33,0,1.544802,0.887706,1.371331
1373,human,0,101,0,1.380061,1.045254,1.442514
1373,lm,0,107,0,1.569626,0.551985,0.866411
1374,human,0,78,0,1.283112,0.813637,1.043987
1374,lm,0,122,0,1.919533,0.423580,0.813075
1375,human,0,128,0,1.575190,0.657460,1.035624
1375,human,1,102,0,1.326271,1.281633,1.699792
1375,lm,0,58,0,1.487006,0.697616,1.037359
1376,human,0,20,0,1.135765,1.343637,1.526056
1376,lm,0,53,0,1.739286,0.518685,0.902141
1377,human,0,16,0,1.321666,0.801672,1.059542
1377,lm,0,74,0,2.061224,0.311545,0.642164
1378,human,0,14,0,1.149197,1.806405,2.075915
1378,lm,0,15,0,1.378518,0.809446,1.115837
1379,human,0,128,0,1.327910,0.776581,1.031230
1379,human,1,128,0,1.395255,0.621191,0.866720
1379,human,2,19,0,1.325423,1.391914,1.844874
1379,lm,0,70,0,1.588451,0.313005,0.497193
138,human,0,128,0,1.253917,0.593894,0.744694
138,human,1,2,0,1.112684,1.631346,1.815173
138,lm,0,119,0,2.193686,0.227080,0.498143
1380,human,0,21,0,1.173786,1.259161,1.477985
1380,lm,0,13,0,1.107740,1.122024,1.242911
1381,human,0,128,0,1.368267,0.760531,1.040610
1381,human,1,128,0,1.273945,1.068903,1.361724
1381,human,2,94,0,1.276119,1.329762,1.696934
1381,lm,0,128,0,2.123054,0.232239,0.493057
1381,lm,1,27,0,1.636928,0.495815,0.811614
1382,human,0,61,0,1.186262,1.445401,1.714623
1382,lm,0,7,0,1.048322,2.256256,2.365284
1384,human,0,32,0,1.245017,1.107644,1.379036
1384,lm,0,22,0,1.219367,1.174476,1.432117
1385,human,0,51,0,1.259868,1.212339,1.527387
1385,lm,0,13,0,1.181196,1.869941,2.208767
1388,human,0,128,0,1.277275,0.894160,1.142088
1388,human,1,65,0,1.276956,0.954252,1.218538
1388,lm,0,128,0,1.455854,0.683184,0.994616
1388,lm,1,112,0,1.504979,0.605734,0.911617
1389,human,0,128,0,1.419270,0.570718,0.810003
1389,human,1,85,0,1.310227,0.749141,0.981544
1389,lm,0,56,0,1.450678,0.638250,0.925896
1390,human,0,128,0,1.889413,0.263822,0.498469
1390,human,1,126,0,1.689528,0.441096,0.745244
1390,lm,0,75,0,1.734856,0.268411,0.465654
1395,human,0,128,0,1.307063,0.880586,1.150981
1395,human,1,4,0,0.965995,4.510859,4.357470
1395,lm,0,25,0,1.145469,1.545256,1.770043
1396,human,0,128,0,1.233939,1.062457,1.311008
1396,human,1,128,0,1.214620,1.603280,1.947376
1396,human,2,37,0,1.227381,1.582712,1.942590
1396,lm,0,18,0,1.379623,0.844363,1.164903
1397,human,0,128,0,1.367996,0.702807,0.961438
1397,human,1,128,0,1.352630,0.719342,0.973003
1397,human,2,128,0,1.316994,0.692955,0.912617
1397,human,3,16,0,1.115530,1.549664,1.728696
1397,lm,0,128,0,1.749733,0.479494,0.838987
1397,lm,1,7,0,1.183587,1.382473,1.636277
1398,human,0,128,0,1.343736,0.733903,0.986173
1398,human,1,128,0,1.357834,0.606463,0.823476
1398,human,2,128,0,1.237893,0.716554,0.887018
1398,human,3,128,0,1.184843,0.925272,1.096302
1398,human,4,44,0,1.119173,1.986079,2.222767
1398,lm,0,128,0,1.534205,0.486479,0.746358
1398,lm,1,6,0,0.983854,4.760663,4.683799
1399,human,0,24,0,1.309008,0.844604,1.105593
1399,lm,0,31,0,1.228434,1.121457,1.377636
140,human,0,106,0,1.474229,0.562911,0.829860
140,lm,0,65,0,1.367204,0.427621,0.584646
1400,human,0,128,0,1.259977,1.285256,1.619392
1400,human,1,128,0,1.420981,0.675907,0.960451
1400,human,2,84,0,1.249544,1.038383,1.297506
1400,lm,0,98,0,1.674843,0.393684,0.659358
1401,human,0,48,0,1.213770,0.888384,1.078294
1401,lm,0,85,0,1.719163,0.414893,0.713269
1402,human,0,119,0,1.453853,0.465878,0.677319
1402,lm,0,128,0,2.465029,0.171456,0.422645
1402,lm,1,1,0,1.000000,2.247319,2.247319
1404,human,0,67,0,1.490763,0.757067,1.128607
1404,lm,0,52,0,1.498795,0.410963,0.615949
1405,human,0,33,0,1.375333,0.722469,0.993635
1405,lm,0,24,0,1.315626,0.906764,1.192963
1406,human,0,49,0,1.589473,0.395017,0.627868
1406,lm,0,105,0,1.941629,0.358113,0.695322
1407,human,0,71,0,1.436862,0.817831,1.175110
1407,lm,0,30,0,1.646237,0.656313,1.080447
1408,human,0,85,0,1.433553,0.491905,0.705172
1408,lm,0,61,0,1.576066,0.394526,0.621799
1409,human,0,20,0,1.134361,1.388109,1.574617
1409,lm,0,26,0,1.344484,1.061764,1.427524
141,human,0,70,0,1.303456,0.688931,0.897992
141,lm,0,46,0,1.377677,0.856134,1.179476
1410,human,0,128,0,1.204143,1.266050,1.524505
1410,human,1,128,0,1.213707,1.181247,1.433689
1410,human,2,128,0,1.226662,1.478298,1.813372
1410,human,3,128,0,1.076203,1.629203,1.753353
1410,human,4,79,0,1.118815,2.010445,2.249316
1410,lm,0,31,0,1.149734,1.210266,1.391484
1412,human,0,43,0,1.187211,1.161202,1.378591
1412,lm,0,84,0,1.602096,0.496571,0.795555
1413,human,0,128,0,1.370814,0.777102,1.065263
1413,human,1,44,0,1.360975,0.831638,1.131839
1413,lm,0,117,0,2.110284,0.293471,0.619307
1414,human,0,128,0,1.232338,1.085111,1.337224
1414,human,1,128,0,1.483573,0.649887,0.964155
1414,human,2,128,0,1.191902,1.056283,1.258985
1414,human,3,128,0,1.231808,1.283821,1.581421
1414,human,4,4,0,0.891807,5.639866,5.029673
1414,lm,0,66,0,1.440733,0.484285,0.697726
1415,human,0,37,0,1.259663,1.060422,1.335775
1415,lm,0,10,0,1.112745,2.485420,2.765639
1416,human,0,128,0,1.706315,0.440520,0.751666
1416,human,1,128,0,1.494761,0.571333,0.854007
1416,human,2,128,0,1.469901,0.551992,0.811373
1416,human,3,128,0,1.399773,0.570443,0.798490
1416,human,4,65,0,1.362406,0.619636,0.844197
1416,lm,0,75,0,2.121388,0.294816,0.625419
1417,human,0,33,0,1.199902,0.838843,1.006529
1417,lm,0,44,0,1.189308,1.150701,1.368538
1418,human,0,33,0,1.790141,0.458563,0.820893
1418,lm,0,14,0,1.470712,0.439484,0.646354
1419,human,0,53,0,1.263342,1.099860,1.389499
1419,lm,0,91,0,1.471990,0.482092,0.709635
142,human,0,36,0,1.214719,0.890030,1.081136
142,lm,0,60,0,1.456695,0.701507,1.021882
1420,human,0,102,0,1.506727,0.576981,0.869353
1420,lm,0,128,0,1.768569,0.454879,0.804485
1420,lm,1,5,0,0.976229,5.688255,5.553038
1421,human,0,128,0,1.414299,0.715669,1.012170
1421,human,1,47,0,1.244084,1.590994,1.979331
1421,lm,0,21,0,1.169465,2.229402,2.607206
1422,human,0,128,0,1.232255,1.240631,1.528774
1422,human,1,111,0,1.328663,0.845968,1.124006
1422,lm,0,37,0,1.421088,1.140701,1.621037
1423,human,0,37,0,1.468680,0.933131,1.370470
1423,lm,0,61,0,1.771240,0.534344,0.946452
1424,human,0,77,0,1.409105,0.960528,1.353485
1424,lm,0,67,0,1.528398,0.763764,1.167335
1425,human,0,33,0,1.230001,1.277785,1.571677
1425,lm,0,14,0,1.142547,0.998778,1.141151
1426,human,0,128,0,1.342580,0.725349,0.973839
1426,human,1,33,0,1.189440,1.431739,1.702967
1426,lm,0,28,0,1.249260,0.604801,0.755554
1427,human,0,128,0,1.507772,0.661826,0.997883
1427,human,1,128,0,1.493938,0.924663,1.381389
1427,human,2,128,0,1.326894,1.142290,1.515698
1427,human,3,128,0,1.378528,0.854076,1.177367
1427,human,4,128,0,1.230928,1.458414,1.795202
1427,human,5,67,0,1.421045,0.782383,1.111801
1427,lm,0,128,0,1.819993,0.478243,0.870399
1427,lm,1,16,0,1.156822,2.530367,2.927184
1428,human,0,45,0,1.202428,1.373832,1.651934
1428,lm,0,17,0,1.200038,1.518908,1.822747
1429,human,0,128,0,1.299619,1.050115,1.364750
1429,human,1,106,0,1.391056,0.939476,1.306863
1429,lm,0,12,0,1.330087,0.628636,0.836141
143,human,0,128,0,1.309311,0.941067,1.232149
143,human,1,31,0,1.070612,2.319034,2.482786
143,lm,0,74,0,1.983150,0.501966,0.995474
1430,human,0,128,0,1.715718,0.565181,0.969691
1430,human,1,64,0,1.464303,1.069651,1.566293
1430,lm,0,70,0,2.219460,0.251175,0.557474
1431,human,0,36,0,1.369560,0.794765,1.088479
1431,lm,0,128,0,1.971350,0.480471,0.947177
1431,lm,1,76,0,1.447318,0.818415,1.184507
1432,human,0,106,0,1.270652,0.987656,1.254967
1432,lm,0,64,0,1.552636,0.520162,0.807623
1433,human,0,128,0,1.652016,0.343930,0.568178
1433,human,1,21,0,1.207476,1.236438,1.492969
1433,lm,0,43,0,1.413569,0.906738,1.281736
1434,human,0,102,0,1.289562,0.939151,1.211094
1434,lm,0,22,0,1.060294,2.039318,2.162277
1436,human,0,128,0,1.277392,1.005682,1.284651
1436,human,1,103,0,1.267684,0.909841,1.153391
1436,lm,0,63,0,1.400658,0.907133,1.270584
1437,human,0,24,0,1.187177,1.408806,1.672501
1437,lm,0,10,0,1.161618,2.827996,3.285050
1438,human,0,79,0,1.525672,0.831855,1.269138
1438,lm,0,39,0,1.259343,0.968012,1.219060
1439,human,0,128,0,1.309565,0.757572,0.992090
1439,human,1,7,0,0.990930,5.508719,5.458754
1439,lm,0,34,0,1.446166,1.410448,2.039741
144,human,0,128,0,1.443930,0.797743,1.151884
144,human,1,3,0,0.974756,4.634729,4.517732
144,lm,0,108,0,1.733793,0.475426,0.824290
1440,human,0,27,0,1.407679,0.756976,1.065579
1440,lm,0,10,0,1.239122,1.611570,1.996933
1441,human,0,51,0,1.274036,0.752737,0.959014
1441,lm,0,28,0,1.410507,0.731226,1.031400
1442,human,0,75,0,1.778860,0.551310,0.980704
1442,lm,0,47,0,1.606286,0.648507,1.041688
1443,human,0,88,0,1.206778,1.033481,1.247182
1443,lm,0,118,0,1.503248,0.386346,0.580775
1444,human,0,35,0,1.151169,1.322249,1.522132
1444,lm,0,128,0,1.853795,0.297365,0.551254
1444,lm,1,128,0,1.945766,0.438967,0.854127
1444,lm,2,64,0,1.557130,0.803919,1.251807
1445,human,0,83,0,1.450524,0.493328,0.715584
1445,lm,0,30,0,1.154197,0.643195,0.742374
1446,human,0,67,0,1.350059,0.838054,1.131423
1446,lm,0,73,0,1.501907,0.634522,0.952994
1447,human,0,128,0,1.605564,0.423437,0.679856
1447,human,1,128,0,1.378057,0.791630,1.090911
1447,human,2,7,0,1.153614,2.074814,2.393535
1447,lm,0,128,0,1.521828,0.415490,0.632304
1447,lm,1,5,0,1.003092,2.049698,2.056036
1448,human,0,128,0,1.490093,0.491346,0.732151
1448,human,1,28,0,1.200996,1.479665,1.777073
1448,lm,0,76,0,2.005625,0.268312,0.538134
1449,human,0,128,0,1.310531,0.919240,1.204692
1449,human,1,44,0,1.286599,1.130267,1.454201
1449,lm,0,128,0,1.649034,0.397517,0.655520
1449,lm,1,33,0,1.206410,0.990343,1.194759
145,human,0,128,0,1.408398,0.650688,0.916427
145,human,1,128,0,1.241106,0.837993,1.040038
145,human,2,128,0,1.177225,1.294633,1.524075
145,human,3,128,0,1.301342,1.179044,1.534339
145,human,4,16,0,1.184783,2.936693,3.479344
145,lm,0,44,0,1.484802,0.576391,0.855827
1450,human,0,48,0,1.141781,1.494147,1.705989
1450,lm,0,27,0,1.386955,0.721912,1.001259
1451,human,0,73,0,1.528052,0.788791,1.205314
1451,lm,0,11,0,1.232486,1.250314,1.540994
1452,human,0,128,0,1.346348,0.900545,1.212448
1452,human,1,128,0,1.298918,1.173422,1.524179
1452,human,2,66,0,1.413909,0.439741,0.621754
1452,lm,0,53,0,1.446454,0.458759,0.663573
1453,human,0,64,0,1.406508,0.668268,0.939925
1453,lm,0,32,0,1.253556,0.817607,1.024916
1454,human,0,128,0,1.681122,0.372206,0.625723
1454,human,1,128,0,1.289172,1.222893,1.576519
1454,human,2,2,0,0.958696,7.305188,7.003454
1454,lm,0,100,0,2.453318,0.180771,0.443489
1455,human,0,128,0,1.292070,1.196226,1.545608
1455,human,1,128,0,1.143475,1.849645,2.115024
1455,human,2,128,0,1.420272,0.999865,1.420080
1455,human,3,3,0,0.972007,2.800824,2.722420
1455,lm,0,59,0,1.516940,0.462779,0.702008
1456,human,0,69,0,1.838907,0.472267,0.868456
1456,lm,0,84,0,1.889012,0.457608,0.864426
1457,human,0,62,0,1.309730,0.888497,1.163692
1457,lm,0,22,0,1.127878,1.561944,1.761682
1458,human,0,128,0,1.324845,0.565286,0.748917
1458,human,1,42,0,1.171473,1.018025,1.192589
1458,lm,0,18,0,1.207404,1.195953,1.443998
1459,human,0,128,0,1.374756,0.601669,0.827148
1459,human,1,87,0,1.185509,1.399909,1.659604
1459,lm,0,39,0,1.697989,0.313258,0.531909
1460,human,0,68,0,1.503157,0.659037,0.990636
1460,lm,0,73,0,1.464159,0.599142,0.877239
1461,human,0,128,0,1.225064,0.973795,1.192961
1461,human,1,128,0,1.144160,1.255610,1.436619
1461,human,2,108,0,1.228621,1.118282,1.373945
1461,lm,0,113,0,1.469132,0.645202,0.947886
1462,human,0,128,0,1.473050,0.879195,1.295098
1462,human,1,12,0,1.277679,2.151077,2.748387
1462,lm,0,94,0,1.606390,0.769605,1.236287
1463,human,0,26,0,1.082169,1.946122,2.106033
1463,lm,0,93,0,1.557390,0.519834,0.809584
1464,human,0,75,0,1.280233,0.742353,0.950385
1464,lm,0,90,0,1.330436,0.707553,0.941353
1465,human,0,128,0,1.516006,0.514554,0.780067
1465,human,1,3,0,1.107126,3.433987,3.801857
1465,lm,0,77,0,1.589874,0.516016,0.820400
1466,human,0,128,0,1.541662,0.581575,0.896592
1466,human,1,128,0,1.494299,0.813260,1.215253
1466,human,2,128,0,1.362347,0.819277,1.116140
1466,human,3,128,0,1.415129,0.694152,0.982314
1466,human,4,25,0,1.387827,1.242799,1.724791
1466,lm,0,110,0,1.942664,0.314226,0.610436
1467,human,0,21,0,1.129984,1.554639,1.756718
1467,lm,0,40,0,1.380925,0.906293,1.251523
1468,human,0,128,0,1.268255,1.116858,1.416461
1468,human,1,128,0,1.384450,0.722495,1.000258
1468,human,2,128,0,1.293970,0.721915,0.934137
1468,human,3,128,0,1.334261,0.968840,1.292686
1468,human,4,110,0,1.340343,0.985158,1.320450
1468,lm,0,82,0,1.502859,0.684078,1.028073
1469,human,0,102,0,1.301684,1.039950,1.353686
1469,lm,0,13,0,1.055427,3.251249,3.431457
147,human,0,128,0,1.371509,0.545628,0.748334
147,human,1,18,0,1.129437,1.306593,1.475715
147,lm,0,78,0,1.529283,0.414176,0.633392
1470,human,0,128,0,1.338775,0.828780,1.109550
1470,human,1,128,0,1.667761,0.402342,0.671010
1470,human,2,128,0,1.363139,0.679190,0.925830
1470,human,3,128,0,1.512774,0.614648,0.929824
1470,human,4,100,0,1.303943,0.903844,1.178561
1470,lm,0,128,0,1.722481,0.396881,0.683620
1470,lm,1,79,0,1.400745,0.561382,0.786354
1471,human,0,35,0,1.127073,1.548184,1.744915
1471,lm,0,61,0,1.427300,0.526187,0.751027
1472,human,0,116,0,1.913713,0.316002,0.604738
1472,lm,0,128,0,2.306244,0.280960,0.647962
1472,lm,1,128,0,1.791492,0.649305,1.163224
1472,lm,2,128,0,1.464535,0.971475,1.422760
1472,lm,3,10,0,1.430571,1.564264,2.237791
1473,human,0,16,0,1.175541,1.193247,1.402710
1473,lm,0,14,0,1.154577,1.324336,1.529048
1474,human,0,52,0,1.394472,0.563621,0.785954
1474,lm,0,13,0,1.194191,1.054969,1.259834
1475,human,0,128,0,1.645737,0.636548,1.047591
1475,human,1,128,0,1.493796,0.827753,1.236495
1475,human,2,2,0,1.101315,2.368749,2.608740
1475,lm,0,25,0,1.351118,1.510270,2.040553
1476,human,0,128,0,1.504143,0.410394,0.617291
1476,human,1,128,0,1.340126,0.562069,0.753243
1476,human,2,128,0,1.118931,1.625669,1.819011
1476,human,3,19,0,1.102592,1.960540,2.161676
1476,lm,0,108,0,1.490069,0.494048,0.736166
1477,human,0,111,0,2.106028,0.187788,0.395487
1477,lm,0,128,0,1.983600,0.172041,0.341261
1477,lm,1,9,0,1.122772,1.361906,1.529110
1478,human,0,128,0,1.254131,0.876548,1.099306
1478,human,1,4,0,0.970286,2.050503,1.989575
1478,lm,0,56,0,1.432993,0.701325,1.004993
1479,human,0,128,0,1.377506,0.949633,1.308124
1479,human,1,128,0,1.270780,0.910789,1.157412
1479,human,2,128,0,1.649839,0.516737,0.852533
1479,human,3,56,0,1.311963,1.035355,1.358349
1479,lm,0,74,0,1.435454,0.638090,0.915948
148,human,0,128,0,1.267322,0.599184,0.759359
148,human,1,57,0,1.257699,1.031845,1.297750
148,lm,0,128,0,1.670803,0.255993,0.427714
148,lm,1,22,0,1.342459,0.623621,0.837186
1480,human,0,38,0,1.548895,0.697424,1.080237
1480,lm,0,27,0,1.346244,0.932453,1.255309
1481,human,0,17,0,1.213558,1.096929,1.331187
1481,lm,0,13,0,1.302493,0.968574,1.261561
1482,human,0,29,0,1.355977,0.859280,1.165164
1482,lm,0,63,0,1.452497,0.622622,0.904356
1484,human,0,128,0,1.794876,0.292832,0.525597
1484,human,1,118,0,2.316036,0.297796,0.689706
1484,lm,0,120,0,2.013896,0.233938,0.471128
1486,human,0,128,0,1.469332,0.534913,0.785965
1486,human,1,128,0,1.497830,0.678737,1.016634
1486,human,2,128,0,1.619945,0.816422,1.322558
1486,human,3,49,0,1.317421,1.283668,1.691131
1486,lm,0,116,0,1.663137,0.510470,0.848982
1487,human,0,71,0,1.501778,0.522267,0.784329
1487,lm,0,57,0,1.517687,0.625647,0.949536
1488,human,0,128,0,1.326187,0.750149,0.994837
1488,human,1,128,0,1.185535,1.137897,1.349017
1488,human,2,128,0,1.329124,0.742933,0.987450
1488,human,3,128,0,1.326900,0.778591,1.033112
1488,human,4,27,0,1.187324,1.423208,1.689810
1488,lm,0,64,0,1.585892,0.504454,0.800010
1489,human,0,61,0,1.509177,0.695526,1.049672
1489,lm,0,72,0,1.660972,0.413730,0.687195
149,human,0,98,0,1.459849,0.512770,0.748567
149,lm,0,128,0,1.533015,0.424509,0.650779
149,lm,1,30,0,1.195431,2.298747,2.747992
1490,human,0,128,0,1.478954,0.483241,0.714691
1490,human,1,59,0,1.474630,0.636797,0.939039
1490,lm,0,42,0,1.455622,0.664300,0.966970
1492,human,0,25,0,1.349932,0.770685,1.040372
1492,lm,0,27,0,1.999702,0.408164,0.816206
1493,human,0,113,0,1.416437,0.557269,0.789337
1493,lm,0,80,0,1.581177,0.494756,0.782296
1494,human,0,128,0,1.285641,0.784828,1.009007
1494,human,1,19,0,1.302767,2.186312,2.848256
1494,lm,0,18,0,1.153502,1.561470,1.801158
1495,human,0,128,0,1.432350,0.710909,1.018271
1495,human,1,22,0,1.113784,2.649005,2.950418
1495,lm,0,13,0,1.168309,2.787241,3.256359
1496,human,0,128,0,1.791686,0.449964,0.806195
1496,human,1,113,0,1.513700,0.743697,1.125734
1496,lm,0,19,0,1.577882,0.543864,0.858154
1497,human,0,80,0,1.455412,0.784212,1.141351
1497,lm,0,97,0,1.812378,0.426020,0.772109
1498,human,0,21,0,1.299948,0.625937,0.813686
1498,lm,0,12,0,1.339068,0.949245,1.271104
1499,human,0,35,0,1.279663,0.867133,1.109639
1499,lm,0,11,0,1.107304,1.651129,1.828301
150,human,0,86,0,1.470189,0.750829,1.103861
150,lm,0,22,0,1.339146,0.618199,0.827859
1500,human,0,41,0,1.335003,0.635816,0.848816
1500,lm,0,12,0,1.375854,0.990883,1.363311
1501,human,0,40,0,1.182137,0.943484,1.115327
1501,lm,0,11,0,1.128389,1.859356,2.098078
1502,human,0,128,0,1.352452,0.408768,0.552838
1502,human,1,128,0,1.309488,0.574749,0.752627
1502,human,2,55,0,1.060776,1.428990,1.515838
1502,lm,0,11,0,1.130360,2.271166,2.567234
1504,human,0,79,0,1.491948,0.617368,0.921080
1504,lm,0,39,0,1.436567,0.569119,0.817578
1505,human,0,89,0,1.832104,0.352897,0.646545
1505,lm,0,15,0,1.234883,0.968025,1.195398
1506,human,0,23,0,1.119515,2.215388,2.480159
1506,lm,0,128,0,1.614981,0.376017,0.607260
1507,human,0,95,0,1.521380,0.547748,0.833332
1507,lm,0,36,0,1.307070,1.208011,1.578955
1508,human,0,80,0,1.358713,1.035632,1.407128
1508,lm,0,128,0,1.980360,0.279836,0.554176
1508,lm,1,46,0,1.327619,0.992666,1.317882
1509,human,0,13,0,1.201204,1.418695,1.704142
1509,lm,0,12,0,1.209835,1.217432,1.472892
151,human,0,27,0,1.293119,0.918282,1.187448
151,lm,0,120,0,1.675875,0.326919,0.547875
1510,human,0,65,0,1.386017,0.626410,0.868216
1510,lm,0,56,0,1.483383,0.819493,1.215623
1511,human,0,128,0,1.242773,0.712713,0.885741
1511,human,1,128,0,1.258741,1.076843,1.355466
1511,human,2,128,0,1.339922,0.758651,1.016532
1511,human,3,128,0,1.378708,0.750956,1.035349
1511,human,4,128,0,1.281042,1.156475,1.481493
1511,human,5,128,0,1.447261,0.573507,0.830015
1511,human,6,45,0,1.164741,0.887844,1.034108
1511,lm,0,41,0,1.269556,1.107859,1.406489
1512,human,0,128,0,1.372525,0.955056,1.310838
1512,human,1,123,0,1.246868,0.842430,1.050399
1512,lm,0,9,0,1.035586,1.801948,1.866073
1513,human,0,41,0,1.419028,0.722809,1.025685
1513,lm,0,51,0,1.405466,0.726663,1.021300
1514,human,0,128,0,1.408157,0.584127,0.822542
1514,human,1,128,0,1.286163,0.997514,1.282965
1514,human,2,103,0,1.336899,0.736234,0.984271
1514,lm,0,35,0,1.665792,0.540743,0.900766
1515,human,0,77,0,1.858008,0.265741,0.493749
1515,lm,0,93,0,2.318618,0.252633,0.585760
1516,human,0,13,0,1.041809,1.884159,1.962933
1516,lm,0,48,0,1.333200,0.687411,0.916456
1517,human,0,79,0,1.238693,1.375836,1.704238
1517,lm,0,49,0,1.574190,0.578532,0.910719
1518,human,0,82,0,1.275688,0.498935,0.636485
1518,lm,0,21,0,1.460826,0.438632,0.640766
1519,human,0,69,0,1.664888,0.584622,0.973331
1519,lm,0,34,0,1.389331,0.818742,1.137503
152,human,0,128,0,1.293553,1.021952,1.321949
152,human,1,105,0,1.176250,0.955706,1.124149
152,lm,0,48,0,1.399606,0.983079,1.375923
1520,human,0,128,0,1.364181,0.850765,1.160598
1520,human,1,128,0,1.452608,0.693995,1.008102
1520,human,2,128,0,1.352146,1.081209,1.461952
1520,human,3,128,0,1.244645,1.904712,2.370689
1520,human,4,117,0,1.186302,1.391680,1.650954
1520,lm,0,62,0,1.501807,0.649895,0.976017
1521,human,0,90,0,1.267870,1.221514,1.548721
1521,lm,0,51,0,1.478230,0.677329,1.001249
1522,human,0,128,0,1.281188,0.869314,1.113755
1522,human,1,51,0,1.217746,1.453229,1.769664
1522,lm,0,12,0,1.377605,0.690440,0.951153
1523,human,0,128,0,1.379055,0.724126,0.998610
1523,human,1,66,0,1.317775,0.827753,1.090791
1523,lm,0,62,0,1.772948,0.501550,0.889221
1524,human,0,55,0,1.233455,1.442296,1.779008
1524,lm,0,26,0,1.086260,2.917958,3.169662
1525,human,0,128,0,1.198346,1.099343,1.317393
1525,human,1,128,0,1.206133,1.213625,1.463793
1525,human,2,26,0,1.217154,1.631825,1.986183
1525,lm,0,67,0,1.703345,0.282353,0.480944
1526,human,0,74,0,1.314139,0.750709,0.986535
1526,lm,0,128,0,1.656974,0.433683,0.718601
1526,lm,1,128,0,1.445037,0.622466,0.899486
1526,lm,2,38,0,1.323021,0.914214,1.209524
1527,human,0,26,0,1.295947,1.122237,1.454360
1527,lm,0,45,0,1.388754,0.623117,0.865357
1528,human,0,115,0,1.551319,0.595490,0.923795
1528,lm,0,6,0,1.144506,2.332999,2.670131
1529,human,0,106,0,1.467765,0.639445,0.938555
1529,lm,0,45,0,1.351571,0.965082,1.304377
153,human,0,84,0,1.380628,0.361366,0.498911
153,lm,0,26,0,1.386374,0.501072,0.694674
1530,human,0,128,0,1.279493,1.086147,1.389718
1530,human,1,128,0,1.240637,1.211887,1.503512
1530,human,2,128,0,1.305755,0.937054,1.223563
1530,human,3,128,0,1.131965,1.730723,1.959117
1530,human,4,128,0,1.239587,1.129276,1.399835
1530,human,5,128,0,1.552520,0.439592,0.682475
1530,human,6,5,0,1.006370,2.257411,2.271790
1530,lm,0,115,0,1.352570,0.655538,0.886661
1531,human,0,128,0,1.413824,0.567610,0.802500
1531,human,1,128,0,1.468309,0.659011,0.967632
1531,human,2,128,0,1.363262,0.626045,0.853464
1531,human,3,67,0,1.288020,1.054052,1.357640
1531,lm,0,95,0,1.521801,0.599772,0.912734
1532,human,0,128,0,1.395748,0.854802,1.193088
1532,human,1,128,0,1.516373,0.591582,0.897059
1532,human,2,128,0,1.404195,0.697810,0.979861
1532,human,3,40,0,1.244207,1.366120,1.699735
1532,lm,0,128,0,2.138248,0.383084,0.819128
1532,lm,1,110,0,1.907424,0.321268,0.612794
1533,human,0,86,0,1.435971,0.395394,0.567775
1533,lm,0,6,0,1.124922,1.784365,2.007271
1534,human,0,89,0,1.548930,0.547472,0.847996
1534,lm,0,78,0,2.352742,0.252231,0.593434
1535,human,0,35,0,1.318549,0.662307,0.873284
1535,lm,0,12,0,1.129820,2.480866,2.802933
1538,human,0,32,0,1.135478,1.422329,1.615023
1538,lm,0,30,0,1.348789,0.850576,1.147248
1539,human,0,74,0,1.496061,0.938208,1.403617
1539,lm,0,10,0,1.133428,2.213445,2.508782
1540,human,0,66,0,1.275761,0.692950,0.884038
1540,lm,0,30,0,1.263874,0.720581,0.910724
1542,human,0,103,0,1.437509,0.725647,1.043124
1542,lm,0,100,0,2.558954,0.182338,0.466595
1543,human,0,114,0,1.554035,0.553958,0.860870
1543,lm,0,116,0,1.964162,0.410662,0.806608
1545,human,0,80,0,1.312959,0.885278,1.162333
1545,lm,0,114,0,1.874996,0.384406,0.720760
1546,human,0,78,0,1.141135,1.209414,1.380104
1546,lm,0,34,0,1.219743,0.978716,1.193782
1547,human,0,128,0,1.708835,0.584565,0.998925
1547,human,1,128,0,1.718523,0.676768,1.163041
1547,human,2,117,0,1.517811,0.824513,1.251455
1547,lm,0,128,0,1.828114,0.411732,0.752692
1547,lm,1,57,0,1.959431,0.493696,0.967363
1548,human,0,124,0,1.254087,0.686811,0.861321
1548,lm,0,74,0,1.384501,0.538271,0.745236
1549,human,0,51,0,1.484761,0.682144,1.012820
1549,lm,0,25,0,1.486941,0.374076,0.556229
155,human,0,86,0,1.380086,0.884994,1.221368
155,lm,0,12,0,1.139150,2.367041,2.696415
1550,human,0,116,0,1.368776,0.617700,0.845493
1550,lm,0,48,0,1.418241,0.676573,0.959544
1551,human,0,128,0,1.418331,0.548309,0.777684
1551,human,1,47,0,1.205750,1.008407,1.215886
1551,lm,0,128,0,1.787819,0.366826,0.655819
1551,lm,1,13,0,1.039207,3.697554,3.842522
1552,human,0,95,0,2.234030,0.235184,0.525409
1552,lm,0,14,0,1.360245,0.809715,1.101411
1553,human,0,58,0,1.452104,0.574430,0.834133
1553,lm,0,35,0,1.380202,0.801140,1.105735
1554,human,0,128,0,1.299841,0.892662,1.160319
1554,human,1,128,0,1.426387,0.705149,1.005815
1554,human,2,128,0,1.367510,0.660093,0.902683
1554,human,3,128,0,1.396264,1.082172,1.510997
1554,human,4,128,0,1.383886,0.937192,1.296968
1554,human,5,72,0,1.199550,0.976797,1.171717
1554,lm,0,34,0,1.749883,0.350437,0.613223
1555,human,0,46,0,1.408105,0.692722,0.975425
1555,lm,0,45,0,1.262636,0.856913,1.081969
1556,human,0,74,0,1.241363,1.053493,1.307768
1556,lm,0,49,0,1.756737,0.454578,0.798574
1558,human,0,109,0,1.549451,0.717653,1.111968
1558,lm,0,25,0,1.536348,0.676777,1.039765
1559,human,0,128,0,1.276209,0.731221,0.933192
1559,human,1,128,0,1.339052,0.817136,1.094187
1559,human,2,128,0,1.428329,0.721064,1.029917
1559,lm,0,51,0,1.494284,0.877032,1.310536
1560,human,0,128,0,1.524194,0.614198,0.936157
1560,human,1,47,0,1.180279,1.192549,1.407541
1560,lm,0,46,0,1.400398,1.004411,1.406575
1561,human,0,44,0,1.318916,0.997749,1.315946
1561,lm,0,36,0,1.528224,0.712606,1.089021
1562,human,0,53,0,1.927480,0.516416,0.995382
1562,lm,0,58,0,1.858434,0.438255,0.814468
1564,human,0,9,0,1.053555,1.841874,1.940516
1564,lm,0,23,0,1.124645,0.952492,1.071216
1565,human,0,126,0,1.286971,0.534932,0.688443
1565,lm,0,72,0,1.410620,0.599961,0.846317
1566,human,0,39,0,1.311521,1.103755,1.447598
1566,lm,0,12,0,1.208180,2.064088,2.493790
1567,human,0,60,0,1.403140,0.753253,1.056919
1567,lm,0,56,0,1.444728,0.810759,1.171327
1568,human,0,128,0,1.491852,0.680453,1.015135
1568,human,1,21,0,1.178111,2.426186,2.858315
1568,lm,0,71,0,1.540936,0.449000,0.691880
1569,human,0,128,0,1.573224,0.718253,1.129973
1569,human,1,128,0,1.337337,0.852758,1.140424
1569,human,2,48,0,1.352330,1.081593,1.462671
1569,lm,0,47,0,1.552217,0.760447,1.180379
157,human,0,128,0,1.339455,0.852875,1.142387
157,human,1,128,0,1.300722,0.737550,0.959348
157,human,2,128,0,1.235663,1.012673,1.251322
157,human,3,13,0,1.228743,1.460184,1.794190
157,lm,0,93,0,1.729851,0.458217,0.792648
1570,human,0,128,0,1.248722,0.975474,1.218096
1570,human,1,128,0,1.237195,1.204799,1.490571
1570,human,2,59,0,1.169153,1.502357,1.756485
1570,lm,0,94,0,1.423921,0.496445,0.706898
1571,human,0,97,0,1.210981,1.686124,2.041864
1571,lm,0,11,0,1.223425,0.895647,1.095758
1572,human,0,128,0,1.638616,0.542144,0.888366
1572,human,1,6,0,1.014377,3.045305,3.089087
1572,lm,0,61,0,1.573790,0.361804,0.569404
1573,human,0,31,0,1.376595,0.982612,1.352658
1573,lm,0,12,0,1.246485,1.089562,1.358123
1574,human,0,80,0,1.450457,0.518193,0.751617
1574,lm,0,31,0,1.340239,0.880480,1.180054
1575,human,0,128,0,1.302115,0.797103,1.037919
1575,human,1,128,0,1.208504,1.287905,1.556438
1575,human,2,21,0,1.107173,1.740360,1.926879
1575,lm,0,68,0,1.419284,0.644539,0.914783
1576,human,0,114,0,1.450217,0.630662,0.914596
1576,lm,0,44,0,1.331368,1.219715,1.623890
1577,human,0,42,0,1.167672,1.242070,1.450330
1577,lm,0,66,0,1.526880,0.524047,0.800157
1578,human,0,22,0,1.345096,0.579024,0.778843
1578,lm,0,24,0,1.469305,0.882525,1.296699
1579,human,0,22,0,1.363129,0.536106,0.730782
1579,lm,0,51,0,1.577453,0.252997,0.399091
158,human,0,81,0,1.397638,0.839944,1.173937
158,lm,0,28,0,1.953359,0.692116,1.351951
1580,human,0,108,0,1.359809,0.672944,0.915076
1580,lm,0,44,0,1.380664,0.476361,0.657694
1581,human,0,69,0,1.287288,1.031747,1.328155
1581,lm,0,41,0,1.489788,0.497922,0.741798
1582,human,0,128,0,1.490537,0.672088,1.001772
1582,human,1,44,0,1.146140,1.470672,1.685596
1582,lm,0,110,0,1.428411,0.825674,1.179402
1583,human,0,61,0,1.324697,0.902361,1.195355
1583,lm,0,128,0,1.497045,0.706613,1.057831
1583,lm,1,128,0,1.968403,0.246723,0.485650
1583,lm,2,128,0,1.544423,0.628373,0.970474
1583,lm,3,24,0,1.384899,1.750953,2.424893
1585,human,0,128,0,1.308385,1.052688,1.377321
1585,human,1,68,0,1.252319,1.021639,1.279417
1585,lm,0,93,0,1.826451,0.389956,0.712236
1586,human,0,128,0,1.275034,1.152842,1.469912
1586,human,1,76,0,1.262798,1.112574,1.404957
1586,lm,0,24,0,1.220183,1.706655,2.082432
1587,human,0,128,0,1.199708,0.946011,1.134937
1587,human,1,128,0,1.345863,1.073932,1.445366
1587,human,2,128,0,1.243468,0.900085,1.119226
1587,human,3,128,0,1.122529,1.611481,1.808934
1587,human,4,46,0,1.185629,1.453248,1.723012
1587,lm,0,128,0,1.303413,0.856572,1.116466
1587,lm,1,1,0,nan,nan,nan
1588,human,0,42,0,1.176859,1.458727,1.716716
1588,lm,0,79,0,1.579546,0.634653,1.002464
1589,human,0,128,0,1.335342,0.940198,1.255485
1589,human,1,116,0,1.187394,1.747624,2.075118
1589,lm,0,11,0,1.149700,2.197749,2.526752
159,human,0,56,0,1.458258,0.770828,1.124067
159,lm,0,128,0,1.936492,0.356335,0.690040
159,lm,1,102,0,1.744878,0.330335,0.576394
1590,human,0,26,0,1.306429,0.636165,0.831105
1590,lm,0,26,0,1.372747,0.781800,1.073214
1591,human,0,128,0,1.472714,0.487039,0.717269
1591,human,1,128,0,1.547651,0.561361,0.868790
1591,human,2,37,0,1.258161,1.023620,1.287878
1591,lm,0,29,0,1.857352,0.406812,0.755593
1592,human,0,54,0,1.315384,0.907219,1.193342
1592,lm,0,78,0,1.556677,0.470166,0.731898
1593,human,0,22,0,1.093191,1.792310,1.959338
1593,lm,0,24,0,1.335010,1.302474,1.738816
1594,human,0,28,0,1.310942,0.951628,1.247530
1594,lm,0,6,0,1.007261,3.824945,3.852717
1595,human,0,128,0,1.208011,1.178713,1.423898
1595,human,1,128,0,1.167807,1.905140,2.224836
1595,human,2,55,0,1.235445,1.907763,2.356937
1595,lm,0,51,0,1.278995,1.320230,1.688568
1597,human,0,22,0,1.054986,2.396742,2.528530
1597,lm,0,35,0,1.252096,1.379943,1.727822
1598,human,0,28,0,1.140416,1.458058,1.662794
1598,lm,0,6,0,1.168261,1.521366,1.777353
1599,human,0,128,0,1.645178,0.604539,0.994574
1599,human,1,128,0,1.573996,1.123386,1.768205
1599,human,2,47,0,1.746777,0.587518,1.026262
1599,lm,0,128,0,1.986974,0.422675,0.839844
1599,lm,1,120,0,1.731943,0.683908,1.184489
16,human,0,80,0,1.411052,0.417225,0.588726
16,lm,0,10,0,1.477941,1.846308,2.728735
160,human,0,114,0,1.288492,0.750835,0.967445
160,lm,0,66,0,1.377053,1.542837,2.124568
1600,human,0,128,0,1.125529,1.353414,1.523306
1600,human,1,99,0,1.650931,0.504291,0.832550
1600,lm,0,10,0,1.154752,1.960962,2.264425
1601,human,0,79,0,1.261932,0.679205,0.857110
1601,lm,0,31,0,1.692275,0.588610,0.996090
1602,human,0,128,0,1.627642,0.470761,0.766231
1602,human,1,128,0,1.419001,0.926274,1.314384
1602,human,2,3,0,1.111833,1.632924,1.815539
1602,lm,0,10,0,1.166092,1.467396,1.711118
1603,human,0,37,0,1.625198,0.615888,1.000940
1603,lm,0,10,0,1.276796,0.871678,1.112956
1604,human,0,85,0,1.358921,0.931981,1.266489
1604,lm,0,67,0,1.421706,0.626508,0.890711
1606,human,0,128,0,1.518441,0.337175,0.511980
1606,human,1,128,0,1.246526,1.199568,1.495292
1606,human,2,128,0,1.419513,0.749038,1.063270
1606,human,3,128,0,1.466207,0.663810,0.973284
1606,human,4,128,0,1.263554,1.033563,1.305962
1606,human,5,128,0,1.373552,0.698430,0.959330
1606,human,6,7,0,1.065900,2.949817,3.144208
1606,lm,0,61,0,1.274966,0.728700,0.929068
1607,human,0,128,0,1.301642,0.621345,0.808769
1607,human,1,74,0,1.263675,0.975810,1.233107
1607,lm,0,77,0,1.504603,0.633959,0.953857
1608,human,0,128,0,1.286632,0.900113,1.158114
1608,human,1,128,0,1.368354,0.555800,0.760531
1608,human,2,128,0,1.091545,1.307039,1.426692
1608,human,3,128,0,1.202572,0.871159,1.047631
1608,human,4,24,0,1.190078,1.323353,1.574893
1608,lm,0,89,0,1.689523,0.465561,0.786576
1609,human,0,21,0,1.154512,1.821961,2.103477
1609,lm,0,31,0,1.591441,0.339567,0.540401
161,human,0,128,0,1.142412,0.866379,0.989762
161,human,1,26,0,1.018175,1.476230,1.503060
161,lm,0,69,0,1.157302,1.117418,1.293191
1610,human,0,128,0,1.591842,0.497662,0.792199
1610,human,1,128,0,1.477359,0.578918,0.855269
1610,human,2,41,0,1.419059,0.587750,0.834052
1610,lm,0,128,0,1.370665,0.497958,0.682534
1610,lm,1,56,0,1.250912,0.918052,1.148403
1611,human,0,128,0,1.539165,0.563902,0.867939
1611,human,1,128,0,1.482476,0.655781,0.972180
1611,human,2,58,0,1.452050,0.761707,1.106036
1611,lm,0,73,0,1.463975,0.567845,0.831311
1612,human,0,128,0,1.438103,0.903630,1.299513
1612,human,1,128,0,1.378546,1.073492,1.479858
1612,human,2,128,0,1.297639,1.090734,1.415379
1612,human,3,128,0,1.358898,0.914329,1.242480
1612,human,4,128,0,0.992896,1.257998,1.249062
1612,human,5,128,0,1.181530,1.393112,1.646003
1612,human,6,30,0,1.185092,1.555185,1.843037
1612,lm,0,128,0,1.491225,0.558929,0.833489
1612,lm,1,128,0,1.578019,0.721917,1.139198
1612,lm,2,108,0,1.521931,0.646621,0.984113
1613,human,0,128,0,1.308705,0.986182,1.290621
1613,human,1,128,0,1.210101,0.935503,1.132053
1613,human,2,98,0,1.138162,1.231140,1.401237
1613,lm,0,128,0,1.421578,0.683441,0.971565
1613,lm,1,39,0,1.359019,0.884766,1.202413
1614,human,0,128,0,1.298150,0.932130,1.210044
1614,human,1,46,0,1.382360,0.762065,1.053448
1614,lm,0,110,0,1.575891,0.536043,0.844745
1615,human,0,33,0,1.302760,0.767700,1.000128
1615,lm,0,50,0,1.666406,0.535400,0.892193
1616,human,0,28,0,1.156587,1.484629,1.717103
1616,lm,0,34,0,1.588184,0.703804,1.117770
1617,human,0,45,0,1.817310,0.632347,1.149170
1617,lm,0,45,0,1.665337,0.724131,1.205921
1618,human,0,59,0,1.287468,1.011287,1.302000
1618,lm,0,11,0,1.242714,1.157726,1.438722
1619,human,0,33,0,1.341256,0.660552,0.885969
1619,lm,0,19,0,1.163407,1.325877,1.542535
162,human,0,75,0,1.295460,0.733955,0.950809
162,lm,0,34,0,1.340374,1.083065,1.451711
1621,human,0,70,0,1.350981,0.992556,1.340924
1621,lm,0,27,0,1.267716,0.902418,1.144010
1622,human,0,128,0,1.299180,0.635493,0.825619
1622,human,1,128,0,1.320754,0.600087,0.792568
1622,lm,0,128,0,1.595488,0.512266,0.817315
1622,lm,1,111,0,1.439980,0.548323,0.789574
1623,human,0,25,0,1.143366,1.456178,1.664945
1623,lm,0,10,0,1.259999,1.457041,1.835870
1624,human,0,86,0,1.561793,0.581060,0.907496
1624,lm,0,121,0,1.844584,0.305554,0.563620
1625,human,0,128,0,1.278203,0.882896,1.128521
1625,human,1,87,0,1.177518,0.824656,0.971047
1625,lm,0,57,0,1.470019,0.564905,0.830421
1626,human,0,76,0,1.309911,0.867351,1.136152
1626,lm,0,100,0,1.642424,0.406598,0.667806
1627,human,0,50,0,1.694505,0.853773,1.446724
1627,lm,0,45,0,1.483216,0.848309,1.258225
1629,human,0,42,0,1.206440,1.263722,1.524605
1629,lm,0,26,0,1.294087,0.818073,1.058657
163,human,0,97,0,1.575569,0.500401,0.788416
163,lm,0,56,0,1.342165,0.666076,0.893984
1630,human,0,97,0,1.378074,0.781519,1.076991
1630,lm,0,19,0,1.338447,0.746026,0.998517
1631,human,0,62,0,1.216015,1.142828,1.389696
1631,lm,0,43,0,1.391302,0.419831,0.584112
1632,human,0,43,0,1.223641,1.218792,1.491364
1632,lm,0,10,0,1.208528,2.545081,3.075801
1633,human,0,49,0,1.484981,0.587594,0.872566
1633,lm,0,10,0,1.143322,1.505909,1.721738
1634,human,0,72,0,1.388393,1.034949,1.436915
1634,lm,0,24,0,1.383038,1.450766,2.006464
1635,human,0,128,0,1.728553,0.562268,0.971910
1635,human,1,128,0,1.488569,0.794652,1.182895
1635,human,2,21,0,1.225728,1.853063,2.271351
1635,lm,0,128,0,2.067593,0.365767,0.756256
1635,lm,1,84,0,2.011614,0.401417,0.807497
1636,human,0,128,0,1.241703,0.762397,0.946671
1636,human,1,128,0,1.398342,0.601929,0.841702
1636,human,2,128,0,1.259508,0.749744,0.944309
1636,human,3,7,0,1.207670,2.456582,2.966740
1636,lm,0,128,0,1.370215,0.476038,0.652274
1636,lm,1,55,0,1.175027,0.949131,1.115255
1637,human,0,34,0,1.240426,1.267435,1.572159
1637,lm,0,11,0,1.081516,1.733608,1.874925
1638,human,0,88,0,1.291497,0.939420,1.213259
1638,lm,0,13,0,1.189733,1.278640,1.521241
1639,human,0,107,0,1.741139,0.380993,0.663362
1639,lm,0,81,0,1.948199,0.343506,0.669219
164,human,0,74,0,1.371668,0.620373,0.850945
164,lm,0,52,0,1.587195,0.466127,0.739834
1640,human,0,66,0,1.311696,0.653958,0.857795
1640,lm,0,6,0,1.048069,1.762923,1.847665
1641,human,0,128,0,1.438774,0.518579,0.746118
1641,human,1,128,0,1.407950,0.886917,1.248734
1641,human,2,16,0,1.223740,3.178515,3.889676
1641,lm,0,32,0,1.278797,1.512150,1.933733
1642,human,0,57,0,1.387475,0.786826,1.091701
1642,lm,0,80,0,1.807584,0.406694,0.735133
1643,human,0,128,0,1.323168,0.719749,0.952349
1643,human,1,128,0,1.139198,1.395258,1.589476
1643,human,2,128,0,1.230292,1.091605,1.342993
1643,human,3,85,0,1.159108,1.022686,1.185403
1643,lm,0,70,0,1.718940,0.855995,1.471405
1644,human,0,61,0,1.369022,0.683715,0.936021
1644,lm,0,128,0,2.310029,0.258098,0.596213
1644,lm,1,53,0,1.460883,1.052195,1.537134
1645,human,0,20,0,1.283750,0.843718,1.083123
1645,lm,0,11,0,1.230199,0.911416,1.121224
1646,human,0,128,0,2.062847,0.225373,0.464911
1646,human,1,77,0,1.070480,1.449489,1.551649
1646,lm,0,116,0,1.575599,0.310599,0.489380
1647,human,0,91,0,1.346554,0.664460,0.894732
1647,lm,0,128,0,1.801487,0.304999,0.549451
1647,lm,1,9,0,1.353268,0.686358,0.928826
1648,human,0,38,0,1.227880,1.294811,1.589872
1648,lm,0,89,0,1.550309,0.488729,0.757681
1649,human,0,128,0,1.303435,0.787278,1.026165
1649,human,1,29,0,1.228422,2.538464,3.118306
1649,lm,0,128,0,1.496326,0.892977,1.336185
1649,lm,1,19,0,1.256258,1.806557,2.269501
165,human,0,128,0,1.269290,1.228725,1.559608
165,human,1,128,0,1.333013,0.967651,1.289892
165,human,2,116,0,1.558537,0.706332,1.100845
165,lm,0,75,0,1.367451,0.916602,1.253409
1651,human,0,128,0,1.484353,0.705299,1.046912
1651,human,1,128,0,1.380598,1.232878,1.702109
1651,human,2,128,0,0.887566,3.262013,2.895251
1651,human,3,119,0,1.217037,1.799522,2.190085
1651,lm,0,34,0,1.277419,0.896073,1.144661
1652,human,0,128,0,1.293647,1.002030,1.296273
1652,human,1,128,0,1.358753,0.767412,1.042724
1652,human,2,128,0,1.394322,0.590162,0.822876
1652,human,3,128,0,1.353219,1.092230,1.478026
1652,human,4,94,0,1.670100,0.507192,0.847061
1652,lm,0,21,0,1.566868,0.860490,1.348274
1653,human,0,128,0,1.275516,1.034035,1.318928
1653,human,1,35,0,1.362059,1.147161,1.562501
1653,lm,0,69,0,1.399779,0.659682,0.923409
1654,human,0,128,0,1.260586,1.074956,1.355075
1654,human,1,128,0,1.356609,0.797030,1.081258
1654,human,2,128,0,1.329922,0.853833,1.135532
1654,human,3,108,0,1.173313,1.729859,2.029667
1654,lm,0,128,0,1.557491,0.419332,0.653106
1654,lm,1,124,0,1.692574,0.454347,0.769015
1655,human,0,60,0,1.470598,0.512342,0.753449
1655,lm,0,62,0,1.445174,0.658886,0.952205
1656,human,0,103,0,1.253532,1.090645,1.367158
1656,lm,0,82,0,1.455663,0.663817,0.966293
1657,human,0,128,0,1.262435,0.736933,0.930330
1657,human,1,128,0,1.324939,0.668717,0.886010
1657,human,2,128,0,1.213855,0.784341,0.952076
1657,human,3,128,0,1.221854,1.332861,1.628561
1657,human,4,128,0,1.182131,1.007681,1.191211
1657,human,5,128,0,1.239166,0.943374,1.168998
1657,human,6,128,0,1.321433,0.585030,0.773077
1657,human,7,128,0,1.204712,0.911228,1.097767
1657,human,8,4,0,1.026033,2.167612,2.224041
1657,lm,0,128,0,1.434919,0.591376,0.848577
1657,lm,1,128,0,1.320655,0.711258,0.939326
1657,lm,2,120,0,1.307472,0.745027,0.974102
1659,human,0,77,0,1.379430,0.854769,1.179094
1659,lm,0,15,0,1.291194,1.021395,1.318819
166,human,0,62,0,1.350742,0.934870,1.262768
166,lm,0,46,0,1.379914,0.702840,0.969859
1660,human,0,128,0,1.344243,0.930667,1.251042
1660,human,1,42,0,1.167440,1.489734,1.739175
1660,lm,0,71,0,1.998756,0.440440,0.880331
1661,human,0,128,0,1.228752,0.760270,0.934184
1661,human,1,56,0,1.130224,1.504290,1.700186
1661,lm,0,41,0,1.289427,1.301856,1.678648
1662,human,0,128,0,1.595007,0.646793,1.031640
1662,human,1,128,0,1.327708,1.243777,1.651374
1662,human,2,33,0,1.178633,1.945406,2.292920
1662,lm,0,39,0,1.539344,0.496156,0.763755
1663,human,0,128,0,1.468317,0.590344,0.866812
1663,human,1,66,0,1.271785,1.161979,1.477788
1663,lm,0,61,0,1.349155,0.710712,0.958861
1664,human,0,18,0,1.165694,1.332301,1.553055
1664,lm,0,58,0,1.656376,0.426042,0.705686
1665,human,0,54,0,1.484155,0.537853,0.798257
1665,lm,0,10,0,1.101429,1.392253,1.533468
1666,human,0,108,0,1.271958,0.999989,1.271944
1666,lm,0,68,0,1.413112,0.827601,1.169493
1667,human,0,93,0,1.448799,0.877472,1.271279
1667,lm,0,64,0,1.905618,0.468720,0.893202
1668,human,0,128,0,1.245363,0.953705,1.187709
1668,human,1,52,0,1.251851,0.987123,1.235731
1668,lm,0,95,0,1.184130,1.024110,1.212680
1669,human,0,128,0,1.205829,1.106894,1.334725
1669,human,1,10,0,1.066260,1.527353,1.628555
1669,lm,0,128,0,1.357094,0.857169,1.163259
1669,lm,1,38,0,1.325961,1.609287,2.133852
167,human,0,128,0,1.319684,0.845096,1.115260
167,human,1,9,0,1.108545,1.855256,2.056634
167,lm,0,71,0,1.472947,0.522618,0.769788
1670,human,0,128,0,1.297474,1.032961,1.340240
1670,human,1,128,0,1.199320,0.975010,1.169348
1670,human,2,14,0,1.117135,1.725711,1.927851
1670,lm,0,10,0,1.295325,2.252270,2.917422
1671,human,0,128,0,1.260821,1.213067,1.529460
1671,human,1,128,0,1.222035,1.012291,1.237055
1671,human,2,128,0,1.184690,1.466981,1.737917
1671,human,3,128,0,1.202300,0.936939,1.126482
1671,human,4,3,0,1.174509,3.332205,3.913706
1671,lm,0,95,0,1.468118,0.627961,0.921922
1672,human,0,128,0,1.277835,0.853681,1.090863
1672,human,1,128,0,1.859700,0.378204,0.703346
1672,human,2,27,0,1.332840,0.650643,0.867203
1672,lm,0,128,0,1.683971,0.353868,0.595904
1672,lm,1,128,0,1.592397,0.413927,0.659136
1672,lm,2,128,0,1.905571,0.377770,0.719868
1672,lm,3,30,0,1.354346,0.991628,1.343006
1673,human,0,48,0,1.390186,0.968262,1.346065
1673,lm,0,44,0,1.385317,1.316712,1.824063
1674,human,0,48,0,1.279264,0.731852,0.936231
1674,lm,0,24,0,1.226554,1.398032,1.714762
1675,human,0,50,0,1.267880,0.826492,1.047893
1675,lm,0,60,0,1.623914,0.423967,0.688486
1676,human,0,128,0,1.495319,0.659199,0.985713
1676,human,1,128,0,1.480477,0.621886,0.920688
1676,human,2,128,0,1.345332,0.731558,0.984188
1676,human,3,128,0,1.272622,0.928809,1.182022
1676,human,4,128,0,1.345999,0.866061,1.165718
1676,human,5,128,0,1.461577,0.796818,1.164611
1676,human,6,80,0,1.397950,0.903133,1.262535
1676,lm,0,45,0,1.319728,0.997636,1.316608
1677,human,0,128,0,1.215947,1.212884,1.474804
1677,human,1,128,0,1.268326,1.045992,1.326660
1677,human,2,84,0,1.277679,1.442694,1.843301
1677,lm,0,41,0,1.390267,0.581392,0.808291
1678,human,0,128,0,1.073205,1.699790,1.824224
1678,human,1,57,0,1.115658,1.919943,2.141999
1678,lm,0,59,0,1.445891,0.857839,1.240342
168,human,0,36,0,1.358513,0.866008,1.176483
168,lm,0,6,0,1.058430,3.349400,3.545105
1682,human,0,128,0,1.340271,0.876214,1.174364
1682,human,1,49,0,1.302070,0.691079,0.899833
1682,lm,0,34,0,1.375300,0.996332,1.370256
1683,human,0,68,0,1.421931,0.705626,1.003351
1683,lm,0,34,0,1.511553,0.509327,0.769874
1685,human,0,35,0,1.388133,0.787380,1.092989
1685,lm,0,43,0,1.402087,0.498846,0.699425
1686,human,0,128,0,1.776619,0.585359,1.039961
1686,human,1,18,0,1.284707,0.989832,1.271644
1686,lm,0,11,0,1.237087,0.999369,1.236307
1687,human,0,34,0,1.342551,0.664891,0.892650
1687,lm,0,73,0,1.743432,0.483796,0.843466
1688,human,0,33,0,1.623554,0.550949,0.894496
1688,lm,0,6,0,1.144798,0.818034,0.936484
1689,human,0,128,0,1.424660,0.608875,0.867440
1689,human,1,71,0,1.479694,0.597072,0.883484
1689,lm,0,96,0,1.487245,0.413069,0.614334
169,human,0,60,0,1.436707,0.669709,0.962175
169,lm,0,11,0,1.148791,1.215718,1.396606
1690,human,0,28,0,1.183860,1.419815,1.680861
1690,lm,0,89,0,1.429483,0.431456,0.616759
1691,human,0,90,0,1.234156,1.095993,1.352627
1691,lm,0,41,0,1.393320,0.664576,0.925968
1692,human,0,49,0,1.259520,1.187374,1.495521
1692,lm,0,53,0,1.563619,0.928298,1.451504
1693,human,0,36,0,1.524804,0.542172,0.826707
1693,lm,0,128,0,1.712899,0.272031,0.465961
1693,lm,1,61,0,1.346570,1.089889,1.467612
1694,human,0,128,0,1.499642,0.595144,0.892502
1694,human,1,128,0,1.519336,0.697462,1.059679
1694,human,2,128,0,1.352857,0.726324,0.982613
1694,human,3,109,0,1.448370,0.856060,1.239891
1694,lm,0,62,0,1.774011,0.294737,0.522866
1695,human,0,128,0,1.442940,0.618847,0.892959
1695,human,1,17,0,1.352226,0.757855,1.024792
1695,lm,0,71,0,1.888715,0.303040,0.572356
1697,human,0,128,0,1.299062,0.715591,0.929597
1697,human,1,60,0,1.363274,0.964165,1.314420
1697,lm,0,11,0,1.153922,1.231071,1.420560
1698,human,0,128,0,1.429716,0.874363,1.250091
1698,human,1,128,0,1.188346,1.173068,1.394011
1698,human,2,29,0,1.276819,0.873078,1.114763
1698,lm,0,86,0,1.466053,0.635348,0.931453
1699,human,0,44,0,1.399376,0.581748,0.814084
1699,lm,0,44,0,1.469224,0.734121,1.078588
17,human,0,128,0,1.357027,0.750326,1.018212
17,human,1,113,0,1.429338,0.498021,0.711841
17,lm,0,103,0,1.670085,0.513457,0.857517
170,human,0,16,0,1.357099,0.845088,1.146868
170,lm,0,55,0,1.592496,0.486777,0.775191
1700,human,0,101,0,1.438487,0.661214,0.951148
1700,lm,0,52,0,1.600985,0.834363,1.335802
1701,human,0,82,0,1.576807,0.485134,0.764963
1701,lm,0,28,0,1.537218,0.817421,1.256554
1702,human,0,128,0,1.296603,0.949263,1.230817
1702,human,1,128,0,1.536260,0.599889,0.921585
1702,human,2,91,0,1.292837,0.913132,1.180531
1702,lm,0,42,0,1.459324,0.701886,1.024279
1703,human,0,57,0,1.154189,1.435139,1.656422
1703,lm,0,10,0,1.176588,2.827996,3.327386
1705,human,0,70,0,1.260566,1.019621,1.285300
1705,lm,0,62,0,1.824016,0.400025,0.729653
1706,human,0,128,0,1.885373,0.383484,0.723010
1706,human,1,18,0,1.348487,0.915163,1.234085
1706,lm,0,78,0,1.760651,0.293265,0.516337
1707,human,0,128,0,1.566948,0.703559,1.102441
1707,human,1,112,0,1.839297,0.492387,0.905647
1707,lm,0,60,0,1.637844,0.455677,0.746327
1708,human,0,128,0,1.278705,0.884983,1.131632
1708,human,1,75,0,1.267998,0.772237,0.979195
1708,lm,0,44,0,1.469345,0.683830,1.004783
1709,human,0,128,0,1.254335,0.908466,1.139521
1709,human,1,128,0,1.392622,0.787076,1.096100
1709,human,2,87,0,1.222302,1.342167,1.640533
1709,lm,0,60,0,1.358637,0.654774,0.889599
171,human,0,11,0,1.103695,1.458493,1.609731
171,lm,0,37,0,1.504130,0.637729,0.959226
1710,human,0,121,0,1.612711,0.561890,0.906166
1710,lm,0,59,0,1.551854,0.633901,0.983721
1711,human,0,44,0,1.413687,0.795014,1.123901
1711,lm,0,58,0,1.930745,0.463234,0.894386
1712,human,0,117,0,1.391022,0.654847,0.910907
1712,lm,0,23,0,1.277143,0.528277,0.674685
1713,human,0,19,0,1.171074,1.117172,1.308291
1713,lm,0,73,0,1.799311,0.494251,0.889311
1714,human,0,37,0,1.125515,1.801509,2.027626
1714,lm,0,44,0,1.380444,0.908871,1.254646
1715,human,0,76,0,1.417389,0.579421,0.821265
1715,lm,0,12,0,1.094445,1.896376,2.075479
1716,human,0,128,0,1.559024,0.753746,1.175108
1716,human,1,51,0,1.406473,0.956007,1.344598
1716,lm,0,128,0,1.833287,0.416610,0.763765
1716,lm,1,25,0,1.720897,0.929936,1.600324
1717,human,0,128,0,1.228695,1.321278,1.623448
1717,human,1,128,0,1.607718,0.768183,1.235021
1717,human,2,128,0,1.378210,0.652385,0.899123
1717,human,3,110,0,1.376619,0.988107,1.360247
1717,lm,0,32,0,1.340328,0.716340,0.960130
1718,human,0,128,0,1.301214,0.902199,1.173954
1718,human,1,128,0,1.190975,1.465855,1.745797
1718,human,2,128,0,1.361059,0.696266,0.947660
1718,human,3,128,0,1.388070,0.685432,0.951427
1718,human,4,21,0,1.132517,1.802048,2.040851
1718,lm,0,78,0,1.490222,0.576523,0.859148
1719,human,0,13,0,1.256542,0.749751,0.942094
1719,lm,0,10,0,1.966946,0.915890,1.801507
172,human,0,106,0,1.300310,1.035175,1.346048
172,lm,0,115,0,1.459826,0.623199,0.909763
1720,human,0,28,0,1.231518,0.965348,1.188843
1720,lm,0,35,0,1.308169,0.917490,1.200232
1721,human,0,128,0,1.199167,1.219938,1.462910
1721,human,1,128,0,1.185954,1.161294,1.377241
1721,human,2,128,0,1.034645,1.519939,1.572598
1721,human,3,111,0,1.134818,1.524158,1.729641
1721,lm,0,11,0,1.198792,1.504603,1.803706
1722,human,0,66,0,1.267125,1.394836,1.767432
1722,lm,0,11,0,1.211970,1.539184,1.865445
1724,human,0,106,0,1.487312,0.529595,0.787673
1724,lm,0,128,0,1.657473,0.373068,0.618350
1724,lm,1,109,0,1.569806,0.424009,0.665613
1725,human,0,56,0,1.297837,0.954401,1.238657
1725,lm,0,97,0,1.734871,0.327774,0.568646
1726,human,0,128,0,1.404263,0.645467,0.906405
1726,human,1,128,0,1.179680,1.186499,1.399689
1726,human,2,128,0,1.332428,0.933038,1.243205
1726,human,3,128,0,1.334698,0.902779,1.204938
1726,human,4,128,0,1.274738,0.862962,1.100050
1726,human,5,64,0,1.264145,0.938001,1.185770
1726,lm,0,59,0,1.885706,0.347643,0.655553
1727,human,0,14,0,1.163552,1.376538,1.601673
1727,lm,0,10,0,1.283992,1.287662,1.653348
1728,human,0,37,0,1.247484,1.117355,1.393883
1728,lm,0,53,0,1.459226,1.039090,1.516267
1729,human,0,128,0,1.456133,0.734416,1.069408
1729,human,1,18,0,1.168573,2.262110,2.643440
1729,lm,0,128,0,1.655142,0.393557,0.651393
1729,lm,1,128,0,1.784709,0.257993,0.460442
1729,lm,2,49,0,1.327075,0.798151,1.059207
173,human,0,128,0,1.231215,1.056015,1.300182
173,human,1,1,0,1.000000,2.812545,2.812545
173,lm,0,33,0,1.949926,0.226650,0.441951
1730,human,0,128,0,1.206028,1.085112,1.308675
1730,human,1,14,0,1.012889,2.610414,2.644060
1730,lm,0,45,0,1.306081,0.816358,1.066229
1731,human,0,128,0,1.705274,0.491867,0.838767
1731,human,1,41,0,1.305220,0.819323,1.069397
1731,lm,0,99,0,2.293385,0.253098,0.580452
1732,human,0,94,0,1.395411,0.671913,0.937594
1732,lm,0,119,0,1.559106,0.566991,0.884000
1733,human,0,41,0,1.215159,1.203651,1.462628
1733,lm,0,56,0,1.452620,0.593440,0.862044
1734,human,0,22,0,1.209578,0.924302,1.118015
1734,lm,0,30,0,1.372084,0.428094,0.587381
1735,human,0,128,0,1.335528,0.862312,1.151642
1735,human,1,114,0,1.237053,0.808515,1.000176
1735,lm,0,27,0,1.225896,1.553384,1.904288
1736,human,0,47,0,1.236983,1.033232,1.278091
1736,lm,0,40,0,1.342256,1.019249,1.368093
1737,human,0,14,0,1.313498,0.932003,1.224184
1737,lm,0,7,0,1.120776,1.847708,2.070867
1738,human,0,89,0,1.413113,0.904387,1.278001
1738,lm,0,14,0,1.232371,1.285943,1.584759
1739,human,0,128,0,1.660723,0.530521,0.881049
1739,human,1,73,0,1.887229,0.711616,1.342982
1739,lm,0,54,0,1.725372,0.578039,0.997332
174,human,0,128,0,1.463948,0.612554,0.896747
174,human,1,115,0,1.512063,0.521134,0.787988
174,lm,0,21,0,1.200106,0.960553,1.152766
1740,human,0,128,0,1.266064,1.016668,1.287167
1740,human,1,109,0,1.286275,0.982917,1.264302
1740,lm,0,41,0,1.240092,1.325067,1.643206
1741,human,0,128,0,1.375048,0.489860,0.673581
1741,human,1,128,0,1.558037,0.546573,0.851581
1741,human,2,35,0,1.309352,0.704948,0.923026
1741,lm,0,23,0,1.324713,0.460907,0.610570
1743,human,0,128,0,1.422739,0.874387,1.244024
1743,human,1,128,0,1.465486,0.747816,1.095915
1743,human,2,117,0,1.609493,0.714256,1.149590
1743,lm,0,39,0,1.713181,0.436332,0.747516
1744,human,0,99,0,1.392601,0.828404,1.153636
1744,lm,0,67,0,1.728663,0.450356,0.778514
1745,human,0,107,0,1.417859,0.651745,0.924082
1745,lm,0,45,0,1.401753,0.992150,1.390750
1746,human,0,128,0,1.275584,1.030321,1.314261
1746,human,1,128,0,1.182478,1.005823,1.189364
1746,human,2,59,0,1.105654,1.427315,1.578116
1746,lm,0,61,0,1.276143,0.865955,1.105082
1747,human,0,89,0,1.491492,0.565253,0.843071
1747,lm,0,10,0,1.295642,0.779535,1.009998
1749,human,0,93,0,1.535673,0.480789,0.738334
1749,lm,0,20,0,1.275442,1.068705,1.363071
175,human,0,20,0,1.158251,1.291436,1.495807
175,lm,0,84,0,2.044941,0.300623,0.614756
1750,human,0,45,0,1.359717,1.017269,1.383197
1750,lm,0,32,0,1.477669,0.970097,1.433481
1751,human,0,128,0,1.475777,0.546687,0.806788
1751,human,1,9,0,1.371609,0.822556,1.128225
1751,lm,0,42,0,1.627940,0.438674,0.714135
1752,human,0,102,0,1.328810,1.012318,1.345178
1752,lm,0,128,0,1.638356,0.485374,0.795216
1752,lm,1,10,0,1.689290,0.714413,1.206851
1753,human,0,41,0,1.369546,0.812911,1.113320
1753,lm,0,64,0,1.251706,0.823671,1.030994
1754,human,0,128,0,1.270878,0.929355,1.181097
1754,human,1,14,0,1.232306,1.161834,1.431735
1754,lm,0,55,0,1.259236,1.413328,1.779713
1755,human,0,61,0,1.425437,0.790253,1.126455
1755,lm,0,24,0,1.474217,1.205205,1.776733
1756,human,0,40,0,1.391207,1.127466,1.568539
1756,lm,0,22,0,1.255147,1.717818,2.156115
1757,human,0,128,0,1.428955,0.626383,0.895074
1757,human,1,46,0,1.361940,0.745987,1.015990
1757,lm,0,120,0,1.582851,0.564388,0.893342
1758,human,0,128,0,1.033548,1.715626,1.773181
1758,human,1,128,0,0.793219,3.004131,2.382933
1758,human,2,95,0,1.161188,1.076856,1.250433
1758,lm,0,65,0,1.238250,1.095716,1.356770
176,human,0,128,0,1.457565,0.530576,0.773349
176,human,1,128,0,1.240753,0.911636,1.131115
176,human,2,24,0,1.500110,0.700006,1.050087
176,lm,0,18,0,1.184899,1.053706,1.248534
1760,human,0,85,0,1.632080,0.397274,0.648383
1760,lm,0,66,0,1.660498,0.322726,0.535885
1761,human,0,123,0,2.107913,0.248343,0.523486
1761,lm,0,108,0,2.154137,0.242341,0.522036
1762,human,0,128,0,1.369366,0.466656,0.639023
1762,human,1,27,0,1.169266,2.282115,2.668399
1762,lm,0,42,0,1.492788,0.636176,0.949676
1763,human,0,128,0,1.150994,1.067982,1.229242
1763,human,1,128,0,1.186055,1.165297,1.382107
1763,human,2,24,0,1.119257,1.322816,1.480572
1763,lm,0,128,0,1.590786,0.458436,0.729273
1763,lm,1,100,0,1.359449,0.675372,0.918134
1764,human,0,128,0,1.313418,0.902911,1.185899
1764,human,1,128,0,1.417789,0.542453,0.769084
1764,human,2,128,0,1.331873,0.699703,0.931915
1764,human,3,91,0,1.596292,0.478580,0.763953
1764,lm,0,128,0,1.262285,0.916135,1.156424
1764,lm,1,107,0,1.374854,0.604498,0.831096
1765,human,0,128,0,1.380966,0.596591,0.823871
1765,human,1,52,0,1.295196,1.160896,1.503588
1765,lm,0,128,0,1.770273,0.381885,0.676040
1765,lm,1,95,0,1.512836,0.495790,0.750049
1766,human,0,128,0,1.288224,0.811651,1.045588
1766,human,1,9,0,1.072173,1.745610,1.871597
1766,lm,0,128,0,1.850681,0.299696,0.554642
1766,lm,1,82,0,1.640379,0.370359,0.607529
1767,human,0,91,0,1.665850,0.504353,0.840176
1767,lm,0,100,0,2.143215,0.230135,0.493228
1768,human,0,35,0,1.210139,1.294790,1.566876
1768,lm,0,96,0,1.886762,0.330632,0.623824
1769,human,0,128,0,1.237837,0.805350,0.996892
1769,human,1,4,0,0.944927,5.219693,4.932227
1769,lm,0,29,0,1.228858,0.977269,1.200925
177,human,0,52,0,1.373536,1.166960,1.602861
177,lm,0,68,0,1.508945,0.789045,1.190625
1770,human,0,12,0,1.457178,0.579428,0.844329
1770,lm,0,16,0,1.471936,0.342334,0.503894
1771,human,0,29,0,1.280592,0.996298,1.275851
1771,lm,0,45,0,1.300534,0.752970,0.979264
1772,human,0,42,0,1.160904,1.551341,1.800958
1772,lm,0,38,0,1.329603,0.712833,0.947785
1773,human,0,13,0,1.215808,1.538754,1.870830
1773,lm,0,48,0,1.635773,0.822105,1.344776
1775,human,0,128,0,1.264193,0.969447,1.225568
1775,human,1,15,0,1.258769,1.394110,1.754862
1775,lm,0,57,0,1.799098,0.512491,0.922021
1776,human,0,83,0,1.325670,0.831299,1.102028
1776,lm,0,16,0,1.234234,1.157725,1.428904
1777,human,0,128,0,1.302082,0.892091,1.161575
1777,human,1,128,0,1.424388,0.777322,1.107208
1777,human,2,42,0,1.300511,0.859342,1.117583
1777,lm,0,9,0,1.089670,1.486693,1.620004
1778,human,0,48,0,1.376588,0.726675,1.000332
1778,lm,0,103,0,2.170071,0.216440,0.469690
1779,human,0,128,0,1.342223,0.808196,1.084780
1779,human,1,98,0,1.290115,0.675967,0.872075
1779,lm,0,46,0,1.335677,0.878681,1.173634
178,human,0,125,0,1.269252,0.749412,0.951192
178,lm,0,7,0,1.113972,1.504924,1.676442
1781,human,0,128,0,1.440748,0.949820,1.368451
1781,human,1,1,0,nan,nan,nan
1781,lm,0,128,0,1.530537,0.621866,0.951789
1781,lm,1,9,0,0.961833,6.664298,6.409944
1782,human,0,115,0,1.335460,0.547854,0.731638
1782,lm,0,16,0,1.202044,1.664472,2.000769
1783,human,0,53,0,1.240055,0.505362,0.626676
1783,lm,0,11,0,1.260350,0.897196,1.130782
1784,human,0,128,0,1.296936,0.863109,1.119397
1784,human,1,49,0,1.232422,1.082500,1.334096
1784,lm,0,128,0,1.871025,0.187346,0.350528
1784,lm,1,73,0,1.335154,0.540047,0.721046
1785,human,0,128,0,1.281355,0.807735,1.034995
1785,human,1,97,0,1.174224,1.156423,1.357899
1785,lm,0,87,0,1.470122,0.756164,1.111653
1786,human,0,92,0,1.284997,0.785175,1.008948
1786,lm,0,107,0,1.409389,0.663195,0.934700
1787,human,0,86,0,1.661444,0.377643,0.627433
1787,lm,0,58,0,1.782512,0.384863,0.686023
1789,human,0,16,0,1.165939,1.370538,1.597964
1789,lm,0,15,0,1.211215,1.264618,1.531725
1790,human,0,60,0,1.333548,0.901960,1.202807
1790,lm,0,6,0,1.091439,2.048557,2.235874
1791,human,0,30,0,1.156692,1.284954,1.486297
1791,lm,0,11,0,1.178542,1.574290,1.855368
1792,human,0,119,0,1.560939,0.534214,0.833876
1792,lm,0,40,0,1.528125,0.575831,0.879942
1793,human,0,128,0,1.299448,0.895928,1.164212
1793,human,1,128,0,1.257827,1.211939,1.524410
1793,human,2,63,0,1.174466,1.687824,1.982291
1793,lm,0,78,0,1.462925,0.843246,1.233606
1794,human,0,40,0,1.220848,1.227268,1.498307
1794,lm,0,54,0,1.343017,0.828293,1.112411
1795,human,0,36,0,1.318547,1.095307,1.444214
1795,lm,0,16,0,1.294984,1.049974,1.359700
1796,human,0,46,0,1.257081,1.091966,1.372690
1796,lm,0,46,0,1.743326,0.500783,0.873027
1797,human,0,22,0,1.160716,1.757246,2.039665
1797,lm,0,6,0,1.047396,3.681335,3.855816
1799,human,0,128,0,1.282261,0.897211,1.150458
1799,human,1,121,0,1.308725,0.820189,1.073402
1799,lm,0,94,0,1.825346,0.541190,0.987860
18,human,0,128,0,1.976419,0.290620,0.574386
18,human,1,24,0,1.261957,1.266248,1.597951
18,lm,0,84,0,1.674591,0.374839,0.627702
1800,human,0,128,0,1.312248,0.896434,1.176344
1800,human,1,84,0,1.028505,2.493995,2.565085
1800,lm,0,7,0,1.391578,1.180004,1.642068
1801,human,0,91,0,1.187739,0.970235,1.152386
1801,lm,0,42,0,1.355320,0.928141,1.257928
1802,human,0,110,0,1.573515,0.581190,0.914512
1802,lm,0,36,0,2.264936,0.399333,0.904464
1803,human,0,53,0,1.326797,0.766151,1.016527
1803,lm,0,64,0,1.262798,0.698202,0.881688
1804,human,0,59,0,1.831820,0.292087,0.535050
1804,lm,0,42,0,1.955933,0.229307,0.448509
1805,human,0,128,0,1.469420,0.544938,0.800743
1805,human,1,71,0,1.335100,0.903859,1.206742
1805,lm,0,121,0,1.769992,0.315977,0.559276
1806,human,0,76,0,1.594289,0.395380,0.630351
1806,lm,0,49,0,1.761829,0.266746,0.469961
1807,human,0,128,0,1.583167,0.596189,0.943867
1807,human,1,48,0,1.417689,0.966211,1.369787
1807,lm,0,119,0,1.756265,0.395980,0.695446
1808,human,0,24,0,1.158058,1.480017,1.713946
1808,lm,0,128,0,1.729926,0.441086,0.763047
1808,lm,1,41,0,1.334781,0.998297,1.332507
181,human,0,37,0,1.172368,1.138796,1.335089
181,lm,0,29,0,1.583980,0.465371,0.737138
1810,human,0,104,0,1.634513,0.632383,1.033638
1810,lm,0,78,0,1.878786,0.335658,0.630629
1811,human,0,23,0,1.100457,1.580928,1.739743
1811,lm,0,70,0,1.525558,0.292773,0.446642
1812,human,0,109,0,1.655397,0.349121,0.577935
1812,lm,0,94,0,1.714248,0.409340,0.701710
1813,human,0,33,0,1.571494,0.514315,0.808243
1813,lm,0,82,0,1.893224,0.285184,0.539916
1814,human,0,128,0,1.357013,0.837379,1.136335
1814,human,1,128,0,1.428261,0.862748,1.232230
1814,human,2,88,0,1.253962,0.998975,1.252677
1814,lm,0,81,0,1.645529,0.541688,0.891364
1815,human,0,30,0,1.207942,1.880078,2.271025
1815,lm,0,24,0,1.243777,1.349609,1.678613
1816,human,0,68,0,1.445864,0.505582,0.731003
1816,lm,0,83,0,2.020378,0.205592,0.415374
1817,human,0,128,0,1.442860,0.559576,0.807389
1817,human,1,128,0,1.474517,0.442721,0.652800
1817,human,2,3,0,1.084371,3.003380,3.256779
1817,lm,0,22,0,1.288951,0.813585,1.048670
1819,human,0,54,0,1.250041,1.079146,1.348976
1819,lm,0,128,0,1.702270,0.416798,0.709502
1819,lm,1,3,0,1.004533,1.497821,1.504611
1820,human,0,128,0,1.457978,0.527083,0.768476
1820,human,1,128,0,1.409999,0.677344,0.955055
1820,human,2,7,0,1.069430,2.155986,2.305675
1820,lm,0,44,0,1.380962,1.156397,1.596940
1821,human,0,88,0,1.372222,0.698040,0.957866
1821,lm,0,122,0,1.705787,0.410849,0.700821
1822,human,0,13,0,1.229408,1.399125,1.720096
1822,lm,0,10,0,1.203692,2.911523,3.504578
1823,human,0,110,0,1.207686,0.790504,0.954681
1823,lm,0,13,0,1.058999,1.608593,1.703498
1824,human,0,32,0,1.241480,0.839549,1.042283
1824,lm,0,9,0,1.053289,1.513822,1.594492
1825,human,0,128,0,1.410258,0.642692,0.906362
1825,human,1,101,0,1.448719,0.796635,1.154100
1825,lm,0,128,0,1.351397,0.676697,0.914487
1825,lm,1,103,0,1.514091,0.738116,1.117574
1826,human,0,128,0,1.207649,1.033999,1.248709
1826,human,1,128,0,1.275258,0.666604,0.850092
1826,human,2,128,0,1.253885,1.062937,1.332800
1826,human,3,128,0,1.185364,0.971645,1.151754
1826,human,4,126,0,1.241667,1.049959,1.303700
1826,lm,0,47,0,1.433308,0.460172,0.659568
1828,human,0,114,0,1.413240,0.531641,0.751336
1828,lm,0,128,0,1.793571,0.328511,0.589207
1828,lm,1,23,0,1.496588,1.220973,1.827293
1829,human,0,22,0,1.299576,0.870093,1.130752
1829,lm,0,10,0,1.098991,2.237373,2.458853
183,human,0,40,0,1.179358,1.648796,1.944521
183,lm,0,63,0,1.376825,0.764599,1.052719
1830,human,0,128,0,1.314530,0.724291,0.952102
1830,human,1,46,0,1.131931,2.201759,2.492240
1830,lm,0,45,0,1.395125,0.882216,1.230802
1831,human,0,39,0,1.198630,1.100557,1.319161
1831,lm,0,5,0,1.123303,1.259459,1.414754
1832,human,0,90,0,1.627977,0.388571,0.632585
1832,lm,0,81,0,1.603318,0.406688,0.652051
1833,human,0,128,0,1.272185,1.117988,1.422288
1833,human,1,128,0,1.469057,0.936453,1.375703
1833,human,2,128,0,1.206492,1.112205,1.341867
1833,human,3,128,0,1.279195,1.482589,1.896520
1833,human,4,128,0,1.312434,1.423628,1.868419
1833,human,5,104,0,1.292009,1.120433,1.447609
1833,lm,0,102,0,1.503325,0.639823,0.961861
1834,human,0,67,0,1.475635,0.488762,0.721235
1834,lm,0,128,0,1.826834,0.356846,0.651899
1834,lm,1,128,0,1.563161,0.806689,1.260985
1834,lm,2,74,0,1.500587,0.836023,1.254525
1835,human,0,25,0,1.116183,1.744967,1.947701
1835,lm,0,24,0,1.292563,1.293313,1.671688
1836,human,0,128,0,1.500391,0.537123,0.805895
1836,human,1,128,0,1.304122,0.989406,1.290307
1836,human,2,4,0,0.989059,4.596964,4.546670
1836,lm,0,110,0,1.748396,0.241745,0.422667
1837,human,0,128,0,1.219101,1.059850,1.292064
1837,human,1,128,0,1.175934,1.255985,1.476956
1837,human,2,128,0,1.210528,1.103772,1.336147
1837,human,3,27,0,1.216806,1.635690,1.990317
1837,lm,0,72,0,1.955702,0.352671,0.689720
1838,human,0,128,0,1.593513,0.658467,1.049275
1838,human,1,124,0,1.580226,0.417585,0.659878
1838,lm,0,44,0,1.455893,0.885051,1.288539
1839,human,0,50,0,1.362968,0.570698,0.777842
1839,lm,0,118,0,1.548379,0.382087,0.591616
184,human,0,76,0,1.654709,0.355641,0.588483
184,lm,0,128,0,1.680952,0.566189,0.951737
184,lm,1,108,0,1.478242,0.538314,0.795759
1840,human,0,128,0,1.251202,1.042570,1.304466
1840,human,1,128,0,1.314412,0.769338,1.011228
1840,human,2,10,0,1.086963,1.872129,2.034936
1840,lm,0,128,0,1.686579,0.337308,0.568897
1840,lm,1,30,0,1.223900,1.756198,2.149410
1842,human,0,128,0,1.287572,0.877226,1.129491
1842,human,1,128,0,1.457589,0.812887,1.184855
1842,human,2,44,0,1.230999,1.438212,1.770436
1842,lm,0,57,0,1.345614,0.832902,1.120764
1843,human,0,75,0,1.495353,0.994735,1.487480
1843,lm,0,53,0,1.438626,1.019182,1.466222
1844,human,0,91,0,1.402556,0.508399,0.713058
1844,lm,0,57,0,1.765829,0.321819,0.568277
1846,human,0,119,0,1.503637,0.847723,1.274668
1846,lm,0,121,0,2.082745,0.306865,0.639121
1847,human,0,93,0,1.880151,0.168652,0.317092
1847,lm,0,26,0,1.270353,0.262619,0.333619
1848,human,0,128,0,1.313059,0.907511,1.191616
1848,human,1,99,0,1.183639,1.327454,1.571226
1848,lm,0,52,0,1.269111,1.336391,1.696028
1849,human,0,55,0,1.268330,0.777240,0.985797
1849,lm,0,76,0,1.382814,0.709286,0.980811
185,human,0,17,0,1.137084,1.145521,1.302553
185,lm,0,92,0,1.354325,0.766249,1.037750
1850,human,0,64,0,1.422399,1.022050,1.453763
1850,lm,0,31,0,1.236077,1.273484,1.574124
1851,human,0,128,0,1.360726,0.723497,0.984481
1851,human,1,128,0,1.620693,0.647805,1.049893
1851,human,2,128,0,1.281163,1.226816,1.571752
1851,human,3,89,0,1.255915,0.914972,1.149127
1851,lm,0,56,0,1.304982,0.879827,1.148158
1853,human,0,128,0,1.369875,0.728395,0.997811
1853,human,1,108,0,1.398144,0.828390,1.158209
1853,lm,0,108,0,1.757162,0.434740,0.763909
1854,human,0,32,0,1.347403,1.110741,1.496616
1854,lm,0,21,0,1.168879,1.640222,1.917220
1855,human,0,88,0,1.242040,1.078589,1.339651
1855,lm,0,10,0,1.030597,4.119745,4.245796
1856,human,0,128,0,1.517264,0.734870,1.114992
1856,human,1,128,0,1.515573,0.778202,1.179422
1856,human,2,99,0,1.291091,1.255075,1.620416
1856,lm,0,6,0,1.192496,1.086169,1.295252
1857,human,0,128,0,1.233548,1.170224,1.443528
1857,human,1,79,0,1.191556,1.676885,1.998102
1857,lm,0,12,0,1.206073,1.642630,1.981131
1858,human,0,41,0,1.223986,0.991962,1.214148
1858,lm,0,19,0,1.394066,0.825819,1.151246
1859,human,0,67,0,1.898045,0.439353,0.833911
1859,lm,0,82,0,2.037177,0.391733,0.798029
186,human,0,128,0,1.347697,0.870166,1.172720
186,human,1,128,0,1.507283,0.586112,0.883437
186,human,2,68,0,1.343839,0.749701,1.007477
186,lm,0,128,0,1.496047,0.439319,0.657241
186,lm,1,102,0,1.673942,0.356512,0.596781
1860,human,0,128,0,1.506097,0.436220,0.656989
1860,human,1,128,0,1.365934,0.557381,0.761345
1860,human,2,5,0,1.036477,2.624231,2.719956
1860,lm,0,66,0,1.520256,0.371614,0.564948
1861,human,0,49,0,1.182150,1.437269,1.699067
1861,lm,0,55,0,1.505779,0.629938,0.948547
1862,human,0,128,0,1.344522,0.829024,1.114640
1862,human,1,128,0,1.286828,0.916882,1.179869
1862,human,2,128,0,1.130077,1.639086,1.852294
1862,human,3,128,0,1.388268,0.877407,1.218076
1862,human,4,20,0,1.198327,1.429119,1.712552
1862,lm,0,111,0,1.845556,0.420006,0.775145
1863,human,0,128,0,1.374662,0.840228,1.155030
1863,human,1,42,0,1.191228,1.643178,1.957400
1863,lm,0,18,0,1.183581,1.260276,1.491639
1865,human,0,37,0,1.517915,0.461924,0.701161
1865,lm,0,36,0,1.629610,0.392384,0.639433
1866,human,0,37,0,1.226293,1.062377,1.302786
1866,lm,0,128,0,1.886336,0.197251,0.372081
1866,lm,1,97,0,1.448053,0.314577,0.455524
1867,human,0,83,0,1.667245,0.359959,0.600140
1867,lm,0,50,0,1.498336,0.459363,0.688280
1869,human,0,128,0,1.172853,0.574563,0.673878
1869,human,1,128,0,1.168723,0.909994,1.063531
1869,human,2,59,0,1.132607,1.226065,1.388650
1869,lm,0,128,0,1.748212,0.358383,0.626529
1869,lm,1,86,0,1.732987,0.293875,0.509282
187,human,0,82,0,1.248061,1.331334,1.661586
187,lm,0,46,0,1.626086,0.827442,1.345492
1870,human,0,128,0,1.370105,0.803163,1.100417
1870,human,1,128,0,1.496733,0.814040,1.218401
1870,human,2,128,0,1.394273,0.959256,1.337464
1870,human,3,105,0,1.319354,1.150845,1.518372
1870,lm,0,128,0,1.846247,0.629716,1.162610
1870,lm,1,126,0,1.885765,0.542591,1.023200
1871,human,0,128,0,1.785938,0.178231,0.318310
1871,human,1,12,0,1.607997,0.915253,1.471724
1871,lm,0,37,0,1.520713,0.401608,0.610730
1872,human,0,79,0,1.351794,0.974453,1.317260
1872,lm,0,52,0,1.392214,0.796659,1.109120
1873,human,0,128,0,1.188067,1.321226,1.569705
1873,human,1,128,0,1.225297,1.354011,1.659066
1873,human,2,31,0,1.109835,2.134444,2.368881
1873,lm,0,104,0,1.971358,0.312003,0.615070
1874,human,0,93,0,1.690321,0.449385,0.759604
1874,lm,0,11,0,1.114095,2.362488,2.632036
1875,human,0,128,0,1.345110,0.789385,1.061810
1875,human,1,128,0,1.325189,0.997475,1.321843
1875,human,2,128,0,1.210682,1.194313,1.445934
1875,human,3,128,0,1.271659,1.060337,1.348387
1875,human,4,42,0,1.641195,0.475422,0.780261
1875,lm,0,28,0,1.488568,0.970659,1.444892
1876,human,0,79,0,1.225430,1.276012,1.563664
1876,lm,0,26,0,1.196045,1.378967,1.649307
1878,human,0,29,0,1.237765,0.664791,0.822855
1878,lm,0,127,0,2.299305,0.123003,0.282821
1879,human,0,128,0,1.357613,0.832743,1.130543
1879,human,1,128,0,1.320407,0.639490,0.844387
1879,human,2,128,0,1.391817,0.703108,0.978598
1879,human,3,128,0,1.282568,0.566353,0.726387
1879,human,4,128,0,1.286214,0.524299,0.674360
1879,human,5,15,0,1.192377,1.547502,1.845205
1879,lm,0,128,0,2.277693,0.377405,0.859613
1879,lm,1,128,0,1.565122,0.360954,0.564938
1879,lm,2,50,0,1.611617,0.613105,0.988091
1880,human,0,40,0,1.309929,0.751475,0.984379
1880,lm,0,11,0,1.181994,2.067616,2.443909
1881,human,0,128,0,1.333149,0.800617,1.067341
1881,human,1,86,0,1.203321,1.141309,1.373362
1881,lm,0,78,0,1.407230,0.578379,0.813913
1882,human,0,87,0,1.243135,1.018716,1.266402
1882,lm,0,94,0,1.549578,0.400021,0.619864
1883,human,0,44,0,1.315249,0.854549,1.123945
1883,lm,0,26,0,1.519183,0.544369,0.826996
1884,human,0,27,0,1.235742,0.989564,1.222846
1884,lm,0,11,0,1.132013,1.141685,1.292403
1885,human,0,128,0,1.503380,0.773944,1.163532
1885,human,1,128,0,1.285105,0.999861,1.284927
1885,human,2,25,0,1.298438,0.977067,1.268661
1885,lm,0,127,0,1.711695,0.469846,0.804233
1887,human,0,128,0,1.320643,0.652014,0.861078
1887,human,1,128,0,1.371569,0.666968,0.914793
1887,human,2,128,0,1.386683,0.765042,1.060871
1887,human,3,128,0,1.258809,1.229039,1.547125
1887,human,4,128,0,1.176130,1.369812,1.611076
1887,human,5,128,0,1.216556,1.796103,2.185061
1887,human,6,12,0,1.129630,1.411448,1.594415
1887,lm,0,41,0,1.304294,0.805813,1.051017
1888,human,0,128,0,1.314604,1.125718,1.479873
1888,human,1,128,0,1.250802,0.801503,1.002521
1888,human,2,128,0,1.330165,0.673515,0.895886
1888,human,3,128,0,1.256384,0.816768,1.026175
1888,human,4,128,0,1.304804,0.631254,0.823662
1888,human,5,57,0,1.194619,1.128810,1.348498
1888,lm,0,33,0,1.213669,1.160514,1.408480
1889,human,0,117,0,2.082104,0.245635,0.511439
1889,lm,0,117,0,2.573122,0.181700,0.467536
189,human,0,125,0,1.784693,0.485666,0.866764
189,lm,0,69,0,1.949267,0.395361,0.770664
1890,human,0,128,0,1.408920,0.748217,1.054178
1890,human,1,31,0,1.217659,1.288767,1.569279
1890,lm,0,67,0,1.674392,0.537696,0.900314
1891,human,0,114,0,1.540759,0.477892,0.736316
1891,lm,0,79,0,1.736541,0.373951,0.649380
1892,human,0,128,0,1.614042,0.493122,0.795920
1892,human,1,95,0,1.356558,0.736037,0.998477
1892,lm,0,59,0,1.832951,0.365573,0.670078
1893,human,0,44,0,1.323601,1.029623,1.362810
1893,lm,0,60,0,1.523927,0.510635,0.778171
1894,human,0,82,0,1.335819,0.727353,0.971611
1894,lm,0,36,0,1.523319,0.608060,0.926269
1895,human,0,128,0,1.540221,0.777600,1.197676
1895,human,1,128,0,1.396201,0.793654,1.108101
1895,human,2,78,0,1.972889,0.759148,1.497714
1895,lm,0,47,0,1.414347,0.514577,0.727791
1896,human,0,128,0,1.292036,0.744788,0.962293
1896,human,1,128,0,1.259896,0.925109,1.165541
1896,human,2,52,0,1.217647,1.254436,1.527461
1896,lm,0,74,0,1.367471,0.559907,0.765657
1897,human,0,46,0,1.231049,1.036361,1.275811
1897,lm,0,21,0,1.210391,1.682243,2.036172
1898,human,0,57,0,1.356638,0.863171,1.171010
1898,lm,0,54,0,1.374410,0.789303,1.084826
1899,human,0,52,0,1.197442,1.191926,1.427262
1899,lm,0,34,0,1.148207,1.502357,1.725017
19,human,0,47,0,1.120879,1.212954,1.359574
19,lm,0,36,0,1.392582,0.835583,1.163618
190,human,0,97,0,1.748619,0.418613,0.731995
190,lm,0,47,0,1.730956,0.430116,0.744512
1900,human,0,78,0,1.589075,0.423243,0.672565
1900,lm,0,83,0,1.627412,0.343893,0.559656
1901,human,0,75,0,1.199867,0.864108,1.036815
1901,lm,0,128,0,1.814939,0.295401,0.536134
1901,lm,1,2,0,1.057713,4.400132,4.654076
1902,human,0,31,0,1.283967,1.107213,1.421625
1902,lm,0,66,0,1.403614,0.764089,1.072486
1903,human,0,128,0,1.311259,0.520810,0.682917
1903,human,1,34,0,1.307502,0.627072,0.819898
1903,lm,0,18,0,1.280560,0.764610,0.979130
1904,human,0,128,0,1.264038,0.916646,1.158676
1904,human,1,60,0,1.198505,1.696185,2.032887
1904,lm,0,96,0,1.774974,0.379922,0.674352
1905,human,0,128,0,2.124451,0.417912,0.887834
1905,human,1,2,0,1.083035,2.284248,2.473921
1905,lm,0,16,0,1.269510,0.941369,1.195077
1906,human,0,128,0,1.859996,0.368951,0.686248
1906,human,1,5,0,1.003003,1.672400,1.677422
1906,lm,0,80,0,1.910051,0.380684,0.727125
1907,human,0,115,0,1.441847,0.596294,0.859764
1907,lm,0,28,0,1.535764,0.578598,0.888590
1908,human,0,20,0,1.168615,0.928463,1.085016
1908,lm,0,48,0,1.726957,0.602500,1.040492
1909,human,0,13,0,1.113985,1.708498,1.903241
1909,lm,0,11,0,1.060987,3.456455,3.667253
191,human,0,85,0,1.442649,0.586925,0.846727
191,lm,0,62,0,1.528872,0.785837,1.201444
1910,human,0,78,0,1.884368,0.275264,0.518699
1910,lm,0,128,0,1.962711,0.200978,0.394461
1910,lm,1,22,0,1.329129,0.859283,1.142098
1911,human,0,67,0,1.670358,0.703527,1.175142
1911,lm,0,43,0,2.226042,0.351980,0.783522
1912,human,0,128,0,1.222603,1.262540,1.543585
1912,human,1,128,0,1.203768,1.403347,1.689304
1912,human,2,128,0,1.265763,0.990791,1.254107
1912,human,3,128,0,1.250435,1.362517,1.703739
1912,human,4,78,0,1.277024,1.564631,1.998072
1912,lm,0,58,0,1.387220,1.153222,1.599772
1913,human,0,106,0,1.275866,0.816702,1.042002
1913,lm,0,68,0,1.472840,0.691193,1.018017
1914,human,0,128,0,1.257516,1.419404,1.784923
1914,human,1,128,0,1.224529,1.751551,2.144825
1914,human,2,111,0,1.208052,1.413863,1.708019
1914,lm,0,128,0,1.466323,0.659321,0.966777
1914,lm,1,38,0,1.324235,1.336141,1.769365
1915,human,0,128,0,1.371485,0.650418,0.892038
1915,human,1,18,0,1.074422,2.036909,2.188499
1915,lm,0,27,0,1.333980,0.595566,0.794473
1916,human,0,128,0,1.206916,1.487213,1.794942
1916,human,1,128,0,1.174613,1.535259,1.803335
1916,human,2,128,0,1.259219,1.009589,1.271294
1916,lm,0,128,0,1.363552,0.708887,0.966604
1916,lm,1,9,0,0.990037,4.857373,4.808977
1917,human,0,128,0,1.378817,0.829059,1.143120
1917,human,1,128,0,1.244749,1.136482,1.414634
1917,human,2,70,0,1.194318,1.866266,2.228916
1917,lm,0,91,0,1.310907,1.193417,1.564459
1918,human,0,118,0,1.333633,0.924839,1.233396
1918,lm,0,71,0,1.345328,0.765536,1.029897
1919,human,0,21,0,1.172838,1.171230,1.373663
1919,lm,0,128,0,1.628168,0.441165,0.718290
1919,lm,1,7,0,1.638339,1.687630,2.764910
192,human,0,56,0,1.298529,0.952820,1.237265
192,lm,0,64,0,1.468007,0.664620,0.975666
1920,human,0,128,0,1.179796,1.415661,1.670191
1920,human,1,1,0,1.000000,2.291483,2.291483
1920,lm,0,68,0,1.711665,0.728622,1.247157
1921,human,0,43,0,1.543890,0.741818,1.145285
1921,lm,0,27,0,1.439218,0.875952,1.260686
1922,human,0,128,0,1.344676,1.053439,1.416533
1922,human,1,128,0,1.252922,1.033165,1.294476
1922,human,2,10,0,1.010524,1.645017,1.662329
1922,lm,0,98,0,1.302747,0.772182,1.005957
1923,human,0,95,0,1.577917,0.659550,1.040714
1923,lm,0,99,0,1.627106,0.523476,0.851751
1924,human,0,128,0,1.211153,0.981258,1.188454
1924,human,1,128,0,0.898304,2.145580,1.927384
1924,human,2,48,0,1.281918,0.831274,1.065625
1924,lm,0,64,0,1.318773,0.522828,0.689491
1925,human,0,103,0,1.437754,0.505785,0.727194
1925,lm,0,128,0,2.049324,0.273938,0.561388
1925,lm,1,17,0,1.166996,2.579934,3.010772
1926,human,0,128,0,1.288540,1.147751,1.478923
1926,human,1,107,0,1.208671,1.070118,1.293420
1926,lm,0,24,0,1.317314,1.359512,1.790904
1927,human,0,49,0,1.540252,0.476460,0.733868
1927,lm,0,36,0,1.880798,0.309960,0.582973
1928,human,0,36,0,1.344480,0.556681,0.748446
1928,lm,0,34,0,1.345864,0.325905,0.438624
1929,human,0,91,0,1.486934,0.650679,0.967517
1929,lm,0,46,0,1.475453,0.756814,1.116643
193,human,0,128,0,1.273891,1.044495,1.330573
193,human,1,30,0,1.251211,1.612939,2.018127
193,lm,0,128,0,1.588731,0.648623,1.030487
193,lm,1,128,0,1.714784,0.591606,1.014477
193,lm,2,128,0,1.429055,0.767945,1.097436
193,lm,3,82,0,1.194018,1.462512,1.746265
1930,human,0,33,0,1.184571,0.731952,0.867048
1930,lm,0,71,0,1.696536,0.273277,0.463624
1931,human,0,62,0,1.387485,0.942238,1.307342
1931,lm,0,35,0,1.419500,0.706675,1.003125
1932,human,0,44,0,1.174731,1.356282,1.593266
1932,lm,0,80,0,1.805200,0.435924,0.786930
1933,human,0,117,0,1.734917,0.481885,0.836031
1933,lm,0,8,0,1.104014,2.007734,2.216567
1934,human,0,128,0,1.587793,0.341557,0.542322
1934,human,1,117,0,1.119873,1.127587,1.262754
1934,lm,0,128,0,1.693753,0.424711,0.719355
1934,lm,1,110,0,1.140146,0.949657,1.082748
1935,human,0,107,0,1.320380,0.879364,1.161094
1935,lm,0,63,0,1.408431,0.593517,0.835927
1936,human,0,128,0,1.117963,1.845886,2.063633
1936,human,1,20,0,1.077507,3.220269,3.469863
1936,lm,0,21,0,1.180675,1.776027,2.096911
1937,human,0,114,0,1.765975,0.545122,0.962672
1937,lm,0,109,0,1.671994,0.561878,0.939457
1938,human,0,128,0,1.364926,0.827796,1.129880
1938,human,1,128,0,1.352141,0.836622,1.131231
1938,human,2,128,0,1.632680,0.390746,0.637963
1938,human,3,3,0,0.992265,4.561192,4.525910
1938,lm,0,69,0,1.668945,0.237711,0.396727
1939,human,0,74,0,1.420946,0.456724,0.648980
1939,lm,0,101,0,2.100024,0.164980,0.346463
194,human,0,79,0,1.658336,0.285658,0.473718
194,lm,0,21,0,1.245372,0.808227,1.006544
1940,human,0,54,0,1.563283,0.583954,0.912886
1940,lm,0,10,0,1.157750,1.218809,1.411077
1941,human,0,57,0,1.396866,0.741693,1.036046
1941,lm,0,35,0,1.260889,0.963567,1.214951
1943,human,0,128,0,1.384303,0.593520,0.821612
1943,human,1,128,0,1.207235,0.897441,1.083422
1943,human,2,105,0,1.304872,0.722987,0.943406
1943,lm,0,128,0,2.151120,0.242118,0.520825
1943,lm,1,6,0,1.608057,1.286153,2.068207
1944,human,0,128,0,1.651654,0.550034,0.908466
1944,human,1,82,0,1.348289,0.915445,1.234284
1944,lm,0,104,0,1.972349,0.390273,0.769755
1946,human,0,107,0,1.388520,0.685132,0.951319
1946,lm,0,13,0,1.230236,1.180816,1.452682
1947,human,0,39,0,1.166719,0.981330,1.144936
1947,lm,0,47,0,1.834209,0.598164,1.097157
1948,human,0,70,0,1.269353,0.762897,0.968385
1948,lm,0,38,0,1.475860,0.533512,0.787388
1949,human,0,22,0,1.431579,1.074128,1.537699
1949,lm,0,30,0,1.379922,0.661589,0.912942
195,human,0,72,0,1.391791,0.527728,0.734487
195,lm,0,61,0,1.535225,0.702003,1.077732
1950,human,0,128,0,1.369567,0.561647,0.769213
1950,human,1,17,0,1.230121,1.237523,1.522302
1950,lm,0,90,0,1.447494,0.551984,0.798994
1951,human,0,21,0,1.115797,2.073176,2.313244
1951,lm,0,11,0,1.198396,2.195425,2.630989
1953,human,0,128,0,1.183265,1.320846,1.562911
1953,human,1,30,0,1.309591,1.194695,1.564563
1953,lm,0,128,0,1.740498,0.346245,0.602640
1953,lm,1,8,0,1.122424,3.485458,3.912161
1954,human,0,128,0,1.310143,1.053398,1.380102
1954,human,1,128,0,1.022077,2.758513,2.819413
1954,human,2,128,0,1.270082,1.304943,1.657384
1954,human,3,107,0,1.350082,0.882062,1.190856
1954,lm,0,51,0,1.335158,0.511706,0.683207
1955,human,0,73,0,1.435379,0.781293,1.121451
1955,lm,0,128,0,1.852247,0.564674,1.045916
1955,lm,1,67,0,1.702241,0.822873,1.400727
1957,human,0,128,0,1.147295,1.063707,1.220386
1957,human,1,128,0,1.181429,1.339401,1.582406
1957,human,2,128,0,1.175906,1.161407,1.365706
1957,human,3,128,0,1.146852,1.582653,1.815068
1957,human,4,128,0,0.926183,3.175253,2.940865
1957,human,5,128,0,1.206005,1.591878,1.919813
1957,human,6,22,0,1.025792,2.444661,2.507713
1957,lm,0,45,0,1.267426,1.046916,1.326888
1958,human,0,128,0,1.355311,0.961656,1.303342
1958,human,1,127,0,1.298419,0.884068,1.147890
1958,lm,0,128,0,1.670807,0.495164,0.827324
1958,lm,1,127,0,1.378339,0.757620,1.044257
1959,human,0,94,0,1.220840,1.672362,2.041686
1959,lm,0,128,0,1.708833,0.472581,0.807563
1959,lm,1,106,0,1.697374,0.455501,0.773156
196,human,0,59,0,1.400154,0.696038,0.974560
196,lm,0,52,0,1.299251,1.335955,1.735740
1961,human,0,69,0,1.320289,0.645320,0.852009
1961,lm,0,99,0,1.698535,0.382559,0.649791
1962,human,0,90,0,1.486383,0.723994,1.076133
1962,lm,0,51,0,1.484905,0.821824,1.220330
1963,human,0,128,0,1.467948,0.506894,0.744095
1963,human,1,12,0,1.021398,2.913874,2.976224
1963,lm,0,127,0,1.682339,0.397021,0.667924
1964,human,0,111,0,1.721956,0.406599,0.700146
1964,lm,0,10,0,1.265536,0.882919,1.117366
1965,human,0,55,0,1.330012,1.297029,1.725064
1965,lm,0,62,0,1.518706,0.618649,0.939547
1966,human,0,79,0,1.376875,0.751240,1.034364
1966,lm,0,78,0,1.646206,0.492702,0.811088
1967,human,0,56,0,1.464814,0.743408,1.088954
1967,lm,0,47,0,1.742135,0.416754,0.726041
1968,human,0,128,0,1.225093,1.195901,1.465090
1968,human,1,128,0,1.506456,0.993265,1.496310
1968,human,2,128,0,1.193272,1.610719,1.922026
1968,human,3,112,0,1.174362,1.656749,1.945623
1968,lm,0,80,0,1.690035,0.558623,0.944093
1969,human,0,100,0,1.339570,0.712677,0.954681
1969,lm,0,14,0,1.116495,1.679705,1.875382
197,human,0,128,0,1.217137,1.109955,1.350968
197,human,1,128,0,1.429806,1.122812,1.605403
197,human,2,128,0,1.125018,1.710033,1.923817
197,human,3,78,0,1.147172,1.642485,1.884212
197,lm,0,57,0,1.534520,0.623749,0.957155
1970,human,0,128,0,1.542887,0.555989,0.857829
1970,human,1,89,0,1.297719,0.960808,1.246859
1970,lm,0,128,0,1.778095,0.409665,0.728424
1970,lm,1,31,0,1.390903,1.057664,1.471108
1971,human,0,37,0,1.297205,1.034814,1.342365
1971,lm,0,39,0,1.368155,0.660544,0.903727
1972,human,0,128,0,1.209236,0.959137,1.159823
1972,human,1,128,0,1.162537,1.250561,1.453824
1972,human,2,128,0,1.242431,1.117009,1.387806
1972,human,3,128,0,1.384219,0.788807,1.091882
1972,human,4,128,0,1.311138,1.310562,1.718327
1972,human,5,82,0,1.206044,1.043561,1.258580
1972,lm,0,60,0,1.461794,0.753073,1.100837
1973,human,0,128,0,1.570345,0.580724,0.911938
1973,human,1,128,0,1.420839,0.818401,1.162816
1973,human,2,128,0,1.364437,0.741741,1.012059
1973,human,3,128,0,1.297397,0.910626,1.181444
1973,human,4,128,0,1.388762,0.854641,1.186894
1973,human,5,120,0,1.324724,0.818243,1.083947
1973,lm,0,94,0,1.499912,0.677704,1.016497
1974,human,0,42,0,1.454250,0.999843,1.454021
1974,lm,0,32,0,1.387462,1.035075,1.436127
1975,human,0,78,0,1.884683,0.313196,0.590275
1975,lm,0,46,0,1.420171,1.198576,1.702183
1976,human,0,128,0,1.573900,0.426016,0.670506
1976,human,1,38,0,1.425325,1.509480,2.151500
1976,lm,0,78,0,1.811244,0.503242,0.911494
1977,human,0,84,0,1.335765,0.580124,0.774909
1977,lm,0,106,0,1.405877,0.429333,0.603590
1978,human,0,128,0,1.409780,0.696128,0.981388
1978,human,1,82,0,1.247482,1.060870,1.323416
1978,lm,0,28,0,1.393702,1.007898,1.404710
1979,human,0,31,0,1.194085,1.153747,1.377671
1979,lm,0,76,0,1.778063,0.340499,0.605428
198,human,0,89,0,1.345458,0.791731,1.065242
198,lm,0,37,0,1.735393,0.611404,1.061027
1980,human,0,52,0,1.228470,1.121053,1.377181
1980,lm,0,34,0,1.486363,0.635217,0.944164
1981,human,0,93,0,1.246897,0.876251,1.092595
1981,lm,0,11,0,1.398258,1.143406,1.598776
1983,human,0,101,0,1.296820,1.307950,1.696175
1983,lm,0,78,0,1.847513,0.591995,1.093719
1984,human,0,76,0,1.242064,0.718420,0.892324
1984,lm,0,46,0,1.360131,0.727772,0.989866
1985,human,0,77,0,1.539243,0.596919,0.918804
1985,lm,0,11,0,1.208420,1.111390,1.343025
1986,human,0,74,0,1.267865,0.971548,1.231793
1986,lm,0,11,0,1.070259,2.982195,3.191722
1987,human,0,95,0,1.254448,1.017864,1.276857
1987,lm,0,11,0,1.177586,2.650960,3.121733
1988,human,0,39,0,1.478605,0.613691,0.907406
1988,lm,0,10,0,1.216903,1.693558,2.060896
1989,human,0,11,0,1.073639,1.895532,2.035117
1989,lm,0,85,0,1.723382,0.375745,0.647552
199,human,0,128,0,1.362060,0.716087,0.975353
199,human,1,128,0,1.310342,1.223392,1.603063
199,human,2,128,0,1.269749,1.028249,1.305618
199,human,3,70,0,1.437954,0.900506,1.294886
199,lm,0,128,0,1.717595,0.303349,0.521031
199,lm,1,32,0,1.346213,1.244335,1.675139
1990,human,0,128,0,1.520149,0.819477,1.245727
1990,human,1,55,0,1.266863,2.244177,2.843063
1990,lm,0,10,0,1.100397,1.596502,1.756786
1991,human,0,128,0,1.367483,0.957659,1.309583
1991,lm,0,21,0,1.198199,1.509114,1.808218
1992,human,0,70,0,1.225300,1.138550,1.395065
1992,lm,0,32,0,1.225770,0.703797,0.862693
1993,human,0,128,0,1.337098,1.221138,1.632782
1993,human,1,128,0,1.465421,0.782686,1.146965
1993,human,2,128,0,1.380478,0.736732,1.017043
1993,human,3,128,0,1.346901,0.721785,0.972173
1993,human,4,69,0,1.464567,0.831544,1.217852
1993,lm,0,69,0,1.546469,0.518880,0.802432
1994,human,0,52,0,1.333805,0.731670,0.975905
1994,lm,0,128,0,1.841749,0.339318,0.624939
1994,lm,1,11,0,1.259260,1.255349,1.580811
1995,human,0,128,0,1.350507,0.870944,1.176216
1995,human,1,97,0,1.296355,1.384399,1.794672
1995,lm,0,128,0,1.485062,0.574305,0.852878
1995,lm,1,105,0,1.481485,0.580353,0.859785
1996,human,0,51,0,1.395967,0.874658,1.220994
1996,lm,0,18,0,1.275871,1.568382,2.001053
1997,human,0,128,0,1.331648,0.755810,1.006473
1997,human,1,60,0,1.351042,0.832844,1.125207
1997,lm,0,84,0,1.582862,0.530013,0.838937
1998,human,0,128,0,1.268826,0.734281,0.931675
1998,human,1,128,0,1.299125,1.330118,1.727990
1998,human,2,128,0,1.322859,1.215425,1.607836
1998,human,3,33,0,1.055642,4.005912,4.228809
1998,lm,0,47,0,1.563694,0.538598,0.842203
1999,human,0,128,0,1.573587,0.530742,0.835168
1999,human,1,81,0,1.302698,0.797172,1.038475
1999,lm,0,70,0,1.772873,0.309841,0.549309
2,human,0,49,0,1.414287,0.729337,1.031492
2,lm,0,78,0,2.569139,0.249026,0.639782
20,human,0,85,0,1.278393,1.240619,1.585999
20,lm,0,128,0,1.530598,0.884640,1.354028
20,lm,1,1,0,1.000000,0.693147,0.693147
200,human,0,41,0,1.382491,1.262917,1.745971
200,lm,0,25,0,1.385196,1.187003,1.644232
2000,human,0,25,0,1.129413,1.772812,2.002237
2000,lm,0,56,0,1.696766,0.725448,1.230915
2001,human,0,128,0,1.257079,1.192051,1.498502
2001,human,1,128,0,1.355956,0.599416,0.812782
2001,human,2,128,0,1.364060,0.768737,1.048603
2001,human,3,128,0,1.265962,1.337790,1.693591
2001,human,4,5,0,0.992655,3.383077,3.358229
2001,lm,0,27,0,1.475268,0.915050,1.349944
2002,human,0,22,0,1.260795,0.951759,1.199973
2002,lm,0,10,0,1.277051,1.044869,1.334351
2003,human,0,128,0,1.322818,0.619954,0.820087
2003,lm,0,43,0,1.296001,0.783334,1.015202
2004,human,0,98,0,1.637743,0.383386,0.627887
2004,lm,0,26,0,1.478640,0.446153,0.659700
2005,human,0,26,0,1.095225,1.889941,2.069910
2005,lm,0,128,0,1.294119,0.895200,1.158495
2005,lm,1,17,0,1.387234,1.254234,1.739916
2006,human,0,128,0,1.271111,0.886136,1.126377
2006,human,1,128,0,1.218923,1.738067,2.118570
2006,human,2,128,0,1.339746,0.875356,1.172755
2006,human,3,104,0,1.365618,1.208554,1.650423
2006,lm,0,62,0,1.654515,0.479224,0.792883
2008,human,0,128,0,1.405959,0.819781,1.152579
2008,human,1,20,0,1.212727,1.730014,2.098034
2008,lm,0,77,0,1.555744,0.711061,1.106229
2009,human,0,62,0,1.572105,0.456067,0.716985
2009,lm,0,54,0,1.538750,0.507570,0.781023
201,human,0,100,0,1.389390,0.763765,1.061167
201,lm,0,43,0,1.537287,0.623120,0.957914
2010,human,0,24,0,1.161294,1.582870,1.838178
2010,lm,0,66,0,1.392382,0.781676,1.088392
2011,human,0,128,0,1.231188,1.051012,1.293993
2011,human,1,128,0,1.333522,1.071601,1.429003
2011,human,2,128,0,1.248875,1.336858,1.669569
2011,human,3,102,0,1.220510,1.416519,1.728876
2011,lm,0,87,0,1.731897,0.415384,0.719402
2012,human,0,128,0,1.440233,0.591194,0.851458
2012,human,1,128,0,1.356416,0.818510,1.110240
2012,human,2,128,0,1.281614,0.961928,1.232820
2012,human,3,128,0,1.129221,1.565360,1.767638
2012,human,4,123,0,1.391442,0.709663,0.987455
2012,lm,0,5,0,1.083087,1.396786,1.512841
2013,human,0,128,0,1.300314,0.832842,1.082957
2013,human,1,23,0,1.201326,1.469625,1.765499
2013,lm,0,6,0,1.131217,1.563305,1.768437
2015,human,0,128,0,1.319633,0.437044,0.576738
2015,human,1,21,0,1.102306,1.893528,2.087248
2015,lm,0,55,0,1.399026,0.529712,0.741081
2017,human,0,76,0,1.272551,1.161491,1.478058
2017,lm,0,72,0,1.431916,0.700760,1.003430
2018,human,0,34,0,1.359892,0.755085,1.026835
2018,lm,0,103,0,1.873370,0.390353,0.731275
2019,human,0,51,0,1.247277,0.923311,1.151625
2019,lm,0,10,0,1.243569,2.166815,2.694583
202,human,0,128,0,1.390269,0.820375,1.140542
202,human,1,128,0,1.378308,0.611794,0.843240
202,human,2,115,0,1.229983,0.798902,0.982636
202,lm,0,98,0,1.433574,0.574109,0.823027
2020,human,0,128,0,1.361644,0.746651,1.016673
2020,human,1,125,0,1.628379,0.478747,0.779581
2020,lm,0,57,0,1.356494,1.116136,1.514033
2021,human,0,128,0,1.288672,0.989659,1.275346
2021,human,1,128,0,1.549589,0.557246,0.863503
2021,human,2,57,0,1.264680,1.349771,1.707028
2021,lm,0,70,0,1.560044,0.615925,0.960871
2022,human,0,128,0,1.313027,0.872015,1.144980
2022,human,1,128,0,1.132058,1.953568,2.211552
2022,human,2,52,0,1.263673,1.327691,1.677767
2022,lm,0,42,0,1.555282,0.729589,1.134716
2023,human,0,28,0,1.238460,0.646668,0.800873
2023,lm,0,128,0,1.644121,0.452796,0.744452
2023,lm,1,72,0,1.518481,0.388392,0.589765
2024,human,0,128,0,1.242414,0.991119,1.231380
2024,human,1,128,0,1.354553,0.892847,1.209409
2024,human,2,128,0,1.277439,1.275773,1.629721
2024,human,3,128,0,1.406778,0.843337,1.186389
2024,human,4,128,0,1.121211,1.342578,1.505313
2024,human,5,128,0,1.388143,0.848294,1.177553
2024,human,6,128,0,1.359893,1.011271,1.375220
2024,human,7,128,0,1.299275,1.077162,1.399529
2024,human,8,128,0,1.145047,1.260317,1.443123
2024,human,9,128,0,1.145534,1.628425,1.865415
2024,human,10,38,0,1.337236,1.423298,1.903286
2024,lm,0,128,0,1.819224,0.422602,0.768808
2024,lm,1,44,0,1.570519,1.016621,1.596622
2025,human,0,128,0,1.387669,0.608949,0.845020
2025,human,1,61,0,1.567167,0.684449,1.072646
2025,lm,0,14,0,1.191672,1.133750,1.351058
2026,human,0,128,0,1.419758,0.642937,0.912815
2026,human,1,128,0,1.345120,0.784429,1.055151
2026,human,2,89,0,1.253789,1.112243,1.394519
2026,lm,0,19,0,1.189871,1.623863,1.932188
2028,human,0,128,0,1.270503,1.005944,1.278055
2028,human,1,128,0,1.334492,0.935643,1.248608
2028,human,2,128,0,1.331267,0.948014,1.262059
2028,human,3,50,0,1.376204,1.125424,1.548812
2028,lm,0,128,0,1.486716,0.506972,0.753724
2028,lm,1,128,0,1.385084,0.619051,0.857437
2028,lm,2,48,0,1.320657,1.044629,1.379597
203,human,0,119,0,1.187139,1.479186,1.755999
203,lm,0,24,0,1.334160,0.636467,0.849148
2030,human,0,128,0,1.411288,0.811667,1.145496
2030,human,1,128,0,1.364601,0.923478,1.260179
2030,human,2,128,0,1.260742,1.403426,1.769359
2030,human,3,128,0,1.297388,1.142839,1.482705
2030,human,4,128,0,1.515327,0.669008,1.013766
2030,human,5,128,0,1.584308,0.751239,1.190194
2030,human,6,128,0,1.374002,1.011751,1.390148
2030,human,7,128,0,1.316658,1.044183,1.374833
2030,human,8,128,0,1.305108,1.694090,2.210970
2030,human,9,128,0,1.491167,0.733743,1.094134
2030,human,10,66,0,1.471817,1.610117,2.369797
2030,lm,0,116,0,2.201147,0.274508,0.604231
2031,human,0,128,0,1.558141,0.625758,0.975019
2031,human,1,123,0,1.598965,0.534432,0.854537
2031,lm,0,128,0,1.743085,0.431830,0.752716
2031,lm,1,43,0,1.246788,1.634693,2.038116
2032,human,0,128,0,1.668728,0.482693,0.805482
2032,human,1,128,0,1.289182,0.981093,1.264807
2032,human,2,36,0,1.401410,1.238495,1.735640
2032,lm,0,62,0,1.409379,0.537538,0.757595
2033,human,0,57,0,1.364322,0.796289,1.086394
2033,lm,0,128,0,2.308286,0.211057,0.487181
2033,lm,1,128,0,2.245872,0.213471,0.479430
2033,lm,2,96,0,1.690317,0.369171,0.624016
2034,human,0,99,0,1.841117,0.335877,0.618389
2034,lm,0,49,0,1.523759,0.605397,0.922479
2036,human,0,128,0,1.479783,0.558534,0.826509
2036,human,1,128,0,1.239972,0.749876,0.929825
2036,human,2,51,0,1.234435,1.111887,1.372553
2036,lm,0,128,0,1.534497,0.341459,0.523968
2037,human,0,128,0,1.201936,1.129235,1.357268
2037,human,1,100,0,1.270408,0.953718,1.211611
2037,lm,0,106,0,1.755602,0.587070,1.030662
2038,human,0,128,0,1.749271,0.311278,0.544509
2038,human,1,89,0,1.816409,0.229153,0.416235
2038,lm,0,89,0,2.080429,0.176539,0.367277
2039,human,0,45,0,1.448030,0.749449,1.085225
2039,lm,0,21,0,1.351875,1.080066,1.460115
2040,human,0,128,0,1.357983,0.855881,1.162272
2040,human,1,128,0,1.550069,0.570635,0.884524
2040,human,2,72,0,1.361401,1.290772,1.757258
2040,lm,0,88,0,1.555581,0.648685,1.009083
2041,human,0,78,0,1.560650,0.659172,1.028737
2041,lm,0,46,0,1.439868,0.918094,1.321935
2042,human,0,40,0,1.312372,1.058529,1.389185
2042,lm,0,27,0,1.457436,0.540508,0.787755
2043,human,0,30,0,1.343391,1.256693,1.688230
2043,lm,0,19,0,1.208355,1.447413,1.748989
2044,human,0,128,0,1.221430,1.232994,1.506016
2044,human,1,128,0,1.179834,1.235412,1.457581
2044,human,2,107,0,1.184219,1.050089,1.243536
2044,lm,0,80,0,1.662796,0.377666,0.627982
2045,human,0,115,0,1.596832,0.666086,1.063628
2045,lm,0,38,0,1.532406,0.745986,1.143153
2046,human,0,21,0,1.173686,1.102255,1.293702
2046,lm,0,97,0,1.662873,0.403330,0.670687
2047,human,0,128,0,1.350974,0.508907,0.687520
2047,human,1,4,0,1.010406,3.102187,3.134467
2047,lm,0,33,0,1.298033,0.649973,0.843687
2048,human,0,49,0,1.278812,1.287032,1.645872
2048,lm,0,128,0,1.554755,0.834818,1.297938
2048,lm,1,36,0,1.298633,1.489380,1.934158
2049,human,0,80,0,1.645017,0.634799,1.044254
2049,lm,0,128,0,1.764378,0.388214,0.684955
2049,lm,1,60,0,1.248497,1.156303,1.443641
205,human,0,53,0,1.058161,1.596228,1.689066
205,lm,0,100,0,1.651628,0.307876,0.508497
2052,human,0,128,0,1.475306,0.546604,0.806408
2052,human,1,88,0,1.472858,0.799662,1.177789
2052,lm,0,91,0,1.807627,0.344369,0.622491
2053,human,0,37,0,1.344995,0.743376,0.999837
2053,lm,0,45,0,1.388909,0.814312,1.131005
2054,human,0,51,0,1.493621,0.735854,1.099087
2054,lm,0,11,0,1.108726,2.663798,2.953422
2055,human,0,73,0,1.312699,1.124061,1.475554
2055,lm,0,11,0,1.233770,1.499467,1.849997
2056,human,0,93,0,1.412312,0.769145,1.086273
2056,lm,0,38,0,1.324195,0.941155,1.246272
2057,human,0,128,0,1.220864,1.384277,1.690015
2057,human,1,128,0,1.391611,0.490642,0.682783
2057,human,2,3,0,0.997411,1.419432,1.415757
2057,lm,0,11,0,1.174477,3.130053,3.676176
2058,human,0,95,0,1.619592,0.475218,0.769659
2058,lm,0,7,0,1.183447,1.343350,1.589783
2059,human,0,128,0,2.007830,0.230680,0.463167
2059,human,1,117,0,1.117946,1.135952,1.269933
2059,lm,0,128,0,1.800697,0.303922,0.547271
2059,lm,1,17,0,1.406463,0.814512,1.145580
206,human,0,128,0,1.372852,0.767858,1.054155
206,human,1,62,0,1.242763,1.666043,2.070497
206,lm,0,52,0,1.720309,0.715137,1.230257
2060,human,0,128,0,1.420204,0.718189,1.019975
2060,human,1,28,0,1.341668,1.237875,1.660817
2060,lm,0,53,0,1.649163,0.795482,1.311880
2061,human,0,128,0,1.297872,0.859944,1.116097
2061,human,1,128,0,1.175572,1.182882,1.390562
2061,human,2,128,0,1.076727,1.736144,1.869353
2061,human,3,17,0,1.120679,1.769418,1.982950
2061,lm,0,41,0,1.443808,0.786634,1.135749
2062,human,0,128,0,1.543416,0.571137,0.881502
2062,human,1,86,0,1.343323,0.640399,0.860262
2062,lm,0,10,0,1.260264,1.282230,1.615949
2063,human,0,38,0,1.204973,0.856089,1.031565
2063,lm,0,26,0,1.260382,0.774104,0.975667
2064,human,0,84,0,1.321372,0.886223,1.171030
2064,lm,0,50,0,1.431941,0.614169,0.879454
2065,human,0,21,0,1.162385,1.658156,1.927416
2065,lm,0,9,0,1.055086,1.814131,1.914063
2066,human,0,128,0,1.203715,1.212706,1.459752
2066,human,1,106,0,1.220376,1.117851,1.364200
2066,lm,0,81,0,1.563264,0.584064,0.913047
2067,human,0,38,0,1.303244,0.901826,1.175300
2067,lm,0,64,0,2.092625,0.263782,0.551996
2068,human,0,128,0,1.268822,0.953006,1.209194
2068,human,1,28,0,1.185144,1.089432,1.291133
2068,lm,0,128,0,1.557274,0.366626,0.570938
2068,lm,1,35,0,1.277675,1.092168,1.395435
2069,human,0,23,0,1.118822,1.283600,1.436119
2069,lm,0,14,0,1.384150,0.830716,1.149835
207,human,0,128,0,2.012692,0.358820,0.722194
207,human,1,34,0,1.322682,0.996575,1.318152
207,lm,0,70,0,1.567467,0.590137,0.925020
2070,human,0,83,0,1.357405,0.818561,1.111119
2070,lm,0,31,0,1.467388,0.913217,1.340044
2071,human,0,64,0,1.267455,0.915800,1.160735
2071,lm,0,58,0,1.286489,0.932796,1.200031
2072,human,0,44,0,1.389387,0.645765,0.897218
2072,lm,0,82,0,1.867972,0.365637,0.682999
2073,human,0,37,0,1.471833,0.777231,1.143955
2073,lm,0,11,0,1.242781,1.614646,2.006652
2075,human,0,128,0,1.408694,0.585899,0.825353
2075,human,1,94,0,1.494318,0.487385,0.728308
2075,lm,0,119,0,1.806079,0.260041,0.469654
2076,human,0,76,0,1.265004,0.910593,1.151904
2076,lm,0,45,0,1.509706,0.620722,0.937108
2079,human,0,21,0,1.217147,0.489384,0.595652
2079,lm,0,31,0,1.336986,1.527318,2.042003
208,human,0,34,0,1.489275,0.800086,1.191548
208,lm,0,32,0,1.469926,0.816451,1.200123
2080,human,0,128,0,1.285945,0.938380,1.206704
2080,human,1,128,0,1.506156,0.713586,1.074772
2080,human,2,37,0,1.217025,1.050859,1.278922
2080,lm,0,91,0,1.413578,0.910039,1.286411
2081,human,0,128,0,1.241238,1.018808,1.264583
2081,human,1,117,0,1.229406,1.350291,1.660057
2081,lm,0,92,0,1.452086,0.372391,0.540745
2082,human,0,40,0,1.168870,1.063656,1.243276
2082,lm,0,56,0,2.230016,0.335490,0.748148
2084,human,0,128,0,1.468101,0.577791,0.848255
2084,human,1,85,0,1.259748,0.820016,1.033014
2084,lm,0,128,0,1.838514,0.400094,0.735579
2084,lm,1,43,0,1.366131,0.926801,1.266132
2085,human,0,22,0,1.473937,0.487343,0.718313
2085,lm,0,15,0,1.377773,0.385887,0.531665
2086,human,0,99,0,1.513665,0.502453,0.760546
2086,lm,0,37,0,1.419318,0.650139,0.922754
2088,human,0,128,0,1.264402,0.664183,0.839794
2088,human,1,100,0,1.287046,0.841268,1.082752
2088,lm,0,128,0,1.497989,0.412898,0.618517
2088,lm,1,100,0,1.431402,0.572390,0.819321
2089,human,0,24,0,1.100607,1.678910,1.847820
2089,lm,0,11,0,1.202491,1.799776,2.164214
209,human,0,128,0,1.922021,0.408050,0.784280
209,human,1,128,0,2.168694,0.411997,0.893494
209,human,2,128,0,1.838838,0.615600,1.131989
209,human,3,113,0,1.471095,0.829353,1.220056
209,lm,0,123,0,1.835819,0.282551,0.518712
2092,human,0,122,0,1.422993,0.461126,0.656179
2092,lm,0,9,0,1.060408,1.725854,1.830110
2093,human,0,73,0,1.519681,0.501054,0.761442
2093,lm,0,42,0,1.463043,0.412327,0.603252
2094,human,0,128,0,1.147888,1.467512,1.684540
2094,human,1,66,0,1.316349,0.832081,1.095309
2094,lm,0,87,0,1.642513,0.489699,0.804337
2095,human,0,51,0,1.207862,0.919483,1.110609
2095,lm,0,9,0,1.042646,2.030418,2.117006
2096,human,0,94,0,1.595323,0.483016,0.770567
2096,lm,0,10,0,1.051057,2.741011,2.880958
2097,human,0,22,0,1.201170,1.279492,1.536887
2097,lm,0,11,0,1.271820,1.550658,1.972158
2098,human,0,95,0,1.314156,0.673234,0.884734
2098,lm,0,75,0,1.361124,0.923976,1.257646
2099,human,0,33,0,1.232474,0.870902,1.073364
2099,lm,0,60,0,1.522441,0.459459,0.699500
21,human,0,81,0,1.322628,1.064198,1.407539
21,lm,0,6,0,1.128766,2.134093,2.408893
210,human,0,128,0,1.240875,0.954646,1.184596
210,human,1,30,0,1.316770,1.314750,1.731223
210,lm,0,54,0,1.406816,0.866907,1.219579
2100,human,0,32,0,1.536479,0.685734,1.053615
2100,lm,0,10,0,1.766818,1.334384,2.357614
2101,human,0,104,0,1.663552,0.453248,0.754001
2101,lm,0,128,0,1.840461,0.365508,0.672703
2101,lm,1,126,0,1.680864,0.421487,0.708463
2102,human,0,55,0,1.415623,0.836721,1.184482
2102,lm,0,36,0,1.438135,0.843170,1.212593
2103,human,0,110,0,1.604390,0.485756,0.779342
2103,lm,0,67,0,1.658859,0.508209,0.843047
2104,human,0,128,0,1.270510,0.750955,0.954096
2104,human,1,11,0,1.121804,0.922011,1.034316
2104,lm,0,11,0,1.209536,1.454510,1.759283
2105,human,0,32,0,1.323453,1.288835,1.705712
2105,lm,0,34,0,1.390478,1.114961,1.550329
2107,human,0,44,0,1.279903,1.011132,1.294150
2107,lm,0,102,0,2.118525,0.427718,0.906131
2108,human,0,128,0,1.205921,1.266923,1.527808
2108,human,1,128,0,1.328211,0.843115,1.119835
2108,human,2,128,0,1.352851,0.648289,0.877038
2108,human,3,128,0,1.353226,0.758412,1.026303
2108,human,4,128,0,1.371375,1.024402,1.404839
2108,human,5,128,0,1.368039,1.037556,1.419417
2108,human,6,128,0,1.319986,1.395752,1.842374
2108,human,7,128,0,1.303829,1.140333,1.486799
2108,human,8,8,0,1.249130,1.489093,1.860070
2108,lm,0,65,0,1.682178,0.381209,0.641261
2109,human,0,128,0,1.280893,1.267458,1.623479
2109,human,1,128,0,1.256344,0.746340,0.937660
2109,human,2,128,0,1.271394,0.897442,1.141003
2109,human,3,128,0,1.273434,1.025771,1.306252
2109,human,4,86,0,1.166877,1.388770,1.620524
2109,lm,0,51,0,1.503356,0.579960,0.871887
2110,human,0,33,0,1.219483,0.929586,1.133615
2110,lm,0,96,0,1.404490,0.538573,0.756420
2111,human,0,128,0,1.261913,0.899931,1.135634
2111,human,1,128,0,1.467090,0.552207,0.810137
2111,human,2,104,0,1.342649,0.827478,1.111012
2111,lm,0,63,0,1.693481,0.676208,1.145146
2112,human,0,20,0,1.286895,0.869372,1.118791
2112,lm,0,22,0,1.226730,1.046597,1.283892
2113,human,0,128,0,1.623427,0.406528,0.659969
2113,human,1,41,0,1.473394,0.731941,1.078437
2113,lm,0,59,0,1.784867,0.535090,0.955064
2114,human,0,19,0,1.173194,1.812094,2.125938
2114,lm,0,87,0,1.302581,0.752293,0.979922
2115,human,0,53,0,1.378003,0.451443,0.622090
2115,lm,0,126,0,1.835795,0.312641,0.573944
2116,human,0,47,0,1.505760,0.645023,0.971249
2116,lm,0,71,0,1.612999,0.601690,0.970525
2117,human,0,124,0,1.333320,0.621013,0.828010
2117,lm,0,35,0,1.240948,0.848317,1.052718
2118,human,0,70,0,1.577084,0.322801,0.509085
2118,lm,0,11,0,1.128038,1.122994,1.266780
2119,human,0,32,0,1.301175,0.618978,0.805399
2119,lm,0,32,0,1.293315,0.627575,0.811652
212,human,0,38,0,1.294363,0.599100,0.775454
212,lm,0,24,0,1.239215,0.792177,0.981678
2120,human,0,57,0,1.080159,2.033386,2.196380
2120,lm,0,44,0,1.436257,1.044461,1.500114
2121,human,0,128,0,1.254666,1.520531,1.907758
2121,human,1,128,0,1.440399,0.853652,1.229600
2121,human,2,128,0,1.355171,1.194812,1.619175
2121,human,3,59,0,1.434878,1.055245,1.514148
2121,lm,0,60,0,1.542847,0.550667,0.849596
2122,human,0,48,0,1.595406,0.412529,0.658151
2122,lm,0,43,0,1.941694,0.264443,0.513467
2123,human,0,128,0,1.410685,0.567378,0.800391
2123,human,1,93,0,1.199554,0.957930,1.149089
2123,lm,0,114,0,2.057298,0.274832,0.565412
2124,human,0,128,0,1.304159,0.898887,1.172291
2124,human,1,128,0,1.196158,0.998320,1.194148
2124,human,2,128,0,1.512960,0.624047,0.944158
2124,human,3,41,0,1.392658,1.046402,1.457280
2124,lm,0,78,0,1.788885,0.398828,0.713457
2125,human,0,34,0,1.443194,0.811782,1.171558
2125,lm,0,11,0,1.126590,1.577847,1.777587
2126,human,0,47,0,1.457172,0.696126,1.014376
2126,lm,0,20,0,1.422951,0.489411,0.696408
2127,human,0,128,0,1.620742,0.603295,0.977787
2127,human,1,42,0,1.985905,1.134654,2.253316
2127,lm,0,53,0,1.623241,0.510622,0.828863
2128,human,0,128,0,1.365334,0.756001,1.032194
2128,human,1,13,0,1.508359,0.674558,1.017475
2128,lm,0,37,0,1.472006,0.754218,1.110213
2129,human,0,20,0,1.218840,1.321358,1.610523
2129,lm,0,43,0,1.579207,0.642535,1.014697
213,human,0,27,0,1.186509,1.316023,1.561473
213,lm,0,22,0,1.298099,0.839549,1.089818
2130,human,0,128,0,1.401191,0.806528,1.130100
2130,human,1,128,0,1.355556,0.902910,1.223945
2130,human,2,7,0,0.989661,4.197766,4.154364
2130,lm,0,86,0,1.758958,0.361360,0.635616
2131,human,0,128,0,1.366250,0.793662,1.084341
2131,human,1,22,0,1.283624,2.265877,2.908534
2131,lm,0,50,0,1.570660,0.570702,0.896379
2132,human,0,29,0,1.139748,1.102337,1.256386
2132,lm,0,128,0,1.875909,0.322390,0.604775
2132,lm,1,54,0,1.525861,0.709352,1.082372
2133,human,0,43,0,1.212000,1.511934,1.832465
2133,lm,0,106,0,1.829057,0.516615,0.944918
2134,human,0,80,0,1.223588,1.290509,1.579052
2134,lm,0,11,0,1.364318,0.986745,1.346233
2135,human,0,67,0,1.506387,0.790772,1.191209
2135,lm,0,118,0,1.924292,0.264554,0.509079
2136,human,0,128,0,1.433981,0.623135,0.893564
2136,human,1,128,0,1.285641,1.103894,1.419211
2136,human,2,111,0,1.363466,0.855099,1.165898
2136,lm,0,119,0,1.548745,0.575356,0.891079
2137,human,0,35,0,1.179712,1.187765,1.401220
2137,lm,0,41,0,1.361931,1.035307,1.410017
2138,human,0,128,0,1.386734,0.662442,0.918631
2138,human,1,48,0,1.270908,1.169857,1.486781
2138,lm,0,94,0,1.594129,0.446353,0.711544
214,human,0,93,0,1.190437,1.174880,1.398621
214,lm,0,19,0,1.041994,2.399401,2.500161
2140,human,0,128,0,1.301228,0.929278,1.209202
2140,human,1,128,0,1.318208,0.694459,0.915441
2140,human,2,128,0,1.374919,0.778186,1.069943
2140,human,3,65,0,1.153261,1.622946,1.871681
2140,lm,0,82,0,1.544102,0.717803,1.108361
2142,human,0,102,0,1.495226,0.542014,0.810434
2142,lm,0,56,0,1.436219,0.667269,0.958344
2143,human,0,35,0,1.205999,1.514576,1.826577
2143,lm,0,35,0,1.335741,0.999510,1.335086
2144,human,0,110,0,1.525176,0.426260,0.650122
2144,lm,0,55,0,2.039603,0.294853,0.601383
2145,human,0,35,0,1.339351,0.919701,1.231802
2145,lm,0,10,0,1.299032,2.346241,3.047844
2146,human,0,20,0,1.112024,1.831246,2.036389
2146,lm,0,20,0,1.254368,1.769839,2.220030
2147,human,0,65,0,1.384471,0.785934,1.088104
2147,lm,0,56,0,1.595095,0.637138,1.016295
2148,human,0,72,0,1.480375,0.576308,0.853152
2148,lm,0,19,0,1.321186,0.854876,1.129450
2149,human,0,65,0,1.398703,0.540282,0.755694
2149,lm,0,71,0,1.691095,0.406465,0.687370
215,human,0,126,0,1.402884,0.860767,1.207556
215,lm,0,64,0,1.339273,0.967010,1.295091
2150,human,0,36,0,1.325103,0.947910,1.256078
2150,lm,0,45,0,1.701348,0.457134,0.777743
2151,human,0,128,0,1.198865,1.349178,1.617483
2151,human,1,128,0,1.195547,1.179034,1.409591
2151,human,2,128,0,1.264107,1.174841,1.485125
2151,human,3,78,0,1.235351,1.230132,1.519644
2151,lm,0,6,0,1.059002,4.151009,4.395927
2152,human,0,128,0,1.177007,1.176887,1.385204
2152,human,1,128,0,1.116956,1.441762,1.610385
2152,human,2,41,0,1.117826,2.123998,2.374259
2152,lm,0,56,0,1.326099,0.833404,1.105177
2153,human,0,128,0,1.211760,1.007775,1.221181
2153,human,1,128,0,1.278700,1.111137,1.420810
2153,human,2,128,0,1.231926,1.098677,1.353488
2153,human,3,36,0,1.086853,2.060688,2.239666
2153,lm,0,105,0,1.514695,0.482212,0.730403
2155,human,0,110,0,1.317089,0.739345,0.973783
2155,lm,0,80,0,1.690131,0.543783,0.919065
2156,human,0,128,0,1.330246,0.739323,0.983481
2156,human,1,128,0,1.381280,0.684197,0.945068
2156,human,2,128,0,1.263574,1.107494,1.399400
2156,human,3,128,0,1.241522,1.097069,1.362036
2156,human,4,128,0,1.163742,1.171357,1.363157
2156,human,5,3,0,0.970072,4.634729,4.496022
2156,lm,0,50,0,1.273748,0.655594,0.835061
2157,human,0,82,0,1.375162,1.031409,1.418355
2157,lm,0,10,0,1.177227,1.248455,1.469715
2158,human,0,58,0,1.803566,0.318374,0.574209
2158,lm,0,106,0,2.346964,0.178173,0.418166
2159,human,0,128,0,1.363932,0.652020,0.889311
2159,human,1,128,0,1.380527,0.783898,1.082192
2159,human,2,128,0,1.383069,0.798385,1.104221
2159,human,3,104,0,1.475589,0.603025,0.889817
2159,lm,0,28,0,1.250402,0.972862,1.216469
216,human,0,128,0,1.518141,0.737102,1.119025
216,human,1,96,0,1.201626,1.641610,1.972601
216,lm,0,11,0,1.171936,2.175791,2.549888
2160,human,0,71,0,1.404331,0.522842,0.734243
2160,lm,0,67,0,1.611190,0.555354,0.894780
2161,human,0,128,0,1.451222,0.882789,1.281122
2161,human,1,89,0,1.315927,0.869898,1.144723
2161,lm,0,20,0,1.386191,0.892993,1.237858
2162,human,0,128,0,1.428592,0.783098,1.118728
2162,human,1,4,0,1.116970,2.481403,2.771652
2162,lm,0,26,0,1.471549,0.597080,0.878633
2163,human,0,128,0,1.259774,1.033733,1.302269
2163,human,1,128,0,1.368439,0.872375,1.193791
2163,human,2,128,0,1.504536,0.992363,1.493046
2163,human,3,128,0,1.263118,0.708531,0.894959
2163,human,4,128,0,1.221746,0.930385,1.136694
2163,human,5,128,0,1.326925,1.003228,1.331208
2163,human,6,44,0,1.205073,1.125129,1.355862
2163,lm,0,54,0,1.604770,0.562526,0.902725
2164,human,0,27,0,1.146392,1.531314,1.755486
2164,lm,0,14,0,1.166680,1.733973,2.022991
2165,human,0,128,0,1.226346,1.000041,1.226397
2165,human,1,72,0,1.239317,1.033337,1.280632
2165,lm,0,13,0,1.126033,1.481233,1.667918
2167,human,0,72,0,1.260907,1.490003,1.878756
2167,lm,0,91,0,1.391046,0.975372,1.356787
2168,human,0,28,0,1.370633,0.790432,1.083391
2168,lm,0,10,0,1.189567,1.195625,1.422276
217,human,0,75,0,1.453502,0.617919,0.898147
217,lm,0,10,0,1.188423,2.098723,2.494171
2170,human,0,24,0,1.242413,0.962524,1.195853
2170,lm,0,128,0,1.499188,0.449272,0.673543
2170,lm,1,17,0,1.246905,1.055524,1.316138
2171,human,0,81,0,1.318119,0.729141,0.961095
2171,lm,0,32,0,1.380495,0.706316,0.975066
2172,human,0,128,0,1.228438,1.071823,1.316668
2172,human,1,47,0,1.271219,1.257393,1.598422
2172,lm,0,83,0,1.744170,0.523116,0.912403
2173,human,0,128,0,1.303991,0.916322,1.194875
2173,human,1,128,0,1.235755,0.990868,1.224470
2173,human,2,28,0,1.191121,2.203380,2.624493
2173,lm,0,11,0,1.240980,1.218455,1.512077
2174,human,0,128,0,1.892433,0.376796,0.713061
2174,human,1,128,0,1.670558,0.372944,0.623025
2174,human,2,128,0,1.554277,0.443838,0.689847
2174,human,3,111,0,1.488457,0.491475,0.731539
2174,lm,0,128,0,1.417689,0.536132,0.760069
2174,lm,1,128,0,1.818104,0.452776,0.823193
2174,lm,2,108,0,1.543358,0.643016,0.992403
2175,human,0,128,0,1.528830,0.863855,1.320687
2175,human,1,5,0,1.109438,2.364747,2.623540
2175,lm,0,128,0,1.702475,0.398956,0.679212
2175,lm,1,8,0,1.014730,4.684953,4.753960
2176,human,0,28,0,1.227685,1.454926,1.786190
2176,lm,0,30,0,1.520630,1.071406,1.629213
2177,human,0,34,0,1.164395,2.016438,2.347930
2177,lm,0,10,0,1.268561,2.581034,3.274200
2178,human,0,94,0,1.286443,0.867279,1.115706
2178,lm,0,11,0,1.128866,1.761014,1.987948
2179,human,0,29,0,1.116655,1.222143,1.364712
2179,lm,0,38,0,1.383471,1.113880,1.541021
218,human,0,70,0,1.577655,0.430264,0.678807
218,lm,0,12,0,1.165085,1.452032,1.691740
2180,human,0,105,0,1.619570,0.337479,0.546571
2180,lm,0,99,0,1.521726,0.794293,1.208696
2181,human,0,33,0,1.257089,0.735360,0.924413
2181,lm,0,34,0,1.381097,0.734038,1.013777
2182,human,0,57,0,1.317379,0.825950,1.088089
2182,lm,0,122,0,1.689495,0.440153,0.743636
2183,human,0,128,0,1.388006,0.649190,0.901079
2183,human,1,45,0,1.319855,1.137959,1.501941
2183,lm,0,107,0,1.548625,0.409091,0.633528
2184,human,0,34,0,1.638007,0.658617,1.078819
2184,lm,0,16,0,1.184129,1.048872,1.242000
2186,human,0,23,0,1.594654,0.527876,0.841779
2186,lm,0,18,0,1.520796,0.585537,0.890483
2187,human,0,66,0,1.428609,0.549298,0.784732
2187,lm,0,9,0,1.061503,2.437349,2.587253
2188,human,0,128,0,1.309007,0.907690,1.188172
2188,human,1,100,0,1.219543,1.347088,1.642831
2188,lm,0,11,0,1.218101,1.537840,1.873244
2189,human,0,30,0,1.452343,0.926818,1.346058
2189,lm,0,34,0,1.419768,0.952912,1.352914
219,human,0,92,0,1.355035,0.569026,0.771051
219,lm,0,119,0,1.529886,0.442550,0.677051
2191,human,0,128,0,1.206897,1.063523,1.283563
2191,human,1,128,0,1.180673,1.206138,1.424054
2191,human,2,128,0,1.253150,1.348861,1.690325
2191,human,3,128,0,0.974630,2.484486,2.421455
2191,human,4,128,0,1.256471,0.825199,1.036839
2191,human,5,128,0,1.220152,0.906877,1.106527
2191,human,6,128,0,1.186635,0.951739,1.129367
2191,human,7,128,0,1.367632,0.766199,1.047878
2191,human,8,128,0,1.172063,1.215855,1.425059
2191,human,9,128,0,1.271003,1.483666,1.885744
2191,human,10,128,0,1.173256,1.334681,1.565923
2191,human,11,128,0,1.195186,1.577192,1.885038
2191,human,12,128,0,1.131753,1.360723,1.540002
2191,human,13,128,0,1.257521,1.206023,1.516599
2191,human,14,14,0,1.083605,2.944439,3.190610
2191,lm,0,76,0,1.539488,0.581186,0.894729
2192,human,0,53,0,1.332558,0.902481,1.202608
2192,lm,0,101,0,1.591207,0.382789,0.609096
2193,human,0,67,0,1.286129,0.643496,0.827619
2193,lm,0,10,0,1.327031,2.264676,3.005295
2194,human,0,54,0,1.510636,0.379076,0.572645
2194,lm,0,46,0,1.668152,0.302222,0.504152
2195,human,0,128,0,1.416540,0.526369,0.745623
2195,human,1,128,0,1.415006,0.554331,0.784381
2195,human,2,128,0,1.271242,0.981984,1.248340
2195,human,3,14,0,1.134637,2.122487,2.408251
2195,lm,0,63,0,1.868480,0.257163,0.480505
2196,human,0,30,0,1.107119,1.681931,1.862098
2196,lm,0,12,0,1.069511,2.064812,2.208338
2197,human,0,95,0,1.500218,0.584527,0.876918
2197,lm,0,10,0,1.132717,2.236460,2.533275
2198,human,0,39,0,1.029174,1.601730,1.648458
2198,lm,0,9,0,1.068819,2.137091,2.284163
2199,human,0,128,0,1.356364,1.037826,1.407671
2199,human,1,128,0,1.338980,0.905781,1.212822
2199,human,2,128,0,1.259661,1.282046,1.614944
2199,human,3,128,0,1.323190,1.143452,1.513004
2199,human,4,21,0,1.338106,1.075426,1.439034
2199,lm,0,128,0,1.864403,0.373415,0.696196
2199,lm,1,128,0,1.378372,0.554492,0.764296
22,human,0,72,0,1.337282,0.764738,1.022670
22,lm,0,56,0,1.291230,1.243613,1.605791
2200,human,0,63,0,1.464544,0.496647,0.727361
2200,lm,0,22,0,1.299610,1.371893,1.782926
2201,human,0,21,0,1.314259,0.504546,0.663105
2201,lm,0,18,0,1.597701,0.265765,0.424613
2202,human,0,128,0,1.550033,0.706024,1.094360
2202,human,1,27,0,1.400288,1.051177,1.471950
2202,lm,0,27,0,2.022526,0.470910,0.952427
2203,human,0,128,0,1.324052,0.724622,0.959437
2203,human,1,3,0,1.036726,4.634729,4.804943
2203,lm,0,12,0,1.272803,1.098152,1.397730
2204,human,0,128,0,1.325130,0.452635,0.599800
2204,human,1,128,0,1.261010,0.495447,0.624763
2204,human,2,128,0,1.697005,0.275175,0.466973
2204,human,3,128,0,1.482394,0.369597,0.547889
2204,human,4,29,0,1.423187,0.806425,1.147694
2204,lm,0,53,0,1.680194,0.458274,0.769989
2205,human,0,24,0,1.131027,1.161439,1.313619
2205,lm,0,34,0,1.159559,1.652154,1.915769
2206,human,0,40,0,1.391097,0.890030,1.238118
2206,lm,0,12,0,1.160926,1.697582,1.970767
2207,human,0,52,0,1.376649,0.748116,1.029894
2207,lm,0,66,0,1.295199,1.076819,1.394696
2208,human,0,54,0,1.448787,0.604435,0.875698
2208,lm,0,56,0,1.505798,0.777320,1.170487
2209,human,0,21,0,1.197860,1.090850,1.306685
2209,lm,0,25,0,1.349799,0.908120,1.225779
221,human,0,25,0,1.310729,0.700213,0.917789
221,lm,0,19,0,1.251330,0.898116,1.123840
2210,human,0,43,0,1.335313,0.837571,1.118420
2210,lm,0,27,0,1.233334,1.254249,1.546908
2211,human,0,128,0,1.253838,0.878824,1.101903
2211,human,1,128,0,1.222407,0.933916,1.141626
2211,human,2,110,0,1.264381,1.039011,1.313707
2211,lm,0,80,0,1.328655,0.849292,1.128416
2212,human,0,77,0,1.218023,1.421847,1.731842
2212,lm,0,17,0,1.281481,0.756764,0.969779
2213,human,0,113,0,1.254426,1.000579,1.255152
2213,lm,0,34,0,1.168075,1.171298,1.368164
2215,human,0,109,0,1.571453,0.541464,0.850885
2215,lm,0,66,0,1.656392,0.641603,1.062747
2216,human,0,128,0,1.314282,0.849504,1.116489
2216,human,1,128,0,1.288451,0.833799,1.074309
2216,human,2,128,0,1.482672,0.946221,1.402935
2216,human,3,121,0,1.216775,1.453157,1.768164
2216,lm,0,128,0,1.330322,0.656409,0.873235
2216,lm,1,107,0,1.383440,0.943737,1.305603
2217,human,0,128,0,1.224711,0.898509,1.100413
2217,human,1,128,0,1.126371,1.526775,1.719715
2217,human,2,128,0,1.241375,1.652051,2.050815
2217,human,3,70,0,1.243318,1.972432,2.452361
2217,lm,0,128,0,1.386296,0.666359,0.923771
2217,lm,1,80,0,1.201619,0.998106,1.199343
2219,human,0,86,0,1.212705,1.188225,1.440966
2219,lm,0,43,0,1.498591,0.645945,0.968008
222,human,0,128,0,1.326905,0.669318,0.888121
222,human,1,100,0,1.453202,0.760899,1.105740
222,lm,0,49,0,1.482137,0.563144,0.834657
2220,human,0,128,0,1.451170,0.484453,0.703024
2220,human,1,128,0,1.309794,0.724127,0.948457
2220,human,2,50,0,1.185948,1.917566,2.274133
2220,lm,0,71,0,1.430159,0.534230,0.764034
2221,human,0,21,0,1.182770,0.687037,0.812607
2221,lm,0,19,0,1.351828,0.401519,0.542785
2222,human,0,128,0,1.368458,1.089199,1.490524
2222,human,1,87,0,1.120616,1.220654,1.367885
2222,lm,0,127,0,1.459485,0.539648,0.787608
2223,human,0,128,0,1.247092,0.767773,0.957484
2223,human,1,61,0,1.282300,0.858499,1.100854
2223,lm,0,45,0,1.344007,0.808962,1.087251
2224,human,0,128,0,1.408594,0.535938,0.754919
2224,human,1,75,0,1.399910,0.512782,0.717848
2224,lm,0,27,0,1.331467,0.466899,0.621660
2225,human,0,67,0,1.599563,0.481949,0.770907
2225,lm,0,76,0,1.630221,0.423034,0.689640
2226,human,0,90,0,1.512133,0.528947,0.799839
2226,lm,0,42,0,1.448339,0.467630,0.677287
2227,human,0,128,0,1.353056,0.874955,1.183863
2227,human,1,128,0,1.325930,0.932403,1.236301
2227,human,2,74,0,1.348552,0.632169,0.852512
2227,lm,0,128,0,1.409041,0.683761,0.963447
2227,lm,1,93,0,1.443480,0.568921,0.821226
2228,human,0,22,0,1.244505,1.421751,1.769377
2228,lm,0,128,0,1.408541,0.712989,1.004275
2228,lm,1,128,0,1.360666,0.546836,0.744061
2228,lm,2,128,0,1.546682,0.398475,0.616313
2228,lm,3,45,0,1.148235,1.625539,1.866501
2229,human,0,128,0,1.285460,1.399243,1.798671
2229,human,1,128,0,1.121966,1.388126,1.557430
2229,human,2,96,0,1.242037,1.118120,1.388746
2229,lm,0,89,0,1.342922,0.665630,0.893889
223,human,0,128,0,1.462525,0.907028,1.326552
223,human,1,128,0,1.642011,0.814846,1.337986
223,human,2,1,0,nan,nan,nan
223,lm,0,22,0,1.468942,0.555245,0.815623
2230,human,0,128,0,1.720611,0.277114,0.476806
2230,human,1,33,0,1.308322,1.110731,1.453194
2230,lm,0,128,0,2.257299,0.233374,0.526796
2230,lm,1,1,0,nan,nan,nan
2231,human,0,128,0,1.631805,0.499178,0.814560
2231,human,1,40,0,1.238028,1.241881,1.537483
2231,lm,0,90,0,1.570141,0.512206,0.804235
2233,human,0,128,0,1.475127,0.765746,1.129573
2233,human,1,36,0,1.305849,1.198892,1.565573
2233,lm,0,128,0,1.939239,0.400170,0.776026
2233,lm,1,59,0,1.553007,0.699429,1.086218
2234,human,0,104,0,1.128724,0.842055,0.950448
2234,lm,0,9,0,1.088453,1.580510,1.720311
2235,human,0,122,0,1.516576,0.553657,0.839664
2235,lm,0,28,0,1.758244,0.521168,0.916341
2236,human,0,39,0,1.400347,0.805059,1.127361
2236,lm,0,6,0,1.116154,1.847598,2.062204
2237,human,0,105,0,1.369251,0.757708,1.037493
2237,lm,0,100,0,1.899340,0.272352,0.517290
2239,human,0,128,0,1.394503,0.492614,0.686952
2239,human,1,100,0,1.471939,0.614103,0.903922
2239,lm,0,32,0,1.648047,0.385105,0.634671
224,human,0,101,0,1.268057,0.996464,1.263574
224,lm,0,34,0,1.405176,0.951494,1.337017
2241,human,0,26,0,1.182051,1.230003,1.453926
2241,lm,0,25,0,1.527616,0.436658,0.667046
2242,human,0,92,0,1.289488,1.308332,1.687079
2242,lm,0,65,0,1.220996,1.430172,1.746235
2243,human,0,128,0,1.346942,0.703080,0.947008
2243,human,1,128,0,1.503086,0.642549,0.965806
2243,human,2,128,0,1.555602,0.402112,0.625526
2243,human,3,9,0,1.016124,2.799797,2.844942
2243,lm,0,94,0,1.597290,0.328849,0.525267
2244,human,0,97,0,1.598384,0.447930,0.715965
2244,lm,0,74,0,1.450932,0.721590,1.046978
2245,human,0,128,0,1.189971,1.154418,1.373723
2245,human,1,128,0,0.932724,1.464723,1.366181
2245,human,2,128,0,1.215520,1.186553,1.442279
2245,human,3,128,0,1.019171,1.516599,1.545674
2245,human,4,128,0,1.184819,1.555790,1.843330
2245,human,5,128,0,1.220044,1.060133,1.293408
2245,human,6,128,0,1.088401,2.408755,2.621692
2245,human,7,128,0,0.941358,1.917388,1.804948
2245,human,8,128,0,1.279047,0.812321,1.038996
2245,human,9,65,0,1.336512,0.865888,1.157270
2245,lm,0,113,0,1.776442,0.366725,0.651466
2247,human,0,38,0,1.352696,0.815413,1.103006
2247,lm,0,6,0,1.141871,1.069703,1.221462
2248,human,0,128,0,2.051146,0.535019,1.097402
2248,human,1,128,0,1.492517,1.053456,1.572301
2248,human,2,128,0,1.999828,0.319108,0.638160
2248,human,3,128,0,1.531887,0.788665,1.208146
2248,human,4,128,0,1.372646,0.882401,1.211225
2248,human,5,70,0,1.185111,1.192716,1.413501
2248,lm,0,128,0,1.919096,0.191847,0.368174
2248,lm,1,128,0,1.408512,0.381232,0.536970
2248,lm,2,29,0,1.192568,1.151613,1.373377
2249,human,0,45,0,1.187774,1.029754,1.223115
2249,lm,0,75,0,1.268047,0.697598,0.884588
225,human,0,110,0,1.397382,0.622809,0.870302
225,lm,0,10,0,1.580916,1.465197,2.316353
2250,human,0,32,0,1.372397,0.767444,1.053238
2250,lm,0,53,0,1.830414,0.618971,1.132973
2251,human,0,14,0,1.119537,1.870017,2.093554
2251,lm,0,13,0,1.158127,1.888879,2.187561
2252,human,0,68,0,1.831641,0.372809,0.682853
2252,lm,0,68,0,2.132947,0.320668,0.683967
2256,human,0,128,0,1.273337,1.056497,1.345276
2256,human,1,128,0,1.197621,1.344395,1.610075
2256,human,2,128,0,1.203650,1.177990,1.417888
2256,human,3,85,0,1.192651,1.999045,2.384164
2256,lm,0,52,0,1.237769,1.360543,1.684038
2257,human,0,55,0,1.153635,1.201317,1.385881
2257,lm,0,97,0,1.441226,0.635595,0.916036
2258,human,0,40,0,1.185764,1.433604,1.699917
2258,lm,0,32,0,1.329759,0.860990,1.144909
2259,human,0,56,0,1.705382,0.657764,1.121739
2259,lm,0,11,0,1.211902,1.931236,2.340469
226,human,0,44,0,1.515418,0.563614,0.854111
226,lm,0,43,0,1.663176,0.497755,0.827854
2260,human,0,61,0,1.301960,0.843173,1.097778
2260,lm,0,70,0,2.012889,0.368314,0.741376
2261,human,0,128,0,1.132864,1.476412,1.672574
2261,human,1,86,0,1.318655,0.981328,1.294033
2261,lm,0,12,0,1.122351,2.611832,2.931391
2262,human,0,123,0,1.337519,0.745628,0.997291
2262,lm,0,46,0,1.549317,0.612476,0.948919
2263,human,0,128,0,1.270049,0.807510,1.025578
2263,human,1,128,0,1.251335,0.746034,0.933539
2263,human,2,128,0,1.161988,1.015088,1.179519
2263,human,3,48,0,1.225520,1.119320,1.371748
2263,lm,0,128,0,1.796835,0.159840,0.287206
2263,lm,1,45,0,1.539065,0.236489,0.363972
2264,human,0,89,0,1.631866,0.607564,0.991463
2264,lm,0,29,0,1.385269,0.624587,0.865221
2265,human,0,92,0,1.356765,0.785342,1.065524
2265,lm,0,80,0,1.610551,0.292639,0.471310
2266,human,0,26,0,1.187942,1.225475,1.455794
2266,lm,0,68,0,1.771556,0.287886,0.510005
2267,human,0,128,0,1.278126,0.833136,1.064853
2267,human,1,128,0,1.295680,0.876121,1.135173
2267,human,2,59,0,1.300359,1.487306,1.934032
2267,lm,0,90,0,1.565193,0.641129,1.003490
2269,human,0,128,0,1.555145,0.628078,0.976753
2269,human,1,128,0,1.395579,1.099360,1.534244
2269,human,2,128,0,1.715402,0.778738,1.335849
2269,human,3,10,0,1.171406,3.439579,4.029145
2269,lm,0,46,0,1.669869,0.865238,1.444835
227,human,0,62,0,1.230961,1.944382,2.393458
227,lm,0,10,0,1.141962,2.009834,2.295153
2270,human,0,128,0,1.405477,0.873933,1.228292
2270,human,1,128,0,1.150475,1.083323,1.246337
2270,human,2,128,0,1.175063,1.233908,1.449920
2270,human,3,123,0,1.306406,1.166959,1.524522
2270,lm,0,65,0,1.788368,0.460979,0.824400
2271,human,0,61,0,1.274598,0.873958,1.113944
2271,lm,0,36,0,1.335843,0.669913,0.894898
2272,human,0,75,0,1.559877,0.614818,0.959041
2272,lm,0,53,0,1.660784,0.649485,1.078654
2273,human,0,77,0,1.352492,0.401612,0.543177
2273,lm,0,51,0,1.340704,0.370452,0.496667
2274,human,0,38,0,1.149946,1.161240,1.335363
2274,lm,0,25,0,1.251958,1.183845,1.482124
2275,human,0,98,0,1.453827,0.661739,0.962054
2275,lm,0,65,0,1.530568,0.648315,0.992291
2276,human,0,43,0,1.198357,0.777053,0.931186
2276,lm,0,70,0,1.679996,0.335048,0.562879
2277,human,0,107,0,1.622145,0.352255,0.571409
2277,lm,0,20,0,1.165571,1.048698,1.222332
2278,human,0,80,0,1.282839,0.976161,1.252258
2278,lm,0,10,0,1.280308,1.896249,2.427783
2279,human,0,128,0,1.454979,0.553757,0.805704
2279,human,1,128,0,1.182172,1.310657,1.549422
2279,human,2,128,0,0.998244,2.305960,2.301912
2279,human,3,22,0,1.329779,1.397272,1.858063
2279,lm,0,128,0,1.686032,0.390067,0.657666
2279,lm,1,5,0,0.932341,6.372273,5.941134
228,human,0,66,0,1.310110,0.738869,0.968000
228,lm,0,34,0,1.172955,1.016358,1.192142
2280,human,0,128,0,1.164233,1.090334,1.269403
2280,human,1,60,0,1.204512,1.249242,1.504727
2280,lm,0,70,0,1.347047,0.795095,1.071030
2281,human,0,128,0,1.364917,0.723699,0.987789
2281,human,1,97,0,1.379558,0.892027,1.230603
2281,lm,0,102,0,1.705493,0.403280,0.687792
2282,human,0,64,0,1.502845,0.455146,0.684014
2282,lm,0,9,0,1.069245,1.524106,1.629643
2283,human,0,116,0,1.991527,0.312638,0.622628
2283,lm,0,128,0,2.068282,0.236381,0.488902
2283,lm,1,63,0,1.832650,0.337957,0.619357
2284,human,0,128,0,1.396780,0.790554,1.104230
2284,human,1,55,0,1.508952,0.666699,1.006017
2284,lm,0,60,0,1.693986,0.509382,0.862886
2285,human,0,20,0,1.175557,1.685992,1.981980
2285,lm,0,43,0,1.658857,0.705304,1.169999
2286,human,0,128,0,1.364725,0.834276,1.138558
2286,human,1,44,0,1.291229,0.842919,1.088402
2286,lm,0,128,0,1.295283,1.016636,1.316831
2286,lm,1,68,0,1.382406,0.690743,0.954888
2287,human,0,128,0,1.469779,0.568271,0.835233
2287,human,1,128,0,1.319387,0.933859,1.232122
2287,human,2,92,0,1.266338,0.987938,1.251063
2287,lm,0,64,0,1.621142,0.521671,0.845702
2288,human,0,128,0,1.222180,0.622292,0.760553
2288,human,1,128,0,1.384165,0.824153,1.140764
2288,human,2,128,0,1.217044,0.914997,1.113592
2288,human,3,128,0,1.245752,0.737932,0.919281
2288,human,4,19,0,1.241119,0.832842,1.033656
2288,lm,0,28,0,1.300149,0.732076,0.951809
2289,human,0,35,0,1.260161,0.816258,1.028617
2289,lm,0,58,0,1.520655,0.628141,0.955185
229,human,0,24,0,1.237677,1.201336,1.486866
229,lm,0,14,0,1.466036,0.500879,0.734306
2290,human,0,20,0,1.182162,0.986024,1.165641
2290,lm,0,128,0,1.477996,0.474992,0.702036
2290,lm,1,128,0,1.539536,0.488396,0.751904
2290,lm,2,15,0,1.305412,1.291551,1.686005
2291,human,0,22,0,1.225902,1.090744,1.337145
2291,lm,0,33,0,1.500246,0.679774,1.019828
2293,human,0,54,0,1.406509,0.913873,1.285370
2293,lm,0,46,0,1.643004,0.388347,0.638056
2294,human,0,19,0,1.205902,0.906143,1.092719
2294,lm,0,128,0,2.131837,0.240578,0.512873
2294,lm,1,128,0,2.030039,0.379690,0.770786
2294,lm,2,32,0,1.255752,1.391979,1.747981
2295,human,0,128,0,1.253137,1.293164,1.620511
2295,human,1,128,0,1.246372,1.356302,1.690457
2295,human,2,16,0,1.096024,2.143712,2.349559
2295,lm,0,68,0,1.516081,0.628163,0.952346
2296,human,0,29,0,1.835406,0.386957,0.710222
2296,lm,0,61,0,2.225281,0.343612,0.764633
2297,human,0,85,0,1.403645,0.739860,1.038502
2297,lm,0,128,0,2.116470,0.326263,0.690525
2297,lm,1,128,0,2.107188,0.367121,0.773593
2297,lm,2,128,0,2.056003,0.362462,0.745222
2297,lm,3,92,0,1.643183,0.397494,0.653156
2298,human,0,43,0,1.221520,0.925746,1.130817
2298,lm,0,17,0,1.059689,3.002772,3.182004
23,human,0,95,0,1.490388,0.684183,1.019698
23,lm,0,61,0,1.764675,0.409982,0.723484
230,human,0,30,0,1.319542,1.185430,1.564225
230,lm,0,50,0,1.317165,0.934140,1.230416
2300,human,0,74,0,1.427306,0.697531,0.995590
2300,lm,0,41,0,1.526318,0.453816,0.692668
2301,human,0,54,0,2.206383,0.254039,0.560507
2301,lm,0,69,0,2.257454,0.243443,0.549561
2302,human,0,21,0,1.274145,1.073219,1.367437
2302,lm,0,46,0,2.115948,0.555368,1.175129
2303,human,0,128,0,1.591345,0.452194,0.719597
2303,human,1,78,0,1.420684,0.553039,0.785693
2303,lm,0,79,0,1.721240,0.331063,0.569839
2304,human,0,25,0,1.199021,1.554782,1.864216
2304,lm,0,27,0,1.369333,0.879719,1.204628
2305,human,0,51,0,1.441184,0.755899,1.089389
2305,lm,0,39,0,1.606619,0.512304,0.823078
2306,human,0,56,0,1.231279,0.933792,1.149759
2306,lm,0,81,0,1.563815,0.648016,1.013378
2307,human,0,29,0,1.157868,1.030157,1.192786
2307,lm,0,62,0,1.581891,0.393684,0.622765
2308,human,0,26,0,1.273991,1.061350,1.352151
2308,lm,0,80,0,1.853033,0.436198,0.808290
2309,human,0,35,0,1.332591,1.246796,1.661468
2309,lm,0,39,0,1.455668,0.893643,1.300847
231,human,0,128,0,1.206335,1.119861,1.350927
231,human,1,128,0,1.272475,1.334839,1.698550
231,human,2,111,0,1.027600,1.661487,1.707344
231,lm,0,90,0,1.423193,0.639787,0.910541
2310,human,0,128,0,1.371647,0.880123,1.207218
2310,human,1,25,0,1.152848,1.609287,1.855262
2310,lm,0,20,0,1.304494,0.821620,1.071799
2312,human,0,58,0,1.121330,1.074110,1.204431
2312,lm,0,91,0,1.967414,0.308985,0.607901
2313,human,0,46,0,1.358824,0.615329,0.836124
2313,lm,0,30,0,1.204392,1.014029,1.221288
2314,human,0,44,0,1.292165,0.792173,1.023618
2314,lm,0,48,0,1.496299,0.657515,0.983839
2315,human,0,128,0,1.218826,1.101485,1.342518
2315,human,1,42,0,1.207994,1.281642,1.548216
2315,lm,0,84,0,1.609084,0.543279,0.874181
2316,human,0,67,0,1.272810,1.595765,2.031106
2316,lm,0,10,0,1.037959,4.917979,5.104661
2317,human,0,128,0,1.417425,1.027030,1.455738
2317,human,1,104,0,1.220799,1.343875,1.640602
2317,lm,0,128,0,1.912847,0.382058,0.730818
2317,lm,1,37,0,1.326125,1.008497,1.337393
2318,human,0,70,0,1.557509,0.684089,1.065474
2318,lm,0,47,0,1.669664,0.618395,1.032511
2319,human,0,66,0,1.473167,0.631747,0.930670
2319,lm,0,6,0,1.028360,3.835214,3.943983
232,human,0,38,0,1.222021,1.163777,1.422160
232,lm,0,21,0,1.160927,1.782594,2.069461
2320,human,0,128,0,1.689265,0.511933,0.864791
2320,human,1,128,0,1.381107,0.802871,1.108850
2320,human,2,47,0,1.214942,1.183127,1.437430
2320,lm,0,33,0,1.360417,0.517581,0.704127
2321,human,0,21,0,1.158889,1.378868,1.597956
2321,lm,0,35,0,1.375074,0.933753,1.283980
2324,human,0,37,0,1.260617,1.187535,1.497027
2324,lm,0,128,0,1.405805,0.984098,1.383450
2324,lm,1,35,0,1.252989,1.147154,1.437371
2326,human,0,59,0,1.467852,0.544741,0.799599
2326,lm,0,69,0,1.828798,0.253873,0.464283
2327,human,0,44,0,1.432408,0.672000,0.962578
2327,lm,0,6,0,1.163752,0.908989,1.057838
2328,human,0,83,0,1.538239,0.449232,0.691026
2328,lm,0,34,0,1.643201,0.394548,0.648322
2329,human,0,128,0,1.405311,0.713334,1.002457
2329,human,1,128,0,1.394795,0.907168,1.265313
2329,human,2,96,0,1.182444,1.857308,2.196162
2329,lm,0,44,0,1.621614,0.460271,0.746381
233,human,0,128,0,1.446705,0.547103,0.791496
233,human,1,128,0,1.536015,0.652142,1.001700
233,human,2,128,0,1.565659,0.613602,0.960692
233,human,3,128,0,1.329185,0.945912,1.257292
233,human,4,128,0,1.411847,0.818692,1.155868
233,human,5,128,0,1.321582,0.923933,1.221054
233,human,6,128,0,1.287266,0.620119,0.798258
233,human,7,50,0,1.186630,1.138365,1.350818
233,lm,0,128,0,1.673755,0.607813,1.017330
233,lm,1,23,0,1.212376,1.323382,1.604437
2330,human,0,126,0,1.453414,0.848396,1.233070
2330,lm,0,66,0,2.245616,0.427033,0.958951
2331,human,0,21,0,1.117610,1.332422,1.489128
2331,lm,0,43,0,1.633481,0.626865,1.023971
2332,human,0,101,0,1.309738,0.752364,0.985399
2332,lm,0,44,0,1.453830,0.934105,1.358030
2333,human,0,128,0,1.398867,0.737104,1.031111
2333,human,1,128,0,1.288129,0.824268,1.061763
2333,human,2,128,0,1.432782,0.830936,1.190550
2333,human,3,128,0,1.294092,1.064300,1.377302
2333,human,4,84,0,1.291919,0.732471,0.946294
2333,lm,0,128,0,1.493625,0.414137,0.618565
2333,lm,1,36,0,1.358743,1.259319,1.711091
2334,human,0,128,0,1.297468,0.924970,1.200119
2334,human,1,22,0,1.187736,1.545662,1.835839
2334,lm,0,61,0,1.662200,0.662162,1.100646
2335,human,0,128,0,1.267291,0.852998,1.080997
2335,human,1,63,0,1.247316,1.349803,1.683631
2335,lm,0,47,0,1.580987,0.454322,0.718276
2336,human,0,40,0,1.538046,0.489146,0.752329
2336,lm,0,38,0,1.578089,0.675849,1.066549
2337,human,0,128,0,1.324841,1.153872,1.528696
2337,human,1,75,0,2.114557,0.529368,1.119378
2337,lm,0,128,0,1.336337,0.787053,1.051768
2337,lm,1,66,0,1.396859,1.066831,1.490213
2338,human,0,128,0,1.257747,0.795253,1.000228
2338,human,1,128,0,1.232491,0.936263,1.153936
2338,human,2,9,0,1.074065,1.680760,1.805245
2338,lm,0,125,0,1.577139,0.376489,0.593775
2339,human,0,32,0,1.235931,0.853183,1.054476
2339,lm,0,21,0,1.112901,1.832228,2.039088
234,human,0,128,0,1.350698,0.606766,0.819558
234,human,1,77,0,1.504513,0.717573,1.079598
234,lm,0,46,0,1.489089,0.640681,0.954031
2340,human,0,82,0,1.309824,0.786815,1.030589
2340,lm,0,74,0,1.415800,0.574700,0.813660
2341,human,0,50,0,1.461699,0.744657,1.088465
2341,lm,0,51,0,1.530967,0.561664,0.859889
2342,human,0,128,0,1.357735,0.660333,0.896557
2342,human,1,56,0,1.228179,1.032506,1.268102
2342,lm,0,41,0,1.569164,0.470484,0.738267
2343,human,0,46,0,1.781255,0.328417,0.584994
2343,lm,0,43,0,1.733512,0.331112,0.573986
2344,human,0,115,0,1.561290,0.235984,0.368440
2344,lm,0,71,0,1.599840,0.544226,0.870674
2345,human,0,128,0,1.243632,0.983494,1.223104
2345,human,1,51,0,1.105646,2.181075,2.411498
2345,lm,0,128,0,1.389951,0.818742,1.138011
2345,lm,1,67,0,1.279728,1.030777,1.319114
2346,human,0,27,0,1.265760,0.772682,0.978031
2346,lm,0,14,0,1.434584,0.546139,0.783482
2347,human,0,128,0,1.236757,0.962784,1.190730
2347,human,1,128,0,1.183003,1.225187,1.449400
2347,human,2,39,0,1.204823,0.989570,1.192256
2347,lm,0,128,0,1.776811,0.444470,0.789738
2347,lm,1,12,0,1.166477,3.639742,4.245674
2349,human,0,128,0,1.287382,1.077188,1.386752
2349,human,1,128,0,1.441778,0.679889,0.980249
2349,human,2,71,0,1.320343,0.897152,1.184548
2349,lm,0,128,0,1.499201,0.590314,0.884999
2349,lm,1,53,0,1.363878,0.678273,0.925082
235,human,0,128,0,1.217208,0.933650,1.136446
235,human,1,48,0,1.153924,1.718510,1.983031
235,lm,0,10,0,1.137983,1.214910,1.382548
2350,human,0,128,0,1.334345,0.924980,1.234243
2350,human,1,65,0,1.247404,1.400889,1.747474
2350,lm,0,80,0,1.320210,0.914365,1.207154
2351,human,0,118,0,1.435604,0.632038,0.907356
2351,lm,0,44,0,1.365344,0.881701,1.203825
2352,human,0,50,0,1.615372,0.493712,0.797528
2352,lm,0,49,0,1.656864,0.636903,1.055262
2353,human,0,63,0,1.245025,0.888525,1.106236
2353,lm,0,76,0,1.861035,0.279186,0.519575
2354,human,0,27,0,1.195001,1.028964,1.229613
2354,lm,0,10,0,1.159718,0.813772,0.943746
2355,human,0,128,0,1.303644,1.047013,1.364933
2355,human,1,128,0,1.288303,0.912082,1.175038
2355,human,2,60,0,1.277213,1.394192,1.780680
2355,lm,0,88,0,1.379733,0.704874,0.972538
2356,human,0,128,0,1.305432,0.492698,0.643184
2356,human,1,19,0,1.088572,0.876768,0.954425
2356,lm,0,128,0,1.227546,0.892763,1.095908
2356,lm,1,23,0,1.491926,0.750905,1.120295
2357,human,0,51,0,1.224993,0.949579,1.163227
2357,lm,0,61,0,1.679710,0.291415,0.489492
2358,human,0,128,0,1.552554,0.423829,0.658017
2358,human,1,1,0,1.000000,1.827303,1.827303
2358,lm,0,77,0,1.655341,0.451829,0.747930
2359,human,0,128,0,1.311498,0.846705,1.110452
2359,human,1,7,0,1.012311,4.747249,4.805694
2359,lm,0,59,0,1.355589,0.594308,0.805638
236,human,0,86,0,1.401672,0.732514,1.026744
236,lm,0,82,0,1.804402,0.542425,0.978753
2360,human,0,128,0,1.504208,0.550354,0.827847
2360,human,1,49,0,1.341506,0.690337,0.926092
2360,lm,0,7,0,1.056759,1.923367,2.032536
2361,human,0,24,0,1.385602,0.769196,1.065800
2361,lm,0,56,0,1.659535,0.554842,0.920780
2362,human,0,128,0,1.649480,0.530495,0.875041
2362,human,1,79,0,1.435504,1.046948,1.502899
2362,lm,0,56,0,1.535776,0.543938,0.835367
2363,human,0,52,0,1.281522,0.854939,1.095623
2363,lm,0,44,0,1.376425,0.846841,1.165614
2364,human,0,128,0,1.255824,0.706061,0.886688
2364,human,1,37,0,1.111232,1.457191,1.619278
2364,lm,0,110,0,1.511688,0.558469,0.844231
2365,human,0,128,0,1.391781,0.499051,0.694570
2365,human,1,30,0,1.215352,1.178043,1.431736
2365,lm,0,21,0,1.432793,0.564667,0.809051
2366,human,0,128,0,1.434415,0.596779,0.856029
2366,human,1,128,0,1.350526,0.786376,1.062022
2366,human,2,7,0,1.580964,1.182787,1.869943
2366,lm,0,29,0,1.373712,0.898893,1.234820
2367,human,0,46,0,1.505747,0.825146,1.242462
2367,lm,0,11,0,1.177229,1.413596,1.664126
2368,human,0,89,0,1.443843,0.685102,0.989180
2368,lm,0,60,0,1.998754,0.447253,0.893948
2369,human,0,103,0,1.342380,0.919559,1.234397
2369,lm,0,9,0,1.070316,1.142580,1.222921
237,human,0,128,0,1.238134,0.854565,1.058066
237,human,1,128,0,1.237423,1.026878,1.270682
237,human,2,128,0,1.242245,1.039679,1.291536
237,human,3,106,0,1.341276,0.947928,1.271433
237,lm,0,24,0,1.281347,1.668918,2.138462
2370,human,0,128,0,1.526415,0.537219,0.820019
2370,human,1,128,0,1.359778,0.461662,0.627758
2370,human,2,28,0,1.232514,1.140791,1.406042
2370,lm,0,125,0,1.503594,0.665455,1.000574
2371,human,0,22,0,1.380860,0.930669,1.285123
2371,lm,0,27,0,1.402562,0.619466,0.868840
2372,human,0,128,0,1.468993,0.675990,0.993025
2372,human,1,51,0,1.304984,1.133643,1.479385
2372,lm,0,66,0,1.626743,0.493214,0.802332
2374,human,0,49,0,1.436793,0.700036,1.005806
2374,lm,0,99,0,1.414392,0.505494,0.714967
2375,human,0,103,0,1.914325,0.390980,0.748462
2375,lm,0,24,0,1.296249,1.114775,1.445025
2376,human,0,128,0,1.142559,1.337598,1.528284
2376,human,1,33,0,1.152801,2.507377,2.890506
2376,lm,0,113,0,1.555000,0.531929,0.827149
2378,human,0,81,0,1.135959,1.501089,1.705175
2378,lm,0,59,0,1.457538,1.057416,1.541224
2379,human,0,128,0,1.292454,1.016240,1.313443
2379,human,1,27,0,1.018206,3.338166,3.398940
2379,lm,0,34,0,1.300794,1.178822,1.533404
238,human,0,128,0,1.410954,0.800777,1.129859
238,human,1,15,0,1.848208,1.050715,1.941939
238,lm,0,128,0,1.776989,0.370062,0.657596
238,lm,1,107,0,1.631821,0.565188,0.922286
2380,human,0,128,0,1.358441,0.751273,1.020560
2380,human,1,128,0,1.281821,0.964867,1.236787
2380,human,2,128,0,1.253246,1.363987,1.709410
2380,human,3,50,0,1.164918,1.356328,1.580011
2380,lm,0,77,0,1.824256,0.418966,0.764302
2381,human,0,83,0,1.435541,0.631396,0.906395
2381,lm,0,35,0,1.311197,0.700288,0.918215
2382,human,0,128,0,1.177170,1.104375,1.300037
2382,human,1,124,0,1.200392,1.327308,1.593289
2382,lm,0,48,0,1.235297,1.325569,1.637471
2383,human,0,38,0,1.286732,1.001991,1.289294
2383,lm,0,9,0,1.089214,1.917818,2.088915
2384,human,0,49,0,1.318853,0.780073,1.028802
2384,lm,0,11,0,1.307025,1.530794,2.000786
2385,human,0,26,0,1.191317,1.279747,1.524585
2385,lm,0,10,0,1.614565,1.499734,2.421418
2387,human,0,128,0,1.372503,0.792719,1.088010
2387,human,1,74,0,1.349034,0.766217,1.033653
2387,lm,0,128,0,1.743720,0.330449,0.576211
2387,lm,1,16,0,1.334382,0.963947,1.286274
2388,human,0,54,0,1.346550,1.046253,1.408832
2388,lm,0,15,0,1.274026,1.149645,1.464678
2389,human,0,121,0,1.428393,0.551383,0.787592
2389,lm,0,87,0,1.718118,0.421502,0.724190
239,human,0,119,0,2.018240,0.255205,0.515066
239,lm,0,46,0,1.760065,0.343987,0.605440
2390,human,0,38,0,1.335204,1.137247,1.518457
2390,lm,0,37,0,1.675733,0.626464,1.049786
2391,human,0,115,0,1.273791,0.694445,0.884578
2391,lm,0,128,0,1.695913,0.409948,0.695236
2391,lm,1,128,0,1.835277,0.347716,0.638155
2391,lm,2,128,0,1.667111,0.363180,0.605461
2391,lm,3,10,0,1.128141,1.993633,2.249099
2393,human,0,53,0,1.223686,1.115241,1.364705
2393,lm,0,36,0,1.527983,0.802227,1.225789
2394,human,0,128,0,1.201219,1.036654,1.245248
2394,human,1,128,0,1.361912,1.161786,1.582251
2394,human,2,128,0,1.280708,0.972302,1.245235
2394,human,3,128,0,1.209896,0.994975,1.203817
2394,human,4,104,0,1.251291,0.845493,1.057958
2394,lm,0,33,0,1.232665,1.254570,1.546464
2395,human,0,86,0,1.578346,0.341463,0.538948
2395,lm,0,10,0,1.419969,1.452236,2.062130
2396,human,0,49,0,1.255940,0.972668,1.221612
2396,lm,0,17,0,1.151756,1.062109,1.223291
2398,human,0,128,0,1.648171,0.477414,0.786860
2398,human,1,21,0,1.185457,1.935396,2.294329
2398,lm,0,50,0,1.489152,0.981462,1.461546
2399,human,0,128,0,1.462982,0.532673,0.779291
2399,human,1,128,0,1.425204,0.541927,0.772356
2399,human,2,119,0,1.295101,1.248552,1.617001
2399,lm,0,12,0,1.601365,0.599983,0.960792
24,human,0,51,0,1.183464,0.988272,1.169584
24,lm,0,9,0,1.044064,1.932352,2.017499
240,human,0,73,0,1.376943,0.702212,0.966906
240,lm,0,66,0,1.562632,0.688021,1.075124
2400,human,0,67,0,1.330851,1.023915,1.362678
2400,lm,0,66,0,1.391818,0.787667,1.096289
2401,human,0,22,0,1.232736,1.241380,1.530294
2401,lm,0,104,0,1.701771,0.310985,0.529225
2402,human,0,128,0,1.361868,0.891671,1.214338
2402,human,1,44,0,1.420261,1.325470,1.882513
2402,lm,0,64,0,1.256196,0.757410,0.951456
2403,human,0,128,0,1.462494,0.661962,0.968115
2403,human,1,59,0,1.351622,0.895052,1.209771
2403,lm,0,128,0,1.643311,0.540756,0.888631
2403,lm,1,65,0,1.710621,0.639233,1.093486
2404,human,0,128,0,1.411726,0.517875,0.731098
2404,human,1,128,0,1.522007,0.406202,0.618243
2404,human,2,15,0,1.331443,0.970835,1.292612
2404,lm,0,128,0,1.792508,0.297292,0.532898
2404,lm,1,124,0,1.766327,0.272154,0.480713
2405,human,0,115,0,1.362762,0.733880,1.000104
2405,lm,0,45,0,1.506214,0.703574,1.059733
2406,human,0,101,0,1.532029,0.721784,1.105793
2406,lm,0,12,0,1.434882,1.125796,1.615384
2407,human,0,128,0,1.321700,0.590875,0.780959
2407,human,1,128,0,1.148848,1.326497,1.523944
2407,human,2,128,0,1.333147,0.652726,0.870179
2407,human,3,30,0,1.157739,2.005086,2.321366
2407,lm,0,128,0,1.542863,0.503058,0.776149
2407,lm,1,21,0,1.313748,0.920916,1.209852
2408,human,0,35,0,1.310008,1.070298,1.402098
2408,lm,0,26,0,1.694947,0.483900,0.820185
2409,human,0,30,0,1.177581,1.513961,1.782811
2409,lm,0,12,0,1.249691,2.001655,2.501450
241,human,0,128,0,1.481293,0.825791,1.223238
241,human,1,128,0,1.345693,1.023567,1.377408
241,human,2,128,0,1.262857,1.077311,1.360489
241,human,3,67,0,1.106620,1.952718,2.160917
241,lm,0,124,0,2.072443,0.337281,0.698995
2410,human,0,128,0,1.326319,0.760088,1.008120
2410,human,1,128,0,1.214410,1.175572,1.427626
2410,human,2,128,0,1.235996,1.117925,1.381751
2410,human,3,128,0,1.259103,1.357646,1.709415
2410,human,4,75,0,1.207381,1.120529,1.352905
2410,lm,0,48,0,1.495064,0.459064,0.686330
2413,human,0,128,0,1.303910,0.903782,1.178451
2413,human,1,1,0,1.000000,3.285461,3.285461
2413,lm,0,12,0,1.145693,1.004866,1.151267
2414,human,0,128,0,1.453330,0.539459,0.784012
2414,human,1,56,0,1.406086,0.815424,1.146556
2414,lm,0,38,0,1.416950,1.028467,1.457286
2415,human,0,99,0,1.186361,0.691545,0.820422
2415,lm,0,85,0,1.378343,0.649912,0.895803
2416,human,0,64,0,1.252531,0.742189,0.929615
2416,lm,0,7,0,1.011266,1.902273,1.923704
2417,human,0,16,0,1.057498,2.050172,2.168052
2417,lm,0,48,0,1.384458,0.645512,0.893684
2419,human,0,128,0,1.374369,0.739791,1.016747
2419,human,1,43,0,1.164144,1.284227,1.495025
2419,lm,0,73,0,1.564839,0.529803,0.829056
242,human,0,32,0,1.236067,1.088482,1.345436
242,lm,0,9,0,1.117494,1.255558,1.403079
2420,human,0,21,0,1.074887,2.070286,2.225323
2420,lm,0,32,0,1.357348,1.405469,1.907711
2421,human,0,57,0,1.500305,0.477363,0.716189
2421,lm,0,99,0,1.909047,0.396520,0.756975
2422,human,0,128,0,1.332416,0.929285,1.238194
2422,human,1,34,0,1.379015,1.251869,1.726347
2422,lm,0,101,0,2.596260,0.245300,0.636861
2423,human,0,72,0,1.482124,0.495181,0.733920
2423,lm,0,62,0,1.715533,0.608042,1.043116
2424,human,0,128,0,1.376889,0.818793,1.127386
2424,human,1,128,0,1.266339,1.183558,1.498785
2424,human,2,32,0,1.193040,1.844035,2.200006
2424,lm,0,91,0,1.760549,0.372960,0.656614
2425,human,0,35,0,1.264302,0.984861,1.245162
2425,lm,0,63,0,1.780144,0.411779,0.733026
2426,human,0,124,0,1.625961,0.606193,0.985647
2426,lm,0,55,0,1.768043,0.589921,1.043005
2427,human,0,44,0,1.327075,1.333582,1.769763
2427,lm,0,66,0,1.576991,0.610005,0.961972
2428,human,0,29,0,1.148351,1.069959,1.228689
2428,lm,0,21,0,1.448870,0.680985,0.986659
2429,human,0,128,0,1.106183,0.829469,0.917544
2429,human,1,128,0,1.206597,1.011897,1.220952
2429,human,2,77,0,1.228274,0.773630,0.950229
2429,lm,0,42,0,1.259310,0.982908,1.237786
2430,human,0,49,0,1.335335,0.686669,0.916933
2430,lm,0,49,0,1.610311,0.536857,0.864508
2431,human,0,80,0,1.401267,0.627800,0.879716
2431,lm,0,105,0,2.065619,0.262518,0.542263
2432,human,0,97,0,1.419630,0.416261,0.590936
2432,lm,0,107,0,1.627869,0.315573,0.513711
2433,human,0,113,0,1.425686,0.642649,0.916215
2433,lm,0,58,0,1.882457,0.432301,0.813788
2434,human,0,117,0,1.736445,0.525211,0.912001
2434,lm,0,70,0,1.920745,0.580998,1.115949
2435,human,0,92,0,1.348957,0.668889,0.902303
2435,lm,0,77,0,1.590026,0.594559,0.945365
2436,human,0,34,0,1.299680,1.385101,1.800188
2436,lm,0,11,0,1.249657,1.524496,1.905097
2437,human,0,22,0,1.219090,1.169674,1.425938
2437,lm,0,12,0,1.067035,2.282346,2.435344
2438,human,0,35,0,1.256614,1.074566,1.350314
2438,lm,0,24,0,1.168801,1.445597,1.689615
2439,human,0,128,0,1.412262,0.544246,0.768618
2439,human,1,128,0,1.165132,0.903403,1.052583
2439,human,2,128,0,1.217686,1.221238,1.487084
2439,human,3,56,0,1.127348,1.512666,1.705302
2439,lm,0,13,0,1.109322,1.482352,1.644406
244,human,0,124,0,1.433375,0.472615,0.677435
244,lm,0,121,0,2.146100,0.235685,0.505803
2440,human,0,54,0,1.272528,0.720035,0.916265
2440,lm,0,8,0,1.151954,1.469251,1.692510
2441,human,0,60,0,1.499408,0.686420,1.029223
2441,lm,0,23,0,1.203468,0.872819,1.050410
2442,human,0,128,0,1.331133,1.009725,1.344079
2442,human,1,128,0,1.115856,1.762748,1.966972
2442,human,2,128,0,1.276413,0.971070,1.239486
2442,human,3,128,0,1.242086,1.522933,1.891613
2442,human,4,61,0,1.328700,1.253473,1.665490
2442,lm,0,82,0,1.831481,0.323826,0.593082
2443,human,0,28,0,1.263463,1.043285,1.318152
2443,lm,0,9,0,1.091973,1.550055,1.692619
2446,human,0,42,0,1.288156,0.674488,0.868846
2446,lm,0,12,0,1.178166,1.232781,1.452422
2447,human,0,86,0,1.119640,1.610959,1.803694
2447,lm,0,100,0,1.228991,0.788488,0.969045
2449,human,0,128,0,1.324618,0.851269,1.127606
2449,human,1,128,0,1.169216,1.404957,1.642699
2449,human,2,31,0,1.204127,0.996706,1.200160
2449,lm,0,10,0,1.139724,2.827996,3.223135
245,human,0,45,0,1.319392,0.944288,1.245887
245,lm,0,63,0,1.684079,0.446172,0.751389
2450,human,0,128,0,1.346015,0.605698,0.815279
2450,human,1,23,0,1.159931,1.018897,1.181850
2450,lm,0,66,0,1.594107,0.739008,1.178057
2451,human,0,128,0,1.351012,0.875372,1.182638
2451,human,1,69,0,1.285823,0.966024,1.242136
2451,lm,0,46,0,1.286959,0.916339,1.179291
2454,human,0,63,0,1.505182,0.612235,0.921525
2454,lm,0,42,0,1.483310,0.853062,1.265355
2455,human,0,18,0,1.352510,0.419004,0.566707
2455,lm,0,19,0,1.445638,0.338988,0.490055
2456,human,0,59,0,1.344627,1.306076,1.756185
2456,lm,0,21,0,1.194650,1.511048,1.805173
2457,human,0,53,0,1.295338,1.030080,1.334302
2457,lm,0,124,0,1.566343,0.437837,0.685804
2458,human,0,95,0,1.603686,0.623531,0.999949
2458,lm,0,13,0,1.232411,0.880306,1.084899
2459,human,0,128,0,1.218934,0.684000,0.833750
2459,human,1,128,0,1.062198,1.243811,1.321173
2459,human,2,29,0,1.118923,2.572986,2.878974
2459,lm,0,68,0,1.543747,0.434829,0.671266
246,human,0,110,0,1.541022,0.559279,0.861862
246,lm,0,53,0,1.990348,0.327739,0.652314
2460,human,0,38,0,1.817332,0.245146,0.445512
2460,lm,0,29,0,1.583685,0.332232,0.526151
2461,human,0,44,0,1.272531,0.648020,0.824626
2461,lm,0,11,0,1.097073,2.614300,2.868077
2462,human,0,128,0,1.215324,1.279172,1.554608
2462,human,1,118,0,1.297050,0.868057,1.125913
2462,lm,0,112,0,2.026223,0.290496,0.588609
2464,human,0,58,0,1.332030,0.841331,1.120678
2464,lm,0,11,0,1.222654,1.186216,1.450332
2465,human,0,128,0,1.365385,0.795435,1.086076
2465,human,1,15,0,1.254615,1.224089,1.535760
2465,lm,0,70,0,1.823492,0.318889,0.581492
2466,human,0,112,0,1.503055,0.575857,0.865544
2466,lm,0,73,0,1.685714,0.299496,0.504865
2467,human,0,128,0,1.402380,0.828933,1.162478
2467,human,1,3,0,1.152001,3.332205,3.838703
2467,lm,0,45,0,1.603491,0.848774,1.361001
2468,human,0,128,0,1.433911,0.492115,0.705649
2468,human,1,128,0,1.377839,0.605538,0.834334
2468,human,2,128,0,1.404676,0.451857,0.634713
2468,human,3,10,0,1.023673,2.012295,2.059933
2468,lm,0,128,0,1.751131,0.385691,0.675395
2468,lm,1,34,0,1.235206,1.511392,1.866881
2469,human,0,128,0,1.297184,1.052136,1.364814
2469,human,1,128,0,1.270090,1.002232,1.272925
2469,human,2,128,0,1.392597,0.627916,0.874434
2469,human,3,128,0,1.231891,1.095731,1.349820
2469,human,4,81,0,1.280231,1.230989,1.575950
2469,lm,0,128,0,1.763908,0.237222,0.418437
2469,lm,1,2,0,1.230865,1.838048,2.262389
247,human,0,128,0,1.402328,0.738804,1.036046
247,human,1,122,0,1.352835,0.649073,0.878088
247,lm,0,66,0,1.745810,0.484076,0.845106
2470,human,0,128,0,1.360282,0.800177,1.088466
2470,human,1,61,0,1.289592,1.595036,2.056946
2470,lm,0,111,0,1.767083,0.435061,0.768788
2471,human,0,128,0,1.281677,1.156451,1.482196
2471,human,1,108,0,1.367542,0.928509,1.269774
2471,lm,0,128,0,2.148523,0.282253,0.606427
2471,lm,1,128,0,1.666872,0.428883,0.714893
2471,lm,2,77,0,1.440664,0.676992,0.975317
2472,human,0,128,0,1.217374,1.413608,1.720889
2472,human,1,128,0,1.250085,1.098333,1.373009
2472,human,2,25,0,1.076975,2.781878,2.996012
2472,lm,0,24,0,1.340230,1.080139,1.447634
2473,human,0,12,0,1.158267,1.196071,1.385369
2473,lm,0,6,0,1.091713,2.223784,2.427733
2474,human,0,128,0,1.457579,0.918264,1.338442
2474,human,1,61,0,1.538303,0.984064,1.513788
2474,lm,0,45,0,2.402722,0.329690,0.792154
2475,human,0,128,0,1.425699,0.692834,0.987772
2475,human,1,19,0,1.327662,0.791339,1.050630
2475,lm,0,28,0,1.387069,0.899710,1.247959
2476,human,0,51,0,1.258249,1.250963,1.574022
2476,lm,0,17,0,1.123347,0.939274,1.055130
2478,human,0,36,0,1.199150,0.954057,1.144058
2478,lm,0,40,0,1.624231,0.341255,0.554276
2479,human,0,128,0,1.390575,0.778310,1.082298
2479,human,1,128,0,1.486999,0.974783,1.449502
2479,lm,0,77,0,1.804344,0.546120,0.985387
248,human,0,104,0,1.196761,1.096136,1.311813
248,lm,0,48,0,1.439563,0.515148,0.741588
2480,human,0,20,0,1.226364,1.008589,1.236897
2480,lm,0,20,0,1.145158,1.025192,1.174007
2481,human,0,98,0,1.502106,0.611871,0.919095
2481,lm,0,125,0,1.671338,0.457890,0.765288
2482,human,0,26,0,1.140550,1.628772,1.857695
2482,lm,0,70,0,1.542424,0.910401,1.404224
2483,human,0,128,0,1.462691,0.792800,1.159621
2483,human,1,79,0,1.474257,0.677135,0.998271
2483,lm,0,128,0,1.565372,0.480407,0.752016
2483,lm,1,128,0,1.431189,0.454843,0.650967
2483,lm,2,44,0,1.221208,0.779063,0.951398
2485,human,0,98,0,1.387973,0.760919,1.056135
2485,lm,0,128,0,1.476078,0.643504,0.949862
2485,lm,1,97,0,1.674484,0.615320,1.030343
2486,human,0,92,0,1.155454,0.977941,1.129966
2486,lm,0,9,0,1.094058,2.522437,2.759694
2487,human,0,47,0,1.513919,0.528091,0.799487
2487,lm,0,10,0,1.192424,1.830795,2.183084
2488,human,0,128,0,1.794268,0.377921,0.678092
2488,human,1,63,0,1.403029,0.793992,1.113994
2488,lm,0,46,0,1.487798,0.597759,0.889345
2489,human,0,128,0,1.278256,1.019418,1.303076
2489,human,1,128,0,1.274000,1.022981,1.303278
2489,human,2,128,0,1.118428,1.988501,2.223995
2489,human,3,128,0,1.021763,2.548401,2.603861
2489,human,4,103,0,1.728665,0.507116,0.876633
2489,lm,0,128,0,1.815093,0.372102,0.675400
2489,lm,1,2,0,0.983471,5.723585,5.628981
249,human,0,40,0,1.309610,1.051057,1.376474
249,lm,0,20,0,1.253403,1.365331,1.711310
2490,human,0,100,0,1.407353,0.554627,0.780555
2490,lm,0,51,0,1.374265,0.525168,0.721719
2491,human,0,128,0,2.014726,0.332826,0.670554
2491,human,1,45,0,1.420055,0.865596,1.229194
2491,lm,0,58,0,2.635167,0.301711,0.795058
2492,human,0,100,0,1.582083,0.696255,1.101534
2492,lm,0,112,0,1.468410,0.845861,1.242071
2493,human,0,37,0,1.169098,1.465299,1.713078
2493,lm,0,128,0,1.785313,0.410593,0.733038
2493,lm,1,39,0,1.223762,1.117155,1.367132
2494,human,0,48,0,1.240948,0.594969,0.738325
2494,lm,0,53,0,1.241296,0.911926,1.131970
2495,human,0,52,0,1.206577,0.731670,0.882817
2495,lm,0,128,0,1.802076,0.284969,0.513536
2495,lm,1,80,0,1.513342,0.430795,0.651940
2496,human,0,52,0,1.298206,0.831173,1.079033
2496,lm,0,72,0,1.729470,0.444336,0.768465
2497,human,0,30,0,1.361750,0.553674,0.753966
2497,lm,0,13,0,1.288674,0.305711,0.393962
2498,human,0,121,0,1.221369,0.844853,1.031877
2498,lm,0,71,0,1.524691,0.631173,0.962344
2499,human,0,128,0,1.362992,0.850406,1.159097
2499,human,1,7,0,1.034630,3.724943,3.853936
2499,lm,0,6,0,1.014396,3.590153,3.641838
25,human,0,16,0,1.142144,1.629885,1.861564
25,lm,0,6,0,1.157252,1.364592,1.579177
250,human,0,57,0,1.462707,0.680386,0.995206
250,lm,0,37,0,1.398256,0.835097,1.167680
2500,human,0,128,0,1.329296,0.955063,1.269561
2500,human,1,124,0,1.296209,0.861646,1.116873
2500,lm,0,118,0,2.292113,0.251665,0.576845
2501,human,0,128,0,1.213877,1.293254,1.569851
2501,human,1,128,0,1.410438,0.668099,0.942312
2501,human,2,124,0,1.372874,0.918710,1.261273
2501,lm,0,128,0,1.746299,0.392014,0.684573
2501,lm,1,84,0,1.660063,0.427546,0.709753
2502,human,0,128,0,1.299011,0.745926,0.968965
2502,human,1,35,0,1.234522,1.694621,2.092047
2502,lm,0,31,0,1.265990,0.774740,0.980814
2504,human,0,119,0,1.593831,0.495589,0.789885
2504,lm,0,128,0,1.922641,0.392916,0.755436
2504,lm,1,27,0,1.828149,0.677773,1.239071
2506,human,0,77,0,1.296362,0.824615,1.069000
2506,lm,0,21,0,1.750322,0.675775,1.182825
2507,human,0,29,0,1.400690,1.041768,1.459195
2507,lm,0,21,0,1.321676,1.088641,1.438831
2508,human,0,128,0,1.370508,0.927963,1.271780
2508,human,1,105,0,1.467789,0.797195,1.170114
2508,lm,0,24,0,1.290607,1.164656,1.503114
2509,human,0,67,0,1.628786,0.548020,0.892608
2509,lm,0,54,0,1.826485,0.476046,0.869491
251,human,0,74,0,1.936717,0.292576,0.566636
251,lm,0,50,0,1.706902,0.550132,0.939021
2510,human,0,128,0,1.631975,0.451825,0.737368
2510,human,1,56,0,1.327294,0.923778,1.226125
2510,lm,0,128,0,1.996147,0.159479,0.318344
2510,lm,1,128,0,1.980859,0.201652,0.399444
2510,lm,2,41,0,1.639873,0.917019,1.503794
2511,human,0,27,0,1.201671,1.116426,1.341576
2511,lm,0,96,0,1.758308,0.502931,0.884308
2512,human,0,128,0,1.334932,0.658747,0.879383
2512,human,1,128,0,1.527429,0.456084,0.696636
2512,human,2,85,0,1.424991,0.878852,1.252356
2512,lm,0,96,0,1.714877,0.485303,0.832236
2513,human,0,128,0,1.198780,0.986526,1.182628
2513,human,1,13,0,0.957592,2.739485,2.623310
2513,lm,0,32,0,1.458419,0.440873,0.642977
2514,human,0,77,0,1.350561,0.739155,0.998274
2514,lm,0,48,0,1.448136,0.825518,1.195462
2515,human,0,128,0,1.295400,0.911423,1.180657
2515,human,1,25,0,1.181724,3.142227,3.713245
2515,lm,0,48,0,1.313238,0.936285,1.229565
2516,human,0,128,0,1.309083,0.880369,1.152475
2516,human,1,4,0,1.001678,4.251344,4.258479
2516,lm,0,128,0,1.808428,0.450105,0.813983
2516,lm,1,49,0,1.555594,0.672074,1.045475
2517,human,0,52,0,1.423309,0.763221,1.086299
2517,lm,0,8,0,1.266720,1.036656,1.313152
2518,human,0,128,0,1.435294,0.643281,0.923297
2518,human,1,128,0,1.312832,0.696279,0.914097
2518,human,2,128,0,1.394144,0.736836,1.027255
2518,human,3,6,0,1.064765,2.011211,2.141467
2518,lm,0,128,0,1.732424,0.520956,0.902516
2518,lm,1,18,0,1.245357,1.345233,1.675294
2519,human,0,128,0,1.685289,0.448418,0.755715
2519,lm,0,128,0,1.636982,0.401294,0.656911
2519,lm,1,42,0,1.214837,1.445948,1.756591
252,human,0,33,0,1.390885,0.767009,1.066821
252,lm,0,46,0,1.871408,0.448388,0.839117
2520,human,0,128,0,1.312322,1.070777,1.405204
2520,human,1,78,0,1.457912,0.808860,1.179247
2520,lm,0,106,0,1.823168,0.367492,0.670000
2521,human,0,20,0,1.244206,1.476874,1.837536
2521,lm,0,46,0,1.599795,0.887530,1.419866
2523,human,0,40,0,1.275945,0.690795,0.881417
2523,lm,0,122,0,1.845584,0.403263,0.744255
2524,human,0,75,0,1.354868,0.633377,0.858142
2524,lm,0,64,0,1.619322,0.447694,0.724960
2525,human,0,49,0,1.445283,0.740474,1.070194
2525,lm,0,38,0,1.400544,0.825608,1.156301
2526,human,0,90,0,1.444531,0.657230,0.949389
2526,lm,0,128,0,1.722696,0.416885,0.718165
2526,lm,1,26,0,1.187983,1.502971,1.785504
2527,human,0,128,0,1.288034,0.619075,0.797389
2527,human,1,128,0,1.196468,1.491523,1.784559
2527,human,2,31,0,1.140048,1.460624,1.665180
2527,lm,0,19,0,1.163348,1.306323,1.519708
2528,human,0,128,0,1.669633,0.664636,1.109698
2528,human,1,35,0,1.215562,1.855777,2.255811
2528,lm,0,5,0,1.003196,2.489256,2.497211
2529,human,0,33,0,1.225896,1.287670,1.578550
2529,lm,0,103,0,1.417459,0.203283,0.288145
253,human,0,128,0,1.333132,0.847527,1.129866
253,human,1,128,0,1.251964,0.965543,1.208826
253,human,2,128,0,1.279377,0.966595,1.236639
253,human,3,52,0,1.157106,1.701712,1.969061
253,lm,0,23,0,1.182514,1.280640,1.514374
2530,human,0,48,0,1.795957,0.200631,0.360325
2530,lm,0,24,0,1.362840,0.475793,0.648429
2531,human,0,15,0,1.119930,1.421014,1.591436
2531,lm,0,60,0,1.915349,0.250381,0.479567
2533,human,0,128,0,1.256092,0.818073,1.027575
2533,human,1,21,0,1.190585,1.338970,1.594158
2533,lm,0,117,0,1.787944,0.293447,0.524667
2534,human,0,30,0,1.223649,1.137349,1.391717
2534,lm,0,20,0,1.274204,1.058205,1.348368
2535,human,0,44,0,1.248022,0.594863,0.742402
2535,lm,0,88,0,1.629061,0.459163,0.748004
2536,human,0,128,0,1.216529,1.138523,1.385046
2536,human,1,57,0,1.216041,1.451945,1.765624
2536,lm,0,58,0,1.351555,0.791803,1.070166
2537,human,0,128,0,2.329415,0.309792,0.721634
2537,human,1,128,0,1.447105,0.650446,0.941263
2537,human,2,87,0,1.339452,0.622243,0.833464
2537,lm,0,128,0,1.886589,0.488186,0.921006
2537,lm,1,128,0,1.532761,0.540340,0.828212
2537,lm,2,10,0,1.960680,0.493911,0.968401
2538,human,0,62,0,1.291001,0.746385,0.963584
2538,lm,0,32,0,1.332613,0.666213,0.887804
2539,human,0,38,0,1.488872,0.933599,1.390010
2539,lm,0,11,0,1.916292,0.484079,0.927636
254,human,0,82,0,1.639191,0.639328,1.047981
254,lm,0,12,0,1.101864,2.850567,3.140936
2540,human,0,128,0,1.425049,0.630025,0.897817
2540,human,1,128,0,1.622027,0.816864,1.324976
2540,human,2,128,0,1.471948,0.614367,0.904316
2540,human,3,113,0,1.342226,0.876105,1.175930
2540,lm,0,128,0,1.813081,0.284000,0.514914
2540,lm,1,54,0,1.509029,0.763845,1.152664
2541,human,0,128,0,1.371771,0.831534,1.140674
2541,human,1,128,0,1.336034,0.716342,0.957057
2541,human,2,74,0,1.292079,1.022315,1.320912
2541,lm,0,91,0,1.504031,0.754735,1.135146
2542,human,0,69,0,1.445370,0.462104,0.667911
2542,lm,0,111,0,2.118325,0.261775,0.554524
2543,human,0,23,0,1.146115,1.668574,1.912377
2543,lm,0,77,0,1.805681,0.659743,1.191285
2544,human,0,49,0,1.320638,1.109541,1.465301
2544,lm,0,44,0,1.702923,0.621599,1.058536
2546,human,0,89,0,1.365861,0.709734,0.969399
2546,lm,0,31,0,1.526103,0.679240,1.036591
2547,human,0,82,0,1.587433,0.494695,0.785295
2547,lm,0,70,0,1.880744,0.399064,0.750538
2549,human,0,38,0,1.226500,1.435070,1.760113
2549,lm,0,58,0,1.672099,0.547585,0.915617
255,human,0,79,0,1.357925,1.204631,1.635799
255,lm,0,33,0,1.387052,0.829887,1.151096
2551,human,0,28,0,1.189782,1.154374,1.373453
2551,lm,0,17,0,1.252414,0.858983,1.075802
2553,human,0,128,0,1.330735,0.352999,0.469748
2553,human,1,6,0,1.088784,1.928057,2.099237
2553,lm,0,39,0,1.280304,0.697343,0.892810
2554,human,0,71,0,1.611692,0.562954,0.907308
2554,lm,0,75,0,1.610326,0.549581,0.885004
2555,human,0,37,0,1.379419,1.054601,1.454737
2555,lm,0,18,0,1.259103,0.896024,1.128187
2556,human,0,78,0,1.177966,0.797367,0.939271
2556,lm,0,58,0,1.428166,0.560080,0.799887
2557,human,0,128,0,1.058055,2.223461,2.352544
2557,human,1,128,0,1.146270,1.777782,2.037818
2557,human,2,128,0,1.194300,1.321484,1.578248
2557,human,3,128,0,1.165655,2.077374,2.421502
2557,human,4,128,0,1.253241,1.286126,1.611826
2557,human,5,33,0,1.181880,1.935573,2.287614
2557,lm,0,78,0,1.465058,0.811586,1.189021
2558,human,0,128,0,1.427135,0.743144,1.060567
2558,human,1,63,0,1.524402,0.668691,1.019355
2558,lm,0,71,0,1.639222,0.527408,0.864539
2559,human,0,128,0,1.457573,0.584083,0.851343
2559,human,1,6,0,1.140742,2.077588,2.369992
2559,lm,0,64,0,1.625495,0.339147,0.551282
256,human,0,115,0,1.460691,0.523740,0.765022
256,lm,0,128,0,1.895010,0.211533,0.400857
256,lm,1,49,0,1.492341,0.649704,0.969580
2560,human,0,128,0,1.323811,0.785891,1.040371
2560,human,1,4,0,1.066608,1.473203,1.571329
2560,lm,0,118,0,1.667980,0.412094,0.687365
2561,human,0,61,0,1.273219,0.718208,0.914435
2561,lm,0,107,0,1.594026,0.535791,0.854065
2562,human,0,128,0,1.257602,1.048278,1.318316
2562,human,1,128,0,1.253936,1.609666,2.018417
2562,human,2,128,0,1.219902,1.739140,2.121581
2562,human,3,27,0,1.224699,1.795108,2.198466
2562,lm,0,128,0,1.504479,0.484692,0.729208
2562,lm,1,128,0,1.657989,0.269963,0.447596
2562,lm,2,128,0,1.559753,0.285891,0.445920
2562,lm,3,44,0,1.265650,0.832747,1.053967
2563,human,0,44,0,1.492205,0.863944,1.289182
2563,lm,0,34,0,1.549480,0.778184,1.205780
2564,human,0,115,0,1.320162,0.720695,0.951434
2564,lm,0,28,0,1.423174,0.673114,0.957958
2565,human,0,128,0,1.274679,0.827273,1.054508
2565,human,1,70,0,1.126348,1.705141,1.920583
2565,lm,0,46,0,1.501898,0.450752,0.676983
2566,human,0,128,0,1.297352,0.866422,1.124053
2566,human,1,128,0,1.408354,0.825682,1.162852
2566,human,2,128,0,1.171054,1.654087,1.937026
2566,human,3,128,0,1.298919,0.841961,1.093638
2566,human,4,128,0,1.257745,1.413687,1.778058
2566,human,5,128,0,1.318210,1.084322,1.429364
2566,human,6,13,0,1.358447,2.484907,3.375614
2566,lm,0,42,0,1.414004,0.922029,1.303753
257,human,0,26,0,1.210292,0.919005,1.112264
257,lm,0,47,0,1.320929,1.306325,1.725563
2571,human,0,128,0,1.382986,0.730110,1.009732
2571,human,1,31,0,1.282440,0.703369,0.902029
2571,lm,0,118,0,2.038555,0.262393,0.534903
2572,human,0,39,0,1.318384,0.950202,1.252731
2572,lm,0,10,0,1.156953,1.694495,1.960452
2573,human,0,128,0,1.167141,1.253756,1.463310
2573,human,1,96,0,1.251155,1.147759,1.436024
2573,lm,0,70,0,1.841463,0.337902,0.622234
2574,human,0,128,0,1.182717,1.043399,1.234046
2574,human,1,128,0,1.159662,0.971461,1.126567
2574,human,2,128,0,1.047128,1.856895,1.944406
2574,human,3,128,0,1.075811,1.526198,1.641900
2574,human,4,128,0,1.314217,0.618966,0.813456
2574,human,5,128,0,1.273250,0.750237,0.955240
2574,human,6,128,0,1.123515,1.389551,1.561181
2574,human,7,128,0,1.169126,1.126549,1.317078
2574,human,8,128,0,1.079513,1.518615,1.639365
2574,human,9,128,0,1.233494,0.919382,1.134052
2574,human,10,9,0,1.031787,1.975486,2.038281
2574,lm,0,128,0,1.418239,0.779671,1.105760
2574,lm,1,103,0,1.498906,0.499788,0.749136
2575,human,0,128,0,1.266254,1.069907,1.354775
2575,human,1,128,0,1.494648,0.638988,0.955062
2575,human,2,25,0,1.241400,0.800345,0.993548
2575,lm,0,110,0,1.605668,0.487435,0.782659
2576,human,0,128,0,1.579718,0.398436,0.629416
2576,human,1,128,0,1.324949,1.030045,1.364757
2576,human,2,128,0,1.354189,0.592696,0.802623
2576,human,3,128,0,1.648882,0.409960,0.675976
2576,human,4,106,0,1.337380,0.481328,0.643718
2576,lm,0,128,0,1.465538,0.763217,1.118524
2576,lm,1,128,0,1.421272,0.488853,0.694792
2576,lm,2,36,0,1.180810,0.683330,0.806883
2577,human,0,26,0,1.408463,0.924864,1.302637
2577,lm,0,76,0,2.081925,0.379996,0.791124
2579,human,0,128,0,1.313420,0.898902,1.180636
2579,human,1,6,0,1.187708,1.231626,1.462812
2579,lm,0,10,0,1.213625,1.060380,1.286903
258,human,0,128,0,1.355540,0.924070,1.252614
258,human,1,16,0,1.102999,2.105702,2.322587
258,lm,0,43,0,1.399934,0.891799,1.248459
2581,human,0,103,0,1.397207,0.573393,0.801149
2581,lm,0,128,0,2.071389,0.149846,0.310390
2581,lm,1,47,0,1.540979,0.550034,0.847591
2582,human,0,123,0,1.665579,0.376318,0.626788
2582,lm,0,6,0,1.174069,1.693264,1.988009
2583,human,0,128,0,1.476524,0.735497,1.085979
2583,human,1,128,0,1.452032,0.796430,1.156442
2583,human,2,116,0,1.348569,0.649307,0.875636
2583,lm,0,74,0,1.518567,0.523703,0.795279
2584,human,0,128,0,1.335555,0.762120,1.017853
2584,human,1,33,0,1.178690,1.372603,1.617873
2584,lm,0,69,0,1.485050,0.390589,0.580044
2585,human,0,128,0,1.352061,0.732366,0.990203
2585,human,1,66,0,1.259582,0.697496,0.878553
2585,lm,0,48,0,1.512342,0.660278,0.998566
2586,human,0,62,0,1.605428,0.258569,0.415114
2586,lm,0,6,0,1.063697,3.402827,3.619576
2588,human,0,128,0,1.330638,0.854716,1.137318
2588,human,1,64,0,1.140846,1.397623,1.594473
2588,lm,0,61,0,1.980395,0.148567,0.294221
2589,human,0,128,0,1.257328,1.030628,1.295838
2589,human,1,55,0,1.260290,1.304334,1.643839
2589,lm,0,36,0,1.272847,1.217888,1.550186
259,human,0,53,0,1.245661,0.773332,0.963309
259,lm,0,10,0,1.181071,2.754531,3.253296
2590,human,0,103,0,1.182903,1.056057,1.249213
2590,lm,0,54,0,1.428806,0.969340,1.384998
2591,human,0,112,0,1.316696,1.014498,1.335785
2591,lm,0,60,0,1.390888,0.870828,1.211224
2593,human,0,30,0,1.345872,0.598440,0.805424
2593,lm,0,6,0,1.066895,3.500914,3.735108
2596,human,0,38,0,1.355868,0.834778,1.131849
2596,lm,0,19,0,1.133290,2.165153,2.453746
2598,human,0,119,0,1.477382,0.613273,0.906038
2598,lm,0,49,0,1.556663,0.727227,1.132048
2599,human,0,128,0,1.278830,0.870173,1.112804
2599,human,1,114,0,1.237695,1.199160,1.484194
2599,lm,0,52,0,1.292368,1.047976,1.354370
26,human,0,128,0,1.508841,0.591398,0.892325
26,human,1,63,0,1.355519,0.970453,1.315468
26,lm,0,30,0,1.665833,0.499308,0.831764
260,human,0,25,0,1.165318,1.238060,1.442734
260,lm,0,52,0,1.592870,0.637186,1.014955
2600,human,0,50,0,1.390810,0.573695,0.797900
2600,lm,0,6,0,1.189135,1.086183,1.291618
2603,human,0,37,0,1.398765,0.612562,0.856830
2603,lm,0,4,0,1.000054,2.137370,2.137484
2605,human,0,80,0,1.694871,0.745352,1.263275
2605,lm,0,128,0,1.696166,0.696902,1.182062
2605,lm,1,2,0,1.079766,3.127099,3.376534
2606,human,0,128,0,1.798711,0.428159,0.770134
2606,human,1,128,0,1.200254,1.203344,1.444318
2606,human,2,30,0,1.348600,1.298002,1.750486
2606,lm,0,10,0,1.346066,2.193385,2.952442
2607,human,0,48,0,1.542675,0.556676,0.858770
2607,lm,0,128,0,1.671487,0.400913,0.670121
2607,lm,1,13,0,1.097722,1.447661,1.589130
2608,human,0,23,0,1.130450,1.731588,1.957473
2608,lm,0,53,0,2.045526,0.524619,1.073121
2609,human,0,15,0,1.264859,1.200242,1.518137
2609,lm,0,39,0,1.411598,0.678382,0.957602
2612,human,0,43,0,1.301262,1.118276,1.455171
2612,lm,0,62,0,2.168512,0.317904,0.689379
2613,human,0,44,0,1.569662,0.454116,0.712809
2613,lm,0,32,0,1.381554,0.582476,0.804722
2614,human,0,31,0,1.517804,0.434137,0.658934
2614,lm,0,34,0,1.748772,0.326319,0.570658
2615,human,0,24,0,1.376231,0.979472,1.347980
2615,lm,0,8,0,1.039488,3.718855,3.865703
2616,human,0,122,0,1.244346,0.828697,1.031186
2616,lm,0,35,0,1.163921,1.231918,1.433855
2617,human,0,128,0,1.595139,0.598662,0.954950
2617,human,1,7,0,1.116613,1.787350,1.995778
2617,lm,0,35,0,1.600148,0.622618,0.996282
2619,human,0,128,0,1.532511,0.460996,0.706481
2619,human,1,90,0,1.276412,1.100760,1.405023
2619,lm,0,89,0,1.755299,0.418713,0.734967
262,human,0,128,0,1.542041,0.750180,1.156809
262,human,1,78,0,1.273761,0.696330,0.886958
262,lm,0,128,0,1.883762,0.378246,0.712526
262,lm,1,13,0,1.651576,0.903242,1.491773
2620,human,0,128,0,1.329851,0.782198,1.040207
2620,human,1,128,0,1.149865,1.464546,1.684030
2620,human,2,5,0,0.969055,6.109248,5.920197
2620,lm,0,24,0,1.348782,1.263024,1.703544
2621,human,0,128,0,1.184444,1.169333,1.385009
2621,human,1,128,0,1.186004,1.237608,1.467808
2621,human,2,128,0,1.505842,0.362862,0.546413
2621,human,3,128,0,1.277527,0.666973,0.852076
2621,human,4,49,0,1.220911,1.394000,1.701949
2621,lm,0,128,0,1.983301,0.247658,0.491181
2621,lm,1,128,0,1.638464,0.466868,0.764946
2621,lm,2,22,0,1.267905,1.674245,2.122784
2622,human,0,22,0,1.193392,1.100920,1.313830
2622,lm,0,102,0,1.466095,0.466954,0.684599
2623,human,0,32,0,1.506958,0.714405,1.076579
2623,lm,0,93,0,1.903674,0.381137,0.725561
2624,human,0,35,0,1.268490,1.150602,1.459528
2624,lm,0,65,0,1.421266,0.639221,0.908503
2626,human,0,44,0,1.201832,1.243311,1.494251
2626,lm,0,67,0,1.583464,0.519583,0.822741
2627,human,0,44,0,1.428620,0.747390,1.067736
2627,lm,0,25,0,1.649846,0.603106,0.995033
2629,human,0,94,0,1.285427,0.715374,0.919561
2629,lm,0,59,0,1.339444,0.727377,0.974280
263,human,0,128,0,1.277634,0.751679,0.960371
263,human,1,21,0,1.153040,1.358869,1.566831
263,lm,0,74,0,1.322940,0.953956,1.262026
2630,human,0,128,0,1.243810,0.991388,1.233098
2630,human,1,83,0,1.198235,1.827551,2.189835
2630,lm,0,72,0,1.490160,0.860457,1.282218
2631,human,0,128,0,1.299852,0.781160,1.015392
2631,human,1,83,0,1.232680,0.906886,1.117900
2631,lm,0,50,0,1.474910,0.462188,0.681685
2632,human,0,128,0,1.323310,0.982665,1.300370
2632,human,1,128,0,1.173302,1.550539,1.819251
2632,human,2,76,0,1.216875,1.131191,1.376518
2632,lm,0,128,0,1.591274,0.419935,0.668231
2632,lm,1,107,0,1.497609,0.491900,0.736674
2633,human,0,42,0,1.171727,1.150783,1.348404
2633,lm,0,45,0,1.338601,0.875947,1.172544
2634,human,0,63,0,1.583664,0.486672,0.770725
2634,lm,0,28,0,1.782769,0.404453,0.721046
2635,human,0,128,0,1.347863,1.156965,1.559431
2635,human,1,128,0,1.390673,0.990256,1.377122
2635,human,2,128,0,1.478635,0.931199,1.376903
2635,human,3,128,0,1.336242,1.094225,1.462149
2635,human,4,95,0,1.354891,1.111809,1.506380
2635,lm,0,128,0,1.715629,0.498372,0.855022
2635,lm,1,128,0,1.848112,0.416731,0.770166
2635,lm,2,31,0,1.307506,1.245637,1.628678
2636,human,0,55,0,1.176343,1.027463,1.208649
2636,lm,0,10,0,1.093655,2.946617,3.222583
2637,human,0,29,0,1.156441,1.864435,2.156109
2637,lm,0,25,0,1.376463,1.563092,2.151539
2639,human,0,128,0,1.136889,1.139327,1.295288
2639,human,1,71,0,1.123622,1.141372,1.282471
2639,lm,0,67,0,1.330997,0.833811,1.109800
264,human,0,128,0,1.345023,0.528684,0.711093
264,human,1,109,0,1.503293,0.432335,0.649926
264,lm,0,61,0,1.361078,0.893325,1.215885
2640,human,0,128,0,1.487935,0.578440,0.860681
2640,human,1,53,0,1.320708,1.014867,1.340344
2640,lm,0,95,0,1.670621,0.555243,0.927601
2641,human,0,128,0,1.486637,0.535441,0.796006
2641,human,1,88,0,1.362249,1.371153,1.867851
2641,lm,0,66,0,1.381700,0.742597,1.026046
2642,human,0,128,0,1.231548,1.154348,1.421635
2642,human,1,128,0,1.432904,0.709804,1.017081
2642,human,2,57,0,1.338155,0.955411,1.278488
2642,lm,0,69,0,1.551610,0.842907,1.307863
2643,human,0,128,0,1.329776,0.536025,0.712794
2643,human,1,56,0,1.336736,0.888597,1.187820
2643,lm,0,9,0,1.127421,2.561687,2.888099
2644,human,0,128,0,1.301883,1.232652,1.604769
2644,human,1,128,0,1.360440,1.114393,1.516065
2644,human,2,128,0,1.398894,1.141833,1.597304
2644,human,3,29,0,1.225232,1.582485,1.938911
2644,lm,0,126,0,1.574271,0.418741,0.659212
2645,human,0,71,0,1.235592,1.157864,1.430648
2645,lm,0,94,0,1.901771,0.346007,0.658026
2646,human,0,128,0,1.337062,0.756449,1.011420
2646,human,1,128,0,1.224127,1.337699,1.637514
2646,human,2,128,0,1.266945,1.187838,1.504926
2646,human,3,128,0,1.250818,1.100382,1.376377
2646,human,4,74,0,1.265599,1.307687,1.655007
2646,lm,0,16,0,1.354680,0.748601,1.014116
2647,human,0,28,0,1.340156,0.663075,0.888624
2647,lm,0,63,0,2.021035,0.330129,0.667202
2648,human,0,73,0,1.232363,0.894676,1.102565
2648,lm,0,67,0,1.345499,0.852955,1.147650
2649,human,0,128,0,1.567453,0.448369,0.702797
2649,human,1,128,0,1.541829,0.477278,0.735880
2649,human,2,4,0,1.500676,0.534641,0.802323
2649,lm,0,128,0,1.627725,0.421746,0.686487
2649,lm,1,128,0,1.722510,0.429280,0.739439
2649,lm,2,84,0,1.841981,0.339396,0.625160
265,human,0,128,0,1.470054,0.597792,0.878787
265,human,1,120,0,1.558356,0.454229,0.707850
265,lm,0,83,0,1.348716,0.449793,0.606643
2650,human,0,118,0,1.264227,1.215763,1.537001
2650,lm,0,44,0,1.212025,1.166680,1.414045
2651,human,0,128,0,1.367383,0.716532,0.979774
2651,human,1,109,0,1.481908,0.561089,0.831482
2651,lm,0,128,0,1.826787,0.305964,0.558931
2651,lm,1,27,0,1.465046,0.852279,1.248628
2652,human,0,128,0,1.814645,0.384424,0.697594
2652,human,1,128,0,1.375840,0.734737,1.010880
2652,human,2,128,0,1.397952,0.865455,1.209864
2652,human,3,70,0,1.203766,1.686610,2.030283
2652,lm,0,94,0,2.019206,0.428491,0.865212
2653,human,0,128,0,1.254116,0.839643,1.053010
2653,human,1,128,0,0.993847,1.464854,1.455841
2653,human,2,15,0,1.089209,1.414685,1.540887
2653,lm,0,6,0,1.036583,4.844682,5.021914
2654,human,0,23,0,1.177424,1.365500,1.607772
2654,lm,0,85,0,1.593490,0.402618,0.641568
2655,human,0,62,0,1.211101,1.126941,1.364840
2655,lm,0,24,0,1.291500,0.980514,1.266334
2656,human,0,128,0,1.239765,0.871123,1.079988
2656,human,1,61,0,1.236121,1.717726,2.123316
2656,lm,0,24,0,1.358403,0.466188,0.633272
2657,human,0,81,0,1.297483,1.205788,1.564489
2657,lm,0,74,0,1.568272,0.709288,1.112356
2659,human,0,76,0,1.767622,0.240393,0.424924
2659,lm,0,68,0,1.707119,0.377825,0.644993
2660,human,0,28,0,1.245845,0.766747,0.955249
2660,lm,0,61,0,1.906619,0.381439,0.727259
2661,human,0,98,0,1.384494,0.898157,1.243493
2661,lm,0,88,0,1.410577,0.800491,1.129154
2662,human,0,128,0,1.373463,0.999040,1.372144
2662,human,1,128,0,1.711325,0.692621,1.185301
2662,human,2,128,0,1.428492,0.784253,1.120299
2662,human,3,128,0,1.234383,1.265540,1.562161
2662,human,4,128,0,1.481879,0.656693,0.973140
2662,human,5,128,0,1.424871,0.688721,0.981338
2662,human,6,91,0,1.616328,0.755992,1.221931
2662,lm,0,40,0,2.015617,0.224980,0.453474
2663,human,0,108,0,1.476259,0.627626,0.926539
2663,lm,0,24,0,1.289676,1.366804,1.762734
2665,human,0,23,0,1.168286,1.348355,1.575264
2665,lm,0,39,0,1.530300,0.558375,0.854481
2666,human,0,46,0,1.463053,0.715476,1.046779
2666,lm,0,128,0,2.365443,0.129479,0.306275
2666,lm,1,70,0,1.637419,0.428877,0.702252
2667,human,0,118,0,1.262927,0.691487,0.873298
2667,lm,0,73,0,1.490322,0.425563,0.634226
2668,human,0,104,0,1.370640,0.713499,0.977951
2668,lm,0,48,0,1.326401,0.765531,1.015401
2669,human,0,21,0,1.266436,1.027825,1.301674
2669,lm,0,6,0,1.097262,1.551442,1.702338
267,human,0,128,0,1.482985,0.928194,1.376498
267,human,1,78,0,1.471905,1.041793,1.533421
267,lm,0,87,0,1.427274,0.512259,0.731134
2670,human,0,128,0,1.523159,0.744978,1.134721
2670,human,1,128,0,1.554638,0.712093,1.107048
2670,human,2,98,0,1.320447,0.764102,1.008956
2670,lm,0,107,0,1.833143,0.472283,0.865763
2672,human,0,116,0,1.372999,0.600202,0.824076
2672,lm,0,94,0,1.699686,0.361478,0.614399
2673,human,0,24,0,1.281872,0.825100,1.057673
2673,lm,0,53,0,1.632793,0.470369,0.768015
2675,human,0,36,0,1.365665,0.555054,0.758017
2675,lm,0,25,0,1.545829,0.518669,0.801774
2677,human,0,83,0,1.433080,0.631802,0.905422
2677,lm,0,9,0,1.125769,2.374062,2.672646
2678,human,0,24,0,1.155236,1.258732,1.454133
2678,lm,0,10,0,1.026066,5.746596,5.896385
2679,human,0,73,0,1.397512,0.796454,1.113054
2679,lm,0,32,0,1.351528,0.577498,0.780504
268,human,0,128,0,1.374517,0.771009,1.059765
268,human,1,128,0,1.253637,1.432711,1.796099
268,human,2,128,0,1.310268,1.180278,1.546481
268,human,3,128,0,1.370684,0.919079,1.259768
268,human,4,128,0,1.265912,1.573691,1.992155
268,human,5,128,0,1.274839,1.532584,1.953798
268,human,6,96,0,1.317057,1.266948,1.668642
268,lm,0,128,0,1.687515,0.489902,0.826717
268,lm,1,20,0,1.466283,1.252622,1.836698
2680,human,0,49,0,1.264578,0.797045,1.007925
2680,lm,0,6,0,1.078764,1.222567,1.318861
2681,human,0,128,0,1.371138,0.740652,1.015536
2681,human,1,26,0,1.282905,1.665628,2.136843
2681,lm,0,57,0,1.540250,0.487440,0.750779
2682,human,0,128,0,1.413780,0.581926,0.822715
2682,human,1,128,0,1.243377,0.969384,1.205310
2682,human,2,46,0,1.133159,1.997261,2.263215
2682,lm,0,119,0,1.486137,0.391962,0.582510
2683,human,0,16,0,1.235974,1.021500,1.262547
2683,lm,0,42,0,1.594997,0.558325,0.890527
2684,human,0,128,0,1.330098,0.757946,1.008143
2684,human,1,128,0,1.267942,0.952219,1.207358
2684,human,2,107,0,1.235761,1.108183,1.369449
2684,lm,0,128,0,1.850473,0.364712,0.674890
2684,lm,1,128,0,1.793514,0.440672,0.790352
2684,lm,2,9,0,1.137518,1.562463,1.777330
2685,human,0,127,0,1.323046,0.530251,0.701547
2685,lm,0,47,0,1.626460,0.570190,0.927391
2686,human,0,128,0,1.632398,0.566878,0.925371
2686,human,1,32,0,1.287830,1.723697,2.219829
2686,lm,0,85,0,2.056425,0.316848,0.651574
2687,human,0,128,0,1.307842,0.996937,1.303836
2687,human,1,128,0,1.202794,1.880915,2.262354
2687,human,2,123,0,1.290540,1.165612,1.504269
2687,lm,0,55,0,1.598676,0.688910,1.101344
2688,human,0,43,0,1.348767,0.909022,1.226059
2688,lm,0,82,0,2.161295,0.365491,0.789934
2689,human,0,128,0,1.460548,0.659936,0.963868
2689,human,1,128,0,1.297469,1.124413,1.458892
2689,human,2,114,0,1.344885,0.888084,1.194371
2689,lm,0,101,0,1.829764,0.367159,0.671814
269,human,0,87,0,1.412807,0.699520,0.988286
269,lm,0,65,0,1.493596,0.545770,0.815161
2690,human,0,53,0,1.685664,0.655975,1.105754
2690,lm,0,53,0,1.750610,0.588114,1.029558
2691,human,0,118,0,1.266438,0.756276,0.957776
2691,lm,0,10,0,1.198510,2.276577,2.728502
2692,human,0,89,0,1.297522,1.097368,1.423860
2692,lm,0,20,0,1.305710,1.087463,1.419911
2693,human,0,41,0,1.253699,0.759887,0.952670
2693,lm,0,81,0,2.170284,0.229011,0.497019
2694,human,0,128,0,1.428324,0.612209,0.874433
2694,human,1,128,0,1.485587,0.640820,0.951994
2694,human,2,17,0,1.088215,1.144679,1.245656
2694,lm,0,128,0,2.096764,0.344880,0.723132
2694,lm,1,128,0,1.967480,0.271335,0.533847
2694,lm,2,1,0,1.000000,1.609438,1.609438
2695,human,0,128,0,1.368756,0.805485,1.102513
2695,human,1,50,0,1.266093,0.877400,1.110870
2695,lm,0,40,0,1.467857,1.197474,1.757721
2696,human,0,128,0,1.437462,0.763256,1.097152
2696,human,1,128,0,1.260065,0.995794,1.254765
2696,human,2,128,0,1.208857,1.463086,1.768661
2696,human,3,128,0,1.308677,1.479560,1.936266
2696,human,4,128,0,1.274598,1.077108,1.372880
2696,human,5,91,0,1.328170,1.316785,1.748914
2696,lm,0,105,0,1.443915,0.473980,0.684387
2697,human,0,24,0,1.217755,1.085436,1.321795
2697,lm,0,49,0,1.594066,0.479458,0.764288
2698,human,0,128,0,1.309243,0.691837,0.905783
2698,human,1,128,0,1.521281,0.762000,1.159216
2698,human,2,128,0,1.553309,0.974035,1.512978
2698,human,3,60,0,1.597054,0.673901,1.076256
2698,lm,0,7,0,1.157188,0.847096,0.980249
2699,human,0,128,0,1.416264,0.411068,0.582180
2699,lm,0,61,0,1.291643,0.562527,0.726584
2700,human,0,77,0,1.532074,0.510830,0.782629
2700,lm,0,31,0,1.471583,0.492322,0.724493
2701,human,0,87,0,1.377271,1.059840,1.459686
2701,lm,0,62,0,1.348174,0.710772,0.958244
2702,human,0,128,0,1.383771,1.081255,1.496209
2702,human,1,128,0,1.610654,0.772573,1.244348
2702,human,2,106,0,1.327598,1.347724,1.789236
2702,lm,0,11,0,1.225543,1.919718,2.352698
2703,human,0,84,0,1.401860,0.737265,1.033543
2703,lm,0,128,0,2.334579,0.176413,0.411850
2703,lm,1,128,0,2.034454,0.175938,0.357939
2703,lm,2,105,0,1.650187,0.234860,0.387564
2704,human,0,128,0,1.709284,0.376770,0.644008
2704,human,1,32,0,1.363738,1.188602,1.620941
2704,lm,0,44,0,1.391923,0.991026,1.379432
2705,human,0,92,0,1.764522,0.483805,0.853685
2705,lm,0,36,0,1.574749,0.479565,0.755194
2706,human,0,128,0,1.362808,0.787124,1.072699
2706,human,1,94,0,1.256179,1.264947,1.589000
2706,lm,0,118,0,1.572915,0.530862,0.835001
2707,human,0,83,0,1.431026,0.523485,0.749121
2707,lm,0,17,0,1.298853,1.055014,1.370308
2708,human,0,16,0,1.213134,1.159497,1.406625
2708,lm,0,12,0,1.104875,2.192046,2.421936
2709,human,0,128,0,1.345304,0.682307,0.917910
2709,human,1,128,0,1.304898,0.797417,1.040547
2709,human,2,36,0,1.230347,0.976145,1.200997
2709,lm,0,81,0,1.475323,0.517841,0.763983
2710,human,0,13,0,1.406208,0.826079,1.161639
2710,lm,0,98,0,1.664105,0.590347,0.982399
2711,human,0,58,0,1.223745,1.109957,1.358305
2711,lm,0,39,0,1.758557,0.598451,1.052410
2712,human,0,43,0,1.313885,1.023931,1.345327
2712,lm,0,68,0,1.873009,0.581871,1.089850
2713,human,0,115,0,1.449605,0.663393,0.961658
2713,lm,0,49,0,1.532651,0.692621,1.061546
2714,human,0,126,0,1.608246,0.296665,0.477110
2714,lm,0,60,0,1.295714,0.833242,1.079644
2715,human,0,14,0,1.104211,1.389156,1.533921
2715,lm,0,35,0,1.570131,0.465900,0.731524
2716,human,0,63,0,1.381019,0.439413,0.606838
2716,lm,0,92,0,1.753628,0.268743,0.471276
2718,human,0,128,0,1.174783,1.087458,1.277527
2718,human,1,27,0,1.102240,2.334386,2.573054
2718,lm,0,128,0,1.683853,0.452381,0.761744
2718,lm,1,106,0,1.551656,0.495147,0.768297
2719,human,0,18,0,1.129196,1.693267,1.912031
2719,lm,0,128,0,1.626589,0.535887,0.871668
2719,lm,1,27,0,1.227840,1.494157,1.834585
272,human,0,62,0,1.687722,0.435453,0.734925
272,lm,0,53,0,1.703201,0.366029,0.623421
2721,human,0,128,0,1.447516,0.626830,0.907346
2721,human,1,128,0,1.246985,1.240113,1.546402
2721,human,2,41,0,1.230792,1.282723,1.578765
2721,lm,0,63,0,1.459534,0.664969,0.970545
2722,human,0,54,0,1.519678,0.570381,0.866796
2722,lm,0,81,0,1.868825,0.370461,0.692327
2723,human,0,128,0,1.246861,0.812765,1.013404
2723,human,1,19,0,1.253767,1.596310,2.001401
2723,lm,0,37,0,1.368966,0.851532,1.165717
2724,human,0,65,0,1.507108,0.813399,1.225879
2724,lm,0,47,0,1.386395,0.843966,1.170070
2725,human,0,128,0,1.280513,1.031519,1.320873
2725,human,1,8,0,1.101039,1.641536,1.807395
2725,lm,0,128,0,1.556573,0.440628,0.685869
2725,lm,1,26,0,1.229544,1.199869,1.475292
2726,human,0,20,0,1.145732,1.783988,2.043973
2726,lm,0,14,0,1.169353,1.452129,1.698051
2727,human,0,76,0,1.581385,0.625960,0.989884
2727,lm,0,71,0,1.436534,0.890782,1.279639
2728,human,0,49,0,1.397585,0.790206,1.104380
2728,lm,0,128,0,1.757337,0.377255,0.662965
2728,lm,1,31,0,1.486601,0.879693,1.307752
2729,human,0,88,0,1.492921,0.603277,0.900646
2729,lm,0,75,0,1.791217,0.362333,0.649017
273,human,0,119,0,1.437950,0.705285,1.014166
273,lm,0,101,0,1.436059,0.670005,0.962166
2730,human,0,128,0,1.290102,0.756608,0.976101
2730,human,1,59,0,1.273416,0.935634,1.191451
2730,lm,0,68,0,1.901336,0.302039,0.574277
2731,human,0,69,0,1.773108,0.220722,0.391364
2731,lm,0,40,0,2.169357,0.198220,0.430010
2732,human,0,108,0,1.428973,0.643233,0.919162
2732,lm,0,7,0,1.039890,2.108277,2.192376
2733,human,0,78,0,1.327536,0.420761,0.558575
2733,lm,0,56,0,1.589582,0.216523,0.344181
2734,human,0,128,0,1.474503,0.740373,1.091683
2734,human,1,128,0,1.395128,0.708278,0.988139
2734,human,2,4,0,1.177849,0.965247,1.136915
2734,lm,0,40,0,1.401875,0.697538,0.977860
2735,human,0,128,0,1.171433,1.128730,1.322231
2735,human,1,73,0,1.124610,1.543667,1.736024
2735,lm,0,31,0,1.321606,1.108450,1.464935
2736,human,0,16,0,1.233908,0.736550,0.908835
2736,lm,0,14,0,1.308802,0.898420,1.175854
2737,human,0,128,0,1.348784,0.643030,0.867309
2737,human,1,128,0,1.289453,0.619710,0.799087
2737,human,2,94,0,1.240739,1.187858,1.473821
2737,lm,0,11,0,1.143130,1.296112,1.481625
2738,human,0,128,0,1.414464,0.728816,1.030884
2738,human,1,57,0,1.373256,0.899956,1.235871
2738,lm,0,11,0,1.243122,2.065188,2.567281
2739,human,0,108,0,1.406272,0.715111,1.005641
2739,lm,0,77,0,2.092781,0.315940,0.661193
274,human,0,63,0,1.346155,0.983822,1.324376
274,lm,0,93,0,1.745793,0.475420,0.829984
2740,human,0,87,0,1.447308,0.560170,0.810738
2740,lm,0,54,0,1.393950,0.598736,0.834608
2741,human,0,54,0,1.397610,0.899811,1.257584
2741,lm,0,10,0,1.415883,1.005622,1.423843
2742,human,0,128,0,1.398618,0.684357,0.957154
2742,human,1,128,0,1.433920,0.728596,1.044748
2742,human,2,2,0,1.133441,2.252972,2.553612
2742,lm,0,128,0,2.045681,0.269299,0.550900
2742,lm,1,93,0,1.625598,0.459010,0.746166
2743,human,0,128,0,1.304800,1.006932,1.313844
2743,human,1,128,0,1.231188,1.127327,1.387952
2743,human,2,128,0,1.313415,1.425339,1.872062
2743,human,3,65,0,1.202919,2.113598,2.542487
2743,lm,0,91,0,1.543098,0.463376,0.715034
2744,human,0,128,0,1.095203,1.587234,1.738343
2744,human,1,128,0,1.174665,1.603847,1.883982
2744,human,2,40,0,1.162999,2.357773,2.742088
2744,lm,0,45,0,1.378217,0.755914,1.041814
2746,human,0,128,0,1.582960,0.657636,1.041012
2746,human,1,2,0,0.932856,8.027476,7.488482
2746,lm,0,15,0,1.193834,1.221669,1.458470
2747,human,0,128,0,1.654078,0.356534,0.589735
2747,human,1,21,0,1.169665,1.267591,1.482656
2747,lm,0,7,0,1.150462,0.721915,0.830535
2748,human,0,94,0,1.446858,0.530207,0.767135
2748,lm,0,82,0,1.617696,0.456141,0.737898
2749,human,0,24,0,1.088642,1.545861,1.682889
2749,lm,0,46,0,1.363828,0.777193,1.059957
275,human,0,16,0,1.183180,1.247916,1.476509
275,lm,0,31,0,1.320690,0.797567,1.053339
2750,human,0,32,0,1.231494,1.422420,1.751702
2750,lm,0,17,0,1.206623,1.046498,1.262729
2751,human,0,107,0,1.960809,0.216903,0.425305
2751,lm,0,79,0,1.468389,0.739015,1.085162
2752,human,0,24,0,1.212447,0.944913,1.145657
2752,lm,0,128,0,1.722765,0.499997,0.861377
2752,lm,1,59,0,1.266073,1.769789,2.240682
2753,human,0,128,0,1.211947,1.110738,1.346156
2753,human,1,128,0,1.252915,1.181664,1.480524
2753,human,2,128,0,1.152159,1.842097,2.122390
2753,human,3,128,0,1.216161,1.374483,1.671593
2753,human,4,128,0,1.288163,0.852528,1.098195
2753,human,5,41,0,1.175851,1.164400,1.369161
2753,lm,0,69,0,1.277219,0.774970,0.989807
2754,human,0,44,0,1.493753,1.518278,2.267933
2754,lm,0,128,0,1.305237,0.696744,0.909416
2754,lm,1,81,0,1.374313,0.822055,1.129760
2755,human,0,55,0,1.323959,0.664336,0.879553
2755,lm,0,74,0,1.974836,0.237913,0.469840
2756,human,0,22,0,1.396101,1.185592,1.655205
2756,lm,0,60,0,1.698500,0.596382,1.012954
2757,human,0,44,0,1.377604,0.970289,1.336674
2757,lm,0,43,0,1.885760,0.500407,0.943647
2758,human,0,119,0,1.468287,0.549755,0.807198
2758,lm,0,40,0,1.278290,1.319954,1.687284
2759,human,0,128,0,1.245903,0.797418,0.993506
2759,human,1,48,0,1.213656,0.933039,1.132388
2759,lm,0,128,0,1.583410,0.409471,0.648360
2759,lm,1,105,0,1.425951,0.420391,0.599457
276,human,0,128,0,1.372797,0.605217,0.830840
276,human,1,128,0,1.295737,1.085099,1.406002
276,human,2,128,0,1.252968,1.144348,1.433831
276,human,3,86,0,1.200266,0.850306,1.020594
276,lm,0,41,0,1.368472,0.719830,0.985067
2760,human,0,10,0,1.084735,1.603145,1.738987
2760,lm,0,19,0,1.227203,1.171682,1.437892
2761,human,0,50,0,1.382432,0.447373,0.618463
2761,lm,0,18,0,1.405609,0.829758,1.166315
2762,human,0,35,0,1.410097,1.091995,1.539819
2762,lm,0,42,0,1.772069,0.581373,1.030233
2763,human,0,128,0,1.531606,0.599303,0.917896
2763,human,1,62,0,1.228421,1.352353,1.661259
2763,lm,0,54,0,1.384315,0.897236,1.242057
2764,human,0,27,0,1.333209,0.857868,1.143717
2764,lm,0,106,0,1.794336,0.358252,0.642824
2765,human,0,128,0,1.360053,0.523584,0.712102
2765,human,1,21,0,1.068828,2.934811,3.136808
2765,lm,0,21,0,1.266758,0.633206,0.802118
2766,human,0,128,0,1.382187,0.652776,0.902258
2766,human,1,2,0,3.348493,0.549306,1.839348
2766,lm,0,30,0,1.458589,0.468815,0.683808
2767,human,0,55,0,1.192168,1.230970,1.467523
2767,lm,0,31,0,1.410269,0.683828,0.964382
2768,human,0,128,0,1.461336,0.758050,1.107766
2768,human,1,116,0,1.359085,0.832459,1.131382
2768,lm,0,71,0,1.749974,0.328018,0.574023
2769,human,0,128,0,1.259036,1.021003,1.285479
2769,human,1,128,0,1.131725,1.667202,1.886814
2769,human,2,128,0,1.234488,1.331238,1.643398
2769,human,3,24,0,1.101883,1.969121,2.169742
2769,lm,0,97,0,1.420809,0.747261,1.061716
277,human,0,113,0,1.600872,0.435478,0.697145
277,lm,0,128,0,2.061374,0.277279,0.571576
2770,human,0,88,0,1.242240,0.816893,1.014777
2770,lm,0,20,0,1.367741,1.193104,1.631858
2771,human,0,44,0,1.425563,0.818885,1.167372
2771,lm,0,20,0,1.185493,1.752869,2.078015
2772,human,0,128,0,1.418750,0.826173,1.172134
2772,human,1,55,0,1.242712,1.442497,1.792609
2772,lm,0,63,0,1.483818,0.592623,0.879344
2773,human,0,27,0,1.163770,1.579219,1.837848
2773,lm,0,49,0,1.365744,0.662585,0.904922
2774,human,0,92,0,1.381139,0.606296,0.837379
2774,lm,0,58,0,1.259076,1.433871,1.805352
2775,human,0,128,0,1.389848,1.002153,1.392841
2775,human,1,14,0,1.082929,1.297153,1.404724
2775,lm,0,48,0,1.389116,1.088157,1.511577
2776,human,0,69,0,1.515601,0.533025,0.807853
2776,lm,0,57,0,1.614558,0.508071,0.820310
2777,human,0,128,0,1.419948,0.771094,1.094913
2777,human,1,128,0,1.252362,0.953190,1.193738
2777,human,2,128,0,1.125194,2.132363,2.399322
2777,human,3,128,0,1.242455,1.069528,1.328841
2777,human,4,128,0,1.350527,0.704636,0.951630
2777,human,5,128,0,1.195361,1.378272,1.647532
2777,human,6,128,0,1.128535,2.025985,2.286395
2777,human,7,128,0,1.169062,1.603355,1.874421
2777,human,8,128,0,1.068285,1.987075,2.122763
2777,human,9,82,0,1.280018,1.422182,1.820419
2777,lm,0,128,0,1.679568,0.458426,0.769957
2777,lm,1,105,0,1.357180,0.835895,1.134460
2779,human,0,124,0,1.529804,0.709563,1.085492
2779,lm,0,70,0,1.665032,0.638701,1.063458
278,human,0,41,0,1.393611,0.627607,0.874640
278,lm,0,128,0,1.476023,0.596689,0.880727
278,lm,1,2,0,1.381825,1.257609,1.737796
2780,human,0,66,0,1.364740,0.919303,1.254609
2780,lm,0,53,0,1.423894,1.085626,1.545817
2781,human,0,128,0,1.225767,1.124531,1.378413
2781,human,1,128,0,1.374711,0.669725,0.920679
2781,human,2,128,0,1.206184,0.859368,1.036555
2781,human,3,117,0,1.242070,0.815533,1.012949
2781,lm,0,70,0,1.475422,0.495915,0.731685
2782,human,0,128,0,1.366634,0.761944,1.041298
2782,human,1,128,0,1.310602,0.729461,0.956034
2782,human,2,128,0,1.322303,0.686792,0.908147
2782,human,3,46,0,1.216791,0.892150,1.085560
2782,lm,0,128,0,1.499485,0.524474,0.786441
2782,lm,1,64,0,1.144658,1.262218,1.444808
2783,human,0,109,0,1.287818,0.668414,0.860795
2783,lm,0,87,0,1.981943,0.281135,0.557194
2784,human,0,128,0,1.239209,1.286922,1.594765
2784,human,1,48,0,1.295195,1.769144,2.291387
2784,lm,0,117,0,1.836649,0.388347,0.713256
2785,human,0,72,0,1.238344,0.570324,0.706258
2785,lm,0,59,0,1.439658,0.321303,0.462567
2786,human,0,39,0,1.416374,0.744430,1.054391
2786,lm,0,27,0,1.401671,0.793394,1.112077
2787,human,0,13,0,1.190882,1.437538,1.711939
2787,lm,0,69,0,1.885509,0.441206,0.831897
2788,human,0,128,0,1.179374,1.332859,1.571940
2788,human,1,128,0,1.287364,1.385480,1.783617
2788,human,2,128,0,1.297976,1.091886,1.417242
2788,human,3,103,0,1.411554,1.175078,1.658686
2788,lm,0,106,0,1.926424,0.526212,1.013706
2789,human,0,66,0,1.622983,0.754105,1.223900
2789,lm,0,20,0,1.339893,1.467505,1.966299
279,human,0,128,0,1.338786,0.547989,0.733640
279,human,1,8,0,0.959439,3.276489,3.143591
279,lm,0,31,0,1.365876,0.824874,1.126677
2791,human,0,126,0,1.475635,0.438594,0.647205
2791,lm,0,34,0,1.402538,0.510073,0.715397
2793,human,0,42,0,1.276744,0.991052,1.265320
2793,lm,0,8,0,1.035446,2.881564,2.983704
2794,human,0,128,0,1.230247,1.100930,1.354415
2794,human,1,25,0,1.402113,1.455592,2.040905
2794,lm,0,70,0,1.499154,0.779924,1.169225
2796,human,0,128,0,1.376160,0.761612,1.048099
2796,human,1,128,0,1.307547,1.093878,1.430297
2796,human,2,128,0,1.185689,1.793193,2.126170
2796,human,3,69,0,1.281288,1.050012,1.345367
2796,lm,0,25,0,1.570992,0.534632,0.839903
2797,human,0,16,0,1.318924,0.742050,0.978708
2797,lm,0,8,0,1.179004,2.022383,2.384399
2798,human,0,88,0,1.433361,0.440998,0.632109
2798,lm,0,119,0,1.794220,0.460575,0.826373
2799,human,0,121,0,1.347195,0.967385,1.303257
2799,lm,0,128,0,1.779552,0.405557,0.721711
2799,lm,1,116,0,1.476145,0.871125,1.285907
28,human,0,110,0,1.310149,0.580982,0.761172
28,lm,0,65,0,1.614560,0.516622,0.834118
280,human,0,95,0,1.319907,0.667503,0.881042
280,lm,0,43,0,1.395783,0.741779,1.035363
2800,human,0,21,0,1.265057,0.860527,1.088616
2800,lm,0,28,0,1.590885,0.422751,0.672548
2801,human,0,128,0,1.355247,0.869724,1.178691
2801,human,1,128,0,1.418667,0.951239,1.349491
2801,human,2,114,0,1.372337,1.163606,1.596859
2801,lm,0,128,0,1.686593,0.419444,0.707432
2801,lm,1,75,0,1.467458,0.702908,1.031488
2802,human,0,69,0,1.404916,0.513197,0.720999
2802,lm,0,10,0,1.188228,1.975675,2.347553
2804,human,0,70,0,1.811983,0.305892,0.554271
2804,lm,0,128,0,1.671905,0.327007,0.546725
2804,lm,1,28,0,1.245359,1.580723,1.968568
2806,human,0,63,0,1.342996,1.186151,1.592996
2806,lm,0,82,0,2.067800,0.352178,0.728235
2807,human,0,128,0,1.215554,1.130455,1.374129
2807,human,1,128,0,1.200204,0.888589,1.066488
2807,human,2,128,0,1.140055,1.325803,1.511489
2807,human,3,40,0,1.284761,0.946364,1.215852
2807,lm,0,84,0,1.576679,0.634481,1.000373
2808,human,0,65,0,1.328499,0.763117,1.013800
2808,lm,0,11,0,1.042672,1.749459,1.824112
2809,human,0,128,0,1.292911,0.908183,1.174200
2809,human,1,27,0,1.873887,1.349976,2.529703
2809,lm,0,100,0,2.133934,0.378985,0.808728
281,human,0,26,0,1.246210,1.373236,1.711341
281,lm,0,10,0,1.208650,1.547803,1.870751
2810,human,0,23,0,1.172572,1.415656,1.659958
2810,lm,0,12,0,1.370867,1.052779,1.443221
2811,human,0,47,0,1.415595,0.865163,1.224721
2811,lm,0,79,0,1.399414,0.745843,1.043743
2812,human,0,128,0,1.394844,0.846018,1.180064
2812,human,1,128,0,1.304819,0.741706,0.967791
2812,human,2,128,0,1.192860,1.291939,1.541102
2812,human,3,128,0,1.273311,1.019684,1.298375
2812,human,4,128,0,1.472493,0.543588,0.800429
2812,human,5,128,0,1.422237,0.781711,1.111778
2812,human,6,104,0,1.457603,0.421173,0.613903
2812,lm,0,86,0,1.513604,0.461038,0.697829
2813,human,0,80,0,1.354200,0.636897,0.862486
2813,lm,0,50,0,1.237979,0.794944,0.984124
2814,human,0,33,0,1.232548,1.306316,1.610097
2814,lm,0,68,0,1.610983,0.499293,0.804353
2816,human,0,86,0,2.317390,0.186510,0.432217
2816,lm,0,79,0,2.037672,0.329816,0.672057
2817,human,0,50,0,1.641143,0.455072,0.746838
2817,lm,0,89,0,2.240845,0.311758,0.698602
2819,human,0,35,0,1.249688,1.254138,1.567282
2819,lm,0,10,0,1.116512,2.785292,3.109813
282,human,0,46,0,1.526089,0.782229,1.193751
282,lm,0,18,0,1.428725,0.848795,1.212694
2820,human,0,86,0,1.427930,0.442920,0.632459
2820,lm,0,45,0,1.424933,0.477152,0.679910
2821,human,0,128,0,1.063374,1.200816,1.276917
2821,human,1,128,0,1.151112,0.785671,0.904395
2821,lm,0,128,0,1.758670,0.379778,0.667904
2821,lm,1,14,0,1.160917,1.550768,1.800313
2822,human,0,128,0,1.506030,0.529934,0.798097
2822,human,1,5,0,1.020203,1.957724,1.997277
2822,lm,0,69,0,1.852091,0.303528,0.562161
2823,human,0,98,0,1.744161,0.417009,0.727331
2823,lm,0,82,0,1.596477,0.457854,0.730953
2825,human,0,128,0,1.181678,1.554815,1.837291
2825,human,1,128,0,1.349405,1.216689,1.641806
2825,human,2,46,0,1.194704,1.275172,1.523453
2825,lm,0,82,0,1.300079,0.728858,0.947572
2826,human,0,84,0,1.493994,0.812564,1.213966
2826,lm,0,86,0,1.598043,0.459721,0.734654
2827,human,0,42,0,1.171109,1.541112,1.804809
2827,lm,0,30,0,1.189947,1.206575,1.435761
2828,human,0,128,0,1.278869,1.432194,1.831589
2828,human,1,128,0,1.206356,1.542666,1.861005
2828,human,2,9,0,1.573892,3.010512,4.738220
2828,lm,0,128,0,2.565330,0.212889,0.546130
2828,lm,1,25,0,1.476811,0.870947,1.286224
2829,human,0,128,0,1.490902,0.566634,0.844796
2829,human,1,118,0,1.496951,0.583754,0.873851
2829,lm,0,10,0,1.153305,2.827996,3.261541
283,human,0,25,0,1.129271,1.629211,1.839820
283,lm,0,55,0,1.358606,0.763021,1.036646
2830,human,0,64,0,1.490399,0.621522,0.926315
2830,lm,0,23,0,1.527777,0.337466,0.515574
2832,human,0,31,0,1.407875,0.702258,0.988692
2832,lm,0,12,0,1.097210,3.504659,3.845347
2833,human,0,128,0,1.251036,0.822061,1.028427
2833,human,1,113,0,1.414331,1.062196,1.502297
2833,lm,0,119,0,1.827902,0.263684,0.481989
2834,human,0,128,0,1.376042,0.797037,1.096756
2834,human,1,125,0,1.462708,0.873670,1.277925
2834,lm,0,46,0,1.248698,0.668655,0.834948
2835,human,0,128,0,1.560502,0.749971,1.170330
2835,human,1,128,0,1.548678,0.566739,0.877696
2835,human,2,128,0,1.368941,0.661799,0.905963
2835,human,3,34,0,1.169150,2.768098,3.236322
2835,lm,0,118,0,1.471452,0.620858,0.913563
2836,human,0,65,0,1.564044,0.646163,1.010627
2836,lm,0,16,0,1.107226,1.539387,1.704449
2837,human,0,32,0,1.167794,1.033800,1.207266
2837,lm,0,57,0,1.556620,0.515308,0.802138
2838,human,0,65,0,1.624485,0.486655,0.790564
2838,lm,0,6,0,1.084061,1.831526,1.985487
2839,human,0,128,0,1.446688,0.693140,1.002757
2839,lm,0,71,0,1.486307,0.584591,0.868881
284,human,0,111,0,1.319389,0.597719,0.788624
284,lm,0,29,0,1.824053,0.380400,0.693870
2840,human,0,128,0,1.354016,0.491486,0.665480
2840,human,1,115,0,1.354250,0.543652,0.736241
2840,lm,0,62,0,1.330854,0.714927,0.951464
2841,human,0,21,0,1.154016,1.317308,1.520194
2841,lm,0,52,0,1.444997,0.540299,0.780730
2842,human,0,118,0,1.618814,0.326692,0.528854
2842,lm,0,14,0,1.356687,0.556535,0.755044
2843,human,0,128,0,1.239251,0.807429,1.000606
2843,human,1,10,0,1.018850,2.153718,2.194315
2843,lm,0,33,0,1.169169,1.189213,1.390391
2845,human,0,128,0,1.385370,0.815187,1.129335
2845,human,1,128,0,1.286932,1.134990,1.460654
2845,human,2,44,0,1.191473,1.287342,1.533832
2845,lm,0,91,0,1.633437,0.521634,0.852057
2846,human,0,128,0,1.266545,0.858893,1.087827
2846,human,1,128,0,1.395842,0.527413,0.736185
2846,human,2,63,0,1.166403,1.538409,1.794404
2846,lm,0,113,0,1.195244,1.025244,1.225416
2847,human,0,128,0,1.335994,0.767190,1.024961
2847,human,1,128,0,1.268651,1.092719,1.386279
2847,human,2,52,0,1.192896,1.686765,2.012136
2847,lm,0,128,0,1.527724,0.531024,0.811258
2847,lm,1,34,0,1.185836,1.239867,1.470279
2848,human,0,49,0,1.247149,1.021993,1.274577
2848,lm,0,22,0,1.318082,1.151585,1.517883
2849,human,0,27,0,1.334385,0.562646,0.750786
2849,lm,0,66,0,1.485965,0.592295,0.880130
285,human,0,128,0,1.373447,0.565642,0.776880
285,human,1,23,0,1.169932,1.394579,1.631563
285,lm,0,97,0,1.645518,0.331311,0.545179
2850,human,0,73,0,1.479941,0.713654,1.056165
2850,lm,0,36,0,1.716876,0.598985,1.028383
2851,human,0,62,0,1.241944,0.963157,1.196186
2851,lm,0,23,0,1.309749,0.915762,1.199418
2852,human,0,128,0,1.503647,0.611695,0.919773
2852,human,1,128,0,1.445997,0.570120,0.824392
2852,human,2,128,0,1.259222,0.768347,0.967519
2852,human,3,68,0,1.268035,1.081983,1.371992
2852,lm,0,110,0,1.522079,0.355906,0.541717
2853,human,0,33,0,1.237085,1.010501,1.250076
2853,lm,0,84,0,1.861010,0.344925,0.641910
2854,human,0,34,0,1.367801,1.240862,1.697253
2854,lm,0,25,0,1.302373,1.361539,1.773232
2855,human,0,128,0,1.247088,1.073419,1.338648
2855,human,1,68,0,1.363116,0.990159,1.349701
2855,lm,0,68,0,1.498021,0.619856,0.928557
2856,human,0,128,0,1.424602,0.636934,0.907377
2856,human,1,58,0,1.272361,0.989619,1.259152
2856,lm,0,35,0,1.261468,1.131734,1.427646
2857,human,0,53,0,1.395565,0.900728,1.257025
2857,lm,0,44,0,1.401269,0.907484,1.271629
2858,human,0,128,0,1.225238,1.034063,1.266973
2858,human,1,1,0,nan,nan,nan
2858,lm,0,56,0,1.479004,0.740063,1.094557
2859,human,0,76,0,1.362697,1.054830,1.437413
2859,lm,0,48,0,1.389097,0.862819,1.198540
286,human,0,61,0,1.374379,0.634083,0.871471
286,lm,0,11,0,1.216284,0.997769,1.213571
2860,human,0,128,0,1.557189,0.379643,0.591176
2860,human,1,44,0,1.306441,0.781872,1.021470
2860,lm,0,21,0,1.323270,0.541940,0.717133
2861,human,0,106,0,1.350940,0.917710,1.239772
2861,lm,0,10,0,1.071131,0.961571,1.029969
2865,human,0,45,0,1.412334,0.932570,1.317100
2865,lm,0,43,0,1.679659,0.492414,0.827088
2866,human,0,128,0,1.350566,0.792052,1.069719
2866,human,1,56,0,1.207699,1.538239,1.857730
2866,lm,0,32,0,1.327306,1.069090,1.419010
2867,human,0,70,0,1.287760,1.091724,1.405878
2867,lm,0,6,0,1.045233,3.691304,3.858274
2868,human,0,114,0,1.292114,0.917358,1.185331
2868,lm,0,17,0,1.167827,1.518136,1.772919
2869,human,0,52,0,1.401652,0.941116,1.319117
2869,lm,0,52,0,1.436278,0.801059,1.150544
2870,human,0,20,0,1.152983,1.165602,1.343919
2870,lm,0,61,0,1.490462,0.613655,0.914630
2871,human,0,50,0,1.278867,1.004180,1.284213
2871,lm,0,48,0,1.652480,0.482713,0.797674
2873,human,0,128,0,1.172860,1.290670,1.513775
2873,human,1,19,0,1.099498,2.467930,2.713484
2873,lm,0,53,0,1.480847,1.088297,1.611601
2874,human,0,41,0,1.113211,1.079219,1.201399
2874,lm,0,10,0,1.056873,2.424848,2.562758
2875,human,0,87,0,1.258749,0.720053,0.906367
2875,lm,0,128,0,2.240675,0.262004,0.587066
2875,lm,1,23,0,1.255746,0.788011,0.989542
2876,human,0,128,0,1.517667,0.207381,0.314735
2876,human,1,76,0,1.332507,0.664489,0.885437
2876,lm,0,103,0,1.438460,0.621761,0.894379
2877,human,0,25,0,1.320558,0.858276,1.133404
2877,lm,0,11,0,1.327668,1.038532,1.378825
2878,human,0,128,0,1.695019,0.514677,0.872386
2878,human,1,78,0,1.393686,0.892872,1.244384
2878,lm,0,19,0,1.231655,0.730531,0.899762
2879,human,0,30,0,1.414465,0.626316,0.885902
2879,lm,0,43,0,1.426257,0.964234,1.375245
288,human,0,90,0,1.380632,0.851943,1.176219
288,lm,0,78,0,1.798188,0.537437,0.966413
2880,human,0,72,0,1.392906,0.620228,0.863919
2880,lm,0,66,0,1.694041,0.607646,1.029377
2881,human,0,45,0,1.562349,0.642011,1.003044
2881,lm,0,25,0,1.328163,0.783461,1.040565
2882,human,0,20,0,1.153094,1.407267,1.622711
2882,lm,0,13,0,1.150514,1.453989,1.672835
2883,human,0,128,0,1.548673,0.556536,0.861893
2883,human,1,48,0,1.222345,1.077443,1.317007
2883,lm,0,6,0,1.127239,3.061679,3.451244
2884,human,0,128,0,1.506752,0.566186,0.853102
2884,human,1,122,0,1.425169,0.927599,1.321986
2884,lm,0,128,0,1.710943,0.376296,0.643821
2884,lm,1,97,0,1.774051,0.399786,0.709240
2885,human,0,128,0,1.613470,0.602747,0.972513
2885,human,1,58,0,1.290576,0.957909,1.236254
2885,lm,0,46,0,1.617355,0.587591,0.950343
2887,human,0,128,0,1.325398,0.796985,1.056323
2887,human,1,76,0,1.355601,0.973927,1.320256
2887,lm,0,15,0,1.196165,1.794613,2.146653
2888,human,0,95,0,1.348682,0.712763,0.961291
2888,lm,0,12,0,1.189333,2.612233,3.106817
2889,human,0,26,0,1.325542,0.883242,1.170775
2889,lm,0,84,0,1.882860,0.254658,0.479486
289,human,0,104,0,1.610706,0.523611,0.843383
289,lm,0,128,0,1.797285,0.497785,0.894662
289,lm,1,13,0,1.138581,1.987944,2.263434
2890,human,0,128,0,1.373233,0.777869,1.068195
2890,human,1,116,0,1.343411,0.700025,0.940421
2890,lm,0,55,0,1.426927,0.560479,0.799763
2892,human,0,48,0,1.526792,0.726791,1.109658
2892,lm,0,62,0,1.731744,0.510480,0.884020
2893,human,0,24,0,1.272735,0.885215,1.126644
2893,lm,0,78,0,1.681631,0.376440,0.633033
2894,human,0,128,0,1.470462,0.573420,0.843192
2894,human,1,8,0,1.031318,2.147067,2.214309
2894,lm,0,9,0,1.060662,2.206424,2.340270
2895,human,0,128,0,1.305126,1.096443,1.430996
2895,human,1,113,0,1.332532,0.667976,0.890099
2895,lm,0,49,0,1.721876,0.408959,0.704177
2896,human,0,29,0,1.204730,1.091337,1.314766
2896,lm,0,39,0,1.424737,0.776133,1.105786
2897,human,0,37,0,1.386497,0.770151,1.067812
2897,lm,0,10,0,1.032562,3.501615,3.615636
2898,human,0,128,0,1.493475,0.575223,0.859081
2898,human,1,107,0,1.863187,0.240002,0.447169
2898,lm,0,78,0,1.754943,0.324451,0.569394
2899,human,0,128,0,1.336518,1.086876,1.452629
2899,human,1,98,0,1.265332,1.312080,1.660217
2899,lm,0,80,0,1.753512,0.349273,0.612455
29,human,0,128,0,1.311059,0.900206,1.180223
29,human,1,128,0,1.262028,1.055354,1.331886
29,human,2,36,0,1.119688,2.256311,2.526365
29,lm,0,58,0,1.608463,0.737769,1.186674
290,human,0,48,0,1.452142,0.686255,0.996539
290,lm,0,40,0,1.531772,0.374121,0.573067
2900,human,0,21,0,1.337781,0.909779,1.217085
2900,lm,0,10,0,1.484840,1.181247,1.753963
2901,human,0,128,0,1.340314,0.762880,1.022498
2901,human,1,128,0,1.162914,1.431128,1.664280
2901,human,2,92,0,1.247517,0.979060,1.221395
2901,lm,0,35,0,1.286987,1.351285,1.739086
2902,human,0,128,0,1.305502,0.854263,1.115242
2902,human,1,128,0,1.305026,0.984557,1.284873
2902,human,2,128,0,1.309568,1.023424,1.340243
2902,human,3,23,0,1.184545,1.969727,2.333231
2902,lm,0,102,0,1.869838,0.365534,0.683489
2903,human,0,48,0,1.256418,1.155377,1.451637
2903,lm,0,48,0,1.472035,0.629635,0.926845
2904,human,0,55,0,1.500550,0.510356,0.765815
2904,lm,0,42,0,1.301664,0.830406,1.080909
2905,human,0,56,0,1.502310,0.500947,0.752578
2905,lm,0,38,0,1.526789,0.586206,0.895012
2906,human,0,100,0,1.296770,0.870784,1.129206
2906,lm,0,42,0,1.417117,0.831470,1.178291
2907,human,0,55,0,1.265887,0.859362,1.087855
2907,lm,0,50,0,1.468414,0.590237,0.866712
2908,human,0,128,0,1.373479,0.771376,1.059469
2908,human,1,62,0,1.332972,0.986713,1.315262
2908,lm,0,128,0,1.682316,0.433828,0.729836
2908,lm,1,6,0,1.154005,3.624963,4.183225
291,human,0,128,0,1.516253,0.601997,0.912779
291,human,1,44,0,1.207305,2.149702,2.595346
291,lm,0,103,0,1.885756,0.201034,0.379100
2911,human,0,128,0,1.557341,0.629193,0.979869
2911,human,1,37,0,1.273158,1.194817,1.521190
2911,lm,0,128,0,1.933011,0.294283,0.568852
2911,lm,1,74,0,1.708949,0.473382,0.808985
2912,human,0,128,0,1.272420,1.023985,1.302938
2912,human,1,56,0,1.238529,1.003196,1.242487
2912,lm,0,53,0,1.535386,0.625241,0.959987
2913,human,0,128,0,1.345539,0.682803,0.918738
2913,human,1,31,0,1.143081,1.553575,1.775863
2913,lm,0,45,0,1.390810,0.551270,0.766712
2914,human,0,33,0,1.369170,0.658040,0.900969
2914,lm,0,19,0,1.328454,0.548117,0.728148
2915,human,0,103,0,1.303970,0.869934,1.134368
2915,lm,0,128,0,1.880742,0.383456,0.721181
2915,lm,1,118,0,1.708612,0.553809,0.946244
2916,human,0,67,0,1.266164,1.031304,1.305800
2916,lm,0,47,0,1.332523,0.733857,0.977881
2917,human,0,49,0,1.309207,0.747489,0.978617
2917,lm,0,128,0,1.521287,0.492073,0.748584
2917,lm,1,9,0,1.032248,1.823257,1.882053
292,human,0,128,0,1.341404,0.818771,1.098303
292,human,1,103,0,1.314724,1.172760,1.541856
292,lm,0,128,0,1.649791,0.459664,0.758350
292,lm,1,15,0,3.198556,0.520237,1.664007
2920,human,0,128,0,1.371971,0.707062,0.970068
2920,human,1,13,0,1.170693,2.283522,2.673303
2920,lm,0,106,0,1.499648,0.497734,0.746425
2921,human,0,29,0,1.305476,1.109109,1.447915
2921,lm,0,17,0,1.136434,2.104910,2.392092
2923,human,0,128,0,1.225997,1.134193,1.390517
2923,human,1,128,0,1.226570,1.267882,1.555146
2923,human,2,42,0,1.272212,1.515364,1.927864
2923,lm,0,66,0,1.565269,0.637819,0.998359
2924,human,0,128,0,1.936517,0.309555,0.599459
2924,human,1,19,0,1.825967,0.668140,1.220001
2924,lm,0,109,0,1.911357,0.346505,0.662294
2925,human,0,61,0,1.193517,0.831756,0.992714
2925,lm,0,12,0,1.157106,1.322356,1.530106
2927,human,0,128,0,1.531662,0.607734,0.930843
2927,human,1,111,0,1.302479,0.703331,0.916074
2927,lm,0,128,0,1.789371,0.339229,0.607007
2927,lm,1,49,0,1.801857,0.263768,0.475272
2928,human,0,72,0,1.549911,0.519420,0.805055
2928,lm,0,35,0,1.548461,0.733256,1.135418
2929,human,0,128,0,1.146335,1.657287,1.899806
2929,human,1,128,0,1.096234,1.922389,2.107387
2929,human,2,13,0,1.089391,2.165654,2.359245
2929,lm,0,104,0,1.534404,0.702850,1.078456
293,human,0,110,0,1.399290,0.582265,0.814758
293,lm,0,81,0,1.528069,0.456997,0.698323
2930,human,0,128,0,1.229988,1.037647,1.276293
2930,human,1,26,0,1.090551,2.080348,2.268726
2930,lm,0,10,0,1.120700,2.296199,2.573350
2931,human,0,86,0,1.423081,0.719712,1.024209
2931,lm,0,93,0,1.520758,0.693150,1.054114
2932,human,0,128,0,1.270638,1.206711,1.533292
2932,human,1,65,0,1.308968,1.196400,1.566050
2932,lm,0,53,0,1.191967,1.098160,1.308970
2933,human,0,75,0,1.448881,0.880741,1.276089
2933,lm,0,70,0,1.470895,0.637112,0.937125
2934,human,0,43,0,1.287358,0.943349,1.214427
2934,lm,0,93,0,1.680451,0.356585,0.599224
2935,human,0,46,0,1.221578,1.165612,1.423887
2935,lm,0,13,0,1.240166,0.928609,1.151630
2936,human,0,53,0,1.554033,0.586905,0.912070
2936,lm,0,18,0,1.443520,0.670510,0.967894
2937,human,0,128,0,1.257203,0.783941,0.985573
2937,human,1,18,0,1.158653,1.427761,1.654279
2937,lm,0,30,0,1.477407,0.588703,0.869754
2938,human,0,128,0,1.268423,0.783477,0.993781
2938,human,1,38,0,1.108935,1.463569,1.623003
2938,lm,0,128,0,1.575228,0.496022,0.781347
2938,lm,1,7,0,0.970200,5.779528,5.607297
2939,human,0,29,0,1.185091,1.428662,1.693095
2939,lm,0,52,0,1.426586,0.652723,0.931166
294,human,0,85,0,1.518169,0.567396,0.861402
294,lm,0,61,0,1.539959,0.502499,0.773829
2940,human,0,10,0,1.086800,1.933747,2.101596
2940,lm,0,8,0,1.037151,3.188526,3.306984
2941,human,0,99,0,1.487749,0.553336,0.823226
2941,lm,0,12,0,1.194095,1.281052,1.529699
2942,human,0,128,0,1.544320,0.428621,0.661928
2942,human,1,14,0,1.415504,1.230246,1.741418
2942,lm,0,30,0,1.493678,0.630009,0.941030
2943,human,0,65,0,1.263096,0.745291,0.941374
2943,lm,0,56,0,1.502932,0.579950,0.871625
2944,human,0,128,0,1.297603,0.826655,1.072670
2944,human,1,82,0,1.317644,1.036805,1.366141
2944,lm,0,25,0,1.236731,1.262485,1.561355
2945,human,0,85,0,1.335401,0.862552,1.151852
2945,lm,0,21,0,1.189197,1.811179,2.153849
2946,human,0,128,0,1.532528,0.676186,1.036275
2946,human,1,57,0,1.295781,1.189855,1.541792
2946,lm,0,25,0,1.421652,0.963435,1.369669
2947,human,0,128,0,1.393801,0.436974,0.609056
2947,human,1,128,0,1.240128,0.969257,1.202003
2947,human,2,128,0,1.471565,0.858349,1.263116
2947,human,3,128,0,1.341860,1.015981,1.363304
2947,human,4,86,0,1.122225,1.504551,1.688446
2947,lm,0,38,0,1.451839,0.480142,0.697089
2948,human,0,25,0,1.257744,1.560628,1.962871
2948,lm,0,128,0,1.427804,0.693529,0.990224
2948,lm,1,67,0,1.359456,0.923810,1.255879
2949,human,0,34,0,1.247366,0.652459,0.813855
2949,lm,0,113,0,1.519840,0.305654,0.464545
295,human,0,102,0,1.530308,0.522530,0.799632
295,lm,0,31,0,1.263644,0.946452,1.195978
2950,human,0,57,0,1.179162,1.101398,1.298727
2950,lm,0,19,0,1.180548,1.277830,1.508539
2951,human,0,56,0,1.161529,0.977343,1.135213
2951,lm,0,60,0,1.508225,0.529155,0.798084
2952,human,0,14,0,1.284063,0.576369,0.740094
2952,lm,0,13,0,1.196267,0.848734,1.015313
2954,human,0,128,0,1.255716,1.271505,1.596649
2954,human,1,24,0,1.009034,2.076159,2.094916
2954,lm,0,20,0,1.249606,0.939912,1.174520
2955,human,0,128,0,1.384851,0.661988,0.916756
2955,human,1,108,0,1.231608,0.801939,0.987675
2955,lm,0,115,0,2.472367,0.230585,0.570091
2956,human,0,128,0,1.347101,1.108432,1.493169
2956,human,1,116,0,1.294466,1.168237,1.512244
2956,lm,0,11,0,1.053996,3.012880,3.175564
2957,human,0,23,0,1.120417,1.678491,1.880610
2957,lm,0,15,0,1.162841,2.347072,2.729272
2958,human,0,128,0,1.411398,0.486314,0.686382
2958,human,1,128,0,1.302900,0.648741,0.845244
2958,human,2,128,0,1.220023,1.028522,1.254820
2958,human,3,15,0,1.136791,2.108611,2.397050
2958,lm,0,42,0,1.407356,0.610747,0.859539
2959,human,0,128,0,1.339150,0.508222,0.680585
2959,human,1,84,0,1.311184,0.818348,1.073005
2959,lm,0,56,0,1.615874,0.433266,0.700103
296,human,0,62,0,1.161834,1.068139,1.241001
296,lm,0,68,0,1.490567,0.696309,1.037895
2960,human,0,128,0,1.587143,0.541696,0.859749
2960,human,1,128,0,1.400629,0.775694,1.086460
2960,human,2,85,0,1.235574,1.260366,1.557276
2960,lm,0,128,0,2.397681,0.212998,0.510701
2960,lm,1,89,0,1.701744,0.359927,0.612504
2961,human,0,50,0,1.234421,1.123661,1.387070
2961,lm,0,46,0,1.491591,0.848414,1.265486
2962,human,0,128,0,1.247112,1.010861,1.260657
2962,human,1,128,0,1.147763,1.071214,1.229499
2962,human,2,128,0,1.254001,0.989525,1.240865
2962,human,3,107,0,1.195931,1.331041,1.591833
2962,lm,0,14,0,1.169601,1.367691,1.599654
2963,human,0,88,0,1.410069,0.654018,0.922210
2963,lm,0,67,0,1.455520,0.459309,0.668533
2964,human,0,85,0,1.317458,1.014950,1.337155
2964,lm,0,64,0,1.586621,0.584538,0.927441
2966,human,0,94,0,1.844203,0.416123,0.767415
2966,lm,0,77,0,1.536675,0.390635,0.600278
2967,human,0,20,0,1.163079,1.485273,1.727490
2967,lm,0,52,0,1.812438,0.361582,0.655344
2968,human,0,34,0,1.233720,1.000712,1.234599
2968,lm,0,98,0,1.620843,0.372163,0.603218
2969,human,0,70,0,1.438809,0.750170,1.079352
2969,lm,0,106,0,2.117538,0.207505,0.439400
297,human,0,98,0,1.448575,0.778482,1.127690
297,lm,0,19,0,1.481016,0.849578,1.258239
2970,human,0,9,0,1.027789,2.334269,2.399137
2970,lm,0,43,0,1.253999,1.640583,2.057288
2971,human,0,128,0,1.209879,1.281381,1.550316
2971,human,1,119,0,1.316341,0.891650,1.173716
2971,lm,0,75,0,1.324047,0.826650,1.094523
2972,human,0,11,0,1.054904,1.968068,2.076122
2972,lm,0,84,0,1.520311,0.470548,0.715378
2973,human,0,128,0,1.270759,0.839206,1.066429
2973,human,1,36,0,1.127215,2.159824,2.434586
2973,lm,0,16,0,1.023593,1.860179,1.904065
2974,human,0,128,0,1.292616,0.748612,0.967668
2974,human,1,128,0,1.153222,1.453178,1.675837
2974,human,2,128,0,1.312144,0.726499,0.953272
2974,human,3,128,0,1.421458,0.750523,1.066837
2974,human,4,81,0,1.422870,0.774586,1.102135
2974,lm,0,100,0,1.567076,0.331175,0.518977
2975,human,0,89,0,1.496651,0.610199,0.913254
2975,lm,0,59,0,1.617349,0.690044,1.116041
2976,human,0,42,0,1.256146,0.957858,1.203210
2976,lm,0,65,0,1.324411,1.022535,1.354257
2977,human,0,46,0,1.295418,1.113217,1.442081
2977,lm,0,128,0,1.652607,0.709851,1.173104
2977,lm,1,82,0,1.623298,0.638798,1.036959
2978,human,0,128,0,1.317031,0.888177,1.169757
2978,human,1,128,0,1.258210,1.059151,1.332634
2978,human,2,95,0,1.454203,0.459746,0.668564
2978,lm,0,40,0,1.474997,0.398211,0.587361
2979,human,0,30,0,1.438492,0.905106,1.301987
2979,lm,0,25,0,1.457100,0.683196,0.995486
298,human,0,34,0,1.370124,0.729015,0.998842
298,lm,0,6,0,1.154564,1.825463,2.107614
2980,human,0,97,0,1.347346,0.625753,0.843106
2980,lm,0,96,0,2.036909,0.366385,0.746293
2981,human,0,47,0,1.414417,0.500514,0.707936
2981,lm,0,30,0,1.314444,0.837440,1.100768
2982,human,0,63,0,1.197330,1.039651,1.244806
2982,lm,0,93,0,1.588782,0.455789,0.724150
2984,human,0,80,0,1.517304,0.753364,1.143082
2984,lm,0,84,0,1.547450,0.480795,0.744006
2986,human,0,22,0,1.155187,1.140491,1.317481
2986,lm,0,10,0,1.266545,1.924564,2.437547
2987,human,0,9,0,1.087925,0.910519,0.990576
2987,lm,0,59,0,1.516381,0.323990,0.491292
2988,human,0,124,0,1.591194,0.401996,0.639654
2988,lm,0,26,0,1.376114,1.082676,1.489887
2989,human,0,128,0,1.293570,0.819463,1.060032
2989,human,1,128,0,1.336783,0.858126,1.147128
2989,human,2,128,0,1.281592,0.736632,0.944061
2989,human,3,29,0,1.164437,2.245218,2.614416
2989,lm,0,128,0,1.461297,0.452750,0.661602
2989,lm,1,128,0,1.757559,0.477867,0.839879
2989,lm,2,128,0,1.337062,0.780609,1.043723
2989,lm,3,78,0,1.624229,0.578405,0.939461
299,human,0,112,0,1.242680,0.876832,1.089621
299,lm,0,92,0,1.419235,0.801735,1.137850
2990,human,0,53,0,1.484293,0.623643,0.925668
2990,lm,0,10,0,1.261637,1.657308,2.090922
2992,human,0,75,0,1.952207,0.340779,0.665271
2992,lm,0,59,0,2.050166,0.318951,0.653902
2993,human,0,94,0,1.367563,0.871288,1.191540
2993,lm,0,128,0,1.780882,0.492376,0.876863
2993,lm,1,58,0,1.855692,0.722795,1.341284
2994,human,0,128,0,1.177285,0.858072,1.010196
2994,human,1,128,0,1.297246,1.201120,1.558148
2994,human,2,75,0,1.292306,1.138185,1.470883
2994,lm,0,65,0,1.735773,0.579779,1.006364
2995,human,0,128,0,1.478262,0.707044,1.045196
2995,human,1,75,0,1.218694,1.368801,1.668149
2995,lm,0,90,0,1.997851,0.492149,0.983240
2996,human,0,16,0,1.244183,0.969309,1.205998
2996,lm,0,59,0,1.274077,1.215212,1.548273
2997,human,0,25,0,1.335411,0.710264,0.948495
2997,lm,0,48,0,2.134318,0.172458,0.368081
2998,human,0,90,0,1.307551,0.732509,0.957793
2998,lm,0,42,0,1.320406,1.033222,1.364273
30,human,0,109,0,1.505379,0.597807,0.899926
30,lm,0,38,0,1.544263,0.505365,0.780417
300,human,0,128,0,1.517741,0.695022,1.054863
300,human,1,28,0,1.136872,1.830117,2.080608
300,lm,0,128,0,1.719790,0.592289,1.018613
300,lm,1,71,0,1.613090,1.410410,2.275119
3000,human,0,122,0,1.841937,0.399112,0.735140
3000,lm,0,54,0,2.321606,0.343324,0.797062
3001,human,0,35,0,1.354737,0.796029,1.078409
3001,lm,0,67,0,1.609642,0.405847,0.653269
3002,human,0,111,0,1.367209,0.815474,1.114923
3002,lm,0,18,0,1.151809,1.266651,1.458941
3003,human,0,128,0,1.274542,0.827739,1.054989
3003,human,1,128,0,1.178469,1.046369,1.233113
3003,human,2,99,0,1.244051,1.191946,1.482842
3003,lm,0,47,0,1.638543,0.718525,1.177334
3004,human,0,77,0,1.243806,1.103936,1.373083
3004,lm,0,17,0,1.196331,1.173735,1.404176
3005,human,0,33,0,1.275278,0.855743,1.091310
3005,lm,0,28,0,1.378506,0.806924,1.112350
3006,human,0,128,0,1.255952,1.110489,1.394721
3006,human,1,11,0,1.017812,3.598332,3.662426
3006,lm,0,28,0,1.380332,0.918164,1.267372
3007,human,0,101,0,2.131722,0.270625,0.576897
3007,lm,0,60,0,1.807581,0.356730,0.644818
3008,human,0,128,0,1.354222,0.659920,0.893678
3008,human,1,128,0,1.272538,0.897018,1.141489
3008,human,2,128,0,1.020768,1.539619,1.571594
3008,human,3,93,0,0.809214,4.029465,3.260699
3008,lm,0,33,0,1.203522,1.456208,1.752580
3009,human,0,33,0,1.298565,1.395257,1.811832
3009,lm,0,34,0,1.363459,0.860189,1.172832
301,human,0,43,0,1.268134,1.406550,1.783693
301,lm,0,67,0,1.241017,1.221229,1.515565
3010,human,0,128,0,1.147682,1.626253,1.866421
3010,human,1,119,0,1.526696,0.691983,1.056448
3010,lm,0,27,0,1.666269,0.606394,1.010415
3011,human,0,44,0,1.314237,0.846719,1.112789
3011,lm,0,40,0,1.548500,0.517384,0.801169
3013,human,0,32,0,1.180705,1.031137,1.217469
3013,lm,0,109,0,1.543000,0.486020,0.749929
3014,human,0,128,0,1.284526,0.939288,1.206540
3014,human,1,128,0,1.292823,1.279647,1.654357
3014,human,2,128,0,1.166933,2.007507,2.342626
3014,human,3,83,0,1.358856,1.040112,1.413363
3014,lm,0,114,0,1.315127,0.969586,1.275128
3015,human,0,30,0,1.215888,1.462301,1.777994
3015,lm,0,31,0,1.239449,1.423549,1.764417
3016,human,0,78,0,1.187255,1.215021,1.442539
3016,lm,0,6,0,1.146600,1.365382,1.565547
3017,human,0,128,0,1.303123,0.826241,1.076694
3017,human,1,128,0,1.219460,1.108568,1.351854
3017,human,2,60,0,1.227447,1.363120,1.673158
3017,lm,0,35,0,1.272767,1.021968,1.300726
3018,human,0,35,0,1.457126,0.961849,1.401535
3018,lm,0,96,0,1.715075,0.379934,0.651616
302,human,0,20,0,1.062678,1.795586,1.908129
302,lm,0,10,0,1.159130,1.472734,1.707090
3020,human,0,128,0,1.556555,0.483423,0.752475
3020,human,1,108,0,1.345239,0.979526,1.317696
3020,lm,0,68,0,1.719117,0.454558,0.781438
3022,human,0,115,0,1.279637,0.701696,0.897915
3022,lm,0,71,0,1.470247,0.516930,0.760015
3023,human,0,9,0,1.102455,1.607994,1.772741
3023,lm,0,37,0,1.603219,0.406251,0.651309
3024,human,0,18,0,1.073033,2.024869,2.172751
3024,lm,0,5,0,1.025432,1.912281,1.960915
3025,human,0,128,0,1.263563,1.145217,1.447054
3025,human,1,91,0,1.301262,1.077083,1.401566
3025,lm,0,72,0,1.409070,0.539312,0.759928
3026,human,0,36,0,1.245687,1.088833,1.356345
3026,lm,0,37,0,1.754219,0.469085,0.822878
3027,human,0,13,0,1.113841,1.860360,2.072145
3027,lm,0,54,0,1.481632,0.823638,1.220328
3028,human,0,128,0,1.885972,0.232616,0.438708
3028,human,1,8,0,1.089663,2.765376,3.013328
3028,lm,0,105,0,1.477233,0.571580,0.844356
3029,human,0,128,0,1.167233,1.242259,1.450005
3029,human,1,128,0,1.142151,1.157326,1.321841
3029,human,2,128,0,1.050811,1.505414,1.581906
3029,human,3,26,0,1.252357,1.454999,1.822178
3029,lm,0,59,0,1.561901,0.453019,0.707571
3030,human,0,32,0,1.255204,0.817014,1.025520
3030,lm,0,101,0,1.410968,0.539558,0.761298
3031,human,0,42,0,1.252445,0.741669,0.928900
3031,lm,0,42,0,1.856195,0.292895,0.543670
3032,human,0,90,0,1.291713,0.863018,1.114771
3032,lm,0,7,0,1.047573,2.372546,2.485415
3033,human,0,128,0,1.362314,0.870035,1.185261
3033,human,1,128,0,1.353125,0.674846,0.913151
3033,human,2,128,0,1.263969,1.230104,1.554813
3033,human,3,128,0,1.252327,1.059176,1.326436
3033,human,4,128,0,1.368903,0.755644,1.034403
3033,human,5,8,0,1.051278,2.033627,2.137907
3033,lm,0,36,0,1.361921,0.518687,0.706411
3035,human,0,128,0,1.248844,1.330449,1.661523
3035,human,1,128,0,1.360976,1.248481,1.699152
3035,human,2,128,0,1.259159,1.149413,1.447294
3035,human,3,128,0,1.287387,1.096132,1.411147
3035,human,4,77,0,1.508540,0.519833,0.784190
3035,lm,0,35,0,1.456725,0.864789,1.259760
3036,human,0,128,0,1.273048,1.132895,1.442230
3036,human,1,18,0,1.149983,1.863259,2.142715
3036,lm,0,128,0,1.578354,0.745214,1.176211
3036,lm,1,14,0,1.525191,1.376773,2.099841
3037,human,0,128,0,1.339964,0.951149,1.274506
3037,human,1,128,0,1.498438,0.642123,0.962181
3037,human,2,128,0,1.366358,1.019993,1.393676
3037,human,3,105,0,1.441981,0.896619,1.292907
3037,lm,0,128,0,1.902137,0.463289,0.881240
3037,lm,1,32,0,1.335550,1.608000,2.147564
3038,human,0,128,0,1.366687,0.762576,1.042202
3038,human,1,128,0,1.655191,0.620196,1.026543
3038,human,2,74,0,1.325457,1.252815,1.660552
3038,lm,0,10,0,1.265081,2.732539,3.456883
3039,human,0,128,0,1.402783,0.803375,1.126961
3039,human,1,60,0,1.316523,0.934637,1.230471
3039,lm,0,35,0,1.247393,1.195142,1.490812
304,human,0,78,0,1.747922,0.342730,0.599065
304,lm,0,74,0,1.601154,0.669741,1.072359
3041,human,0,96,0,1.317220,0.962839,1.268270
3041,lm,0,6,0,1.092958,1.926165,2.105217
3042,human,0,68,0,1.543217,0.349660,0.539602
3042,lm,0,29,0,1.368278,0.538996,0.737496
3043,human,0,34,0,1.377392,0.920384,1.267730
3043,lm,0,7,0,1.143474,1.351734,1.545673
3044,human,0,128,0,1.447147,0.669065,0.968236
3044,human,1,128,0,1.523668,0.459985,0.700864
3044,human,2,128,0,1.457793,0.778310,1.134615
3044,human,3,91,0,1.480391,0.834632,1.235582
3044,lm,0,128,0,2.324405,0.311517,0.724092
3044,lm,1,98,0,2.005259,0.404600,0.811329
3045,human,0,128,0,1.595471,0.652409,1.040900
3045,human,1,128,0,1.277479,1.101748,1.407460
3045,human,2,128,0,1.276031,1.189962,1.518428
3045,human,3,95,0,1.338230,1.093379,1.463193
3045,lm,0,30,0,1.670078,0.662183,1.105897
3046,human,0,85,0,1.430011,0.543899,0.777781
3046,lm,0,103,0,1.664476,0.453787,0.755318
3047,human,0,51,0,1.224137,1.231381,1.507379
3047,lm,0,19,0,1.169701,1.911377,2.235740
3049,human,0,128,0,1.235232,1.019447,1.259254
3049,human,1,70,0,1.254531,0.862441,1.081958
3049,lm,0,18,0,1.608950,0.788666,1.268924
3050,human,0,128,0,1.264298,0.690195,0.872612
3050,human,1,49,0,1.258463,0.949879,1.195388
3050,lm,0,128,0,1.645765,0.309339,0.509099
3050,lm,1,47,0,1.328120,0.872006,1.158130
3052,human,0,102,0,1.401084,0.722264,1.011952
3052,lm,0,66,0,1.741359,0.332416,0.578856
3053,human,0,75,0,1.619734,0.459011,0.743475
3053,lm,0,30,0,1.340285,1.198476,1.606300
3054,human,0,64,0,1.265422,1.572978,1.990481
3054,lm,0,26,0,1.268582,1.505040,1.909267
3056,human,0,22,0,1.270800,0.845870,1.074931
3056,lm,0,72,0,1.976174,0.284433,0.562089
3057,human,0,103,0,1.395997,0.710210,0.991450
3057,lm,0,10,0,1.135690,2.526726,2.869579
3058,human,0,6,0,1.050475,2.774899,2.914961
3058,lm,0,99,0,1.464562,0.708261,1.037292
3059,human,0,125,0,1.254156,0.625474,0.784442
3059,lm,0,27,0,1.196981,1.177040,1.408894
306,human,0,40,0,1.275038,0.856443,1.091998
306,lm,0,76,0,1.566148,0.615697,0.964273
3060,human,0,27,0,1.205692,1.041652,1.255912
3060,lm,0,19,0,1.145019,1.528040,1.749635
3061,human,0,64,0,1.334542,0.650275,0.867820
3061,lm,0,6,0,1.058834,2.257205,2.390006
3062,human,0,34,0,1.274020,1.719432,2.190590
3062,lm,0,121,0,1.618182,0.370332,0.599265
3064,human,0,128,0,1.258695,1.210846,1.524086
3064,human,1,64,0,1.343406,0.811709,1.090455
3064,lm,0,98,0,1.544040,0.678413,1.047496
3065,human,0,25,0,1.467906,0.403631,0.592493
3065,lm,0,36,0,1.539787,0.478241,0.736390
3066,human,0,47,0,1.669283,0.614263,1.025378
3066,lm,0,45,0,1.673542,0.596352,0.998020
3067,human,0,128,0,1.434922,0.894583,1.283657
3067,human,1,11,0,1.278339,1.904342,2.434396
3067,lm,0,30,0,1.279069,1.426952,1.825170
3068,human,0,41,0,1.189836,1.504114,1.789648
3068,lm,0,122,0,1.876348,0.297474,0.558166
3069,human,0,128,0,1.382136,0.793116,1.096194
3069,human,1,41,0,1.360591,1.689198,2.298307
3069,lm,0,66,0,1.735383,0.645885,1.120858
307,human,0,93,0,1.449024,0.616570,0.893424
307,lm,0,111,0,1.535381,0.400172,0.614417
3070,human,0,58,0,1.241249,1.133896,1.407447
3070,lm,0,20,0,1.409584,0.996455,1.404587
3071,human,0,114,0,1.329130,0.860900,1.144248
3071,lm,0,97,0,1.845161,0.389815,0.719272
3072,human,0,48,0,1.079598,1.885686,2.035783
3072,lm,0,14,0,1.118119,1.618698,1.809897
3073,human,0,128,0,1.289110,0.761826,0.982077
3073,human,1,128,0,1.064571,1.544744,1.644490
3073,human,2,90,0,1.087925,1.693233,1.842110
3073,lm,0,113,0,1.557830,0.574674,0.895245
3074,human,0,32,0,1.230932,0.984652,1.212039
3074,lm,0,6,0,1.085894,1.443717,1.567724
3076,human,0,55,0,1.168948,1.450716,1.695812
3076,lm,0,98,0,1.598685,0.353293,0.564804
3077,human,0,128,0,1.392800,0.638392,0.889152
3077,human,1,48,0,1.365815,0.651784,0.890216
3077,lm,0,128,0,1.868196,0.280336,0.523722
3077,lm,1,40,0,1.317834,0.775561,1.022061
3078,human,0,62,0,1.292788,0.995719,1.287253
3078,lm,0,128,0,1.623106,0.442528,0.718270
3078,lm,1,16,0,1.140428,1.969741,2.246347
3079,human,0,87,0,1.294982,0.765819,0.991722
3079,lm,0,96,0,1.648902,0.546619,0.901321
3080,human,0,128,0,1.416463,0.723269,1.024484
3080,human,1,128,0,1.547062,0.550181,0.851164
3080,human,2,128,0,1.426248,0.803191,1.145550
3080,human,3,78,0,1.384465,1.216024,1.683543
3080,lm,0,74,0,1.716440,0.593614,1.018903
3081,human,0,47,0,1.356465,1.011076,1.371490
3081,lm,0,10,0,1.266532,1.892540,2.396963
3082,human,0,54,0,1.413068,0.708116,1.000616
3082,lm,0,10,0,1.216230,1.922718,2.338468
3083,human,0,115,0,1.416792,0.571585,0.809817
3083,lm,0,48,0,1.422000,0.565105,0.803580
3084,human,0,88,0,1.350501,0.836928,1.130272
3084,lm,0,48,0,1.697451,0.231569,0.393077
3085,human,0,30,0,1.256458,1.230125,1.545600
3085,lm,0,31,0,1.700733,0.594657,1.011353
3086,human,0,128,0,1.636102,0.422940,0.691973
3086,human,1,128,0,1.484675,0.519936,0.771936
3086,human,2,94,0,1.518554,0.493600,0.749558
3086,lm,0,81,0,1.677413,0.437347,0.733611
3087,human,0,128,0,1.169013,1.260747,1.473829
3087,human,1,128,0,1.298875,1.032379,1.340931
3087,human,2,128,0,1.473675,0.830698,1.224178
3087,human,3,25,0,1.165638,1.328332,1.548354
3087,lm,0,43,0,1.279368,1.363753,1.744743
3088,human,0,128,0,1.363555,0.643754,0.877793
3088,human,1,22,0,1.440169,1.160721,1.671633
3088,lm,0,120,0,1.489912,0.560772,0.835500
3089,human,0,62,0,1.511196,0.589341,0.890610
3089,lm,0,9,0,1.014631,2.557065,2.594477
309,human,0,82,0,1.521914,0.540334,0.822343
309,lm,0,38,0,1.393157,1.108310,1.544051
3090,human,0,70,0,1.446672,0.769557,1.113297
3090,lm,0,17,0,1.547426,0.555788,0.860041
3091,human,0,128,0,1.281011,1.096861,1.405091
3091,human,1,128,0,1.174917,1.573645,1.848903
3091,human,2,128,0,1.301059,0.848042,1.103354
3091,human,3,128,0,1.349145,0.840202,1.133555
3091,human,4,128,0,1.268494,1.014794,1.287260
3091,human,5,14,0,1.110184,3.423762,3.801007
3091,lm,0,128,0,1.398075,0.787553,1.101057
3091,lm,1,53,0,1.507706,0.769222,1.159761
3092,human,0,54,0,1.286414,1.036422,1.333267
3092,lm,0,6,0,0.998426,3.411507,3.406139
3093,human,0,128,0,1.721090,0.431174,0.742089
3093,lm,0,59,0,1.641456,0.299496,0.491610
3094,human,0,50,0,1.230077,0.878398,1.080498
3094,lm,0,30,0,1.386535,0.568657,0.788462
3095,human,0,92,0,1.571122,0.702009,1.102942
3095,lm,0,10,0,1.225687,2.467358,3.024208
3096,human,0,128,0,1.252597,1.025509,1.284549
3096,human,1,14,0,1.253915,2.401933,3.011819
3096,lm,0,41,0,1.469522,0.918800,1.350196
3098,human,0,128,0,1.327384,0.858345,1.139353
3098,human,1,128,0,1.440325,0.453217,0.652780
3098,human,2,128,0,1.408159,0.579905,0.816598
3098,human,3,128,0,1.284808,0.795532,1.022106
3098,human,4,35,0,1.209991,2.178246,2.635658
3098,lm,0,116,0,1.827745,0.317101,0.579580
3099,human,0,128,0,1.278062,0.940305,1.201768
3099,human,1,128,0,1.320119,1.039269,1.371959
3099,human,2,128,0,1.232529,1.321787,1.629140
3099,human,3,128,0,1.116987,1.829944,2.044024
3099,human,4,53,0,0.984493,2.686517,2.644858
3099,lm,0,47,0,1.262372,0.935534,1.180992
31,human,0,66,0,1.306419,0.863474,1.128059
31,lm,0,88,0,1.325291,0.983356,1.303233
310,human,0,16,0,1.143235,1.211874,1.385457
310,lm,0,20,0,1.381558,0.935998,1.293135
3100,human,0,128,0,1.249015,1.024858,1.280064
3100,human,1,128,0,1.254950,1.011595,1.269501
3100,human,2,48,0,1.145671,1.273260,1.458737
3100,lm,0,24,0,1.290527,1.044631,1.348125
3102,human,0,128,0,1.529045,0.495765,0.758047
3102,human,1,99,0,1.398036,0.798108,1.115784
3102,lm,0,95,0,1.562729,0.363150,0.567506
3103,human,0,43,0,1.695391,0.482299,0.817686
3103,lm,0,43,0,1.739649,0.353074,0.614224
3104,human,0,128,0,1.349174,0.822721,1.109993
3104,human,1,128,0,1.452618,0.684338,0.994081
3104,human,2,39,0,1.771806,0.286133,0.506972
3104,lm,0,81,0,2.681197,0.149683,0.401329
3105,human,0,46,0,1.376293,0.911787,1.254886
3105,lm,0,128,0,1.518814,0.720569,1.094411
3105,lm,1,128,0,1.713035,0.468688,0.802879
3105,lm,2,73,0,1.406489,0.822353,1.156631
3106,human,0,118,0,1.443914,0.600652,0.867290
3106,lm,0,17,0,1.153149,1.527813,1.761796
3107,human,0,128,0,1.366562,0.869605,1.188369
3107,human,1,73,0,1.212249,1.510069,1.830580
3107,lm,0,36,0,1.491085,0.828157,1.234852
3109,human,0,125,0,1.491105,0.490037,0.730696
3109,lm,0,63,0,1.366286,0.900164,1.229882
311,human,0,26,0,1.241191,1.574692,1.954494
311,lm,0,36,0,1.321068,1.109859,1.466199
3110,human,0,46,0,1.267434,0.862870,1.093631
3110,lm,0,46,0,1.375211,0.632073,0.869234
3111,human,0,108,0,1.407445,0.831858,1.170795
3111,lm,0,128,0,1.509412,0.762409,1.150789
3111,lm,1,9,0,0.995745,4.282174,4.263955
3112,human,0,128,0,1.215090,1.173458,1.425857
3112,human,1,26,0,1.179614,1.877321,2.214513
3112,lm,0,128,0,1.295852,0.734124,0.951316
3112,lm,1,35,0,1.194975,1.243577,1.486043
3113,human,0,128,0,1.368530,0.757487,1.036644
3113,human,1,5,0,0.992730,5.275822,5.237468
3113,lm,0,28,0,2.142818,0.374790,0.803106
3114,human,0,74,0,1.242410,0.981311,1.219191
3114,lm,0,76,0,1.179480,1.613313,1.902870
3115,human,0,81,0,1.447403,0.477195,0.690694
3115,lm,0,41,0,1.551319,0.468432,0.726688
3116,human,0,64,0,1.305075,0.809187,1.056050
3116,lm,0,31,0,1.441878,0.565823,0.815848
3117,human,0,36,0,1.139852,1.027384,1.171066
3117,lm,0,87,0,1.391529,0.648550,0.902477
3118,human,0,128,0,1.357537,0.976283,1.325340
3118,human,1,43,0,1.145325,1.498789,1.716601
3118,lm,0,96,0,1.453242,0.679992,0.988192
3119,human,0,96,0,1.419272,0.670204,0.951202
3119,lm,0,91,0,1.932146,0.362957,0.701286
312,human,0,128,0,1.489614,0.495867,0.738650
312,human,1,107,0,1.320436,0.827072,1.092096
312,lm,0,9,0,1.041929,3.445765,3.590243
3120,human,0,68,0,1.218311,1.348998,1.643499
3120,lm,0,17,0,1.157207,1.094100,1.266101
3121,human,0,128,0,1.189334,1.069224,1.271664
3121,human,1,82,0,1.125632,1.101329,1.239691
3121,lm,0,128,0,1.421571,0.571253,0.812077
3121,lm,1,6,0,1.024073,3.310295,3.389984
3122,human,0,30,0,1.215035,1.064588,1.293512
3122,lm,0,93,0,1.705010,0.348669,0.594484
3123,human,0,55,0,1.190614,1.603798,1.909505
3123,lm,0,11,0,1.290964,1.606912,2.074466
3124,human,0,55,0,1.255013,1.324573,1.662356
3124,lm,0,43,0,1.598032,0.390152,0.623475
3125,human,0,56,0,1.363460,0.903262,1.231562
3125,lm,0,21,0,1.292295,0.983850,1.271425
3126,human,0,128,0,1.516922,0.624365,0.947113
3126,human,1,31,0,1.227700,0.934898,1.147775
3126,lm,0,128,0,1.759310,0.454189,0.799060
3126,lm,1,98,0,1.647712,0.474833,0.782388
3127,human,0,67,0,2.074302,0.489100,1.014540
3127,lm,0,68,0,1.491994,0.921996,1.375612
3128,human,0,53,0,1.302947,1.007488,1.312703
3128,lm,0,93,0,1.743517,0.468782,0.817328
3129,human,0,83,0,1.211231,1.480065,1.792701
3129,lm,0,9,0,1.074662,2.113932,2.271761
313,human,0,32,0,1.303463,0.694749,0.905580
313,lm,0,69,0,1.548946,0.421698,0.653188
3130,human,0,19,0,1.242576,0.924202,1.148391
3130,lm,0,12,0,1.166612,1.236183,1.442146
3131,human,0,128,0,1.542561,0.588091,0.907165
3131,human,1,128,0,1.230839,1.232110,1.516529
3131,human,2,128,0,1.238154,1.193092,1.477232
3131,human,3,97,0,1.443740,0.782171,1.129252
3131,lm,0,32,0,1.193806,1.182234,1.411358
3132,human,0,128,0,1.802863,0.354705,0.639485
3132,human,1,24,0,1.310554,0.867865,1.137384
3132,lm,0,39,0,1.847058,0.406506,0.750840
3133,human,0,128,0,1.611678,0.530642,0.855224
3133,human,1,128,0,1.350064,0.774393,1.045480
3133,human,2,81,0,1.287428,0.977266,1.258159
3133,lm,0,35,0,1.351322,0.649233,0.877322
3134,human,0,95,0,1.129216,0.909266,1.026758
3134,lm,0,11,0,1.191398,1.925810,2.294406
3135,human,0,87,0,1.328821,0.493314,0.655527
3135,lm,0,52,0,1.314076,0.453991,0.596579
3136,human,0,128,0,1.774617,0.560946,0.995465
3136,human,1,25,0,1.258781,2.161583,2.720959
3136,lm,0,52,0,1.638680,0.579756,0.950034
3137,human,0,128,0,1.255703,0.850995,1.068597
3137,human,1,75,0,1.273097,1.065476,1.356454
3137,lm,0,96,0,1.523712,0.397572,0.605785
3138,human,0,59,0,1.337452,0.883497,1.181634
3138,lm,0,36,0,1.320292,1.061516,1.401510
3139,human,0,128,0,1.542832,0.495856,0.765022
3139,human,1,77,0,1.299471,0.851265,1.106194
3139,lm,0,46,0,1.518617,0.510434,0.775153
3140,human,0,128,0,1.398169,0.858944,1.200949
3140,human,1,49,0,1.245017,0.868648,1.081481
3140,lm,0,12,0,1.364407,1.323771,1.806163
3141,human,0,111,0,1.889462,0.423574,0.800326
3141,lm,0,13,0,1.209881,0.584247,0.706869
3142,human,0,128,0,1.475207,0.533608,0.787182
3142,human,1,14,0,1.077832,1.316339,1.418791
3142,lm,0,117,0,1.596000,0.298574,0.476524
3143,human,0,128,0,1.272625,1.067156,1.358089
3143,human,1,29,0,1.310153,1.157266,1.516196
3143,lm,0,33,0,1.471588,0.436520,0.642378
3144,human,0,37,0,1.133639,1.253891,1.421460
3144,lm,0,128,0,1.331705,0.804654,1.071562
3144,lm,1,128,0,1.234618,0.725765,0.896043
3144,lm,2,110,0,1.326307,1.010297,1.339964
3145,human,0,128,0,1.585857,0.267158,0.423675
3145,human,1,119,0,1.365773,0.599914,0.819346
3145,lm,0,128,0,1.749904,0.273466,0.478539
3145,lm,1,3,0,1.055927,2.506411,2.646588
3146,human,0,128,0,1.361037,0.786580,1.070565
3146,human,1,53,0,1.521967,0.776504,1.181814
3146,lm,0,75,0,1.575125,0.393205,0.619347
3147,human,0,94,0,1.581859,0.594177,0.939904
3147,lm,0,50,0,1.835706,0.497574,0.913400
3148,human,0,128,0,1.261769,0.752819,0.949884
3148,human,1,100,0,1.177451,0.998714,1.175936
3148,lm,0,114,0,1.519416,0.528064,0.802350
3149,human,0,103,0,1.370146,0.701998,0.961840
3149,lm,0,42,0,1.591553,0.453648,0.722005
315,human,0,128,0,1.647657,0.564051,0.929363
315,human,1,66,0,1.358164,1.293376,1.756616
315,lm,0,82,0,1.829136,0.352331,0.644461
3150,human,0,11,0,1.130551,1.487232,1.681392
3150,lm,0,49,0,1.407057,0.859953,1.210003
3151,human,0,21,0,1.160759,1.185179,1.375707
3151,lm,0,19,0,1.158180,0.747925,0.866232
3152,human,0,45,0,1.390200,0.594750,0.826821
3152,lm,0,41,0,1.618279,0.577147,0.933985
3153,human,0,28,0,1.220421,1.162646,1.418917
3153,lm,0,12,0,1.273489,1.185986,1.510340
3154,human,0,128,0,1.435147,0.621018,0.891252
3154,human,1,12,0,1.104508,1.992559,2.200798
3154,lm,0,10,0,1.126325,2.259644,2.545094
3155,human,0,104,0,1.327697,0.667887,0.886751
3155,lm,0,128,0,1.402022,0.603714,0.846420
3155,lm,1,50,0,1.307378,0.999119,1.306225
3156,human,0,128,0,1.247327,0.677128,0.844600
3156,human,1,128,0,1.254506,0.876557,1.099646
3156,human,2,1,0,1.000000,3.092029,3.092029
3156,lm,0,12,0,1.075172,1.728503,1.858438
3157,human,0,117,0,1.564401,0.573449,0.897104
3157,lm,0,105,0,1.721380,0.496778,0.855144
3158,human,0,92,0,2.189131,0.220447,0.482587
3158,lm,0,36,0,1.559536,0.835352,1.302762
3159,human,0,44,0,1.245883,0.493736,0.615137
3159,lm,0,13,0,1.592640,0.378807,0.603302
316,human,0,57,0,1.343703,1.065918,1.432278
316,lm,0,53,0,1.416228,1.044276,1.478933
3160,human,0,128,0,1.423631,0.648213,0.922815
3160,human,1,88,0,1.423776,0.746156,1.062358
3160,lm,0,71,0,1.477562,0.582426,0.860570
3161,human,0,68,0,1.314458,0.928093,1.219939
3161,lm,0,50,0,1.428619,0.945681,1.351018
3163,human,0,125,0,1.339829,0.653602,0.875715
3163,lm,0,70,0,1.484561,0.870329,1.292057
3164,human,0,90,0,1.375202,0.769058,1.057610
3164,lm,0,98,0,2.035575,0.337011,0.686011
3165,human,0,126,0,1.372288,0.591435,0.811619
3165,lm,0,57,0,1.438376,0.718598,1.033614
3166,human,0,32,0,1.349175,0.921164,1.242811
3166,lm,0,19,0,1.323588,0.771636,1.021328
3167,human,0,128,0,1.256758,0.710195,0.892543
3167,human,1,128,0,1.370815,0.726814,0.996328
3167,human,2,65,0,1.292371,0.911671,1.178217
3167,lm,0,48,0,1.408843,0.807915,1.138226
3168,human,0,128,0,1.246987,1.146988,1.430279
3168,human,1,128,0,1.276079,0.987989,1.260752
3168,human,2,52,0,1.320522,1.156408,1.527063
3168,lm,0,90,0,1.705369,0.447502,0.763156
3169,human,0,128,0,1.210911,0.991077,1.200105
3169,human,1,128,0,1.189728,1.102743,1.311964
3169,human,2,128,0,1.224286,0.965465,1.182006
3169,human,3,128,0,1.210229,1.160629,1.404626
3169,human,4,87,0,1.174593,1.308501,1.536956
3169,lm,0,25,0,1.200735,0.973003,1.168319
317,human,0,128,0,1.374300,0.863181,1.186270
317,human,1,128,0,1.458488,0.642409,0.936946
317,human,2,51,0,1.407312,0.639868,0.900494
317,lm,0,26,0,1.332627,0.659683,0.879111
3171,human,0,79,0,1.518883,0.756247,1.148651
3171,lm,0,10,0,1.291289,1.290834,1.666839
3172,human,0,34,0,1.146677,1.488698,1.707055
3172,lm,0,94,0,1.299850,1.075152,1.397535
3173,human,0,55,0,1.435044,0.864519,1.240623
3173,lm,0,128,0,1.600530,0.567028,0.907545
3173,lm,1,128,0,1.614083,0.571118,0.921831
3173,lm,2,31,0,1.271026,1.705157,2.167300
3175,human,0,28,0,1.322870,1.214207,1.606239
3175,lm,0,30,0,1.213314,1.103598,1.339011
3176,human,0,128,0,1.287799,1.053645,1.356884
3176,human,1,127,0,1.156434,1.134213,1.311642
3176,lm,0,20,0,1.096150,1.501907,1.646316
3178,human,0,82,0,1.510477,0.739081,1.116364
3178,lm,0,11,0,1.154884,1.472965,1.701102
3179,human,0,36,0,1.230580,1.131725,1.392678
3179,lm,0,38,0,1.347187,0.681401,0.917974
318,human,0,128,0,1.600054,0.331036,0.529675
318,human,1,128,0,1.126815,1.112947,1.254085
318,human,2,26,0,1.399485,1.095467,1.533090
318,lm,0,10,0,1.165888,2.911523,3.394509
3181,human,0,116,0,1.454756,0.640254,0.931414
3181,lm,0,103,0,1.655544,0.479247,0.793415
3182,human,0,29,0,1.339444,0.584663,0.783123
3182,lm,0,84,0,1.515362,0.373679,0.566258
3183,human,0,119,0,1.476178,0.435024,0.642173
3183,lm,0,59,0,1.733471,0.440554,0.763688
3184,human,0,110,0,1.392175,0.795948,1.108098
3184,lm,0,21,0,1.149117,1.673995,1.923616
3185,human,0,103,0,1.709715,0.374214,0.639800
3185,lm,0,21,0,1.252744,1.313839,1.645903
3186,human,0,52,0,1.535355,0.953144,1.463415
3186,lm,0,11,0,1.145790,1.875080,2.148448
3187,human,0,82,0,1.894628,0.351082,0.665170
3187,lm,0,46,0,1.712809,0.432455,0.740713
3188,human,0,35,0,1.325238,0.900417,1.193267
3188,lm,0,126,0,1.633546,0.527298,0.861366
3189,human,0,78,0,1.340936,0.734511,0.984932
3189,lm,0,128,0,2.120352,0.401662,0.851664
3189,lm,1,9,0,1.471391,1.294778,1.905125
319,human,0,117,0,1.396870,0.349243,0.487847
319,lm,0,98,0,1.808058,0.223564,0.404217
3190,human,0,128,0,1.526631,0.644035,0.983204
3190,human,1,11,0,1.006687,4.749861,4.781622
3190,lm,0,54,0,2.033618,0.404358,0.822309
3192,human,0,28,0,1.254037,0.883095,1.107434
3192,lm,0,128,0,2.409993,0.118911,0.286575
3192,lm,1,122,0,1.899267,0.178313,0.338663
3193,human,0,101,0,1.600277,0.459549,0.735405
3193,lm,0,10,0,1.269501,2.141591,2.718753
3194,human,0,128,0,1.311660,0.797678,1.046282
3194,human,1,28,0,1.121812,1.987988,2.230148
3194,lm,0,65,0,1.462785,0.664409,0.971887
3196,human,0,128,0,1.585944,0.575611,0.912886
3196,human,1,112,0,1.530808,0.511390,0.782840
3196,lm,0,34,0,1.255218,0.950193,1.192700
3198,human,0,57,0,1.436581,0.719626,1.033801
3198,lm,0,6,0,1.052896,2.847264,2.997872
3199,human,0,42,0,1.128233,2.406647,2.715258
3199,lm,0,57,0,1.742181,0.476365,0.829914
32,human,0,128,0,1.283707,0.943950,1.211756
32,human,1,56,0,1.166802,1.601573,1.868718
32,lm,0,66,0,1.797968,0.405161,0.728467
320,human,0,128,0,1.539924,0.574780,0.885117
320,human,1,41,0,1.176315,0.958967,1.128048
320,lm,0,128,0,1.650058,0.458515,0.756576
320,lm,1,8,0,1.102911,1.340662,1.478630
3200,human,0,118,0,1.441181,0.640916,0.923675
3200,lm,0,52,0,1.725012,0.588880,1.015825
3201,human,0,87,0,1.520976,0.543497,0.826646
3201,lm,0,24,0,1.391060,0.728794,1.013796
3202,human,0,128,0,1.249188,0.855633,1.068846
3202,human,1,128,0,1.935812,0.250739,0.485384
3202,human,2,36,0,1.176003,2.103086,2.473235
3202,lm,0,121,0,1.650879,0.403901,0.666792
3203,human,0,128,0,1.465308,0.637807,0.934584
3203,human,1,128,0,1.283953,1.408105,1.807940
3203,human,2,128,0,1.312468,1.260883,1.654868
3203,human,3,98,0,1.385960,1.203556,1.668081
3203,lm,0,128,0,2.095310,0.253274,0.530687
3203,lm,1,57,0,1.433135,0.843575,1.208956
3204,human,0,128,0,1.328446,1.107531,1.471295
3204,human,1,128,0,1.217124,1.279590,1.557419
3204,human,2,10,0,1.086396,3.910056,4.247871
3204,lm,0,10,0,1.130429,2.340816,2.646128
3205,human,0,128,0,1.367578,1.078742,1.475264
3205,human,1,128,0,1.237126,1.470701,1.819443
3205,human,2,128,0,1.232514,1.473692,1.816345
3205,human,3,36,0,1.092605,2.339497,2.556146
3205,lm,0,21,0,1.249677,1.641700,2.051595
3206,human,0,9,0,1.038860,2.552065,2.651237
3206,lm,0,33,0,1.516283,1.019718,1.546181
3207,human,0,128,0,1.246175,1.078256,1.343696
3207,human,1,128,0,1.195360,1.031351,1.232836
3207,human,2,65,0,1.244122,1.098262,1.366373
3207,lm,0,73,0,1.474353,0.659529,0.972378
3208,human,0,112,0,1.242032,0.766879,0.952488
3208,lm,0,31,0,1.232668,0.818951,1.009494
3209,human,0,43,0,1.537732,0.625716,0.962183
3209,lm,0,49,0,1.518171,0.559095,0.848802
321,human,0,35,0,1.243718,0.865994,1.077052
321,lm,0,92,0,1.653331,0.669969,1.107680
3210,human,0,77,0,1.166278,1.385688,1.616097
3210,lm,0,65,0,1.786519,0.447031,0.798630
3211,human,0,36,0,1.162783,1.146554,1.333193
3211,lm,0,12,0,1.221053,1.017791,1.242777
3212,human,0,36,0,1.492080,0.626150,0.934266
3212,lm,0,36,0,1.359349,0.627438,0.852907
3213,human,0,86,0,1.402506,0.870954,1.221519
3213,lm,0,9,0,1.113317,1.432103,1.594385
3214,human,0,103,0,1.300359,0.767159,0.997582
3214,lm,0,112,0,1.567903,0.376634,0.590526
3215,human,0,30,0,1.178224,1.156931,1.363123
3215,lm,0,42,0,1.551870,0.511116,0.793185
3216,human,0,128,0,2.076477,0.306671,0.636796
3216,human,1,30,0,1.355421,0.980698,1.329260
3216,lm,0,6,0,1.144908,1.506909,1.725272
3217,human,0,88,0,1.316222,1.051556,1.384081
3217,lm,0,43,0,1.646068,0.737397,1.213806
3218,human,0,99,0,1.429628,0.608905,0.870508
3218,lm,0,99,0,1.642376,0.400484,0.657746
3219,human,0,128,0,1.274284,0.878041,1.118874
3219,human,1,55,0,1.243093,0.892277,1.109183
3219,lm,0,111,0,1.412652,0.901618,1.273673
322,human,0,23,0,1.159556,0.730712,0.847302
322,lm,0,8,0,1.128241,2.996930,3.381260
3220,human,0,23,0,1.149207,1.256730,1.444243
3220,lm,0,65,0,1.389057,0.539944,0.750013
3221,human,0,43,0,1.340702,0.788440,1.057063
3221,lm,0,40,0,1.636935,0.618108,1.011802
3223,human,0,73,0,1.411308,0.660148,0.931672
3223,lm,0,81,0,1.623776,0.391920,0.636391
3224,human,0,128,0,1.318611,0.573162,0.755778
3224,human,1,128,0,1.517307,0.491999,0.746513
3224,human,2,37,0,1.149215,1.466789,1.685655
3224,lm,0,128,0,2.048832,0.238820,0.489301
3224,lm,1,12,0,1.766216,0.462098,0.816165
3225,human,0,44,0,1.310422,0.598826,0.784716
3225,lm,0,26,0,1.618348,0.505513,0.818096
3226,human,0,78,0,1.358940,0.800733,1.088149
3226,lm,0,9,0,1.123725,1.823796,2.049446
3227,human,0,128,0,1.282188,0.826917,1.060263
3227,human,1,83,0,1.139027,1.720806,1.960046
3227,lm,0,34,0,1.387475,1.143721,1.586884
3228,human,0,48,0,1.442035,0.668963,0.964669
3228,lm,0,13,0,1.224320,1.713045,2.097315
3229,human,0,128,0,1.333490,0.740470,0.987409
3229,human,1,128,0,1.325094,0.728880,0.965834
3229,human,2,128,0,1.304411,0.800610,1.044324
3229,human,3,73,0,1.273162,0.799444,1.017821
3229,lm,0,128,0,1.636900,0.418734,0.685426
3229,lm,1,28,0,1.416580,0.492350,0.697453
323,human,0,71,0,1.293075,0.970710,1.255201
323,lm,0,30,0,1.236810,0.638374,0.789547
3230,human,0,128,0,1.595012,0.731453,1.166677
3230,human,1,128,0,1.441459,0.835270,1.204008
3230,human,2,128,0,1.183710,2.028521,2.401180
3230,human,3,128,0,1.176935,1.683302,1.981138
3230,human,4,61,0,1.259684,1.914355,2.411483
3230,lm,0,62,0,1.399335,0.802549,1.123035
3231,human,0,128,0,1.263459,0.738582,0.933169
3231,human,1,128,0,1.145973,1.282811,1.470067
3231,human,2,80,0,1.183075,1.280121,1.514479
3231,lm,0,6,0,1.036958,3.835214,3.976958
3232,human,0,82,0,1.325596,0.814685,1.079943
3232,lm,0,75,0,1.731669,0.179520,0.310869
3233,human,0,25,0,1.245972,0.989464,1.232845
3233,lm,0,36,0,1.692154,0.511040,0.864759
3234,human,0,42,0,1.333119,0.997529,1.329825
3234,lm,0,21,0,1.238876,1.268719,1.571785
3235,human,0,126,0,1.291943,0.985491,1.273198
3235,lm,0,14,0,1.436592,1.010398,1.451529
3236,human,0,128,0,1.278468,0.969825,1.239891
3236,human,1,35,0,1.199939,1.293462,1.552076
3236,lm,0,39,0,1.552413,0.495670,0.769485
3237,human,0,128,0,1.917362,0.384459,0.737147
3237,human,1,128,0,1.492952,0.527414,0.787404
3237,human,2,3,0,1.063744,1.898676,2.019705
3237,lm,0,26,0,1.362389,1.052911,1.434475
3238,human,0,128,0,1.358658,0.983149,1.335763
3238,human,1,128,0,1.427959,0.723289,1.032827
3238,human,2,128,0,1.508519,0.602748,0.909256
3238,human,3,120,0,1.235869,0.941493,1.163562
3238,lm,0,110,0,1.943328,0.265609,0.516165
3239,human,0,27,0,1.117075,1.639326,1.831250
3239,lm,0,55,0,1.467776,0.641870,0.942121
324,human,0,34,0,1.352605,0.881910,1.192876
324,lm,0,128,0,1.651060,0.566405,0.935168
324,lm,1,111,0,1.610187,0.560014,0.901727
3240,human,0,33,0,1.251469,0.777393,0.972884
3240,lm,0,52,0,1.460294,0.855252,1.248919
3241,human,0,52,0,1.638358,0.416153,0.681808
3241,lm,0,73,0,1.677060,0.299497,0.502275
3243,human,0,128,0,1.301169,1.103750,1.436165
3243,human,1,128,0,1.472029,0.996202,1.466438
3243,human,2,128,0,1.454712,1.166923,1.697536
3243,human,3,128,0,1.394540,1.133774,1.581093
3243,human,4,63,0,1.284922,1.132552,1.455241
3243,lm,0,128,0,1.658961,0.544639,0.903536
3243,lm,1,73,0,1.428526,0.838789,1.198231
3244,human,0,119,0,1.392847,0.897777,1.250466
3244,lm,0,39,0,1.199177,1.235260,1.481295
3245,human,0,128,0,1.377005,1.120215,1.542541
3245,human,1,127,0,1.654317,0.648399,1.072657
3245,lm,0,128,0,1.602248,0.610820,0.978685
3245,lm,1,66,0,1.447231,1.257755,1.820263
3246,human,0,128,0,1.345781,0.698285,0.939739
3246,human,1,128,0,1.312209,0.672129,0.881974
3246,human,2,77,0,1.417696,0.795733,1.128108
3246,lm,0,128,0,2.105896,0.313857,0.660950
3246,lm,1,35,0,1.242490,1.252447,1.556153
3247,human,0,128,0,1.498413,0.547387,0.820212
3247,human,1,97,0,1.378708,0.977435,1.347598
3247,lm,0,11,0,1.061141,2.082992,2.210349
3248,human,0,24,0,1.089772,1.631889,1.778387
3248,lm,0,52,0,1.553720,0.449533,0.698449
3249,human,0,26,0,1.358218,0.332886,0.452132
3249,lm,0,8,0,1.324714,0.577613,0.765171
325,human,0,54,0,1.419661,0.774786,1.099933
325,lm,0,60,0,1.844414,0.346731,0.639516
3250,human,0,128,0,1.470659,0.620392,0.912384
3250,human,1,1,0,1.000000,2.755487,2.755487
3250,lm,0,31,0,1.421507,0.772031,1.097448
3251,human,0,128,0,1.909356,0.275413,0.525861
3251,human,1,54,0,1.552748,0.572536,0.889004
3251,lm,0,24,0,1.366996,0.625204,0.854652
3252,human,0,100,0,1.330605,0.919879,1.223997
3252,lm,0,78,0,1.454536,0.664925,0.967157
3253,human,0,28,0,1.262685,0.755827,0.954372
3253,lm,0,61,0,1.619710,0.501688,0.812588
3255,human,0,59,0,1.376913,0.716932,0.987153
3255,lm,0,48,0,1.674126,0.758870,1.270444
3256,human,0,28,0,1.148810,1.243974,1.429090
3256,lm,0,21,0,1.378335,0.812553,1.119969
3257,human,0,11,0,1.315385,0.847832,1.115226
3257,lm,0,6,0,1.158173,1.412507,1.635928
3258,human,0,48,0,1.277954,0.752847,0.962104
3258,lm,0,47,0,1.562602,0.446523,0.697739
3259,human,0,128,0,1.313538,0.916908,1.204393
3259,human,1,27,0,1.724262,0.648865,1.118814
3259,lm,0,5,0,1.087654,0.826796,0.899268
326,human,0,86,0,1.240135,1.375944,1.706357
326,lm,0,30,0,1.207379,1.249637,1.508785
3260,human,0,65,0,1.461896,0.940089,1.374313
3260,lm,0,76,0,1.781037,0.618666,1.101867
3262,human,0,13,0,1.099913,1.789604,1.968408
3262,lm,0,12,0,1.447734,0.902003,1.305860
3263,human,0,128,0,1.276283,0.743797,0.949295
3263,human,1,13,0,1.004451,2.693206,2.705195
3263,lm,0,128,0,1.730293,0.400305,0.692644
3263,lm,1,5,0,0.997101,3.087363,3.078415
3264,human,0,49,0,1.654035,0.445887,0.737513
3264,lm,0,6,0,1.108166,1.629905,1.806205
3265,human,0,46,0,1.345391,1.011814,1.361286
3265,lm,0,49,0,1.803343,0.595162,1.073281
3266,human,0,36,0,1.157584,1.303528,1.508943
3266,lm,0,13,0,1.174351,1.424455,1.672811
3267,human,0,19,0,1.196214,1.125672,1.346544
3267,lm,0,56,0,1.723111,0.552419,0.951879
3268,human,0,108,0,1.600568,0.675216,1.080730
3268,lm,0,128,0,1.483650,0.587404,0.871501
3268,lm,1,16,0,1.289886,1.068498,1.378241
327,human,0,128,0,1.471499,0.532166,0.783082
327,human,1,107,0,1.530124,0.538875,0.824546
327,lm,0,70,0,1.509735,0.498769,0.753009
3270,human,0,112,0,1.739223,0.334888,0.582445
3270,lm,0,11,0,1.145718,2.342945,2.684354
3271,human,0,67,0,1.221841,1.046626,1.278811
3271,lm,0,56,0,1.452382,0.940992,1.366680
3272,human,0,69,0,1.344042,0.771388,1.036777
3272,lm,0,43,0,1.767674,0.438761,0.775586
3273,human,0,25,0,1.191066,1.271160,1.514035
3273,lm,0,11,0,1.469805,1.101878,1.619545
3274,human,0,55,0,1.349833,0.780215,1.053160
3274,lm,0,56,0,1.630091,0.539778,0.879888
3275,human,0,128,0,1.379487,0.680299,0.938463
3275,human,1,42,0,1.302964,1.608159,2.095373
3275,lm,0,50,0,1.487761,0.661233,0.983756
3276,human,0,128,0,1.406519,0.609747,0.857621
3276,human,1,128,0,1.226999,0.980690,1.203306
3276,human,2,38,0,1.151003,1.615704,1.859679
3276,lm,0,58,0,1.286697,0.794274,1.021990
3277,human,0,36,0,1.358359,0.855715,1.162369
3277,lm,0,6,0,1.125988,1.738721,1.957780
3278,human,0,128,0,1.795660,0.488701,0.877540
3278,human,1,18,0,1.380493,1.878266,2.592933
3278,lm,0,65,0,2.032925,0.496750,1.009854
3279,human,0,128,0,1.310471,0.901782,1.181759
3279,human,1,56,0,1.091473,1.787612,1.951130
3279,lm,0,128,0,1.657968,0.540544,0.896204
3279,lm,1,33,0,1.152930,1.688325,1.946521
328,human,0,77,0,1.334904,0.754775,1.007552
328,lm,0,87,0,1.547257,0.503294,0.778726
3282,human,0,28,0,1.202808,1.047578,1.260035
3282,lm,0,18,0,1.419431,0.418448,0.593958
3283,human,0,87,0,1.433152,0.736783,1.055922
3283,lm,0,13,0,1.275573,0.931790,1.188566
3284,human,0,128,0,1.418616,0.647896,0.919115
3284,human,1,20,0,1.372318,1.432757,1.966198
3284,lm,0,74,0,2.202447,0.254178,0.559813
3286,human,0,120,0,1.281450,0.914652,1.172081
3286,lm,0,73,0,1.399571,0.723923,1.013182
3287,human,0,128,0,1.246844,1.116049,1.391539
3287,human,1,128,0,1.092494,1.379689,1.507303
3287,human,2,128,0,1.089292,1.487713,1.620553
3287,human,3,128,0,1.127707,1.253284,1.413337
3287,human,4,128,0,1.250437,0.816991,1.021596
3287,human,5,9,0,0.984398,4.937313,4.860280
3287,lm,0,42,0,1.637140,0.643167,1.052954
3288,human,0,128,0,1.451630,0.475294,0.689951
3288,human,1,128,0,1.451291,0.497627,0.722201
3288,human,2,65,0,1.309163,1.031078,1.349850
3288,lm,0,80,0,1.524141,0.435560,0.663855
3289,human,0,65,0,1.774745,0.559116,0.992289
3289,lm,0,19,0,1.264330,0.712637,0.901008
329,human,0,40,0,1.344548,1.102117,1.481850
329,lm,0,23,0,1.314618,1.065708,1.400999
3290,human,0,46,0,1.367981,0.699944,0.957510
3290,lm,0,10,0,1.366961,1.390650,1.900965
3292,human,0,110,0,1.556584,0.640079,0.996338
3292,lm,0,128,0,1.687810,0.520983,0.879320
3292,lm,1,92,0,1.525077,1.011845,1.543142
3293,human,0,115,0,1.371528,0.615081,0.843601
3293,lm,0,83,0,1.614600,0.433596,0.700085
3294,human,0,128,0,1.601648,0.636673,1.019726
3294,human,1,23,0,1.169358,2.344227,2.741242
3294,lm,0,128,0,1.572234,0.607854,0.955689
3294,lm,1,21,0,1.174945,1.632546,1.918151
3295,human,0,128,0,2.528524,0.351179,0.887964
3295,human,1,122,0,2.055569,0.229696,0.472155
3295,lm,0,10,0,1.301685,1.737489,2.261663
3296,human,0,23,0,1.209573,1.425518,1.724268
3296,lm,0,10,0,1.083818,2.254258,2.443205
3297,human,0,128,0,1.727898,0.429069,0.741387
3297,human,1,42,0,1.372166,1.343676,1.843746
3297,lm,0,52,0,1.573998,0.548798,0.863808
3298,human,0,128,0,1.325672,0.743740,0.985956
3298,human,1,14,0,1.082885,3.317458,3.592424
3298,lm,0,106,0,1.438338,0.670187,0.963956
3299,human,0,27,0,1.395788,0.632741,0.883172
3299,lm,0,8,0,1.254385,0.627758,0.787451
33,human,0,88,0,1.356278,0.772533,1.047770
33,lm,0,87,0,1.754596,0.269188,0.472316
330,human,0,46,0,1.309023,0.777592,1.017886
330,lm,0,9,0,1.089090,1.357974,1.478956
3300,human,0,54,0,1.300342,0.840474,1.092904
3300,lm,0,58,0,1.326226,0.608285,0.806724
3301,human,0,107,0,1.875948,0.443929,0.832787
3301,lm,0,38,0,1.707322,0.506732,0.865155
3302,human,0,128,0,1.712508,0.585412,1.002523
3302,human,1,31,0,1.270124,1.748263,2.220510
3302,lm,0,65,0,1.485261,0.396172,0.588418
3303,human,0,58,0,1.499027,0.705171,1.057070
3303,lm,0,29,0,1.740019,0.286118,0.497851
3304,human,0,96,0,1.406209,0.975592,1.371885
3304,lm,0,9,0,1.066028,1.672738,1.783186
3305,human,0,128,0,1.361915,0.847707,1.154505
3305,human,1,10,0,1.798049,1.464816,2.633812
3305,lm,0,66,0,1.784865,0.290296,0.518139
3306,human,0,128,0,1.255227,0.899216,1.128719
3306,human,1,128,0,1.239326,0.725681,0.899355
3306,human,2,98,0,1.351658,0.502242,0.678859
3306,lm,0,128,0,1.336166,0.663028,0.885915
3306,lm,1,86,0,1.197204,1.108751,1.327401
3307,human,0,124,0,1.528132,0.687813,1.051069
3307,lm,0,46,0,1.261832,1.690087,2.132606
3308,human,0,128,0,1.314371,0.588425,0.773409
3308,human,1,128,0,1.203079,1.505783,1.811575
3308,human,2,128,0,1.377292,1.081076,1.488957
3308,human,3,128,0,1.282190,0.846112,1.084877
3308,human,4,128,0,1.100810,0.692812,0.762654
3308,human,5,128,0,1.009652,0.858437,0.866723
3308,human,6,128,0,1.127724,1.184696,1.336010
3308,human,7,128,0,1.199993,1.193954,1.432736
3308,human,8,128,0,1.223756,1.661286,2.033009
3308,human,9,128,0,1.214806,1.812488,2.201822
3308,human,10,128,0,1.134859,1.608465,1.825381
3308,human,11,128,0,1.123834,1.769880,1.989051
3308,human,12,128,0,1.312654,1.230877,1.615716
3308,human,13,128,0,1.229760,1.452069,1.785696
3308,human,14,128,0,1.174388,1.082039,1.270734
3308,human,15,128,0,1.278930,1.126767,1.441056
3308,human,16,69,0,1.283480,0.958859,1.230676
3308,lm,0,73,0,1.497487,0.637156,0.954132
3309,human,0,128,0,1.276689,0.949758,1.212545
3309,human,1,61,0,1.206216,1.092378,1.317643
3309,lm,0,128,0,1.807057,0.396259,0.716063
3309,lm,1,58,0,1.352961,1.060559,1.434895
331,human,0,44,0,1.197658,0.856060,1.025267
331,lm,0,18,0,1.163720,1.426858,1.660463
3310,human,0,71,0,1.615778,0.493119,0.796771
3310,lm,0,49,0,2.389694,0.335878,0.802647
3311,human,0,128,0,1.231166,0.802936,0.988547
3311,human,1,86,0,1.232633,0.953038,1.174746
3311,lm,0,128,0,1.483134,0.445269,0.660394
3312,human,0,10,0,1.148647,0.972622,1.117199
3312,lm,0,70,0,1.900093,0.281226,0.534356
3313,human,0,66,0,1.348396,0.579999,0.782069
3313,lm,0,11,0,1.223891,0.880606,1.077767
3314,human,0,70,0,1.356111,0.695207,0.942777
3314,lm,0,76,0,1.534518,0.432056,0.662998
3316,human,0,39,0,1.180991,1.463760,1.728687
3316,lm,0,31,0,1.554718,0.498472,0.774984
3317,human,0,128,0,1.324257,0.982299,1.300816
3317,human,1,128,0,1.297034,1.108808,1.438162
3317,human,2,111,0,1.379078,0.971021,1.339113
3317,lm,0,59,0,1.541362,0.700965,1.080440
3318,human,0,128,0,1.406775,0.786834,1.106898
3318,human,1,128,0,1.406802,0.758311,1.066793
3318,human,2,25,0,1.127878,1.480249,1.669540
3318,lm,0,128,0,1.715982,0.390206,0.669587
3318,lm,1,1,0,1.000000,1.871893,1.871893
3319,human,0,17,0,1.110122,1.607070,1.784044
3319,lm,0,16,0,1.217695,1.122848,1.367286
332,human,0,60,0,1.294482,0.635600,0.822773
332,lm,0,25,0,1.699286,0.425422,0.722913
3320,human,0,128,0,1.419465,0.677883,0.962232
3320,human,1,63,0,1.284521,1.243508,1.597312
3320,lm,0,32,0,1.446399,1.003386,1.451297
3321,human,0,55,0,1.455320,0.954808,1.389550
3321,lm,0,97,0,1.862179,0.502853,0.936403
3322,human,0,32,0,1.091914,2.148646,2.346138
3322,lm,0,89,0,1.437751,0.672215,0.966478
3323,human,0,128,0,1.462368,0.727973,1.064564
3323,human,1,128,0,1.298580,1.444058,1.875225
3323,human,2,102,0,1.379438,1.253652,1.729335
3323,lm,0,72,0,1.967113,0.311636,0.613024
3324,human,0,128,0,1.461105,0.422575,0.617426
3324,human,1,128,0,1.634132,0.710340,1.160789
3324,human,2,128,0,1.534460,0.619494,0.950588
3324,human,3,16,0,1.154317,1.899849,2.193028
3324,lm,0,9,0,1.051723,1.021804,1.074655
3325,human,0,33,0,1.360769,1.064998,1.449216
3325,lm,0,88,0,1.522942,0.670611,1.021302
3326,human,0,86,0,1.458512,0.533848,0.778623
3326,lm,0,111,0,1.530264,0.552214,0.845033
3327,human,0,61,0,1.172297,1.439908,1.688001
3327,lm,0,63,0,1.394395,0.561845,0.783434
3328,human,0,128,0,1.280204,1.384221,1.772085
3328,human,1,126,0,1.320428,1.201899,1.587021
3328,lm,0,14,0,1.328498,1.150951,1.529035
3329,human,0,128,0,1.509916,0.624870,0.943501
3329,human,1,30,0,1.200346,1.052253,1.263068
3329,lm,0,37,0,1.680021,0.583852,0.980883
333,human,0,22,0,1.123311,1.881561,2.113578
333,lm,0,46,0,1.318010,1.081869,1.425914
3330,human,0,31,0,1.562432,0.656228,1.025312
3330,lm,0,6,0,1.179728,1.330437,1.569553
3331,human,0,40,0,1.642994,0.557130,0.915362
3331,lm,0,40,0,1.663651,0.389661,0.648260
3332,human,0,21,0,1.285019,0.573651,0.737152
3332,lm,0,6,0,1.211125,1.244658,1.507437
3333,human,0,30,0,1.228029,1.052479,1.292475
3333,lm,0,14,0,1.208899,1.175099,1.420576
3334,human,0,80,0,1.466194,0.821586,1.204604
3334,lm,0,34,0,1.411305,1.372641,1.937215
3335,human,0,31,0,1.175083,1.019387,1.197864
3335,lm,0,60,0,1.841120,0.472863,0.870597
3336,human,0,121,0,1.356147,0.856311,1.161283
3336,lm,0,74,0,1.626021,0.606416,0.986044
3337,human,0,57,0,1.311762,0.817680,1.072602
3337,lm,0,11,0,1.360662,1.023308,1.392376
3338,human,0,128,0,1.356963,0.694671,0.942643
3338,human,1,10,0,1.509543,0.880845,1.329673
3338,lm,0,75,0,1.552977,0.513443,0.797366
3339,human,0,128,0,1.613334,0.649767,1.048291
3339,human,1,48,0,1.336818,0.807549,1.079546
3339,lm,0,128,0,1.895930,0.309953,0.587649
3339,lm,1,1,0,nan,nan,nan
334,human,0,117,0,1.433439,0.648174,0.929118
334,lm,0,125,0,2.235728,0.254667,0.569367
3340,human,0,22,0,1.184572,0.957179,1.133847
3340,lm,0,35,0,1.561593,0.806409,1.259282
3341,human,0,128,0,1.289138,0.875371,1.128475
3341,human,1,60,0,1.123017,1.822142,2.046296
3341,lm,0,22,0,1.110429,0.997036,1.107137
3343,human,0,128,0,1.239705,0.709323,0.879351
3343,human,1,128,0,1.207362,0.858035,1.035959
3343,human,2,86,0,1.171414,1.413874,1.656232
3343,lm,0,54,0,1.566917,0.500851,0.784792
3344,human,0,128,0,1.314819,1.165791,1.532804
3344,human,1,73,0,1.269776,0.755965,0.959906
3344,lm,0,31,0,1.198491,0.858490,1.028892
3345,human,0,128,0,1.384028,0.458680,0.634827
3345,human,1,128,0,1.394496,0.492745,0.687130
3345,human,2,5,0,0.982266,4.573292,4.492189
3345,lm,0,107,0,1.845563,0.299944,0.553565
3346,human,0,128,0,1.202999,1.036207,1.246555
3346,human,1,128,0,1.180142,1.313504,1.550122
3346,human,2,49,0,1.190115,1.353044,1.610279
3346,lm,0,89,0,1.446448,0.628161,0.908602
3347,human,0,74,0,1.292594,1.031525,1.333343
3347,lm,0,63,0,1.424357,1.288480,1.835255
3348,human,0,41,0,1.827918,0.696431,1.273018
3348,lm,0,6,0,1.192879,2.148718,2.563160
3349,human,0,128,0,1.421506,0.581021,0.825925
3349,human,1,35,0,1.154403,1.277290,1.474507
3349,lm,0,72,0,1.486492,0.559096,0.831091
335,human,0,26,0,1.259736,1.134969,1.429762
335,lm,0,13,0,1.165868,1.446775,1.686749
3351,human,0,128,0,1.148691,1.001569,1.150494
3351,human,1,128,0,1.243917,0.863191,1.073738
3351,human,2,64,0,1.318770,1.069561,1.410505
3351,lm,0,10,0,1.263270,2.675294,3.379619
3352,human,0,60,0,1.309622,0.931626,1.220078
3352,lm,0,64,0,1.495120,0.609475,0.911239
3353,human,0,128,0,1.129324,1.400712,1.581858
3353,human,1,128,0,1.325265,1.081677,1.433509
3353,human,2,128,0,1.402149,0.910768,1.277032
3353,human,3,120,0,1.676921,0.529520,0.887964
3353,lm,0,50,0,1.419767,0.680757,0.966516
3354,human,0,43,0,1.191929,1.191061,1.419660
3354,lm,0,128,0,1.424700,0.550946,0.784933
3354,lm,1,10,0,1.183500,2.627388,3.109514
3355,human,0,76,0,1.282751,0.770045,0.987776
3355,lm,0,118,0,1.762808,0.240159,0.423354
3356,human,0,128,0,1.980255,0.379488,0.751483
3356,human,1,117,0,2.047549,0.303596,0.621628
3356,lm,0,128,0,2.926056,0.101591,0.297260
3356,lm,1,59,0,1.902920,0.403129,0.767123
3357,human,0,30,0,1.199563,1.092891,1.310991
3357,lm,0,9,0,1.030038,1.593312,1.641171
3358,human,0,97,0,1.376932,0.643276,0.885748
3358,lm,0,20,0,1.176424,1.475115,1.735361
3359,human,0,57,0,1.311330,0.676604,0.887250
3359,lm,0,6,0,1.010580,4.234225,4.279021
336,human,0,128,0,1.248565,1.042849,1.302065
336,human,1,13,0,1.080774,2.006597,2.168679
336,lm,0,45,0,1.464368,1.131678,1.657193
3360,human,0,128,0,1.313033,0.890868,1.169739
3360,human,1,36,0,1.270084,0.898215,1.140808
3360,lm,0,48,0,1.386496,0.539466,0.747968
3361,human,0,49,0,1.294400,0.598305,0.774446
3361,lm,0,29,0,1.242932,1.148821,1.427906
3363,human,0,65,0,1.275664,0.884784,1.128688
3363,lm,0,64,0,1.822488,0.303240,0.552651
3366,human,0,99,0,1.261278,1.021098,1.287888
3366,lm,0,55,0,1.411029,0.523277,0.738359
3367,human,0,128,0,1.318477,0.858299,1.131647
3367,human,1,57,0,1.317930,1.294400,1.705929
3367,lm,0,122,0,1.442577,0.646602,0.932773
3368,human,0,128,0,1.288186,0.832085,1.071881
3368,human,1,6,0,1.023598,2.505425,2.564549
3368,lm,0,109,0,1.749586,0.690252,1.207655
3369,human,0,98,0,1.625001,0.461038,0.749188
3369,lm,0,54,0,1.679179,0.427270,0.717462
3370,human,0,42,0,1.518019,0.502412,0.762670
3370,lm,0,21,0,1.466754,0.439019,0.643933
3371,human,0,55,0,1.336158,0.868871,1.160949
3371,lm,0,48,0,1.706035,0.709432,1.210317
3372,human,0,128,0,1.290769,1.210045,1.561889
3372,human,1,80,0,1.290519,1.408569,1.817786
3372,lm,0,109,0,1.974660,0.385307,0.760851
3373,human,0,128,0,1.267783,0.952811,1.207958
3373,human,1,128,0,1.239173,0.967336,1.198697
3373,human,2,128,0,1.265214,0.997904,1.262563
3373,human,3,128,0,1.315743,1.018885,1.340591
3373,human,4,57,0,1.166729,1.227687,1.432378
3373,lm,0,49,0,1.295376,0.803476,1.040803
3374,human,0,128,0,1.288196,1.144605,1.474476
3374,human,1,128,0,1.324839,0.662471,0.877668
3374,human,2,128,0,1.378008,0.761851,1.049837
3374,human,3,100,0,1.394722,0.585202,0.816194
3374,lm,0,59,0,1.547148,0.575965,0.891104
3375,human,0,50,0,1.225287,0.841725,1.031355
3375,lm,0,128,0,1.358694,0.981386,1.333403
3375,lm,1,50,0,1.279115,1.414424,1.809210
3376,human,0,128,0,1.606232,0.289937,0.465706
3376,human,1,53,0,1.451781,0.580524,0.842793
3376,lm,0,6,0,1.122985,0.905489,1.016851
3377,human,0,128,0,1.354150,0.757582,1.025880
3377,human,1,34,0,1.209442,1.076099,1.301479
3377,lm,0,20,0,1.404984,0.766000,1.076218
3378,human,0,47,0,1.336692,0.609152,0.814248
3378,lm,0,54,0,1.599318,0.440947,0.705215
3379,human,0,118,0,1.533758,0.731860,1.122496
3379,lm,0,128,0,1.634931,0.755102,1.234539
3379,lm,1,35,0,1.313929,1.528777,2.008703
338,human,0,128,0,1.338895,0.746108,0.998960
338,human,1,113,0,1.475182,0.820996,1.211119
338,lm,0,69,0,1.603428,0.398641,0.639192
3380,human,0,89,0,1.433187,1.073573,1.538632
3380,lm,0,128,0,1.483808,0.599438,0.889451
3380,lm,1,24,0,1.223060,1.682865,2.058244
3381,human,0,96,0,1.380190,0.784300,1.082483
3381,lm,0,42,0,1.425035,0.695300,0.990826
3382,human,0,128,0,1.225362,1.265032,1.550122
3382,human,1,128,0,1.133607,1.253997,1.421540
3382,human,2,128,0,1.179568,1.153992,1.361213
3382,human,3,128,0,1.355625,0.715723,0.970251
3382,human,4,35,0,1.249668,1.944417,2.429875
3382,lm,0,128,0,1.655625,0.392553,0.649921
3382,lm,1,127,0,1.506192,0.570245,0.858899
3384,human,0,128,0,1.583678,0.521838,0.826424
3384,human,1,69,0,1.412275,0.641329,0.905733
3384,lm,0,84,0,1.995403,0.136539,0.272450
3385,human,0,106,0,1.612304,0.384939,0.620639
3385,lm,0,10,0,1.114250,1.644470,1.832350
3386,human,0,84,0,1.657010,0.658779,1.091604
3386,lm,0,125,0,1.849685,0.323491,0.598357
3387,human,0,70,0,1.391075,0.737169,1.025457
3387,lm,0,11,0,1.302081,0.850710,1.107693
3388,human,0,50,0,1.129129,1.224023,1.382080
3388,lm,0,11,0,1.089462,1.907933,2.078621
3389,human,0,128,0,1.242226,0.788596,0.979614
3389,human,1,55,0,1.478244,0.820729,1.213238
3389,lm,0,29,0,1.317290,0.640830,0.844159
339,human,0,128,0,1.450538,0.495924,0.719356
339,human,1,61,0,1.324680,1.104561,1.463191
339,lm,0,83,0,1.311196,0.850782,1.115542
3390,human,0,128,0,1.476130,0.559824,0.826373
3390,human,1,123,0,1.319035,0.887121,1.170144
3390,lm,0,100,0,1.429987,0.720964,1.030970
3391,human,0,40,0,1.338899,0.655360,0.877461
3391,lm,0,14,0,1.113513,1.639257,1.825335
3392,human,0,59,0,1.363224,0.840259,1.145462
3392,lm,0,64,0,1.535149,0.447018,0.686239
3393,human,0,128,0,1.389488,0.778148,1.081228
3393,human,1,80,0,1.465820,0.848768,1.244141
3393,lm,0,43,0,1.472398,0.656432,0.966529
3394,human,0,76,0,1.187584,1.295625,1.538664
3394,lm,0,128,0,1.348351,0.987713,1.331785
3394,lm,1,58,0,1.263871,1.396909,1.765513
3395,human,0,105,0,1.398749,0.533329,0.745993
3395,lm,0,30,0,1.252784,1.281928,1.605979
3396,human,0,105,0,1.253285,0.803259,1.006712
3396,lm,0,85,0,1.655920,0.442216,0.732275
3397,human,0,128,0,1.285376,0.760767,0.977872
3397,human,1,96,0,1.432449,0.643972,0.922457
3397,lm,0,44,0,1.541144,1.020063,1.572065
3398,human,0,25,0,1.380913,0.949718,1.311478
3398,lm,0,8,0,1.155553,1.470377,1.699098
3399,human,0,128,0,1.322698,0.784336,1.037440
3399,human,1,128,0,1.316892,0.741991,0.977123
3399,human,2,128,0,1.343739,0.724633,0.973717
3399,human,3,10,0,1.410010,2.186722,3.083300
3399,lm,0,109,0,1.824098,0.199826,0.364503
34,human,0,127,0,1.379103,0.476553,0.657215
34,lm,0,61,0,1.552412,0.539232,0.837110
340,human,0,128,0,1.247846,0.886673,1.106432
340,human,1,111,0,1.008278,2.723673,2.746221
340,lm,0,23,0,1.129278,1.557830,1.759222
3400,human,0,25,0,1.253291,1.256418,1.574657
3400,lm,0,35,0,1.352788,0.769025,1.040328
3401,human,0,36,0,1.355172,0.553043,0.749468
3401,lm,0,18,0,1.213556,0.937147,1.137281
3402,human,0,52,0,1.295251,0.581140,0.752722
3402,lm,0,51,0,1.350197,0.677671,0.914989
3403,human,0,128,0,1.334583,0.842743,1.124711
3403,human,1,128,0,1.139456,1.094464,1.247094
3403,human,2,128,0,1.182644,0.972170,1.149731
3403,human,3,30,0,1.069873,1.432219,1.532293
3403,lm,0,71,0,1.695144,0.614975,1.042472
3404,human,0,26,0,1.403046,0.972672,1.364704
3404,lm,0,10,0,1.117828,1.746974,1.952815
3405,human,0,95,0,1.376687,0.700641,0.964563
3405,lm,0,126,0,2.039648,0.280890,0.572916
3406,human,0,128,0,1.705840,0.300204,0.512100
3406,human,1,128,0,1.021155,1.552688,1.585535
3406,human,2,60,0,1.240626,0.857759,1.064158
3406,lm,0,128,0,1.472000,0.675142,0.993808
3406,lm,1,40,0,1.249659,1.496301,1.869866
3407,human,0,104,0,1.416398,0.466081,0.660157
3407,lm,0,46,0,1.782572,0.365567,0.651650
3408,human,0,37,0,1.367720,1.100436,1.505089
3408,lm,0,31,0,1.462438,1.054941,1.542786
3409,human,0,23,0,1.209158,1.052133,1.272195
3409,lm,0,22,0,1.231323,0.843650,1.038806
341,human,0,43,0,1.291049,0.882902,1.139869
341,lm,0,32,0,1.379725,0.708206,0.977130
3410,human,0,128,0,1.366009,0.627116,0.856646
3410,human,1,128,0,1.294197,0.683191,0.884183
3410,human,2,128,0,1.368842,0.460152,0.629875
3410,human,3,128,0,1.279709,0.505543,0.646947
3410,human,4,105,0,1.201486,0.981042,1.178708
3410,lm,0,128,0,1.568644,0.467831,0.733860
3410,lm,1,34,0,1.534501,0.613417,0.941289
3411,human,0,128,0,1.610469,0.539305,0.868534
3411,human,1,6,0,1.107274,1.579242,1.748653
3411,lm,0,45,0,1.728454,0.474731,0.820550
3412,human,0,16,0,1.184258,1.244648,1.473984
3412,lm,0,88,0,1.543273,0.364412,0.562387
3413,human,0,40,0,1.644911,0.487382,0.801700
3413,lm,0,43,0,1.474092,0.637105,0.939151
3414,human,0,128,0,1.310544,1.085096,1.422066
3414,human,1,128,0,1.187611,0.908242,1.078638
3414,human,2,128,0,1.186639,1.042242,1.236766
3414,human,3,128,0,1.188701,1.291946,1.535737
3414,human,4,128,0,1.147267,1.041298,1.194646
3414,human,5,128,0,0.877071,2.592519,2.273824
3414,human,6,128,0,1.066002,1.819453,1.939541
3414,human,7,128,0,0.998589,2.149976,2.146941
3414,human,8,81,0,1.093240,1.601445,1.750763
3414,lm,0,99,0,1.875375,0.320722,0.601475
3415,human,0,79,0,1.388680,0.736085,1.022186
3415,lm,0,11,0,1.145839,1.543802,1.768948
3416,human,0,47,0,1.181508,1.085405,1.282414
3416,lm,0,109,0,1.647995,0.492578,0.811766
3417,human,0,93,0,1.431866,0.378438,0.541872
3417,lm,0,72,0,1.599741,0.377639,0.604125
3419,human,0,64,0,1.195728,1.146948,1.371438
3419,lm,0,110,0,1.724873,0.291679,0.503109
3420,human,0,128,0,1.509045,0.504263,0.760956
3420,human,1,34,0,1.169891,2.197403,2.570723
3420,lm,0,39,0,1.480774,0.753472,1.115722
3421,human,0,105,0,1.786612,0.378984,0.677097
3421,lm,0,10,0,1.219960,1.637946,1.998228
3422,human,0,28,0,1.269254,1.438994,1.826449
3422,lm,0,58,0,1.364804,0.917530,1.252249
3423,human,0,69,0,1.412413,0.727540,1.027588
3423,lm,0,35,0,1.791416,0.546019,0.978146
3424,human,0,128,0,1.310807,0.909675,1.192408
3424,human,1,78,0,1.035022,1.772172,1.834237
3424,lm,0,64,0,1.486868,0.562749,0.836733
3425,human,0,87,0,1.478639,0.511711,0.756636
3425,lm,0,43,0,1.414846,0.771105,1.090994
3426,human,0,91,0,1.519434,0.842506,1.280132
3426,lm,0,85,0,2.060215,0.384224,0.791584
3427,human,0,29,0,1.308974,0.907209,1.187512
3427,lm,0,12,0,1.245726,1.731624,2.157130
3428,human,0,82,0,1.599803,0.434030,0.694362
3428,lm,0,119,0,2.221887,0.168316,0.373979
3429,human,0,128,0,1.128828,1.158550,1.307804
3429,human,1,128,0,1.013750,1.282254,1.299884
3429,human,2,128,0,1.076293,1.164697,1.253555
3429,human,3,128,0,0.993626,1.395063,1.386171
3429,human,4,5,0,0.986307,3.646963,3.597025
3429,lm,0,128,0,1.351325,0.556520,0.752039
3429,lm,1,56,0,1.182721,1.072654,1.268651
343,human,0,128,0,1.344719,0.477976,0.642743
343,human,1,20,0,1.176342,1.541094,1.812855
343,lm,0,108,0,1.480054,0.758367,1.122424
3431,human,0,89,0,1.578233,0.988711,1.560415
3431,lm,0,33,0,1.272730,1.114470,1.418420
3432,human,0,123,0,1.325974,0.727255,0.964321
3432,lm,0,36,0,1.602811,0.539654,0.864963
3433,human,0,128,0,1.340513,0.660278,0.885111
3433,human,1,29,0,1.148794,2.156734,2.477643
3433,lm,0,86,0,1.327130,0.763144,1.012791
3434,human,0,128,0,1.175433,1.079020,1.268316
3434,human,1,128,0,1.227907,0.908817,1.115943
3434,human,2,128,0,1.179936,1.264840,1.492430
3434,human,3,39,0,1.298824,1.130876,1.468809
3434,lm,0,128,0,1.876669,0.379030,0.711313
3434,lm,1,4,0,0.949207,4.648552,4.412436
3435,human,0,13,0,1.323868,0.880657,1.165873
3435,lm,0,19,0,1.535809,0.465329,0.714657
3436,human,0,57,0,1.586906,0.441341,0.700367
3436,lm,0,35,0,1.665011,0.526339,0.876361
3437,human,0,92,0,1.455753,0.578789,0.842574
3437,lm,0,74,0,1.922780,0.252704,0.485895
3438,human,0,32,0,1.465380,0.673773,0.987333
3438,lm,0,53,0,1.571137,0.779326,1.224428
344,human,0,128,0,1.543491,0.589440,0.909795
344,human,1,128,0,1.268352,1.244364,1.578292
344,human,2,128,0,1.250435,1.210299,1.513401
344,human,3,128,0,1.195588,1.340312,1.602461
344,human,4,128,0,1.326153,1.245473,1.651688
344,human,5,65,0,1.377489,1.219003,1.679164
344,lm,0,46,0,1.639457,0.636513,1.043536
3440,human,0,54,0,1.704268,0.379647,0.647021
3440,lm,0,39,0,1.797211,0.402449,0.723285
3441,human,0,32,0,1.396402,0.682022,0.952376
3441,lm,0,10,0,1.074690,1.750352,1.881085
3442,human,0,20,0,1.313775,0.998200,1.311411
3442,lm,0,57,0,1.808512,0.570151,1.031125
3443,human,0,128,0,1.200887,1.021392,1.226576
3443,human,1,128,0,1.218709,0.868066,1.057919
3443,human,2,128,0,1.160558,1.101140,1.277937
3443,human,3,128,0,1.183091,1.013903,1.199540
3443,human,4,23,0,1.003159,1.639731,1.644911
3443,lm,0,44,0,1.282935,0.840095,1.077788
3444,human,0,43,0,1.405601,0.455692,0.640522
3444,lm,0,39,0,1.261257,0.654391,0.825356
3445,human,0,30,0,1.713996,0.657300,1.126609
3445,lm,0,30,0,1.648826,0.657300,1.083773
3447,human,0,27,0,1.232791,0.536407,0.661278
3447,lm,0,27,0,1.172340,0.771304,0.904230
3448,human,0,81,0,1.651269,0.470609,0.777102
3448,lm,0,97,0,1.944524,0.245258,0.476910
3449,human,0,128,0,1.403027,0.736254,1.032984
3449,human,1,128,0,1.224150,1.143637,1.399982
3449,human,2,128,0,1.259513,1.338834,1.686279
3449,human,3,128,0,1.272502,1.145661,1.457855
3449,human,4,128,0,1.186538,1.212759,1.438985
3449,human,5,128,0,1.251079,0.987006,1.234822
3449,human,6,39,0,1.172196,1.592352,1.866549
3449,lm,0,38,0,1.251257,0.876340,1.096527
345,human,0,128,0,1.185110,1.045470,1.238997
345,human,1,128,0,1.175600,0.880479,1.035091
345,human,2,128,0,1.231647,1.081927,1.332553
345,human,3,128,0,1.200760,1.002254,1.203467
345,human,4,103,0,1.205998,0.950391,1.146169
345,lm,0,128,0,1.876064,0.260511,0.488736
345,lm,1,83,0,1.305706,0.631571,0.824646
3451,human,0,34,0,1.210046,1.163592,1.407999
3451,lm,0,28,0,1.296283,1.096812,1.421778
3452,human,0,128,0,1.395071,0.897979,1.252745
3452,human,1,36,0,1.260894,1.647552,2.077388
3452,lm,0,58,0,1.379507,0.874602,1.206519
3453,human,0,40,0,1.237886,1.188227,1.470890
3453,lm,0,28,0,1.440766,0.942342,1.357694
3454,human,0,128,0,1.312111,1.003553,1.316774
3454,human,1,116,0,1.153361,1.139369,1.314104
3454,lm,0,11,0,1.060342,3.497670,3.708728
3455,human,0,128,0,1.279555,0.914234,1.169812
3455,human,1,64,0,1.174222,1.476748,1.734031
3455,lm,0,62,0,1.736857,0.548131,0.952025
3456,human,0,128,0,1.561669,0.683810,1.067885
3456,human,1,128,0,1.433109,0.653069,0.935919
3456,human,2,128,0,1.301078,0.881607,1.147039
3456,human,3,128,0,1.428597,0.680808,0.972601
3456,human,4,14,0,1.133343,1.815030,2.057052
3456,lm,0,128,0,1.637841,0.411827,0.674508
3456,lm,1,128,0,1.436720,0.563294,0.809296
3456,lm,2,32,0,1.221717,1.283156,1.567654
3457,human,0,48,0,1.202555,0.974320,1.171673
3457,lm,0,128,0,1.527711,0.365528,0.558421
3457,lm,1,38,0,1.201254,0.972522,1.168245
3458,human,0,42,0,1.442512,0.812090,1.171449
3458,lm,0,60,0,1.616605,0.724010,1.170437
3459,human,0,57,0,1.339400,1.071467,1.435123
3459,lm,0,16,0,1.189436,1.335212,1.588148
346,human,0,128,0,1.593202,0.547974,0.873033
346,human,1,128,0,1.418373,0.827725,1.174023
346,human,2,23,0,1.169298,2.883353,3.371498
346,lm,0,59,0,2.180386,0.335223,0.730916
3460,human,0,16,0,1.344411,1.018119,1.368770
3460,lm,0,54,0,2.054653,0.482912,0.992216
3461,human,0,33,0,1.378156,0.837039,1.153570
3461,lm,0,11,0,1.133964,1.088751,1.234605
3463,human,0,37,0,1.216685,1.418142,1.725433
3463,lm,0,36,0,1.586147,0.691538,1.096881
3464,human,0,128,0,1.553039,0.624494,0.969864
3464,human,1,128,0,1.383729,0.619240,0.856860
3464,human,2,113,0,1.519480,0.546999,0.831155
3464,lm,0,11,0,1.225117,1.263813,1.548318
3465,human,0,41,0,1.261837,1.231302,1.553702
3465,lm,0,80,0,1.458569,0.701843,1.023687
3466,human,0,128,0,1.441100,0.797608,1.149433
3466,human,1,29,0,1.323846,1.694113,2.242745
3466,lm,0,13,0,1.202491,1.458214,1.753488
3468,human,0,128,0,1.432592,0.848368,1.215365
3468,human,1,67,0,1.437831,1.168645,1.680314
3468,lm,0,128,0,2.017801,0.224087,0.452163
3468,lm,1,128,0,1.534555,0.432558,0.663784
3468,lm,2,69,0,1.293403,0.734722,0.950292
3469,human,0,26,0,1.179811,1.491363,1.759527
3469,lm,0,45,0,1.334505,0.958809,1.279536
347,human,0,128,0,1.249150,0.503123,0.628476
347,human,1,52,0,1.199837,0.445768,0.534849
347,lm,0,33,0,1.415526,0.849512,1.202507
3470,human,0,128,0,1.399854,0.870545,1.218635
3470,human,1,128,0,1.393311,0.944818,1.316425
3470,human,2,128,0,1.394888,0.667708,0.931378
3470,human,3,128,0,1.267765,1.298682,1.646423
3470,human,4,30,0,1.114401,1.630296,1.816804
3470,lm,0,128,0,1.558222,0.609113,0.949133
3470,lm,1,1,0,1.000000,2.029945,2.029945
3471,human,0,47,0,1.432532,0.830625,1.189897
3471,lm,0,10,0,1.048760,1.597240,1.675122
3472,human,0,70,0,1.382231,0.601808,0.831838
3472,lm,0,89,0,1.455212,0.393618,0.572797
3474,human,0,128,0,1.407889,0.745038,1.048931
3474,human,1,128,0,1.391161,0.666810,0.927640
3474,human,2,128,0,1.293130,0.705530,0.912341
3474,human,3,128,0,1.295510,1.060426,1.373793
3474,human,4,47,0,1.464678,1.046905,1.533378
3474,lm,0,11,0,1.123792,2.026903,2.277817
3476,human,0,71,0,1.607075,0.578310,0.929387
3476,lm,0,58,0,1.601105,0.818168,1.309973
3479,human,0,101,0,2.008304,0.308612,0.619787
3479,lm,0,24,0,1.277396,1.205540,1.539952
348,human,0,19,0,1.269695,0.809931,1.028365
348,lm,0,33,0,1.828974,0.431358,0.788943
3480,human,0,128,0,1.172440,1.192463,1.398091
3480,human,1,92,0,1.308459,0.966989,1.265265
3480,lm,0,128,0,1.668632,0.575519,0.960330
3480,lm,1,76,0,1.457817,0.548158,0.799114
3483,human,0,128,0,1.154274,0.903794,1.043226
3483,human,1,27,0,1.028609,2.597885,2.672209
3483,lm,0,60,0,1.306333,0.663875,0.867242
3484,human,0,128,0,1.446494,0.776111,1.122639
3484,human,1,95,0,1.639423,0.581501,0.953326
3484,lm,0,128,0,1.464954,0.553996,0.811579
3484,lm,1,11,0,1.220686,2.280372,2.783618
3485,human,0,62,0,1.446983,0.861561,1.246664
3485,lm,0,49,0,1.461043,0.585325,0.855185
3486,human,0,29,0,1.189954,1.521611,1.810647
3486,lm,0,62,0,1.377756,0.872989,1.202766
3487,human,0,122,0,1.425601,0.596950,0.851013
3487,lm,0,35,0,1.493785,0.642500,0.959757
3488,human,0,108,0,1.281562,1.272120,1.630301
3488,lm,0,12,0,1.304360,1.439074,1.877070
3489,human,0,97,0,1.325307,0.624402,0.827524
3489,lm,0,21,0,1.221294,1.060383,1.295040
349,human,0,89,0,1.564456,0.447781,0.700533
349,lm,0,26,0,1.464089,0.659835,0.966056
3490,human,0,128,0,1.667802,0.425860,0.710250
3490,human,1,7,0,1.116481,1.797563,2.006945
3490,lm,0,94,0,1.550973,0.476686,0.739326
3492,human,0,36,0,1.231190,0.937547,1.154299
3492,lm,0,83,0,1.524261,0.362036,0.551837
3493,human,0,42,0,1.181202,1.589656,1.877705
3493,lm,0,10,0,1.321285,2.222327,2.936327
3494,human,0,32,0,1.301753,0.616204,0.802146
3494,lm,0,71,0,1.744557,0.412700,0.719979
3495,human,0,128,0,1.405229,0.572501,0.804495
3495,human,1,110,0,1.387301,0.654465,0.907940
3495,lm,0,45,0,1.512189,0.437891,0.662174
3496,human,0,128,0,1.355989,0.644574,0.874035
3496,human,1,69,0,1.163592,1.724413,2.006514
3496,lm,0,19,0,1.213161,1.062950,1.289529
3497,human,0,128,0,1.358906,0.905893,1.231023
3497,human,1,105,0,1.342204,0.861347,1.156104
3497,lm,0,51,0,1.686454,0.542954,0.915667
3499,human,0,128,0,1.619465,0.545642,0.883648
3499,human,1,110,0,1.541260,0.478657,0.737735
3499,lm,0,111,0,2.055219,0.260117,0.534597
35,human,0,128,0,1.392394,0.864551,1.203795
35,human,1,113,0,1.207702,1.183542,1.429366
35,lm,0,104,0,1.322804,0.771153,1.020085
350,human,0,18,0,1.304109,0.853515,1.113077
350,lm,0,50,0,1.638657,0.626776,1.027071
3500,human,0,128,0,1.270100,0.774270,0.983401
3500,human,1,128,0,1.217973,1.213919,1.478521
3500,human,2,128,0,1.030610,2.447800,2.522727
3500,human,3,40,0,1.170580,2.161972,2.530762
3500,lm,0,33,0,1.402951,0.856537,1.201679
3501,human,0,128,0,1.550378,0.577846,0.895880
3501,human,1,23,0,1.129332,1.828807,2.065329
3501,lm,0,124,0,1.812196,0.393552,0.713193
3502,human,0,62,0,1.369288,0.657107,0.899769
3502,lm,0,61,0,1.625567,0.483983,0.786747
3503,human,0,128,0,1.551969,0.525834,0.816078
3503,human,1,11,0,1.193127,2.035910,2.429100
3503,lm,0,45,0,1.535713,0.307303,0.471929
3504,human,0,128,0,1.543698,0.468286,0.722892
3504,human,1,97,0,1.464796,0.516282,0.756248
3504,lm,0,89,0,1.537991,0.421529,0.648307
3506,human,0,41,0,1.505567,0.910674,1.371082
3506,lm,0,41,0,1.499086,0.935949,1.403069
3507,human,0,57,0,1.278433,1.130932,1.445821
3507,lm,0,84,0,1.610988,0.416652,0.671222
3508,human,0,72,0,1.295517,0.897573,1.162821
3508,lm,0,75,0,1.355029,0.538862,0.730174
3509,human,0,81,0,1.299116,0.844852,1.097561
3509,lm,0,81,0,1.388254,0.731230,1.015133
351,human,0,81,0,1.568383,0.553154,0.867557
351,lm,0,30,0,1.437647,0.767919,1.103997
3510,human,0,66,0,1.478936,0.491776,0.727305
3510,lm,0,12,0,1.104636,1.990090,2.198325
3511,human,0,128,0,1.387505,0.589126,0.817415
3511,human,1,77,0,1.295332,0.724173,0.938045
3511,lm,0,101,0,1.555983,0.506935,0.788781
3513,human,0,128,0,1.549305,0.575536,0.891681
3513,human,1,128,0,1.450786,0.781009,1.133077
3513,human,2,26,0,1.089372,2.070631,2.255687
3513,lm,0,98,0,1.976981,0.362409,0.716476
3514,human,0,11,0,1.347613,0.482384,0.650067
3514,lm,0,4,0,1.298171,1.090007,1.415015
3515,human,0,128,0,1.630326,0.587558,0.957912
3515,human,1,102,0,2.294407,0.240092,0.550870
3515,lm,0,58,0,1.641022,0.576032,0.945282
3516,human,0,107,0,1.230867,1.011256,1.244722
3516,lm,0,94,0,1.434792,0.592258,0.849767
3517,human,0,80,0,1.387478,0.698608,0.969303
3517,lm,0,55,0,1.419277,0.489643,0.694939
3518,human,0,113,0,1.298491,1.032771,1.341043
3518,lm,0,44,0,1.607695,0.674194,1.083899
3519,human,0,44,0,2.032348,0.186566,0.379167
3519,lm,0,46,0,2.845592,0.123777,0.352219
352,human,0,67,0,1.610163,0.425143,0.684550
352,lm,0,57,0,1.717567,0.572568,0.983424
3520,human,0,56,0,1.436163,0.565773,0.812542
3520,lm,0,10,0,1.051046,4.703512,4.943608
3521,human,0,60,0,1.388103,0.641519,0.890495
3521,lm,0,33,0,1.248031,0.850851,1.061888
3522,human,0,67,0,1.419612,0.679882,0.965169
3522,lm,0,23,0,1.555738,0.360336,0.560589
3523,human,0,19,0,1.101259,1.304261,1.436329
3523,lm,0,14,0,1.150667,1.622658,1.867139
3524,human,0,128,0,2.037085,0.209707,0.427190
3524,human,1,23,0,1.952353,0.513780,1.003080
3524,lm,0,14,0,1.130139,2.508533,2.834991
3525,human,0,56,0,1.439786,0.838234,1.206877
3525,lm,0,20,0,1.391117,0.837886,1.165597
3527,human,0,128,0,1.206274,1.006556,1.214183
3527,human,1,128,0,1.304608,0.830646,1.083667
3527,human,2,128,0,1.173696,1.620963,1.902517
3527,human,3,128,0,1.194250,1.393726,1.664457
3527,human,4,79,0,1.078682,2.315386,2.497565
3527,lm,0,51,0,1.365055,1.132335,1.545700
3528,human,0,128,0,1.724412,0.278483,0.480220
3528,human,1,9,0,1.150491,1.353347,1.557014
3528,lm,0,128,0,1.573487,0.470111,0.739714
3528,lm,1,27,0,1.303798,1.356948,1.769185
3529,human,0,44,0,1.229272,0.851733,1.047012
3529,lm,0,128,0,1.885703,0.344139,0.648944
3529,lm,1,45,0,1.677523,0.978045,1.640694
353,human,0,59,0,1.455411,0.656707,0.955779
353,lm,0,105,0,1.892100,0.268479,0.507989
3530,human,0,71,0,1.356873,0.688188,0.933784
3530,lm,0,11,0,1.274641,1.135767,1.447695
3531,human,0,84,0,1.332712,0.930438,1.240006
3531,lm,0,122,0,1.467695,0.953041,1.398773
3532,human,0,128,0,1.454869,0.499810,0.727159
3532,human,1,56,0,1.299305,0.956627,1.242950
3532,lm,0,50,0,1.485693,0.571031,0.848376
3533,human,0,64,0,1.134102,1.602671,1.817592
3533,lm,0,69,0,1.374248,0.674960,0.927563
3534,human,0,75,0,1.279677,0.957854,1.225744
3534,lm,0,42,0,1.396056,0.744395,1.039218
3536,human,0,116,0,1.682398,0.361496,0.608180
3536,lm,0,62,0,1.913911,0.278729,0.533462
3537,human,0,31,0,1.203460,0.946829,1.139471
3537,lm,0,33,0,1.240608,0.840912,1.043242
3538,human,0,79,0,1.473414,0.467081,0.688204
3538,lm,0,5,0,1.036434,1.527003,1.582638
3539,human,0,29,0,1.221416,1.269702,1.550833
3539,lm,0,44,0,1.388781,0.882023,1.224936
354,human,0,109,0,1.446655,0.618727,0.895085
354,lm,0,44,0,1.381727,0.810044,1.119260
3540,human,0,128,0,1.440722,0.855265,1.232199
3540,human,1,128,0,1.184066,1.400024,1.657721
3540,human,2,128,0,1.193056,1.214962,1.449517
3540,human,3,128,0,1.198502,1.279938,1.534008
3540,human,4,128,0,1.139856,1.257830,1.433745
3540,human,5,128,0,1.319152,1.013111,1.336447
3540,human,6,128,0,1.323054,0.782694,1.035546
3540,human,7,17,0,1.345340,1.153385,1.551695
3540,lm,0,91,0,1.962912,0.341290,0.669923
3541,human,0,128,0,1.308920,0.934795,1.223572
3541,human,1,128,0,1.243368,0.914560,1.137134
3541,human,2,128,0,1.205781,1.122540,1.353537
3541,human,3,128,0,1.288638,0.890951,1.148113
3541,human,4,128,0,1.188735,0.957128,1.137771
3541,human,5,59,0,1.331294,0.879849,1.171337
3541,lm,0,128,0,1.716677,0.387201,0.664698
3541,lm,1,14,0,1.024720,2.341935,2.399829
3542,human,0,128,0,1.254431,1.224718,1.536324
3542,human,1,128,0,1.311531,0.913497,1.198079
3542,human,2,128,0,1.231852,1.297264,1.598037
3542,human,3,128,0,1.293224,1.315433,1.701150
3542,human,4,16,0,1.043748,4.001511,4.176569
3542,lm,0,128,0,1.571695,0.482442,0.758251
3542,lm,1,25,0,1.231108,1.260170,1.551406
3543,human,0,48,0,1.193839,1.074055,1.282249
3543,lm,0,27,0,1.136172,1.351042,1.535016
3544,human,0,67,0,1.392714,0.662485,0.922652
3544,lm,0,124,0,1.892227,0.239729,0.453622
3545,human,0,70,0,1.548939,0.341313,0.528673
3545,lm,0,36,0,1.245767,1.087182,1.354376
3546,human,0,62,0,1.538863,0.705850,1.086207
3546,lm,0,6,0,1.059639,3.510542,3.719906
3547,human,0,35,0,1.364841,0.626205,0.854671
3547,lm,0,28,0,1.540725,0.383500,0.590867
3548,human,0,128,0,1.335600,1.210814,1.617163
3548,human,1,110,0,1.267582,1.181376,1.497490
3548,lm,0,128,0,1.402177,0.665074,0.932552
3548,lm,1,59,0,1.289037,0.927198,1.195192
3549,human,0,17,0,1.336514,0.953564,1.274451
3549,lm,0,85,0,1.903924,0.318370,0.606152
355,human,0,128,0,1.249072,0.974438,1.217143
355,human,1,38,0,1.150616,1.592355,1.832190
355,lm,0,30,0,1.232209,1.473290,1.815402
3551,human,0,128,0,1.275999,1.058757,1.350974
3551,human,1,128,0,1.176781,1.870501,2.201171
3551,human,2,128,0,1.367087,1.064927,1.455849
3551,human,3,85,0,1.212447,1.347268,1.633491
3551,lm,0,9,0,1.137958,1.133494,1.289868
3552,human,0,71,0,1.507783,0.443840,0.669215
3552,lm,0,20,0,1.167246,1.620114,1.891072
3553,human,0,46,0,1.421546,0.939605,1.335691
3553,lm,0,54,0,1.850291,0.582003,1.076874
3554,human,0,128,0,1.494582,0.378109,0.565115
3554,human,1,128,0,1.152169,1.231830,1.419277
3554,human,2,128,0,1.287599,0.647249,0.833396
3554,human,3,101,0,1.232922,0.672525,0.829171
3554,lm,0,122,0,1.443003,0.799441,1.153596
3555,human,0,38,0,1.176479,0.784964,0.923493
3555,lm,0,10,0,1.114054,1.973366,2.198436
3556,human,0,107,0,1.329708,0.886422,1.178683
3556,lm,0,26,0,1.252286,1.204992,1.508995
3557,human,0,35,0,1.301281,1.324628,1.723713
3557,lm,0,77,0,1.649494,0.564008,0.930328
3559,human,0,56,0,1.193478,1.226434,1.463721
3559,lm,0,87,0,1.264048,0.819437,1.035807
356,human,0,29,0,1.103709,1.603588,1.769894
356,lm,0,10,0,1.095285,3.306272,3.621312
3560,human,0,128,0,1.294782,1.502567,1.945496
3560,human,1,128,0,1.328188,1.219791,1.620112
3560,human,2,128,0,1.327638,1.078465,1.431811
3560,human,3,128,0,1.267257,1.000714,1.268161
3560,human,4,128,0,1.153773,1.566735,1.807657
3560,human,5,128,0,1.123243,1.659787,1.864344
3560,human,6,128,0,0.953245,2.370560,2.259726
3560,human,7,128,0,1.225876,1.073021,1.315391
3560,human,8,128,0,1.268005,1.403208,1.779275
3560,human,9,128,0,1.204539,1.788158,2.153906
3560,human,10,128,0,1.231718,1.856875,2.287148
3560,human,11,77,0,1.223312,2.236869,2.736388
3560,lm,0,128,0,1.716633,0.436375,0.749095
3560,lm,1,128,0,1.584839,0.626419,0.992773
3560,lm,2,128,0,1.421427,0.807275,1.147483
3560,lm,3,128,0,1.530532,0.660417,1.010789
3560,lm,4,128,0,1.404582,0.713877,1.002699
3560,lm,5,128,0,1.572154,0.641125,1.007948
3560,lm,6,128,0,1.454535,0.701995,1.021077
3560,lm,7,112,0,1.470299,0.757037,1.113070
3561,human,0,128,0,1.277013,0.711985,0.909215
3561,human,1,115,0,1.335871,0.594580,0.794282
3561,lm,0,23,0,1.252754,0.887030,1.111230
3562,human,0,128,0,2.620602,0.092061,0.241255
3562,human,1,22,0,2.322783,0.156414,0.363315
3562,lm,0,92,0,3.069275,0.059182,0.181645
3563,human,0,128,0,1.324307,0.823768,1.090922
3563,human,1,65,0,1.198322,1.060722,1.271086
3563,lm,0,43,0,1.193149,1.025922,1.224077
3564,human,0,116,0,1.392525,0.576781,0.803181
3564,lm,0,47,0,1.371126,0.840504,1.152437
3565,human,0,128,0,1.368316,0.726614,0.994238
3565,human,1,69,0,1.152078,1.371591,1.580180
3565,lm,0,97,0,1.665004,0.411276,0.684776
3566,human,0,128,0,1.246868,0.807540,1.006896
3566,human,1,128,0,1.266749,0.835838,1.058797
3566,human,2,43,0,1.135024,1.585433,1.799504
3566,lm,0,37,0,1.279795,1.087287,1.391505
3567,human,0,38,0,1.470191,0.789096,1.160122
3567,lm,0,20,0,1.383060,0.780729,1.079795
3568,human,0,128,0,1.373809,0.946840,1.300777
3568,human,1,128,0,1.371117,0.944681,1.295268
3568,human,2,39,0,1.251860,1.388186,1.737815
3568,lm,0,79,0,1.850856,0.533033,0.986567
3569,human,0,128,0,1.327877,0.976805,1.297077
3569,human,1,93,0,1.419976,0.733522,1.041583
3569,lm,0,124,0,1.962417,0.371223,0.728493
357,human,0,121,0,1.321085,0.623986,0.824339
357,lm,0,125,0,1.638569,0.533587,0.874319
3570,human,0,109,0,1.333510,0.776465,1.035425
3570,lm,0,81,0,1.717709,0.439340,0.754659
3571,human,0,90,0,1.217200,0.859457,1.046131
3571,lm,0,59,0,1.375892,0.853526,1.174360
3572,human,0,128,0,1.277074,0.777231,0.992581
3572,human,1,128,0,1.109669,1.579707,1.752952
3572,human,2,120,0,1.295308,0.949086,1.229359
3572,lm,0,75,0,1.399651,0.490584,0.686647
3573,human,0,128,0,1.353412,0.675203,0.913828
3573,human,1,128,0,1.252940,0.981548,1.229820
3573,human,2,128,0,1.083978,1.187580,1.287310
3573,human,3,126,0,1.381361,0.545786,0.753928
3573,lm,0,20,0,1.232093,1.459226,1.797902
3575,human,0,112,0,1.312529,0.821718,1.078529
3575,lm,0,48,0,1.652419,0.252987,0.418041
3576,human,0,48,0,1.165184,1.286190,1.498648
3576,lm,0,9,0,1.043264,1.931654,2.015226
3579,human,0,67,0,1.680579,0.462797,0.777766
3579,lm,0,88,0,1.685901,0.397627,0.670360
358,human,0,128,0,1.398919,1.005700,1.406892
358,human,1,128,0,1.485240,0.625969,0.929714
358,human,2,128,0,1.280696,1.228379,1.573181
358,human,3,128,0,1.327270,1.087242,1.443064
358,human,4,62,0,1.310697,0.894030,1.171803
358,lm,0,128,0,2.074518,0.357636,0.741922
358,lm,1,128,0,1.446882,0.894521,1.294267
358,lm,2,38,0,1.219212,1.537789,1.874890
3581,human,0,13,0,1.123457,1.252872,1.407548
3581,lm,0,78,0,1.521461,0.678543,1.032378
3582,human,0,128,0,1.440031,0.501834,0.722657
3582,human,1,128,0,1.392935,1.002766,1.396787
3582,human,2,37,0,1.209708,2.099650,2.539964
3582,lm,0,52,0,1.485087,0.791245,1.175068
3583,human,0,66,0,1.362948,0.824413,1.123632
3583,lm,0,10,0,1.228093,1.445537,1.775254
3584,human,0,128,0,1.545235,0.618424,0.955610
3584,human,1,6,0,1.048781,2.524096,2.647224
3584,lm,0,12,0,1.194935,0.729459,0.871656
3585,human,0,128,0,1.378589,0.735165,1.013490
3585,human,1,22,0,1.147035,1.829455,2.098449
3585,lm,0,70,0,1.698720,0.688336,1.169290
3586,human,0,121,0,1.882521,0.374907,0.705771
3586,lm,0,96,0,1.973957,0.339501,0.670161
3587,human,0,128,0,1.186294,1.106511,1.312648
3587,human,1,128,0,1.355468,0.762672,1.033778
3587,human,2,126,0,1.211576,1.058855,1.282883
3587,lm,0,13,0,1.287903,0.497033,0.640130
3589,human,0,128,0,1.348307,0.813588,1.096966
3589,human,1,54,0,1.343362,0.879918,1.182048
3589,lm,0,97,0,1.977935,0.234567,0.463959
3590,human,0,77,0,1.244871,1.053131,1.311013
3590,lm,0,104,0,1.431434,0.507402,0.726313
3591,human,0,68,0,1.793629,0.331010,0.593709
3591,lm,0,33,0,1.434066,0.398801,0.571908
3592,human,0,80,0,1.679140,0.494565,0.830444
3592,lm,0,39,0,1.771698,0.443486,0.785723
3593,human,0,58,0,1.404088,0.735894,1.033259
3593,lm,0,46,0,1.238075,0.995852,1.232939
3595,human,0,35,0,1.251827,0.971554,1.216218
3595,lm,0,10,0,1.370843,1.561484,2.140549
3596,human,0,128,0,1.443916,0.627674,0.906308
3596,human,1,128,0,1.192033,1.461364,1.741993
3596,human,2,4,0,0.960686,4.818056,4.628640
3596,lm,0,128,0,1.541779,0.470572,0.725518
3596,lm,1,16,0,1.355727,1.053221,1.427880
3597,human,0,128,0,1.157391,1.592439,1.843074
3597,human,1,128,0,1.140266,1.786934,2.037580
3597,human,2,128,0,1.121518,1.730485,1.940771
3597,human,3,128,0,1.191599,1.912945,2.279462
3597,human,4,128,0,1.206720,1.522877,1.837687
3597,human,5,128,0,1.289715,1.034361,1.334031
3597,human,6,128,0,1.254070,0.935546,1.173241
3597,human,7,23,0,1.081881,2.407129,2.604228
3597,lm,0,48,0,1.377406,1.038609,1.430586
3599,human,0,21,0,1.264704,0.775984,0.981391
3599,lm,0,21,0,1.541350,1.059895,1.633669
360,human,0,22,0,1.202129,1.008129,1.211902
360,lm,0,79,0,1.713547,0.341322,0.584870
3600,human,0,128,0,1.530336,0.527292,0.806935
3600,human,1,19,0,1.137096,1.377883,1.566784
3600,lm,0,29,0,1.550476,0.528629,0.819627
3601,human,0,128,0,1.372132,0.572780,0.785930
3601,human,1,128,0,1.199554,0.863214,1.035472
3601,human,2,79,0,1.194947,1.177581,1.407147
3601,lm,0,125,0,1.753522,0.484234,0.849114
3602,human,0,128,0,1.268215,1.114814,1.413824
3602,human,1,128,0,1.550778,0.528731,0.819944
3602,human,2,63,0,1.245900,1.581167,1.969975
3602,lm,0,128,0,1.839118,0.473949,0.871649
3602,lm,1,22,0,1.383144,0.805431,1.114027
3603,human,0,128,0,1.285270,0.840803,1.080659
3603,human,1,33,0,1.186560,1.017907,1.207808
3603,lm,0,58,0,1.808139,0.469551,0.849013
3604,human,0,34,0,1.293691,1.038741,1.343810
3604,lm,0,20,0,1.275871,0.937319,1.195897
3606,human,0,93,0,1.270381,0.925812,1.176133
3606,lm,0,79,0,1.302588,0.877755,1.143354
3607,human,0,128,0,1.276873,0.843497,1.077039
3607,human,1,128,0,1.205212,1.191502,1.436013
3607,human,2,128,0,1.183017,1.645720,1.946916
3607,human,3,128,0,1.263257,1.071276,1.353297
3607,human,4,36,0,1.140145,1.007088,1.148227
3607,lm,0,21,0,1.169887,0.759998,0.889112
3608,human,0,128,0,1.450074,0.587362,0.851718
3608,human,1,43,0,1.364940,0.851685,1.162499
3608,lm,0,128,0,1.791782,0.373222,0.668733
3608,lm,1,20,0,1.340792,2.148718,2.880982
3609,human,0,60,0,1.528017,0.516572,0.789331
3609,lm,0,55,0,1.406767,0.708504,0.996700
361,human,0,53,0,1.383172,0.755876,1.045507
361,lm,0,36,0,1.628778,0.568898,0.926609
3610,human,0,128,0,1.275863,1.119682,1.428560
3610,human,1,94,0,1.295126,0.834456,1.080726
3610,lm,0,105,0,1.514518,0.650370,0.984997
3611,human,0,128,0,1.550319,0.481833,0.746995
3611,human,1,95,0,1.357784,0.583486,0.792249
3611,lm,0,20,0,1.340701,0.720842,0.966433
3612,human,0,128,0,1.468218,0.766213,1.124968
3612,human,1,12,0,1.445502,1.062901,1.536425
3612,lm,0,105,0,2.419038,0.319234,0.772239
3613,human,0,44,0,1.271124,0.518070,0.658531
3613,lm,0,56,0,1.534506,0.365747,0.561241
3614,human,0,128,0,1.441203,0.761908,1.098063
3614,human,1,123,0,1.529367,0.543961,0.831916
3614,lm,0,94,0,2.065372,0.408970,0.844675
3615,human,0,20,0,1.058590,2.687436,2.844894
3615,lm,0,120,0,1.848774,0.384103,0.710119
3617,human,0,128,0,1.396424,0.704237,0.983413
3617,human,1,128,0,1.251962,1.030498,1.290144
3617,human,2,128,0,1.638669,0.692148,1.134202
3617,human,3,43,0,1.387427,0.704383,0.977280
3617,lm,0,32,0,1.217971,1.312254,1.598287
3619,human,0,128,0,1.421706,0.865821,1.230943
3619,human,1,128,0,1.490358,0.505008,0.752643
3619,human,2,128,0,1.235004,1.267514,1.565385
3619,human,3,128,0,1.208053,1.381877,1.669381
3619,human,4,128,0,1.133720,2.312726,2.621984
3619,human,5,128,0,1.133256,1.199894,1.359787
3619,human,6,128,0,1.180747,2.288421,2.702046
3619,human,7,128,0,1.121083,2.270534,2.545458
3619,human,8,128,0,1.241221,1.545049,1.917746
3619,human,9,128,0,1.315749,1.404047,1.847372
3619,human,10,128,0,1.274911,1.023345,1.304674
3619,human,11,18,0,1.094753,2.066164,2.261939
3619,lm,0,128,0,1.414301,0.865821,1.224531
3619,lm,1,128,0,1.485701,0.505008,0.750291
3619,lm,2,128,0,1.232512,1.322309,1.629762
3619,lm,3,128,0,1.475611,0.746590,1.101676
3619,lm,4,128,0,1.378700,0.747638,1.030768
3619,lm,5,117,0,1.646278,0.436031,0.717828
362,human,0,128,0,1.382310,0.852005,1.177735
362,human,1,47,0,1.251181,1.194436,1.494456
362,lm,0,53,0,1.620661,0.646017,1.046976
3620,human,0,128,0,1.304414,0.900965,1.175232
3620,human,1,78,0,1.275991,1.145862,1.462109
3620,lm,0,38,0,1.471638,0.700317,1.030614
3621,human,0,25,0,1.327429,0.740034,0.982342
3621,lm,0,15,0,1.133947,1.137233,1.289562
3622,human,0,93,0,1.474897,0.403866,0.595660
3622,lm,0,65,0,1.603412,0.474233,0.760391
3623,human,0,67,0,1.176256,1.092008,1.284481
3623,lm,0,67,0,1.911796,0.231804,0.443163
3624,human,0,113,0,1.333895,0.916347,1.222310
3624,lm,0,53,0,1.452227,0.714427,1.037510
3625,human,0,121,0,1.720604,0.361765,0.622454
3625,lm,0,50,0,1.485609,0.650012,0.965663
3626,human,0,105,0,1.346922,0.756235,1.018590
3626,lm,0,27,0,1.448030,0.611877,0.886017
3627,human,0,128,0,1.342828,0.981225,1.317616
3627,human,1,128,0,1.233322,0.990920,1.222124
3627,human,2,78,0,1.318607,0.848585,1.118950
3627,lm,0,73,0,1.969029,0.327304,0.644471
3628,human,0,128,0,1.254461,0.944771,1.185178
3628,human,1,64,0,1.088848,1.765119,1.921946
3628,lm,0,46,0,1.591395,0.837389,1.332617
3629,human,0,21,0,1.218162,0.728175,0.887035
3629,lm,0,55,0,1.988716,0.330033,0.656341
363,human,0,27,0,1.230973,0.835998,1.029091
363,lm,0,128,0,2.199797,0.265965,0.585068
363,lm,1,20,0,1.263521,0.839312,1.060489
3630,human,0,128,0,1.482190,0.617500,0.915252
3630,human,1,22,0,1.079779,1.783079,1.925331
3630,lm,0,87,0,1.615378,0.394926,0.637955
3631,human,0,128,0,1.200408,0.956638,1.148356
3631,human,1,11,0,1.081134,3.068647,3.317620
3631,lm,0,128,0,1.847442,0.284908,0.526350
3631,lm,1,32,0,1.200170,1.750279,2.100631
3632,human,0,41,0,1.276112,1.125723,1.436548
3632,lm,0,115,0,2.192794,0.253341,0.555526
3633,human,0,121,0,1.317456,0.744703,0.981113
3633,lm,0,89,0,1.435559,0.662484,0.951035
3634,human,0,128,0,1.485729,0.543535,0.807546
3634,human,1,29,0,1.185337,0.960348,1.138336
3634,lm,0,128,0,1.738419,0.390784,0.679347
3634,lm,1,30,0,1.357146,0.851042,1.154987
3635,human,0,123,0,1.570626,0.581565,0.913421
3635,lm,0,20,0,1.206908,1.323030,1.596774
3637,human,0,128,0,1.344676,0.702609,0.944782
3637,human,1,128,0,1.353464,0.766485,1.037410
3637,human,2,94,0,1.266910,0.945251,1.197548
3637,lm,0,57,0,1.688521,0.511129,0.863052
3638,human,0,66,0,1.374069,0.874834,1.202082
3638,lm,0,26,0,1.259246,1.646909,2.073863
3639,human,0,35,0,1.274143,0.952435,1.213538
3639,lm,0,51,0,1.602949,0.320384,0.513559
364,human,0,51,0,1.234175,1.138707,1.405363
364,lm,0,7,0,1.128219,0.965863,1.089706
3640,human,0,128,0,1.440502,0.502714,0.724160
3640,human,1,128,0,1.558079,0.360723,0.562034
3640,human,2,115,0,1.274389,0.887430,1.130931
3640,lm,0,128,0,1.767290,0.303225,0.535886
3640,lm,1,128,0,1.621795,0.395314,0.641118
3640,lm,2,23,0,1.238513,1.227657,1.520470
3641,human,0,128,0,1.499162,0.711743,1.067019
3641,human,1,117,0,1.318340,0.968216,1.276437
3641,lm,0,122,0,2.442617,0.268144,0.654974
3642,human,0,38,0,1.350696,0.759249,1.025515
3642,lm,0,10,0,1.303047,1.623582,2.115603
3643,human,0,128,0,1.478769,0.597790,0.883993
3643,human,1,128,0,1.464188,0.765457,1.120772
3643,human,2,128,0,1.251957,0.877985,1.099199
3643,human,3,128,0,1.396081,0.941129,1.313893
3643,human,4,128,0,1.173923,1.415143,1.661269
3643,human,5,128,0,1.243566,1.235117,1.535949
3643,human,6,128,0,1.237730,1.070328,1.324778
3643,human,7,128,0,1.487299,0.794163,1.181159
3643,human,8,120,0,1.422755,0.729174,1.037437
3643,lm,0,35,0,1.348861,1.162071,1.567472
3645,human,0,27,0,1.298033,1.075617,1.396186
3645,lm,0,27,0,1.491326,0.929925,1.386822
3646,human,0,66,0,1.382993,0.631905,0.873921
3646,lm,0,128,0,1.761595,0.498085,0.877424
3646,lm,1,30,0,1.712449,0.841854,1.441631
3647,human,0,97,0,1.381508,0.506181,0.699293
3647,lm,0,42,0,1.376754,1.057491,1.455905
3648,human,0,121,0,1.686081,0.345098,0.581863
3648,lm,0,13,0,1.297632,0.789176,1.024061
3649,human,0,128,0,1.460200,0.649125,0.947853
3649,human,1,10,0,1.117672,2.843580,3.178190
3649,lm,0,73,0,1.555840,0.690029,1.073574
365,human,0,91,0,1.483697,0.504832,0.749017
365,lm,0,102,0,1.989283,0.318198,0.632986
3650,human,0,32,0,1.235709,1.098512,1.357441
3650,lm,0,93,0,1.524925,0.547077,0.834252
3651,human,0,77,0,1.393731,0.812372,1.132228
3651,lm,0,44,0,1.330435,0.722361,0.961054
3652,human,0,41,0,1.135729,1.033176,1.173408
3652,lm,0,128,0,1.686340,0.407669,0.687468
3652,lm,1,81,0,1.364381,0.539093,0.735528
3653,human,0,128,0,1.831201,0.361629,0.662215
3653,human,1,128,0,1.305820,0.823699,1.075603
3653,human,2,86,0,1.325020,0.849186,1.125188
3653,lm,0,12,0,1.300446,0.622483,0.809506
3654,human,0,128,0,1.311708,0.497252,0.652249
3654,human,1,83,0,1.212207,0.737320,0.893785
3654,lm,0,60,0,1.830656,0.331968,0.607719
3655,human,0,128,0,1.252858,1.029036,1.289236
3655,human,1,46,0,1.314196,1.530512,2.011392
3655,lm,0,6,0,1.040000,4.583090,4.766415
3656,human,0,128,0,1.141045,1.282716,1.463637
3656,human,1,58,0,1.100149,1.240288,1.364502
3656,lm,0,59,0,1.244164,1.107739,1.378209
3657,human,0,128,0,1.247765,1.052051,1.312712
3657,human,1,51,0,1.169104,1.384152,1.618217
3657,lm,0,11,0,1.138211,1.833149,2.086510
3658,human,0,127,0,1.379843,0.677292,0.934556
3658,lm,0,10,0,1.116351,1.249647,1.395044
366,human,0,42,0,1.165245,1.336017,1.556787
366,lm,0,48,0,1.296651,0.919214,1.191899
3660,human,0,128,0,1.138976,1.389613,1.582737
3660,human,1,50,0,1.193662,1.289381,1.539085
3660,lm,0,95,0,1.514519,0.495939,0.751110
3662,human,0,128,0,1.336571,0.718165,0.959879
3662,human,1,128,0,1.368209,0.524245,0.717277
3662,human,2,11,0,1.039226,1.871757,1.945179
3662,lm,0,100,0,1.819290,0.331862,0.603753
3663,human,0,128,0,1.245426,0.881955,1.098410
3663,human,1,128,0,1.287313,1.032075,1.328603
3663,human,2,128,0,1.386705,0.622269,0.862904
3663,human,3,128,0,1.411388,0.666758,0.941054
3663,human,4,128,0,1.163829,1.359645,1.582395
3663,human,5,89,0,1.188989,1.467218,1.744507
3663,lm,0,49,0,1.393955,0.979519,1.365406
3664,human,0,128,0,2.523991,0.355645,0.897645
3664,human,1,117,0,1.652122,0.351374,0.580513
3664,lm,0,10,0,1.328863,1.737489,2.308884
3665,human,0,97,0,1.470499,0.687423,1.010855
3665,lm,0,38,0,1.361031,0.730534,0.994279
3666,human,0,101,0,1.843161,0.387696,0.714586
3666,lm,0,73,0,1.753495,0.404918,0.710021
3667,human,0,79,0,1.427155,0.592875,0.846125
3667,lm,0,18,0,1.528561,0.532055,0.813278
3668,human,0,128,0,1.387679,0.823781,1.143144
3668,human,1,128,0,1.379773,0.634229,0.875092
3668,human,2,97,0,1.366614,0.671198,0.917268
3668,lm,0,128,0,1.669522,0.377892,0.630900
3668,lm,1,28,0,2.447595,0.267669,0.655147
3669,human,0,128,0,1.396679,0.756927,1.057184
3669,human,1,25,0,1.114603,2.452839,2.733941
3669,lm,0,31,0,1.315941,0.717817,0.944605
367,human,0,73,0,1.368749,0.833594,1.140980
367,lm,0,75,0,1.372317,0.761558,1.045098
3671,human,0,128,0,1.255329,1.296199,1.627157
3671,human,1,128,0,1.215646,0.755613,0.918557
3671,human,2,128,0,1.209455,1.131867,1.368942
3671,human,3,128,0,1.197649,1.052508,1.260535
3671,human,4,97,0,1.000809,2.264029,2.265861
3671,lm,0,128,0,1.519466,0.334388,0.508091
3671,lm,1,128,0,1.656149,0.231691,0.383715
3671,lm,2,128,0,1.546103,0.276082,0.426851
3671,lm,3,41,0,1.344086,0.644854,0.866739
3672,human,0,104,0,1.252416,0.915960,1.147163
3672,lm,0,10,0,1.206141,2.135769,2.576038
3673,human,0,105,0,1.351301,0.741029,1.001354
3673,lm,0,24,0,1.218661,0.977004,1.190637
3675,human,0,118,0,1.394981,0.714699,0.996992
3675,lm,0,24,0,1.356343,0.881694,1.195879
3676,human,0,53,0,1.540181,0.441620,0.680175
3676,lm,0,38,0,1.468104,0.399684,0.586777
3677,human,0,128,0,1.195115,1.043815,1.247479
3677,human,1,128,0,1.150677,1.207191,1.389087
3677,human,2,128,0,1.327316,1.087776,1.443822
3677,human,3,34,0,1.164387,1.822213,2.121762
3677,lm,0,10,0,1.293505,1.228858,1.589534
3678,human,0,24,0,1.244538,1.158385,1.441655
3678,lm,0,117,0,2.036902,0.254931,0.519270
3679,human,0,128,0,1.204079,0.981258,1.181512
3679,human,1,128,0,0.888686,2.354036,2.091999
3679,human,2,48,0,1.281013,0.795825,1.019461
3679,lm,0,64,0,1.292736,0.538535,0.696184
368,human,0,128,0,1.260601,0.857499,1.080963
368,human,1,35,0,1.309872,0.992098,1.299522
368,lm,0,27,0,1.278408,1.003413,1.282771
3680,human,0,128,0,1.346868,0.902178,1.215114
3680,human,1,128,0,1.339050,0.962011,1.288180
3680,human,2,58,0,1.335169,1.222419,1.632136
3680,lm,0,128,0,1.491726,0.738926,1.102275
3680,lm,1,128,0,1.535292,0.611452,0.938758
3680,lm,2,36,0,1.219224,2.224696,2.712404
3681,human,0,61,0,1.488601,0.454716,0.676890
3681,lm,0,46,0,1.880412,0.215176,0.404620
3682,human,0,25,0,1.148349,1.668972,1.916562
3682,lm,0,7,0,1.088226,0.929953,1.011999
3683,human,0,63,0,1.265840,0.971853,1.230210
3683,lm,0,11,0,1.384120,1.757505,2.432598
3684,human,0,66,0,1.455946,0.461072,0.671296
3684,lm,0,37,0,1.457227,0.532133,0.775438
3685,human,0,128,0,1.432377,0.519519,0.744147
3685,human,1,128,0,1.484472,0.432348,0.641809
3685,human,2,62,0,1.358542,0.582161,0.790891
3685,lm,0,40,0,1.311171,1.418129,1.859409
3687,human,0,92,0,1.517018,0.642145,0.974146
3687,lm,0,76,0,1.529396,0.503745,0.770425
3688,human,0,121,0,1.459525,0.638405,0.931768
3688,lm,0,90,0,1.894477,0.214156,0.405714
3689,human,0,119,0,2.073249,0.207958,0.431149
3689,lm,0,18,0,1.411599,0.663585,0.936715
369,human,0,44,0,1.283083,1.043692,1.339144
369,lm,0,10,0,1.136970,2.207739,2.510132
3690,human,0,49,0,1.083215,1.750727,1.896414
3690,lm,0,40,0,1.396702,0.600200,0.838301
3692,human,0,94,0,1.501349,0.467440,0.701791
3692,lm,0,128,0,1.737365,0.327464,0.568924
3692,lm,1,128,0,2.172019,0.221171,0.480388
3692,lm,2,113,0,1.921991,0.286343,0.550349
3693,human,0,128,0,1.372976,0.588719,0.808297
3693,human,1,128,0,1.464170,0.710927,1.040918
3693,human,2,6,0,1.102454,2.255946,2.487077
3693,lm,0,67,0,1.370827,0.498371,0.683181
3694,human,0,128,0,1.183647,1.035567,1.225745
3694,human,1,128,0,1.154704,1.738486,2.007437
3694,human,2,128,0,1.007608,2.665716,2.685997
3694,human,3,52,0,1.099804,1.664274,1.830376
3694,lm,0,64,0,1.353304,0.745574,1.008989
3695,human,0,128,0,1.452909,0.629879,0.915157
3695,human,1,128,0,1.150916,1.070150,1.231653
3695,human,2,128,0,1.244525,0.941242,1.171399
3695,human,3,128,0,1.317382,0.596245,0.785482
3695,human,4,5,0,1.015006,3.522888,3.575752
3695,lm,0,49,0,1.741295,0.622536,1.084018
3696,human,0,98,0,1.308510,0.854724,1.118415
3696,lm,0,74,0,1.399503,0.857436,1.199984
3697,human,0,27,0,1.239799,1.052611,1.305026
3697,lm,0,9,0,1.048767,2.756110,2.890518
3699,human,0,25,0,1.194033,1.162581,1.388160
3699,lm,0,128,0,2.031598,0.333603,0.677747
3699,lm,1,18,0,1.360372,0.844174,1.148390
37,human,0,110,0,1.400604,0.809579,1.133899
37,lm,0,103,0,1.873777,0.450998,0.845069
370,human,0,91,0,1.612573,0.444926,0.717476
370,lm,0,27,0,1.191958,1.579855,1.883121
3700,human,0,79,0,1.710239,0.514938,0.880667
3700,lm,0,16,0,1.309250,1.008756,1.320714
3701,human,0,80,0,2.235377,0.204912,0.458055
3701,lm,0,70,0,2.250499,0.193339,0.435108
3702,human,0,38,0,1.124720,1.925438,2.165578
3702,lm,0,43,0,1.284487,0.738083,0.948058
3704,human,0,128,0,1.419276,0.475035,0.674206
3704,human,1,43,0,1.374095,0.542355,0.745247
3704,lm,0,66,0,1.858245,0.274382,0.509869
3705,human,0,84,0,1.321089,1.105702,1.460731
3705,lm,0,59,0,1.613403,0.616840,0.995212
3706,human,0,98,0,1.340744,0.720208,0.965614
3706,lm,0,74,0,1.336670,0.775685,1.036836
3707,human,0,29,0,1.383190,0.752409,1.040724
3707,lm,0,31,0,1.555350,0.416495,0.647796
3708,human,0,92,0,1.890956,0.355966,0.673117
3708,lm,0,61,0,1.799387,0.359490,0.646861
3709,human,0,25,0,1.088042,1.845285,2.007748
3709,lm,0,50,0,1.596009,0.687167,1.096725
3712,human,0,93,0,1.241403,0.948759,1.177793
3712,lm,0,128,0,1.568868,0.366398,0.574831
3712,lm,1,23,0,1.202292,1.575240,1.893899
3713,human,0,128,0,1.227415,0.945612,1.160658
3713,human,1,128,0,1.289030,0.818834,1.055502
3713,human,2,128,0,1.217776,0.968613,1.179554
3713,human,3,61,0,1.269314,1.369606,1.738460
3713,lm,0,68,0,1.482722,0.624282,0.925638
3714,human,0,128,0,2.008246,0.210276,0.422286
3714,human,1,19,0,1.580722,0.774035,1.223534
3714,lm,0,99,0,1.539525,0.563288,0.867197
3715,human,0,81,0,1.602486,0.670811,1.074965
3715,lm,0,44,0,1.422735,0.967916,1.377089
3716,human,0,61,0,1.602038,0.656367,1.051525
3716,lm,0,58,0,1.582828,0.640017,1.013037
3717,human,0,128,0,1.408796,0.523491,0.737491
3717,human,1,128,0,1.179451,1.400058,1.651300
3717,human,2,52,0,1.181518,1.540812,1.820497
3717,lm,0,128,0,1.645033,0.692371,1.138974
3717,lm,1,21,0,1.239412,1.931533,2.393965
3718,human,0,97,0,1.389432,0.746453,1.037146
3718,lm,0,128,0,1.896244,0.265469,0.503394
3718,lm,1,12,0,1.210429,1.995294,2.415162
3719,human,0,19,0,1.222382,0.733369,0.896458
3719,lm,0,63,0,2.212935,0.244478,0.541015
372,human,0,128,0,1.405977,0.633595,0.890820
372,human,1,128,0,1.472853,0.604010,0.889618
372,human,2,18,0,1.131266,1.924466,2.177083
372,lm,0,84,0,1.666739,0.582749,0.971290
3720,human,0,128,0,1.571229,0.493761,0.775812
3720,human,1,50,0,1.415878,0.934598,1.323277
3720,lm,0,63,0,2.089928,0.379930,0.794026
3721,human,0,128,0,1.206481,1.112386,1.342072
3721,human,1,128,0,1.353981,0.727174,0.984580
3721,human,2,128,0,1.241765,0.952773,1.183120
3721,human,3,97,0,1.219152,0.850116,1.036421
3721,lm,0,84,0,1.233766,1.047594,1.292486
3722,human,0,125,0,1.482312,0.570913,0.846271
3722,lm,0,67,0,1.596316,0.398598,0.636288
3723,human,0,68,0,1.289189,0.993478,1.280782
3723,lm,0,11,0,1.168128,2.244065,2.621356
3724,human,0,21,0,1.256565,0.999252,1.255625
3724,lm,0,18,0,1.421630,0.923482,1.312849
3725,human,0,105,0,1.547314,0.670406,1.037328
3725,lm,0,27,0,1.304065,0.943394,1.230247
3726,human,0,37,0,1.325143,1.113393,1.475404
3726,lm,0,37,0,1.290752,1.043126,1.346417
3728,human,0,87,0,1.458827,0.574662,0.838333
3728,lm,0,31,0,1.425729,0.610982,0.871095
373,human,0,21,0,1.329828,1.015141,1.349963
373,lm,0,9,0,1.098484,1.218870,1.338909
3732,human,0,128,0,1.316865,0.859684,1.132087
3732,human,1,128,0,1.319535,0.874345,1.153729
3732,human,2,128,0,1.191807,1.023835,1.220213
3732,human,3,128,0,1.135292,1.734353,1.968997
3732,human,4,128,0,0.956264,2.483787,2.375157
3732,human,5,94,0,0.970306,3.077819,2.986426
3732,lm,0,17,0,1.538012,0.435078,0.669155
3733,human,0,128,0,1.554158,0.454273,0.706013
3733,human,1,128,0,1.532685,0.486482,0.745623
3733,human,2,128,0,1.410193,0.656002,0.925090
3733,human,3,128,0,1.866972,0.455438,0.850290
3733,human,4,13,0,1.140052,1.409167,1.606523
3733,lm,0,127,0,1.597533,0.385109,0.615224
3734,human,0,41,0,1.280400,0.787376,1.008157
3734,lm,0,34,0,1.505411,0.455538,0.685773
3736,human,0,44,0,1.072080,1.949652,2.090183
3736,lm,0,21,0,1.218263,1.366460,1.664707
3737,human,0,43,0,1.243184,1.132879,1.408377
3737,lm,0,63,0,1.307254,0.853375,1.115578
3738,human,0,98,0,1.225976,1.141395,1.399323
3738,lm,0,10,0,1.306791,1.553259,2.029785
3739,human,0,128,0,1.585173,0.410138,0.650140
3739,human,1,39,0,1.307927,0.869009,1.136601
3739,lm,0,128,0,1.926563,0.235016,0.452774
3739,lm,1,9,0,1.259602,2.020869,2.545492
374,human,0,29,0,1.298495,0.981320,1.274239
374,lm,0,11,0,1.280591,1.606407,2.057151
3740,human,0,61,0,1.279858,1.014325,1.298193
3740,lm,0,37,0,1.446625,0.961528,1.390970
3741,human,0,113,0,1.308885,0.787920,1.031297
3741,lm,0,39,0,1.472411,0.307245,0.452390
3742,human,0,70,0,1.359086,0.951524,1.293203
3742,lm,0,12,0,1.178155,1.177744,1.387565
3743,human,0,92,0,1.315642,0.981743,1.291623
3743,lm,0,48,0,1.424142,0.514501,0.732723
3744,human,0,41,0,1.234096,1.120265,1.382515
3744,lm,0,77,0,1.423147,0.762467,1.085103
3746,human,0,128,0,1.757890,0.376473,0.661798
3746,human,1,21,0,1.228827,1.138100,1.398528
3746,lm,0,128,0,2.476148,0.179336,0.444062
3746,lm,1,53,0,1.531741,0.317511,0.486344
3747,human,0,128,0,1.552434,0.501229,0.778125
3747,human,1,83,0,1.405781,0.593135,0.833818
3747,lm,0,128,0,2.071589,0.233880,0.484502
3747,lm,1,74,0,1.604455,0.518423,0.831787
3748,human,0,128,0,1.308260,0.729014,0.953740
3748,human,1,81,0,1.192860,1.350920,1.611459
3748,lm,0,111,0,1.380861,0.603374,0.833175
3749,human,0,20,0,1.448239,0.854940,1.238157
3749,lm,0,57,0,1.597927,0.581605,0.929362
375,human,0,128,0,1.388907,0.562484,0.781238
375,human,1,128,0,1.343494,1.017538,1.367056
375,human,2,128,0,1.238225,0.889032,1.100822
375,human,3,128,0,1.352188,0.887152,1.199596
375,human,4,37,0,1.206998,0.920233,1.110719
375,lm,0,89,0,1.377194,0.474263,0.653152
3750,human,0,128,0,1.434131,0.794745,1.139769
3750,human,1,9,0,1.051551,1.904541,2.002721
3750,lm,0,86,0,1.558911,0.421148,0.656532
3751,human,0,91,0,1.841059,0.538543,0.991489
3751,lm,0,39,0,1.571391,0.704848,1.107593
3752,human,0,101,0,1.379499,0.719575,0.992653
3752,lm,0,47,0,1.420030,0.509480,0.723477
3753,human,0,128,0,1.463050,0.602443,0.881404
3753,human,1,128,0,1.554746,0.532293,0.827580
3753,human,2,128,0,1.198105,1.774402,2.125920
3753,human,3,62,0,1.415492,1.019104,1.442533
3753,lm,0,128,0,1.823467,0.404565,0.737711
3753,lm,1,128,0,2.071179,0.350599,0.726154
3753,lm,2,107,0,1.808970,0.546841,0.989219
3754,human,0,103,0,1.240775,1.010136,1.253352
3754,lm,0,44,0,1.530201,0.557739,0.853453
3755,human,0,128,0,1.187469,0.991296,1.177133
3755,human,1,128,0,1.331013,1.302905,1.734183
3755,human,2,18,0,1.139157,1.776782,2.024033
3755,lm,0,10,0,1.062597,3.667400,3.896966
3756,human,0,121,0,1.265930,1.186172,1.501610
3756,lm,0,39,0,1.425209,0.919961,1.311137
3757,human,0,128,0,1.312316,0.549969,0.721734
3757,lm,0,128,0,1.798866,0.377503,0.679078
3757,lm,1,128,0,1.410330,0.631157,0.890140
3757,lm,2,53,0,1.348053,0.664234,0.895423
3758,human,0,81,0,1.432551,0.746717,1.069710
3758,lm,0,11,0,1.175184,1.803544,2.119496
3759,human,0,128,0,1.558356,0.535614,0.834677
3759,human,1,42,0,1.215028,1.192566,1.449002
3759,lm,0,90,0,1.919958,0.363419,0.697749
376,human,0,66,0,1.353683,0.661403,0.895330
376,lm,0,128,0,2.166889,0.223856,0.485070
376,lm,1,128,0,1.895696,0.214799,0.407194
376,lm,2,3,0,1.500516,0.833051,1.250007
3760,human,0,53,0,1.259890,0.840675,1.059158
3760,lm,0,6,0,1.096982,1.653313,1.813654
3761,human,0,58,0,1.407152,0.639973,0.900539
3761,lm,0,70,0,1.799100,0.307849,0.553851
3763,human,0,128,0,1.334285,0.810994,1.082096
3763,human,1,10,0,1.382828,1.014588,1.403001
3763,lm,0,128,0,1.720720,0.470716,0.809971
3763,lm,1,113,0,1.532087,0.576404,0.883101
3765,human,0,128,0,1.301238,0.821932,1.069530
3765,human,1,128,0,1.435499,0.429560,0.616633
3765,human,2,62,0,1.309008,0.711706,0.931629
3765,lm,0,71,0,1.828722,0.395026,0.722392
3766,human,0,51,0,1.276866,1.055569,1.347820
3766,lm,0,24,0,1.281115,0.984805,1.261649
3768,human,0,64,0,1.406952,0.507351,0.713818
3768,lm,0,22,0,1.453453,0.602333,0.875463
3769,human,0,128,0,1.590609,0.511820,0.814106
3769,human,1,34,0,1.222955,1.569605,1.919557
3769,lm,0,11,0,1.410204,0.857293,1.208958
377,human,0,45,0,1.148085,1.320424,1.515960
377,lm,0,109,0,1.492900,0.933909,1.394233
3770,human,0,128,0,1.346989,1.026140,1.382200
3770,human,1,39,0,1.202096,0.803005,0.965289
3770,lm,0,85,0,1.633038,0.448696,0.732738
3771,human,0,12,0,1.308095,1.288121,1.684984
3771,lm,0,128,0,1.512269,0.318017,0.480928
3771,lm,1,63,0,1.458065,0.776659,1.132420
3772,human,0,122,0,1.612158,0.541819,0.873498
3772,lm,0,54,0,1.821355,0.582003,1.060033
3773,human,0,128,0,2.298818,0.235251,0.540800
3773,human,1,23,0,1.413664,1.097963,1.552150
3773,lm,0,6,0,1.144447,1.544267,1.767332
3774,human,0,45,0,1.269117,1.118053,1.418940
3774,lm,0,27,0,1.180812,1.490889,1.760459
3775,human,0,103,0,1.328720,0.999020,1.327418
3775,lm,0,128,0,1.475244,0.623526,0.919854
3775,lm,1,24,0,1.261357,1.268112,1.599542
3776,human,0,128,0,1.386779,0.718300,0.996124
3776,human,1,126,0,1.730581,0.458007,0.792619
3776,lm,0,12,0,1.251918,2.016533,2.524534
3777,human,0,128,0,1.288298,0.915516,1.179458
3777,human,1,128,0,1.584579,0.493179,0.781482
3777,human,2,128,0,1.552288,0.690641,1.072074
3777,human,3,43,0,1.191936,1.626511,1.938697
3777,lm,0,124,0,1.432406,0.600246,0.859796
3779,human,0,25,0,1.167783,1.091891,1.275091
3779,lm,0,128,0,1.441836,0.624326,0.900176
3779,lm,1,22,0,1.147941,2.555479,2.933539
378,human,0,56,0,1.237540,0.760977,0.941740
378,lm,0,72,0,1.430769,0.644579,0.922243
3780,human,0,32,0,1.378058,0.983961,1.355956
3780,lm,0,70,0,1.484756,0.478272,0.710117
3782,human,0,128,0,1.360664,0.975615,1.327484
3782,human,1,61,0,1.375963,0.705046,0.970118
3782,lm,0,41,0,1.499687,0.761085,1.141389
3783,human,0,86,0,1.573567,0.505053,0.794735
3783,lm,0,6,0,1.111394,2.146183,2.385254
3784,human,0,91,0,1.379020,0.763733,1.053203
3784,lm,0,42,0,1.553854,0.630839,0.980232
3785,human,0,128,0,1.415354,0.645856,0.914115
3785,human,1,87,0,1.165002,1.510691,1.759959
3785,lm,0,128,0,2.058966,0.325334,0.669851
3785,lm,1,14,0,1.227574,1.317028,1.616750
3786,human,0,128,0,1.184292,1.344367,1.592122
3786,human,1,128,0,1.320078,0.770921,1.017675
3786,human,2,128,0,1.339617,0.764866,1.024628
3786,human,3,128,0,1.252571,0.795725,0.996702
3786,human,4,128,0,1.320534,0.947777,1.251572
3786,human,5,128,0,1.232102,1.076160,1.325938
3786,human,6,18,0,1.156210,1.330346,1.538158
3786,lm,0,74,0,1.583273,0.409969,0.649094
3788,human,0,63,0,1.211197,1.067198,1.292587
3788,lm,0,10,0,1.177483,2.047547,2.410951
3790,human,0,128,0,1.221216,0.862309,1.053066
3790,human,1,128,0,1.242639,0.763770,0.949090
3790,human,2,128,0,1.275758,1.015378,1.295376
3790,human,3,69,0,1.259352,1.551314,1.953651
3790,lm,0,65,0,1.528919,0.637763,0.975088
3791,human,0,128,0,1.309486,0.869152,1.138143
3791,human,1,110,0,2.001857,0.290095,0.580730
3791,lm,0,18,0,1.142949,0.496658,0.567655
3792,human,0,88,0,1.232453,1.072081,1.321289
3792,lm,0,80,0,1.411108,0.808930,1.141487
3794,human,0,128,0,1.105632,0.729402,0.806450
3794,human,1,66,0,1.231654,0.900620,1.109252
3794,lm,0,90,0,1.744431,0.255058,0.444931
3795,human,0,96,0,2.145224,0.197686,0.424080
3795,lm,0,102,0,1.648097,0.339373,0.559320
3797,human,0,128,0,1.288076,0.787942,1.014930
3797,human,1,64,0,1.374416,0.968611,1.331274
3797,lm,0,43,0,1.443531,0.507344,0.732366
3798,human,0,128,0,1.174118,1.158681,1.360428
3798,human,1,82,0,1.189147,0.971102,1.154783
3798,lm,0,11,0,1.130666,1.839804,2.080205
38,human,0,34,0,1.583406,0.544217,0.861716
38,lm,0,10,0,1.196668,1.068245,1.278335
380,human,0,107,0,1.543658,0.451595,0.697108
380,lm,0,122,0,1.805731,0.312352,0.564024
3801,human,0,128,0,1.587869,0.581585,0.923481
3801,human,1,10,0,1.080387,4.018548,4.341585
3801,lm,0,67,0,1.761192,0.512367,0.902378
3802,human,0,42,0,1.306496,1.473585,1.925233
3802,lm,0,128,0,1.703458,0.299495,0.510178
3802,lm,1,8,0,1.105831,2.411132,2.666304
3803,human,0,16,0,1.129100,1.307973,1.476833
3803,lm,0,47,0,1.476061,0.452575,0.668028
3805,human,0,128,0,1.226037,1.093790,1.341027
3805,human,1,110,0,1.535958,0.832000,1.277918
3805,lm,0,128,0,1.792790,0.260661,0.467311
3805,lm,1,52,0,1.159564,1.144531,1.327157
3807,human,0,128,0,1.438816,0.681302,0.980268
3807,human,1,126,0,1.246243,0.765671,0.954213
3807,lm,0,128,0,1.564603,0.278653,0.435981
3807,lm,1,16,0,1.153904,0.998381,1.152036
3808,human,0,128,0,1.285160,0.912140,1.172246
3808,human,1,128,0,1.433705,0.650529,0.932666
3808,human,2,128,0,1.341603,0.834549,1.119633
3808,human,3,128,0,1.525117,0.403884,0.615971
3808,human,4,24,0,1.878750,0.340525,0.639762
3808,lm,0,128,0,1.816714,0.334473,0.607642
3808,lm,1,128,0,1.463999,0.409561,0.599597
3808,lm,2,51,0,1.258486,0.896028,1.127639
3809,human,0,128,0,1.338798,0.859261,1.150378
3809,human,1,128,0,1.311287,1.037787,1.360836
3809,human,2,101,0,1.293203,1.273902,1.647414
3809,lm,0,52,0,1.732891,0.446677,0.774042
381,human,0,128,0,1.347953,0.830285,1.119186
381,human,1,13,0,2.037833,0.526983,1.073903
381,lm,0,59,0,1.781984,0.664581,1.184272
3810,human,0,128,0,1.398361,1.087804,1.521143
3810,human,1,128,0,1.365632,1.039398,1.419436
3810,human,2,128,0,1.391353,0.879738,1.224026
3810,human,3,128,0,1.524342,0.680092,1.036693
3810,human,4,128,0,1.416152,0.939652,1.330691
3810,human,5,128,0,1.338231,0.988321,1.322602
3810,human,6,128,0,1.425929,0.764809,1.090563
3810,human,7,128,0,1.443800,0.964590,1.392675
3810,human,8,128,0,1.299862,1.145238,1.488651
3810,human,9,128,0,1.306437,1.204370,1.573434
3810,human,10,128,0,1.366359,0.846943,1.157228
3810,human,11,128,0,1.369403,0.851427,1.165947
3810,human,12,24,0,1.468758,1.709594,2.510980
3810,lm,0,10,0,1.203266,2.823020,3.396845
3811,human,0,99,0,1.341359,0.814900,1.093073
3811,lm,0,94,0,1.475736,0.461130,0.680506
3812,human,0,51,0,1.386180,0.912692,1.265156
3812,lm,0,128,0,1.643276,0.352384,0.579065
3812,lm,1,4,0,0.954980,5.353885,5.112853
3813,human,0,128,0,1.628370,0.485462,0.790512
3813,human,1,38,0,1.319113,0.848823,1.119694
3813,lm,0,24,0,1.332010,0.675969,0.900397
3814,human,0,50,0,1.882790,0.554285,1.043601
3814,lm,0,29,0,1.856375,0.594618,1.103835
3815,human,0,69,0,1.351334,0.671048,0.906810
3815,lm,0,43,0,1.543369,0.494835,0.763713
3816,human,0,128,0,1.363100,0.788812,1.075230
3816,human,1,128,0,1.250926,0.984955,1.232106
3816,human,2,128,0,1.258723,1.000001,1.258724
3816,human,3,56,0,1.449649,1.494532,2.166548
3816,lm,0,57,0,1.561864,0.530578,0.828691
3817,human,0,128,0,1.295089,0.890282,1.152995
3817,human,1,39,0,1.342854,2.142801,2.877468
3817,lm,0,50,0,1.259831,0.691050,0.870606
3818,human,0,44,0,1.315395,1.203388,1.582930
3818,lm,0,68,0,1.370451,1.257347,1.723132
3819,human,0,58,0,1.331504,0.738901,0.983850
3819,lm,0,22,0,1.691522,0.349773,0.591649
382,human,0,80,0,1.263076,1.244558,1.571971
382,lm,0,72,0,1.224409,1.322821,1.619674
3821,human,0,128,0,1.317217,0.869474,1.145286
3821,human,1,21,0,1.169768,1.765764,2.065534
3821,lm,0,128,0,1.530288,0.557247,0.852749
3821,lm,1,44,0,1.415664,0.989931,1.401410
3822,human,0,30,0,1.207511,1.513656,1.827756
3822,lm,0,33,0,1.633710,0.318721,0.520698
3823,human,0,117,0,1.746781,0.271439,0.474145
3823,lm,0,38,0,1.541539,0.436522,0.672916
3824,human,0,128,0,1.211948,0.991111,1.201175
3824,human,1,128,0,1.184220,1.292587,1.530707
3824,human,2,128,0,1.204581,0.765099,0.921624
3824,human,3,128,0,1.171257,1.232989,1.444147
3824,human,4,128,0,1.192074,1.715778,2.045334
3824,human,5,124,0,1.277132,0.977672,1.248616
3824,lm,0,128,0,1.331145,0.612449,0.815259
3824,lm,1,25,0,1.303626,0.939542,1.224811
3825,human,0,48,0,1.154888,1.176307,1.358502
3825,lm,0,12,0,1.169930,1.620102,1.895406
3826,human,0,128,0,1.353957,0.732172,0.991329
3826,human,1,2,0,nan,nan,4.251114
3826,lm,0,23,0,1.210789,0.797493,0.965596
3827,human,0,34,0,1.368841,1.117286,1.529387
3827,lm,0,52,0,1.621083,0.777623,1.260592
3828,human,0,8,0,1.183738,0.750094,0.887915
3828,lm,0,7,0,1.252880,0.425306,0.532857
3829,human,0,42,0,1.426632,0.469385,0.669639
3829,lm,0,18,0,1.261310,1.075289,1.356273
383,human,0,90,0,1.816842,0.311387,0.565741
383,lm,0,56,0,1.770473,0.413022,0.731245
3830,human,0,55,0,1.292704,0.897027,1.159590
3830,lm,0,26,0,1.190159,1.072369,1.276290
3831,human,0,128,0,1.719694,0.344759,0.592879
3831,human,1,1,0,1.000000,4.430817,4.430817
3831,lm,0,10,0,1.651514,0.871342,1.439033
3832,human,0,128,0,1.564341,0.602870,0.943095
3832,human,1,128,0,1.675064,0.594455,0.995751
3832,human,2,128,0,1.403791,0.776985,1.090724
3832,human,3,10,0,1.555856,1.166348,1.814670
3832,lm,0,128,0,1.454603,0.683313,0.993949
3832,lm,1,126,0,1.684843,0.493422,0.831339
3833,human,0,128,0,1.249386,0.818346,1.022430
3833,human,1,35,0,1.107219,1.209996,1.339731
3833,lm,0,128,0,1.642866,0.382726,0.628768
3833,lm,1,11,0,1.119667,1.632774,1.828164
3834,human,0,43,0,1.390427,0.935473,1.300706
3834,lm,0,22,0,1.334376,1.229307,1.640357
3835,human,0,128,0,1.246046,1.164393,1.450888
3835,human,1,128,0,1.354088,0.555329,0.751964
3835,human,2,128,0,1.412508,0.529894,0.748480
3835,human,3,128,0,1.341041,0.803804,1.077934
3835,human,4,108,0,1.368772,0.532927,0.729456
3835,lm,0,72,0,1.354283,0.810423,1.097542
3836,human,0,85,0,1.334023,0.559209,0.745997
3836,lm,0,9,0,1.066683,1.209899,1.290579
3837,human,0,36,0,1.279866,1.055991,1.351527
3837,lm,0,32,0,1.406699,1.062761,1.494985
3838,human,0,128,0,1.170481,1.259278,1.473961
3838,human,1,109,0,1.250172,0.926817,1.158681
3838,lm,0,10,0,1.012566,5.190482,5.255703
3839,human,0,91,0,1.265060,0.852061,1.077908
3839,lm,0,24,0,1.190725,1.346188,1.602940
384,human,0,128,0,1.461622,0.753899,1.101915
384,human,1,40,0,1.204913,1.942269,2.340266
384,lm,0,68,0,1.598496,0.593776,0.949148
3840,human,0,128,0,1.377267,0.751511,1.035031
3840,human,1,30,0,1.168440,1.469373,1.716874
3840,lm,0,19,0,1.104110,1.521718,1.680145
3841,human,0,37,0,1.266823,0.978849,1.240029
3841,lm,0,46,0,1.746217,0.474687,0.828907
3842,human,0,13,0,1.179804,0.993947,1.172663
3842,lm,0,6,0,1.068942,1.671697,1.786947
3843,human,0,87,0,1.403152,0.602738,0.845732
3843,lm,0,69,0,1.511632,0.676056,1.021948
3844,human,0,128,0,2.398911,0.158245,0.379617
3844,human,1,128,0,1.111847,1.047352,1.164495
3844,human,2,18,0,1.240392,1.547709,1.919767
3844,lm,0,128,0,1.783614,0.419458,0.748151
3844,lm,1,128,0,1.484570,0.679093,1.008161
3844,lm,2,50,0,1.360238,0.770671,1.048295
3846,human,0,107,0,1.815414,0.431661,0.783644
3846,lm,0,40,0,1.623228,0.465832,0.756152
3847,human,0,18,0,1.230489,1.606521,1.976806
3847,lm,0,116,0,2.201945,0.255754,0.563157
3848,human,0,128,0,1.332740,0.817104,1.088987
3848,human,1,128,0,1.280834,0.836874,1.071896
3848,human,2,128,0,1.316686,1.026829,1.352012
3848,human,3,50,0,1.124829,1.365364,1.535801
3848,lm,0,12,0,1.155900,1.442382,1.667249
3849,human,0,128,0,1.351767,1.111440,1.502409
3849,human,1,88,0,1.595392,0.712330,1.136445
3849,lm,0,101,0,1.445397,0.515388,0.744941
385,human,0,128,0,1.861836,0.476243,0.886686
385,human,1,22,0,1.559825,0.925605,1.443781
385,lm,0,74,0,1.940909,0.379933,0.737415
3850,human,0,104,0,1.513253,0.466739,0.706294
3850,lm,0,22,0,1.299528,1.163966,1.512607
3851,human,0,60,0,1.579615,0.585240,0.924455
3851,lm,0,50,0,1.526997,0.600686,0.917245
3852,human,0,71,0,1.305680,0.795078,1.038118
3852,lm,0,7,0,1.102941,1.727478,1.905307
3853,human,0,128,0,1.280997,0.936087,1.199125
3853,human,1,128,0,1.281097,0.862593,1.105065
3853,human,2,128,0,1.140099,1.503219,1.713818
3853,human,3,128,0,1.173527,1.323389,1.553033
3853,human,4,128,0,1.212833,1.733712,2.102704
3853,human,5,79,0,1.227664,1.378270,1.692052
3853,lm,0,54,0,1.437409,0.826843,1.188511
3854,human,0,12,0,1.169228,0.865483,1.011947
3854,lm,0,24,0,1.345918,0.486822,0.655223
3855,human,0,128,0,1.342046,1.037524,1.392405
3855,human,1,128,0,1.234318,1.389418,1.714983
3855,human,2,49,0,1.200069,1.942622,2.331280
3855,lm,0,128,0,1.472622,0.702007,1.033791
3855,lm,1,26,0,1.314847,1.276182,1.677984
3856,human,0,128,0,1.383279,1.010512,1.397820
3856,human,1,67,0,1.262833,1.248870,1.577114
3856,lm,0,53,0,2.374795,0.365732,0.868538
3857,human,0,81,0,1.240873,1.179228,1.463272
3857,lm,0,10,0,1.437892,0.738054,1.061242
3859,human,0,86,0,1.441080,0.717197,1.033539
3859,lm,0,11,0,1.224582,2.062429,2.525613
386,human,0,56,0,1.351307,0.687937,0.929614
386,lm,0,55,0,1.594941,0.520125,0.829568
3860,human,0,128,0,1.255487,0.892129,1.120056
3860,human,1,128,0,1.419972,0.619819,0.880125
3860,human,2,128,0,1.531151,0.460168,0.704587
3860,human,3,128,0,1.173410,0.947122,1.111361
3860,human,4,128,0,1.388368,1.048764,1.456070
3860,human,5,128,0,1.271900,0.742505,0.944393
3860,human,6,121,0,1.353082,1.105055,1.495230
3860,lm,0,82,0,1.828972,0.347377,0.635343
3861,human,0,40,0,1.418450,0.787489,1.117013
3861,lm,0,50,0,1.917449,0.379731,0.728115
3862,human,0,90,0,1.490606,0.547338,0.815866
3862,lm,0,11,0,1.237566,1.293216,1.600440
3863,human,0,128,0,1.186740,1.132913,1.344474
3863,human,1,128,0,1.311215,1.410827,1.849898
3863,human,2,105,0,1.255672,1.263707,1.586802
3863,lm,0,28,0,1.239598,1.766398,2.189625
3864,human,0,126,0,1.368410,0.738746,1.010907
3864,lm,0,67,0,1.406366,0.707452,0.994937
3865,human,0,102,0,1.273809,0.731180,0.931383
3865,lm,0,128,0,1.655924,0.579338,0.959340
3865,lm,1,1,0,nan,nan,nan
3866,human,0,57,0,1.291797,1.200788,1.551174
3866,lm,0,27,0,1.228032,1.054663,1.295160
3867,human,0,128,0,1.289076,0.661608,0.852862
3867,human,1,128,0,1.320377,0.867191,1.145018
3867,human,2,5,0,0.969574,5.916932,5.736906
3867,lm,0,102,0,1.661498,0.543189,0.902508
3868,human,0,78,0,1.902195,0.468886,0.891913
3868,lm,0,14,0,1.323388,1.068995,1.414695
3869,human,0,42,0,1.246813,1.136462,1.416955
3869,lm,0,9,0,1.001163,1.574882,1.576713
387,human,0,114,0,1.300382,1.032893,1.343156
387,lm,0,10,0,2.009000,1.282475,2.576491
3870,human,0,22,0,1.239522,0.981786,1.216945
3870,lm,0,46,0,1.540964,0.569035,0.876863
3871,human,0,128,0,1.227949,1.339223,1.644498
3871,human,1,128,0,1.169128,1.468688,1.717085
3871,human,2,69,0,1.310222,1.155051,1.513374
3871,lm,0,55,0,1.443302,0.880391,1.270670
3872,human,0,57,0,1.698393,0.265696,0.451257
3872,lm,0,55,0,2.388990,0.136869,0.326979
3873,human,0,93,0,1.347327,0.633650,0.853734
3873,lm,0,60,0,1.896705,0.396661,0.752350
3874,human,0,26,0,1.293620,0.958049,1.239351
3874,lm,0,10,0,1.079657,3.654047,3.945118
3875,human,0,128,0,1.338106,0.815756,1.091568
3875,human,1,128,0,1.277763,1.139291,1.455744
3875,human,2,128,0,1.336135,1.234121,1.648953
3875,human,3,128,0,1.284815,1.078787,1.386042
3875,human,4,27,0,1.126036,1.746338,1.966439
3875,lm,0,128,0,1.313260,0.705042,0.925903
3875,lm,1,68,0,1.221085,1.011230,1.234798
3876,human,0,31,0,1.424674,0.929931,1.324849
3876,lm,0,33,0,1.452832,0.703712,1.022376
3877,human,0,47,0,1.325406,0.964390,1.278209
3877,lm,0,50,0,1.824175,0.393589,0.717975
3878,human,0,33,0,1.257741,1.065211,1.339759
3878,lm,0,44,0,1.262093,1.162285,1.466912
3879,human,0,128,0,1.343390,0.610114,0.819621
3879,human,1,76,0,1.225435,1.166988,1.430068
3879,lm,0,29,0,1.508340,0.518494,0.782065
388,human,0,33,0,1.490163,0.393829,0.586869
388,lm,0,8,0,1.383252,0.621169,0.859233
3880,human,0,18,0,1.202155,1.218174,1.464434
3880,lm,0,42,0,1.312727,0.850139,1.116001
3881,human,0,111,0,1.542864,0.520392,0.802895
3881,lm,0,47,0,2.009925,0.300109,0.603198
3882,human,0,128,0,1.517882,0.519038,0.787839
3882,human,1,128,0,1.538005,0.556845,0.856431
3882,human,2,19,0,2.774430,0.219226,0.608226
3882,lm,0,83,0,1.737709,0.264425,0.459494
3883,human,0,28,0,1.296597,0.919890,1.192727
3883,lm,0,42,0,1.558616,0.524910,0.818133
3884,human,0,114,0,1.891579,0.331206,0.626502
3884,lm,0,14,0,1.274461,0.911694,1.161918
3886,human,0,33,0,1.249276,0.784108,0.979567
3886,lm,0,128,0,1.774853,0.428350,0.760259
3886,lm,1,113,0,1.861499,0.506227,0.942341
3887,human,0,128,0,1.292509,0.940474,1.215572
3887,human,1,128,0,1.140152,1.739186,1.982936
3887,human,2,128,0,1.273119,0.943409,1.201072
3887,human,3,128,0,1.297435,1.252020,1.624415
3887,human,4,128,0,1.260370,1.337858,1.686196
3887,human,5,107,0,1.423431,0.841915,1.198408
3887,lm,0,128,0,1.528907,0.618909,0.946255
3887,lm,1,55,0,1.282256,1.080338,1.385270
3888,human,0,71,0,1.365880,0.872921,1.192306
3888,lm,0,51,0,1.420622,1.009808,1.434555
3889,human,0,128,0,1.462857,0.607507,0.888696
3889,human,1,47,0,1.636168,0.431972,0.706780
3889,lm,0,39,0,1.589413,0.451548,0.717696
389,human,0,128,0,1.607480,0.523524,0.841555
389,human,1,107,0,1.274956,0.698146,0.890105
389,lm,0,128,0,1.857261,0.357262,0.663530
389,lm,1,66,0,1.617566,0.625645,1.012021
3890,human,0,51,0,1.294982,1.467130,1.899907
3890,lm,0,10,0,1.218969,1.709494,2.083821
3891,human,0,128,0,1.514332,0.399870,0.605536
3891,human,1,21,0,1.348475,1.469201,1.981180
3891,lm,0,88,0,1.780925,0.357330,0.636378
3892,human,0,97,0,1.567755,0.331609,0.519882
3892,lm,0,49,0,1.272318,0.746233,0.949445
3893,human,0,60,0,1.659065,0.481959,0.799602
3893,lm,0,6,0,1.107078,2.674031,2.960362
3894,human,0,128,0,1.500043,0.741845,1.112800
3894,human,1,96,0,1.153270,0.960897,1.108174
3894,lm,0,13,0,1.212124,1.380148,1.672912
3895,human,0,66,0,1.296711,0.955878,1.239497
3895,lm,0,21,0,1.285351,0.903493,1.161306
3896,human,0,31,0,1.216721,0.912208,1.109903
3896,lm,0,32,0,1.732133,0.539864,0.935116
3897,human,0,18,0,1.155192,1.202223,1.388798
3897,lm,0,128,0,2.018629,0.320915,0.647809
3897,lm,1,10,0,1.176987,1.529812,1.800568
3898,human,0,70,0,1.306438,0.768171,1.003568
3898,lm,0,128,0,2.491238,0.144174,0.359171
3898,lm,1,14,0,1.258613,1.398802,1.760550
39,human,0,98,0,1.338955,0.721545,0.966117
39,lm,0,12,0,1.300828,0.786662,1.023312
390,human,0,101,0,1.472010,0.406076,0.597748
390,lm,0,128,0,1.965154,0.301101,0.591709
390,lm,1,117,0,1.760805,0.361555,0.636628
3901,human,0,128,0,1.460146,0.752483,1.098735
3901,human,1,128,0,1.465900,0.752240,1.102709
3901,human,2,56,0,1.287027,1.100702,1.416633
3901,lm,0,46,0,1.376344,1.141775,1.571476
3902,human,0,65,0,1.365981,0.608283,0.830903
3902,lm,0,78,0,2.005102,0.377758,0.757444
3903,human,0,100,0,1.221022,0.803570,0.981177
3903,lm,0,34,0,1.353053,0.457373,0.618850
3904,human,0,115,0,1.508963,0.639216,0.964553
3904,lm,0,9,0,1.070710,2.900783,3.105898
3905,human,0,41,0,1.178468,1.364371,1.607868
3905,lm,0,73,0,1.317854,0.832041,1.096509
3906,human,0,128,0,1.246047,1.305917,1.627233
3906,human,1,128,0,1.327451,0.935288,1.241550
3906,human,2,128,0,1.461081,0.704112,1.028765
3906,human,3,128,0,1.413410,0.685699,0.969174
3906,human,4,40,0,1.280213,0.759083,0.971788
3906,lm,0,128,0,1.782830,0.333707,0.594943
3906,lm,1,128,0,1.591042,0.423058,0.673103
3906,lm,2,71,0,1.705756,0.371690,0.634013
3907,human,0,75,0,1.657918,0.513198,0.850840
3907,lm,0,27,0,1.334410,1.226977,1.637291
3908,human,0,128,0,1.339419,0.870345,1.165757
3908,human,1,128,0,1.369258,1.015451,1.390414
3908,human,2,108,0,1.562409,0.732195,1.143988
3908,lm,0,11,0,1.357844,0.994020,1.349725
3909,human,0,70,0,1.139790,1.380131,1.573059
3909,lm,0,56,0,1.324905,0.855093,1.132917
391,human,0,128,0,1.241188,0.849074,1.053860
391,human,1,24,0,1.088506,2.505660,2.727425
391,lm,0,45,0,1.622400,0.865651,1.404433
3910,human,0,59,0,1.352965,0.800332,1.082822
3910,lm,0,59,0,1.650818,0.498072,0.822226
3911,human,0,110,0,1.403528,0.557539,0.782522
3911,lm,0,7,0,1.160857,1.276187,1.481470
3912,human,0,49,0,1.555657,0.491300,0.764295
3912,lm,0,18,0,1.442531,0.573120,0.826744
3913,human,0,46,0,1.381951,0.951152,1.314445
3913,lm,0,11,0,1.203417,1.138898,1.370569
3914,human,0,28,0,1.144061,1.870487,2.139951
3914,lm,0,30,0,1.299350,1.229081,1.597005
3916,human,0,128,0,1.705775,0.414325,0.706745
3916,human,1,64,0,1.457805,0.581732,0.848052
3916,lm,0,28,0,1.583456,0.749625,1.186997
3918,human,0,83,0,1.349663,0.777996,1.050033
3918,lm,0,17,0,1.144859,0.699489,0.800816
3919,human,0,128,0,1.244902,0.987068,1.228803
3919,human,1,128,0,1.314288,0.829846,1.090657
3919,human,2,43,0,1.150010,1.490022,1.713541
3919,lm,0,128,0,1.623994,0.236583,0.384209
3919,lm,1,33,0,1.224341,1.460978,1.788736
392,human,0,98,0,1.252211,0.778253,0.974537
392,lm,0,9,0,1.007649,3.868357,3.897944
3920,human,0,30,0,1.172962,1.031681,1.210122
3920,lm,0,81,0,1.528481,0.323955,0.495159
3922,human,0,108,0,1.298673,0.631425,0.820014
3922,lm,0,23,0,1.553218,0.351788,0.546403
3924,human,0,34,0,1.360410,0.915853,1.245936
3924,lm,0,11,0,1.258997,0.881779,1.110158
3925,human,0,50,0,1.541608,0.634654,0.978387
3925,lm,0,16,0,1.385099,0.762067,1.055539
3926,human,0,128,0,1.711298,0.497504,0.851377
3926,human,1,6,0,1.048177,1.833746,1.922091
3926,lm,0,83,0,1.789595,0.466039,0.834021
3927,human,0,128,0,1.538809,0.484889,0.746152
3927,human,1,86,0,1.290317,0.754686,0.973784
3927,lm,0,82,0,1.617308,0.409222,0.661839
3928,human,0,71,0,1.734637,0.391822,0.679669
3928,lm,0,17,0,1.561182,0.434473,0.678292
3929,human,0,57,0,2.066950,0.447437,0.924829
3929,lm,0,25,0,1.648645,0.512321,0.844635
3930,human,0,31,0,1.198775,1.127838,1.352025
3930,lm,0,21,0,1.356192,1.002195,1.359170
3931,human,0,59,0,1.405505,0.699811,0.983588
3931,lm,0,10,0,1.163434,2.369559,2.756825
3932,human,0,21,0,1.220703,1.011129,1.234288
3932,lm,0,11,0,1.232270,0.613979,0.756588
3933,human,0,128,0,1.408951,0.602252,0.848543
3933,human,1,113,0,1.165953,1.586641,1.849949
3933,lm,0,36,0,1.349696,0.874337,1.180089
3934,human,0,19,0,1.367519,0.881437,1.205381
3934,lm,0,53,0,1.700998,0.520809,0.885895
3935,human,0,128,0,1.573804,0.572807,0.901486
3935,human,1,25,0,1.177929,1.848152,2.176992
3935,lm,0,123,0,2.115692,0.356120,0.753439
3936,human,0,87,0,1.686000,0.612390,1.032490
3936,lm,0,78,0,1.652297,0.627962,1.037580
3937,human,0,18,0,1.124759,1.297413,1.459276
3937,lm,0,11,0,1.091619,2.056705,2.245139
3938,human,0,30,0,1.272743,1.354562,1.724010
3938,lm,0,128,0,1.424252,0.702279,1.000223
3938,lm,1,41,0,1.797986,1.152089,2.071441
3939,human,0,121,0,1.385994,0.671512,0.930711
3939,lm,0,128,0,1.760828,0.457263,0.805161
394,human,0,128,0,1.617531,0.529663,0.856746
394,human,1,128,0,1.214634,1.447188,1.757804
394,human,2,128,0,1.210750,1.670571,2.022643
394,human,3,128,0,1.216194,0.743932,0.904767
394,human,4,60,0,1.110746,1.673053,1.858338
394,lm,0,128,0,1.254197,0.947400,1.188226
394,lm,1,10,0,3.259952,0.693147,2.259626
3940,human,0,71,0,1.441578,0.814560,1.174252
3940,lm,0,48,0,1.547184,0.700257,1.083427
3941,human,0,48,0,1.401927,1.015539,1.423712
3941,lm,0,94,0,1.672594,0.521363,0.872028
3942,human,0,128,0,1.411730,0.470421,0.664108
3942,human,1,128,0,1.318898,0.557381,0.735128
3942,human,2,23,0,1.254371,1.031140,1.293432
3942,lm,0,82,0,1.540312,0.476238,0.733555
3944,human,0,128,0,1.559245,0.571190,0.890625
3944,human,1,88,0,1.420570,0.898660,1.276609
3944,lm,0,126,0,1.685246,0.511534,0.862060
3946,human,0,94,0,1.813041,0.464213,0.841638
3946,lm,0,72,0,1.811441,0.404650,0.733000
3947,human,0,128,0,1.470820,0.898543,1.321595
3947,human,1,128,0,1.750999,0.580842,1.017053
3947,human,2,128,0,1.387477,0.690330,0.957817
3947,human,3,128,0,1.251793,1.275994,1.597279
3947,human,4,103,0,1.206437,1.620519,1.955054
3947,lm,0,71,0,1.387460,0.676415,0.938499
3949,human,0,44,0,1.607896,0.512429,0.823933
3949,lm,0,11,0,1.157432,0.906848,1.049615
395,human,0,128,0,1.628945,0.551327,0.898082
395,human,1,128,0,1.322598,0.812091,1.074070
395,human,2,128,0,1.242194,0.943690,1.172246
395,human,3,111,0,1.434630,0.672777,0.965186
395,lm,0,65,0,1.514641,0.487607,0.738549
3950,human,0,23,0,1.088566,1.324279,1.441565
3950,lm,0,6,0,1.045979,3.538704,3.701410
3951,human,0,13,0,1.240608,1.135351,1.408526
3951,lm,0,13,0,1.296504,0.953652,1.236414
3952,human,0,128,0,1.354613,0.716381,0.970419
3952,human,1,24,0,1.131324,1.822170,2.061466
3952,lm,0,49,0,1.379829,0.838950,1.157607
3953,human,0,86,0,1.274580,0.780876,0.995289
3953,lm,0,42,0,1.409399,0.856137,1.206639
3955,human,0,35,0,1.334448,0.965051,1.287810
3955,lm,0,128,0,1.353562,0.939111,1.271146
3955,lm,1,69,0,1.434283,0.767119,1.100266
3958,human,0,118,0,1.420202,0.636456,0.903896
3958,lm,0,128,0,1.778552,0.362032,0.643893
3958,lm,1,40,0,1.290791,0.780903,1.007983
3959,human,0,89,0,1.431990,0.755267,1.081535
3959,lm,0,40,0,1.489589,0.755695,1.125676
3960,human,0,128,0,1.455747,0.665183,0.968339
3960,human,1,128,0,1.429858,0.822131,1.175530
3960,human,2,128,0,1.388414,0.757980,1.052390
3960,human,3,122,0,1.187260,0.685973,0.814429
3960,lm,0,59,0,1.490518,0.912890,1.360679
3961,human,0,128,0,1.264530,1.127301,1.425505
3961,human,1,128,0,1.326527,0.942105,1.249728
3961,human,2,128,0,1.433773,0.847953,1.215772
3961,human,3,1,0,nan,nan,nan
3961,lm,0,6,0,1.025086,2.967509,3.041951
3962,human,0,102,0,1.632121,0.507432,0.828190
3962,lm,0,17,0,1.343866,0.875825,1.176991
3963,human,0,116,0,1.545808,0.653214,1.009744
3963,lm,0,56,0,1.537235,0.661505,1.016889
3964,human,0,56,0,1.294033,0.983225,1.272326
3964,lm,0,11,0,1.141189,2.415344,2.756363
3965,human,0,128,0,1.275920,0.563933,0.719533
3965,human,1,128,0,1.261969,0.548276,0.691907
3965,human,2,128,0,1.134741,1.642844,1.864202
3965,human,3,128,0,1.176966,0.946915,1.114487
3965,human,4,128,0,1.145321,1.132895,1.297529
3965,human,5,86,0,1.138931,1.345585,1.532529
3965,lm,0,9,0,1.089865,1.580510,1.722542
3966,human,0,128,0,1.260180,0.633620,0.798475
3966,human,1,45,0,1.188272,1.556867,1.849981
3966,lm,0,10,0,1.153629,2.898888,3.344241
3967,human,0,33,0,1.294300,1.125673,1.456959
3967,lm,0,33,0,1.307819,1.124036,1.470035
3968,human,0,43,0,1.609987,0.502537,0.809078
3968,lm,0,33,0,2.052110,0.285005,0.584861
3969,human,0,102,0,1.680980,0.509131,0.855839
3969,lm,0,48,0,1.754921,0.352609,0.618801
3970,human,0,48,0,1.186516,1.166292,1.383824
3970,lm,0,55,0,1.572180,0.326425,0.513199
3971,human,0,99,0,1.510914,0.480488,0.725976
3971,lm,0,12,0,1.282500,1.923799,2.467272
3972,human,0,128,0,1.297601,0.933203,1.210925
3972,human,1,23,0,1.497426,0.870014,1.302781
3972,lm,0,20,0,1.254435,0.738087,0.925882
3973,human,0,67,0,1.149577,1.323344,1.521285
3973,lm,0,82,0,1.256849,0.839817,1.055523
3975,human,0,95,0,1.386078,0.384978,0.533609
3975,lm,0,60,0,2.202318,0.170945,0.376476
3976,human,0,64,0,1.347449,0.893937,1.204535
3976,lm,0,128,0,1.875856,0.489006,0.917306
3976,lm,1,45,0,1.735768,0.637824,1.107114
3977,human,0,50,0,1.281121,0.834220,1.068737
3977,lm,0,128,0,1.878956,0.432089,0.811876
3977,lm,1,116,0,2.129739,0.372256,0.792807
3978,human,0,50,0,1.667336,0.360049,0.600323
3978,lm,0,92,0,2.210187,0.155118,0.342840
3979,human,0,128,0,1.215493,1.302983,1.583767
3979,human,1,48,0,1.288585,1.098037,1.414914
3979,lm,0,86,0,1.673873,0.452753,0.757851
3980,human,0,72,0,1.305610,0.804824,1.050786
3980,lm,0,36,0,1.541243,0.837875,1.291368
3981,human,0,29,0,1.382100,1.118065,1.545278
3981,lm,0,35,0,1.766533,0.381965,0.674753
3982,human,0,112,0,1.302039,0.550282,0.716488
3982,lm,0,128,0,1.490601,0.614150,0.915453
3982,lm,1,3,0,0.957014,6.920671,6.623180
3983,human,0,39,0,1.254487,1.072111,1.344950
3983,lm,0,19,0,1.262968,0.989859,1.250160
3984,human,0,34,0,1.338349,0.935318,1.251782
3984,lm,0,14,0,1.196446,1.144280,1.369069
3985,human,0,72,0,1.339190,0.563099,0.754097
3985,lm,0,33,0,1.320601,0.454840,0.600663
3987,human,0,128,0,1.331545,0.760218,1.012265
3987,human,1,128,0,1.333355,0.981214,1.308306
3987,human,2,128,0,1.375628,0.922252,1.268676
3987,human,3,128,0,1.435657,0.683631,0.981459
3987,human,4,128,0,1.415965,1.015666,1.438148
3987,human,5,2,0,1.084515,1.912262,2.073876
3987,lm,0,127,0,1.584763,0.467354,0.740645
3988,human,0,58,0,1.619410,0.351179,0.568702
3988,lm,0,56,0,1.366834,0.556599,0.760778
3989,human,0,19,0,1.125161,1.587991,1.786747
3989,lm,0,48,0,1.414372,0.597943,0.845715
399,human,0,43,0,1.356734,0.725228,0.983942
399,lm,0,100,0,1.792735,0.410704,0.736284
3990,human,0,79,0,1.392559,0.643420,0.896001
3990,lm,0,77,0,1.682651,0.592883,0.997615
3993,human,0,55,0,1.224038,0.934660,1.144059
3993,lm,0,87,0,1.481704,0.747775,1.107982
3994,human,0,49,0,1.187394,1.330154,1.579416
3994,lm,0,53,0,2.430574,0.332608,0.808429
3995,human,0,68,0,1.519090,0.417711,0.634541
3995,lm,0,61,0,1.512819,0.489966,0.741230
3996,human,0,54,0,1.170245,1.502871,1.758727
3996,lm,0,15,0,1.213899,2.281615,2.769651
3997,human,0,19,0,1.217734,1.297643,1.580184
3997,lm,0,62,0,1.784318,0.585383,1.044510
3998,human,0,43,0,1.237534,1.018053,1.259875
3998,lm,0,94,0,1.477324,0.492940,0.728233
3999,human,0,128,0,1.252225,0.938935,1.175757
3999,human,1,128,0,1.207691,1.246341,1.505195
3999,human,2,101,0,1.185891,0.844030,1.000929
3999,lm,0,77,0,1.067734,1.531201,1.634915
400,human,0,53,0,1.312542,1.013739,1.330575
400,lm,0,31,0,1.350946,1.155836,1.561472
4000,human,0,103,0,1.554262,0.434093,0.674694
4000,lm,0,28,0,1.590549,0.483981,0.769796
4001,human,0,128,0,1.321614,0.725258,0.958511
4001,human,1,128,0,1.258406,1.144791,1.440612
4001,human,2,128,0,1.199735,1.323572,1.587936
4001,human,3,7,0,1.023352,4.997121,5.113814
4001,lm,0,98,0,1.345997,0.481419,0.647989
4002,human,0,43,0,1.461650,0.980578,1.433262
4002,lm,0,30,0,1.465810,1.176176,1.724050
4003,human,0,128,0,1.287418,0.876037,1.127826
4003,human,1,128,0,1.337118,0.962564,1.287062
4003,human,2,128,0,1.332298,1.041624,1.387753
4003,human,3,128,0,1.327969,1.196298,1.588647
4003,human,4,57,0,1.299138,1.024997,1.331613
4003,lm,0,72,0,1.408992,0.660871,0.931163
4004,human,0,118,0,1.313235,0.726910,0.954603
4004,lm,0,128,0,1.735593,0.361185,0.626870
4004,lm,1,1,0,nan,nan,nan
4005,human,0,128,0,1.441823,0.524204,0.755810
4005,human,1,99,0,1.387982,0.758982,1.053453
4005,lm,0,39,0,1.260676,0.900638,1.135413
4006,human,0,86,0,1.538005,0.461945,0.710474
4006,lm,0,94,0,1.663033,0.318057,0.528939
4007,human,0,30,0,1.254124,0.909068,1.140084
4007,lm,0,125,0,1.987249,0.337323,0.670345
4008,human,0,100,0,1.571274,0.589707,0.926592
4008,lm,0,18,0,1.166174,1.801415,2.100763
4009,human,0,36,0,1.537238,0.309434,0.475675
4009,lm,0,8,0,1.167652,0.893340,1.043110
401,human,0,128,0,1.259914,1.268850,1.598642
401,human,1,128,0,1.184930,1.352382,1.602479
401,human,2,106,0,1.210864,1.435085,1.737692
401,lm,0,128,0,1.439736,0.830656,1.195924
401,lm,1,47,0,1.345871,1.528391,2.057017
4010,human,0,66,0,1.572691,0.361938,0.569216
4010,lm,0,59,0,1.557588,0.418731,0.652210
4011,human,0,60,0,1.327193,0.939456,1.246840
4011,lm,0,81,0,2.009611,0.358646,0.720738
4012,human,0,128,0,1.627839,0.319226,0.519648
4012,human,1,128,0,1.304130,0.526893,0.687137
4012,human,2,78,0,1.250005,0.573087,0.716362
4012,lm,0,18,0,1.485815,0.603093,0.896085
4013,human,0,60,0,1.187280,1.418987,1.684735
4013,lm,0,86,0,1.295385,0.944251,1.223168
4014,human,0,128,0,1.352332,0.815368,1.102649
4014,human,1,128,0,1.360031,1.035962,1.408939
4014,human,2,128,0,1.272880,1.237533,1.575232
4014,human,3,90,0,1.245042,1.156913,1.440404
4014,lm,0,14,0,1.246265,0.927441,1.155837
4015,human,0,99,0,1.256799,0.938267,1.179213
4015,lm,0,21,0,1.108171,1.947007,2.157617
4016,human,0,29,0,1.236955,1.241913,1.536190
4016,lm,0,34,0,1.450478,0.839833,1.218160
4017,human,0,37,0,1.190263,1.692870,2.014961
4017,lm,0,7,0,1.126984,1.557994,1.755834
4018,human,0,128,0,1.519082,0.638302,0.969632
4018,human,1,128,0,1.378652,1.068028,1.472440
4018,human,2,128,0,1.414652,0.833829,1.179579
4018,human,3,53,0,1.270429,1.202650,1.527881
4018,lm,0,45,0,1.627419,0.665727,1.083417
4019,human,0,23,0,1.153229,1.580377,1.822537
4019,lm,0,62,0,1.779404,0.536089,0.953918
4020,human,0,128,0,1.260885,0.676652,0.853181
4020,human,1,50,0,1.085320,1.756160,1.905996
4020,lm,0,10,0,1.222523,1.872461,2.289126
4021,human,0,107,0,1.384639,0.765682,1.060194
4021,lm,0,35,0,1.328902,0.615073,0.817372
4022,human,0,128,0,1.401204,0.476945,0.668298
4022,human,1,33,0,1.405238,0.675866,0.949753
4022,lm,0,48,0,1.389551,0.992836,1.379595
4023,human,0,128,0,1.299304,0.986710,1.282037
4023,human,1,128,0,1.471339,0.746249,1.097986
4023,human,2,9,0,0.999298,5.368285,5.364518
4023,lm,0,51,0,1.814482,0.468096,0.849352
4025,human,0,50,0,1.138109,1.162571,1.323133
4025,lm,0,12,0,1.440194,0.758064,1.091760
4026,human,0,101,0,1.546370,0.442600,0.684423
4026,lm,0,31,0,1.396464,0.399565,0.557979
4027,human,0,118,0,1.599873,0.298981,0.478331
4027,lm,0,70,0,1.699857,0.483183,0.821342
4028,human,0,128,0,1.420282,0.688319,0.977607
4028,human,1,128,0,1.231012,1.011144,1.244731
4028,human,2,95,0,1.186578,1.080104,1.281628
4028,lm,0,113,0,1.507260,0.375045,0.565290
4029,human,0,128,0,1.427800,0.753719,1.076160
4029,human,1,128,0,1.865287,0.341326,0.636671
4029,human,2,128,0,1.286038,0.933505,1.200524
4029,human,3,31,0,1.319638,1.333315,1.759494
4029,lm,0,42,0,1.458939,0.696281,1.015831
4030,human,0,119,0,1.353280,0.493317,0.667595
4030,lm,0,72,0,1.344107,0.501033,0.673442
4032,human,0,111,0,1.348556,0.801704,1.081142
4032,lm,0,128,0,1.430022,0.549068,0.785180
4032,lm,1,2,0,1.051982,2.438790,2.565562
4033,human,0,128,0,1.329816,1.165478,1.549871
4033,human,1,128,0,1.303611,0.744527,0.970574
4033,human,2,128,0,1.191398,1.509766,1.798733
4033,human,3,92,0,1.240481,1.203025,1.492330
4033,lm,0,128,0,1.316555,1.033922,1.361215
4033,lm,1,50,0,1.404104,0.836980,1.175207
4034,human,0,106,0,1.425075,0.551281,0.785617
4034,lm,0,92,0,1.434241,0.694791,0.996498
4035,human,0,99,0,1.247739,1.000738,1.248660
4035,lm,0,128,0,1.545090,0.572696,0.884866
4035,lm,1,52,0,1.188211,1.594312,1.894379
4036,human,0,128,0,1.388054,0.810977,1.125679
4036,human,1,128,0,1.411664,0.933082,1.317198
4036,human,2,128,0,1.395634,0.612861,0.855329
4036,human,3,128,0,1.358811,1.161619,1.578420
4036,human,4,128,0,1.357630,0.649240,0.881428
4036,human,5,128,0,1.260325,0.980060,1.235193
4036,human,6,128,0,1.411535,0.506014,0.714257
4036,human,7,128,0,1.334681,0.986970,1.317290
4036,human,8,67,0,1.233111,0.941952,1.161531
4036,lm,0,128,0,1.614965,0.367749,0.593901
4036,lm,1,18,0,1.102091,1.680978,1.852590
4037,human,0,67,0,1.296930,0.833554,1.081061
4037,lm,0,38,0,1.388227,0.652602,0.905959
4038,human,0,128,0,1.823528,0.406183,0.740686
4038,human,1,128,0,1.638136,0.420826,0.689370
4038,human,2,23,0,1.208873,0.952682,1.151672
4038,lm,0,128,0,1.927161,0.255528,0.492444
4038,lm,1,68,0,1.502802,0.422107,0.634342
4039,human,0,49,0,1.222869,0.733069,0.896447
4039,lm,0,11,0,1.186375,1.729644,2.052007
404,human,0,128,0,1.281928,0.732863,0.939477
404,human,1,128,0,1.424011,0.579560,0.825299
404,human,2,128,0,1.484275,0.637662,0.946466
404,human,3,128,0,1.442856,0.756016,1.090821
404,human,4,71,0,1.254113,0.940079,1.178965
404,lm,0,128,0,1.750977,0.205791,0.360335
404,lm,1,17,0,1.317629,0.764181,1.006907
4040,human,0,50,0,1.469552,0.643125,0.945106
4040,lm,0,113,0,1.956913,0.337064,0.659605
4041,human,0,128,0,1.338415,0.609185,0.815342
4041,human,1,111,0,1.200282,1.117457,1.341264
4041,lm,0,37,0,1.304223,0.563181,0.734514
4042,human,0,102,0,1.580976,0.496764,0.785372
4042,lm,0,9,0,1.089903,1.397084,1.522686
4043,human,0,27,0,1.156135,1.400192,1.618810
4043,lm,0,28,0,1.486926,0.673842,1.001953
4044,human,0,20,0,1.276121,0.894552,1.141557
4044,lm,0,51,0,1.294166,0.870076,1.126023
4045,human,0,49,0,1.327550,1.148105,1.524167
4045,lm,0,31,0,1.220361,1.484517,1.811647
4046,human,0,54,0,1.328908,0.853098,1.133689
4046,lm,0,46,0,1.689225,0.731331,1.235382
4047,human,0,36,0,1.523675,0.598046,0.911228
4047,lm,0,28,0,1.512592,0.838542,1.268373
4048,human,0,128,0,1.253772,0.949422,1.190358
4048,human,1,128,0,1.161116,1.582892,1.837921
4048,human,2,26,0,1.126010,2.223913,2.504148
4048,lm,0,80,0,1.737101,0.396564,0.688872
4049,human,0,128,0,1.270550,1.083975,1.377244
4049,human,1,128,0,1.640177,0.457200,0.749889
4049,human,2,29,0,1.149536,1.314131,1.510641
4049,lm,0,11,0,1.214736,1.838109,2.232818
405,human,0,55,0,1.250451,1.036948,1.296653
405,lm,0,57,0,1.358190,0.933717,1.268165
4050,human,0,128,0,1.379112,0.749945,1.034258
4050,human,1,76,0,1.263111,1.466409,1.852237
4050,lm,0,68,0,1.310467,0.769049,1.007814
4051,human,0,64,0,1.502544,0.502432,0.754926
4051,lm,0,86,0,1.761254,0.551768,0.971803
4052,human,0,128,0,1.360310,0.957256,1.302166
4052,human,1,128,0,1.244937,0.984068,1.225103
4052,human,2,46,0,1.264606,2.074124,2.622950
4052,lm,0,46,0,1.724958,0.665709,1.148320
4053,human,0,45,0,1.324142,1.041259,1.378775
4053,lm,0,47,0,1.558799,0.523080,0.815377
4054,human,0,128,0,1.260236,0.835397,1.052798
4054,human,1,128,0,1.378580,0.867805,1.196338
4054,human,2,44,0,1.275383,1.532018,1.953910
4054,lm,0,41,0,1.249759,0.738299,0.922697
4056,human,0,85,0,1.334082,0.788492,1.051914
4056,lm,0,20,0,1.217579,1.324512,1.612697
4057,human,0,36,0,1.268293,0.818598,1.038222
4057,lm,0,10,0,1.165309,2.220598,2.587683
4058,human,0,128,0,1.364274,0.557839,0.761046
4058,human,1,67,0,1.386648,0.805483,1.116922
4058,lm,0,128,0,1.686271,0.346001,0.583451
4058,lm,1,50,0,1.446773,0.544471,0.787726
4059,human,0,128,0,1.210967,1.037384,1.256238
4059,human,1,33,0,1.241389,0.889148,1.103779
4059,lm,0,128,0,1.386617,1.044463,1.448270
4059,lm,1,27,0,1.159786,1.550917,1.798732
406,human,0,128,0,1.419800,0.645783,0.916883
406,human,1,10,0,1.594307,1.380667,2.201207
406,lm,0,116,0,1.491010,0.396657,0.591420
4060,human,0,101,0,1.350159,0.905280,1.222272
4060,lm,0,46,0,1.347482,1.045810,1.409210
4061,human,0,128,0,1.256577,1.093669,1.374279
4061,human,1,128,0,1.273896,0.985948,1.255995
4061,human,2,128,0,1.382741,0.821501,1.135923
4061,human,3,128,0,1.389143,0.881974,1.225188
4061,human,4,36,0,1.207605,2.722453,3.287648
4061,lm,0,128,0,1.458364,0.606940,0.885139
4061,lm,1,31,0,1.280826,1.473851,1.887747
4062,human,0,24,0,1.292890,0.882549,1.141039
4062,lm,0,13,0,1.392514,0.657007,0.914891
4063,human,0,104,0,1.376589,0.639246,0.879979
4063,lm,0,6,0,1.070740,3.812310,4.081993
4064,human,0,128,0,1.514639,0.430622,0.652237
4064,human,1,128,0,1.405823,0.767565,1.079061
4064,human,2,128,0,1.408451,0.490947,0.691475
4064,human,3,128,0,1.460349,0.477853,0.697833
4064,human,4,128,0,1.472152,0.452429,0.666045
4064,human,5,61,0,1.283197,0.947253,1.215513
4064,lm,0,74,0,1.654495,0.335753,0.555501
4065,human,0,112,0,1.332083,0.955625,1.272973
4065,lm,0,51,0,1.282366,1.010059,1.295266
4066,human,0,128,0,1.611632,0.315673,0.508748
4066,human,1,128,0,1.370709,0.623093,0.854079
4066,human,2,128,0,2.011131,0.213788,0.429955
4066,human,3,54,0,1.542817,0.410475,0.633287
4066,lm,0,20,0,1.581594,0.870689,1.377076
4067,human,0,128,0,1.137159,1.334221,1.517221
4067,human,1,128,0,1.176550,1.007153,1.184966
4067,human,2,128,0,1.258932,0.926539,1.166449
4067,human,3,128,0,1.136760,1.324978,1.506182
4067,human,4,56,0,1.163378,1.238316,1.440631
4067,lm,0,111,0,1.452130,0.673959,0.978677
4068,human,0,128,0,1.464061,0.762664,1.116586
4068,human,1,128,0,1.420826,0.530006,0.753046
4068,human,2,26,0,1.353787,1.302059,1.762711
4068,lm,0,40,0,1.561802,0.596902,0.932243
407,human,0,128,0,1.318426,0.542437,0.715163
407,human,1,128,0,1.462296,0.590377,0.863306
407,human,2,102,0,1.302036,0.768983,1.001243
407,lm,0,128,0,1.934092,0.298362,0.577059
407,lm,1,78,0,1.556979,0.328192,0.510987
4070,human,0,63,0,1.318462,1.339701,1.766346
4070,lm,0,34,0,1.573678,1.262341,1.986518
4071,human,0,128,0,1.925736,0.294544,0.567215
4071,human,1,70,0,1.497145,0.752101,1.126005
4071,lm,0,101,0,1.948424,0.318993,0.621534
4072,human,0,29,0,1.257675,1.094278,1.376246
4072,lm,0,93,0,2.262543,0.250095,0.565850
4073,human,0,45,0,1.257581,1.074679,1.351496
4073,lm,0,30,0,1.311386,1.086551,1.424888
4074,human,0,112,0,1.636267,0.493115,0.806868
4074,lm,0,23,0,1.328064,0.696906,0.925536
4075,human,0,28,0,1.248216,1.205780,1.505075
4075,lm,0,17,0,1.328726,1.141420,1.516635
4076,human,0,44,0,1.094030,1.661464,1.817692
4076,lm,0,63,0,1.497245,0.467905,0.700568
4077,human,0,102,0,1.722217,0.471624,0.812239
4077,lm,0,109,0,1.765158,0.468281,0.826590
4078,human,0,128,0,1.234165,1.133545,1.398981
4078,human,1,128,0,1.185395,1.087981,1.289687
4078,human,2,128,0,1.289357,0.759557,0.979340
4078,human,3,128,0,1.130471,1.594852,1.802934
4078,human,4,32,0,1.504976,1.934907,2.911989
4078,lm,0,102,0,1.412698,0.902955,1.275603
4079,human,0,20,0,1.225621,0.923107,1.131379
4079,lm,0,87,0,2.168880,0.303136,0.657465
408,human,0,113,0,1.515645,0.372039,0.563879
408,lm,0,45,0,1.542495,0.558726,0.861833
4080,human,0,128,0,1.305067,0.986000,1.286796
4080,human,1,128,0,1.278614,1.142751,1.461137
4080,human,2,128,0,1.264598,1.343145,1.698538
4080,human,3,128,0,1.623505,0.435879,0.707652
4080,human,4,128,0,1.304976,0.971452,1.267721
4080,human,5,13,0,1.047852,3.029337,3.174296
4080,lm,0,128,0,1.469748,0.371665,0.546253
4080,lm,1,28,0,1.184257,1.698417,2.011362
4081,human,0,71,0,1.524409,0.869953,1.326164
4081,lm,0,128,0,1.599964,0.589244,0.942769
4081,lm,1,5,0,0.993774,4.032725,4.007619
4082,human,0,128,0,1.277404,1.002413,1.280487
4082,human,1,33,0,1.229828,1.860309,2.287861
4082,lm,0,46,0,1.445667,0.681208,0.984800
4083,human,0,36,0,1.262572,0.768041,0.969708
4083,lm,0,97,0,1.580810,0.431639,0.682340
4084,human,0,128,0,1.306923,0.781857,1.021827
4084,human,1,15,0,1.166370,1.276216,1.488540
4084,lm,0,63,0,1.389040,0.524099,0.727995
4085,human,0,128,0,1.252250,1.010522,1.265427
4085,human,1,87,0,1.273463,0.614689,0.782783
4085,lm,0,32,0,1.339573,0.712909,0.954993
4086,human,0,109,0,1.590991,0.463686,0.737720
4086,lm,0,54,0,1.472345,0.817438,1.203552
4087,human,0,67,0,1.166924,1.081075,1.261532
4087,lm,0,64,0,1.543203,0.892600,1.377463
4088,human,0,119,0,1.586011,0.473014,0.750205
4088,lm,0,53,0,1.604200,0.734173,1.177760
409,human,0,108,0,1.854307,0.400317,0.742311
409,lm,0,96,0,1.886290,0.350643,0.661414
4090,human,0,14,0,1.137596,1.757525,1.999353
4090,lm,0,13,0,1.205845,0.981556,1.183604
4091,human,0,77,0,1.738184,0.479015,0.832616
4091,lm,0,10,0,1.225693,1.642685,2.013428
4092,human,0,120,0,1.347258,0.779535,1.050234
4092,lm,0,44,0,1.493069,0.862839,1.288278
4094,human,0,128,0,1.349940,1.078939,1.456503
4094,human,1,128,0,1.260271,0.873863,1.101304
4094,human,2,128,0,1.487835,0.814800,1.212288
4094,human,3,128,0,1.771519,0.374667,0.663730
4094,human,4,128,0,1.255874,1.020069,1.281078
4094,human,5,110,0,1.396968,0.675044,0.943014
4094,lm,0,33,0,1.256801,0.624807,0.785257
4095,human,0,128,0,1.310212,0.898437,1.177143
4095,human,1,128,0,1.419400,0.790673,1.122281
4095,human,2,16,0,1.111746,1.390187,1.545535
4095,lm,0,98,0,1.506799,0.498759,0.751530
4096,human,0,45,0,1.263327,0.681427,0.860866
4096,lm,0,45,0,1.318081,0.706757,0.931563
4097,human,0,128,0,1.252144,1.002853,1.255716
4097,human,1,91,0,1.345083,0.786434,1.057819
4097,lm,0,128,0,1.767621,0.466117,0.823919
4097,lm,1,29,0,1.330918,1.221187,1.625300
4098,human,0,52,0,1.274638,0.959460,1.222964
4098,lm,0,47,0,1.507917,0.808392,1.218987
4099,human,0,74,0,1.218583,0.897592,1.093790
4099,lm,0,61,0,1.320344,0.652840,0.861974
41,human,0,44,0,1.821709,0.312362,0.569032
41,lm,0,30,0,1.538262,0.436010,0.670698
410,human,0,108,0,1.867101,0.318895,0.595408
410,lm,0,63,0,1.667921,0.301908,0.503559
4100,human,0,66,0,1.444507,0.956525,1.381708
4100,lm,0,44,0,1.891636,0.584016,1.104746
4101,human,0,20,0,1.207230,1.891765,2.283795
4101,lm,0,11,0,1.109677,1.908906,2.118269
4102,human,0,128,0,1.296396,0.730828,0.947443
4102,human,1,16,0,1.101499,3.084574,3.397655
4102,lm,0,48,0,1.302972,0.581712,0.757955
4103,human,0,62,0,1.468061,0.615288,0.903281
4103,lm,0,21,0,1.290414,0.457229,0.590015
4104,human,0,70,0,1.555562,0.405497,0.630776
4104,lm,0,128,0,1.576659,0.453710,0.715347
4104,lm,1,38,0,1.695586,0.411138,0.697120
4105,human,0,50,0,1.389826,0.830250,1.153903
4105,lm,0,128,0,1.904735,0.330689,0.629874
4105,lm,1,19,0,1.216594,2.303368,2.802263
4106,human,0,34,0,1.424161,0.852587,1.214221
4106,lm,0,35,0,1.387461,0.850552,1.180108
4107,human,0,77,0,1.572247,0.456159,0.717194
4107,lm,0,43,0,1.656918,0.588367,0.974876
4108,human,0,53,0,1.408392,0.531028,0.747896
4108,lm,0,8,0,1.263991,1.493960,1.888351
4109,human,0,75,0,1.364950,0.830116,1.133067
4109,lm,0,70,0,1.792904,0.382735,0.686206
411,human,0,128,0,1.502225,0.611350,0.918386
411,human,1,128,0,1.563138,0.709420,1.108922
411,human,2,2,0,1.018342,5.717401,5.822268
411,lm,0,76,0,1.805480,0.394203,0.711726
4110,human,0,84,0,1.254834,1.057938,1.327537
4110,lm,0,27,0,1.421060,0.812207,1.154195
4111,human,0,128,0,1.257000,1.172950,1.474398
4111,human,1,38,0,1.427563,1.021518,1.458282
4111,lm,0,128,0,1.452046,0.582873,0.846359
4111,lm,1,128,0,1.638514,0.298396,0.488925
4111,lm,2,94,0,1.479883,0.615498,0.910865
4112,human,0,41,0,1.554950,0.293119,0.455785
4112,lm,0,6,0,1.080475,2.109849,2.279639
4113,human,0,128,0,1.388389,0.709700,0.985340
4113,human,1,128,0,1.370887,0.536848,0.735959
4113,human,2,45,0,1.139218,1.404189,1.599677
4113,lm,0,128,0,1.295822,0.854072,1.106726
4113,lm,1,128,0,1.355875,0.702531,0.952544
4113,lm,2,128,0,1.385251,0.741636,1.027351
4113,lm,3,1,0,1.000000,2.471845,2.471845
4114,human,0,128,0,1.912291,0.244334,0.467237
4114,human,1,114,0,1.532922,0.340989,0.522710
4114,lm,0,119,0,1.580955,0.417851,0.660603
4115,human,0,127,0,1.531785,0.558776,0.855926
4115,lm,0,38,0,1.689056,0.383680,0.648056
4116,human,0,16,0,1.217887,0.787563,0.959163
4116,lm,0,36,0,1.307968,0.785141,1.026939
4117,human,0,128,0,1.227760,0.594777,0.730244
4117,human,1,128,0,1.089770,2.006631,2.186767
4117,human,2,128,0,1.147289,0.887873,1.018647
4117,human,3,128,0,1.188861,0.717882,0.853462
4117,human,4,22,0,1.049862,1.652436,1.734830
4117,lm,0,44,0,1.386287,1.087843,1.508062
4119,human,0,128,0,1.230998,1.126177,1.386321
4119,human,1,128,0,0.865739,3.533353,3.058960
4119,human,2,30,0,1.233448,1.353688,1.669705
4119,lm,0,89,0,1.402366,0.726465,1.018770
412,human,0,66,0,1.371052,0.995047,1.364261
412,lm,0,81,0,1.553949,0.688899,1.070513
4120,human,0,106,0,1.445351,0.569765,0.823511
4120,lm,0,10,0,1.104193,1.693798,1.870280
4121,human,0,127,0,1.410039,0.965198,1.360966
4121,lm,0,34,0,1.419207,1.035021,1.468910
4122,human,0,92,0,1.354394,0.823155,1.114877
4122,lm,0,56,0,1.321161,0.618923,0.817697
4123,human,0,41,0,1.265925,0.958058,1.212830
4123,lm,0,41,0,1.421666,0.447960,0.636850
4125,human,0,128,0,1.253768,0.868187,1.088505
4125,human,1,71,0,1.224675,1.321026,1.617827
4125,lm,0,22,0,1.265503,1.147421,1.452065
4126,human,0,25,0,1.298430,0.724880,0.941206
4126,lm,0,43,0,1.418956,0.705268,1.000744
4128,human,0,18,0,1.276236,1.006190,1.284135
4128,lm,0,49,0,1.658421,0.569259,0.944071
4129,human,0,77,0,1.539521,0.504478,0.776655
4129,lm,0,14,0,1.123989,1.875571,2.108121
413,human,0,46,0,1.390157,0.841390,1.169665
413,lm,0,38,0,1.498226,0.697551,1.045090
4130,human,0,128,0,1.319748,0.692629,0.914096
4130,human,1,128,0,1.267254,1.100815,1.395012
4130,human,2,68,0,1.106409,1.779135,1.968451
4130,lm,0,9,0,1.171728,1.341805,1.572231
4131,human,0,128,0,1.259217,0.608096,0.765725
4131,human,1,40,0,1.132297,2.016083,2.282805
4131,lm,0,55,0,1.292970,0.791312,1.023142
4132,human,0,87,0,1.384893,0.968594,1.341399
4132,lm,0,100,0,1.851801,0.462145,0.855800
4133,human,0,53,0,1.390693,1.010699,1.405572
4133,lm,0,59,0,1.385173,1.202145,1.665180
4134,human,0,62,0,1.461719,0.778733,1.138288
4134,lm,0,27,0,1.387868,0.958316,1.330016
4135,human,0,120,0,1.257778,0.906072,1.139637
4135,lm,0,62,0,1.685109,0.602506,1.015289
4136,human,0,20,0,1.172213,1.661426,1.947544
4136,lm,0,55,0,1.405881,0.867424,1.219495
4138,human,0,82,0,1.276143,0.846968,1.080852
4138,lm,0,21,0,1.181545,1.256414,1.484510
4139,human,0,128,0,1.309667,1.172181,1.535166
4139,human,1,128,0,1.292346,0.758604,0.980379
4139,human,2,108,0,1.270454,1.550943,1.970402
4139,lm,0,64,0,1.357323,0.720324,0.977713
414,human,0,25,0,1.170700,1.303323,1.525801
414,lm,0,36,0,1.418524,0.724055,1.027090
4141,human,0,13,0,1.093450,1.956455,2.139286
4141,lm,0,67,0,1.378403,1.174355,1.618735
4142,human,0,123,0,1.437505,1.001769,1.440048
4142,lm,0,10,0,1.224525,2.911523,3.565231
4143,human,0,73,0,1.393501,0.475534,0.662656
4143,lm,0,92,0,2.264206,0.298778,0.676496
4144,human,0,65,0,1.545610,0.763313,1.179784
4144,lm,0,25,0,1.247723,1.147686,1.431994
4145,human,0,128,0,1.300479,0.887559,1.154251
4145,human,1,117,0,1.343868,0.673619,0.905256
4145,lm,0,128,0,1.936480,0.253516,0.490929
4145,lm,1,128,0,1.717762,0.295669,0.507888
4145,lm,2,23,0,1.215122,1.053833,1.280536
4146,human,0,128,0,1.184748,1.397483,1.655664
4146,human,1,24,0,1.057190,2.175547,2.299966
4146,lm,0,34,0,1.420055,0.863042,1.225567
4147,human,0,96,0,1.300650,0.644635,0.838444
4147,lm,0,60,0,1.581569,0.597568,0.945095
4148,human,0,128,0,1.360133,0.691312,0.940277
4148,human,1,28,0,1.213827,0.907799,1.101911
4148,lm,0,87,0,1.726153,0.257980,0.445313
4149,human,0,62,0,1.437467,0.828945,1.191582
4149,lm,0,24,0,1.466577,1.072354,1.572689
415,human,0,110,0,1.585654,0.609839,0.966993
415,lm,0,11,0,1.146437,2.132714,2.445022
4150,human,0,22,0,1.278749,1.056754,1.351323
4150,lm,0,14,0,1.155305,1.259739,1.455383
4152,human,0,77,0,1.400838,0.741588,1.038845
4152,lm,0,9,0,1.101533,2.516019,2.771479
4153,human,0,128,0,1.399569,0.532385,0.745110
4153,human,1,128,0,1.247379,0.686570,0.856414
4153,human,2,128,0,1.241726,0.919041,1.141197
4153,human,3,128,0,1.163623,0.993672,1.156260
4153,human,4,72,0,1.124002,1.342613,1.509099
4153,lm,0,10,0,1.141251,1.766111,2.015576
4154,human,0,62,0,1.306272,1.200641,1.568364
4154,lm,0,16,0,1.156056,2.027610,2.344031
4155,human,0,120,0,1.819111,0.424489,0.772193
4155,lm,0,128,0,2.044547,0.267904,0.547741
4155,lm,1,12,0,1.388076,1.606210,2.229541
4156,human,0,128,0,2.298177,0.325794,0.748733
4156,human,1,56,0,1.515748,0.517468,0.784352
4156,lm,0,39,0,1.591925,0.522271,0.831417
4157,human,0,66,0,1.377212,0.632658,0.871305
4157,lm,0,18,0,1.705484,0.504644,0.860661
4158,human,0,128,0,1.390195,0.658716,0.915744
4158,human,1,128,0,1.413741,0.555596,0.785468
4158,human,2,6,0,1.107603,2.092029,2.317139
4158,lm,0,128,0,1.541023,0.437530,0.674244
4158,lm,1,4,0,0.996012,3.467250,3.453423
4159,human,0,53,0,1.283647,1.252458,1.607714
4159,lm,0,34,0,1.227299,1.823035,2.237410
416,human,0,120,0,1.948724,0.359356,0.700285
416,lm,0,128,0,2.656344,0.258380,0.686347
416,lm,1,42,0,1.651554,0.513606,0.848248
4160,human,0,46,0,1.480392,0.895712,1.326005
4160,lm,0,11,0,1.193674,2.015387,2.405716
4161,human,0,128,0,1.563477,0.509334,0.796332
4161,human,1,69,0,1.542414,0.874337,1.348590
4161,lm,0,20,0,1.399847,0.998086,1.397168
4162,human,0,92,0,1.594596,0.389775,0.621533
4162,lm,0,34,0,1.668338,0.538653,0.898655
4163,human,0,128,0,1.361149,0.566181,0.770656
4163,human,1,128,0,1.329989,0.824207,1.096186
4163,human,2,69,0,1.400541,0.967121,1.354493
4163,lm,0,63,0,1.379261,0.648456,0.894390
4164,human,0,128,0,1.323087,0.671176,0.888025
4164,human,1,7,0,1.040120,2.161636,2.248361
4164,lm,0,35,0,1.337146,0.968940,1.295615
4166,human,0,76,0,1.397672,0.617328,0.862822
4166,lm,0,39,0,1.234258,0.988223,1.219722
4167,human,0,128,0,1.325308,1.034665,1.371250
4167,human,1,87,0,1.465233,0.884997,1.296727
4167,lm,0,33,0,1.503683,1.152179,1.732512
4168,human,0,128,0,1.381435,0.816044,1.127313
4168,human,1,128,0,1.337329,0.581534,0.777702
4168,human,2,106,0,1.331084,0.675935,0.899726
4168,lm,0,85,0,1.960031,0.306910,0.601553
4169,human,0,128,0,1.578233,0.445959,0.703828
4169,human,1,95,0,1.311550,0.923786,1.211591
4169,lm,0,119,0,1.753685,0.190254,0.333646
417,human,0,70,0,1.393117,0.942266,1.312686
417,lm,0,31,0,1.369363,0.981352,1.343828
4170,human,0,33,0,1.184524,1.018069,1.205927
4170,lm,0,128,0,1.685648,0.448430,0.755896
4170,lm,1,16,0,1.064892,2.302507,2.451922
4171,human,0,128,0,1.304404,0.967887,1.262516
4171,human,1,11,0,1.055796,1.622833,1.713380
4171,lm,0,38,0,1.343210,0.797533,1.071254
4172,human,0,32,0,1.319540,0.631076,0.832730
4172,lm,0,10,0,1.094571,1.764978,1.931894
4173,human,0,57,0,1.333123,0.730186,0.973427
4173,lm,0,128,0,1.931548,0.309376,0.597574
4173,lm,1,125,0,1.596893,0.355050,0.566977
4174,human,0,39,0,1.324684,1.176527,1.558526
4174,lm,0,11,0,1.082431,2.778794,3.007854
4175,human,0,63,0,1.143583,0.955215,1.092368
4175,lm,0,4,0,0.960194,4.471220,4.293239
4176,human,0,128,0,1.599394,0.409728,0.655317
4176,human,1,27,0,1.480081,1.216955,1.801192
4176,lm,0,34,0,1.998406,0.602732,1.204503
4177,human,0,128,0,1.339819,0.694635,0.930685
4177,human,1,103,0,1.421031,0.829610,1.178902
4177,lm,0,117,0,1.461529,0.589813,0.862029
4178,human,0,126,0,1.332923,0.717817,0.956795
4178,lm,0,76,0,1.393181,0.568096,0.791460
4179,human,0,20,0,1.163904,1.552894,1.807420
4179,lm,0,36,0,1.652226,0.698139,1.153484
418,human,0,128,0,1.387223,0.629052,0.872636
418,human,1,87,0,2.142980,0.281533,0.603320
418,lm,0,49,0,1.337326,0.545912,0.730063
4180,human,0,128,0,1.447015,0.676716,0.979218
4180,human,1,80,0,1.245068,1.039494,1.294240
4180,lm,0,99,0,1.581128,0.400200,0.632767
4181,human,0,13,0,1.478145,0.692377,1.023433
4181,lm,0,12,0,1.517698,0.726033,1.101899
4182,human,0,102,0,1.301975,0.907435,1.181458
4182,lm,0,55,0,1.349888,0.664841,0.897461
4183,human,0,40,0,1.193138,1.253157,1.495189
4183,lm,0,64,0,1.274044,0.749468,0.954856
4184,human,0,54,0,1.337542,0.699350,0.935410
4184,lm,0,37,0,1.562522,0.687911,1.074876
4185,human,0,128,0,1.779328,0.450765,0.802059
4185,human,1,81,0,1.431336,0.540362,0.773439
4185,lm,0,128,0,1.617020,0.481029,0.777834
4185,lm,1,19,0,1.347609,0.832243,1.121538
4186,human,0,56,0,1.651615,0.616639,1.018449
4186,lm,0,51,0,1.734262,0.518059,0.898451
4187,human,0,80,0,2.104425,0.202965,0.427125
4187,lm,0,32,0,1.373156,0.628763,0.863390
4188,human,0,65,0,1.296405,1.021071,1.323722
4188,lm,0,63,0,1.508271,0.595063,0.897516
4189,human,0,66,0,1.554301,0.794579,1.235015
4189,lm,0,12,0,1.331420,0.599701,0.798454
4192,human,0,128,0,1.332407,0.711160,0.947555
4192,human,1,95,0,1.300598,1.107267,1.440109
4192,lm,0,97,0,1.618550,0.500252,0.809683
4193,human,0,107,0,1.740680,0.216824,0.377421
4193,lm,0,110,0,1.759479,0.364098,0.640622
4194,human,0,23,0,1.143042,1.547746,1.769139
4194,lm,0,85,0,1.625513,0.823858,1.339191
4195,human,0,58,0,1.253380,1.207012,1.512845
4195,lm,0,101,0,1.551790,0.571603,0.887008
4196,human,0,114,0,1.623292,0.414184,0.672342
4196,lm,0,11,0,1.083475,1.590995,1.723802
4198,human,0,17,0,1.102241,1.097788,1.210027
4198,lm,0,17,0,1.312072,0.909308,1.193077
4199,human,0,128,0,1.231103,1.040571,1.281051
4199,human,1,128,0,1.140143,1.649612,1.880793
4199,human,2,128,0,1.172706,1.611640,1.889980
4199,human,3,94,0,1.114409,2.131311,2.375152
4199,lm,0,47,0,1.360549,0.812946,1.106053
42,human,0,128,0,1.305060,0.799035,1.042789
42,human,1,5,0,1.236744,2.495793,3.086656
42,lm,0,34,0,1.688859,0.660307,1.115166
420,human,0,128,0,1.218969,1.271133,1.549472
420,human,1,128,0,1.243189,1.354941,1.684448
420,human,2,128,0,1.297833,1.117786,1.450699
420,human,3,4,0,0.961625,4.981136,4.789985
420,lm,0,64,0,1.514522,0.452411,0.685187
4200,human,0,46,0,1.270753,0.833426,1.059079
4200,lm,0,80,0,1.576678,0.541847,0.854318
4201,human,0,26,0,1.232116,0.735931,0.906753
4201,lm,0,68,0,1.405362,0.553298,0.777585
4202,human,0,128,0,1.316490,0.695016,0.914981
4202,human,1,18,0,1.214956,1.614254,1.961247
4202,lm,0,59,0,1.325260,0.590539,0.782617
4203,human,0,81,0,1.838679,0.535453,0.984526
4203,lm,0,62,0,2.006421,0.434380,0.871550
4204,human,0,37,0,1.273514,0.964610,1.228444
4204,lm,0,79,0,1.577780,0.411891,0.649873
4205,human,0,128,0,1.258875,0.709826,0.893582
4205,human,1,35,0,1.176951,1.569167,1.846833
4205,lm,0,25,0,1.241711,1.580704,1.962777
4206,human,0,44,0,1.206127,1.204061,1.452250
4206,lm,0,9,0,1.072834,1.271130,1.363712
4207,human,0,110,0,1.356132,0.634771,0.860833
4207,lm,0,45,0,1.291206,1.257235,1.623349
4208,human,0,46,0,1.292456,0.591558,0.764563
4208,lm,0,50,0,1.478988,0.312468,0.462136
4209,human,0,122,0,1.546421,0.375866,0.581247
4209,lm,0,43,0,1.499735,0.860490,1.290507
421,human,0,128,0,1.365805,0.797569,1.089323
421,human,1,68,0,1.198512,1.290089,1.546188
421,lm,0,52,0,1.491550,0.594746,0.887093
4210,human,0,128,0,1.196873,0.980428,1.173448
4210,human,1,128,0,1.273437,0.685915,0.873469
4210,human,2,128,0,1.226817,1.257008,1.542118
4210,human,3,128,0,1.209225,0.727236,0.879393
4210,human,4,128,0,1.261318,0.778086,0.981415
4210,human,5,115,0,1.182099,1.053809,1.245707
4210,lm,0,37,0,1.119454,1.043075,1.167674
4211,human,0,28,0,1.653630,0.294550,0.487077
4211,lm,0,6,0,1.115430,0.615957,0.687057
4212,human,0,128,0,1.475998,0.889296,1.312600
4212,human,1,62,0,1.179630,1.646377,1.942116
4212,lm,0,120,0,1.566798,0.519789,0.814405
4214,human,0,111,0,1.476491,0.603054,0.890403
4214,lm,0,29,0,1.513404,0.573650,0.868164
4215,human,0,128,0,1.324360,0.859535,1.138334
4215,human,1,50,0,1.097601,2.000007,2.195211
4215,lm,0,55,0,1.576539,0.827487,1.304566
4216,human,0,128,0,1.336679,0.793376,1.060490
4216,human,1,128,0,1.304499,0.937741,1.223282
4216,human,2,41,0,1.270052,0.875464,1.111885
4216,lm,0,103,0,1.884599,0.330645,0.623133
4217,human,0,90,0,1.026328,2.667159,2.737381
4217,lm,0,16,0,1.199707,1.429412,1.714876
4218,human,0,128,0,1.174526,1.169724,1.373872
4218,human,1,104,0,1.240123,0.902200,1.118839
4218,lm,0,54,0,1.386870,0.829798,1.150822
4219,human,0,108,0,1.534217,0.466395,0.715552
4219,lm,0,128,0,1.816864,0.393704,0.715307
4219,lm,1,89,0,1.500375,0.677078,1.015872
4220,human,0,52,0,1.263817,0.910098,1.150197
4220,lm,0,64,0,1.417045,0.593691,0.841286
4221,human,0,128,0,1.308326,1.049028,1.372471
4221,human,1,25,0,1.123513,1.041448,1.170081
4221,lm,0,64,0,1.703365,0.445442,0.758751
4222,human,0,21,0,1.271974,1.108070,1.409437
4222,lm,0,9,0,1.103654,1.521970,1.679728
4223,human,0,128,0,1.526762,0.484248,0.739332
4223,human,1,128,0,1.591741,0.458058,0.729110
4223,human,2,12,0,1.280252,2.097252,2.685011
4223,lm,0,68,0,1.790298,0.281026,0.503120
4224,human,0,113,0,1.511582,0.749070,1.132280
4224,lm,0,24,0,1.276755,1.250274,1.596293
4225,human,0,128,0,1.553158,0.400235,0.621628
4225,human,1,128,0,2.117104,0.371248,0.785970
4225,human,2,128,0,1.409924,0.829758,1.169896
4225,human,3,33,0,1.251209,0.781691,0.978059
4225,lm,0,64,0,1.619590,0.575706,0.932408
4226,human,0,20,0,1.162971,1.751533,2.036982
4226,lm,0,10,0,1.097960,2.160765,2.372434
4227,human,0,128,0,1.960365,0.442880,0.868206
4227,human,1,17,0,1.243474,1.735385,2.157907
4227,lm,0,128,0,1.872059,0.486106,0.910019
4227,lm,1,10,0,1.533462,1.420935,2.178951
4228,human,0,128,0,1.450580,0.556481,0.807220
4228,human,1,128,0,1.223973,0.712927,0.872604
4228,human,2,128,0,1.190920,1.236462,1.472528
4228,human,3,128,0,1.240083,1.521531,1.886826
4228,human,4,128,0,1.201755,1.879223,2.258365
4228,human,5,128,0,1.271902,1.297607,1.650428
4228,human,6,128,0,1.271815,1.157674,1.472348
4228,human,7,84,0,1.246973,1.334493,1.664077
4228,lm,0,33,0,1.501330,0.810544,1.216895
4229,human,0,35,0,1.183762,1.329152,1.573400
4229,lm,0,10,0,1.081034,1.538558,1.663233
423,human,0,128,0,1.286417,0.957600,1.231873
423,human,1,128,0,1.587743,0.359116,0.570184
423,human,2,128,0,1.501160,0.450480,0.676242
423,human,3,94,0,1.259985,0.946129,1.192109
423,lm,0,61,0,1.392817,0.439023,0.611479
4230,human,0,30,0,1.192462,0.923279,1.100975
4230,lm,0,39,0,1.642000,0.364855,0.599092
4231,human,0,45,0,1.349934,0.813951,1.098780
4231,lm,0,10,0,1.123930,2.017662,2.267710
4232,human,0,23,0,1.255714,0.722200,0.906876
4232,lm,0,17,0,1.331729,1.090489,1.452236
4233,human,0,124,0,1.424320,0.604641,0.861202
4233,lm,0,47,0,1.757195,0.503649,0.885009
4234,human,0,59,0,1.173640,1.550507,1.819738
4234,lm,0,19,0,1.093389,2.180720,2.384374
4236,human,0,73,0,1.270595,0.970684,1.233347
4236,lm,0,128,0,1.955088,0.229908,0.449490
4236,lm,1,14,0,1.054992,2.100671,2.216191
4237,human,0,128,0,1.240025,0.851869,1.056339
4237,human,1,97,0,1.135298,1.376032,1.562207
4237,lm,0,50,0,1.277965,0.787119,1.005911
4238,human,0,58,0,1.229746,0.819849,1.008206
4238,lm,0,38,0,1.446520,0.726281,1.050581
4239,human,0,128,0,1.312927,1.274941,1.673904
4239,human,1,128,0,1.274939,1.422758,1.813929
4239,human,2,128,0,1.464611,1.026025,1.502726
4239,human,3,128,0,1.415269,1.000737,1.416312
4239,human,4,128,0,1.213325,1.185961,1.438956
4239,human,5,128,0,1.231874,1.587207,1.955238
4239,human,6,128,0,1.178722,1.270726,1.497833
4239,human,7,107,0,1.291932,1.194530,1.543252
4239,lm,0,95,0,1.781409,0.342405,0.609964
424,human,0,128,0,1.736522,0.527988,0.916864
424,human,1,101,0,1.523629,1.035823,1.578210
424,lm,0,128,0,2.133464,0.324932,0.693230
424,lm,1,128,0,1.666518,0.489071,0.815046
424,lm,2,17,0,1.343427,1.214901,1.632130
4240,human,0,33,0,1.447237,0.876776,1.268902
4240,lm,0,128,0,1.875886,0.544056,1.020586
4240,lm,1,18,0,1.472450,0.877775,1.292480
4241,human,0,128,0,1.803067,0.317853,0.573111
4241,human,1,10,0,1.151633,1.925395,2.217348
4241,lm,0,75,0,1.757900,0.506706,0.890738
4242,human,0,14,0,1.157209,1.559039,1.804134
4242,lm,0,128,0,1.554701,0.653717,1.016334
4242,lm,1,61,0,1.674137,0.512202,0.857497
4243,human,0,128,0,1.292173,0.815134,1.053294
4243,human,1,2,0,0.924637,9.148465,8.459010
4243,lm,0,56,0,1.231691,1.404916,1.730423
4244,human,0,22,0,1.223093,0.981264,1.200178
4244,lm,0,128,0,1.635238,0.401309,0.656236
4244,lm,1,29,0,1.504131,1.028579,1.547117
4245,human,0,95,0,1.441634,0.616419,0.888651
4245,lm,0,67,0,1.684780,0.343317,0.578414
4246,human,0,100,0,1.652264,0.466311,0.770468
4246,lm,0,9,0,1.107406,1.470254,1.628169
4247,human,0,128,0,1.278002,0.819457,1.047268
4247,human,1,128,0,1.050874,0.786688,0.826711
4247,human,2,128,0,1.085406,0.901981,0.979016
4247,human,3,28,0,1.010559,1.356139,1.370459
4247,lm,0,26,0,1.271141,0.651940,0.828708
4248,human,0,60,0,1.311416,0.757026,0.992776
4248,lm,0,37,0,1.586728,0.711435,1.128854
4249,human,0,128,0,1.343326,0.732496,0.983981
4249,human,1,128,0,1.418158,0.768208,1.089440
4249,human,2,128,0,1.311778,1.182206,1.550792
4249,human,3,71,0,1.241076,1.001537,1.242984
4249,lm,0,77,0,1.569594,0.552334,0.866940
425,human,0,128,0,1.488902,0.592685,0.882450
425,human,1,115,0,1.141216,1.188252,1.356053
425,lm,0,33,0,1.406243,0.871661,1.225767
4250,human,0,103,0,1.334005,0.816292,1.088937
4250,lm,0,42,0,1.591055,0.638094,1.015244
4251,human,0,128,0,1.515719,0.633113,0.959621
4251,human,1,128,0,1.204791,1.000691,1.205623
4251,human,2,128,0,1.282155,1.035345,1.327473
4251,human,3,128,0,1.298271,0.725286,0.941618
4251,human,4,128,0,1.254769,1.133312,1.422045
4251,human,5,128,0,1.386976,0.639758,0.887329
4251,human,6,104,0,1.336138,1.458610,1.948904
4251,lm,0,128,0,1.669375,0.584329,0.975465
4251,lm,1,6,0,1.016717,5.502542,5.594526
4252,human,0,128,0,1.351325,0.673075,0.909544
4252,human,1,104,0,1.356592,0.742871,1.007773
4252,lm,0,68,0,1.705165,0.509742,0.869193
4253,human,0,33,0,1.315778,0.971618,1.278433
4253,lm,0,32,0,1.297716,0.895066,1.161541
4255,human,0,56,0,1.344323,0.762386,1.024893
4255,lm,0,10,0,1.233856,1.287106,1.588103
4258,human,0,86,0,1.197894,1.259266,1.508467
4258,lm,0,20,0,1.123034,1.702631,1.912112
4259,human,0,94,0,1.523417,0.371595,0.566094
4259,lm,0,98,0,1.391565,0.465801,0.648193
4261,human,0,128,0,1.239885,1.086871,1.347595
4261,human,1,128,0,1.216806,1.372537,1.670111
4261,human,2,128,0,1.129776,1.950437,2.203556
4261,human,3,69,0,1.173388,1.519205,1.782617
4261,lm,0,128,0,1.615888,0.359183,0.580399
4261,lm,1,23,0,1.163402,1.466714,1.706378
4262,human,0,62,0,1.830021,0.557365,1.019990
4262,lm,0,11,0,1.315105,1.092076,1.436195
4263,human,0,128,0,1.237461,1.024461,1.267730
4263,human,1,128,0,1.250371,1.304753,1.631425
4263,human,2,63,0,1.350923,1.459359,1.971482
4263,lm,0,128,0,1.489513,0.486828,0.725136
4263,lm,1,23,0,1.245175,1.455507,1.812361
4265,human,0,128,0,1.309054,1.005280,1.315966
4265,human,1,128,0,1.436666,0.671282,0.964408
4265,human,2,29,0,1.305563,1.461473,1.908045
4265,lm,0,28,0,1.632016,1.012248,1.652005
4266,human,0,56,0,1.350309,1.124069,1.517841
4266,lm,0,6,0,1.101021,2.450575,2.698135
4267,human,0,46,0,1.280255,1.095326,1.402297
4267,lm,0,11,0,1.192373,1.922025,2.291770
4268,human,0,99,0,1.248506,1.011360,1.262689
4268,lm,0,106,0,1.499351,0.273709,0.410386
4269,human,0,128,0,1.416588,0.717572,1.016504
4269,human,1,128,0,1.331477,0.924234,1.230597
4269,human,2,74,0,1.415488,0.851650,1.205500
4269,lm,0,27,0,1.334752,0.687788,0.918026
4270,human,0,111,0,1.640867,0.318431,0.522502
4270,lm,0,82,0,1.983236,0.202977,0.402552
4271,human,0,59,0,1.641576,0.396609,0.651063
4271,lm,0,97,0,2.062634,0.291954,0.602194
4272,human,0,128,0,1.362686,0.950791,1.295630
4272,human,1,30,0,1.140686,1.887884,2.153483
4272,lm,0,10,0,1.041593,4.760747,4.958762
4274,human,0,128,0,1.758852,0.271684,0.477853
4274,human,1,12,0,1.617029,0.915253,1.479990
4274,lm,0,128,0,1.791970,0.440747,0.789805
4274,lm,1,128,0,1.701840,0.639653,1.088587
4274,lm,2,20,0,1.244965,2.103621,2.618934
4275,human,0,77,0,1.382388,0.758059,1.047931
4275,lm,0,119,0,2.404771,0.202820,0.487735
4276,human,0,93,0,1.449459,0.788794,1.143325
4276,lm,0,60,0,2.066426,0.323648,0.668795
4277,human,0,35,0,1.134819,1.089694,1.236606
4277,lm,0,29,0,1.161948,1.000699,1.162761
4278,human,0,128,0,1.605414,0.270192,0.433770
4278,human,1,128,0,1.223841,0.999065,1.222697
4278,human,2,28,0,1.042790,1.414881,1.475423
4278,lm,0,8,0,1.140174,1.217801,1.388505
4279,human,0,128,0,1.229516,1.224655,1.505733
4279,human,1,128,0,1.215221,1.073286,1.304280
4279,human,2,49,0,1.162035,0.945382,1.098567
4279,lm,0,82,0,1.786512,0.290146,0.518350
428,human,0,128,0,1.320742,1.245114,1.644474
428,human,1,6,0,1.050419,3.321895,3.489381
428,lm,0,14,0,1.237861,1.263262,1.563742
4280,human,0,128,0,1.469866,0.374423,0.550351
4280,human,1,128,0,1.379370,0.515498,0.711062
4280,human,2,4,0,0.997388,1.680344,1.675955
4280,lm,0,128,0,1.573714,0.422096,0.664259
4280,lm,1,107,0,1.441085,0.352190,0.507535
4281,human,0,43,0,1.271006,1.433993,1.822614
4281,lm,0,85,0,1.519012,0.575267,0.873838
4282,human,0,128,0,1.205298,1.120916,1.351038
4282,human,1,128,0,1.628663,0.908230,1.479201
4282,human,2,128,0,1.273183,1.040849,1.325191
4282,human,3,73,0,1.226137,0.991658,1.215909
4282,lm,0,106,0,1.656757,0.378758,0.627509
4283,human,0,128,0,1.312988,0.898814,1.180133
4283,human,1,41,0,1.106033,3.100272,3.429004
4283,lm,0,68,0,1.381699,0.798155,1.102810
4284,human,0,128,0,1.503278,0.435189,0.654209
4284,human,1,16,0,1.337474,0.702576,0.939677
4284,lm,0,9,0,1.108905,1.462834,1.622143
4285,human,0,128,0,1.405427,0.974867,1.370104
4285,human,1,39,0,1.205037,1.766836,2.129102
4285,lm,0,71,0,1.930353,0.479769,0.926124
4286,human,0,128,0,1.327532,0.659923,0.876069
4286,human,1,128,0,1.300666,0.870655,1.132431
4286,human,2,72,0,1.232323,1.054471,1.299449
4286,lm,0,43,0,1.621398,0.410754,0.665995
4287,human,0,24,0,1.194840,1.046004,1.249807
4287,lm,0,10,0,1.286488,1.058276,1.361459
4288,human,0,13,0,1.177980,1.522724,1.793740
4288,lm,0,11,0,1.128378,2.750003,3.103042
4289,human,0,119,0,1.296536,0.851731,1.104299
4289,lm,0,92,0,1.696316,0.443517,0.752345
429,human,0,128,0,1.279308,1.155580,1.478343
429,human,1,32,0,1.082187,1.816590,1.965890
429,lm,0,101,0,1.571295,0.580581,0.912264
4290,human,0,78,0,1.396338,0.619021,0.864362
4290,lm,0,56,0,2.139689,0.285876,0.611686
4291,human,0,128,0,1.486334,0.814878,1.211181
4291,human,1,22,0,1.118531,2.207381,2.469025
4291,lm,0,77,0,1.647889,0.516889,0.851776
4292,human,0,128,0,1.396642,0.857627,1.197797
4292,human,1,28,0,1.150534,2.581066,2.969604
4292,lm,0,128,0,2.170976,0.242390,0.526223
4292,lm,1,12,0,1.361149,0.592217,0.806096
4293,human,0,21,0,1.077689,1.452138,1.564953
4293,lm,0,9,0,1.091070,1.472965,1.607107
4294,human,0,122,0,1.337355,0.707023,0.945541
4294,lm,0,17,0,1.478135,0.776962,1.148454
4295,human,0,128,0,1.399696,0.807935,1.130863
4295,human,1,53,0,1.437127,1.244180,1.788045
4295,lm,0,128,0,1.876708,0.291407,0.546886
4295,lm,1,18,0,1.342306,1.145597,1.537742
4296,human,0,128,0,1.356989,1.124524,1.525967
4296,human,1,128,0,1.261919,1.320531,1.666402
4296,human,2,128,0,1.176872,1.554727,1.829715
4296,human,3,28,0,1.122774,2.530052,2.840676
4296,lm,0,34,0,1.380524,1.147287,1.583858
4297,human,0,16,0,1.151569,1.862756,2.145092
4297,lm,0,7,0,1.172989,1.823432,2.138866
4298,human,0,128,0,1.359718,0.820215,1.115261
4298,human,1,82,0,1.214266,1.190168,1.445181
4298,lm,0,62,0,1.599529,0.439979,0.703759
4299,human,0,127,0,1.545041,0.454314,0.701934
4299,lm,0,29,0,1.399888,0.970697,1.358867
43,human,0,18,0,1.237079,0.658645,0.814796
43,lm,0,32,0,1.373508,0.410772,0.564198
430,human,0,128,0,1.239958,0.808215,1.002153
430,human,1,128,0,1.326733,0.840164,1.114673
430,human,2,128,0,1.453322,0.665812,0.967638
430,human,3,128,0,1.432854,0.739608,1.059751
430,human,4,75,0,1.339229,0.871796,1.167535
430,lm,0,72,0,1.955580,0.299499,0.585695
4300,human,0,101,0,1.398783,0.700524,0.979881
4300,lm,0,82,0,1.322232,0.850636,1.124738
4301,human,0,35,0,1.181193,1.012611,1.196089
4301,lm,0,59,0,1.407861,0.781321,1.099991
4302,human,0,128,0,1.351625,0.662496,0.895446
4302,human,1,128,0,1.277640,0.961766,1.228791
4302,human,2,43,0,1.237798,1.070824,1.325465
4302,lm,0,128,0,1.691200,0.353069,0.597111
4302,lm,1,128,0,1.302632,0.722316,0.940912
4302,lm,2,8,0,1.210933,2.428686,2.940976
4303,human,0,64,0,1.568822,0.593916,0.931748
4303,lm,0,64,0,2.036754,0.356723,0.726556
4304,human,0,128,0,1.383960,1.069387,1.479989
4304,human,1,128,0,1.208593,1.226728,1.482615
4304,human,2,1,0,1.000000,2.151064,2.151064
4304,lm,0,117,0,1.616518,0.610754,0.987296
4305,human,0,128,0,1.234562,0.997496,1.231470
4305,human,1,128,0,1.181066,1.611321,1.903077
4305,human,2,128,0,1.318659,1.254027,1.653635
4305,human,3,128,0,1.322346,0.921891,1.219058
4305,human,4,128,0,1.317777,0.896377,1.181225
4305,human,5,128,0,1.297101,0.960793,1.246246
4305,human,6,17,0,1.111314,1.433447,1.593010
4305,lm,0,67,0,1.545815,0.491780,0.760201
4306,human,0,73,0,1.462150,0.611634,0.894300
4306,lm,0,102,0,1.935584,0.384810,0.744833
4307,human,0,44,0,1.288635,0.638337,0.822584
4307,lm,0,44,0,1.274638,0.798686,1.018036
4308,human,0,64,0,1.276337,0.926480,1.182501
4308,lm,0,127,0,1.976589,0.335901,0.663939
4309,human,0,50,0,1.267168,0.878353,1.113020
4309,lm,0,44,0,1.597146,0.356280,0.569031
431,human,0,19,0,1.119601,1.514200,1.695300
431,lm,0,27,0,1.406386,1.247237,1.754097
4310,human,0,128,0,1.268581,0.964268,1.223253
4310,human,1,128,0,1.182505,1.842772,2.179088
4310,human,2,128,0,1.097739,1.983776,2.177667
4310,human,3,128,0,1.201536,1.096885,1.317946
4310,human,4,128,0,1.198583,1.370022,1.642086
4310,human,5,13,0,1.096400,3.238873,3.551101
4310,lm,0,128,0,1.281501,0.996809,1.277412
4310,lm,1,25,0,1.109213,3.503999,3.886679
4311,human,0,128,0,1.289436,0.869443,1.121091
4311,human,1,128,0,1.275941,0.992147,1.265921
4311,human,2,13,0,1.814342,1.053954,1.912234
4311,lm,0,14,0,1.268754,1.077064,1.366528
4312,human,0,128,0,1.566435,0.433814,0.679542
4312,human,1,5,0,1.136957,2.756031,3.133488
4312,lm,0,72,0,1.581522,0.610388,0.965342
4313,human,0,128,0,1.247951,1.109022,1.384005
4313,human,1,128,0,1.350836,0.955199,1.290317
4313,human,2,128,0,1.401967,0.930313,1.304268
4313,human,3,128,0,1.252683,1.210727,1.516657
4313,human,4,128,0,1.207017,1.365169,1.647782
4313,human,5,128,0,1.247808,1.279370,1.596408
4313,human,6,128,0,1.209272,1.359585,1.644108
4313,human,7,128,0,1.222279,1.040751,1.272088
4313,human,8,19,0,1.082317,2.183920,2.363694
4313,lm,0,52,0,1.551576,0.809896,1.256615
4314,human,0,128,0,1.431442,0.714959,1.023422
4314,human,1,104,0,1.425649,1.103973,1.573878
4314,lm,0,128,0,1.400540,0.537062,0.752177
4314,lm,1,30,0,1.323206,1.962626,2.596958
4315,human,0,13,0,1.232893,1.124918,1.386904
4315,lm,0,15,0,1.298404,0.620941,0.806233
4316,human,0,113,0,1.529807,0.646623,0.989209
4316,lm,0,25,0,1.216746,1.455021,1.770391
4317,human,0,128,0,1.366672,0.803588,1.098241
4317,human,1,128,0,1.148607,1.880168,2.159574
4317,human,2,128,0,1.216279,1.925510,2.341957
4317,human,3,128,0,1.364175,1.238691,1.689792
4317,human,4,128,0,1.410226,1.165429,1.643518
4317,human,5,23,0,1.152348,2.353318,2.711841
4317,lm,0,112,0,1.658357,0.596241,0.988780
4320,human,0,128,0,1.444099,0.451014,0.651309
4320,human,1,72,0,1.513471,0.623625,0.943839
4320,lm,0,60,0,1.699180,0.271252,0.460905
4321,human,0,55,0,1.346214,0.774145,1.042165
4321,lm,0,10,0,1.125049,1.850575,2.081987
4322,human,0,54,0,1.279261,1.058612,1.354241
4322,lm,0,12,0,1.154253,1.600391,1.847256
4323,human,0,21,0,1.167078,1.644644,1.919427
4323,lm,0,128,0,2.266538,0.239696,0.543279
4323,lm,1,128,0,1.943026,0.304306,0.591275
4323,lm,2,61,0,1.652936,0.669170,1.106094
4324,human,0,128,0,1.464388,0.315186,0.461555
4324,human,1,122,0,1.281545,0.538289,0.689842
4324,lm,0,28,0,1.429999,0.524047,0.749387
4325,human,0,57,0,1.340049,0.614604,0.823600
4325,lm,0,47,0,1.404579,0.620724,0.871856
4327,human,0,63,0,1.193423,0.771365,0.920565
4327,lm,0,40,0,1.262485,0.805331,1.016718
4328,human,0,128,0,1.661150,0.476019,0.790739
4328,human,1,128,0,1.491488,0.704530,1.050798
4328,human,2,128,0,1.272400,0.758560,0.965192
4328,human,3,24,0,1.175943,2.113377,2.485211
4328,lm,0,90,0,1.757349,0.390767,0.686714
4329,human,0,43,0,1.511719,0.831367,1.256794
4329,lm,0,22,0,1.196502,1.211925,1.450072
433,human,0,58,0,1.216649,1.283554,1.561635
433,lm,0,46,0,1.308656,1.154120,1.510346
4330,human,0,36,0,1.164616,1.010479,1.176821
4330,lm,0,61,0,1.420723,0.780063,1.108253
4331,human,0,50,0,1.383433,0.728483,1.007807
4331,lm,0,10,0,1.200862,1.736335,2.085099
4332,human,0,44,0,1.496042,0.435530,0.651571
4332,lm,0,25,0,1.377295,0.595305,0.819910
4333,human,0,117,0,1.406522,0.388050,0.545800
4333,lm,0,34,0,1.450753,0.612234,0.888201
4334,human,0,128,0,1.270980,0.832302,1.057839
4334,human,1,128,0,1.280890,0.704085,0.901856
4334,human,2,128,0,1.317274,0.910362,1.199196
4334,human,3,1,0,1.000000,1.059351,1.059351
4334,lm,0,128,0,2.027769,0.185095,0.375330
4334,lm,1,46,0,1.397738,0.538835,0.753150
4335,human,0,37,0,1.609373,0.682432,1.098288
4335,lm,0,10,0,1.224316,1.747258,2.139195
4336,human,0,72,0,2.145487,0.326950,0.701468
4336,lm,0,41,0,1.695750,0.555871,0.942617
4337,human,0,41,0,1.415514,0.581951,0.823760
4337,lm,0,7,0,1.199546,1.141673,1.369490
4338,human,0,43,0,1.263337,1.074510,1.357468
4338,lm,0,31,0,1.225685,0.762368,0.934423
4339,human,0,128,0,1.319149,0.803826,1.060367
4339,human,1,128,0,1.246835,1.040656,1.297526
4339,human,2,96,0,1.519426,0.482286,0.732798
4339,lm,0,9,0,1.011285,2.601547,2.630906
434,human,0,93,0,1.450398,0.942642,1.367207
434,lm,0,94,0,1.929163,0.468991,0.904759
4340,human,0,11,0,1.122458,1.470987,1.651121
4340,lm,0,33,0,1.943067,0.568570,1.104770
4341,human,0,52,0,1.563866,0.455546,0.712413
4341,lm,0,30,0,1.416172,0.840373,1.190113
4342,human,0,128,0,1.283102,0.804527,1.032291
4342,human,1,5,0,0.943322,3.832408,3.615194
4342,lm,0,128,0,1.591823,0.455741,0.725460
4342,lm,1,55,0,1.307826,1.054232,1.378752
4343,human,0,93,0,1.516251,0.404083,0.612691
4343,lm,0,10,0,1.051180,2.147529,2.257441
4344,human,0,128,0,1.293468,0.881665,1.140405
4344,human,1,98,0,1.321531,0.840416,1.110636
4344,lm,0,50,0,1.663554,0.335633,0.558343
4345,human,0,128,0,1.067993,0.824414,0.880468
4345,human,1,128,0,1.215913,0.863132,1.049493
4345,human,2,128,0,1.218378,1.137344,1.385715
4345,human,3,90,0,1.208464,0.836671,1.011087
4345,lm,0,91,0,1.519192,0.544998,0.827957
4346,human,0,128,0,1.671337,0.638985,1.067960
4346,human,1,13,0,1.129431,1.309819,1.479349
4346,lm,0,44,0,1.538217,0.512826,0.788837
4347,human,0,36,0,1.252097,0.578563,0.724416
4347,lm,0,20,0,1.214195,0.754277,0.915840
4348,human,0,84,0,1.295316,0.772224,1.000274
4348,lm,0,10,0,1.167464,2.226269,2.599090
4349,human,0,39,0,1.219177,1.050613,1.280884
4349,lm,0,128,0,1.696541,0.429804,0.729180
4349,lm,1,115,0,1.702957,0.499205,0.850125
435,human,0,82,0,1.407830,0.883515,1.243839
435,lm,0,44,0,1.264456,0.922873,1.166932
4350,human,0,72,0,2.033129,0.233613,0.474965
4350,lm,0,128,0,1.643932,0.491655,0.808247
4350,lm,1,109,0,2.151460,0.474113,1.020036
4351,human,0,64,0,1.441850,0.694305,1.001083
4351,lm,0,9,0,1.106368,2.878014,3.184142
4352,human,0,128,0,1.328519,0.596728,0.792765
4352,human,1,128,0,1.222146,0.891471,1.089508
4352,human,2,128,0,1.445269,0.572346,0.827194
4352,human,3,37,0,1.349801,0.585929,0.790888
4352,lm,0,128,0,1.719621,0.285547,0.491033
4352,lm,1,118,0,1.760542,0.213986,0.376732
4353,human,0,48,0,1.361208,1.473893,2.006275
4353,lm,0,27,0,1.337661,0.885641,1.184687
4354,human,0,128,0,1.334591,0.714558,0.953643
4354,human,1,128,0,1.231509,0.911511,1.122534
4354,human,2,55,0,1.244789,1.487385,1.851481
4354,lm,0,16,0,1.182989,0.784512,0.928069
4355,human,0,128,0,1.328446,0.566052,0.751969
4355,human,1,128,0,1.298731,0.921538,1.196829
4355,human,2,95,0,1.477829,0.774934,1.145220
4355,lm,0,31,0,1.272807,0.952916,1.212878
4356,human,0,88,0,1.908774,0.405925,0.774819
4356,lm,0,44,0,2.043818,0.358557,0.732825
4357,human,0,128,0,1.601317,0.569569,0.912060
4357,human,1,52,0,1.401929,1.019620,1.429435
4357,lm,0,10,0,1.224100,1.118541,1.369206
4358,human,0,128,0,1.388286,0.715339,0.993095
4358,human,1,128,0,1.473483,0.591056,0.870910
4358,human,2,84,0,1.436006,0.562271,0.807425
4358,lm,0,76,0,1.719864,0.372467,0.640592
4359,human,0,59,0,1.303940,0.721192,0.940391
4359,lm,0,41,0,1.595283,0.511989,0.816767
436,human,0,101,0,1.430521,0.576333,0.824457
436,lm,0,95,0,1.936280,0.228862,0.443140
4362,human,0,34,0,1.200505,1.073159,1.288333
4362,lm,0,48,0,1.326036,0.633697,0.840305
4363,human,0,128,0,1.312978,0.776258,1.019209
4363,human,1,127,0,1.246442,1.011691,1.261015
4363,lm,0,128,0,1.414974,0.618318,0.874904
4363,lm,1,61,0,1.277553,0.702984,0.898099
4364,human,0,128,0,1.320361,0.830127,1.096068
4364,human,1,28,0,1.118861,1.715903,1.919856
4364,lm,0,78,0,1.543158,0.477609,0.737026
4365,human,0,128,0,1.223060,0.998295,1.220975
4365,human,1,128,0,1.213409,1.232761,1.495844
4365,human,2,128,0,1.202974,0.933960,1.123530
4365,human,3,128,0,1.007376,2.141374,2.157169
4365,human,4,34,0,1.301894,0.907515,1.181488
4365,lm,0,58,0,1.740516,0.338030,0.588346
4366,human,0,128,0,1.269290,0.778393,0.988007
4366,human,1,128,0,1.331201,0.615702,0.819623
4366,human,2,113,0,1.310954,0.663680,0.870054
4366,lm,0,17,0,1.188627,0.826887,0.982860
4367,human,0,128,0,1.232578,1.059468,1.305877
4367,human,1,30,0,1.278563,1.298409,1.660098
4367,lm,0,93,0,1.422769,0.764358,1.087505
4368,human,0,35,0,1.375496,0.731905,1.006732
4368,lm,0,29,0,1.540172,0.552103,0.850333
4369,human,0,128,0,1.424458,1.102786,1.570872
4369,human,1,64,0,1.223938,1.747942,2.139373
4369,lm,0,42,0,1.263709,1.168290,1.476379
437,human,0,128,0,1.257817,1.265488,1.591751
437,human,1,128,0,1.482702,0.818105,1.213006
437,human,2,69,0,1.149227,1.394159,1.602206
437,lm,0,128,0,1.419216,0.853178,1.210845
437,lm,1,55,0,1.254709,1.614365,2.025560
4370,human,0,98,0,1.339135,0.862216,1.154624
4370,lm,0,128,0,2.412710,0.176082,0.424834
4370,lm,1,128,0,1.779112,0.213084,0.379100
4370,lm,2,115,0,2.025870,0.166948,0.338214
4371,human,0,20,0,1.202238,1.688171,2.029584
4371,lm,0,10,0,1.133056,1.745486,1.977732
4373,human,0,43,0,1.325035,0.858644,1.137734
4373,lm,0,9,0,1.099561,1.981542,2.178826
4374,human,0,37,0,1.318516,0.792950,1.045517
4374,lm,0,10,0,1.094208,3.026009,3.311084
4375,human,0,126,0,1.962064,0.316054,0.620119
4375,lm,0,128,0,2.046872,0.253982,0.519869
4375,lm,1,37,0,1.497918,0.500558,0.749795
4376,human,0,25,0,1.150191,1.274657,1.466099
4376,lm,0,89,0,1.461735,0.675074,0.986780
4377,human,0,71,0,1.578096,0.753274,1.188739
4377,lm,0,36,0,1.501296,0.594374,0.892331
4378,human,0,70,0,1.628748,0.296124,0.482312
4378,lm,0,10,0,1.164227,1.394879,1.623956
4379,human,0,128,0,1.460944,0.321368,0.469501
4379,human,1,22,0,1.311755,1.286945,1.688157
4379,lm,0,52,0,1.491499,0.372394,0.555425
438,human,0,54,0,1.463684,0.841013,1.230977
438,lm,0,19,0,1.223434,1.468998,1.797222
4380,human,0,128,0,1.390139,0.706677,0.982380
4380,human,1,128,0,1.419761,0.512564,0.727719
4380,human,2,128,0,1.209838,0.632097,0.764735
4380,human,3,128,0,1.215605,0.452229,0.549732
4380,human,4,128,0,1.301284,0.342114,0.445188
4380,human,5,1,0,1.000000,3.949406,3.949406
4380,lm,0,128,0,1.367480,0.717362,0.980979
4380,lm,1,27,0,1.145714,1.814191,2.078544
4381,human,0,105,0,1.446639,0.754344,1.091264
4381,lm,0,128,0,1.824641,0.385861,0.704059
4381,lm,1,20,0,1.358070,1.237624,1.680780
4382,human,0,97,0,1.314515,0.800215,1.051894
4382,lm,0,62,0,1.463299,0.620740,0.908328
4383,human,0,37,0,1.238937,0.851627,1.055112
4383,lm,0,91,0,1.952982,0.356520,0.696277
4384,human,0,128,0,1.176679,0.961516,1.131396
4384,human,1,99,0,1.260578,1.057571,1.333151
4384,lm,0,34,0,1.367448,1.133007,1.549328
4385,human,0,128,0,1.365641,0.868018,1.185401
4385,human,1,12,0,1.201885,1.251345,1.503973
4385,lm,0,9,0,1.164410,1.104060,1.285578
4387,human,0,34,0,1.336870,0.751763,1.005009
4387,lm,0,12,0,1.374418,0.775575,1.065964
4388,human,0,64,0,1.259211,0.607196,0.764588
4388,lm,0,44,0,1.327920,0.778103,1.033258
4389,human,0,56,0,1.168423,1.071981,1.252528
4389,lm,0,49,0,1.193372,1.057057,1.261463
439,human,0,128,0,1.419214,0.841039,1.193614
439,human,1,128,0,1.307741,0.883917,1.155934
439,human,2,128,0,1.317865,1.090117,1.436626
439,human,3,93,0,1.317460,1.201267,1.582621
439,lm,0,61,0,1.390031,0.887137,1.233148
4391,human,0,26,0,1.128448,1.235123,1.393772
4391,lm,0,10,0,1.151178,1.663923,1.915470
4392,human,0,85,0,1.637380,0.600873,0.983857
4392,lm,0,117,0,1.565119,0.595218,0.931587
4393,human,0,128,0,1.270655,1.008969,1.282051
4393,human,1,45,0,1.167541,1.300322,1.518180
4393,lm,0,128,0,1.472265,0.695457,1.023897
4393,lm,1,91,0,1.365870,0.911893,1.245527
4394,human,0,83,0,1.221507,1.407441,1.719200
4394,lm,0,34,0,1.269938,1.187885,1.508540
4396,human,0,63,0,1.387530,0.996929,1.383269
4396,lm,0,9,0,1.070698,1.072717,1.148555
4397,human,0,128,0,1.560439,0.304843,0.475690
4397,human,1,55,0,1.140078,1.583265,1.805046
4397,lm,0,20,0,1.363154,0.952991,1.299074
4398,human,0,128,0,1.335707,0.693015,0.925665
4398,human,1,128,0,1.396272,0.678420,0.947258
4398,human,2,65,0,1.301061,0.862325,1.121937
4398,lm,0,31,0,1.481148,0.463242,0.686129
4399,human,0,24,0,1.194936,1.235271,1.476070
4399,lm,0,98,0,1.636981,0.478875,0.783910
44,human,0,38,0,1.452656,0.670981,0.974704
44,lm,0,24,0,1.469300,0.810911,1.191472
440,human,0,33,0,1.431767,0.604783,0.865909
440,lm,0,47,0,1.735869,0.557233,0.967284
4400,human,0,34,0,1.330068,1.220364,1.623166
4400,lm,0,11,0,1.147576,1.502941,1.724739
4401,human,0,17,0,1.196093,1.088820,1.302331
4401,lm,0,103,0,1.764821,0.500448,0.883200
4402,human,0,117,0,1.748295,0.304612,0.532551
4402,lm,0,18,0,1.334469,0.889433,1.186921
4403,human,0,116,0,1.288098,0.781998,1.007291
4403,lm,0,44,0,1.243013,1.095771,1.362057
4404,human,0,128,0,1.268330,1.247256,1.581932
4404,human,1,128,0,1.403517,0.655234,0.919632
4404,human,2,11,0,1.092788,1.864520,2.037526
4404,lm,0,128,0,1.598311,0.723031,1.155628
4404,lm,1,128,0,1.520379,0.628823,0.956050
4404,lm,2,128,0,1.439958,1.040627,1.498459
4404,lm,3,66,0,1.481695,0.885660,1.312278
4405,human,0,33,0,1.238718,0.997853,1.236059
4405,lm,0,9,0,1.101428,1.602668,1.765224
4407,human,0,128,0,1.212172,1.273364,1.543536
4407,human,1,59,0,1.716151,0.620148,1.064268
4407,lm,0,90,0,2.056972,0.314604,0.647131
4408,human,0,128,0,1.345441,0.972225,1.308071
4408,human,1,62,0,1.333215,1.523526,2.031188
4408,lm,0,104,0,1.588087,0.579383,0.920110
4409,human,0,128,0,1.270269,0.749108,0.951569
4409,human,1,124,0,1.220417,0.788492,0.962289
4409,lm,0,11,0,1.086747,2.175870,2.364620
441,human,0,128,0,1.392895,0.781144,1.088052
441,human,1,128,0,1.489147,0.587571,0.874980
441,human,2,40,0,1.418270,1.301844,1.846366
441,lm,0,49,0,1.479929,0.978465,1.448060
4410,human,0,128,0,1.620037,0.419803,0.680096
4410,human,1,128,0,1.320800,0.812503,1.073154
4410,human,2,77,0,1.295854,1.119605,1.450846
4410,lm,0,60,0,1.534925,0.554908,0.851742
4412,human,0,68,0,1.266194,0.956245,1.210792
4412,lm,0,64,0,1.417041,0.631499,0.894860
4413,human,0,32,0,1.186328,1.384064,1.641955
4413,lm,0,103,0,1.657359,0.621495,1.030041
4414,human,0,128,0,1.230390,0.991721,1.220203
4414,human,1,128,0,1.189373,1.208275,1.437089
4414,human,2,99,0,1.162037,1.279724,1.487087
4414,lm,0,20,0,1.231997,1.525849,1.879842
4415,human,0,128,0,1.271080,0.665442,0.845830
4415,human,1,128,0,1.144392,1.306287,1.494905
4415,human,2,53,0,1.186186,2.030321,2.408338
4415,lm,0,36,0,1.379191,0.814277,1.123043
4416,human,0,128,0,1.324588,0.786830,1.042226
4416,lm,0,87,0,1.454459,0.514503,0.748324
4417,human,0,28,0,1.519863,0.930010,1.413488
4417,lm,0,6,0,1.073964,1.666373,1.789625
4418,human,0,128,0,1.386339,0.788962,1.093769
4418,human,1,13,0,1.059267,3.784837,4.009153
4418,lm,0,38,0,1.357127,0.811917,1.101874
4419,human,0,35,0,1.227258,1.093125,1.341547
4419,lm,0,75,0,1.683993,0.417606,0.703246
442,human,0,84,0,1.174145,0.797361,0.936217
442,lm,0,43,0,1.676111,0.240263,0.402707
4420,human,0,54,0,1.318485,1.165224,1.536331
4420,lm,0,10,0,1.228468,2.302811,2.828930
4421,human,0,25,0,1.178469,1.400185,1.650074
4421,lm,0,12,0,1.108729,1.508942,1.673007
4422,human,0,128,0,1.856506,0.600838,1.115459
4422,human,1,58,0,1.581169,1.051435,1.662496
4422,lm,0,128,0,1.763484,0.339287,0.598327
4422,lm,1,73,0,1.598222,0.647393,1.034678
4423,human,0,112,0,1.407915,0.736286,1.036628
4423,lm,0,42,0,1.355401,1.027159,1.392212
4424,human,0,128,0,1.301999,0.963603,1.254610
4424,human,1,106,0,1.317664,0.697942,0.919653
4424,lm,0,49,0,1.453800,0.878389,1.277002
4425,human,0,128,0,1.420458,0.636533,0.904168
4425,human,1,20,0,1.167185,1.112294,1.298253
4425,lm,0,83,0,1.820420,0.378389,0.688827
4426,human,0,31,0,1.173001,0.995089,1.167240
4426,lm,0,6,0,1.055988,3.419031,3.610457
4427,human,0,75,0,1.325784,0.734278,0.973494
4427,lm,0,79,0,1.640457,0.321861,0.528000
4428,human,0,128,0,1.293557,0.817381,1.057330
4428,human,1,113,0,1.420758,0.812684,1.154627
4428,lm,0,9,0,1.074126,3.177597,3.413138
4429,human,0,128,0,1.343679,0.812500,1.091740
4429,human,1,128,0,1.432579,0.800463,1.146727
4429,human,2,128,0,1.327274,1.175033,1.559590
4429,human,3,88,0,1.471076,1.089926,1.603365
4429,lm,0,49,0,1.920102,0.566742,1.088202
443,human,0,128,0,1.230026,1.198104,1.473699
443,human,1,89,0,1.366063,0.654697,0.894358
443,lm,0,37,0,1.396310,1.078106,1.505371
4430,human,0,25,0,1.137604,2.105429,2.395144
4430,lm,0,10,0,1.038189,3.279892,3.405147
4431,human,0,105,0,1.304398,1.071414,1.397550
4431,lm,0,36,0,1.738534,0.414569,0.720742
4432,human,0,90,0,1.440499,0.822370,1.184624
4432,lm,0,10,0,1.170342,2.827996,3.309722
4433,human,0,128,0,1.323612,0.944675,1.250383
4433,human,1,128,0,1.299550,1.094219,1.421993
4433,human,2,128,0,1.127405,1.599974,1.803819
4433,human,3,128,0,1.202661,1.631645,1.962317
4433,human,4,128,0,1.269096,0.982337,1.246680
4433,human,5,128,0,1.053666,1.918400,2.021352
4433,human,6,128,0,1.215109,1.694577,2.059095
4433,human,7,128,0,1.125362,1.766157,1.987566
4433,human,8,57,0,1.098377,2.555962,2.807409
4433,lm,0,92,0,1.204935,0.778974,0.938613
4434,human,0,47,0,1.324457,1.067441,1.413781
4434,lm,0,11,0,1.079231,2.409065,2.599939
4435,human,0,29,0,1.171515,1.564166,1.832444
4435,lm,0,23,0,1.222742,1.307680,1.598955
4436,human,0,49,0,1.724006,0.475025,0.818945
4436,lm,0,11,0,1.228292,1.822810,2.238942
4437,human,0,128,0,1.210949,0.715170,0.866035
4437,human,1,35,0,1.092692,1.296553,1.416733
4437,lm,0,128,0,1.549132,0.389277,0.603042
4437,lm,1,45,0,1.178015,1.271740,1.498128
4438,human,0,13,0,1.214365,1.060381,1.287690
4438,lm,0,8,0,1.218599,0.930948,1.134452
4439,human,0,128,0,1.163665,1.130089,1.315046
4439,human,1,96,0,1.288708,0.823597,1.061376
4439,lm,0,128,0,1.684624,0.427311,0.719858
4439,lm,1,33,0,1.310565,0.922607,1.209137
444,human,0,128,0,1.376734,0.607060,0.835761
444,human,1,44,0,1.138332,1.021106,1.162358
444,lm,0,17,0,1.386873,0.518695,0.719364
4440,human,0,35,0,1.618791,0.558714,0.904441
4440,lm,0,19,0,1.207148,0.951717,1.148863
4441,human,0,128,0,1.569097,0.559099,0.877281
4441,human,1,30,0,1.173998,2.563538,3.009589
4441,lm,0,99,0,1.454664,0.960359,1.397000
4442,human,0,37,0,1.411088,0.916921,1.293856
4442,lm,0,122,0,1.901730,0.352383,0.670138
4443,human,0,32,0,1.325654,0.816703,1.082665
4443,lm,0,10,0,1.092169,0.858251,0.937355
4444,human,0,91,0,1.345479,0.669379,0.900636
4444,lm,0,128,0,1.500800,0.419289,0.629269
4444,lm,1,9,0,1.149826,1.128156,1.297183
4445,human,0,128,0,1.486546,0.599582,0.891306
4445,human,1,81,0,1.510586,0.521860,0.788315
4445,lm,0,34,0,1.474717,0.353853,0.521833
4446,human,0,47,0,1.394820,0.563146,0.785488
4446,lm,0,54,0,1.515366,0.383287,0.580820
4448,human,0,128,0,1.163644,0.993731,1.156349
4448,human,1,128,0,1.352338,0.829313,1.121511
4448,human,2,128,0,1.365010,0.617965,0.843528
4448,human,3,128,0,1.152979,1.225519,1.412998
4448,human,4,109,0,1.129847,1.212557,1.370005
4448,lm,0,112,0,2.129101,0.213325,0.454191
4449,human,0,81,0,1.424084,0.542573,0.772670
4449,lm,0,36,0,1.281534,1.233150,1.580323
4450,human,0,28,0,1.184751,1.304307,1.545279
4450,lm,0,46,0,1.825601,0.354162,0.646558
4451,human,0,82,0,1.403054,0.882591,1.238324
4451,lm,0,73,0,1.452208,0.972652,1.412494
4452,human,0,83,0,1.226308,1.249591,1.532383
4452,lm,0,128,0,1.453844,0.753258,1.095120
4452,lm,1,128,0,2.983300,0.130896,0.390501
4452,lm,2,128,0,1.544364,0.269270,0.415851
4452,lm,3,5,0,1.074099,2.487182,2.671479
4453,human,0,128,0,1.327118,0.540611,0.717455
4453,human,1,128,0,1.302955,0.642700,0.837409
4453,human,2,57,0,1.253869,1.122347,1.407276
4453,lm,0,40,0,1.449047,0.490536,0.710809
4454,human,0,75,0,1.201302,1.069345,1.284606
4454,lm,0,105,0,1.762885,0.388061,0.684108
4455,human,0,128,0,1.445767,0.762029,1.101716
4455,human,1,128,0,1.321523,1.068308,1.411794
4455,human,2,128,0,1.304246,0.896783,1.169626
4455,human,3,128,0,1.367053,0.849128,1.160803
4455,human,4,41,0,1.328835,0.890203,1.182933
4455,lm,0,128,0,1.781765,0.336277,0.599167
4455,lm,1,76,0,1.761966,0.392167,0.690985
4456,human,0,128,0,1.338062,0.747970,1.000831
4456,human,1,33,0,1.386649,0.914567,1.268184
4456,lm,0,30,0,1.615091,0.573936,0.926959
4457,human,0,128,0,1.288312,1.038985,1.338536
4457,human,1,128,0,1.302749,1.114701,1.452175
4457,human,2,33,0,1.131734,2.034173,2.302143
4457,lm,0,101,0,1.791851,0.484375,0.867927
4458,human,0,23,0,1.350430,0.906516,1.224187
4458,lm,0,26,0,1.431183,0.685866,0.981600
446,human,0,128,0,1.460942,0.792954,1.158460
446,human,1,128,0,1.394361,1.062909,1.482079
446,human,2,49,0,1.274098,1.435539,1.829017
446,lm,0,128,0,1.749590,0.331585,0.580138
446,lm,1,18,0,1.429047,1.739636,2.486022
4460,human,0,23,0,1.151562,1.074285,1.237106
4460,lm,0,10,0,1.149205,1.729061,1.987045
4461,human,0,53,0,1.517657,0.573575,0.870491
4461,lm,0,10,0,1.674877,0.871342,1.459390
4462,human,0,110,0,1.257287,1.108674,1.393921
4462,lm,0,44,0,1.772974,0.418421,0.741850
4463,human,0,28,0,1.146703,1.526785,1.750770
4463,lm,0,20,0,1.197418,1.408597,1.686680
4464,human,0,128,0,1.328188,0.942569,1.251908
4464,human,1,13,0,1.345575,0.788638,1.061172
4464,lm,0,72,0,1.326525,0.763485,1.012782
4465,human,0,56,0,1.486686,0.716600,1.065359
4465,lm,0,48,0,1.599560,0.608399,0.973171
4466,human,0,128,0,1.232801,1.014034,1.250101
4466,human,1,128,0,1.399142,0.799608,1.118765
4466,human,2,46,0,1.378001,1.205136,1.660679
4466,lm,0,52,0,1.428664,0.586703,0.838202
4467,human,0,24,0,1.098834,1.734574,1.906009
4467,lm,0,128,0,1.922049,0.268451,0.515976
4467,lm,1,18,0,1.340070,0.768969,1.030473
4468,human,0,49,0,1.316097,0.680448,0.895536
4468,lm,0,18,0,1.432887,0.558782,0.800671
4469,human,0,128,0,1.215337,0.930810,1.131248
4469,human,1,128,0,1.191549,1.136173,1.353806
4469,human,2,99,0,1.277008,0.769242,0.982329
4469,lm,0,89,0,1.640241,0.409789,0.672152
447,human,0,128,0,1.505333,0.412567,0.621051
447,human,1,54,0,1.420636,0.619999,0.880793
447,lm,0,50,0,1.340421,0.726502,0.973818
4470,human,0,51,0,1.228308,1.185360,1.455987
4470,lm,0,53,0,1.448953,0.558966,0.809916
4471,human,0,128,0,1.183311,1.201861,1.422175
4471,human,1,128,0,1.223742,1.230142,1.505376
4471,human,2,128,0,1.257254,1.248108,1.569190
4471,human,3,50,0,1.204633,1.429842,1.722434
4471,lm,0,87,0,1.458671,0.506138,0.738288
4472,human,0,36,0,1.246183,1.375418,1.714023
4472,lm,0,11,0,1.095337,1.912909,2.095281
4473,human,0,76,0,1.790549,0.295358,0.528854
4473,lm,0,81,0,1.855214,0.337199,0.625577
4474,human,0,128,0,1.341141,0.847851,1.137087
4474,human,1,4,0,0.930118,4.648809,4.323942
4474,lm,0,51,0,1.418490,1.032234,1.464214
4475,human,0,21,0,1.290904,1.012058,1.306470
4475,lm,0,93,0,2.432095,0.264949,0.644380
4476,human,0,128,0,1.507223,0.494594,0.745463
4476,human,1,66,0,1.264689,0.965104,1.220557
4476,lm,0,122,0,2.008506,0.253699,0.509557
4477,human,0,91,0,1.297913,0.868352,1.127045
4477,lm,0,128,0,1.644987,0.424236,0.697862
4477,lm,1,12,0,1.367641,1.238603,1.693965
4478,human,0,128,0,1.617908,0.267804,0.433282
4478,human,1,11,0,1.279794,1.362023,1.743109
4478,lm,0,117,0,1.865495,0.266042,0.496299
4479,human,0,62,0,1.877954,0.402198,0.755310
4479,lm,0,6,0,1.113127,1.742939,1.940112
448,human,0,34,0,1.324993,0.774461,1.026155
448,lm,0,6,0,1.164895,1.201216,1.399290
4480,human,0,56,0,1.333091,1.169595,1.559176
4480,lm,0,128,0,1.638879,0.517889,0.848758
4480,lm,1,128,0,1.493351,0.598240,0.893382
4480,lm,2,24,0,1.221789,1.705937,2.084294
4482,human,0,105,0,1.568604,0.651632,1.022152
4482,lm,0,44,0,1.576734,0.634993,1.001216
4483,human,0,77,0,1.217661,0.973333,1.185190
4483,lm,0,49,0,1.411652,0.714437,1.008537
4484,human,0,79,0,1.370074,0.665511,0.911800
4484,lm,0,16,0,1.306697,0.979287,1.279632
4485,human,0,67,0,1.333607,0.777872,1.037376
4485,lm,0,8,0,1.107958,2.363721,2.618904
4486,human,0,128,0,1.285631,1.165451,1.498340
4486,human,1,128,0,1.242831,1.394199,1.732755
4486,human,2,128,0,1.395935,0.818183,1.142131
4486,human,3,128,0,1.403271,0.740033,1.038467
4486,human,4,71,0,1.348465,1.331318,1.795234
4486,lm,0,86,0,1.466416,0.899398,1.318892
4487,human,0,66,0,1.141209,1.752204,1.999630
4487,lm,0,101,0,1.459831,0.507956,0.741530
4488,human,0,128,0,1.297553,0.866600,1.124460
4488,human,1,128,0,1.257349,0.986336,1.240169
4488,human,2,103,0,1.262314,1.204372,1.520296
4488,lm,0,88,0,1.245681,0.828007,1.031432
4489,human,0,128,0,1.215739,1.182503,1.437614
4489,human,1,102,0,1.218579,1.287137,1.568478
4489,lm,0,59,0,1.614926,0.653325,1.055071
449,human,0,22,0,1.146862,1.498707,1.718811
449,lm,0,21,0,1.174547,1.845155,2.167220
4490,human,0,128,0,1.299366,0.850081,1.104566
4490,human,1,65,0,1.186746,2.023843,2.401786
4490,lm,0,6,0,1.053317,4.312396,4.542321
4491,human,0,78,0,1.497556,0.616164,0.922741
4491,lm,0,49,0,1.246858,1.191773,1.485972
4492,human,0,117,0,1.386467,0.533382,0.739516
4492,lm,0,19,0,1.382126,0.512858,0.708835
4493,human,0,128,0,1.463476,0.604597,0.884814
4493,human,1,2,0,0.943015,6.068426,5.722615
4493,lm,0,18,0,1.268012,1.054745,1.337429
4494,human,0,82,0,1.390927,0.931980,1.296316
4494,lm,0,13,0,1.256854,1.761597,2.214070
4496,human,0,19,0,1.383383,0.863165,1.194087
4496,lm,0,12,0,1.315168,1.419029,1.866261
4497,human,0,96,0,1.575249,0.363495,0.572595
4497,lm,0,10,0,1.252824,0.804559,1.007971
4498,human,0,74,0,1.333665,1.182819,1.577484
4498,lm,0,96,0,1.948459,0.500736,0.975663
4499,human,0,128,0,1.266142,0.884731,1.120196
4499,human,1,128,0,1.035779,1.770146,1.833480
4499,human,2,128,0,1.191929,0.909052,1.083526
4499,human,3,128,0,1.375631,0.557833,0.767372
4499,human,4,128,0,1.259090,0.621548,0.782585
4499,human,5,103,0,1.195976,1.104693,1.321187
4499,lm,0,82,0,1.384854,0.719477,0.996370
45,human,0,61,0,1.441168,0.618208,0.890942
45,lm,0,30,0,1.549259,0.607498,0.941172
450,human,0,117,0,1.354371,0.624984,0.846461
450,lm,0,46,0,1.446945,0.936394,1.354911
4500,human,0,51,0,1.476256,0.749868,1.106997
4500,lm,0,52,0,1.715548,0.618221,1.060587
4501,human,0,128,0,1.523020,0.700726,1.067219
4501,human,1,51,0,1.183768,1.739938,2.059683
4501,lm,0,84,0,1.728779,0.488976,0.845332
4502,human,0,128,0,1.408533,0.694235,0.977853
4502,human,1,128,0,1.399028,0.543269,0.760049
4502,human,2,128,0,1.252281,1.052955,1.318595
4502,human,3,128,0,1.161256,1.519843,1.764926
4502,human,4,34,0,1.317102,1.483824,1.954348
4502,lm,0,44,0,1.321449,1.289032,1.703391
4504,human,0,67,0,1.705652,0.336339,0.573677
4504,lm,0,71,0,1.913984,0.277474,0.531082
4505,human,0,21,0,1.200285,1.379190,1.655422
4505,lm,0,10,0,1.203809,1.077944,1.297639
4506,human,0,65,0,1.463137,0.868157,1.270233
4506,lm,0,10,0,1.360722,0.906790,1.233889
4507,human,0,128,0,1.700356,0.470079,0.799301
4507,human,1,128,0,1.420309,0.807391,1.146745
4507,human,2,25,0,1.093271,2.128902,2.327466
4507,lm,0,10,0,1.306678,0.933955,1.220378
4508,human,0,116,0,1.391622,0.816458,1.136200
4508,lm,0,41,0,1.450556,0.777436,1.127714
4509,human,0,89,0,1.425846,0.741784,1.057670
4509,lm,0,35,0,1.333567,0.938664,1.251772
451,human,0,127,0,1.393983,0.565665,0.788528
451,lm,0,10,0,1.200720,2.533406,3.041911
4512,human,0,62,0,1.467116,0.824840,1.210136
4512,lm,0,39,0,1.763882,0.599047,1.056647
4513,human,0,128,0,1.204030,1.227363,1.477782
4513,human,1,88,0,1.192174,1.540968,1.837102
4513,lm,0,52,0,1.309783,0.747386,0.978913
4514,human,0,128,0,1.234507,1.202187,1.484108
4514,human,1,128,0,1.255947,1.304703,1.638637
4514,human,2,128,0,1.331392,1.023911,1.363227
4514,human,3,8,0,1.087915,2.446007,2.661048
4514,lm,0,128,0,1.636265,0.439781,0.719598
4514,lm,1,55,0,1.702190,0.427623,0.727895
4515,human,0,128,0,1.512111,0.494484,0.747714
4515,human,1,118,0,1.239349,1.149659,1.424829
4515,lm,0,128,0,1.445110,0.544295,0.786566
4515,lm,1,38,0,1.277679,1.429121,1.825958
4516,human,0,44,0,1.505834,1.518278,2.286275
4516,lm,0,128,0,1.662227,0.396290,0.658725
4516,lm,1,18,0,1.139035,1.646701,1.875651
4517,human,0,39,0,1.405700,0.857405,1.205255
4517,lm,0,6,0,1.119149,1.931568,2.161712
4518,human,0,14,0,1.114437,1.545050,1.721861
4518,lm,0,76,0,1.470086,0.682161,1.002836
4519,human,0,70,0,1.402121,0.811459,1.137765
4519,lm,0,29,0,1.617027,0.748609,1.210521
452,human,0,128,0,1.595050,0.591607,0.943642
452,human,1,128,0,1.661658,0.331165,0.550283
452,human,2,128,0,1.516066,0.465678,0.705998
452,lm,0,128,0,1.876012,0.235057,0.440970
452,lm,1,34,0,1.242471,0.918836,1.141627
4521,human,0,31,0,1.532006,1.085812,1.663470
4521,lm,0,128,0,2.409429,0.195846,0.471877
4521,lm,1,128,0,1.715752,0.394531,0.676917
4521,lm,2,50,0,1.450955,0.826382,1.199044
4522,human,0,102,0,1.332016,0.838518,1.116919
4522,lm,0,47,0,1.436501,0.497483,0.714635
4523,human,0,55,0,1.377194,0.652637,0.898809
4523,lm,0,10,0,1.236550,2.199821,2.720189
4524,human,0,62,0,1.337722,0.719929,0.963065
4524,lm,0,10,0,1.186543,3.526793,4.184693
4525,human,0,29,0,1.366012,0.792614,1.082720
4525,lm,0,53,0,1.520318,0.742284,1.128508
4526,human,0,128,0,1.304865,0.773864,1.009788
4526,human,1,78,0,1.470814,1.036368,1.524305
4526,lm,0,104,0,1.951336,0.473683,0.924315
4527,human,0,128,0,1.320008,0.543136,0.716944
4527,human,1,18,0,1.091135,1.361310,1.485373
4527,lm,0,112,0,1.536382,0.509509,0.782800
4528,human,0,78,0,1.325003,0.758765,1.005365
4528,lm,0,36,0,1.264777,1.441069,1.822630
4529,human,0,128,0,1.498751,0.648715,0.972263
4529,human,1,34,0,1.215852,1.552223,1.887274
4529,lm,0,105,0,1.942275,0.238417,0.463071
453,human,0,128,0,1.172663,1.262745,1.480774
453,human,1,128,0,0.901847,2.332892,2.103911
453,human,2,128,0,1.145120,1.247832,1.428917
453,human,3,128,0,0.893909,3.035653,2.713598
453,human,4,128,0,0.793254,4.332426,3.436715
453,human,5,59,0,1.209322,1.417237,1.713896
453,lm,0,100,0,1.777251,0.346203,0.615290
4530,human,0,128,0,1.441877,0.513438,0.740314
4530,human,1,22,0,1.216392,1.154352,1.404145
4530,lm,0,128,0,1.813134,0.192838,0.349641
4530,lm,1,128,0,1.709050,0.217611,0.371908
4530,lm,2,23,0,1.195924,0.854984,1.022496
4531,human,0,128,0,1.420120,0.506838,0.719771
4531,human,1,5,0,0.957807,4.101158,3.928119
4531,lm,0,30,0,1.421105,0.832155,1.182580
4532,human,0,18,0,1.201996,1.392234,1.673460
4532,lm,0,37,0,1.053898,1.391425,1.466420
4533,human,0,128,0,1.496315,0.558862,0.836233
4533,human,1,128,0,1.312572,0.933178,1.224863
4533,human,2,128,0,1.383343,0.850423,1.176427
4533,human,3,71,0,1.129313,1.431353,1.616446
4533,lm,0,128,0,1.885142,0.331296,0.624541
4533,lm,1,68,0,1.739567,0.373790,0.650233
4534,human,0,86,0,1.310211,0.978976,1.282665
4534,lm,0,89,0,1.787527,0.490579,0.876924
4535,human,0,83,0,1.580981,0.496634,0.785169
4535,lm,0,44,0,1.420968,0.943954,1.341328
4536,human,0,128,0,1.444566,1.043921,1.508012
4536,human,1,128,0,1.348552,0.789653,1.064889
4536,human,2,128,0,1.319557,0.837124,1.104632
4536,human,3,128,0,1.357877,0.683424,0.928006
4536,human,4,17,0,1.184244,1.955627,2.315940
4536,lm,0,120,0,2.213770,0.329057,0.728457
4537,human,0,128,0,1.967958,0.276572,0.544281
4537,human,1,40,0,1.629852,0.706630,1.151702
4537,lm,0,18,0,1.656083,0.564013,0.934053
4538,human,0,46,0,1.206703,1.863027,2.248120
4538,lm,0,12,0,1.127661,2.056883,2.319468
454,human,0,128,0,1.372092,0.734710,1.008090
454,human,1,128,0,1.365387,0.742697,1.014068
454,human,2,128,0,1.193612,0.903598,1.078546
454,human,3,128,0,1.339025,0.599793,0.803138
454,human,4,128,0,1.215186,1.189905,1.445956
454,human,5,105,0,1.229744,0.708492,0.871263
454,lm,0,73,0,1.523773,0.786509,1.198461
4540,human,0,128,0,1.371798,0.747093,1.024861
4540,human,1,128,0,1.500953,0.548280,0.822943
4540,human,2,82,0,1.373341,0.792748,1.088714
4540,lm,0,7,0,1.203219,2.445646,2.942649
4541,human,0,45,0,1.287674,1.048676,1.350353
4541,lm,0,35,0,1.394542,0.927048,1.292808
4542,human,0,128,0,1.205398,1.031607,1.243497
4542,human,1,128,0,1.369029,0.454863,0.622721
4542,human,2,128,0,1.327707,0.626168,0.831368
4542,human,3,128,0,1.394597,0.501682,0.699645
4542,human,4,128,0,1.192108,0.983659,1.172628
4542,human,5,128,0,1.299854,0.584702,0.760027
4542,human,6,95,0,1.414597,0.538790,0.762170
4542,lm,0,49,0,1.265407,1.100716,1.392854
4543,human,0,128,0,1.464567,0.609802,0.893096
4543,human,1,37,0,2.210273,0.330289,0.730029
4543,lm,0,6,0,1.152159,1.599151,1.842477
4544,human,0,128,0,2.162138,0.266459,0.576121
4544,human,1,42,0,1.254514,1.536717,1.927833
4544,lm,0,6,0,1.092141,1.322454,1.444306
4545,human,0,43,0,1.369747,1.142370,1.564758
4545,lm,0,67,0,1.272779,1.082309,1.377541
4546,human,0,109,0,1.550635,0.546149,0.846878
4546,lm,0,55,0,1.475785,0.513851,0.758333
4547,human,0,88,0,1.556860,0.588282,0.915873
4547,lm,0,69,0,1.377478,0.919250,1.266246
4548,human,0,61,0,1.841866,0.348275,0.641476
4548,lm,0,46,0,1.890446,0.423565,0.800727
455,human,0,21,0,1.097673,1.353054,1.485211
455,lm,0,31,0,1.317302,1.055282,1.390125
4550,human,0,56,0,1.539136,0.331097,0.509604
4550,lm,0,33,0,2.229823,0.140221,0.312668
4551,human,0,22,0,1.195726,1.098477,1.313477
4551,lm,0,12,0,1.224254,1.669075,2.043371
4552,human,0,65,0,1.373770,1.201663,1.650810
4552,lm,0,75,0,1.395495,0.757627,1.057265
4553,human,0,128,0,1.407613,0.916293,1.289786
4553,human,1,83,0,1.455210,1.057601,1.539032
4553,lm,0,57,0,1.591547,0.705343,1.122587
4554,human,0,128,0,1.273121,0.805338,1.025293
4554,human,1,95,0,1.278567,0.747865,0.956196
4554,lm,0,51,0,1.539426,0.493357,0.759486
4555,human,0,19,0,1.092255,2.055772,2.245427
4555,lm,0,128,0,1.542399,0.389424,0.600647
4555,lm,1,34,0,1.676962,1.016076,1.703921
4556,human,0,44,0,1.432856,0.925134,1.325584
4556,lm,0,68,0,1.325758,0.840292,1.114024
4557,human,0,34,0,1.114352,1.716670,1.912974
4557,lm,0,112,0,1.581946,0.457257,0.723356
4558,human,0,22,0,1.108143,1.819410,2.016167
4558,lm,0,31,0,1.329073,0.656115,0.872025
4559,human,0,97,0,1.335966,0.556573,0.743563
4559,lm,0,14,0,1.314758,0.745834,0.980591
4561,human,0,128,0,1.332935,0.641407,0.854953
4561,human,1,9,0,1.078284,2.139766,2.307275
4561,lm,0,114,0,1.449338,0.602991,0.873937
4562,human,0,128,0,1.597938,0.390202,0.623518
4562,human,1,128,0,1.251756,0.872253,1.091848
4562,human,2,128,0,1.226076,0.754505,0.925081
4562,human,3,128,0,1.281382,1.036015,1.327531
4562,human,4,80,0,1.117755,2.234582,2.497716
4562,lm,0,11,0,1.264493,1.714564,2.168054
4563,human,0,125,0,1.314250,0.872259,1.146366
4563,lm,0,44,0,1.286479,0.681613,0.876881
4564,human,0,54,0,1.513607,0.907467,1.373548
4564,lm,0,10,0,1.303761,1.262332,1.645779
4566,human,0,52,0,1.724792,0.298986,0.515688
4566,lm,0,16,0,1.268088,1.018874,1.292022
4567,human,0,128,0,1.379639,0.754491,1.040926
4567,human,1,48,0,1.196417,1.213688,1.452077
4567,lm,0,9,0,1.153715,0.758604,0.875213
4568,human,0,14,0,1.132670,1.321509,1.496834
4568,lm,0,44,0,1.382383,0.676975,0.935839
4569,human,0,128,0,1.478968,0.825762,1.221275
4569,human,1,64,0,1.168198,0.949090,1.108725
4569,lm,0,64,0,2.002782,0.382946,0.766957
457,human,0,93,0,1.288910,0.837192,1.079065
457,lm,0,77,0,1.389980,0.878976,1.221759
4571,human,0,46,0,1.206974,1.081780,1.305681
4571,lm,0,6,0,1.013538,3.835214,3.887136
4572,human,0,77,0,1.393615,0.842321,1.173871
4572,lm,0,57,0,1.467935,0.591684,0.868553
4573,human,0,79,0,1.772855,0.253438,0.449309
4573,lm,0,33,0,1.567796,0.360332,0.564927
4574,human,0,128,0,1.294208,0.862047,1.115669
4574,human,1,36,0,1.121742,1.961380,2.200162
4574,lm,0,47,0,1.458639,0.770485,1.123859
4575,human,0,69,0,1.307602,0.790132,1.033178
4575,lm,0,87,0,1.613639,0.492587,0.794857
4576,human,0,128,0,1.393511,0.640191,0.892114
4576,lm,0,10,0,1.110456,2.504585,2.781230
4577,human,0,94,0,1.373776,0.667704,0.917276
4577,lm,0,60,0,1.485832,0.563535,0.837317
4578,human,0,24,0,1.218132,1.072549,1.306506
4578,lm,0,32,0,1.357867,0.765045,1.038830
4579,human,0,99,0,1.531497,0.611542,0.936575
4579,lm,0,128,0,1.914677,0.438613,0.839801
4579,lm,1,22,0,1.182703,1.595798,1.887355
458,human,0,128,0,1.289754,0.957705,1.235205
458,human,1,97,0,1.309708,1.000572,1.310458
458,lm,0,73,0,1.454819,0.522044,0.759480
4580,human,0,52,0,1.289798,0.924885,1.192914
4580,lm,0,61,0,1.541392,0.649375,1.000942
4582,human,0,91,0,1.350751,0.499503,0.674703
4582,lm,0,46,0,1.789942,0.478326,0.856175
4583,human,0,128,0,1.259717,1.093299,1.377247
4583,human,1,84,0,1.299726,0.999269,1.298775
4583,lm,0,22,0,1.082521,1.661360,1.798457
4584,human,0,99,0,1.302119,0.844706,1.099908
4584,lm,0,45,0,1.484275,0.954900,1.417335
4585,human,0,74,0,1.243387,1.375877,1.710747
4585,lm,0,36,0,1.364757,1.323119,1.805735
4586,human,0,83,0,1.458103,0.637147,0.929026
4586,lm,0,27,0,1.399509,0.851035,1.191031
4587,human,0,128,0,1.409807,0.528713,0.745383
4587,human,1,128,0,1.363675,0.800563,1.091708
4587,human,2,128,0,1.219638,1.165819,1.421877
4587,human,3,94,0,1.309873,0.925038,1.211682
4587,lm,0,18,0,1.316426,0.709971,0.934624
4588,human,0,60,0,1.686018,0.631775,1.065184
4588,lm,0,40,0,1.562800,0.605655,0.946518
459,human,0,22,0,1.144989,1.388788,1.590147
459,lm,0,52,0,1.411163,0.901042,1.271518
4590,human,0,29,0,1.252535,1.468759,1.839672
4590,lm,0,11,0,1.197429,1.515834,1.815104
4591,human,0,74,0,1.312007,0.755965,0.991831
4591,lm,0,12,0,1.108686,1.352067,1.499017
4592,human,0,128,0,1.522336,0.536085,0.816102
4592,human,1,28,0,1.390379,0.876298,1.218387
4592,lm,0,87,0,1.644551,0.386744,0.636021
4593,human,0,84,0,1.228053,0.868759,1.066882
4593,lm,0,54,0,1.434721,0.894112,1.282801
4594,human,0,128,0,1.419746,0.783980,1.113052
4594,human,1,128,0,1.295972,0.758014,0.982364
4594,human,2,128,0,1.315987,1.002717,1.319563
4594,human,3,38,0,1.247398,2.204846,2.750321
4594,lm,0,128,0,1.546196,0.449518,0.695042
4594,lm,1,85,0,2.007715,0.397533,0.798134
4595,human,0,22,0,1.343139,0.610367,0.819808
4595,lm,0,39,0,1.531149,0.403578,0.617937
4596,human,0,32,0,1.669484,0.709378,1.184295
4596,lm,0,8,0,1.183520,1.461486,1.729698
4597,human,0,31,0,1.660974,0.581842,0.966424
4597,lm,0,47,0,1.782583,0.469732,0.837336
4598,human,0,39,0,1.322301,0.789960,1.044565
4598,lm,0,10,0,1.133986,1.151392,1.305663
4599,human,0,63,0,1.221948,0.938981,1.147385
4599,lm,0,58,0,1.575538,0.735736,1.159179
46,human,0,61,0,1.578805,0.441972,0.697787
46,lm,0,128,0,1.873227,0.335154,0.627819
46,lm,1,128,0,1.833869,0.293942,0.539051
46,lm,2,8,0,1.221116,3.111351,3.799320
460,human,0,128,0,1.731954,0.298453,0.516907
460,human,1,13,0,1.503163,1.863680,2.801414
460,lm,0,6,0,1.182939,1.452649,1.718395
4601,human,0,128,0,1.254124,0.854251,1.071337
4601,human,1,50,0,1.267221,0.660307,0.836754
4601,lm,0,47,0,1.384570,0.671184,0.929301
4602,human,0,84,0,1.355273,0.528585,0.716377
4602,lm,0,6,0,1.093895,2.105296,2.302973
4603,human,0,128,0,1.484227,0.461927,0.685604
4603,human,1,70,0,1.181563,1.292985,1.527743
4603,lm,0,66,0,1.597066,0.646311,1.032201
4604,human,0,84,0,1.348162,0.640541,0.863553
4604,lm,0,30,0,1.566072,0.358049,0.560731
4605,human,0,86,0,1.479078,0.572336,0.846530
4605,lm,0,14,0,1.189287,1.025252,1.219319
4606,human,0,24,0,1.321000,0.592401,0.782562
4606,lm,0,5,0,1.028564,1.409001,1.449248
4607,human,0,46,0,1.314739,0.725064,0.953270
4607,lm,0,74,0,1.781162,0.502152,0.894414
4608,human,0,106,0,1.572281,0.583626,0.917624
4608,lm,0,66,0,2.174788,0.314061,0.683017
461,human,0,47,0,1.311373,0.788115,1.033512
461,lm,0,94,0,1.520670,0.528767,0.804081
4610,human,0,128,0,1.387881,0.678674,0.941918
4610,human,1,128,0,1.490872,0.915373,1.364703
4610,human,2,128,0,1.376639,0.884186,1.217205
4610,human,3,128,0,1.284676,1.121187,1.440363
4610,human,4,67,0,1.327333,1.061073,1.408397
4610,lm,0,21,0,1.270618,0.604146,0.767638
4611,human,0,128,0,1.264940,0.767379,0.970689
4611,human,1,9,0,1.107601,2.257508,2.500418
4611,lm,0,43,0,1.366511,0.676571,0.924542
4612,human,0,128,0,1.276148,0.794638,1.014076
4612,human,1,128,0,1.281214,1.235403,1.582816
4612,human,2,75,0,1.096339,1.985409,2.176681
4612,lm,0,106,0,1.576046,0.549221,0.865597
4613,human,0,15,0,1.151920,1.182731,1.362411
4613,lm,0,10,0,1.081864,3.187896,3.448868
4614,human,0,99,0,1.272746,0.533367,0.678840
4614,lm,0,79,0,1.516593,0.367000,0.556589
4615,human,0,81,0,1.374554,0.826942,1.136677
4615,lm,0,128,0,1.653589,0.536891,0.887797
4615,lm,1,48,0,1.507386,1.040265,1.568080
4616,human,0,69,0,1.756826,0.370176,0.650334
4616,lm,0,65,0,1.702246,0.497838,0.847443
4617,human,0,128,0,1.413002,0.554581,0.783625
4617,human,1,109,0,1.221762,0.873583,1.067311
4617,lm,0,63,0,1.230021,0.748140,0.920229
4618,human,0,21,0,1.258676,0.660883,0.831837
4618,lm,0,21,0,1.267488,0.727584,0.922205
462,human,0,128,0,1.240198,1.299142,1.611193
462,human,1,51,0,1.300954,0.941695,1.225101
462,lm,0,77,0,1.876623,0.381289,0.715536
4620,human,0,128,0,1.293494,0.903908,1.169199
4620,human,1,128,0,1.246769,1.296423,1.616341
4620,lm,0,67,0,1.714733,0.468068,0.802612
4621,human,0,74,0,1.234164,1.056336,1.303693
4621,lm,0,16,0,1.179262,1.444508,1.703454
4622,human,0,74,0,1.350654,0.538545,0.727388
4622,lm,0,89,0,1.460909,0.423688,0.618969
4623,human,0,126,0,1.553038,0.374580,0.581737
4623,lm,0,90,0,1.634097,0.358149,0.585250
4624,human,0,128,0,1.200740,0.651002,0.781684
4624,human,1,46,0,1.269417,0.873105,1.108334
4624,lm,0,128,0,1.273881,0.801353,1.020829
4624,lm,1,14,0,1.060712,1.856827,1.969558
4625,human,0,104,0,1.308202,0.861057,1.126437
4625,lm,0,21,0,1.359611,1.215653,1.652815
4626,human,0,24,0,1.346897,0.920526,1.239854
4626,lm,0,21,0,1.189923,2.265333,2.695571
4627,human,0,128,0,1.375898,0.832552,1.145507
4627,human,1,128,0,1.188749,1.106273,1.315081
4627,human,2,128,0,1.254139,1.419168,1.779834
4627,human,3,128,0,1.246792,1.323442,1.650056
4627,human,4,61,0,1.170763,1.810890,2.120124
4627,lm,0,128,0,1.492713,0.605281,0.903511
4627,lm,1,32,0,1.281905,1.399307,1.793778
4628,human,0,47,0,1.192892,1.406322,1.677590
4628,lm,0,27,0,1.230961,1.208719,1.487886
4629,human,0,74,0,1.393033,0.932379,1.298834
4629,lm,0,90,0,1.527428,0.847988,1.295240
4630,human,0,54,0,1.433744,1.125478,1.613647
4630,lm,0,19,0,1.152614,1.022434,1.178471
4631,human,0,128,0,1.286677,0.795806,1.023945
4631,human,1,128,0,1.249280,0.794088,0.992038
4631,human,2,128,0,1.325196,0.600336,0.795563
4631,human,3,45,0,1.198354,1.738848,2.083755
4631,lm,0,128,0,1.556784,0.422217,0.657301
4631,lm,1,70,0,1.441201,0.605538,0.872702
4632,human,0,128,0,1.405484,0.610121,0.857515
4632,human,1,128,0,1.602981,0.366928,0.588179
4632,human,2,128,0,1.246053,0.696963,0.868452
4632,human,3,128,0,1.229753,1.221573,1.502233
4632,human,4,128,0,1.236834,0.995234,1.230939
4632,human,5,128,0,1.286495,0.963724,1.239826
4632,human,6,58,0,1.236756,1.734968,2.145733
4632,lm,0,28,0,1.365055,1.003461,1.369779
4633,human,0,124,0,1.456977,0.569925,0.830367
4633,lm,0,77,0,2.160712,0.289996,0.626597
4634,human,0,79,0,1.315151,0.607324,0.798723
4634,lm,0,49,0,1.772742,0.527891,0.935814
4635,human,0,40,0,1.376315,0.621541,0.855436
4635,lm,0,18,0,1.332119,0.866213,1.153899
4636,human,0,128,0,2.151722,0.289885,0.623751
4636,human,1,128,0,1.670924,0.405673,0.677850
4636,human,2,44,0,1.362473,1.216341,1.657232
4636,lm,0,11,0,1.133842,1.884897,2.137176
4637,human,0,128,0,1.572611,0.410632,0.645765
4637,human,1,97,0,1.434462,0.443351,0.635970
4637,lm,0,79,0,1.547743,0.610297,0.944584
4638,human,0,23,0,1.177748,0.997462,1.174759
4638,lm,0,98,0,1.510983,0.430908,0.651094
4639,human,0,128,0,1.329938,1.099986,1.462913
4639,human,1,49,0,1.241005,1.311871,1.628039
4639,lm,0,18,0,1.345194,1.105036,1.486487
4640,human,0,9,0,1.084904,1.507043,1.634997
4640,lm,0,47,0,1.382692,0.671790,0.928878
4641,human,0,40,0,1.511057,0.709902,1.072702
4641,lm,0,41,0,1.734004,0.599259,1.039117
4642,human,0,128,0,1.209069,0.999450,1.208404
4642,human,1,128,0,1.327420,0.429655,0.570333
4642,human,2,128,0,1.202573,0.746033,0.897159
4642,human,3,128,0,1.190101,1.131499,1.346598
4642,human,4,87,0,1.204140,1.013450,1.220337
4642,lm,0,72,0,2.110854,0.185929,0.392469
4643,human,0,128,0,1.221493,1.105792,1.350718
4643,human,1,39,0,1.075916,2.075843,2.233433
4643,lm,0,128,0,1.722709,0.314715,0.542163
4643,lm,1,25,0,1.373999,0.629416,0.864817
4644,human,0,102,0,1.243201,0.778069,0.967295
4644,lm,0,128,0,1.694267,0.440603,0.746499
4644,lm,1,128,0,1.546826,0.513611,0.794467
4644,lm,2,48,0,1.260639,1.232899,1.554241
4645,human,0,16,0,1.215200,0.832728,1.011931
4645,lm,0,10,0,1.292196,0.714997,0.923916
4647,human,0,32,0,1.228678,0.802764,0.986338
4647,lm,0,35,0,1.245861,0.922164,1.148889
4648,human,0,24,0,1.298868,1.086872,1.411703
4648,lm,0,85,0,2.123506,0.466704,0.991048
4649,human,0,128,0,1.405151,0.487419,0.684898
4649,human,1,1,0,1.000000,2.762727,2.762727
4649,lm,0,107,0,1.655813,0.235954,0.390696
4650,human,0,128,0,1.384866,0.890085,1.232648
4650,human,1,14,0,1.329089,1.553862,2.065221
4650,lm,0,46,0,1.481566,0.602859,0.893176
4651,human,0,56,0,1.377948,0.897514,1.236727
4651,lm,0,128,0,1.754314,0.593038,1.040374
4651,lm,1,128,0,1.645327,0.730536,1.201970
4651,lm,2,59,0,1.661917,0.750466,1.247212
4652,human,0,128,0,1.271094,0.880059,1.118638
4652,human,1,128,0,1.289329,1.014574,1.308119
4652,human,2,6,0,1.006288,4.821383,4.851699
4652,lm,0,96,0,1.765335,0.340603,0.601279
4653,human,0,128,0,1.234857,0.971633,1.199827
4653,human,1,39,0,1.235406,1.458067,1.801305
4653,lm,0,22,0,1.573651,0.500672,0.787882
4655,human,0,29,0,1.461342,0.647794,0.946649
4655,lm,0,43,0,1.868667,0.345854,0.646286
4656,human,0,26,0,1.110176,1.881629,2.088939
4656,lm,0,10,0,1.089383,0.811323,0.883841
4657,human,0,128,0,1.245284,0.885509,1.102710
4657,human,1,128,0,1.323176,0.979084,1.295501
4657,human,2,30,0,1.205580,2.172450,2.619062
4657,lm,0,128,0,1.772688,0.360823,0.639626
4657,lm,1,128,0,1.523817,0.474224,0.722630
4657,lm,2,49,0,1.468626,0.591703,0.868990
4658,human,0,128,0,1.256271,0.958821,1.204539
4658,human,1,128,0,1.408300,0.742115,1.045121
4658,human,2,18,0,1.122270,1.303293,1.462646
4658,lm,0,128,0,1.641343,0.521495,0.855951
4658,lm,1,41,0,1.291110,1.166189,1.505678
4659,human,0,97,0,1.534202,0.706004,1.083153
4659,lm,0,41,0,1.389380,0.662745,0.920805
466,human,0,21,0,1.177265,1.170740,1.378271
466,lm,0,46,0,1.638782,0.559979,0.917683
4660,human,0,17,0,1.161116,1.408798,1.635778
4660,lm,0,43,0,1.491321,0.614745,0.916783
4661,human,0,59,0,1.280073,0.919672,1.177248
4661,lm,0,90,0,1.573771,0.690122,1.086094
4662,human,0,99,0,1.562939,0.586745,0.917046
4662,lm,0,56,0,1.762277,0.625431,1.102183
4663,human,0,59,0,1.419098,0.494838,0.702224
4663,lm,0,30,0,1.510639,0.507124,0.766082
4664,human,0,128,0,1.490610,0.399927,0.596135
4664,human,1,56,0,1.367856,0.545389,0.746014
4664,lm,0,22,0,1.366324,0.862709,1.178740
4665,human,0,22,0,1.171801,1.092200,1.279841
4665,lm,0,7,0,1.101633,2.851267,3.141049
4666,human,0,113,0,1.549067,0.693363,1.074066
4666,lm,0,57,0,1.428589,0.911624,1.302336
4668,human,0,63,0,1.600089,0.482045,0.771315
4668,lm,0,92,0,1.868300,0.462474,0.864040
4669,human,0,97,0,1.293521,0.792794,1.025495
4669,lm,0,63,0,1.706140,0.725208,1.237306
467,human,0,68,0,1.306290,1.061169,1.386194
467,lm,0,128,0,1.969058,0.366747,0.722145
467,lm,1,68,0,1.375459,0.941431,1.294900
4670,human,0,108,0,1.533943,0.481654,0.738830
4670,lm,0,14,0,1.362586,0.617827,0.841842
4671,human,0,65,0,1.412793,0.519150,0.733452
4671,lm,0,10,0,1.401797,0.725529,1.017045
4672,human,0,128,0,1.325937,0.961567,1.274978
4672,human,1,51,0,1.319789,1.011526,1.335002
4672,lm,0,128,0,1.755134,0.647318,1.136129
4672,lm,1,36,0,1.237807,1.582565,1.958910
4673,human,0,128,0,1.581068,0.547647,0.865867
4673,human,1,122,0,1.501556,0.494957,0.743205
4673,lm,0,117,0,1.754695,0.347243,0.609306
4675,human,0,97,0,1.449905,0.827714,1.200107
4675,lm,0,128,0,1.665834,0.479708,0.799114
4675,lm,1,7,0,1.406530,0.847637,1.192227
4676,human,0,128,0,1.374182,0.754581,1.036932
4676,human,1,128,0,1.267528,0.916496,1.161684
4676,human,2,128,0,1.268492,1.071794,1.359562
4676,human,3,128,0,1.238198,1.196817,1.481896
4676,human,4,61,0,1.181478,1.479950,1.748529
4676,lm,0,18,0,1.322709,0.933922,1.235307
4677,human,0,128,0,1.276540,0.599039,0.764698
4677,human,1,87,0,1.224361,1.131414,1.385260
4677,lm,0,128,0,2.155605,0.223082,0.480877
4677,lm,1,11,0,1.208912,0.963610,1.164919
4678,human,0,120,0,1.595852,0.503699,0.803829
4678,lm,0,52,0,1.481471,0.508918,0.753948
4679,human,0,107,0,1.381213,0.512842,0.708344
4679,lm,0,126,0,1.551683,0.365417,0.567012
468,human,0,70,0,1.375882,0.716616,0.985979
468,lm,0,43,0,1.773544,0.686497,1.217533
4680,human,0,44,0,1.385126,0.627761,0.869528
4680,lm,0,98,0,1.850740,0.215792,0.399374
4681,human,0,21,0,1.127646,1.864096,2.102040
4681,lm,0,42,0,1.332879,0.838590,1.117739
4682,human,0,21,0,1.145270,0.918538,1.051974
4682,lm,0,42,0,1.447021,0.571799,0.827406
4683,human,0,127,0,1.258257,0.926444,1.165704
4683,lm,0,24,0,1.810729,0.451719,0.817941
4684,human,0,43,0,1.298454,1.285297,1.668899
4684,lm,0,67,0,1.218182,1.162460,1.416088
4685,human,0,66,0,1.491054,0.611080,0.911153
4685,lm,0,32,0,1.990560,0.444754,0.885310
4686,human,0,128,0,1.148794,1.415302,1.625890
4686,human,1,128,0,1.287113,0.859428,1.106181
4686,human,2,128,0,1.374918,0.915490,1.258724
4686,human,3,80,0,1.172773,1.410723,1.654458
4686,lm,0,14,0,1.562418,0.536075,0.837574
4687,human,0,128,0,1.440096,0.612640,0.882261
4687,human,1,9,0,1.025396,1.403085,1.438718
4687,lm,0,10,0,1.105851,2.669285,2.951831
4688,human,0,56,0,1.389288,0.681028,0.946145
4688,lm,0,56,0,1.458704,0.606388,0.884540
4689,human,0,13,0,1.167984,1.434137,1.675049
4689,lm,0,6,0,1.032621,3.091789,3.192646
469,human,0,30,0,1.341777,0.980249,1.315276
469,lm,0,66,0,1.461488,0.545540,0.797300
4690,human,0,128,0,1.504317,0.721235,1.084966
4690,human,1,74,0,1.314257,1.101453,1.447593
4690,lm,0,93,0,1.844648,0.456852,0.842731
4691,human,0,128,0,1.438728,0.669344,0.963004
4691,human,1,18,0,1.004628,7.044275,7.076878
4691,lm,0,10,0,1.111923,2.809938,3.124433
4692,human,0,97,0,1.670415,0.400453,0.668923
4692,lm,0,105,0,1.713467,0.349094,0.598161
4693,human,0,43,0,1.320971,1.162500,1.535629
4693,lm,0,52,0,1.493811,0.988608,1.476793
4694,human,0,101,0,1.365154,0.790812,1.079580
4694,lm,0,10,0,1.884842,1.089177,2.052926
4695,human,0,128,0,1.217737,0.889105,1.082695
4695,human,1,128,0,1.007800,1.468846,1.480303
4695,human,2,128,0,1.255180,0.884820,1.110609
4695,human,3,128,0,1.204389,0.783693,0.943872
4695,human,4,128,0,1.371139,0.719752,0.986880
4695,human,5,48,0,1.399723,1.053731,1.474931
4695,lm,0,105,0,1.517971,0.467256,0.709281
4696,human,0,128,0,1.530753,0.558911,0.855554
4696,human,1,128,0,1.148235,1.369064,1.572007
4696,human,2,66,0,1.338065,1.030170,1.378434
4696,lm,0,86,0,1.369091,0.931498,1.275305
4697,human,0,81,0,1.299776,0.722755,0.939420
4697,lm,0,128,0,1.772352,0.320430,0.567915
4697,lm,1,36,0,1.247760,0.660320,0.823921
4699,human,0,72,0,1.369629,0.943242,1.291892
4699,lm,0,35,0,1.544987,0.994449,1.536411
47,human,0,74,0,1.434410,0.687305,0.985877
47,lm,0,33,0,1.507535,0.695663,1.048736
470,human,0,128,0,1.419209,0.646532,0.917564
470,human,1,128,0,1.217803,1.205850,1.468488
470,human,2,128,0,1.314121,1.114021,1.463957
470,human,3,46,0,1.479816,0.917150,1.357213
470,lm,0,128,0,1.544990,0.439613,0.679198
470,lm,1,40,0,1.290616,1.006754,1.299333
4700,human,0,128,0,1.368338,0.927684,1.269385
4700,human,1,128,0,1.253531,1.259299,1.578571
4700,human,2,128,0,1.234619,0.934316,1.153524
4700,human,3,128,0,1.282758,1.055452,1.353890
4700,human,4,74,0,1.137434,1.507786,1.715008
4700,lm,0,128,0,1.983541,0.366299,0.726570
4700,lm,1,1,0,1.000000,7.931285,7.931285
4701,human,0,97,0,1.613334,0.366193,0.590791
4701,lm,0,104,0,1.687130,0.462174,0.779747
4702,human,0,66,0,2.120761,0.375762,0.796901
4702,lm,0,48,0,1.824527,0.382340,0.697590
4703,human,0,112,0,1.282527,0.935255,1.199490
4703,lm,0,75,0,1.667650,0.453845,0.756854
4704,human,0,128,0,1.342516,0.887947,1.192083
4704,human,1,128,0,1.331506,0.910441,1.212258
4704,human,2,128,0,1.173578,1.118711,1.312894
4704,human,3,74,0,1.098459,1.428304,1.568933
4704,lm,0,51,0,1.248886,0.813827,1.016378
4705,human,0,22,0,1.195597,1.390201,1.662120
4705,lm,0,52,0,1.452340,0.809033,1.174991
4706,human,0,115,0,1.808416,0.385564,0.697260
4706,lm,0,45,0,1.883018,0.403220,0.759270
4708,human,0,121,0,1.489073,0.398994,0.594132
4708,lm,0,9,0,1.285226,0.974550,1.252517
4711,human,0,29,0,1.226797,1.221765,1.498858
4711,lm,0,24,0,1.208428,1.212985,1.465805
4712,human,0,128,0,1.323632,0.784095,1.037853
4712,human,1,128,0,1.612942,0.426569,0.688031
4712,human,2,128,0,1.316597,0.739707,0.973895
4712,human,3,128,0,1.250313,0.936701,1.171169
4712,human,4,128,0,1.446004,0.506946,0.733045
4712,human,5,14,0,1.171221,1.253307,1.467900
4712,lm,0,45,0,1.362457,0.827843,1.127900
4713,human,0,128,0,1.302027,0.710489,0.925075
4713,human,1,15,0,1.336515,1.535242,2.051874
4713,lm,0,128,0,1.452148,0.701479,1.018651
4713,lm,1,12,0,1.117843,2.407785,2.691526
4714,human,0,43,0,1.221158,1.578749,1.927902
4714,lm,0,21,0,1.198085,1.584996,1.898961
4715,human,0,128,0,1.287595,0.691900,0.890887
4715,human,1,30,0,1.122997,1.221525,1.371769
4715,lm,0,128,0,1.448201,0.607756,0.880153
4715,lm,1,54,0,1.372134,0.796213,1.092510
4716,human,0,89,0,1.311746,0.912058,1.196388
4716,lm,0,55,0,1.737748,0.499047,0.867219
4717,human,0,63,0,1.227693,1.016135,1.247502
4717,lm,0,25,0,1.495874,0.662044,0.990334
4718,human,0,47,0,1.243866,1.105484,1.375075
4718,lm,0,128,0,1.598533,0.504909,0.807114
4718,lm,1,45,0,1.505683,0.702287,1.057422
4719,human,0,128,0,1.448580,0.476249,0.689884
4719,human,1,57,0,1.180368,1.537356,1.814646
4719,lm,0,62,0,1.839665,0.306628,0.564092
472,human,0,87,0,1.339107,0.901344,1.206996
472,lm,0,52,0,1.461249,0.716745,1.047343
4721,human,0,109,0,1.455762,0.533691,0.776927
4721,lm,0,34,0,1.510623,0.402000,0.607271
4722,human,0,62,0,1.290036,0.982098,1.266943
4722,lm,0,41,0,1.360644,0.820504,1.116414
4723,human,0,128,0,1.501439,0.634581,0.952784
4723,human,1,128,0,1.220931,1.448478,1.768492
4723,human,2,128,0,1.295093,1.040426,1.347448
4723,human,3,128,0,1.463604,0.672618,0.984446
4723,human,4,52,0,1.270981,1.140604,1.449687
4723,lm,0,110,0,1.963020,0.296463,0.581962
4725,human,0,60,0,1.427174,0.548004,0.782098
4725,lm,0,48,0,1.595854,0.558524,0.891323
4726,human,0,64,0,1.380388,0.910063,1.256240
4726,lm,0,10,0,1.126810,1.847143,2.081380
4727,human,0,68,0,1.327895,0.890963,1.183105
4727,lm,0,84,0,1.943039,0.308225,0.598892
4728,human,0,116,0,1.489295,0.751871,1.119758
4728,lm,0,87,0,2.115197,0.250894,0.530691
4729,human,0,48,0,1.415244,0.534624,0.756623
4729,lm,0,22,0,1.284323,0.697296,0.895553
473,human,0,118,0,1.635726,0.521843,0.853592
473,lm,0,47,0,1.498990,0.664555,0.996161
4730,human,0,128,0,1.293022,0.833083,1.077194
4730,human,1,128,0,1.319213,0.770132,1.015967
4730,human,2,54,0,1.161992,1.764442,2.050268
4730,lm,0,72,0,1.982635,0.443305,0.878912
4731,human,0,15,0,1.214416,0.751227,0.912302
4731,lm,0,6,0,1.095861,2.713102,2.973183
4732,human,0,128,0,1.317439,0.836948,1.102628
4732,human,1,81,0,1.347897,1.035732,1.396060
4732,lm,0,105,0,1.745556,0.320565,0.559565
4733,human,0,88,0,1.265280,0.913065,1.155283
4733,lm,0,24,0,1.296794,1.682898,2.182372
4734,human,0,98,0,1.384509,0.888102,1.229586
4734,lm,0,65,0,2.102782,0.338143,0.711041
4735,human,0,65,0,1.312769,0.945015,1.240587
4735,lm,0,46,0,1.532216,0.762441,1.168224
4736,human,0,25,0,1.148070,1.374212,1.577691
4736,lm,0,44,0,1.605253,0.868203,1.393686
4737,human,0,74,0,1.157947,1.119647,1.296492
4737,lm,0,11,0,1.172494,2.019311,2.367631
4738,human,0,128,0,1.429278,0.829625,1.185765
4738,human,1,51,0,1.306914,1.276289,1.667999
4738,lm,0,76,0,3.028714,0.175320,0.530995
4739,human,0,63,0,1.237034,1.146023,1.417670
4739,lm,0,31,0,1.237206,0.942231,1.165734
474,human,0,128,0,1.313398,0.933432,1.225968
474,human,1,13,0,1.352491,1.124415,1.520762
474,lm,0,87,0,1.665343,0.375108,0.624683
4740,human,0,86,0,1.627855,0.546059,0.888904
4740,lm,0,80,0,1.975393,0.390524,0.771439
4741,human,0,128,0,1.413206,0.912033,1.288890
4741,human,1,128,0,1.290919,0.844349,1.089986
4741,human,2,128,0,1.348372,0.727248,0.980601
4741,human,3,38,0,1.383744,1.290642,1.785919
4741,lm,0,32,0,1.407260,1.118506,1.574029
4742,human,0,128,0,1.339140,0.941643,1.260992
4742,human,1,128,0,1.274260,0.930533,1.185741
4742,human,2,128,0,1.302427,0.884685,1.152238
4742,human,3,1,0,1.000000,6.192362,6.192362
4742,lm,0,128,0,1.763099,0.321711,0.567209
4742,lm,1,128,0,1.506139,0.442908,0.667081
4742,lm,2,128,0,1.572123,0.411153,0.646383
4742,lm,3,90,0,1.443232,0.454856,0.656463
4743,human,0,123,0,1.468849,0.900528,1.322740
4743,lm,0,30,0,1.596439,0.525064,0.838233
4744,human,0,124,0,1.446296,0.475253,0.687357
4744,lm,0,71,0,1.558281,0.498226,0.776376
4745,human,0,21,0,1.287512,0.890726,1.146820
4745,lm,0,28,0,1.439451,0.560633,0.807004
4746,human,0,34,0,1.186840,1.116463,1.325062
4746,lm,0,81,0,1.512625,0.529353,0.800713
4747,human,0,92,0,1.153819,1.293143,1.492053
4747,lm,0,6,0,1.010436,4.865150,4.915922
4748,human,0,117,0,1.244005,1.005399,1.250722
4748,lm,0,23,0,1.312133,0.984415,1.291683
4749,human,0,128,0,1.281176,1.335311,1.710768
4749,human,1,128,0,1.405971,0.851642,1.197384
4749,human,2,35,0,1.272050,1.057883,1.345680
4749,lm,0,10,0,1.139702,3.273514,3.730831
475,human,0,21,0,1.156173,1.246729,1.441434
475,lm,0,121,0,2.107353,0.273294,0.575926
4750,human,0,35,0,1.404889,0.744312,1.045676
4750,lm,0,34,0,1.457584,0.717536,1.045869
4751,human,0,104,0,1.240555,1.036550,1.285897
4751,lm,0,28,0,1.872545,0.465178,0.871066
4752,human,0,56,0,2.038939,0.533383,1.087535
4752,lm,0,20,0,1.299793,1.743717,2.266471
4753,human,0,128,0,1.404809,0.829286,1.164989
4753,human,1,128,0,1.350451,0.860633,1.162243
4753,human,2,128,0,1.319471,0.987461,1.302926
4753,human,3,128,0,1.294649,1.063661,1.377068
4753,human,4,128,0,1.497495,0.798694,1.196040
4753,human,5,128,0,1.383380,1.184070,1.638020
4753,human,6,88,0,1.515149,0.894669,1.355556
4753,lm,0,128,0,1.437263,0.808717,1.162339
4753,lm,1,128,0,1.610882,0.675560,1.088247
4753,lm,2,128,0,1.433350,0.754870,1.081992
4753,lm,3,48,0,1.407739,1.133137,1.595161
4754,human,0,128,0,1.240971,1.503553,1.865865
4754,human,1,128,0,1.197825,0.938627,1.124311
4754,human,2,128,0,1.453266,1.546152,2.246970
4754,human,3,74,0,1.210006,1.719751,2.080908
4754,lm,0,128,0,1.359093,0.671488,0.912615
4754,lm,1,105,0,1.323615,0.653731,0.865288
4755,human,0,128,0,1.190589,0.617137,0.734756
4755,human,1,46,0,1.125132,1.689202,1.900576
4755,lm,0,128,0,1.926962,0.262319,0.505478
4755,lm,1,26,0,1.346038,0.697851,0.939334
4756,human,0,50,0,1.270891,0.846834,1.076234
4756,lm,0,32,0,1.284132,0.939759,1.206775
4757,human,0,128,0,1.354326,0.856969,1.160616
4757,human,1,128,0,1.305620,1.214281,1.585390
4757,human,2,128,0,1.252526,0.983867,1.232319
4757,human,3,128,0,1.231107,0.978054,1.204089
4757,human,4,128,0,1.347226,0.931520,1.254967
4757,human,5,101,0,1.420583,0.899810,1.278255
4757,lm,0,128,0,1.259583,1.245333,1.568599
4757,lm,1,128,0,1.437085,0.874400,1.256587
4757,lm,2,107,0,1.263435,1.007681,1.273139
4758,human,0,26,0,1.112034,1.606528,1.786514
4758,lm,0,11,0,1.142020,1.879237,2.146125
4759,human,0,46,0,1.399383,0.555592,0.777486
4759,lm,0,44,0,1.661278,0.406816,0.675834
476,human,0,95,0,1.362712,0.956298,1.303159
476,lm,0,36,0,1.699418,0.492550,0.837048
4761,human,0,47,0,1.237713,0.991299,1.226944
4761,lm,0,9,0,1.037918,1.713434,1.778405
4762,human,0,55,0,1.503273,0.647068,0.972720
4762,lm,0,44,0,1.903984,0.441519,0.840646
4763,human,0,128,0,1.481732,0.622895,0.922964
4763,human,1,128,0,1.284039,0.907586,1.165376
4763,human,2,29,0,1.138596,2.134991,2.430892
4763,lm,0,52,0,1.606008,0.592230,0.951126
4764,human,0,60,0,1.536005,0.786459,1.208005
4764,lm,0,44,0,1.518294,0.578066,0.877673
4765,human,0,120,0,1.310941,0.619132,0.811646
4765,lm,0,73,0,1.573636,0.442279,0.695986
4766,human,0,128,0,1.284127,0.753944,0.968160
4766,human,1,94,0,1.263300,1.004689,1.269224
4766,lm,0,128,0,1.612277,0.413822,0.667197
4766,lm,1,89,0,1.685636,0.519041,0.874915
4767,human,0,128,0,1.232949,1.228862,1.515124
4767,human,1,128,0,1.307072,0.953455,1.246235
4767,human,2,128,0,1.168774,1.372905,1.604616
4767,human,3,128,0,1.167372,1.357436,1.584633
4767,human,4,128,0,1.166063,1.420907,1.656866
4767,human,5,128,0,1.188302,1.458770,1.733460
4767,human,6,29,0,1.143655,2.223129,2.542492
4767,lm,0,79,0,1.426774,0.836486,1.193477
4768,human,0,45,0,1.595390,1.020829,1.628620
4768,lm,0,23,0,1.440529,0.861698,1.241301
4769,human,0,20,0,1.115880,1.543661,1.722541
4769,lm,0,41,0,1.537527,0.699646,1.075725
477,human,0,128,0,1.487242,0.646135,0.960959
477,human,1,22,0,1.152656,1.831657,2.111271
477,lm,0,42,0,1.314912,0.860090,1.130943
4770,human,0,42,0,1.183858,1.630997,1.930869
4770,lm,0,8,0,1.327173,1.077508,1.430041
4771,human,0,110,0,1.742816,0.376171,0.655596
4771,lm,0,60,0,1.892476,0.353578,0.669139
4772,human,0,128,0,1.283110,0.829748,1.064658
4772,human,1,22,0,1.213388,1.603375,1.945516
4772,lm,0,40,0,1.590286,0.547192,0.870192
4773,human,0,128,0,1.510949,0.470691,0.711191
4773,human,1,17,0,1.013344,1.151392,1.166757
4773,lm,0,96,0,1.853529,0.414885,0.769001
4774,human,0,128,0,1.334372,0.959935,1.280911
4774,human,1,128,0,1.370366,0.763158,1.045806
4774,human,2,128,0,1.271891,0.835183,1.062262
4774,human,3,128,0,1.268715,0.846178,1.073559
4774,human,4,128,0,1.218677,1.030257,1.255550
4774,human,5,34,0,1.245760,0.998062,1.243346
4774,lm,0,84,0,1.646898,0.477150,0.785818
4775,human,0,128,0,1.485078,0.814047,1.208924
4775,human,1,35,0,1.231380,2.336617,2.877262
4775,lm,0,35,0,1.373007,1.040455,1.428552
4776,human,0,128,0,1.203517,0.921522,1.109067
4776,human,1,128,0,1.152200,1.439974,1.659138
4776,human,2,96,0,1.167219,1.290597,1.506409
4776,lm,0,122,0,1.485114,0.442304,0.656872
4777,human,0,128,0,1.235533,1.431584,1.768769
4777,human,1,128,0,1.294499,1.403766,1.817174
4777,human,2,128,0,1.168291,1.926997,2.251294
4777,human,3,128,0,1.126473,2.366877,2.666223
4777,human,4,128,0,1.191437,1.890334,2.252213
4777,human,5,30,0,1.101797,2.753193,3.033461
4777,lm,0,108,0,1.480202,0.644644,0.954204
4778,human,0,128,0,1.602664,0.412759,0.661514
4778,human,1,23,0,1.240412,1.531698,1.899936
4778,lm,0,31,0,1.585243,0.360958,0.572205
4779,human,0,63,0,1.279923,0.478320,0.612213
4779,lm,0,32,0,1.669261,0.454785,0.759155
478,human,0,13,0,1.282185,1.001500,1.284109
478,lm,0,12,0,1.195583,1.271590,1.520290
4781,human,0,65,0,1.157748,1.574325,1.822672
4781,lm,0,21,0,1.235799,1.501112,1.855073
4782,human,0,88,0,1.262187,1.029011,1.298804
4782,lm,0,55,0,1.719651,0.499047,0.858187
4783,human,0,128,0,1.340019,0.846650,1.134526
4783,human,1,89,0,1.328444,0.824663,1.095518
4783,lm,0,60,0,1.307635,0.797299,1.042576
4784,human,0,128,0,1.500262,0.449566,0.674467
4784,human,1,128,0,1.555706,0.353620,0.550128
4784,human,2,128,0,1.301523,0.669398,0.871237
4784,human,3,33,0,1.223791,0.613148,0.750365
4784,lm,0,128,0,1.626314,0.411389,0.669048
4784,lm,1,106,0,1.623273,0.274301,0.445265
4785,human,0,53,0,1.953308,0.576005,1.125115
4785,lm,0,53,0,2.101329,0.493226,1.036430
4786,human,0,42,0,1.283505,0.987347,1.267265
4786,lm,0,55,0,1.556199,0.507339,0.789520
4787,human,0,128,0,1.263114,1.178548,1.488641
4787,human,1,84,0,1.244932,1.337203,1.664727
4787,lm,0,74,0,1.361823,0.908828,1.237664
4788,human,0,86,0,1.408796,1.078211,1.518979
4788,lm,0,104,0,1.593555,0.423381,0.674681
4789,human,0,128,0,1.114102,1.792454,1.996975
4789,human,1,50,0,1.238217,0.776765,0.961804
4789,lm,0,61,0,1.510178,0.919468,1.388561
479,human,0,128,0,1.590880,0.437359,0.695785
479,human,1,41,0,1.266145,2.494926,3.158937
479,lm,0,19,0,1.391159,0.474018,0.659435
4790,human,0,128,0,1.387842,0.749178,1.039741
4790,human,1,128,0,1.389012,0.708766,0.984485
4790,human,2,60,0,1.216187,1.242411,1.511004
4790,lm,0,16,0,1.226994,1.306680,1.603289
4791,human,0,128,0,1.250466,1.167383,1.459773
4791,human,1,128,0,1.255692,0.929509,1.167177
4791,human,2,128,0,1.256108,1.131016,1.420678
4791,human,3,128,0,1.086256,1.475798,1.603096
4791,human,4,128,0,1.142303,1.018672,1.163631
4791,human,5,128,0,1.083745,1.751806,1.898511
4791,human,6,68,0,1.127427,1.363365,1.537095
4791,lm,0,40,0,1.500015,0.818323,1.227497
4792,human,0,58,0,1.285892,0.996212,1.281022
4792,lm,0,32,0,1.464920,0.555659,0.813997
4793,human,0,128,0,1.426914,0.883981,1.261365
4793,human,1,128,0,1.368400,1.037504,1.419721
4793,human,2,128,0,1.259621,1.615402,2.034794
4793,human,3,128,0,1.236471,1.426024,1.763237
4793,human,4,128,0,1.367733,0.857119,1.172309
4793,human,5,32,0,1.153710,2.028243,2.340005
4793,lm,0,67,0,1.402827,0.748267,1.049689
4794,human,0,83,0,1.570842,0.440843,0.692495
4794,lm,0,31,0,1.235509,0.914676,1.130090
4795,human,0,128,0,1.333962,0.785496,1.047822
4795,human,1,128,0,1.247500,0.943729,1.177302
4795,human,2,128,0,1.121251,2.116843,2.373513
4795,human,3,106,0,1.168944,1.367385,1.598396
4795,lm,0,46,0,1.531987,0.692857,1.061448
4796,human,0,45,0,1.270467,0.782368,0.993973
4796,lm,0,24,0,1.370058,1.163810,1.594487
4797,human,0,128,0,2.395487,0.257051,0.615763
4797,human,1,34,0,1.341853,1.578081,2.117554
4797,lm,0,34,0,1.920180,0.326428,0.626800
4798,human,0,25,0,1.184063,1.150757,1.362569
4798,lm,0,7,0,1.053711,2.602766,2.742563
4799,human,0,87,0,1.278349,1.084013,1.385747
4799,lm,0,10,0,1.142520,2.827996,3.231041
48,human,0,53,0,1.282323,1.051745,1.348677
48,lm,0,10,0,1.125616,1.715478,1.930970
480,human,0,20,0,1.195013,1.059167,1.265718
480,lm,0,10,0,1.188683,2.678290,3.183638
4800,human,0,26,0,1.397068,0.943880,1.318664
4800,lm,0,11,0,1.388287,1.101878,1.529723
4801,human,0,15,0,1.098026,1.482079,1.627362
4801,lm,0,65,0,1.408048,0.651054,0.916716
4802,human,0,128,0,1.441743,0.790905,1.140282
4802,human,1,64,0,1.219590,1.267589,1.545938
4802,lm,0,52,0,1.437234,0.601882,0.865045
4803,human,0,128,0,1.215623,0.979625,1.190854
4803,human,1,63,0,1.135234,1.657710,1.881888
4803,lm,0,46,0,1.293099,1.407128,1.819556
4804,human,0,128,0,1.257119,1.165745,1.465481
4804,human,1,95,0,1.320788,0.907328,1.198389
4804,lm,0,37,0,1.284686,1.134424,1.457379
4805,human,0,128,0,1.423324,0.752963,1.071710
4805,human,1,128,0,1.355575,0.748726,1.014954
4805,human,2,128,0,1.251729,0.893581,1.118521
4805,human,3,37,0,1.133059,1.948439,2.207696
4805,lm,0,120,0,1.424079,0.433242,0.616971
4806,human,0,48,0,1.200143,1.291085,1.549486
4806,lm,0,12,0,1.426534,1.553452,2.216052
4807,human,0,128,0,1.757493,0.395509,0.695104
4807,human,1,19,0,1.171936,1.531530,1.794854
4807,lm,0,32,0,1.410899,0.883956,1.247172
4808,human,0,128,0,1.294819,0.781126,1.011417
4808,human,1,128,0,1.295638,0.928920,1.203545
4808,human,2,128,0,1.266758,0.813399,1.030380
4808,human,3,49,0,1.250037,0.927939,1.159958
4808,lm,0,97,0,1.644154,0.289070,0.475276
4809,human,0,44,0,1.288742,0.902505,1.163096
4809,lm,0,61,0,1.338975,0.709645,0.950197
481,human,0,83,0,1.711105,0.390241,0.667744
481,lm,0,80,0,2.166210,0.327031,0.708417
4810,human,0,32,0,1.246972,1.143212,1.425553
4810,lm,0,11,0,1.267850,0.961233,1.218699
4811,human,0,111,0,1.307073,0.744105,0.972600
4811,lm,0,79,0,1.651855,0.458731,0.757757
4812,human,0,110,0,1.364785,0.745525,1.017482
4812,lm,0,21,0,1.227649,1.358494,1.667754
4813,human,0,128,0,1.418645,0.706909,1.002852
4813,human,1,6,0,1.532992,1.077762,1.652200
4813,lm,0,63,0,1.351207,0.693621,0.937226
4814,human,0,81,0,1.512903,0.565040,0.854851
4814,lm,0,31,0,1.404257,0.780306,1.095750
4815,human,0,128,0,1.421029,0.655773,0.931873
4815,human,1,128,0,1.459987,0.928944,1.356246
4815,human,2,128,0,1.324017,0.778343,1.030539
4815,human,3,128,0,1.197543,1.122245,1.343937
4815,human,4,113,0,1.283664,1.773954,2.277161
4815,lm,0,33,0,1.344372,0.853821,1.147853
4816,human,0,19,0,1.273809,0.866158,1.103320
4816,lm,0,76,0,1.528854,0.562566,0.860081
4817,human,0,128,0,1.335800,0.920238,1.229254
4817,human,1,19,0,1.270410,1.477137,1.876570
4817,lm,0,75,0,1.678894,0.511092,0.858068
4818,human,0,33,0,1.576462,0.553708,0.872899
4818,lm,0,20,0,1.343023,0.695289,0.933789
4819,human,0,128,0,1.201283,0.992137,1.191837
4819,human,1,32,0,1.119390,2.189118,2.450478
4819,lm,0,10,0,1.094806,3.818781,4.180823
482,human,0,128,0,1.307560,0.662814,0.866669
482,human,1,28,0,1.171130,1.564843,1.832635
482,lm,0,9,0,1.042628,0.883791,0.921466
4820,human,0,36,0,1.421788,0.692981,0.985272
4820,lm,0,7,0,1.174428,1.797715,2.111286
4821,human,0,128,0,1.537990,0.497602,0.765307
4821,human,1,59,0,1.447656,0.851366,1.232485
4821,lm,0,73,0,1.774158,0.458586,0.813604
4822,human,0,83,0,1.654063,0.183088,0.302838
4822,lm,0,25,0,1.584401,0.499718,0.791755
4823,human,0,128,0,1.349175,0.505551,0.682077
4823,human,1,63,0,1.571421,0.580412,0.912072
4823,lm,0,87,0,1.862108,0.283528,0.527960
4824,human,0,105,0,1.385113,0.825887,1.143947
4824,lm,0,21,0,1.320937,1.087293,1.436246
4826,human,0,128,0,1.214215,1.337286,1.623752
4826,human,1,3,0,0.868250,8.566745,7.438077
4826,lm,0,30,0,1.368629,1.139353,1.559352
4827,human,0,128,0,1.539505,0.677419,1.042890
4827,lm,0,108,0,1.560010,0.665644,1.038411
4828,human,0,128,0,1.470246,0.539028,0.792504
4828,human,1,59,0,1.881851,0.343084,0.645633
4828,lm,0,83,0,1.851053,0.275290,0.509577
4829,human,0,116,0,1.349389,0.794523,1.072120
4829,lm,0,10,0,1.349193,2.102847,2.837147
483,human,0,128,0,1.212808,1.071973,1.300097
483,human,1,18,0,1.129780,2.085744,2.356431
483,lm,0,26,0,1.390853,1.502079,2.089171
4830,human,0,128,0,1.251257,1.009786,1.263501
4830,human,1,128,0,1.147447,1.396321,1.602203
4830,human,2,128,0,1.179573,1.776504,2.095516
4830,human,3,128,0,1.171640,1.581366,1.852791
4830,human,4,120,0,1.203655,1.007365,1.212520
4830,lm,0,81,0,1.428534,0.854799,1.221109
4831,human,0,43,0,1.508172,0.556605,0.839456
4831,lm,0,10,0,1.245069,1.236884,1.540006
4832,human,0,92,0,1.591178,0.583207,0.927987
4832,lm,0,42,0,1.488354,0.709943,1.056646
4833,human,0,128,0,1.514952,0.507566,0.768938
4833,human,1,58,0,1.600378,0.583640,0.934044
4833,lm,0,57,0,1.627741,0.380241,0.618934
4835,human,0,82,0,1.978100,0.464060,0.917957
4835,lm,0,47,0,1.526099,0.952865,1.454166
4836,human,0,128,0,1.629057,0.338179,0.550913
4836,human,1,12,0,1.596181,0.915253,1.460909
4836,lm,0,43,0,1.358447,0.638894,0.867904
4837,human,0,47,0,1.434649,0.862632,1.237575
4837,lm,0,52,0,1.535720,0.755944,1.160918
4838,human,0,97,0,1.423967,0.663967,0.945466
4838,lm,0,27,0,1.335845,0.642634,0.858460
4839,human,0,53,0,1.527561,0.588079,0.898326
4839,lm,0,10,0,1.727637,0.871342,1.505362
484,human,0,36,0,1.319182,1.205142,1.589802
484,lm,0,28,0,1.418693,0.712611,1.010975
4840,human,0,115,0,1.243640,0.679688,0.845286
4840,lm,0,53,0,1.486741,0.644512,0.958222
4841,human,0,35,0,1.490024,0.578970,0.862679
4841,lm,0,6,0,1.088761,1.873765,2.040082
4843,human,0,15,0,1.237900,0.796567,0.986070
4843,lm,0,12,0,1.090218,2.148951,2.342826
4844,human,0,128,0,1.290449,0.641942,0.828393
4844,human,1,86,0,1.355118,0.586402,0.794644
4844,lm,0,40,0,1.250907,0.991502,1.240276
4845,human,0,128,0,1.217025,1.007346,1.225965
4845,human,1,128,0,1.369271,1.020732,1.397658
4845,human,2,128,0,1.211474,0.934793,1.132477
4845,human,3,128,0,1.314683,1.061535,1.395582
4845,human,4,111,0,1.163013,1.490037,1.732933
4845,lm,0,103,0,1.687697,0.353102,0.595928
4846,human,0,21,0,1.117493,1.328852,1.484983
4846,lm,0,10,0,1.131528,1.638838,1.854391
4847,human,0,38,0,1.164197,1.017885,1.185018
4847,lm,0,45,0,1.440069,0.602872,0.868177
4849,human,0,76,0,1.171124,1.401939,1.641844
4849,lm,0,13,0,1.201156,1.048350,1.259232
485,human,0,64,0,1.702965,0.533592,0.908689
485,lm,0,128,0,1.769860,0.512314,0.906725
485,lm,1,12,0,1.448159,1.132592,1.640174
4850,human,0,128,0,1.333122,0.798443,1.064422
4850,human,1,41,0,1.147770,1.660407,1.905765
4850,lm,0,110,0,1.485172,0.586523,0.871087
4851,human,0,30,0,1.149699,1.175216,1.351144
4851,lm,0,10,0,1.146076,2.761188,3.164530
4852,human,0,11,0,1.335992,0.497518,0.664681
4852,lm,0,2,0,1.157088,1.103978,1.277399
4853,human,0,60,0,1.397938,0.686159,0.959208
4853,lm,0,19,0,1.428807,0.566489,0.809403
4854,human,0,128,0,1.322485,0.694440,0.918387
4854,human,1,128,0,1.386050,0.803913,1.114263
4854,human,2,49,0,1.336394,0.754960,1.008924
4854,lm,0,85,0,1.398978,0.654533,0.915677
4855,human,0,80,0,1.294929,0.714500,0.925227
4855,lm,0,15,0,1.380286,1.401886,1.935004
4856,human,0,79,0,1.380997,0.976853,1.349031
4856,lm,0,11,0,1.178154,1.102778,1.299242
4857,human,0,61,0,1.328044,0.918884,1.220319
4857,lm,0,105,0,1.753144,0.227764,0.399304
4858,human,0,128,0,1.429687,0.592567,0.847185
4858,human,1,128,0,1.145244,1.906991,2.183969
4858,human,2,128,0,1.196208,1.501195,1.795740
4858,human,3,128,0,1.349114,1.201363,1.620775
4858,human,4,69,0,1.337605,1.242243,1.661630
4858,lm,0,11,0,1.191174,2.008232,2.392153
4859,human,0,66,0,1.264970,1.126543,1.425043
4859,lm,0,39,0,1.414721,1.197027,1.693460
486,human,0,128,0,1.455641,0.618807,0.900760
486,human,1,26,0,1.077898,2.103673,2.267545
486,lm,0,90,0,1.497670,0.579625,0.868087
4860,human,0,95,0,1.415870,0.633721,0.897267
4860,lm,0,35,0,1.413607,0.870294,1.230254
4861,human,0,128,0,1.315551,0.742684,0.977039
4861,human,1,62,0,1.328591,0.851134,1.130808
4861,lm,0,124,0,1.516199,0.630155,0.955440
4862,human,0,12,0,1.105768,1.185639,1.311041
4862,lm,0,8,0,1.215282,0.800854,0.973263
4863,human,0,77,0,1.199917,1.372695,1.647119
4863,lm,0,16,0,1.150477,0.811464,0.933571
4865,human,0,128,0,1.509409,0.655519,0.989447
4865,human,1,2,0,0.962642,7.478170,7.198802
4865,lm,0,10,0,1.242102,1.415419,1.758095
4866,human,0,128,0,1.313007,1.101099,1.445752
4866,human,1,128,0,1.253940,1.288008,1.615085
4866,human,2,128,0,1.203040,1.800417,2.165975
4866,human,3,128,0,1.195341,1.313386,1.569945
4866,human,4,128,0,1.372738,0.918322,1.260615
4866,human,5,128,0,1.261756,1.215922,1.534198
4866,human,6,128,0,1.216877,1.151540,1.401283
4866,human,7,3,0,0.943319,6.825460,6.438589
4866,lm,0,128,0,1.344580,0.822255,1.105588
4866,lm,1,5,0,0.983615,4.731483,4.653957
4867,human,0,128,0,1.309816,0.859146,1.125323
4867,lm,0,55,0,1.518469,0.678962,1.030983
4868,human,0,24,0,1.216715,0.952019,1.158335
4868,lm,0,52,0,1.395901,0.587169,0.819629
4869,human,0,128,0,1.334086,0.612355,0.816934
4869,human,1,128,0,1.316997,1.383097,1.821535
4869,human,2,13,0,1.047301,2.137664,2.238777
4869,lm,0,120,0,1.694596,0.451851,0.765704
487,human,0,128,0,1.316221,0.707362,0.931044
487,human,1,4,0,0.969950,3.996088,3.876004
487,lm,0,128,0,1.565685,0.302208,0.473163
487,lm,1,128,0,1.580891,0.323741,0.511799
487,lm,2,128,0,1.504440,0.380370,0.572243
487,lm,3,75,0,1.423890,0.525710,0.748553
4870,human,0,128,0,1.484355,0.692289,1.027603
4870,human,1,120,0,1.375854,0.618710,0.851254
4870,lm,0,42,0,1.510889,0.665867,1.006051
4872,human,0,52,0,1.183837,0.880837,1.042767
4872,lm,0,97,0,1.545643,0.433887,0.670635
4873,human,0,23,0,1.286939,1.030665,1.326403
4873,lm,0,30,0,1.384637,0.949161,1.314244
4874,human,0,128,0,1.498658,0.750598,1.124890
4874,human,1,42,0,1.196701,1.948144,2.331346
4874,lm,0,82,0,1.541426,0.674274,1.039344
4875,human,0,96,0,1.197759,1.196697,1.433355
4875,lm,0,25,0,1.226926,1.723886,2.115081
4876,human,0,128,0,1.333684,0.866163,1.155188
4876,human,1,128,0,1.397271,0.738610,1.032038
4876,human,2,128,0,1.511178,0.542866,0.820368
4876,human,3,4,0,0.945608,5.437133,5.141398
4876,lm,0,128,0,1.638523,0.579862,0.950118
4876,lm,1,41,0,1.402368,1.008604,1.414433
4877,human,0,128,0,1.382287,0.409685,0.566303
4877,human,1,112,0,1.498503,0.501795,0.751941
4877,lm,0,73,0,1.310089,0.415402,0.544213
4878,human,0,27,0,1.232429,0.692944,0.854004
4878,lm,0,9,0,1.058424,2.016840,2.134671
4879,human,0,122,0,1.470993,0.437245,0.643184
4879,lm,0,128,0,1.534372,0.544811,0.835943
4879,lm,1,128,0,1.350452,0.898233,1.213021
4879,lm,2,2,0,0.949434,6.777647,6.434928
488,human,0,128,0,1.618832,0.479951,0.776960
488,human,1,123,0,1.527285,0.842969,1.287454
488,lm,0,46,0,1.485585,0.760412,1.129656
4880,human,0,54,0,1.526526,0.401788,0.613339
4880,lm,0,56,0,1.748774,0.250905,0.438775
4881,human,0,37,0,1.161644,1.473112,1.711232
4881,lm,0,10,0,1.087818,2.256547,2.454714
4882,human,0,50,0,1.434088,0.711796,1.020778
4882,lm,0,83,0,1.542363,0.610514,0.941634
4883,human,0,27,0,1.393713,0.683747,0.952947
4883,lm,0,26,0,1.414001,0.748792,1.058792
4884,human,0,66,0,1.284093,0.986166,1.266329
4884,lm,0,11,0,1.068593,1.983470,2.119522
4885,human,0,128,0,1.364797,0.783291,1.069034
4885,human,1,60,0,1.371517,1.206736,1.655059
4885,lm,0,19,0,1.224494,1.066130,1.305470
4886,human,0,128,0,1.233804,0.943614,1.164234
4886,human,1,128,0,1.183912,1.046792,1.239309
4886,human,2,74,0,1.312920,1.025304,1.346142
4886,lm,0,110,0,1.571288,0.716576,1.125947
4887,human,0,16,0,1.202313,1.696766,2.040043
4887,lm,0,43,0,1.484283,0.382002,0.566999
4888,human,0,128,0,1.261624,1.091792,1.377431
4888,human,1,128,0,1.320224,0.647602,0.854980
4888,human,2,128,0,1.526654,0.580400,0.886071
4888,human,3,40,0,1.372130,0.770305,1.056959
4888,lm,0,78,0,1.845870,0.442241,0.816320
4889,human,0,128,0,1.370616,0.655775,0.898815
4889,human,1,128,0,1.323625,0.595000,0.787557
4889,human,2,111,0,1.217286,1.253551,1.525929
4889,lm,0,21,0,1.328348,0.700199,0.930107
489,human,0,108,0,1.340344,0.715772,0.959381
489,lm,0,47,0,1.476785,0.579777,0.856206
4890,human,0,128,0,1.367472,0.541837,0.740947
4890,human,1,128,0,1.184298,1.120583,1.327104
4890,human,2,128,0,1.255058,0.825408,1.035935
4890,human,3,12,0,1.045844,1.389963,1.453684
4890,lm,0,78,0,1.759403,0.367725,0.646977
4891,human,0,128,0,1.333713,0.777649,1.037161
4891,human,1,128,0,1.309511,1.134384,1.485489
4891,human,2,104,0,1.198774,1.553491,1.862285
4891,lm,0,9,0,1.089327,1.833262,1.997021
4892,human,0,72,0,1.380406,0.745660,1.029314
4892,lm,0,46,0,1.423132,0.897741,1.277603
4893,human,0,106,0,1.224602,1.300469,1.592557
4893,lm,0,78,0,2.548763,0.258586,0.659073
4894,human,0,128,0,1.548485,0.663119,1.026830
4894,human,1,77,0,1.326980,1.252447,1.661971
4894,lm,0,12,0,1.136995,1.923833,2.187389
4895,human,0,26,0,1.196315,1.886350,2.256668
4895,lm,0,45,0,1.257670,1.374432,1.728583
4896,human,0,34,0,1.412214,0.708999,1.001258
4896,lm,0,22,0,1.329905,0.964914,1.283244
4897,human,0,128,0,1.282078,0.856046,1.097517
4897,human,1,128,0,1.436282,0.512898,0.736667
4897,human,2,128,0,1.268463,0.892458,1.132049
4897,human,3,128,0,1.247026,0.995246,1.241097
4897,human,4,128,0,1.314733,0.911525,1.198412
4897,human,5,128,0,1.475964,0.883195,1.303564
4897,human,6,71,0,1.383040,1.463024,2.023420
4897,lm,0,128,0,1.607129,0.404241,0.649668
4897,lm,1,5,0,1.000512,3.546779,3.548594
4898,human,0,128,0,1.483069,0.502157,0.744734
4898,human,1,119,0,1.540098,0.636239,0.979871
4898,lm,0,11,0,1.257198,0.801614,1.007788
4899,human,0,103,0,1.476608,0.721464,1.065319
4899,lm,0,87,0,1.812321,0.392391,0.711138
49,human,0,128,0,1.405173,0.728260,1.023332
49,human,1,81,0,1.482145,0.545674,0.808768
49,lm,0,128,0,1.938554,0.266497,0.516619
49,lm,1,35,0,1.338526,0.972158,1.301259
490,human,0,128,0,1.500698,0.620320,0.930913
490,human,1,128,0,1.335693,0.986313,1.317411
490,human,2,2,0,1.173689,1.544383,1.812625
490,lm,0,92,0,1.769977,0.420366,0.744039
4900,human,0,128,0,1.513918,0.641942,0.971847
4900,human,1,96,0,1.330180,0.928977,1.235707
4900,lm,0,128,0,1.538490,0.448108,0.689410
4900,lm,1,35,0,1.300367,0.663540,0.862845
4901,human,0,126,0,1.207596,0.977506,1.180431
4901,lm,0,67,0,1.345216,0.748583,1.007006
4902,human,0,74,0,2.467390,0.201390,0.496907
4902,lm,0,63,0,1.916016,0.303676,0.581848
4903,human,0,75,0,1.547338,0.392545,0.607399
4903,lm,0,52,0,1.431637,0.408702,0.585113
4904,human,0,34,0,1.080556,1.818360,1.964840
4904,lm,0,46,0,1.728582,0.704673,1.218085
4905,human,0,122,0,1.397756,1.049572,1.467045
4905,lm,0,81,0,2.541764,0.222416,0.565330
4906,human,0,128,0,1.385317,0.707580,0.980223
4906,human,1,128,0,1.451237,0.667057,0.968057
4906,human,2,104,0,1.421213,0.588014,0.835693
4906,lm,0,118,0,1.518362,0.428903,0.651229
4907,human,0,71,0,1.552672,0.640582,0.994613
4907,lm,0,128,0,1.801069,0.389092,0.700782
4907,lm,1,17,0,1.300831,1.900624,2.472391
4908,human,0,85,0,1.405179,0.705711,0.991650
4908,lm,0,87,0,1.410293,0.537716,0.758336
4909,human,0,78,0,1.212387,1.276512,1.547626
4909,lm,0,44,0,1.161972,2.057429,2.390675
491,human,0,23,0,1.180641,1.270139,1.499578
491,lm,0,9,0,1.092784,1.502127,1.641500
4910,human,0,128,0,1.300915,0.704076,0.915942
4910,human,1,9,0,0.947820,5.655968,5.360840
4910,lm,0,31,0,1.262632,0.909729,1.148653
4911,human,0,35,0,1.149023,1.132703,1.301503
4911,lm,0,14,0,1.271423,0.885069,1.125297
4912,human,0,63,0,1.382560,0.527693,0.729567
4912,lm,0,37,0,1.375078,0.606783,0.834374
4914,human,0,29,0,1.201191,1.042756,1.252549
4914,lm,0,13,0,1.131535,1.428334,1.616209
4915,human,0,26,0,1.420451,0.671316,0.953572
4915,lm,0,7,0,1.205717,1.042807,1.257330
4916,human,0,128,0,1.586548,0.687005,1.089967
4916,human,1,128,0,1.447192,0.697084,1.008814
4916,human,2,8,0,1.270064,2.612392,3.317904
4916,lm,0,100,0,1.839653,0.322080,0.592515
4918,human,0,128,0,1.338470,1.036464,1.387276
4918,human,1,94,0,1.256682,0.945787,1.188554
4918,lm,0,46,0,1.336114,1.140252,1.523506
4919,human,0,65,0,1.609072,0.546366,0.879142
4919,lm,0,53,0,2.116921,0.280221,0.593206
492,human,0,39,0,1.226609,1.177251,1.444026
492,lm,0,48,0,1.688579,0.517703,0.874183
4920,human,0,15,0,1.085784,2.168135,2.354128
4920,lm,0,8,0,1.153531,1.690984,1.950603
4921,human,0,101,0,1.586175,0.584655,0.927365
4921,lm,0,68,0,1.829310,0.518264,0.948065
4922,human,0,128,0,1.264316,1.137942,1.438718
4922,human,1,37,0,1.297287,0.987948,1.281653
4922,lm,0,86,0,1.524279,0.472211,0.719782
4926,human,0,27,0,1.215823,1.222837,1.486753
4926,lm,0,11,0,1.155770,2.083956,2.408574
4927,human,0,128,0,1.251447,1.273571,1.593806
4927,human,1,48,0,1.133737,2.449768,2.777392
4927,lm,0,128,0,1.833336,0.379531,0.695807
4927,lm,1,25,0,1.271483,1.264443,1.607718
4928,human,0,128,0,1.470947,0.542284,0.797671
4928,human,1,49,0,1.165198,1.304788,1.520337
4928,lm,0,7,0,1.069226,2.033141,2.173888
4930,human,0,18,0,1.171901,1.189584,1.394074
4930,lm,0,66,0,1.429041,0.504959,0.721607
4931,human,0,32,0,1.198172,1.265012,1.515702
4931,lm,0,10,0,1.298380,2.142216,2.781409
4932,human,0,39,0,1.284421,1.046315,1.343909
4932,lm,0,80,0,1.866138,0.534746,0.997910
4933,human,0,128,0,1.327780,0.977887,1.298419
4933,human,1,74,0,1.257461,1.097920,1.380591
4933,lm,0,35,0,1.271862,1.047957,1.332857
4934,human,0,32,0,1.205944,1.229997,1.483307
4934,lm,0,34,0,1.234095,1.172464,1.446932
4935,human,0,35,0,1.203755,1.386223,1.668673
4935,lm,0,45,0,2.006167,0.451801,0.906389
4936,human,0,128,0,1.408709,0.710974,1.001556
4936,human,1,128,0,1.150280,1.266429,1.456747
4936,human,2,69,0,1.215058,1.408761,1.711726
4936,lm,0,30,0,1.303463,1.410141,1.838067
4937,human,0,91,0,1.315263,0.748307,0.984220
4937,lm,0,48,0,1.384792,0.906498,1.255312
4939,human,0,17,0,1.269543,1.120936,1.423076
4939,lm,0,35,0,1.483126,1.094739,1.623636
4940,human,0,120,0,1.412007,0.604872,0.854083
4940,lm,0,128,0,1.839127,0.329655,0.606277
4940,lm,1,7,0,1.207081,1.794668,2.166309
4941,human,0,86,0,1.277706,0.949082,1.212648
4941,lm,0,11,0,1.240199,1.779016,2.206335
4942,human,0,128,0,1.477542,0.624152,0.922211
4942,human,1,19,0,1.165837,1.221021,1.423512
4942,lm,0,88,0,1.925946,0.255269,0.491635
4943,human,0,106,0,1.451274,0.998490,1.449083
4943,lm,0,128,0,1.857006,0.413570,0.768002
4943,lm,1,100,0,1.585256,0.345832,0.548232
4944,human,0,43,0,1.335991,0.944862,1.262327
4944,lm,0,103,0,1.704918,0.286956,0.489236
4945,human,0,29,0,1.253324,1.051212,1.317509
4945,lm,0,128,0,1.964429,0.355860,0.699062
4945,lm,1,6,0,1.089128,3.321895,3.617970
4946,human,0,13,0,1.109879,1.333240,1.479736
4946,lm,0,12,0,1.101628,1.977995,2.179015
4947,human,0,77,0,1.463197,0.527213,0.771416
4947,lm,0,35,0,1.505878,0.392549,0.591131
4948,human,0,68,0,1.695627,0.425821,0.722033
4948,lm,0,9,0,1.121034,1.397342,1.566468
495,human,0,128,0,1.446913,0.779103,1.127295
495,human,1,58,0,1.124113,2.063617,2.319738
495,lm,0,80,0,1.523878,0.652997,0.995088
4950,human,0,128,0,1.377838,1.008012,1.388878
4950,human,1,44,0,1.290636,1.189608,1.535351
4950,lm,0,47,0,1.863521,0.607652,1.132372
4951,human,0,55,0,1.279316,1.018779,1.303341
4951,lm,0,56,0,1.423098,0.495571,0.705246
4952,human,0,87,0,1.435395,0.589376,0.845987
4952,lm,0,24,0,1.248694,1.142518,1.426655
4953,human,0,42,0,1.080040,1.815832,1.961172
4953,lm,0,36,0,1.353474,0.847741,1.147395
4954,human,0,128,0,1.386277,0.653629,0.906110
4954,human,1,10,0,1.094989,3.571597,3.910858
4954,lm,0,108,0,1.891211,0.389649,0.736908
4955,human,0,77,0,1.461675,0.596594,0.872026
4955,lm,0,9,0,1.079967,1.357345,1.465888
4956,human,0,128,0,1.688589,0.612440,1.034160
4956,human,1,128,0,1.247865,1.174972,1.466206
4956,human,2,26,0,1.040192,2.424480,2.521925
4956,lm,0,13,0,1.251490,0.736170,0.921309
4957,human,0,128,0,1.481141,0.649906,0.962603
4957,human,1,42,0,1.497264,1.035871,1.550972
4957,lm,0,47,0,1.486944,0.549135,0.816533
4958,human,0,128,0,1.312480,0.833221,1.093586
4958,human,1,13,0,1.091117,2.795464,3.050179
4958,lm,0,12,0,1.337986,0.738848,0.988568
496,human,0,81,0,1.381398,0.675383,0.932974
496,lm,0,128,0,1.932352,0.369802,0.714588
496,lm,1,11,0,1.159587,2.292974,2.658904
4960,human,0,128,0,1.476329,0.566379,0.836161
4960,human,1,13,0,1.503431,1.034817,1.555777
4960,lm,0,67,0,1.678186,0.486292,0.816088
4961,human,0,128,0,1.496261,0.476266,0.712618
4961,human,1,58,0,1.397528,1.121163,1.566856
4961,lm,0,128,0,1.464407,0.578037,0.846481
4961,lm,1,58,0,1.745199,0.371935,0.649100
4962,human,0,61,0,1.302374,0.719553,0.937128
4962,lm,0,36,0,1.219594,1.331927,1.624410
4963,human,0,128,0,1.247364,0.722745,0.901525
4963,human,1,128,0,1.312018,0.782506,1.026662
4963,human,2,112,0,1.182539,1.303466,1.541399
4963,lm,0,21,0,1.190792,1.061865,1.264460
4964,human,0,22,0,1.193497,0.903989,1.078908
4964,lm,0,92,0,1.388831,0.516299,0.717052
4965,human,0,128,0,1.353923,0.661707,0.895900
4965,human,1,10,0,1.081067,2.868433,3.100968
4965,lm,0,38,0,1.334802,0.797533,1.064549
4966,human,0,128,0,1.343515,0.734399,0.986676
4966,human,1,128,0,1.794557,0.344617,0.618435
4966,human,2,128,0,1.207927,1.329648,1.606118
4966,human,3,128,0,1.352821,0.668076,0.903788
4966,human,4,19,0,1.099854,2.023579,2.225641
4966,lm,0,128,0,2.482436,0.184743,0.458612
4966,lm,1,128,0,2.599113,0.164251,0.426908
4966,lm,2,49,0,1.993595,0.272952,0.544156
4967,human,0,24,0,1.161240,1.183814,1.374692
4967,lm,0,45,0,1.479267,0.691774,1.023319
4968,human,0,87,0,1.595943,0.677798,1.081728
4968,lm,0,14,0,1.274632,0.873552,1.113457
4969,human,0,48,0,1.496237,0.631644,0.945089
4969,lm,0,12,0,1.159753,2.273561,2.636769
497,human,0,38,0,1.373436,1.056209,1.450636
497,lm,0,21,0,1.281480,1.047080,1.341812
4970,human,0,126,0,1.334559,0.699013,0.932875
4970,lm,0,105,0,1.681095,0.465787,0.783033
4971,human,0,44,0,1.327341,0.986319,1.309181
4971,lm,0,10,0,1.264029,1.721419,2.175924
4972,human,0,77,0,1.525170,0.550763,0.840007
4972,lm,0,128,0,1.699096,0.513954,0.873257
4972,lm,1,99,0,1.510154,0.976534,1.474717
4973,human,0,64,0,1.395469,0.772523,1.078032
4973,lm,0,42,0,1.382624,0.616473,0.852351
4974,human,0,31,0,1.260016,0.875678,1.103369
4974,lm,0,18,0,1.147513,1.432549,1.643868
4976,human,0,55,0,1.425726,0.713639,1.017454
4976,lm,0,91,0,1.753456,0.405202,0.710504
4977,human,0,73,0,1.192654,1.019176,1.215524
4977,lm,0,59,0,1.424265,0.721102,1.027041
4978,human,0,128,0,1.085540,1.409205,1.529749
4978,human,1,128,0,0.948018,1.634459,1.549497
4978,human,2,89,0,1.080515,1.335343,1.442859
4978,lm,0,95,0,1.380773,0.613352,0.846900
4979,human,0,42,0,1.335211,0.774788,1.034506
4979,lm,0,20,0,1.424963,0.385055,0.548689
498,human,0,128,0,1.346870,0.879950,1.185178
498,human,1,128,0,1.251192,0.799278,1.000050
498,human,2,128,0,1.417022,0.479724,0.679780
498,human,3,75,0,1.446541,0.511829,0.740381
498,lm,0,128,0,1.364313,0.595273,0.812138
498,lm,1,7,0,1.060560,4.199205,4.453509
4980,human,0,54,0,1.394685,0.674824,0.941167
4980,lm,0,128,0,1.543368,0.254971,0.393514
4980,lm,1,38,0,1.189509,1.125166,1.338396
4982,human,0,128,0,1.355603,0.846059,1.146920
4982,human,1,128,0,1.240418,0.676716,0.839411
4982,human,2,128,0,1.411189,0.594192,0.838517
4982,human,3,84,0,1.273182,0.895950,1.140708
4982,lm,0,128,0,1.641201,0.532388,0.873755
4982,lm,1,124,0,1.508796,0.563073,0.849562
4983,human,0,128,0,1.458085,0.703260,1.025413
4983,human,1,77,0,1.458804,0.853779,1.245496
4983,lm,0,110,0,1.448302,0.578415,0.837720
4984,human,0,128,0,1.334890,0.986335,1.316649
4984,human,1,128,0,1.371252,1.165105,1.597653
4984,human,2,128,0,1.462284,0.421278,0.616028
4984,lm,0,96,0,2.136934,0.174069,0.371975
4985,human,0,128,0,1.233076,1.103395,1.360570
4985,human,1,78,0,1.221522,1.170619,1.429936
4985,lm,0,10,0,1.073099,3.485834,3.740646
4986,human,0,24,0,1.143166,0.933504,1.067150
4986,lm,0,26,0,1.274490,1.058737,1.349349
4987,human,0,76,0,1.356083,0.736709,0.999039
4987,lm,0,81,0,1.715688,0.385496,0.661391
4988,human,0,44,0,1.477744,0.424230,0.626903
4988,lm,0,25,0,1.357623,0.581328,0.789224
4989,human,0,87,0,1.201081,1.206125,1.448654
4989,lm,0,38,0,1.274259,0.850591,1.083873
499,human,0,57,0,1.580941,0.257121,0.406494
499,lm,0,98,0,1.575083,0.455296,0.717129
4990,human,0,57,0,1.378935,0.699116,0.964036
4990,lm,0,15,0,1.192737,1.576135,1.879915
4991,human,0,47,0,1.152165,1.237083,1.425323
4991,lm,0,35,0,1.190251,1.746421,2.078679
4992,human,0,28,0,1.097831,1.397216,1.533907
4992,lm,0,10,0,1.249622,1.478184,1.847172
4993,human,0,57,0,1.307416,0.771244,1.008337
4993,lm,0,71,0,1.358594,0.583430,0.792645
4994,human,0,128,0,1.403491,0.669015,0.938957
4994,human,1,128,0,1.268329,1.109439,1.407134
4994,human,2,37,0,1.239941,1.081771,1.341332
4994,lm,0,64,0,1.454529,0.515303,0.749523
4995,human,0,101,0,1.628629,0.540113,0.879643
4995,lm,0,53,0,1.887368,0.494640,0.933567
4997,human,0,128,0,1.555743,0.775520,1.206510
4997,human,1,1,0,1.000000,7.625107,7.625107
4997,lm,0,44,0,1.758243,1.025775,1.803561
4998,human,0,128,0,1.227760,1.098434,1.348614
4998,human,1,128,0,1.347450,0.945321,1.273773
4998,human,2,128,0,1.315013,0.962627,1.265867
4998,human,3,5,0,1.012491,3.949077,3.998405
4998,lm,0,128,0,1.634168,0.690071,1.127691
4998,lm,1,102,0,1.367495,0.824471,1.127459
4999,human,0,128,0,1.560365,0.577229,0.900688
4999,human,1,38,0,1.279327,0.763070,0.976217
4999,lm,0,24,0,1.380085,0.720558,0.994432
5,human,0,128,0,1.381841,0.836920,1.156490
5,human,1,11,0,1.309804,1.548676,2.028462
5,lm,0,67,0,1.439490,0.874028,1.258154
50,human,0,29,0,1.241218,0.954319,1.184519
50,lm,0,16,0,1.244730,1.108220,1.379434
500,human,0,128,0,1.826192,0.275944,0.503926
500,human,1,128,0,2.519514,0.177743,0.447826
500,human,2,85,0,2.044567,0.308449,0.630644
500,lm,0,122,0,2.754573,0.081244,0.223791
5000,human,0,50,0,1.319838,0.921900,1.216758
5000,lm,0,128,0,2.003910,0.264551,0.530136
5000,lm,1,8,0,1.194262,1.304706,1.558161
501,human,0,26,0,1.408993,0.440833,0.621130
501,lm,0,2,0,1.097648,1.274802,1.399284
503,human,0,46,0,1.297879,0.929618,1.206532
503,lm,0,10,0,1.130183,1.456451,1.646056
504,human,0,128,0,1.355468,0.811242,1.099612
504,human,1,26,0,1.413201,0.944431,1.334670
504,lm,0,128,0,1.498020,0.592031,0.886874
504,lm,1,31,0,1.352357,1.423411,1.924961
505,human,0,39,0,1.296924,1.024489,1.328684
505,lm,0,50,0,1.756042,0.567485,0.996527
506,human,0,59,0,1.326395,1.302513,1.727647
506,lm,0,21,0,1.167109,1.298473,1.515460
507,human,0,32,0,1.255259,1.022660,1.283703
507,lm,0,10,0,1.153196,1.787012,2.060775
509,human,0,128,0,1.222725,1.020530,1.247828
509,human,1,128,0,1.349566,0.546650,0.737740
509,human,2,128,0,1.212573,0.980233,1.188604
509,human,3,128,0,1.361116,0.971621,1.322489
509,human,4,128,0,1.195582,1.039538,1.242853
509,human,5,128,0,1.372109,0.596903,0.819017
509,human,6,128,0,1.274415,0.881076,1.122857
509,human,7,128,0,1.115891,1.359696,1.517273
509,human,8,90,0,1.119692,1.545915,1.730949
509,lm,0,34,0,1.603755,0.438017,0.702471
51,human,0,71,0,1.344602,0.825237,1.109615
51,lm,0,83,0,1.438739,0.653246,0.939851
511,human,0,108,0,1.420133,0.268334,0.381070
511,lm,0,7,0,1.240388,0.720864,0.894151
512,human,0,128,0,1.288005,1.149641,1.480744
512,human,1,128,0,1.221868,1.009354,1.233296
512,human,2,128,0,1.235217,1.075861,1.328921
512,human,3,80,0,1.195278,1.549501,1.852084
512,lm,0,68,0,1.541133,0.475984,0.733555
513,human,0,43,0,1.246936,1.285200,1.602562
513,lm,0,25,0,1.162002,1.837710,2.135422
514,human,0,128,0,2.169871,0.401964,0.872211
514,human,1,2,0,1.131051,4.394449,4.970346
514,lm,0,10,0,1.247109,1.519050,1.894421
516,human,0,54,0,1.314805,1.055600,1.387908
516,lm,0,47,0,1.541455,0.863649,1.331277
517,human,0,21,0,1.502632,0.630485,0.947387
517,lm,0,21,0,1.462252,0.630485,0.921928
518,human,0,10,0,1.368067,0.829973,1.135458
518,lm,0,9,0,1.476556,0.794730,1.173464
519,human,0,46,0,1.462883,0.909079,1.329876
519,lm,0,11,0,1.095382,2.494648,2.732591
52,human,0,128,0,1.328349,0.591068,0.785144
52,human,1,121,0,1.214052,1.307441,1.587302
52,lm,0,20,0,1.473463,0.747200,1.100972
520,human,0,65,0,1.488284,0.759674,1.130611
520,lm,0,69,0,1.511585,0.611034,0.923630
522,human,0,128,0,1.501084,0.527722,0.792155
522,human,1,128,0,1.320867,0.539441,0.712530
522,human,2,10,0,1.294286,0.625364,0.809400
522,lm,0,74,0,1.820045,0.218389,0.397478
523,human,0,128,0,1.761557,0.330838,0.582790
523,human,1,65,0,1.488269,0.728584,1.084329
523,lm,0,76,0,1.577098,0.416657,0.657109
524,human,0,72,0,1.263949,0.970399,1.226535
524,lm,0,88,0,1.513985,0.571004,0.864492
525,human,0,12,0,1.189503,1.244143,1.479911
525,lm,0,98,0,2.603935,0.148366,0.386336
526,human,0,86,0,1.295643,0.640943,0.830434
526,lm,0,65,0,1.251405,0.841170,1.052644
527,human,0,128,0,1.390001,0.663442,0.922185
527,human,1,81,0,1.332257,0.819215,1.091405
527,lm,0,79,0,1.413168,0.449218,0.634820
528,human,0,56,0,1.402103,1.011258,1.417889
528,lm,0,38,0,1.404569,1.021058,1.434147
53,human,0,128,0,1.487631,0.393521,0.585414
53,human,1,5,0,1.026769,1.873875,1.924037
53,lm,0,17,0,1.512470,0.667925,1.010216
530,human,0,9,0,1.068686,2.362844,2.525139
530,lm,0,43,0,1.554306,0.405452,0.630197
531,human,0,64,0,1.542919,0.707282,1.091279
531,lm,0,32,0,1.424638,0.575225,0.819488
532,human,0,117,0,1.433670,0.714981,1.025046
532,lm,0,38,0,1.407279,0.840523,1.182850
533,human,0,76,0,1.195440,1.287512,1.539144
533,lm,0,71,0,1.221284,1.349759,1.648439
534,human,0,128,0,1.181622,1.303230,1.539925
534,human,1,75,0,1.275444,1.400429,1.786168
534,lm,0,42,0,1.501756,0.996214,1.496070
535,human,0,128,0,1.609142,0.579759,0.932915
535,human,1,128,0,1.386650,0.822871,1.141033
535,human,2,6,0,1.464234,0.897032,1.313465
535,lm,0,65,0,1.938433,0.331429,0.642454
536,human,0,32,0,1.220816,0.888532,1.084735
536,lm,0,54,0,1.760706,0.637958,1.123256
537,human,0,95,0,1.419440,0.467127,0.663058
537,lm,0,11,0,1.107546,1.251666,1.386277
538,human,0,77,0,1.253482,0.995904,1.248348
538,lm,0,20,0,1.270430,1.264246,1.606136
539,human,0,128,0,1.492391,0.560219,0.836066
539,human,1,21,0,1.264406,1.531815,1.936837
539,lm,0,95,0,2.172146,0.192372,0.417860
54,human,0,41,0,1.376764,0.942602,1.297741
54,lm,0,9,0,1.128582,1.836411,2.072541
540,human,0,110,0,1.342590,0.684684,0.919249
540,lm,0,42,0,1.518106,0.678947,1.030713
542,human,0,53,0,1.679216,0.507099,0.851528
542,lm,0,35,0,1.924881,0.324770,0.625144
544,human,0,28,0,1.152804,0.877196,1.011235
544,lm,0,128,0,1.576191,0.374195,0.589803
544,lm,1,128,0,1.403980,0.390438,0.548167
544,lm,2,128,0,1.391659,0.719859,1.001798
544,lm,3,32,0,1.364280,1.116857,1.523707
545,human,0,53,0,1.265495,0.919986,1.164237
545,lm,0,7,0,1.097601,1.139817,1.251065
548,human,0,12,0,1.281796,0.697252,0.893735
548,lm,0,19,0,1.349422,0.486476,0.656461
55,human,0,20,0,1.265298,0.709775,0.898076
55,lm,0,77,0,1.703623,0.332537,0.566517
550,human,0,70,0,1.793153,0.398168,0.713976
550,lm,0,64,0,2.237862,0.252578,0.565235
551,human,0,128,0,1.435184,0.460613,0.661064
551,human,1,9,0,1.061290,3.475364,3.688368
551,lm,0,57,0,1.634208,0.315345,0.515339
554,human,0,82,0,1.235725,1.430721,1.767978
554,lm,0,17,0,1.210748,2.236246,2.707530
555,human,0,128,0,1.355133,0.578002,0.783270
555,human,1,128,0,1.260125,1.071039,1.349642
555,human,2,128,0,1.089775,1.249807,1.362008
555,human,3,128,0,1.137797,1.705236,1.940212
555,human,4,128,0,1.100195,0.907007,0.997885
555,human,5,108,0,1.109720,1.078034,1.196316
555,lm,0,9,0,1.066907,1.856202,1.980395
556,human,0,128,0,1.228204,0.972368,1.194267
556,human,1,128,0,0.982010,1.976600,1.941041
556,human,2,95,0,1.043076,1.606592,1.675798
556,lm,0,69,0,1.379429,0.551335,0.760528
557,human,0,105,0,1.469095,0.407909,0.599258
557,lm,0,49,0,1.710842,0.237898,0.407005
558,human,0,95,0,1.257590,0.820844,1.032285
558,lm,0,23,0,1.214607,1.345830,1.634655
559,human,0,100,0,1.242327,1.141931,1.418652
559,lm,0,60,0,1.417584,0.852399,1.208347
56,human,0,50,0,1.270225,0.864770,1.098452
56,lm,0,44,0,1.432588,0.943889,1.352203
560,human,0,103,0,1.349938,0.626875,0.846242
560,lm,0,106,0,1.665397,0.268194,0.446649
561,human,0,72,0,1.336004,0.920762,1.230142
561,lm,0,32,0,1.426035,0.674787,0.962269
562,human,0,128,0,1.477906,0.449426,0.664210
562,lm,0,76,0,1.777272,0.428477,0.761520
563,human,0,47,0,1.212923,0.922861,1.119359
563,lm,0,61,0,1.582074,0.655952,1.037765
564,human,0,128,0,1.415569,0.790204,1.118587
564,human,1,128,0,1.344941,0.979806,1.317781
564,human,2,5,0,0.963696,5.843019,5.630895
564,lm,0,24,0,1.334258,1.527877,2.038581
565,human,0,128,0,2.217876,0.228282,0.506301
565,human,1,16,0,1.363811,0.921346,1.256541
565,lm,0,126,0,2.996440,0.108940,0.326432
566,human,0,64,0,1.308549,0.886064,1.159459
566,lm,0,33,0,1.876754,0.288070,0.540636
568,human,0,61,0,1.435398,0.818882,1.175422
568,lm,0,10,0,1.564937,1.603774,2.509805
569,human,0,70,0,1.463584,0.738398,1.080707
569,lm,0,11,0,1.140248,1.125331,1.283156
57,human,0,68,0,1.323482,0.825075,1.091971
57,lm,0,128,0,2.994441,0.166629,0.498961
57,lm,1,128,0,1.661383,0.387157,0.643216
57,lm,2,32,0,1.389484,1.120174,1.556463
570,human,0,45,0,1.502424,0.907639,1.363659
570,lm,0,10,0,1.483901,1.680958,2.494376
571,human,0,91,0,1.305852,0.838464,1.094910
571,lm,0,17,0,1.208727,1.142329,1.380764
572,human,0,128,0,1.269733,1.014091,1.287625
572,human,1,87,0,1.100352,2.418525,2.661230
572,lm,0,18,0,1.053623,1.967923,2.073448
573,human,0,128,0,1.214276,1.017433,1.235444
573,human,1,128,0,1.610687,0.387822,0.624660
573,human,2,43,0,1.214389,0.757500,0.919899
573,lm,0,103,0,1.428244,0.503882,0.719666
574,human,0,128,0,1.291839,1.064863,1.375631
574,human,1,128,0,1.246277,1.223121,1.524347
574,human,2,128,0,1.200435,1.541082,1.849968
574,human,3,128,0,1.332566,0.797950,1.063322
574,human,4,128,0,1.243516,1.535162,1.908998
574,human,5,128,0,1.285869,1.199299,1.542141
574,human,6,64,0,1.346933,1.002868,1.350796
574,lm,0,86,0,1.676733,0.481530,0.807398
576,human,0,13,0,1.111955,1.787922,1.988090
576,lm,0,13,0,1.317795,0.741439,0.977064
578,human,0,40,0,1.527014,0.615346,0.939642
578,lm,0,37,0,1.577146,0.588686,0.928443
579,human,0,54,0,1.407096,0.688155,0.968300
579,lm,0,41,0,1.731599,0.497366,0.861238
58,human,0,128,0,1.753086,0.429937,0.753716
58,human,1,128,0,1.270319,0.740133,0.940206
58,human,2,68,0,1.502819,0.647693,0.973366
58,lm,0,62,0,1.813772,0.462456,0.838790
580,human,0,67,0,1.351594,0.690497,0.933272
580,lm,0,105,0,1.821094,0.405603,0.738640
581,human,0,128,0,1.293213,0.939182,1.214563
581,human,1,35,0,0.981420,3.383085,3.320228
581,lm,0,70,0,1.228189,0.911886,1.119969
582,human,0,90,0,1.655290,0.395827,0.655208
582,lm,0,42,0,1.406699,0.695547,0.978425
583,human,0,52,0,1.533218,0.396315,0.607637
583,lm,0,14,0,1.149680,1.380358,1.586971
586,human,0,128,0,1.798714,0.299635,0.538957
586,human,1,78,0,1.445141,0.503097,0.727045
586,lm,0,108,0,1.955710,0.195262,0.381876
587,human,0,54,0,1.502473,0.496835,0.746482
587,lm,0,42,0,1.454907,1.020370,1.484543
588,human,0,128,0,1.298055,0.896746,1.164025
588,human,1,128,0,1.285451,0.751527,0.966051
588,human,2,14,0,1.197018,2.556130,3.059735
588,lm,0,29,0,1.703316,0.474821,0.808771
589,human,0,57,0,1.623773,0.570412,0.926220
589,lm,0,44,0,1.774819,0.484712,0.860277
59,human,0,128,0,1.322438,0.653053,0.863621
59,human,1,45,0,1.401115,0.796645,1.116192
59,lm,0,128,0,2.108536,0.124894,0.263343
59,lm,1,88,0,1.652282,0.221544,0.366054
590,human,0,128,0,1.258963,1.099773,1.384573
590,human,1,29,0,1.149893,1.215956,1.398219
590,lm,0,128,0,1.368331,0.737844,1.009615
590,lm,1,36,0,1.505273,1.098727,1.653884
591,human,0,27,0,1.274837,1.348639,1.719294
591,lm,0,34,0,1.526513,0.615874,0.940140
592,human,0,128,0,1.624341,0.509374,0.827398
592,human,1,110,0,1.457518,0.623187,0.908307
592,lm,0,24,0,1.341560,1.058804,1.420449
593,human,0,76,0,1.787435,0.377378,0.674539
593,lm,0,109,0,2.595216,0.181899,0.472067
594,human,0,46,0,1.486520,0.827131,1.229547
594,lm,0,55,0,1.575067,0.689083,1.085352
595,human,0,128,0,1.375117,0.805148,1.107173
595,human,1,82,0,1.370792,0.644620,0.883640
595,lm,0,78,0,1.901422,0.373501,0.710183
596,human,0,128,0,1.506241,0.478853,0.721267
596,human,1,41,0,1.175407,0.946582,1.112618
596,lm,0,62,0,2.108363,0.279189,0.588632
597,human,0,6,0,1.043302,0.957420,0.998878
597,lm,0,16,0,1.180872,1.100582,1.299647
598,human,0,128,0,1.097333,1.468013,1.610900
598,human,1,83,0,1.210747,1.585928,1.920157
598,lm,0,116,0,1.704984,0.283930,0.484096
599,human,0,97,0,1.314817,0.630967,0.829606
599,lm,0,12,0,1.169260,1.307344,1.528626
6,human,0,128,0,1.763296,0.429666,0.757628
6,human,1,18,0,1.182061,2.054212,2.428205
6,lm,0,94,0,1.766381,0.539296,0.952603
60,human,0,102,0,1.346267,0.884792,1.191166
60,lm,0,128,0,1.997703,0.237713,0.474879
60,lm,1,8,0,1.322998,1.772705,2.345285
600,human,0,80,0,1.426584,0.514979,0.734660
600,lm,0,93,0,1.676595,0.259072,0.434359
601,human,0,67,0,1.307364,0.984246,1.286767
601,lm,0,70,0,1.622794,0.535411,0.868863
602,human,0,18,0,1.148061,1.206114,1.384692
602,lm,0,12,0,1.161354,1.120204,1.300953
603,human,0,128,0,1.486605,0.655345,0.974239
603,human,1,128,0,1.277074,0.792247,1.011758
603,human,2,128,0,1.200697,0.823388,0.988639
603,human,3,128,0,1.235555,0.855911,1.057525
603,human,4,15,0,1.038403,2.355541,2.446001
603,lm,0,48,0,1.544251,0.512970,0.792155
604,human,0,38,0,1.305026,0.747976,0.976128
604,lm,0,47,0,1.454155,0.628804,0.914379
605,human,0,43,0,1.211274,0.928649,1.124849
605,lm,0,9,0,1.017167,1.768762,1.799127
606,human,0,34,0,1.128112,1.318087,1.486951
606,lm,0,88,0,1.583087,0.431090,0.682452
607,human,0,128,0,1.249678,0.927796,1.159447
607,human,1,128,0,0.966834,1.767682,1.709055
607,human,2,128,0,1.403898,0.738984,1.037458
607,human,3,74,0,1.239515,1.269859,1.574009
607,lm,0,94,0,1.442748,0.504703,0.728159
608,human,0,81,0,1.516594,0.576439,0.874224
608,lm,0,10,0,1.251429,2.747945,3.438857
609,human,0,128,0,1.321373,0.647011,0.854944
609,human,1,94,0,1.347211,0.774954,1.044026
609,lm,0,128,0,1.554461,0.511233,0.794691
609,lm,1,120,0,1.413401,0.610480,0.862854
61,human,0,128,0,1.215999,1.653165,2.010246
61,human,1,35,0,1.101894,1.913730,2.108728
61,lm,0,128,0,1.362846,0.592953,0.808104
61,lm,1,18,0,1.434038,1.086100,1.557508
611,human,0,128,0,1.475259,0.638015,0.941237
611,human,1,94,0,1.526033,0.569682,0.869353
611,lm,0,70,0,1.642494,0.357326,0.586907
612,human,0,46,0,1.232818,1.430596,1.763664
612,lm,0,9,0,1.045663,3.046735,3.185859
613,human,0,47,0,1.247771,1.069097,1.333988
613,lm,0,80,0,1.655508,0.779058,1.289737
614,human,0,128,0,1.270237,0.784392,0.996364
614,human,1,32,0,1.133784,1.369826,1.553087
614,lm,0,55,0,1.427493,0.691711,0.987412
616,human,0,128,0,1.342685,0.700617,0.940708
616,human,1,19,0,1.305161,1.300046,1.696769
616,lm,0,60,0,1.466454,0.744641,1.091983
617,human,0,128,0,1.440029,0.612443,0.881935
617,human,1,78,0,1.261946,1.233880,1.557090
617,lm,0,104,0,1.896331,0.334733,0.634765
618,human,0,128,0,1.390764,0.611437,0.850364
618,human,1,49,0,1.322766,0.951580,1.258718
618,lm,0,63,0,1.606569,0.516495,0.829785
619,human,0,128,0,1.296962,1.045264,1.355668
619,human,1,128,0,1.429791,0.715365,1.022822
619,human,2,128,0,1.368148,0.976758,1.336349
619,human,3,128,0,1.357425,0.950922,1.290806
619,human,4,128,0,1.254090,0.814944,1.022013
619,human,5,100,0,1.561290,0.616517,0.962561
619,lm,0,74,0,1.418481,0.770311,1.092671
62,human,0,13,0,1.344297,0.912653,1.226877
62,lm,0,128,0,1.610957,0.413696,0.666446
62,lm,1,21,0,1.216217,1.007399,1.225216
620,human,0,54,0,1.805174,0.415935,0.750835
620,lm,0,15,0,1.429945,0.786425,1.124545
621,human,0,92,0,1.436749,0.803912,1.155020
621,lm,0,33,0,1.335429,0.941448,1.257236
622,human,0,85,0,1.496061,0.670809,1.003572
622,lm,0,71,0,1.637997,0.514988,0.843548
623,human,0,80,0,1.317484,0.879271,1.158425
623,lm,0,85,0,1.575962,0.640304,1.009095
624,human,0,128,0,1.797180,0.438191,0.787509
624,human,1,13,0,1.341360,1.733605,2.325388
624,lm,0,116,0,1.905699,0.201027,0.383097
625,human,0,81,0,1.446253,0.552679,0.799313
625,lm,0,33,0,1.264490,0.882097,1.115403
626,human,0,119,0,1.397869,0.685353,0.958035
626,lm,0,72,0,1.509681,0.573191,0.865336
627,human,0,128,0,1.232558,0.811975,1.000807
627,human,1,24,0,1.119303,1.841193,2.060854
627,lm,0,128,0,1.511425,0.471069,0.711986
627,lm,1,104,0,1.583215,0.332421,0.526294
628,human,0,128,0,1.100000,1.115501,1.227051
628,human,1,128,0,1.090029,1.133352,1.235386
628,human,2,128,0,1.201721,1.030525,1.238403
628,human,3,128,0,1.100162,2.017839,2.219951
628,human,4,54,0,1.137501,1.721339,1.958023
628,lm,0,8,0,1.034842,2.771266,2.867823
629,human,0,128,0,1.355326,0.714029,0.967742
629,human,1,128,0,1.364732,1.078665,1.472090
629,human,2,52,0,1.364159,1.177990,1.606967
629,lm,0,107,0,1.439865,0.616615,0.887842
63,human,0,88,0,1.310418,0.716764,0.939261
63,lm,0,11,0,1.283412,0.778072,0.998587
630,human,0,52,0,1.468766,0.640406,0.940607
630,lm,0,9,0,1.113432,1.149111,1.279457
631,human,0,43,0,1.182542,1.241687,1.468348
631,lm,0,41,0,1.690372,0.558395,0.943895
632,human,0,128,0,1.263449,0.659772,0.833588
632,human,1,64,0,1.234600,0.876142,1.081685
632,lm,0,70,0,1.321496,0.782623,1.034233
634,human,0,128,0,1.315397,0.996620,1.310950
634,human,1,128,0,1.225185,1.218263,1.492597
634,human,2,121,0,1.275897,1.217937,1.553963
634,lm,0,77,0,1.552660,0.690444,1.072025
636,human,0,80,0,1.547606,0.492236,0.761787
636,lm,0,41,0,1.473135,0.741794,1.092763
637,human,0,128,0,1.116983,1.158869,1.294437
637,human,1,44,0,1.393765,1.079273,1.504252
637,lm,0,71,0,1.454539,0.563781,0.820041
638,human,0,128,0,1.207672,1.166707,1.409000
638,human,1,128,0,1.213463,1.269858,1.540926
638,human,2,94,0,1.206860,1.048509,1.265404
638,lm,0,43,0,1.671255,0.458990,0.767090
639,human,0,43,0,1.844224,0.398751,0.735386
639,lm,0,33,0,1.735977,0.606271,1.052472
64,human,0,70,0,1.270126,1.298303,1.649007
64,lm,0,119,0,1.803256,0.428237,0.772221
640,human,0,128,0,1.781227,0.486275,0.866166
640,human,1,86,0,1.396505,1.004030,1.402133
640,lm,0,70,0,1.902859,0.220441,0.419469
641,human,0,89,0,1.369098,0.949021,1.299303
641,lm,0,128,0,1.879424,0.561932,1.056108
641,lm,1,45,0,1.542867,0.932065,1.438053
642,human,0,128,0,1.395381,0.690628,0.963690
642,human,1,128,0,1.278766,0.973701,1.245136
642,human,2,128,0,1.402349,0.599566,0.840802
642,human,3,128,0,1.407985,1.035967,1.458627
642,human,4,128,0,1.394966,0.573104,0.799461
642,human,5,128,0,1.442911,0.757610,1.093164
642,human,6,128,0,1.316737,0.972800,1.280922
642,human,7,128,0,1.266460,1.722632,2.181644
642,human,8,128,0,1.395556,0.677043,0.944852
642,human,9,61,0,1.218154,1.060642,1.292025
642,lm,0,123,0,1.564923,0.357864,0.560030
643,human,0,128,0,1.838748,0.276335,0.508110
643,human,1,118,0,1.104878,1.215968,1.343496
643,lm,0,89,0,1.431753,0.478562,0.685183
644,human,0,44,0,1.607463,0.597208,0.959990
644,lm,0,10,0,1.185801,1.921999,2.279108
645,human,0,128,0,1.401446,0.753529,1.056031
645,human,1,48,0,1.216887,1.541876,1.876289
645,lm,0,34,0,1.184140,1.073800,1.271529
646,human,0,22,0,1.181860,0.915621,1.082135
646,lm,0,128,0,1.733039,0.436897,0.757159
646,lm,1,128,0,1.851814,0.264142,0.489142
646,lm,2,55,0,1.251416,0.916711,1.147187
647,human,0,128,0,1.801759,0.287738,0.518434
647,human,1,11,0,1.156148,1.481087,1.712356
647,lm,0,128,0,1.850057,0.239480,0.443052
647,lm,1,128,0,1.548826,0.236353,0.366070
648,human,0,128,0,1.471488,0.634462,0.933603
648,human,1,39,0,1.311044,1.072998,1.406748
648,lm,0,106,0,1.472373,0.662986,0.976163
649,human,0,128,0,2.009659,0.527900,1.060899
649,human,1,128,0,1.854825,0.740597,1.373678
649,human,2,128,0,1.613349,0.533823,0.861243
649,human,3,128,0,1.644040,0.642158,1.055733
649,human,4,128,0,1.314964,1.159095,1.524168
649,human,5,43,0,1.218886,1.195140,1.456739
649,lm,0,14,0,1.307968,0.772655,1.010608
65,human,0,47,0,1.499202,0.538494,0.807311
65,lm,0,43,0,1.395522,0.605760,0.845351
650,human,0,51,0,1.356959,0.745796,1.012015
650,lm,0,11,0,1.211442,1.736251,2.103368
651,human,0,120,0,1.748094,0.365891,0.639612
651,lm,0,63,0,1.599126,0.415127,0.663840
652,human,0,24,0,1.246093,0.792038,0.986953
652,lm,0,128,0,1.474199,0.422414,0.622722
652,lm,1,46,0,1.354191,0.782890,1.060183
653,human,0,27,0,1.273766,1.191702,1.517950
653,lm,0,51,0,1.437599,0.595304,0.855808
654,human,0,97,0,1.635062,0.575346,0.940727
654,lm,0,47,0,1.652149,0.560150,0.925452
655,human,0,93,0,1.149062,1.335545,1.534624
655,lm,0,128,0,1.584771,0.386267,0.612144
655,lm,1,117,0,1.442716,0.832710,1.201364
656,human,0,128,0,1.461897,0.817131,1.194561
656,human,1,25,0,1.177492,2.122183,2.498854
656,lm,0,67,0,1.543045,0.590130,0.910597
657,human,0,14,0,1.233531,1.082011,1.334694
657,lm,0,13,0,1.261102,1.154490,1.455931
658,human,0,128,0,1.152678,1.358924,1.566402
658,human,1,128,0,1.224919,0.776949,0.951700
658,human,2,128,0,1.295461,0.817768,1.059387
658,human,3,128,0,1.127208,1.079364,1.216667
658,human,4,101,0,1.362964,0.987840,1.346391
658,lm,0,33,0,1.514504,0.486160,0.736291
659,human,0,114,0,1.411071,0.920144,1.298389
659,lm,0,11,0,1.035616,2.560975,2.652187
66,human,0,39,0,1.294747,1.267357,1.640906
66,lm,0,30,0,1.322106,0.943623,1.247570
660,human,0,128,0,1.372270,0.894326,1.227257
660,human,1,18,0,1.331674,1.400429,1.864915
660,lm,0,64,0,1.933939,0.305602,0.591015
661,human,0,36,0,1.298870,0.901806,1.171328
661,lm,0,11,0,1.044235,3.038069,3.172459
662,human,0,128,0,1.540274,0.639828,0.985511
662,human,1,85,0,1.447081,0.736162,1.065287
662,lm,0,62,0,1.561015,0.637474,0.995106
663,human,0,34,0,1.743988,0.670415,1.169196
663,lm,0,67,0,2.120832,0.504894,1.070795
664,human,0,21,0,1.189112,0.935716,1.112671
664,lm,0,89,0,1.864253,0.276515,0.515493
665,human,0,57,0,1.481715,1.131093,1.675959
665,lm,0,31,0,1.412433,1.117633,1.578582
666,human,0,128,0,1.389771,0.773976,1.075649
666,human,1,4,0,1.053597,3.755231,3.956499
666,lm,0,101,0,2.114332,0.248569,0.525558
667,human,0,100,0,1.218610,0.918251,1.118990
667,lm,0,61,0,2.739104,0.109087,0.298801
668,human,0,21,0,1.044580,1.172902,1.225189
668,lm,0,26,0,1.036416,1.983722,2.055960
67,human,0,22,0,1.165359,1.446816,1.686061
67,lm,0,70,0,1.710942,0.452135,0.773577
670,human,0,128,0,1.223663,1.054919,1.290866
670,human,1,128,0,1.322662,1.019038,1.347843
670,human,2,2,0,0.979012,5.909593,5.785563
670,lm,0,74,0,1.208520,0.930159,1.124116
671,human,0,128,0,1.605836,0.593661,0.953322
671,human,1,42,0,1.141074,1.497507,1.708766
671,lm,0,11,0,1.212106,1.556320,1.886425
672,human,0,19,0,1.457532,0.788369,1.149073
672,lm,0,24,0,1.509244,0.873360,1.318113
674,human,0,88,0,1.369065,0.692438,0.947992
674,lm,0,23,0,1.364105,1.220830,1.665341
675,human,0,40,0,1.796104,0.520860,0.935519
675,lm,0,40,0,1.809190,0.520860,0.942335
676,human,0,128,0,1.607190,0.444658,0.714650
676,human,1,98,0,1.435185,0.693131,0.994771
676,lm,0,101,0,1.487502,0.524423,0.780080
677,human,0,128,0,1.226361,0.820837,1.006642
677,human,1,12,0,1.094955,2.065791,2.261949
677,lm,0,16,0,1.184725,1.537876,1.821960
678,human,0,128,0,1.312769,0.905165,1.188272
678,human,1,83,0,1.435093,0.996617,1.430238
678,lm,0,31,0,1.319927,1.170532,1.545016
679,human,0,88,0,1.672942,0.513383,0.858859
679,lm,0,117,0,1.511987,0.391173,0.591449
68,human,0,71,0,1.361715,0.686663,0.935039
68,lm,0,49,0,1.522647,0.576524,0.877843
680,human,0,13,0,1.147920,1.267997,1.455560
680,lm,0,31,0,1.376717,0.563049,0.775160
681,human,0,128,0,1.523351,0.314982,0.479828
681,human,1,128,0,1.462163,0.302811,0.442760
681,human,2,123,0,1.254366,0.740226,0.928514
681,lm,0,128,0,1.853916,0.173053,0.320826
681,lm,1,39,0,1.207574,0.738195,0.891425
682,human,0,51,0,1.389314,1.030153,1.431206
682,lm,0,62,0,1.786775,0.587166,1.049133
683,human,0,42,0,1.343171,1.507054,2.024232
683,lm,0,128,0,1.790194,0.353866,0.633489
683,lm,1,5,0,0.950467,4.993225,4.745895
684,human,0,22,0,1.415419,1.008307,1.427176
684,lm,0,22,0,1.413985,0.986921,1.395491
685,human,0,75,0,1.629775,0.806164,1.313866
685,lm,0,10,0,1.068641,4.598327,4.913962
686,human,0,35,0,1.274256,0.971797,1.238318
686,lm,0,76,0,1.545154,0.496443,0.767082
687,human,0,128,0,1.474845,0.622166,0.917598
687,human,1,66,0,1.398471,0.815478,1.140423
687,lm,0,62,0,2.785535,0.133569,0.372061
688,human,0,128,0,1.585224,0.516316,0.818476
688,human,1,87,0,1.725362,0.439026,0.757480
688,lm,0,118,0,2.004166,0.341048,0.683517
689,human,0,128,0,1.575877,0.505087,0.795955
689,human,1,25,0,1.316504,1.024778,1.349125
689,lm,0,23,0,1.341018,0.356743,0.478399
69,human,0,128,0,1.377520,0.743309,1.023923
69,human,1,96,0,1.358025,0.819309,1.112642
69,lm,0,14,0,1.387630,0.843000,1.169772
690,human,0,53,0,1.509394,0.665783,1.004929
690,lm,0,51,0,1.521176,0.726146,1.104595
691,human,0,24,0,1.067484,1.746757,1.864636
691,lm,0,104,0,1.357790,0.562732,0.764072
692,human,0,20,0,1.090124,1.446815,1.577207
692,lm,0,128,0,2.515395,0.194275,0.488677
692,lm,1,128,0,2.359363,0.229089,0.540505
692,lm,2,32,0,1.369235,0.922681,1.263367
693,human,0,107,0,1.298046,0.996903,1.294025
693,lm,0,11,0,1.095331,2.681496,2.937125
694,human,0,128,0,1.211945,1.052268,1.275291
694,human,1,127,0,1.410328,0.736538,1.038760
694,lm,0,128,0,1.607802,0.640444,1.029707
694,lm,1,38,0,1.514234,0.838812,1.270158
696,human,0,128,0,1.420710,0.756393,1.074614
696,human,1,66,0,1.369048,0.955546,1.308188
696,lm,0,128,0,1.795280,0.439417,0.788876
696,lm,1,128,0,1.646180,0.513641,0.845546
696,lm,2,13,0,1.026397,3.852631,3.954329
697,human,0,128,0,1.269135,0.826776,1.049291
697,human,1,4,0,0.990391,3.664867,3.629650
697,lm,0,12,0,1.081130,1.757176,1.899735
698,human,0,84,0,1.436693,0.691802,0.993907
698,lm,0,21,0,1.312670,0.873632,1.146790
699,human,0,115,0,1.242919,1.104970,1.373389
699,lm,0,61,0,1.563785,0.665978,1.041446
7,human,0,128,0,1.399295,0.713496,0.998391
7,human,1,14,0,1.121125,1.917145,2.149360
7,lm,0,110,0,1.711767,0.534209,0.914441
700,human,0,25,0,1.543386,0.622844,0.961289
700,lm,0,36,0,1.481606,0.465153,0.689174
702,human,0,35,0,1.273149,0.653492,0.831992
702,lm,0,71,0,1.650455,0.219895,0.362927
703,human,0,128,0,1.302232,0.881278,1.147628
703,human,1,122,0,1.202313,1.094752,1.316235
703,lm,0,10,0,1.405499,1.771684,2.490101
704,human,0,128,0,1.466430,0.665936,0.976549
704,human,1,9,0,1.063260,2.360028,2.509323
704,lm,0,55,0,1.317689,1.116760,1.471543
705,human,0,52,0,1.344551,0.739925,0.994868
705,lm,0,103,0,1.909397,0.372473,0.711199
707,human,0,86,0,1.240731,0.910528,1.129720
707,lm,0,21,0,1.220490,1.622459,1.980195
708,human,0,128,0,1.253232,1.306397,1.637218
708,human,1,128,0,1.380730,1.215707,1.678562
708,human,2,13,0,1.191514,2.238252,2.666909
708,lm,0,128,0,1.727758,0.439603,0.759528
708,lm,1,128,0,1.441919,0.572524,0.825534
708,lm,2,94,0,1.165002,1.190354,1.386765
709,human,0,13,0,1.218243,1.111628,1.354234
709,lm,0,19,0,1.268328,0.783491,0.993724
71,human,0,76,0,2.005581,0.338265,0.678417
71,lm,0,76,0,1.683679,0.402655,0.677941
710,human,0,128,0,1.635407,0.562867,0.920516
710,human,1,34,0,1.593637,1.170841,1.865894
710,lm,0,82,0,1.878211,0.505048,0.948587
711,human,0,15,0,1.223754,1.049184,1.283943
711,lm,0,32,0,1.468330,1.031933,1.515217
712,human,0,128,0,1.670051,0.466085,0.778386
712,human,1,128,0,1.379640,0.907761,1.252384
712,human,2,128,0,1.430126,0.534171,0.763932
712,human,3,74,0,1.386633,0.869374,1.205503
712,lm,0,10,0,1.172106,2.268285,2.658671
713,human,0,96,0,1.659761,0.565344,0.938335
713,lm,0,63,0,1.719021,0.500690,0.860697
714,human,0,128,0,1.403406,0.608333,0.853738
714,human,1,61,0,1.264705,1.328458,1.680108
714,lm,0,7,0,1.045912,2.990918,3.128239
715,human,0,128,0,1.221814,1.312189,1.603252
715,human,1,103,0,1.223200,1.091074,1.334602
715,lm,0,100,0,1.923329,0.381888,0.734496
716,human,0,24,0,1.331576,0.539183,0.717963
716,lm,0,37,0,1.353647,0.800629,1.083769
717,human,0,26,0,1.133311,1.204881,1.365505
717,lm,0,24,0,1.340580,1.107298,1.484421
718,human,0,46,0,1.512346,0.595987,0.901339
718,lm,0,46,0,1.789022,0.559415,1.000805
72,human,0,26,0,1.343467,0.547864,0.736038
72,lm,0,7,0,1.111687,1.751559,1.947186
721,human,0,128,0,1.501945,0.691583,1.038720
721,human,1,128,0,1.397305,0.890384,1.244138
721,human,2,128,0,1.427674,0.702790,1.003354
721,human,3,128,0,1.252563,1.006958,1.261278
721,human,4,127,0,1.476426,0.762457,1.125711
721,lm,0,128,0,1.612651,0.479893,0.773901
721,lm,1,8,0,0.967240,5.805135,5.614956
722,human,0,128,0,1.329131,0.803662,1.068172
722,human,1,45,0,1.403177,0.748687,1.050541
722,lm,0,49,0,1.339603,0.648415,0.868619
723,human,0,46,0,1.295035,1.060582,1.373491
723,lm,0,11,0,1.081377,1.455653,1.574110
724,human,0,128,0,1.223222,0.777761,0.951374
724,human,1,69,0,1.320078,1.007943,1.330564
724,lm,0,56,0,1.352575,0.562176,0.760385
725,human,0,84,0,1.557388,0.578199,0.900480
725,lm,0,61,0,1.847098,0.467046,0.862679
726,human,0,128,0,1.673829,0.570256,0.954511
726,human,1,128,0,1.700845,0.653856,1.112108
726,human,2,27,0,1.171956,1.713772,2.008465
726,lm,0,128,0,1.474995,0.670338,0.988745
726,lm,1,91,0,1.292646,1.149701,1.486156
728,human,0,52,0,1.337439,0.663362,0.887206
728,lm,0,12,0,1.204276,1.447140,1.742756
73,human,0,46,0,1.332223,1.083876,1.443965
73,lm,0,44,0,1.514539,0.997423,1.510636
730,human,0,55,0,1.443123,0.606584,0.875376
730,lm,0,31,0,1.464063,0.819024,1.199103
731,human,0,128,0,1.355362,0.783989,1.062588
731,human,1,128,0,1.341806,0.497108,0.667022
731,human,2,128,0,1.461509,0.450839,0.658906
731,human,3,128,0,1.292579,0.445113,0.575344
731,human,4,128,0,1.302157,0.528913,0.688728
731,human,5,9,0,0.942878,7.077199,6.672938
731,lm,0,80,0,1.756834,0.311142,0.546625
732,human,0,76,0,1.442158,0.805239,1.161282
732,lm,0,39,0,1.550620,0.581677,0.901961
733,human,0,63,0,1.511843,0.564562,0.853529
733,lm,0,24,0,1.372126,0.918186,1.259867
734,human,0,28,0,1.269883,1.599838,2.031606
734,lm,0,11,0,1.202471,2.618864,3.149107
735,human,0,21,0,1.372378,0.904659,1.241535
735,lm,0,6,0,1.087808,2.116580,2.302433
736,human,0,63,0,1.349463,0.867724,1.170962
736,lm,0,66,0,1.504240,0.474167,0.713261
738,human,0,128,0,1.204917,0.912053,1.098949
738,human,1,128,0,1.017894,2.051988,2.088707
738,human,2,128,0,1.049328,2.447450,2.568177
738,human,3,47,0,1.285030,1.061723,1.364346
738,lm,0,30,0,1.318017,0.996244,1.313066
74,human,0,38,0,1.285688,0.965331,1.241115
74,lm,0,53,0,1.898169,0.354656,0.673198
740,human,0,23,0,1.358189,0.558436,0.758462
740,lm,0,22,0,1.346260,0.545208,0.733991
741,human,0,91,0,1.225040,0.960172,1.176250
741,lm,0,112,0,1.459531,0.506962,0.739926
742,human,0,40,0,1.184380,1.311953,1.553850
742,lm,0,39,0,1.175455,1.361106,1.599919
743,human,0,68,0,1.252199,1.488421,1.863799
743,lm,0,66,0,1.491456,0.551122,0.821974
744,human,0,128,0,1.272419,0.983543,1.251479
744,human,1,128,0,1.198141,1.500421,1.797716
744,human,2,128,0,1.292717,0.896068,1.158363
744,human,3,128,0,1.218107,1.042411,1.269768
744,human,4,128,0,1.305574,0.779664,1.017910
744,human,5,128,0,1.425678,0.445591,0.635269
744,human,6,4,0,0.989507,3.894396,3.853532
744,lm,0,80,0,1.343633,0.768010,1.031924
745,human,0,60,0,1.292423,1.318193,1.703662
745,lm,0,111,0,2.110602,0.317936,0.671037
746,human,0,128,0,1.374614,0.806194,1.108206
746,human,1,128,0,1.442080,0.544680,0.785472
746,human,2,16,0,1.291679,1.651991,2.133841
746,lm,0,24,0,2.207904,0.360779,0.796565
747,human,0,21,0,1.125206,1.715083,1.929822
747,lm,0,57,0,1.287109,0.933406,1.201396
748,human,0,23,0,1.179516,1.223527,1.443170
748,lm,0,11,0,1.408678,0.960416,1.352917
749,human,0,128,0,1.313456,1.290702,1.695280
749,human,1,73,0,1.295288,1.339579,1.735141
749,lm,0,77,0,1.400565,0.955723,1.338552
75,human,0,93,0,1.304265,0.810756,1.057440
75,lm,0,100,0,2.228431,0.212057,0.472555
750,human,0,128,0,1.854207,0.430950,0.799071
750,human,1,128,0,1.518444,0.632877,0.960989
750,human,2,128,0,1.504620,0.736399,1.108001
750,human,3,128,0,1.480311,0.702840,1.040422
750,human,4,4,0,1.215853,1.795979,2.183648
750,lm,0,55,0,1.411963,1.135084,1.602696
751,human,0,50,0,1.482615,0.766172,1.135939
751,lm,0,10,0,1.162736,2.331144,2.710504
752,human,0,44,0,1.305252,1.143028,1.491940
752,lm,0,67,0,1.307264,0.995549,1.301445
753,human,0,36,0,1.311167,0.722337,0.947105
753,lm,0,18,0,1.424158,0.663855,0.945435
754,human,0,75,0,1.231256,1.049021,1.291613
754,lm,0,54,0,1.671335,0.537277,0.897969
755,human,0,128,0,1.640883,0.652783,1.071141
755,human,1,128,0,1.531557,0.609006,0.932727
755,human,2,128,0,1.330419,0.695868,0.925795
755,human,3,128,0,1.359305,1.368872,1.860714
755,human,4,128,0,1.390368,0.786458,1.093466
755,human,5,128,0,1.389779,0.908446,1.262539
755,human,6,6,0,1.108059,3.205087,3.551426
755,lm,0,128,0,1.693021,0.506789,0.858005
755,lm,1,29,0,1.332716,1.209587,1.612035
756,human,0,98,0,1.543752,0.645642,0.996712
756,lm,0,94,0,1.509868,0.532475,0.803967
757,human,0,47,0,1.205858,1.061746,1.280315
757,lm,0,45,0,1.450416,0.665463,0.965198
758,human,0,128,0,1.416687,0.911228,1.290925
758,human,1,128,0,1.531607,0.752426,1.152421
758,human,2,128,0,1.368308,0.901004,1.232852
758,human,3,128,0,1.359855,0.992208,1.349259
758,human,4,128,0,1.596442,0.625443,0.998484
758,human,5,128,0,1.363300,0.933599,1.272776
758,human,6,51,0,1.283829,1.733124,2.225034
758,lm,0,115,0,1.452231,0.704673,1.023347
759,human,0,21,0,1.130523,1.277285,1.444000
759,lm,0,34,0,1.210047,1.114978,1.349176
76,human,0,19,0,1.167113,1.058029,1.234839
76,lm,0,123,0,1.531946,0.419094,0.642030
760,human,0,128,0,1.579769,0.561658,0.887289
760,human,1,51,0,1.269268,0.800773,1.016395
760,lm,0,99,0,1.791836,0.312371,0.559717
761,human,0,27,0,1.245306,0.876652,1.091700
761,lm,0,115,0,1.575485,0.366652,0.577655
762,human,0,115,0,1.587525,0.641557,1.018488
762,lm,0,69,0,1.431105,0.587767,0.841157
763,human,0,10,0,1.033826,2.621222,2.709888
763,lm,0,62,0,1.671640,0.532490,0.890131
764,human,0,100,0,1.288026,0.956135,1.231527
764,lm,0,128,0,1.716347,0.386052,0.662599
764,lm,1,128,0,1.388115,0.649257,0.901243
764,lm,2,61,0,1.302583,0.820621,1.068927
765,human,0,118,0,1.251411,0.985475,1.233235
765,lm,0,126,0,1.474992,0.660922,0.974855
766,human,0,90,0,1.511581,0.560752,0.847623
766,lm,0,11,0,1.156322,1.032645,1.194070
767,human,0,58,0,1.360703,0.711104,0.967602
767,lm,0,48,0,1.496651,1.021879,1.529397
768,human,0,20,0,1.148365,1.221022,1.402179
768,lm,0,128,0,2.013111,0.234428,0.471929
768,lm,1,128,0,1.626922,0.391021,0.636160
768,lm,2,23,0,1.290472,1.122798,1.448940
769,human,0,108,0,1.401025,0.689436,0.965916
769,lm,0,32,0,1.385892,0.631788,0.875590
77,human,0,21,0,1.170231,1.603632,1.876620
77,lm,0,56,0,1.662030,0.402570,0.669084
770,human,0,38,0,1.303234,1.048590,1.366559
770,lm,0,46,0,1.597660,0.819449,1.309202
771,human,0,34,0,1.264826,1.092842,1.382255
771,lm,0,59,0,1.628820,0.552783,0.900385
772,human,0,51,0,1.464994,0.601194,0.880746
772,lm,0,12,0,1.175811,1.794047,2.109461
773,human,0,24,0,1.213563,1.269586,1.540724
773,lm,0,128,0,1.787379,0.349124,0.624017
773,lm,1,128,0,1.559111,0.479856,0.748148
773,lm,2,41,0,1.436168,0.517950,0.743864
774,human,0,128,0,1.396786,0.569880,0.795999
774,human,1,128,0,1.307560,0.537142,0.702346
774,human,2,128,0,1.368965,0.397450,0.544096
774,human,3,67,0,1.213175,1.215051,1.474069
774,lm,0,37,0,1.402370,0.857354,1.202327
775,human,0,128,0,1.295574,1.070296,1.386648
775,human,1,128,0,1.176124,1.398236,1.644499
775,human,2,32,0,1.179591,1.179967,1.391879
775,lm,0,41,0,1.452695,0.710827,1.032615
776,human,0,72,0,1.227469,0.890476,1.093032
776,lm,0,41,0,1.284083,0.860228,1.104604
777,human,0,87,0,1.175090,1.137822,1.337043
777,lm,0,128,0,1.465131,0.514248,0.753440
777,lm,1,3,0,0.975440,2.486842,2.425766
778,human,0,128,0,1.428286,0.651184,0.930077
778,human,1,56,0,1.227889,1.160644,1.425143
778,lm,0,67,0,1.790614,0.400591,0.717303
779,human,0,107,0,1.561737,0.362382,0.565945
779,lm,0,34,0,1.331288,0.893538,1.189557
78,human,0,14,0,1.141530,1.528456,1.744778
78,lm,0,34,0,1.492596,0.863912,1.289472
780,human,0,17,0,1.205806,1.169579,1.410286
780,lm,0,43,0,1.601261,0.302592,0.484528
781,human,0,128,0,1.402905,0.576603,0.808919
781,human,1,128,0,1.198440,1.283862,1.538631
781,human,2,128,0,0.929305,1.675074,1.556654
781,human,3,128,0,1.212197,1.537100,1.863268
781,human,4,18,0,1.138987,3.834794,4.367779
781,lm,0,55,0,1.307057,0.780207,1.019776
782,human,0,18,0,1.143320,1.420886,1.624527
782,lm,0,58,0,1.916185,0.269388,0.516197
783,human,0,13,0,1.181775,0.941226,1.112317
783,lm,0,6,0,1.100768,2.040918,2.246577
784,human,0,66,0,1.163481,1.106951,1.287917
784,lm,0,103,0,1.373283,0.858393,1.178817
785,human,0,46,0,1.613157,0.700084,1.129345
785,lm,0,46,0,1.613221,0.700084,1.129390
787,human,0,34,0,1.267074,0.967717,1.226169
787,lm,0,21,0,1.286874,1.444074,1.858341
788,human,0,128,0,1.396821,0.773367,1.080255
788,human,1,46,0,1.342321,1.211098,1.625683
788,lm,0,11,0,1.183394,1.570480,1.858497
789,human,0,31,0,1.297162,0.662112,0.858866
789,lm,0,128,0,1.877853,0.362245,0.680242
789,lm,1,16,0,1.208261,1.312311,1.585614
790,human,0,66,0,1.434809,0.609813,0.874965
790,lm,0,42,0,1.443744,0.900610,1.300251
791,human,0,128,0,1.408593,0.509682,0.717934
791,human,1,79,0,1.374933,1.620608,2.228228
791,lm,0,81,0,1.463510,0.717182,1.049603
792,human,0,37,0,1.329692,0.620127,0.824577
792,lm,0,14,0,1.202517,0.954808,1.148173
793,human,0,85,0,1.415365,0.970839,1.374091
793,lm,0,47,0,1.587591,0.988773,1.569767
794,human,0,25,0,1.239241,1.189418,1.473976
794,lm,0,21,0,1.189141,1.079944,1.284206
795,human,0,57,0,1.327536,0.645364,0.856744
795,lm,0,101,0,1.649801,0.572087,0.943829
796,human,0,128,0,1.500961,0.559590,0.839922
796,human,1,111,0,1.286905,0.920499,1.184595
796,lm,0,53,0,1.618443,0.811107,1.312731
797,human,0,128,0,1.242750,1.247296,1.550078
797,human,1,128,0,1.180660,1.155681,1.364467
797,human,2,128,0,1.282224,1.074399,1.377620
797,human,3,50,0,1.280991,0.929002,1.190043
797,lm,0,47,0,1.254104,1.036392,1.299743
798,human,0,37,0,1.330871,1.115773,1.484951
798,lm,0,128,0,1.544221,0.659499,1.018412
798,lm,1,25,0,1.142001,1.559584,1.781046
799,human,0,25,0,1.136628,1.520689,1.728458
799,lm,0,6,0,1.040463,3.835214,3.990399
8,human,0,128,0,1.393791,0.868439,1.210422
8,human,1,128,0,1.380017,0.956388,1.319832
8,human,2,104,0,1.535774,0.928727,1.426314
8,lm,0,102,0,1.445725,0.756036,1.093020
80,human,0,128,0,1.317414,0.856454,1.128304
80,human,1,128,0,1.323071,0.690367,0.913404
80,human,2,49,0,1.645784,0.889994,1.464737
80,lm,0,81,0,1.847256,0.273444,0.505121
800,human,0,128,0,1.485669,0.640047,0.950898
800,human,1,36,0,1.125953,1.809498,2.037409
800,lm,0,44,0,1.607253,0.609227,0.979181
802,human,0,128,0,1.385273,0.808937,1.120599
802,human,1,6,0,1.117592,3.321895,3.712524
802,lm,0,28,0,1.318806,0.572291,0.754741
803,human,0,39,0,1.394883,0.684516,0.954820
803,lm,0,8,0,1.216645,1.346771,1.638542
804,human,0,52,0,1.264037,0.931987,1.178066
804,lm,0,25,0,1.207866,1.679389,2.028478
805,human,0,128,0,1.406543,0.622808,0.876005
805,human,1,128,0,1.280228,1.090932,1.396642
805,human,2,128,0,1.549482,0.774436,1.199974
805,human,3,4,0,0.978841,3.525918,3.451313
805,lm,0,102,0,1.596310,0.659636,1.052983
807,human,0,128,0,1.389913,0.838149,1.164955
807,human,1,4,0,1.072714,2.162218,2.319442
807,lm,0,17,0,1.164302,1.431384,1.666564
809,human,0,36,0,1.117056,1.345729,1.503255
809,lm,0,7,0,1.023123,3.095616,3.167195
81,human,0,125,0,1.367050,0.553998,0.757343
81,lm,0,21,0,1.304300,0.828366,1.080438
810,human,0,128,0,1.635236,0.415959,0.680191
810,human,1,44,0,1.313215,0.872708,1.146054
810,lm,0,128,0,1.779209,0.388917,0.691966
810,lm,1,46,0,1.426301,0.835008,1.190973
811,human,0,128,0,1.508903,0.755015,1.139244
811,human,1,128,0,1.315537,1.001135,1.317030
811,human,2,128,0,1.388685,0.992996,1.378958
811,human,3,113,0,1.699192,0.435817,0.740538
811,lm,0,128,0,1.422280,0.487198,0.692932
811,lm,1,128,0,1.720812,0.417201,0.717924
811,lm,2,2,0,1.151295,1.123369,1.293329
812,human,0,128,0,1.195012,1.186975,1.418450
812,human,1,128,0,1.453334,0.697184,1.013241
812,human,2,62,0,1.254294,0.895078,1.122691
812,lm,0,100,0,1.420315,0.656332,0.932199
813,human,0,20,0,1.204471,1.000090,1.204580
813,lm,0,10,0,1.135556,2.268064,2.575513
814,human,0,50,0,1.417886,0.554583,0.786336
814,lm,0,99,0,1.767287,0.312467,0.552219
815,human,0,51,0,1.429063,0.531204,0.759124
815,lm,0,26,0,1.423216,0.802654,1.142350
816,human,0,21,0,1.217408,1.128652,1.374029
816,lm,0,9,0,1.047754,1.773116,1.857789
817,human,0,28,0,1.260579,0.853488,1.075889
817,lm,0,9,0,1.171349,1.187652,1.391156
819,human,0,128,0,1.496327,0.675597,1.010913
819,human,1,43,0,1.487834,0.438246,0.652037
819,lm,0,36,0,1.347436,0.609027,0.820625
82,human,0,128,0,1.397836,0.788215,1.101796
82,human,1,89,0,1.461651,0.717288,1.048425
82,lm,0,93,0,1.704283,0.426070,0.726143
820,human,0,128,0,1.386161,0.567169,0.786188
820,human,1,8,0,1.018781,2.815762,2.868644
820,lm,0,25,0,1.402751,0.563565,0.790541
821,human,0,128,0,1.338945,1.209324,1.619217
821,human,1,123,0,1.211477,1.853255,2.245176
821,lm,0,56,0,1.316048,1.064785,1.401309
822,human,0,117,0,1.379212,0.785857,1.083863
822,lm,0,67,0,1.656504,0.468019,0.775275
823,human,0,128,0,1.287858,0.980349,1.262550
823,human,1,127,0,1.326476,1.057370,1.402575
823,lm,0,37,0,1.329970,1.072901,1.426927
824,human,0,50,0,1.336503,0.838510,1.120671
824,lm,0,39,0,1.620861,0.509101,0.825182
825,human,0,11,0,1.174719,0.880702,1.034578
825,lm,0,6,0,1.187533,1.635111,1.941750
826,human,0,128,0,1.681994,0.377254,0.634539
826,human,1,30,0,1.088637,1.775503,1.932877
826,lm,0,25,0,1.232714,1.337441,1.648682
827,human,0,31,0,1.163767,1.345414,1.565749
827,lm,0,51,0,1.516549,0.817705,1.240090
828,human,0,72,0,1.308056,1.007617,1.318020
828,lm,0,95,0,1.819205,0.615929,1.120502
829,human,0,128,0,1.183952,0.886365,1.049414
829,human,1,47,0,1.179736,1.271896,1.500502
829,lm,0,55,0,1.247908,0.851779,1.062942
83,human,0,24,0,1.146754,1.388388,1.592139
83,lm,0,11,0,1.215478,1.340935,1.629877
831,human,0,37,0,1.535116,0.650312,0.998305
831,lm,0,51,0,1.774791,0.616459,1.094087
832,human,0,65,0,1.256006,1.022759,1.284591
832,lm,0,17,0,1.311208,1.281515,1.680333
833,human,0,53,0,1.267388,0.803661,1.018550
833,lm,0,86,0,1.661934,0.380669,0.632647
834,human,0,128,0,1.227023,0.849454,1.042300
834,human,1,62,0,1.291048,0.926045,1.195568
834,lm,0,128,0,1.934238,0.296762,0.574009
834,lm,1,128,0,1.764083,0.177062,0.312352
834,lm,2,128,0,1.616460,0.199246,0.322074
834,lm,3,99,0,1.735437,0.212156,0.368183
835,human,0,128,0,1.229788,0.795756,0.978612
835,human,1,127,0,1.272099,0.673800,0.857141
835,lm,0,20,0,1.116043,1.817284,2.028166
836,human,0,22,0,1.285468,0.935414,1.202445
836,lm,0,18,0,1.425713,1.171705,1.670514
837,human,0,128,0,1.473784,0.700274,1.032052
837,human,1,128,0,1.545796,0.430818,0.665957
837,human,2,26,0,1.171053,1.699383,1.990068
837,lm,0,128,0,1.369208,0.666360,0.912385
837,lm,1,128,0,1.222590,0.655478,0.801381
837,lm,2,54,0,1.171038,0.992458,1.162207
838,human,0,43,0,1.333033,0.992326,1.322804
838,lm,0,63,0,1.571418,0.575433,0.904246
84,human,0,128,0,1.394218,0.649766,0.905916
84,human,1,37,0,1.229124,1.635423,2.010137
84,lm,0,112,0,1.935570,0.337387,0.653037
840,human,0,128,0,1.399936,0.798862,1.118356
840,human,1,26,0,1.473671,0.797548,1.175324
840,lm,0,30,0,1.385578,0.727242,1.007651
841,human,0,128,0,1.474292,0.555853,0.819490
841,human,1,128,0,1.297498,0.671856,0.871732
841,human,2,47,0,1.217491,1.286739,1.566593
841,lm,0,100,0,1.521592,0.607958,0.925064
842,human,0,58,0,1.515604,0.759124,1.150532
842,lm,0,64,0,1.575672,0.505312,0.796206
843,human,0,58,0,1.334018,0.949977,1.267287
843,lm,0,50,0,1.484404,0.978665,1.452735
844,human,0,45,0,1.477574,0.789811,1.167004
844,lm,0,45,0,1.502262,0.747090,1.122325
845,human,0,15,0,1.161285,1.826205,2.120745
845,lm,0,17,0,1.088355,1.700411,1.850650
847,human,0,128,0,1.459223,0.586522,0.855866
847,human,1,48,0,1.401693,0.827782,1.160296
847,lm,0,35,0,1.295318,0.700095,0.906846
848,human,0,82,0,1.457015,0.579962,0.845013
848,lm,0,8,0,1.031203,2.604413,2.685678
849,human,0,23,0,1.251219,1.098950,1.375027
849,lm,0,10,0,1.382460,0.788158,1.089598
85,human,0,46,0,1.283067,1.266560,1.625082
85,lm,0,11,0,1.095715,2.645832,2.899078
850,human,0,70,0,1.501691,0.640562,0.961927
850,lm,0,10,0,1.074874,1.125229,1.209479
851,human,0,128,0,1.376308,0.620032,0.853355
851,human,1,61,0,1.166796,1.183681,1.381114
851,lm,0,46,0,1.398055,1.009425,1.411232
852,human,0,128,0,1.310480,0.892564,1.169688
852,human,1,98,0,1.377995,0.747454,1.029988
852,lm,0,30,0,1.314444,0.691260,0.908623
854,human,0,86,0,1.325056,0.860706,1.140484
854,lm,0,114,0,1.583123,0.627475,0.993371
855,human,0,128,0,1.584864,0.605030,0.958890
855,human,1,49,0,1.211079,1.852014,2.242934
855,lm,0,56,0,1.597322,0.579734,0.926021
856,human,0,128,0,1.315356,0.801278,1.053966
856,human,1,21,0,1.235480,1.699595,2.099817
856,lm,0,46,0,1.796782,0.530594,0.953363
858,human,0,128,0,1.461110,0.598258,0.874121
858,human,1,126,0,1.457844,0.709273,1.034010
858,lm,0,82,0,1.644070,0.565472,0.929675
859,human,0,22,0,1.109607,1.902393,2.110908
859,lm,0,68,0,1.629094,0.345969,0.563617
86,human,0,128,0,1.254625,0.800341,1.004128
86,human,1,72,0,1.249204,1.297603,1.620971
86,lm,0,128,0,1.401692,0.591933,0.829707
86,lm,1,13,0,2.070601,0.493813,1.022490
862,human,0,23,0,1.140350,1.319353,1.504523
862,lm,0,21,0,1.179349,0.917232,1.081736
863,human,0,38,0,1.703433,0.533135,0.908160
863,lm,0,50,0,1.902160,0.459182,0.873438
864,human,0,20,0,1.185498,1.095954,1.299251
864,lm,0,66,0,1.473145,0.545206,0.803168
865,human,0,128,0,1.238963,0.801528,0.993063
865,human,1,128,0,1.319133,0.963970,1.271605
865,human,2,22,0,1.327284,1.032003,1.369762
865,lm,0,56,0,1.625687,0.618594,1.005640
866,human,0,128,0,1.184676,1.177782,1.395291
866,human,1,3,0,0.989763,1.083733,1.072639
866,lm,0,120,0,2.239257,0.182910,0.409582
867,human,0,128,0,1.302517,0.748184,0.974523
867,human,1,128,0,1.244898,0.941551,1.172135
867,human,2,10,0,1.028558,1.928761,1.983843
867,lm,0,34,0,1.258552,0.934161,1.175691
868,human,0,63,0,1.271755,0.948798,1.206639
868,lm,0,11,0,1.190864,0.757364,0.901918
869,human,0,128,0,1.293130,1.118317,1.446129
869,human,1,45,0,1.211319,1.350941,1.636420
869,lm,0,67,0,1.462889,0.666231,0.974622
87,human,0,128,0,1.409449,0.619426,0.873050
87,human,1,128,0,1.374057,0.530196,0.728520
87,human,2,128,0,1.398666,0.657613,0.919781
87,human,3,128,0,1.295494,1.069105,1.385019
87,human,4,128,0,1.229927,1.799996,2.213864
87,human,5,128,0,1.446645,0.625318,0.904614
87,human,6,37,0,1.330842,1.098637,1.462113
87,lm,0,128,0,1.999153,0.162509,0.324881
87,lm,1,2,0,0.987904,6.122493,6.048432
870,human,0,128,0,1.281816,0.817790,1.048256
870,human,1,128,0,1.266017,1.010209,1.278942
870,human,2,128,0,1.221512,1.040285,1.270721
870,human,3,128,0,1.211805,0.995417,1.206251
870,human,4,128,0,1.143880,1.515998,1.734120
870,human,5,128,0,1.186438,1.168760,1.386661
870,human,6,8,0,1.033180,2.098587,2.168217
870,lm,0,127,0,2.053339,0.200360,0.411407
871,human,0,46,0,1.337394,1.048799,1.402657
871,lm,0,72,0,1.625124,0.527733,0.857631
872,human,0,104,0,1.502840,0.605036,0.909273
872,lm,0,10,0,1.128151,2.207876,2.490817
873,human,0,128,0,1.350457,0.749556,1.012243
873,human,1,29,0,1.122636,2.395536,2.689315
873,lm,0,38,0,1.277014,0.990443,1.264809
875,human,0,23,0,1.217651,1.321822,1.609517
875,lm,0,128,0,1.983425,0.330017,0.654564
876,human,0,57,0,1.276387,0.942728,1.203287
876,lm,0,30,0,1.642193,0.684062,1.123361
877,human,0,36,0,1.367546,1.000817,1.368663
877,lm,0,95,0,1.804133,0.552465,0.996721
878,human,0,108,0,1.678251,0.515938,0.865873
878,lm,0,15,0,1.243994,0.857655,1.066918
879,human,0,128,0,1.325092,0.683920,0.906256
879,human,1,23,0,1.075389,1.883081,2.025045
879,lm,0,7,0,1.177710,2.355191,2.773732
880,human,0,128,0,1.297337,1.007095,1.306541
880,human,1,128,0,1.242471,0.810209,1.006662
880,human,2,128,0,1.268093,1.132787,1.436480
880,human,3,4,0,1.001618,3.102832,3.107853
880,lm,0,128,0,1.516614,0.597195,0.905715
880,lm,1,128,0,1.358915,0.784442,1.065991
880,lm,2,24,0,1.171939,1.170202,1.371405
881,human,0,100,0,1.446367,0.630187,0.911481
881,lm,0,37,0,1.407249,0.749313,1.054470
882,human,0,83,0,1.291743,0.800564,1.034123
882,lm,0,20,0,1.158198,1.322124,1.531282
883,human,0,46,0,1.518293,0.844612,1.282369
883,lm,0,13,0,1.222470,1.117949,1.366659
884,human,0,128,0,1.365435,0.870900,1.189158
884,human,1,128,0,1.312920,0.849521,1.115353
884,human,2,128,0,1.303866,0.836187,1.090276
884,human,3,128,0,1.226562,0.993273,1.218311
884,human,4,128,0,1.154107,1.389959,1.604161
884,human,5,128,0,1.315234,0.902312,1.186751
884,human,6,65,0,1.357323,1.015371,1.378187
884,lm,0,30,0,1.439026,0.680845,0.979754
885,human,0,128,0,1.287244,0.647744,0.833805
885,human,1,88,0,1.333379,0.701548,0.935429
885,lm,0,128,0,1.240152,0.323915,0.401703
885,lm,1,39,0,1.238848,1.435459,1.778316
886,human,0,104,0,1.723098,0.522529,0.900368
886,lm,0,108,0,1.991387,0.346453,0.689923
887,human,0,128,0,1.195040,1.189149,1.421081
887,human,1,54,0,0.963055,2.058486,1.982434
887,lm,0,126,0,1.526610,0.532523,0.812955
888,human,0,128,0,1.753760,0.308834,0.541621
888,human,1,64,0,1.562423,0.759300,1.186348
888,lm,0,128,0,2.098814,0.231532,0.485943
888,lm,1,19,0,1.187295,0.694062,0.824057
889,human,0,74,0,1.472550,0.811933,1.195611
889,lm,0,96,0,1.651256,0.578276,0.954882
89,human,0,29,0,1.174838,1.557340,1.829623
89,lm,0,27,0,1.238733,1.204349,1.491867
891,human,0,128,0,1.430952,0.755941,1.081716
891,human,1,128,0,1.590018,0.517139,0.822261
891,human,2,128,0,1.453227,0.759099,1.103143
891,human,3,5,0,1.127083,1.765053,1.989362
891,lm,0,92,0,1.868697,0.355596,0.664501
892,human,0,128,0,1.383963,0.708172,0.980084
892,human,1,128,0,1.267866,0.890168,1.128614
892,human,2,38,0,1.333642,0.971527,1.295670
892,lm,0,128,0,2.061544,0.401449,0.827604
892,lm,1,17,0,1.164129,2.002556,2.331232
893,human,0,95,0,1.556144,0.287585,0.447524
893,lm,0,11,0,1.482713,0.823458,1.220952
894,human,0,128,0,1.424956,0.770707,1.098224
894,human,1,128,0,1.236339,1.547822,1.913633
894,human,2,128,0,1.264923,1.061116,1.342230
894,human,3,128,0,1.723820,0.499602,0.861224
894,human,4,128,0,1.538686,0.669915,1.030789
894,human,5,128,0,1.371160,1.002869,1.375094
894,human,6,7,0,1.369182,1.200778,1.644085
894,lm,0,80,0,1.809344,0.486303,0.879889
895,human,0,19,0,1.142858,1.210148,1.383027
895,lm,0,33,0,1.466724,0.766343,1.124014
896,human,0,80,0,1.482108,0.590832,0.875677
896,lm,0,6,0,1.110375,2.639896,2.931275
898,human,0,128,0,1.238794,0.627688,0.777576
898,human,1,87,0,1.134686,1.704583,1.934166
898,lm,0,68,0,1.476817,0.720213,1.063623
9,human,0,40,0,1.261099,0.725828,0.915341
9,lm,0,17,0,1.230340,0.814241,1.001793
90,human,0,24,0,1.074473,1.757199,1.888063
90,lm,0,40,0,1.435024,0.681046,0.977317
900,human,0,38,0,1.637803,0.427945,0.700890
900,lm,0,22,0,1.574830,0.476356,0.750180
901,human,0,89,0,1.557535,0.615434,0.958560
901,lm,0,15,0,1.202873,0.806992,0.970709
902,human,0,128,0,1.499869,0.410790,0.616131
902,human,1,128,0,1.471458,0.526720,0.775047
902,human,2,78,0,1.341049,0.710463,0.952765
902,lm,0,56,0,1.339898,0.572610,0.767240
903,human,0,96,0,1.425191,0.611269,0.871175
903,lm,0,128,0,1.789698,0.399684,0.715314
903,lm,1,22,0,1.458934,0.825857,1.204871
904,human,0,38,0,1.380093,0.787569,1.086918
904,lm,0,119,0,2.104414,0.377970,0.795405
905,human,0,70,0,1.547843,0.371678,0.575298
905,lm,0,65,0,1.600275,0.422154,0.675562
906,human,0,109,0,1.539444,0.525966,0.809695
906,lm,0,28,0,1.388781,1.056132,1.466736
907,human,0,128,0,1.234584,1.288614,1.590902
907,human,1,128,0,1.096065,1.984332,2.174957
907,human,2,128,0,1.339587,1.189350,1.593237
907,human,3,128,0,1.203736,1.623123,1.953812
907,human,4,82,0,1.193686,2.083742,2.487334
907,lm,0,124,0,1.452587,0.870375,1.264295
908,human,0,128,0,1.391499,0.420685,0.585382
908,human,1,11,0,1.098106,1.561234,1.714401
908,lm,0,119,0,1.642015,0.334187,0.548740
909,human,0,128,0,1.354432,0.602044,0.815427
909,human,1,90,0,1.301821,0.754128,0.981739
909,lm,0,128,0,1.833101,0.352347,0.645887
909,lm,1,30,0,1.342199,1.057835,1.419826
91,human,0,28,0,1.271340,0.912395,1.159965
91,lm,0,100,0,1.940875,0.300054,0.582368
910,human,0,30,0,1.215745,0.771186,0.937565
910,lm,0,88,0,1.726225,0.386900,0.667877
911,human,0,128,0,1.258004,0.842410,1.059755
911,human,1,128,0,1.162661,1.340530,1.558582
911,human,2,128,0,1.141243,1.496381,1.707734
911,human,3,46,0,1.288094,1.151866,1.483712
911,lm,0,9,0,1.043796,2.313694,2.415024
912,human,0,128,0,1.681337,0.385320,0.647853
912,human,1,128,0,1.204265,1.229960,1.481198
912,human,2,92,0,1.441773,0.973409,1.403434
912,lm,0,128,0,2.003437,0.263672,0.528251
912,lm,1,63,0,1.359489,1.008086,1.370482
913,human,0,128,0,1.464580,0.517347,0.757696
913,human,1,3,0,0.883956,3.931826,3.475561
913,lm,0,66,0,1.547625,0.509603,0.788675
914,human,0,128,0,1.429990,0.658561,0.941736
914,human,1,128,0,1.290191,0.937025,1.208942
914,human,2,128,0,1.185078,1.369501,1.622966
914,human,3,128,0,1.295792,1.164748,1.509271
914,human,4,97,0,1.212299,1.372228,1.663551
914,lm,0,103,0,1.539565,0.561136,0.863905
915,human,0,64,0,1.337068,0.450118,0.601838
915,lm,0,67,0,1.668017,0.425216,0.709267
916,human,0,128,0,1.497014,0.617632,0.924604
916,human,1,128,0,1.253324,0.882503,1.106062
916,human,2,51,0,1.201566,1.472581,1.769403
916,lm,0,57,0,1.560270,0.500793,0.781373
917,human,0,121,0,1.454910,0.607703,0.884153
917,lm,0,70,0,1.390088,0.998160,1.387531
918,human,0,14,0,1.288486,0.775317,0.998986
918,lm,0,14,0,1.308970,0.917010,1.200338
919,human,0,90,0,1.438438,0.703888,1.012499
919,lm,0,68,0,1.854686,0.395171,0.732918
92,human,0,46,0,1.416172,0.938049,1.328439
92,lm,0,10,0,1.099392,2.873907,3.159549
920,human,0,64,0,1.516903,0.870764,1.320864
920,lm,0,10,0,1.297646,1.451834,1.883967
921,human,0,76,0,1.960095,0.335956,0.658505
921,lm,0,46,0,1.814030,0.527162,0.956289
922,human,0,47,0,1.533058,0.532286,0.816024
922,lm,0,21,0,1.391546,0.622051,0.865613
923,human,0,115,0,1.709119,0.599959,1.025401
923,lm,0,10,0,1.203645,1.772151,2.133040
924,human,0,61,0,1.170810,1.491006,1.745685
924,lm,0,22,0,1.186573,0.998790,1.185137
925,human,0,128,0,1.249642,0.766620,0.958000
925,human,1,1,0,nan,nan,nan
925,lm,0,23,0,1.209815,1.142033,1.381649
927,human,0,91,0,1.129581,1.351354,1.526463
927,lm,0,10,0,1.263891,0.959264,1.212406
928,human,0,106,0,1.452691,0.717873,1.042847
928,lm,0,10,0,1.253088,1.637519,2.051956
929,human,0,128,0,1.870433,0.253806,0.474727
929,human,1,128,0,1.082091,1.602533,1.734086
929,human,2,113,0,1.084282,1.670283,1.811058
929,lm,0,87,0,1.344971,0.654524,0.880316
93,human,0,128,0,1.324093,0.940099,1.244778
93,human,1,105,0,1.391557,0.854030,1.188432
93,lm,0,128,0,2.039452,0.270476,0.551623
93,lm,1,1,0,1.000000,1.632613,1.632613
930,human,0,55,0,1.618097,0.342508,0.554211
930,lm,0,23,0,1.342411,0.836611,1.123076
931,human,0,23,0,1.126581,0.900567,1.014561
931,lm,0,13,0,1.194615,1.096057,1.309366
932,human,0,86,0,1.363147,0.525369,0.716155
932,lm,0,38,0,1.267767,0.761251,0.965089
933,human,0,23,0,1.388421,0.980755,1.361701
933,lm,0,23,0,1.420710,0.980755,1.393368
934,human,0,128,0,1.336391,0.830476,1.109841
934,human,1,6,0,0.999619,3.889872,3.888390
934,lm,0,32,0,1.843571,0.470348,0.867121
935,human,0,45,0,1.356384,0.900218,1.221041
935,lm,0,33,0,1.483342,0.939718,1.393924
936,human,0,66,0,1.638289,0.284160,0.465536
936,lm,0,73,0,2.072454,0.361960,0.750146
937,human,0,38,0,1.221404,1.505450,1.838763
937,lm,0,81,0,1.482494,0.833026,1.234956
938,human,0,88,0,1.491166,0.471385,0.702913
938,lm,0,26,0,1.435080,0.635800,0.912424
939,human,0,53,0,1.423335,0.350540,0.498936
939,lm,0,45,0,1.846884,0.224484,0.414596
94,human,0,128,0,1.441916,0.594735,0.857558
94,human,1,24,0,1.182115,1.690205,1.998017
94,lm,0,102,0,1.733002,0.386761,0.670257
940,human,0,73,0,1.285880,0.588536,0.756787
940,lm,0,32,0,1.615552,0.325075,0.525175
941,human,0,74,0,1.518384,0.518825,0.787775
941,lm,0,62,0,1.479213,0.379796,0.561799
942,human,0,20,0,1.554458,0.407219,0.633004
942,lm,0,25,0,1.506702,0.360681,0.543439
943,human,0,109,0,1.555762,0.673471,1.047761
943,lm,0,60,0,1.493215,0.734595,1.096908
944,human,0,128,0,1.294742,1.125445,1.457161
944,human,1,103,0,1.209282,1.103202,1.334082
944,lm,0,35,0,1.376343,1.216721,1.674625
945,human,0,128,0,1.378173,0.564434,0.777889
945,human,1,104,0,1.437072,0.586458,0.842783
945,lm,0,128,0,1.476877,0.525175,0.775619
945,lm,1,48,0,1.436100,0.525685,0.754936
946,human,0,128,0,1.314103,1.013248,1.331512
946,human,1,128,0,1.274812,1.219940,1.555194
946,human,2,128,0,1.244530,1.213988,1.510844
946,human,3,128,0,1.239624,1.055024,1.307832
946,human,4,128,0,1.362798,0.964627,1.314591
946,human,5,33,0,1.220033,1.270651,1.550237
946,lm,0,30,0,1.366275,0.969332,1.324374
947,human,0,74,0,1.722655,0.322121,0.554903
947,lm,0,92,0,2.127357,0.224432,0.477447
949,human,0,59,0,1.246902,0.836354,1.042852
949,lm,0,24,0,1.252103,0.915789,1.146662
95,human,0,76,0,1.589730,0.678971,1.079381
95,lm,0,24,0,1.306980,1.235824,1.615196
950,human,0,54,0,1.227598,1.254367,1.539858
950,lm,0,100,0,1.820109,0.439727,0.800351
952,human,0,128,0,1.497171,0.816218,1.222017
952,human,1,126,0,1.332092,1.058930,1.410591
952,lm,0,128,0,1.551942,0.648752,1.006826
952,lm,1,52,0,1.428211,0.753005,1.075450
953,human,0,128,0,1.420136,0.571354,0.811401
953,human,1,30,0,1.212959,1.327930,1.610725
953,lm,0,64,0,2.363910,0.313307,0.740629
954,human,0,128,0,1.314912,0.699119,0.919280
954,human,1,76,0,1.231463,0.887690,1.093157
954,lm,0,74,0,1.697373,0.417964,0.709441
955,human,0,32,0,1.350620,0.956322,1.291628
955,lm,0,58,0,1.487175,0.734017,1.091611
956,human,0,78,0,1.718643,0.401546,0.690114
956,lm,0,10,0,1.281629,1.073669,1.376046
959,human,0,128,0,1.319371,0.876942,1.157012
959,human,1,9,0,1.086362,1.796055,1.951167
959,lm,0,11,0,1.273414,1.613681,2.054884
96,human,0,128,0,1.276439,1.227707,1.567093
96,human,1,128,0,1.167926,2.097238,2.449418
96,human,2,128,0,1.242012,1.407529,1.748168
96,human,3,128,0,1.220457,1.621701,1.979217
96,human,4,10,0,1.062153,3.111499,3.304887
96,lm,0,62,0,1.369117,0.745949,1.021292
960,human,0,76,0,1.253786,0.684928,0.858753
960,lm,0,36,0,1.301895,0.847070,1.102796
961,human,0,128,0,1.377906,0.655279,0.902913
961,human,1,9,0,1.110957,1.705769,1.895036
961,lm,0,110,0,1.683707,0.431752,0.726944
962,human,0,128,0,1.226783,1.219067,1.495531
962,human,1,128,0,1.367007,1.112186,1.520365
962,human,2,128,0,1.181363,1.282094,1.514618
962,human,3,128,0,1.222680,1.169177,1.429530
962,human,4,128,0,1.292743,0.991347,1.281557
962,human,5,128,0,1.346997,0.982127,1.322922
962,human,6,4,0,0.932643,4.510859,4.207022
962,lm,0,111,0,1.487786,0.689838,1.026331
963,human,0,128,0,1.432425,0.570055,0.816560
963,human,1,5,0,1.050304,1.422211,1.493754
963,lm,0,30,0,1.200161,1.076821,1.292359
964,human,0,62,0,1.251863,1.251055,1.566150
964,lm,0,120,0,1.632644,0.794010,1.296336
965,human,0,65,0,1.362346,0.395881,0.539327
965,lm,0,54,0,1.672460,0.373922,0.625369
966,human,0,45,0,1.412370,0.944176,1.333526
966,lm,0,11,0,1.101392,2.297460,2.530404
967,human,0,124,0,1.317773,1.087804,1.433478
967,lm,0,128,0,1.410597,0.444466,0.626963
967,lm,1,128,0,1.293082,0.695427,0.899244
967,lm,2,9,0,1.189534,2.014882,2.396771
968,human,0,30,0,1.301099,0.699781,0.910485
968,lm,0,10,0,1.281835,1.904194,2.440864
969,human,0,64,0,1.455641,0.637999,0.928698
969,lm,0,105,0,1.841759,0.525876,0.968536
97,human,0,128,0,1.753919,0.468898,0.822409
97,human,1,128,0,1.375018,0.900473,1.238166
97,human,2,128,0,1.316780,1.195088,1.573669
97,human,3,9,0,0.985368,3.927240,3.869776
97,lm,0,128,0,1.821000,0.264166,0.481045
97,lm,1,14,0,1.420269,1.222517,1.736304
971,human,0,54,0,1.441984,0.613983,0.885353
971,lm,0,56,0,1.500613,0.547297,0.821280
972,human,0,128,0,1.354079,0.965993,1.308031
972,human,1,128,0,1.255262,1.139808,1.430758
972,human,2,128,0,1.291957,1.123061,1.450946
972,human,3,23,0,1.109715,1.666508,1.849350
972,lm,0,47,0,1.559298,0.668234,1.041975
973,human,0,128,0,1.478599,0.657361,0.971973
973,human,1,89,0,1.811316,0.392233,0.710457
973,lm,0,21,0,1.398376,0.715105,0.999986
974,human,0,20,0,1.108845,1.989151,2.205660
974,lm,0,13,0,1.149988,1.907864,2.194021
975,human,0,128,0,1.379144,0.603776,0.832694
975,human,1,4,0,1.189399,2.318284,2.757364
975,lm,0,25,0,1.449277,0.785597,1.138547
978,human,0,128,0,1.333250,0.725229,0.966911
978,human,1,128,0,1.247283,1.072618,1.337858
978,human,2,128,0,1.285684,0.776466,0.998290
978,human,3,128,0,1.223792,0.853924,1.045025
978,human,4,128,0,1.283867,0.994576,1.276903
978,human,5,128,0,1.219954,1.078422,1.315626
978,human,6,128,0,1.283437,1.080215,1.386388
978,human,7,13,0,1.112424,1.606682,1.787312
978,lm,0,83,0,1.464614,0.430552,0.630592
979,human,0,128,0,1.329086,0.887289,1.179283
979,human,1,59,0,1.334184,1.242278,1.657428
979,lm,0,36,0,1.417436,0.594229,0.842282
98,human,0,128,0,1.252526,0.905380,1.134012
98,human,1,128,0,1.196294,1.382503,1.653880
98,human,2,128,0,1.296151,0.804814,1.043161
98,human,3,33,0,1.246867,1.168300,1.456715
98,lm,0,122,0,1.556651,0.611181,0.951395
980,human,0,116,0,1.278487,0.854771,1.092814
980,lm,0,24,0,1.186286,1.462914,1.735434
981,human,0,10,0,1.181683,0.966300,1.141860
981,lm,0,7,0,1.048898,2.562425,2.687722
983,human,0,128,0,1.261031,1.034639,1.304712
983,human,1,128,0,1.142992,1.477717,1.689019
983,human,2,116,0,1.009586,2.314571,2.336758
983,lm,0,51,0,1.505522,0.799630,1.203860
986,human,0,52,0,1.306747,0.882459,1.153150
986,lm,0,17,0,1.118182,1.146827,1.282362
987,human,0,128,0,1.202909,0.930633,1.119467
987,human,1,128,0,1.281511,1.452055,1.860825
987,human,2,128,0,1.236125,0.882360,1.090707
987,human,3,128,0,1.131734,1.560936,1.766565
987,human,4,128,0,1.136397,1.348706,1.532666
987,human,5,128,0,1.102877,1.442813,1.591246
987,human,6,128,0,1.173739,0.818786,0.961040
987,human,7,128,0,1.087621,1.680617,1.827875
987,human,8,128,0,1.018692,1.076290,1.096408
987,human,9,128,0,1.062817,1.279101,1.359450
987,human,10,128,0,0.952117,1.861577,1.772439
987,human,11,69,0,0.996516,2.510175,2.501429
987,lm,0,128,0,1.474163,0.525196,0.774224
987,lm,1,73,0,1.401312,0.671151,0.940492
988,human,0,71,0,1.234670,0.888184,1.096614
988,lm,0,10,0,1.147357,2.008931,2.304962
989,human,0,31,0,1.269881,0.883704,1.122199
989,lm,0,6,0,1.151501,1.583255,1.823120
99,human,0,78,0,1.661076,0.608963,1.011533
99,lm,0,6,0,1.096205,2.313366,2.535924
990,human,0,128,0,1.478777,0.424436,0.627647
990,human,1,128,0,1.358876,0.588159,0.799236
990,human,2,8,0,0.977981,1.383733,1.353264
990,lm,0,6,0,1.335651,1.122234,1.498913
991,human,0,104,0,1.430996,0.828453,1.185512
991,lm,0,62,0,1.662399,0.592115,0.984332
992,human,0,128,0,1.355689,0.976530,1.323872
992,lm,0,39,0,1.481651,0.903184,1.338204
993,human,0,24,0,1.251320,1.363735,1.706469
993,lm,0,128,0,2.440776,0.148741,0.363043
993,lm,1,20,0,1.302857,1.019214,1.327890
994,human,0,21,0,1.157920,1.340963,1.552728
994,lm,0,10,0,1.400373,1.327185,1.858554
995,human,0,128,0,1.475448,0.723911,1.068094
995,human,1,128,0,1.325109,0.712117,0.943633
995,human,2,128,0,1.420049,0.321737,0.456882
995,human,3,101,0,1.371343,0.626152,0.858669
995,lm,0,101,0,2.658014,0.234034,0.622065
996,human,0,124,0,1.261440,0.621943,0.784544
996,lm,0,123,0,1.747319,0.328430,0.573871
997,human,0,128,0,1.245286,1.106902,1.378409
997,human,1,128,0,1.177367,1.153705,1.358334
997,human,2,128,0,1.271579,1.222729,1.554797
997,human,3,128,0,1.115557,1.118057,1.247255
997,human,4,128,0,1.276756,1.072681,1.369553
997,human,5,128,0,1.470066,0.969372,1.425040
997,human,6,64,0,1.258300,0.868275,1.092551
997,lm,0,23,0,1.223339,1.246243,1.524578
999,human,0,41,0,1.317248,0.971828,1.280138
999,lm,0,101,0,1.441217,0.477950,0.688830
5001,human,0,128,0,1.164376,1.321076,1.538228
5001,human,1,128,0,1.308935,0.590461,0.772875
5001,human,2,128,0,1.411797,0.906004,1.279094
5001,human,3,128,0,1.252996,1.101166,1.379756
5001,human,4,66,0,1.201400,1.555148,1.868355
5001,lm,0,91,0,1.516324,0.348994,0.529187
5002,human,0,128,0,1.125698,1.397103,1.572716
5002,human,1,128,0,1.155077,1.028892,1.188449
5002,human,2,128,0,1.192981,1.371341,1.635984
5002,human,3,128,0,1.274009,0.728498,0.928113
5002,human,4,128,0,1.358826,0.830764,1.128863
5002,human,5,79,0,1.085417,1.435900,1.558551
5002,lm,0,17,0,1.071596,1.713725,1.836421
5003,human,0,85,0,1.128118,1.391767,1.570078
5003,lm,0,23,0,1.084873,1.654873,1.795328
5004,human,0,128,0,1.230201,0.690081,0.848938
5004,human,1,128,0,1.328399,0.660574,0.877506
5004,human,2,21,0,1.200568,1.086686,1.304640
5004,lm,0,66,0,1.788255,0.364774,0.652309
5005,human,0,128,0,1.407135,0.610383,0.858891
5005,human,1,104,0,1.189488,1.276988,1.518962
5005,lm,0,105,0,1.719351,0.352217,0.605585
5006,human,0,66,0,1.431711,0.617944,0.884718
5006,lm,0,19,0,1.066188,1.963235,2.093177
5007,human,0,128,0,1.327601,0.804492,1.068044
5007,human,1,128,0,1.248805,0.824990,1.030252
5007,human,2,27,0,1.188647,1.459086,1.734338
5007,lm,0,46,0,1.378900,0.959013,1.322383
5008,human,0,87,0,1.608597,0.399757,0.643048
5008,lm,0,128,0,1.432465,0.560212,0.802484
5008,lm,1,33,0,1.139225,2.298301,2.618280
5009,human,0,128,0,1.285731,0.790023,1.015758
5009,human,1,128,0,1.354433,0.533313,0.722336
5009,human,2,128,0,1.452685,0.453131,0.658256
5009,human,3,128,0,1.348012,0.852690,1.149436
5009,human,4,62,0,1.219179,1.049430,1.279443
5009,lm,0,128,0,1.664459,0.305247,0.508071
5009,lm,1,128,0,1.679583,0.372603,0.625817
5009,lm,2,25,0,1.230580,0.924373,1.137515
5010,human,0,13,0,1.035635,2.631444,2.725215
5010,lm,0,24,0,1.069946,1.183266,1.266030
5011,human,0,128,0,1.413476,0.971337,1.372962
5011,human,1,128,0,1.150740,1.395876,1.606290
5011,human,2,102,0,1.240392,1.363642,1.691451
5011,lm,0,34,0,1.393610,0.988523,1.377615
5012,human,0,128,0,1.095519,2.237287,2.450989
5012,human,1,128,0,1.291453,0.797528,1.029970
5012,human,2,128,0,1.388460,0.968417,1.344609
5012,human,3,128,0,1.259424,0.779767,0.982058
5012,human,4,4,0,0.975934,3.874206,3.780967
5012,lm,0,128,0,1.782779,0.186846,0.333105
5012,lm,1,128,0,2.218976,0.131194,0.291116
5012,lm,2,43,0,1.609585,0.323916,0.521371
5013,human,0,128,0,1.196723,1.339935,1.603531
5013,human,1,102,0,1.359442,0.927855,1.261366
5013,lm,0,69,0,1.418777,0.554577,0.786822
5014,human,0,128,0,1.291728,0.751452,0.970671
5014,human,1,106,0,1.246576,0.989661,1.233688
5014,lm,0,128,0,1.635083,0.261472,0.427528
5014,lm,1,32,0,1.190955,0.742695,0.884516
5015,human,0,100,0,1.476466,0.496648,0.733284
5015,lm,0,63,0,1.949364,0.255317,0.497706
5016,human,0,46,0,1.295937,0.456508,0.591606
5016,lm,0,60,0,1.557446,0.355812,0.554158
5017,human,0,128,0,1.570353,0.405520,0.636809
5017,human,1,98,0,1.746609,0.365932,0.639140
5017,lm,0,128,0,2.216601,0.153436,0.340106
5017,lm,1,29,0,1.397727,0.547386,0.765097
5018,human,0,29,0,1.420778,0.702780,0.998495
5018,lm,0,128,0,1.628323,0.306502,0.499084
5019,human,0,128,0,1.426870,0.506970,0.723380
5019,human,1,128,0,1.378804,0.672287,0.926952
5019,human,2,109,0,1.531407,0.625095,0.957275
5019,lm,0,128,0,1.812507,0.314322,0.569711
5019,lm,1,58,0,1.420227,0.703983,0.999816
5020,human,0,128,0,1.354981,0.604184,0.818658
5020,human,1,128,0,1.546948,0.425062,0.657549
5020,human,2,123,0,1.388984,0.655629,0.910659
5020,lm,0,61,0,1.580774,0.546655,0.864139
5021,human,0,128,0,1.484231,0.384616,0.570859
5021,human,1,59,0,1.359999,0.583182,0.793126
5021,lm,0,128,0,2.012186,0.201064,0.404578
5021,lm,1,128,0,1.865407,0.173027,0.322766
5021,lm,2,44,0,1.544283,0.372833,0.575760
5022,human,0,128,0,1.429511,0.636490,0.909869
5022,human,1,46,0,1.213573,1.133055,1.375045
5022,lm,0,54,0,1.345608,0.578029,0.777800
5023,human,0,128,0,1.291325,0.936970,1.209934
5023,human,1,128,0,1.218853,0.901573,1.098885
5023,human,2,89,0,1.295754,1.054896,1.366886
5023,lm,0,12,0,1.075688,1.555042,1.672740
5024,human,0,56,0,1.201440,1.000549,1.202100
5024,lm,0,49,0,1.283832,0.795567,1.021374
5025,human,0,128,0,1.196691,1.109648,1.327907
5025,human,1,128,0,1.175406,1.243053,1.461092
5025,human,2,128,0,1.295683,0.808317,1.047322
5025,human,3,3,0,1.726978,0.398169,0.687629
5025,lm,0,128,0,1.961365,0.262275,0.514417
5025,lm,1,128,0,2.107110,0.139152,0.293208
5025,lm,2,63,0,1.642463,0.242690,0.398609
5026,human,0,89,0,1.202551,0.815162,0.980273
5026,lm,0,60,0,1.375083,0.596572,0.820336
5027,human,0,128,0,1.414954,0.703262,0.995083
5027,human,1,72,0,1.238353,1.583220,1.960585
5027,lm,0,99,0,1.911535,0.300223,0.573887
5028,human,0,46,0,1.296048,1.127913,1.461830
5028,lm,0,56,0,1.547258,0.893682,1.382756
5029,human,0,52,0,1.157150,1.634147,1.890952
5029,lm,0,10,0,1.082173,1.948382,2.108486
5030,human,0,58,0,1.323790,1.220769,1.616041
5030,lm,0,10,0,1.282891,1.547040,1.984684
5031,human,0,105,0,1.320287,0.860148,1.135642
5031,lm,0,88,0,1.730766,0.444351,0.769068
5032,human,0,54,0,1.327088,1.399896,1.857786
5032,lm,0,18,0,1.141926,1.319085,1.506298
5033,human,0,41,0,1.378006,0.992684,1.367925
5033,lm,0,42,0,1.464592,1.069111,1.565812
5034,human,0,62,0,1.325823,0.887010,1.176019
5034,lm,0,18,0,1.274777,1.551456,1.977760
5035,human,0,88,0,1.215184,1.001770,1.217336
5035,lm,0,49,0,1.423959,0.940279,1.338919
5036,human,0,128,0,1.247899,1.434435,1.790031
5036,human,1,128,0,1.231809,1.270100,1.564520
5036,human,2,80,0,1.122890,1.825562,2.049906
5036,lm,0,77,0,1.998742,0.346366,0.692297
5037,human,0,128,0,1.580576,0.645605,1.020428
5037,human,1,128,0,1.212724,1.385489,1.680216
5037,human,2,72,0,1.559370,0.626284,0.976608
5037,lm,0,52,0,1.888172,0.438686,0.828315
5038,human,0,74,0,1.411111,0.848679,1.197580
5038,lm,0,52,0,1.554264,0.720998,1.120622
5039,human,0,36,0,1.273313,1.444518,1.839324
5039,lm,0,128,0,1.976665,0.342370,0.676752
5039,lm,1,91,0,1.510730,0.689158,1.041132
5040,human,0,43,0,1.090483,2.266339,2.471403
5040,lm,0,11,0,1.100563,2.587898,2.848144
5041,human,0,33,0,1.299474,0.820437,1.066137
5041,lm,0,40,0,1.611787,0.616745,0.994062
5042,human,0,128,0,1.151367,1.432405,1.649225
5042,human,1,128,0,1.100176,1.944879,2.139709
5042,human,2,128,0,1.165589,1.864313,2.173024
5042,human,3,62,0,1.087056,2.316968,2.518675
5042,lm,0,125,0,1.682768,0.531382,0.894193
5043,human,0,44,0,1.624272,0.433933,0.704825
5043,lm,0,31,0,1.985366,0.333697,0.662510
5044,human,0,128,0,1.306198,0.993587,1.297821
5044,human,1,58,0,1.292771,0.954692,1.234198
5044,lm,0,47,0,1.345532,0.984590,1.324798
5045,human,0,63,0,1.420773,0.614303,0.872785
5045,lm,0,128,0,1.609098,0.616911,0.992670
5045,lm,1,59,0,1.722076,0.574086,0.988619
5046,human,0,38,0,1.202242,1.199953,1.442633
5046,lm,0,12,0,1.152240,1.819699,2.096729
5047,human,0,37,0,1.235043,1.229511,1.518500
5047,lm,0,106,0,1.666841,0.540819,0.901459
5048,human,0,105,0,1.156750,1.526656,1.765960
5048,lm,0,29,0,1.311828,0.587791,0.771081
5049,human,0,27,0,1.203811,1.343952,1.617864
5049,lm,0,42,0,1.341834,1.049746,1.408584
5050,human,0,27,0,1.138235,1.446324,1.646256
5050,lm,0,16,0,1.282410,1.074556,1.378021
