line_num,human_npr,lm_npr,winner,human_n_chunks_scored,lm_n_chunks_scored,human_n_lowconf,lm_n_lowconf
1589,1.122745,1.930853,MGC,1,1,0,0
4220,1.687959,2.065707,MGC,1,2,0,0
6556,1.718329,1.677688,HWC,2,2,0,0
397,1.547395,1.787795,MGC,1,2,0,0
4111,1.362722,2.447869,MGC,1,2,0,0
4458,1.306386,1.584384,MGC,5,2,0,0
6132,1.544653,1.870198,MGC,1,3,0,0
6173,1.474530,2.238085,MGC,1,1,0,0
6641,1.362284,1.492170,MGC,2,2,0,0
4778,1.553531,1.838145,MGC,3,4,0,0
5908,1.279339,2.028494,MGC,1,1,0,0
2546,1.428875,1.866338,MGC,1,1,0,0
5011,1.650456,1.240509,HWC,1,1,0,0
1134,1.367586,1.721589,MGC,2,1,0,0
4173,1.229919,1.854437,MGC,1,2,0,0
5190,1.555591,1.738711,MGC,1,1,0,0
1383,1.128736,1.494288,MGC,1,1,0,0
3710,1.380531,1.850610,MGC,1,1,0,0
3411,1.544002,2.232193,MGC,1,1,0,0
2915,1.121838,1.821440,MGC,1,2,0,0
5535,1.537308,1.977566,MGC,2,1,0,0
6799,2.089388,2.254879,MGC,1,2,0,0
381,1.757326,1.705810,HWC,1,3,0,0
6924,1.334206,1.603982,MGC,2,2,0,0
1420,1.143168,1.382064,MGC,6,1,0,0
4724,1.675738,1.673654,HWC,2,2,0,0
5662,1.238613,1.886375,MGC,1,2,0,0
4403,1.570208,1.470374,HWC,3,2,0,0
4652,1.339847,1.551316,MGC,1,1,0,0
4562,1.685351,1.823343,MGC,1,2,0,0
2450,1.826486,1.528320,HWC,1,2,0,0
6682,1.255669,1.939114,MGC,2,1,0,0
3081,1.274768,1.601005,MGC,1,2,0,0
6208,1.392125,1.810958,MGC,1,1,0,0
1257,1.185273,1.347981,MGC,1,1,0,0
3120,1.254976,1.581502,MGC,1,2,0,0
1930,1.486885,1.845788,MGC,2,1,0,0
2946,1.135364,1.674914,MGC,1,1,0,0
6959,1.422443,1.751351,MGC,2,2,0,0
4162,1.660625,1.760075,MGC,1,1,0,0
5319,1.289749,1.819612,MGC,1,3,0,0
5176,1.342960,1.710413,MGC,1,1,0,0
1422,1.290100,1.497835,MGC,2,1,0,0
2846,1.200001,2.106972,MGC,1,1,0,0
2807,1.351690,1.688251,MGC,2,4,0,0
6606,1.345630,1.907780,MGC,3,2,0,0
6123,1.271854,1.350831,MGC,1,1,0,0
6441,1.462354,1.656223,MGC,1,2,0,0
4391,1.193400,1.702730,MGC,1,1,0,0
888,1.495202,1.805831,MGC,1,1,0,0
6496,1.460141,1.788975,MGC,2,2,0,0
3738,1.367072,1.563679,MGC,1,2,0,0
4529,1.431959,1.635525,MGC,1,2,0,0
5921,1.442446,1.589659,MGC,1,1,0,0
4590,1.811874,1.731725,HWC,1,3,0,0
1842,1.569009,1.895384,MGC,1,1,0,0
2651,1.339480,1.689815,MGC,1,2,0,0
1070,1.309737,1.557069,MGC,1,2,0,0
2551,1.642717,1.628033,HWC,2,1,0,0
329,1.276712,1.310599,MGC,1,1,0,0
3972,1.129103,1.755612,MGC,1,2,0,0
5318,1.184227,1.231238,MGC,1,1,0,0
5302,1.132407,1.446457,MGC,1,2,0,0
5231,1.459806,1.834406,MGC,1,1,0,0
2178,1.085975,1.521323,MGC,1,1,0,0
48,1.551833,1.601968,MGC,1,1,0,0
853,1.508938,1.935584,MGC,1,2,0,0
470,1.393104,2.504372,MGC,3,3,0,0
2516,1.684853,2.292211,MGC,1,2,0,0
5996,1.664814,1.684844,MGC,1,1,0,0
755,1.315568,1.712691,MGC,3,2,0,0
1712,1.343507,1.647226,MGC,1,2,0,0
2924,1.262451,1.760976,MGC,1,2,0,0
2959,1.300064,1.671675,MGC,1,1,0,0
2153,1.993443,2.133333,MGC,1,1,0,0
118,1.416514,2.297611,MGC,2,1,0,0
1009,1.443768,2.165166,MGC,1,1,0,0
1737,1.483586,1.609167,MGC,8,1,0,0
1014,1.143549,1.494135,MGC,2,2,0,0
3935,1.139807,1.838564,MGC,5,1,0,0
6997,1.295812,1.677707,MGC,1,2,0,0
6049,1.514468,1.645911,MGC,2,3,0,0
3446,1.379884,1.678355,MGC,1,2,0,0
3030,1.190720,1.572765,MGC,1,2,0,0
1342,1.428345,1.866351,MGC,1,2,0,0
532,1.277066,1.671536,MGC,1,1,0,0
6373,1.292710,1.486365,MGC,1,1,0,0
3713,1.766615,1.702960,HWC,1,1,0,0
2444,1.489277,1.695677,MGC,3,2,0,0
4722,1.778060,1.738374,HWC,2,1,0,0
6656,1.669954,1.965694,MGC,1,1,0,0
5614,1.479784,1.162408,HWC,1,1,0,0
4879,1.619331,1.491755,HWC,2,2,0,0
6473,1.483466,2.115266,MGC,2,1,0,0
3051,1.344596,1.255153,HWC,2,1,0,0
4689,1.318446,1.209205,HWC,1,1,0,0
2757,1.690540,1.937823,MGC,1,1,0,0
2909,1.537387,2.024434,MGC,2,2,0,0
2979,1.454064,1.473970,MGC,1,1,0,0
1800,1.481338,1.717046,MGC,1,2,0,0
5729,1.582519,2.889620,MGC,5,1,0,0
1367,1.269818,1.601240,MGC,2,1,0,0
5651,1.110205,1.695062,MGC,1,2,0,0
4903,1.387075,1.827695,MGC,1,2,0,0
4561,1.189295,1.660171,MGC,1,2,0,0
2799,1.522768,1.836303,MGC,1,2,0,0
4212,1.632688,1.325062,HWC,1,1,0,0
4745,1.327030,1.701772,MGC,4,2,0,0
475,1.124617,1.530677,MGC,1,2,0,0
3895,1.570342,1.543911,HWC,1,2,0,0
1020,1.550901,1.735031,MGC,1,3,0,0
2669,1.275597,1.806356,MGC,4,2,0,0
690,1.380516,1.590828,MGC,1,2,0,0
1337,1.660489,1.839276,MGC,2,2,0,0
5837,1.175970,1.505949,MGC,1,1,0,0
5754,1.640318,2.433403,MGC,1,1,0,0
3903,1.481463,1.772249,MGC,2,2,0,0
153,1.143481,1.526610,MGC,1,2,0,0
2992,1.421691,1.635281,MGC,1,1,0,0
2691,1.406646,1.585960,MGC,1,2,0,0
1906,1.409049,1.489112,MGC,1,1,0,0
596,1.220762,1.550921,MGC,1,1,0,0
1654,1.899831,2.168384,MGC,2,2,0,0
2321,1.351476,1.944500,MGC,1,1,0,0
4933,1.370146,2.193597,MGC,1,1,0,0
5308,1.378214,1.877208,MGC,1,1,0,0
221,1.701084,1.890532,MGC,1,1,0,0
1750,1.651048,1.803878,MGC,1,1,0,0
1138,1.449186,1.996116,MGC,1,2,0,0
5457,1.176562,1.604248,MGC,1,2,0,0
816,1.270350,1.055304,HWC,1,1,0,0
233,1.496790,1.714228,MGC,1,2,0,0
731,1.573452,1.851098,MGC,1,2,0,0
1448,1.385403,1.565021,MGC,2,2,0,0
6416,1.725289,1.415152,HWC,1,1,0,0
1505,1.431690,1.661500,MGC,2,1,0,0
2602,1.430544,1.911929,MGC,2,2,0,0
6312,1.160864,1.546114,MGC,1,1,0,0
1208,1.355645,1.456772,MGC,1,1,0,0
4044,2.008538,2.276694,MGC,1,1,0,0
4105,1.216722,1.492150,MGC,1,2,0,0
41,1.483209,1.204627,HWC,1,1,0,0
907,1.942073,2.566124,MGC,1,1,0,0
5946,1.486758,1.910700,MGC,1,1,0,0
4175,1.577562,1.558928,HWC,1,2,0,0
804,1.294033,1.562479,MGC,2,3,0,0
4090,1.293816,1.518981,MGC,1,1,0,0
6459,1.457196,1.984618,MGC,1,1,0,0
5956,1.668552,1.403294,HWC,1,2,0,0
1203,1.535981,1.673975,MGC,1,2,0,0
1767,1.294935,1.719324,MGC,3,1,0,0
5499,1.317498,1.405577,MGC,2,1,0,0
5617,1.313968,1.713685,MGC,2,2,0,0
1917,1.376236,1.488874,MGC,3,1,0,0
6428,1.632799,1.629173,HWC,1,1,0,0
1126,2.061450,1.466245,HWC,1,1,0,0
2880,1.432083,1.624021,MGC,1,3,0,0
5211,1.629208,1.470792,HWC,1,1,0,0
1520,1.291806,1.565045,MGC,2,1,0,0
798,1.363958,1.574803,MGC,1,1,0,0
3190,1.281551,2.164704,MGC,1,1,0,0
119,1.505305,1.676134,MGC,2,2,0,0
4112,1.684291,2.040839,MGC,1,2,0,0
3590,1.324079,2.082697,MGC,3,1,0,0
2072,1.395196,1.909264,MGC,1,1,0,0
6480,1.272251,1.915977,MGC,2,1,0,0
6235,1.633803,2.461269,MGC,2,2,0,0
6795,1.242596,1.737574,MGC,3,2,0,0
3333,1.343739,1.515778,MGC,1,2,0,0
453,1.701589,1.334660,HWC,2,1,0,0
2076,1.163067,1.421601,MGC,1,1,0,0
6482,1.467498,1.682830,MGC,3,2,0,0
3874,1.259484,1.671240,MGC,1,1,0,0
5367,1.483538,1.614640,MGC,1,1,0,0
350,1.362827,1.748381,MGC,3,2,0,0
2098,1.402678,1.558127,MGC,1,3,0,0
2944,1.496678,1.512165,MGC,1,1,0,0
1638,1.590430,1.504458,HWC,1,1,0,0
2377,1.272920,1.730093,MGC,8,2,0,0
1343,1.241379,1.134934,HWC,2,1,0,0
3089,1.832393,1.995737,MGC,1,1,0,0
267,1.241088,1.665991,MGC,2,1,0,0
984,1.495067,1.135120,HWC,1,1,0,0
4877,1.117286,1.709195,MGC,1,2,0,0
4348,1.713106,1.379721,HWC,1,1,0,0
1997,1.074335,1.205664,MGC,1,1,0,0
5381,1.583804,1.344472,HWC,2,1,0,0
3798,1.627692,1.500755,HWC,2,1,0,0
3222,1.381402,1.593570,MGC,2,1,0,0
3771,1.214830,1.892712,MGC,1,2,0,0
2974,1.354515,1.566968,MGC,2,2,0,0
6521,1.419782,1.494110,MGC,1,3,0,0
4512,1.275886,1.803039,MGC,1,1,0,0
3265,1.206132,1.552901,MGC,2,3,0,0
5156,1.298726,1.439712,MGC,1,1,0,0
6175,1.299165,1.524497,MGC,1,2,0,0
6087,1.166495,1.554569,MGC,1,1,0,0
1477,1.286839,1.918042,MGC,1,1,0,0
4953,1.258184,1.590704,MGC,9,2,0,0
343,1.456986,1.514535,MGC,1,2,0,0
2711,1.268929,1.808127,MGC,1,3,0,0
6972,2.224062,2.075427,HWC,1,1,0,0
6004,1.256383,1.634165,MGC,1,1,0,0
3624,1.177956,1.672108,MGC,1,1,0,0
2195,1.506333,1.692023,MGC,2,2,0,0
6628,1.608715,1.581374,HWC,4,1,0,0
631,1.180200,1.566798,MGC,1,1,0,0
3964,1.349454,1.487964,MGC,1,2,0,0
2299,1.403827,1.550799,MGC,2,2,0,0
1558,1.232845,1.694581,MGC,5,1,0,0
5455,1.248850,1.853153,MGC,8,2,0,0
6350,1.278309,1.663136,MGC,1,1,0,0
3981,1.881709,1.619702,HWC,2,2,0,0
5783,1.367634,1.376769,MGC,1,1,0,0
5204,1.336324,1.746320,MGC,3,2,0,0
5384,1.376576,1.588623,MGC,1,1,0,0
5717,1.545226,1.553418,MGC,1,1,0,0
4180,1.260195,2.146492,MGC,1,1,0,0
3047,1.117033,1.572660,MGC,1,1,0,0
2488,1.310755,1.509187,MGC,1,1,0,0
4361,1.816191,2.043776,MGC,1,1,0,0
203,1.181202,1.613965,MGC,5,3,0,0
427,1.199265,1.498078,MGC,1,2,0,0
5738,1.426747,1.448471,MGC,2,1,0,0
4397,1.468415,2.142157,MGC,1,1,0,0
743,1.605369,1.538203,HWC,3,5,0,0
3042,1.584790,1.828418,MGC,2,1,0,0
5768,1.293852,1.417855,MGC,6,1,0,0
2073,1.283373,1.930101,MGC,3,1,0,0
6947,1.434952,1.719710,MGC,4,1,0,0
1919,1.494090,2.032968,MGC,1,1,0,0
5108,1.274930,1.506774,MGC,1,1,0,0
2199,1.289845,1.522673,MGC,4,2,0,0
5951,1.265861,1.409088,MGC,2,1,0,0
1790,1.225576,1.659912,MGC,1,1,0,0
5486,1.757461,1.904192,MGC,1,1,0,0
3552,1.180653,1.430317,MGC,1,2,0,0
3420,1.498061,1.624552,MGC,1,2,0,0
5784,1.330441,1.943648,MGC,2,3,0,0
1923,1.406123,1.774904,MGC,1,2,0,0
4400,1.390078,1.648843,MGC,2,2,0,0
2646,1.291099,1.752807,MGC,1,2,0,0
156,1.377719,1.221211,HWC,1,1,0,0
6952,1.485461,2.103607,MGC,1,1,0,0
5902,1.439443,1.922477,MGC,1,1,0,0
5244,1.350926,1.877878,MGC,1,1,0,0
4767,1.110541,1.575942,MGC,1,1,0,0
638,1.294552,1.759617,MGC,1,1,0,0
2355,1.140331,1.525711,MGC,1,1,0,0
558,1.459202,1.444758,HWC,2,1,0,0
1943,1.653797,1.412600,HWC,1,1,0,0
3296,1.271835,1.732911,MGC,2,2,0,0
2349,1.992719,2.137754,MGC,1,3,0,0
2333,1.140359,1.479137,MGC,1,1,0,0
6942,1.337027,1.691586,MGC,1,2,0,0
1230,1.286813,1.690364,MGC,2,3,0,0
1941,1.163341,1.756297,MGC,1,2,0,0
4011,1.379938,1.616591,MGC,2,2,0,0
2852,1.555190,1.748006,MGC,1,1,0,0
5556,1.434410,1.646827,MGC,2,2,0,0
6842,1.292669,1.977422,MGC,1,1,0,0
1037,1.515212,1.626991,MGC,1,1,0,0
4169,1.228135,2.154956,MGC,1,1,0,0
407,1.366007,1.571775,MGC,1,5,0,0
2826,1.588283,2.523357,MGC,3,1,0,0
419,1.824735,2.163887,MGC,1,2,0,0
312,1.182761,1.531273,MGC,5,2,0,0
5106,1.228882,1.757411,MGC,1,2,0,0
917,1.307649,1.613373,MGC,1,1,0,0
2641,1.576086,1.877040,MGC,2,1,0,0
1570,1.619071,2.029375,MGC,3,2,0,0
4123,1.448574,1.576069,MGC,1,1,0,0
3875,1.449464,1.581267,MGC,1,1,0,0
4007,1.904625,1.943628,MGC,1,1,0,0
2502,1.716384,1.956060,MGC,1,1,0,0
2566,1.272017,1.916027,MGC,1,1,0,0
5447,1.947872,1.886791,HWC,1,2,0,0
2084,1.362035,2.319830,MGC,3,3,0,0
5345,1.180214,1.702086,MGC,2,2,0,0
4264,1.493330,1.453944,HWC,1,3,0,0
4770,1.241791,1.448861,MGC,1,1,0,0
3130,1.334717,1.498693,MGC,2,1,0,0
3264,1.685365,1.452131,HWC,1,1,0,0
5137,1.366876,2.121800,MGC,1,1,0,0
684,1.248753,1.479581,MGC,5,2,0,0
5958,1.384312,1.439117,MGC,7,1,0,0
5519,1.242140,1.783362,MGC,1,1,0,0
981,1.233696,1.576328,MGC,1,3,0,0
2770,1.410986,1.898855,MGC,1,2,0,0
5674,1.343846,1.507956,MGC,3,1,0,0
4780,2.420478,1.732057,HWC,1,1,0,0
3599,1.178689,1.630336,MGC,1,2,0,0
656,1.578881,1.770109,MGC,1,2,0,0
5440,1.396958,1.506174,MGC,5,4,0,0
6107,1.227637,1.743930,MGC,1,1,0,0
210,1.217781,1.978929,MGC,1,2,0,0
1702,1.396634,1.960291,MGC,2,1,0,0
2970,1.264676,1.165169,HWC,1,1,0,0
2226,1.508816,1.755073,MGC,3,3,0,0
6388,1.185553,1.574544,MGC,1,3,0,0
923,1.179503,1.955549,MGC,1,1,0,0
2590,1.532084,2.095253,MGC,1,1,0,0
5269,1.435473,1.484528,MGC,1,1,0,0
6423,1.425351,1.261361,HWC,2,1,0,0
17,1.280616,1.504793,MGC,1,2,0,0
6240,1.449999,1.604219,MGC,1,1,0,0
2256,1.353357,1.802832,MGC,2,1,0,0
3387,1.308282,1.376821,MGC,1,1,0,0
5359,1.660429,2.060294,MGC,1,1,0,0
6026,1.234404,1.807684,MGC,1,1,0,0
4392,1.392775,1.661589,MGC,1,1,0,0
3858,1.266053,1.636238,MGC,6,2,0,0
6378,1.230450,1.676970,MGC,1,1,0,0
3627,1.346090,1.499435,MGC,3,3,0,0
5265,1.579435,1.841090,MGC,3,1,0,0
5471,1.107658,1.339072,MGC,1,2,0,0
6400,1.381190,1.774444,MGC,1,2,0,0
5620,1.136764,1.699314,MGC,1,1,0,0
566,1.297740,1.756295,MGC,1,4,0,0
2396,1.626931,1.872997,MGC,1,1,0,0
6623,1.485895,1.741220,MGC,3,2,0,0
1924,1.683816,2.252479,MGC,2,1,0,0
5636,1.377516,2.041816,MGC,3,3,0,0
587,1.331725,1.599162,MGC,5,2,0,0
2204,1.471199,1.628049,MGC,1,2,0,0
6843,1.435559,1.712495,MGC,2,2,0,0
3879,1.511368,1.494059,HWC,1,1,0,0
3719,1.323506,1.664256,MGC,1,2,0,0
2998,1.285977,1.254222,HWC,2,1,0,0
4703,1.471991,1.920468,MGC,1,2,0,0
978,1.559872,2.544419,MGC,1,1,0,0
3623,1.637185,1.749030,MGC,1,1,0,0
2592,1.851246,2.134301,MGC,1,2,0,0
2474,1.310868,1.413271,MGC,4,3,0,0
3453,1.283755,1.622210,MGC,1,2,0,0
4634,1.103655,1.681988,MGC,1,1,0,0
6333,1.303716,1.286649,HWC,4,2,0,0
4757,1.297986,1.289755,HWC,1,1,0,0
188,1.344081,1.599820,MGC,1,2,0,0
6104,1.574166,1.840396,MGC,2,1,0,0
4520,1.137467,2.501596,MGC,1,1,0,0
2604,1.127555,1.637754,MGC,1,2,0,0
1095,1.230620,1.551054,MGC,1,1,0,0
5437,1.517643,1.806187,MGC,2,4,0,0
758,1.532360,1.468897,HWC,1,2,0,0
2989,1.439925,2.558884,MGC,2,2,0,0
6580,1.600803,1.561006,HWC,2,1,0,0
2822,1.613846,1.173819,HWC,2,1,0,0
389,1.453788,2.128587,MGC,2,1,0,0
3169,1.312606,1.536931,MGC,1,3,0,0
4796,1.243891,1.541527,MGC,1,2,0,0
3313,1.275359,1.487144,MGC,2,1,0,0
6570,1.273637,1.501422,MGC,1,2,0,0
3123,1.192788,1.675860,MGC,1,2,0,0
1487,1.414826,2.161077,MGC,1,1,0,0
6508,1.693045,1.814365,MGC,1,2,0,0
5242,1.684833,1.722681,MGC,1,1,0,0
3822,1.332633,1.512763,MGC,1,1,0,0
1413,1.257721,1.437832,MGC,1,1,0,0
6729,1.245221,1.737124,MGC,4,1,0,0
4943,1.322074,1.808887,MGC,1,2,0,0
2517,1.213859,1.759528,MGC,1,2,0,0
5074,1.566978,1.959324,MGC,1,1,0,0
934,1.139574,1.305078,MGC,1,1,0,0
6470,1.366240,1.665401,MGC,1,1,0,0
6523,1.901370,1.845281,HWC,1,1,0,0
3093,1.398740,1.358987,HWC,1,1,0,0
3484,1.475562,1.419373,HWC,1,1,0,0
5961,1.343957,1.670434,MGC,1,3,0,0
6383,1.472859,1.716238,MGC,2,3,0,0
1719,1.297454,1.751777,MGC,1,1,0,0
1650,1.299383,1.682399,MGC,1,2,0,0
998,1.188402,1.596896,MGC,1,1,0,0
5609,1.502269,1.972323,MGC,5,1,0,0
1700,1.672520,1.746419,MGC,2,1,0,0
562,1.298987,1.150045,HWC,1,1,0,0
3686,1.360372,1.650101,MGC,3,3,0,0
2984,1.550024,1.610649,MGC,2,2,0,0
2895,1.248323,1.754552,MGC,1,1,0,0
2082,1.478335,1.137420,HWC,2,1,0,0
5301,1.531317,1.835124,MGC,1,1,0,0
1881,1.473976,1.642244,MGC,1,2,0,0
348,1.422562,1.748691,MGC,1,1,0,0
886,1.582787,1.860907,MGC,3,3,0,0
474,1.092767,1.787667,MGC,1,2,0,0
2409,1.387638,1.538316,MGC,1,1,0,0
6688,1.188901,2.202256,MGC,1,2,0,0
618,1.364891,1.947129,MGC,2,3,0,0
4576,1.552602,1.565324,MGC,1,4,0,0
6320,1.362052,1.452674,MGC,1,1,0,0
36,1.380262,1.597541,MGC,2,3,0,0
1285,1.405681,1.046056,HWC,1,1,0,0
2090,1.185108,1.679696,MGC,1,2,0,0
4027,1.188715,1.799632,MGC,1,2,0,0
6036,1.447849,1.517594,MGC,2,2,0,0
3606,1.978652,1.945708,HWC,2,2,0,0
6516,1.385253,1.539510,MGC,1,1,0,0
104,1.347580,1.733449,MGC,1,1,0,0
6893,1.601412,1.675677,MGC,1,1,0,0
1038,1.205013,1.764482,MGC,1,2,0,0
1274,1.404391,1.904246,MGC,4,1,0,0
274,1.678495,1.588054,HWC,2,2,0,0
5286,1.331060,1.450624,MGC,1,1,0,0
3293,2.117425,2.546683,MGC,1,1,0,0
6790,1.220051,1.732072,MGC,1,2,0,0
2505,1.322173,1.603393,MGC,1,1,0,0
4315,1.444047,1.724642,MGC,1,3,0,0
4937,1.754504,1.684060,HWC,2,1,0,0
3316,1.501125,1.552003,MGC,1,1,0,0
2936,1.229051,1.792902,MGC,5,1,0,0
301,1.435994,1.751733,MGC,2,2,0,0
1401,1.209997,1.387128,MGC,1,1,0,0
4443,1.576263,2.239567,MGC,3,3,0,0
5336,1.285019,1.545077,MGC,1,2,0,0
6287,1.424073,1.114288,HWC,1,1,0,0
3620,2.618719,2.674040,MGC,1,1,0,0
6351,1.473021,1.385381,HWC,2,1,0,0
6096,1.618233,1.995647,MGC,3,2,0,0
6353,1.368742,1.592768,MGC,1,2,0,0
966,1.255334,1.221854,HWC,1,1,0,0
5891,1.335240,1.527991,MGC,4,2,0,0
5963,1.267238,1.588587,MGC,1,2,0,0
4050,1.441579,2.346072,MGC,1,1,0,0
2372,1.172783,1.227774,MGC,2,1,0,0
1333,1.533507,1.663338,MGC,2,3,0,0
1093,1.224824,1.233835,MGC,1,1,0,0
2532,1.766367,1.577675,HWC,1,1,0,0
3601,1.186094,1.562496,MGC,1,1,0,0
1826,1.512337,1.431349,HWC,1,1,0,0
6748,1.287349,1.572405,MGC,1,1,0,0
3008,1.376753,1.967766,MGC,2,2,0,0
299,1.375662,1.537346,MGC,2,3,0,0
795,2.127249,1.888659,HWC,1,1,0,0
6573,1.441976,1.880515,MGC,1,2,0,0
65,1.167868,1.643425,MGC,1,2,0,0
286,1.289843,1.378304,MGC,1,1,0,0
6022,1.393428,2.042590,MGC,2,2,0,0
480,1.290451,1.601257,MGC,5,1,0,0
3195,1.417361,2.177145,MGC,1,1,0,0
4484,1.433572,1.622899,MGC,1,2,0,0
1661,1.422272,1.817856,MGC,2,1,0,0
6923,1.817541,1.892841,MGC,1,1,0,0
192,1.295318,2.090693,MGC,4,1,0,0
3178,1.301797,1.646916,MGC,1,1,0,0
70,1.222984,1.794370,MGC,6,3,0,0
2115,1.400308,1.952523,MGC,1,1,0,0
994,1.306415,1.494818,MGC,6,1,0,0
4712,1.399499,1.126503,HWC,1,1,0,0
3965,1.397194,1.657697,MGC,1,1,0,0
6543,1.269776,1.563956,MGC,1,2,0,0
6877,1.216482,2.187329,MGC,1,1,0,0
92,1.126001,1.283563,MGC,1,1,0,0
5709,1.270310,1.337910,MGC,1,2,0,0
139,1.492216,1.722500,MGC,3,1,0,0
1516,1.586932,1.906680,MGC,1,1,0,0
4191,1.499063,1.528849,MGC,1,2,0,0
4130,1.953509,2.076877,MGC,1,2,0,0
5747,1.247989,1.440990,MGC,1,1,0,0
3956,1.277980,2.228828,MGC,1,2,0,0
3656,1.324025,1.485966,MGC,2,1,0,0
1036,1.163102,1.561058,MGC,7,4,0,0
1226,1.754693,1.654296,HWC,2,3,0,0
435,1.535087,1.587422,MGC,2,1,0,0
5272,1.614320,1.926524,MGC,1,1,0,0
2184,1.437841,1.754494,MGC,1,1,0,0
2510,1.331363,1.749830,MGC,1,4,0,0
1187,1.432884,1.585670,MGC,2,4,0,0
5875,1.285885,1.941883,MGC,1,2,0,0
724,1.266273,1.406396,MGC,2,1,0,0
3699,1.606700,1.579840,HWC,1,1,0,0
1629,1.220429,2.041609,MGC,1,1,0,0
4612,1.226833,1.477730,MGC,1,1,0,0
1189,1.733426,2.029444,MGC,1,2,0,0
585,1.433940,1.345252,HWC,1,1,0,0
5907,1.625282,1.910022,MGC,1,3,0,0
2101,1.688861,1.702158,MGC,1,1,0,0
1102,1.221666,1.488150,MGC,1,2,0,0
2715,1.403263,2.098080,MGC,1,2,0,0
1103,1.288987,1.526194,MGC,1,1,0,0
3419,1.287603,1.476644,MGC,1,1,0,0
4908,1.695260,1.689757,HWC,2,4,0,0
2318,1.222585,1.637767,MGC,1,1,0,0
1237,1.501646,1.362649,HWC,1,2,0,0
2152,1.111427,1.399153,MGC,1,3,0,0
6722,1.342114,1.589522,MGC,2,2,0,0
3471,1.379573,1.619557,MGC,1,1,0,0
6717,1.195898,1.500075,MGC,1,2,0,0
2010,1.342590,1.477647,MGC,1,1,0,0
1251,1.652674,2.263591,MGC,1,1,0,0
2324,1.162632,1.920769,MGC,1,1,0,0
5086,1.377396,2.180728,MGC,2,3,0,0
2471,1.518929,2.596012,MGC,1,4,0,0
148,1.122836,1.943605,MGC,2,1,0,0
2493,1.412767,1.702600,MGC,1,1,0,0
3960,1.313394,1.769992,MGC,1,1,0,0
3323,1.450220,1.177025,HWC,1,1,0,0
5001,1.204760,1.368623,MGC,2,2,0,0
4025,1.342694,2.059104,MGC,1,1,0,0
105,1.119954,1.392494,MGC,1,2,0,0
1789,1.294146,1.382750,MGC,2,2,0,0
5295,1.463970,1.569360,MGC,1,1,0,0
3017,1.345665,2.034779,MGC,2,2,0,0
3705,1.565151,1.772411,MGC,1,1,0,0
4694,1.744745,1.308042,HWC,1,1,0,0
1547,1.235255,1.748005,MGC,1,2,0,0
2353,1.379277,1.710075,MGC,1,1,0,0
6865,2.121475,2.131286,MGC,1,1,0,0
1088,1.423302,1.692603,MGC,1,1,0,0
1791,1.464668,1.790731,MGC,1,2,0,0
2138,1.226567,1.403899,MGC,3,1,0,0
3629,1.214640,1.861969,MGC,2,2,0,0
1724,1.280375,1.581934,MGC,1,1,0,0
3378,1.222734,1.430254,MGC,1,1,0,0
1519,1.619282,2.056139,MGC,1,1,0,0
4876,1.202414,1.669337,MGC,1,1,0,0
3076,2.272768,2.365281,MGC,1,1,0,0
2171,1.734937,1.094931,HWC,1,1,0,0
1312,1.430712,1.707682,MGC,2,1,0,0
1355,1.256119,1.475030,MGC,1,1,0,0
4964,1.626704,1.610227,HWC,1,1,0,0
5633,1.284202,1.675045,MGC,1,1,0,0
2863,1.210395,1.372405,MGC,1,1,0,0
1465,1.213626,1.230202,MGC,2,1,0,0
2346,1.271543,1.793841,MGC,1,2,0,0
2664,1.304416,1.907149,MGC,1,1,0,0
5230,1.322860,1.395720,MGC,2,3,0,0
4777,1.212623,1.471706,MGC,6,2,0,0
967,1.192379,1.921105,MGC,1,3,0,0
3507,1.421929,1.795743,MGC,1,3,0,0
6401,1.378834,1.549369,MGC,1,1,0,0
5290,1.362736,1.602027,MGC,2,2,0,0
6051,1.323836,1.624364,MGC,2,2,0,0
5568,1.295773,1.848394,MGC,1,2,0,0
1473,1.780066,1.594430,HWC,1,1,0,0
1444,1.373788,1.631840,MGC,1,1,0,0
4133,1.214690,1.813675,MGC,1,3,0,0
23,1.503895,1.570641,MGC,1,1,0,0
1818,1.512716,1.945323,MGC,1,2,0,0
5900,1.113393,1.900457,MGC,1,1,0,0
3032,1.186360,1.165668,HWC,1,1,0,0
811,1.377086,1.644611,MGC,1,2,0,0
3334,1.318458,1.811498,MGC,1,1,0,0
5994,1.434227,1.675933,MGC,2,1,0,0
5191,1.254042,1.428549,MGC,1,2,0,0
3275,1.196758,1.541213,MGC,2,2,0,0
505,1.284791,1.542408,MGC,3,3,0,0
885,1.338600,2.196933,MGC,2,1,0,0
814,1.165002,1.440334,MGC,1,1,0,0
916,1.316662,1.284715,HWC,1,1,0,0
4932,1.347401,1.743009,MGC,1,4,0,0
1966,1.275722,1.806693,MGC,1,2,0,0
2679,1.275793,1.318131,MGC,1,1,0,0
5004,1.342513,1.497784,MGC,2,3,0,0
6176,1.997138,1.720193,HWC,1,4,0,0
1996,1.348779,2.145849,MGC,1,1,0,0
6154,1.443065,1.554218,MGC,1,3,0,0
5025,1.312325,1.406903,MGC,1,1,0,0
6234,1.279612,1.940641,MGC,1,1,0,0
5960,1.508447,1.809488,MGC,1,2,0,0
1192,1.390338,1.627175,MGC,2,1,0,0
3206,1.285454,1.614834,MGC,1,2,0,0
4705,1.110323,1.468718,MGC,1,1,0,0
4143,1.132808,1.598228,MGC,1,1,0,0
5955,1.307002,1.375684,MGC,2,2,0,0
6626,1.272464,1.703120,MGC,1,1,0,0
4262,1.857321,2.148133,MGC,1,1,0,0
140,1.394085,1.527549,MGC,1,2,0,0
5238,1.624355,1.585068,HWC,1,3,0,0
3893,1.308002,1.597335,MGC,1,4,0,0
845,1.169512,1.595194,MGC,1,2,0,0
3572,1.557620,1.751044,MGC,1,2,0,0
5283,1.844355,2.639956,MGC,2,2,0,0
774,1.749573,1.665085,HWC,1,1,0,0
4345,1.455269,1.377382,HWC,4,1,0,0
2332,1.320799,1.061046,HWC,1,1,0,0
1017,1.331601,1.695916,MGC,1,2,0,0
1578,1.712817,2.151610,MGC,1,1,0,0
5387,1.489132,2.199105,MGC,1,1,0,0
4170,1.660660,1.568512,HWC,1,1,0,0
725,1.516701,1.528477,MGC,1,3,0,0
1013,1.348853,1.472040,MGC,2,1,0,0
4043,1.496685,1.634326,MGC,1,1,0,0
601,1.462654,1.539415,MGC,1,1,0,0
263,1.258638,2.073088,MGC,4,2,0,0
5124,1.272143,1.539513,MGC,1,1,0,0
3793,1.285360,1.785326,MGC,3,1,0,0
1502,1.247530,1.944332,MGC,1,1,0,0
4354,1.187360,1.668924,MGC,11,1,0,0
2064,1.508719,2.072093,MGC,1,2,0,0
3684,1.497097,1.330757,HWC,4,1,0,0
876,1.785835,2.359178,MGC,1,1,0,0
1859,2.043198,1.212244,HWC,1,1,0,0
5117,1.450115,1.755942,MGC,2,2,0,0
2016,1.892309,1.684761,HWC,1,2,0,0
5854,1.533544,1.525228,HWC,2,1,0,0
5627,1.268747,1.975265,MGC,1,2,0,0
5320,1.595279,2.132652,MGC,3,2,0,0
2247,1.202768,1.502136,MGC,1,1,0,0
2042,1.479128,1.756503,MGC,2,1,0,0
3997,1.327440,1.612066,MGC,3,2,0,0
6245,1.442838,1.711161,MGC,2,1,0,0
4741,1.264783,1.731590,MGC,1,1,0,0
2395,1.550596,1.723176,MGC,1,2,0,0
3278,1.256220,1.732701,MGC,1,1,0,0
252,1.436237,1.525563,MGC,1,1,0,0
6057,1.343566,1.727397,MGC,1,3,0,0
4922,1.738093,1.879966,MGC,2,1,0,0
2729,1.216605,1.458703,MGC,1,1,0,0
3852,1.624183,1.957022,MGC,1,2,0,0
5392,1.432230,2.061817,MGC,1,1,0,0
2348,1.434294,1.925403,MGC,4,2,0,0
2102,1.484051,1.996698,MGC,1,1,0,0
852,1.505409,1.447374,HWC,2,1,0,0
4417,1.356343,1.731543,MGC,1,2,0,0
5728,1.501686,1.107590,HWC,1,1,0,0
4483,1.642691,1.663837,MGC,2,2,0,0
176,1.465143,1.475291,MGC,1,1,0,0
4857,1.666493,1.971439,MGC,1,2,0,0
6445,1.221137,1.407840,MGC,2,1,0,0
3529,1.304779,1.551164,MGC,1,1,0,0
6988,1.377595,1.612114,MGC,3,2,0,0
2829,1.188690,1.439585,MGC,1,1,0,0
776,1.397407,1.976615,MGC,1,2,0,0
3610,1.728817,1.779105,MGC,1,1,0,0
5743,1.752196,1.644640,HWC,1,1,0,0
938,1.216021,1.823872,MGC,1,3,0,0
1170,1.637765,2.382173,MGC,1,1,0,0
5863,1.273678,1.792449,MGC,1,2,0,0
1299,1.449145,2.328222,MGC,2,2,0,0
4728,1.642536,1.676044,MGC,2,1,0,0
1161,1.310903,1.610930,MGC,1,3,0,0
5360,1.192160,1.549294,MGC,1,1,0,0
5716,1.397584,2.027492,MGC,4,1,0,0
980,1.268747,1.511968,MGC,2,2,0,0
2919,1.580491,1.769614,MGC,1,1,0,0
2130,1.314238,1.504639,MGC,1,1,0,0
1963,1.491993,2.223468,MGC,2,2,0,0
820,1.676729,1.996841,MGC,3,2,0,0
4698,1.544992,2.196208,MGC,2,2,0,0
4230,1.299361,1.553182,MGC,1,1,0,0
2872,1.282535,1.958719,MGC,1,1,0,0
6037,1.369061,1.552474,MGC,2,3,0,0
750,1.514575,1.392114,HWC,1,1,0,0
3314,1.260431,2.357275,MGC,1,1,0,0
6863,1.383051,1.510267,MGC,1,1,0,0
4687,1.401214,1.517376,MGC,1,2,0,0
823,1.304899,1.927577,MGC,1,2,0,0
1445,1.433981,1.583766,MGC,3,2,0,0
1939,1.405155,1.745783,MGC,1,1,0,0
3457,1.502503,1.540445,MGC,1,2,0,0
1124,1.432850,1.824389,MGC,1,1,0,0
5469,1.153975,1.689593,MGC,1,1,0,0
6770,1.303482,1.543954,MGC,3,1,0,0
5255,1.456749,2.043442,MGC,1,1,0,0
408,1.143242,1.787995,MGC,1,1,0,0
103,1.463259,1.735287,MGC,2,1,0,0
3712,1.330144,1.702948,MGC,1,2,0,0
3094,1.395885,3.121468,MGC,2,1,0,0
4548,1.045363,1.254747,MGC,1,1,0,0
211,1.612401,1.785053,MGC,1,1,0,0
1027,1.322941,1.669860,MGC,1,1,0,0
2991,1.374065,1.641916,MGC,4,1,0,0
1854,1.613071,1.724514,MGC,2,3,0,0
1630,1.612938,2.608438,MGC,4,2,0,0
5878,1.370588,1.666334,MGC,2,1,0,0
4709,1.202206,1.607418,MGC,1,3,0,0
510,1.454718,1.593106,MGC,2,2,0,0
1582,1.256117,1.615945,MGC,1,1,0,0
1165,1.446773,1.928309,MGC,2,1,0,0
4109,1.316420,1.842447,MGC,1,2,0,0
4697,1.285162,1.907784,MGC,2,1,0,0
514,1.339935,1.183999,HWC,1,1,0,0
3748,1.375012,1.562775,MGC,2,1,0,0
2008,1.287016,1.522426,MGC,4,2,0,0
5760,1.455733,1.762384,MGC,1,1,0,0
3609,1.454642,1.679500,MGC,1,2,0,0
6411,1.295748,1.898886,MGC,2,3,0,0
6946,1.527156,1.666313,MGC,1,1,0,0
2029,1.176571,1.686615,MGC,1,1,0,0
1137,1.365920,1.536510,MGC,1,2,0,0
2479,1.254499,1.520780,MGC,1,2,0,0
6991,2.024706,1.698425,HWC,1,1,0,0
241,1.356470,1.828109,MGC,1,1,0,0
2837,1.200506,1.805767,MGC,1,1,0,0
5763,1.234349,1.258470,MGC,1,1,0,0
3292,1.433108,1.788036,MGC,3,1,0,0
1405,1.493328,1.380081,HWC,1,1,0,0
5788,1.489800,1.854959,MGC,1,2,0,0
2381,1.450315,1.682778,MGC,2,2,0,0
385,1.739278,1.800370,MGC,1,2,0,0
4224,1.304973,1.756900,MGC,1,3,0,0
6840,1.434938,1.727595,MGC,1,1,0,0
6181,1.306518,1.889160,MGC,1,2,0,0
2528,1.777105,1.829295,MGC,1,2,0,0
5200,1.709138,2.033304,MGC,1,1,0,0
2738,1.305431,1.625877,MGC,4,3,0,0
6396,1.148121,1.592655,MGC,1,2,0,0
5402,1.487932,2.181534,MGC,1,1,0,0
4637,1.223375,1.459391,MGC,10,1,0,0
2964,1.333859,1.571398,MGC,2,3,0,0
3884,1.470271,1.652733,MGC,4,3,0,0
6331,1.401399,1.768212,MGC,3,1,0,0
6393,1.589152,1.563777,HWC,2,3,0,0
5667,1.331567,1.348093,MGC,1,1,0,0
143,1.453105,1.736741,MGC,3,4,0,0
3938,1.283203,1.822956,MGC,2,1,0,0
2977,1.625713,1.580535,HWC,2,4,0,0
5807,1.200040,1.637082,MGC,2,2,0,0
905,1.610721,1.345960,HWC,1,1,0,0
296,1.274367,1.746929,MGC,3,2,0,0
2233,1.378972,1.603509,MGC,1,1,0,0
6145,1.472595,1.746150,MGC,7,2,0,0
3198,1.743157,1.513127,HWC,1,2,0,0
5403,1.644877,2.145027,MGC,1,2,0,0
6001,1.351776,2.134135,MGC,2,1,0,0
5019,1.117284,1.672903,MGC,1,2,0,0
3543,1.206154,3.051903,MGC,1,1,0,0
3877,1.463335,1.919264,MGC,2,1,0,0
4750,1.582607,2.078491,MGC,2,2,0,0
2804,1.427055,1.508675,MGC,2,3,0,0
1479,1.623735,2.061020,MGC,1,1,0,0
3385,1.250876,1.380465,MGC,1,4,0,0
5745,1.646194,1.691861,MGC,1,2,0,0
3199,2.263222,2.222199,HWC,1,1,0,0
291,1.357161,1.291293,HWC,1,1,0,0
1633,1.278802,1.294675,MGC,1,1,0,0
5316,1.237458,1.559755,MGC,1,1,0,0
5196,1.317333,1.506680,MGC,1,2,0,0
3234,1.406398,2.199638,MGC,1,2,0,0
264,1.213700,1.495806,MGC,1,1,0,0
2481,1.435198,1.709301,MGC,3,3,0,0
6731,1.569561,1.971895,MGC,1,1,0,0
3291,1.320039,1.704750,MGC,1,1,0,0
1421,1.454738,1.553718,MGC,1,1,0,0
3749,1.453846,1.888408,MGC,1,2,0,0
3575,1.253811,1.749912,MGC,1,2,0,0
777,1.382930,1.626576,MGC,1,3,0,0
196,1.716139,2.049630,MGC,1,1,0,0
2608,1.654268,1.771540,MGC,1,1,0,0
2180,1.501979,2.093297,MGC,1,2,0,0
628,1.798877,3.149796,MGC,1,1,0,0
610,1.397018,2.061542,MGC,2,1,0,0
5794,1.329135,1.673642,MGC,2,1,0,0
6384,1.254557,1.336918,MGC,1,1,0,0
1817,1.404216,1.825464,MGC,1,2,0,0
3767,1.312551,1.289228,HWC,2,1,0,0
611,1.404818,2.015987,MGC,1,1,0,0
4227,1.870106,1.987661,MGC,1,2,0,0
6045,1.354889,1.381244,MGC,2,1,0,0
1340,1.559889,2.127567,MGC,1,1,0,0
3757,1.137263,1.247808,MGC,1,1,0,0
5915,1.110680,1.711384,MGC,1,3,0,0
260,2.287123,2.485792,MGC,1,1,0,0
5430,1.523961,1.679762,MGC,1,1,0,0
5860,1.562772,1.929270,MGC,1,1,0,0
6814,1.272908,1.429219,MGC,2,1,0,0
5927,1.211139,2.151210,MGC,1,2,0,0
6202,1.366876,1.583118,MGC,1,2,0,0
5085,1.280167,1.534607,MGC,3,1,0,0
5169,1.370032,1.712008,MGC,1,2,0,0
2836,1.479385,1.650444,MGC,1,1,0,0
5804,1.546984,1.762298,MGC,2,2,0,0
5881,1.476100,1.977071,MGC,2,2,0,0
2043,1.239289,1.639657,MGC,2,2,0,0
3836,1.470841,1.523124,MGC,1,1,0,0
4297,1.316753,1.675736,MGC,4,1,0,0
6311,1.404824,1.545575,MGC,1,2,0,0
6665,1.580627,1.566256,HWC,1,2,0,0
6867,1.263192,1.603691,MGC,1,3,0,0
6894,1.353069,1.541988,MGC,1,1,0,0
259,1.453012,2.142256,MGC,1,1,0,0
3403,1.482029,1.708483,MGC,1,1,0,0
3909,1.161162,1.428016,MGC,1,1,0,0
6228,1.277170,1.205059,HWC,1,1,0,0
5305,1.118556,1.612750,MGC,1,1,0,0
6309,1.453537,1.650056,MGC,3,2,0,0
5215,1.406208,1.602544,MGC,1,3,0,0
423,1.477796,1.920133,MGC,5,1,0,0
4395,1.439370,1.634745,MGC,2,3,0,0
6535,1.199248,1.447760,MGC,1,1,0,0
1898,1.986897,1.930264,HWC,1,3,0,0
1377,1.299035,1.692617,MGC,2,1,0,0
4253,1.541898,2.133255,MGC,1,2,0,0
3223,1.591131,2.257276,MGC,2,1,0,0
1887,1.363661,1.935239,MGC,1,1,0,0
5926,1.582388,1.764151,MGC,2,4,0,0
5576,1.543950,1.685267,MGC,2,1,0,0
2978,1.237910,1.854650,MGC,1,1,0,0
2006,1.624548,1.495356,HWC,1,1,0,0
1617,1.619176,1.696117,MGC,1,2,0,0
6818,1.353223,1.516333,MGC,1,1,0,0
214,1.401692,2.275041,MGC,2,1,0,0
5708,1.266214,1.581021,MGC,4,4,0,0
6574,1.452151,1.732997,MGC,2,1,0,0
6023,1.172988,1.055626,HWC,1,1,0,0
5538,1.404944,1.807398,MGC,1,2,0,0
4598,1.472981,1.792979,MGC,1,1,0,0
6764,1.287577,1.739747,MGC,3,3,0,0
5477,1.376044,1.719189,MGC,3,2,0,0
4239,1.561427,1.914776,MGC,4,1,0,0
45,1.231641,1.429003,MGC,1,1,0,0
1264,1.391685,1.806576,MGC,1,1,0,0
6824,1.491393,1.548067,MGC,1,3,0,0
1021,1.454372,1.805652,MGC,3,1,0,0
3755,1.430238,1.783018,MGC,1,2,0,0
420,1.191852,1.745708,MGC,1,3,0,0
3527,1.455739,1.634578,MGC,1,1,0,0
4291,1.627928,1.620633,HWC,1,1,0,0
6106,1.097428,1.761737,MGC,1,3,0,0
1528,1.420055,1.730149,MGC,1,2,0,0
950,1.458489,1.869108,MGC,1,1,0,0
416,1.329403,1.417751,MGC,2,1,0,0
5494,2.123358,2.107741,HWC,1,2,0,0
4765,1.165032,1.564867,MGC,1,1,0,0
1426,1.210744,1.361013,MGC,2,3,0,0
4982,1.339577,1.486208,MGC,1,1,0,0
287,1.335720,1.516700,MGC,2,1,0,0
5394,1.446842,1.840050,MGC,1,1,0,0
919,1.255515,1.774889,MGC,1,1,0,0
773,1.249671,1.420900,MGC,6,3,0,0
2086,2.020973,1.516787,HWC,1,1,0,0
5201,1.506905,2.049282,MGC,2,1,0,0
921,1.446061,1.715975,MGC,1,1,0,0
247,1.584346,1.600739,MGC,1,1,0,0
3835,1.886627,2.004367,MGC,1,1,0,0
4708,1.670026,1.956140,MGC,1,1,0,0
3328,1.361231,1.572442,MGC,1,1,0,0
5989,1.349301,1.846993,MGC,2,3,0,0
3480,1.355149,1.576484,MGC,2,4,0,0
1624,1.502497,1.992779,MGC,1,1,0,0
726,1.349585,1.856971,MGC,2,1,0,0
4969,1.522236,1.485428,HWC,1,2,0,0
256,1.374011,1.573713,MGC,2,1,0,0
5268,1.221983,1.768429,MGC,1,1,0,0
957,1.232417,2.050917,MGC,1,2,0,0
5523,1.178588,1.651877,MGC,1,1,0,0
372,1.220811,1.603375,MGC,1,2,0,0
5810,1.389111,2.041719,MGC,4,1,0,0
5370,1.242890,1.516600,MGC,1,1,0,0
158,1.504521,1.773752,MGC,1,1,0,0
1575,1.292708,1.276344,HWC,2,1,0,0
2831,1.263545,1.856834,MGC,1,2,0,0
300,1.711156,1.699783,HWC,2,1,0,0
1707,1.388725,1.620009,MGC,3,2,0,0
1907,1.342896,1.599146,MGC,2,2,0,0
1073,1.299398,1.651689,MGC,5,3,0,0
625,1.235138,1.720271,MGC,1,1,0,0
6911,1.275138,1.537163,MGC,1,1,0,0
5342,1.588181,1.657729,MGC,1,1,0,0
6791,1.229681,1.641763,MGC,3,3,0,0
6403,2.174735,2.052372,HWC,1,1,0,0
545,1.647752,1.119438,HWC,1,1,0,0
6122,1.435515,1.835450,MGC,1,2,0,0
3049,1.406180,1.488753,MGC,1,3,0,0
6683,1.584130,2.065127,MGC,1,1,0,0
2914,1.434214,1.851879,MGC,1,2,0,0
3598,1.161477,1.771936,MGC,1,1,0,0
6259,1.235375,1.626678,MGC,5,3,0,0
883,1.251102,1.520168,MGC,4,2,0,0
3592,1.424652,1.885836,MGC,2,1,0,0
6182,1.399207,1.824706,MGC,1,3,0,0
2176,1.434522,2.013489,MGC,1,2,0,0
2760,1.215340,1.624764,MGC,1,1,0,0
6044,1.337474,1.348320,MGC,6,1,0,0
426,1.313192,1.941605,MGC,1,1,0,0
6460,1.566019,1.802135,MGC,2,1,0,0
6274,1.430031,1.780817,MGC,2,3,0,0
160,1.448235,1.622675,MGC,2,3,0,0
4204,1.274940,1.628338,MGC,1,3,0,0
5377,1.580343,1.625809,MGC,1,1,0,0
2473,1.270178,1.578156,MGC,1,2,0,0
6718,1.443411,1.655034,MGC,1,1,0,0
7000,1.431615,1.537384,MGC,1,1,0,0
5072,1.479609,1.878551,MGC,2,4,0,0
4631,1.244924,1.739472,MGC,4,2,0,0
2386,1.165573,1.606814,MGC,1,2,0,0
4949,1.368034,1.192575,HWC,1,1,0,0
6343,1.435728,1.445865,MGC,1,2,0,0
3014,1.403071,1.277668,HWC,1,1,0,0
5988,1.366297,2.252888,MGC,2,1,0,0
2229,1.289092,1.501437,MGC,1,1,0,0
444,2.132410,2.363434,MGC,1,1,0,0
822,1.260117,1.607379,MGC,2,1,0,0
5877,1.719371,2.218923,MGC,2,2,0,0
6306,1.339648,2.001844,MGC,2,1,0,0
6069,1.222369,1.764516,MGC,1,3,0,0
1806,1.406187,1.177261,HWC,1,1,0,0
4447,1.342764,1.498906,MGC,4,2,0,0
6857,1.265741,1.416747,MGC,1,1,0,0
4132,1.279181,1.683798,MGC,3,2,0,0
2806,1.319657,2.237568,MGC,2,1,0,0
4819,1.506984,1.825412,MGC,1,1,0,0
3079,1.315592,1.376398,MGC,1,1,0,0
1072,1.473878,1.549360,MGC,2,1,0,0
6185,1.337140,1.665374,MGC,1,2,0,0
3862,1.487007,2.019952,MGC,1,4,0,0
1178,1.567950,1.734245,MGC,1,1,0,0
5178,1.388482,1.609037,MGC,2,2,0,0
3522,1.690983,1.821013,MGC,2,2,0,0
3491,1.313841,1.249636,HWC,1,1,0,0
2452,1.262398,2.100712,MGC,4,3,0,0
108,1.377029,1.515080,MGC,1,1,0,0
6013,1.275574,1.454126,MGC,1,2,0,0
4343,1.271260,1.212801,HWC,1,1,0,0
2027,1.462073,1.682812,MGC,1,3,0,0
4364,1.413314,1.892979,MGC,1,1,0,0
136,1.548361,1.784835,MGC,1,2,0,0
6412,1.651709,1.773023,MGC,1,2,0,0
5516,1.546810,2.207431,MGC,2,3,0,0
4226,1.526732,1.814927,MGC,2,1,0,0
6998,1.492997,1.985590,MGC,2,2,0,0
665,1.490844,1.527673,MGC,2,2,0,0
1913,1.332656,1.765574,MGC,1,2,0,0
1564,1.238056,1.522768,MGC,1,1,0,0
1721,1.480593,1.372197,HWC,1,1,0,0
3882,1.128802,1.086204,HWC,1,1,0,0
3122,1.355227,1.753116,MGC,2,1,0,0
2583,1.214526,1.646755,MGC,1,1,0,0
840,1.359925,3.067091,MGC,1,1,0,0
5369,1.350509,1.911728,MGC,1,2,0,0
3107,1.296513,1.630871,MGC,2,2,0,0
6304,1.271389,2.301371,MGC,1,3,0,0
5845,1.270532,1.882733,MGC,1,1,0,0
2294,1.218820,1.625393,MGC,1,3,0,0
2966,1.179108,1.592192,MGC,1,1,0,0
4944,1.595515,1.879741,MGC,1,1,0,0
1175,1.193460,1.768165,MGC,6,1,0,0
1406,1.386765,1.772388,MGC,1,2,0,0
5385,1.288182,1.660924,MGC,3,1,0,0
484,1.380373,1.522039,MGC,1,1,0,0
4805,1.728492,1.591647,HWC,2,2,0,0
2724,1.292278,1.584486,MGC,5,3,0,0
1916,1.927792,1.873026,HWC,1,1,0,0
2347,1.331430,1.429422,MGC,1,1,0,0
3152,1.304626,1.427266,MGC,1,2,0,0
4249,1.456082,1.584822,MGC,1,1,0,0
5151,1.150391,1.276515,MGC,1,1,0,0
5298,1.434590,1.634494,MGC,1,2,0,0
1897,1.348806,1.463011,MGC,1,1,0,0
4536,1.566798,1.940112,MGC,1,1,0,0
451,1.283007,1.567843,MGC,1,1,0,0
4139,1.371211,1.814764,MGC,2,3,0,0
2437,1.346920,1.750357,MGC,1,1,0,0
1705,1.462016,1.794862,MGC,3,3,0,0
5338,1.154659,1.590052,MGC,2,1,0,0
2483,1.307940,1.588500,MGC,1,3,0,0
1503,1.384027,1.759241,MGC,1,2,0,0
3200,1.500147,1.814196,MGC,2,2,0,0
5163,1.328301,1.582163,MGC,2,2,0,0
3550,1.456833,1.622911,MGC,1,1,0,0
2081,1.225522,1.464316,MGC,1,1,0,0
603,1.457251,1.549395,MGC,2,2,0,0
6816,1.623745,1.834034,MGC,1,1,0,0
612,1.442195,1.722539,MGC,1,1,0,0
6220,1.617193,3.400840,MGC,1,1,0,0
4269,1.598176,2.150776,MGC,1,1,0,0
19,1.375124,1.753016,MGC,1,2,0,0
490,1.554190,1.588381,MGC,1,2,0,0
6528,1.245937,1.665927,MGC,1,1,0,0
5986,1.311683,1.353413,MGC,2,1,0,0
4599,1.287270,1.599539,MGC,2,3,0,0
4935,1.245801,1.686048,MGC,3,2,0,0
2640,1.320566,2.190021,MGC,1,2,0,0
4845,1.405544,1.463902,MGC,1,1,0,0
1168,1.213752,1.103064,HWC,1,1,0,0
4266,1.298505,1.719048,MGC,4,1,0,0
1871,1.389222,2.111203,MGC,1,1,0,0
2792,1.275749,1.582272,MGC,2,1,0,0
3515,1.481262,1.576399,MGC,1,1,0,0
6663,1.344064,1.543902,MGC,2,2,0,0
1843,1.328821,1.718570,MGC,1,3,0,0
5701,1.490496,1.882927,MGC,1,1,0,0
691,1.322680,1.675728,MGC,1,2,0,0
6102,1.339402,2.042879,MGC,1,2,0,0
1651,1.351974,1.845228,MGC,1,2,0,0
1500,1.399134,1.740658,MGC,5,2,0,0
6555,1.312595,1.505362,MGC,3,2,0,0
6685,1.218214,1.475706,MGC,1,2,0,0
591,1.234292,2.091332,MGC,1,1,0,0
3225,1.173484,1.505849,MGC,1,1,0,0
5953,1.451029,1.584902,MGC,1,2,0,0
3043,1.377137,1.995900,MGC,1,1,0,0
4214,1.441281,1.648744,MGC,1,1,0,0
2190,1.476790,2.098540,MGC,1,1,0,0
6417,1.167788,1.434323,MGC,1,2,0,0
4904,1.265886,1.967632,MGC,1,1,0,0
875,1.049452,1.824631,MGC,1,1,0,0
3298,1.436755,1.895143,MGC,3,2,0,0
2839,1.277418,1.724108,MGC,1,1,0,0
1434,1.317372,1.630445,MGC,5,1,0,0
4748,1.305896,1.883657,MGC,1,1,0,0
3811,1.645709,1.686145,MGC,1,1,0,0
449,1.298488,1.372648,MGC,2,1,0,0
2207,1.470941,1.732203,MGC,1,3,0,0
6021,2.232569,1.920161,HWC,1,1,0,0
846,1.174785,1.359966,MGC,1,2,0,0
5645,1.321042,2.018172,MGC,1,1,0,0
4956,1.669209,1.894094,MGC,1,1,0,0
4188,1.484510,1.752629,MGC,1,1,0,0
1024,1.296137,1.705723,MGC,5,3,0,0
705,1.347956,1.630697,MGC,3,3,0,0
5508,1.639676,1.957203,MGC,1,2,0,0
46,1.411011,1.884596,MGC,2,2,0,0
4285,1.362188,1.849247,MGC,1,3,0,0
4342,1.450764,1.664039,MGC,1,2,0,0
1557,1.117281,1.687577,MGC,1,1,0,0
3231,1.365835,1.651284,MGC,1,1,0,0
1011,1.170379,1.371318,MGC,2,1,0,0
2120,1.298877,1.473114,MGC,1,3,0,0
4948,1.553777,1.837391,MGC,1,1,0,0
6621,1.319274,1.481747,MGC,3,1,0,0
1064,1.418897,1.625206,MGC,1,1,0,0
4338,1.285339,1.397679,MGC,1,1,0,0
3604,1.392589,1.561814,MGC,1,1,0,0
1162,1.172000,1.298784,MGC,1,1,0,0
2942,1.285744,1.763145,MGC,1,2,0,0
1893,1.381002,1.521502,MGC,1,1,0,0
236,1.917114,2.785955,MGC,1,1,0,0
739,1.199145,1.438798,MGC,3,1,0,0
3170,1.529321,1.847689,MGC,2,1,0,0
3512,1.677703,1.764583,MGC,1,1,0,0
3693,1.352399,1.625320,MGC,2,1,0,0
834,1.442326,1.719675,MGC,2,2,0,0
4181,1.864691,2.080937,MGC,1,4,0,0
2907,1.250787,1.775666,MGC,10,4,0,0
5847,1.239115,1.810571,MGC,1,1,0,0
1561,1.184759,1.331645,MGC,1,1,0,0
4495,1.394242,1.850792,MGC,1,1,0,0
6593,1.223053,1.080675,HWC,1,1,0,0
2508,1.348183,1.535571,MGC,2,2,0,0
4936,1.471900,1.318877,HWC,1,1,0,0
772,1.712051,2.164016,MGC,1,1,0,0
5188,1.176675,1.739164,MGC,1,1,0,0
5483,1.239063,1.770077,MGC,1,2,0,0
6558,1.324022,1.679225,MGC,2,2,0,0
3562,1.304002,1.550741,MGC,2,1,0,0
3080,1.458762,2.238011,MGC,1,1,0,0
2705,1.282963,1.408973,MGC,1,1,0,0
3436,1.696547,1.678992,HWC,2,2,0,0
3766,1.434777,1.604781,MGC,2,2,0,0
1577,1.262464,1.509537,MGC,1,1,0,0
2156,1.398061,1.665939,MGC,4,1,0,0
442,1.242878,1.646161,MGC,1,2,0,0
6065,1.234359,1.522068,MGC,1,2,0,0
5751,1.161615,1.606281,MGC,1,2,0,0
4912,1.525552,1.520962,HWC,3,1,0,0
2182,1.270966,1.564698,MGC,7,3,0,0
1612,1.236513,1.432814,MGC,1,1,0,0
843,1.651275,1.735287,MGC,1,1,0,0
4156,1.466779,1.671027,MGC,2,4,0,0
2005,1.494607,2.060916,MGC,2,3,0,0
1599,1.383988,2.018773,MGC,1,2,0,0
1215,1.357722,1.719436,MGC,3,3,0,0
5741,1.411136,1.698816,MGC,1,2,0,0
1513,1.463403,1.788953,MGC,1,1,0,0
2803,1.317036,1.605804,MGC,1,1,0,0
6919,1.342569,1.797382,MGC,1,2,0,0
2749,1.524454,1.794893,MGC,1,2,0,0
2117,1.412814,1.550778,MGC,5,2,0,0
2883,1.499766,1.592566,MGC,1,1,0,0
5246,1.543088,1.912386,MGC,1,1,0,0
5681,1.690211,1.803174,MGC,1,2,0,0
4795,1.305463,1.936856,MGC,1,2,0,0
2055,1.434820,1.682822,MGC,3,2,0,0
6694,1.204220,1.881252,MGC,3,1,0,0
6213,1.562572,1.966184,MGC,1,2,0,0
3433,1.199549,1.577911,MGC,3,1,0,0
2438,1.259724,1.726829,MGC,1,1,0,0
6390,1.339884,1.792541,MGC,1,1,0,0
2980,1.390096,2.004422,MGC,1,2,0,0
3353,1.381244,1.734766,MGC,5,2,0,0
1100,1.454149,1.172597,HWC,1,1,0,0
5638,1.543445,1.957147,MGC,1,2,0,0
1313,1.372401,1.741201,MGC,1,5,0,0
3003,1.293424,1.856072,MGC,2,1,0,0
3881,1.340800,1.863216,MGC,1,2,0,0
2613,1.286471,1.721819,MGC,4,1,0,0
5363,1.428055,1.331137,HWC,1,1,0,0
5172,1.077806,1.556951,MGC,1,2,0,0
3449,1.395387,1.754903,MGC,1,1,0,0
5923,1.369767,1.861802,MGC,1,2,0,0
4823,1.405033,1.849645,MGC,1,2,0,0
5744,1.341798,1.657331,MGC,1,3,0,0
5817,1.486676,2.132991,MGC,1,2,0,0
6822,1.756044,1.395723,HWC,1,1,0,0
295,1.152933,1.871980,MGC,2,1,0,0
6231,1.322688,1.853670,MGC,2,1,0,0
933,1.287298,1.564441,MGC,1,3,0,0
5603,1.416835,1.565900,MGC,1,2,0,0
3823,1.254360,1.918523,MGC,19,1,0,0
6233,1.311429,1.679425,MGC,1,2,0,0
2317,1.295324,1.780398,MGC,1,1,0,0
832,1.380697,1.761315,MGC,1,3,0,0
4699,1.525002,2.749021,MGC,1,1,0,0
5389,1.455753,1.650154,MGC,1,1,0,0
6630,1.189640,1.593812,MGC,1,3,0,0
1588,1.386751,1.819015,MGC,2,1,0,0
1202,1.569022,1.717343,MGC,2,3,0,0
2631,1.297046,1.506927,MGC,2,2,0,0
1110,1.323172,1.344693,MGC,1,1,0,0
5061,1.524672,1.986115,MGC,1,2,0,0
3175,1.445651,1.658592,MGC,1,1,0,0
2446,1.611434,1.699687,MGC,1,2,0,0
1713,1.428671,1.689407,MGC,1,1,0,0
3262,1.412137,1.491653,MGC,2,2,0,0
4702,1.326854,1.262346,HWC,2,1,0,0
5887,1.457504,2.053156,MGC,1,1,0,0
2290,1.786145,1.820746,MGC,2,1,0,0
478,1.520784,0.990926,HWC,1,1,0,0
2014,1.810716,1.961760,MGC,2,3,0,0
5182,1.790914,1.968329,MGC,2,1,0,0
4421,1.432265,1.388878,HWC,2,1,0,0
6777,1.555690,1.543263,HWC,1,1,0,0
4913,1.534306,1.675923,MGC,1,1,0,0
6655,1.281850,1.614726,MGC,2,4,0,0
4113,1.559700,1.541008,HWC,1,1,0,0
3657,1.537114,2.045859,MGC,4,1,0,0
75,1.696730,1.720140,MGC,1,1,0,0
3454,1.099134,2.159413,MGC,1,1,0,0
3364,1.261916,1.625058,MGC,5,5,0,0
5943,1.165527,1.368836,MGC,1,2,0,0
2362,1.326660,1.465527,MGC,2,2,0,0
2000,1.363549,1.418286,MGC,1,1,0,0
2033,1.106400,1.618932,MGC,1,2,0,0
1985,1.455154,1.839855,MGC,3,1,0,0
1410,1.323028,1.987856,MGC,1,2,0,0
2805,1.538573,1.551055,MGC,1,3,0,0
2383,1.207170,1.543472,MGC,1,2,0,0
44,1.446894,1.245126,HWC,1,1,0,0
986,1.367234,2.022316,MGC,4,3,0,0
3494,1.324720,1.613471,MGC,1,1,0,0
3697,1.439676,1.437209,HWC,3,1,0,0
1925,1.245436,1.536634,MGC,1,1,0,0
2515,1.295041,1.642187,MGC,2,2,0,0
594,1.138853,1.545763,MGC,1,2,0,0
4184,1.283974,1.516434,MGC,1,3,0,0
1231,1.146565,1.761781,MGC,1,1,0,0
5918,1.406655,1.594658,MGC,1,2,0,0
2144,1.301677,1.750379,MGC,1,1,0,0
5833,1.078516,1.745455,MGC,1,2,0,0
6324,1.279178,1.224810,HWC,1,1,0,0
4826,1.248386,1.587460,MGC,1,3,0,0
2146,1.422854,1.864773,MGC,2,1,0,0
3282,1.932378,2.708756,MGC,1,1,0,0
2813,1.378177,1.644490,MGC,1,1,0,0
1669,1.475294,1.819207,MGC,1,2,0,0
1221,1.481767,1.561139,MGC,1,1,0,0
692,1.376685,1.467113,MGC,2,1,0,0
4671,1.453643,1.952537,MGC,2,2,0,0
251,1.261663,1.189894,HWC,1,1,0,0
2022,1.280472,1.706153,MGC,1,3,0,0
609,1.464082,1.583589,MGC,1,1,0,0
434,1.742489,1.802969,MGC,1,2,0,0
2692,1.492818,1.603960,MGC,2,1,0,0
6118,1.497631,2.051548,MGC,1,2,0,0
5981,1.429858,1.937861,MGC,1,2,0,0
4821,1.456268,1.340715,HWC,1,1,0,0
4831,1.301182,1.635356,MGC,1,3,0,0
5675,1.369029,1.767092,MGC,2,1,0,0
3165,1.451560,2.056898,MGC,1,2,0,0
3133,1.344619,2.025059,MGC,2,1,0,0
3841,1.645369,1.859796,MGC,1,1,0,0
67,1.411404,1.702798,MGC,1,1,0,0
4606,1.412296,1.720446,MGC,1,1,0,0
2750,1.154566,1.480949,MGC,1,3,0,0
5485,1.323133,1.919923,MGC,2,1,0,0
1866,1.400874,1.516480,MGC,3,1,0,0
2674,1.274704,1.588133,MGC,1,3,0,0
5340,1.378914,1.030863,HWC,1,1,0,0
561,1.568165,1.635982,MGC,1,1,0,0
2518,1.231051,1.780759,MGC,2,1,0,0
1089,1.150415,1.594085,MGC,1,2,0,0
2106,1.589857,1.219738,HWC,2,1,0,0
6922,1.347505,1.699322,MGC,2,3,0,0
4259,1.450682,1.724788,MGC,2,2,0,0
2293,1.388228,2.199604,MGC,1,2,0,0
353,1.369775,1.558033,MGC,1,1,0,0
2719,1.297128,1.612446,MGC,3,2,0,0
1550,1.393611,1.241195,HWC,1,1,0,0
3303,1.276875,1.539489,MGC,1,3,0,0
880,1.343393,1.650212,MGC,2,2,0,0
6772,1.432109,1.473133,MGC,1,1,0,0
5666,1.471095,1.847133,MGC,1,1,0,0
4038,1.232165,1.413748,MGC,3,2,0,0
1781,1.237504,1.517293,MGC,1,2,0,0
1470,1.336568,1.522124,MGC,2,1,0,0
3548,1.275021,1.878320,MGC,1,1,0,0
1825,1.585496,1.701567,MGC,1,1,0,0
4248,1.558529,1.660418,MGC,1,2,0,0
159,1.502241,1.852017,MGC,2,1,0,0
5533,1.757065,1.967789,MGC,1,1,0,0
5947,1.358462,2.558423,MGC,1,1,0,0
1595,1.324265,1.517034,MGC,3,2,0,0
3380,1.313346,1.378398,MGC,1,1,0,0
1771,1.559517,1.885187,MGC,1,2,0,0
5894,1.351082,1.893230,MGC,1,1,0,0
5507,1.477125,1.770856,MGC,2,2,0,0
6162,1.212884,1.570374,MGC,1,2,0,0
6108,1.197349,1.645715,MGC,1,1,0,0
5910,1.375531,1.665336,MGC,1,1,0,0
432,1.396989,1.427595,MGC,2,1,0,0
2145,1.282610,1.466253,MGC,1,2,0,0
924,1.658041,1.569829,HWC,2,3,0,0
5991,2.041354,2.696526,MGC,1,1,0,0
3327,1.387858,1.698941,MGC,4,2,0,0
5099,1.316273,1.607147,MGC,1,2,0,0
6068,1.290310,1.579393,MGC,1,1,0,0
6330,1.144189,1.067965,HWC,2,1,0,0
3465,1.638364,2.650974,MGC,1,1,0,0
3725,1.874486,1.960906,MGC,1,2,0,0
6296,1.243025,1.226506,HWC,2,1,0,0
2983,1.275901,1.470892,MGC,4,3,0,0
3424,1.239828,1.754168,MGC,2,1,0,0
5544,1.396573,1.666442,MGC,3,4,0,0
6878,1.799371,2.153663,MGC,1,1,0,0
4957,1.561927,1.186928,HWC,1,1,0,0
6567,1.479532,1.902027,MGC,2,2,0,0
5647,1.319604,1.814468,MGC,1,1,0,0
4142,1.767379,1.992569,MGC,1,2,0,0
5756,1.633965,1.993716,MGC,1,1,0,0
120,1.440606,1.575752,MGC,1,1,0,0
6854,1.485392,2.146839,MGC,1,2,0,0
2314,1.432473,1.981586,MGC,1,1,0,0
2012,1.244941,1.638198,MGC,1,2,0,0
2393,1.402084,1.855798,MGC,2,3,0,0
6356,1.332508,1.504373,MGC,5,2,0,0
6398,1.168067,1.463765,MGC,1,1,0,0
4222,1.304630,1.972401,MGC,1,1,0,0
3082,1.311670,1.779409,MGC,2,2,0,0
5496,1.448652,1.739863,MGC,1,3,0,0
2925,1.368082,2.008546,MGC,3,2,0,0
1372,1.813918,2.124876,MGC,1,2,0,0
2892,1.430193,1.520541,MGC,1,1,0,0
6462,1.215722,1.281893,MGC,1,1,0,0
3804,1.556041,1.541151,HWC,1,1,0,0
5976,1.195919,1.770841,MGC,1,1,0,0
1362,1.336097,1.784200,MGC,1,2,0,0
761,1.085815,2.351074,MGC,1,2,0,0
6557,1.656959,1.994852,MGC,1,2,0,0
1627,1.548835,1.653274,MGC,1,2,0,0
2902,1.268875,1.439346,MGC,1,1,0,0
3827,1.627487,2.602545,MGC,3,1,0,0
3531,1.157641,1.900167,MGC,1,2,0,0
2036,1.433285,1.902671,MGC,3,2,0,0
6726,1.248249,1.666829,MGC,3,2,0,0
2273,1.279193,1.400912,MGC,1,1,0,0
338,1.647055,2.205686,MGC,3,1,0,0
1563,1.301711,1.485883,MGC,1,1,0,0
6756,1.432813,1.822354,MGC,1,2,0,0
1501,1.345878,1.247322,HWC,1,1,0,0
95,1.290978,1.774755,MGC,6,3,0,0
2981,1.422272,1.864442,MGC,2,2,0,0
3735,1.755820,1.555304,HWC,2,1,0,0
3973,1.480780,1.816861,MGC,1,2,0,0
4367,1.466487,1.458124,HWC,1,2,0,0
4465,1.241211,1.233741,HWC,1,1,0,0
3243,1.456811,1.773965,MGC,3,2,0,0
6871,1.890500,1.860546,HWC,1,1,0,0
1668,1.357555,1.869176,MGC,2,2,0,0
2993,1.422740,1.999393,MGC,2,2,0,0
693,1.453706,2.077675,MGC,1,2,0,0
3740,1.911695,2.038240,MGC,1,1,0,0
6914,1.164785,1.474387,MGC,1,3,0,0
1171,1.456125,1.646505,MGC,2,2,0,0
1227,1.291317,1.585495,MGC,4,2,0,0
3023,1.098079,1.531247,MGC,1,1,0,0
1762,1.596883,1.199494,HWC,1,1,0,0
2201,1.269337,1.469727,MGC,1,2,0,0
5064,2.044973,2.013202,HWC,1,1,0,0
2059,1.843325,2.991204,MGC,1,1,0,0
1131,1.344895,1.853413,MGC,2,2,0,0
488,1.301394,1.735867,MGC,1,1,0,0
195,1.408092,1.202428,HWC,1,1,0,0
2104,1.181344,1.324385,MGC,1,1,0,0
1344,1.518804,1.617111,MGC,2,2,0,0
518,1.366921,1.692190,MGC,2,2,0,0
1270,1.509885,1.688915,MGC,6,1,0,0
4470,1.562307,1.702861,MGC,2,4,0,0
5843,1.358418,1.924337,MGC,1,1,0,0
4446,1.692203,2.219693,MGC,1,1,0,0
5560,1.208553,1.424411,MGC,3,3,0,0
2986,1.994004,1.832621,HWC,2,1,0,0
1216,2.017334,2.331736,MGC,1,1,0,0
3390,1.485423,1.661305,MGC,1,2,0,0
1894,1.339186,1.960219,MGC,1,1,0,0
5857,1.350596,1.468102,MGC,1,1,0,0
6575,1.273278,1.794859,MGC,2,3,0,0
6142,1.238068,1.513553,MGC,1,3,0,0
4270,1.765274,1.876577,MGC,1,2,0,0
1598,1.557493,1.133931,HWC,1,1,0,0
5321,1.355421,1.743630,MGC,3,3,0,0
5579,1.341699,1.497437,MGC,2,1,0,0
4978,1.388673,1.428550,MGC,1,1,0,0
5388,1.762337,1.730328,HWC,1,3,0,0
4035,1.405108,1.866564,MGC,2,2,0,0
588,1.335574,1.469016,MGC,3,2,0,0
86,1.351743,1.545842,MGC,1,1,0,0
114,1.311270,1.573915,MGC,1,2,0,0
1083,1.391454,1.581925,MGC,1,1,0,0
6882,1.502910,1.942163,MGC,1,1,0,0
5293,1.398826,1.618957,MGC,2,1,0,0
3580,1.236980,1.408264,MGC,1,1,0,0
6141,1.386717,1.625957,MGC,1,2,0,0
2547,1.214048,1.901330,MGC,1,1,0,0
3015,1.507557,1.454304,HWC,1,1,0,0
2810,1.493557,2.069276,MGC,1,2,0,0
5303,1.569290,2.014961,MGC,3,3,0,0
1229,1.434176,1.796324,MGC,2,2,0,0
178,1.167037,1.600471,MGC,1,1,0,0
3576,1.375999,1.577573,MGC,2,3,0,0
4985,1.364319,1.832002,MGC,1,2,0,0
5539,1.738483,2.146239,MGC,1,2,0,0
1584,1.211151,1.466872,MGC,1,4,0,0
3427,1.169283,1.583331,MGC,1,1,0,0
5139,1.355606,1.896120,MGC,1,1,0,0
6197,1.751169,1.516632,HWC,1,3,0,0
6430,1.403790,1.727357,MGC,2,2,0,0
600,1.171721,1.473914,MGC,1,1,0,0
2812,1.492606,1.515918,MGC,1,3,0,0
4146,1.394589,1.823083,MGC,4,2,0,0
3350,1.404587,2.068285,MGC,1,1,0,0
6650,1.339817,1.650529,MGC,1,1,0,0
5032,1.129385,1.942787,MGC,1,2,0,0
2035,1.692720,1.737368,MGC,1,2,0,0
1657,1.497132,2.284310,MGC,3,1,0,0
4743,1.257500,2.403115,MGC,1,2,0,0
439,1.232100,1.898651,MGC,1,2,0,0
4468,1.409791,2.007810,MGC,3,2,0,0
3005,1.441909,2.178748,MGC,3,1,0,0
3342,1.102148,1.531845,MGC,1,1,0,0
4772,1.342268,1.470987,MGC,1,2,0,0
4405,1.333672,1.840344,MGC,1,2,0,0
2023,1.359947,1.542278,MGC,1,1,0,0
2028,1.300818,1.952505,MGC,1,1,0,0
1983,1.223377,1.771403,MGC,1,2,0,0
4668,1.543806,1.482905,HWC,1,1,0,0
3220,1.708378,1.904810,MGC,1,1,0,0
1640,1.497279,1.381848,HWC,2,1,0,0
5648,1.452282,1.821238,MGC,1,2,0,0
575,1.427876,1.222260,HWC,1,1,0,0
9,1.471910,1.975818,MGC,1,2,0,0
2281,1.304382,1.560806,MGC,3,3,0,0
597,1.386673,1.334570,HWC,1,1,0,0
1776,1.327129,1.346244,MGC,1,1,0,0
918,1.268618,1.576009,MGC,3,2,0,0
2787,1.474481,2.508816,MGC,1,1,0,0
6640,1.524355,1.712526,MGC,3,3,0,0
3375,1.377538,1.499878,MGC,1,2,0,0
6126,1.369175,1.602624,MGC,2,2,0,0
6493,1.390575,1.831571,MGC,2,2,0,0
3617,1.726617,2.176723,MGC,1,1,0,0
3501,1.383935,1.861847,MGC,2,4,0,0
1467,1.212342,1.427503,MGC,1,1,0,0
5944,1.248785,1.645402,MGC,2,4,0,0
6727,1.639375,1.809435,MGC,2,1,0,0
4888,1.574304,1.759285,MGC,1,1,0,0
4031,1.265670,2.181315,MGC,1,1,0,0
2239,1.302987,1.507468,MGC,2,1,0,0
2652,1.304017,1.417555,MGC,1,1,0,0
3892,1.583266,1.580571,HWC,2,1,0,0
3240,1.254684,1.439498,MGC,4,2,0,0
1522,1.169861,2.067573,MGC,1,2,0,0
1974,1.455979,1.375454,HWC,1,1,0,0
6345,1.537540,1.658789,MGC,1,1,0,0
6012,1.669137,2.216678,MGC,1,1,0,0
6831,1.311092,1.520434,MGC,1,3,0,0
1761,1.222460,1.926543,MGC,5,1,0,0
6829,1.204127,1.709671,MGC,1,1,0,0
302,1.416507,1.331756,HWC,1,1,0,0
6507,1.277574,1.638310,MGC,4,1,0,0
71,1.367652,1.919253,MGC,1,1,0,0
1667,1.965083,2.008332,MGC,1,2,0,0
5149,1.299360,1.447940,MGC,2,1,0,0
4411,1.279727,1.994840,MGC,1,1,0,0
5262,1.461434,1.659326,MGC,3,2,0,0
1804,1.369889,1.908243,MGC,5,3,0,0
4318,1.673413,2.543971,MGC,1,1,0,0
569,1.259681,1.401004,MGC,1,2,0,0
1490,1.310080,1.752936,MGC,2,3,0,0
354,1.347316,1.433779,MGC,1,3,0,0
2605,1.126802,1.635969,MGC,1,2,0,0
4790,1.471205,1.392017,HWC,1,1,0,0
6137,1.405434,1.557982,MGC,1,1,0,0
2113,1.730442,1.856426,MGC,1,1,0,0
285,1.366452,1.995769,MGC,1,1,0,0
1228,1.405521,1.657289,MGC,1,1,0,0
6431,1.683066,2.252929,MGC,1,1,0,0
3922,1.412342,2.529564,MGC,1,1,0,0
2485,1.339426,1.972121,MGC,2,2,0,0
5730,1.323299,1.644903,MGC,3,2,0,0
1292,1.426570,1.573554,MGC,1,2,0,0
2417,1.432625,1.806832,MGC,1,1,0,0
3615,1.339677,1.805063,MGC,1,2,0,0
5759,1.333017,1.571532,MGC,1,1,0,0
5378,1.371256,1.806910,MGC,2,3,0,0
3849,1.465707,1.590555,MGC,1,1,0,0
5476,1.235298,2.398096,MGC,1,1,0,0
6673,1.493979,2.139053,MGC,2,2,0,0
1848,1.829635,3.324678,MGC,1,1,0,0
6769,1.297967,1.777726,MGC,1,2,0,0
2931,1.510787,1.734560,MGC,1,1,0,0
2628,1.308252,1.963146,MGC,3,2,0,0
2731,1.390905,1.523378,MGC,1,1,0,0
5658,1.575868,1.657212,MGC,1,2,0,0
6488,1.460228,1.811524,MGC,2,3,0,0
2,1.352892,1.517219,MGC,2,3,0,0
4920,1.474989,2.050699,MGC,2,1,0,0
5017,1.295470,1.218275,HWC,1,1,0,0
3391,1.379730,2.045516,MGC,7,3,0,0
2443,1.478550,1.626229,MGC,1,2,0,0
6589,1.282454,1.589186,MGC,1,1,0,0
4535,1.515480,1.591620,MGC,1,2,0,0
1109,1.439257,1.715501,MGC,1,1,0,0
2123,1.189306,1.513933,MGC,2,1,0,0
4294,1.367127,1.488958,MGC,1,1,0,0
2428,1.320932,1.644470,MGC,1,1,0,0
6781,1.207679,1.589832,MGC,3,1,0,0
5093,1.349268,1.470297,MGC,1,2,0,0
3319,1.326617,1.989930,MGC,1,2,0,0
6056,1.039888,1.087505,MGC,1,1,0,0
3929,1.198659,1.563566,MGC,2,1,0,0
3496,1.382888,1.988935,MGC,2,1,0,0
3351,1.129177,1.513449,MGC,1,3,0,0
4594,1.357464,1.662323,MGC,1,2,0,0
1559,1.157921,1.825243,MGC,1,2,0,0
1634,1.555490,1.998662,MGC,1,1,0,0
4161,1.318074,1.826116,MGC,2,1,0,0
4835,1.323860,1.379586,MGC,1,1,0,0
4585,1.244106,1.766239,MGC,1,2,0,0
4453,1.385971,2.403037,MGC,1,1,0,0
5883,2.035177,2.073654,MGC,1,1,0,0
3466,1.366045,1.784212,MGC,1,1,0,0
1172,1.269776,1.407427,MGC,1,2,0,0
4646,1.520887,1.544341,MGC,1,2,0,0
3490,1.503523,1.578466,MGC,1,2,0,0
2015,1.251514,2.373902,MGC,1,2,0,0
991,1.242828,1.726312,MGC,2,1,0,0
3915,1.806407,2.632593,MGC,1,1,0,0
3556,1.368985,1.960404,MGC,1,3,0,0
6003,1.269849,1.995205,MGC,1,1,0,0
6271,1.343438,1.614032,MGC,1,1,0,0
1594,1.763901,1.938716,MGC,1,1,0,0
261,1.354100,1.495077,MGC,6,3,0,0
790,1.499565,1.774966,MGC,1,2,0,0
2845,1.259817,1.820333,MGC,3,1,0,0
5220,1.249289,1.425116,MGC,1,1,0,0
2490,1.730176,1.721754,HWC,2,1,0,0
6264,1.225730,1.398671,MGC,2,1,0,0
3887,1.304592,2.162233,MGC,1,2,0,0
3622,1.398062,1.864196,MGC,1,2,0,0
4839,1.518703,1.326481,HWC,1,1,0,0
2779,1.120504,1.785846,MGC,1,2,0,0
893,1.596499,1.673815,MGC,2,1,0,0
4804,1.329265,1.545043,MGC,3,2,0,0
6599,1.354010,0.981159,HWC,1,1,0,0
463,1.180322,1.907144,MGC,1,1,0,0
5482,1.289404,1.655315,MGC,5,2,0,0
3447,1.234327,1.554084,MGC,1,1,0,0
4312,1.381940,1.615674,MGC,1,2,0,0
2595,1.804186,1.821586,MGC,1,1,0,0
4547,1.452620,1.567719,MGC,1,1,0,0
6778,1.541570,1.850242,MGC,1,1,0,0
1758,1.484978,1.294817,HWC,3,1,0,0
4334,1.597135,2.291713,MGC,1,1,0,0
897,1.243436,1.578740,MGC,1,2,0,0
4938,1.927843,1.995140,MGC,1,1,0,0
3139,1.435810,1.732845,MGC,1,1,0,0
3896,2.054486,2.565167,MGC,1,1,0,0
4627,2.552910,2.360562,HWC,1,1,0,0
1734,1.459221,1.967609,MGC,2,3,0,0
2191,1.341850,1.554114,MGC,1,1,0,0
4087,1.405268,1.793668,MGC,1,2,0,0
5800,1.943315,1.652403,HWC,1,2,0,0
5491,1.668630,1.728198,MGC,1,1,0,0
1114,1.337071,1.586313,MGC,1,2,0,0
1656,1.468132,2.345007,MGC,1,2,0,0
4336,1.380214,1.572996,MGC,3,1,0,0
5874,1.488290,1.803259,MGC,1,1,0,0
5334,1.304787,1.519552,MGC,2,2,0,0
6252,1.547252,1.669073,MGC,1,2,0,0
5983,1.698010,1.522799,HWC,1,4,0,0
5390,1.431994,1.764470,MGC,1,1,0,0
1538,1.154129,1.371869,MGC,1,1,0,0
536,1.366328,1.647952,MGC,1,1,0,0
5446,1.197721,1.646820,MGC,1,1,0,0
6024,1.653313,1.664095,MGC,2,2,0,0
3977,1.425774,1.417318,HWC,1,2,0,0
2241,1.284931,1.654794,MGC,1,1,0,0
1314,1.858176,2.152078,MGC,1,1,0,0
1756,1.436581,1.928826,MGC,1,1,0,0
3249,1.269710,1.863177,MGC,1,2,0,0
121,1.188762,1.700427,MGC,1,2,0,0
6581,1.240923,1.699426,MGC,6,1,0,0
3535,1.372069,1.828811,MGC,2,1,0,0
5480,1.926147,1.944812,MGC,1,1,0,0
6073,1.655698,1.507920,HWC,1,2,0,0
5013,1.151348,2.261229,MGC,1,1,0,0
2116,1.626241,1.649745,MGC,1,2,0,0
5368,1.220627,1.562216,MGC,1,2,0,0
1135,1.577773,1.685060,MGC,1,2,0,0
680,1.381537,1.937452,MGC,1,1,0,0
200,1.368328,1.802688,MGC,3,1,0,0
1865,1.308710,1.347673,MGC,1,1,0,0
6136,1.338232,1.650344,MGC,3,2,0,0
1533,1.592339,2.556501,MGC,1,1,0,0
3901,1.200874,1.804059,MGC,8,2,0,0
2408,1.346918,1.399498,MGC,1,1,0,0
6973,1.724879,1.787287,MGC,1,1,0,0
4507,1.104728,1.826843,MGC,1,2,0,0
2709,1.833666,1.951436,MGC,1,1,0,0
1280,1.298468,1.403144,MGC,3,1,0,0
3245,1.354935,1.657626,MGC,1,2,0,0
2469,1.565440,1.794027,MGC,1,1,0,0
5575,1.356196,1.613494,MGC,1,1,0,0
2163,1.262630,1.379441,MGC,1,1,0,0
3000,1.348906,1.565786,MGC,2,1,0,0
868,1.908412,1.991390,MGC,1,1,0,0
2272,1.622422,1.636336,MGC,1,1,0,0
6270,1.336081,1.563938,MGC,2,3,0,0
218,1.221793,1.608602,MGC,1,2,0,0
4106,1.449893,2.253416,MGC,2,1,0,0
1471,1.297288,1.731217,MGC,4,1,0,0
5939,1.349197,1.705367,MGC,3,2,0,0
1255,2.155501,2.048112,HWC,1,1,0,0
3641,1.515863,1.876803,MGC,1,2,0,0
4129,1.477494,1.999574,MGC,1,1,0,0
5420,1.334906,1.866815,MGC,2,1,0,0
1272,1.148765,1.505281,MGC,1,3,0,0
5562,1.799003,1.178159,HWC,2,1,0,0
6539,1.018628,1.482064,MGC,1,2,0,0
2291,1.513114,1.417400,HWC,1,1,0,0
6603,1.252797,1.661980,MGC,1,1,0,0
4271,1.500352,2.075102,MGC,2,1,0,0
1322,1.216431,2.497613,MGC,1,1,0,0
3994,1.215561,1.763738,MGC,1,1,0,0
3870,1.216210,1.527354,MGC,2,2,0,0
6701,1.181138,1.162089,HWC,2,1,0,0
1317,1.491476,1.117165,HWC,3,1,0,0
4049,1.426129,1.774457,MGC,1,3,0,0
3487,1.307744,1.671640,MGC,1,2,0,0
4589,1.574901,1.360698,HWC,1,1,0,0
5427,1.198746,1.551348,MGC,1,2,0,0
5125,1.440253,1.941532,MGC,2,1,0,0
365,1.386412,1.633507,MGC,5,3,0,0
5396,1.245159,1.815922,MGC,1,1,0,0
3261,1.301528,1.807430,MGC,2,2,0,0
2920,1.473296,2.235717,MGC,1,2,0,0
4420,1.723645,1.433112,HWC,2,1,0,0
5219,1.131322,1.649429,MGC,1,1,0,0
6820,1.399803,1.883922,MGC,3,2,0,0
4054,1.469722,1.530314,MGC,1,1,0,0
4172,1.234874,1.628498,MGC,2,2,0,0
370,1.394798,1.194608,HWC,2,1,0,0
906,1.387045,1.729734,MGC,1,1,0,0
4467,1.425974,1.608559,MGC,2,2,0,0
6759,1.491479,1.762932,MGC,1,1,0,0
5010,1.202500,1.420185,MGC,3,2,0,0
5940,1.551288,1.783461,MGC,1,1,0,0
3086,1.165745,1.700411,MGC,1,2,0,0
2577,1.688970,1.456055,HWC,3,1,0,0
833,1.064203,1.568416,MGC,1,1,0,0
3451,1.771075,1.713616,HWC,1,1,0,0
3031,1.406781,1.609448,MGC,4,3,0,0
6371,1.184168,1.357861,MGC,2,1,0,0
2555,1.348304,1.508637,MGC,2,2,0,0
2228,1.239940,1.728936,MGC,1,1,0,0
5282,1.611240,1.639276,MGC,1,3,0,0
355,1.245433,1.606925,MGC,1,2,0,0
5954,1.689420,1.933391,MGC,1,3,0,0
1663,1.346663,1.972189,MGC,3,1,0,0
1518,1.908078,2.093430,MGC,1,2,0,0
6497,1.346058,1.616277,MGC,4,2,0,0
2647,1.541600,1.500268,HWC,1,2,0,0
1222,1.583798,1.504224,HWC,1,1,0,0
652,1.289822,1.489072,MGC,1,1,0,0
2962,1.520709,1.930175,MGC,2,1,0,0
3097,1.579262,2.410374,MGC,3,1,0,0
5971,1.328026,1.751689,MGC,1,3,0,0
1620,1.350277,1.512855,MGC,2,2,0,0
2445,1.301470,1.355506,MGC,1,1,0,0
1051,1.888307,2.093052,MGC,1,1,0,0
3040,1.320629,1.910720,MGC,4,3,0,0
4478,2.111983,2.241970,MGC,1,1,0,0
3516,1.256806,1.073703,HWC,1,1,0,0
1733,1.142181,1.565004,MGC,1,1,0,0
2399,1.363010,1.527215,MGC,1,3,0,0
1061,1.369014,1.757080,MGC,1,2,0,0
2358,1.713802,1.735222,MGC,1,2,0,0
6156,1.457189,2.128418,MGC,1,1,0,0
6846,1.491365,2.114115,MGC,1,1,0,0
6221,1.427794,1.681075,MGC,3,3,0,0
1194,1.299271,2.422295,MGC,1,1,0,0
6707,1.394620,1.690035,MGC,2,1,0,0
4247,1.474093,1.604938,MGC,1,1,0,0
722,1.250612,1.610710,MGC,1,2,0,0
3649,1.255773,1.486126,MGC,1,3,0,0
5684,1.414279,1.659682,MGC,1,2,0,0
5209,1.682638,1.901953,MGC,2,2,0,0
3060,1.118453,1.189606,MGC,1,1,0,0
2331,1.176635,1.501809,MGC,1,1,0,0
3854,1.447162,1.793750,MGC,2,1,0,0
5493,1.141868,1.524294,MGC,1,2,0,0
4559,1.283882,2.091656,MGC,1,2,0,0
2560,1.533786,2.248845,MGC,1,1,0,0
5510,1.515136,1.737618,MGC,1,1,0,0
5195,1.267747,1.668769,MGC,1,1,0,0
2078,1.298047,1.465350,MGC,1,1,0,0
6745,1.500772,1.665526,MGC,2,1,0,0
2052,1.305923,1.835621,MGC,1,1,0,0
6659,1.087668,1.555631,MGC,1,3,0,0
242,1.233656,1.604436,MGC,1,1,0,0
5056,1.535427,2.182664,MGC,1,1,0,0
783,1.722237,1.738091,MGC,1,1,0,0
6951,1.918953,2.155464,MGC,1,1,0,0
6248,1.402618,1.973830,MGC,1,1,0,0
3536,1.509061,1.489984,HWC,2,3,0,0
3179,1.812444,1.957952,MGC,2,3,0,0
6336,1.381071,1.589742,MGC,1,2,0,0
6041,1.541174,1.878916,MGC,1,2,0,0
3690,1.189467,1.702867,MGC,1,2,0,0
519,1.482542,2.207807,MGC,1,1,0,0
1156,1.191648,1.355778,MGC,8,1,0,0
2531,1.489406,1.564535,MGC,1,2,0,0
3558,1.780780,1.977757,MGC,1,2,0,0
4457,1.289161,1.432817,MGC,1,2,0,0
1492,1.177858,1.533691,MGC,1,4,0,0
3706,1.385727,2.134886,MGC,1,1,0,0
3162,1.521428,1.978684,MGC,1,1,0,0
1807,1.399902,1.652422,MGC,2,2,0,0
2933,1.499975,2.526171,MGC,2,1,0,0
6440,1.203030,1.307047,MGC,1,1,0,0
4822,1.586079,1.954578,MGC,1,2,0,0
4233,1.265851,1.514626,MGC,2,3,0,0
6797,1.451531,1.721958,MGC,1,1,0,0
1576,1.603446,1.136991,HWC,2,1,0,0
6776,1.568487,1.859050,MGC,1,1,0,0
3886,1.059446,1.938362,MGC,1,1,0,0
6916,1.444105,1.627907,MGC,1,2,0,0
1182,1.338557,1.538563,MGC,1,1,0,0
3071,1.140953,1.516734,MGC,1,2,0,0
3632,1.573724,1.790867,MGC,1,1,0,0
6074,1.509079,2.029122,MGC,2,2,0,0
3669,1.206654,2.053752,MGC,1,2,0,0
1136,1.055287,1.108108,MGC,1,1,0,0
6286,1.431530,1.795697,MGC,1,1,0,0
794,1.644012,1.886328,MGC,2,3,0,0
275,1.355478,1.546628,MGC,1,1,0,0
2218,1.290885,1.418611,MGC,2,4,0,0
2703,1.478479,3.481277,MGC,1,1,0,0
1224,1.429214,1.857256,MGC,1,3,0,0
858,1.361906,1.589991,MGC,2,1,0,0
2654,1.694553,1.943496,MGC,1,1,0,0
4603,1.363692,1.595213,MGC,1,1,0,0
6093,1.155733,1.960617,MGC,1,1,0,0
1936,1.241742,1.535688,MGC,2,2,0,0
6374,1.351759,1.501848,MGC,3,2,0,0
5714,1.659250,2.010852,MGC,1,1,0,0
2506,1.539837,1.722052,MGC,2,2,0,0
871,1.175548,1.448987,MGC,1,3,0,0
866,1.944191,1.591956,HWC,1,2,0,0
5014,1.180061,1.228173,MGC,1,1,0,0
4329,1.405071,1.670266,MGC,2,1,0,0
3571,1.326540,1.395286,MGC,2,1,0,0
5642,1.645572,1.088779,HWC,2,1,0,0
1243,1.285473,1.304041,MGC,1,1,0,0
2557,1.094942,1.222992,MGC,1,1,0,0
3078,1.982773,1.229966,HWC,1,1,0,0
2536,1.738794,1.951962,MGC,1,1,0,0
2219,1.439666,1.613236,MGC,1,1,0,0
6744,1.312091,1.908622,MGC,1,1,0,0
2809,1.492352,2.263981,MGC,1,1,0,0
6100,1.350732,1.639167,MGC,1,1,0,0
6091,1.499254,1.326556,HWC,1,1,0,0
6465,1.590672,1.832300,MGC,1,1,0,0
6958,1.406060,1.512364,MGC,3,1,0,0
1132,1.380971,1.636034,MGC,1,1,0,0
819,1.555776,1.747131,MGC,2,1,0,0
2928,1.195049,1.685938,MGC,1,1,0,0
5567,1.341843,1.022430,HWC,2,1,0,0
6032,1.314648,1.816387,MGC,1,1,0,0
2137,1.427847,2.045988,MGC,1,1,0,0
5977,1.281207,1.419525,MGC,7,3,0,0
5858,1.416866,1.417062,MGC,1,1,0,0
6614,1.218731,1.734314,MGC,1,2,0,0
1437,1.458783,1.822714,MGC,3,1,0,0
1739,1.656717,2.116667,MGC,1,1,0,0
4424,2.080232,2.875919,MGC,1,1,0,0
4738,1.323120,2.263095,MGC,1,1,0,0
2477,1.524887,1.711768,MGC,1,2,0,0
1794,1.282954,1.706625,MGC,1,2,0,0
642,1.484072,1.464590,HWC,1,1,0,0
4999,1.548639,1.455654,HWC,1,1,0,0
2230,1.145598,1.808869,MGC,1,1,0,0
6515,2.302366,2.428020,MGC,1,1,0,0
6007,1.310726,1.739292,MGC,2,2,0,0
6994,1.672786,1.816462,MGC,1,1,0,0
3721,1.444121,1.635475,MGC,5,1,0,0
5266,1.496790,1.840735,MGC,1,1,0,0
5524,1.287200,1.589959,MGC,5,1,0,0
1173,1.290104,1.698958,MGC,1,2,0,0
1809,1.241843,1.704622,MGC,1,1,0,0
740,1.181136,1.422358,MGC,11,1,0,0
1485,1.274636,1.354451,MGC,1,1,0,0
1524,1.262691,1.740248,MGC,1,2,0,0
6802,1.765588,1.888721,MGC,2,2,0,0
5661,1.215350,1.701410,MGC,1,1,0,0
4163,1.289830,1.477347,MGC,1,1,0,0
2609,1.536318,1.689799,MGC,1,1,0,0
5474,1.266468,1.567751,MGC,2,2,0,0
5029,1.381485,1.776883,MGC,3,2,0,0
1457,1.311104,1.782785,MGC,2,1,0,0
4217,1.264063,1.793748,MGC,7,2,0,0
4543,1.408153,1.793914,MGC,1,2,0,0
3583,1.792467,1.450231,HWC,1,1,0,0
1269,1.512171,1.614226,MGC,2,2,0,0
1460,1.165559,2.457318,MGC,8,1,0,0
255,1.468716,1.712622,MGC,1,1,0,0
2794,1.578513,1.952800,MGC,1,2,0,0
6845,1.402190,1.723414,MGC,4,3,0,0
6861,2.079482,2.074658,HWC,1,2,0,0
2716,1.286183,1.719045,MGC,3,3,0,0
3869,1.286978,1.735919,MGC,1,2,0,0
2017,1.141414,2.018811,MGC,1,1,0,0
5248,1.545776,1.360666,HWC,3,1,0,0
307,1.214313,1.409501,MGC,2,4,0,0
4783,1.454179,1.593834,MGC,1,3,0,0
2597,1.143483,1.484848,MGC,1,1,0,0
1896,1.286778,1.675483,MGC,1,1,0,0
945,1.194986,1.492232,MGC,1,1,0,0
5762,1.255124,1.879621,MGC,2,4,0,0
1399,1.442620,1.830035,MGC,1,1,0,0
3019,1.450220,1.660329,MGC,2,2,0,0
425,1.525707,1.362907,HWC,1,1,0,0
3415,1.285942,1.709370,MGC,1,2,0,0
1396,1.353857,1.808569,MGC,1,1,0,0
5832,1.370048,1.588761,MGC,1,1,0,0
2366,1.129300,1.572778,MGC,1,2,0,0
4058,1.097517,1.760732,MGC,1,2,0,0
3890,1.334303,1.783222,MGC,1,3,0,0
4682,1.333410,1.862378,MGC,1,1,0,0
4846,1.436372,1.607214,MGC,2,2,0,0
2032,1.554054,1.737212,MGC,1,2,0,0
2589,1.434269,1.675097,MGC,1,2,0,0
608,1.150385,1.860306,MGC,1,4,0,0
3630,1.335935,1.524663,MGC,2,1,0,0
6963,1.430037,2.042983,MGC,1,2,0,0
491,1.381068,1.968152,MGC,1,2,0,0
2927,1.253305,1.534009,MGC,7,1,0,0
1527,1.171978,1.415081,MGC,1,1,0,0
5582,1.435597,1.598133,MGC,1,1,0,0
2893,1.539007,2.078975,MGC,3,1,0,0
1418,1.386658,1.966260,MGC,1,2,0,0
29,1.223969,1.147028,HWC,1,1,0,0
2232,1.490949,1.918731,MGC,2,3,0,0
3726,1.456719,1.271368,HWC,1,1,0,0
4040,1.396333,1.814882,MGC,1,1,0,0
5696,1.268518,1.564435,MGC,1,2,0,0
3112,1.560865,2.167666,MGC,1,1,0,0
622,1.437536,1.216269,HWC,1,1,0,0
1433,1.331278,1.566294,MGC,3,3,0,0
128,1.423062,1.590195,MGC,1,1,0,0
3814,1.444792,1.875804,MGC,1,1,0,0
3330,1.627164,1.520612,HWC,2,2,0,0
627,1.284680,1.632623,MGC,1,1,0,0
288,1.461704,1.792657,MGC,1,2,0,0
3469,1.825738,1.537672,HWC,1,1,0,0
3459,1.452870,1.704913,MGC,2,3,0,0
813,1.309069,1.692167,MGC,1,1,0,0
3013,1.093410,1.596097,MGC,1,3,0,0
5694,1.351713,1.345051,HWC,1,1,0,0
3050,1.288249,1.883183,MGC,1,1,0,0
899,1.543956,2.137020,MGC,1,1,0,0
6881,1.272746,1.873065,MGC,1,1,0,0
4630,1.089862,1.498577,MGC,1,3,0,0
1058,1.219365,1.706856,MGC,1,1,0,0
4965,1.730801,1.812771,MGC,1,1,0,0
4973,1.517950,1.892188,MGC,1,1,0,0
5343,1.503019,1.824116,MGC,1,2,0,0
6782,1.558289,1.639932,MGC,2,2,0,0
927,1.565461,1.863465,MGC,2,2,0,0
5206,1.415074,1.540923,MGC,1,2,0,0
3961,1.354546,1.726653,MGC,3,1,0,0
4974,1.303787,2.426177,MGC,1,1,0,0
3850,1.379185,2.032637,MGC,5,2,0,0
657,1.539326,1.312850,HWC,1,1,0,0
2277,1.501604,1.588121,MGC,1,2,0,0
5732,1.363867,1.928895,MGC,1,2,0,0
3106,1.174891,1.672252,MGC,1,2,0,0
1063,1.440556,1.689146,MGC,1,1,0,0
709,1.238190,1.525533,MGC,5,1,0,0
712,1.183897,1.308542,MGC,1,1,0,0
4097,1.375570,1.365538,HWC,3,3,0,0
5635,1.239598,1.163555,HWC,1,1,0,0
3211,1.337563,1.781474,MGC,1,2,0,0
2957,1.492325,1.705218,MGC,2,1,0,0
5424,1.336762,1.702876,MGC,1,2,0,0
5423,1.357493,2.139393,MGC,1,2,0,0
2037,1.692646,1.976060,MGC,1,1,0,0
2533,1.254967,1.481855,MGC,7,1,0,0
4022,1.709654,1.635074,HWC,1,1,0,0
3805,1.169493,2.091213,MGC,1,1,0,0
167,1.236374,1.288351,MGC,1,1,0,0
4901,1.333200,1.504344,MGC,1,1,0,0
4404,1.168275,1.849922,MGC,1,2,0,0
2967,1.285118,1.264102,HWC,1,1,0,0
2177,1.797627,2.926038,MGC,2,2,0,0
6063,1.427338,1.297498,HWC,1,1,0,0
1296,1.429995,1.845800,MGC,2,1,0,0
3367,1.119403,1.282683,MGC,1,1,0,0
5152,1.233063,1.525689,MGC,1,3,0,0
6526,1.454070,1.757975,MGC,1,1,0,0
6420,1.373588,1.255367,HWC,2,1,0,0
3443,1.358894,1.846969,MGC,1,2,0,0
2732,1.285813,2.036705,MGC,2,1,0,0
5967,1.267590,1.418606,MGC,3,1,0,0
1740,1.367637,1.474010,MGC,1,1,0,0
6652,1.126328,1.864024,MGC,1,1,0,0
6413,1.401712,1.903313,MGC,2,1,0,0
1908,1.248976,1.335505,MGC,1,1,0,0
5489,1.344481,1.428653,MGC,1,1,0,0
315,1.377520,2.963647,MGC,2,1,0,0
6807,1.336238,1.462068,MGC,2,2,0,0
207,1.437277,1.252244,HWC,1,1,0,0
6471,1.213120,1.308026,MGC,1,1,0,0
552,1.187932,1.625403,MGC,1,2,0,0
2802,1.337389,1.561746,MGC,1,2,0,0
127,1.407737,1.768719,MGC,2,1,0,0
1140,1.199914,1.503650,MGC,1,1,0,0
3923,1.384586,1.615215,MGC,2,2,0,0
4684,1.423265,1.892037,MGC,3,1,0,0
3528,1.219311,1.580038,MGC,1,1,0,0
116,1.492387,2.043673,MGC,2,1,0,0
6405,1.634695,1.846404,MGC,2,2,0,0
5487,1.281399,1.433263,MGC,1,1,0,0
4210,1.388641,1.714987,MGC,1,1,0,0
5186,1.491027,2.124102,MGC,2,3,0,0
3045,1.467930,1.374247,HWC,2,1,0,0
6341,1.283266,1.776291,MGC,1,1,0,0
6034,1.275820,1.137533,HWC,1,1,0,0
2918,1.269407,2.120843,MGC,1,2,0,0
581,1.374821,1.686124,MGC,1,1,0,0
530,1.431728,1.809291,MGC,1,1,0,0
150,1.508451,1.678783,MGC,1,3,0,0
3593,1.163579,1.307535,MGC,1,1,0,0
3708,1.428470,1.567456,MGC,1,5,0,0
4053,1.152178,1.584196,MGC,1,3,0,0
2620,1.448366,1.854968,MGC,2,2,0,0
1971,1.228486,1.106417,HWC,1,1,0,0
5882,1.253902,1.727655,MGC,1,1,0,0
6715,1.286544,1.491719,MGC,2,1,0,0
2143,1.275504,1.104063,HWC,1,1,0,0
6687,1.313628,2.420945,MGC,1,2,0,0
2337,1.199813,1.409571,MGC,6,3,0,0
5391,1.298588,1.228988,HWC,1,1,0,0
3153,1.796760,2.119945,MGC,1,1,0,0
2611,1.744564,2.009918,MGC,2,5,0,0
951,1.325798,1.463394,MGC,4,1,0,0
6522,1.306965,1.713542,MGC,1,1,0,0
6067,1.448731,1.756675,MGC,1,1,0,0
4460,1.448471,2.311165,MGC,2,1,0,0
6725,1.264199,1.616204,MGC,1,3,0,0
5279,1.136891,1.477607,MGC,1,2,0,0
1218,1.421035,1.589045,MGC,2,1,0,0
1954,1.428916,2.128439,MGC,1,2,0,0
5192,1.263607,1.722132,MGC,1,2,0,0
3621,1.461890,1.875635,MGC,2,2,0,0
4093,1.530743,1.890816,MGC,1,1,0,0
1008,1.248370,1.186188,HWC,1,1,0,0
3063,1.274855,1.741745,MGC,1,1,0,0
3283,1.070554,1.582391,MGC,1,2,0,0
5721,1.450791,1.687874,MGC,1,3,0,0
694,1.179764,1.461837,MGC,4,2,0,0
5812,1.455270,1.685732,MGC,2,2,0,0
3777,1.449488,1.546590,MGC,1,1,0,0
4911,1.102615,1.836202,MGC,1,1,0,0
2097,1.238574,1.841536,MGC,1,1,0,0
4730,1.447322,1.695582,MGC,5,2,0,0
2951,1.700754,2.283366,MGC,1,2,0,0
3442,1.265816,1.951052,MGC,1,1,0,0
5964,1.559577,1.439821,HWC,1,2,0,0
1042,1.585992,1.907146,MGC,2,1,0,0
576,1.282765,1.941052,MGC,1,1,0,0
177,1.330698,1.590377,MGC,1,1,0,0
5830,1.303576,1.734219,MGC,2,2,0,0
1113,1.345056,1.879690,MGC,1,1,0,0
1895,1.384212,1.802058,MGC,2,2,0,0
2885,1.271815,1.788580,MGC,1,3,0,0
2215,1.320324,1.939824,MGC,1,2,0,0
2420,1.355067,2.158891,MGC,1,1,0,0
6757,1.215446,1.475528,MGC,1,2,0,0
3092,1.711312,1.986118,MGC,1,1,0,0
1193,1.311532,1.610328,MGC,1,1,0,0
6968,1.196456,1.793327,MGC,4,1,0,0
4183,1.366207,2.107569,MGC,1,1,0,0
1827,1.354208,1.426595,MGC,1,1,0,0
3952,1.457304,1.662448,MGC,1,2,0,0
2858,1.493945,1.556619,MGC,1,1,0,0
1319,1.288817,1.120981,HWC,1,1,0,0
617,1.371967,1.573942,MGC,1,1,0,0
5129,1.612812,1.503224,HWC,2,1,0,0
1459,1.330811,1.246708,HWC,3,1,0,0
2624,1.500682,1.715902,MGC,1,1,0,0
6043,1.441145,1.635704,MGC,1,1,0,0
3252,1.594827,1.720462,MGC,1,1,0,0
3801,1.308642,1.444104,MGC,2,2,0,0
2629,1.423179,1.569938,MGC,1,1,0,0
3637,1.495070,1.634579,MGC,1,1,0,0
6047,1.289612,2.138281,MGC,1,1,0,0
6686,1.255231,1.518126,MGC,1,1,0,0
6338,1.267370,1.696393,MGC,1,2,0,0
2535,1.089146,1.297577,MGC,1,1,0,0
5920,1.362376,2.193483,MGC,1,2,0,0
526,1.484649,1.324997,HWC,1,1,0,0
4530,1.294679,1.877319,MGC,4,2,0,0
6883,1.245762,1.722909,MGC,1,3,0,0
1143,1.322967,1.802573,MGC,1,1,0,0
741,1.322147,2.180392,MGC,9,1,0,0
135,1.350217,1.540120,MGC,1,2,0,0
6596,1.392509,1.621832,MGC,1,2,0,0
4057,1.366745,1.408624,MGC,1,1,0,0
5725,1.918298,1.508467,HWC,1,1,0,0
5076,1.407197,1.462212,MGC,2,3,0,0
3395,1.257029,1.861867,MGC,1,2,0,0
1412,1.251488,1.620901,MGC,4,2,0,0
2639,1.392304,1.698844,MGC,1,1,0,0
3397,1.279394,1.480857,MGC,2,1,0,0
4013,1.441858,1.954284,MGC,3,1,0,0
325,1.845363,2.072518,MGC,1,1,0,0
4293,1.201984,1.164148,HWC,1,1,0,0
5065,1.593313,2.271263,MGC,2,2,0,0
2433,1.717172,1.555207,HWC,1,1,0,0
5798,1.242321,1.547436,MGC,3,3,0,0
5928,1.303501,1.602633,MGC,1,1,0,0
6604,1.357298,1.872672,MGC,6,2,0,0
4639,1.336066,1.824434,MGC,1,2,0,0
5291,1.539002,1.597947,MGC,1,1,0,0
2685,1.430630,1.589116,MGC,6,2,0,0
2442,1.594653,1.522095,HWC,1,1,0,0
4521,1.158028,1.949871,MGC,1,2,0,0
4830,1.273773,1.416674,MGC,2,2,0,0
1933,1.217909,1.515077,MGC,7,3,0,0
5259,1.431148,1.493979,MGC,2,3,0,0
4042,1.168100,1.607382,MGC,1,3,0,0
6046,1.450311,1.710602,MGC,2,1,0,0
6520,1.423833,1.536412,MGC,1,2,0,0
1964,1.244912,1.610875,MGC,1,1,0,0
3660,1.622014,1.722512,MGC,2,1,0,0
60,1.456937,1.867275,MGC,1,1,0,0
765,1.258968,1.670394,MGC,1,1,0,0
6394,1.408302,1.621145,MGC,2,1,0,0
4413,1.180048,1.358294,MGC,2,2,0,0
335,1.823135,1.960583,MGC,1,1,0,0
4571,1.114109,1.630888,MGC,1,1,0,0
5909,1.345510,1.597897,MGC,1,3,0,0
5501,1.224355,1.347490,MGC,1,1,0,0
1949,1.095894,1.038589,HWC,1,1,0,0
361,1.319409,1.713876,MGC,2,1,0,0
3983,1.569655,1.921559,MGC,2,5,0,0
2279,1.267881,1.934345,MGC,1,1,0,0
2327,1.262189,2.284603,MGC,1,1,0,0
1623,1.493241,1.279633,HWC,1,1,0,0
2512,1.121417,1.920889,MGC,1,1,0,0
3347,1.280977,1.745250,MGC,1,2,0,0
5034,1.380307,2.197797,MGC,1,1,0,0
2697,1.345809,1.796537,MGC,1,1,0,0
460,1.663424,1.904456,MGC,1,1,0,0
5785,1.507068,2.014847,MGC,3,2,0,0
3759,1.238538,2.110967,MGC,2,1,0,0
6582,1.476995,1.330259,HWC,2,1,0,0
5135,1.734298,1.884974,MGC,1,2,0,0
2061,1.501041,1.713656,MGC,1,1,0,0
5965,1.320172,1.549450,MGC,1,1,0,0
6227,1.311214,1.387623,MGC,1,1,0,0
1087,1.209613,1.658171,MGC,3,1,0,0
6653,1.880934,1.647789,HWC,1,1,0,0
5529,1.732642,2.129525,MGC,1,1,0,0
5678,1.505362,1.534625,MGC,1,1,0,0
6561,1.438168,1.572698,MGC,1,1,0,0
6926,1.428662,1.535656,MGC,5,2,0,0
1723,1.673949,2.257448,MGC,1,2,0,0
6308,1.329156,1.784707,MGC,1,3,0,0
4494,1.637743,2.056720,MGC,2,2,0,0
5583,1.618168,1.714151,MGC,1,1,0,0
6537,1.592958,2.069455,MGC,2,2,0,0
3437,1.517979,1.624278,MGC,1,1,0,0
1922,1.623872,1.623665,HWC,1,1,0,0
889,1.530988,1.546734,MGC,1,2,0,0
2815,1.581152,1.638825,MGC,1,2,0,0
859,1.768651,2.086867,MGC,1,2,0,0
4178,1.276971,1.595065,MGC,1,2,0,0
5330,1.636613,1.787141,MGC,1,1,0,0
6437,1.422580,1.941702,MGC,2,3,0,0
4498,1.485065,1.716827,MGC,1,2,0,0
3355,1.407522,1.560238,MGC,1,1,0,0
1978,1.248772,1.975153,MGC,1,1,0,0
4091,1.421377,1.851490,MGC,2,1,0,0
2456,1.343928,1.340717,HWC,1,1,0,0
2019,1.292178,1.902750,MGC,8,1,0,0
3217,1.280868,1.848051,MGC,1,1,0,0
1662,1.404670,1.506646,MGC,1,1,0,0
3579,1.354421,1.670547,MGC,1,3,0,0
3788,1.552968,1.974410,MGC,1,1,0,0
4148,1.337421,1.768600,MGC,1,3,0,0
6410,1.328262,1.605875,MGC,1,1,0,0
5558,1.340758,1.743525,MGC,4,4,0,0
5889,1.278772,1.944569,MGC,2,1,0,0
2343,1.487949,1.875055,MGC,2,2,0,0
3799,1.503709,1.756329,MGC,1,2,0,0
5162,1.267753,1.810387,MGC,1,3,0,0
3318,1.481178,1.561156,MGC,1,2,0,0
5234,1.241030,1.498837,MGC,1,1,0,0
3497,1.502038,1.971448,MGC,1,2,0,0
5322,1.302429,1.471016,MGC,3,3,0,0
6996,1.534488,2.060257,MGC,1,2,0,0
1476,1.333526,1.545805,MGC,2,2,0,0
2376,1.135288,2.279733,MGC,1,1,0,0
1010,1.417438,1.626958,MGC,1,1,0,0
4155,1.168601,1.391016,MGC,1,1,0,0
1347,1.388881,1.511469,MGC,2,4,0,0
3589,1.343901,1.666788,MGC,1,1,0,0
1601,1.548020,1.637326,MGC,1,3,0,0
4626,1.338184,1.440898,MGC,1,1,0,0
3489,1.362086,1.606524,MGC,1,2,0,0
1515,1.441004,1.329956,HWC,2,1,0,0
1674,1.700477,1.518158,HWC,1,1,0,0
4116,1.350200,1.709081,MGC,3,1,0,0
5780,1.579765,1.793746,MGC,5,2,0,0
4986,1.414254,1.546782,MGC,2,1,0,0
1339,1.456899,2.291069,MGC,2,1,0,0
4915,1.616823,1.839562,MGC,1,4,0,0
3605,1.639972,2.012107,MGC,1,2,0,0
2129,1.178924,1.574788,MGC,1,2,0,0
6716,1.226884,1.422161,MGC,1,1,0,0
2464,1.542923,1.803605,MGC,2,1,0,0
5764,2.213227,1.897784,HWC,1,1,0,0
6989,1.233197,1.350525,MGC,1,1,0,0
5136,1.238838,1.670833,MGC,2,3,0,0
598,1.493389,1.690813,MGC,2,1,0,0
3541,1.427207,2.088645,MGC,1,1,0,0
4439,1.355537,2.254587,MGC,1,1,0,0
2091,1.402933,1.749629,MGC,1,2,0,0
5141,1.388183,1.781785,MGC,1,2,0,0
5171,1.417755,1.536193,MGC,1,2,0,0
4954,1.452271,1.891741,MGC,1,2,0,0
4622,1.413122,1.459588,MGC,1,1,0,0
909,1.224237,1.648578,MGC,1,1,0,0
1693,1.794913,1.916815,MGC,1,2,0,0
650,1.477678,1.774842,MGC,2,1,0,0
2139,1.555075,1.853796,MGC,1,2,0,0
4461,1.320736,1.395026,MGC,2,1,0,0
6544,1.243227,1.551120,MGC,1,1,0,0
4099,1.271739,1.543210,MGC,1,1,0,0
6978,1.385039,1.589827,MGC,1,1,0,0
3455,1.471701,1.837604,MGC,1,2,0,0
72,1.366272,1.474134,MGC,1,1,0,0
6011,1.226535,1.535774,MGC,1,2,0,0
1163,1.271903,1.534109,MGC,6,1,0,0
1440,1.917714,1.851271,HWC,1,1,0,0
979,1.381169,1.945792,MGC,2,2,0,0
4675,1.354065,1.505675,MGC,1,1,0,0
3533,1.263139,1.574121,MGC,1,1,0,0
6833,1.851602,1.833883,HWC,1,2,0,0
2238,1.389872,2.102750,MGC,1,1,0,0
5536,1.282075,1.712748,MGC,9,1,0,0
5925,1.302486,1.482418,MGC,2,2,0,0
6971,1.597266,1.698452,MGC,1,1,0,0
6278,1.259850,1.614241,MGC,2,2,0,0
4785,1.234683,1.529506,MGC,2,2,0,0
6913,1.219322,1.504546,MGC,1,1,0,0
3945,1.374739,1.805733,MGC,8,2,0,0
5773,1.265571,1.704161,MGC,1,1,0,0
1873,1.694000,1.376073,HWC,1,1,0,0
5547,1.159300,2.058872,MGC,1,1,0,0
1890,1.343166,1.545969,MGC,1,1,0,0
1900,1.400699,1.505132,MGC,2,3,0,0
2489,1.559088,2.129405,MGC,1,1,0,0
2425,1.757719,2.143202,MGC,3,2,0,0
1995,1.340075,1.524261,MGC,1,1,0,0
3140,1.667069,1.611526,HWC,1,1,0,0
4608,1.270947,1.723944,MGC,2,2,0,0
3157,1.559486,1.717893,MGC,2,1,0,0
4048,1.144047,1.845212,MGC,1,1,0,0
2956,1.521412,2.041059,MGC,3,1,0,0
5463,1.353172,1.478916,MGC,1,4,0,0
1742,1.410648,1.764541,MGC,1,1,0,0
473,1.363458,1.474277,MGC,4,2,0,0
2871,1.319808,1.445467,MGC,1,1,0,0
3614,1.511412,1.794764,MGC,1,1,0,0
4541,1.539134,2.187161,MGC,1,1,0,0
5683,1.321736,1.866432,MGC,2,1,0,0
4701,1.448569,2.048256,MGC,1,3,0,0
1587,1.503257,1.600396,MGC,1,2,0,0
2283,1.918866,1.906390,HWC,1,2,0,0
5578,1.327867,1.552067,MGC,1,1,0,0
506,1.735280,1.732741,HWC,1,1,0,0
5256,1.346904,1.859684,MGC,1,3,0,0
2463,1.617447,1.693144,MGC,1,1,0,0
438,1.640284,1.539722,HWC,1,1,0,0
73,1.319732,1.937059,MGC,1,3,0,0
3821,1.411426,1.988850,MGC,1,2,0,0
3277,1.313872,1.071963,HWC,1,1,0,0
3585,1.276084,1.452047,MGC,1,1,0,0
551,1.299148,1.670945,MGC,4,1,0,0
4871,1.446908,1.970283,MGC,2,1,0,0
1346,1.462171,1.986568,MGC,1,1,0,0
3227,1.515243,1.672948,MGC,1,1,0,0
3413,1.220920,1.333841,MGC,6,2,0,0
4977,1.428916,1.617367,MGC,4,4,0,0
3201,1.822188,1.919401,MGC,1,1,0,0
5624,1.368858,1.685546,MGC,2,1,0,0
64,1.156010,1.274285,MGC,1,1,0,0
5454,1.709961,1.499466,HWC,1,1,0,0
4068,1.345739,1.632167,MGC,2,2,0,0
414,1.550611,2.108237,MGC,1,1,0,0
5435,1.443083,2.454489,MGC,3,2,0,0
901,1.434067,1.574587,MGC,1,3,0,0
3597,1.378652,1.522245,MGC,5,2,0,0
1991,1.531652,1.560259,MGC,2,2,0,0
6999,1.266708,1.732990,MGC,1,2,0,0
2862,1.763519,1.667344,HWC,1,1,0,0
1379,1.769725,1.692292,HWC,2,2,0,0
3889,1.700819,1.742331,MGC,1,2,0,0
4061,1.561437,1.862154,MGC,1,1,0,0
4550,1.404245,1.573224,MGC,2,3,0,0
2696,1.328656,2.129381,MGC,3,3,0,0
2886,1.341670,1.736994,MGC,1,3,0,0
4816,1.322445,1.786939,MGC,6,3,0,0
3132,1.487086,1.349640,HWC,2,1,0,0
1000,1.382824,2.112718,MGC,1,2,0,0
415,1.673541,1.298823,HWC,1,1,0,0
2021,1.255399,1.278562,MGC,1,2,0,0
3567,1.375166,1.871335,MGC,2,1,0,0
3872,1.792261,2.024038,MGC,1,2,0,0
1238,1.240202,1.429566,MGC,1,2,0,0
5400,1.720689,1.715602,HWC,1,1,0,0
6804,1.291229,1.872300,MGC,2,2,0,0
6179,1.303794,1.785304,MGC,1,1,0,0
2197,1.198173,1.480104,MGC,1,1,0,0
5789,1.361639,1.714045,MGC,2,1,0,0
1115,1.239784,1.649696,MGC,2,3,0,0
1831,1.326244,1.678512,MGC,4,3,0,0
6302,1.276650,1.836654,MGC,1,1,0,0
1152,1.615778,1.843404,MGC,1,1,0,0
24,1.260869,1.231028,HWC,1,1,0,0
2250,1.553908,1.553357,HWC,2,2,0,0
663,1.245346,1.556389,MGC,1,1,0,0
1822,1.303430,1.813902,MGC,2,1,0,0
5409,1.320830,1.613174,MGC,2,2,0,0
4714,1.339880,1.480603,MGC,11,3,0,0
930,1.352817,1.630449,MGC,1,1,0,0
2170,1.513456,1.892072,MGC,1,2,0,0
5726,1.253089,1.516128,MGC,2,1,0,0
1795,1.441170,1.593151,MGC,2,1,0,0
2263,1.388645,1.927108,MGC,1,2,0,0
1772,1.632596,1.545570,HWC,1,3,0,0
4428,1.525845,2.244915,MGC,1,2,0,0
6399,1.324788,1.594303,MGC,1,3,0,0
468,1.035216,1.364135,MGC,1,1,0,0
5870,1.240774,1.713400,MGC,1,2,0,0
5513,1.257360,1.743766,MGC,4,3,0,0
6040,1.529624,1.490653,HWC,1,2,0,0
4519,1.504234,1.662460,MGC,2,1,0,0
4399,1.501034,1.652309,MGC,1,2,0,0
3156,1.352269,1.342605,HWC,2,1,0,0
1614,1.259411,1.793876,MGC,1,2,0,0
2054,1.633089,2.326699,MGC,2,2,0,0
1869,1.281417,1.786511,MGC,3,2,0,0
1359,1.459944,1.771003,MGC,1,1,0,0
183,1.576510,1.606308,MGC,2,1,0,0
6649,1.362753,2.136953,MGC,1,3,0,0
1205,1.255881,1.433794,MGC,1,2,0,0
1839,1.419589,1.715696,MGC,1,1,0,0
418,1.440834,1.419688,HWC,2,1,0,0
2243,1.227245,1.475380,MGC,2,2,0,0
3254,1.645547,1.849326,MGC,1,2,0,0
5622,1.380385,1.647598,MGC,3,2,0,0
6027,1.592083,1.356237,HWC,2,1,0,0
4396,1.188739,1.497777,MGC,1,3,0,0
5313,1.142504,1.317678,MGC,1,1,0,0
1628,1.656736,1.900808,MGC,2,1,0,0
293,1.328785,1.730237,MGC,2,3,0,0
4444,1.270989,1.481675,MGC,1,1,0,0
1670,1.524277,1.441559,HWC,1,1,0,0
3058,1.257309,0.978350,HWC,1,1,0,0
3683,1.206975,1.466894,MGC,2,1,0,0
377,1.280882,1.364394,MGC,1,1,0,0
1659,1.485220,1.978495,MGC,2,1,0,0
1351,1.731230,1.710346,HWC,2,1,0,0
6601,1.259316,1.760048,MGC,1,1,0,0
4537,1.528746,1.345146,HWC,1,1,0,0
2905,1.180601,1.251837,MGC,1,1,0,0
5737,1.877352,1.754494,HWC,1,1,0,0
4896,1.210932,1.165029,HWC,1,1,0,0
383,1.448079,1.955066,MGC,1,1,0,0
5179,1.275460,1.334906,MGC,1,1,0,0
1303,1.492963,1.821748,MGC,3,2,0,0
6254,1.715605,1.809755,MGC,1,1,0,0
4596,1.546152,2.788596,MGC,1,1,0,0
5113,1.212458,1.424658,MGC,1,2,0,0
2350,1.423802,1.667175,MGC,1,4,0,0
1879,1.500385,1.811570,MGC,1,2,0,0
2491,1.670224,1.817578,MGC,1,1,0,0
2131,1.651225,1.837194,MGC,2,2,0,0
2237,1.587877,1.760199,MGC,1,2,0,0
3147,1.463425,2.308260,MGC,1,2,0,0
2963,1.205438,1.228379,MGC,1,1,0,0
4426,1.262151,1.810458,MGC,2,2,0,0
2710,1.246314,1.586100,MGC,1,1,0,0
6967,1.555814,2.962679,MGC,4,1,0,0
2635,1.541746,1.715310,MGC,1,1,0,0
5205,1.229939,1.631598,MGC,2,3,0,0
4310,1.842928,1.646184,HWC,1,2,0,0
2688,1.631208,1.640206,MGC,1,1,0,0
6250,1.408912,1.948010,MGC,3,2,0,0
786,1.662799,1.715424,MGC,1,1,0,0
3158,1.333122,1.504659,MGC,1,4,0,0
5893,1.308027,1.532026,MGC,1,1,0,0
2302,1.712271,1.105061,HWC,1,1,0,0
5429,1.341200,1.073073,HWC,1,1,0,0
1167,1.272121,1.800629,MGC,2,1,0,0
2429,1.385256,1.720587,MGC,2,1,0,0
2675,1.448061,1.367363,HWC,1,1,0,0
3545,1.403301,2.071697,MGC,1,1,0,0
371,1.182020,1.539616,MGC,1,1,0,0
856,1.338459,1.972643,MGC,1,1,0,0
4152,1.268246,1.173158,HWC,2,1,0,0
410,1.211154,1.727571,MGC,1,2,0,0
621,1.449443,1.520536,MGC,2,3,0,0
1955,1.784327,2.331069,MGC,1,1,0,0
1990,1.289458,1.674726,MGC,2,2,0,0
2742,1.156719,1.593794,MGC,1,2,0,0
5924,1.570718,1.646815,MGC,1,2,0,0
5459,1.222906,1.684634,MGC,8,4,0,0
5347,1.408249,2.091940,MGC,1,1,0,0
2828,1.653363,1.964071,MGC,2,1,0,0
2735,1.200577,1.679054,MGC,5,2,0,0
6335,1.598714,1.800798,MGC,1,2,0,0
1133,1.527851,1.853251,MGC,1,1,0,0
184,1.431639,1.599365,MGC,1,1,0,0
2695,1.312825,1.915767,MGC,4,2,0,0
6884,1.477269,1.612644,MGC,3,2,0,0
686,1.335852,2.056183,MGC,1,1,0,0
6260,1.106196,2.030706,MGC,1,1,0,0
516,1.414578,1.530911,MGC,1,1,0,0
2495,1.731259,2.221050,MGC,1,1,0,0
3166,1.419363,1.806340,MGC,1,1,0,0
508,1.350911,1.866679,MGC,1,1,0,0
6723,1.962426,1.542001,HWC,1,1,0,0
3191,1.297468,1.759701,MGC,2,1,0,0
1266,1.286045,1.864656,MGC,8,2,0,0
5559,1.481033,1.647070,MGC,1,2,0,0
5835,1.301393,1.445872,MGC,8,2,0,0
3762,1.275011,1.463633,MGC,1,1,0,0
2884,1.456190,1.785847,MGC,2,2,0,0
5531,1.369260,1.550906,MGC,2,4,0,0
5911,1.205939,1.720364,MGC,3,2,0,0
720,1.323661,1.687823,MGC,1,1,0,0
5413,1.359789,1.863397,MGC,2,1,0,0
5532,1.529905,1.921148,MGC,1,2,0,0
4610,1.221287,1.457750,MGC,1,2,0,0
5009,1.244036,1.819588,MGC,2,2,0,0
2423,1.681843,1.491743,HWC,1,2,0,0
4008,1.398903,1.270253,HWC,1,1,0,0
1947,1.454031,1.570771,MGC,2,1,0,0
4301,1.169447,1.606394,MGC,1,2,0,0
1727,2.844134,3.043837,MGC,1,1,0,0
3306,1.587634,1.597710,MGC,2,1,0,0
4916,1.249238,1.816317,MGC,3,2,0,0
2311,1.274603,0.977436,HWC,2,1,0,0
2948,1.458459,1.460092,MGC,3,1,0,0
1289,1.469574,1.581071,MGC,4,1,0,0
3456,1.053777,1.397398,MGC,1,2,0,0
5604,1.421354,1.643673,MGC,1,1,0,0
6204,1.268732,1.417856,MGC,1,3,0,0
4905,1.155475,1.449662,MGC,2,2,0,0
546,1.239148,1.705790,MGC,3,6,0,0
2776,1.184415,1.587541,MGC,1,3,0,0
6672,1.285019,1.725888,MGC,1,2,0,0
2657,1.471508,1.759648,MGC,3,2,0,0
2357,1.493139,1.922364,MGC,1,1,0,0
5134,1.213001,1.454059,MGC,1,1,0,0
477,1.466516,1.737947,MGC,1,1,0,0
1660,1.118792,1.899569,MGC,1,1,0,0
6553,1.248267,1.451824,MGC,2,1,0,0
2874,1.549728,2.258073,MGC,1,3,0,0
6930,1.181833,1.610330,MGC,4,2,0,0
2345,1.334375,1.421791,MGC,1,2,0,0
3996,1.408410,1.369294,HWC,1,1,0,0
3928,1.386740,2.359647,MGC,2,1,0,0
422,1.345436,2.230637,MGC,1,1,0,0
898,1.378217,1.597352,MGC,2,2,0,0
6680,1.426806,1.543133,MGC,1,1,0,0
2670,1.266483,1.538612,MGC,3,1,0,0
3128,1.315758,1.633296,MGC,1,2,0,0
941,1.491245,1.213795,HWC,1,1,0,0
3154,1.320246,1.578762,MGC,1,1,0,0
2593,1.324043,1.687478,MGC,1,2,0,0
1018,1.674610,1.884214,MGC,1,1,0,0
1717,1.200609,1.476476,MGC,1,2,0,0
5127,1.301312,1.497883,MGC,5,3,0,0
6200,1.554872,1.460453,HWC,1,1,0,0
2865,1.112103,1.755491,MGC,1,2,0,0
4154,1.223931,1.689670,MGC,1,1,0,0
4126,1.136426,1.684011,MGC,1,4,0,0
4072,1.261624,1.738402,MGC,2,1,0,0
1305,1.498388,1.568766,MGC,1,4,0,0
18,1.282556,1.764276,MGC,1,2,0,0
4320,1.825754,1.700063,HWC,1,2,0,0
700,1.266002,2.207368,MGC,1,2,0,0
6272,1.394953,1.355572,HWC,1,1,0,0
4942,1.369193,1.514266,MGC,1,1,0,0
6982,1.137888,1.601036,MGC,1,2,0,0
281,1.218915,1.833671,MGC,2,2,0,0
4674,1.227525,1.339527,MGC,1,1,0,0
619,1.292506,1.671281,MGC,2,1,0,0
5039,1.316464,1.643347,MGC,1,1,0,0
3253,1.428567,1.667845,MGC,1,2,0,0
5324,1.267960,1.613726,MGC,1,3,0,0
157,1.311464,1.642383,MGC,1,1,0,0
5434,1.506925,1.637867,MGC,1,1,0,0
1494,1.494770,1.818451,MGC,3,4,0,0
5685,1.447473,1.842161,MGC,1,1,0,0
2534,1.231761,1.416120,MGC,1,1,0,0
2312,1.315716,1.057049,HWC,2,1,0,0
1744,1.362126,2.407184,MGC,1,1,0,0
4931,1.453547,1.883468,MGC,2,2,0,0
4650,1.529058,2.133843,MGC,1,1,0,0
754,1.180819,1.620766,MGC,1,1,0,0
5439,1.385549,1.646177,MGC,2,3,0,0
4241,1.490267,1.464229,HWC,1,3,0,0
3796,1.287666,1.642252,MGC,1,2,0,0
6705,1.430631,2.051451,MGC,1,4,0,0
861,1.217724,1.298818,MGC,1,1,0,0
6738,1.184874,1.747905,MGC,1,2,0,0
429,1.560767,1.690084,MGC,3,2,0,0
6348,1.146359,1.581895,MGC,2,2,0,0
6590,1.254907,1.508388,MGC,4,1,0,0
1796,1.419585,2.072218,MGC,4,2,0,0
584,1.356744,1.713216,MGC,1,2,0,0
6671,1.408372,1.510846,MGC,1,2,0,0
152,1.193221,1.852303,MGC,1,1,0,0
4100,1.351860,1.617087,MGC,3,2,0,0
201,1.706061,2.985878,MGC,1,2,0,0
2908,1.261602,1.599809,MGC,1,3,0,0
5460,1.313433,1.229745,HWC,6,1,0,0
131,1.405082,1.544989,MGC,2,2,0,0
3924,2.160879,2.442888,MGC,1,1,0,0
4283,1.323426,1.919163,MGC,1,2,0,0
2901,1.262342,1.356408,MGC,2,2,0,0
3538,1.661926,1.579816,HWC,2,2,0,0
2380,1.369589,1.510935,MGC,1,1,0,0
6282,1.679161,1.860854,MGC,1,3,0,0
3037,1.652805,1.875896,MGC,2,3,0,0
4,1.337860,1.217725,HWC,1,1,0,0
5333,1.229361,1.349256,MGC,1,1,0,0
6939,1.421839,1.624232,MGC,1,4,0,0
2625,1.254513,1.481640,MGC,1,2,0,0
1262,1.138420,1.279285,MGC,1,1,0,0
6019,1.236302,1.538093,MGC,1,1,0,0
3653,1.332615,1.538722,MGC,2,2,0,0
1496,1.396483,1.970019,MGC,2,1,0,0
5213,1.380120,1.709369,MGC,2,1,0,0
806,1.256946,1.623784,MGC,1,1,0,0
2286,1.349740,1.605739,MGC,1,3,0,0
5003,1.320139,1.436687,MGC,1,2,0,0
4945,1.501846,1.604387,MGC,2,1,0,0
2128,1.333417,1.602713,MGC,2,1,0,0
289,1.780258,1.712851,HWC,1,2,0,0
1909,1.206745,1.708601,MGC,1,1,0,0
4718,1.672098,1.424408,HWC,1,1,0,0
5453,1.340102,1.754254,MGC,4,2,0,0
2739,1.326250,1.759628,MGC,2,3,0,0
3830,1.639799,1.809293,MGC,1,1,0,0
5095,1.260319,1.366582,MGC,2,1,0,0
5522,1.491235,1.649227,MGC,1,1,0,0
229,1.646633,1.711898,MGC,1,1,0,0
6612,1.511611,1.508277,HWC,1,1,0,0
6868,1.467687,1.845731,MGC,1,2,0,0
6907,1.370380,1.675338,MGC,2,1,0,0
2702,1.319378,1.492126,MGC,2,2,0,0
375,1.421654,1.528306,MGC,3,1,0,0
106,1.372455,1.364735,HWC,2,2,0,0
1469,1.318371,1.720287,MGC,1,1,0,0
797,1.477161,1.176382,HWC,1,1,0,0
6987,1.149029,1.900929,MGC,1,2,0,0
6510,1.437406,1.616193,MGC,2,3,0,0
3416,1.204172,1.893243,MGC,1,2,0,0
1358,1.540629,1.651900,MGC,2,3,0,0
6870,1.142862,1.469004,MGC,1,2,0,0
4045,1.289597,1.680574,MGC,1,3,0,0
5131,1.364332,2.380026,MGC,1,1,0,0
2522,1.227535,2.602197,MGC,1,1,0,0
4527,1.332918,1.728259,MGC,2,1,0,0
6773,1.563697,1.733288,MGC,1,1,0,0
3741,1.333023,1.587734,MGC,1,2,0,0
5224,1.383503,1.459536,MGC,1,4,0,0
4958,1.403806,1.831227,MGC,1,1,0,0
3962,1.248399,1.699590,MGC,1,1,0,0
2108,1.412721,1.511457,MGC,1,1,0,0
5534,1.291204,1.351370,MGC,1,1,0,0
6647,1.424750,1.793798,MGC,3,1,0,0
472,1.503588,1.714240,MGC,1,1,0,0
3258,1.770397,1.833352,MGC,1,2,0,0
3009,1.482238,2.409126,MGC,1,1,0,0
2305,1.419516,1.321279,HWC,5,2,0,0
706,1.513839,2.153271,MGC,2,1,0,0
6298,1.226858,1.294483,MGC,1,1,0,0
5770,1.851474,2.244377,MGC,1,1,0,0
3321,1.642019,1.909542,MGC,1,3,0,0
1463,1.404308,1.873689,MGC,2,2,0,0
6317,1.214968,1.721449,MGC,1,1,0,0
1751,1.513824,2.685205,MGC,1,1,0,0
1075,1.141882,1.001918,HWC,1,1,0,0
5758,1.413204,1.906191,MGC,1,2,0,0
2499,1.623586,2.097699,MGC,1,2,0,0
6674,1.560138,1.811511,MGC,1,2,0,0
2661,1.272362,1.295593,MGC,1,1,0,0
4370,1.292695,1.776298,MGC,2,2,0,0
1260,1.307669,1.911075,MGC,1,1,0,0
4914,1.389138,1.696877,MGC,1,2,0,0
4509,1.463115,1.495362,MGC,2,2,0,0
2069,1.736181,2.027302,MGC,1,1,0,0
1903,1.211997,1.321646,MGC,1,1,0,0
4749,1.338296,1.766786,MGC,1,2,0,0
6519,1.405642,1.489573,MGC,1,1,0,0
122,1.307019,1.544838,MGC,2,3,0,0
1174,1.509344,1.529335,MGC,1,3,0,0
3145,1.100598,1.662162,MGC,1,1,0,0
5297,1.718817,2.058872,MGC,1,1,0,0
3758,1.344649,1.665300,MGC,3,2,0,0
4667,1.102472,1.566950,MGC,1,1,0,0
2112,1.482665,1.738421,MGC,1,2,0,0
4167,1.192872,1.515662,MGC,1,1,0,0
4255,1.435579,1.900984,MGC,4,1,0,0
1308,1.223997,1.618152,MGC,1,1,0,0
2306,1.509835,1.889688,MGC,1,1,0,0
4325,1.413956,1.441714,MGC,1,1,0,0
5652,1.455532,1.669507,MGC,1,2,0,0
1483,1.470271,1.605401,MGC,1,1,0,0
3826,1.316786,1.665314,MGC,2,2,0,0
1197,1.309010,1.642091,MGC,2,2,0,0
6912,1.758276,1.724419,HWC,1,1,0,0
5351,1.530436,1.977494,MGC,1,1,0,0
4808,1.583557,1.830186,MGC,1,3,0,0
6163,1.270984,1.577144,MGC,1,1,0,0
1002,1.339990,1.621043,MGC,1,1,0,0
1965,1.074155,1.582983,MGC,3,2,0,0
4882,1.513755,1.806885,MGC,2,1,0,0
2693,1.269657,1.429306,MGC,1,2,0,0
6902,1.560904,1.652193,MGC,1,1,0,0
4033,1.035631,1.634580,MGC,1,1,0,0
2849,1.390430,1.834112,MGC,1,1,0,0
3937,1.377568,1.563690,MGC,6,2,0,0
1225,1.567000,1.672169,MGC,2,4,0,0
1384,1.203754,1.634016,MGC,1,1,0,0
3362,1.394461,1.902556,MGC,2,3,0,0
3251,1.593090,1.519945,HWC,3,2,0,0
1278,1.196253,1.272030,MGC,1,1,0,0
6379,1.246565,1.601550,MGC,2,4,0,0
1035,1.998297,1.855090,HWC,1,1,0,0
953,1.135004,1.644036,MGC,1,1,0,0
3020,1.320267,1.659594,MGC,1,1,0,0
5157,1.317862,1.642981,MGC,4,1,0,0
639,1.172280,1.960410,MGC,1,2,0,0
27,1.468683,1.725954,MGC,2,1,0,0
3701,1.338930,1.599693,MGC,1,5,0,0
3279,1.648609,1.749215,MGC,1,2,0,0
1239,1.238081,1.550782,MGC,2,1,0,0
5450,1.244411,1.527724,MGC,10,3,0,0
1714,1.552587,1.845841,MGC,2,1,0,0
651,1.272966,1.765602,MGC,4,1,0,0
6071,1.508598,1.537529,MGC,3,1,0,0
3984,1.424585,1.615691,MGC,1,2,0,0
379,1.969432,2.239345,MGC,1,2,0,0
3192,1.438947,1.433152,HWC,2,1,0,0
780,1.473094,1.725616,MGC,1,1,0,0
1940,1.415538,1.953332,MGC,2,1,0,0
1331,1.353566,1.428420,MGC,2,1,0,0
5698,1.530889,1.639141,MGC,1,1,0,0
6788,1.206332,1.358076,MGC,8,2,0,0
799,1.493783,1.812376,MGC,1,2,0,0
5325,1.309167,1.628942,MGC,2,2,0,0
1824,1.745089,1.107677,HWC,1,1,0,0
913,1.626269,1.976398,MGC,1,1,0,0
3228,1.331798,1.716056,MGC,1,2,0,0
606,1.481671,1.503317,MGC,2,3,0,0
6813,1.361965,1.617672,MGC,3,2,0,0
5379,1.347165,1.630040,MGC,1,1,0,0
6244,1.435268,1.741613,MGC,1,3,0,0
2280,1.335490,1.858899,MGC,1,1,0,0
2096,1.399872,2.651617,MGC,1,1,0,0
1686,1.169233,1.457819,MGC,1,2,0,0
2666,1.400497,1.968734,MGC,1,1,0,0
2092,1.070950,1.669091,MGC,1,2,0,0
2701,1.292832,2.261813,MGC,1,1,0,0
4510,1.409625,1.503032,MGC,2,3,0,0
3219,1.301233,2.026505,MGC,1,2,0,0
2856,1.173989,1.475231,MGC,1,1,0,0
4733,1.186190,1.713202,MGC,1,2,0,0
3226,1.822652,2.050340,MGC,1,2,0,0
6387,1.428937,1.686318,MGC,1,1,0,0
582,1.376970,2.280743,MGC,1,1,0,0
3460,1.246140,1.476462,MGC,2,1,0,0
1419,1.443791,2.405082,MGC,1,1,0,0
6389,1.210173,1.486836,MGC,3,1,0,0
6397,1.422359,2.325854,MGC,3,2,0,0
6101,1.159627,1.805059,MGC,1,1,0,0
2751,1.507502,1.569410,MGC,2,3,0,0
6609,1.325986,1.847030,MGC,1,2,0,0
3309,1.552935,1.810399,MGC,1,1,0,0
6605,1.404237,1.806958,MGC,1,2,0,0
481,1.146126,1.908315,MGC,1,2,0,0
1607,1.502266,1.676447,MGC,2,2,0,0
2316,1.180929,1.551578,MGC,4,2,0,0
4618,1.595409,1.830892,MGC,1,2,0,0
5779,1.422810,1.643769,MGC,9,2,0,0
3806,1.232816,1.584329,MGC,1,1,0,0
2298,1.395740,1.103774,HWC,1,1,0,0
3514,1.571104,1.702262,MGC,2,1,0,0
3214,1.513967,1.351962,HWC,2,1,0,0
2873,1.296925,1.562628,MGC,1,1,0,0
4377,1.454350,1.809377,MGC,1,2,0,0
3193,1.803343,2.771672,MGC,1,1,0,0
5431,1.302943,1.323478,MGC,1,1,0,0
1741,1.396799,1.441730,MGC,1,1,0,0
6266,1.631516,2.009680,MGC,1,2,0,0
2798,1.542071,1.627633,MGC,1,3,0,0
2544,1.285195,1.610728,MGC,1,2,0,0
2150,1.237521,1.780246,MGC,5,2,0,0
6214,1.418100,1.684251,MGC,2,2,0,0
3208,1.240805,2.109536,MGC,1,2,0,0
5304,1.398419,1.811472,MGC,1,3,0,0
3036,1.430623,2.386898,MGC,2,2,0,0
1531,1.384016,1.380927,HWC,1,1,0,0
807,1.452711,1.638807,MGC,1,1,0,0
1307,1.434269,1.582874,MGC,1,2,0,0
1082,1.855845,1.528024,HWC,1,1,0,0
4584,1.475071,1.844796,MGC,1,1,0,0
51,1.770565,2.077942,MGC,1,1,0,0
1232,1.919180,2.070886,MGC,1,1,0,0
5724,1.303013,1.484932,MGC,3,4,0,0
1728,1.352236,1.493370,MGC,1,1,0,0
3180,1.530532,1.390110,HWC,1,1,0,0
54,1.388408,1.502358,MGC,3,3,0,0
4316,1.573296,2.115188,MGC,1,1,0,0
1320,1.437215,1.482016,MGC,1,2,0,0
5715,1.550126,1.994452,MGC,1,2,0,0
1915,1.299872,2.007327,MGC,1,2,0,0
2110,1.473158,1.418044,HWC,1,2,0,0
708,1.417570,2.077700,MGC,1,2,0,0
235,1.315234,1.691531,MGC,1,2,0,0
1832,1.289411,1.436964,MGC,1,1,0,0
5036,1.500099,1.922352,MGC,3,1,0,0
4885,1.483818,1.778329,MGC,2,2,0,0
1324,1.356738,1.814325,MGC,1,3,0,0
3603,1.321467,1.565074,MGC,1,2,0,0
6598,1.343022,1.791342,MGC,1,2,0,0
5688,1.537446,1.451180,HWC,1,2,0,0
1747,1.285902,1.551403,MGC,1,2,0,0
791,1.392662,1.653983,MGC,1,2,0,0
6135,1.139038,1.921129,MGC,1,2,0,0
2725,1.324908,1.832338,MGC,1,2,0,0
1206,1.583450,1.762425,MGC,1,1,0,0
1060,1.189795,1.909163,MGC,1,1,0,0
223,1.615512,1.761938,MGC,1,1,0,0
5,1.256218,1.463276,MGC,1,2,0,0
3027,1.373723,1.738550,MGC,1,2,0,0
2824,1.462543,1.975483,MGC,1,1,0,0
1148,1.369604,1.979055,MGC,1,2,0,0
3679,1.398064,1.854446,MGC,1,1,0,0
5371,1.363898,1.601490,MGC,2,2,0,0
6662,1.147649,1.815222,MGC,1,2,0,0
2157,1.549486,2.039218,MGC,1,1,0,0
2391,1.316441,2.075523,MGC,3,1,0,0
2574,1.775955,2.310093,MGC,1,1,0,0
1407,1.401440,1.963500,MGC,1,2,0,0
6610,1.389957,1.634837,MGC,1,4,0,0
2087,1.194977,1.220910,MGC,1,1,0,0
3678,1.404010,1.619870,MGC,1,2,0,0
5382,1.628605,1.959308,MGC,1,1,0,0
6475,1.117755,1.639993,MGC,1,2,0,0
76,1.440031,1.906405,MGC,1,3,0,0
2422,1.389682,1.886996,MGC,1,2,0,0
2571,1.492137,1.674412,MGC,3,2,0,0
3425,1.335670,1.890678,MGC,2,2,0,0
1119,1.097300,1.620176,MGC,1,1,0,0
6648,1.573361,1.584633,MGC,1,1,0,0
4289,1.227847,1.199810,HWC,1,1,0,0
4600,1.324513,1.931306,MGC,2,3,0,0
1877,1.766756,1.806037,MGC,2,1,0,0
6838,1.325879,1.660217,MGC,3,1,0,0
1049,1.314894,1.051131,HWC,2,1,0,0
3502,1.302868,1.987725,MGC,1,1,0,0
4359,1.456694,2.068103,MGC,1,2,0,0
2514,1.297483,1.783234,MGC,2,2,0,0
1466,1.483087,1.601737,MGC,3,3,0,0
15,1.179526,1.209919,MGC,1,1,0,0
4587,1.413468,1.151502,HWC,1,1,0,0
5659,1.510049,1.810295,MGC,2,4,0,0
5468,1.429754,1.853272,MGC,3,1,0,0
5934,1.338140,1.865696,MGC,2,2,0,0
1297,1.488602,1.612290,MGC,1,2,0,0
4616,1.209723,1.510394,MGC,1,1,0,0
3534,1.336870,1.533965,MGC,6,1,0,0
6801,1.369593,1.563819,MGC,1,2,0,0
955,1.914288,1.948477,MGC,1,1,0,0
399,1.380569,1.720863,MGC,1,1,0,0
6823,1.725607,1.540391,HWC,1,1,0,0
5802,1.526681,1.580176,MGC,1,1,0,0
1565,1.218536,1.478304,MGC,1,1,0,0
2747,1.636319,1.995437,MGC,1,3,0,0
5100,1.265691,1.510309,MGC,1,2,0,0
6128,1.305875,1.730552,MGC,1,1,0,0
5581,1.246018,2.485147,MGC,1,3,0,0
5344,1.496237,1.742560,MGC,3,4,0,0
366,1.436732,1.906345,MGC,1,1,0,0
3246,1.516459,1.788449,MGC,1,3,0,0
1711,1.359538,1.789295,MGC,3,1,0,0
2384,1.566547,2.088706,MGC,2,1,0,0
4736,1.177722,1.732210,MGC,3,2,0,0
373,1.262640,2.056217,MGC,3,2,0,0
1015,1.385612,1.626810,MGC,1,2,0,0
430,1.478837,1.696723,MGC,1,1,0,0
643,1.092152,1.722960,MGC,1,1,0,0
2727,1.242693,2.214546,MGC,1,1,0,0
6706,1.197082,1.675103,MGC,1,2,0,0
5841,1.427360,1.482394,MGC,2,2,0,0
2576,1.147170,1.429152,MGC,1,1,0,0
5164,1.799343,2.100209,MGC,1,1,0,0
6452,1.365580,1.638414,MGC,1,1,0,0
4707,1.756521,1.568897,HWC,1,1,0,0
1755,1.195156,1.642772,MGC,1,1,0,0
5693,1.508012,1.462021,HWC,2,2,0,0
2432,1.217164,1.811902,MGC,2,1,0,0
4380,1.252546,1.233350,HWC,2,1,0,0
1004,1.299539,1.550695,MGC,1,1,0,0
1523,1.139294,1.328222,MGC,1,1,0,0
1961,2.203780,1.643287,HWC,1,2,0,0
6898,1.941077,1.760745,HWC,1,1,0,0
21,1.411616,1.164314,HWC,1,1,0,0
4369,1.140426,1.786129,MGC,1,1,0,0
3724,1.366307,1.624315,MGC,4,2,0,0
4686,1.351377,1.820376,MGC,1,2,0,0
1242,1.879644,1.572334,HWC,1,1,0,0
4078,1.395564,1.702301,MGC,1,1,0,0
3412,1.488550,1.656575,MGC,2,1,0,0
55,2.033807,1.868967,HWC,2,1,0,0
493,1.212030,1.359703,MGC,4,1,0,0
5739,1.340609,1.233407,HWC,1,1,0,0
4016,1.607792,1.688541,MGC,1,2,0,0
1609,1.336854,1.489876,MGC,1,1,0,0
3838,1.676654,2.422513,MGC,1,1,0,0
5461,1.169699,1.674741,MGC,1,1,0,0
1511,1.192491,1.775747,MGC,2,1,0,0
2995,1.206424,1.575142,MGC,1,1,0,0
3588,1.401747,1.705583,MGC,3,1,0,0
5374,1.444600,1.682485,MGC,1,2,0,0
4357,1.347705,1.802296,MGC,2,2,0,0
1591,1.277829,1.456763,MGC,1,1,0,0
6015,1.446877,2.368115,MGC,1,1,0,0
835,1.143126,1.730460,MGC,1,1,0,0
6885,1.263850,1.563899,MGC,1,2,0,0
544,1.328746,1.500933,MGC,1,4,0,0
4102,1.766498,1.695956,HWC,2,2,0,0
1261,1.466150,2.013981,MGC,1,1,0,0
6326,1.291676,1.577848,MGC,1,1,0,0
3549,1.810457,2.221164,MGC,1,1,0,0
5680,1.257168,1.836483,MGC,1,1,0,0
987,1.313053,1.377440,MGC,2,1,0,0
1121,1.321355,1.577665,MGC,1,2,0,0
5311,1.224176,1.763225,MGC,1,3,0,0
6660,1.729174,2.143004,MGC,1,1,0,0
3941,1.173428,2.135546,MGC,1,1,0,0
193,1.303328,1.558185,MGC,1,2,0,0
4855,1.549890,1.725984,MGC,1,1,0,0
5225,1.397619,2.082049,MGC,1,2,0,0
527,1.286838,2.059472,MGC,1,2,0,0
6143,1.251286,2.223219,MGC,2,3,0,0
2448,1.227613,1.641368,MGC,1,3,0,0
542,1.516493,1.582315,MGC,2,1,0,0
1402,1.401875,1.436483,MGC,5,2,0,0
1056,1.060965,1.088134,MGC,1,1,0,0
4545,1.155588,1.714199,MGC,10,2,0,0
69,1.359618,1.716804,MGC,1,1,0,0
5357,1.081021,1.116647,MGC,1,1,0,0
4923,1.630813,1.667154,MGC,2,3,0,0
6792,1.575504,1.708493,MGC,1,1,0,0
1499,1.251703,1.559144,MGC,1,3,0,0
3372,1.143599,1.750463,MGC,1,1,0,0
1653,1.456081,1.987379,MGC,1,1,0,0
4069,1.560034,1.839191,MGC,1,1,0,0
3241,1.636000,2.212916,MGC,1,1,0,0
6786,1.344554,1.206038,HWC,1,1,0,0
2426,1.286408,1.616468,MGC,3,2,0,0
458,1.597896,1.659534,MGC,1,3,0,0
292,1.219798,2.084303,MGC,1,3,0,0
4951,1.505522,1.953230,MGC,2,3,0,0
1813,1.416772,2.271108,MGC,1,2,0,0
2057,1.273713,1.595255,MGC,5,2,0,0
5287,1.660796,1.441469,HWC,1,2,0,0
447,1.275784,1.435863,MGC,2,1,0,0
5472,1.280866,1.594516,MGC,2,2,0,0
4046,1.439242,1.958664,MGC,1,2,0,0
4197,1.284591,1.467885,MGC,1,2,0,0
6789,1.505006,1.694342,MGC,3,2,0,0
3448,1.169522,2.208761,MGC,1,1,0,0
3918,1.623908,1.564231,HWC,1,1,0,0
146,1.324104,1.385697,MGC,1,1,0,0
4793,1.189107,1.596393,MGC,3,1,0,0
237,1.435043,2.042807,MGC,1,3,0,0
154,1.310750,1.652301,MGC,1,2,0,0
4825,1.228030,1.633206,MGC,1,1,0,0
6992,1.315310,1.749531,MGC,1,2,0,0
5260,1.408876,1.351890,HWC,3,1,0,0
6562,1.185969,1.957015,MGC,1,1,0,0
5769,1.526250,1.504523,HWC,1,1,0,0
1265,1.448051,1.742207,MGC,4,1,0,0
88,1.225164,1.498733,MGC,1,2,0,0
1673,1.265119,1.698209,MGC,1,1,0,0
6500,1.386392,1.859771,MGC,1,2,0,0
1404,1.275420,1.701887,MGC,1,1,0,0
3714,1.664165,1.812489,MGC,2,3,0,0
2062,1.277912,1.652813,MGC,1,2,0,0
4746,1.302455,1.571015,MGC,1,3,0,0
215,1.244469,2.125322,MGC,1,1,0,0
5931,1.403833,1.483155,MGC,1,1,0,0
5772,1.187694,1.348732,MGC,1,1,0,0
5323,1.515245,1.632170,MGC,1,3,0,0
4815,1.452871,1.527371,MGC,1,1,0,0
4486,1.308781,1.848490,MGC,2,2,0,0
2374,1.618038,1.587518,HWC,1,1,0,0
6736,1.383573,2.252767,MGC,1,2,0,0
1019,1.420375,1.294664,HWC,1,1,0,0
2405,1.259805,1.829304,MGC,4,2,0,0
5985,1.396457,1.625766,MGC,9,1,0,0
4578,1.411847,1.685998,MGC,1,2,0,0
5791,1.404694,1.928979,MGC,1,1,0,0
550,1.016781,1.334901,MGC,1,1,0,0
1028,1.457204,1.877351,MGC,1,2,0,0
141,1.279090,1.801706,MGC,1,3,0,0
6246,1.206529,1.724170,MGC,3,1,0,0
3754,1.589880,1.762688,MGC,1,1,0,0
3840,1.354626,2.117678,MGC,1,1,0,0
254,1.397656,1.715394,MGC,1,1,0,0
1530,3.218741,2.063054,HWC,1,2,0,0
4843,1.426104,1.720846,MGC,2,2,0,0
2759,1.496818,1.827429,MGC,1,1,0,0
6572,1.332663,2.110807,MGC,3,1,0,0
208,1.297282,1.597224,MGC,2,1,0,0
4549,1.282641,1.721048,MGC,1,1,0,0
937,1.392715,1.872628,MGC,1,1,0,0
6643,1.400417,1.447325,MGC,2,1,0,0
4909,1.611180,1.669672,MGC,1,1,0,0
6310,1.403129,1.760545,MGC,2,1,0,0
4077,1.253200,1.711817,MGC,3,1,0,0
2304,1.483706,2.288263,MGC,1,1,0,0
3971,1.258970,1.484113,MGC,2,2,0,0
615,1.198947,1.134493,HWC,4,1,0,0
829,1.346259,1.167405,HWC,1,1,0,0
5949,1.742397,1.964210,MGC,2,1,0,0
5479,1.259708,1.713478,MGC,1,4,0,0
2194,1.733939,1.126857,HWC,1,1,0,0
6147,1.530336,1.834929,MGC,2,2,0,0
59,1.371728,1.648345,MGC,1,2,0,0
5328,1.529252,1.846475,MGC,3,2,0,0
2916,1.337176,1.871695,MGC,4,3,0,0
110,1.405441,1.783141,MGC,1,1,0,0
4292,1.184192,1.490158,MGC,1,1,0,0
2782,1.531141,1.505828,HWC,2,3,0,0
2748,1.485825,1.629666,MGC,1,2,0,0
1764,1.148289,1.493531,MGC,1,1,0,0
323,1.171888,1.606601,MGC,4,2,0,0
5850,1.307663,1.432999,MGC,1,2,0,0
3485,1.488510,1.996840,MGC,2,2,0,0
3450,1.442677,1.866410,MGC,2,3,0,0
4437,1.394983,1.668256,MGC,1,1,0,0
4298,1.374237,1.447500,MGC,1,3,0,0
5362,1.344278,1.209521,HWC,1,1,0,0
3600,1.549113,1.641365,MGC,1,2,0,0
3715,1.462722,1.858255,MGC,1,1,0,0
6583,1.359625,1.325313,HWC,3,1,0,0
6340,1.466721,1.002236,HWC,2,1,0,0
1735,1.340424,1.505462,MGC,1,1,0,0
6576,1.578548,1.838004,MGC,2,3,0,0
4861,1.336601,1.439760,MGC,1,1,0,0
2584,1.075377,1.464004,MGC,1,1,0,0
699,1.438220,1.557109,MGC,1,1,0,0
4666,1.496797,1.521352,MGC,1,1,0,0
4991,1.376019,1.440635,MGC,1,1,0,0
1053,1.357908,1.662228,MGC,1,1,0,0
1273,1.415287,1.833573,MGC,3,3,0,0
228,1.695550,1.726952,MGC,1,3,0,0
5395,1.393124,1.815713,MGC,2,2,0,0
3405,1.570135,1.988648,MGC,1,2,0,0
6695,1.225668,1.316224,MGC,1,1,0,0
1774,1.393269,1.639029,MGC,1,1,0,0
6375,1.503894,1.966050,MGC,2,2,0,0
4462,1.299839,1.928241,MGC,4,2,0,0
4480,1.282618,1.443620,MGC,3,1,0,0
1127,1.484387,1.594256,MGC,2,3,0,0
4150,1.232055,1.433156,MGC,3,1,0,0
6148,1.449145,2.104370,MGC,1,2,0,0
5492,1.541119,1.466378,HWC,1,1,0,0
2558,1.421023,1.611250,MGC,2,1,0,0
2004,1.340610,1.573275,MGC,5,2,0,0
4121,1.519736,1.640642,MGC,1,1,0,0
1046,1.273728,1.810412,MGC,1,3,0,0
6595,1.347589,1.378823,MGC,1,1,0,0
3124,1.325868,1.807315,MGC,1,2,0,0
3648,1.449421,1.909377,MGC,1,1,0,0
2786,1.210350,1.551626,MGC,1,1,0,0
982,1.268121,1.822280,MGC,1,1,0,0
6887,1.186708,1.552838,MGC,1,2,0,0
1326,1.613656,1.935266,MGC,3,1,0,0
4341,1.441683,1.612760,MGC,1,1,0,0
2326,1.800442,2.140649,MGC,2,2,0,0
5005,1.411625,1.441399,MGC,1,1,0,0
931,1.206055,1.662160,MGC,1,1,0,0
1301,1.367187,1.896310,MGC,2,1,0,0
6636,1.399872,1.686411,MGC,1,2,0,0
2952,1.703921,2.143356,MGC,2,1,0,0
6174,1.473774,1.766019,MGC,2,5,0,0
4829,1.308527,2.133733,MGC,2,1,0,0
2671,1.474093,1.831638,MGC,3,1,0,0
5571,1.404427,1.406349,MGC,3,1,0,0
5740,1.338910,1.793479,MGC,3,1,0,0
6658,1.266869,1.692035,MGC,3,2,0,0
4870,1.419714,1.308755,HWC,1,1,0,0
6402,1.227634,1.310580,MGC,2,2,0,0
6977,1.333876,2.036178,MGC,2,1,0,0
5771,1.178487,1.514376,MGC,1,1,0,0
522,1.389445,1.742287,MGC,1,3,0,0
6585,1.361561,1.765064,MGC,2,4,0,0
729,1.274562,1.420422,MGC,2,1,0,0
6545,1.338035,1.563318,MGC,6,2,0,0
5702,1.561642,1.490460,HWC,4,2,0,0
1802,2.207488,2.441690,MGC,2,1,0,0
4725,1.581219,2.251925,MGC,1,1,0,0
3635,1.469835,1.834500,MGC,1,3,0,0
2498,1.461169,1.607090,MGC,3,3,0,0
3868,1.291445,1.420425,MGC,2,3,0,0
1625,1.493466,2.203375,MGC,1,1,0,0
2224,1.030150,1.311518,MGC,1,1,0,0
4621,1.147906,1.229843,MGC,1,1,0,0
2416,1.325875,1.564896,MGC,1,2,0,0
5147,1.421281,1.594388,MGC,1,2,0,0
4554,1.469663,1.605880,MGC,1,2,0,0
6150,2.350359,2.507380,MGC,1,1,0,0
4119,1.406010,1.700578,MGC,1,1,0,0
181,1.276512,1.919314,MGC,1,1,0,0
3946,1.636443,1.763131,MGC,1,1,0,0
2216,1.084412,1.846092,MGC,1,1,0,0
4438,1.519324,2.257303,MGC,1,1,0,0
2932,1.222240,1.579691,MGC,1,2,0,0
3270,1.468279,2.230163,MGC,1,3,0,0
492,1.415888,2.277771,MGC,3,1,0,0
3144,1.266640,1.429673,MGC,1,2,0,0
469,1.619120,1.774346,MGC,1,1,0,0
1107,1.615154,1.913831,MGC,1,2,0,0
5826,1.246190,1.697014,MGC,5,2,0,0
6724,1.502838,1.711546,MGC,1,2,0,0
2834,1.327934,1.758910,MGC,2,3,0,0
2475,1.292904,1.224788,HWC,3,1,0,0
6928,1.285604,1.706043,MGC,1,1,0,0
138,1.342131,1.765540,MGC,2,2,0,0
3891,1.574247,1.751900,MGC,2,1,0,0
5805,1.640706,2.268096,MGC,1,2,0,0
4363,1.319088,1.789692,MGC,10,2,0,0
3839,1.333297,1.626858,MGC,2,3,0,0
2511,1.509685,1.761420,MGC,2,2,0,0
2501,1.790529,1.840426,MGC,1,2,0,0
3555,1.291026,1.197955,HWC,1,1,0,0
3129,1.495214,1.807413,MGC,1,1,0,0
1283,1.315816,2.280505,MGC,1,1,0,0
4135,1.157711,1.501157,MGC,1,1,0,0
2953,1.699045,1.905192,MGC,1,2,0,0
572,1.303874,1.612937,MGC,3,1,0,0
1246,1.420108,1.393362,HWC,1,1,0,0
1701,1.596801,1.784432,MGC,1,3,0,0
644,1.493102,1.506125,MGC,1,3,0,0
2730,1.745987,2.407344,MGC,1,1,0,0
1622,1.081827,1.438735,MGC,1,1,0,0
2650,1.547007,1.557011,MGC,1,1,0,0
4189,1.381458,1.888452,MGC,3,2,0,0
4980,1.398541,1.810604,MGC,2,1,0,0
5456,1.447348,1.584729,MGC,3,1,0,0
4117,1.469848,1.638380,MGC,2,1,0,0
1691,1.352845,1.609607,MGC,1,2,0,0
2937,1.143353,1.549824,MGC,1,1,0,0
3639,1.373111,1.500205,MGC,1,2,0,0
1329,1.575748,1.954109,MGC,1,1,0,0
2935,1.194835,1.534239,MGC,2,3,0,0
4864,1.280370,1.540107,MGC,2,3,0,0
3137,1.242278,1.538457,MGC,1,3,0,0
1431,1.462153,1.458065,HWC,2,1,0,0
6945,1.629245,1.874151,MGC,1,3,0,0
115,1.319633,1.413264,MGC,1,1,0,0
3900,1.515118,1.701525,MGC,1,2,0,0
1180,1.372828,2.147877,MGC,1,1,0,0
5222,1.340290,1.475615,MGC,1,2,0,0
6712,1.588207,1.659801,MGC,1,1,0,0
3987,1.606031,2.225922,MGC,1,2,0,0
4588,1.367545,1.763043,MGC,1,1,0,0
3435,1.379607,1.477624,MGC,2,1,0,0
6869,1.689357,2.034092,MGC,1,1,0,0
3537,1.261821,1.840695,MGC,4,3,0,0
4761,1.358547,2.130612,MGC,1,1,0,0
509,1.570270,2.386913,MGC,1,1,0,0
2565,1.207951,1.812639,MGC,1,1,0,0
6066,1.304857,1.253423,HWC,1,1,0,0
6130,1.521304,1.805890,MGC,1,2,0,0
5449,1.567484,1.579591,MGC,1,2,0,0
1506,1.344403,1.499289,MGC,4,2,0,0
4968,1.270363,1.490997,MGC,1,3,0,0
6819,1.330247,1.701452,MGC,2,2,0,0
6937,1.616805,1.680267,MGC,1,3,0,0
6098,1.713219,1.425768,HWC,1,1,0,0
3184,1.330834,1.645688,MGC,1,3,0,0
1814,1.488554,1.560509,MGC,1,3,0,0
433,1.438713,1.353752,HWC,2,1,0,0
5022,1.396196,1.831795,MGC,1,1,0,0
2761,1.412427,1.616884,MGC,2,1,0,0
2975,1.436590,1.600020,MGC,1,1,0,0
6186,1.501617,1.417456,HWC,1,1,0,0
2734,1.302809,1.560573,MGC,3,1,0,0
1219,1.625617,1.813472,MGC,2,2,0,0
5070,1.211796,1.505617,MGC,1,1,0,0
5731,1.429981,1.551012,MGC,1,1,0,0
2468,1.321179,1.644097,MGC,1,1,0,0
2125,1.424545,1.523639,MGC,2,1,0,0
6151,1.329589,1.487082,MGC,1,1,0,0
983,1.502598,1.090306,HWC,1,1,0,0
1536,1.335724,1.880637,MGC,1,3,0,0
3716,1.426438,1.333307,HWC,2,1,0,0
1144,1.312348,1.580412,MGC,1,3,0,0
5803,1.316429,1.587946,MGC,1,1,0,0
166,1.981740,2.254553,MGC,1,1,0,0
877,1.388136,1.952108,MGC,1,1,0,0
6,1.374699,1.488034,MGC,1,1,0,0
5643,1.358724,1.358525,HWC,2,2,0,0
8,1.449082,1.941763,MGC,2,2,0,0
1241,1.247116,1.589952,MGC,1,4,0,0
3481,1.304376,1.233628,HWC,5,1,0,0
5862,1.348080,1.817423,MGC,1,1,0,0
1429,1.758617,1.908228,MGC,1,2,0,0
3473,1.360106,1.715244,MGC,2,3,0,0
332,1.675246,1.683993,MGC,1,3,0,0
1560,1.324707,1.590837,MGC,1,1,0,0
3865,1.354178,2.295631,MGC,5,2,0,0
5058,1.723986,1.619306,HWC,2,2,0,0
3210,1.177029,2.101126,MGC,1,1,0,0
4742,1.128393,1.726044,MGC,1,2,0,0
4625,1.440347,1.710591,MGC,1,1,0,0
3438,1.244398,1.059644,HWC,1,1,0,0
2166,1.335363,1.478896,MGC,1,1,0,0
6775,1.092703,1.923609,MGC,1,1,0,0
3636,1.283232,1.651332,MGC,1,3,0,0
6157,1.896535,1.947209,MGC,1,1,0,0
1775,1.549797,1.751979,MGC,2,2,0,0
4659,1.599862,1.641665,MGC,1,2,0,0
6527,1.212514,1.612398,MGC,6,2,0,0
2373,1.607850,2.440290,MGC,2,1,0,0
6532,1.522849,1.742173,MGC,2,1,0,0
3315,1.406747,1.060862,HWC,1,1,0,0
5425,1.340207,1.408873,MGC,1,1,0,0
2018,1.514426,1.157137,HWC,1,1,0,0
5695,1.631312,1.689220,MGC,2,1,0,0
2896,1.623130,1.917823,MGC,2,1,0,0
6328,1.317493,1.545785,MGC,4,2,0,0
99,1.158220,2.628270,MGC,1,1,0,0
2164,1.448670,1.889303,MGC,4,2,0,0
4441,1.302537,1.346773,MGC,1,1,0,0
180,1.320170,1.858933,MGC,1,1,0,0
1754,1.283763,1.602490,MGC,4,3,0,0
6285,1.359406,1.703151,MGC,2,1,0,0
2781,1.412041,1.722801,MGC,2,1,0,0
4157,1.186991,1.447408,MGC,1,4,0,0
4528,1.373239,2.050496,MGC,1,1,0,0
6261,1.476088,1.526664,MGC,1,1,0,0
3760,1.882303,1.596671,HWC,1,1,0,0
1240,1.897579,1.862783,HWC,2,1,0,0
2225,1.246664,1.186413,HWC,1,1,0,0
495,1.270146,1.212180,HWC,1,1,0,0
4445,1.410665,1.504935,MGC,1,1,0,0
2848,1.449508,1.648440,MGC,1,1,0,0
5574,1.307842,1.773919,MGC,1,2,0,0
715,1.518578,1.980543,MGC,1,1,0,0
413,1.289165,1.552017,MGC,4,1,0,0
3720,1.437744,1.896067,MGC,2,1,0,0
1731,1.382275,1.643777,MGC,1,2,0,0
2752,1.554626,1.910833,MGC,1,1,0,0
4925,1.443971,1.377133,HWC,1,1,0,0
3876,1.482520,1.695591,MGC,3,1,0,0
3053,1.248678,1.345115,MGC,1,1,0,0
3070,1.137945,2.374470,MGC,1,2,0,0
2365,1.436758,1.460708,MGC,2,1,0,0
2648,1.366808,1.263366,HWC,2,1,0,0
4200,1.347016,1.764196,MGC,4,3,0,0
3205,1.549680,1.431490,HWC,1,1,0,0
713,1.235594,1.913761,MGC,1,1,0,0
5621,1.288961,1.125739,HWC,1,1,0,0
6196,1.201192,1.581503,MGC,1,1,0,0
4415,1.517446,1.597977,MGC,1,1,0,0
3963,1.268722,1.723161,MGC,1,1,0,0
1033,1.549237,1.807580,MGC,2,3,0,0
5467,1.780907,1.977810,MGC,1,1,0,0
5181,1.135548,1.856213,MGC,1,1,0,0
5174,1.337875,1.904777,MGC,1,3,0,0
5820,1.163264,1.806683,MGC,1,1,0,0
7001,1.414314,1.668788,MGC,1,3,0,0
7002,1.304961,1.527858,MGC,3,2,0,0
7003,1.014073,1.418154,MGC,1,2,0,0
7004,1.278439,2.011485,MGC,2,2,0,0
7005,1.467196,1.948388,MGC,1,2,0,0
7006,1.371621,1.903747,MGC,1,1,0,0
7007,1.814924,1.625222,HWC,1,2,0,0
7008,1.546967,2.181809,MGC,2,2,0,0
7009,1.343898,1.460879,MGC,2,2,0,0
7010,1.269929,1.399911,MGC,3,2,0,0
7011,1.245944,1.446822,MGC,1,1,0,0
7012,1.365880,1.594976,MGC,1,1,0,0
7013,1.356865,1.269917,HWC,2,1,0,0
7014,1.396847,1.524077,MGC,1,1,0,0
7015,1.521149,1.689746,MGC,1,1,0,0
7016,1.314580,1.665788,MGC,1,2,0,0
7017,1.197118,1.813048,MGC,1,1,0,0
7018,1.560214,2.130296,MGC,3,1,0,0
7019,1.114909,1.501490,MGC,1,1,0,0
7020,1.254539,1.576910,MGC,1,1,0,0
7021,2.035792,2.151732,MGC,1,1,0,0
7022,1.622924,1.787848,MGC,2,1,0,0
7023,1.287570,1.507800,MGC,2,1,0,0
7024,1.307277,1.603485,MGC,1,2,0,0
7025,1.228101,1.622104,MGC,1,2,0,0
7026,1.216712,1.812819,MGC,1,2,0,0
7027,1.195604,1.727403,MGC,1,1,0,0
7028,1.590923,1.969889,MGC,1,2,0,0
7029,1.346824,1.712109,MGC,1,1,0,0
7030,1.304177,1.614109,MGC,1,1,0,0
7031,1.185308,1.686342,MGC,1,2,0,0
7032,1.333696,1.714395,MGC,1,2,0,0
7033,1.301952,1.689835,MGC,4,2,0,0
7034,1.476573,1.605589,MGC,1,2,0,0
7035,1.379945,1.677828,MGC,1,1,0,0
7036,1.484092,1.728743,MGC,1,1,0,0
7037,1.491353,1.670082,MGC,1,2,0,0
7038,1.249189,2.163380,MGC,1,2,0,0
7039,1.431318,1.690554,MGC,1,1,0,0
7040,1.569826,1.632101,MGC,1,2,0,0
7041,1.661350,1.669951,MGC,1,1,0,0
7042,1.598856,1.745947,MGC,4,2,0,0
7043,1.416566,1.680382,MGC,1,1,0,0
7044,1.279572,1.715023,MGC,1,2,0,0
7045,1.409017,2.122264,MGC,1,1,0,0
7046,1.699379,1.755397,MGC,1,1,0,0
7047,1.551748,1.717894,MGC,1,1,0,0
7048,1.329730,2.127055,MGC,1,1,0,0
7049,1.403819,1.521258,MGC,1,3,0,0
7050,1.216665,1.606217,MGC,1,2,0,0
7051,1.168295,1.528411,MGC,2,3,0,0
7052,1.293858,1.664820,MGC,1,2,0,0
7053,1.378592,1.738412,MGC,1,2,0,0
7054,1.414186,1.718219,MGC,3,1,0,0
7055,1.371214,2.165711,MGC,1,2,0,0
7056,1.327351,1.716441,MGC,2,2,0,0
7057,1.370304,2.100435,MGC,1,1,0,0
7058,1.292978,1.333043,MGC,4,1,0,0
7059,1.108469,1.369419,MGC,1,1,0,0
7060,1.456519,1.795169,MGC,1,2,0,0
7061,1.622343,1.927414,MGC,1,1,0,0
7062,1.413031,1.561253,MGC,1,1,0,0
7063,1.133401,1.652983,MGC,1,1,0,0
7064,1.374136,1.352113,HWC,3,3,0,0
7065,1.262118,1.520524,MGC,3,2,0,0
7066,1.416127,1.623997,MGC,1,2,0,0
7067,1.460471,1.712263,MGC,1,1,0,0
7068,1.259269,1.594535,MGC,2,3,0,0
7069,1.304757,1.490551,MGC,2,2,0,0
7070,1.711654,1.556768,HWC,2,2,0,0
7071,2.075155,1.981233,HWC,1,1,0,0
7072,1.680036,1.705258,MGC,2,2,0,0
7073,1.672000,1.587716,HWC,1,3,0,0
7074,1.873739,1.767747,HWC,1,1,0,0
7075,1.288243,1.500280,MGC,1,1,0,0
7076,1.109247,1.582534,MGC,1,2,0,0
7077,1.304909,1.757808,MGC,1,4,0,0
7078,1.653489,1.950573,MGC,1,1,0,0
7079,1.542624,1.595172,MGC,1,3,0,0
7080,1.580278,1.461934,HWC,1,1,0,0
7081,1.365029,1.754934,MGC,3,2,0,0
7082,1.325697,1.544651,MGC,1,2,0,0
7083,1.209070,1.663676,MGC,1,1,0,0
7084,1.308644,1.098249,HWC,3,1,0,0
7085,1.321883,1.542453,MGC,3,1,0,0
7086,1.276141,1.308522,MGC,1,1,0,0
7087,1.598732,1.744205,MGC,2,2,0,0
7088,1.225750,1.457020,MGC,2,3,0,0
7089,1.555110,1.666290,MGC,3,1,0,0
7090,1.366411,2.058974,MGC,1,2,0,0
7091,1.390509,1.725173,MGC,4,4,0,0
7092,1.331252,1.946742,MGC,4,2,0,0
7093,1.364730,2.207957,MGC,2,3,0,0
7094,1.846306,1.850651,MGC,2,2,0,0
7095,1.224998,1.698264,MGC,1,4,0,0
7096,1.295213,1.934814,MGC,3,1,0,0
7097,1.346758,1.543607,MGC,1,2,0,0
7098,1.330317,1.961436,MGC,3,2,0,0
7099,1.522083,1.455214,HWC,1,1,0,0
7100,1.460313,1.782108,MGC,1,2,0,0
7101,1.412591,1.490444,MGC,1,3,0,0
7102,1.384878,1.867798,MGC,4,3,0,0
7103,1.541360,1.704145,MGC,2,1,0,0
7104,1.234674,1.441658,MGC,2,1,0,0
7105,1.482016,1.709123,MGC,1,1,0,0
7106,1.324875,1.809528,MGC,5,2,0,0
7107,1.373738,1.861440,MGC,1,1,0,0
7108,1.879542,2.164287,MGC,1,1,0,0
7109,2.062096,2.185977,MGC,1,1,0,0
7110,1.404772,1.818979,MGC,1,1,0,0
7111,1.299683,1.451584,MGC,4,3,0,0
7112,1.143200,1.454128,MGC,1,2,0,0
7113,1.271133,1.656910,MGC,1,2,0,0
7114,1.475566,1.546304,MGC,3,2,0,0
7115,1.343262,1.728604,MGC,1,1,0,0
7116,1.316636,1.596987,MGC,1,1,0,0
7117,1.469299,2.085293,MGC,4,2,0,0
7118,1.223013,1.841376,MGC,2,2,0,0
7119,1.687297,1.508141,HWC,1,1,0,0
7120,1.408778,2.279855,MGC,1,1,0,0
7121,1.377275,1.693409,MGC,1,1,0,0
7122,1.450494,1.709933,MGC,1,1,0,0
7123,1.415607,1.313075,HWC,1,1,0,0
7124,1.395615,1.453590,MGC,1,2,0,0
7125,1.481300,1.645463,MGC,1,4,0,0
7126,1.325426,1.106467,HWC,2,1,0,0
7127,1.373784,1.530455,MGC,2,1,0,0
7128,1.359655,2.265351,MGC,1,1,0,0
7129,1.566210,1.469150,HWC,1,1,0,0
7130,1.571614,1.682058,MGC,1,2,0,0
7131,1.826322,1.286818,HWC,1,1,0,0
7132,1.458765,1.880176,MGC,3,1,0,0
7133,1.729320,1.515533,HWC,1,1,0,0
7134,1.879828,1.762112,HWC,1,3,0,0
7135,1.551692,1.286429,HWC,1,1,0,0
7136,1.295128,1.318671,MGC,1,1,0,0
7137,1.620233,1.535934,HWC,1,1,0,0
7138,1.368551,1.740729,MGC,1,4,0,0
7139,1.530622,1.297801,HWC,1,1,0,0
7140,1.635634,1.529012,HWC,2,1,0,0
7141,1.509952,1.734224,MGC,1,4,0,0
7142,1.417284,1.255981,HWC,1,1,0,0
7143,1.592723,1.748021,MGC,1,4,0,0
7144,1.285698,1.292133,MGC,1,1,0,0
7145,1.480697,1.545675,MGC,2,1,0,0
7146,1.554406,1.743761,MGC,1,4,0,0
7147,1.609104,1.254245,HWC,2,1,0,0
7148,1.347498,1.957116,MGC,1,1,0,0
7149,1.528883,1.970305,MGC,1,2,0,0
7150,1.377756,2.107009,MGC,1,1,0,0
7151,1.366483,1.772594,MGC,1,1,0,0
7152,1.512875,1.563407,MGC,3,2,0,0
7153,1.474770,1.897677,MGC,2,2,0,0
7154,1.540207,1.807044,MGC,1,2,0,0
7155,1.659543,1.687992,MGC,1,1,0,0
7156,1.485300,1.861543,MGC,2,1,0,0
7157,1.302859,1.616964,MGC,1,2,0,0
7158,1.436522,1.774782,MGC,1,2,0,0
7159,1.446094,1.563892,MGC,2,1,0,0
7160,1.372010,1.647990,MGC,2,1,0,0
7161,1.450928,1.739894,MGC,1,4,0,0
7162,1.296251,1.406503,MGC,1,1,0,0
7163,1.271148,1.614157,MGC,2,1,0,0
7164,1.233461,1.568720,MGC,1,1,0,0
7165,1.105033,1.613943,MGC,1,2,0,0
7166,1.198994,1.397136,MGC,1,1,0,0
7167,1.322278,1.449016,MGC,1,2,0,0
7168,1.475571,1.592645,MGC,1,2,0,0
7169,1.516462,1.556519,MGC,2,2,0,0
7170,1.171316,1.622302,MGC,1,1,0,0
7171,1.325891,1.930313,MGC,1,1,0,0
7172,1.286052,2.167034,MGC,2,2,0,0
7173,1.304716,2.433096,MGC,1,1,0,0
7174,1.147607,1.575725,MGC,1,2,0,0
7175,1.335051,1.584513,MGC,1,1,0,0
7176,1.465240,1.810460,MGC,1,3,0,0
7177,1.150279,1.597921,MGC,1,2,0,0
7178,1.279612,1.477466,MGC,1,2,0,0
7179,1.612545,1.527239,HWC,1,2,0,0
7180,1.248359,1.591223,MGC,2,1,0,0
7181,1.207746,1.463626,MGC,1,1,0,0
7182,1.193281,1.535149,MGC,1,1,0,0
7183,1.129016,1.605711,MGC,1,1,0,0
7184,1.246985,1.498597,MGC,1,1,0,0
7185,1.384935,1.712101,MGC,1,3,0,0
7186,1.217803,1.692648,MGC,1,1,0,0
7187,1.365958,1.414080,MGC,5,2,0,0
7188,1.293958,1.563195,MGC,1,1,0,0
7189,1.327923,1.394482,MGC,3,1,0,0
7190,1.528886,1.807332,MGC,2,1,0,0
7191,1.334945,1.688442,MGC,1,1,0,0
7192,1.450736,1.485841,MGC,1,1,0,0
7193,1.345122,1.438101,MGC,1,2,0,0
7194,1.068927,1.300398,MGC,1,1,0,0
7195,1.327220,2.172222,MGC,1,1,0,0
7196,1.251865,1.520294,MGC,1,3,0,0
7197,1.489885,1.884103,MGC,1,3,0,0
7198,1.210393,1.560483,MGC,1,1,0,0
7199,1.273631,1.827291,MGC,1,2,0,0
7200,1.302212,1.550301,MGC,2,2,0,0
7201,1.178120,1.760868,MGC,1,2,0,0
7202,1.288944,1.530019,MGC,1,2,0,0
7203,1.415595,1.540021,MGC,1,1,0,0
7204,1.240103,1.559979,MGC,1,2,0,0
7205,1.448395,1.990560,MGC,1,1,0,0
7206,1.189903,1.480639,MGC,5,3,0,0
7207,1.150812,1.822621,MGC,2,2,0,0
7208,1.134045,2.142173,MGC,1,2,0,0
7209,1.561851,1.449476,HWC,1,1,0,0
7210,1.627797,1.581608,HWC,1,2,0,0
7211,1.440034,1.517606,MGC,2,2,0,0
7212,1.396724,1.741916,MGC,1,1,0,0
7213,1.382290,2.008751,MGC,1,2,0,0
7214,1.750395,1.620687,HWC,1,3,0,0
7215,1.556088,1.407052,HWC,1,2,0,0
7216,1.684931,2.322890,MGC,1,1,0,0
7217,1.751688,2.375479,MGC,1,1,0,0
7218,1.771250,2.125904,MGC,1,2,0,0
7219,1.548655,2.190855,MGC,1,1,0,0
7220,1.617995,1.710842,MGC,2,3,0,0
7221,1.450851,1.945833,MGC,2,2,0,0
7222,1.352549,1.975923,MGC,1,2,0,0
7223,1.664673,1.703465,MGC,1,3,0,0
7224,1.240310,1.129493,HWC,2,1,0,0
7225,1.284259,1.566100,MGC,1,2,0,0
7226,1.267386,1.741596,MGC,1,2,0,0
7227,1.215347,1.855075,MGC,1,1,0,0
7228,1.558662,1.610463,MGC,1,2,0,0
7229,1.350376,1.746059,MGC,1,1,0,0
7230,1.262463,1.644836,MGC,2,2,0,0
7231,1.432575,1.683852,MGC,4,2,0,0
7232,1.504061,1.699012,MGC,1,1,0,0
7233,1.120827,1.716312,MGC,1,2,0,0
7234,1.264004,2.550065,MGC,1,1,0,0
7235,1.073118,1.648617,MGC,1,2,0,0
7236,1.146251,1.448580,MGC,6,1,0,0
7237,1.150053,1.682557,MGC,1,1,0,0
7238,1.319898,1.510765,MGC,3,3,0,0
7239,1.710140,1.537754,HWC,1,1,0,0
7240,1.358009,1.723200,MGC,1,1,0,0
7241,1.239552,1.714982,MGC,1,1,0,0
7242,1.316560,1.883088,MGC,1,1,0,0
7243,1.197867,1.567410,MGC,1,2,0,0
7244,1.307779,1.648431,MGC,1,4,0,0
7245,1.212670,1.554401,MGC,1,1,0,0
7246,1.303913,1.692696,MGC,1,2,0,0
7247,1.266300,1.767217,MGC,1,2,0,0
7248,1.160195,1.639433,MGC,1,2,0,0
7249,1.269667,1.859649,MGC,1,2,0,0
7250,1.300892,1.928831,MGC,1,2,0,0
7251,1.365563,2.068081,MGC,2,2,0,0
7252,1.331641,1.726121,MGC,1,1,0,0
7253,1.374416,1.691584,MGC,2,4,0,0
7254,1.301324,1.767086,MGC,1,1,0,0
7255,1.389195,1.896534,MGC,2,1,0,0
7256,1.467348,1.967158,MGC,1,2,0,0
7257,1.424759,1.973335,MGC,2,3,0,0
7258,1.523091,3.059961,MGC,1,1,0,0
7259,1.252525,1.870182,MGC,1,1,0,0
7260,1.315620,1.532268,MGC,3,2,0,0
7261,1.299360,1.510885,MGC,9,2,0,0
7262,1.538542,1.696037,MGC,1,1,0,0
7263,1.254790,1.447413,MGC,1,1,0,0
7264,1.715845,1.430484,HWC,1,1,0,0
7265,1.403789,1.266237,HWC,1,1,0,0
7266,1.669242,1.698649,MGC,1,2,0,0
7267,1.185397,1.434328,MGC,4,2,0,0
7268,1.449713,1.701007,MGC,1,1,0,0
7269,1.363530,2.117781,MGC,1,3,0,0
7270,1.444981,1.856736,MGC,3,3,0,0
7271,1.580139,1.763980,MGC,3,4,0,0
7272,1.365016,1.806055,MGC,2,1,0,0
7273,1.402635,1.554407,MGC,1,3,0,0
7274,1.860105,1.630628,HWC,1,1,0,0
7275,1.233115,1.976986,MGC,1,1,0,0
7276,1.386345,1.687451,MGC,1,1,0,0
7277,1.403877,1.540260,MGC,3,2,0,0
7278,1.370218,1.354801,HWC,1,1,0,0
7279,1.510875,1.752558,MGC,11,1,0,0
7280,1.348081,1.706901,MGC,11,3,0,0
7281,1.362328,1.138490,HWC,1,1,0,0
7282,1.271550,1.590368,MGC,2,1,0,0
7283,1.246104,1.560815,MGC,2,3,0,0
7284,1.677750,1.966813,MGC,2,2,0,0
7285,2.358564,1.816179,HWC,1,3,0,0
7286,1.612613,1.626116,MGC,1,2,0,0
7287,1.668289,1.182933,HWC,1,1,0,0
7288,1.491352,1.510862,MGC,1,1,0,0
7289,1.963128,1.827776,HWC,1,2,0,0
7290,1.266498,1.680692,MGC,2,1,0,0
7291,1.217171,1.896807,MGC,4,2,0,0
7292,1.446428,1.805117,MGC,1,2,0,0
7293,1.452809,2.030160,MGC,2,1,0,0
7294,1.274943,1.933178,MGC,1,1,0,0
7295,1.810323,1.532162,HWC,1,1,0,0
7296,1.219105,1.402922,MGC,1,1,0,0
7297,1.259560,1.367098,MGC,1,1,0,0
7298,1.198769,1.941288,MGC,1,1,0,0
7299,1.124230,1.679859,MGC,1,2,0,0
7300,1.616480,1.842698,MGC,1,2,0,0
7301,1.243155,1.502006,MGC,1,3,0,0
7302,1.217519,1.289897,MGC,1,1,0,0
7303,1.190285,1.509739,MGC,1,1,0,0
7304,1.229178,1.477306,MGC,1,3,0,0
7305,1.370283,1.322382,HWC,1,1,0,0
7306,1.403150,1.704038,MGC,1,1,0,0
7307,1.677381,1.625901,HWC,1,1,0,0
7308,1.455518,1.528172,MGC,1,1,0,0
7309,1.278998,1.643672,MGC,1,1,0,0
7310,1.189423,1.799229,MGC,1,1,0,0
7311,1.310707,2.140826,MGC,1,1,0,0
7312,2.004038,1.677759,HWC,1,1,0,0
7313,1.718303,2.193191,MGC,1,1,0,0
7314,1.264329,2.060901,MGC,1,1,0,0
7315,1.189145,1.639915,MGC,1,1,0,0
7316,1.417067,1.519595,MGC,1,1,0,0
7317,1.346355,1.319320,HWC,3,1,0,0
7318,1.478500,1.726008,MGC,1,1,0,0
7319,1.422035,1.381484,HWC,1,1,0,0
7320,1.512387,2.132162,MGC,1,1,0,0
7321,1.563347,2.676961,MGC,1,1,0,0
7322,1.543646,2.266779,MGC,2,2,0,0
7323,1.600240,2.453276,MGC,1,1,0,0
7324,1.277058,1.540991,MGC,1,2,0,0
7325,1.606683,3.079831,MGC,1,1,0,0
7326,1.556929,2.614398,MGC,1,1,0,0
7327,1.788583,1.965409,MGC,1,4,0,0
7328,1.430088,2.006925,MGC,1,1,0,0
7329,1.393579,1.935963,MGC,1,1,0,0
7330,2.226440,2.371247,MGC,1,4,0,0
7331,1.459962,2.251539,MGC,2,1,0,0
7332,1.437982,1.731989,MGC,1,4,0,0
7333,1.476466,2.249618,MGC,2,1,0,0
7334,1.468147,1.671309,MGC,1,3,0,0
7335,1.619217,2.291874,MGC,2,1,0,0
7336,1.170353,1.668920,MGC,1,3,0,0
7337,1.546178,2.224735,MGC,2,1,0,0
7338,1.595733,1.682505,MGC,1,3,0,0
7339,1.534265,2.051738,MGC,1,2,0,0
7340,1.616561,1.590281,HWC,2,3,0,0
7341,1.448047,1.593666,MGC,1,1,0,0
7342,1.343476,1.662303,MGC,1,1,0,0
7343,1.360305,1.629230,MGC,1,1,0,0
7344,1.632037,1.769108,MGC,3,3,0,0
7345,1.874718,1.971199,MGC,1,1,0,0
7346,1.375772,1.693853,MGC,2,2,0,0
7347,1.676371,2.002457,MGC,1,2,0,0
7348,1.309185,1.481375,MGC,1,1,0,0
7349,1.329101,1.550277,MGC,1,1,0,0
7350,1.373166,1.768257,MGC,2,2,0,0
7351,1.548541,1.739909,MGC,1,2,0,0
7352,1.359128,1.597281,MGC,4,3,0,0
7353,1.493983,1.795174,MGC,3,2,0,0
7354,1.351965,1.968522,MGC,2,1,0,0
7355,1.393653,1.730509,MGC,1,2,0,0
7356,1.213202,1.857277,MGC,1,2,0,0
7357,1.263813,1.719946,MGC,1,1,0,0
7358,1.312495,1.929952,MGC,1,1,0,0
7359,1.289917,1.755745,MGC,1,2,0,0
7360,1.279991,1.346021,MGC,1,1,0,0
7361,1.493404,2.012243,MGC,3,1,0,0
7362,1.237970,1.622035,MGC,2,2,0,0
7363,1.689003,1.869538,MGC,1,1,0,0
7364,1.231432,1.669605,MGC,4,1,0,0
7365,1.296257,1.707569,MGC,2,1,0,0
7366,1.188667,1.598143,MGC,5,1,0,0
7367,1.367157,1.947621,MGC,3,3,0,0
7368,1.351754,1.627959,MGC,3,2,0,0
7369,1.286582,1.650862,MGC,2,2,0,0
7370,1.321994,1.170601,HWC,3,1,0,0
7371,1.304263,1.415767,MGC,3,2,0,0
7372,1.533175,1.770658,MGC,2,2,0,0
7373,1.460358,1.840937,MGC,1,3,0,0
7374,1.484782,1.698559,MGC,1,1,0,0
7375,1.382516,1.686142,MGC,2,1,0,0
7376,1.323335,1.640001,MGC,1,2,0,0
7377,1.294277,1.692139,MGC,4,1,0,0
7378,1.330061,1.634736,MGC,3,1,0,0
7379,1.538516,2.494424,MGC,1,2,0,0
7380,1.609262,2.054263,MGC,1,2,0,0
7381,1.265371,1.861230,MGC,1,2,0,0
7382,1.721822,1.687317,HWC,1,2,0,0
7383,1.256684,1.450438,MGC,2,1,0,0
7384,1.342399,1.628921,MGC,2,1,0,0
7385,1.344228,1.741584,MGC,3,2,0,0
7386,1.324238,1.790613,MGC,1,1,0,0
7387,1.304976,1.843885,MGC,1,1,0,0
7388,1.511901,1.733115,MGC,2,1,0,0
7389,1.351838,1.697762,MGC,1,1,0,0
7390,1.251853,1.660997,MGC,1,1,0,0
7391,1.433437,1.573292,MGC,1,3,0,0
7392,1.454855,1.951666,MGC,1,1,0,0
7393,1.354555,1.860829,MGC,1,3,0,0
7394,1.313747,1.508400,MGC,5,2,0,0
7395,1.438430,1.489341,MGC,1,1,0,0
7396,1.481789,1.775754,MGC,1,1,0,0
7397,1.685761,1.748497,MGC,1,1,0,0
7398,1.623341,1.770722,MGC,1,2,0,0
7399,1.265780,1.725914,MGC,1,1,0,0
7400,1.380030,1.709386,MGC,1,1,0,0
7401,1.520151,1.486639,HWC,2,2,0,0
7402,1.345926,1.477194,MGC,1,1,0,0
7403,1.312929,1.530692,MGC,1,1,0,0
7404,1.608687,1.242293,HWC,1,1,0,0
7405,1.556330,1.767986,MGC,1,4,0,0
7406,1.276021,1.553435,MGC,1,1,0,0
7407,1.285775,1.587681,MGC,1,2,0,0
7408,1.561417,1.673330,MGC,1,1,0,0
7409,1.448680,1.571599,MGC,1,1,0,0
7410,1.280251,1.279168,HWC,2,1,0,0
7411,1.222942,1.600792,MGC,1,2,0,0
7412,1.952314,2.089022,MGC,1,1,0,0
7413,1.330479,2.213691,MGC,1,2,0,0
7414,1.356039,1.925257,MGC,2,1,0,0
7415,1.259487,2.233524,MGC,1,1,0,0
7416,1.337000,1.687269,MGC,2,2,0,0
7417,1.173112,1.342203,MGC,1,1,0,0
7418,1.108073,1.743744,MGC,1,2,0,0
7419,1.145224,1.567071,MGC,1,1,0,0
7420,1.447050,1.660106,MGC,1,1,0,0
7421,1.311428,2.361763,MGC,1,1,0,0
7422,1.354707,1.903934,MGC,1,1,0,0
7423,1.434583,1.615695,MGC,1,2,0,0
7424,1.349427,1.481043,MGC,1,2,0,0
7425,1.460433,1.666696,MGC,1,2,0,0
7426,1.196270,1.633439,MGC,4,1,0,0
7427,1.211010,1.776486,MGC,1,1,0,0
7428,1.487507,1.793899,MGC,2,1,0,0
7429,1.470728,1.332968,HWC,1,1,0,0
7430,1.424448,1.337382,HWC,1,1,0,0
7431,1.540255,1.759229,MGC,1,2,0,0
7432,1.143471,1.831114,MGC,1,1,0,0
7433,1.591111,1.500854,HWC,1,2,0,0
7434,1.174101,1.528401,MGC,1,1,0,0
7435,1.144120,1.411780,MGC,1,3,0,0
7436,1.140135,1.292576,MGC,1,1,0,0
7437,1.153590,1.462715,MGC,1,2,0,0
7438,1.316358,1.746758,MGC,2,3,0,0
7439,1.202704,1.612626,MGC,1,1,0,0
7440,1.426206,1.552107,MGC,1,2,0,0
7441,1.511276,1.733641,MGC,1,2,0,0
7442,1.219512,2.027470,MGC,1,2,0,0
7443,1.234830,1.765914,MGC,1,1,0,0
7444,1.264116,1.855117,MGC,1,1,0,0
7445,1.381453,1.967641,MGC,1,1,0,0
7446,1.436035,1.997616,MGC,1,1,0,0
7447,1.734505,2.004393,MGC,1,2,0,0
7448,1.401833,1.489148,MGC,2,1,0,0
7449,1.899432,1.468154,HWC,1,1,0,0
7450,1.426032,1.764610,MGC,1,2,0,0
7451,1.619242,1.927774,MGC,1,1,0,0
7452,1.364543,1.659082,MGC,1,1,0,0
7453,1.494279,1.576108,MGC,1,1,0,0
7454,1.628083,1.811194,MGC,1,1,0,0
7455,1.225715,1.573382,MGC,1,1,0,0
7456,1.501875,1.878430,MGC,1,1,0,0
7457,1.524990,2.290751,MGC,2,2,0,0
7458,1.392247,1.750545,MGC,2,2,0,0
7459,1.223700,1.935823,MGC,1,2,0,0
7460,1.735021,2.121226,MGC,1,1,0,0
7461,1.183282,1.453488,MGC,1,1,0,0
7462,1.308739,1.688681,MGC,1,2,0,0
7463,1.262054,1.696324,MGC,3,2,0,0
7464,1.486546,1.473105,HWC,2,1,0,0
7465,1.313336,1.409609,MGC,6,1,0,0
7466,1.307399,2.926860,MGC,2,1,0,0
7467,1.290904,1.485030,MGC,1,1,0,0
7468,1.201759,1.769670,MGC,1,1,0,0
7469,1.434679,1.935704,MGC,1,1,0,0
7470,1.331237,1.708311,MGC,1,2,0,0
7471,1.243058,1.636499,MGC,1,1,0,0
7472,1.318642,1.627181,MGC,2,2,0,0
7473,1.277956,1.763362,MGC,1,2,0,0
7474,1.392912,1.703670,MGC,1,1,0,0
7475,1.314579,1.208544,HWC,2,1,0,0
7476,1.237644,1.692152,MGC,1,2,0,0
7477,1.296403,1.746549,MGC,2,1,0,0
7478,1.274634,1.855395,MGC,2,1,0,0
7479,1.264956,1.793297,MGC,2,1,0,0
7480,1.313665,1.365624,MGC,1,1,0,0
7481,1.261149,1.560381,MGC,1,1,0,0
7482,1.472599,1.591622,MGC,1,2,0,0
7483,1.458571,1.683339,MGC,1,1,0,0
7484,1.305633,1.748631,MGC,1,4,0,0
7485,1.190886,1.567389,MGC,2,2,0,0
7486,1.312266,1.500190,MGC,1,1,0,0
7487,1.271924,1.362871,MGC,1,1,0,0
7488,1.303253,1.515087,MGC,3,2,0,0
7489,1.484690,1.306607,HWC,1,1,0,0
7490,1.290234,1.456597,MGC,1,1,0,0
7491,1.404043,1.585740,MGC,2,1,0,0
7492,1.267253,1.367030,MGC,2,1,0,0
7493,1.370695,1.845711,MGC,1,1,0,0
7494,1.218785,1.580790,MGC,2,2,0,0
7495,1.320266,2.031570,MGC,1,1,0,0
7496,1.296278,1.702330,MGC,1,2,0,0
7497,1.253864,1.983609,MGC,1,2,0,0
7498,1.404304,1.394901,HWC,2,2,0,0
7499,1.442344,1.633695,MGC,1,1,0,0
7500,1.422638,1.678761,MGC,2,1,0,0
7501,1.218434,1.847625,MGC,7,2,0,0
7502,1.861348,2.092094,MGC,1,1,0,0
7503,2.488823,2.027594,HWC,1,1,0,0
7504,1.244471,1.709479,MGC,1,1,0,0
7505,1.981261,2.086396,MGC,1,1,0,0
7506,1.905668,2.091662,MGC,2,1,0,0
7507,1.389298,1.677629,MGC,2,2,0,0
7508,1.807744,2.268434,MGC,3,2,0,0
7509,1.411113,2.272437,MGC,1,1,0,0
7510,1.956072,1.566958,HWC,2,1,0,0
7511,1.426089,1.530087,MGC,1,1,0,0
7512,1.619395,2.440245,MGC,1,1,0,0
7513,1.314105,1.992246,MGC,1,1,0,0
7514,1.573949,1.799785,MGC,1,3,0,0
7515,1.583942,1.711794,MGC,2,2,0,0
7516,1.408190,1.848658,MGC,1,1,0,0
7517,1.384621,1.585770,MGC,1,2,0,0
7518,1.511173,1.543049,MGC,1,1,0,0
7519,1.253842,1.603648,MGC,1,2,0,0
7520,1.533260,1.536135,MGC,2,2,0,0
7521,1.657799,1.780798,MGC,1,2,0,0
7522,1.654101,1.673550,MGC,1,2,0,0
7523,1.523117,1.816705,MGC,1,3,0,0
7524,1.530146,1.767849,MGC,1,1,0,0
7525,1.345398,1.466630,MGC,1,1,0,0
7526,1.175447,1.665259,MGC,1,2,0,0
7527,1.953334,1.741359,HWC,1,3,0,0
7528,1.650801,1.582824,HWC,1,2,0,0
7529,1.517675,1.839691,MGC,1,2,0,0
7530,1.445188,1.831265,MGC,1,2,0,0
7531,1.414097,1.766977,MGC,1,2,0,0
7532,1.447560,1.679165,MGC,1,2,0,0
7533,1.314518,1.420226,MGC,3,1,0,0
7534,1.402881,2.211399,MGC,2,2,0,0
7535,1.386903,1.910003,MGC,1,2,0,0
7536,1.437381,1.841099,MGC,1,2,0,0
7537,1.463622,1.957619,MGC,1,2,0,0
7538,1.471206,1.854206,MGC,1,2,0,0
7539,1.484293,1.814833,MGC,1,3,0,0
7540,1.357099,1.581217,MGC,2,1,0,0
7541,1.287413,1.861860,MGC,1,2,0,0
7542,1.202107,1.646491,MGC,1,3,0,0
7543,1.632633,1.857608,MGC,1,2,0,0
7544,1.195481,1.630589,MGC,1,1,0,0
7545,1.320818,1.951459,MGC,1,2,0,0
7546,1.252622,1.324072,MGC,1,1,0,0
7547,1.239733,1.769307,MGC,1,2,0,0
7548,1.251665,1.650651,MGC,1,3,0,0
7549,1.266077,1.454690,MGC,1,2,0,0
7550,1.413666,1.649146,MGC,1,2,0,0
7551,1.213631,1.640556,MGC,1,4,0,0
7552,1.344993,1.753296,MGC,2,2,0,0
7553,1.476956,1.571397,MGC,2,2,0,0
7554,1.397195,1.458988,MGC,1,2,0,0
7555,1.617877,1.553428,HWC,1,2,0,0
7556,1.621475,2.010457,MGC,4,3,0,0
7557,1.122431,1.783619,MGC,1,2,0,0
7558,1.340077,1.692267,MGC,1,2,0,0
7559,1.343288,1.621759,MGC,1,1,0,0
7560,1.675338,1.507715,HWC,1,1,0,0
7561,1.369354,2.044787,MGC,1,2,0,0
7562,1.604134,1.735124,MGC,2,1,0,0
7563,1.390812,1.735863,MGC,1,2,0,0
7564,1.277425,1.349991,MGC,1,1,0,0
7565,1.160541,1.234793,MGC,1,1,0,0
7566,1.315147,1.885510,MGC,1,2,0,0
7567,1.648072,1.742942,MGC,1,1,0,0
7568,1.435393,1.646728,MGC,1,2,0,0
7569,1.588242,1.934452,MGC,1,1,0,0
7570,1.371132,1.527796,MGC,1,1,0,0
7571,1.581645,1.353942,HWC,1,1,0,0
7572,1.291032,1.381501,MGC,4,1,0,0
7573,1.147656,2.222558,MGC,1,1,0,0
7574,1.801226,2.596477,MGC,1,1,0,0
7575,1.275969,1.853023,MGC,1,1,0,0
7576,1.505132,1.893440,MGC,1,2,0,0
7577,1.636391,1.380532,HWC,1,1,0,0
7578,1.386744,1.521115,MGC,1,1,0,0
7579,1.302157,1.764741,MGC,1,1,0,0
7580,1.732986,1.891807,MGC,3,2,0,0
7581,1.400533,1.577059,MGC,3,1,0,0
7582,1.505526,1.902081,MGC,1,1,0,0
7583,1.706337,1.666870,HWC,1,2,0,0
7584,1.704788,1.635549,HWC,1,2,0,0
7585,1.574275,1.722517,MGC,1,2,0,0
7586,2.428570,1.616887,HWC,1,1,0,0
7587,1.532880,1.353782,HWC,1,1,0,0
7588,1.524140,1.863908,MGC,2,3,0,0
7589,1.830854,1.738783,HWC,2,1,0,0
7590,1.891812,2.073036,MGC,1,1,0,0
7591,1.699098,1.969919,MGC,1,2,0,0
7592,1.466437,1.975487,MGC,1,1,0,0
7593,1.412703,2.077158,MGC,1,1,0,0
7594,1.677780,2.466043,MGC,1,1,0,0
7595,1.820824,2.392895,MGC,1,1,0,0
7596,1.604822,2.367766,MGC,1,1,0,0
7597,1.510586,2.005947,MGC,1,1,0,0
7598,1.883479,2.340796,MGC,1,1,0,0
7599,1.677049,2.016917,MGC,1,1,0,0
7600,1.496410,1.754689,MGC,3,2,0,0
7601,1.297481,2.143963,MGC,1,1,0,0
7602,1.258795,1.833458,MGC,1,1,0,0
7603,1.343575,2.039369,MGC,4,1,0,0
7604,1.151961,1.594704,MGC,1,1,0,0
7605,1.303154,1.543667,MGC,2,2,0,0
7606,1.488745,1.617607,MGC,2,4,0,0
7607,1.191114,1.983078,MGC,1,1,0,0
7608,1.660672,2.631980,MGC,3,1,0,0
7609,1.763540,2.194114,MGC,3,2,0,0
7610,1.573297,1.464762,HWC,3,3,0,0
7611,1.400144,1.526587,MGC,2,1,0,0
7612,1.456347,2.016591,MGC,1,2,0,0
7613,1.652883,1.745161,MGC,2,1,0,0
7614,1.541255,1.775328,MGC,4,2,0,0
7615,1.318867,1.766226,MGC,2,2,0,0
7616,1.618297,1.584927,HWC,1,2,0,0
7617,1.764028,2.145457,MGC,1,1,0,0
7618,1.325922,1.594511,MGC,4,2,0,0
7619,1.210763,1.983315,MGC,3,2,0,0
7620,1.270090,1.545830,MGC,2,1,0,0
7621,1.540394,1.860936,MGC,1,1,0,0
7622,1.943494,1.790116,HWC,1,1,0,0
7623,1.815984,1.691775,HWC,1,1,0,0
7624,2.394360,2.100470,HWC,1,1,0,0
7625,1.618306,1.534046,HWC,1,1,0,0
7626,1.329051,1.713637,MGC,3,3,0,0
7627,1.535095,1.621696,MGC,1,1,0,0
7628,1.363335,1.494081,MGC,3,1,0,0
7629,1.354720,1.595378,MGC,1,1,0,0
7630,1.502815,1.912777,MGC,1,1,0,0
7631,1.412732,2.024523,MGC,1,3,0,0
7632,1.157271,1.435694,MGC,1,1,0,0
7633,1.231297,1.727632,MGC,1,1,0,0
7634,1.264495,1.511464,MGC,1,2,0,0
7635,1.194477,1.506187,MGC,6,3,0,0
7636,1.237958,1.924624,MGC,1,1,0,0
7637,1.338181,1.681404,MGC,2,3,0,0
7638,1.267316,1.671679,MGC,1,1,0,0
7639,1.467123,1.750995,MGC,1,1,0,0
7640,1.399772,1.583630,MGC,1,1,0,0
7641,1.263555,1.578258,MGC,2,3,0,0
7642,1.269558,1.630917,MGC,1,2,0,0
7643,1.342843,1.843283,MGC,2,1,0,0
7644,1.573940,1.618892,MGC,1,1,0,0
7645,1.427454,2.669499,MGC,2,1,0,0
7646,1.443273,1.438616,HWC,3,2,0,0
7647,1.528462,1.603707,MGC,3,1,0,0
7648,1.318116,1.769538,MGC,4,2,0,0
7649,1.311882,1.921440,MGC,2,1,0,0
7650,1.330406,1.870661,MGC,5,3,0,0
7651,1.406912,1.395632,HWC,2,1,0,0
7652,1.535482,1.517619,HWC,1,1,0,0
7653,1.763492,1.807645,MGC,1,1,0,0
7654,1.646470,2.360273,MGC,1,1,0,0
7655,1.732303,1.927947,MGC,1,2,0,0
7656,1.971807,1.476771,HWC,1,1,0,0
7657,1.381361,2.335481,MGC,1,1,0,0
7658,1.468429,1.534428,MGC,1,2,0,0
7659,1.703213,1.669243,HWC,1,2,0,0
7660,1.346101,1.623915,MGC,2,1,0,0
7661,1.789162,2.114422,MGC,1,1,0,0
7662,1.410531,1.842385,MGC,2,2,0,0
7663,1.595087,2.391300,MGC,1,2,0,0
7664,1.374444,1.321409,HWC,1,1,0,0
7665,1.841032,2.029917,MGC,1,2,0,0
7666,1.429500,1.675834,MGC,2,1,0,0
7667,1.414808,1.659065,MGC,2,1,0,0
7668,1.894990,1.484338,HWC,1,2,0,0
7669,1.742027,1.661335,HWC,1,1,0,0
7670,1.375779,1.468139,MGC,1,2,0,0
7671,1.656640,1.679123,MGC,2,1,0,0
7672,1.321392,1.494635,MGC,1,1,0,0
7673,1.766752,1.797382,MGC,1,1,0,0
7674,1.846994,1.715737,HWC,1,1,0,0
7675,1.342021,2.083846,MGC,1,1,0,0
7676,1.618394,1.836682,MGC,1,1,0,0
7677,1.210150,1.531716,MGC,1,1,0,0
7678,1.457603,1.781617,MGC,1,3,0,0
7679,1.594138,2.099990,MGC,2,1,0,0
7680,1.433777,2.071204,MGC,5,2,0,0
7681,1.257714,2.184465,MGC,2,2,0,0
7682,1.292131,1.867630,MGC,1,2,0,0
7683,1.371334,1.850237,MGC,1,1,0,0
7684,1.332527,1.489092,MGC,2,2,0,0
7685,1.222219,1.597699,MGC,1,1,0,0
7686,1.137859,1.549024,MGC,1,1,0,0
7687,1.329431,1.326626,HWC,1,1,0,0
7688,1.252114,1.584698,MGC,1,1,0,0
7689,1.329173,1.736461,MGC,1,1,0,0
7690,1.193771,1.303266,MGC,1,1,0,0
7691,1.373624,1.540455,MGC,7,3,0,0
7692,1.303654,1.506932,MGC,1,2,0,0
7693,1.467008,1.697616,MGC,2,1,0,0
7694,1.856841,1.630846,HWC,1,1,0,0
7695,1.644757,1.744328,MGC,1,1,0,0
7696,1.584572,1.637210,MGC,1,1,0,0
7697,1.500834,1.832993,MGC,1,1,0,0
7698,1.455261,1.873623,MGC,2,1,0,0
7699,1.300374,1.234889,HWC,3,1,0,0
7700,1.517816,1.979509,MGC,1,1,0,0
7701,1.251335,1.602816,MGC,1,1,0,0
7702,1.287148,1.409325,MGC,4,2,0,0
7703,1.187477,1.083096,HWC,1,1,0,0
7704,1.366761,1.147199,HWC,1,1,0,0
7705,1.208963,1.671907,MGC,1,1,0,0
7706,1.354881,1.998549,MGC,1,1,0,0
7707,1.405645,1.799086,MGC,4,2,0,0
7708,1.674840,2.057660,MGC,1,2,0,0
7709,1.497477,1.540627,MGC,1,2,0,0
7710,1.556131,2.631091,MGC,1,2,0,0
7711,1.609087,1.771848,MGC,1,1,0,0
7712,1.312902,1.842908,MGC,1,2,0,0
7713,1.520768,1.462117,HWC,1,1,0,0
7714,1.742236,2.303749,MGC,2,2,0,0
7715,1.751983,1.635486,HWC,1,1,0,0
7716,1.455550,1.759859,MGC,1,1,0,0
7717,1.241539,1.784260,MGC,1,1,0,0
7718,1.224002,1.259155,MGC,1,1,0,0
7719,1.512128,1.270276,HWC,1,1,0,0
7720,1.721712,2.028221,MGC,1,1,0,0
7721,1.510161,1.793798,MGC,2,4,0,0
7722,1.531946,1.801702,MGC,1,1,0,0
7723,1.399381,1.321225,HWC,2,1,0,0
7724,1.403332,1.821752,MGC,1,1,0,0
7725,1.341502,1.761142,MGC,1,1,0,0
7726,1.476130,1.868448,MGC,1,1,0,0
7727,1.337355,1.584071,MGC,1,4,0,0
7728,1.424917,2.385979,MGC,2,2,0,0
7729,1.444586,1.930414,MGC,1,1,0,0
7730,1.255062,1.969517,MGC,4,5,0,0
7731,1.239921,1.815936,MGC,3,2,0,0
7732,1.469534,1.662890,MGC,1,1,0,0
7733,1.175170,1.488311,MGC,1,1,0,0
7734,1.464702,1.947546,MGC,1,2,0,0
7735,1.848844,1.974406,MGC,1,2,0,0
7736,1.222695,1.725845,MGC,1,2,0,0
7737,1.325065,1.669810,MGC,1,1,0,0
7738,1.482163,1.631446,MGC,1,1,0,0
7739,1.480954,1.588824,MGC,1,1,0,0
7740,1.282344,1.513499,MGC,5,2,0,0
7741,1.444838,1.868022,MGC,1,2,0,0
7742,1.474878,1.960964,MGC,1,2,0,0
7743,1.233271,1.684157,MGC,1,3,0,0
7744,1.453384,1.561497,MGC,1,2,0,0
7745,1.693868,1.514170,HWC,1,1,0,0
7746,1.511174,1.768571,MGC,1,2,0,0
7747,1.245151,1.543996,MGC,1,2,0,0
7748,1.570637,1.599902,MGC,2,1,0,0
7749,1.776062,2.479050,MGC,1,1,0,0
7750,1.556103,2.029492,MGC,3,2,0,0
7751,1.876570,2.172413,MGC,1,2,0,0
7752,1.745572,1.904380,MGC,1,1,0,0
7753,1.215671,1.607906,MGC,5,2,0,0
7754,1.275258,1.632874,MGC,4,2,0,0
7755,1.488191,1.509418,MGC,1,2,0,0
7756,1.380924,1.944145,MGC,1,2,0,0
7757,1.552084,1.854089,MGC,1,1,0,0
7758,1.413627,1.802128,MGC,1,2,0,0
7759,1.554557,2.144722,MGC,2,2,0,0
7760,1.567044,2.028879,MGC,1,2,0,0
7761,1.868565,1.959453,MGC,1,2,0,0
7762,1.342210,2.445693,MGC,1,1,0,0
7763,1.668456,2.054806,MGC,1,2,0,0
7764,1.545146,1.985855,MGC,1,1,0,0
7765,1.367030,1.923347,MGC,1,1,0,0
7766,1.160831,2.076066,MGC,1,1,0,0
7767,1.708377,1.838539,MGC,1,1,0,0
7768,1.204718,1.989236,MGC,1,1,0,0
7769,1.790175,1.622555,HWC,2,1,0,0
7770,1.407710,2.314960,MGC,1,2,0,0
7771,1.464200,1.784254,MGC,1,2,0,0
7772,1.494171,1.992668,MGC,1,1,0,0
7773,1.596435,1.628540,MGC,3,3,0,0
7774,1.458522,1.834466,MGC,1,1,0,0
7775,1.307468,1.454911,MGC,2,2,0,0
7776,1.396890,1.736580,MGC,4,2,0,0
7777,1.545685,1.997287,MGC,4,1,0,0
7778,1.457482,1.527510,MGC,1,1,0,0
7779,1.455472,2.150043,MGC,1,1,0,0
7780,1.421868,1.497145,MGC,3,1,0,0
7781,1.358439,1.674645,MGC,3,2,0,0
7782,1.272916,1.585205,MGC,1,1,0,0
7783,1.276305,1.630786,MGC,1,1,0,0
7784,1.894361,1.966807,MGC,1,1,0,0
7785,1.278307,1.742202,MGC,1,1,0,0
7786,1.520762,2.240619,MGC,1,1,0,0
7787,1.469093,1.679217,MGC,1,1,0,0
7788,1.354781,2.157485,MGC,1,1,0,0
7789,1.440748,1.805008,MGC,5,2,0,0
7790,1.274882,1.232946,HWC,1,1,0,0
7791,1.234856,1.239333,MGC,1,1,0,0
7792,1.214663,1.217065,MGC,1,1,0,0
7793,1.359236,1.199935,HWC,1,1,0,0
7794,1.392272,1.182934,HWC,1,1,0,0
7795,1.278585,1.131597,HWC,1,1,0,0
7796,1.457517,1.937779,MGC,1,3,0,0
7797,1.314445,1.309118,HWC,1,1,0,0
7798,1.411482,1.223662,HWC,2,1,0,0
7799,1.242689,1.206437,HWC,1,1,0,0
7800,1.801027,2.319844,MGC,2,2,0,0
7801,2.305564,3.244171,MGC,4,2,0,0
7802,1.661943,2.347123,MGC,1,2,0,0
7803,1.671721,2.016250,MGC,2,2,0,0
7804,1.318786,1.509465,MGC,1,1,0,0
7805,1.261067,1.222992,HWC,1,1,0,0
7806,2.117967,2.000885,HWC,2,1,0,0
7807,1.285223,1.378217,MGC,1,1,0,0
7808,1.508107,1.618890,MGC,2,1,0,0
7809,1.101610,1.219347,MGC,1,1,0,0
7810,1.116131,1.428759,MGC,1,1,0,0
7811,1.250333,1.994514,MGC,1,1,0,0
7812,1.352154,1.871201,MGC,3,1,0,0
7813,1.557447,1.792053,MGC,1,2,0,0
7814,1.543136,1.645407,MGC,1,1,0,0
7815,1.254025,1.759500,MGC,1,1,0,0
7816,1.203232,1.538389,MGC,7,3,0,0
7817,1.183393,1.626712,MGC,2,1,0,0
7818,1.358051,1.875563,MGC,2,2,0,0
7819,1.356595,1.532816,MGC,1,1,0,0
7820,1.316875,1.435869,MGC,1,1,0,0
7821,1.390852,1.799967,MGC,1,1,0,0
7822,1.343027,1.918768,MGC,1,2,0,0
7823,1.666958,2.112136,MGC,1,1,0,0
7824,1.657473,2.280432,MGC,2,1,0,0
7825,1.235786,1.670369,MGC,2,1,0,0
7826,2.179077,2.265921,MGC,1,1,0,0
7827,1.539878,1.778245,MGC,1,2,0,0
7828,1.510681,2.129688,MGC,1,1,0,0
7829,1.541673,1.951648,MGC,1,2,0,0
7830,1.313600,1.618723,MGC,1,3,0,0
7831,1.427556,1.270971,HWC,3,1,0,0
7832,1.401470,1.878034,MGC,2,1,0,0
7833,1.762936,1.849663,MGC,1,1,0,0
7834,1.772683,1.928476,MGC,1,1,0,0
7835,2.113907,1.646247,HWC,1,1,0,0
7836,2.379663,2.539794,MGC,1,1,0,0
7837,1.508332,1.804028,MGC,1,1,0,0
7838,1.579542,1.249517,HWC,3,1,0,0
7839,1.819998,1.646432,HWC,1,2,0,0
7840,1.580854,1.924944,MGC,1,2,0,0
7841,1.505183,2.025997,MGC,1,2,0,0
7842,1.916524,2.312018,MGC,1,1,0,0
7843,1.643375,1.336026,HWC,1,2,0,0
7844,1.450029,1.685056,MGC,1,2,0,0
7845,1.567723,1.843996,MGC,1,1,0,0
7846,1.574304,1.832235,MGC,1,2,0,0
7847,1.649201,2.023890,MGC,1,1,0,0
7848,1.398268,1.672147,MGC,1,2,0,0
7849,1.309808,1.428604,MGC,4,1,0,0
7850,1.354805,1.607262,MGC,1,1,0,0
7851,1.156392,1.543495,MGC,1,1,0,0
7852,1.377136,1.624052,MGC,4,3,0,0
7853,1.401216,1.593367,MGC,1,3,0,0
7854,1.331311,1.818097,MGC,1,4,0,0
7855,1.387236,1.762785,MGC,1,1,0,0
7856,1.705904,1.577235,HWC,1,1,0,0
7857,1.513339,1.645778,MGC,2,2,0,0
7858,1.348669,1.476333,MGC,2,2,0,0
7859,1.520072,1.860160,MGC,1,1,0,0
7860,1.519751,1.833539,MGC,1,1,0,0
7861,2.006205,1.788410,HWC,1,2,0,0
7862,1.740938,1.607643,HWC,1,1,0,0
7863,1.334840,1.570964,MGC,4,2,0,0
7864,1.534964,1.948054,MGC,1,2,0,0
7865,1.484574,1.750692,MGC,1,1,0,0
7866,1.259952,1.756044,MGC,6,1,0,0
7867,1.459571,1.761995,MGC,3,2,0,0
7868,1.392128,2.108350,MGC,1,1,0,0
7869,1.102877,1.486175,MGC,1,1,0,0
7870,1.095092,1.399582,MGC,1,1,0,0
7871,1.371729,1.541883,MGC,1,1,0,0
7872,1.342871,1.425141,MGC,1,5,0,0
7873,1.344020,1.482475,MGC,3,1,0,0
7874,1.460094,1.624587,MGC,3,2,0,0
7875,1.464682,1.446756,HWC,1,1,0,0
7876,1.655970,1.844439,MGC,2,1,0,0
7877,1.470645,1.992608,MGC,1,1,0,0
7878,1.232853,1.566120,MGC,1,2,0,0
7879,1.222274,1.435559,MGC,1,2,0,0
7880,1.456556,1.502395,MGC,1,1,0,0
7881,1.590031,1.848513,MGC,1,2,0,0
7882,1.849089,2.051355,MGC,2,1,0,0
7883,1.453904,1.493225,MGC,1,1,0,0
7884,1.489095,2.416806,MGC,1,2,0,0
7885,1.570722,1.921600,MGC,1,2,0,0
7886,1.697875,1.759278,MGC,1,2,0,0
7887,1.414974,1.373870,HWC,1,1,0,0
7888,1.327744,1.987508,MGC,1,2,0,0
7889,1.531300,1.993531,MGC,1,1,0,0
7890,1.584880,2.311624,MGC,2,2,0,0
7891,1.270115,1.949010,MGC,1,1,0,0
7892,1.274867,1.603176,MGC,1,1,0,0
7893,1.426900,1.539996,MGC,1,2,0,0
7894,1.375375,2.528994,MGC,1,2,0,0
7895,1.466505,1.769997,MGC,1,1,0,0
7896,1.593425,1.646589,MGC,2,1,0,0
7897,1.525562,1.465792,HWC,2,1,0,0
7898,1.170886,1.707113,MGC,1,1,0,0
7899,1.512033,1.636634,MGC,1,1,0,0
7900,1.303949,2.565626,MGC,2,1,0,0
7901,1.360558,1.945650,MGC,1,1,0,0
7902,1.340576,1.444741,MGC,2,1,0,0
7903,1.564252,1.705959,MGC,2,1,0,0
7904,1.753900,1.940948,MGC,1,1,0,0
7905,1.768262,1.759592,HWC,1,1,0,0
7906,1.747749,1.780837,MGC,2,3,0,0
7907,1.495000,1.942077,MGC,1,2,0,0
7908,1.314495,1.598383,MGC,1,1,0,0
7909,1.440077,1.680757,MGC,1,1,0,0
7910,1.408310,1.844836,MGC,1,1,0,0
7911,1.376365,1.730962,MGC,2,1,0,0
7912,1.474697,1.985681,MGC,2,2,0,0
7913,1.968266,1.727157,HWC,1,1,0,0
7914,1.494667,1.795008,MGC,3,3,0,0
7915,1.362402,1.455502,MGC,1,1,0,0
7916,1.336010,1.296222,HWC,1,1,0,0
7917,1.664745,1.686329,MGC,2,2,0,0
7918,1.447706,1.883827,MGC,1,2,0,0
7919,1.487299,1.651582,MGC,2,1,0,0
7920,1.508864,1.903806,MGC,1,2,0,0
7921,1.145471,1.805642,MGC,1,2,0,0
7922,1.459938,1.287519,HWC,2,1,0,0
7923,1.270834,1.292579,MGC,2,1,0,0
7924,1.372710,1.629110,MGC,1,2,0,0
7925,1.222290,1.423739,MGC,1,2,0,0
7926,1.314367,1.540488,MGC,5,1,0,0
7927,1.393890,1.370643,HWC,1,1,0,0
7928,1.711832,1.176171,HWC,2,1,0,0
7929,1.441779,1.452058,MGC,1,1,0,0
7930,1.321153,1.797249,MGC,2,2,0,0
7931,1.568856,1.727080,MGC,1,1,0,0
7932,1.433003,1.562887,MGC,1,1,0,0
7933,1.348568,1.461406,MGC,1,1,0,0
7934,1.421198,1.464311,MGC,1,1,0,0
7935,1.391876,1.767426,MGC,1,1,0,0
7936,1.379654,1.418572,MGC,1,1,0,0
7937,1.365319,1.739259,MGC,1,1,0,0
7938,1.364801,1.371860,MGC,1,1,0,0
7939,1.357836,1.446702,MGC,1,1,0,0
7940,1.390308,1.587602,MGC,1,1,0,0
7941,1.465995,2.478884,MGC,1,2,0,0
7942,1.387416,2.602075,MGC,1,1,0,0
7943,1.629483,2.075552,MGC,2,2,0,0
7944,1.587273,1.923951,MGC,1,1,0,0
7945,1.384925,1.737498,MGC,1,1,0,0
7946,1.495923,2.425461,MGC,1,1,0,0
7947,1.294067,2.432091,MGC,1,1,0,0
7948,1.415841,1.809477,MGC,2,1,0,0
7949,1.552949,1.716855,MGC,1,1,0,0
7950,1.900182,2.073661,MGC,1,1,0,0
7951,1.387669,1.606191,MGC,4,1,0,0
7952,1.559998,1.768113,MGC,2,4,0,0
7953,1.452714,1.690831,MGC,2,3,0,0
7954,1.175223,1.665183,MGC,1,1,0,0
7955,1.191902,1.602895,MGC,1,1,0,0
7956,1.180807,1.501227,MGC,1,1,0,0
7957,1.215304,1.518424,MGC,1,1,0,0
7958,1.369485,1.427979,MGC,2,1,0,0
7959,1.433050,1.833528,MGC,1,2,0,0
7960,1.461455,1.838507,MGC,1,2,0,0
7961,1.383656,1.818369,MGC,1,1,0,0
7962,1.690268,1.637429,HWC,1,2,0,0
7963,1.829068,1.746891,HWC,1,1,0,0
7964,1.397763,1.673089,MGC,1,1,0,0
7965,1.485006,1.443162,HWC,1,1,0,0
7966,1.708018,1.836761,MGC,1,1,0,0
7967,1.524074,1.734964,MGC,1,1,0,0
7968,1.209687,1.505306,MGC,1,1,0,0
7969,1.566382,2.044188,MGC,1,2,0,0
7970,1.677926,1.633859,HWC,1,1,0,0
7971,1.609980,1.368223,HWC,1,1,0,0
7972,1.363118,2.796836,MGC,1,2,0,0
7973,1.409358,2.332874,MGC,3,2,0,0
7974,1.628332,2.207456,MGC,1,1,0,0
7975,1.310942,2.039251,MGC,1,1,0,0
7976,1.382382,1.195333,HWC,1,1,0,0
7977,1.365833,1.629424,MGC,2,1,0,0
7978,1.700417,2.143385,MGC,1,1,0,0
7979,1.563058,1.678591,MGC,2,2,0,0
7980,2.175450,1.624468,HWC,1,2,0,0
7981,1.324339,1.974831,MGC,1,1,0,0
7982,1.275495,1.915357,MGC,1,2,0,0
7983,1.278510,1.483416,MGC,1,4,0,0
7984,1.463195,1.713292,MGC,1,2,0,0
7985,1.629778,1.646147,MGC,1,1,0,0
7986,1.566688,1.780108,MGC,1,1,0,0
7987,1.658933,1.969293,MGC,1,1,0,0
7988,1.395209,1.758926,MGC,2,1,0,0
7989,1.404036,1.867437,MGC,1,2,0,0
7990,1.876770,1.978859,MGC,1,2,0,0
7991,1.451275,2.395229,MGC,1,1,0,0
7992,1.555528,2.030604,MGC,1,1,0,0
7993,1.518880,1.604973,MGC,1,1,0,0
7994,1.314632,1.623543,MGC,1,1,0,0
7995,1.563359,1.969813,MGC,2,2,0,0
7996,1.377565,2.254216,MGC,1,1,0,0
7997,1.343599,1.553089,MGC,1,1,0,0
7998,1.387730,1.875812,MGC,1,1,0,0
7999,1.575487,2.053295,MGC,1,2,0,0
8000,1.589738,2.387014,MGC,1,1,0,0
8001,1.372146,1.771014,MGC,1,1,0,0
8002,1.553610,1.697571,MGC,1,2,0,0
8003,1.193472,1.473437,MGC,1,1,0,0
8004,1.381251,1.853174,MGC,2,2,0,0
8005,1.491390,1.741103,MGC,1,3,0,0
8006,1.419917,1.544805,MGC,1,3,0,0
8007,1.657073,1.870009,MGC,1,2,0,0
8008,1.492490,1.928778,MGC,1,1,0,0
8009,1.594650,1.988808,MGC,1,2,0,0
8010,1.700440,1.796349,MGC,2,1,0,0
8011,1.578964,1.939253,MGC,3,2,0,0
8012,1.794837,1.963043,MGC,1,1,0,0
8013,1.824092,2.121129,MGC,2,2,0,0
8014,1.442809,1.849960,MGC,2,2,0,0
8015,1.695179,2.016696,MGC,1,1,0,0
8016,1.403976,1.890307,MGC,2,3,0,0
8017,1.268455,1.603586,MGC,1,3,0,0
8018,1.292371,1.584664,MGC,1,3,0,0
8019,1.568220,1.947352,MGC,1,2,0,0
8020,1.557647,1.999115,MGC,2,3,0,0
8021,1.590063,1.304259,HWC,1,1,0,0
8022,1.646557,1.807964,MGC,1,1,0,0
8023,1.398071,2.087553,MGC,1,2,0,0
8024,1.605799,1.563513,HWC,1,2,0,0
8025,1.495400,2.022807,MGC,2,1,0,0
8026,1.255493,1.648107,MGC,1,1,0,0
8027,1.289182,1.406343,MGC,1,1,0,0
8028,1.271256,1.602189,MGC,1,1,0,0
8029,1.304300,1.565993,MGC,1,2,0,0
8030,1.285860,1.371909,MGC,1,1,0,0
8031,1.260844,1.313056,MGC,1,1,0,0
8032,1.279375,1.634469,MGC,1,1,0,0
8033,1.239684,1.425849,MGC,1,1,0,0
8034,1.249772,1.646571,MGC,1,1,0,0
8035,1.291665,1.569599,MGC,1,1,0,0
8036,1.265184,1.727440,MGC,1,1,0,0
8037,1.260877,1.379421,MGC,1,1,0,0
8038,1.227279,1.399094,MGC,1,1,0,0
8039,1.251188,1.421705,MGC,1,1,0,0
8040,1.245063,1.417650,MGC,1,1,0,0
8041,1.273856,1.469574,MGC,1,1,0,0
8042,1.197759,1.644365,MGC,1,1,0,0
8043,1.290976,1.704186,MGC,1,1,0,0
8044,1.276680,1.869804,MGC,1,1,0,0
8045,1.376886,1.528636,MGC,1,1,0,0
8046,1.305370,1.290054,HWC,1,1,0,0
8047,1.215368,1.628287,MGC,1,1,0,0
8048,1.203197,1.374978,MGC,1,1,0,0
8049,1.301047,1.467749,MGC,1,1,0,0
8050,1.369600,1.609716,MGC,1,1,0,0
8051,1.390779,1.620830,MGC,2,2,0,0
8052,1.471430,1.826174,MGC,2,2,0,0
8053,1.448054,1.459602,MGC,1,1,0,0
8054,1.397917,1.678258,MGC,1,2,0,0
8055,1.350956,1.762078,MGC,1,1,0,0
8056,1.360418,1.770565,MGC,1,1,0,0
8057,1.332368,1.689854,MGC,2,1,0,0
8058,1.384457,1.402739,MGC,1,2,0,0
8059,1.523249,1.464410,HWC,1,3,0,0
8060,1.657196,1.899470,MGC,1,1,0,0
8061,1.371185,1.510801,MGC,3,2,0,0
8062,1.413169,1.702036,MGC,1,2,0,0
8063,1.390974,1.922670,MGC,2,2,0,0
8064,1.295447,1.705819,MGC,1,2,0,0
8065,1.287044,1.575294,MGC,4,2,0,0
8066,1.527052,1.704924,MGC,2,2,0,0
8067,1.439673,2.081673,MGC,1,1,0,0
8068,1.434540,1.839411,MGC,1,3,0,0
8069,1.193802,1.823112,MGC,3,4,0,0
8070,1.567921,1.681962,MGC,1,1,0,0
8071,1.195044,1.951337,MGC,1,1,0,0
8072,1.244002,2.012359,MGC,1,1,0,0
8073,1.207843,2.135341,MGC,1,2,0,0
8074,1.674818,2.611840,MGC,1,1,0,0
8075,1.354753,1.890800,MGC,1,2,0,0
8076,1.164697,1.558949,MGC,1,2,0,0
8077,1.258772,1.596132,MGC,2,1,0,0
8078,1.105391,1.232026,MGC,1,1,0,0
8079,1.178465,1.577771,MGC,2,1,0,0
8080,1.369213,1.481878,MGC,2,3,0,0
8081,1.326536,1.743223,MGC,4,2,0,0
8082,1.557203,1.392793,HWC,1,1,0,0
8083,1.165638,1.529587,MGC,1,1,0,0
8084,1.150594,1.610895,MGC,1,1,0,0
8085,1.199198,1.662585,MGC,1,2,0,0
8086,1.237039,1.732409,MGC,1,3,0,0
8087,1.110475,1.686806,MGC,1,2,0,0
8088,1.860738,1.540272,HWC,1,1,0,0
8089,1.217586,1.653783,MGC,1,1,0,0
8090,1.425818,2.032462,MGC,6,2,0,0
8091,1.594874,1.748252,MGC,1,1,0,0
8092,1.344256,2.212949,MGC,2,2,0,0
8093,1.464790,1.783485,MGC,1,2,0,0
8094,1.132547,1.340490,MGC,1,1,0,0
8095,1.184578,1.544047,MGC,1,2,0,0
8096,1.379390,1.868534,MGC,1,1,0,0
8097,1.494606,1.725085,MGC,1,1,0,0
8098,1.213543,1.494310,MGC,1,1,0,0
8099,1.426383,1.760395,MGC,2,1,0,0
8100,1.104799,1.240827,MGC,1,1,0,0
8101,1.171710,1.816066,MGC,1,1,0,0
8102,1.151106,1.650047,MGC,1,2,0,0
8103,1.424972,1.610594,MGC,2,2,0,0
8104,1.310616,2.036344,MGC,1,1,0,0
8105,1.269158,1.570039,MGC,1,1,0,0
8106,1.508322,1.582111,MGC,1,1,0,0
8107,1.199655,1.734792,MGC,1,1,0,0
8108,1.085056,1.694646,MGC,1,1,0,0
8109,1.243064,1.734549,MGC,1,2,0,0
8110,1.549550,1.781640,MGC,1,1,0,0
8111,1.296067,1.645511,MGC,1,2,0,0
8112,1.348458,1.533005,MGC,2,3,0,0
8113,1.105618,1.530990,MGC,1,2,0,0
8114,1.117045,1.706671,MGC,1,1,0,0
8115,1.204332,1.535120,MGC,1,2,0,0
8116,1.197893,1.594998,MGC,1,1,0,0
8117,1.117063,1.433855,MGC,1,2,0,0
8118,1.350693,1.698123,MGC,1,1,0,0
8119,1.074074,1.333565,MGC,1,1,0,0
8120,1.126780,1.649390,MGC,1,1,0,0
8121,1.201723,1.353237,MGC,1,1,0,0
8122,1.281851,1.503884,MGC,1,2,0,0
8123,1.191460,1.511611,MGC,1,1,0,0
8124,1.538334,1.825272,MGC,1,1,0,0
8125,1.655884,1.922144,MGC,1,1,0,0
8126,1.324365,1.593445,MGC,2,2,0,0
8127,1.319111,1.600216,MGC,1,3,0,0
8128,1.192872,1.548375,MGC,1,3,0,0
8129,1.111823,1.483487,MGC,1,2,0,0
8130,1.093014,1.684692,MGC,1,3,0,0
8131,1.360207,2.015839,MGC,4,1,0,0
8132,1.243336,1.511605,MGC,1,2,0,0
8133,1.479932,1.709593,MGC,1,3,0,0
8134,1.231345,1.318133,MGC,1,1,0,0
8135,1.296145,1.534054,MGC,2,2,0,0
8136,1.359614,1.475567,MGC,5,3,0,0
8137,1.529652,1.684633,MGC,1,1,0,0
8138,1.216595,1.777955,MGC,1,1,0,0
8139,1.152718,1.804439,MGC,1,1,0,0
8140,1.162251,1.788362,MGC,1,1,0,0
8141,1.299804,1.713926,MGC,8,3,0,0
8142,1.220013,1.763157,MGC,5,2,0,0
8143,1.191745,1.358935,MGC,3,2,0,0
8144,1.388397,1.757874,MGC,5,2,0,0
8145,2.559380,2.427443,HWC,1,2,0,0
8146,1.656592,1.617717,HWC,1,2,0,0
8147,1.304974,1.663454,MGC,1,2,0,0
8148,1.319821,1.737657,MGC,3,2,0,0
8149,1.534060,2.000779,MGC,1,1,0,0
8150,1.380575,1.634835,MGC,3,1,0,0
8151,1.432697,1.642510,MGC,1,2,0,0
8152,1.272109,1.514438,MGC,2,1,0,0
8153,1.255120,1.514530,MGC,1,2,0,0
8154,1.268083,2.124070,MGC,1,1,0,0
8155,1.675406,1.516319,HWC,1,1,0,0
8156,1.059349,1.735793,MGC,1,2,0,0
8157,1.487815,1.454451,HWC,2,1,0,0
8158,1.425579,1.392818,HWC,1,1,0,0
8159,1.412670,1.725358,MGC,1,1,0,0
8160,1.339531,2.247531,MGC,1,1,0,0
8161,1.231821,1.817846,MGC,2,2,0,0
8162,1.243189,1.859527,MGC,5,2,0,0
8163,1.124235,1.952091,MGC,1,2,0,0
8164,1.402185,1.750679,MGC,2,2,0,0
8165,1.311995,3.316266,MGC,1,2,0,0
8166,2.183486,3.149688,MGC,1,2,0,0
8167,1.219576,1.444373,MGC,1,2,0,0
8168,2.004741,2.088114,MGC,1,2,0,0
8169,1.615512,1.649642,MGC,1,2,0,0
8170,1.614906,1.538482,HWC,1,1,0,0
8171,1.415227,1.506434,MGC,1,1,0,0
8172,1.557210,1.608024,MGC,1,1,0,0
8173,1.442656,1.550080,MGC,2,2,0,0
8174,1.349205,1.761959,MGC,1,2,0,0
8175,1.356306,1.590205,MGC,2,2,0,0
8176,1.424520,1.399586,HWC,1,1,0,0
8177,1.613646,1.393896,HWC,1,1,0,0
8178,1.544404,1.527989,HWC,1,1,0,0
8179,1.485181,2.169705,MGC,2,3,0,0
8180,1.415908,1.768179,MGC,2,1,0,0
8181,1.307164,1.671136,MGC,2,3,0,0
8182,1.358704,1.637340,MGC,2,3,0,0
8183,1.395791,1.587219,MGC,2,2,0,0
8184,1.312854,1.497528,MGC,2,1,0,0
8185,1.329313,1.671463,MGC,2,3,0,0
8186,1.257889,1.681133,MGC,3,1,0,0
8187,1.395669,1.625922,MGC,2,3,0,0
8188,1.461409,1.582503,MGC,1,1,0,0
8189,1.386430,1.501374,MGC,2,1,0,0
8190,1.406777,1.272137,HWC,2,1,0,0
8191,1.513088,1.852846,MGC,1,1,0,0
8192,1.290063,1.540132,MGC,1,1,0,0
8193,1.321013,1.567021,MGC,2,1,0,0
8194,1.248466,1.370444,MGC,4,1,0,0
8195,1.198037,1.676410,MGC,1,1,0,0
8196,1.329137,1.438767,MGC,1,1,0,0
8197,1.245837,1.647597,MGC,1,1,0,0
8198,1.255766,1.448376,MGC,1,1,0,0
8199,1.315122,1.674543,MGC,1,1,0,0
8200,1.365823,1.678936,MGC,1,2,0,0
8201,1.410226,1.692459,MGC,1,2,0,0
8202,1.369162,1.681954,MGC,1,1,0,0
8203,1.366227,1.527769,MGC,2,1,0,0
8204,1.403462,1.403686,MGC,1,1,0,0
8205,1.727197,1.509166,HWC,1,1,0,0
8206,1.247819,1.628730,MGC,1,1,0,0
8207,1.357848,1.599464,MGC,1,2,0,0
8208,1.356087,1.487338,MGC,2,2,0,0
8209,1.242671,1.581155,MGC,1,1,0,0
8210,1.413937,1.731694,MGC,2,2,0,0
8211,1.427156,1.901408,MGC,2,2,0,0
8212,1.466810,1.320145,HWC,1,1,0,0
8213,1.233942,1.589265,MGC,4,1,0,0
8214,1.431802,1.629614,MGC,1,2,0,0
8215,1.215952,1.310909,MGC,1,1,0,0
8216,1.391314,1.677046,MGC,1,1,0,0
8217,1.377839,1.773614,MGC,2,2,0,0
8218,1.487690,1.733378,MGC,1,1,0,0
8219,1.550745,1.817928,MGC,1,2,0,0
8220,1.701631,2.197594,MGC,1,2,0,0
8221,1.504146,1.400833,HWC,1,1,0,0
8222,1.407960,1.908958,MGC,2,2,0,0
8223,1.280422,1.297057,MGC,1,1,0,0
8224,1.263228,1.377077,MGC,1,1,0,0
8225,1.278917,1.832826,MGC,2,1,0,0
8226,1.423279,1.433294,MGC,1,2,0,0
8227,1.676926,1.592187,HWC,1,2,0,0
8228,1.385369,2.032242,MGC,1,2,0,0
8229,1.366892,1.682087,MGC,3,2,0,0
8230,1.242818,1.788281,MGC,5,2,0,0
8231,1.317408,1.811015,MGC,3,1,0,0
8232,1.207970,1.591006,MGC,1,1,0,0
8233,1.365886,1.616464,MGC,2,2,0,0
8234,1.369995,1.838111,MGC,4,1,0,0
8235,1.432564,1.610334,MGC,1,2,0,0
8236,1.520819,1.569629,MGC,2,3,0,0
8237,1.266277,1.384049,MGC,2,1,0,0
8238,1.228023,1.732508,MGC,1,1,0,0
8239,1.249196,1.632001,MGC,1,1,0,0
8240,1.323243,1.888560,MGC,1,1,0,0
8241,1.524132,2.450088,MGC,2,1,0,0
8242,1.514508,1.359795,HWC,1,1,0,0
8243,1.352620,1.497170,MGC,3,1,0,0
8244,1.671502,2.317838,MGC,1,1,0,0
8245,1.452970,1.698351,MGC,2,1,0,0
8246,1.385541,1.832840,MGC,1,1,0,0
8247,1.361121,2.003235,MGC,1,1,0,0
8248,1.349973,1.675047,MGC,1,2,0,0
8249,1.396387,1.761861,MGC,1,1,0,0
8250,1.227655,1.744591,MGC,1,4,0,0
8251,1.548516,1.462513,HWC,1,1,0,0
8252,1.354533,1.792178,MGC,1,2,0,0
8253,1.426782,1.599006,MGC,3,3,0,0
8254,1.354520,1.600048,MGC,1,1,0,0
8255,1.286893,1.549102,MGC,1,2,0,0
8256,1.255127,1.589246,MGC,1,2,0,0
8257,1.389350,1.781098,MGC,1,2,0,0
8258,1.415864,1.419132,MGC,1,1,0,0
8259,1.269557,1.505118,MGC,1,2,0,0
8260,1.194875,1.414052,MGC,1,1,0,0
8261,1.331023,1.099342,HWC,7,1,0,0
8262,2.055997,1.723030,HWC,1,1,0,0
8263,1.738387,2.014763,MGC,1,2,0,0
8264,2.045374,1.957165,HWC,1,1,0,0
8265,1.508204,1.854055,MGC,1,2,0,0
8266,1.704984,1.574130,HWC,1,1,0,0
8267,1.615777,2.109403,MGC,1,1,0,0
8268,1.461879,1.665592,MGC,1,2,0,0
8269,1.542351,1.569688,MGC,1,2,0,0
8270,1.281355,1.788420,MGC,1,1,0,0
8271,1.266508,1.833999,MGC,1,1,0,0
8272,1.457358,1.206310,HWC,1,1,0,0
8273,1.704197,1.552621,HWC,1,1,0,0
8274,1.368286,1.821212,MGC,1,2,0,0
8275,1.683818,1.462586,HWC,2,2,0,0
8276,1.229835,1.579873,MGC,1,1,0,0
8277,1.493908,1.771358,MGC,1,2,0,0
8278,1.600793,1.707404,MGC,1,2,0,0
8279,1.207580,1.832876,MGC,1,2,0,0
8280,1.592066,1.550993,HWC,2,1,0,0
8281,1.311581,1.653262,MGC,2,1,0,0
8282,1.268175,1.927445,MGC,1,1,0,0
8283,1.245639,1.343389,MGC,1,1,0,0
8284,1.381616,1.883814,MGC,1,1,0,0
8285,1.386755,1.678142,MGC,1,1,0,0
8286,1.571338,1.720639,MGC,1,1,0,0
8287,1.195679,1.742773,MGC,1,1,0,0
8288,1.182312,1.899515,MGC,1,1,0,0
8289,1.394320,1.919232,MGC,3,1,0,0
8290,1.642231,1.913375,MGC,1,2,0,0
8291,1.486762,1.442054,HWC,1,4,0,0
8292,1.465157,1.641449,MGC,1,2,0,0
8293,1.570790,1.649506,MGC,1,3,0,0
8294,1.446553,1.756872,MGC,3,1,0,0
8295,1.175436,1.691350,MGC,1,2,0,0
8296,1.295112,1.464283,MGC,1,1,0,0
8297,1.264999,1.407753,MGC,1,1,0,0
8298,1.435040,1.600556,MGC,1,2,0,0
8299,1.311515,2.008470,MGC,1,1,0,0
8300,1.489799,1.638602,MGC,3,2,0,0
8301,1.810955,1.690769,HWC,1,2,0,0
8302,1.425334,1.626719,MGC,2,1,0,0
8303,1.168443,1.788993,MGC,1,2,0,0
8304,1.160597,1.588645,MGC,1,2,0,0
8305,1.297527,1.898968,MGC,1,1,0,0
8306,1.480675,1.782446,MGC,1,1,0,0
8307,1.585656,1.462793,HWC,1,1,0,0
8308,1.437295,1.530412,MGC,1,2,0,0
8309,1.069287,1.320702,MGC,1,1,0,0
8310,1.104481,1.577326,MGC,1,2,0,0
8311,1.171637,1.487759,MGC,1,1,0,0
8312,1.339856,1.516248,MGC,1,1,0,0
8313,1.515105,1.499168,HWC,1,3,0,0
8314,1.435560,1.886766,MGC,2,3,0,0
8315,1.333404,1.608632,MGC,1,2,0,0
8316,1.381328,2.138712,MGC,1,1,0,0
8317,1.378025,1.529473,MGC,1,4,0,0
8318,1.275502,1.556442,MGC,1,2,0,0
8319,1.492851,1.703959,MGC,1,3,0,0
8320,1.473245,1.761871,MGC,1,2,0,0
8321,1.613885,1.858138,MGC,4,1,0,0
8322,1.172297,1.995358,MGC,1,1,0,0
8323,1.342450,1.568133,MGC,1,1,0,0
8324,1.384365,1.443301,MGC,1,1,0,0
8325,1.406384,1.998135,MGC,1,1,0,0
8326,1.479577,1.178249,HWC,1,1,0,0
8327,1.326561,1.685604,MGC,1,2,0,0
8328,1.132453,1.647594,MGC,1,2,0,0
8329,1.535056,1.766833,MGC,1,2,0,0
8330,1.490301,1.652627,MGC,1,4,0,0
8331,1.238292,1.886845,MGC,1,1,0,0
8332,1.677086,1.573069,HWC,1,1,0,0
8333,1.218571,1.465475,MGC,1,1,0,0
8334,1.478462,1.814976,MGC,1,2,0,0
8335,1.325807,1.426516,MGC,2,1,0,0
8336,1.250051,1.783798,MGC,1,1,0,0
8337,1.555218,1.984862,MGC,1,1,0,0
8338,1.288895,1.847810,MGC,1,1,0,0
8339,1.309315,1.483781,MGC,1,2,0,0
8340,1.220282,1.588663,MGC,1,2,0,0
8341,1.216850,1.706943,MGC,1,3,0,0
8342,1.324271,1.469729,MGC,1,1,0,0
8343,1.431142,1.502253,MGC,3,2,0,0
8344,1.526809,1.771858,MGC,2,1,0,0
8345,1.082166,1.561689,MGC,1,2,0,0
8346,1.243682,1.841160,MGC,1,1,0,0
8347,1.366670,2.168903,MGC,1,2,0,0
8348,1.465036,1.855974,MGC,1,2,0,0
8349,1.677955,1.454302,HWC,1,3,0,0
8350,1.414584,1.625193,MGC,1,1,0,0
8351,1.348592,1.605732,MGC,3,2,0,0
8352,1.338190,1.466747,MGC,1,1,0,0
8353,1.306346,2.520220,MGC,2,1,0,0
8354,1.290839,1.103520,HWC,1,1,0,0
8355,1.365577,1.546932,MGC,1,2,0,0
8356,1.190478,1.125898,HWC,1,1,0,0
8357,1.643782,1.825606,MGC,1,2,0,0
8358,1.500210,1.529622,MGC,1,1,0,0
8359,1.393980,1.397215,MGC,1,1,0,0
8360,1.467962,1.787312,MGC,1,2,0,0
8361,1.260331,1.779959,MGC,1,1,0,0
8362,1.185662,1.669456,MGC,1,1,0,0
8363,1.132862,1.590922,MGC,1,2,0,0
8364,1.390149,1.647338,MGC,1,1,0,0
8365,1.415163,1.605052,MGC,1,1,0,0
8366,1.191906,1.791244,MGC,1,2,0,0
8367,1.330917,1.936938,MGC,1,2,0,0
8368,1.106372,1.853347,MGC,1,1,0,0
8369,1.191301,1.416444,MGC,1,1,0,0
8370,1.186952,1.160954,HWC,1,1,0,0
8371,1.249195,1.583456,MGC,1,1,0,0
8372,1.204005,1.651208,MGC,1,1,0,0
8373,1.121831,1.453259,MGC,1,1,0,0
8374,1.140407,1.453844,MGC,1,2,0,0
8375,1.241700,1.337301,MGC,1,2,0,0
8376,1.159258,1.496050,MGC,1,2,0,0
8377,1.133457,1.465802,MGC,4,2,0,0
8378,1.234298,1.645489,MGC,1,2,0,0
8379,1.304891,1.769279,MGC,1,2,0,0
8380,1.175273,1.550243,MGC,1,2,0,0
8381,1.333077,1.530634,MGC,1,2,0,0
8382,1.284058,1.587783,MGC,1,2,0,0
8383,1.376240,1.510681,MGC,5,2,0,0
8384,1.393259,1.771889,MGC,5,2,0,0
8385,1.287842,1.790422,MGC,1,1,0,0
8386,1.216629,1.773819,MGC,1,2,0,0
8387,1.342837,1.520180,MGC,1,2,0,0
8388,1.125187,1.616859,MGC,1,3,0,0
8389,1.332142,1.159960,HWC,1,1,0,0
8390,1.651252,1.561911,HWC,1,1,0,0
8391,1.475811,1.185618,HWC,1,1,0,0
8392,1.330767,1.510283,MGC,1,1,0,0
8393,1.430110,2.064769,MGC,1,1,0,0
8394,1.483612,1.584719,MGC,2,2,0,0
8395,1.490263,1.595696,MGC,1,1,0,0
8396,1.488157,1.499417,MGC,1,1,0,0
8397,1.336856,1.208356,HWC,1,1,0,0
8398,1.413944,1.485506,MGC,1,2,0,0
8399,1.353684,1.812285,MGC,1,1,0,0
8400,1.625623,1.658211,MGC,1,1,0,0
8401,1.404321,1.844462,MGC,1,1,0,0
8402,1.297479,1.742144,MGC,2,1,0,0
8403,1.249665,1.938418,MGC,2,1,0,0
8404,1.346610,1.641600,MGC,2,1,0,0
8405,1.344172,1.538839,MGC,1,1,0,0
8406,1.288618,2.037350,MGC,1,1,0,0
8407,1.325183,1.598389,MGC,1,3,0,0
8408,1.255764,1.602640,MGC,6,3,0,0
8409,1.156095,1.760721,MGC,1,1,0,0
8410,1.281699,1.735199,MGC,1,2,0,0
8411,1.246737,1.700044,MGC,2,2,0,0
8412,1.238702,1.421201,MGC,1,1,0,0
8413,1.246550,1.355989,MGC,4,2,0,0
8414,1.337520,1.799950,MGC,3,2,0,0
8415,1.534585,2.490366,MGC,1,1,0,0
8416,1.584706,1.551834,HWC,2,2,0,0
8417,1.553042,1.301485,HWC,1,1,0,0
8418,1.357944,2.316828,MGC,2,1,0,0
8419,1.514967,1.565212,MGC,1,1,0,0
8420,1.435466,1.361435,HWC,1,1,0,0
8421,1.439011,1.697100,MGC,1,1,0,0
8422,1.584103,1.935694,MGC,2,2,0,0
8423,1.716580,1.743840,MGC,1,2,0,0
8424,2.007357,2.764139,MGC,1,1,0,0
8425,1.211035,1.462579,MGC,1,1,0,0
8426,1.473979,1.620882,MGC,2,2,0,0
8427,1.537073,1.492428,HWC,1,2,0,0
8428,1.346832,1.801892,MGC,1,1,0,0
8429,1.201229,1.548649,MGC,2,2,0,0
8430,1.197051,1.363296,MGC,1,1,0,0
8431,1.232910,1.210249,HWC,5,1,0,0
8432,1.136586,1.511784,MGC,6,1,0,0
8433,1.167119,1.350021,MGC,2,1,0,0
8434,1.475594,1.786094,MGC,2,1,0,0
8435,2.045263,1.898011,HWC,1,1,0,0
8436,1.576866,1.868325,MGC,1,1,0,0
8437,1.662780,2.490890,MGC,1,1,0,0
8438,1.366406,1.754670,MGC,1,1,0,0
8439,1.564763,1.703257,MGC,1,1,0,0
8440,1.261362,1.220680,HWC,1,1,0,0
8441,1.869094,1.982168,MGC,1,1,0,0
8442,1.323452,1.598976,MGC,2,2,0,0
8443,1.791372,1.519991,HWC,3,2,0,0
8444,1.699415,1.515429,HWC,1,1,0,0
8445,1.448333,1.501175,MGC,1,5,0,0
8446,1.536861,1.473926,HWC,1,2,0,0
8447,1.557669,1.605953,MGC,1,1,0,0
8448,1.241726,1.576507,MGC,3,1,0,0
8449,1.465217,1.958124,MGC,1,2,0,0
8450,1.635316,1.415660,HWC,2,1,0,0
8451,1.358339,1.508428,MGC,2,3,0,0
8452,1.512767,1.827577,MGC,1,1,0,0
8453,1.468284,1.458634,HWC,1,1,0,0
8454,1.402611,1.560037,MGC,1,4,0,0
8455,1.370375,1.576929,MGC,1,2,0,0
8456,1.371442,1.613063,MGC,2,2,0,0
8457,1.318459,1.793839,MGC,5,1,0,0
8458,1.339364,2.242425,MGC,2,1,0,0
8459,1.375155,1.846548,MGC,2,2,0,0
8460,1.669597,2.034243,MGC,1,1,0,0
8461,1.407105,1.698144,MGC,3,2,0,0
8462,1.877437,1.788712,HWC,2,2,0,0
8463,1.607350,1.680107,MGC,1,1,0,0
8464,1.535141,1.878070,MGC,1,2,0,0
8465,1.376234,1.777525,MGC,1,1,0,0
8466,1.406015,1.771278,MGC,1,2,0,0
8467,1.234564,1.663519,MGC,1,2,0,0
8468,1.249071,1.918433,MGC,1,1,0,0
8469,1.596155,1.880740,MGC,1,1,0,0
8470,1.615129,2.238061,MGC,1,2,0,0
8471,1.703389,2.345910,MGC,1,1,0,0
8472,1.233968,1.631784,MGC,1,2,0,0
8473,1.281216,1.512134,MGC,3,2,0,0
8474,1.538957,1.320186,HWC,1,1,0,0
8475,1.500353,1.459539,HWC,1,1,0,0
8476,1.482680,1.227305,HWC,1,1,0,0
8477,1.584671,1.707911,MGC,1,2,0,0
8478,1.487104,1.975426,MGC,2,2,0,0
8479,1.411108,1.819621,MGC,2,1,0,0
8480,1.397599,1.727885,MGC,3,1,0,0
8481,1.492117,1.793906,MGC,1,1,0,0
8482,1.603392,2.681513,MGC,1,1,0,0
8483,1.196509,1.480696,MGC,1,1,0,0
8484,1.626817,1.495959,HWC,2,1,0,0
8485,1.460305,1.419678,HWC,4,1,0,0
8486,1.543802,1.372962,HWC,2,1,0,0
8487,1.535595,1.530877,HWC,1,1,0,0
8488,1.502184,1.514812,MGC,2,1,0,0
8489,1.428047,1.188406,HWC,1,1,0,0
8490,1.292815,2.010055,MGC,2,2,0,0
8491,1.481641,2.330339,MGC,1,1,0,0
