line_num,human_npr,lm_npr,winner,human_n_chunks_scored,lm_n_chunks_scored,human_n_lowconf,lm_n_lowconf
1,1.476516,1.849212,MGC,1,1,0,0
10,1.258799,1.138777,HWC,1,1,0,0
100,1.234589,1.069986,HWC,1,1,0,0
1000,1.386555,1.262019,HWC,1,1,0,0
1001,1.293656,1.625601,MGC,1,1,0,0
1002,1.494982,1.159604,HWC,1,1,0,0
1003,1.121475,1.127699,MGC,1,1,0,0
1004,1.934719,1.614938,HWC,1,1,0,0
1006,1.531479,1.677675,MGC,1,1,0,0
1007,1.577671,1.090478,HWC,1,1,0,0
1008,1.215447,1.229455,MGC,1,1,0,0
101,1.334702,1.743627,MGC,1,2,0,0
1011,1.255540,1.313464,MGC,1,1,0,0
1012,1.233585,1.315160,MGC,1,1,0,0
1013,1.413950,2.102880,MGC,3,2,0,0
1014,1.378255,1.544358,MGC,1,1,0,0
1015,1.203459,1.583904,MGC,4,2,0,0
1016,1.554800,1.235160,HWC,1,1,0,0
1017,1.101838,1.158909,MGC,1,1,0,0
102,1.322298,1.650638,MGC,2,1,0,0
1023,1.306922,1.944679,MGC,3,1,0,0
1026,1.303933,1.152323,HWC,1,1,0,0
1027,1.493587,1.350428,HWC,1,1,0,0
1028,1.705658,1.189042,HWC,1,1,0,0
1030,1.328132,2.940517,MGC,4,3,0,0
1033,1.411252,1.419413,MGC,1,1,0,0
1038,1.274256,1.851783,MGC,3,2,0,0
1039,1.336593,1.447874,MGC,1,1,0,0
104,1.596525,1.233546,HWC,1,1,0,0
1040,1.551512,1.401856,HWC,2,1,0,0
1041,1.317182,2.650373,MGC,2,2,0,0
1046,1.313049,1.061969,HWC,1,1,0,0
1047,1.219580,1.173041,HWC,1,1,0,0
105,1.240488,1.058011,HWC,1,1,0,0
1051,1.473176,1.310569,HWC,1,1,0,0
1052,1.294160,1.497739,MGC,1,1,0,0
1054,1.409934,1.286956,HWC,3,1,0,0
1055,1.321628,1.549647,MGC,1,1,0,0
1056,1.381971,1.439327,MGC,1,1,0,0
1059,1.331863,1.187739,HWC,1,1,0,0
1063,1.227095,1.865930,MGC,1,1,0,0
1064,1.554939,1.472282,HWC,1,1,0,0
1066,1.447248,1.292957,HWC,1,1,0,0
1068,1.258386,1.194585,HWC,1,1,0,0
1069,1.380168,1.546149,MGC,1,1,0,0
107,1.107084,0.941634,HWC,1,3,0,0
1070,1.205024,1.351323,MGC,1,1,0,0
1071,1.339532,1.611285,MGC,3,3,0,0
1073,1.274815,1.365610,MGC,1,1,0,0
1076,1.280544,1.539198,MGC,1,1,0,0
1077,1.622073,1.691825,MGC,2,1,0,0
1079,1.288225,2.010944,MGC,1,1,0,0
1081,1.571002,1.368536,HWC,2,1,0,0
1082,1.072373,1.121715,MGC,1,1,0,0
1083,1.245056,1.857927,MGC,7,7,0,0
1085,1.197174,1.398184,MGC,3,1,0,0
1086,1.293307,1.304218,MGC,2,1,0,0
109,1.379407,1.503979,MGC,1,1,0,0
1090,1.457405,1.164482,HWC,1,1,0,0
1092,1.614929,1.595840,HWC,1,1,0,0
1093,1.964991,2.393311,MGC,2,1,0,0
1095,1.432963,1.450928,MGC,1,1,0,0
1096,1.256438,1.795655,MGC,3,1,0,0
1097,1.381254,1.152754,HWC,1,1,0,0
11,1.178538,1.095346,HWC,1,1,0,0
110,1.582112,2.502521,MGC,1,2,0,0
1100,1.386773,1.269773,HWC,1,1,0,0
1101,1.681781,1.250904,HWC,1,1,0,0
1104,1.493218,2.139430,MGC,1,3,0,0
1109,1.615554,1.632816,MGC,1,1,0,0
111,1.100438,1.428956,MGC,1,1,0,0
1110,1.532494,1.138886,HWC,1,1,0,0
1111,1.257079,1.829934,MGC,1,1,0,0
1112,1.348325,1.372641,MGC,1,1,0,0
1113,1.196795,1.556121,MGC,2,1,0,0
1114,1.332440,1.197991,HWC,3,1,0,0
1117,1.299390,1.652936,MGC,4,2,0,0
1120,1.227695,1.582315,MGC,3,2,0,0
1123,1.439531,1.433567,HWC,1,1,0,0
1124,1.177071,1.207824,MGC,1,1,0,0
1125,1.421235,1.441195,MGC,1,1,0,0
1126,1.271713,1.156221,HWC,1,1,0,0
1129,1.670502,1.154310,HWC,1,1,0,0
113,1.310267,1.755934,MGC,1,1,0,0
1130,1.351499,1.499712,MGC,1,1,0,0
1132,1.217182,1.235777,MGC,1,1,0,0
1133,1.212653,1.089266,HWC,1,1,0,0
1138,1.421388,1.931020,MGC,1,2,0,0
1139,1.368788,2.077950,MGC,1,1,0,0
1141,1.432325,1.625022,MGC,2,2,0,0
1142,1.212091,1.267549,MGC,1,1,0,0
1143,1.572530,1.472088,HWC,2,1,0,0
1144,1.082812,1.556439,MGC,1,1,0,0
1145,1.232080,1.479519,MGC,2,4,0,0
1146,1.589344,1.786099,MGC,1,1,0,0
1147,1.190490,1.208632,MGC,1,1,0,0
1149,1.254015,1.628811,MGC,1,1,0,0
115,1.461323,2.137061,MGC,2,1,0,0
1150,1.383668,1.065381,HWC,1,1,0,0
1151,1.273108,2.046065,MGC,1,1,0,0
1152,1.435529,1.335487,HWC,1,1,0,0
1153,1.345360,1.591867,MGC,1,2,0,0
1154,1.612238,1.685038,MGC,2,1,0,0
1156,1.267781,1.101854,HWC,2,1,0,0
1159,1.228523,1.182072,HWC,4,1,0,0
116,1.498775,1.094922,HWC,1,1,0,0
1161,1.129564,1.051923,HWC,1,1,0,0
1162,1.267315,1.312082,MGC,7,1,0,0
1163,1.272380,1.571475,MGC,4,2,0,0
1166,1.283944,1.757782,MGC,1,1,0,0
1168,1.353987,1.127251,HWC,1,1,0,0
117,1.419996,2.326256,MGC,5,2,0,0
1170,1.405196,2.514575,MGC,2,2,0,0
1171,1.410096,1.402625,HWC,2,1,0,0
1174,1.497919,1.638027,MGC,3,1,0,0
1175,1.227098,1.696042,MGC,2,1,0,0
1177,1.413634,1.469616,MGC,1,1,0,0
1178,1.529873,1.406817,HWC,1,1,0,0
118,1.285362,1.386068,MGC,2,1,0,0
1180,1.334165,1.898894,MGC,1,1,0,0
1181,1.279274,1.646672,MGC,1,1,0,0
1182,1.269255,1.172424,HWC,1,1,0,0
1183,1.305061,1.200085,HWC,1,1,0,0
1184,1.277286,2.117616,MGC,1,1,0,0
1186,1.365436,1.283476,HWC,1,1,0,0
1188,1.691513,1.089301,HWC,1,1,0,0
1189,1.167127,1.580472,MGC,1,1,0,0
119,1.377637,1.156222,HWC,1,1,0,0
1191,1.278684,1.626757,MGC,3,1,0,0
1193,1.360173,1.093049,HWC,3,1,0,0
1194,1.551542,1.726139,MGC,1,1,0,0
1195,1.422420,1.469289,MGC,2,1,0,0
1196,1.244543,1.494254,MGC,3,2,0,0
1197,1.509752,1.762941,MGC,1,1,0,0
1199,1.892812,1.256807,HWC,1,1,0,0
12,1.560065,1.404245,HWC,1,1,0,0
120,1.391489,1.628985,MGC,1,1,0,0
1200,1.235300,1.361086,MGC,2,3,0,0
1201,1.655588,1.172249,HWC,1,1,0,0
1202,1.304563,1.727802,MGC,2,1,0,0
1203,1.328380,1.247857,HWC,1,1,0,0
1207,1.216169,1.549814,MGC,1,1,0,0
1209,1.508576,1.451948,HWC,1,1,0,0
121,1.556922,1.615520,MGC,2,1,0,0
1212,1.516340,2.076371,MGC,1,2,0,0
1213,1.546847,1.150462,HWC,1,1,0,0
1214,1.387117,1.368803,HWC,1,1,0,0
1215,1.484654,1.059204,HWC,1,1,0,0
1216,1.209673,1.407410,MGC,1,1,0,0
1217,1.158196,1.535710,MGC,1,1,0,0
1218,1.250035,1.624816,MGC,4,1,0,0
1223,1.239199,1.896204,MGC,1,2,0,0
1224,1.074887,2.541425,MGC,3,4,0,0
1226,1.135263,1.159916,MGC,4,1,0,0
1227,1.245283,1.637573,MGC,1,1,0,0
1228,1.252064,1.508281,MGC,1,1,0,0
1229,1.111774,1.131851,MGC,1,1,0,0
1230,1.092176,1.243481,MGC,1,1,0,0
1234,1.680008,1.188627,HWC,1,1,0,0
1236,1.481790,1.415929,HWC,2,1,0,0
1237,1.226513,1.462030,MGC,1,1,0,0
1238,1.674075,1.560257,HWC,1,1,0,0
1239,1.303086,1.727166,MGC,1,1,0,0
1240,1.557126,1.837176,MGC,1,3,0,0
1241,1.404147,1.345042,HWC,1,1,0,0
1242,1.239435,1.254594,MGC,1,1,0,0
1244,1.409505,1.713920,MGC,3,2,0,0
1245,1.379890,2.562190,MGC,2,4,0,0
1246,1.738355,1.113243,HWC,1,1,0,0
1247,1.214285,1.925982,MGC,1,2,0,0
1248,1.345940,2.147610,MGC,1,1,0,0
1251,1.405822,2.253563,MGC,2,1,0,0
1252,1.265468,1.492396,MGC,3,1,0,0
1253,1.239210,1.108565,HWC,1,1,0,0
1255,1.274754,1.276194,MGC,1,1,0,0
1256,1.468048,1.191581,HWC,4,1,0,0
1257,1.298827,2.165303,MGC,2,2,0,0
1258,1.213196,1.765819,MGC,4,1,0,0
1259,1.414159,1.346936,HWC,2,1,0,0
126,1.439394,1.358746,HWC,1,1,0,0
1260,1.275956,1.216220,HWC,1,1,0,0
1263,1.220879,1.435771,MGC,1,1,0,0
1265,1.845617,2.609986,MGC,3,2,0,0
1266,1.217017,1.335782,MGC,3,1,0,0
1267,1.627983,1.923540,MGC,1,1,0,0
1268,1.168989,1.392616,MGC,1,1,0,0
127,1.236880,1.420056,MGC,1,1,0,0
1270,1.307957,1.464089,MGC,2,1,0,0
1271,1.406580,1.615338,MGC,2,1,0,0
1272,1.480452,1.552641,MGC,1,1,0,0
1274,1.701984,1.980522,MGC,1,1,0,0
1277,1.338673,1.040196,HWC,1,1,0,0
128,1.439591,1.355204,HWC,1,1,0,0
1280,1.359042,1.577271,MGC,1,1,0,0
1281,1.124424,1.233214,MGC,1,1,0,0
1282,1.198650,1.168140,HWC,2,1,0,0
1284,1.194170,1.244436,MGC,1,1,0,0
1285,1.401040,2.274569,MGC,1,3,0,0
1286,1.168984,2.170913,MGC,2,1,0,0
1288,1.359271,1.746729,MGC,2,2,0,0
129,1.224529,1.734842,MGC,4,1,0,0
1290,1.100417,1.074211,HWC,1,1,0,0
1294,1.338172,1.062678,HWC,1,1,0,0
1296,1.482117,1.145322,HWC,2,1,0,0
1297,1.342238,1.672549,MGC,7,1,0,0
1299,1.263892,1.232075,HWC,1,1,0,0
130,1.737501,1.503821,HWC,1,1,0,0
1300,1.369496,1.148744,HWC,1,1,0,0
1302,1.237154,1.060218,HWC,1,1,0,0
1303,1.381020,1.953915,MGC,2,1,0,0
1304,1.386840,1.606617,MGC,1,1,0,0
1305,1.921608,2.083147,MGC,1,1,0,0
1306,1.432404,2.451865,MGC,1,1,0,0
1307,1.949757,1.513270,HWC,1,1,0,0
1308,1.375178,1.465958,MGC,2,1,0,0
1309,1.435154,1.289926,HWC,1,1,0,0
131,1.305003,1.321101,MGC,1,1,0,0
1311,1.488198,1.954742,MGC,3,1,0,0
1313,1.244545,1.308602,MGC,1,1,0,0
1314,1.043141,1.380963,MGC,1,1,0,0
1315,1.446938,1.730950,MGC,2,1,0,0
1317,1.274529,1.623664,MGC,1,1,0,0
1318,1.235420,1.512167,MGC,2,1,0,0
1319,1.256199,1.368373,MGC,2,1,0,0
132,1.372465,1.091013,HWC,2,1,0,0
1320,1.267768,1.508468,MGC,2,1,0,0
1322,1.366726,1.580718,MGC,2,1,0,0
1323,1.475355,1.721032,MGC,1,1,0,0
1324,1.393902,1.671392,MGC,1,1,0,0
1325,1.409743,1.695385,MGC,2,2,0,0
1327,1.106401,1.030967,HWC,1,1,0,0
1328,1.265417,1.137367,HWC,4,1,0,0
1329,1.365806,1.273703,HWC,1,1,0,0
133,1.243682,1.379762,MGC,1,1,0,0
1334,1.999039,1.994742,HWC,1,1,0,0
1335,1.432125,1.627551,MGC,2,1,0,0
1336,1.500849,1.744235,MGC,1,1,0,0
1338,1.416151,1.110539,HWC,1,1,0,0
1339,1.698054,1.830041,MGC,1,1,0,0
134,1.360758,1.526855,MGC,1,1,0,0
1340,1.433118,1.174867,HWC,1,1,0,0
1345,1.378419,1.080880,HWC,1,1,0,0
1347,1.423178,1.869770,MGC,1,3,0,0
1349,1.141658,1.137154,HWC,1,1,0,0
135,1.154465,1.890546,MGC,1,1,0,0
1350,1.279204,1.632007,MGC,1,1,0,0
1351,1.184461,1.642749,MGC,1,1,0,0
1352,1.117241,1.053029,HWC,1,1,0,0
1353,1.605206,1.081571,HWC,1,1,0,0
1354,1.472601,1.496210,MGC,2,1,0,0
1356,1.607773,1.171182,HWC,1,1,0,0
1357,1.189415,2.172792,MGC,1,4,0,0
1359,1.486478,1.618749,MGC,1,1,0,0
136,1.257027,1.081166,HWC,1,1,0,0
1360,1.324712,1.690455,MGC,1,1,0,0
1361,1.289864,1.387624,MGC,1,1,0,0
1363,1.197496,1.477570,MGC,1,1,0,0
1364,1.338823,1.432887,MGC,4,1,0,0
1367,1.290803,1.440454,MGC,1,1,0,0
1368,1.266439,1.607818,MGC,5,5,0,0
1371,1.151791,1.048454,HWC,1,1,0,0
1372,1.322886,1.413742,MGC,1,2,0,0
1373,1.422065,1.564643,MGC,3,1,0,0
1375,1.235834,1.192555,HWC,3,1,0,0
1378,1.530281,1.158790,HWC,2,1,0,0
138,1.284162,1.101505,HWC,1,1,0,0
1380,1.465435,1.645875,MGC,2,1,0,0
1381,1.311866,1.723731,MGC,2,1,0,0
1382,1.214591,1.375126,MGC,2,1,0,0
1383,1.544424,1.513098,HWC,1,1,0,0
1388,1.293948,1.418335,MGC,1,1,0,0
1389,1.283955,1.047698,HWC,1,1,0,0
1391,1.449631,1.172259,HWC,1,1,0,0
1392,1.139664,1.307576,MGC,1,1,0,0
1393,1.210911,1.388009,MGC,1,1,0,0
1395,1.131315,1.415535,MGC,1,1,0,0
1399,1.358194,1.658747,MGC,4,1,0,0
140,1.388332,1.147683,HWC,1,1,0,0
1400,1.336311,1.528054,MGC,2,3,0,0
1401,1.323479,1.207850,HWC,3,1,0,0
1402,1.249071,1.528217,MGC,9,2,0,0
1404,1.503218,1.396602,HWC,1,1,0,0
1405,1.304928,1.439308,MGC,2,1,0,0
1406,1.299105,1.573239,MGC,3,1,0,0
1407,1.474471,1.269145,HWC,1,1,0,0
1408,1.284755,1.142901,HWC,1,1,0,0
1410,1.346997,1.061378,HWC,1,1,0,0
1411,1.402943,1.495507,MGC,5,1,0,0
1413,1.392258,2.217341,MGC,1,1,0,0
1414,1.239780,1.034268,HWC,1,1,0,0
1415,1.304644,1.257633,HWC,1,1,0,0
1417,1.682824,2.419653,MGC,1,1,0,0
1418,1.241378,2.274829,MGC,2,2,0,0
1419,1.256642,1.604476,MGC,1,1,0,0
142,1.424424,1.254692,HWC,2,1,0,0
1421,1.361805,1.236207,HWC,1,1,0,0
1422,1.311497,1.594757,MGC,2,1,0,0
1423,1.297232,1.476007,MGC,6,8,0,0
1428,1.248310,1.760069,MGC,1,1,0,0
1429,1.320291,1.795323,MGC,2,1,0,0
1435,1.325519,1.384263,MGC,2,1,0,0
1438,1.412813,1.366408,HWC,1,1,0,0
1441,1.231385,1.121395,HWC,1,1,0,0
1442,1.341452,1.881162,MGC,1,1,0,0
1444,1.268904,1.573211,MGC,2,2,0,0
1445,1.317995,1.571011,MGC,2,1,0,0
1448,1.758551,1.662421,HWC,1,1,0,0
1449,1.471408,1.183055,HWC,1,1,0,0
145,1.352749,1.371289,MGC,1,1,0,0
1450,1.452993,1.641821,MGC,3,1,0,0
1452,1.190768,1.111925,HWC,1,1,0,0
1453,1.456968,1.769963,MGC,2,1,0,0
1456,1.342738,1.439040,MGC,2,1,0,0
1457,1.355195,1.544374,MGC,1,1,0,0
1458,1.226599,1.117390,HWC,1,1,0,0
1460,1.688702,2.083249,MGC,1,1,0,0
1465,1.373234,1.669610,MGC,1,1,0,0
1466,1.550601,1.582315,MGC,1,1,0,0
1467,1.477782,1.336099,HWC,1,1,0,0
1468,1.159023,1.243454,MGC,1,1,0,0
1469,1.232179,1.453174,MGC,1,1,0,0
1470,1.354492,1.844023,MGC,3,1,0,0
1471,1.447665,1.679828,MGC,2,1,0,0
1472,1.159175,1.431126,MGC,1,3,0,0
1473,1.184140,1.836704,MGC,1,1,0,0
1476,1.142041,2.104850,MGC,4,3,0,0
1478,1.304418,1.161689,HWC,3,1,0,0
1479,1.705947,1.678111,HWC,1,1,0,0
148,1.278004,1.483087,MGC,3,1,0,0
1480,1.295737,1.978037,MGC,2,3,0,0
1481,1.383513,1.377572,HWC,2,1,0,0
1482,1.708333,1.163196,HWC,1,1,0,0
1484,1.555768,1.542575,HWC,1,1,0,0
1485,1.198685,1.079788,HWC,1,1,0,0
1486,1.581352,1.713625,MGC,1,2,0,0
1487,1.257151,1.853023,MGC,1,1,0,0
1488,1.461988,1.431065,HWC,2,2,0,0
1489,1.407257,1.742239,MGC,2,1,0,0
1490,1.651221,1.460688,HWC,1,1,0,0
1492,1.266303,1.558906,MGC,4,1,0,0
1493,1.291647,2.606286,MGC,7,1,0,0
1494,1.206980,2.588907,MGC,1,2,0,0
1496,1.312266,1.050254,HWC,2,1,0,0
150,1.645038,1.602318,HWC,2,2,0,0
1502,1.132254,1.288377,MGC,8,2,0,0
1504,1.468852,1.461233,HWC,1,1,0,0
1505,1.157585,1.557907,MGC,1,1,0,0
1506,1.382951,1.080502,HWC,1,1,0,0
1508,1.325942,1.153666,HWC,1,1,0,0
1510,1.330129,1.095380,HWC,1,1,0,0
1511,1.289661,1.090337,HWC,1,1,0,0
1513,1.451303,1.048599,HWC,1,1,0,0
1514,1.422610,1.787446,MGC,1,2,0,0
1515,1.134115,1.464906,MGC,1,1,0,0
1516,1.181319,1.712772,MGC,1,1,0,0
1517,1.234346,1.517074,MGC,1,2,0,0
1518,1.261615,1.585383,MGC,2,2,0,0
152,1.145993,1.299818,MGC,1,1,0,0
1520,1.138097,1.256716,MGC,1,1,0,0
1521,1.332986,3.243994,MGC,2,3,0,0
1522,1.244862,1.194570,HWC,1,1,0,0
1526,1.281908,1.648275,MGC,2,1,0,0
1527,1.140317,1.099962,HWC,1,1,0,0
1529,1.458160,1.229010,HWC,2,1,0,0
153,1.602237,1.553586,HWC,1,1,0,0
1530,1.458403,1.540885,MGC,2,2,0,0
1531,1.285061,1.487221,MGC,1,1,0,0
1532,1.587528,1.677436,MGC,2,2,0,0
1534,1.456696,1.036429,HWC,1,1,0,0
1535,1.233973,1.148671,HWC,1,1,0,0
1536,1.406642,1.843019,MGC,1,1,0,0
1537,1.269999,1.185692,HWC,2,1,0,0
1538,1.365780,1.647776,MGC,1,1,0,0
1539,1.338879,1.434114,MGC,1,1,0,0
1541,1.316799,2.283657,MGC,2,2,0,0
1543,1.516619,2.103872,MGC,1,1,0,0
1544,1.791639,1.079488,HWC,1,1,0,0
1547,1.181020,1.147573,HWC,1,1,0,0
1548,1.136694,1.484877,MGC,1,1,0,0
1549,1.315160,1.179830,HWC,1,1,0,0
155,1.447746,1.624860,MGC,1,1,0,0
1552,1.338785,1.026878,HWC,3,1,0,0
1556,1.092311,3.052821,MGC,5,4,0,0
156,1.282971,1.076476,HWC,1,1,0,0
1561,1.243473,1.424944,MGC,1,1,0,0
1562,1.290865,1.401120,MGC,1,2,0,0
1564,1.304954,1.362102,MGC,1,1,0,0
1569,1.355130,1.064708,HWC,1,1,0,0
1570,1.436136,1.714691,MGC,1,1,0,0
1571,1.267698,1.323801,MGC,1,1,0,0
1574,1.227748,1.725306,MGC,1,1,0,0
1575,1.320825,1.765884,MGC,2,1,0,0
1576,1.218399,1.149840,HWC,1,1,0,0
1577,1.116524,1.104338,HWC,1,1,0,0
1578,1.245746,1.464810,MGC,1,1,0,0
158,1.251834,2.845273,MGC,4,4,0,0
1580,1.312483,1.173484,HWC,3,1,0,0
1583,1.252303,1.120430,HWC,1,1,0,0
1584,1.248003,2.059518,MGC,6,1,0,0
1587,1.424239,2.044631,MGC,5,1,0,0
1589,1.510449,1.566691,MGC,1,1,0,0
1590,1.344308,1.605915,MGC,3,1,0,0
1591,1.637106,1.635549,HWC,1,7,0,0
1593,1.352844,1.822236,MGC,5,2,0,0
1595,1.312773,1.048496,HWC,2,1,0,0
1596,1.303041,1.576955,MGC,1,1,0,0
1597,1.271075,1.249116,HWC,1,1,0,0
1599,1.353700,2.164578,MGC,1,1,0,0
16,1.871321,2.262980,MGC,1,1,0,0
1600,1.300812,1.353896,MGC,2,1,0,0
1601,1.138507,1.394222,MGC,1,1,0,0
1603,1.303287,1.334744,MGC,1,1,0,0
1606,1.132299,1.115493,HWC,1,1,0,0
1608,1.348903,1.282747,HWC,2,1,0,0
1615,1.241260,1.809490,MGC,1,2,0,0
1616,1.316102,1.530428,MGC,2,1,0,0
1617,1.560015,1.869241,MGC,1,1,0,0
1618,1.181964,1.491020,MGC,1,1,0,0
162,1.688816,1.655327,HWC,1,1,0,0
1620,1.328594,1.080854,HWC,1,1,0,0
1621,1.345718,1.378638,MGC,1,1,0,0
1625,1.595509,1.946032,MGC,1,2,0,0
1626,1.119775,1.077309,HWC,1,1,0,0
1628,1.328447,1.300818,HWC,2,1,0,0
1629,1.283837,2.441387,MGC,1,3,0,0
163,1.581315,1.547383,HWC,2,1,0,0
1630,1.312987,1.855031,MGC,4,1,0,0
1631,1.190481,1.514568,MGC,1,1,0,0
1632,1.406385,1.527032,MGC,1,1,0,0
1633,1.433872,1.451169,MGC,1,1,0,0
1635,1.191289,1.555357,MGC,1,1,0,0
1636,1.273658,1.264986,HWC,1,1,0,0
1637,1.240926,1.225503,HWC,2,2,0,0
1638,1.379621,1.910658,MGC,2,1,0,0
1639,1.231809,1.337568,MGC,1,1,0,0
1642,1.503094,1.093225,HWC,1,1,0,0
1646,1.279220,1.511117,MGC,1,1,0,0
1647,1.277910,2.035777,MGC,1,1,0,0
1648,1.339059,1.403955,MGC,2,1,0,0
1649,1.320360,1.596705,MGC,1,1,0,0
1650,1.300976,1.343675,MGC,1,1,0,0
1651,1.087418,1.140587,MGC,1,1,0,0
1653,1.258310,1.452580,MGC,3,1,0,0
1655,1.541405,1.952389,MGC,1,1,0,0
1656,1.351321,1.637665,MGC,1,1,0,0
166,1.178300,1.064410,HWC,1,1,0,0
1662,1.373813,1.761451,MGC,1,1,0,0
1663,1.314107,1.582209,MGC,1,1,0,0
1664,1.098689,1.431052,MGC,1,1,0,0
1668,1.161243,1.573314,MGC,1,1,0,0
1669,1.224201,1.342711,MGC,3,1,0,0
167,1.369115,1.336959,HWC,2,1,0,0
1670,1.300002,1.494778,MGC,1,1,0,0
1671,1.366371,1.293848,HWC,1,1,0,0
1673,1.364850,1.664339,MGC,1,1,0,0
1674,1.579349,1.584868,MGC,1,1,0,0
1676,1.400764,1.532802,MGC,1,1,0,0
1677,1.325471,1.677954,MGC,3,2,0,0
1678,1.343149,1.369752,MGC,1,1,0,0
1680,1.442729,2.040073,MGC,2,2,0,0
1681,1.353637,1.625108,MGC,2,1,0,0
1683,1.224699,1.323663,MGC,1,2,0,0
1684,1.405388,1.457694,MGC,8,1,0,0
1685,1.191715,1.064286,HWC,4,1,0,0
1686,1.271802,1.071543,HWC,1,1,0,0
1689,1.220909,1.275254,MGC,1,1,0,0
1691,1.547804,1.852072,MGC,2,2,0,0
1692,1.304154,1.481721,MGC,4,3,0,0
1693,1.131852,1.129593,HWC,1,1,0,0
1694,1.317837,1.456984,MGC,1,2,0,0
1695,1.533991,1.545427,MGC,2,3,0,0
1697,1.310401,1.325490,MGC,3,1,0,0
1699,1.305108,1.066771,HWC,1,1,0,0
17,2.135210,2.204276,MGC,2,1,0,0
1700,1.485872,1.239985,HWC,1,1,0,0
1701,1.241886,1.347261,MGC,1,1,0,0
1702,1.256067,1.562967,MGC,2,1,0,0
1703,1.392120,1.611153,MGC,2,1,0,0
1705,1.266811,1.525006,MGC,2,1,0,0
1706,1.417086,1.180210,HWC,1,1,0,0
1707,1.231173,1.475341,MGC,7,1,0,0
1708,1.460100,1.068337,HWC,2,1,0,0
1709,1.412143,1.485327,MGC,2,1,0,0
1717,1.248287,1.199368,HWC,1,1,0,0
1718,1.338757,1.378940,MGC,1,1,0,0
1719,1.250035,1.847917,MGC,1,1,0,0
1720,1.366817,2.520745,MGC,1,1,0,0
1721,1.297817,1.028908,HWC,2,1,0,0
1722,1.979545,1.128515,HWC,1,1,0,0
1723,1.250610,1.895441,MGC,1,1,0,0
1724,1.366922,1.834327,MGC,2,2,0,0
1726,1.283557,1.419275,MGC,4,1,0,0
1729,1.633626,1.315010,HWC,2,1,0,0
173,1.283871,1.870430,MGC,2,3,0,0
1732,1.177103,1.131660,HWC,1,1,0,0
1733,1.553420,1.519154,HWC,1,1,0,0
1734,1.336793,2.423477,MGC,1,1,0,0
1736,1.410248,1.301041,HWC,1,1,0,0
1737,1.528089,2.018395,MGC,2,1,0,0
1738,2.126967,2.135771,MGC,1,1,0,0
174,1.313369,1.651656,MGC,3,1,0,0
1740,1.243709,1.098322,HWC,1,1,0,0
1742,1.150145,1.756616,MGC,1,4,0,0
1746,1.256173,1.402518,MGC,1,1,0,0
1747,2.399951,1.836522,HWC,1,2,0,0
1748,1.634507,2.118484,MGC,6,2,0,0
1751,1.569323,1.507780,HWC,1,1,0,0
1753,1.266200,1.567095,MGC,2,1,0,0
1756,1.369901,1.100518,HWC,1,1,0,0
1757,1.272275,1.047336,HWC,1,1,0,0
1758,1.280263,1.579617,MGC,1,1,0,0
1759,1.375977,1.682849,MGC,2,1,0,0
176,1.508505,1.103726,HWC,1,1,0,0
1760,1.424426,1.965410,MGC,2,3,0,0
1761,1.567222,1.144596,HWC,1,1,0,0
1762,1.190349,1.057132,HWC,1,1,0,0
1763,1.584360,1.632707,MGC,2,1,0,0
1765,1.288210,1.541979,MGC,1,1,0,0
1766,1.355416,1.960782,MGC,2,2,0,0
1768,1.626914,1.698001,MGC,1,1,0,0
1769,1.259713,1.772703,MGC,2,3,0,0
177,1.455851,1.252590,HWC,1,1,0,0
1770,1.232648,2.258159,MGC,1,1,0,0
1771,1.251664,1.618377,MGC,4,4,0,0
1772,1.303530,1.765732,MGC,6,1,0,0
1773,1.278994,1.547753,MGC,1,1,0,0
1775,1.490440,0.990305,HWC,1,1,0,0
1777,1.172321,1.485858,MGC,1,1,0,0
1780,1.964672,1.877326,HWC,1,1,0,0
1782,1.285991,1.848894,MGC,5,2,0,0
1783,1.206565,1.560922,MGC,1,1,0,0
1786,1.464472,1.910173,MGC,2,1,0,0
1787,1.150300,1.034562,HWC,1,1,0,0
1788,1.385956,1.109711,HWC,1,1,0,0
1789,1.646216,2.226521,MGC,2,1,0,0
1790,1.584670,1.868390,MGC,1,1,0,0
1792,1.206509,1.459644,MGC,1,1,0,0
1795,1.394903,1.439811,MGC,1,1,0,0
1796,1.350176,1.349616,HWC,2,1,0,0
1797,1.303281,1.780651,MGC,1,1,0,0
1799,1.257116,1.706232,MGC,2,3,0,0
18,1.123574,1.568652,MGC,3,1,0,0
180,1.190211,1.700397,MGC,3,1,0,0
1800,1.775377,1.480096,HWC,1,1,0,0
1801,1.428994,1.824213,MGC,3,3,0,0
1802,1.778058,1.860179,MGC,2,2,0,0
1803,1.387656,1.398355,MGC,1,1,0,0
1804,1.334552,1.520323,MGC,1,1,0,0
1805,1.276351,1.663659,MGC,3,2,0,0
1806,1.395463,1.873197,MGC,3,1,0,0
1809,1.364411,1.147502,HWC,4,1,0,0
181,1.267259,1.434613,MGC,2,1,0,0
1811,1.126427,1.087463,HWC,1,1,0,0
1813,1.450960,1.241830,HWC,2,1,0,0
1814,1.123579,1.262946,MGC,1,1,0,0
1818,1.368675,1.252819,HWC,1,1,0,0
1819,1.196557,1.359049,MGC,1,1,0,0
182,1.184291,1.247285,MGC,1,1,0,0
1820,1.474616,1.649002,MGC,2,1,0,0
1821,1.451074,1.529995,MGC,1,1,0,0
1822,1.170161,1.165381,HWC,1,1,0,0
1823,1.402817,1.796596,MGC,1,1,0,0
1824,1.101239,1.864284,MGC,1,1,0,0
1826,1.118970,1.166135,MGC,1,1,0,0
1827,1.146446,1.303524,MGC,2,1,0,0
183,1.174590,1.650564,MGC,1,1,0,0
1830,1.302142,1.186273,HWC,3,1,0,0
1831,1.435984,1.153523,HWC,1,1,0,0
1833,1.207246,2.661534,MGC,1,2,0,0
1834,1.150973,1.133283,HWC,1,1,0,0
1835,1.482627,1.081565,HWC,1,1,0,0
1836,1.342512,1.862587,MGC,3,3,0,0
1837,1.210055,1.097664,HWC,1,1,0,0
1838,1.231178,1.353985,MGC,1,1,0,0
1839,1.425318,1.480466,MGC,1,1,0,0
1843,1.571340,1.261413,HWC,1,1,0,0
1844,1.468194,1.737734,MGC,2,1,0,0
1845,1.401403,1.036306,HWC,1,1,0,0
1848,1.126247,1.053170,HWC,1,1,0,0
1849,1.214987,1.153368,HWC,1,1,0,0
185,1.262080,1.354705,MGC,2,1,0,0
1851,1.272764,1.245317,HWC,3,1,0,0
1852,1.303715,1.096207,HWC,1,1,0,0
1853,1.713819,1.360300,HWC,2,1,0,0
1855,1.927534,2.348973,MGC,2,2,0,0
1856,1.301541,1.480384,MGC,2,1,0,0
1857,1.120540,1.279982,MGC,1,1,0,0
186,1.216009,1.233526,MGC,1,1,0,0
1860,1.229992,1.038994,HWC,1,1,0,0
1863,1.551201,1.454252,HWC,1,2,0,0
1864,1.379436,1.504379,MGC,1,1,0,0
1865,1.583166,1.455476,HWC,1,1,0,0
1869,1.905721,1.864416,HWC,1,1,0,0
187,1.172087,1.468503,MGC,1,1,0,0
1871,1.350127,1.280281,HWC,1,1,0,0
1873,1.221694,1.097872,HWC,1,1,0,0
1875,1.657439,1.526061,HWC,1,1,0,0
1876,1.279211,1.412133,MGC,1,1,0,0
1878,1.470212,1.541348,MGC,1,1,0,0
1879,1.202186,1.317765,MGC,1,1,0,0
1880,1.192363,1.519769,MGC,5,2,0,0
1881,1.167800,1.271701,MGC,1,1,0,0
1884,1.280783,1.893807,MGC,5,5,0,0
1885,1.151056,1.149200,HWC,1,1,0,0
1886,1.276067,1.443231,MGC,1,1,0,0
1888,1.589948,1.013167,HWC,1,1,0,0
1889,1.358114,1.101841,HWC,2,1,0,0
189,1.847198,1.258263,HWC,1,1,0,0
1891,1.310193,1.101519,HWC,1,1,0,0
1892,1.303397,1.304410,MGC,4,1,0,0
1893,1.280271,1.627457,MGC,1,1,0,0
1895,1.261050,1.444619,MGC,1,1,0,0
1896,1.282900,1.393473,MGC,2,1,0,0
1897,1.282902,1.604589,MGC,3,2,0,0
1899,1.286539,1.230756,HWC,3,1,0,0
19,1.391587,1.165165,HWC,1,1,0,0
190,1.361235,1.630091,MGC,1,1,0,0
1900,1.205089,1.374751,MGC,9,3,0,0
1901,1.237233,1.515872,MGC,6,1,0,0
1902,1.522526,2.098337,MGC,1,1,0,0
1908,1.557560,1.595654,MGC,2,1,0,0
1909,1.192148,1.502304,MGC,1,1,0,0
1910,1.264468,1.958497,MGC,7,1,0,0
1911,1.438906,1.700353,MGC,1,1,0,0
1912,1.268810,1.299802,MGC,2,1,0,0
1914,1.206325,1.458382,MGC,1,1,0,0
1915,1.371797,1.644079,MGC,1,1,0,0
1917,1.366858,1.867251,MGC,3,5,0,0
1918,1.344982,1.599261,MGC,1,2,0,0
1919,1.671332,2.142882,MGC,2,1,0,0
192,1.470496,2.156543,MGC,2,1,0,0
1920,1.187732,1.041681,HWC,1,1,0,0
1921,1.276056,1.888806,MGC,1,1,0,0
1924,1.317796,1.539994,MGC,1,1,0,0
1925,1.253559,1.178903,HWC,1,1,0,0
1926,1.329488,1.390082,MGC,3,1,0,0
1929,1.425943,1.476390,MGC,1,1,0,0
1930,1.277514,1.801805,MGC,4,1,0,0
1932,1.261835,1.739675,MGC,1,1,0,0
1933,1.146023,1.085675,HWC,2,1,0,0
1935,1.261157,1.420089,MGC,1,1,0,0
1936,1.275415,2.020811,MGC,2,1,0,0
1938,1.500905,2.030273,MGC,1,1,0,0
1939,1.294056,1.415922,MGC,4,1,0,0
194,1.208492,1.190267,HWC,1,1,0,0
1941,1.263798,1.046086,HWC,1,1,0,0
1942,1.287165,1.212929,HWC,1,1,0,0
1943,1.602249,1.759696,MGC,1,1,0,0
1944,1.346200,1.253014,HWC,4,16,0,0
1946,1.322354,1.517740,MGC,5,1,0,0
1947,1.498738,1.591105,MGC,1,2,0,0
1948,1.206047,1.216010,MGC,1,1,0,0
1949,1.507577,1.157034,HWC,1,1,0,0
195,1.397118,1.396423,HWC,1,1,0,0
1950,1.372505,1.727897,MGC,2,1,0,0
1953,1.140976,1.203905,MGC,1,1,0,0
1954,1.098856,1.235322,MGC,2,1,0,0
1955,1.306438,2.239679,MGC,2,2,0,0
1957,1.192406,1.023209,HWC,2,1,0,0
1958,1.445560,1.680760,MGC,2,2,0,0
1959,1.389695,1.139800,HWC,1,1,0,0
1960,1.231554,1.036065,HWC,1,1,0,0
1961,1.459923,1.970507,MGC,2,1,0,0
1962,1.365979,2.114965,MGC,3,5,0,0
1965,1.325605,1.348688,MGC,5,1,0,0
1967,1.324354,1.355293,MGC,3,1,0,0
1968,1.261744,1.471459,MGC,3,2,0,0
1970,1.796014,2.388029,MGC,2,3,0,0
1971,1.262858,1.035741,HWC,2,1,0,0
1973,1.217013,1.719358,MGC,5,2,0,0
1974,1.275193,1.498788,MGC,6,1,0,0
1975,1.370985,1.195728,HWC,1,1,0,0
1976,1.269247,1.687834,MGC,1,2,0,0
1977,1.114059,1.306294,MGC,1,1,0,0
1978,1.123096,1.341332,MGC,1,2,0,0
1980,1.246972,2.175603,MGC,1,1,0,0
1981,1.397977,2.415634,MGC,3,3,0,0
1982,1.234530,1.084906,HWC,1,1,0,0
1983,1.426566,1.271562,HWC,2,1,0,0
1984,1.351337,1.059096,HWC,1,1,0,0
1985,1.204612,1.110487,HWC,1,1,0,0
1987,1.425456,1.494013,MGC,1,1,0,0
1988,1.312439,1.463472,MGC,2,1,0,0
1990,1.145065,1.081673,HWC,1,1,0,0
1991,1.198358,1.000000,HWC,1,1,0,0
1992,1.363587,2.007201,MGC,5,4,0,0
1994,1.134774,1.394734,MGC,1,1,0,0
1996,1.622003,1.856198,MGC,2,2,0,0
1997,1.184351,1.947691,MGC,1,2,0,0
1998,1.344312,1.295127,HWC,3,1,0,0
20,1.417177,1.746840,MGC,9,2,0,0
200,1.315388,1.598527,MGC,1,1,0,0
2000,1.824843,2.015329,MGC,1,1,0,0
2001,1.141323,1.379018,MGC,1,1,0,0
2003,1.455151,1.419789,HWC,1,1,0,0
2005,1.311984,1.126154,HWC,1,1,0,0
2007,1.082283,1.087624,MGC,1,1,0,0
2008,1.218967,1.402780,MGC,1,1,0,0
201,1.211154,1.064496,HWC,2,1,0,0
2011,1.116132,1.045110,HWC,1,1,0,0
2012,1.334060,1.115257,HWC,1,1,0,0
2013,1.596269,1.990488,MGC,2,1,0,0
2016,1.191655,1.810992,MGC,1,1,0,0
2017,1.494054,1.121965,HWC,1,1,0,0
2019,1.093499,1.351669,MGC,1,1,0,0
2020,1.216595,1.561458,MGC,1,1,0,0
2021,1.212814,1.829219,MGC,3,6,0,0
2024,1.409400,1.530495,MGC,1,1,0,0
2025,1.268619,1.515062,MGC,2,1,0,0
2029,1.594740,1.773259,MGC,1,1,0,0
203,1.353158,1.684366,MGC,2,1,0,0
2030,1.391604,1.857497,MGC,2,2,0,0
2031,1.138087,1.067902,HWC,2,1,0,0
2032,1.487527,1.500382,MGC,1,1,0,0
2033,1.269302,1.786459,MGC,1,3,0,0
2037,1.382199,1.067283,HWC,1,1,0,0
204,1.261932,1.599824,MGC,2,1,0,0
2042,1.418011,1.000551,HWC,1,1,0,0
2043,1.419212,1.545578,MGC,5,2,0,0
2045,1.311424,2.158244,MGC,1,1,0,0
2047,1.194014,1.047057,HWC,6,1,0,0
2049,1.650355,2.325139,MGC,2,1,0,0
2050,1.231204,1.109437,HWC,1,1,0,0
2051,1.643333,1.549613,HWC,1,1,0,0
2052,1.802928,1.823653,MGC,1,1,0,0
2054,1.256773,1.468503,MGC,2,2,0,0
2055,1.666438,1.424746,HWC,2,1,0,0
2056,1.580572,1.136660,HWC,1,1,0,0
2057,1.403654,1.409212,MGC,2,1,0,0
2058,1.320115,1.586625,MGC,1,1,0,0
2059,1.111275,1.450640,MGC,1,1,0,0
2060,1.404583,1.736548,MGC,1,1,0,0
2061,1.226269,1.132214,HWC,2,1,0,0
2062,1.329560,1.637418,MGC,2,1,0,0
2063,1.448593,1.105164,HWC,1,1,0,0
2067,1.183303,1.737439,MGC,3,2,0,0
2070,1.618370,1.564328,HWC,1,1,0,0
2072,1.455617,1.713471,MGC,3,1,0,0
2073,1.438697,1.772902,MGC,1,1,0,0
2074,1.250260,1.273967,MGC,1,1,0,0
2076,1.423177,1.575733,MGC,1,1,0,0
2077,1.339821,1.142147,HWC,1,1,0,0
2078,1.521509,1.600514,MGC,2,1,0,0
2079,1.552688,1.079081,HWC,1,1,0,0
208,1.358494,1.266341,HWC,1,1,0,0
2081,1.630993,1.272155,HWC,1,1,0,0
2083,1.349610,1.543272,MGC,1,1,0,0
2088,1.321708,1.930031,MGC,1,1,0,0
209,1.592001,1.162570,HWC,1,1,0,0
2090,2.539283,1.088282,HWC,1,1,0,0
2091,1.535645,1.443118,HWC,1,1,0,0
2096,1.544372,1.725058,MGC,1,1,0,0
2097,1.308832,1.648829,MGC,3,1,0,0
2099,1.232144,1.542315,MGC,1,1,0,0
21,1.085092,1.706663,MGC,1,3,0,0
210,1.404460,1.157762,HWC,5,1,0,0
2100,1.148267,1.291187,MGC,1,1,0,0
2101,1.271720,1.332121,MGC,1,1,0,0
2102,1.334865,1.159253,HWC,4,1,0,0
2104,1.199006,1.533620,MGC,4,1,0,0
2107,1.256831,1.844037,MGC,6,1,0,0
2108,1.192947,1.779484,MGC,1,1,0,0
2109,1.930835,1.112510,HWC,1,1,0,0
211,1.319148,1.538132,MGC,2,1,0,0
2110,1.822627,1.933791,MGC,1,1,0,0
2111,1.296049,1.333535,MGC,1,1,0,0
2112,1.211470,1.904050,MGC,1,1,0,0
2113,1.246457,1.142250,HWC,1,1,0,0
2115,1.545667,1.098986,HWC,1,1,0,0
2116,1.288319,1.471009,MGC,2,1,0,0
2120,1.338692,1.333909,HWC,2,1,0,0
2121,1.263944,1.201627,HWC,1,1,0,0
2122,1.240879,1.389826,MGC,1,1,0,0
2124,1.316665,2.034776,MGC,1,4,0,0
2125,1.423383,1.612786,MGC,1,1,0,0
2128,1.422545,1.749868,MGC,3,1,0,0
2129,1.371103,1.431158,MGC,1,1,0,0
213,1.448074,1.428148,HWC,2,1,0,0
2130,1.097630,1.597868,MGC,1,1,0,0
2132,1.319079,1.216736,HWC,1,1,0,0
2133,1.482486,1.368208,HWC,3,1,0,0
2134,1.462038,1.828918,MGC,3,3,0,0
2135,1.499907,1.576526,MGC,1,1,0,0
2136,1.594519,2.505727,MGC,2,3,0,0
2137,1.429416,1.583423,MGC,2,3,0,0
2139,1.224390,1.433717,MGC,3,1,0,0
2141,1.516261,2.336693,MGC,1,1,0,0
2145,1.683700,1.578824,HWC,1,1,0,0
2146,1.660689,1.610946,HWC,2,1,0,0
2148,1.362417,1.388075,MGC,1,1,0,0
2149,1.360431,1.621983,MGC,5,1,0,0
2152,1.545016,2.320199,MGC,6,2,0,0
2154,1.465688,1.157267,HWC,1,1,0,0
2155,1.484127,1.194728,HWC,1,1,0,0
2156,1.306497,1.930204,MGC,1,1,0,0
2159,1.371750,1.793862,MGC,1,1,0,0
2160,1.677332,1.624782,HWC,2,1,0,0
2161,1.326166,1.680067,MGC,1,2,0,0
2163,1.117885,1.221376,MGC,1,1,0,0
2164,1.257529,1.591863,MGC,1,1,0,0
2166,1.463351,1.568578,MGC,1,1,0,0
2167,1.366105,1.180248,HWC,1,1,0,0
2168,1.297353,1.346602,MGC,1,1,0,0
217,1.351196,1.155245,HWC,1,1,0,0
2171,1.354021,1.513802,MGC,2,1,0,0
2172,1.349908,1.583611,MGC,5,1,0,0
2177,1.427112,1.480712,MGC,3,1,0,0
2178,1.114039,1.393757,MGC,1,1,0,0
2179,1.285309,1.694233,MGC,2,2,0,0
218,1.462797,1.683540,MGC,2,1,0,0
2181,1.138993,1.729151,MGC,1,2,0,0
2182,1.108989,1.539517,MGC,1,1,0,0
2183,1.479876,1.703073,MGC,1,1,0,0
2186,1.618574,1.498173,HWC,1,1,0,0
2187,1.354080,1.679193,MGC,1,1,0,0
2188,1.218019,1.617307,MGC,2,1,0,0
2189,1.351346,1.167427,HWC,2,1,0,0
2191,1.419712,1.466443,MGC,4,4,0,0
2192,1.360770,1.623116,MGC,5,2,0,0
2194,1.303311,1.131245,HWC,2,1,0,0
2195,1.205934,1.345778,MGC,1,1,0,0
2196,1.207533,1.421134,MGC,1,1,0,0
2197,1.243314,2.120539,MGC,1,1,0,0
2198,1.727492,1.415479,HWC,2,1,0,0
220,1.423227,1.096789,HWC,1,1,0,0
2200,1.202586,1.393190,MGC,1,1,0,0
2201,1.376005,1.200792,HWC,1,1,0,0
2205,1.397258,1.346203,HWC,1,1,0,0
2207,1.284497,1.349853,MGC,1,1,0,0
2208,1.226265,1.619453,MGC,1,1,0,0
221,1.330120,1.160060,HWC,2,1,0,0
2211,1.268137,1.396096,MGC,1,1,0,0
2212,1.170703,1.669435,MGC,1,1,0,0
2213,1.265607,1.488819,MGC,1,1,0,0
2214,1.259512,2.130718,MGC,1,1,0,0
2215,1.474746,1.133820,HWC,1,1,0,0
2216,1.409395,2.527337,MGC,2,3,0,0
2217,1.559579,1.733947,MGC,1,1,0,0
222,1.474174,1.229279,HWC,1,1,0,0
2221,1.748096,1.149188,HWC,1,1,0,0
2224,1.678652,1.933456,MGC,1,1,0,0
2226,1.383702,1.096815,HWC,1,1,0,0
2228,1.588165,1.536626,HWC,1,1,0,0
2229,1.267004,1.559165,MGC,1,1,0,0
2231,1.337010,2.231256,MGC,1,1,0,0
2236,1.486565,1.698035,MGC,1,1,0,0
2240,1.521128,1.618268,MGC,1,1,0,0
2243,1.753896,1.284008,HWC,1,1,0,0
2244,1.423025,1.498975,MGC,1,2,0,0
2245,1.556616,1.226894,HWC,2,1,0,0
2246,1.634154,1.388856,HWC,1,1,0,0
2247,1.440685,2.029176,MGC,4,1,0,0
2248,1.189440,1.226269,MGC,2,1,0,0
2249,1.210801,1.107423,HWC,2,1,0,0
2250,1.755304,1.346611,HWC,1,1,0,0
2251,1.345984,1.099554,HWC,1,1,0,0
2253,1.286615,1.529459,MGC,1,1,0,0
2257,1.292927,1.575484,MGC,1,1,0,0
2258,1.407194,1.515709,MGC,2,1,0,0
2259,1.106121,2.099473,MGC,5,1,0,0
226,1.509166,1.452703,HWC,3,1,0,0
2260,1.277192,1.526891,MGC,1,1,0,0
2261,1.446333,1.367508,HWC,1,1,0,0
2263,1.257982,1.810855,MGC,3,1,0,0
2265,1.310860,1.228108,HWC,1,1,0,0
2266,1.177397,1.208028,MGC,2,1,0,0
2268,1.425223,1.269202,HWC,1,1,0,0
227,1.144229,1.705814,MGC,1,5,0,0
2270,1.375877,1.821933,MGC,2,2,0,0
2273,1.098683,1.322057,MGC,1,1,0,0
2274,1.290490,1.466006,MGC,2,1,0,0
2275,1.296465,1.141783,HWC,1,1,0,0
2276,1.658702,1.428142,HWC,1,1,0,0
228,1.451264,1.174611,HWC,1,1,0,0
2280,1.900439,1.915010,MGC,1,1,0,0
2281,1.174324,1.490516,MGC,1,1,0,0
2282,1.281549,1.783213,MGC,1,1,0,0
2284,1.420886,1.175586,HWC,1,1,0,0
2288,1.303756,1.637735,MGC,3,1,0,0
229,1.225928,1.577204,MGC,2,1,0,0
2290,1.377893,1.407723,MGC,1,1,0,0
2291,1.238387,1.700240,MGC,1,1,0,0
2292,1.262071,1.088146,HWC,1,1,0,0
2293,1.372996,1.875817,MGC,1,1,0,0
2295,1.510973,1.129478,HWC,1,1,0,0
2298,1.346438,1.923426,MGC,1,2,0,0
2299,1.123954,1.445965,MGC,1,1,0,0
23,1.288446,1.678901,MGC,6,1,0,0
230,1.559830,2.599934,MGC,1,1,0,0
2303,1.366058,1.397820,MGC,2,7,0,0
2305,1.364389,1.148706,HWC,1,1,0,0
2306,1.275339,1.265676,HWC,1,1,0,0
231,1.175908,1.689012,MGC,1,2,0,0
2310,1.430150,1.557283,MGC,1,1,0,0
2313,1.250825,1.120358,HWC,2,1,0,0
2314,1.566409,1.811584,MGC,2,1,0,0
2316,1.437375,1.385004,HWC,2,2,0,0
2317,1.239332,3.178252,MGC,1,1,0,0
2319,1.377972,1.559806,MGC,2,1,0,0
232,1.273857,1.103570,HWC,1,1,0,0
2320,1.259621,1.026108,HWC,1,1,0,0
2322,1.440719,1.565583,MGC,2,2,0,0
2324,1.404021,1.384458,HWC,4,1,0,0
2325,1.363864,2.230999,MGC,1,1,0,0
2326,1.296970,1.591682,MGC,1,1,0,0
2327,1.528073,1.657507,MGC,1,1,0,0
2330,1.305113,2.047386,MGC,1,1,0,0
2331,1.528615,1.424269,HWC,1,1,0,0
2332,1.320859,1.562227,MGC,1,1,0,0
2333,1.392045,1.371184,HWC,1,1,0,0
2334,1.306014,1.536004,MGC,3,2,0,0
2337,1.596399,1.138743,HWC,1,1,0,0
2338,1.175626,1.256265,MGC,2,1,0,0
2339,1.272685,1.298520,MGC,2,1,0,0
2340,1.100379,1.463652,MGC,1,1,0,0
2342,1.306812,1.147947,HWC,1,1,0,0
2343,1.325646,1.637779,MGC,1,1,0,0
2344,1.475342,1.506781,MGC,1,1,0,0
2346,1.624621,1.474325,HWC,1,1,0,0
2347,1.393805,2.705515,MGC,3,4,0,0
2348,1.741018,1.722929,HWC,1,1,0,0
2349,1.322951,1.212102,HWC,2,1,0,0
235,1.473319,1.644602,MGC,1,1,0,0
2350,1.431801,1.157501,HWC,1,1,0,0
2351,1.468025,1.381901,HWC,4,1,0,0
2353,1.492747,1.324124,HWC,1,1,0,0
2354,1.402234,1.425918,MGC,2,1,0,0
2356,1.264852,3.021424,MGC,1,3,0,0
2357,1.233149,1.176346,HWC,1,1,0,0
2358,1.291083,1.432848,MGC,4,1,0,0
2359,1.328099,1.133272,HWC,1,1,0,0
236,1.221761,1.095212,HWC,1,1,0,0
2360,1.482089,1.110122,HWC,1,1,0,0
2361,1.399561,1.211873,HWC,2,1,0,0
2362,1.506573,1.499676,HWC,1,2,0,0
2363,1.995056,1.871347,HWC,2,1,0,0
2367,1.390821,1.539129,MGC,2,1,0,0
2369,1.912624,2.478717,MGC,1,1,0,0
237,1.425849,1.114787,HWC,1,1,0,0
2371,1.394145,1.334442,HWC,1,1,0,0
2372,1.158283,1.413443,MGC,1,1,0,0
2374,1.306338,1.460525,MGC,6,2,0,0
2375,1.335914,1.954069,MGC,1,1,0,0
2376,1.082104,1.094166,MGC,1,1,0,0
2377,1.391897,1.393128,MGC,1,1,0,0
2378,1.349400,1.685822,MGC,1,1,0,0
2379,1.199404,1.146739,HWC,3,1,0,0
2380,1.150396,1.228620,MGC,1,1,0,0
2381,1.158127,1.056231,HWC,1,1,0,0
2382,1.404666,1.599134,MGC,1,1,0,0
2383,1.250813,1.085736,HWC,1,1,0,0
2384,1.252872,1.858843,MGC,1,1,0,0
2385,1.183564,1.464972,MGC,2,1,0,0
2388,1.146177,1.734871,MGC,1,1,0,0
239,1.127726,1.923339,MGC,1,1,0,0
2390,1.557271,1.749820,MGC,2,1,0,0
2391,1.474989,1.607262,MGC,2,2,0,0
2392,1.231688,1.139932,HWC,1,1,0,0
2393,1.238590,1.646136,MGC,1,3,0,0
2395,1.431503,1.928433,MGC,1,1,0,0
2399,1.424064,1.086818,HWC,2,1,0,0
24,1.114801,1.777145,MGC,1,1,0,0
2401,1.244299,1.256302,MGC,1,1,0,0
2402,1.215839,1.132397,HWC,1,1,0,0
2403,1.411887,2.282316,MGC,3,2,0,0
2404,1.687347,1.995855,MGC,1,1,0,0
2405,1.197566,1.860659,MGC,7,2,0,0
2407,1.312496,1.579639,MGC,2,1,0,0
2409,1.266011,1.432896,MGC,2,1,0,0
2410,1.880500,1.656098,HWC,1,1,0,0
2411,1.474832,1.783626,MGC,1,2,0,0
2412,1.690241,1.459834,HWC,1,1,0,0
2413,1.244378,1.930619,MGC,4,5,0,0
2416,1.476440,1.295078,HWC,1,1,0,0
2418,1.257764,1.879260,MGC,1,1,0,0
2419,1.611600,1.546513,HWC,1,1,0,0
242,1.571375,1.346871,HWC,3,1,0,0
2422,1.548385,1.396848,HWC,1,1,0,0
2423,1.308441,1.421141,MGC,1,1,0,0
2424,1.299637,1.544809,MGC,1,1,0,0
2427,1.299667,1.223264,HWC,4,1,0,0
2428,1.638213,2.129062,MGC,3,2,0,0
2431,1.238061,1.583493,MGC,1,1,0,0
2435,1.265294,1.025016,HWC,1,1,0,0
2436,1.283655,1.117680,HWC,1,1,0,0
2439,1.613016,1.855536,MGC,2,1,0,0
244,1.936369,1.893881,HWC,1,1,0,0
2440,1.809321,1.627386,HWC,1,1,0,0
2441,1.492600,1.734152,MGC,2,1,0,0
2442,1.267115,1.538148,MGC,2,2,0,0
2443,1.391875,1.103728,HWC,1,1,0,0
2444,1.446267,1.247606,HWC,2,1,0,0
2445,1.309039,1.421054,MGC,2,1,0,0
2447,1.299502,1.393593,MGC,3,1,0,0
2448,1.432575,1.102805,HWC,2,1,0,0
2449,1.402230,1.690852,MGC,1,1,0,0
245,1.522610,1.615210,MGC,1,1,0,0
2451,1.205924,1.217236,MGC,1,1,0,0
2452,1.271678,1.102565,HWC,1,1,0,0
2454,1.254429,1.021744,HWC,2,1,0,0
2455,1.442499,1.117497,HWC,2,1,0,0
2456,1.219375,1.296743,MGC,1,1,0,0
2457,1.268117,1.738366,MGC,2,1,0,0
2458,1.235955,1.694291,MGC,4,2,0,0
2459,1.347815,1.062067,HWC,1,1,0,0
2460,1.230592,1.012794,HWC,1,1,0,0
2463,1.306542,1.292968,HWC,1,1,0,0
2466,1.244069,1.043229,HWC,1,1,0,0
2468,1.446198,1.122359,HWC,1,1,0,0
247,1.307358,1.646211,MGC,1,2,0,0
2470,1.304915,1.373660,MGC,1,1,0,0
2472,1.684764,1.226146,HWC,1,1,0,0
2473,1.250417,1.214357,HWC,2,1,0,0
2475,1.439412,1.129393,HWC,1,1,0,0
2476,1.251398,1.044328,HWC,1,1,0,0
2479,1.294381,1.506036,MGC,3,1,0,0
248,1.318898,1.514348,MGC,4,2,0,0
2480,1.254658,1.722497,MGC,6,1,0,0
2482,1.303811,1.791991,MGC,2,2,0,0
2484,1.462187,1.868111,MGC,2,1,0,0
2485,1.044173,1.132152,MGC,1,1,0,0
2487,1.229222,1.493560,MGC,3,1,0,0
2488,1.589954,1.332573,HWC,1,1,0,0
2489,1.609563,1.830704,MGC,1,1,0,0
249,1.546748,1.117835,HWC,1,1,0,0
2493,1.618109,1.268186,HWC,1,1,0,0
2496,1.447832,2.390567,MGC,1,1,0,0
2498,1.434450,1.443821,MGC,5,1,0,0
2499,1.136761,1.123632,HWC,1,1,0,0
25,1.337779,1.338172,MGC,1,1,0,0
250,1.285768,1.694546,MGC,2,2,0,0
2500,1.421746,1.361518,HWC,2,1,0,0
2501,1.169414,1.219215,MGC,1,1,0,0
2502,1.297291,1.459744,MGC,1,1,0,0
2503,1.178592,1.138434,HWC,1,1,0,0
2505,1.448395,1.346248,HWC,1,1,0,0
2507,1.426318,1.085820,HWC,4,1,0,0
2508,1.289184,1.055791,HWC,1,1,0,0
251,1.266265,1.396397,MGC,3,1,0,0
2511,1.147476,1.022967,HWC,1,1,0,0
2512,1.568718,1.146209,HWC,1,1,0,0
2515,1.390712,1.616650,MGC,3,1,0,0
2517,1.331841,1.540173,MGC,1,1,0,0
2518,1.223943,1.132553,HWC,1,1,0,0
2519,1.242592,1.646585,MGC,2,2,0,0
2520,1.196999,1.406950,MGC,3,1,0,0
2521,1.370775,1.548616,MGC,3,1,0,0
2522,1.335600,2.165005,MGC,1,4,0,0
2526,1.624911,1.491283,HWC,1,1,0,0
2528,1.349724,1.549328,MGC,2,1,0,0
253,1.677811,1.700527,MGC,1,1,0,0
2531,1.164847,1.064501,HWC,1,1,0,0
2532,1.226344,1.788052,MGC,4,2,0,0
2534,1.378063,1.702138,MGC,1,2,0,0
2535,1.482314,1.058755,HWC,2,1,0,0
2538,1.286302,1.728356,MGC,1,4,0,0
2540,1.411282,1.141631,HWC,1,1,0,0
2541,1.377345,1.098911,HWC,2,1,0,0
2542,1.208696,1.893880,MGC,4,1,0,0
2543,1.298072,1.557637,MGC,1,1,0,0
2546,1.376617,1.843289,MGC,2,3,0,0
2547,1.323756,1.565251,MGC,3,1,0,0
2548,1.436766,1.043276,HWC,1,1,0,0
2549,1.395940,1.504943,MGC,1,1,0,0
255,1.404114,1.592290,MGC,1,1,0,0
2550,1.549957,1.356110,HWC,1,1,0,0
2552,1.223454,1.627320,MGC,1,1,0,0
2553,1.397517,1.829112,MGC,4,1,0,0
2554,1.167219,1.262503,MGC,1,1,0,0
2555,1.508030,1.523301,MGC,3,1,0,0
2556,1.156149,1.105307,HWC,1,1,0,0
2557,1.301138,1.122377,HWC,1,1,0,0
2558,1.327491,1.996970,MGC,1,1,0,0
256,1.480688,2.563825,MGC,1,4,0,0
2560,1.280672,1.394744,MGC,1,1,0,0
2561,1.400111,1.950371,MGC,1,1,0,0
2564,1.783070,1.807044,MGC,2,1,0,0
2565,1.400111,1.113555,HWC,1,1,0,0
2566,1.248855,1.137215,HWC,2,1,0,0
2567,1.218761,1.442989,MGC,1,1,0,0
2568,1.309227,1.823294,MGC,3,1,0,0
2571,1.269881,1.565598,MGC,1,1,0,0
2573,1.453853,1.388423,HWC,2,1,0,0
2575,1.402608,1.578817,MGC,1,1,0,0
2576,1.606805,2.161379,MGC,2,1,0,0
2578,1.319947,1.794427,MGC,2,2,0,0
2579,1.567085,1.532965,HWC,1,6,0,0
2580,1.315555,1.828142,MGC,1,1,0,0
2582,1.292709,1.592206,MGC,2,2,0,0
2583,1.404708,1.331131,HWC,1,1,0,0
2584,1.702669,1.493557,HWC,1,1,0,0
2585,1.319399,1.583290,MGC,3,2,0,0
2586,1.296852,1.402584,MGC,2,1,0,0
259,1.276351,1.718049,MGC,1,2,0,0
2590,1.593723,1.867605,MGC,2,1,0,0
2591,1.490113,1.382360,HWC,1,1,0,0
2592,1.482411,1.159897,HWC,2,1,0,0
2595,1.212029,1.107939,HWC,5,1,0,0
2596,1.452599,1.767566,MGC,2,1,0,0
2597,1.225879,1.721528,MGC,1,1,0,0
2598,1.224486,1.264475,MGC,1,1,0,0
2599,1.464574,1.166110,HWC,1,1,0,0
26,1.236084,2.322938,MGC,1,1,0,0
2600,1.199998,1.125355,HWC,1,1,0,0
2601,1.866632,1.228631,HWC,1,1,0,0
2603,1.268129,1.059320,HWC,1,1,0,0
2605,1.267552,1.221567,HWC,1,1,0,0
2607,1.205072,1.459762,MGC,1,1,0,0
2608,1.108390,1.810398,MGC,1,1,0,0
2609,1.271215,1.190703,HWC,1,1,0,0
261,1.208607,1.217732,MGC,1,1,0,0
2611,1.214100,1.073580,HWC,2,1,0,0
2612,1.633885,1.047642,HWC,2,1,0,0
2613,1.356496,1.214070,HWC,1,1,0,0
2614,1.516317,1.543352,MGC,1,1,0,0
2615,1.279808,1.454152,MGC,1,1,0,0
2618,1.260029,1.056920,HWC,1,1,0,0
2619,1.214867,1.206160,HWC,1,1,0,0
262,1.555674,1.434192,HWC,1,1,0,0
2620,1.144909,1.665655,MGC,1,1,0,0
2621,1.668571,1.585221,HWC,1,1,0,0
2623,1.303021,1.397493,MGC,1,1,0,0
2624,1.254964,1.405526,MGC,9,2,0,0
2625,1.346542,1.487105,MGC,2,1,0,0
2628,1.664408,2.490770,MGC,1,1,0,0
2629,1.239192,1.575196,MGC,1,1,0,0
263,1.386541,1.560698,MGC,1,1,0,0
2630,1.363365,1.824244,MGC,2,1,0,0
2631,1.241013,2.043249,MGC,1,1,0,0
2632,1.363047,1.540266,MGC,3,1,0,0
2636,1.275858,1.253307,HWC,1,1,0,0
2637,1.433869,1.751935,MGC,2,2,0,0
2638,1.304045,1.089569,HWC,1,1,0,0
2639,1.206970,1.710422,MGC,1,1,0,0
264,1.193774,1.238658,MGC,1,1,0,0
2640,1.590168,1.498376,HWC,1,1,0,0
2641,1.462595,1.208372,HWC,2,1,0,0
2643,1.438782,1.470194,MGC,1,1,0,0
2644,1.648049,1.641785,HWC,1,1,0,0
2646,1.245764,1.316499,MGC,2,1,0,0
2647,1.311100,1.204210,HWC,1,1,0,0
2648,1.420147,2.010684,MGC,1,1,0,0
2649,1.195480,1.846534,MGC,1,1,0,0
265,1.344078,1.606363,MGC,1,1,0,0
2652,1.400495,1.590180,MGC,1,1,0,0
2653,1.348156,2.092858,MGC,2,1,0,0
2654,1.321648,1.486308,MGC,1,2,0,0
2655,1.297084,1.748591,MGC,2,1,0,0
2656,1.112759,1.228917,MGC,1,1,0,0
2657,1.365849,1.708569,MGC,2,1,0,0
2659,1.275002,1.283897,MGC,2,1,0,0
2662,1.350670,1.160882,HWC,3,1,0,0
2664,1.542090,1.524863,HWC,1,1,0,0
2665,1.321480,1.396533,MGC,1,1,0,0
2667,1.253283,1.402239,MGC,1,1,0,0
2669,1.524715,1.150452,HWC,2,1,0,0
2677,1.279211,2.353610,MGC,2,3,0,0
2679,2.091385,2.447148,MGC,1,1,0,0
268,1.565856,1.634324,MGC,1,1,0,0
2682,1.333111,1.578091,MGC,1,1,0,0
2683,1.245902,1.774065,MGC,3,1,0,0
2684,1.298313,1.830548,MGC,1,1,0,0
2685,1.394436,1.036957,HWC,1,1,0,0
2686,1.197693,1.701334,MGC,1,3,0,0
2687,1.883983,1.706397,HWC,1,1,0,0
2689,1.436322,1.445302,MGC,1,1,0,0
269,1.428506,1.823940,MGC,2,1,0,0
2690,1.550543,1.653783,MGC,2,2,0,0
2692,1.366950,1.391630,MGC,1,1,0,0
2693,1.789879,1.679692,HWC,1,1,0,0
2694,1.444518,1.542294,MGC,2,1,0,0
2696,1.288408,1.139122,HWC,2,1,0,0
2697,1.567951,1.399998,HWC,1,1,0,0
2699,1.301831,2.005804,MGC,1,1,0,0
27,1.428288,1.838741,MGC,1,1,0,0
2700,1.173836,1.653609,MGC,1,1,0,0
2701,1.343801,1.438292,MGC,1,1,0,0
2703,1.395200,1.063824,HWC,1,1,0,0
2706,1.421252,1.076672,HWC,1,1,0,0
2709,1.335422,1.360029,MGC,2,3,0,0
2716,1.208299,1.240397,MGC,1,1,0,0
2720,1.390918,1.594055,MGC,1,1,0,0
2723,1.520380,1.980279,MGC,1,2,0,0
2725,1.094039,1.341991,MGC,1,1,0,0
2726,1.453268,1.762954,MGC,1,1,0,0
2728,1.274037,1.163274,HWC,1,1,0,0
273,1.345024,1.735968,MGC,1,1,0,0
2730,1.235500,1.690212,MGC,1,1,0,0
2732,1.406545,1.432058,MGC,1,1,0,0
2734,1.667982,1.644232,HWC,1,1,0,0
2735,1.110079,1.472380,MGC,2,1,0,0
2736,1.245352,1.660943,MGC,3,2,0,0
2740,1.596153,1.351702,HWC,2,1,0,0
2742,1.554455,1.113066,HWC,1,1,0,0
2744,1.230178,2.558271,MGC,1,1,0,0
2745,1.325670,1.925945,MGC,1,1,0,0
2746,1.285334,1.868105,MGC,1,1,0,0
2748,1.493652,1.964738,MGC,2,5,0,0
275,1.292336,1.942598,MGC,2,1,0,0
2750,1.495642,1.923470,MGC,1,1,0,0
2751,1.858441,1.332471,HWC,1,1,0,0
2753,1.807564,1.101567,HWC,2,1,0,0
2754,1.278255,1.492660,MGC,2,2,0,0
2756,1.386696,1.474494,MGC,2,2,0,0
2757,1.214459,1.435855,MGC,2,1,0,0
2758,1.391753,1.131137,HWC,2,1,0,0
276,1.302325,1.657917,MGC,1,1,0,0
2760,1.277739,1.573928,MGC,1,1,0,0
2761,1.294899,1.376961,MGC,1,1,0,0
2762,1.289193,1.051076,HWC,1,1,0,0
2764,1.254906,1.505745,MGC,2,1,0,0
2766,1.223935,1.230663,MGC,1,1,0,0
2767,1.517665,1.580445,MGC,2,1,0,0
2768,1.567758,1.108095,HWC,2,1,0,0
277,1.417379,1.400467,HWC,1,1,0,0
2771,1.282723,1.435921,MGC,2,1,0,0
2773,1.145475,1.255761,MGC,1,1,0,0
2774,1.377806,1.374309,HWC,3,1,0,0
2775,1.476123,2.163434,MGC,2,2,0,0
2777,1.583594,1.152983,HWC,1,1,0,0
2782,1.096759,1.188902,MGC,1,1,0,0
2784,1.419023,1.788808,MGC,1,1,0,0
2785,1.310074,1.640325,MGC,1,1,0,0
2786,1.431929,1.451414,MGC,1,1,0,0
2787,1.382036,1.858029,MGC,1,1,0,0
2788,1.316006,1.949765,MGC,1,1,0,0
279,1.342377,1.055347,HWC,3,1,0,0
2790,1.334520,1.461706,MGC,2,3,0,0
2791,1.269139,1.107448,HWC,3,1,0,0
2792,1.231673,1.174796,HWC,2,1,0,0
2793,1.283538,1.450207,MGC,2,5,0,0
2798,1.607987,1.505183,HWC,3,1,0,0
2799,1.132372,1.116276,HWC,1,1,0,0
28,1.255793,1.155792,HWC,1,1,0,0
280,1.379147,1.857074,MGC,1,1,0,0
2802,1.199669,1.389242,MGC,2,1,0,0
2803,1.389020,1.446938,MGC,2,1,0,0
2805,1.363541,1.891735,MGC,1,1,0,0
2806,1.170657,1.542583,MGC,3,1,0,0
2807,1.265097,1.002194,HWC,1,1,0,0
281,1.272376,1.070569,HWC,1,1,0,0
2812,1.655366,1.665684,MGC,3,1,0,0
2813,1.366913,1.575264,MGC,1,1,0,0
2815,1.489406,1.616866,MGC,2,1,0,0
2818,1.349794,1.157002,HWC,1,1,0,0
2819,1.330341,1.710342,MGC,2,2,0,0
2821,1.244567,1.379220,MGC,1,1,0,0
2822,1.442984,1.723985,MGC,2,1,0,0
2824,1.280339,1.171922,HWC,1,1,0,0
2825,1.234188,1.836589,MGC,4,5,0,0
283,1.486531,1.293572,HWC,2,1,0,0
2830,1.219331,1.766770,MGC,1,1,0,0
2831,1.254241,1.389801,MGC,6,1,0,0
2833,1.338544,1.563044,MGC,2,1,0,0
2836,1.419100,1.522502,MGC,1,1,0,0
2837,1.990136,1.117440,HWC,1,1,0,0
284,1.549348,1.259059,HWC,1,1,0,0
2841,1.228147,1.107312,HWC,1,1,0,0
2843,1.226893,1.209868,HWC,7,1,0,0
2844,1.525468,1.282539,HWC,1,1,0,0
2845,1.346300,1.138403,HWC,4,1,0,0
2846,1.378913,1.885924,MGC,1,1,0,0
2848,1.375497,1.654559,MGC,2,2,0,0
285,1.256022,1.526095,MGC,4,2,0,0
2850,1.514422,1.163621,HWC,2,1,0,0
2851,1.261832,1.412279,MGC,1,1,0,0
2852,1.265895,1.535316,MGC,1,1,0,0
2853,1.286526,1.516227,MGC,1,1,0,0
2856,1.217125,1.108821,HWC,1,1,0,0
2857,1.450578,1.753808,MGC,1,2,0,0
2859,1.167153,1.029053,HWC,1,1,0,0
286,1.099075,1.537002,MGC,1,1,0,0
2860,1.277425,1.685349,MGC,1,2,0,0
2863,1.389807,1.558705,MGC,1,2,0,0
2865,1.408390,1.036786,HWC,1,1,0,0
2866,1.236953,1.425611,MGC,1,1,0,0
2867,1.422634,1.379360,HWC,1,1,0,0
2868,1.703199,1.737082,MGC,1,1,0,0
2869,1.386251,2.404848,MGC,1,3,0,0
287,1.596534,1.904355,MGC,2,2,0,0
2870,1.230040,1.736698,MGC,2,4,0,0
2873,1.389210,1.714392,MGC,1,1,0,0
2876,1.365886,1.091815,HWC,1,1,0,0
2879,1.731791,1.341679,HWC,1,1,0,0
288,1.154256,1.049469,HWC,1,1,0,0
2880,1.477888,1.395170,HWC,1,1,0,0
2881,1.658176,1.308689,HWC,1,1,0,0
2882,1.329860,1.431413,MGC,1,1,0,0
2883,1.367561,1.227726,HWC,1,1,0,0
2884,1.360760,1.189721,HWC,1,1,0,0
2885,1.529120,1.727168,MGC,1,1,0,0
2886,1.657739,1.255912,HWC,1,1,0,0
2889,1.393855,1.099380,HWC,3,1,0,0
2890,1.234923,1.264283,MGC,2,1,0,0
2891,1.432234,2.363692,MGC,1,1,0,0
2892,1.145947,2.914655,MGC,1,3,0,0
2895,1.762147,1.123823,HWC,1,1,0,0
2896,1.695986,1.944321,MGC,1,1,0,0
2897,1.538228,2.189142,MGC,1,1,0,0
2898,1.393526,1.495464,MGC,1,1,0,0
2899,1.169237,1.162228,HWC,2,1,0,0
29,1.286825,1.933404,MGC,5,5,0,0
290,1.264679,1.696419,MGC,8,1,0,0
2900,1.285334,1.474429,MGC,1,1,0,0
2901,1.325955,1.900794,MGC,2,1,0,0
2902,1.381303,1.538915,MGC,2,1,0,0
2905,1.380312,1.121424,HWC,1,1,0,0
291,1.300501,1.283281,HWC,1,1,0,0
2910,1.424911,1.786169,MGC,1,1,0,0
2911,1.186055,1.759472,MGC,1,1,0,0
2912,1.240693,1.073349,HWC,1,1,0,0
2914,1.540883,1.473462,HWC,4,2,0,0
2916,1.102339,1.137846,MGC,1,1,0,0
2918,1.292542,1.519720,MGC,2,1,0,0
2919,1.158555,1.064864,HWC,1,1,0,0
2921,1.441246,1.195571,HWC,2,1,0,0
2922,2.001637,1.956671,HWC,1,1,0,0
2923,1.139555,1.614818,MGC,1,2,0,0
2924,1.245840,1.305555,MGC,1,1,0,0
2926,1.399399,1.732858,MGC,2,1,0,0
2927,1.323861,1.178407,HWC,2,1,0,0
2928,1.252852,1.081612,HWC,2,1,0,0
293,1.185037,1.150003,HWC,1,1,0,0
2930,1.405306,1.239697,HWC,1,1,0,0
2932,1.169972,1.470642,MGC,1,1,0,0
2933,1.378993,2.214215,MGC,1,2,0,0
2934,1.476370,1.665651,MGC,2,1,0,0
2937,1.442522,1.967465,MGC,1,1,0,0
2939,1.551982,1.060619,HWC,1,1,0,0
294,1.478199,1.922879,MGC,3,1,0,0
2942,1.564390,1.417628,HWC,1,1,0,0
2944,1.236603,1.450245,MGC,6,2,0,0
2945,1.164937,1.169397,MGC,1,1,0,0
2946,1.234490,1.117762,HWC,1,1,0,0
2947,1.276637,1.597518,MGC,2,1,0,0
2948,1.315383,1.133488,HWC,1,1,0,0
2950,1.511613,1.283493,HWC,1,1,0,0
2953,1.288319,1.442664,MGC,5,1,0,0
2958,1.445942,1.840963,MGC,1,1,0,0
2959,1.375267,1.325870,HWC,8,1,0,0
296,1.278871,1.240159,HWC,1,1,0,0
2960,1.323368,1.101819,HWC,3,1,0,0
2963,1.278422,1.053165,HWC,2,1,0,0
2964,1.199402,1.407249,MGC,1,1,0,0
2965,1.138227,1.240649,MGC,1,1,0,0
2967,1.305302,1.433328,MGC,3,1,0,0
2968,1.335711,2.419893,MGC,3,5,0,0
2969,1.313390,1.325154,MGC,2,1,0,0
297,1.698772,1.836877,MGC,1,1,0,0
2970,1.516411,1.479205,HWC,1,1,0,0
2972,1.493752,1.595304,MGC,1,1,0,0
2974,1.286314,1.696985,MGC,1,2,0,0
2976,1.381473,1.792735,MGC,1,1,0,0
2978,1.372140,1.511274,MGC,1,3,0,0
2979,1.270246,1.120739,HWC,1,1,0,0
298,1.304718,2.597604,MGC,1,5,0,0
2980,1.402849,1.098714,HWC,1,1,0,0
2981,1.411486,1.585407,MGC,1,1,0,0
2982,1.116642,1.437143,MGC,1,2,0,0
2986,1.169369,1.128936,HWC,1,1,0,0
2987,1.207383,1.627251,MGC,1,2,0,0
2988,1.255605,1.374736,MGC,2,1,0,0
2989,1.273058,1.585295,MGC,4,1,0,0
2990,1.216944,1.595185,MGC,1,1,0,0
2991,1.652595,2.011290,MGC,2,1,0,0
2993,1.578942,1.283771,HWC,3,3,0,0
2995,1.217933,1.458749,MGC,1,1,0,0
2996,1.728556,1.125058,HWC,1,1,0,0
2997,1.435729,1.429737,HWC,1,1,0,0
2998,1.603896,2.309729,MGC,1,1,0,0
2999,1.623158,1.738755,MGC,1,1,0,0
3,1.689898,3.454041,MGC,1,1,0,0
30,1.358903,1.794743,MGC,1,1,0,0
3000,1.297146,1.453333,MGC,1,1,0,0
3002,1.280555,1.606195,MGC,2,2,0,0
3003,1.904587,1.096939,HWC,1,1,0,0
3004,1.251533,1.290267,MGC,1,1,0,0
3005,1.262784,1.431039,MGC,1,1,0,0
3008,1.342263,1.296490,HWC,2,1,0,0
3010,1.520127,1.540032,MGC,1,1,0,0
3012,1.205250,1.204919,HWC,1,1,0,0
3013,1.241653,1.151160,HWC,1,1,0,0
3015,1.295513,1.625382,MGC,2,2,0,0
3016,1.566718,2.570672,MGC,1,1,0,0
3017,1.329546,1.390448,MGC,4,1,0,0
3018,1.305728,1.303843,HWC,1,1,0,0
302,1.233309,1.670862,MGC,1,1,0,0
3022,1.306562,1.068476,HWC,1,1,0,0
3023,1.205258,2.016789,MGC,1,1,0,0
3025,1.420797,2.000867,MGC,5,1,0,0
3027,1.343326,1.561342,MGC,3,2,0,0
3029,1.410560,1.145109,HWC,1,1,0,0
303,1.107417,1.065377,HWC,1,1,0,0
3030,1.179131,1.538098,MGC,1,1,0,0
3031,1.212113,1.608689,MGC,1,3,0,0
3032,1.270501,1.774012,MGC,2,1,0,0
3033,1.510593,1.088843,HWC,1,1,0,0
3034,1.383066,1.925634,MGC,3,1,0,0
3035,1.279256,1.097863,HWC,2,1,0,0
3036,1.766978,1.739375,HWC,1,1,0,0
304,1.214722,1.509750,MGC,1,1,0,0
3042,1.332686,1.379365,MGC,1,1,0,0
3044,1.202838,1.809458,MGC,9,1,0,0
3045,1.228741,2.175402,MGC,1,2,0,0
3046,1.387977,1.420427,MGC,3,1,0,0
3047,1.327965,1.374230,MGC,4,1,0,0
3049,1.391464,1.108732,HWC,1,1,0,0
305,1.110423,1.179133,MGC,1,1,0,0
3050,1.267526,1.440103,MGC,1,1,0,0
3051,1.121915,1.439355,MGC,1,1,0,0
3052,1.524558,1.632972,MGC,2,1,0,0
3053,1.422952,1.821186,MGC,2,1,0,0
3054,1.409127,1.455123,MGC,2,1,0,0
3056,1.310893,1.727967,MGC,2,1,0,0
3057,1.480114,1.651574,MGC,3,2,0,0
306,1.792766,1.529353,HWC,1,1,0,0
3060,1.320449,1.158013,HWC,3,1,0,0
3061,1.120032,1.101695,HWC,1,1,0,0
3062,1.482628,1.402668,HWC,1,1,0,0
3063,1.290769,1.986040,MGC,4,2,0,0
3064,1.412766,1.414889,MGC,2,1,0,0
3066,1.249856,1.550761,MGC,2,2,0,0
3067,1.229353,1.482109,MGC,5,1,0,0
3068,1.458032,1.176762,HWC,1,1,0,0
307,1.397458,1.178734,HWC,1,1,0,0
3071,1.470213,1.143499,HWC,1,1,0,0
3072,1.198493,1.200161,MGC,1,1,0,0
3073,1.583000,1.770040,MGC,1,1,0,0
3074,1.271306,1.884004,MGC,1,2,0,0
3075,1.348515,2.152077,MGC,3,1,0,0
3076,1.333864,1.048754,HWC,1,1,0,0
3078,1.519070,2.228957,MGC,1,2,0,0
308,1.347921,1.272222,HWC,1,1,0,0
3081,1.637078,1.139017,HWC,1,1,0,0
3082,1.224373,2.065334,MGC,6,1,0,0
3083,1.179311,1.199090,MGC,1,1,0,0
3085,1.205107,1.345058,MGC,4,3,0,0
3086,1.519572,1.817894,MGC,3,2,0,0
3087,1.285097,1.112394,HWC,3,1,0,0
3089,1.501069,1.479495,HWC,1,1,0,0
309,1.148595,1.787086,MGC,1,1,0,0
3091,1.576751,1.097811,HWC,1,1,0,0
3092,1.620386,1.429401,HWC,2,1,0,0
3093,1.813686,1.697377,HWC,1,2,0,0
3096,1.387260,1.682894,MGC,2,2,0,0
3097,1.340671,1.137359,HWC,1,1,0,0
310,1.303887,1.032707,HWC,1,1,0,0
3100,1.277368,1.999826,MGC,1,6,0,0
3101,1.413344,1.270860,HWC,1,1,0,0
3102,1.497586,1.768174,MGC,1,1,0,0
3103,1.220656,1.088306,HWC,1,1,0,0
3104,1.520046,1.317284,HWC,1,1,0,0
3105,1.320742,1.217214,HWC,3,1,0,0
3106,1.331624,1.447158,MGC,1,1,0,0
3109,1.406384,1.293091,HWC,1,1,0,0
311,1.270600,1.077336,HWC,1,1,0,0
3111,1.613358,1.251911,HWC,1,1,0,0
3112,1.241794,1.459910,MGC,2,1,0,0
3113,1.191206,1.124478,HWC,1,1,0,0
3114,1.331607,1.515491,MGC,2,1,0,0
3115,1.138397,1.406224,MGC,1,1,0,0
3116,1.267617,1.715285,MGC,2,4,0,0
3117,1.398907,1.121785,HWC,2,1,0,0
3118,1.380753,1.673146,MGC,1,1,0,0
3119,1.363362,1.904773,MGC,5,1,0,0
3120,1.267816,1.249246,HWC,1,1,0,0
3121,1.279021,1.340639,MGC,2,1,0,0
3123,1.245488,1.664804,MGC,4,1,0,0
3124,1.316126,1.331571,MGC,1,1,0,0
3126,1.239044,1.054179,HWC,1,1,0,0
3127,1.339943,2.217166,MGC,1,3,0,0
3129,1.400176,2.191241,MGC,3,3,0,0
313,1.555322,1.644145,MGC,2,1,0,0
3130,1.466343,1.650159,MGC,1,2,0,0
3131,1.228930,1.027074,HWC,2,1,0,0
3133,1.276527,1.559919,MGC,2,1,0,0
3135,1.356998,1.295811,HWC,2,1,0,0
3137,1.395825,1.411629,MGC,1,1,0,0
3138,1.610817,1.654625,MGC,2,1,0,0
3139,1.367261,1.255371,HWC,2,1,0,0
3140,1.352384,1.465999,MGC,1,1,0,0
3142,1.140100,1.253446,MGC,1,1,0,0
3146,1.275692,1.108461,HWC,1,1,0,0
3150,1.384454,1.700963,MGC,5,1,0,0
3152,1.244384,1.113747,HWC,1,1,0,0
3154,1.234106,1.190896,HWC,1,1,0,0
3155,1.420193,1.112110,HWC,1,1,0,0
3158,1.338908,1.403949,MGC,1,1,0,0
316,1.093057,1.079307,HWC,1,1,0,0
3160,1.576577,1.137660,HWC,1,1,0,0
3161,1.479866,1.545209,MGC,2,6,0,0
3162,1.256595,1.509587,MGC,3,1,0,0
3163,1.471119,1.130951,HWC,2,1,0,0
3164,1.315385,1.103986,HWC,1,1,0,0
3165,1.436550,1.803197,MGC,3,1,0,0
3167,1.222925,1.360590,MGC,1,1,0,0
3169,2.034032,2.525114,MGC,1,1,0,0
317,1.015381,1.028713,MGC,1,1,0,0
3170,1.418666,1.328321,HWC,1,1,0,0
3171,1.391131,1.824100,MGC,2,1,0,0
3173,1.340159,1.812276,MGC,5,2,0,0
3174,1.155103,1.250985,MGC,2,1,0,0
3175,1.282122,2.026351,MGC,1,1,0,0
3176,1.363444,1.739824,MGC,3,2,0,0
3177,1.459052,1.704911,MGC,2,1,0,0
3178,1.124439,1.960368,MGC,1,1,0,0
3179,1.192482,1.171160,HWC,1,1,0,0
318,1.447117,1.108665,HWC,2,1,0,0
3180,1.095359,1.417215,MGC,1,1,0,0
3186,1.334313,1.369935,MGC,1,1,0,0
3188,1.368733,1.580456,MGC,3,1,0,0
3189,1.150640,1.339699,MGC,1,1,0,0
3190,1.376125,1.505547,MGC,2,1,0,0
3191,1.538100,1.571740,MGC,1,1,0,0
3192,1.203847,1.388324,MGC,1,1,0,0
3195,1.165154,3.003904,MGC,1,1,0,0
3196,1.297689,1.447873,MGC,1,1,0,0
3197,1.247774,1.369238,MGC,1,1,0,0
3198,1.189233,1.151361,HWC,1,1,0,0
3199,1.610456,1.700655,MGC,1,1,0,0
32,1.337362,1.687417,MGC,2,1,0,0
320,1.337511,1.590002,MGC,2,1,0,0
3201,1.579042,2.617986,MGC,1,1,0,0
3202,1.371298,1.522172,MGC,1,1,0,0
3203,1.413806,1.615732,MGC,1,1,0,0
3205,1.652709,1.823454,MGC,1,1,0,0
3207,1.244125,1.270490,MGC,2,1,0,0
3209,1.360788,1.396007,MGC,1,1,0,0
3210,1.316151,1.687113,MGC,3,1,0,0
3211,1.449785,1.647836,MGC,1,1,0,0
3212,1.404170,2.655612,MGC,4,1,0,0
3215,1.253330,1.473513,MGC,4,2,0,0
3216,1.467833,1.578062,MGC,1,1,0,0
3217,1.383096,1.922025,MGC,1,1,0,0
3219,1.239863,1.599571,MGC,1,1,0,0
322,1.717790,1.191780,HWC,1,1,0,0
3220,1.367663,1.265638,HWC,4,1,0,0
3221,1.228308,1.386233,MGC,2,1,0,0
3222,1.325247,1.183291,HWC,1,1,0,0
3223,1.204734,2.151722,MGC,4,1,0,0
3224,1.299313,1.109366,HWC,1,1,0,0
3225,1.453296,1.655082,MGC,2,1,0,0
3226,1.379176,1.550647,MGC,1,1,0,0
3228,1.413628,2.149896,MGC,1,3,0,0
3229,1.402450,1.887907,MGC,1,2,0,0
323,1.426769,1.144608,HWC,1,1,0,0
3231,1.266469,2.126290,MGC,1,4,0,0
3232,1.171806,1.527222,MGC,1,1,0,0
3233,1.565831,1.225180,HWC,1,1,0,0
3234,1.410294,1.763577,MGC,2,2,0,0
3235,1.267626,1.259431,HWC,1,1,0,0
3237,1.181847,1.816524,MGC,1,1,0,0
3238,1.336557,1.167532,HWC,1,1,0,0
324,1.369707,1.446661,MGC,1,1,0,0
3241,1.346485,1.216019,HWC,2,1,0,0
3243,1.788978,1.245875,HWC,1,1,0,0
3244,1.222605,1.069266,HWC,1,1,0,0
3245,1.274984,1.521600,MGC,2,1,0,0
3248,1.344384,1.108242,HWC,1,1,0,0
325,1.128516,1.473978,MGC,1,1,0,0
3250,1.456693,1.473737,MGC,2,1,0,0
3251,1.266785,1.624728,MGC,1,1,0,0
3252,1.307431,1.820487,MGC,1,1,0,0
3253,1.049567,1.050450,MGC,1,1,0,0
3256,1.532110,1.535542,MGC,3,2,0,0
3258,1.488032,2.487095,MGC,1,1,0,0
326,1.406737,1.578837,MGC,1,1,0,0
3260,1.145786,1.141389,HWC,1,1,0,0
3261,1.454554,1.055733,HWC,1,1,0,0
3262,1.201094,1.105901,HWC,4,1,0,0
3266,1.185162,1.159350,HWC,1,1,0,0
3268,1.130587,1.213787,MGC,1,1,0,0
3269,1.255803,1.762421,MGC,2,1,0,0
327,1.473473,1.167671,HWC,1,1,0,0
3270,1.359436,1.581126,MGC,2,1,0,0
3273,1.308986,1.399915,MGC,3,1,0,0
3274,1.181846,1.115392,HWC,1,1,0,0
3276,1.169729,1.331808,MGC,1,1,0,0
3280,1.290405,1.130907,HWC,1,1,0,0
3284,1.399257,1.661296,MGC,1,1,0,0
3285,1.475795,1.823279,MGC,2,1,0,0
3287,1.501269,1.642327,MGC,1,2,0,0
3288,1.562343,1.043173,HWC,3,1,0,0
3289,1.297328,1.686263,MGC,2,4,0,0
329,1.341580,1.232616,HWC,1,1,0,0
3292,1.479790,1.422743,HWC,1,1,0,0
3293,1.248529,1.603636,MGC,2,1,0,0
3294,1.238605,1.549208,MGC,1,1,0,0
3295,1.400562,1.076044,HWC,2,1,0,0
3296,1.217305,1.145887,HWC,1,1,0,0
3297,1.375945,1.856709,MGC,3,2,0,0
3298,1.333204,1.237195,HWC,1,1,0,0
33,1.381395,1.162022,HWC,1,1,0,0
330,1.188008,1.237341,MGC,1,1,0,0
3300,1.680097,2.072793,MGC,1,1,0,0
3301,1.345885,1.722150,MGC,1,1,0,0
3302,1.090414,1.044072,HWC,1,1,0,0
3303,1.226244,1.823194,MGC,9,7,0,0
3304,1.300622,1.113846,HWC,1,1,0,0
3306,1.152806,1.556978,MGC,1,1,0,0
3307,1.596670,1.234515,HWC,1,1,0,0
3308,1.266152,1.359683,MGC,2,1,0,0
3309,1.115635,1.000000,HWC,1,1,0,0
331,1.328270,1.339695,MGC,1,1,0,0
3310,1.448840,1.132496,HWC,1,1,0,0
3311,1.432767,1.323956,HWC,1,1,0,0
3312,1.414630,1.047050,HWC,1,1,0,0
3314,1.163660,1.347017,MGC,3,1,0,0
3315,1.321881,1.138396,HWC,2,1,0,0
3317,1.046509,1.177698,MGC,1,1,0,0
3321,1.357722,1.144767,HWC,1,1,0,0
3322,1.601669,1.550203,HWC,1,1,0,0
3323,1.351365,1.821364,MGC,7,1,0,0
3324,1.336573,1.431164,MGC,4,1,0,0
3325,1.566169,1.883317,MGC,2,1,0,0
3328,1.236939,1.162003,HWC,1,1,0,0
3329,1.308852,1.261017,HWC,1,1,0,0
333,1.340486,1.142454,HWC,1,1,0,0
3330,1.306507,1.083287,HWC,2,1,0,0
3332,1.226974,1.519364,MGC,1,1,0,0
3333,1.568829,2.021778,MGC,1,3,0,0
3335,1.260227,1.366285,MGC,1,1,0,0
3336,1.377447,1.395796,MGC,1,1,0,0
3338,1.422717,1.458063,MGC,3,1,0,0
3340,1.527428,2.125505,MGC,1,1,0,0
3343,1.470129,1.838425,MGC,2,1,0,0
3344,1.220593,1.155479,HWC,1,1,0,0
3346,1.433429,1.054679,HWC,1,1,0,0
3347,1.434293,1.905676,MGC,1,1,0,0
3348,1.202870,1.322133,MGC,1,1,0,0
3349,1.514744,2.250168,MGC,1,1,0,0
3351,1.203425,2.274134,MGC,4,1,0,0
3352,1.653861,1.627967,HWC,1,1,0,0
3356,1.725945,1.770626,MGC,1,1,0,0
3358,1.482682,1.589846,MGC,1,1,0,0
3359,1.444779,1.746383,MGC,2,1,0,0
336,1.512560,1.624066,MGC,2,1,0,0
3360,1.136099,1.036156,HWC,1,1,0,0
3361,1.264484,1.012898,HWC,1,1,0,0
3363,1.480700,1.741399,MGC,1,1,0,0
3364,2.393481,1.899440,HWC,2,2,0,0
3367,1.261293,2.392299,MGC,5,2,0,0
3368,1.245810,1.156813,HWC,1,1,0,0
337,1.366932,1.795754,MGC,4,1,0,0
3373,1.325483,1.439587,MGC,2,1,0,0
3375,1.414532,1.685314,MGC,1,1,0,0
3376,1.429596,1.865464,MGC,3,1,0,0
3377,1.113355,1.156804,MGC,1,1,0,0
3378,1.088659,1.559111,MGC,1,1,0,0
3379,1.361736,1.624526,MGC,1,1,0,0
3380,1.613375,1.167589,HWC,1,1,0,0
3381,1.256140,1.389010,MGC,2,1,0,0
3382,1.147861,1.095009,HWC,1,1,0,0
3384,1.346869,1.221889,HWC,1,1,0,0
3385,1.240326,2.060854,MGC,1,3,0,0
3386,1.441691,1.016148,HWC,1,1,0,0
3388,1.425248,1.776836,MGC,2,1,0,0
3389,1.399316,1.155791,HWC,1,1,0,0
339,1.188873,1.213967,MGC,5,4,0,0
3390,1.315541,1.711474,MGC,2,3,0,0
3391,1.553504,1.503841,HWC,3,4,0,0
3392,1.445172,1.178254,HWC,2,1,0,0
3394,1.332555,1.583367,MGC,4,3,0,0
3396,1.297128,1.432723,MGC,1,1,0,0
3397,1.238534,1.474390,MGC,1,1,0,0
3398,1.311494,1.488213,MGC,1,1,0,0
3399,1.205120,1.150515,HWC,1,1,0,0
34,1.314047,1.652430,MGC,3,1,0,0
340,1.266470,1.092550,HWC,1,1,0,0
3401,1.256834,1.542845,MGC,5,1,0,0
3404,1.102276,1.252670,MGC,1,1,0,0
3405,1.351143,1.079333,HWC,1,1,0,0
3406,1.429191,1.214906,HWC,5,1,0,0
3407,1.451380,1.629620,MGC,1,1,0,0
3408,1.380703,1.213798,HWC,2,1,0,0
3413,1.125476,1.187458,MGC,1,1,0,0
3414,1.140600,1.532650,MGC,1,2,0,0
3416,1.226391,1.141993,HWC,2,1,0,0
3418,1.758289,1.136568,HWC,1,1,0,0
3420,1.188051,1.030538,HWC,3,1,0,0
3421,2.018444,1.534846,HWC,1,1,0,0
3424,1.275700,1.222353,HWC,1,2,0,0
3425,1.363999,1.865142,MGC,2,1,0,0
3426,1.848828,1.576725,HWC,1,1,0,0
3428,1.223976,1.154785,HWC,1,1,0,0
3430,1.457419,1.474728,MGC,1,8,0,0
3431,1.478544,1.974260,MGC,1,1,0,0
3434,1.291753,1.511336,MGC,1,1,0,0
3436,1.176415,1.511552,MGC,1,1,0,0
3438,1.157907,1.154160,HWC,1,1,0,0
344,1.359652,1.600760,MGC,1,1,0,0
3440,1.255605,1.350342,MGC,2,1,0,0
3442,1.513268,1.540665,MGC,1,1,0,0
3444,1.394607,2.107223,MGC,2,1,0,0
3446,1.141821,1.622366,MGC,1,1,0,0
3447,1.442139,1.527471,MGC,2,1,0,0
3448,1.409623,1.079501,HWC,1,1,0,0
345,1.888324,1.292634,HWC,1,1,0,0
3451,1.252140,1.169635,HWC,1,1,0,0
3452,1.284051,1.722029,MGC,2,1,0,0
3453,1.350631,1.932893,MGC,1,2,0,0
3454,1.625409,1.733921,MGC,1,1,0,0
3455,1.411027,1.211001,HWC,1,1,0,0
3458,1.250495,1.638490,MGC,2,1,0,0
3459,1.484909,1.627246,MGC,3,1,0,0
3460,1.423025,1.639530,MGC,1,1,0,0
3461,1.411168,1.717850,MGC,2,2,0,0
3465,1.466840,1.137816,HWC,1,1,0,0
3467,1.203411,1.362183,MGC,1,1,0,0
3469,1.095552,1.129416,MGC,1,1,0,0
3470,2.047407,2.569923,MGC,1,1,0,0
3471,1.558877,1.189892,HWC,2,1,0,0
3472,1.080956,1.310382,MGC,1,1,0,0
3473,1.687316,1.468301,HWC,1,1,0,0
3474,1.340092,1.634986,MGC,1,1,0,0
3477,1.327913,1.331411,MGC,2,1,0,0
3478,1.493157,1.488513,HWC,1,1,0,0
3479,1.278213,1.323823,MGC,1,1,0,0
3480,1.570133,2.048307,MGC,2,1,0,0
3486,1.672408,1.689921,MGC,4,3,0,0
3488,1.266143,1.676640,MGC,2,1,0,0
3489,1.246951,1.963070,MGC,1,1,0,0
349,1.383556,1.839625,MGC,3,1,0,0
3490,1.180922,1.085600,HWC,1,1,0,0
3491,1.469009,1.301154,HWC,1,1,0,0
3492,1.394998,1.509216,MGC,1,1,0,0
3494,1.139531,1.119654,HWC,1,1,0,0
3498,1.323832,1.755004,MGC,2,1,0,0
3499,1.170663,1.623249,MGC,1,2,0,0
35,1.474893,2.210671,MGC,1,1,0,0
3500,1.372334,1.573506,MGC,1,1,0,0
3501,1.467405,1.464798,HWC,2,1,0,0
3502,1.303869,1.752692,MGC,2,2,0,0
3503,1.297556,1.490252,MGC,1,1,0,0
3506,1.725794,1.325495,HWC,1,1,0,0
3507,1.209647,1.349471,MGC,2,1,0,0
3508,1.274891,1.542842,MGC,4,1,0,0
351,1.166854,1.181391,MGC,1,1,0,0
3513,1.333753,1.818519,MGC,1,1,0,0
3514,1.416531,2.506988,MGC,1,1,0,0
3515,1.375288,1.084955,HWC,1,1,0,0
3519,1.319681,1.506371,MGC,3,2,0,0
352,1.105068,1.377889,MGC,1,1,0,0
3520,1.293433,1.295451,MGC,1,1,0,0
3521,1.357617,1.606274,MGC,1,1,0,0
3523,1.570142,1.669906,MGC,2,1,0,0
3524,1.120325,1.160335,MGC,1,1,0,0
3527,1.302157,2.371271,MGC,3,6,0,0
3529,1.663179,1.159570,HWC,1,1,0,0
353,1.139002,1.297228,MGC,1,1,0,0
3530,1.459521,1.545530,MGC,1,1,0,0
3531,1.243543,1.356480,MGC,1,1,0,0
3532,1.235034,1.662993,MGC,1,2,0,0
3533,1.558794,1.564494,MGC,1,1,0,0
3534,1.663100,1.654075,HWC,1,1,0,0
3535,1.258723,2.084140,MGC,1,1,0,0
3538,1.547928,1.067676,HWC,1,1,0,0
3539,1.356396,1.634236,MGC,4,1,0,0
354,1.575162,1.794140,MGC,1,1,0,0
3541,1.280754,1.846032,MGC,1,1,0,0
3543,1.504490,1.632131,MGC,2,1,0,0
3544,1.466618,1.394576,HWC,1,1,0,0
3545,1.437934,1.385825,HWC,6,1,0,0
3546,1.304235,1.591590,MGC,2,1,0,0
3547,1.228564,1.026990,HWC,1,1,0,0
3548,1.376950,1.799341,MGC,1,1,0,0
3549,1.760686,1.475606,HWC,1,1,0,0
355,1.253814,2.143031,MGC,1,3,0,0
3553,1.576529,1.835703,MGC,2,1,0,0
3554,1.237711,1.108350,HWC,3,1,0,0
3555,1.415261,1.662504,MGC,1,1,0,0
3557,1.376181,1.146086,HWC,2,1,0,0
3558,1.441485,1.561418,MGC,2,1,0,0
3559,1.482161,1.297550,HWC,1,1,0,0
356,1.293065,1.537295,MGC,1,1,0,0
3560,1.297579,1.798994,MGC,1,1,0,0
3561,1.307931,1.362963,MGC,2,1,0,0
3563,1.173832,1.300329,MGC,2,1,0,0
3564,1.641698,1.410814,HWC,1,1,0,0
3565,1.398636,1.105825,HWC,1,1,0,0
3567,1.248248,1.542803,MGC,2,1,0,0
3569,1.234714,1.408898,MGC,2,1,0,0
357,1.304990,1.111430,HWC,1,1,0,0
3571,1.333736,1.078150,HWC,3,1,0,0
3572,1.340669,1.550136,MGC,2,2,0,0
3573,1.624133,1.587865,HWC,1,1,0,0
3574,1.324636,1.103865,HWC,3,1,0,0
3575,1.196234,1.874306,MGC,3,2,0,0
3577,1.628461,1.221116,HWC,1,1,0,0
3578,1.304853,1.250223,HWC,1,1,0,0
3579,1.229558,1.416378,MGC,9,1,0,0
358,1.403360,1.610205,MGC,6,2,0,0
3580,1.305661,1.253207,HWC,2,1,0,0
3582,1.528939,1.839080,MGC,1,1,0,0
3583,1.413843,1.390714,HWC,1,1,0,0
3586,1.160420,1.057484,HWC,2,1,0,0
3588,1.357539,1.095973,HWC,1,1,0,0
359,1.236497,2.216044,MGC,2,1,0,0
3590,1.436205,1.500967,MGC,1,1,0,0
3592,1.231001,1.962313,MGC,2,1,0,0
3595,1.220051,1.568120,MGC,1,4,0,0
3596,1.434792,1.894435,MGC,1,1,0,0
3597,1.248652,1.487416,MGC,1,2,0,0
3599,1.337762,1.478242,MGC,4,1,0,0
36,1.175790,2.087431,MGC,1,1,0,0
360,1.326384,1.883526,MGC,1,2,0,0
3601,1.281390,1.088030,HWC,2,1,0,0
3603,1.361082,1.553874,MGC,2,2,0,0
3606,1.315780,1.210119,HWC,4,1,0,0
3607,1.287921,1.754768,MGC,1,1,0,0
3608,1.467065,1.182922,HWC,1,1,0,0
3609,1.361803,1.115498,HWC,1,1,0,0
3613,1.606392,1.980037,MGC,1,2,0,0
3614,1.464125,1.813037,MGC,1,1,0,0
3616,1.176596,1.132157,HWC,1,1,0,0
3617,1.458336,1.255453,HWC,1,1,0,0
3619,1.301604,1.420483,MGC,1,1,0,0
362,1.600173,1.140528,HWC,1,1,0,0
3620,1.354131,1.270537,HWC,1,1,0,0
3621,1.350711,1.379783,MGC,3,2,0,0
3623,1.300200,1.167981,HWC,6,1,0,0
3624,1.575445,1.619308,MGC,1,1,0,0
3625,1.524422,1.144946,HWC,1,1,0,0
3628,1.153270,1.596478,MGC,3,1,0,0
3629,1.419291,1.054970,HWC,1,1,0,0
363,1.575725,1.778517,MGC,1,1,0,0
3630,1.357185,1.205667,HWC,1,1,0,0
3631,1.352712,1.406756,MGC,1,1,0,0
3632,1.366271,1.925033,MGC,1,2,0,0
3633,1.188491,1.486818,MGC,5,1,0,0
3634,1.301806,1.104853,HWC,1,1,0,0
3637,1.165953,1.262635,MGC,1,1,0,0
3638,1.334078,2.130510,MGC,2,1,0,0
3639,2.412289,2.329731,HWC,1,1,0,0
364,1.364031,1.058309,HWC,1,1,0,0
3640,1.094047,1.844836,MGC,1,1,0,0
3641,1.477427,1.787340,MGC,2,1,0,0
3642,1.263549,1.267934,MGC,1,1,0,0
3643,1.069201,1.096638,MGC,1,1,0,0
3645,1.214255,1.433905,MGC,3,2,0,0
3646,1.431959,1.374964,HWC,1,1,0,0
3647,1.397233,1.599163,MGC,2,1,0,0
365,1.715537,1.135791,HWC,1,1,0,0
3650,1.306312,1.062574,HWC,1,1,0,0
3653,1.526122,1.688295,MGC,3,2,0,0
3654,1.642583,1.075762,HWC,1,1,0,0
3656,1.637311,1.965004,MGC,1,1,0,0
3657,1.236567,1.908769,MGC,2,3,0,0
3659,1.328596,1.870839,MGC,1,1,0,0
3661,1.333172,1.820794,MGC,3,1,0,0
3662,1.374191,1.149573,HWC,1,1,0,0
3664,1.255614,1.316122,MGC,2,1,0,0
3665,1.322849,1.601014,MGC,1,1,0,0
3667,1.385235,1.555927,MGC,1,1,0,0
3669,1.512433,1.912603,MGC,1,1,0,0
367,1.202483,1.194479,HWC,1,1,0,0
3670,1.557620,1.937500,MGC,3,2,0,0
3671,1.075811,1.623527,MGC,1,1,0,0
3674,1.536179,1.709165,MGC,1,1,0,0
3677,1.157354,1.535371,MGC,2,1,0,0
3678,1.376153,1.711895,MGC,2,1,0,0
3679,1.261355,1.130698,HWC,1,1,0,0
368,1.596122,1.687161,MGC,1,1,0,0
3680,1.783022,1.378708,HWC,1,1,0,0
3682,1.167743,1.679672,MGC,2,3,0,0
3684,1.342324,1.936699,MGC,3,1,0,0
3685,1.083713,1.004654,HWC,1,1,0,0
3686,1.290917,1.487577,MGC,2,1,0,0
3690,1.228253,1.751127,MGC,1,8,0,0
3691,1.129806,1.543221,MGC,1,1,0,0
3692,1.616301,3.255728,MGC,1,1,0,0
3693,1.244006,1.433368,MGC,1,1,0,0
3694,1.227304,1.559960,MGC,4,1,0,0
3696,1.416890,1.211270,HWC,1,1,0,0
3698,1.285433,1.299780,MGC,2,1,0,0
37,1.476995,1.834076,MGC,2,1,0,0
3700,1.343036,1.451076,MGC,6,1,0,0
3702,1.273520,1.046344,HWC,1,1,0,0
3703,1.258099,1.516961,MGC,4,1,0,0
3704,1.321278,1.346071,MGC,2,1,0,0
3706,1.524902,1.455394,HWC,1,1,0,0
3707,1.347178,1.297528,HWC,4,1,0,0
3709,1.379534,1.192365,HWC,2,1,0,0
3713,1.198492,1.604584,MGC,1,1,0,0
3714,1.290491,1.490506,MGC,2,1,0,0
3715,1.473306,1.506392,MGC,1,1,0,0
3716,1.143792,1.288453,MGC,1,1,0,0
3718,1.376590,1.784569,MGC,2,1,0,0
3719,1.499819,1.093245,HWC,1,1,0,0
372,1.285348,1.093926,HWC,1,1,0,0
3720,1.350272,1.358167,MGC,3,1,0,0
3721,1.309041,1.142885,HWC,1,1,0,0
3722,1.371808,1.567481,MGC,1,1,0,0
3723,1.263133,1.439605,MGC,1,1,0,0
3724,1.116390,1.657740,MGC,1,1,0,0
3725,1.458207,1.236835,HWC,1,1,0,0
3726,1.330254,1.594471,MGC,5,1,0,0
3727,1.357686,1.223818,HWC,1,1,0,0
3728,1.268127,1.635068,MGC,1,1,0,0
373,1.460375,1.516381,MGC,2,1,0,0
3730,1.344480,2.035684,MGC,3,1,0,0
3731,1.325851,1.062225,HWC,1,1,0,0
3732,1.270206,2.391506,MGC,1,1,0,0
3734,1.457943,2.011032,MGC,2,1,0,0
3735,1.218746,1.781921,MGC,1,3,0,0
3737,1.296943,2.149248,MGC,1,4,0,0
3738,2.238410,1.792749,HWC,1,1,0,0
3741,1.252974,1.056527,HWC,1,1,0,0
3743,1.460095,1.570900,MGC,2,1,0,0
3745,1.291397,1.575526,MGC,13,2,0,0
3747,1.783542,1.267944,HWC,2,1,0,0
3753,1.379278,1.686596,MGC,1,1,0,0
3755,1.241392,1.255200,MGC,1,1,0,0
3757,1.344134,1.340398,HWC,1,1,0,0
3758,1.224305,1.365159,MGC,2,1,0,0
376,1.166824,1.303134,MGC,3,1,0,0
3760,1.534463,1.613880,MGC,2,1,0,0
3761,1.183236,1.069712,HWC,13,1,0,0
3762,1.420938,1.186808,HWC,1,1,0,0
3766,1.377622,1.705206,MGC,1,1,0,0
3769,1.383721,1.151470,HWC,1,1,0,0
377,1.581039,2.178882,MGC,1,1,0,0
3770,1.519958,1.273497,HWC,1,1,0,0
3773,1.502510,1.453622,HWC,4,1,0,0
3774,1.331755,1.265148,HWC,1,1,0,0
3775,1.349125,1.355551,MGC,2,1,0,0
3776,1.172665,2.771188,MGC,2,2,0,0
3777,1.312227,1.702041,MGC,1,1,0,0
3778,2.010082,2.113875,MGC,1,1,0,0
378,1.312689,1.647209,MGC,1,1,0,0
3781,1.953756,1.301793,HWC,1,1,0,0
3782,1.166703,1.064971,HWC,1,1,0,0
3784,1.316545,1.385572,MGC,1,1,0,0
3785,1.335230,1.829257,MGC,2,1,0,0
3788,1.420989,1.752186,MGC,1,1,0,0
379,1.331703,1.115532,HWC,2,1,0,0
3793,1.299379,1.291563,HWC,5,1,0,0
3796,1.456163,1.862352,MGC,3,2,0,0
3798,1.344331,2.041086,MGC,1,3,0,0
3799,1.389420,1.371052,HWC,1,1,0,0
38,1.204228,2.317319,MGC,1,1,0,0
380,1.461618,1.651172,MGC,3,1,0,0
3800,1.389311,2.275725,MGC,4,1,0,0
3801,1.378805,1.093437,HWC,1,1,0,0
3802,1.237162,1.211778,HWC,5,1,0,0
3803,1.384449,1.474819,MGC,1,1,0,0
3804,1.238098,1.449949,MGC,8,1,0,0
3805,1.194311,1.464566,MGC,4,1,0,0
3807,1.116115,1.248975,MGC,1,1,0,0
3813,1.198061,1.540316,MGC,1,1,0,0
3816,1.122321,1.269248,MGC,1,1,0,0
3818,1.364341,1.063067,HWC,1,1,0,0
382,1.243407,1.100682,HWC,1,1,0,0
3820,1.401583,1.523860,MGC,1,1,0,0
3821,1.739005,1.626158,HWC,1,1,0,0
3824,1.495529,1.312749,HWC,1,1,0,0
3825,1.369764,1.434336,MGC,3,1,0,0
3829,1.564607,1.594181,MGC,1,1,0,0
383,1.626026,1.841359,MGC,1,1,0,0
3831,1.433280,2.013577,MGC,1,2,0,0
3833,1.369946,1.295242,HWC,1,1,0,0
3837,1.188773,1.419028,MGC,1,1,0,0
3838,1.272919,1.066516,HWC,1,1,0,0
384,1.191705,1.691083,MGC,2,1,0,0
3840,2.057690,2.235009,MGC,1,1,0,0
3842,1.288347,1.719737,MGC,1,1,0,0
3843,1.387686,1.232726,HWC,1,1,0,0
3845,1.441648,1.141018,HWC,1,1,0,0
3846,1.376783,1.057693,HWC,1,1,0,0
3847,1.182444,1.602510,MGC,2,1,0,0
3849,1.204697,1.524617,MGC,1,1,0,0
385,1.503180,1.453720,HWC,3,1,0,0
3850,1.470304,1.779924,MGC,2,1,0,0
3851,1.288571,1.755071,MGC,2,2,0,0
3852,1.284001,1.415064,MGC,2,2,0,0
3854,1.272953,1.498810,MGC,2,1,0,0
3856,1.325144,1.140897,HWC,1,1,0,0
3858,1.343984,1.728823,MGC,1,3,0,0
386,1.367071,1.096907,HWC,2,1,0,0
3861,1.249944,1.530819,MGC,7,2,0,0
3862,1.478421,1.788614,MGC,1,1,0,0
3864,1.277891,1.063957,HWC,2,1,0,0
3866,1.549966,1.180785,HWC,1,1,0,0
3869,1.337083,1.151831,HWC,2,1,0,0
387,1.290066,1.686857,MGC,1,3,0,0
3872,1.373633,1.812638,MGC,2,3,0,0
3876,1.372102,1.072761,HWC,4,1,0,0
3877,1.433166,1.265530,HWC,1,1,0,0
3878,1.212954,1.095573,HWC,1,1,0,0
3879,1.391693,1.539611,MGC,1,1,0,0
388,1.139192,1.327791,MGC,1,1,0,0
3880,1.204642,1.154322,HWC,1,1,0,0
3883,1.431553,1.285355,HWC,1,1,0,0
3884,1.573412,1.431790,HWC,1,1,0,0
3887,1.220678,1.288933,MGC,8,1,0,0
3888,1.434915,1.024690,HWC,1,1,0,0
389,1.275191,1.271851,HWC,1,1,0,0
3890,1.289878,1.083383,HWC,1,1,0,0
3891,1.224543,1.716447,MGC,3,1,0,0
3894,1.447321,1.526121,MGC,2,2,0,0
3898,1.481728,1.130032,HWC,1,1,0,0
3899,1.313282,1.702511,MGC,3,1,0,0
39,1.429479,1.939736,MGC,3,1,0,0
390,1.359911,1.371636,MGC,2,1,0,0
3900,1.467787,1.068988,HWC,2,1,0,0
3901,1.326072,1.410860,MGC,1,1,0,0
3902,1.394517,1.051573,HWC,1,1,0,0
3904,1.278351,1.148269,HWC,2,1,0,0
3909,1.285686,1.153424,HWC,1,1,0,0
391,1.310827,1.634408,MGC,2,2,0,0
3910,1.286234,1.432053,MGC,2,1,0,0
3911,1.441081,1.691296,MGC,1,1,0,0
3913,1.347932,1.412990,MGC,1,1,0,0
3914,1.609342,1.377964,HWC,2,1,0,0
3915,1.577481,1.537857,HWC,2,1,0,0
3916,1.532907,1.334315,HWC,2,1,0,0
3917,1.270628,1.711075,MGC,4,6,0,0
3919,1.294546,1.838278,MGC,6,4,0,0
392,1.103102,1.378852,MGC,1,1,0,0
3923,1.383020,1.268556,HWC,2,1,0,0
3924,1.365470,1.824229,MGC,3,2,0,0
3925,1.323137,1.486275,MGC,1,1,0,0
3926,1.427034,1.736195,MGC,5,1,0,0
3927,1.433955,1.591129,MGC,1,1,0,0
3929,1.197280,1.264467,MGC,1,1,0,0
393,1.374260,1.685042,MGC,4,1,0,0
3930,1.181160,1.600499,MGC,4,1,0,0
3931,1.280093,1.183935,HWC,1,1,0,0
3933,1.333930,1.211979,HWC,1,1,0,0
3935,1.145900,1.213010,MGC,1,1,0,0
3936,1.174444,1.515365,MGC,1,1,0,0
3937,1.174447,1.148594,HWC,2,1,0,0
3938,1.178669,1.055898,HWC,1,1,0,0
3939,1.209426,1.451762,MGC,1,1,0,0
3940,1.320957,1.232383,HWC,1,1,0,0
3942,1.245991,1.930981,MGC,2,5,0,0
3944,1.086404,1.745180,MGC,1,1,0,0
3945,1.660776,1.453189,HWC,1,1,0,0
3948,1.248266,1.053865,HWC,1,1,0,0
3951,1.309914,1.344453,MGC,1,1,0,0
3952,1.414242,1.403715,HWC,1,1,0,0
3953,1.386107,1.417705,MGC,2,1,0,0
3958,1.232915,1.104846,HWC,1,1,0,0
3959,1.284962,1.454957,MGC,2,3,0,0
396,1.303187,1.057799,HWC,5,1,0,0
3961,1.264537,1.090051,HWC,1,1,0,0
3963,1.246124,1.240552,HWC,2,1,0,0
3964,1.476385,1.069786,HWC,1,1,0,0
3966,1.465929,1.547765,MGC,2,1,0,0
3968,1.134371,1.482176,MGC,1,1,0,0
3969,1.340913,1.673664,MGC,1,1,0,0
397,1.192015,1.475649,MGC,1,1,0,0
3972,1.738210,2.790633,MGC,2,1,0,0
3973,1.419212,1.430620,MGC,1,1,0,0
3975,1.218725,1.635338,MGC,1,2,0,0
3976,1.112868,1.204096,MGC,1,1,0,0
3979,1.479082,1.635228,MGC,1,1,0,0
3984,1.469768,1.832784,MGC,1,1,0,0
3986,1.323124,1.728298,MGC,3,1,0,0
3987,1.238821,1.917991,MGC,2,2,0,0
3988,1.626944,1.079251,HWC,1,1,0,0
3992,1.092444,1.081101,HWC,1,1,0,0
3993,1.445640,2.229432,MGC,2,2,0,0
3996,1.239321,1.273252,MGC,2,2,0,0
3997,1.565910,1.071595,HWC,1,1,0,0
3998,1.547258,2.055021,MGC,3,1,0,0
3999,1.056252,1.138813,MGC,1,1,0,0
40,1.375850,1.483664,MGC,3,3,0,0
400,1.430071,1.343560,HWC,1,1,0,0
4002,1.409733,1.125566,HWC,1,1,0,0
4003,1.671895,1.665754,HWC,1,2,0,0
4007,1.206235,1.088060,HWC,1,1,0,0
4009,1.243702,1.228713,HWC,1,1,0,0
401,1.201992,1.043571,HWC,1,1,0,0
4011,1.549388,1.774227,MGC,1,1,0,0
4012,1.306188,1.774858,MGC,1,1,0,0
4014,1.166230,1.917565,MGC,1,4,0,0
4016,1.247479,1.354305,MGC,1,1,0,0
4018,1.241522,1.193687,HWC,1,1,0,0
4019,1.531391,1.872957,MGC,1,1,0,0
402,1.366503,1.055239,HWC,7,1,0,0
4021,1.887739,1.917835,MGC,1,2,0,0
4026,1.379829,1.431328,MGC,1,1,0,0
4028,1.349106,1.633881,MGC,4,1,0,0
4029,1.482487,1.933624,MGC,1,1,0,0
4032,1.253167,1.176144,HWC,1,1,0,0
4034,1.349707,1.617426,MGC,3,1,0,0
4036,1.771580,1.588067,HWC,1,2,0,0
4037,1.923590,1.769865,HWC,1,2,0,0
4038,1.356920,1.704142,MGC,2,2,0,0
4039,1.232776,1.389512,MGC,1,1,0,0
404,1.354547,1.480429,MGC,2,1,0,0
4040,1.289322,1.980597,MGC,3,2,0,0
4042,2.192068,1.289275,HWC,1,1,0,0
4043,1.343139,1.556592,MGC,2,3,0,0
4045,1.416632,1.336823,HWC,1,1,0,0
4047,1.300454,1.375911,MGC,1,1,0,0
4048,1.281723,1.419785,MGC,2,1,0,0
4049,1.438606,1.632213,MGC,2,1,0,0
405,1.208445,1.715648,MGC,1,3,0,0
4050,1.402773,1.363251,HWC,1,1,0,0
4054,1.441003,1.584807,MGC,1,1,0,0
4055,1.405285,1.991977,MGC,1,1,0,0
4056,1.222400,1.144676,HWC,1,1,0,0
4057,1.461574,1.389713,HWC,3,1,0,0
4059,1.385638,1.885325,MGC,2,1,0,0
4060,1.437132,1.251887,HWC,2,1,0,0
4061,1.134669,1.214110,MGC,1,1,0,0
4062,1.451035,1.824143,MGC,1,7,0,0
4063,1.157922,1.139881,HWC,1,1,0,0
4065,1.269002,1.258894,HWC,7,1,0,0
4068,1.511584,1.773053,MGC,1,1,0,0
407,1.402442,1.919963,MGC,1,1,0,0
4070,1.406093,2.011251,MGC,3,4,0,0
4071,1.234214,1.755175,MGC,1,1,0,0
4074,1.439470,1.362796,HWC,3,1,0,0
4075,1.804142,1.793782,HWC,1,4,0,0
4076,1.643150,1.915223,MGC,1,1,0,0
4078,1.070942,1.121158,MGC,2,1,0,0
4079,1.228292,1.214427,HWC,1,1,0,0
408,1.980964,2.184138,MGC,1,1,0,0
4082,1.643400,1.721553,MGC,1,1,0,0
4084,1.210965,1.475843,MGC,1,1,0,0
4085,1.288105,1.563935,MGC,1,1,0,0
4087,1.288080,1.252539,HWC,1,1,0,0
4088,1.389340,1.142384,HWC,1,1,0,0
4090,1.713068,1.085107,HWC,1,1,0,0
4093,1.328270,1.264202,HWC,2,1,0,0
4094,1.424239,1.673645,MGC,1,1,0,0
4095,1.231867,2.047659,MGC,2,1,0,0
4097,1.389772,2.101623,MGC,2,1,0,0
4099,1.253758,1.454494,MGC,2,1,0,0
4100,1.578238,1.291371,HWC,2,1,0,0
4101,1.261791,1.195474,HWC,1,1,0,0
4107,1.245948,1.738308,MGC,1,2,0,0
4108,1.374440,1.218182,HWC,2,1,0,0
4109,1.530729,1.153746,HWC,1,1,0,0
411,1.312116,1.077807,HWC,6,1,0,0
4112,1.264824,1.492610,MGC,1,1,0,0
4113,1.416033,1.085184,HWC,1,1,0,0
4115,1.183061,1.142056,HWC,1,1,0,0
4116,1.386154,1.536525,MGC,1,1,0,0
4117,1.575737,1.192371,HWC,1,1,0,0
4118,1.399238,1.847144,MGC,3,3,0,0
4119,1.309885,1.599152,MGC,3,1,0,0
412,1.154654,1.637064,MGC,1,1,0,0
4120,1.415801,1.427128,MGC,1,1,0,0
4122,1.593592,1.833086,MGC,2,1,0,0
4124,1.557273,1.731009,MGC,2,2,0,0
4125,1.494322,1.565361,MGC,1,1,0,0
4126,1.125019,2.414558,MGC,1,4,0,0
4129,1.358764,1.312803,HWC,2,1,0,0
413,1.392824,1.598884,MGC,2,1,0,0
4130,1.171586,1.648804,MGC,1,1,0,0
4131,1.278337,1.327907,MGC,1,1,0,0
4132,1.369456,1.662866,MGC,1,2,0,0
4133,1.592030,1.446158,HWC,2,1,0,0
4136,1.232009,2.117581,MGC,1,5,0,0
4137,1.436788,1.281631,HWC,1,1,0,0
4139,1.516074,1.141439,HWC,1,1,0,0
414,1.379078,1.464354,MGC,1,1,0,0
4140,1.507623,1.843906,MGC,1,1,0,0
4141,1.147929,1.110878,HWC,1,1,0,0
4144,1.346916,1.059824,HWC,1,1,0,0
4145,1.293092,1.829185,MGC,1,2,0,0
4148,1.233093,1.155029,HWC,1,1,0,0
415,1.177085,1.702176,MGC,1,1,0,0
4150,1.326649,1.670022,MGC,2,1,0,0
4151,1.267464,1.455122,MGC,1,1,0,0
4152,1.412417,1.767133,MGC,2,1,0,0
4154,1.271370,1.403935,MGC,1,1,0,0
4156,1.233328,2.164842,MGC,1,1,0,0
4158,1.170050,1.026257,HWC,1,1,0,0
4160,1.275744,1.384139,MGC,1,1,0,0
4161,1.246104,1.288764,MGC,4,1,0,0
4163,1.061003,1.609872,MGC,1,2,0,0
4168,1.722700,1.723659,MGC,1,1,0,0
4169,1.103649,1.392817,MGC,1,1,0,0
417,1.479377,1.916168,MGC,2,1,0,0
4170,1.551977,1.417079,HWC,2,1,0,0
4172,1.407842,1.509322,MGC,2,1,0,0
4175,1.256660,1.582709,MGC,1,1,0,0
4176,1.299722,1.755219,MGC,1,1,0,0
4177,1.234429,1.063982,HWC,3,1,0,0
418,1.539670,1.933638,MGC,1,2,0,0
4180,1.371291,1.588658,MGC,4,1,0,0
4181,2.019933,1.671790,HWC,1,1,0,0
4182,1.209267,1.707090,MGC,1,2,0,0
4183,1.479395,1.244542,HWC,1,1,0,0
4184,1.290748,1.363424,MGC,2,1,0,0
4187,1.517160,1.495908,HWC,1,1,0,0
4188,1.388257,1.187462,HWC,1,1,0,0
4189,1.308845,1.787136,MGC,2,5,0,0
419,1.341910,1.718629,MGC,1,1,0,0
4190,1.573108,1.602393,MGC,2,1,0,0
4191,1.652903,1.189178,HWC,1,1,0,0
4192,1.417365,1.418349,MGC,1,1,0,0
4195,1.367089,2.094713,MGC,1,1,0,0
4196,1.411869,1.314575,HWC,5,1,0,0
4197,1.398986,1.184209,HWC,1,1,0,0
4198,1.164771,1.208253,MGC,1,1,0,0
4200,1.424034,1.178411,HWC,2,1,0,0
4201,1.539616,1.531434,HWC,1,1,0,0
4203,1.308245,1.255108,HWC,2,1,0,0
4204,1.461268,1.812527,MGC,2,2,0,0
4206,1.263103,1.422430,MGC,1,1,0,0
4207,1.535517,1.551839,MGC,1,1,0,0
4208,1.718792,1.772962,MGC,1,3,0,0
4209,1.353908,2.262218,MGC,1,3,0,0
4210,1.303716,1.411592,MGC,3,1,0,0
4212,1.555534,1.097226,HWC,2,1,0,0
4213,1.123481,1.399217,MGC,1,2,0,0
4214,1.303141,1.425820,MGC,2,1,0,0
4215,1.355933,1.195214,HWC,1,1,0,0
4216,1.684687,1.164922,HWC,1,1,0,0
4217,1.330661,1.433586,MGC,1,1,0,0
4218,1.200990,1.638813,MGC,1,1,0,0
422,1.357516,0.996842,HWC,1,1,0,0
4221,1.585796,2.127038,MGC,1,3,0,0
4223,1.254522,1.082934,HWC,1,1,0,0
4224,1.429725,1.336567,HWC,1,1,0,0
4226,1.272672,1.261607,HWC,1,1,0,0
4227,1.448729,1.771983,MGC,2,1,0,0
423,1.127164,1.146183,MGC,1,1,0,0
4233,1.295148,1.300483,MGC,1,1,0,0
4237,1.415295,1.476898,MGC,2,1,0,0
4239,1.275520,1.627543,MGC,1,1,0,0
424,1.348822,1.753468,MGC,1,1,0,0
4240,1.765380,1.407483,HWC,2,1,0,0
4244,1.461470,1.155948,HWC,1,1,0,0
4246,1.925006,1.242166,HWC,2,1,0,0
4247,1.482108,1.638821,MGC,1,1,0,0
4248,1.251769,1.143488,HWC,1,1,0,0
4250,1.305897,1.100709,HWC,1,1,0,0
4251,1.291213,1.955856,MGC,1,1,0,0
4253,1.300305,1.404822,MGC,1,1,0,0
4254,1.261997,1.543444,MGC,2,1,0,0
4256,1.311256,1.217351,HWC,1,1,0,0
4257,1.434921,1.385773,HWC,1,1,0,0
4258,1.247953,1.077389,HWC,2,1,0,0
4259,1.296323,1.579187,MGC,1,1,0,0
426,1.278065,1.921798,MGC,6,2,0,0
4260,1.440438,1.803698,MGC,1,1,0,0
4262,1.303970,1.286781,HWC,1,1,0,0
4263,1.147998,1.105818,HWC,2,1,0,0
4264,1.340576,1.574812,MGC,1,1,0,0
4265,1.311214,1.493394,MGC,2,1,0,0
4267,1.435352,2.246341,MGC,2,1,0,0
4268,1.273718,1.324731,MGC,1,1,0,0
4270,1.413909,1.215030,HWC,1,1,0,0
4271,1.479371,1.232062,HWC,1,1,0,0
4272,1.122961,1.575846,MGC,1,1,0,0
4273,1.374477,1.775581,MGC,1,1,0,0
4275,1.334917,1.318562,HWC,1,1,0,0
4276,1.405046,1.052796,HWC,1,1,0,0
4277,1.178876,1.076971,HWC,1,1,0,0
4278,1.386625,1.838798,MGC,1,1,0,0
428,1.229965,1.625344,MGC,1,1,0,0
4281,1.363287,1.634750,MGC,1,1,0,0
4282,1.151091,1.230257,MGC,1,1,0,0
4283,1.357365,1.556582,MGC,1,1,0,0
4287,1.239972,1.379008,MGC,1,1,0,0
4289,1.139076,1.466970,MGC,1,1,0,0
429,1.380824,1.729749,MGC,2,2,0,0
4290,1.355796,1.711919,MGC,3,2,0,0
4291,1.279218,1.153619,HWC,1,1,0,0
4292,1.490432,1.453348,HWC,3,1,0,0
4293,1.471447,1.725925,MGC,1,1,0,0
4294,1.161889,1.090717,HWC,1,1,0,0
4295,1.572943,1.887785,MGC,1,2,0,0
4296,1.866491,1.375167,HWC,1,1,0,0
4298,1.368234,1.724239,MGC,1,1,0,0
4304,1.397393,2.129958,MGC,1,1,0,0
4305,1.338465,1.981169,MGC,2,2,0,0
4306,1.271638,1.558749,MGC,1,3,0,0
4308,1.105848,1.056289,HWC,1,1,0,0
4309,1.153304,1.162448,MGC,5,1,0,0
431,1.356366,1.393734,MGC,2,1,0,0
4310,1.598946,3.589031,MGC,1,1,0,0
4311,1.253410,1.556812,MGC,4,2,0,0
4312,1.268076,1.761981,MGC,2,2,0,0
4314,1.346065,1.605194,MGC,1,2,0,0
4315,1.299950,1.593761,MGC,2,1,0,0
4316,1.059360,1.134342,MGC,1,1,0,0
4317,1.248657,1.069919,HWC,1,1,0,0
4318,1.317182,1.459670,MGC,1,1,0,0
4319,1.137587,1.360528,MGC,1,1,0,0
432,1.159565,1.442142,MGC,1,1,0,0
4321,1.208062,1.194991,HWC,1,1,0,0
4322,1.128623,1.535885,MGC,1,1,0,0
4323,1.392677,1.133993,HWC,1,1,0,0
4326,1.250750,2.085819,MGC,1,4,0,0
4327,1.390497,2.120949,MGC,7,4,0,0
4329,1.314211,1.438519,MGC,2,1,0,0
4330,1.346745,1.531633,MGC,3,1,0,0
4333,1.485248,1.107497,HWC,2,1,0,0
4334,1.576021,1.655354,MGC,1,1,0,0
4335,1.261179,1.806519,MGC,1,1,0,0
4337,1.300214,1.569899,MGC,1,1,0,0
4339,1.590319,1.318701,HWC,1,1,0,0
4340,1.325121,1.229591,HWC,2,1,0,0
4342,1.415143,1.916529,MGC,2,3,0,0
4343,1.377407,1.613245,MGC,1,1,0,0
4347,1.352506,1.208925,HWC,1,1,0,0
4349,1.424452,1.588365,MGC,1,1,0,0
4351,1.391068,1.384669,HWC,1,1,0,0
4352,1.160500,1.103871,HWC,1,1,0,0
4354,1.351724,1.203176,HWC,1,1,0,0
4355,1.477978,1.138360,HWC,1,1,0,0
4357,1.340339,1.432264,MGC,2,1,0,0
4359,1.294026,1.357301,MGC,2,7,0,0
4360,1.118196,1.068107,HWC,1,1,0,0
4361,1.083087,1.928013,MGC,1,3,0,0
4364,1.450673,1.544110,MGC,1,1,0,0
4365,1.256031,1.032206,HWC,1,1,0,0
4368,1.424404,1.577938,MGC,1,1,0,0
437,1.713278,1.840932,MGC,1,2,0,0
4371,1.577682,1.416047,HWC,1,1,0,0
4372,1.332059,1.406618,MGC,1,1,0,0
4373,1.296219,1.272742,HWC,1,1,0,0
4374,1.282998,1.711541,MGC,2,1,0,0
4375,1.445704,1.755032,MGC,3,3,0,0
4376,1.426142,1.278422,HWC,2,1,0,0
4378,1.252492,1.382609,MGC,1,1,0,0
4379,1.298524,1.293410,HWC,1,1,0,0
438,1.257697,1.777621,MGC,1,2,0,0
4381,1.297610,1.094621,HWC,2,1,0,0
4383,1.681971,1.534212,HWC,1,1,0,0
4384,1.600856,1.093507,HWC,3,1,0,0
4386,1.525239,1.503010,HWC,1,1,0,0
4391,1.046376,1.076699,MGC,1,1,0,0
4392,1.535897,1.523999,HWC,1,1,0,0
4394,1.323991,1.744209,MGC,1,1,0,0
4396,1.273042,1.296214,MGC,2,1,0,0
4397,1.392881,1.435969,MGC,2,1,0,0
4399,1.302487,1.250397,HWC,2,1,0,0
44,1.426100,1.774218,MGC,2,1,0,0
4401,1.590769,1.236565,HWC,1,1,0,0
4403,1.234068,1.411090,MGC,2,1,0,0
4404,1.370013,1.784633,MGC,10,1,0,0
4406,1.212401,1.443205,MGC,3,1,0,0
4408,1.179240,2.367547,MGC,2,5,0,0
4409,1.122325,1.885995,MGC,1,1,0,0
4410,1.383112,1.756298,MGC,2,2,0,0
4411,1.275582,1.310098,MGC,1,1,0,0
4412,1.246875,1.317156,MGC,1,1,0,0
4413,1.148015,1.240582,MGC,2,1,0,0
4414,1.707868,1.537305,HWC,1,1,0,0
4415,1.159653,1.290649,MGC,1,1,0,0
4416,1.259395,1.471160,MGC,11,1,0,0
4417,1.375562,1.375248,HWC,1,1,0,0
4418,1.461809,1.374047,HWC,2,1,0,0
4419,1.154462,2.113644,MGC,1,1,0,0
4420,1.088636,1.249847,MGC,1,1,0,0
4422,1.165165,1.200510,MGC,1,1,0,0
4423,1.233841,1.399213,MGC,1,1,0,0
4427,1.326390,1.403826,MGC,1,1,0,0
4428,1.366969,1.447988,MGC,3,2,0,0
4430,1.397011,1.768887,MGC,2,2,0,0
4431,1.609391,1.393501,HWC,2,1,0,0
4432,1.338677,1.921144,MGC,2,6,0,0
4433,1.225643,1.452515,MGC,3,2,0,0
4434,1.240113,1.568416,MGC,1,1,0,0
4435,1.273064,1.339624,MGC,1,1,0,0
4436,1.310315,1.610462,MGC,1,1,0,0
4437,1.275856,3.141176,MGC,2,1,0,0
4438,1.386234,1.629656,MGC,1,1,0,0
444,1.323415,1.039550,HWC,2,1,0,0
4440,1.316553,2.421492,MGC,3,6,0,0
4442,1.331423,1.408838,MGC,8,1,0,0
4445,1.412305,1.701697,MGC,2,2,0,0
4447,1.261124,1.502372,MGC,2,1,0,0
4448,1.410207,1.175370,HWC,5,1,0,0
4449,1.645774,1.659223,MGC,2,1,0,0
4451,1.239900,1.360983,MGC,2,1,0,0
4452,1.418121,1.583008,MGC,3,1,0,0
4456,1.177165,1.056506,HWC,1,1,0,0
4457,1.329232,1.713201,MGC,1,1,0,0
4459,1.429474,1.407564,HWC,1,1,0,0
446,1.327872,1.099290,HWC,1,1,0,0
4460,1.410600,2.187178,MGC,1,1,0,0
4461,1.186339,1.048102,HWC,2,1,0,0
4462,1.228313,1.176027,HWC,1,1,0,0
4463,1.304995,1.719276,MGC,4,1,0,0
4465,1.284945,1.493138,MGC,2,1,0,0
4467,1.353762,1.833973,MGC,2,5,0,0
4470,1.349423,1.102557,HWC,2,1,0,0
4471,1.387862,1.392187,MGC,2,1,0,0
4473,1.494793,1.113531,HWC,1,1,0,0
4475,1.226712,1.112172,HWC,1,1,0,0
4477,1.410367,1.961462,MGC,2,1,0,0
4479,1.318118,1.718803,MGC,3,3,0,0
4480,1.254461,1.239168,HWC,1,1,0,0
4482,1.178226,1.263037,MGC,2,1,0,0
4483,1.303588,1.722741,MGC,1,1,0,0
4484,1.417808,1.540413,MGC,1,1,0,0
4485,1.465823,1.361903,HWC,2,1,0,0
4486,1.373440,1.424517,MGC,2,1,0,0
4488,1.690928,1.636859,HWC,2,1,0,0
4489,1.356322,1.380295,MGC,4,1,0,0
449,1.641305,1.192951,HWC,1,1,0,0
4491,1.317033,1.546918,MGC,2,1,0,0
4493,1.480619,1.821599,MGC,2,1,0,0
4496,1.782259,1.104096,HWC,1,1,0,0
4497,1.215322,1.137640,HWC,6,1,0,0
4498,1.092836,0.998691,HWC,1,1,0,0
45,1.346241,1.521250,MGC,2,1,0,0
4500,1.458141,1.461364,MGC,1,1,0,0
4501,1.417932,1.499851,MGC,1,1,0,0
4503,1.419453,2.438816,MGC,1,3,0,0
4504,1.444436,1.151281,HWC,2,1,0,0
4505,1.278315,1.849781,MGC,7,7,0,0
4506,1.269612,2.181217,MGC,1,1,0,0
4507,1.226560,1.500615,MGC,1,1,0,0
4508,1.336623,1.191708,HWC,1,1,0,0
451,1.644833,1.651929,MGC,1,1,0,0
4514,1.542764,1.161568,HWC,1,1,0,0
4516,1.498868,1.580023,MGC,2,1,0,0
4517,1.368220,1.128847,HWC,1,1,0,0
4519,1.561046,1.231070,HWC,1,1,0,0
452,1.236237,1.493934,MGC,1,3,0,0
4522,1.373455,1.454835,MGC,1,1,0,0
4524,1.471227,2.124660,MGC,1,2,0,0
4525,1.304874,1.143417,HWC,1,1,0,0
4526,1.260613,1.280641,MGC,1,1,0,0
4528,1.160390,1.197680,MGC,1,1,0,0
453,1.484144,1.125723,HWC,1,1,0,0
4535,1.265274,1.493665,MGC,4,1,0,0
4536,1.339954,1.693754,MGC,6,1,0,0
4537,1.294422,1.241882,HWC,1,1,0,0
4538,1.205541,1.356100,MGC,1,1,0,0
4542,1.309514,1.887093,MGC,4,4,0,0
4546,1.214929,1.759722,MGC,1,1,0,0
4548,1.275782,1.118455,HWC,1,1,0,0
4549,1.381872,1.492903,MGC,1,1,0,0
455,1.278329,1.249663,HWC,1,1,0,0
4550,1.307178,1.716644,MGC,2,1,0,0
4551,1.067571,1.432793,MGC,1,1,0,0
4552,1.359116,1.717471,MGC,1,1,0,0
4553,1.230090,1.929569,MGC,6,2,0,0
4554,1.235663,2.246595,MGC,9,2,0,0
4555,2.410132,2.596717,MGC,1,1,0,0
4558,1.454825,1.172851,HWC,1,1,0,0
4559,1.296859,1.245902,HWC,1,1,0,0
4560,1.486311,2.008606,MGC,4,1,0,0
4561,1.731402,1.453335,HWC,1,1,0,0
4562,1.328526,1.397971,MGC,1,1,0,0
4563,1.283870,1.784287,MGC,6,1,0,0
4565,1.400999,1.628961,MGC,1,1,0,0
4566,1.307219,1.150730,HWC,1,1,0,0
4567,1.414059,1.250643,HWC,3,1,0,0
4569,1.361154,1.087343,HWC,1,1,0,0
4570,1.299293,1.568009,MGC,2,2,0,0
4573,1.321464,1.491336,MGC,2,1,0,0
4575,1.337166,1.654052,MGC,1,1,0,0
4577,1.206938,1.480452,MGC,2,1,0,0
4578,1.442123,1.648623,MGC,3,1,0,0
4579,1.490486,1.558695,MGC,1,1,0,0
4580,1.433464,2.149649,MGC,1,1,0,0
4581,1.898997,1.270474,HWC,1,1,0,0
4584,1.228577,2.015907,MGC,7,4,0,0
4585,1.249064,1.201639,HWC,1,1,0,0
4586,1.381767,1.756018,MGC,2,1,0,0
4587,1.406559,1.782176,MGC,3,1,0,0
4588,1.350540,1.580400,MGC,3,2,0,0
459,1.439600,1.578201,MGC,1,1,0,0
4590,1.558605,1.472250,HWC,2,1,0,0
4595,1.507234,1.588727,MGC,3,1,0,0
4596,1.458805,1.111923,HWC,1,1,0,0
4597,1.189883,1.667974,MGC,3,2,0,0
4599,1.250750,1.412411,MGC,3,2,0,0
46,1.446904,1.610299,MGC,4,1,0,0
460,1.400275,1.410140,MGC,1,1,0,0
4604,1.150588,1.468348,MGC,1,1,0,0
4605,1.226855,1.099789,HWC,3,1,0,0
4606,1.236672,1.111254,HWC,1,1,0,0
4607,1.466776,1.910175,MGC,2,1,0,0
4609,1.539311,1.232826,HWC,3,1,0,0
461,1.415927,2.104189,MGC,3,2,0,0
4613,1.223903,1.064266,HWC,2,1,0,0
4616,1.532441,1.658015,MGC,2,1,0,0
4617,1.286791,1.365933,MGC,3,1,0,0
462,1.375882,1.174384,HWC,1,1,0,0
4621,1.478061,1.468523,HWC,2,1,0,0
4624,1.160458,1.073570,HWC,1,1,0,0
4626,1.238903,1.234644,HWC,1,1,0,0
4629,1.245129,1.616555,MGC,4,1,0,0
463,1.232756,1.241459,MGC,1,1,0,0
4630,1.314714,1.496797,MGC,1,1,0,0
4635,1.296296,1.645944,MGC,2,2,0,0
4636,1.306454,1.754643,MGC,2,1,0,0
4638,1.211298,1.349682,MGC,1,1,0,0
4639,1.365574,1.886880,MGC,1,3,0,0
464,1.268004,1.547589,MGC,1,1,0,0
4640,1.994862,2.688387,MGC,2,2,0,0
4643,1.510772,1.611783,MGC,1,1,0,0
4644,1.264547,1.024066,HWC,1,1,0,0
4645,1.257392,1.286145,MGC,1,1,0,0
4648,1.175753,1.048159,HWC,1,1,0,0
4649,2.175557,2.662634,MGC,1,1,0,0
465,1.278173,1.698044,MGC,4,2,0,0
4652,1.143363,1.165526,MGC,1,1,0,0
4653,1.227870,1.260462,MGC,4,1,0,0
4654,1.241620,1.449255,MGC,1,1,0,0
4655,1.402965,1.058181,HWC,1,1,0,0
4656,1.415913,1.666413,MGC,2,1,0,0
4657,1.398776,1.240125,HWC,2,1,0,0
4658,1.232680,1.349890,MGC,1,1,0,0
4659,1.511093,1.276617,HWC,1,1,0,0
4662,1.413465,1.553216,MGC,1,1,0,0
4663,1.589659,1.334154,HWC,1,1,0,0
4664,1.240381,1.100540,HWC,1,1,0,0
4665,1.894723,1.569985,HWC,1,1,0,0
4666,1.088464,1.127108,MGC,1,1,0,0
4667,1.487797,1.032185,HWC,4,1,0,0
4668,1.306191,1.787085,MGC,1,3,0,0
4669,1.685026,2.164246,MGC,3,1,0,0
4674,1.208748,1.469901,MGC,4,5,0,0
4675,1.572217,1.192252,HWC,2,1,0,0
4677,1.237179,1.422662,MGC,1,1,0,0
4678,1.451708,1.439478,HWC,1,1,0,0
4679,1.424596,1.204005,HWC,1,1,0,0
4680,1.482857,1.301173,HWC,5,1,0,0
4681,1.375832,1.390003,MGC,1,2,0,0
4682,1.350133,1.085931,HWC,1,1,0,0
4683,1.175394,1.577266,MGC,4,5,0,0
4684,1.238297,1.827398,MGC,4,1,0,0
4685,1.389319,1.120715,HWC,1,1,0,0
4686,1.247656,1.146335,HWC,1,1,0,0
4687,1.287286,2.030500,MGC,1,1,0,0
4688,1.280800,1.534862,MGC,1,2,0,0
4689,1.332639,1.191923,HWC,2,1,0,0
469,1.451254,1.423081,HWC,1,1,0,0
4690,1.588813,1.833443,MGC,2,3,0,0
4691,1.723859,1.152536,HWC,1,1,0,0
4693,1.248123,1.445739,MGC,4,1,0,0
4694,1.482131,1.239611,HWC,1,1,0,0
4698,1.240238,1.154691,HWC,1,1,0,0
4699,1.288462,1.209166,HWC,4,1,0,0
47,1.416946,1.361460,HWC,2,1,0,0
4703,1.555710,1.442999,HWC,1,1,0,0
4704,1.295208,1.561480,MGC,1,1,0,0
4707,2.024679,1.460721,HWC,1,1,0,0
4709,1.548134,1.128977,HWC,1,1,0,0
471,1.451743,1.348332,HWC,1,1,0,0
4713,1.737479,1.723823,HWC,1,1,0,0
4714,1.170791,1.325941,MGC,4,1,0,0
4715,1.268858,1.026260,HWC,1,1,0,0
4716,1.247375,1.681403,MGC,3,1,0,0
4718,1.379347,1.370067,HWC,1,1,0,0
472,1.510351,1.753321,MGC,2,1,0,0
4720,1.296150,1.401578,MGC,1,1,0,0
4722,1.322228,1.114699,HWC,1,1,0,0
4723,1.450446,1.561794,MGC,1,1,0,0
4724,1.342390,1.213786,HWC,2,1,0,0
4726,1.264628,1.750701,MGC,2,1,0,0
4727,1.265398,1.084855,HWC,2,1,0,0
4729,1.233835,2.108229,MGC,1,4,0,0
473,1.181404,1.640956,MGC,1,1,0,0
4730,1.365871,1.797247,MGC,2,3,0,0
4731,1.455495,1.441071,HWC,6,3,0,0
4736,1.158578,1.106145,HWC,1,1,0,0
4737,1.358916,1.815581,MGC,5,3,0,0
4739,1.260846,1.203288,HWC,1,1,0,0
474,1.750160,1.331338,HWC,1,1,0,0
4743,1.300123,1.640745,MGC,1,2,0,0
4744,1.247678,1.201365,HWC,1,1,0,0
4745,1.300747,1.244215,HWC,2,1,0,0
4747,1.443442,1.217504,HWC,1,1,0,0
4748,1.221001,1.585818,MGC,2,1,0,0
4749,1.509824,1.545966,MGC,1,1,0,0
4751,1.644297,1.656315,MGC,1,1,0,0
4752,1.331493,1.302399,HWC,1,1,0,0
4753,1.322545,1.701008,MGC,3,1,0,0
4754,1.249992,1.410421,MGC,1,1,0,0
4756,1.335769,1.121013,HWC,1,1,0,0
4757,1.636136,1.154195,HWC,2,1,0,0
4758,1.157562,1.225698,MGC,1,1,0,0
476,1.418819,1.038616,HWC,1,1,0,0
4760,1.390036,1.643761,MGC,3,2,0,0
4761,1.549649,1.920208,MGC,1,1,0,0
4764,1.575560,1.234317,HWC,1,1,0,0
4766,1.326078,1.478005,MGC,1,1,0,0
4767,1.561380,1.912759,MGC,1,1,0,0
4769,1.386725,1.420721,MGC,1,1,0,0
4770,1.221394,1.514423,MGC,3,1,0,0
4771,1.580286,1.300451,HWC,1,1,0,0
4773,1.288910,1.170845,HWC,1,1,0,0
4775,1.213006,1.867570,MGC,2,1,0,0
4776,1.088038,1.193427,MGC,1,1,0,0
4778,1.656188,2.475439,MGC,1,1,0,0
478,1.189292,2.034671,MGC,1,1,0,0
4781,1.403636,1.073982,HWC,1,1,0,0
4782,1.181481,2.029807,MGC,3,4,0,0
4783,1.376667,1.331159,HWC,2,1,0,0
4784,1.716324,1.711890,HWC,1,3,0,0
4786,1.420229,1.172486,HWC,1,1,0,0
4787,1.247993,2.032552,MGC,3,3,0,0
4788,1.322148,2.347227,MGC,2,3,0,0
4789,1.576042,1.753363,MGC,3,1,0,0
479,1.583145,1.600452,MGC,1,1,0,0
4790,1.565747,1.915617,MGC,3,1,0,0
4791,1.396410,1.436947,MGC,1,1,0,0
4793,1.279389,1.533117,MGC,1,1,0,0
4794,1.279098,1.317707,MGC,1,1,0,0
4797,1.334392,1.160012,HWC,2,1,0,0
4798,1.330046,1.472127,MGC,1,1,0,0
4800,1.502597,1.701539,MGC,3,3,0,0
4801,1.302240,1.129823,HWC,1,1,0,0
4802,1.236417,1.567835,MGC,3,2,0,0
4804,1.599872,1.440238,HWC,1,1,0,0
4805,1.551985,1.516194,HWC,1,1,0,0
4806,1.448229,1.792636,MGC,3,2,0,0
4807,1.324371,1.438942,MGC,1,1,0,0
4809,1.317848,1.720785,MGC,1,1,0,0
481,1.359522,1.212209,HWC,2,1,0,0
4812,1.310187,1.453123,MGC,2,3,0,0
4813,1.282475,3.020896,MGC,4,7,0,0
4816,1.638931,1.641721,MGC,1,1,0,0
4817,1.440983,1.410279,HWC,1,1,0,0
4819,1.269360,1.963450,MGC,2,1,0,0
482,1.394847,2.518773,MGC,1,1,0,0
4821,1.531650,1.238055,HWC,1,1,0,0
4822,1.393916,2.201218,MGC,2,1,0,0
4823,1.322176,1.155078,HWC,1,1,0,0
4826,1.176460,1.047013,HWC,1,1,0,0
483,1.246214,1.088932,HWC,1,1,0,0
4830,1.229922,1.972796,MGC,1,1,0,0
4831,1.158624,1.110415,HWC,2,1,0,0
4834,1.266104,1.742615,MGC,2,1,0,0
4836,1.342207,2.056458,MGC,4,1,0,0
4837,1.308757,1.572866,MGC,1,1,0,0
4838,1.237401,1.323969,MGC,1,1,0,0
4839,1.390414,1.333768,HWC,2,1,0,0
484,1.416082,1.645719,MGC,1,1,0,0
4840,1.285333,1.614021,MGC,1,1,0,0
4842,1.472380,1.611513,MGC,2,2,0,0
4845,1.673329,1.208946,HWC,1,1,0,0
4846,1.253923,1.232269,HWC,2,1,0,0
4850,1.284680,1.476659,MGC,1,1,0,0
4851,1.153914,1.160364,MGC,1,1,0,0
4853,1.603902,1.857730,MGC,1,1,0,0
4856,1.333803,1.389195,MGC,1,1,0,0
4857,1.070233,1.112468,MGC,1,1,0,0
4858,1.586993,1.599171,MGC,1,1,0,0
486,1.642749,1.669259,MGC,1,1,0,0
4860,1.189016,1.560259,MGC,1,1,0,0
4861,1.639785,1.267048,HWC,1,1,0,0
4862,1.249832,1.082811,HWC,1,1,0,0
4863,1.685195,1.891117,MGC,3,1,0,0
4865,1.465075,1.664415,MGC,2,5,0,0
4866,1.570613,1.743328,MGC,1,1,0,0
4867,1.263488,1.548889,MGC,1,1,0,0
4868,1.486640,1.509769,MGC,3,1,0,0
4869,1.375476,1.969798,MGC,3,2,0,0
4872,1.219412,1.567225,MGC,2,2,0,0
4873,1.248257,1.275727,MGC,2,1,0,0
4875,1.285796,1.823433,MGC,6,4,0,0
4876,1.379299,1.136819,HWC,1,1,0,0
4877,1.555324,1.719087,MGC,2,1,0,0
4879,1.309584,1.452304,MGC,1,1,0,0
488,1.360697,1.461209,MGC,1,1,0,0
4880,1.375198,2.673590,MGC,2,3,0,0
4881,1.445658,1.269508,HWC,2,1,0,0
4882,1.433020,1.632467,MGC,1,1,0,0
4886,1.397978,1.232009,HWC,1,1,0,0
4887,1.130956,1.084765,HWC,1,1,0,0
4888,1.409950,1.465716,MGC,1,1,0,0
4889,1.550101,2.216798,MGC,1,1,0,0
4894,1.674059,1.321126,HWC,1,1,0,0
4896,1.084767,1.067778,HWC,5,1,0,0
4897,1.309442,1.079394,HWC,1,1,0,0
4898,1.614260,1.217608,HWC,1,1,0,0
49,1.252577,1.403708,MGC,1,1,0,0
490,1.442734,1.860509,MGC,2,2,0,0
4900,1.334466,1.150102,HWC,1,1,0,0
4901,1.555833,1.099743,HWC,1,1,0,0
4902,1.491956,1.727224,MGC,1,1,0,0
4903,1.194593,1.415101,MGC,2,1,0,0
4904,1.842480,1.168062,HWC,1,1,0,0
4905,1.240460,1.884588,MGC,1,1,0,0
4906,1.267174,1.451203,MGC,1,1,0,0
4907,1.250785,1.085029,HWC,3,1,0,0
4908,1.400721,1.692829,MGC,2,1,0,0
4909,1.283481,1.085355,HWC,1,1,0,0
4910,1.366076,1.430574,MGC,1,1,0,0
4911,1.600069,1.443366,HWC,2,1,0,0
4915,1.299150,1.114091,HWC,1,1,0,0
4916,1.405781,2.070967,MGC,3,2,0,0
4917,1.301432,1.443402,MGC,1,1,0,0
4919,1.375711,1.844723,MGC,6,1,0,0
492,1.252908,1.657268,MGC,1,1,0,0
4920,1.720218,1.681724,HWC,1,1,0,0
4921,1.380809,1.469490,MGC,3,2,0,0
4925,1.249379,1.425314,MGC,4,1,0,0
4928,1.473712,1.906061,MGC,2,1,0,0
4929,1.893624,2.018611,MGC,1,1,0,0
493,1.314774,1.912700,MGC,5,6,0,0
4931,1.333213,1.794893,MGC,2,1,0,0
4932,1.801070,1.829185,MGC,1,1,0,0
4933,1.337812,1.708744,MGC,3,2,0,0
4934,1.678963,2.272004,MGC,1,1,0,0
4935,1.389671,1.461976,MGC,1,1,0,0
4937,1.180892,1.113858,HWC,1,1,0,0
494,1.410207,1.266356,HWC,1,1,0,0
4940,1.551296,1.504810,HWC,1,1,0,0
4941,1.234484,1.652984,MGC,1,1,0,0
4942,1.310253,1.927427,MGC,1,1,0,0
4943,1.183140,1.096148,HWC,1,1,0,0
4944,1.784033,2.232224,MGC,1,3,0,0
4945,1.393495,1.791753,MGC,1,1,0,0
4946,1.091056,1.713083,MGC,1,1,0,0
4948,1.324251,1.841478,MGC,1,1,0,0
495,1.286225,1.059856,HWC,1,1,0,0
4951,1.188145,1.333049,MGC,1,1,0,0
4954,1.347946,1.122028,HWC,2,1,0,0
4955,1.290982,1.559985,MGC,1,1,0,0
4956,1.255338,1.181817,HWC,1,1,0,0
496,1.391111,1.456904,MGC,2,1,0,0
4961,1.240055,1.756013,MGC,2,2,0,0
4962,1.335507,1.520705,MGC,1,1,0,0
4963,1.319523,2.599765,MGC,3,5,0,0
4965,1.276327,1.083074,HWC,1,1,0,0
4967,1.977828,1.934277,HWC,1,1,0,0
4968,1.502771,1.650467,MGC,1,1,0,0
4969,1.502554,1.049086,HWC,1,1,0,0
497,1.381357,1.454461,MGC,2,3,0,0
4970,1.335147,1.190179,HWC,1,1,0,0
4971,1.763305,1.519401,HWC,1,1,0,0
4972,1.398020,2.386967,MGC,3,3,0,0
4974,1.272729,1.482791,MGC,2,4,0,0
4977,1.419735,1.664444,MGC,2,1,0,0
4978,1.369998,1.993640,MGC,1,1,0,0
498,1.381121,2.459699,MGC,3,1,0,0
4982,1.394733,2.058967,MGC,1,1,0,0
4983,1.525577,1.311343,HWC,2,1,0,0
4984,1.301104,1.768894,MGC,3,1,0,0
4985,1.319902,1.917625,MGC,3,2,0,0
4986,1.294083,1.433253,MGC,1,1,0,0
4987,1.404401,1.253976,HWC,1,1,0,0
499,1.383214,1.054715,HWC,1,1,0,0
4990,1.150153,1.893186,MGC,1,3,0,0
4991,1.630450,1.128498,HWC,1,1,0,0
4992,1.454316,1.400528,HWC,1,1,0,0
4993,1.457079,1.831658,MGC,1,1,0,0
4995,1.458402,1.688802,MGC,1,1,0,0
4996,1.431789,1.727213,MGC,2,2,0,0
4997,1.255713,1.485812,MGC,2,1,0,0
4998,1.507629,3.164771,MGC,2,4,0,0
5,1.253128,1.107388,HWC,2,1,0,0
50,1.199292,1.098589,HWC,1,1,0,0
500,1.522922,1.255315,HWC,1,1,0,0
5002,1.638887,1.669519,MGC,1,1,0,0
5006,1.263993,1.321730,MGC,1,1,0,0
5007,1.354483,1.568065,MGC,1,1,0,0
5008,1.342428,1.125293,HWC,1,1,0,0
501,1.330384,1.108460,HWC,1,1,0,0
5010,1.159080,1.122241,HWC,1,1,0,0
5013,1.360700,2.330035,MGC,1,2,0,0
5016,1.263654,1.408093,MGC,1,1,0,0
5017,1.427422,1.551337,MGC,2,1,0,0
5020,1.355460,1.615220,MGC,1,1,0,0
5021,1.233962,1.281974,MGC,1,1,0,0
5024,1.314299,1.879630,MGC,1,2,0,0
5026,1.603100,1.644440,MGC,1,1,0,0
5027,1.212385,1.089246,HWC,1,1,0,0
5029,1.329678,1.509510,MGC,1,4,0,0
503,1.283690,1.377940,MGC,1,1,0,0
5030,1.245635,1.549137,MGC,3,1,0,0
5031,1.249887,1.373543,MGC,1,1,0,0
5035,1.188410,1.186543,HWC,1,1,0,0
5036,1.577765,1.692010,MGC,1,1,0,0
5037,1.207123,1.266428,MGC,1,1,0,0
5038,1.379499,1.221114,HWC,1,1,0,0
5039,1.245340,1.436391,MGC,1,1,0,0
504,1.519211,1.416001,HWC,1,1,0,0
5041,1.228715,1.836359,MGC,1,1,0,0
5042,1.253366,1.301684,MGC,1,1,0,0
5043,1.542384,1.158846,HWC,2,1,0,0
5044,1.464890,1.161736,HWC,1,1,0,0
5045,1.086252,1.173365,MGC,1,1,0,0
5047,1.326233,1.134947,HWC,1,1,0,0
5048,1.410976,1.760805,MGC,1,1,0,0
505,1.552325,1.438845,HWC,1,1,0,0
5050,1.349605,1.645207,MGC,3,2,0,0
5051,1.309798,1.147746,HWC,1,1,0,0
5052,1.308577,1.422989,MGC,1,1,0,0
5054,1.396976,1.840398,MGC,2,2,0,0
5055,1.214999,1.309447,MGC,2,1,0,0
5058,1.242624,1.528061,MGC,1,1,0,0
5059,1.498851,2.055303,MGC,1,2,0,0
506,1.288475,1.400452,MGC,2,1,0,0
5063,1.502864,1.166681,HWC,1,1,0,0
5064,1.339630,1.176394,HWC,1,1,0,0
5066,1.221697,1.344560,MGC,1,1,0,0
5067,1.224811,1.838518,MGC,1,5,0,0
5068,1.281316,1.211934,HWC,1,1,0,0
5069,1.459092,2.296559,MGC,1,1,0,0
507,1.187800,1.516845,MGC,1,1,0,0
5070,1.355868,1.766048,MGC,1,2,0,0
5071,1.337704,1.418849,MGC,3,1,0,0
5073,1.497554,1.533048,MGC,2,1,0,0
5074,1.384693,1.395398,MGC,1,1,0,0
5075,1.866225,1.992022,MGC,1,1,0,0
5076,1.148949,1.829840,MGC,1,2,0,0
5077,1.152658,1.235486,MGC,1,1,0,0
5080,1.458725,1.092590,HWC,1,1,0,0
5081,1.408803,1.173928,HWC,1,1,0,0
5083,1.394313,1.786859,MGC,2,3,0,0
5084,1.176698,3.056244,MGC,5,4,0,0
5085,1.070866,1.212444,MGC,1,1,0,0
5088,1.373081,1.579160,MGC,3,2,0,0
5089,1.545692,1.811301,MGC,1,1,0,0
509,1.376732,1.062242,HWC,1,1,0,0
5090,1.237775,1.133771,HWC,1,1,0,0
5091,1.465423,1.312003,HWC,1,1,0,0
5093,1.224711,1.427352,MGC,1,3,0,0
5094,1.172125,1.108085,HWC,1,1,0,0
5097,1.345781,1.298679,HWC,3,1,0,0
5098,1.147422,1.248141,MGC,1,1,0,0
5099,1.152921,1.416606,MGC,1,1,0,0
51,1.191851,1.494448,MGC,1,1,0,0
510,2.149646,1.891195,HWC,1,1,0,0
5100,1.351604,1.343586,HWC,2,1,0,0
5102,1.367167,1.682926,MGC,1,1,0,0
5105,1.219193,1.367524,MGC,1,1,0,0
5106,1.331396,1.484144,MGC,3,1,0,0
5109,1.201899,1.546132,MGC,1,2,0,0
511,1.318634,1.093244,HWC,1,1,0,0
5110,1.265424,1.377725,MGC,2,1,0,0
5112,1.327880,1.069457,HWC,1,1,0,0
5113,1.303367,1.770077,MGC,1,1,0,0
5114,1.133791,1.140190,MGC,1,1,0,0
5115,1.348218,1.426229,MGC,2,1,0,0
5118,1.232862,1.104159,HWC,5,1,0,0
5120,1.389532,1.230724,HWC,1,1,0,0
5121,1.211264,1.242419,MGC,1,1,0,0
5122,1.426405,1.410252,HWC,4,1,0,0
5124,1.134459,1.191303,MGC,1,1,0,0
5125,1.178812,1.321837,MGC,1,1,0,0
5126,1.185819,1.820057,MGC,2,1,0,0
5127,1.177466,1.008200,HWC,1,1,0,0
5128,1.530152,1.638666,MGC,2,1,0,0
5129,1.295911,1.292133,HWC,1,1,0,0
5131,1.080079,1.423140,MGC,1,1,0,0
5132,1.235627,1.565281,MGC,3,1,0,0
5133,1.300002,1.777426,MGC,1,2,0,0
5134,1.318058,1.260533,HWC,1,1,0,0
5135,1.483587,2.190066,MGC,1,1,0,0
5137,1.408747,1.431705,MGC,1,1,0,0
5138,1.503921,1.719583,MGC,1,1,0,0
5139,1.289733,1.209415,HWC,4,1,0,0
5140,1.398859,1.482745,MGC,4,2,0,0
5142,1.372846,1.747086,MGC,4,2,0,0
5143,1.412470,1.674277,MGC,5,3,0,0
5145,1.253275,2.101339,MGC,4,1,0,0
5146,1.238330,1.335363,MGC,1,1,0,0
5148,1.268815,1.130255,HWC,2,1,0,0
5150,1.355677,1.547936,MGC,6,2,0,0
5151,1.149565,1.298265,MGC,2,1,0,0
5152,1.414536,1.774002,MGC,2,2,0,0
5154,1.899356,1.862875,HWC,1,1,0,0
5155,1.266767,1.740495,MGC,2,2,0,0
5156,1.524250,1.838223,MGC,1,1,0,0
5158,1.559687,1.971282,MGC,1,1,0,0
5159,1.348081,1.187142,HWC,2,1,0,0
516,1.586925,1.419583,HWC,1,1,0,0
5160,1.393868,1.409496,MGC,1,2,0,0
5161,1.304313,1.767904,MGC,2,2,0,0
5162,1.078644,1.642145,MGC,1,1,0,0
5163,1.404965,1.786731,MGC,2,2,0,0
5164,1.488501,1.065960,HWC,2,1,0,0
5165,1.574118,1.577406,MGC,1,1,0,0
5167,1.145984,1.167552,MGC,1,1,0,0
5168,1.281587,1.258172,HWC,1,1,0,0
5170,1.185369,1.272608,MGC,1,1,0,0
5171,1.413183,1.214017,HWC,1,1,0,0
5174,1.509534,2.448674,MGC,1,1,0,0
5175,1.494856,1.456022,HWC,1,1,0,0
5178,1.256184,1.517099,MGC,4,1,0,0
5179,1.470078,1.577196,MGC,1,1,0,0
5182,1.428159,1.214113,HWC,1,1,0,0
5184,1.257919,1.218966,HWC,2,1,0,0
5185,1.521329,1.194555,HWC,1,1,0,0
5186,1.279322,1.312093,MGC,1,1,0,0
519,1.317739,1.503081,MGC,2,1,0,0
5191,1.054052,1.811065,MGC,1,1,0,0
5193,1.640419,1.543443,HWC,1,1,0,0
5194,1.481219,1.920666,MGC,2,1,0,0
5195,1.232614,1.980637,MGC,1,1,0,0
5198,1.187118,1.040312,HWC,1,1,0,0
5199,1.275695,1.552666,MGC,4,2,0,0
52,1.625380,2.552628,MGC,1,1,0,0
520,1.308395,2.321264,MGC,1,2,0,0
5200,1.301501,1.678702,MGC,1,1,0,0
5201,1.528123,1.118012,HWC,1,1,0,0
5202,1.337227,1.562301,MGC,1,1,0,0
5205,1.331210,1.581760,MGC,1,1,0,0
5207,1.708825,1.127533,HWC,1,1,0,0
5209,1.421704,1.371427,HWC,2,1,0,0
521,1.061312,1.036398,HWC,1,1,0,0
5210,1.271900,1.909367,MGC,3,1,0,0
5211,1.418632,1.605986,MGC,1,1,0,0
5213,1.217449,1.384128,MGC,1,1,0,0
5214,1.536427,1.378469,HWC,1,1,0,0
5217,1.340546,1.561709,MGC,1,1,0,0
5219,1.347646,1.952024,MGC,1,2,0,0
5220,1.409040,1.463759,MGC,2,1,0,0
5221,1.243947,1.131034,HWC,1,1,0,0
5223,1.201930,1.131629,HWC,1,1,0,0
5224,1.258834,1.249738,HWC,1,1,0,0
5225,1.394245,2.212276,MGC,3,2,0,0
5226,1.440755,1.372068,HWC,4,1,0,0
5227,1.339675,1.307089,HWC,1,1,0,0
5228,1.465004,1.706147,MGC,1,1,0,0
5229,1.321722,1.607245,MGC,2,1,0,0
5230,1.120295,1.141542,MGC,2,1,0,0
5231,1.275432,1.138307,HWC,4,1,0,0
5232,1.414142,1.193189,HWC,1,1,0,0
5233,1.126362,1.304913,MGC,1,1,0,0
5235,1.476975,1.644774,MGC,1,1,0,0
5237,1.269567,1.818224,MGC,1,1,0,0
5239,1.204541,1.880593,MGC,1,1,0,0
5240,1.325516,1.215915,HWC,1,1,0,0
5241,1.250735,2.627778,MGC,5,6,0,0
5242,1.646146,2.056901,MGC,2,2,0,0
5244,1.489865,1.652250,MGC,2,1,0,0
5245,1.256815,1.596730,MGC,1,1,0,0
5247,1.094239,1.422203,MGC,1,1,0,0
5248,1.109822,1.339852,MGC,9,3,0,0
525,1.184313,1.111522,HWC,1,1,0,0
5251,1.253692,1.609992,MGC,4,2,0,0
5252,1.131686,1.683526,MGC,1,1,0,0
5253,1.226518,1.550309,MGC,8,1,0,0
5254,1.232901,1.552075,MGC,1,3,0,0
5255,1.371804,1.134533,HWC,1,1,0,0
5256,1.385431,1.288179,HWC,1,1,0,0
5257,1.058630,1.129924,MGC,1,1,0,0
5258,1.248015,1.394527,MGC,1,1,0,0
5259,1.387392,1.063614,HWC,1,1,0,0
526,1.316501,1.733089,MGC,1,1,0,0
5260,1.326988,1.097337,HWC,1,1,0,0
5264,1.551444,2.453260,MGC,1,1,0,0
5265,1.345551,1.566403,MGC,2,1,0,0
5267,1.456046,1.137136,HWC,1,1,0,0
5269,1.211665,2.082466,MGC,4,2,0,0
527,1.561067,1.397765,HWC,1,1,0,0
5270,1.344423,2.152724,MGC,1,1,0,0
5271,1.633446,1.145770,HWC,1,1,0,0
5273,1.537250,1.180328,HWC,1,1,0,0
5274,1.366173,1.425990,MGC,1,1,0,0
5277,1.544110,1.071852,HWC,1,1,0,0
5278,1.502645,1.544001,MGC,2,1,0,0
528,1.220127,1.856138,MGC,1,1,0,0
5280,1.137195,1.376041,MGC,2,2,0,0
5281,1.222017,1.527593,MGC,3,1,0,0
5282,1.336105,1.673742,MGC,1,1,0,0
5286,1.353453,2.476882,MGC,1,4,0,0
5289,1.310220,1.764320,MGC,1,2,0,0
529,1.283805,2.268918,MGC,1,1,0,0
5291,1.403899,2.381786,MGC,3,1,0,0
5292,1.260759,1.132270,HWC,2,1,0,0
5293,1.153761,1.694407,MGC,1,1,0,0
5294,1.366349,1.227206,HWC,1,1,0,0
5296,1.326608,1.891282,MGC,3,2,0,0
5297,1.089412,1.020639,HWC,1,1,0,0
5299,1.302843,2.443368,MGC,1,4,0,0
5302,1.416335,1.817014,MGC,1,1,0,0
5303,1.310240,2.186708,MGC,2,1,0,0
5305,1.317931,1.463879,MGC,1,1,0,0
5306,1.158574,1.055691,HWC,1,1,0,0
5307,1.404534,1.071844,HWC,1,1,0,0
5310,1.667018,1.933316,MGC,1,1,0,0
5311,1.303563,1.570460,MGC,3,1,0,0
5312,1.459115,1.479062,MGC,1,1,0,0
5313,1.451672,1.487646,MGC,1,1,0,0
5314,1.262998,1.027668,HWC,1,1,0,0
5315,1.283620,1.042991,HWC,1,1,0,0
5316,1.450355,1.647182,MGC,4,1,0,0
5317,1.073093,1.098090,MGC,1,1,0,0
5318,1.521073,1.442243,HWC,2,1,0,0
5319,1.387552,2.198142,MGC,2,1,0,0
532,1.396161,1.158088,HWC,1,1,0,0
5320,1.233073,1.156081,HWC,1,1,0,0
5321,1.203451,1.161236,HWC,1,1,0,0
5322,1.580623,1.075930,HWC,1,1,0,0
5325,1.370697,1.907433,MGC,1,2,0,0
5329,1.422657,1.187845,HWC,1,1,0,0
533,1.423196,2.241027,MGC,2,4,0,0
5330,1.333787,1.556020,MGC,3,2,0,0
5331,1.438697,2.174346,MGC,5,5,0,0
5332,1.140743,1.441927,MGC,1,1,0,0
5336,1.285002,1.457442,MGC,6,1,0,0
5338,1.284576,1.163445,HWC,1,1,0,0
5339,1.441710,1.732070,MGC,1,4,0,0
534,1.348228,1.438431,MGC,1,1,0,0
5341,1.598443,2.063054,MGC,1,1,0,0
5342,1.317615,1.495187,MGC,1,1,0,0
5343,1.317523,1.271129,HWC,1,1,0,0
5344,1.281669,1.303919,MGC,1,1,0,0
5346,1.233032,1.200524,HWC,1,1,0,0
5347,1.272231,1.871259,MGC,1,1,0,0
5348,1.288665,1.974681,MGC,1,1,0,0
5349,1.484768,1.325204,HWC,1,1,0,0
5350,1.491101,1.530202,MGC,5,2,0,0
5351,1.164243,1.179370,MGC,1,1,0,0
5352,1.326884,1.414170,MGC,1,1,0,0
5355,1.134959,1.193960,MGC,1,1,0,0
5357,1.161111,1.111239,HWC,1,1,0,0
5358,1.331612,1.181526,HWC,1,1,0,0
5359,1.354784,1.634772,MGC,1,1,0,0
536,1.321304,1.718052,MGC,1,1,0,0
5361,1.305806,1.328763,MGC,3,1,0,0
5362,1.247752,1.710952,MGC,2,6,0,0
5363,1.144758,1.112556,HWC,1,1,0,0
5367,1.198208,1.514358,MGC,2,1,0,0
5368,1.140157,1.050022,HWC,1,1,0,0
5369,1.536219,1.313314,HWC,1,1,0,0
537,1.285415,1.188359,HWC,1,1,0,0
5370,1.337904,3.059658,MGC,1,2,0,0
5371,1.748197,1.185794,HWC,1,1,0,0
5372,1.459755,1.748006,MGC,2,2,0,0
5373,1.627471,1.816034,MGC,2,1,0,0
5375,1.323937,1.300008,HWC,1,1,0,0
5376,1.733057,1.495415,HWC,1,1,0,0
5379,1.391633,1.352759,HWC,2,1,0,0
538,1.416682,1.752485,MGC,1,1,0,0
5382,1.383983,1.837284,MGC,2,1,0,0
5383,1.128085,1.141697,MGC,1,1,0,0
5384,1.418064,1.190226,HWC,1,1,0,0
5385,1.145742,1.359532,MGC,1,1,0,0
5386,1.416525,1.750527,MGC,4,2,0,0
5387,1.204670,1.372348,MGC,2,1,0,0
5388,1.452957,1.904487,MGC,1,1,0,0
539,1.319447,1.721484,MGC,1,1,0,0
5390,1.427828,1.443029,MGC,2,1,0,0
5392,1.466393,2.384181,MGC,3,1,0,0
5393,1.304185,1.382267,MGC,1,1,0,0
5394,1.209660,1.321121,MGC,1,1,0,0
5396,1.230417,1.563544,MGC,1,1,0,0
5397,1.264656,1.692712,MGC,1,2,0,0
5398,1.270592,1.651651,MGC,6,1,0,0
54,1.238634,1.271276,MGC,2,1,0,0
540,1.753621,1.240128,HWC,1,1,0,0
5400,1.400009,1.596968,MGC,1,1,0,0
5401,1.422305,1.283932,HWC,1,1,0,0
5403,1.162357,1.391894,MGC,1,1,0,0
5405,1.199659,1.823855,MGC,6,1,0,0
5406,1.248965,1.130360,HWC,1,1,0,0
5407,1.649469,1.570869,HWC,2,1,0,0
5408,1.320773,1.364848,MGC,2,1,0,0
5409,1.083275,1.624770,MGC,1,1,0,0
541,1.253594,1.214080,HWC,2,1,0,0
5410,1.056620,1.979732,MGC,1,3,0,0
5411,1.244893,1.775822,MGC,2,1,0,0
5414,1.306745,1.595201,MGC,1,1,0,0
5415,1.222945,1.069205,HWC,1,1,0,0
5417,1.200685,1.377084,MGC,3,2,0,0
5418,1.286904,1.985003,MGC,1,3,0,0
5419,1.448592,2.029990,MGC,2,2,0,0
542,1.538505,1.779449,MGC,1,1,0,0
5421,1.279693,1.531680,MGC,1,1,0,0
5422,1.485530,1.558986,MGC,4,1,0,0
5424,1.269399,1.105179,HWC,1,1,0,0
5427,1.183983,1.859101,MGC,1,1,0,0
543,1.498681,1.696006,MGC,2,1,0,0
5431,1.541555,1.445766,HWC,1,1,0,0
5433,1.599052,1.426122,HWC,1,1,0,0
5434,1.364657,1.153250,HWC,2,1,0,0
5435,1.741613,1.089441,HWC,2,1,0,0
5436,1.332324,1.519148,MGC,3,1,0,0
5437,1.342110,1.626423,MGC,1,1,0,0
5439,1.295011,1.353359,MGC,1,1,0,0
5440,1.412618,1.588070,MGC,1,1,0,0
5443,1.191326,1.441760,MGC,2,1,0,0
5446,1.161510,1.710807,MGC,4,2,0,0
5448,1.759218,1.654303,HWC,2,1,0,0
5449,1.495447,2.474942,MGC,1,1,0,0
545,1.369942,1.057953,HWC,1,1,0,0
5450,1.300330,1.046930,HWC,1,1,0,0
5451,1.300867,1.740852,MGC,3,1,0,0
5452,1.644928,1.626983,HWC,1,1,0,0
5453,1.236511,1.629563,MGC,1,2,0,0
5454,1.851606,1.292362,HWC,1,1,0,0
5457,1.282859,1.159064,HWC,1,1,0,0
5458,1.266834,1.077428,HWC,5,1,0,0
546,1.573419,1.444559,HWC,2,1,0,0
5460,1.269161,1.134424,HWC,1,1,0,0
5464,1.191459,1.367356,MGC,1,1,0,0
5465,1.421673,1.831245,MGC,1,2,0,0
5466,1.240620,1.635872,MGC,1,2,0,0
5468,1.429185,1.472439,MGC,1,1,0,0
547,1.106396,1.640258,MGC,1,1,0,0
5470,1.213012,2.124437,MGC,2,2,0,0
5471,1.182269,1.164793,HWC,1,1,0,0
5472,1.470017,2.139435,MGC,2,3,0,0
5473,1.289135,1.105059,HWC,1,1,0,0
5474,1.418061,2.676580,MGC,2,2,0,0
5476,1.245141,1.352763,MGC,1,1,0,0
5478,1.276229,1.498772,MGC,3,1,0,0
5479,1.247140,1.789681,MGC,2,1,0,0
548,1.392417,1.196557,HWC,1,1,0,0
5480,1.238183,1.107871,HWC,1,1,0,0
5481,1.205374,1.022352,HWC,1,1,0,0
5483,1.173511,1.200403,MGC,1,1,0,0
5484,1.481966,1.915409,MGC,1,1,0,0
5485,1.261310,1.072714,HWC,1,1,0,0
5486,1.737781,1.370854,HWC,1,1,0,0
5487,1.514618,1.167591,HWC,1,1,0,0
5488,1.205366,1.357904,MGC,1,1,0,0
5489,1.245104,1.064893,HWC,1,1,0,0
549,1.325235,1.141181,HWC,2,1,0,0
5490,1.244176,1.250546,MGC,1,1,0,0
5491,1.359637,1.402252,MGC,1,1,0,0
5493,1.087729,1.320956,MGC,1,1,0,0
5496,1.124592,1.090120,HWC,1,1,0,0
5497,1.313556,1.137955,HWC,2,1,0,0
5498,1.594104,2.018663,MGC,1,1,0,0
55,1.394610,1.375626,HWC,1,1,0,0
5500,1.184318,1.148984,HWC,1,1,0,0
5501,1.422608,2.185465,MGC,1,5,0,0
5502,1.107580,1.673073,MGC,1,1,0,0
5503,1.221982,1.048550,HWC,1,1,0,0
5504,1.270324,1.508130,MGC,4,1,0,0
5505,1.232247,1.028150,HWC,1,1,0,0
5506,1.141445,1.157938,MGC,1,1,0,0
5508,1.266941,1.598229,MGC,2,1,0,0
5509,1.189115,1.473753,MGC,1,2,0,0
551,1.163961,1.208014,MGC,1,1,0,0
5510,1.610493,1.595710,HWC,1,1,0,0
5513,1.237124,1.103295,HWC,2,1,0,0
5515,1.455984,1.076978,HWC,1,1,0,0
5517,1.050176,1.237574,MGC,1,1,0,0
5518,1.373654,1.161231,HWC,1,1,0,0
5519,1.412384,1.863875,MGC,1,1,0,0
552,1.203504,1.630960,MGC,1,1,0,0
5520,1.546573,1.375208,HWC,1,1,0,0
5523,1.234914,1.508448,MGC,1,1,0,0
5524,1.619327,1.358593,HWC,1,1,0,0
5526,1.332898,2.066150,MGC,3,2,0,0
5527,1.270736,1.093357,HWC,1,1,0,0
5529,1.519811,1.371392,HWC,3,1,0,0
5532,1.225571,1.879101,MGC,1,2,0,0
5533,1.138885,2.127404,MGC,1,1,0,0
5534,1.142316,1.089328,HWC,1,1,0,0
5537,1.304023,1.925113,MGC,5,2,0,0
5539,1.282623,1.364980,MGC,1,1,0,0
554,1.321123,1.433637,MGC,1,1,0,0
5540,1.424284,1.133365,HWC,1,1,0,0
5541,1.335207,1.377876,MGC,4,1,0,0
5542,1.454016,1.635655,MGC,1,1,0,0
5543,2.267456,1.186704,HWC,1,1,0,0
5544,1.197034,2.159820,MGC,17,3,0,0
5545,1.346486,1.342041,HWC,3,1,0,0
5546,1.291983,1.569634,MGC,3,1,0,0
5547,1.241122,1.056584,HWC,1,1,0,0
5548,1.275733,1.284722,MGC,1,1,0,0
5550,1.281281,1.169906,HWC,2,1,0,0
5552,1.227921,1.196605,HWC,1,1,0,0
5553,1.959077,1.836929,HWC,1,1,0,0
5556,1.206051,1.510069,MGC,1,2,0,0
5557,1.245407,2.488297,MGC,1,1,0,0
5558,1.272309,1.783983,MGC,2,7,0,0
5559,1.193740,1.100446,HWC,1,1,0,0
556,1.369187,1.364211,HWC,1,1,0,0
5560,1.447985,1.624664,MGC,1,2,0,0
5562,1.982684,1.208058,HWC,1,1,0,0
5564,1.326245,1.852605,MGC,1,1,0,0
5567,1.355385,1.346156,HWC,4,2,0,0
5569,1.087023,1.497619,MGC,1,1,0,0
557,1.342624,1.772264,MGC,2,1,0,0
5570,1.430205,1.664436,MGC,5,1,0,0
5571,1.186432,1.742568,MGC,1,1,0,0
5572,1.277351,1.487766,MGC,1,1,0,0
5573,1.279410,1.569560,MGC,1,1,0,0
5574,1.781569,1.986028,MGC,1,1,0,0
5576,1.250672,1.623686,MGC,1,2,0,0
5579,1.243925,1.302151,MGC,1,1,0,0
558,1.347939,1.623422,MGC,2,2,0,0
5580,1.289433,1.439479,MGC,1,1,0,0
5581,1.349853,1.707026,MGC,1,3,0,0
5582,1.555233,1.600304,MGC,1,1,0,0
5583,1.074041,1.663093,MGC,1,1,0,0
5584,1.351452,1.083086,HWC,1,1,0,0
5587,1.688976,1.265155,HWC,1,1,0,0
5588,1.454766,1.611434,MGC,1,1,0,0
5589,1.419038,1.159270,HWC,1,1,0,0
5593,1.268603,1.105904,HWC,1,1,0,0
5595,1.198445,1.489419,MGC,1,1,0,0
5596,1.208426,1.501271,MGC,1,1,0,0
5598,1.176247,1.129247,HWC,1,1,0,0
5599,1.378521,1.473031,MGC,1,1,0,0
56,1.366256,1.431293,MGC,7,2,0,0
5601,1.215865,1.333810,MGC,1,1,0,0
5604,1.433768,1.572562,MGC,2,1,0,0
5605,1.231030,1.187363,HWC,1,1,0,0
5607,1.413416,2.474177,MGC,3,1,0,0
5608,1.370593,1.155046,HWC,1,1,0,0
5609,1.355119,1.087251,HWC,2,1,0,0
5610,1.191609,1.644706,MGC,1,1,0,0
5611,1.536591,1.328608,HWC,1,1,0,0
5612,1.312912,1.218408,HWC,1,1,0,0
5614,1.737812,2.078762,MGC,2,2,0,0
5616,1.336548,1.752768,MGC,2,1,0,0
5617,1.202257,1.808733,MGC,1,1,0,0
5618,1.126198,1.549732,MGC,1,1,0,0
5619,1.268519,1.128858,HWC,1,1,0,0
562,1.655292,1.834594,MGC,1,1,0,0
5620,1.227867,1.264738,MGC,1,1,0,0
5621,1.317857,1.561182,MGC,5,1,0,0
5623,1.449272,1.182717,HWC,1,1,0,0
5626,1.498869,1.991025,MGC,4,2,0,0
5632,1.269480,1.015471,HWC,1,1,0,0
5633,1.413361,1.376563,HWC,1,1,0,0
5635,1.268209,1.203527,HWC,1,1,0,0
5636,1.316126,1.080519,HWC,1,1,0,0
564,1.313951,1.366450,MGC,2,1,0,0
5640,1.398128,1.235254,HWC,2,1,0,0
5641,1.217923,1.531138,MGC,5,6,0,0
5642,1.394652,1.476491,MGC,2,2,0,0
5643,1.219417,1.678575,MGC,9,1,0,0
5644,1.137443,1.234612,MGC,3,1,0,0
5646,1.271192,1.948790,MGC,1,1,0,0
5647,1.571690,2.095710,MGC,1,1,0,0
5649,1.520270,1.383432,HWC,1,1,0,0
565,1.374985,1.613328,MGC,2,3,0,0
5650,1.223608,1.966503,MGC,2,5,0,0
5653,1.419095,1.396062,HWC,3,5,0,0
5655,1.289826,1.534206,MGC,1,1,0,0
5660,1.599246,1.872822,MGC,2,1,0,0
5661,1.652860,1.153536,HWC,1,1,0,0
5662,1.242839,1.973577,MGC,1,1,0,0
5663,1.153755,1.102485,HWC,1,1,0,0
5665,1.183912,1.107723,HWC,1,1,0,0
5666,1.622865,2.109984,MGC,1,1,0,0
5667,1.290090,1.325208,MGC,1,1,0,0
567,1.289746,1.335334,MGC,1,1,0,0
5670,1.042543,1.445295,MGC,1,1,0,0
5673,1.255959,1.451845,MGC,1,1,0,0
5676,1.355370,1.563444,MGC,1,1,0,0
5677,1.237982,1.125903,HWC,1,1,0,0
5678,1.335454,2.892699,MGC,1,2,0,0
5679,1.532003,1.138157,HWC,2,1,0,0
5682,1.430372,1.618482,MGC,1,1,0,0
5683,1.301565,1.137334,HWC,2,1,0,0
5684,1.050399,1.195980,MGC,1,1,0,0
5685,1.748147,1.367820,HWC,1,1,0,0
5686,1.435931,1.873002,MGC,2,1,0,0
5688,1.262198,1.487223,MGC,1,1,0,0
569,1.222753,1.019887,HWC,4,1,0,0
5690,1.392346,1.399153,MGC,1,1,0,0
5691,1.340827,1.511000,MGC,1,1,0,0
5692,1.288453,1.402185,MGC,2,1,0,0
5693,1.607085,1.105858,HWC,1,1,0,0
5694,1.598316,1.955755,MGC,1,1,0,0
5695,1.359570,1.847454,MGC,1,1,0,0
5696,1.377773,1.930733,MGC,1,1,0,0
5698,1.342895,1.509025,MGC,1,1,0,0
5699,1.345394,1.275656,HWC,3,1,0,0
57,1.319586,1.240081,HWC,1,1,0,0
570,1.485457,1.533028,MGC,1,1,0,0
5700,1.278146,1.608343,MGC,6,1,0,0
5703,1.154980,1.075055,HWC,1,1,0,0
5704,1.240912,1.466975,MGC,3,2,0,0
5705,1.244887,1.357281,MGC,1,1,0,0
5707,1.135073,1.154666,MGC,1,1,0,0
5708,1.538232,1.732327,MGC,2,1,0,0
571,1.338358,1.294612,HWC,1,1,0,0
5710,1.390493,1.366029,HWC,1,1,0,0
5711,1.316848,2.584443,MGC,4,1,0,0
5714,1.306719,1.910211,MGC,1,2,0,0
5716,1.335843,1.363646,MGC,1,1,0,0
5717,1.227694,1.552254,MGC,2,4,0,0
5719,1.196282,1.073238,HWC,1,1,0,0
5722,1.407118,1.570673,MGC,1,1,0,0
5723,1.399352,1.442012,MGC,2,1,0,0
5724,1.810184,1.235903,HWC,1,1,0,0
5725,1.485336,1.606608,MGC,1,1,0,0
5727,1.496355,1.154154,HWC,1,1,0,0
5729,1.648543,1.463829,HWC,1,1,0,0
573,1.250789,1.769284,MGC,1,3,0,0
5730,1.359857,1.992731,MGC,6,1,0,0
5731,1.449976,1.161217,HWC,1,1,0,0
5732,1.245897,1.123382,HWC,1,1,0,0
5733,1.310774,1.499127,MGC,1,1,0,0
5735,1.478223,1.723501,MGC,1,1,0,0
5738,1.214820,1.518668,MGC,1,1,0,0
5739,1.349426,2.232690,MGC,1,4,0,0
574,1.085519,1.385890,MGC,1,1,0,0
5740,1.227305,1.651857,MGC,2,1,0,0
5741,1.318099,1.000000,HWC,1,1,0,0
5744,1.612268,1.804891,MGC,4,2,0,0
5745,1.407575,1.726356,MGC,2,1,0,0
5746,1.493031,1.753487,MGC,1,1,0,0
5748,1.260265,1.361889,MGC,1,1,0,0
5749,1.289754,1.665393,MGC,2,2,0,0
575,1.199136,1.108406,HWC,1,1,0,0
5750,1.584468,1.835768,MGC,1,1,0,0
5751,1.148874,1.334024,MGC,1,1,0,0
5752,1.302308,1.061129,HWC,2,1,0,0
5754,1.261086,1.088348,HWC,1,1,0,0
5757,1.326093,1.087626,HWC,1,1,0,0
5759,1.299441,1.614914,MGC,1,1,0,0
576,1.460223,1.113521,HWC,2,1,0,0
5760,1.358616,1.648896,MGC,1,1,0,0
5761,1.331541,1.089087,HWC,2,1,0,0
5764,1.120841,1.944410,MGC,2,1,0,0
5765,1.296770,1.624874,MGC,1,1,0,0
5766,1.094457,2.501390,MGC,1,5,0,0
5768,1.371784,1.292554,HWC,1,1,0,0
5769,1.185928,2.238016,MGC,1,3,0,0
577,1.512389,1.541705,MGC,3,1,0,0
5771,1.245412,1.227572,HWC,1,1,0,0
5773,1.862384,2.098448,MGC,2,1,0,0
5774,1.410136,1.565830,MGC,1,1,0,0
5775,1.358836,1.093802,HWC,1,1,0,0
5777,1.431816,1.535611,MGC,2,3,0,0
5778,1.815027,1.683299,HWC,1,1,0,0
5779,1.258146,1.273662,MGC,3,1,0,0
578,1.147638,1.274484,MGC,1,1,0,0
5781,1.632061,1.916202,MGC,1,1,0,0
5782,1.308353,1.392951,MGC,1,1,0,0
5784,1.311613,1.262704,HWC,5,1,0,0
5786,1.431192,1.691567,MGC,1,1,0,0
5787,1.459525,1.512879,MGC,2,1,0,0
5788,1.281683,1.917785,MGC,2,1,0,0
5789,1.169029,1.013918,HWC,1,1,0,0
579,1.331310,1.765343,MGC,2,1,0,0
5790,1.445210,1.558284,MGC,2,1,0,0
5791,1.152357,1.494952,MGC,1,1,0,0
5792,1.165795,1.352381,MGC,1,1,0,0
5793,1.400225,1.124073,HWC,1,1,0,0
5794,1.205167,1.842577,MGC,5,2,0,0
5795,1.313851,1.026485,HWC,2,1,0,0
5796,1.202781,1.310166,MGC,1,1,0,0
5797,1.185419,1.498197,MGC,1,1,0,0
5798,1.335233,1.211661,HWC,1,1,0,0
5799,1.534680,1.464125,HWC,2,1,0,0
58,1.312527,1.492111,MGC,1,1,0,0
580,1.509026,1.589032,MGC,5,2,0,0
5800,1.640768,1.271927,HWC,2,1,0,0
5805,1.093679,1.111420,MGC,1,1,0,0
5806,1.330144,1.280595,HWC,1,1,0,0
5809,1.397566,1.273429,HWC,2,1,0,0
581,1.217495,1.557532,MGC,1,2,0,0
5810,1.448253,2.085981,MGC,1,1,0,0
5812,1.316624,1.609714,MGC,1,2,0,0
5813,1.330174,1.251273,HWC,2,1,0,0
5814,1.356438,1.139221,HWC,2,1,0,0
5816,1.524889,1.740318,MGC,5,5,0,0
5818,1.300294,1.536753,MGC,1,1,0,0
582,1.376611,1.984402,MGC,1,1,0,0
5820,1.580457,1.529256,HWC,2,2,0,0
5822,1.273284,1.693693,MGC,3,1,0,0
5823,1.207656,1.121341,HWC,1,1,0,0
5824,1.070159,1.271821,MGC,1,1,0,0
5825,1.244373,1.288568,MGC,1,1,0,0
5828,1.385050,1.200663,HWC,1,1,0,0
5829,1.366029,1.785697,MGC,4,1,0,0
583,1.224507,1.831039,MGC,1,1,0,0
5830,1.692437,1.379549,HWC,1,1,0,0
5833,1.507251,1.361730,HWC,2,1,0,0
5834,1.285054,1.024526,HWC,2,1,0,0
5835,1.427037,1.676868,MGC,1,1,0,0
5838,1.216957,1.223154,MGC,1,1,0,0
5839,1.544154,1.353633,HWC,2,1,0,0
584,1.306563,1.208367,HWC,1,1,0,0
5840,1.436160,1.253133,HWC,1,1,0,0
5842,1.268708,1.866672,MGC,2,1,0,0
5843,1.216502,1.565565,MGC,1,1,0,0
5844,1.540559,1.293769,HWC,1,1,0,0
5845,1.860591,1.652804,HWC,1,1,0,0
5847,1.381238,1.291426,HWC,1,1,0,0
5849,1.212160,1.359685,MGC,2,1,0,0
585,1.281577,1.128679,HWC,1,1,0,0
5850,1.242635,1.815980,MGC,1,1,0,0
5852,1.412456,1.613317,MGC,3,1,0,0
5853,1.455147,1.550706,MGC,1,1,0,0
5854,1.410793,1.189523,HWC,1,1,0,0
5855,1.320377,1.172534,HWC,1,1,0,0
5856,1.377798,1.662405,MGC,1,1,0,0
5857,1.291737,1.279030,HWC,1,1,0,0
5859,1.163555,1.929535,MGC,1,5,0,0
586,1.131493,1.160857,MGC,1,1,0,0
5860,1.887816,2.028345,MGC,1,2,0,0
5861,1.496610,1.095343,HWC,1,1,0,0
5862,1.369143,1.073510,HWC,1,1,0,0
5863,1.256648,1.580059,MGC,3,2,0,0
5868,1.084378,1.273070,MGC,2,1,0,0
587,1.327932,1.052297,HWC,1,1,0,0
5870,1.433036,1.473279,MGC,2,1,0,0
5874,1.403647,1.160426,HWC,1,1,0,0
5875,1.692670,1.401961,HWC,1,1,0,0
5876,1.526462,1.591217,MGC,1,1,0,0
588,1.321965,1.123679,HWC,1,1,0,0
5881,1.282115,1.594934,MGC,1,2,0,0
5883,1.535937,1.050767,HWC,1,1,0,0
5885,1.453316,1.449200,HWC,1,1,0,0
5886,1.262546,1.768739,MGC,6,1,0,0
5887,1.211086,1.392151,MGC,1,1,0,0
5888,1.334101,1.544531,MGC,1,1,0,0
5889,1.331467,1.639919,MGC,2,1,0,0
5892,1.118668,1.183203,MGC,1,1,0,0
5895,1.498657,3.201158,MGC,5,1,0,0
5896,1.359683,1.145323,HWC,1,1,0,0
5897,1.564933,1.594775,MGC,1,1,0,0
5899,1.397680,1.510999,MGC,1,1,0,0
59,1.451196,1.909434,MGC,5,4,0,0
5900,1.578473,1.260441,HWC,2,1,0,0
5901,1.490279,1.850741,MGC,1,1,0,0
5902,1.164579,1.331946,MGC,7,1,0,0
5903,1.221921,1.354213,MGC,1,1,0,0
5904,1.337828,1.280557,HWC,1,1,0,0
5906,1.311986,1.452373,MGC,4,1,0,0
5907,1.218834,1.612840,MGC,1,1,0,0
5908,1.244706,2.085832,MGC,3,3,0,0
591,1.609172,1.822931,MGC,1,1,0,0
5910,1.246211,1.082189,HWC,1,1,0,0
5911,1.311628,1.181475,HWC,1,1,0,0
5912,1.331670,1.685642,MGC,2,3,0,0
5914,1.175685,1.529061,MGC,1,1,0,0
592,1.551748,1.618416,MGC,1,1,0,0
5921,1.347404,1.389456,MGC,5,1,0,0
5923,1.438257,1.616548,MGC,2,1,0,0
5924,1.452856,1.644618,MGC,1,1,0,0
5926,1.506392,2.466684,MGC,7,2,0,0
5928,1.247591,1.078775,HWC,3,1,0,0
593,1.405770,1.466863,MGC,1,1,0,0
5930,1.163892,1.268863,MGC,1,1,0,0
5931,1.738979,1.973846,MGC,2,1,0,0
5932,1.155272,1.245431,MGC,2,1,0,0
5933,1.178451,1.130776,HWC,2,1,0,0
5935,1.314736,1.495778,MGC,6,1,0,0
5936,1.309097,1.593112,MGC,3,4,0,0
5938,1.227274,1.686666,MGC,1,1,0,0
5939,1.507949,1.538547,MGC,1,1,0,0
594,1.406202,1.223122,HWC,1,1,0,0
5940,1.246100,1.575241,MGC,3,1,0,0
5941,1.387784,1.715022,MGC,3,1,0,0
5943,1.335928,1.864288,MGC,4,2,0,0
5944,1.263104,1.082316,HWC,1,1,0,0
5945,1.173157,1.073555,HWC,1,1,0,0
5947,1.378800,1.683189,MGC,1,1,0,0
5949,1.586543,1.791205,MGC,1,1,0,0
5950,1.432518,1.524213,MGC,1,1,0,0
5951,1.468896,1.742356,MGC,1,2,0,0
5952,1.088229,1.157975,MGC,1,1,0,0
5953,1.160335,1.060227,HWC,1,1,0,0
5954,1.218592,1.121425,HWC,2,1,0,0
5955,1.342396,2.102458,MGC,2,1,0,0
5956,1.199345,1.219245,MGC,6,1,0,0
5959,1.613597,1.649407,MGC,1,1,0,0
5960,1.355053,1.195594,HWC,1,1,0,0
5963,1.342652,1.646429,MGC,5,2,0,0
5964,1.171605,1.546215,MGC,11,1,0,0
5965,1.142084,1.161786,MGC,1,1,0,0
5966,1.189398,1.128993,HWC,1,1,0,0
5967,1.222340,1.093290,HWC,1,1,0,0
5968,1.195443,2.077103,MGC,1,1,0,0
5969,1.231081,2.203827,MGC,1,3,0,0
597,1.290334,1.513053,MGC,3,1,0,0
5970,1.164356,1.959348,MGC,2,1,0,0
5972,1.186183,1.779388,MGC,1,2,0,0
5975,1.353767,1.570746,MGC,1,1,0,0
5977,1.315920,1.769533,MGC,2,1,0,0
5978,1.303892,1.158708,HWC,1,1,0,0
5979,1.317374,2.001636,MGC,1,1,0,0
5981,1.183547,1.424273,MGC,1,1,0,0
5983,1.525588,1.222039,HWC,4,1,0,0
5986,1.274899,1.863159,MGC,1,1,0,0
5987,1.399525,1.919225,MGC,1,1,0,0
5988,1.478408,1.610819,MGC,4,6,0,0
5989,1.246967,1.537797,MGC,4,1,0,0
5991,1.419061,1.145665,HWC,2,1,0,0
5992,1.132758,1.064250,HWC,1,1,0,0
5994,1.354860,1.126121,HWC,1,1,0,0
5996,1.547031,2.529430,MGC,1,3,0,0
5998,1.338753,1.220028,HWC,3,1,0,0
5999,1.426972,1.083035,HWC,1,1,0,0
6,1.252276,1.445092,MGC,1,1,0,0
60,1.653591,1.418814,HWC,1,1,0,0
6000,1.392383,1.845144,MGC,1,1,0,0
6001,1.110378,1.028770,HWC,1,1,0,0
6002,1.288018,1.418641,MGC,1,1,0,0
6003,1.502511,1.612029,MGC,1,1,0,0
6007,1.172797,1.014305,HWC,1,1,0,0
6008,1.164775,1.457638,MGC,1,1,0,0
6009,1.277511,1.107678,HWC,1,1,0,0
601,1.388692,1.427100,MGC,1,1,0,0
6011,1.051452,1.125645,MGC,1,1,0,0
6012,1.334886,1.486064,MGC,1,1,0,0
6013,1.513204,2.335239,MGC,1,1,0,0
6016,1.344071,1.581971,MGC,1,1,0,0
6017,1.244885,1.358218,MGC,2,1,0,0
6019,1.303034,1.071355,HWC,1,1,0,0
602,1.447189,1.933864,MGC,3,1,0,0
6023,1.256564,1.137185,HWC,3,1,0,0
6025,1.480581,1.971523,MGC,1,1,0,0
6026,1.334763,1.067961,HWC,2,1,0,0
6027,1.282593,1.521601,MGC,2,1,0,0
6028,1.257801,1.186408,HWC,1,1,0,0
6031,1.397065,2.366780,MGC,3,4,0,0
6032,1.349261,2.011159,MGC,2,4,0,0
6033,1.346495,1.921533,MGC,4,2,0,0
6037,1.234271,1.199055,HWC,1,1,0,0
6038,1.514664,1.761821,MGC,1,1,0,0
6041,1.401675,2.140233,MGC,1,3,0,0
6044,1.185497,1.029345,HWC,3,1,0,0
6045,1.224663,1.424425,MGC,1,1,0,0
6046,1.309821,1.238265,HWC,1,1,0,0
6047,1.379830,1.742045,MGC,2,2,0,0
6048,1.319132,1.436757,MGC,1,1,0,0
6049,1.185996,1.174295,HWC,1,1,0,0
6050,1.077191,1.032973,HWC,1,1,0,0
6051,1.280542,1.017188,HWC,6,1,0,0
6055,1.269927,1.918103,MGC,2,6,0,0
6056,1.159637,1.364128,MGC,1,1,0,0
6058,1.219394,1.955599,MGC,1,1,0,0
6060,1.337785,1.193020,HWC,1,1,0,0
6062,1.493158,2.074373,MGC,1,1,0,0
6064,1.444998,1.119764,HWC,1,1,0,0
6066,1.499854,1.468271,HWC,1,1,0,0
6067,1.316687,1.620161,MGC,2,1,0,0
6068,1.252277,1.725999,MGC,2,2,0,0
6069,1.498457,1.655848,MGC,1,1,0,0
607,1.608880,1.693502,MGC,2,1,0,0
6070,1.376869,1.169842,HWC,1,1,0,0
6073,1.356799,1.140703,HWC,4,1,0,0
6074,1.359904,1.439616,MGC,1,1,0,0
6076,1.247797,1.263795,MGC,1,1,0,0
6079,1.226876,1.669381,MGC,2,1,0,0
608,1.212624,1.211011,HWC,1,1,0,0
6081,1.433507,1.196558,HWC,1,1,0,0
6082,1.312549,1.092037,HWC,1,1,0,0
6084,1.253228,1.081106,HWC,1,1,0,0
6085,1.306109,1.400524,MGC,4,1,0,0
6086,1.319797,1.190904,HWC,5,1,0,0
6087,1.325503,1.246867,HWC,1,1,0,0
6088,1.276209,1.408708,MGC,2,1,0,0
6089,1.355876,1.095012,HWC,1,1,0,0
609,1.569648,2.074703,MGC,1,1,0,0
6090,1.415295,1.393284,HWC,3,1,0,0
6092,1.233439,1.496783,MGC,1,1,0,0
6093,1.519843,1.146730,HWC,1,1,0,0
6094,1.355083,1.338519,HWC,1,1,0,0
6095,1.582339,1.068437,HWC,1,1,0,0
6096,1.134440,1.275077,MGC,1,1,0,0
6097,1.472222,1.192001,HWC,1,1,0,0
6098,1.252168,1.794922,MGC,1,8,0,0
6099,1.361383,1.453303,MGC,1,1,0,0
61,1.391673,1.467480,MGC,1,1,0,0
610,1.260305,1.634518,MGC,1,1,0,0
6101,1.440045,1.541795,MGC,2,1,0,0
6103,1.223568,1.175830,HWC,2,1,0,0
6104,1.188085,1.088849,HWC,1,1,0,0
6105,1.417009,1.616993,MGC,2,1,0,0
6107,1.212632,1.747483,MGC,4,2,0,0
6109,1.099420,1.518897,MGC,1,1,0,0
6115,1.366547,1.641097,MGC,1,2,0,0
6116,1.513210,1.686003,MGC,3,1,0,0
6117,1.143818,1.517356,MGC,2,4,0,0
6118,1.333187,1.598111,MGC,4,1,0,0
612,1.361369,1.237299,HWC,1,1,0,0
6121,1.232275,1.839966,MGC,1,1,0,0
6126,1.425940,1.980540,MGC,4,1,0,0
6127,1.589122,1.144260,HWC,1,1,0,0
6128,1.214928,1.362715,MGC,1,1,0,0
6129,1.245928,1.184409,HWC,1,1,0,0
6130,1.433197,1.132712,HWC,1,1,0,0
6131,1.400076,1.283241,HWC,1,1,0,0
6132,1.338206,1.162225,HWC,1,1,0,0
6133,1.605582,2.111455,MGC,2,1,0,0
6135,1.241249,1.242056,MGC,3,4,0,0
6136,1.380912,1.280188,HWC,2,1,0,0
6139,1.464037,1.825851,MGC,4,2,0,0
6141,1.736321,1.921947,MGC,1,1,0,0
6145,1.228838,1.156127,HWC,1,1,0,0
6150,1.207928,1.329841,MGC,1,1,0,0
6151,1.320893,1.370523,MGC,1,1,0,0
6155,1.315673,1.428530,MGC,1,1,0,0
6157,1.227434,1.451592,MGC,2,1,0,0
6158,1.130482,1.495638,MGC,1,1,0,0
6159,1.568785,1.684658,MGC,2,1,0,0
616,1.191380,1.107729,HWC,1,1,0,0
6163,1.616521,1.903150,MGC,1,1,0,0
6166,1.376071,1.081523,HWC,1,1,0,0
6168,1.472459,1.851312,MGC,1,1,0,0
6169,1.264166,1.847381,MGC,3,1,0,0
617,1.090936,1.093661,MGC,1,1,0,0
6170,1.713551,1.971811,MGC,1,1,0,0
6171,1.105546,1.463675,MGC,1,1,0,0
6172,1.390404,1.543933,MGC,2,1,0,0
6173,1.367377,1.953081,MGC,1,1,0,0
6174,1.521393,1.276611,HWC,1,1,0,0
6176,1.434979,1.673820,MGC,1,1,0,0
6177,1.296387,1.161721,HWC,1,1,0,0
6178,1.315641,1.969275,MGC,2,1,0,0
6180,1.121834,1.432014,MGC,1,1,0,0
6182,1.205803,1.116803,HWC,1,1,0,0
6184,1.345498,1.276186,HWC,1,1,0,0
6185,1.160185,2.681306,MGC,1,1,0,0
6186,1.236283,1.289085,MGC,1,1,0,0
6187,1.413381,1.872621,MGC,1,1,0,0
6188,1.249846,1.216655,HWC,2,1,0,0
619,1.417451,1.937485,MGC,1,2,0,0
6190,1.240028,1.022964,HWC,4,1,0,0
6191,1.763120,1.406205,HWC,1,3,0,0
6192,1.321861,1.404778,MGC,1,1,0,0
6195,1.422888,2.121695,MGC,3,2,0,0
6196,1.730331,1.648305,HWC,1,1,0,0
6197,1.206933,1.314988,MGC,1,1,0,0
6198,1.293317,1.934646,MGC,1,3,0,0
6199,1.313044,1.710262,MGC,1,1,0,0
620,1.457973,1.430985,HWC,1,1,0,0
6201,1.065272,1.358756,MGC,1,1,0,0
6202,1.281733,1.272310,HWC,1,1,0,0
6203,1.577559,1.596618,MGC,2,1,0,0
6204,1.213889,1.084893,HWC,1,1,0,0
6206,1.534202,1.189516,HWC,2,1,0,0
6207,1.332424,1.698687,MGC,1,1,0,0
6208,1.558848,1.658970,MGC,2,1,0,0
6209,1.232280,1.589403,MGC,3,1,0,0
621,1.492125,1.223449,HWC,1,1,0,0
6210,1.061392,1.784948,MGC,1,1,0,0
6211,1.544944,1.771409,MGC,1,1,0,0
6213,1.481479,1.755475,MGC,1,4,0,0
6214,1.347667,1.635092,MGC,2,1,0,0
6216,1.147724,1.185498,MGC,2,1,0,0
6217,1.269112,1.402793,MGC,1,1,0,0
6219,1.697606,1.704860,MGC,1,2,0,0
622,1.362550,1.123907,HWC,1,1,0,0
6222,1.371185,1.829976,MGC,1,1,0,0
6223,1.176897,1.336973,MGC,1,1,0,0
6224,1.380675,1.180085,HWC,1,1,0,0
6226,1.375503,1.317532,HWC,2,1,0,0
6227,1.352964,1.346382,HWC,2,1,0,0
6228,1.427415,1.432388,MGC,2,1,0,0
6229,1.169652,1.067908,HWC,3,1,0,0
6230,1.304186,1.384093,MGC,1,1,0,0
6231,1.358061,1.366560,MGC,1,1,0,0
6232,1.455760,1.508470,MGC,1,2,0,0
6233,1.340944,1.526053,MGC,1,2,0,0
6234,1.324044,1.298338,HWC,1,1,0,0
6236,1.858522,1.211648,HWC,1,1,0,0
6237,1.270860,2.078166,MGC,1,1,0,0
6238,1.063925,1.127435,MGC,1,1,0,0
6239,1.270395,2.400815,MGC,4,3,0,0
624,1.220921,1.718359,MGC,1,1,0,0
6240,1.308973,1.208165,HWC,1,1,0,0
6241,1.418550,1.138795,HWC,1,1,0,0
6243,1.369398,1.968918,MGC,2,1,0,0
6246,1.318355,1.647675,MGC,1,1,0,0
6248,1.395020,1.490875,MGC,1,1,0,0
625,1.411497,1.718170,MGC,1,1,0,0
6250,1.149369,1.171988,MGC,2,1,0,0
6251,1.442104,1.386032,HWC,1,1,0,0
6253,1.202232,1.155848,HWC,1,1,0,0
6254,1.298657,1.269642,HWC,1,1,0,0
6255,1.207986,1.358095,MGC,1,1,0,0
6257,1.720378,1.867950,MGC,1,1,0,0
6259,1.593388,1.706370,MGC,2,2,0,0
626,1.453914,1.552578,MGC,1,1,0,0
6261,1.356775,1.058045,HWC,1,1,0,0
6262,1.325573,1.069909,HWC,4,1,0,0
6266,1.159036,1.064654,HWC,1,1,0,0
6267,1.626812,1.998623,MGC,1,2,0,0
627,1.135266,1.035856,HWC,1,1,0,0
6270,1.430893,1.104675,HWC,1,1,0,0
6271,1.156387,1.651264,MGC,2,1,0,0
6273,1.207558,1.531254,MGC,1,1,0,0
6276,1.529432,1.115313,HWC,1,1,0,0
6278,1.711986,1.919896,MGC,2,1,0,0
628,1.503893,1.110971,HWC,1,1,0,0
6281,1.416782,1.933879,MGC,3,3,0,0
6282,1.248965,1.771164,MGC,1,1,0,0
6283,1.254498,1.230775,HWC,4,1,0,0
6284,1.425794,1.907849,MGC,2,1,0,0
6287,1.061488,1.386813,MGC,1,1,0,0
6288,1.476792,1.616643,MGC,1,2,0,0
6289,1.332032,1.839262,MGC,1,1,0,0
629,1.123387,1.116959,HWC,1,1,0,0
6292,1.271054,1.126676,HWC,1,1,0,0
6295,1.178638,1.722739,MGC,1,1,0,0
6296,1.239047,1.723002,MGC,2,1,0,0
6297,1.338820,1.510078,MGC,2,1,0,0
6298,1.216785,1.110763,HWC,1,1,0,0
6301,1.178416,1.074633,HWC,1,1,0,0
6305,1.337001,1.514721,MGC,1,1,0,0
6306,1.302997,1.389857,MGC,1,1,0,0
631,1.597791,1.182250,HWC,1,1,0,0
6310,1.181996,1.130207,HWC,2,1,0,0
6313,1.085126,1.578649,MGC,1,1,0,0
6314,1.584154,2.037282,MGC,4,2,0,0
6316,1.102519,1.199438,MGC,1,1,0,0
6317,1.301652,1.504500,MGC,3,1,0,0
632,1.426812,1.036601,HWC,1,1,0,0
6320,1.228740,1.106669,HWC,1,1,0,0
6321,1.357314,1.666425,MGC,3,1,0,0
6322,1.314267,1.274172,HWC,1,1,0,0
6323,1.490617,1.852541,MGC,1,3,0,0
6324,1.361180,1.302324,HWC,1,1,0,0
6325,1.176952,1.506186,MGC,1,1,0,0
6326,1.246583,1.096840,HWC,1,1,0,0
6327,1.143567,2.214849,MGC,1,2,0,0
6329,1.208328,1.434447,MGC,2,1,0,0
633,1.596979,1.452609,HWC,1,1,0,0
6333,1.209173,1.167425,HWC,1,1,0,0
6334,1.290523,1.396159,MGC,1,1,0,0
6335,1.372581,1.506989,MGC,5,1,0,0
6336,1.245276,1.607211,MGC,1,2,0,0
6337,1.209452,1.505942,MGC,3,2,0,0
6339,1.375964,1.478181,MGC,1,2,0,0
6340,1.224843,1.477756,MGC,1,1,0,0
6341,1.182641,1.937628,MGC,1,1,0,0
6342,1.397160,2.036163,MGC,5,1,0,0
6343,1.295801,1.113969,HWC,2,1,0,0
6347,1.310980,1.246303,HWC,3,1,0,0
6348,1.738273,2.609975,MGC,1,1,0,0
635,1.253284,2.503726,MGC,2,4,0,0
6350,1.365074,1.935941,MGC,3,6,0,0
6351,1.293630,2.975696,MGC,4,2,0,0
6353,1.357090,1.714333,MGC,1,2,0,0
6355,1.224630,1.120396,HWC,1,1,0,0
6356,1.342713,1.553708,MGC,1,1,0,0
6357,1.302061,1.261838,HWC,6,1,0,0
6358,1.437331,1.139723,HWC,2,1,0,0
6359,1.307908,1.031869,HWC,1,1,0,0
636,1.431072,1.483455,MGC,1,1,0,0
6360,1.380708,1.898854,MGC,1,2,0,0
6361,1.313290,1.074507,HWC,3,1,0,0
6362,1.315697,1.047623,HWC,1,1,0,0
6368,1.268133,1.515649,MGC,2,1,0,0
637,1.707104,1.738533,MGC,1,1,0,0
6371,1.321840,1.577453,MGC,1,1,0,0
6373,1.320844,1.095026,HWC,3,1,0,0
6375,0.999543,1.123672,MGC,2,1,0,0
6376,1.398741,1.569496,MGC,1,1,0,0
6378,1.363701,1.820497,MGC,5,1,0,0
6379,1.116826,1.420010,MGC,1,1,0,0
6380,1.523348,2.644662,MGC,1,1,0,0
6381,1.748007,2.791844,MGC,1,1,0,0
6382,1.234569,1.529902,MGC,1,1,0,0
6383,1.685736,1.187428,HWC,1,1,0,0
6384,1.271519,1.419080,MGC,1,1,0,0
6389,1.168003,1.198490,MGC,1,1,0,0
639,1.286579,1.635389,MGC,3,2,0,0
6390,1.391081,1.128091,HWC,1,1,0,0
6391,1.363508,1.225613,HWC,1,1,0,0
6392,1.226806,1.390661,MGC,6,1,0,0
6393,1.418083,1.608926,MGC,5,5,0,0
6394,1.527055,1.484891,HWC,1,1,0,0
6396,1.213582,1.029779,HWC,1,1,0,0
640,1.224655,1.317729,MGC,1,1,0,0
6401,1.255983,1.552734,MGC,1,1,0,0
6405,1.329218,1.728681,MGC,3,2,0,0
6406,1.295537,1.345908,MGC,1,1,0,0
6409,1.246879,1.536669,MGC,1,1,0,0
6410,1.143691,1.123060,HWC,1,1,0,0
6411,1.348562,1.696084,MGC,4,2,0,0
6412,1.301894,1.544095,MGC,6,1,0,0
6414,1.288356,1.182978,HWC,1,1,0,0
6415,1.533883,1.194236,HWC,2,1,0,0
6418,1.173407,1.074290,HWC,1,1,0,0
6419,1.278813,1.142435,HWC,3,1,0,0
642,1.573395,1.709912,MGC,1,1,0,0
6421,1.417559,1.719747,MGC,1,1,0,0
6426,1.366346,1.312438,HWC,1,1,0,0
6427,2.034071,1.802746,HWC,1,1,0,0
6428,1.209848,1.702711,MGC,1,1,0,0
6429,1.345706,1.576880,MGC,2,3,0,0
6430,1.275517,1.656306,MGC,6,1,0,0
6431,1.433357,1.139412,HWC,1,1,0,0
6434,1.407410,1.554359,MGC,1,1,0,0
6436,1.188133,1.094688,HWC,1,1,0,0
6437,1.442530,1.133887,HWC,1,1,0,0
6438,1.209903,1.758213,MGC,9,2,0,0
6440,1.575055,1.187156,HWC,1,1,0,0
6441,1.735077,1.780720,MGC,4,1,0,0
6442,1.374258,1.957232,MGC,1,1,0,0
6444,1.250010,1.199350,HWC,1,1,0,0
6448,1.334504,1.851991,MGC,1,1,0,0
6450,1.249684,2.281932,MGC,4,2,0,0
6454,1.521739,1.623807,MGC,2,1,0,0
6455,1.246512,1.094715,HWC,1,1,0,0
6457,1.231472,1.130192,HWC,1,1,0,0
6458,1.184656,1.110514,HWC,1,1,0,0
6459,1.385281,1.123544,HWC,1,1,0,0
6462,1.149151,1.107183,HWC,1,1,0,0
6466,1.180341,1.117684,HWC,1,1,0,0
6469,1.296591,1.077193,HWC,1,1,0,0
647,1.245683,1.374635,MGC,4,2,0,0
6470,1.411638,1.989364,MGC,2,3,0,0
6472,1.358804,1.274682,HWC,1,1,0,0
6473,1.253403,1.049536,HWC,1,1,0,0
6475,1.385139,1.528400,MGC,2,2,0,0
6476,1.327658,1.264580,HWC,2,1,0,0
6477,1.165947,1.129407,HWC,1,1,0,0
6478,1.347816,1.338643,HWC,1,1,0,0
6480,1.132952,1.469486,MGC,3,2,0,0
6486,1.439833,1.420763,HWC,2,1,0,0
6487,1.028863,1.362889,MGC,1,1,0,0
6488,1.316177,1.595079,MGC,1,2,0,0
649,1.259021,1.771104,MGC,3,1,0,0
6490,1.226643,1.362507,MGC,1,1,0,0
6492,1.465568,1.182634,HWC,1,1,0,0
6494,1.267122,1.113034,HWC,1,1,0,0
6495,1.271182,1.133941,HWC,3,1,0,0
6496,1.362006,2.014093,MGC,1,2,0,0
6499,1.323258,1.069301,HWC,1,1,0,0
650,1.444027,1.572519,MGC,1,1,0,0
6501,1.250143,1.576267,MGC,8,1,0,0
6503,1.327344,1.377406,MGC,1,1,0,0
6504,1.020946,1.042058,MGC,1,1,0,0
651,1.212889,1.094659,HWC,1,1,0,0
6511,1.301853,1.446588,MGC,1,1,0,0
6512,1.091303,1.862332,MGC,1,1,0,0
6513,1.381338,2.827617,MGC,2,5,0,0
6515,1.966672,1.814121,HWC,1,1,0,0
6516,1.381263,1.500362,MGC,3,5,0,0
6519,1.215817,1.038222,HWC,3,1,0,0
652,1.237026,1.214800,HWC,2,1,0,0
6520,1.238907,1.254461,MGC,1,1,0,0
6522,1.440029,1.403755,HWC,2,1,0,0
6523,1.598895,1.394079,HWC,2,1,0,0
6524,1.343462,2.539760,MGC,1,1,0,0
6525,1.327729,1.174058,HWC,2,1,0,0
6527,1.291889,1.069021,HWC,1,1,0,0
6528,1.389255,1.392487,MGC,1,1,0,0
653,1.126182,1.227261,MGC,2,1,0,0
6530,1.204786,2.293536,MGC,1,3,0,0
6532,1.182527,1.293955,MGC,1,2,0,0
6533,1.144613,1.094328,HWC,1,1,0,0
6534,1.506434,1.706986,MGC,1,1,0,0
6536,1.490727,1.569448,MGC,1,1,0,0
6538,1.200558,1.057188,HWC,6,1,0,0
654,1.519687,1.629606,MGC,1,1,0,0
6540,1.328958,1.549617,MGC,1,1,0,0
6545,1.378117,1.434761,MGC,1,1,0,0
6546,1.367177,1.736119,MGC,2,1,0,0
6550,1.302542,1.148120,HWC,1,1,0,0
6551,1.628989,1.665351,MGC,2,1,0,0
6553,1.325758,1.291079,HWC,1,1,0,0
6554,1.349565,1.445452,MGC,1,1,0,0
6556,1.622460,2.090830,MGC,1,1,0,0
6557,1.377518,2.207454,MGC,1,2,0,0
6558,1.188309,1.220342,MGC,1,1,0,0
6560,1.450604,1.170364,HWC,2,1,0,0
6561,1.359488,1.240106,HWC,1,1,0,0
6562,1.191334,1.330965,MGC,1,1,0,0
6563,1.228299,2.142696,MGC,1,2,0,0
6564,1.524837,1.341929,HWC,2,1,0,0
6567,1.336918,1.517704,MGC,1,1,0,0
6569,1.549323,1.759932,MGC,2,1,0,0
6573,1.267697,1.985986,MGC,1,1,0,0
6574,1.375606,1.314337,HWC,1,1,0,0
6575,1.227244,1.937876,MGC,3,2,0,0
6577,1.470827,1.587091,MGC,2,1,0,0
6578,1.489486,1.096032,HWC,1,1,0,0
6579,1.223165,1.463197,MGC,1,1,0,0
658,1.705507,1.039486,HWC,1,1,0,0
6581,1.273600,1.478983,MGC,1,1,0,0
6582,1.463313,1.501460,MGC,2,1,0,0
6583,1.286374,1.688711,MGC,2,1,0,0
6584,1.347158,1.079076,HWC,3,1,0,0
6585,1.165518,2.215247,MGC,1,3,0,0
6586,1.476504,1.085429,HWC,1,1,0,0
6587,1.204917,1.906447,MGC,2,1,0,0
6588,1.378995,1.797086,MGC,3,2,0,0
6589,1.521180,1.533884,MGC,1,1,0,0
659,1.521295,1.252206,HWC,1,1,0,0
6590,1.475153,1.646121,MGC,2,1,0,0
6591,1.276102,1.119837,HWC,1,1,0,0
6592,1.575669,1.135615,HWC,1,1,0,0
6593,1.379956,2.064133,MGC,5,1,0,0
6594,1.298946,1.701312,MGC,3,2,0,0
6595,1.437897,1.154937,HWC,1,1,0,0
6596,1.597860,1.777520,MGC,1,1,0,0
6597,1.515284,1.804132,MGC,1,1,0,0
6598,1.400817,1.158613,HWC,3,1,0,0
6599,1.379378,1.039145,HWC,1,1,0,0
660,1.476496,1.463667,HWC,1,1,0,0
6600,1.459814,1.670313,MGC,1,1,0,0
6601,1.228598,1.925404,MGC,4,4,0,0
6602,1.314512,1.811105,MGC,2,1,0,0
6603,1.860797,2.678180,MGC,1,2,0,0
6604,1.498041,2.020568,MGC,2,1,0,0
6605,1.421577,1.320492,HWC,2,1,0,0
6606,1.320075,1.411341,MGC,8,1,0,0
6607,1.329367,1.794816,MGC,1,1,0,0
6609,1.208565,1.084902,HWC,1,1,0,0
6610,1.204905,1.041660,HWC,1,1,0,0
6612,1.244888,2.142171,MGC,1,2,0,0
6614,1.360749,1.032568,HWC,1,1,0,0
6615,1.229522,1.497359,MGC,1,1,0,0
6617,1.411878,1.661031,MGC,3,1,0,0
6618,1.468813,1.111255,HWC,1,1,0,0
6619,1.375187,1.307014,HWC,1,1,0,0
6620,1.355439,1.970668,MGC,2,1,0,0
6622,1.228111,1.074239,HWC,7,1,0,0
6623,1.378658,1.474492,MGC,1,1,0,0
6625,1.453247,1.409656,HWC,2,2,0,0
6626,1.358374,1.109488,HWC,1,1,0,0
6628,1.330651,1.589883,MGC,1,1,0,0
663,1.595040,1.625120,MGC,1,1,0,0
6630,1.410553,1.383084,HWC,1,4,0,0
6631,1.481937,1.520676,MGC,1,1,0,0
6632,1.375982,1.007864,HWC,1,1,0,0
6634,1.616633,2.438572,MGC,1,1,0,0
6635,1.538065,1.275798,HWC,1,1,0,0
6636,1.027750,1.126860,MGC,1,1,0,0
6637,1.126636,1.843290,MGC,4,3,0,0
6639,1.263135,1.557869,MGC,2,1,0,0
6640,1.320446,1.510842,MGC,5,1,0,0
6641,1.172364,1.098091,HWC,1,1,0,0
6644,1.284994,1.261516,HWC,1,1,0,0
6646,1.292485,1.469174,MGC,1,1,0,0
6648,1.335827,1.443623,MGC,1,1,0,0
6649,1.233952,1.263452,MGC,2,1,0,0
6650,1.601200,1.181013,HWC,1,1,0,0
6651,1.566669,1.515839,HWC,1,1,0,0
6652,1.920154,1.376949,HWC,1,1,0,0
6656,1.372566,1.537704,MGC,1,1,0,0
6657,1.303182,1.539998,MGC,5,1,0,0
6658,1.461813,1.593711,MGC,1,1,0,0
6659,1.526708,1.179127,HWC,1,1,0,0
666,1.539995,1.530120,HWC,1,1,0,0
6662,1.216444,1.172569,HWC,1,1,0,0
6664,1.211774,1.134108,HWC,8,1,0,0
6665,1.162516,1.077650,HWC,7,1,0,0
6666,1.241597,1.444563,MGC,3,1,0,0
6667,1.706121,1.787270,MGC,1,1,0,0
6668,1.253947,1.055158,HWC,6,1,0,0
6669,1.164219,1.401147,MGC,1,1,0,0
667,1.566955,1.493000,HWC,1,1,0,0
6670,1.379773,1.436552,MGC,1,1,0,0
6673,1.196100,1.109002,HWC,1,1,0,0
6674,1.358451,1.859757,MGC,1,1,0,0
6675,1.215120,1.179157,HWC,1,1,0,0
6677,1.327163,1.265897,HWC,1,1,0,0
6678,1.844715,2.202099,MGC,1,1,0,0
6681,1.522866,1.724221,MGC,1,1,0,0
6683,1.622977,1.129470,HWC,1,1,0,0
6684,1.249866,1.525025,MGC,6,2,0,0
6685,1.355792,1.624433,MGC,2,1,0,0
6686,1.266222,1.382563,MGC,1,1,0,0
6687,1.337387,1.831495,MGC,1,1,0,0
6688,1.469528,1.647305,MGC,1,3,0,0
6689,1.414409,1.850271,MGC,1,1,0,0
6692,1.219336,1.007429,HWC,1,1,0,0
6693,1.276408,1.081930,HWC,6,1,0,0
6694,1.420363,1.605496,MGC,1,1,0,0
6697,1.283893,1.053266,HWC,3,1,0,0
6699,1.304465,1.094099,HWC,1,1,0,0
67,1.266751,1.333483,MGC,1,1,0,0
670,1.467575,1.521097,MGC,1,1,0,0
6700,1.188245,1.562728,MGC,1,1,0,0
6701,1.413184,1.505793,MGC,2,1,0,0
6702,1.273636,1.132974,HWC,2,1,0,0
6703,1.557356,1.700260,MGC,2,1,0,0
6709,1.338661,1.367496,MGC,1,1,0,0
671,1.256919,1.163176,HWC,1,1,0,0
6710,1.290773,2.230649,MGC,2,2,0,0
6713,1.455248,1.148956,HWC,1,1,0,0
6714,1.157457,1.084428,HWC,1,1,0,0
6715,1.098199,1.082270,HWC,1,1,0,0
6716,1.432975,1.438436,MGC,3,1,0,0
672,1.232178,1.395085,MGC,2,1,0,0
6721,1.291986,1.793886,MGC,4,2,0,0
6722,1.313432,2.115692,MGC,2,1,0,0
6723,1.152891,2.263758,MGC,1,2,0,0
6724,1.160947,1.177009,MGC,1,1,0,0
6726,1.208491,1.594673,MGC,5,2,0,0
6728,1.129079,1.728583,MGC,1,3,0,0
6729,1.572897,1.924154,MGC,2,2,0,0
673,1.311385,1.141048,HWC,1,1,0,0
6730,1.257512,1.357567,MGC,1,1,0,0
6733,1.265809,1.234072,HWC,2,1,0,0
6734,1.400150,1.189072,HWC,1,1,0,0
6735,1.379746,2.665428,MGC,1,4,0,0
6738,1.332001,2.034627,MGC,3,1,0,0
6739,1.390511,1.106878,HWC,1,1,0,0
674,1.265358,1.758073,MGC,1,1,0,0
6740,1.694109,1.190803,HWC,1,1,0,0
6745,1.604009,1.538202,HWC,1,1,0,0
6748,1.199327,0.997519,HWC,2,1,0,0
675,1.483239,1.068966,HWC,1,1,0,0
6751,1.840140,1.117178,HWC,1,1,0,0
6752,1.265167,1.740399,MGC,1,1,0,0
6753,1.305854,1.513846,MGC,3,2,0,0
6754,1.635581,1.969244,MGC,1,1,0,0
6756,1.469519,1.135565,HWC,1,1,0,0
6757,1.316597,2.008801,MGC,2,1,0,0
6759,1.211511,1.493963,MGC,1,1,0,0
6760,1.454265,1.471859,MGC,1,1,0,0
6761,1.204752,1.597194,MGC,1,1,0,0
6762,1.309396,1.328968,MGC,1,1,0,0
6763,1.229574,1.220828,HWC,1,1,0,0
6765,1.351072,1.252908,HWC,2,1,0,0
6766,1.315183,1.458849,MGC,1,1,0,0
6769,1.592006,1.100066,HWC,2,1,0,0
6770,1.410580,2.162480,MGC,6,6,0,0
6774,1.563360,1.178700,HWC,1,1,0,0
6776,1.390681,1.523579,MGC,1,1,0,0
6778,1.251517,1.700578,MGC,2,3,0,0
6779,1.368777,1.653238,MGC,2,1,0,0
678,1.162041,1.341198,MGC,1,1,0,0
6782,1.165001,1.117654,HWC,1,1,0,0
6783,1.427681,1.777681,MGC,1,1,0,0
6785,1.814261,2.086607,MGC,4,4,0,0
6786,1.531557,1.012016,HWC,1,1,0,0
6787,1.307151,1.400965,MGC,1,1,0,0
6789,1.364111,1.804699,MGC,1,1,0,0
679,1.120693,1.096496,HWC,1,1,0,0
6791,1.369349,1.712317,MGC,2,3,0,0
6792,1.163527,1.130516,HWC,1,1,0,0
6793,1.530063,2.220787,MGC,1,2,0,0
6795,1.306294,1.550084,MGC,2,1,0,0
6796,1.384659,2.286123,MGC,3,6,0,0
6797,1.262011,1.659353,MGC,2,4,0,0
6798,1.400097,2.122055,MGC,3,3,0,0
6799,1.428943,1.301585,HWC,2,1,0,0
68,1.284553,1.875838,MGC,2,1,0,0
6801,1.275038,1.013245,HWC,3,1,0,0
6802,1.418162,1.418939,MGC,1,1,0,0
6803,1.067106,1.351003,MGC,1,1,0,0
6804,1.492013,1.146517,HWC,1,1,0,0
6805,1.323705,1.053559,HWC,1,1,0,0
6806,1.319634,1.112261,HWC,1,1,0,0
6807,1.377767,1.823448,MGC,1,5,0,0
6808,1.867889,1.140278,HWC,1,1,0,0
6809,1.518609,1.366024,HWC,1,1,0,0
6810,1.650006,1.472184,HWC,1,1,0,0
6812,1.253413,1.284316,MGC,1,1,0,0
6814,1.335703,1.209735,HWC,1,1,0,0
6815,1.255367,1.562438,MGC,1,2,0,0
6816,1.362136,1.156743,HWC,1,1,0,0
6817,1.494267,1.219808,HWC,1,1,0,0
6818,1.450893,1.137665,HWC,1,1,0,0
6819,1.482648,1.284275,HWC,2,1,0,0
682,1.254144,1.230581,HWC,1,1,0,0
6820,1.378503,1.466810,MGC,1,1,0,0
6822,1.254562,1.199836,HWC,1,1,0,0
6823,1.275531,1.125861,HWC,1,1,0,0
6824,1.416382,1.381648,HWC,1,1,0,0
6826,1.285327,1.077345,HWC,2,1,0,0
6828,1.418774,1.246616,HWC,1,1,0,0
6831,1.430893,1.156135,HWC,1,1,0,0
6834,1.366305,2.126450,MGC,3,5,0,0
6835,1.258921,1.364028,MGC,2,1,0,0
6836,1.231544,1.281692,MGC,1,1,0,0
6837,1.438210,1.598563,MGC,1,2,0,0
6838,1.228820,1.572988,MGC,1,1,0,0
6839,1.260248,1.583556,MGC,7,3,0,0
684,1.368406,2.103637,MGC,2,2,0,0
6840,1.236790,1.090246,HWC,1,1,0,0
6841,1.532512,1.592356,MGC,1,1,0,0
6842,1.344777,1.518222,MGC,1,1,0,0
6843,1.175918,1.203814,MGC,1,1,0,0
6844,1.344123,1.851495,MGC,2,1,0,0
6845,1.269132,1.812279,MGC,1,1,0,0
6846,1.123892,1.698907,MGC,1,4,0,0
6849,1.110114,1.248896,MGC,1,1,0,0
685,1.529480,1.089922,HWC,1,1,0,0
6852,1.427081,2.036997,MGC,1,1,0,0
6854,1.650961,2.013050,MGC,1,1,0,0
6855,1.375373,1.261607,HWC,2,1,0,0
6858,1.307691,1.233862,HWC,1,1,0,0
6859,1.427142,1.563073,MGC,1,1,0,0
6861,1.299230,1.144098,HWC,3,1,0,0
6862,1.276226,2.001372,MGC,5,1,0,0
6864,1.169170,1.699404,MGC,1,2,0,0
6865,1.199124,1.390744,MGC,1,1,0,0
6866,1.466714,1.064038,HWC,2,1,0,0
6867,1.303706,1.902090,MGC,2,2,0,0
687,1.288478,1.080793,HWC,3,1,0,0
6873,1.178112,1.267522,MGC,2,1,0,0
6874,1.256503,1.309804,MGC,1,1,0,0
6875,1.351964,1.598696,MGC,3,4,0,0
6876,1.688404,1.425740,HWC,1,1,0,0
6878,1.309513,1.714998,MGC,2,1,0,0
688,1.628746,1.030639,HWC,1,1,0,0
6880,1.298396,1.108955,HWC,1,1,0,0
6881,1.278977,1.619430,MGC,1,1,0,0
6884,1.228857,1.561281,MGC,1,1,0,0
6885,1.565788,1.904134,MGC,1,1,0,0
6886,1.349777,2.078311,MGC,1,2,0,0
6889,1.484506,1.403586,HWC,1,1,0,0
689,1.391755,1.477278,MGC,6,1,0,0
6890,1.238062,1.098945,HWC,1,1,0,0
6891,1.674392,2.139951,MGC,1,1,0,0
6892,1.604792,1.357034,HWC,1,1,0,0
6894,1.481098,1.466753,HWC,1,1,0,0
6897,1.167962,1.605737,MGC,2,1,0,0
6899,1.270392,1.214551,HWC,1,1,0,0
69,1.396235,1.262677,HWC,1,1,0,0
6900,1.337337,1.816452,MGC,3,1,0,0
6901,1.905007,1.261114,HWC,1,1,0,0
6902,1.560410,2.257002,MGC,2,1,0,0
6905,1.305198,1.058608,HWC,1,1,0,0
6906,1.463816,1.852121,MGC,2,1,0,0
6907,1.327349,1.080616,HWC,1,1,0,0
6909,1.386877,1.113478,HWC,2,1,0,0
691,1.307652,1.641997,MGC,4,2,0,0
6910,1.495230,1.463009,HWC,1,1,0,0
6911,1.249086,1.360342,MGC,1,1,0,0
6912,1.403631,1.743278,MGC,2,1,0,0
6914,1.539791,1.159490,HWC,1,1,0,0
6915,1.452948,1.066441,HWC,1,1,0,0
6916,1.171335,1.179339,MGC,1,1,0,0
6917,1.478268,1.242664,HWC,3,1,0,0
6918,1.343631,2.519502,MGC,2,1,0,0
6920,1.316405,2.100966,MGC,2,1,0,0
6923,1.630595,2.482552,MGC,2,1,0,0
6924,1.453121,2.250597,MGC,2,2,0,0
6926,1.216082,1.092754,HWC,1,1,0,0
6927,1.177326,1.548727,MGC,1,1,0,0
6928,1.286893,1.126083,HWC,1,1,0,0
6929,1.716801,2.446925,MGC,2,2,0,0
6931,1.144809,1.493694,MGC,2,2,0,0
6932,1.319471,1.931390,MGC,2,2,0,0
6933,1.533815,1.362727,HWC,2,1,0,0
6935,1.132745,1.052536,HWC,1,1,0,0
6937,1.405196,1.500713,MGC,2,2,0,0
6941,1.457835,1.427583,HWC,1,1,0,0
6945,1.715695,1.225222,HWC,1,1,0,0
6946,1.298180,1.389148,MGC,1,2,0,0
6947,1.395679,1.932636,MGC,5,2,0,0
6948,1.270644,1.017718,HWC,2,1,0,0
6949,1.311187,1.822611,MGC,1,2,0,0
6950,1.682927,1.890446,MGC,1,1,0,0
6951,1.490263,1.650662,MGC,3,1,0,0
6952,1.358286,1.260833,HWC,1,1,0,0
6953,1.403146,2.251876,MGC,3,4,0,0
6954,1.244209,1.091578,HWC,1,1,0,0
6955,1.221623,1.545694,MGC,1,1,0,0
6957,1.265605,2.013707,MGC,1,1,0,0
6959,1.203727,1.021627,HWC,1,1,0,0
696,1.374509,1.423392,MGC,1,1,0,0
6960,1.389517,1.124590,HWC,1,1,0,0
6961,1.225612,1.588778,MGC,3,1,0,0
6962,1.291203,1.695751,MGC,5,1,0,0
6965,1.314037,1.283961,HWC,1,1,0,0
6966,1.500156,1.728759,MGC,1,1,0,0
6968,1.354547,1.448977,MGC,1,1,0,0
6969,1.372078,1.177570,HWC,1,1,0,0
697,1.274906,1.620678,MGC,5,3,0,0
6971,1.602628,1.332002,HWC,1,1,0,0
6972,1.343501,1.415902,MGC,1,1,0,0
6974,1.357931,1.123560,HWC,1,1,0,0
6975,1.069687,1.915708,MGC,1,1,0,0
6976,1.510892,2.437541,MGC,1,1,0,0
6977,1.195286,1.811936,MGC,3,1,0,0
6979,1.170699,1.268625,MGC,3,1,0,0
698,1.207997,1.521039,MGC,2,2,0,0
6980,1.358285,1.935235,MGC,1,1,0,0
6981,1.574106,1.419311,HWC,5,1,0,0
6982,1.430923,1.562047,MGC,3,5,0,0
6985,1.462299,1.403456,HWC,2,1,0,0
6986,1.182132,1.465744,MGC,4,1,0,0
6987,1.345948,1.161381,HWC,1,1,0,0
6988,1.248561,1.427639,MGC,2,1,0,0
6989,1.301097,1.441513,MGC,1,3,0,0
699,1.678873,1.644285,HWC,1,1,0,0
6991,1.231022,1.098360,HWC,1,1,0,0
6993,1.253779,1.986163,MGC,6,1,0,0
6995,1.318801,1.136107,HWC,1,1,0,0
6996,1.327035,1.540863,MGC,2,1,0,0
6997,1.233063,1.479715,MGC,1,1,0,0
6999,1.352635,1.367609,MGC,2,1,0,0
70,1.595341,1.862903,MGC,1,1,0,0
700,1.467698,1.845956,MGC,4,4,0,0
7000,1.311910,1.593476,MGC,2,1,0,0
701,1.518310,1.576301,MGC,1,1,0,0
702,1.430442,1.296845,HWC,1,1,0,0
704,1.100916,1.309979,MGC,3,1,0,0
705,1.771956,1.089068,HWC,1,1,0,0
706,1.082650,1.245816,MGC,1,1,0,0
707,1.779268,1.180713,HWC,2,1,0,0
709,1.383360,1.447951,MGC,2,1,0,0
71,1.277090,1.553448,MGC,5,2,0,0
710,1.321259,1.892801,MGC,4,2,0,0
712,1.291470,1.233825,HWC,2,1,0,0
713,1.351121,1.722631,MGC,1,1,0,0
714,2.020686,1.603753,HWC,1,1,0,0
717,1.246285,1.544366,MGC,4,1,0,0
718,1.507473,1.259685,HWC,1,1,0,0
719,1.455103,1.343786,HWC,2,1,0,0
72,1.106303,1.860305,MGC,1,2,0,0
720,1.350068,1.527212,MGC,1,1,0,0
721,1.218042,1.296697,MGC,2,2,0,0
723,1.229448,1.119132,HWC,1,1,0,0
724,1.280553,1.617689,MGC,2,1,0,0
726,1.279758,1.022342,HWC,1,1,0,0
728,1.314817,1.524957,MGC,1,1,0,0
729,1.606441,1.374938,HWC,1,1,0,0
73,1.339872,1.576741,MGC,1,1,0,0
732,1.180955,1.118199,HWC,1,1,0,0
733,1.202042,1.161802,HWC,2,1,0,0
734,1.243506,1.198243,HWC,1,1,0,0
735,1.353818,1.656835,MGC,1,1,0,0
736,1.102861,2.060095,MGC,1,1,0,0
737,1.304699,1.073986,HWC,1,1,0,0
738,1.533059,1.576109,MGC,1,1,0,0
739,1.378063,1.117010,HWC,2,1,0,0
74,1.563442,1.847176,MGC,1,1,0,0
740,1.128506,1.422755,MGC,1,1,0,0
741,1.390590,1.643018,MGC,2,1,0,0
742,1.253088,1.194197,HWC,2,1,0,0
743,1.314973,1.645824,MGC,3,1,0,0
745,1.152505,1.379830,MGC,1,1,0,0
747,1.504208,1.440449,HWC,3,2,0,0
748,1.484867,1.074114,HWC,1,1,0,0
749,1.468087,1.708442,MGC,1,1,0,0
751,1.602977,1.560159,HWC,1,1,0,0
753,1.461477,1.511351,MGC,2,1,0,0
754,1.195370,1.311153,MGC,5,1,0,0
757,1.414345,1.225539,HWC,1,1,0,0
758,1.418829,1.704371,MGC,1,1,0,0
759,1.227152,1.396844,MGC,1,1,0,0
76,1.172368,1.671042,MGC,1,1,0,0
760,1.345279,1.116328,HWC,1,1,0,0
761,1.307392,1.515270,MGC,1,1,0,0
766,1.189151,1.651317,MGC,1,1,0,0
767,1.298284,2.017262,MGC,8,1,0,0
769,1.616110,1.590407,HWC,2,1,0,0
77,1.669239,1.930745,MGC,1,1,0,0
771,1.281339,1.598250,MGC,3,1,0,0
772,1.329227,1.246012,HWC,3,1,0,0
773,1.327063,1.634038,MGC,2,1,0,0
774,1.347479,1.468866,MGC,2,1,0,0
775,1.430467,1.510942,MGC,1,1,0,0
777,1.327726,1.204335,HWC,2,1,0,0
78,1.893363,1.617954,HWC,1,1,0,0
780,1.725498,1.741804,MGC,1,2,0,0
781,1.121181,1.188277,MGC,1,1,0,0
782,1.574609,1.322335,HWC,1,1,0,0
783,1.440470,2.131665,MGC,1,2,0,0
784,1.291364,1.166868,HWC,3,1,0,0
785,1.539432,2.070019,MGC,2,2,0,0
787,1.465315,1.327761,HWC,2,1,0,0
789,1.545926,1.624874,MGC,5,4,0,0
79,1.512605,1.133677,HWC,1,1,0,0
791,1.263838,1.470503,MGC,4,1,0,0
792,1.401225,1.481279,MGC,1,1,0,0
793,1.232508,1.129209,HWC,1,1,0,0
796,1.505899,1.509422,MGC,1,1,0,0
797,1.324147,1.480363,MGC,2,1,0,0
799,1.380181,1.034857,HWC,1,1,0,0
8,1.252886,1.725004,MGC,1,1,0,0
800,1.180696,1.148714,HWC,1,1,0,0
802,1.156527,1.083034,HWC,1,1,0,0
806,1.496656,1.478117,HWC,1,1,0,0
807,2.027516,2.018673,HWC,1,1,0,0
808,1.226556,1.468502,MGC,1,1,0,0
81,1.432257,1.370915,HWC,1,1,0,0
810,1.357857,1.387144,MGC,3,1,0,0
814,1.226700,1.511898,MGC,1,1,0,0
817,1.336556,2.058532,MGC,1,1,0,0
818,1.572915,1.646205,MGC,1,1,0,0
82,1.472591,1.656449,MGC,1,1,0,0
820,1.134950,1.822897,MGC,1,1,0,0
821,1.334867,1.894772,MGC,3,1,0,0
825,1.278413,1.671628,MGC,1,1,0,0
827,1.695565,1.227059,HWC,2,1,0,0
829,1.080955,1.172157,MGC,1,1,0,0
83,1.384649,1.944873,MGC,1,1,0,0
831,1.462631,1.394082,HWC,1,1,0,0
832,1.059572,1.054933,HWC,1,1,0,0
833,1.458206,1.181760,HWC,1,1,0,0
834,1.252420,1.095510,HWC,4,1,0,0
835,1.255555,1.212465,HWC,2,1,0,0
837,1.684319,1.867335,MGC,1,1,0,0
838,1.179762,1.248328,MGC,1,1,0,0
839,1.304855,1.576094,MGC,3,2,0,0
840,1.263963,1.841781,MGC,1,2,0,0
841,1.232737,1.291991,MGC,3,1,0,0
842,1.422017,2.265194,MGC,1,1,0,0
843,1.476423,1.488668,MGC,1,1,0,0
844,1.252740,1.259514,MGC,1,1,0,0
846,1.403255,1.296819,HWC,1,1,0,0
848,1.235416,1.286677,MGC,3,1,0,0
85,1.258628,1.159325,HWC,1,1,0,0
850,1.414455,1.562870,MGC,1,1,0,0
851,1.275141,1.091828,HWC,1,1,0,0
852,1.557958,1.917430,MGC,2,1,0,0
853,1.401819,2.052849,MGC,3,2,0,0
854,1.477599,2.051083,MGC,2,1,0,0
857,1.579397,1.109559,HWC,2,1,0,0
858,1.341338,1.219983,HWC,1,1,0,0
859,1.417887,1.787675,MGC,1,1,0,0
86,1.242462,1.051594,HWC,2,1,0,0
860,1.327326,1.768020,MGC,3,1,0,0
861,1.360285,1.034976,HWC,1,1,0,0
863,1.253279,1.168276,HWC,4,1,0,0
864,1.422617,1.111063,HWC,1,1,0,0
865,1.390036,1.282816,HWC,1,1,0,0
866,1.603213,2.023721,MGC,1,1,0,0
867,1.568105,1.880355,MGC,1,1,0,0
869,1.279571,1.188942,HWC,1,1,0,0
87,1.597136,2.005602,MGC,2,1,0,0
872,1.277131,2.149250,MGC,3,1,0,0
875,2.249655,1.112543,HWC,1,1,0,0
876,1.212897,1.071355,HWC,2,1,0,0
877,1.532629,1.806472,MGC,1,1,0,0
879,1.256777,1.083265,HWC,1,1,0,0
881,1.451840,1.364990,HWC,3,1,0,0
882,1.274124,1.768433,MGC,6,1,0,0
884,1.236779,1.348940,MGC,1,1,0,0
886,1.550652,1.964022,MGC,1,1,0,0
887,1.331481,1.877014,MGC,1,2,0,0
89,1.067597,1.338743,MGC,5,1,0,0
890,1.235076,1.291177,MGC,1,1,0,0
893,1.571021,1.575099,MGC,1,1,0,0
894,1.291562,1.428967,MGC,1,1,0,0
895,1.687743,1.628975,HWC,1,1,0,0
896,1.346868,1.547209,MGC,1,1,0,0
897,1.294896,1.511978,MGC,1,1,0,0
90,1.825246,1.247118,HWC,1,1,0,0
901,1.307750,1.121644,HWC,2,1,0,0
903,1.494738,2.030632,MGC,1,1,0,0
904,1.430762,1.100720,HWC,1,1,0,0
905,1.269313,1.781717,MGC,1,2,0,0
906,1.418939,2.251274,MGC,2,1,0,0
907,1.462278,1.492458,MGC,1,1,0,0
908,1.181232,1.121457,HWC,1,1,0,0
91,1.249807,1.435215,MGC,1,1,0,0
914,1.223189,1.744136,MGC,4,1,0,0
916,1.121457,1.565514,MGC,9,1,0,0
917,1.063801,1.093247,MGC,1,1,0,0
918,1.564109,1.693184,MGC,2,1,0,0
919,1.360790,1.081400,HWC,1,1,0,0
920,1.227375,1.107982,HWC,1,1,0,0
921,1.366100,1.889015,MGC,2,1,0,0
922,1.305622,1.180372,HWC,1,1,0,0
924,1.341095,1.594746,MGC,1,1,0,0
925,1.387079,1.057938,HWC,2,1,0,0
926,1.375848,1.388596,MGC,1,1,0,0
927,1.852023,1.968750,MGC,3,1,0,0
928,1.115644,1.348925,MGC,1,1,0,0
929,1.414833,2.314242,MGC,11,2,0,0
93,1.268150,1.389352,MGC,1,1,0,0
930,1.239899,1.335145,MGC,2,1,0,0
933,1.477528,1.463042,HWC,4,1,0,0
937,1.232844,1.183894,HWC,1,1,0,0
939,1.407805,2.316399,MGC,3,6,0,0
94,1.394655,1.342257,HWC,2,1,0,0
942,1.326421,1.574155,MGC,2,1,0,0
944,1.402052,1.363300,HWC,1,1,0,0
945,1.622946,1.759668,MGC,1,1,0,0
946,1.540439,1.472886,HWC,1,1,0,0
947,1.515597,1.868513,MGC,5,1,0,0
949,1.287928,1.395353,MGC,6,2,0,0
95,1.248584,1.150132,HWC,1,1,0,0
950,1.659222,1.919746,MGC,1,1,0,0
953,1.380427,1.270134,HWC,1,1,0,0
955,1.368973,1.679271,MGC,4,1,0,0
96,1.194038,1.847898,MGC,2,1,0,0
960,1.300262,1.651812,MGC,2,1,0,0
961,1.798898,1.125040,HWC,1,1,0,0
965,1.271820,1.192830,HWC,7,1,0,0
966,1.232621,1.310957,MGC,1,1,0,0
968,1.338101,1.237847,HWC,2,1,0,0
969,1.180583,1.186557,MGC,2,1,0,0
97,1.867008,1.292456,HWC,1,1,0,0
970,1.399118,1.927005,MGC,2,2,0,0
972,1.299586,1.315131,MGC,1,1,0,0
973,1.253759,1.087435,HWC,1,1,0,0
975,1.229424,1.238871,MGC,1,1,0,0
977,1.328358,1.540989,MGC,1,1,0,0
978,1.554576,1.114732,HWC,1,1,0,0
98,1.281136,1.344529,MGC,1,1,0,0
980,1.508696,1.408955,HWC,1,1,0,0
981,1.519989,1.520530,MGC,2,1,0,0
982,1.405988,1.548475,MGC,1,1,0,0
987,1.663109,1.527953,HWC,1,1,0,0
988,1.359168,1.748588,MGC,1,1,0,0
989,1.358661,1.538993,MGC,2,1,0,0
99,1.323815,1.838697,MGC,3,1,0,0
990,1.537632,1.768180,MGC,1,1,0,0
992,1.181601,1.694805,MGC,1,1,0,0
993,1.397098,1.907483,MGC,3,1,0,0
994,1.652141,1.427216,HWC,1,1,0,0
996,1.599916,1.334414,HWC,1,1,0,0
997,1.183830,1.811123,MGC,1,1,0,0
998,1.248807,1.026064,HWC,1,1,0,0
999,1.354383,1.389154,MGC,1,1,0,0
7001,1.264281,1.406064,MGC,5,1,0,0
7002,1.308619,1.672256,MGC,2,2,0,0
7003,1.317449,1.353932,MGC,3,1,0,0
7004,1.629879,1.584186,HWC,1,3,0,0
7005,1.259983,1.355724,MGC,2,2,0,0
7006,1.017357,1.178605,MGC,1,1,0,0
7007,1.238274,2.229982,MGC,3,3,0,0
7008,1.244932,2.151697,MGC,5,4,0,0
7009,1.237647,2.036484,MGC,2,4,0,0
7010,1.516655,1.347505,HWC,1,1,0,0
7011,1.269604,1.260498,HWC,1,1,0,0
7012,1.648331,1.514091,HWC,1,1,0,0
7013,1.587236,1.625098,MGC,2,1,0,0
7014,1.340495,1.590474,MGC,1,2,0,0
7015,1.405688,1.778754,MGC,3,6,0,0
7016,1.409186,1.801829,MGC,3,1,0,0
7017,1.451408,1.885146,MGC,2,3,0,0
7018,1.382704,1.573766,MGC,2,2,0,0
7019,1.300244,1.302353,MGC,3,3,0,0
7020,1.180650,1.470564,MGC,1,1,0,0
7021,1.231174,1.439145,MGC,4,1,0,0
7022,1.227995,1.462158,MGC,1,1,0,0
7023,1.318199,2.133167,MGC,2,1,0,0
7024,1.318515,1.458222,MGC,1,1,0,0
7025,1.113332,1.098542,HWC,1,1,0,0
7026,1.329899,1.139922,HWC,1,1,0,0
7027,1.449034,1.593542,MGC,1,1,0,0
7028,1.347767,1.583079,MGC,1,1,0,0
7029,1.425229,1.639810,MGC,1,2,0,0
7030,1.312035,1.523419,MGC,1,1,0,0
7031,1.212931,1.570542,MGC,1,2,0,0
7032,1.199476,2.005170,MGC,3,1,0,0
7033,1.441968,2.112570,MGC,3,1,0,0
7034,1.406396,1.383447,HWC,1,1,0,0
7035,1.032905,1.058598,MGC,1,1,0,0
7036,1.284998,1.625236,MGC,1,1,0,0
7037,1.099361,2.177163,MGC,4,4,0,0
7038,1.697400,1.736376,MGC,1,1,0,0
7039,1.356192,1.527944,MGC,2,1,0,0
7040,1.279878,1.146292,HWC,1,1,0,0
7041,1.258405,1.571824,MGC,1,4,0,0
7042,1.153271,1.644643,MGC,1,1,0,0
7043,1.184340,1.218007,MGC,1,1,0,0
7044,1.154064,2.218274,MGC,1,3,0,0
7045,1.381348,1.484620,MGC,1,1,0,0
7046,1.288027,1.192391,HWC,1,1,0,0
7047,1.565134,1.744101,MGC,1,1,0,0
7048,1.307569,1.257719,HWC,1,1,0,0
7049,1.302642,1.108920,HWC,4,1,0,0
7050,1.266775,1.622453,MGC,2,1,0,0
7051,1.267659,1.598811,MGC,1,2,0,0
7052,1.130235,1.407502,MGC,3,1,0,0
7053,1.260546,1.617233,MGC,3,3,0,0
7054,1.330292,1.901143,MGC,1,5,0,0
7055,1.294688,1.599870,MGC,2,2,0,0
7056,1.292217,1.627004,MGC,4,3,0,0
7057,1.258016,1.378589,MGC,1,1,0,0
7058,1.331415,1.501050,MGC,2,1,0,0
7059,1.308337,1.074828,HWC,1,1,0,0
7060,1.206633,1.064290,HWC,1,1,0,0
7061,1.632412,1.206703,HWC,1,1,0,0
7062,1.546273,1.155374,HWC,1,1,0,0
7063,1.250952,1.243880,HWC,1,1,0,0
7064,1.512915,1.192189,HWC,1,1,0,0
7065,1.428353,1.208191,HWC,1,1,0,0
7066,1.586235,1.256554,HWC,1,1,0,0
7067,1.538979,1.150255,HWC,1,1,0,0
7068,1.630438,1.879795,MGC,1,1,0,0
7069,1.474394,1.633415,MGC,4,1,0,0
7070,1.475332,1.516847,MGC,1,1,0,0
7071,1.338769,1.072903,HWC,1,1,0,0
7072,1.078792,1.244507,MGC,2,1,0,0
7073,1.403665,1.631572,MGC,1,1,0,0
7074,1.530159,1.573263,MGC,1,4,0,0
7075,1.459556,1.239439,HWC,1,1,0,0
7076,1.408899,1.477066,MGC,1,1,0,0
7077,1.399569,1.521659,MGC,1,1,0,0
7078,1.249678,1.471681,MGC,1,1,0,0
7079,1.323686,1.923854,MGC,1,1,0,0
7080,1.361215,1.537421,MGC,1,2,0,0
7081,1.356909,1.574679,MGC,1,1,0,0
7082,1.437893,1.296042,HWC,3,1,0,0
7083,1.360178,1.131297,HWC,1,1,0,0
7084,1.322511,1.070865,HWC,1,1,0,0
7085,1.294963,1.784999,MGC,4,2,0,0
7086,1.187979,1.463014,MGC,5,1,0,0
7087,1.219263,2.115891,MGC,1,3,0,0
7088,1.277250,2.021718,MGC,2,4,0,0
7089,1.576812,1.169510,HWC,1,1,0,0
7090,1.429271,1.575429,MGC,1,1,0,0
7091,1.360568,1.423335,MGC,3,2,0,0
7092,1.500847,1.791932,MGC,1,4,0,0
7093,1.484843,1.147940,HWC,1,1,0,0
7094,1.207928,1.530204,MGC,1,1,0,0
7095,1.398424,1.639309,MGC,3,1,0,0
7096,1.320464,1.722712,MGC,3,2,0,0
7097,1.354591,1.711928,MGC,1,1,0,0
7098,1.473868,2.302433,MGC,2,2,0,0
7099,1.389678,1.615538,MGC,3,2,0,0
7100,1.302392,1.366420,MGC,2,1,0,0
7101,1.151844,1.576141,MGC,1,7,0,0
7102,1.273358,1.870898,MGC,3,1,0,0
7103,1.337944,1.525460,MGC,1,1,0,0
7104,1.355641,1.521216,MGC,4,1,0,0
7105,1.231012,1.662029,MGC,1,1,0,0
7106,1.148705,1.247241,MGC,2,1,0,0
7107,1.363579,1.490484,MGC,1,1,0,0
7108,1.218812,1.338671,MGC,2,1,0,0
7109,1.615985,1.837065,MGC,2,1,0,0
7110,1.568019,1.126756,HWC,1,1,0,0
7111,1.130269,2.204513,MGC,1,4,0,0
7112,1.473329,1.371386,HWC,2,1,0,0
7113,1.483933,1.368116,HWC,1,1,0,0
7114,2.025358,1.620764,HWC,1,2,0,0
