line_num,role,chunk_idx,n_tokens,low_conf,npr,orig_logrank,mean_p_logrank
1,human,0,25,0,1.062848,4.573545,4.860983
1,lm,0,20,0,1.044254,6.102360,6.372416
10,human,0,128,0,1.082308,4.856807,5.256563
10,human,1,38,0,1.027179,6.475193,6.651181
10,lm,0,57,0,1.127450,4.582610,5.166663
100,human,0,46,0,1.050343,5.810402,6.102912
100,lm,0,25,0,1.036318,7.643285,7.920872
1000,human,0,128,0,1.237828,3.672230,4.545591
1000,human,1,71,0,1.046291,4.910938,5.138271
1000,lm,0,126,0,1.260092,3.218576,4.055703
1004,human,0,95,0,1.094663,3.983384,4.360463
1004,lm,0,74,0,1.268912,2.862058,3.631699
1006,human,0,83,0,1.105653,4.754028,5.256307
1006,lm,0,110,0,1.389367,2.935461,4.078432
1010,human,0,128,0,1.151069,2.894661,3.331955
1010,human,1,128,0,1.096097,3.772243,4.134744
1010,human,2,97,0,1.084759,4.388370,4.760323
1010,lm,0,116,0,1.254220,2.205578,2.766279
1012,human,0,57,0,1.052329,6.582221,6.926663
1012,lm,0,95,0,1.189032,3.911010,4.650317
1013,human,0,128,0,1.233253,3.760822,4.638043
1013,human,1,3,0,1.795847,2.833213,5.088018
1013,lm,0,35,0,1.042501,5.133055,5.351215
1014,human,0,128,0,1.131736,4.643159,5.254831
1014,human,1,94,0,1.087789,4.747692,5.164487
1014,lm,0,48,0,1.189598,3.686167,4.385056
1016,human,0,128,0,1.073185,4.643230,4.983044
1016,human,1,36,0,0.952731,5.100685,4.859582
1016,lm,0,36,0,1.037703,5.881155,6.102893
1022,human,0,55,0,1.090779,4.602329,5.020125
1022,lm,0,11,0,1.016892,7.521712,7.648770
1023,human,0,30,0,1.116075,4.471063,4.990042
1023,lm,0,43,0,1.239284,2.728156,3.380961
1024,human,0,61,0,1.069059,5.560143,5.944119
1024,lm,0,88,0,1.260284,3.895108,4.908944
1025,human,0,58,0,1.093779,4.761160,5.207656
1025,lm,0,128,0,1.392697,2.943278,4.099094
1025,lm,1,4,0,1.001658,7.116322,7.128124
1028,human,0,89,0,1.116491,3.647333,4.072214
1028,lm,0,9,0,1.007480,8.122438,8.183190
103,human,0,111,0,1.186051,2.914821,3.457127
103,lm,0,38,0,1.400709,2.937662,4.114810
1031,human,0,23,0,0.975575,6.858584,6.691065
1031,lm,0,12,0,1.011961,5.372478,5.436737
1032,human,0,128,0,1.245624,2.411294,3.003565
1032,human,1,49,0,1.125256,2.793099,3.142951
1032,lm,0,37,0,1.098405,4.329499,4.755543
1033,human,0,128,0,1.244288,2.880677,3.584392
1033,human,1,128,0,1.179788,3.037112,3.583149
1033,human,2,72,0,1.022857,5.298233,5.419332
1033,lm,0,128,0,1.247394,2.954247,3.685110
1033,lm,1,29,0,1.069981,5.505416,5.890689
1038,human,0,128,0,1.193828,4.030977,4.812293
1038,human,1,128,0,1.065608,4.868286,5.187686
1038,human,2,62,0,1.057826,5.343742,5.652748
1038,lm,0,24,0,1.182574,4.814910,5.693986
104,human,0,128,0,1.128925,4.052807,4.575315
104,human,1,88,0,1.100497,4.591350,5.052769
104,lm,0,28,0,1.209450,4.930302,5.962955
1042,human,0,128,0,1.246386,3.594735,4.480426
1042,human,1,34,0,0.980857,8.268870,8.110582
1042,lm,0,128,0,1.111180,4.057031,4.508090
1042,lm,1,40,0,1.189415,4.561732,5.425791
1043,human,0,110,0,1.325422,2.786032,3.692667
1043,lm,0,16,0,1.082825,6.475587,7.011927
1044,human,0,40,0,1.054217,4.742355,4.999470
1044,lm,0,128,0,1.424395,2.784586,3.966349
1044,lm,1,7,0,1.099480,5.342241,5.873686
1045,human,0,31,0,1.022792,6.068441,6.206754
1045,lm,0,57,0,1.244487,3.232501,4.022805
1046,human,0,128,0,1.231788,2.839546,3.497718
1046,human,1,82,0,1.115978,3.983175,4.445138
1046,lm,0,88,0,1.223493,3.251419,3.978087
1047,human,0,85,0,1.225666,3.332585,4.084636
1047,lm,0,128,0,1.119131,4.659785,5.214909
1047,lm,1,36,0,1.170813,3.645216,4.267865
105,human,0,124,0,1.070851,4.177000,4.472945
105,lm,0,128,0,1.141697,3.627202,4.141165
105,lm,1,107,0,1.383353,2.542099,3.516621
1052,human,0,128,0,1.191814,2.836460,3.380532
1052,human,1,6,0,1.019749,6.899643,7.035907
1052,lm,0,36,0,1.088858,4.793856,5.219828
1058,human,0,34,0,1.101043,4.218320,4.644551
1058,lm,0,7,0,0.997062,7.527724,7.505611
106,human,0,86,0,1.234386,2.366989,2.921778
106,lm,0,98,0,1.251554,2.079224,2.602262
1062,human,0,111,0,1.153211,3.122228,3.600588
1062,lm,0,95,0,1.264363,3.117440,3.941575
1063,human,0,27,0,1.034733,4.857701,5.026424
1063,lm,0,110,0,1.263448,2.666821,3.369390
1064,human,0,128,0,1.226805,3.776484,4.633009
1064,human,1,128,0,1.217666,4.321982,5.262730
1064,human,2,128,0,1.125229,4.386592,4.935921
1064,human,3,128,0,1.329937,3.545906,4.715830
1064,human,4,128,0,1.171232,3.798436,4.448849
1064,human,5,47,0,1.078273,6.380075,6.879462
1064,lm,0,128,0,1.234649,3.268021,4.034861
1064,lm,1,128,0,1.094304,3.493872,3.823359
1064,lm,2,58,0,1.020180,4.921043,5.020348
1066,human,0,128,0,1.134810,2.645937,3.002636
1066,human,1,128,0,1.170478,3.682873,4.310720
1066,human,2,117,0,1.203751,4.298641,5.174493
1066,lm,0,128,0,1.276530,2.830828,3.613638
1066,lm,1,128,0,1.294630,2.663322,3.448018
1066,lm,2,7,0,1.047771,8.305066,8.701805
1068,human,0,10,0,1.000039,6.526125,6.526383
1068,lm,0,102,0,1.211982,2.760513,3.345691
1069,human,0,26,0,0.988704,7.854575,7.765851
1069,lm,0,10,0,1.021594,6.981504,7.132265
1077,human,0,128,0,1.153452,2.728168,3.146810
1077,human,1,128,0,1.115373,2.616777,2.918682
1077,human,2,128,0,1.103122,3.987038,4.398189
1077,human,3,128,0,1.158609,2.873957,3.329791
1077,human,4,128,0,1.212494,3.199406,3.879259
1077,human,5,128,0,1.034885,4.239083,4.386964
1077,human,6,128,0,1.132062,3.206057,3.629454
1077,human,7,116,0,1.205127,3.043946,3.668342
1077,lm,0,128,0,1.423346,2.160514,3.075159
1077,lm,1,128,0,1.258724,3.288256,4.139006
1077,lm,2,73,0,1.225461,3.570808,4.375887
108,human,0,75,0,1.060906,5.537374,5.874634
108,lm,0,11,0,0.988253,8.652190,8.550553
1081,human,0,128,0,1.157119,3.641835,4.214036
1081,human,1,128,0,1.208742,4.637957,5.606093
1081,human,2,128,0,1.165320,3.205816,3.735803
1081,human,3,39,0,0.964455,5.241387,5.055084
1081,lm,0,40,0,1.114871,5.282589,5.889404
1082,human,0,128,0,1.161636,3.543224,4.115937
1082,human,1,18,0,0.978982,6.670387,6.530189
1082,lm,0,128,0,1.250941,2.750626,3.440871
1082,lm,1,74,0,1.106378,3.681361,4.072977
1084,human,0,97,0,1.255567,2.661286,3.341423
1084,lm,0,30,0,1.067952,5.516795,5.891674
1086,human,0,26,0,1.078615,4.970808,5.361586
1086,lm,0,18,0,1.018356,6.305607,6.421350
1087,human,0,38,0,1.099164,4.789989,5.264982
1087,lm,0,11,0,0.997174,8.834847,8.809876
109,human,0,128,0,1.341677,1.828075,2.452686
109,human,1,128,0,1.147457,2.777326,3.186862
109,human,2,128,0,1.087342,3.911701,4.253357
109,human,3,11,0,1.065677,7.117018,7.584444
109,lm,0,128,0,1.200088,2.926737,3.512342
109,lm,1,128,0,1.308796,3.411376,4.464794
109,lm,2,88,0,1.238778,4.374928,5.419566
1090,human,0,93,0,1.089398,1.701884,1.854030
1090,lm,0,19,0,1.110037,5.044009,5.599036
1092,human,0,58,0,1.226854,3.839127,4.710047
1092,lm,0,61,0,1.314834,2.842362,3.737234
1095,human,0,20,0,0.992882,6.957235,6.907714
1095,lm,0,48,0,1.127922,4.461246,5.031936
1100,human,0,78,0,1.091892,4.902647,5.353160
1100,lm,0,24,0,1.052742,5.690398,5.990521
1101,human,0,128,0,1.105272,4.695828,5.190168
1101,human,1,128,0,1.315014,2.109122,2.773525
1101,human,2,128,0,1.085296,3.848038,4.176259
1101,human,3,84,0,1.147141,4.177243,4.791887
1101,lm,0,74,0,1.214184,3.563423,4.326653
1103,human,0,21,0,1.046142,5.568550,5.825492
1103,lm,0,27,0,1.023405,6.663082,6.819033
1107,human,0,14,0,1.042926,5.744565,5.991157
1107,lm,0,10,0,1.045327,7.659544,8.006730
1108,human,0,88,0,1.085312,3.921200,4.255727
1108,lm,0,96,0,1.212297,2.978510,3.610839
1110,human,0,107,0,1.157931,3.190095,3.693910
1110,lm,0,55,0,1.245171,2.896595,3.606757
1112,human,0,58,0,1.108953,2.106069,2.335532
1112,lm,0,18,0,1.075560,4.525830,4.867802
1113,human,0,128,0,1.237062,2.621855,3.243397
1113,human,1,55,0,1.168555,4.013579,4.690089
1113,lm,0,128,0,1.172018,2.659093,3.116506
1113,lm,1,34,0,1.165129,4.257394,4.960415
1117,human,0,18,0,0.997283,3.676695,3.666705
1117,lm,0,14,0,1.150568,3.962924,4.559616
1118,human,0,128,0,1.095155,4.531067,4.962222
1118,human,1,128,0,1.245264,2.134855,2.658459
1118,human,2,128,0,1.122937,2.392755,2.686913
1118,human,3,128,0,1.221880,1.722494,2.104681
1118,human,4,88,0,1.108140,4.167276,4.617925
1118,lm,0,128,0,1.241958,3.129342,3.886511
1118,lm,1,128,0,1.152478,3.486051,4.017595
1118,lm,2,128,0,1.178526,3.666419,4.320969
1118,lm,3,95,0,1.025217,3.940071,4.039428
1121,human,0,57,0,1.132058,4.409277,4.991559
1121,lm,0,17,0,1.067261,6.518785,6.957245
1122,human,0,128,0,1.212386,2.983903,3.617642
1122,human,1,128,0,1.031283,4.297301,4.431732
1122,human,2,19,0,1.076119,4.655347,5.009707
1122,lm,0,64,0,1.293452,3.457090,4.471581
1123,human,0,128,0,1.092776,2.167428,2.368512
1123,human,1,47,0,1.090111,5.444068,5.934636
1123,lm,0,30,0,1.117110,3.411759,3.811310
1124,human,0,36,0,0.991592,5.995286,5.944877
1124,lm,0,20,0,1.042857,6.788043,7.078958
1126,human,0,128,0,1.138638,3.626195,4.128924
1126,human,1,79,0,1.093658,4.669589,5.106935
1126,lm,0,34,0,1.199092,4.539833,5.443677
1128,human,0,15,0,1.041118,5.220389,5.435040
1128,lm,0,64,0,1.233970,4.601594,5.678228
113,human,0,16,0,1.074414,4.456452,4.788074
113,lm,0,7,0,1.059282,5.196775,5.504849
1137,human,0,128,0,1.135836,4.101953,4.659144
1137,human,1,2,0,0.932920,11.772501,10.982804
1137,lm,0,107,0,1.298786,2.808736,3.647948
1140,human,0,128,0,1.126513,2.897959,3.264589
1140,human,1,128,0,1.065036,4.881397,5.198864
1140,human,2,128,0,1.131999,3.774668,4.272921
1140,human,3,12,0,0.993883,9.034595,8.979334
1140,lm,0,128,0,1.217418,3.044564,3.706509
1140,lm,1,108,0,1.428339,2.301559,3.287406
1141,human,0,72,0,1.027942,5.849394,6.012835
1141,lm,0,11,0,1.022598,5.851173,5.983399
1143,human,0,50,0,1.084592,4.377802,4.748128
1143,lm,0,28,0,1.093405,4.210254,4.603514
1144,human,0,31,0,0.994448,5.676495,5.644980
1144,lm,0,71,0,1.167673,4.446026,5.191503
1145,human,0,36,0,1.079317,4.441655,4.793956
1145,lm,0,6,0,1.008397,7.606030,7.669894
1146,human,0,47,0,1.075664,4.786747,5.148932
1146,lm,0,23,0,1.074098,6.346676,6.816949
1148,human,0,128,0,1.113173,3.846720,4.282066
1148,human,1,70,0,1.122100,4.648469,5.216050
1148,lm,0,123,0,1.307423,2.358847,3.084011
1149,human,0,128,0,1.239960,3.756391,4.657774
1149,human,1,105,0,1.126048,4.502094,5.069575
1149,lm,0,128,0,1.228013,3.473281,4.265236
1149,lm,1,128,0,1.062319,4.185586,4.446428
1149,lm,2,56,0,1.049891,6.403461,6.722937
115,human,0,28,0,1.036431,5.987411,6.205538
115,lm,0,128,0,1.263012,2.983399,3.768069
115,lm,1,1,0,nan,nan,nan
1150,human,0,48,0,1.143834,3.330052,3.809026
1150,lm,0,38,0,1.204814,3.080223,3.711094
1152,human,0,101,0,1.200172,3.276570,3.932446
1152,lm,0,43,0,1.134314,4.303115,4.881082
1153,human,0,128,0,1.033733,4.903174,5.068575
1153,human,1,104,0,1.235691,1.964818,2.427907
1153,lm,0,61,0,1.231539,4.068047,5.009959
1156,human,0,22,0,0.998234,6.104028,6.093249
1156,lm,0,49,0,1.104732,4.382420,4.841401
1157,human,0,53,0,1.104388,3.533897,3.902792
1157,lm,0,125,0,1.422972,2.690356,3.828300
1164,human,0,30,0,1.090766,4.238935,4.623687
1164,lm,0,128,0,1.254058,3.561182,4.465930
1164,lm,1,128,0,1.265176,3.141844,3.974985
1164,lm,2,128,0,1.259444,3.249511,4.092578
1164,lm,3,8,0,0.998691,5.984265,5.976432
1165,human,0,128,0,1.154783,3.454164,3.988810
1165,human,1,128,0,1.139043,4.203892,4.788415
1165,human,2,128,0,1.068563,5.338518,5.704541
1165,human,3,128,0,1.014652,5.284181,5.361602
1165,human,4,128,0,1.037840,5.508809,5.717263
1165,human,5,39,0,1.076749,4.702252,5.063145
1165,lm,0,42,0,1.065037,5.009504,5.335306
1167,human,0,72,0,1.159232,3.469506,4.021963
1167,lm,0,128,0,1.130889,4.391829,4.966671
1167,lm,1,75,0,1.030419,4.248587,4.377823
117,human,0,46,0,1.036857,5.158857,5.348997
117,lm,0,71,0,1.213757,3.427716,4.160416
1170,human,0,128,0,1.125227,3.956133,4.451548
1170,human,1,128,0,1.096344,3.570293,3.914271
1170,human,2,128,0,1.072518,4.126853,4.426125
1170,human,3,128,0,1.096305,3.259970,3.573922
1170,human,4,128,0,1.182579,2.840193,3.358754
1170,human,5,4,0,0.996748,6.821054,6.798873
1170,lm,0,128,0,1.229747,2.949047,3.626582
1170,lm,1,117,0,1.164296,2.938645,3.421453
1171,human,0,128,0,1.132137,2.729395,3.090050
1171,human,1,114,0,1.145435,2.134489,2.444918
1171,lm,0,93,0,1.304899,2.615678,3.413195
1172,human,0,128,0,1.047510,5.226238,5.474539
1172,human,1,63,0,1.074847,5.587012,6.005182
1172,lm,0,19,0,1.034033,4.956740,5.125435
1173,human,0,128,0,1.198682,2.631615,3.154470
1173,human,1,128,0,1.116618,2.328064,2.599559
1173,human,2,4,0,1.024571,9.143753,9.368422
1173,lm,0,97,0,2.031786,1.511280,3.070597
1176,human,0,33,0,1.081008,4.277945,4.624494
1176,lm,0,30,0,1.184866,4.199807,4.976210
1178,human,0,68,0,1.085820,4.823239,5.237170
1178,lm,0,111,0,1.380342,1.798258,2.482211
118,human,0,128,0,1.086026,4.101054,4.453851
118,human,1,128,0,1.145937,3.078722,3.528021
118,human,2,128,0,1.166554,4.561929,5.321738
118,human,3,128,0,1.115841,5.498563,6.135524
118,human,4,128,0,1.030224,4.982501,5.133094
118,human,5,128,0,1.081055,4.137448,4.472808
118,human,6,128,0,1.059247,5.057514,5.357159
118,human,7,44,0,1.049158,6.231253,6.537568
118,lm,0,67,0,1.152514,4.599431,5.300909
1180,human,0,37,0,1.110640,4.080541,4.532011
1180,lm,0,35,0,1.121930,5.207415,5.842357
1183,human,0,128,0,1.141731,2.876414,3.284092
1183,human,1,73,0,1.282004,3.627063,4.649910
1183,lm,0,128,0,1.184867,2.328154,2.758554
1183,lm,1,24,0,1.052566,5.422144,5.707162
1184,human,0,128,0,1.452591,2.069198,3.005699
1184,human,1,88,0,1.367520,2.678006,3.662227
1184,lm,0,64,0,1.268017,2.750662,3.487886
1185,human,0,128,0,1.097808,3.331194,3.657013
1185,human,1,128,0,1.088124,4.290577,4.668681
1185,human,2,12,0,1.032331,6.685003,6.901138
1185,lm,0,103,0,1.211198,3.333658,4.037720
1187,human,0,128,0,1.065219,4.534194,4.829908
1187,human,1,128,0,1.050401,4.513090,4.740554
1187,human,2,128,0,1.108502,4.413525,4.892403
1187,human,3,40,0,1.104859,5.050784,5.580405
1187,lm,0,11,0,1.001624,6.627701,6.638465
1189,human,0,86,0,1.208439,2.995789,3.620228
1189,lm,0,120,0,1.231528,3.178385,3.914270
119,human,0,106,0,1.256832,3.698371,4.648233
119,lm,0,5,0,1.028070,5.530140,5.685371
1190,human,0,128,0,1.097233,3.424627,3.757613
1190,human,1,128,0,1.032052,3.563059,3.677263
1190,human,2,26,0,1.038025,6.832987,7.092810
1190,lm,0,128,0,1.163795,3.884330,4.520563
1190,lm,1,128,0,1.085691,3.750117,4.071469
1190,lm,2,85,0,1.200737,3.340884,4.011524
1192,human,0,12,0,1.085754,5.146894,5.588262
1192,lm,0,24,0,1.165832,4.030529,4.698922
1193,human,0,31,0,1.029363,5.072758,5.221708
1193,lm,0,80,0,1.187564,4.517400,5.364700
1195,human,0,128,0,1.177875,4.346511,5.119648
1195,human,1,33,0,1.042633,7.065919,7.367160
1195,lm,0,88,0,1.189197,3.965773,4.716085
1197,human,0,65,0,1.063539,5.331650,5.670415
1197,lm,0,46,0,1.196268,4.748145,5.680054
1198,human,0,128,0,1.307546,2.226244,2.910917
1198,human,1,128,0,1.119598,3.200677,3.583470
1198,human,2,89,0,1.060618,3.877405,4.112445
1198,lm,0,93,0,1.176790,3.052680,3.592362
1201,human,0,37,0,1.133064,4.079402,4.622225
1201,lm,0,47,0,1.232182,3.594884,4.429551
1204,human,0,128,0,1.095183,4.164056,4.560405
1204,human,1,112,0,1.028698,5.013513,5.157390
1204,lm,0,30,0,1.121764,5.886140,6.602862
1205,human,0,122,0,1.028363,4.963031,5.103797
1205,lm,0,67,0,1.094409,4.391966,4.806609
1207,human,0,128,0,1.117817,2.885347,3.225290
1207,human,1,128,0,1.212824,3.115220,3.778214
1207,human,2,1,0,1.000000,4.584968,4.584968
1207,lm,0,80,0,1.342585,2.233452,2.998598
1208,human,0,128,0,1.062512,3.152232,3.349284
1208,human,1,74,0,1.070180,4.828359,5.167212
1208,lm,0,83,0,1.090557,4.189009,4.568354
1209,human,0,88,0,1.071743,3.062175,3.281864
1209,lm,0,23,0,1.025628,4.254412,4.363442
121,human,0,65,0,1.116910,3.268997,3.651176
121,lm,0,128,0,1.348094,3.275402,4.415548
121,lm,1,14,0,1.033397,6.244614,6.453164
1210,human,0,128,0,1.204785,3.340440,4.024512
1210,human,1,17,0,0.982000,5.469510,5.371056
1210,lm,0,57,0,1.199430,3.222101,3.864685
1211,human,0,107,0,1.214698,3.248828,3.946344
1211,lm,0,128,0,1.524490,1.835331,2.797944
1211,lm,1,15,0,1.021629,6.582342,6.724710
1218,human,0,68,0,1.191047,4.104487,4.888638
1218,lm,0,70,0,1.195328,3.678221,4.396678
1222,human,0,128,0,1.209617,3.397142,4.109241
1222,human,1,50,0,1.165329,4.292588,5.002275
1222,lm,0,99,0,1.375995,2.563599,3.527499
1227,human,0,128,0,1.224120,3.154396,3.861360
1227,human,1,128,0,1.172260,4.231468,4.960380
1227,human,2,128,0,1.086847,3.951789,4.294991
1227,human,3,128,0,1.083073,4.549145,4.927057
1227,human,4,52,0,1.060345,5.240928,5.557191
1227,lm,0,95,0,1.194547,4.333526,5.176599
1230,human,0,67,0,1.085658,4.824338,5.237582
1230,lm,0,12,0,0.996618,7.447107,7.421918
1232,human,0,128,0,1.196158,3.367663,4.028256
1232,human,1,61,0,1.126603,3.402389,3.833143
1232,lm,0,67,0,1.152690,3.362213,3.875588
1233,human,0,35,0,1.118375,4.552975,5.091934
1233,lm,0,128,0,1.402883,2.240988,3.143844
1233,lm,1,128,0,1.182458,3.003725,3.551778
1233,lm,2,8,0,1.050403,6.243022,6.557688
1234,human,0,113,0,1.153252,4.144396,4.779534
1234,lm,0,82,0,1.298221,2.870861,3.727011
1238,human,0,22,0,1.094412,5.224563,5.717826
1238,lm,0,32,0,1.236095,4.331455,5.354089
1239,human,0,46,0,1.061736,4.750843,5.044139
1239,lm,0,128,0,1.210198,3.669284,4.440559
1239,lm,1,41,0,1.039618,5.932594,6.167634
124,human,0,128,0,1.063402,5.571713,5.924974
124,human,1,128,0,1.099671,5.299935,5.828183
124,human,2,44,0,1.024962,7.203276,7.383084
124,lm,0,78,0,1.163151,4.213351,4.900766
1243,human,0,59,0,1.073962,5.683565,6.103931
1243,lm,0,24,0,1.136221,4.698573,5.338616
1244,human,0,62,0,1.084958,4.813413,5.222351
1244,lm,0,30,0,1.024844,5.382227,5.515945
1245,human,0,108,0,1.167271,3.514112,4.101921
1245,lm,0,128,0,1.294349,2.940441,3.805956
1245,lm,1,85,0,1.203501,2.774568,3.339195
1246,human,0,59,0,1.103168,4.786636,5.280465
1246,lm,0,26,0,1.192191,3.438540,4.099397
1247,human,0,32,0,1.083764,6.168595,6.685301
1247,lm,0,36,0,1.292961,3.418080,4.419444
1249,human,0,30,0,1.082505,4.737177,5.128017
1249,lm,0,36,0,1.118953,3.814000,4.267687
125,human,0,31,0,1.101509,3.367405,3.709227
125,lm,0,9,0,1.184249,5.865771,6.946531
1251,human,0,13,0,1.065142,4.905874,5.225453
1251,lm,0,23,0,0.986964,7.351776,7.255940
1253,human,0,128,0,1.120150,3.219367,3.606173
1253,human,1,52,0,1.109876,5.505143,6.110026
1253,lm,0,17,0,1.013197,5.010239,5.076358
1254,human,0,32,0,1.091545,3.897365,4.254148
1254,lm,0,74,0,1.373786,1.964394,2.698658
1255,human,0,13,0,1.066695,5.188612,5.534665
1255,lm,0,16,0,1.011283,5.858915,5.925024
1257,human,0,53,0,1.072623,5.037236,5.403055
1257,lm,0,15,0,1.048819,5.883559,6.170789
1258,human,0,24,0,1.054420,4.718672,4.975464
1258,lm,0,70,0,1.254142,2.734014,3.428842
1259,human,0,124,0,1.098719,3.217199,3.534797
1259,lm,0,62,0,1.339288,2.772969,3.713805
126,human,0,21,0,1.027441,5.960085,6.123636
126,lm,0,28,0,1.051708,6.132728,6.449836
1261,human,0,128,0,1.127074,3.443268,3.880819
1261,human,1,36,0,1.054946,4.308517,4.545253
1261,lm,0,109,0,1.306070,2.312880,3.020783
1263,human,0,128,0,1.121302,4.090531,4.586718
1263,human,1,128,0,1.139630,3.344057,3.810987
1263,human,2,13,0,0.992809,8.390496,8.330160
1263,lm,0,83,0,1.240699,2.380908,2.953992
1264,human,0,46,0,0.990888,6.396931,6.338641
1264,lm,0,122,0,1.199271,1.703311,2.042730
1265,human,0,128,0,1.181796,3.275871,3.871412
1265,human,1,128,0,1.028889,4.830221,4.969760
1265,human,2,128,0,0.981687,5.343657,5.245799
1265,human,3,128,0,1.130885,3.389462,3.833092
1265,human,4,128,0,1.140903,2.343568,2.673784
1265,human,5,11,0,0.983989,8.341058,8.207509
1265,lm,0,128,0,1.126987,3.461859,3.901471
1265,lm,1,38,0,1.013204,6.538188,6.624516
1266,human,0,87,0,1.118669,4.004388,4.479584
1266,lm,0,70,0,1.180355,3.646589,4.304269
1267,human,0,119,0,1.150056,3.528830,4.058351
1267,lm,0,17,0,0.989794,5.475776,5.419891
127,human,0,128,0,1.174318,4.004799,4.702908
127,human,1,88,0,1.140059,3.349551,3.818687
127,lm,0,13,0,1.069548,6.551848,7.007516
1270,human,0,128,0,1.219720,3.220421,3.928012
1270,human,1,36,0,1.104297,5.202532,5.745139
1270,lm,0,97,0,1.221313,3.674415,4.487612
1272,human,0,128,0,1.040568,4.461744,4.642747
1272,human,1,128,0,1.052617,4.515606,4.753203
1272,human,2,128,0,1.046631,4.035153,4.223315
1272,human,3,71,0,1.022323,5.246938,5.364066
1272,lm,0,106,0,1.273537,3.148057,4.009166
1273,human,0,128,0,1.135866,2.704011,3.071394
1273,human,1,74,0,1.140125,4.663288,5.316729
1273,lm,0,128,0,1.135686,3.582487,4.068582
1273,lm,1,37,0,1.050440,7.025664,7.380036
1275,human,0,32,0,1.050302,4.985245,5.236014
1275,lm,0,76,0,1.181574,3.903893,4.612740
1276,human,0,89,0,1.222710,3.290644,4.023502
1276,lm,0,19,0,1.162868,3.127911,3.637348
1278,human,0,128,0,1.237951,2.991055,3.702778
1278,human,1,77,0,1.130781,2.942338,3.327140
1278,lm,0,83,0,1.324133,2.624547,3.475249
1279,human,0,32,0,1.120223,4.854365,5.437973
1279,lm,0,30,0,1.124198,5.281470,5.937417
1280,human,0,128,0,1.209062,3.938356,4.761716
1280,human,1,27,0,1.058321,6.732046,7.124667
1280,lm,0,85,0,1.345710,3.530306,4.750769
1281,human,0,57,0,1.095025,5.478580,5.999184
1281,lm,0,56,0,1.243738,3.496914,4.349246
1283,human,0,62,0,1.214367,4.520960,5.490106
1283,lm,0,44,0,1.106674,4.796076,5.307695
1284,human,0,84,0,1.182725,2.811268,3.324957
1284,lm,0,38,0,1.243524,3.794369,4.718389
1286,human,0,128,0,1.123196,4.296925,4.826288
1286,human,1,128,0,0.992792,5.248360,5.210529
1286,human,2,120,0,1.087397,4.489477,4.881845
1286,lm,0,128,0,1.160434,3.505300,4.067668
1286,lm,1,128,0,1.062445,3.685625,3.915774
1286,lm,2,46,0,1.063806,6.334462,6.738638
129,human,0,72,0,1.085177,3.471569,3.767267
129,lm,0,39,0,1.121466,3.048780,3.419105
1290,human,0,128,0,1.185941,3.605987,4.276487
1290,human,1,128,0,1.130625,5.143893,5.815813
1290,human,2,128,0,1.068186,4.405986,4.706414
1290,human,3,21,0,0.979365,8.505092,8.329592
1290,lm,0,78,0,1.191858,3.396585,4.048246
1293,human,0,70,0,1.153553,4.445613,5.128251
1293,lm,0,31,0,1.194571,3.913066,4.674437
1294,human,0,60,0,1.143367,3.484578,3.984151
1294,lm,0,60,0,1.304057,2.468385,3.218917
1295,human,0,77,0,1.261705,3.075303,3.880126
1295,lm,0,21,0,1.086051,5.592557,6.073800
1296,human,0,114,0,1.111730,3.966146,4.409281
1296,lm,0,15,0,1.128715,5.212145,5.883025
1297,human,0,35,0,1.047396,5.338225,5.591237
1297,lm,0,20,0,0.989906,7.093307,7.021710
130,human,0,117,0,1.148570,3.212554,3.689842
130,lm,0,128,0,1.382273,2.407080,3.327241
130,lm,1,128,0,1.314821,2.780045,3.655262
130,lm,2,94,0,1.178120,3.932339,4.632768
1302,human,0,128,0,1.120419,3.792537,4.249231
1302,human,1,43,0,1.076507,3.867351,4.163230
1302,lm,0,17,0,1.006109,4.563856,4.591735
1303,human,0,111,0,1.204603,3.128502,3.768603
1303,lm,0,105,0,1.432844,2.370245,3.396191
1305,human,0,53,0,1.199385,3.074277,3.687241
1305,lm,0,63,0,1.233503,3.118246,3.846364
1308,human,0,107,0,1.285964,3.397584,4.369172
1308,lm,0,11,0,1.226080,6.187502,7.586371
131,human,0,101,0,1.146445,3.067903,3.517182
131,lm,0,37,0,1.288917,3.244118,4.181398
1310,human,0,128,0,1.533645,1.761262,2.701150
1310,human,1,128,0,1.351457,2.368675,3.201162
1310,human,2,128,0,1.584083,1.926250,3.051340
1310,human,3,39,0,1.118249,4.690666,5.245331
1310,lm,0,21,0,1.037876,5.293918,5.494430
1313,human,0,33,0,1.234130,3.437237,4.241999
1313,lm,0,42,0,1.261596,3.069222,3.872118
1315,human,0,39,0,1.016461,5.360481,5.448722
1315,lm,0,57,0,1.110299,4.917067,5.459414
132,human,0,78,0,1.162713,3.732954,4.340354
132,lm,0,128,0,1.288187,2.984166,3.844163
132,lm,1,53,0,1.107385,3.923834,4.345195
1320,human,0,128,0,1.284074,2.845044,3.653248
1320,human,1,116,0,1.160430,4.035161,4.682522
1320,lm,0,28,0,1.113679,4.839863,5.390055
1322,human,0,41,0,1.230682,2.691077,3.311860
1322,lm,0,29,0,1.168323,3.565327,4.165453
1323,human,0,128,0,1.194223,4.384079,5.235567
1323,human,1,23,0,1.052995,5.081695,5.351002
1323,lm,0,73,0,1.179262,3.547977,4.183994
1324,human,0,128,0,1.322560,2.716978,3.593365
1324,human,1,128,0,1.149970,3.165334,3.640037
1324,human,2,128,0,1.108392,3.013166,3.339769
1324,human,3,13,0,1.093989,5.779320,6.322511
1324,lm,0,128,0,1.488895,1.886790,2.809232
1324,lm,1,78,0,1.142574,3.723557,4.254438
1329,human,0,94,0,1.219937,3.354793,4.092638
1329,lm,0,11,0,1.009709,6.629077,6.693440
1331,human,0,74,0,1.268630,3.517456,4.462351
1331,lm,0,44,0,1.197165,3.808921,4.559907
1332,human,0,90,0,1.252198,2.532886,3.171674
1332,lm,0,22,0,1.159858,3.650255,4.233777
1334,human,0,55,0,1.104935,4.482240,4.952584
1334,lm,0,128,0,1.223524,3.488525,4.268296
1334,lm,1,128,0,1.674160,1.256764,2.104024
1334,lm,2,128,0,1.262819,2.151734,2.717251
1334,lm,3,20,0,1.046465,7.058593,7.386572
1335,human,0,128,0,1.129624,3.894353,4.399156
1335,human,1,128,0,1.193223,3.178392,3.792531
1335,human,2,128,0,1.168043,4.068679,4.752391
1335,human,3,83,0,1.118959,4.729512,5.292129
1335,lm,0,128,0,1.172225,3.479484,4.078738
1335,lm,1,19,0,0.990913,7.017496,6.953724
1336,human,0,9,0,1.034073,5.798953,5.996543
1336,lm,0,12,0,1.104588,4.698513,5.189921
1337,human,0,127,0,1.183561,3.058897,3.620391
1337,lm,0,16,0,1.100105,6.486845,7.136210
134,human,0,128,0,1.460213,2.689798,3.927679
134,human,1,128,0,1.085145,5.013812,5.440712
134,human,2,105,0,1.027707,5.146467,5.289062
134,lm,0,128,0,1.342439,2.168697,2.911343
134,lm,1,68,0,1.220757,2.930743,3.577725
1342,human,0,39,0,1.123030,4.008404,4.501559
1342,lm,0,26,0,1.082194,3.858465,4.175607
1345,human,0,34,0,1.039025,6.057270,6.293655
1345,lm,0,34,0,1.064609,4.257023,4.532067
1347,human,0,37,0,1.067901,5.474498,5.846223
1347,lm,0,17,0,1.031316,6.704819,6.914788
1349,human,0,128,0,1.113396,3.045645,3.391009
1349,human,1,128,0,1.153198,3.700729,4.267675
1349,human,2,75,0,1.133271,3.395844,3.848412
1349,lm,0,112,0,1.338862,2.832317,3.792083
1350,human,0,128,0,1.000236,4.776537,4.777667
1350,human,1,128,0,1.099385,4.812490,5.290779
1350,human,2,11,0,1.011466,8.357411,8.453239
1350,lm,0,32,0,1.070885,3.613499,3.869642
1351,human,0,128,0,1.144072,3.950609,4.519783
1351,human,1,42,0,1.076317,6.086910,6.551446
1351,lm,0,77,0,1.275332,2.548254,3.249869
1352,human,0,128,0,1.092279,3.756130,4.102740
1352,human,1,128,0,1.043853,4.386835,4.579211
1352,human,2,11,0,1.023168,7.210991,7.378053
1352,lm,0,128,0,1.470167,2.130068,3.131555
1352,lm,1,12,0,0.959840,8.117929,7.791910
1354,human,0,45,0,1.085960,5.020323,5.451868
1354,lm,0,35,0,1.047491,6.288177,6.586810
1357,human,0,46,0,1.057022,4.541989,4.800985
1357,lm,0,24,0,1.001881,6.681440,6.694009
1358,human,0,105,0,1.171509,3.684502,4.316428
1358,lm,0,125,0,1.424362,2.512309,3.578438
1360,human,0,87,0,1.264587,3.788603,4.791019
1360,lm,0,11,0,0.983448,8.807498,8.661719
1363,human,0,9,0,1.062303,5.915838,6.284413
1363,lm,0,83,0,1.498097,1.682665,2.520795
1365,human,0,15,0,1.039402,4.424388,4.598716
1365,lm,0,91,0,1.284457,3.108374,3.992572
1366,human,0,128,0,1.145971,5.009990,5.741305
1366,human,1,81,0,1.260430,3.033584,3.823620
1366,lm,0,45,0,1.108494,4.581478,5.078541
1367,human,0,39,0,1.056589,4.750966,5.019820
1367,lm,0,34,0,1.051551,5.487715,5.770613
137,human,0,37,0,1.130724,4.489493,5.076379
137,lm,0,27,0,1.181586,3.753965,4.435631
1370,human,0,39,0,1.042200,7.171931,7.474584
1370,lm,0,11,0,1.052614,5.761646,6.064788
1371,human,0,128,0,1.348435,1.355023,1.827160
1371,human,1,128,0,1.343235,1.117597,1.501195
1371,human,2,128,0,1.328169,1.072672,1.424689
1371,human,3,128,0,1.360497,0.964825,1.312642
1371,human,4,17,0,1.057486,6.879333,7.274799
1371,lm,0,128,0,1.213850,3.013876,3.658393
1371,lm,1,128,0,1.343752,2.901777,3.899269
1371,lm,2,128,0,1.288320,2.728989,3.515810
1371,lm,3,39,0,1.086362,4.421749,4.803622
1372,human,0,128,0,1.131291,3.667946,4.149514
1372,human,1,128,0,1.146870,2.981557,3.419457
1372,human,2,113,0,1.042646,4.209651,4.389176
1372,lm,0,128,0,1.230825,2.410969,2.967479
1372,lm,1,128,0,1.160534,3.260041,3.783387
1372,lm,2,22,0,1.150977,3.925172,4.517782
1373,human,0,128,0,1.070891,4.385543,4.696440
1373,human,1,128,0,1.243472,3.231855,4.018722
1373,human,2,24,0,1.044710,5.897937,6.161637
1373,lm,0,128,0,1.415625,2.906438,4.114425
1373,lm,1,58,0,1.109715,4.001354,4.440364
1374,human,0,48,0,1.176960,3.746809,4.409844
1374,lm,0,70,0,1.095314,4.334837,4.748006
1375,human,0,66,0,1.149858,4.102484,4.717275
1375,lm,0,128,0,1.096860,3.566927,3.912418
1375,lm,1,44,0,1.132690,5.834116,6.608245
1379,human,0,128,0,1.191393,2.598450,3.095777
1379,human,1,128,0,1.024942,4.771985,4.891006
1379,human,2,128,0,1.248464,2.964426,3.700980
1379,human,3,128,0,1.201360,2.982075,3.582546
1379,human,4,128,0,1.186589,2.491019,2.955815
1379,human,5,19,0,1.124932,4.270272,4.803766
1379,lm,0,128,0,1.274901,2.390755,3.047977
1379,lm,1,128,0,1.211017,2.977078,3.605292
1379,lm,2,86,0,1.070888,2.715371,2.907858
1381,human,0,89,0,1.135657,3.509379,3.985450
1381,lm,0,15,0,0.998706,6.897627,6.888703
1382,human,0,14,0,1.033217,6.154270,6.358699
1382,lm,0,10,0,1.002039,10.950632,10.972962
1384,human,0,122,0,1.237200,2.919803,3.612379
1384,lm,0,44,0,1.245660,3.751766,4.673426
1385,human,0,46,0,1.226069,3.610677,4.426939
1385,lm,0,69,0,1.235406,3.045290,3.762169
1388,human,0,90,0,1.236854,3.050256,3.772721
1388,lm,0,15,0,1.063613,6.563303,6.980813
139,human,0,62,0,1.079151,3.652941,3.942074
139,lm,0,19,0,1.029257,5.315205,5.470714
1390,human,0,53,0,1.208374,4.257138,5.144217
1390,lm,0,11,0,1.029864,6.724350,6.925168
1391,human,0,21,0,1.030480,6.647574,6.850195
1391,lm,0,10,0,1.024321,6.949192,7.118201
1392,human,0,53,0,1.127952,3.342571,3.770260
1392,lm,0,11,0,1.041662,6.005743,6.255954
1393,human,0,128,0,1.347858,2.245161,3.026158
1393,human,1,2,0,1.031778,5.472089,5.645981
1393,lm,0,9,0,0.973277,7.898769,7.687694
1394,human,0,96,0,1.062108,4.336701,4.606044
1394,lm,0,128,0,1.213304,3.489653,4.234011
1394,lm,1,110,0,1.098959,3.496850,3.842896
1397,human,0,92,0,1.135066,3.146516,3.571504
1397,lm,0,45,0,1.121653,4.398385,4.933463
1398,human,0,47,0,1.099328,4.059703,4.462944
1398,lm,0,25,0,1.029412,5.696958,5.864519
14,human,0,128,0,1.214878,3.176015,3.858471
14,human,1,128,0,1.192434,4.097656,4.886183
14,human,2,22,0,0.990597,7.446317,7.376295
14,lm,0,38,0,1.087391,4.546946,4.944308
140,human,0,43,0,1.106449,5.734478,6.344907
140,lm,0,48,0,1.356684,3.546156,4.811015
1404,human,0,112,0,1.164289,2.709658,3.154824
1404,lm,0,109,0,1.257521,1.728155,2.173191
1405,human,0,128,0,1.141437,3.330470,3.801523
1405,human,1,128,0,1.219208,2.823687,3.442662
1405,human,2,4,0,0.979707,6.572088,6.438720
1405,lm,0,128,0,1.307599,3.085881,4.035094
1405,lm,1,26,0,1.124697,6.076266,6.833955
1406,human,0,128,0,1.143024,3.597148,4.111627
1406,human,1,128,0,1.279965,2.513857,3.217648
1406,human,2,56,0,1.135071,4.045779,4.592248
1406,lm,0,27,0,1.067892,5.524447,5.899511
1407,human,0,128,0,1.070350,4.001255,4.282743
1407,human,1,7,0,1.021490,8.337107,8.516269
1407,lm,0,53,0,1.119699,4.901071,5.487725
1409,human,0,83,0,1.156821,3.585811,4.148143
1409,lm,0,128,0,1.258263,3.916337,4.927780
1409,lm,1,39,0,1.209637,4.285409,5.183789
141,human,0,19,0,1.080604,5.224962,5.646116
141,lm,0,6,0,1.065224,4.377300,4.662804
1410,human,0,128,0,1.187578,3.274006,3.888137
1410,human,1,128,0,1.168397,2.594666,3.031601
1410,human,2,59,0,1.109926,5.609284,6.225890
1410,lm,0,96,0,1.113408,4.239027,4.719766
1411,human,0,40,0,1.125108,3.868060,4.351984
1411,lm,0,35,0,1.141027,4.517774,5.154904
1412,human,0,61,0,1.089645,5.126741,5.586330
1412,lm,0,10,0,0.991798,10.185061,10.101525
1415,human,0,16,0,1.055825,5.070233,5.353281
1415,lm,0,54,0,1.344168,3.193490,4.292587
1416,human,0,128,0,1.241063,2.171740,2.695265
1416,human,1,128,0,1.264287,2.271271,2.871540
1416,human,2,60,0,0.975989,5.887048,5.745695
1416,lm,0,44,0,1.154289,3.955181,4.565421
1418,human,0,35,0,1.070430,5.355515,5.732702
1418,lm,0,43,0,1.180172,3.993971,4.713571
1419,human,0,128,0,1.130638,3.644552,4.120667
1419,human,1,128,0,1.147732,3.469107,3.981606
1419,human,2,10,0,1.003394,7.828485,7.855054
1419,lm,0,128,0,1.331407,2.681615,3.570320
1419,lm,1,128,0,1.240412,2.281829,2.830408
1419,lm,2,128,0,1.220616,2.175219,2.655107
1419,lm,3,18,0,1.148123,3.539560,4.063848
142,human,0,128,0,1.137951,4.077189,4.639640
142,human,1,128,0,1.092766,4.361670,4.766284
142,human,2,128,0,1.143979,3.455689,3.953234
142,human,3,33,0,1.013422,5.845943,5.924406
142,lm,0,128,0,1.498593,2.343543,3.512016
142,lm,1,85,0,1.090486,3.738832,4.077142
1421,human,0,43,0,1.056920,5.983649,6.324238
1421,lm,0,49,0,1.087495,4.583513,4.984548
1422,human,0,128,0,1.187424,3.148028,3.738043
1422,human,1,39,0,1.151286,4.257152,4.901200
1422,lm,0,16,0,1.080006,6.522831,7.044700
1423,human,0,74,0,1.090763,4.729296,5.158543
1423,lm,0,103,0,1.105417,4.442936,4.911295
1424,human,0,128,0,1.048116,3.888658,4.075765
1424,human,1,128,0,1.072337,4.046164,4.338850
1424,human,2,128,0,1.010464,5.383003,5.439333
1424,human,3,128,0,0.979871,5.293079,5.186537
1424,human,4,128,0,1.011283,4.612658,4.664703
1424,human,5,128,0,0.969216,5.561465,5.390263
1424,human,6,128,0,1.077476,5.001377,5.388865
1424,human,7,128,0,1.112168,2.624146,2.918493
1424,human,8,128,0,1.023753,5.156220,5.278694
1424,human,9,128,0,1.076573,4.047835,4.357789
1424,human,10,128,0,1.089015,4.602139,5.011800
1424,human,11,97,0,1.100701,4.102370,4.515484
1424,lm,0,128,0,1.226747,3.297676,4.045413
1424,lm,1,128,0,1.079524,5.053478,5.455349
1424,lm,2,90,0,1.140634,4.030901,4.597781
1425,human,0,59,0,1.119074,4.248705,4.754613
1425,lm,0,75,0,1.276553,2.794641,3.567507
1427,human,0,128,0,1.115962,3.529150,3.938399
1427,human,1,128,0,1.071275,3.179379,3.405988
1427,human,2,128,0,1.086412,2.809551,3.052330
1427,human,3,117,0,1.109051,2.606179,2.890385
1427,lm,0,10,0,1.034474,7.916701,8.189625
143,human,0,128,0,1.246194,2.323453,2.895474
143,human,1,128,0,1.068504,4.115930,4.397889
143,human,2,52,0,1.119521,3.835699,4.294148
143,lm,0,128,0,1.345338,1.328839,1.787738
143,lm,1,48,0,1.186703,2.447560,2.904527
1431,human,0,85,0,1.027225,5.141744,5.281727
1431,lm,0,44,0,1.027408,5.190216,5.332472
1433,human,0,55,0,1.344947,3.260775,4.385569
1433,lm,0,5,0,1.016321,7.189975,7.307322
1441,human,0,31,0,1.078088,4.985725,5.375050
1441,lm,0,128,0,1.263869,3.374611,4.265068
1441,lm,1,77,0,1.105288,4.413732,4.878444
1443,human,0,29,0,1.113080,3.537222,3.937212
1443,lm,0,29,0,1.182050,3.552067,4.198722
1445,human,0,98,0,1.031239,5.670579,5.847725
1445,lm,0,9,0,1.002941,7.976448,7.999905
1449,human,0,61,0,1.060969,5.207333,5.524821
1449,lm,0,10,0,1.039054,7.492440,7.785047
1450,human,0,22,0,1.017115,4.096973,4.167095
1450,lm,0,128,0,1.266553,2.205429,2.793294
1450,lm,1,85,0,1.257821,2.399205,3.017770
1451,human,0,81,0,1.070700,4.258602,4.559684
1451,lm,0,51,0,1.232008,3.591495,4.424750
1452,human,0,69,0,1.161647,4.021392,4.671437
1452,lm,0,41,0,1.195823,3.543453,4.237343
1453,human,0,30,0,1.029502,7.095512,7.304844
1453,lm,0,10,0,1.019145,5.532765,5.638688
1455,human,0,128,0,1.052220,3.522908,3.706875
1455,human,1,128,0,1.086507,3.166214,3.440112
1455,human,2,71,0,1.176251,2.899976,3.411098
1455,lm,0,9,0,1.045384,5.762697,6.024232
1456,human,0,122,0,0.995223,4.777114,4.754296
1456,lm,0,54,0,1.200668,4.832877,5.802679
1460,human,0,72,0,1.244877,3.339888,4.157750
1460,lm,0,28,0,1.127043,4.124069,4.648003
1462,human,0,128,0,1.209398,3.039459,3.675915
1462,human,1,6,0,1.071537,7.029449,7.532312
1462,lm,0,97,0,1.216560,2.571294,3.128134
1463,human,0,45,0,1.138944,4.095876,4.664973
1463,lm,0,10,0,1.086372,5.493467,5.967947
1464,human,0,39,0,1.105625,5.620767,6.214459
1464,lm,0,7,0,1.031613,6.571265,6.779005
1469,human,0,34,0,1.038905,5.304358,5.510726
1469,lm,0,34,0,1.038990,6.123637,6.362397
1470,human,0,128,0,1.038425,4.206562,4.368200
1470,human,1,128,0,1.142000,3.641070,4.158101
1470,human,2,128,0,1.154863,3.788973,4.375744
1470,human,3,128,0,1.046977,4.405708,4.612676
1470,human,4,128,0,1.145807,4.522866,5.182333
1470,human,5,128,0,1.129187,4.034532,4.555741
1470,human,6,128,0,1.235751,3.232432,3.994480
1470,human,7,106,0,1.143077,3.491455,3.991004
1470,lm,0,128,0,1.221903,3.605889,4.406047
1470,lm,1,128,0,1.319944,3.688276,4.868318
1470,lm,2,128,0,1.351808,3.083382,4.168140
1470,lm,3,81,0,1.222128,3.998924,4.887198
1473,human,0,24,0,1.039445,5.231754,5.438123
1473,lm,0,21,0,0.988016,6.704056,6.623712
1482,human,0,66,0,1.160122,4.304425,4.993658
1482,lm,0,42,0,1.124806,4.399095,4.948130
1483,human,0,128,0,1.041629,4.721129,4.917664
1483,human,1,126,0,1.011801,5.640915,5.707483
1483,lm,0,128,0,1.238083,2.484783,3.076367
1483,lm,1,26,0,1.045640,6.427892,6.721260
1485,human,0,34,0,1.057455,4.535383,4.795962
1485,lm,0,93,0,1.292298,2.426909,3.136290
1489,human,0,128,0,1.420320,2.016435,2.863984
1489,human,1,101,0,1.130172,3.796023,4.290158
1489,lm,0,128,0,1.182816,3.384122,4.002792
1489,lm,1,36,0,0.982237,7.480199,7.347326
1490,human,0,128,0,1.219693,3.405010,4.153066
1490,human,1,29,0,1.005265,6.666216,6.701312
1490,lm,0,128,0,1.309985,3.022315,3.959189
1490,lm,1,4,0,1.010714,9.592142,9.694916
1491,human,0,128,0,1.246177,2.676675,3.335610
1491,human,1,19,0,1.024665,5.961191,6.108225
1491,lm,0,128,0,1.272355,2.032810,2.586456
1491,lm,1,128,0,1.120718,3.436684,3.851555
1491,lm,2,105,0,1.118678,3.114357,3.483963
1492,human,0,15,0,1.106970,5.166776,5.719465
1492,lm,0,78,0,1.144317,4.112700,4.706231
1494,human,0,76,0,1.179129,4.838498,5.705214
1494,lm,0,58,0,1.170092,3.941178,4.611540
1495,human,0,90,0,1.070450,5.552087,5.943230
1495,lm,0,11,0,1.068336,4.895575,5.230121
1496,human,0,91,0,1.231677,3.151286,3.881366
1496,lm,0,108,0,1.163465,3.556219,4.137537
150,human,0,38,0,1.042311,5.075066,5.289799
150,lm,0,20,0,0.980744,8.999885,8.826585
1500,human,0,93,0,1.228025,3.109075,3.818023
1500,lm,0,10,0,0.998215,8.371223,8.356283
1501,human,0,90,0,1.128541,3.639219,4.107006
1501,lm,0,56,0,1.137787,4.464105,5.079203
1503,human,0,48,0,1.296602,3.725542,4.830544
1503,lm,0,53,0,1.456679,2.458029,3.580561
1508,human,0,36,0,0.995094,7.112396,7.077502
1508,lm,0,11,0,1.023032,6.896851,7.055703
1509,human,0,87,0,1.150902,4.266798,4.910665
1509,lm,0,114,0,1.168222,3.398173,3.969821
151,human,0,40,0,1.148536,4.012138,4.608083
151,lm,0,16,0,1.036429,6.149275,6.373285
1512,human,0,40,0,1.131153,4.497385,5.087229
1512,lm,0,39,0,1.351790,2.307413,3.119137
1514,human,0,128,0,1.104001,4.790789,5.289035
1514,human,1,29,0,1.093419,4.704090,5.143541
1514,lm,0,43,0,1.114393,5.393353,6.010312
1517,human,0,128,0,1.260855,1.471507,1.855357
1517,human,1,23,0,1.040486,3.277093,3.409771
1517,lm,0,128,0,1.353932,3.037447,4.112497
1517,lm,1,128,0,1.203511,4.106763,4.942533
1517,lm,2,128,0,1.125838,3.832651,4.314945
1517,lm,3,46,0,1.225700,3.451342,4.230309
1519,human,0,61,0,1.207882,3.412877,4.122352
1519,lm,0,27,0,1.030734,5.403476,5.569547
1520,human,0,128,0,1.070325,4.976274,5.326231
1520,human,1,73,0,1.132815,3.655272,4.140747
1520,lm,0,68,0,1.054379,4.383123,4.621471
1521,human,0,128,0,1.283336,1.753265,2.250028
1521,human,1,128,0,1.196846,2.123058,2.540973
1521,human,2,49,0,1.032312,4.847300,5.003926
1521,lm,0,10,0,1.015718,5.649115,5.737907
1522,human,0,123,0,1.124186,3.038696,3.416060
1522,lm,0,128,0,1.274315,3.791379,4.831411
1522,lm,1,66,0,1.198614,4.387825,5.259307
1523,human,0,128,0,1.090828,3.988659,4.350942
1523,human,1,11,0,0.991667,8.822944,8.749425
1523,lm,0,116,0,1.516575,2.268790,3.440789
1525,human,0,128,0,1.261816,2.593398,3.272391
1525,human,1,12,0,1.025478,4.705623,4.825512
1525,lm,0,79,0,1.189810,3.047928,3.626454
1528,human,0,36,0,1.134369,4.480453,5.082487
1528,lm,0,15,0,1.105407,4.670183,5.162454
153,human,0,36,0,1.067882,5.214409,5.568374
153,lm,0,10,0,1.014602,6.801288,6.900603
1530,human,0,128,0,1.177348,2.456704,2.892395
1530,human,1,96,0,1.116511,5.621686,6.276674
1530,lm,0,6,0,1.000779,7.909779,7.915939
1534,human,0,35,0,1.091872,3.653577,3.989239
1534,lm,0,21,0,1.082421,3.418828,3.700611
1535,human,0,128,0,1.143872,3.626715,4.148498
1535,human,1,128,0,1.240544,3.284047,4.074006
1535,human,2,8,0,1.022843,9.100546,9.308429
1535,lm,0,127,0,1.297104,2.730995,3.542384
1537,human,0,29,0,1.056303,4.895040,5.170647
1537,lm,0,125,0,1.508699,1.559007,2.352073
1538,human,0,57,0,1.066735,5.659788,6.037492
1538,lm,0,27,0,1.022210,6.753148,6.903138
154,human,0,18,0,1.114635,3.060962,3.411855
154,lm,0,72,0,1.153835,3.079970,3.553778
1540,human,0,68,0,1.109498,3.698360,4.103323
1540,lm,0,104,0,1.342253,2.612659,3.506849
1541,human,0,42,0,1.087335,3.920444,4.262835
1541,lm,0,5,0,1.033115,5.984985,6.183180
1548,human,0,128,0,1.116842,2.427461,2.711091
1548,human,1,89,0,1.170129,1.999108,2.339213
1548,lm,0,75,0,1.207384,3.021347,3.647927
1549,human,0,23,0,1.017926,6.241732,6.353624
1549,lm,0,12,0,1.026882,6.532798,6.708413
155,human,0,128,0,1.183192,3.453746,4.086446
155,human,1,128,0,1.200475,3.664392,4.399010
155,human,2,128,0,1.119022,4.005163,4.481866
155,human,3,128,0,1.100803,4.600129,5.063836
155,human,4,128,0,1.214146,3.454580,4.194365
155,human,5,128,0,1.156483,4.148028,4.797123
155,human,6,68,0,1.033636,5.563006,5.750125
155,lm,0,128,0,1.301359,3.315750,4.314982
155,lm,1,71,0,1.012517,5.790754,5.863238
1550,human,0,128,0,1.106467,3.109999,3.441113
1550,human,1,128,0,1.050855,3.007472,3.160416
1550,human,2,26,0,0.965061,6.390163,6.166898
1550,lm,0,21,0,0.995250,8.640347,8.599303
1553,human,0,15,0,1.072413,5.424862,5.817691
1553,lm,0,11,0,1.058825,4.107800,4.349441
1554,human,0,98,0,1.228347,2.780323,3.415202
1554,lm,0,72,0,1.148163,3.222717,3.700204
1555,human,0,123,0,1.156029,4.519641,5.224835
1555,lm,0,82,0,1.193250,3.712691,4.430170
1556,human,0,128,0,1.058209,4.479991,4.740768
1556,human,1,46,0,1.092329,4.573926,4.996231
1556,lm,0,75,0,1.232664,3.192438,3.935202
1558,human,0,9,0,1.034028,5.322389,5.503499
1558,lm,0,21,0,1.057822,5.349911,5.659251
1561,human,0,62,0,1.048244,4.205443,4.408330
1561,lm,0,10,0,0.997059,9.290787,9.263467
1562,human,0,106,0,1.267658,3.242534,4.110424
1562,lm,0,18,0,0.994046,7.232738,7.189678
1564,human,0,128,0,1.096853,3.826620,4.197239
1564,human,1,100,0,1.100752,3.262309,3.590993
1564,lm,0,72,0,1.092552,4.961440,5.420633
1565,human,0,23,0,1.018298,6.087213,6.198597
1565,lm,0,23,0,1.026056,5.851124,6.003582
1567,human,0,128,0,1.070806,4.644769,4.973645
1567,human,1,25,0,1.113063,6.015954,6.696136
1567,lm,0,18,0,1.087225,4.641415,5.046263
1568,human,0,75,0,1.108949,4.487029,4.975885
1568,lm,0,10,0,0.994337,7.283391,7.242148
157,human,0,33,0,1.041124,5.820374,6.059729
157,lm,0,10,0,1.026968,7.286776,7.483284
1574,human,0,128,0,1.231147,2.224457,2.738633
1574,human,1,68,0,1.106921,4.142798,4.585750
1574,lm,0,64,0,1.152463,3.154217,3.635119
1578,human,0,56,0,1.123122,5.484544,6.159813
1578,lm,0,10,0,1.036822,4.624513,4.794795
1579,human,0,128,0,1.191993,3.940924,4.697553
1579,human,1,128,0,1.149210,4.258108,4.893458
1579,human,2,128,0,1.108551,3.525604,3.908312
1579,human,3,128,0,1.095167,4.545451,4.978029
1579,human,4,128,0,1.113416,3.857855,4.295397
1579,human,5,128,0,1.133761,3.845351,4.359707
1579,human,6,72,0,1.158946,3.547089,4.110883
1579,lm,0,68,0,1.193078,2.360409,2.816154
158,human,0,113,0,1.243125,2.775292,3.450035
158,lm,0,49,0,1.062747,3.786376,4.023958
1581,human,0,128,0,1.116250,3.659795,4.085247
1581,human,1,111,0,1.088357,4.440036,4.832345
1581,lm,0,44,0,1.092946,4.700989,5.137926
1582,human,0,40,0,1.068574,5.941243,6.348660
1582,lm,0,128,0,1.360466,2.409770,3.278410
1582,lm,1,19,0,1.062844,5.758511,6.120400
1583,human,0,128,0,1.299550,2.843958,3.695865
1583,human,1,128,0,1.189985,3.004762,3.575623
1583,human,2,53,0,1.003628,6.336491,6.359478
1583,lm,0,9,0,1.007030,4.762167,4.795647
1585,human,0,92,0,1.123149,3.109370,3.492285
1585,lm,0,32,0,1.138514,2.763411,3.146183
1589,human,0,45,0,1.108019,5.092042,5.642081
1589,lm,0,86,0,1.170500,3.638447,4.258802
1590,human,0,128,0,1.313611,2.751932,3.614969
1590,human,1,128,0,1.205489,3.434931,4.140773
1590,human,2,128,0,1.308350,3.185609,4.167893
1590,human,3,128,0,1.177442,3.121807,3.675747
1590,human,4,18,0,1.022773,5.241436,5.360801
1590,lm,0,124,0,1.356785,2.115858,2.870765
1594,human,0,50,0,1.137438,5.643168,6.418756
1594,lm,0,12,0,1.029193,7.215886,7.426543
1596,human,0,49,0,1.135493,3.729220,4.234502
1596,lm,0,128,0,1.191378,3.767094,4.488031
1596,lm,1,47,0,1.044943,5.258715,5.495055
1599,human,0,58,0,1.067401,4.641520,4.954364
1599,lm,0,89,0,1.251483,3.753902,4.697946
16,human,0,55,0,1.035967,6.059539,6.277482
16,lm,0,31,0,1.134422,2.825823,3.205677
1605,human,0,128,0,1.144998,4.280713,4.901406
1605,human,1,3,0,1.010056,5.067819,5.118783
1605,lm,0,44,0,1.146023,2.601465,2.981338
1606,human,0,128,0,1.193373,3.398458,4.055626
1606,human,1,128,0,1.040495,5.261506,5.474572
1606,human,2,128,0,1.027177,5.574567,5.726065
1606,human,3,128,0,1.161902,2.997345,3.482620
1606,human,4,128,0,1.054871,4.711490,4.970012
1606,human,5,128,0,1.065558,4.382876,4.670210
1606,human,6,128,0,1.015945,5.450974,5.537889
1606,human,7,35,0,1.001192,7.352743,7.361506
1606,lm,0,94,0,1.295338,2.701628,3.499522
1608,human,0,120,0,1.399766,2.406523,3.368569
1608,lm,0,51,0,0.953775,4.560314,4.349513
161,human,0,128,0,1.234598,2.218298,2.738706
161,human,1,28,0,0.986282,7.229710,7.130529
161,lm,0,44,0,1.107860,5.098564,5.648494
1612,human,0,128,0,1.191469,2.356110,2.807233
1612,human,1,2,0,1.039801,4.893476,5.088243
1612,lm,0,45,0,1.221020,3.113451,3.801585
1613,human,0,128,0,1.192472,3.246430,3.871276
1613,human,1,23,0,1.071722,4.237451,4.541369
1613,lm,0,100,0,1.339084,2.458867,3.292630
1614,human,0,67,0,1.400489,2.141578,2.999257
1614,lm,0,52,0,1.362722,2.897462,3.948436
1615,human,0,55,0,1.129071,4.428987,5.000642
1615,lm,0,60,0,1.120497,4.218231,4.726517
1616,human,0,59,0,1.167475,4.176475,4.875929
1616,lm,0,10,0,1.007215,7.206829,7.258828
1617,human,0,81,0,1.161995,2.399484,2.788189
1617,lm,0,106,0,1.207334,2.302685,2.780110
1622,human,0,128,0,1.177178,3.213804,3.783219
1622,human,1,128,0,1.172396,3.200373,3.752104
1622,human,2,128,0,0.953889,5.183399,4.944388
1622,human,3,128,0,0.992977,5.976422,5.934448
1622,human,4,128,0,1.098702,4.284194,4.707053
1622,human,5,58,0,1.119408,4.056641,4.541038
1622,lm,0,128,0,1.279633,2.325502,2.975790
1622,lm,1,128,0,1.058323,4.462848,4.723136
1622,lm,2,128,0,1.109553,3.602351,3.996999
1622,lm,3,128,0,1.033972,4.306087,4.452372
1622,lm,4,34,0,0.975366,7.330733,7.150145
1623,human,0,98,0,1.148495,3.106687,3.568015
1623,lm,0,31,0,1.070836,5.524630,5.915973
1624,human,0,68,0,1.126402,3.565773,4.016493
1624,lm,0,67,0,1.138626,3.919466,4.462803
1627,human,0,32,0,1.034893,4.915347,5.086858
1627,lm,0,47,0,1.070274,4.533621,4.852217
1629,human,0,24,0,0.989986,5.731693,5.674298
1629,lm,0,33,0,1.049047,5.509658,5.779890
163,human,0,42,0,1.101294,5.272422,5.806485
163,lm,0,87,0,1.125016,4.633562,5.212832
1630,human,0,72,0,1.249924,2.666596,3.333043
1630,lm,0,17,0,1.131286,4.599129,5.202931
1631,human,0,122,0,1.245366,3.252878,4.051024
1631,lm,0,24,0,1.132356,3.811446,4.315914
1632,human,0,87,0,1.193377,3.710890,4.428490
1632,lm,0,34,0,1.049577,6.290963,6.602852
1633,human,0,15,0,1.032399,6.606237,6.820273
1633,lm,0,10,0,0.997079,6.726492,6.706844
1634,human,0,51,0,1.026674,5.317173,5.459001
1634,lm,0,12,0,0.988075,8.337840,8.238413
1635,human,0,128,0,1.117985,4.479681,5.008217
1635,human,1,128,0,1.085919,3.943118,4.281905
1635,human,2,72,0,1.111900,5.943003,6.608026
1635,lm,0,128,0,1.176379,3.980167,4.682184
1635,lm,1,30,0,1.039642,6.283079,6.532150
1637,human,0,18,0,1.116564,3.929411,4.387439
1637,lm,0,49,0,1.125517,4.863444,5.473888
1638,human,0,72,0,1.138869,3.170077,3.610304
1638,lm,0,71,0,1.216647,2.278219,2.771788
1639,human,0,128,0,1.149941,5.061203,5.820086
1639,human,1,128,0,1.220988,4.360815,5.324504
1639,human,2,128,0,1.155700,3.623667,4.187873
1639,human,3,128,0,1.223362,3.422136,4.186512
1639,human,4,20,0,1.020031,6.587205,6.719152
1639,lm,0,46,0,1.136337,4.496561,5.109607
1641,human,0,125,0,1.155450,4.778771,5.521633
1641,lm,0,25,0,1.019991,7.559504,7.710629
1642,human,0,128,0,1.141104,3.035267,3.463554
1642,human,1,42,0,0.999502,7.268840,7.265223
1642,lm,0,59,0,1.232687,4.296037,5.295671
1643,human,0,128,0,1.214537,2.024374,2.458677
1643,human,1,58,0,1.365477,2.651324,3.620321
1643,lm,0,128,0,1.350665,1.748016,2.360985
1643,lm,1,17,0,1.126780,3.703140,4.172623
1644,human,0,128,0,1.054864,3.644762,3.844729
1644,human,1,44,0,0.999367,4.824604,4.821550
1644,lm,0,67,0,1.152005,4.118074,4.744041
1645,human,0,128,0,1.170368,3.401446,3.980944
1645,human,1,27,0,1.024292,6.734234,6.897820
1645,lm,0,39,0,1.111650,4.783810,5.317923
1647,human,0,119,0,1.216907,1.518030,1.847301
1647,lm,0,87,0,1.219445,3.118611,3.802974
1648,human,0,109,0,1.165665,4.293065,5.004274
1648,lm,0,128,0,1.252699,3.144803,3.939491
1648,lm,1,107,0,1.109985,2.799380,3.107270
1650,human,0,128,0,1.304715,2.087411,2.723477
1650,human,1,94,0,1.269100,3.751419,4.760926
1650,lm,0,126,0,1.153011,3.231758,3.726254
1651,human,0,128,0,1.091856,3.889620,4.246904
1651,human,1,18,0,0.964495,7.353035,7.091965
1651,lm,0,39,0,1.113159,3.888262,4.328254
1652,human,0,41,0,1.024619,5.456526,5.590863
1652,lm,0,63,0,1.125348,4.206872,4.734196
1654,human,0,128,0,1.161671,3.895903,4.525757
1654,human,1,29,0,0.965447,8.092806,7.813177
1654,lm,0,35,0,1.042568,7.450263,7.767405
1655,human,0,67,0,1.206210,3.944411,4.757788
1655,lm,0,99,0,1.440927,1.962765,2.828202
1656,human,0,23,0,1.034860,4.410942,4.564708
1656,lm,0,15,0,1.081446,3.917809,4.236900
1661,human,0,15,0,1.124028,3.536186,3.974774
1661,lm,0,19,0,1.162358,3.529814,4.102906
1662,human,0,128,0,1.142418,3.991941,4.560466
1662,human,1,128,0,1.320591,2.967067,3.918283
1662,human,2,77,0,1.166828,4.645143,5.420083
1662,lm,0,29,0,1.063457,5.450031,5.795875
1664,human,0,75,0,1.218073,3.443331,4.194227
1664,lm,0,30,0,1.106526,5.023376,5.558498
1665,human,0,92,0,1.162133,2.668328,3.100952
1665,lm,0,43,0,1.088419,3.989625,4.342383
1666,human,0,128,0,1.135383,4.568738,5.187268
1666,human,1,128,0,1.228088,1.523118,1.870523
1666,human,2,128,0,1.082938,4.666113,5.053112
1666,human,3,88,0,1.003071,5.896557,5.914665
1666,lm,0,110,0,1.237448,1.858318,2.299572
1669,human,0,19,0,1.088128,4.275864,4.652687
1669,lm,0,6,0,1.040339,6.419152,6.678095
1670,human,0,76,0,1.229154,4.059839,4.990165
1670,lm,0,44,0,1.114748,4.738257,5.281963
1671,human,0,128,0,1.166259,4.229434,4.932616
1671,human,1,108,0,1.134278,4.743815,5.380807
1671,lm,0,104,0,1.248087,2.892189,3.609705
1673,human,0,128,0,1.094072,3.624153,3.965083
1673,human,1,5,0,0.986103,8.877828,8.754453
1673,lm,0,69,0,1.102403,5.291006,5.832822
1675,human,0,43,0,1.140818,3.225974,3.680251
1675,lm,0,17,0,1.134194,4.829822,5.477955
1677,human,0,87,0,1.160809,4.061172,4.714246
1677,lm,0,10,0,1.001389,10.242765,10.256997
1678,human,0,60,0,1.235491,4.265113,5.269509
1678,lm,0,23,0,1.064047,4.678526,4.978170
1683,human,0,112,0,1.273217,3.799342,4.837389
1683,lm,0,128,0,1.302258,3.022766,3.936421
1683,lm,1,1,0,1.000000,3.428231,3.428231
1686,human,0,128,0,1.147330,4.469353,5.127823
1686,human,1,128,0,1.093528,5.022328,5.492055
1686,human,2,128,0,1.024940,5.664187,5.805450
1686,human,3,127,0,1.091821,3.910229,4.269272
1686,lm,0,66,0,1.218941,3.194629,3.894065
1687,human,0,85,0,1.084644,3.888334,4.217460
1687,lm,0,50,0,1.183107,3.459266,4.092683
1689,human,0,80,0,1.204893,3.473649,4.185375
1689,lm,0,81,0,1.263899,2.425906,3.066101
169,human,0,66,0,1.152509,3.977185,4.583743
169,lm,0,128,0,1.324777,3.289971,4.358477
169,lm,1,7,0,0.985895,8.188173,8.072683
1690,human,0,20,0,1.038443,4.853605,5.040190
1690,lm,0,60,0,1.132484,4.882696,5.529574
1691,human,0,128,0,1.140812,3.372839,3.847776
1691,human,1,50,0,1.146565,3.294828,3.777733
1691,lm,0,128,0,1.373297,2.924880,4.016730
1691,lm,1,32,0,1.126185,5.005817,5.637478
1693,human,0,61,0,1.155437,4.479251,5.175493
1693,lm,0,56,0,1.120611,3.621264,4.058029
1696,human,0,39,0,1.105069,3.615444,3.995314
1696,lm,0,128,0,1.233902,2.530855,3.122828
1696,lm,1,70,0,1.331258,3.652037,4.861804
1697,human,0,117,0,1.280169,2.966712,3.797893
1697,lm,0,128,0,1.309742,2.706290,3.544541
1697,lm,1,66,0,1.129793,4.603360,5.200846
1698,human,0,41,0,1.003505,6.157570,6.179155
1698,lm,0,13,0,1.027404,8.654683,8.891858
170,human,0,128,0,1.168277,2.651367,3.097530
170,human,1,59,0,1.038799,4.928770,5.120002
170,lm,0,113,0,1.270523,3.320014,4.218153
1700,human,0,53,0,1.066016,5.463317,5.823983
1700,lm,0,19,0,1.016348,6.169695,6.270556
1701,human,0,128,0,1.249745,2.207542,2.758864
1701,human,1,128,0,1.155998,2.626143,3.035815
1701,human,2,128,0,1.295481,2.412961,3.125945
1701,human,3,128,0,1.087031,3.318473,3.607284
1701,human,4,128,0,1.137278,1.948230,2.215678
1701,human,5,128,0,1.069452,1.750764,1.872357
1701,human,6,128,0,1.159368,2.718852,3.152149
1701,human,7,67,0,0.984479,4.642100,4.570051
1701,lm,0,62,0,1.188750,3.304093,3.927740
1703,human,0,34,0,0.992547,6.837134,6.786180
1703,lm,0,128,0,1.328341,2.492588,3.311006
1703,lm,1,26,0,1.125969,4.188534,4.716161
1704,human,0,128,0,1.086993,4.437933,4.824003
1704,human,1,48,0,1.137773,3.217530,3.660820
1704,lm,0,98,0,1.385175,2.036397,2.820767
1706,human,0,128,0,1.288058,2.009992,2.588987
1706,human,1,128,0,1.341185,1.607342,2.155743
1706,human,2,40,0,1.283003,1.794798,2.302730
1706,lm,0,128,0,1.348193,2.058553,2.775326
1706,lm,1,58,0,1.172619,3.286345,3.853632
1707,human,0,128,0,1.330645,2.844713,3.785304
1707,human,1,128,0,1.176901,3.790374,4.460895
1707,human,2,128,0,1.107316,3.788539,4.195111
1707,human,3,57,0,1.229198,3.447746,4.237964
1707,lm,0,75,0,1.146662,3.931877,4.508534
1709,human,0,75,0,1.073208,4.676958,5.019350
1709,lm,0,30,0,1.065504,5.115277,5.450346
171,human,0,128,0,1.157820,2.958779,3.425734
171,human,1,7,0,1.062825,6.542953,6.954017
171,lm,0,64,0,1.312342,2.170168,2.848002
1711,human,0,128,0,1.091009,4.782444,5.217691
1711,human,1,19,0,0.981899,8.447887,8.294970
1711,lm,0,61,0,1.085694,5.156416,5.598288
1713,human,0,128,0,1.166124,3.478575,4.056449
1713,human,1,128,0,1.319769,1.968732,2.598273
1713,human,2,95,0,1.283470,4.017664,5.156552
1713,lm,0,56,0,1.365976,2.318556,3.167091
1714,human,0,61,0,1.213657,3.155645,3.829870
1714,lm,0,128,0,1.236031,2.946500,3.641964
1714,lm,1,24,0,1.021158,7.705350,7.868383
1716,human,0,128,0,1.073733,4.577093,4.914577
1716,human,1,128,0,1.113804,3.887786,4.330230
1716,human,2,128,0,1.089358,4.195566,4.570472
1716,human,3,128,0,1.081988,4.599300,4.976387
1716,human,4,128,0,1.061392,4.432232,4.704336
1716,human,5,128,0,1.067890,4.134077,4.414740
1716,human,6,42,0,1.129626,5.220787,5.897537
1716,lm,0,37,0,1.394141,2.998353,4.180126
1718,human,0,33,0,1.157881,5.210946,6.033655
1718,lm,0,128,0,1.196747,3.253188,3.893241
1718,lm,1,128,0,1.559085,2.457273,3.831097
1718,lm,2,36,0,1.094486,7.298781,7.988414
1719,human,0,85,0,1.076506,5.146155,5.539867
1719,lm,0,23,0,1.037308,5.842588,6.060563
172,human,0,102,0,1.225802,2.798384,3.430264
172,lm,0,25,0,0.995680,6.087789,6.061490
1723,human,0,128,0,1.178548,2.718428,3.203798
1723,human,1,64,0,1.131494,4.471798,5.059812
1723,lm,0,128,0,1.353040,2.457703,3.325372
1723,lm,1,79,0,1.101030,3.862823,4.253086
1725,human,0,21,0,1.067928,5.493921,5.867110
1725,lm,0,77,0,1.230977,3.377810,4.158005
1726,human,0,128,0,1.105073,4.490643,4.962488
1726,human,1,128,0,1.146760,3.330436,3.819211
1726,human,2,128,0,1.140013,3.167632,3.611140
1726,human,3,43,0,0.987931,6.837532,6.755007
1726,lm,0,80,0,1.298028,3.790148,4.919720
1727,human,0,123,0,1.280680,2.253756,2.886342
1727,lm,0,120,0,1.338720,1.967305,2.633671
1729,human,0,58,0,1.281904,3.186727,4.085080
1729,lm,0,63,0,1.179508,3.718417,4.385904
1730,human,0,42,0,1.046554,5.792781,6.062460
1730,lm,0,84,0,1.216331,2.987941,3.634324
1731,human,0,128,0,1.134952,4.720947,5.358049
1731,lm,0,49,0,1.185766,4.228932,5.014526
1732,human,0,128,0,1.207081,3.138476,3.788396
1732,human,1,7,0,1.309241,3.178054,4.160837
1732,lm,0,99,0,1.270264,2.482649,3.153619
1733,human,0,32,0,1.145217,3.340301,3.825370
1733,lm,0,11,0,0.996600,5.650046,5.630838
1734,human,0,128,0,1.146715,3.034961,3.480234
1734,human,1,128,0,1.229483,2.721177,3.345642
1734,human,2,128,0,1.030919,4.342410,4.476674
1734,human,3,109,0,1.256120,3.432432,4.311546
1734,lm,0,128,0,1.409303,2.525763,3.559564
1734,lm,1,128,0,1.224387,3.085735,3.778134
1734,lm,2,48,0,1.019965,6.130718,6.253117
1735,human,0,128,0,1.068933,4.510324,4.821234
1735,human,1,128,0,1.081486,4.262930,4.610299
1735,human,2,128,0,1.065413,5.826318,6.207433
1735,human,3,128,0,1.109769,3.478181,3.859979
1735,human,4,128,0,1.127042,3.368468,3.796406
1735,human,5,4,0,1.148128,2.890372,3.318516
1735,lm,0,128,0,1.139724,3.909443,4.455687
1735,lm,1,128,0,1.218062,3.312630,4.034989
1735,lm,2,41,0,0.994719,7.514345,7.474659
1737,human,0,128,0,1.324457,2.312842,3.063259
1737,human,1,128,0,1.424835,2.033836,2.897881
1737,human,2,48,0,1.159521,3.491377,4.048324
1737,lm,0,128,0,1.463131,1.824860,2.670009
1737,lm,1,128,0,1.287563,2.049097,2.638343
1737,lm,2,68,0,1.202434,2.934128,3.528094
1738,human,0,118,0,1.190061,4.121063,4.904316
1738,lm,0,128,0,1.231833,3.369569,4.150747
1738,lm,1,80,0,1.331496,3.122636,4.157778
1740,human,0,24,0,1.096136,4.727330,5.181794
1740,lm,0,13,0,1.076907,4.953834,5.334820
1741,human,0,128,0,1.122577,3.694254,4.147085
1741,human,1,50,0,1.082270,4.424926,4.788965
1741,lm,0,128,0,1.386620,2.607662,3.615837
1741,lm,1,128,0,1.271997,2.714320,3.452607
1741,lm,2,128,0,1.367077,2.222171,3.037880
1741,lm,3,128,0,1.093379,4.085959,4.467503
1741,lm,4,32,0,1.034013,5.304199,5.484609
1742,human,0,87,0,1.128644,4.434494,5.004966
1742,lm,0,128,0,1.267214,2.829683,3.585815
1742,lm,1,9,0,1.023829,7.173572,7.344514
1743,human,0,32,0,1.110001,6.280661,6.971542
1743,lm,0,12,0,1.074480,4.909547,5.275210
1744,human,0,81,0,1.261100,2.766034,3.488245
1744,lm,0,128,0,1.284154,2.400454,3.082552
1744,lm,1,128,0,1.335600,2.229137,2.977236
1744,lm,2,124,0,1.307766,1.944865,2.543430
1748,human,0,114,0,1.121702,3.640688,4.083766
1748,lm,0,33,0,1.147985,4.111256,4.719661
1749,human,0,23,0,1.032997,5.838605,6.031262
1749,lm,0,122,0,1.081852,4.102236,4.438011
1751,human,0,116,0,1.140001,1.824148,2.079531
1751,lm,0,42,0,1.074889,4.542562,4.882748
1756,human,0,41,0,1.078024,4.778473,5.151309
1756,lm,0,10,0,1.049306,5.514716,5.786624
1762,human,0,113,0,1.312075,2.366873,3.105515
1762,lm,0,121,0,1.243300,3.428159,4.262231
1764,human,0,128,0,1.155032,3.750198,4.331599
1764,human,1,128,0,1.113652,3.315975,3.692841
1764,human,2,128,0,1.144172,3.765625,4.308523
1764,human,3,128,0,1.208443,3.053235,3.689659
1764,human,4,6,0,0.968743,11.291862,10.938912
1764,lm,0,128,0,1.207020,3.333029,4.023034
1764,lm,1,18,0,1.034229,4.965046,5.134992
1765,human,0,128,0,1.123686,3.009142,3.381331
1765,human,1,128,0,1.162851,2.902385,3.375041
1765,human,2,60,0,1.117354,3.877039,4.332025
1765,lm,0,85,0,1.291510,2.569103,3.318022
1766,human,0,59,0,1.130432,4.414305,4.990070
1766,lm,0,128,0,1.225454,1.727240,2.116653
1766,lm,1,128,0,1.171629,2.202244,2.580213
1766,lm,2,91,0,1.266662,2.644403,3.349564
1767,human,0,92,0,1.045733,4.349132,4.548029
1767,lm,0,9,0,0.976192,7.632563,7.450846
1768,human,0,128,0,1.109993,2.870348,3.186066
1768,human,1,128,0,1.120535,3.241388,3.632089
1768,human,2,128,0,1.027967,3.112978,3.200039
1768,human,3,42,0,1.127400,3.744541,4.221594
1768,lm,0,122,0,1.239236,2.497049,3.094434
1770,human,0,57,0,1.080822,3.338725,3.608567
1770,lm,0,128,0,1.081017,3.482488,3.764630
1770,lm,1,49,0,1.136354,4.387135,4.985339
1771,human,0,24,0,1.064887,5.136040,5.469304
1771,lm,0,68,0,1.451647,2.233577,3.242366
1773,human,0,120,0,1.204351,2.233614,2.690055
1773,lm,0,49,0,1.076316,3.070952,3.305313
1775,human,0,128,0,1.254109,3.190305,4.000992
1775,human,1,128,0,1.124166,3.568127,4.011167
1775,human,2,128,0,1.207398,2.455572,2.964852
1775,human,3,69,0,1.160137,3.600792,4.177411
1775,lm,0,128,0,1.289814,2.876398,3.710020
1775,lm,1,128,0,1.374710,2.998868,4.122574
1775,lm,2,128,0,1.075452,3.978686,4.278886
1775,lm,3,70,0,1.078849,4.047129,4.366240
1776,human,0,128,0,1.130125,3.495540,3.950398
1776,human,1,117,0,1.137555,4.154199,4.725631
1776,lm,0,34,0,1.025253,6.204764,6.361452
1777,human,0,52,0,0.971306,6.099514,5.924496
1777,lm,0,61,0,1.175577,3.834704,4.507991
178,human,0,54,0,1.094787,2.969393,3.250854
178,lm,0,114,0,1.178287,3.396142,4.001630
1780,human,0,27,0,1.066707,5.086912,5.426243
1780,lm,0,128,0,1.307031,2.714180,3.547518
1780,lm,1,128,0,1.151060,3.585587,4.127226
1780,lm,2,120,0,1.162524,2.840556,3.302214
1782,human,0,117,0,1.370527,2.095480,2.871912
1782,lm,0,53,0,1.197014,3.401534,4.071685
1785,human,0,73,0,1.178352,3.278845,3.863633
1785,lm,0,61,0,1.216534,2.698321,3.282599
1786,human,0,128,0,1.045214,5.110919,5.342005
1786,human,1,128,0,1.177091,3.908946,4.601187
1786,human,2,28,0,1.057629,6.455686,6.827719
1786,lm,0,128,0,1.371128,2.881899,3.951453
1786,lm,1,56,0,1.093179,4.837934,5.288730
1787,human,0,46,0,1.106344,4.905488,5.427156
1787,lm,0,28,0,1.085070,5.364289,5.820631
1788,human,0,27,0,1.160275,3.881530,4.503643
1788,lm,0,5,0,1.022168,6.659006,6.806620
179,human,0,55,0,1.133456,4.692016,5.318195
179,lm,0,128,0,1.200938,3.086536,3.706738
179,lm,1,128,0,1.273778,2.701754,3.441436
179,lm,2,128,0,1.161646,3.158852,3.669467
179,lm,3,44,0,1.139887,3.631542,4.139548
1790,human,0,41,0,1.116305,4.544176,5.072684
1790,lm,0,128,0,1.234693,4.493230,5.547759
1790,lm,1,128,0,1.086896,4.364552,4.743814
1790,lm,2,94,0,1.229270,3.409331,4.190987
1791,human,0,50,0,1.201806,3.706420,4.454399
1791,lm,0,35,0,1.188028,3.561372,4.231009
1792,human,0,47,0,1.083711,4.764161,5.162975
1792,lm,0,20,0,1.043855,6.208323,6.480591
1793,human,0,90,0,1.149489,3.786423,4.352452
1793,lm,0,100,0,1.249823,3.876048,4.844374
1795,human,0,43,0,1.027331,5.471602,5.621148
1795,lm,0,77,0,1.273765,3.322768,4.232424
1796,human,0,116,0,1.084793,4.987651,5.410566
1796,lm,0,116,0,1.163252,2.869785,3.338284
1797,human,0,124,0,1.237104,3.278789,4.056201
1797,lm,0,128,0,1.090401,3.506258,3.823228
1797,lm,1,128,0,1.131729,3.801848,4.302663
1797,lm,2,31,0,1.078181,4.973648,5.362491
1799,human,0,105,0,1.146481,2.600207,2.981088
1799,lm,0,128,0,1.499340,1.460247,2.189407
1799,lm,1,20,0,1.024754,5.319104,5.450775
18,human,0,128,0,1.143107,2.860222,3.269540
18,human,1,128,0,1.140808,2.242593,2.558368
18,human,2,20,0,1.014226,6.009302,6.094791
18,lm,0,128,0,1.283754,2.875108,3.690933
18,lm,1,110,0,1.097208,4.280734,4.696857
1800,human,0,59,0,1.095581,4.321414,4.734458
1800,lm,0,27,0,1.040942,4.955438,5.158322
1801,human,0,128,0,1.036374,4.699240,4.870171
1801,human,1,128,0,1.082558,4.138411,4.480069
1801,human,2,128,0,1.156170,2.715019,3.139024
1801,human,3,34,0,0.969544,7.892009,7.651650
1801,lm,0,52,0,1.097451,3.766618,4.133677
1805,human,0,128,0,1.169890,2.888844,3.379629
1805,human,1,22,0,1.071293,6.219874,6.663305
1805,lm,0,75,0,1.231016,3.934839,4.843849
1808,human,0,128,0,1.036776,3.844833,3.986231
1808,human,1,25,0,0.996768,7.610722,7.586122
1808,lm,0,59,0,1.111082,4.291805,4.768547
1811,human,0,128,0,1.310181,2.936295,3.847077
1811,human,1,128,0,1.150531,4.313161,4.962424
1811,human,2,128,0,1.128680,3.578897,4.039430
1811,human,3,128,0,1.041663,4.625774,4.818499
1811,human,4,97,0,1.065543,4.524264,4.820796
1811,lm,0,108,0,1.100421,3.417246,3.760409
1815,human,0,83,0,1.180114,3.227278,3.808555
1815,lm,0,22,0,1.001560,6.909611,6.920391
1817,human,0,101,0,1.122132,3.793948,4.257310
1817,lm,0,12,0,1.045597,6.268197,6.554008
1819,human,0,108,0,1.160556,3.701843,4.296197
1819,lm,0,46,0,1.124424,3.648271,4.102202
1820,human,0,30,0,1.049769,4.945257,5.191379
1820,lm,0,9,0,1.016950,5.457231,5.549729
1823,human,0,7,0,1.042598,4.458632,4.648562
1823,lm,0,3,0,1.025875,5.111246,5.243498
1824,human,0,128,0,1.162683,3.491429,4.059427
1824,human,1,13,0,1.054959,5.681084,5.993309
1824,lm,0,56,0,1.300595,2.896975,3.767791
1825,human,0,23,0,1.101290,4.873661,5.367316
1825,lm,0,13,0,1.094486,5.240037,5.735150
1827,human,0,128,0,1.113536,3.392553,3.777731
1827,human,1,120,0,1.072831,4.044719,4.339299
1827,lm,0,19,0,1.074779,6.840755,7.352297
1828,human,0,123,0,1.172585,3.154075,3.698422
1828,lm,0,6,0,1.030932,6.763025,6.972219
183,human,0,17,0,1.018306,6.245877,6.360217
183,lm,0,51,0,1.162208,3.750304,4.358633
1830,human,0,13,0,1.022096,5.685008,5.810624
1830,lm,0,128,0,1.362642,3.042012,4.145173
1830,lm,1,2,0,1.028360,6.132723,6.306648
1831,human,0,23,0,1.115181,5.467852,6.097646
1831,lm,0,39,0,1.192650,3.092965,3.688825
1833,human,0,128,0,1.203549,2.958080,3.560195
1833,human,1,116,0,1.179706,4.058996,4.788421
1833,lm,0,108,0,1.162746,4.409233,5.126819
1836,human,0,112,0,1.099003,2.548412,2.800712
1836,lm,0,22,0,1.033562,6.657869,6.881319
1839,human,0,50,0,1.226468,2.662888,3.265946
1839,lm,0,10,0,1.121187,4.704601,5.274737
1840,human,0,128,0,1.270261,2.951259,3.748870
1840,human,1,128,0,1.056793,4.152937,4.388794
1840,human,2,114,0,1.327570,2.821996,3.746398
1840,lm,0,31,0,1.133869,4.226187,4.791941
1846,human,0,128,0,1.257374,2.461115,3.094541
1846,human,1,128,0,1.133766,2.472071,2.802751
1846,human,2,63,0,1.109603,3.907908,4.336226
1846,lm,0,58,0,1.207513,2.702894,3.263778
1848,human,0,128,0,1.110581,3.009111,3.341861
1848,human,1,128,0,1.106272,3.424705,3.788655
1848,human,2,128,0,1.104662,3.499083,3.865302
1848,human,3,93,0,1.179691,3.698583,4.363186
1848,lm,0,52,0,1.151441,3.105645,3.575966
1849,human,0,128,0,1.015842,4.828224,4.904713
1849,human,1,79,0,1.047253,4.460816,4.671602
1849,lm,0,128,0,1.154211,2.937514,3.390511
1849,lm,1,94,0,1.165147,4.099835,4.776913
1850,human,0,58,0,1.008432,6.038845,6.089766
1850,lm,0,19,0,1.016384,5.996644,6.094894
1851,human,0,105,0,1.155401,3.049033,3.522856
1851,lm,0,11,0,1.036948,6.433097,6.670788
1852,human,0,128,0,1.141232,3.823387,4.363372
1852,human,1,128,0,1.009293,4.966366,5.012517
1852,human,2,128,0,1.098872,4.791409,5.265144
1852,human,3,80,0,1.250768,4.144955,5.184375
1852,lm,0,128,0,1.210976,2.787758,3.375907
1852,lm,1,43,0,1.076527,4.682267,5.040586
1854,human,0,46,0,1.023821,5.615273,5.749035
1854,lm,0,93,0,1.161181,4.201473,4.878670
1855,human,0,128,0,1.146954,3.792953,4.350344
1855,human,1,65,0,1.056887,5.548358,5.863987
1855,lm,0,17,0,1.029594,6.512764,6.705502
1858,human,0,91,0,1.165640,3.586015,4.180002
1858,lm,0,11,0,1.084774,4.995453,5.418938
1860,human,0,90,0,1.249116,2.598454,3.245772
1860,lm,0,27,0,1.270043,2.926656,3.716981
1861,human,0,120,0,1.092327,4.025818,4.397509
1861,lm,0,19,0,1.018855,6.668480,6.794216
1863,human,0,128,0,1.124628,3.856663,4.337311
1863,human,1,128,0,1.097357,4.705918,5.164075
1863,human,2,29,0,1.016328,8.795566,8.939184
1863,lm,0,128,0,1.439031,2.716429,3.909026
1863,lm,1,9,0,1.057539,6.112118,6.463805
1864,human,0,128,0,1.163932,3.530981,4.109822
1864,human,1,96,0,1.126020,3.292673,3.707616
1864,lm,0,66,0,1.167074,2.748669,3.207899
1866,human,0,40,0,1.100657,4.332438,4.768527
1866,lm,0,108,0,1.125132,3.438352,3.868600
1871,human,0,60,0,1.042820,3.892676,4.059362
1871,lm,0,53,0,1.094160,4.659838,5.098609
1872,human,0,31,0,1.057147,5.937016,6.276295
1872,lm,0,52,0,1.155933,4.089802,4.727537
1873,human,0,128,0,1.117366,4.146395,4.633040
1873,human,1,128,0,1.396695,2.531482,3.535709
1873,human,2,65,0,1.152563,3.597070,4.145848
1873,lm,0,11,0,1.061233,4.293189,4.556073
1875,human,0,128,0,1.288456,2.693048,3.469874
1875,human,1,87,0,1.047526,5.059900,5.300375
1875,lm,0,127,0,1.233537,2.167627,2.673847
1877,human,0,100,0,1.203750,2.857794,3.440069
1877,lm,0,35,0,1.372668,3.586835,4.923533
1880,human,0,128,0,1.248589,3.158787,3.944026
1880,human,1,22,0,1.029537,5.666458,5.833829
1880,lm,0,49,0,1.088548,4.368080,4.754867
1882,human,0,31,0,1.096332,4.008759,4.394931
1882,lm,0,35,0,1.170004,3.515575,4.113238
1892,human,0,57,0,1.158906,4.021602,4.660660
1892,lm,0,82,0,1.241535,2.976306,3.695187
1893,human,0,74,0,1.045182,5.873957,6.139356
1893,lm,0,34,0,1.101597,5.072399,5.587739
1894,human,0,50,0,1.117360,4.871189,5.442872
1894,lm,0,128,0,1.238729,3.334416,4.130439
1894,lm,1,63,0,1.193274,3.757303,4.483491
1897,human,0,100,0,1.172559,2.133109,2.501196
1897,lm,0,19,0,1.123787,4.472448,5.026080
1900,human,0,62,0,1.124934,3.673252,4.132165
1900,lm,0,95,0,1.260794,2.560870,3.228729
1901,human,0,93,0,1.120210,5.146320,5.764961
1901,lm,0,10,0,1.029730,6.353837,6.542735
1903,human,0,128,0,1.021287,4.476977,4.572278
1903,human,1,128,0,1.101525,3.929795,4.328768
1903,human,2,128,0,1.008970,4.630167,4.671702
1903,human,3,128,0,0.988015,5.094836,5.033775
1903,human,4,89,0,1.012499,5.306089,5.372412
1903,lm,0,10,0,1.000855,5.626390,5.631203
1905,human,0,128,0,1.186429,2.671880,3.169995
1905,human,1,65,0,1.041250,4.840657,5.040334
1905,lm,0,67,0,1.134168,4.391670,4.980891
1908,human,0,15,0,1.035448,4.901354,5.075097
1908,lm,0,10,0,1.026547,8.323000,8.543951
1909,human,0,128,0,1.308619,1.703380,2.229075
1909,human,1,76,0,1.110495,3.705629,4.115082
1909,lm,0,13,0,0.986440,7.442584,7.341663
191,human,0,128,0,1.191304,3.734757,4.449232
191,human,1,53,0,1.104324,5.232487,5.778358
191,lm,0,29,0,1.050636,5.898442,6.197115
1910,human,0,99,0,1.221233,2.787726,3.404462
1910,lm,0,10,0,1.062983,3.676466,3.908021
1911,human,0,77,0,1.084163,5.935365,6.434902
1911,lm,0,64,0,1.228507,3.555658,4.368153
1917,human,0,128,0,1.229674,3.061575,3.764741
1917,human,1,24,0,0.980315,8.967559,8.791036
1917,lm,0,20,0,1.025037,6.070631,6.222619
1918,human,0,25,0,1.015541,4.262220,4.328459
1918,lm,0,13,0,1.032684,4.399374,4.543163
192,human,0,128,0,1.111057,3.801855,4.224077
192,human,1,128,0,1.171612,3.783641,4.432960
192,human,2,9,0,0.961494,8.205614,7.889651
192,lm,0,128,0,1.487757,1.748197,2.600893
192,lm,1,84,0,1.186669,3.400414,4.035165
1921,human,0,40,0,1.127627,5.453887,6.149953
1921,lm,0,6,0,1.019527,6.417715,6.543036
1923,human,0,104,0,1.131341,3.918024,4.432622
1923,lm,0,128,0,1.317291,3.182880,4.192779
1923,lm,1,30,0,1.030282,5.816279,5.992410
1926,human,0,110,0,1.074214,4.395742,4.721968
1926,lm,0,128,0,1.323722,2.920844,3.866387
1926,lm,1,6,0,1.014750,7.827021,7.942468
1927,human,0,128,0,1.193790,3.241819,3.870050
1927,human,1,128,0,1.131733,4.296132,4.862075
1927,human,2,106,0,1.121346,4.502337,5.048678
1927,lm,0,128,0,1.384140,2.154979,2.982793
1927,lm,1,128,0,1.199647,3.069191,3.681947
1927,lm,2,8,0,1.081227,7.926713,8.570575
1928,human,0,128,0,1.232390,2.926225,3.606250
1928,human,1,128,0,1.131322,2.242535,2.537030
1928,human,2,128,0,1.189457,1.455772,1.731578
1928,human,3,13,0,1.115904,4.915154,5.484839
1928,lm,0,106,0,1.297616,1.974464,2.562097
1929,human,0,128,0,1.162556,2.877083,3.344769
1929,human,1,128,0,1.149000,2.072449,2.381244
1929,human,2,8,0,0.981926,7.820439,7.679094
1929,lm,0,13,0,1.029790,6.976484,7.184314
1932,human,0,128,0,1.122513,4.515364,5.068555
1932,human,1,45,0,1.085687,4.663169,5.062740
1932,lm,0,10,0,1.045490,6.799249,7.108548
1934,human,0,128,0,1.131701,4.611568,5.218914
1934,human,1,128,0,1.041918,4.947938,5.155345
1934,human,2,128,0,1.018851,5.513552,5.617489
1934,human,3,128,0,1.018151,4.885839,4.974519
1934,human,4,68,0,1.033637,6.310841,6.523116
1934,lm,0,27,0,1.061718,5.429585,5.764689
1935,human,0,46,0,1.132418,4.212672,4.770507
1935,lm,0,16,0,1.061533,4.833434,5.130851
194,human,0,41,0,1.250281,3.160943,3.952067
194,lm,0,28,0,1.128368,3.997167,4.510276
1941,human,0,120,0,1.194658,2.736863,3.269616
1941,lm,0,44,0,1.124732,4.324258,4.863632
1942,human,0,128,0,1.155030,2.547824,2.942813
1942,human,1,128,0,1.099074,3.054474,3.357092
1942,human,2,19,0,1.004619,6.145047,6.173432
1942,lm,0,87,0,1.544412,1.766931,2.728870
1946,human,0,64,0,1.166138,2.521631,2.940570
1946,lm,0,91,0,1.334254,2.581504,3.444382
1949,human,0,23,0,1.048211,5.227675,5.479708
1949,lm,0,41,0,1.053373,5.693964,5.997865
195,human,0,128,0,1.127393,4.386144,4.944907
195,human,1,128,0,0.999482,5.415409,5.412604
195,human,2,128,0,1.016278,5.064969,5.147414
195,human,3,51,0,1.046898,5.160789,5.402818
195,lm,0,32,0,1.055034,5.131559,5.413970
1954,human,0,109,0,1.193773,3.003271,3.585225
1954,lm,0,90,0,1.260102,2.729325,3.439227
1955,human,0,65,0,1.102733,4.032494,4.446765
1955,lm,0,128,0,1.159845,2.702957,3.135010
1955,lm,1,93,0,0.992111,5.370719,5.328350
1957,human,0,128,0,1.169931,3.289386,3.848356
1957,human,1,128,0,1.027044,5.252384,5.394429
1957,human,2,128,0,1.144952,4.188327,4.795433
1957,human,3,128,0,0.996667,3.029935,3.019837
1957,human,4,128,0,1.085652,4.328817,4.699589
1957,human,5,128,0,1.049697,4.198216,4.406857
1957,human,6,128,0,1.263790,3.038192,3.839637
1957,human,7,128,0,1.098301,4.760408,5.228360
1957,human,8,46,0,1.087465,5.046276,5.487650
1957,lm,0,11,0,1.041642,5.851420,6.095084
1959,human,0,128,0,1.125589,3.303728,3.718641
1959,human,1,10,0,1.012924,8.125402,8.230415
1959,lm,0,69,0,1.186480,3.739095,4.436363
1960,human,0,128,0,0.997714,4.961004,4.949665
1960,human,1,128,0,1.079130,4.073231,4.395545
1960,human,2,99,0,1.040118,4.626637,4.812249
1960,lm,0,87,0,1.071150,3.289120,3.523141
1961,human,0,128,0,1.191847,3.646407,4.345960
1961,human,1,114,0,1.408559,2.595402,3.655778
1961,lm,0,128,0,1.380505,2.635486,3.638301
1961,lm,1,26,0,1.019003,6.008300,6.122473
1962,human,0,47,0,1.107258,4.802058,5.317117
1962,lm,0,35,0,1.209170,4.309381,5.210776
1963,human,0,128,0,1.171881,3.305254,3.873366
1963,human,1,12,0,1.039768,5.130022,5.334035
1963,lm,0,128,0,1.407836,2.060575,2.900952
1963,lm,1,9,0,1.022842,6.870470,7.027407
1965,human,0,80,0,1.119597,3.618099,4.050815
1965,lm,0,66,0,1.162416,3.435690,3.993701
1966,human,0,128,0,1.108349,3.921388,4.346266
1966,human,1,128,0,1.139986,3.706554,4.225419
1966,human,2,79,0,1.021250,7.026626,7.175941
1966,lm,0,21,0,1.101410,4.691825,5.167624
1970,human,0,15,0,1.031772,4.621295,4.768125
1970,lm,0,4,0,1.022657,5.187463,5.304997
1974,human,0,87,0,1.195021,4.642081,5.547386
1974,lm,0,51,0,1.116230,5.321059,5.939524
1979,human,0,128,0,1.166878,3.334968,3.891500
1979,human,1,16,0,0.986519,6.940400,6.846834
1979,lm,0,14,0,1.037966,4.799146,4.981351
1980,human,0,128,0,1.235376,3.339520,4.125563
1980,human,1,19,0,1.072043,7.333346,7.861665
1980,lm,0,89,0,1.158774,4.165879,4.827313
1983,human,0,35,0,1.041464,4.482904,4.668784
1983,lm,0,44,0,1.260367,3.989470,5.028197
1984,human,0,36,0,1.100611,4.240387,4.667016
1984,lm,0,10,0,0.990689,10.654457,10.555256
1986,human,0,58,0,0.955065,7.862657,7.509345
1986,lm,0,11,0,1.004423,5.983107,6.009571
199,human,0,30,0,1.083430,3.903454,4.229119
199,lm,0,66,0,1.228449,2.978822,3.659331
1990,human,0,12,0,1.032668,5.448921,5.626928
1990,lm,0,6,0,1.051851,6.378115,6.708827
1993,human,0,59,0,1.153162,3.470822,4.002421
1993,lm,0,41,0,1.255970,2.929632,3.679530
1994,human,0,50,0,1.117938,3.659033,4.090574
1994,lm,0,54,0,1.251124,2.507866,3.137651
1995,human,0,128,0,1.162508,2.852207,3.315713
1995,human,1,128,0,1.085094,4.262198,4.624887
1995,human,2,128,0,1.009519,4.458082,4.500517
1995,human,3,65,0,1.237939,2.862983,3.544199
1995,lm,0,128,0,1.234304,3.306935,4.081765
1995,lm,1,128,0,1.133068,4.873296,5.521776
1995,lm,2,127,0,1.069186,4.415758,4.721266
1996,human,0,128,0,1.341126,2.106122,2.824576
1996,human,1,128,0,1.144019,3.350205,3.832699
1996,human,2,128,0,1.293076,2.595517,3.356200
1996,human,3,3,0,0.986393,8.649111,8.531424
1996,lm,0,128,0,1.485137,2.681967,3.983088
1996,lm,1,128,0,1.077507,4.332530,4.668331
1996,lm,2,128,0,1.114092,3.928833,4.377084
1996,lm,3,128,0,1.338203,2.886066,3.862142
1996,lm,4,128,0,1.311352,2.985021,3.914413
1996,lm,5,92,0,1.214822,3.524289,4.281385
1997,human,0,28,0,1.156413,5.156652,5.963222
1997,lm,0,68,0,1.412916,2.340749,3.307283
20,human,0,128,0,1.191531,3.235331,3.854998
20,human,1,128,0,1.237837,3.306356,4.092731
20,human,2,128,0,1.133478,4.430745,5.022151
20,human,3,108,0,1.325517,2.894546,3.836769
20,lm,0,126,0,1.246782,2.819416,3.515195
2001,human,0,53,0,1.057007,4.814169,5.088612
2001,lm,0,11,0,1.111157,5.689560,6.321997
2002,human,0,61,0,1.092299,3.157118,3.448516
2002,lm,0,62,0,1.309688,2.652540,3.473999
2003,human,0,43,0,1.172489,4.437677,5.203127
2003,lm,0,44,0,1.209817,4.172777,5.048294
2004,human,0,128,0,1.247763,3.015557,3.762700
2004,human,1,9,0,1.595021,2.564949,4.091149
2004,lm,0,64,0,1.305764,3.033341,3.960828
2005,human,0,24,0,1.044993,5.028477,5.254724
2005,lm,0,45,0,1.217396,4.125006,5.021765
2006,human,0,66,0,0.966156,6.709289,6.482219
2006,lm,0,10,0,0.948698,11.199659,10.625099
2009,human,0,26,0,1.089821,5.087852,5.544847
2009,lm,0,12,0,1.016374,7.564000,7.687850
201,human,0,63,0,1.138657,3.872198,4.409104
201,lm,0,17,0,1.060255,6.283720,6.662348
2010,human,0,105,0,1.171825,3.958767,4.638982
2010,lm,0,18,0,1.116222,5.625905,6.279760
2011,human,0,126,0,1.052587,4.916410,5.174948
2011,lm,0,20,0,1.067224,5.387973,5.750173
2012,human,0,47,0,1.164717,3.395348,3.954620
2012,lm,0,37,0,1.227322,4.115440,5.050971
2013,human,0,68,0,1.210473,3.711222,4.492334
2013,lm,0,10,0,1.008108,7.269111,7.328047
2014,human,0,128,0,1.143627,3.933196,4.498109
2014,human,1,128,0,1.127908,3.971326,4.479291
2014,human,2,68,0,1.075010,4.534624,4.874768
2014,lm,0,128,0,1.142975,3.522993,4.026694
2014,lm,1,128,0,1.135017,4.355365,4.943412
2014,lm,2,107,0,1.113679,4.230941,4.711911
2018,human,0,128,0,1.157732,3.805016,4.405190
2018,human,1,27,0,1.015014,5.668785,5.753895
2018,lm,0,15,0,1.213193,4.460268,5.411167
2019,human,0,128,0,1.379647,2.495003,3.442222
2019,human,1,35,0,1.081490,5.843990,6.320214
2019,lm,0,115,0,1.438571,1.805436,2.597247
202,human,0,111,0,1.100191,3.653276,4.019300
202,lm,0,10,0,0.995858,8.337279,8.302749
2021,human,0,64,0,1.199961,4.280379,5.136289
2021,lm,0,62,0,1.166656,4.323792,5.044378
2022,human,0,36,0,1.043814,6.360426,6.639100
2022,lm,0,10,0,1.020943,7.529533,7.687223
2023,human,0,68,0,1.245844,2.558558,3.187565
2023,lm,0,8,0,1.058878,4.259084,4.509852
2025,human,0,21,0,1.070210,6.122714,6.552592
2025,lm,0,38,0,1.139620,4.876588,5.557455
2029,human,0,128,0,1.180042,2.889038,3.409185
2029,human,1,128,0,1.155903,3.336757,3.856967
2029,human,2,128,0,1.087708,3.962816,4.310386
2029,human,3,128,0,1.133154,3.598991,4.078212
2029,human,4,128,0,1.321729,2.496166,3.299257
2029,human,5,128,0,1.126112,3.497530,3.938611
2029,human,6,86,0,1.104187,4.253777,4.696965
2029,lm,0,35,0,1.106163,4.697358,5.196043
203,human,0,104,0,1.084645,4.224942,4.582563
203,lm,0,119,0,1.367248,2.893474,3.956097
2037,human,0,128,0,1.085136,4.425944,4.802750
2037,human,1,4,0,1.014079,8.340246,8.457672
2037,lm,0,70,0,1.337313,2.431997,3.252340
204,human,0,30,0,1.225875,4.470226,5.479939
204,lm,0,43,0,1.286796,3.176750,4.087831
2040,human,0,68,0,1.231300,3.322546,4.091052
2040,lm,0,10,0,1.028136,6.171722,6.345367
2041,human,0,45,0,1.155938,3.849496,4.449779
2041,lm,0,42,0,1.187201,3.779064,4.486508
2042,human,0,128,0,1.211674,3.911855,4.739892
2042,human,1,78,0,1.041658,4.673126,4.867800
2042,lm,0,68,0,1.248213,2.378488,2.968860
2043,human,0,128,0,1.108098,3.306962,3.664438
2043,human,1,8,0,1.048715,7.408434,7.769334
2043,lm,0,128,0,1.393950,3.097209,4.317355
2043,lm,1,128,0,1.254462,3.400381,4.265647
2043,lm,2,40,0,1.074557,6.127484,6.584328
2045,human,0,128,0,1.082495,2.761350,2.989149
2045,human,1,128,0,1.182693,2.822862,3.338579
2045,human,2,128,0,1.163457,2.503559,2.912784
2045,human,3,3,0,1.008531,7.604383,7.669254
2045,lm,0,128,0,1.184465,3.409899,4.038906
2045,lm,1,74,0,1.101474,4.456173,4.908359
2046,human,0,16,0,1.040852,5.343559,5.561853
2046,lm,0,128,0,1.406446,2.507372,3.526483
2046,lm,1,45,0,1.134818,4.756931,5.398249
2047,human,0,128,0,1.191756,2.478706,2.954013
2047,human,1,128,0,1.259819,2.173711,2.738483
2047,human,2,18,0,1.055879,4.776984,5.043919
2047,lm,0,46,0,1.148064,3.403137,3.907019
205,human,0,52,0,1.195538,3.490655,4.173212
205,lm,0,94,0,1.263207,3.949215,4.988677
2050,human,0,17,0,1.054319,5.595238,5.899167
2050,lm,0,128,0,1.205825,3.174217,3.827549
2050,lm,1,57,0,1.156716,5.425815,6.276128
2051,human,0,75,0,1.164382,4.423874,5.151081
2051,lm,0,16,0,1.033289,5.721381,5.911838
2052,human,0,57,0,1.056354,4.663171,4.925958
2052,lm,0,65,0,1.234408,4.116362,5.081269
2054,human,0,128,0,1.133083,4.376453,4.958885
2054,human,1,67,0,1.105455,4.155669,4.593907
2054,lm,0,30,0,1.046981,6.189757,6.480559
2055,human,0,107,0,1.230745,3.198299,3.936292
2055,lm,0,13,0,1.066655,6.090680,6.496652
2057,human,0,128,0,0.997446,4.869095,4.856661
2057,human,1,128,0,1.034691,5.539586,5.731762
2057,human,2,65,0,1.067470,5.996274,6.400842
2057,lm,0,75,0,1.140463,4.108878,4.686022
2058,human,0,128,0,1.188999,3.212748,3.819955
2058,human,1,128,0,1.085521,3.345431,3.631536
2058,human,2,128,0,1.280867,1.910813,2.447498
2058,human,3,128,0,1.121409,3.444429,3.862614
2058,human,4,40,0,1.152675,3.410035,3.930662
2058,lm,0,128,0,1.295873,2.081088,2.696827
2058,lm,1,128,0,1.257725,2.678013,3.368205
2058,lm,2,22,0,1.063145,5.880079,6.251374
2059,human,0,128,0,1.002906,3.039400,3.048231
2059,human,1,128,0,1.183887,3.451477,4.086160
2059,human,2,128,0,1.179477,3.681133,4.341811
2059,human,3,128,0,1.052334,4.511673,4.747786
2059,human,4,128,0,1.079004,5.023331,5.420194
2059,human,5,120,0,1.181283,3.477000,4.107320
2059,lm,0,128,0,1.331119,2.959545,3.939506
2059,lm,1,60,0,1.299485,3.835271,4.983877
206,human,0,128,0,1.155512,3.819096,4.413012
206,human,1,88,0,1.106090,3.945860,4.364475
206,lm,0,32,0,1.060186,4.388620,4.652755
2061,human,0,128,0,1.110786,3.025905,3.361133
2061,human,1,128,0,1.046964,4.584500,4.799807
2061,human,2,128,0,1.074264,5.095121,5.473505
2061,human,3,35,0,0.957089,7.622002,7.294935
2061,lm,0,89,0,1.179338,3.595160,4.239907
2063,human,0,54,0,1.152982,4.444613,5.124560
2063,lm,0,61,0,1.215966,3.661422,4.452163
2065,human,0,14,0,1.035306,4.978327,5.154094
2065,lm,0,53,0,1.141238,4.820897,5.501789
2066,human,0,14,0,1.120795,4.409422,4.942057
2066,lm,0,103,0,1.466297,2.035389,2.984486
2067,human,0,77,0,1.128197,3.973040,4.482374
2067,lm,0,128,0,1.389715,2.497618,3.470978
2067,lm,1,4,0,1.000518,9.152813,9.157555
2069,human,0,26,0,0.990754,6.405350,6.346129
2069,lm,0,23,0,1.008233,5.750945,5.798294
207,human,0,48,0,1.112504,3.849133,4.282174
207,lm,0,39,0,1.084061,3.864174,4.188999
2072,human,0,57,0,1.193084,2.825609,3.371189
2072,lm,0,105,0,1.267153,2.511696,3.182703
2077,human,0,36,0,1.137901,3.976891,4.525310
2077,lm,0,75,0,1.352114,2.630520,3.556764
2078,human,0,128,0,1.175138,4.064764,4.776657
2078,human,1,128,0,1.036708,4.666615,4.837916
2078,human,2,128,0,1.066341,4.660746,4.969944
2078,human,3,125,0,1.036348,5.312735,5.505840
2078,lm,0,99,0,1.159648,3.704332,4.295722
208,human,0,128,0,1.231551,2.227579,2.743378
208,human,1,128,0,1.237281,2.285349,2.827620
208,human,2,10,0,1.007323,7.984819,8.043291
208,lm,0,96,0,1.285424,2.235352,2.873376
2081,human,0,128,0,1.170348,3.703206,4.334039
2081,human,1,128,0,1.048726,4.624194,4.849512
2081,human,2,128,0,1.037513,4.912067,5.096331
2081,human,3,128,0,1.140693,4.286841,4.889969
2081,human,4,128,0,1.041763,4.014564,4.182226
2081,human,5,128,0,1.069833,3.891136,4.162865
2081,human,6,128,0,1.104424,4.307629,4.757447
2081,human,7,17,0,1.026807,5.995912,6.156646
2081,lm,0,128,0,1.190834,3.214455,3.827881
2081,lm,1,94,0,1.150476,3.402380,3.914358
2083,human,0,79,0,1.153275,3.601473,4.153489
2083,lm,0,39,0,1.080109,4.356430,4.705420
2085,human,0,126,0,1.182392,2.516253,2.975198
2085,lm,0,126,0,1.253313,2.402517,3.011106
2086,human,0,91,0,1.218779,2.824981,3.443028
2086,lm,0,81,0,1.174505,3.287405,3.861074
2089,human,0,66,0,1.190826,4.106115,4.889671
2089,lm,0,14,0,1.160702,5.908291,6.857765
209,human,0,46,0,1.128941,4.629659,5.226611
209,lm,0,52,0,1.357191,2.320918,3.149929
2090,human,0,36,0,1.130589,3.036077,3.432555
2090,lm,0,32,0,1.260113,3.230583,4.070900
2091,human,0,71,0,1.089328,5.107156,5.563370
2091,lm,0,128,0,1.121428,3.347887,3.754413
2091,lm,1,60,0,1.207909,3.320699,4.011102
2093,human,0,47,0,1.027550,6.431131,6.608310
2093,lm,0,28,0,1.030462,5.826700,6.004194
2095,human,0,37,0,1.070609,6.124378,6.556811
2095,lm,0,28,0,1.054094,5.411546,5.704277
2097,human,0,67,0,1.083456,4.280607,4.637848
2097,lm,0,49,0,1.109036,3.740387,4.148223
21,human,0,28,0,0.990218,7.385151,7.312912
21,lm,0,46,0,1.245209,4.416573,5.499558
210,human,0,78,0,1.107146,3.820339,4.229675
210,lm,0,48,0,1.090987,4.550883,4.964953
2101,human,0,68,0,1.258241,2.412432,3.035420
2101,lm,0,73,0,1.368307,1.868166,2.556226
2103,human,0,128,0,1.148399,4.496365,5.163621
2103,human,1,128,0,1.213117,3.609461,4.378697
2103,human,2,128,0,1.119738,4.291439,4.805289
2103,human,3,128,0,1.138591,3.728385,4.245107
2103,human,4,126,0,1.211841,3.378152,4.093782
2103,lm,0,128,0,1.256488,2.563419,3.220905
2103,lm,1,128,0,1.275913,3.047343,3.888144
2103,lm,2,128,0,1.220415,2.938344,3.585998
2103,lm,3,35,0,1.053963,3.702104,3.901880
2107,human,0,128,0,1.268265,3.214057,4.076274
2107,human,1,68,0,1.161116,4.515004,5.242445
2107,lm,0,128,0,1.406197,2.419342,3.402071
2107,lm,1,8,0,1.030913,9.726183,10.026846
211,human,0,116,0,1.121789,4.855659,5.447026
211,lm,0,128,0,1.176570,3.689745,4.341242
211,lm,1,128,0,1.323695,2.915722,3.859528
211,lm,2,61,0,1.175798,3.603528,4.237019
2111,human,0,128,0,1.267776,2.863101,3.629771
2111,human,1,7,0,1.017124,6.539992,6.651986
2111,lm,0,12,0,1.032429,6.344003,6.549733
2112,human,0,126,0,1.120647,4.087390,4.580520
2112,lm,0,34,0,1.114538,4.883112,5.442416
2114,human,0,36,0,1.086689,4.686831,5.093128
2114,lm,0,24,0,1.037539,4.905853,5.090015
2115,human,0,90,0,1.317928,3.376521,4.450012
2115,lm,0,51,0,1.575355,2.156805,3.397733
2116,human,0,92,0,1.228642,2.676295,3.288207
2116,lm,0,128,0,1.547018,1.698056,2.626924
2116,lm,1,35,0,1.107964,3.940604,4.366047
2118,human,0,68,0,1.043654,5.643628,5.889995
2118,lm,0,50,0,1.063647,5.381460,5.723972
212,human,0,80,0,1.213178,2.777670,3.369809
212,lm,0,128,0,1.207248,3.297110,3.980430
212,lm,1,106,0,1.223188,3.474335,4.249765
2121,human,0,101,0,1.146347,3.488898,3.999488
2121,lm,0,128,0,1.447950,2.472788,3.580473
2121,lm,1,6,0,1.055553,5.743705,6.062783
2123,human,0,128,0,1.242936,3.092094,3.843276
2123,human,1,128,0,1.218722,2.295040,2.797017
2123,human,2,128,0,1.128611,3.149220,3.554243
2123,human,3,89,0,1.086314,3.111707,3.380290
2123,lm,0,128,0,1.589206,1.039243,1.651571
2123,lm,1,107,0,1.185860,2.780160,3.296880
2125,human,0,37,0,0.978938,5.426964,5.312662
2125,lm,0,11,0,0.984423,8.423480,8.292267
2127,human,0,108,0,1.064361,4.999474,5.321246
2127,lm,0,128,0,1.743925,2.115911,3.689988
2127,lm,1,31,0,0.990476,6.911958,6.846128
2129,human,0,83,0,1.135968,3.934510,4.469480
2129,lm,0,15,0,1.219749,3.501968,4.271522
213,human,0,107,0,1.225232,2.873672,3.520916
213,lm,0,45,0,1.108713,4.651150,5.156793
2131,human,0,45,0,1.125267,3.735622,4.203573
2131,lm,0,57,0,1.082209,3.860885,4.178284
2132,human,0,10,0,1.049920,4.657340,4.889832
2132,lm,0,16,0,1.081414,4.177661,4.517780
2137,human,0,83,0,1.153072,3.142740,3.623807
2137,lm,0,98,0,1.111178,4.231884,4.702376
2138,human,0,128,0,1.122082,4.260570,4.780709
2138,human,1,128,0,1.191161,3.380498,4.026719
2138,human,2,12,0,1.029431,8.829233,9.089085
2138,lm,0,128,0,1.404607,2.907390,4.083739
2138,lm,1,128,0,1.186380,3.295307,3.909488
2138,lm,2,22,0,1.038010,5.590325,5.802816
214,human,0,61,0,1.085324,5.030499,5.459721
214,lm,0,21,0,1.027895,5.998127,6.165447
2145,human,0,128,0,1.213368,2.799342,3.396633
2145,human,1,128,0,1.139567,3.413632,3.890061
2145,human,2,128,0,1.098952,4.396983,4.832074
2145,human,3,128,0,1.128156,3.914501,4.416166
2145,human,4,7,0,1.041647,7.459791,7.770465
2145,lm,0,58,0,1.296346,3.812468,4.942277
2146,human,0,113,0,1.093799,3.985273,4.359087
2146,lm,0,40,0,1.204233,4.838619,5.826825
2147,human,0,128,0,1.192974,3.974045,4.740933
2147,human,1,7,0,1.020468,7.014809,7.158387
2147,lm,0,69,0,1.221994,3.070276,3.751858
2149,human,0,38,0,1.122683,4.273324,4.797587
2149,lm,0,70,0,1.177860,3.214030,3.785676
2151,human,0,41,0,1.253415,2.418848,3.031820
2151,lm,0,61,0,1.176044,3.599169,4.232782
2155,human,0,77,0,1.006921,6.481380,6.526239
2155,lm,0,29,0,1.067787,6.295990,6.722773
2156,human,0,71,0,1.048077,5.481170,5.744689
2156,lm,0,10,0,1.014463,8.882011,9.010468
2158,human,0,77,0,1.067209,3.626983,3.870748
2158,lm,0,98,0,1.304205,2.920775,3.809290
2160,human,0,128,0,1.283251,3.255670,4.177841
2160,human,1,49,0,1.159991,3.782431,4.387585
2160,lm,0,73,0,1.181134,3.244744,3.832476
2163,human,0,128,0,1.115103,3.381080,3.770253
2163,human,1,60,0,1.120139,3.719261,4.166088
2163,lm,0,128,0,1.216841,3.787329,4.608578
2163,lm,1,128,0,1.237395,2.589090,3.203727
2163,lm,2,40,0,1.092872,4.939584,5.398334
2164,human,0,127,0,1.212804,3.614048,4.383134
2164,lm,0,54,0,1.087089,5.101192,5.545450
2166,human,0,68,0,1.250787,2.569582,3.214001
2166,lm,0,26,0,1.051302,5.101592,5.363315
2167,human,0,83,0,1.063811,3.843032,4.088259
2167,lm,0,92,0,1.222400,2.820264,3.447491
2169,human,0,25,0,0.964549,7.453065,7.188849
2169,lm,0,35,0,1.086819,4.819735,5.238180
217,human,0,109,0,1.033631,3.889889,4.020709
217,lm,0,29,0,1.188311,4.648880,5.524315
2170,human,0,59,0,1.157859,3.844567,4.451469
2170,lm,0,31,0,1.030764,5.718929,5.894867
2171,human,0,92,0,1.069002,3.918561,4.188948
2171,lm,0,23,0,1.084344,5.901814,6.399597
2172,human,0,128,0,1.325128,2.398929,3.178887
2172,human,1,31,0,1.073200,6.558167,7.038226
2172,lm,0,21,0,1.057365,6.073750,6.422171
2173,human,0,128,0,1.045057,3.712210,3.879470
2173,human,1,128,0,1.074948,4.247651,4.566004
2173,human,2,128,0,1.035378,4.905523,5.079070
2173,human,3,128,0,1.086692,4.426887,4.810665
2173,human,4,49,0,1.067721,5.947355,6.350113
2173,lm,0,128,0,1.397130,2.341086,3.270802
2173,lm,1,12,0,1.072817,5.656096,6.067957
2174,human,0,128,0,1.070850,4.621915,4.949377
2174,human,1,128,0,1.115262,3.413544,3.806996
2174,human,2,128,0,1.028467,5.100988,5.246197
2174,human,3,128,0,1.083485,2.913168,3.156372
2174,human,4,128,0,1.010724,5.224901,5.280933
2174,human,5,128,0,1.089585,4.151265,4.523156
2174,human,6,128,0,1.048410,4.085451,4.283227
2174,human,7,128,0,1.141257,4.822062,5.503212
2174,human,8,128,0,1.071189,4.781742,5.122151
2174,human,9,128,0,0.934792,6.232402,5.825999
2174,human,10,99,0,0.989148,6.297038,6.228702
2174,lm,0,114,0,1.242578,3.679472,4.572031
2176,human,0,128,0,1.043189,5.213854,5.439035
2176,human,1,11,0,0.978962,6.508716,6.371783
2176,lm,0,9,0,0.960650,5.787202,5.559474
2177,human,0,128,0,1.137314,3.539243,4.025231
2177,human,1,128,0,1.276225,3.280379,4.186501
2177,human,2,128,0,1.133861,4.313020,4.890366
2177,human,3,17,0,1.077576,8.060179,8.685459
2177,lm,0,128,0,1.221374,3.866519,4.722467
2177,lm,1,128,0,1.068876,4.580249,4.895720
2177,lm,2,128,0,1.080818,4.905676,5.302140
2177,lm,3,20,0,0.933571,9.823191,9.170643
218,human,0,128,0,1.071405,3.077501,3.297250
218,human,1,128,0,1.013126,5.355390,5.425686
218,human,2,128,0,1.124629,3.413945,3.839421
218,human,3,9,0,0.986674,9.742155,9.612328
218,lm,0,64,0,1.111493,3.881076,4.313788
2180,human,0,76,0,1.085241,4.528183,4.914170
2180,lm,0,35,0,1.151052,3.395825,3.908772
2182,human,0,128,0,1.203005,3.358928,4.040807
2182,human,1,111,0,1.058830,4.756956,5.036806
2182,lm,0,128,0,1.149528,3.858612,4.435581
2182,lm,1,2,0,1.006303,10.277221,10.341996
2183,human,0,128,0,1.141339,3.709956,4.234317
2183,human,1,45,0,0.983805,6.589019,6.482311
2183,lm,0,33,0,1.003669,6.906002,6.931342
2184,human,0,128,0,1.236197,2.941684,3.636500
2184,human,1,25,0,0.988244,7.654662,7.564671
2184,lm,0,21,0,1.100284,6.051264,6.658107
2186,human,0,102,0,1.597794,1.900474,3.036566
2186,lm,0,7,0,0.976438,8.202194,8.008938
2187,human,0,114,0,1.229820,3.866132,4.754647
2187,lm,0,128,0,1.232542,2.802041,3.453634
2187,lm,1,6,0,0.995761,6.692112,6.663743
2188,human,0,39,0,1.183705,3.822383,4.524575
2188,lm,0,128,0,1.385257,2.732166,3.784751
2188,lm,1,116,0,1.223747,3.034597,3.713580
2190,human,0,13,0,0.983270,5.641062,5.546685
2190,lm,0,15,0,0.933902,6.717686,6.273661
2192,human,0,128,0,1.188147,3.867278,4.594895
2192,human,1,128,0,1.011058,5.345123,5.404230
2192,human,2,128,0,1.163416,2.949158,3.431098
2192,human,3,128,0,1.163932,2.601562,3.028040
2192,human,4,128,0,1.043452,3.811735,3.977364
2192,human,5,128,0,1.096499,2.881329,3.159374
2192,human,6,128,0,1.079434,4.979743,5.375303
2192,human,7,128,0,1.115181,4.532394,5.054440
2192,human,8,48,0,1.018723,7.112108,7.245270
2192,lm,0,128,0,1.393327,2.908353,4.052288
2192,lm,1,39,0,0.977666,7.405060,7.239676
2193,human,0,68,0,1.119420,5.077242,5.683567
2193,lm,0,42,0,1.064707,5.628208,5.992391
22,human,0,45,0,1.072736,4.555407,4.886747
22,lm,0,66,0,1.175077,4.196085,4.930722
2200,human,0,128,0,1.209159,2.806185,3.393125
2200,human,1,105,0,1.114974,3.637878,4.056140
2200,lm,0,30,0,1.034722,5.982296,6.190012
2202,human,0,128,0,1.143150,3.479877,3.978020
2202,human,1,128,0,1.056344,3.726820,3.936803
2202,lm,0,128,0,1.199137,2.781854,3.335823
2202,lm,1,61,0,1.044822,4.456046,4.655776
2204,human,0,128,0,1.155838,3.663239,4.234112
2204,human,1,110,0,1.205118,3.498103,4.215627
2204,lm,0,128,0,1.337679,2.816725,3.767873
2204,lm,1,94,0,1.124692,3.677620,4.136190
2206,human,0,49,0,1.052577,4.648679,4.893091
2206,lm,0,15,0,1.098083,5.125460,5.628181
2208,human,0,19,0,1.035117,4.981772,5.156719
2208,lm,0,31,0,1.165758,3.090649,3.602949
221,human,0,38,0,1.086788,4.856938,5.278460
221,lm,0,10,0,1.053343,7.427463,7.823669
2212,human,0,122,0,1.197119,3.943064,4.720315
2212,lm,0,128,0,1.146664,3.870796,4.438503
2212,lm,1,51,0,1.024162,4.827476,4.944115
2213,human,0,128,0,1.211014,3.497051,4.234977
2213,human,1,65,0,1.011699,6.542929,6.619475
2213,lm,0,21,0,0.988269,6.385115,6.310208
2217,human,0,66,0,1.050060,4.653157,4.886092
2217,lm,0,47,0,0.996508,6.042355,6.021253
2218,human,0,92,0,1.060147,5.222614,5.536739
2218,lm,0,37,0,1.190628,3.770478,4.489236
222,human,0,111,0,1.171024,3.125749,3.660326
222,lm,0,31,0,1.137046,2.998622,3.409572
2220,human,0,39,0,1.110243,4.242340,4.710030
2220,lm,0,7,0,0.996372,7.481855,7.454712
2221,human,0,32,0,1.031529,5.483500,5.656389
2221,lm,0,9,0,1.043825,6.028435,6.292633
2223,human,0,114,0,1.097159,3.248622,3.564255
2223,lm,0,128,0,1.197658,3.037519,3.637909
2223,lm,1,106,0,1.198887,3.073473,3.684748
2225,human,0,112,0,1.310324,2.638443,3.457216
2225,lm,0,122,0,1.349899,2.925397,3.948989
2226,human,0,27,0,1.027388,4.933780,5.068909
2226,lm,0,38,0,1.187523,3.920525,4.655713
2227,human,0,63,0,1.039634,4.243995,4.412201
2227,lm,0,54,0,1.163569,4.402524,5.122642
2229,human,0,104,0,1.120580,3.407053,3.817875
2229,lm,0,42,0,1.153567,4.239740,4.890824
223,human,0,85,0,1.193552,3.390142,4.046313
223,lm,0,15,0,1.026123,5.593665,5.739788
2231,human,0,67,0,1.103986,4.607434,5.086541
2231,lm,0,57,0,1.143756,3.930874,4.495958
2235,human,0,48,0,1.122653,4.418076,4.959964
2235,lm,0,10,0,1.012846,6.858380,6.946480
2237,human,0,93,0,1.101383,4.110186,4.526888
2237,lm,0,36,0,1.326588,2.905828,3.854836
2239,human,0,128,0,1.097801,4.550477,4.995517
2239,human,1,110,0,1.146593,3.378617,3.873898
2239,lm,0,101,0,1.107208,3.579635,3.963399
224,human,0,128,0,1.112965,3.938850,4.383802
224,human,1,18,0,1.023164,7.116761,7.281615
224,lm,0,54,0,1.121314,4.887476,5.480396
2240,human,0,102,0,1.180527,3.180269,3.754394
2240,lm,0,128,0,1.268269,3.922201,4.974407
2240,lm,1,127,0,1.126310,3.736548,4.208511
2241,human,0,43,0,1.165423,4.481386,5.222712
2241,lm,0,29,0,1.098477,5.982237,6.571349
2244,human,0,26,0,1.104931,3.469736,3.833817
2244,lm,0,13,0,1.001401,6.480454,6.489536
2245,human,0,76,0,1.218259,3.429846,4.178440
2245,lm,0,8,0,1.021615,7.532907,7.695729
2246,human,0,128,0,1.156742,3.132969,3.624036
2246,human,1,117,0,1.179174,2.941091,3.468059
2246,lm,0,48,0,1.141789,3.994401,4.560764
2247,human,0,128,0,1.200339,2.422478,2.907794
2247,human,1,26,0,1.021229,5.510427,5.627410
2247,lm,0,128,0,1.271699,2.909290,3.699742
2247,lm,1,128,0,1.173488,2.678540,3.143233
2247,lm,2,51,0,1.021210,5.207405,5.317855
2249,human,0,16,0,1.016586,6.483220,6.590751
2249,lm,0,13,0,1.033776,6.904742,7.137960
225,human,0,54,0,1.119706,4.639340,5.194698
225,lm,0,63,0,1.154209,4.335071,5.003579
2250,human,0,118,0,1.054030,4.110759,4.332862
2250,lm,0,128,0,1.281579,2.890195,3.704012
2250,lm,1,70,0,1.069683,4.473284,4.784994
2258,human,0,98,0,1.215878,3.101140,3.770609
2258,lm,0,12,0,1.035250,4.382975,4.537474
2259,human,0,13,0,1.035226,6.707892,6.944183
2259,lm,0,128,0,1.475973,3.076229,4.540431
2259,lm,1,128,0,1.129470,4.943800,5.583877
2259,lm,2,114,0,1.127665,3.946963,4.450852
226,human,0,59,0,1.254609,2.620158,3.287274
226,lm,0,77,0,1.277817,3.228696,4.125684
2261,human,0,128,0,1.407957,2.906085,4.091642
2261,human,1,128,0,1.242369,2.876575,3.573767
2261,human,2,128,0,1.121774,4.620416,5.183063
2261,human,3,128,0,1.108140,4.783851,5.301178
2261,human,4,91,0,1.037302,4.486114,4.653456
2261,lm,0,68,0,1.150701,3.559347,4.095744
2264,human,0,75,0,1.101117,4.253718,4.683839
2264,lm,0,52,0,1.065493,3.504894,3.734438
2265,human,0,123,0,1.100416,3.700698,4.072308
2265,lm,0,48,0,1.154035,4.491367,5.183194
2269,human,0,128,0,1.201454,2.436474,2.927311
2269,human,1,128,0,1.192464,3.283569,3.915538
2269,human,2,128,0,1.108459,3.469039,3.845288
2269,human,3,106,0,1.055808,4.522089,4.774457
2269,lm,0,128,0,1.240020,2.781062,3.448572
2269,lm,1,34,0,0.982735,7.559388,7.428876
2270,human,0,128,0,1.227301,2.371034,2.909971
2270,human,1,128,0,1.076233,3.264222,3.513065
2270,human,2,12,0,1.062367,7.710281,8.191152
2270,lm,0,10,0,1.017209,8.148888,8.289124
2271,human,0,104,0,1.131596,3.376961,3.821355
2271,lm,0,54,0,1.241380,3.201944,3.974831
2272,human,0,29,0,1.062067,5.881770,6.246835
2272,lm,0,10,0,1.040217,5.155645,5.362993
2275,human,0,73,0,1.195181,3.821225,4.567055
2275,lm,0,10,0,0.988667,10.816671,10.694089
2276,human,0,100,0,1.161967,3.786206,4.399448
2276,lm,0,19,0,1.107151,5.566532,6.162992
228,human,0,128,0,1.339403,1.959088,2.624008
228,human,1,82,0,1.132193,3.664394,4.148801
228,lm,0,11,0,1.064785,6.383379,6.796925
2281,human,0,128,0,1.314673,1.403825,1.845571
2281,human,1,8,0,1.012810,7.880361,7.981309
2281,lm,0,10,0,1.017340,6.351303,6.461434
2282,human,0,128,0,1.045624,4.131482,4.319975
2282,human,1,32,0,1.096006,4.315035,4.729303
2282,lm,0,11,0,1.001867,5.945506,5.956603
2283,human,0,128,0,1.431390,1.702009,2.436237
2283,human,1,35,0,1.113828,6.451039,7.185347
2283,lm,0,73,0,1.259521,3.183855,4.010132
2288,human,0,128,0,1.222082,2.847652,3.480063
2288,human,1,32,0,1.031009,6.715069,6.923297
2288,lm,0,31,0,0.976575,5.558664,5.428453
2289,human,0,128,0,1.129501,3.079938,3.478793
2289,human,1,128,0,1.105539,3.379864,3.736571
2289,human,2,128,0,1.264079,2.241337,2.833227
2289,human,3,128,0,1.143538,3.764586,4.304946
2289,human,4,128,0,1.173314,2.885780,3.385926
2289,human,5,128,0,1.056758,4.614557,4.876470
2289,human,6,128,0,1.113255,2.819845,3.139207
2289,human,7,128,0,1.087256,4.884801,5.311030
2289,human,8,128,0,1.016464,4.889283,4.969780
2289,human,9,128,0,1.049746,4.731067,4.966419
2289,human,10,128,0,0.942567,6.160351,5.806541
2289,human,11,128,0,0.991313,6.207626,6.153699
2289,human,12,128,0,1.101876,4.211481,4.640529
2289,human,13,30,0,1.008271,5.984519,6.034016
2289,lm,0,112,0,1.182033,2.918146,3.449345
2293,human,0,128,0,1.112465,4.139539,4.605093
2293,human,1,20,0,0.987392,7.910351,7.810616
2293,lm,0,47,0,1.183055,3.651263,4.319646
2297,human,0,121,0,1.221224,2.763340,3.374656
2297,lm,0,126,0,1.272148,2.017398,2.566429
2298,human,0,128,0,1.097938,4.614945,5.066925
2298,human,1,53,0,1.209077,4.362520,5.274625
2298,lm,0,30,0,1.116274,4.796546,5.354259
230,human,0,128,0,1.042174,6.490469,6.764197
230,human,1,128,0,1.099350,4.737073,5.207702
230,human,2,128,0,1.110776,5.372982,5.968180
230,human,3,128,0,1.157701,4.431116,5.129906
230,human,4,128,0,1.148142,4.528991,5.199923
230,human,5,128,0,1.131256,3.293684,3.725999
230,human,6,128,0,1.015128,4.696983,4.768038
230,human,7,128,0,0.947991,6.842108,6.486258
230,human,8,3,0,0.998213,11.009507,10.989832
230,lm,0,58,0,1.291409,4.194613,5.416962
2303,human,0,128,0,1.186429,2.685153,3.185742
2303,human,1,26,0,1.031936,7.511724,7.751618
2303,lm,0,76,0,1.186387,2.839272,3.368475
2306,human,0,68,0,1.208956,3.222380,3.895715
2306,lm,0,45,0,1.106438,4.788942,5.298668
2311,human,0,128,0,1.317632,2.928525,3.858719
2311,human,1,128,0,1.208369,2.960302,3.577137
2311,human,2,96,0,1.192341,3.226024,3.846520
2311,lm,0,75,0,1.210329,3.202533,3.876120
2315,human,0,33,0,1.022863,5.719666,5.850436
2315,lm,0,55,0,1.288669,2.998854,3.864531
2316,human,0,29,0,1.025551,5.115542,5.246250
2316,lm,0,45,0,1.130845,4.029241,4.556446
2318,human,0,88,0,1.040626,5.630823,5.859584
2318,lm,0,26,0,1.014246,8.784515,8.909660
2319,human,0,128,0,1.231929,2.637210,3.248857
2319,human,1,39,0,1.098286,4.341253,4.767937
2319,lm,0,128,0,1.289871,2.642454,3.408426
2319,lm,1,128,0,1.215430,2.991220,3.635620
2319,lm,2,84,0,1.090601,4.571200,4.985357
2320,human,0,59,0,1.237102,3.557692,4.401226
2320,lm,0,55,0,1.322230,3.084777,4.078783
2322,human,0,128,0,1.157394,4.831692,5.592169
2322,human,1,14,0,0.983761,7.113485,6.997968
2322,lm,0,112,0,1.494969,2.271745,3.396189
2323,human,0,12,0,1.082406,4.973664,5.383523
2323,lm,0,24,0,1.189228,4.544231,5.404127
2327,human,0,128,0,1.106160,3.482231,3.851906
2327,human,1,32,0,1.159931,3.849763,4.465459
2327,lm,0,128,0,1.592421,2.215797,3.528482
2327,lm,1,128,0,1.055850,5.130885,5.417443
2327,lm,2,128,0,1.104551,4.736032,5.231187
2327,lm,3,98,0,1.155040,3.367238,3.889294
2331,human,0,42,0,1.093228,4.285534,4.685066
2331,lm,0,6,0,1.009623,6.763025,6.828105
2332,human,0,87,0,1.084443,4.799623,5.204916
2332,lm,0,70,0,1.286638,3.428152,4.410790
2334,human,0,128,0,1.294942,2.121799,2.747607
2334,human,1,128,0,1.143711,3.879414,4.436930
2334,human,2,128,0,1.104248,3.468450,3.830029
2334,human,3,23,0,1.011097,7.198088,7.277964
2334,lm,0,128,0,1.361041,2.168605,2.951559
2334,lm,1,48,0,1.187098,2.877769,3.416193
2335,human,0,35,0,1.085217,4.321809,4.690102
2335,lm,0,10,0,1.003292,8.237993,8.265114
2337,human,0,121,0,1.144555,3.304511,3.782196
2337,lm,0,34,0,1.080824,5.077354,5.487727
2338,human,0,59,0,1.162120,3.561313,4.138673
2338,lm,0,10,0,1.034817,7.163191,7.412592
2339,human,0,128,0,1.130900,4.112531,4.650859
2339,human,1,7,0,0.958268,11.431473,10.954418
2339,lm,0,114,0,1.255462,3.328933,4.179350
2341,human,0,40,0,1.115009,4.193433,4.675715
2341,lm,0,7,0,1.052638,5.265749,5.542925
2342,human,0,128,0,1.119647,2.133739,2.389035
2342,human,1,11,0,0.986664,9.564301,9.436747
2342,lm,0,92,0,1.249313,3.211302,4.011919
2345,human,0,89,0,1.135266,3.244475,3.683342
2345,lm,0,80,0,1.335195,1.771309,2.365044
2346,human,0,128,0,1.147011,3.221987,3.695655
2346,human,1,41,0,1.045152,5.766510,6.026880
2346,lm,0,120,0,1.275988,2.619108,3.341951
2348,human,0,128,0,1.147913,3.234815,3.713286
2348,human,1,128,0,1.179302,4.272170,5.038178
2348,human,2,128,0,1.218618,3.835252,4.673708
2348,human,3,103,0,1.118351,4.066189,4.547428
2348,lm,0,128,0,1.435098,2.713295,3.893845
2348,lm,1,128,0,1.311677,2.733300,3.585208
2348,lm,2,128,0,1.077419,3.749398,4.039672
2348,lm,3,128,0,1.160676,4.136647,4.801307
2348,lm,4,6,0,1.066964,5.677451,6.057637
2351,human,0,128,0,1.192765,3.011415,3.591911
2351,human,1,92,0,1.018900,5.572225,5.677539
2351,lm,0,69,0,1.178453,2.627870,3.096823
2354,human,0,79,0,1.249459,3.602062,4.500629
2354,lm,0,128,0,1.185904,4.068329,4.824646
2354,lm,1,128,0,1.157902,3.609935,4.179950
2354,lm,2,47,0,1.200709,3.762237,4.517352
236,human,0,128,0,1.262125,2.852401,3.600086
236,human,1,121,0,1.106208,3.605302,3.988212
236,lm,0,128,0,1.302535,2.820791,3.674178
236,lm,1,13,0,1.126623,6.336457,7.138799
2360,human,0,76,0,1.093277,4.459496,4.875463
2360,lm,0,55,0,1.054036,5.379566,5.670256
2364,human,0,44,0,1.168543,5.176905,6.049435
2364,lm,0,128,0,1.185404,3.067205,3.635878
2364,lm,1,61,0,1.205065,3.357828,4.046402
2371,human,0,128,0,1.250194,3.464369,4.331133
2371,human,1,128,0,1.040723,4.991131,5.194387
2371,human,2,75,0,1.145800,4.633038,5.308536
2371,lm,0,64,0,1.084445,5.204314,5.643790
2372,human,0,52,0,1.371776,2.851707,3.911905
2372,lm,0,95,0,1.281610,1.743144,2.234031
2376,human,0,38,0,1.122994,4.399463,4.940570
2376,lm,0,50,0,1.140046,4.471173,5.097342
2378,human,0,64,0,1.171993,3.273557,3.836587
2378,lm,0,10,0,1.003330,8.819414,8.848781
238,human,0,128,0,1.210471,2.998463,3.629554
238,human,1,30,0,1.066971,5.731759,6.115621
238,lm,0,10,0,1.039453,6.529373,6.786979
2383,human,0,128,0,1.200516,2.852867,3.424912
2383,human,1,33,0,1.025496,5.710594,5.856189
2383,lm,0,104,0,1.241150,2.729367,3.387553
2387,human,0,122,0,0.997691,4.633147,4.622448
2387,lm,0,128,0,1.232495,3.263679,4.022468
2387,lm,1,80,0,1.175810,4.680017,5.502811
2388,human,0,74,0,1.113580,3.270534,3.642002
2388,lm,0,23,0,1.062929,4.342662,4.615942
2389,human,0,89,0,1.152993,3.598107,4.148591
2389,lm,0,9,0,0.983500,6.412708,6.306897
2392,human,0,128,0,1.088571,3.658011,3.982006
2392,human,1,25,0,1.030963,6.213903,6.406307
2392,lm,0,128,0,1.206184,2.981726,3.596510
2392,lm,1,128,0,1.101995,2.832517,3.121420
2392,lm,2,15,0,1.011955,5.361438,5.425532
2393,human,0,128,0,1.132272,3.583903,4.057953
2393,human,1,7,0,1.039872,4.241066,4.410164
2393,lm,0,24,0,1.157005,4.703897,5.442430
2400,human,0,128,0,1.070335,4.376678,4.684511
2400,human,1,57,0,1.029484,5.195147,5.348319
2400,lm,0,29,0,1.239102,4.444083,5.506674
2401,human,0,78,0,1.010733,5.941108,6.004873
2401,lm,0,11,0,1.040415,4.964139,5.164763
2403,human,0,69,0,1.257018,2.640481,3.319131
2403,lm,0,34,0,1.247495,2.164815,2.700596
2407,human,0,52,0,1.083839,5.067603,5.492467
2407,lm,0,29,0,1.195499,3.511804,4.198357
241,human,0,55,0,1.126277,3.949637,4.448387
241,lm,0,54,0,1.079032,4.714541,5.087139
2410,human,0,55,0,1.092059,4.129751,4.509933
2410,lm,0,25,0,1.016757,7.749333,7.879187
2411,human,0,41,0,1.099830,4.602282,5.061727
2411,lm,0,11,0,1.008303,8.503081,8.573686
2413,human,0,85,0,1.333849,3.231262,4.310015
2413,lm,0,16,0,1.071975,6.475587,6.941667
2416,human,0,52,0,1.155569,3.414219,3.945365
2416,lm,0,128,0,1.427475,2.524804,3.604095
2416,lm,1,2,0,1.107171,8.111928,8.981290
2418,human,0,49,0,1.094045,5.792921,6.337717
2418,lm,0,20,0,0.994251,8.791485,8.740943
2419,human,0,51,0,1.339836,3.083423,4.131282
2419,lm,0,41,0,1.270489,2.215429,2.814678
2420,human,0,14,0,1.099958,4.300186,4.730024
2420,lm,0,6,0,1.035942,5.914511,6.127092
2421,human,0,128,0,1.346891,2.947596,3.970091
2421,human,1,128,0,1.235636,3.390523,4.189453
2421,human,2,128,0,1.140486,4.028642,4.594610
2421,human,3,12,0,0.983270,7.331171,7.208523
2421,lm,0,128,0,1.363132,2.138262,2.914734
2421,lm,1,20,0,1.005054,7.189771,7.226106
2425,human,0,128,0,1.176850,4.039595,4.753998
2425,human,1,128,0,1.121746,3.553749,3.986404
2425,human,2,128,0,1.060152,4.709255,4.992527
2425,human,3,128,0,1.128530,3.481756,3.929267
2425,human,4,128,0,1.117489,3.202830,3.579127
2425,human,5,25,0,1.047449,4.990699,5.227502
2425,lm,0,128,0,1.375212,2.566848,3.529960
2425,lm,1,45,0,1.294385,4.079967,5.281049
2426,human,0,74,0,1.134109,3.337191,3.784738
2426,lm,0,128,0,1.229070,3.098899,3.808764
2426,lm,1,47,0,1.043255,5.440879,5.676224
2428,human,0,128,0,1.445196,2.094150,3.026459
2428,human,1,58,0,1.089946,4.896380,5.336792
2428,lm,0,128,0,1.510788,1.776821,2.684400
2428,lm,1,53,0,1.185823,3.762119,4.461207
2429,human,0,68,0,1.112518,5.733582,6.378713
2429,lm,0,116,0,1.298526,2.905921,3.773413
2431,human,0,128,0,1.076840,2.949260,3.175882
2431,human,1,89,0,1.214496,3.417229,4.150212
2431,lm,0,128,0,1.209724,3.109294,3.761388
2431,lm,1,128,0,1.056150,3.742844,3.953004
2431,lm,2,128,0,1.141088,3.659182,4.175450
2431,lm,3,125,0,1.116998,3.818867,4.265668
2432,human,0,20,0,1.000498,5.655269,5.658084
2432,lm,0,57,0,1.322175,2.752980,3.639922
2437,human,0,79,0,1.010192,6.015447,6.076758
2437,lm,0,10,0,0.974140,7.867830,7.664370
244,human,0,123,0,1.204531,2.323979,2.799304
244,lm,0,70,0,1.245803,3.566961,4.443732
2440,human,0,128,0,1.170339,3.823902,4.475262
2440,human,1,28,0,1.025819,6.512684,6.680838
2440,lm,0,26,0,1.094192,5.545777,6.068144
2441,human,0,128,0,1.203177,3.546377,4.266919
2441,human,1,77,0,1.156743,4.912129,5.682072
2441,lm,0,93,0,1.097909,4.350446,4.776392
2442,human,0,57,0,1.327269,3.435304,4.559571
2442,lm,0,44,0,1.204535,3.585135,4.318420
2445,human,0,35,0,1.085334,5.205435,5.649635
2445,lm,0,73,0,1.066910,4.396960,4.691158
2446,human,0,54,0,1.118523,3.926690,4.392092
2446,lm,0,128,0,1.228278,3.134329,3.849827
2446,lm,1,78,0,1.125037,4.051544,4.558138
2448,human,0,128,0,1.419401,2.622211,3.721968
2448,human,1,128,0,1.218629,2.557974,3.117221
2448,human,2,128,0,1.210757,2.847085,3.447127
2448,human,3,8,0,1.018597,7.056921,7.188162
2448,lm,0,128,0,1.234737,2.995363,3.698487
2448,lm,1,128,0,1.245790,3.345996,4.168407
2448,lm,2,128,0,1.165674,3.740220,4.359875
2448,lm,3,128,0,1.121071,3.983737,4.466052
2448,lm,4,128,0,1.140902,4.180484,4.769525
2448,lm,5,43,0,1.091823,5.287982,5.773541
2449,human,0,128,0,1.285500,1.601037,2.058133
2449,human,1,39,0,1.083734,4.949312,5.363739
2449,lm,0,102,0,1.169574,2.849959,3.333237
245,human,0,63,0,1.126435,5.403934,6.087183
245,lm,0,59,0,1.229452,5.181163,6.369992
2450,human,0,128,0,1.146658,4.439786,5.090916
2450,human,1,26,0,1.060053,6.836066,7.246594
2450,lm,0,128,0,1.492969,3.282491,4.900658
2450,lm,1,30,0,0.945526,5.732300,5.420036
2452,human,0,128,0,1.098959,4.200758,4.616461
2452,human,1,128,0,1.064632,4.267637,4.543462
2452,human,2,107,0,1.141043,2.919858,3.331684
2452,lm,0,128,0,1.351905,2.209917,2.987598
2452,lm,1,87,0,1.317034,2.583017,3.401920
2455,human,0,112,0,1.290295,2.664768,3.438338
2455,lm,0,128,0,1.225634,3.717396,4.556166
2455,lm,1,95,0,1.170580,3.442446,4.029660
2456,human,0,29,0,1.092637,5.468099,5.974650
2456,lm,0,128,0,1.327003,2.467761,3.274726
2456,lm,1,36,0,1.131873,3.836674,4.342629
2458,human,0,49,0,1.240630,3.617964,4.488554
2458,lm,0,21,0,1.020231,6.186677,6.311841
246,human,0,128,0,1.183356,4.674133,5.531163
246,human,1,39,0,0.942507,6.017846,5.671863
246,lm,0,128,0,1.198702,3.174140,3.804848
246,lm,1,128,0,1.096741,4.364119,4.786309
246,lm,2,128,0,1.038960,4.577641,4.755986
246,lm,3,15,0,0.942813,11.947968,11.264704
2460,human,0,128,0,1.137503,3.925549,4.465324
2460,human,1,128,0,1.194221,3.204645,3.827053
2460,human,2,128,0,1.052367,4.265509,4.488880
2460,human,3,128,0,1.137508,4.371480,4.972591
2460,human,4,29,0,1.027475,7.334725,7.536249
2460,lm,0,108,0,1.171169,2.944811,3.448872
2464,human,0,128,0,1.074625,4.158091,4.468390
2464,human,1,36,0,1.132796,4.448024,5.038704
2464,lm,0,61,0,1.128729,5.011970,5.657154
2466,human,0,78,0,1.314820,1.840877,2.420422
2466,lm,0,49,0,1.261752,2.926434,3.692434
2467,human,0,128,0,1.234291,2.951155,3.642585
2467,human,1,13,0,1.024316,8.127575,8.325204
2467,lm,0,128,0,1.423247,2.190113,3.117071
2467,lm,1,119,0,1.240058,2.944035,3.650773
2469,human,0,68,0,1.126032,3.488312,3.927949
2469,lm,0,82,0,1.175146,3.928090,4.616078
247,human,0,41,0,1.178865,4.835060,5.699885
247,lm,0,13,0,1.047121,6.294122,6.590710
2473,human,0,79,0,1.294761,2.778172,3.597068
2473,lm,0,12,0,1.051119,5.741563,6.035067
2475,human,0,105,0,1.067764,4.880061,5.210753
2475,lm,0,20,0,1.089072,4.913696,5.351367
2478,human,0,128,0,1.199196,2.536421,3.041665
2478,human,1,8,0,1.058584,8.771092,9.284941
2478,lm,0,128,0,1.400323,2.186976,3.062474
2478,lm,1,1,0,nan,nan,nan
2480,human,0,49,0,1.065089,5.514107,5.873013
2480,lm,0,11,0,1.055038,5.113941,5.395403
2481,human,0,43,0,1.042473,5.623047,5.861873
2481,lm,0,126,0,1.342528,2.882383,3.869679
2483,human,0,106,0,1.248121,2.710507,3.383042
2483,lm,0,128,0,1.166350,3.302429,3.851789
2483,lm,1,82,0,1.256567,2.022482,2.541384
2487,human,0,128,0,1.113708,2.931515,3.264854
2487,human,1,23,0,1.146686,2.987832,3.426105
2487,lm,0,81,0,1.161623,2.872388,3.336632
2494,human,0,128,0,1.170675,4.598603,5.383468
2494,human,1,128,0,1.034545,5.000068,5.172793
2494,human,2,70,0,1.086353,6.191731,6.726406
2494,lm,0,35,0,1.004585,6.096015,6.123967
2495,human,0,128,0,1.133023,4.041655,4.579287
2495,human,1,128,0,1.066339,5.172485,5.515625
2495,human,2,128,0,1.018910,5.220431,5.319147
2495,human,3,128,0,1.057596,3.622025,3.830638
2495,human,4,128,0,1.273805,2.231705,2.842758
2495,human,5,128,0,1.078117,4.227651,4.557903
2495,human,6,128,0,1.211794,3.738318,4.530071
2495,human,7,62,0,1.147463,3.283450,3.767639
2495,lm,0,128,0,1.233410,2.883110,3.556056
2495,lm,1,4,0,1.006684,7.994760,8.048200
2496,human,0,128,0,1.202873,2.750819,3.308886
2496,human,1,34,0,1.142951,4.433064,5.066777
2496,lm,0,62,0,1.103609,3.786904,4.179263
2498,human,0,63,0,1.187095,4.055560,4.814335
2498,lm,0,86,0,1.101664,4.459067,4.912395
250,human,0,101,0,1.216927,1.562937,1.901981
250,lm,0,15,0,1.125122,2.708452,3.047339
2504,human,0,32,0,1.035033,6.592556,6.823512
2504,lm,0,31,0,1.083518,6.321815,6.849802
2505,human,0,118,0,1.202944,3.877686,4.664637
2505,lm,0,22,0,1.174308,3.915330,4.597804
2507,human,0,47,0,1.151921,4.491400,5.173739
2507,lm,0,17,0,1.096495,5.005548,5.488559
2508,human,0,45,0,1.072006,3.803261,4.077117
2508,lm,0,12,0,0.995506,7.324728,7.291808
2509,human,0,22,0,0.993477,7.210953,7.163914
2509,lm,0,79,0,1.195251,4.529325,5.413680
2512,human,0,92,0,1.066828,4.714520,5.029584
2512,lm,0,117,0,1.253116,3.985094,4.993785
2514,human,0,13,0,1.086500,5.918264,6.430196
2514,lm,0,21,0,1.076976,4.620273,4.975924
2517,human,0,128,0,1.181210,3.962698,4.680780
2517,human,1,128,0,1.260707,3.290715,4.148626
2517,human,2,74,0,1.088199,5.146251,5.600147
2517,lm,0,128,0,1.181456,3.462671,4.090995
2517,lm,1,128,0,1.145654,3.540853,4.056593
2517,lm,2,128,0,1.185390,3.927813,4.655988
2517,lm,3,128,0,1.175478,3.042311,3.576171
2517,lm,4,128,0,1.254986,2.588806,3.248915
2517,lm,5,128,0,1.172672,4.023897,4.718710
2517,lm,6,8,0,0.980739,6.506084,6.380769
2518,human,0,128,0,1.324174,1.448748,1.918393
2518,human,1,128,0,1.522164,1.546103,2.353422
2518,human,2,128,0,1.313412,3.281437,4.309879
2518,human,3,27,0,1.185011,3.678424,4.358972
2518,lm,0,81,0,1.191439,2.854737,3.401246
2522,human,0,128,0,1.053555,4.668899,4.918944
2522,human,1,56,0,1.010904,6.382748,6.452349
2522,lm,0,10,0,1.058716,7.107772,7.525115
2523,human,0,24,0,1.031447,5.119628,5.280625
2523,lm,0,93,0,1.335408,3.538103,4.724810
2525,human,0,51,0,1.101476,5.574524,6.140202
2525,lm,0,8,0,1.017225,7.102753,7.225094
2529,human,0,78,0,1.050322,5.276756,5.542293
2529,lm,0,50,0,1.200634,3.741825,4.492564
253,human,0,103,0,1.109630,4.320791,4.794481
253,lm,0,6,0,1.026904,7.263762,7.459186
2532,human,0,86,0,1.204853,3.445236,4.151005
2532,lm,0,60,0,1.218413,4.058886,4.945397
2533,human,0,118,0,1.179927,2.552877,3.012208
2533,lm,0,42,0,1.250835,2.909577,3.639400
2536,human,0,128,0,1.263987,3.065699,3.875002
2536,human,1,118,0,1.235545,2.976709,3.677858
2536,lm,0,66,0,1.378844,1.892840,2.609930
2538,human,0,115,0,1.120514,4.514279,5.058313
2538,lm,0,45,0,1.109941,4.536317,5.035045
2539,human,0,128,0,1.217509,3.403583,4.143892
2539,human,1,128,0,1.017779,5.755097,5.857419
2539,human,2,128,0,1.150842,3.312789,3.812495
2539,human,3,128,0,1.027982,3.618989,3.720255
2539,human,4,43,0,1.075232,3.638736,3.912486
2539,lm,0,87,0,1.202028,3.053776,3.670723
254,human,0,128,0,1.076113,4.488853,4.830512
254,human,1,45,0,1.049804,6.267228,6.579361
254,lm,0,9,0,0.989962,8.963842,8.873866
2541,human,0,64,0,1.164567,3.400991,3.960682
2541,lm,0,51,0,1.172845,3.594001,4.215206
2543,human,0,128,0,1.108299,3.525310,3.907097
2543,human,1,128,0,0.901608,6.039485,5.445248
2543,human,2,2,0,1.041109,5.416501,5.639167
2543,lm,0,128,0,1.059149,5.225896,5.535001
2543,lm,1,128,0,1.075460,5.309441,5.710090
2543,lm,2,112,0,1.063224,5.164490,5.491009
2545,human,0,24,0,1.153148,3.245595,3.742650
2545,lm,0,128,0,1.361182,2.218572,3.019880
2545,lm,1,12,0,1.050674,5.162148,5.423737
2548,human,0,128,0,1.253321,2.507208,3.142335
2548,human,1,102,0,1.079338,3.090420,3.335607
2548,lm,0,67,0,1.196823,3.359066,4.020206
2549,human,0,128,0,1.277505,2.055340,2.625706
2549,human,1,128,0,1.216560,2.948751,3.587334
2549,human,2,49,0,1.112834,4.695354,5.225150
2549,lm,0,128,0,1.289298,2.289238,2.951511
2549,lm,1,48,0,1.150999,4.274829,4.920322
255,human,0,51,0,1.012049,4.891187,4.950120
255,lm,0,128,0,1.302732,3.031477,3.949202
255,lm,1,1,0,1.000000,5.655572,5.655572
2552,human,0,35,0,1.100153,4.997530,5.498046
2552,lm,0,91,0,1.191586,2.811901,3.350622
2554,human,0,128,0,1.317651,1.704772,2.246294
2554,human,1,128,0,1.234081,1.644160,2.029027
2554,human,2,128,0,1.246351,1.591642,1.983744
2554,human,3,128,0,1.276801,1.361344,1.738165
2554,human,4,128,0,1.184525,2.114535,2.504720
2554,human,5,128,0,1.150143,1.984031,2.281919
2554,human,6,118,0,1.121373,3.226680,3.618313
2554,lm,0,128,0,1.222093,2.533074,3.095652
2554,lm,1,14,0,1.269366,4.724331,5.996906
2556,human,0,128,0,1.125709,4.532035,5.101753
2556,human,1,128,0,1.036608,6.196340,6.423177
2556,human,2,128,0,1.110332,3.392305,3.766585
2556,human,3,128,0,0.986594,6.610103,6.521486
2556,human,4,128,0,0.997671,6.158145,6.143800
2556,human,5,128,0,1.011962,6.157703,6.231363
2556,human,6,44,0,1.021816,6.704817,6.851088
2556,lm,0,128,0,1.125364,3.512667,3.953029
2556,lm,1,74,0,1.141533,3.608852,4.119623
2557,human,0,128,0,1.076274,4.478612,4.820215
2557,human,1,128,0,1.096972,3.803368,4.172187
2557,human,2,128,0,1.077928,4.356616,4.696118
2557,human,3,82,0,1.053009,4.447466,4.683222
2557,lm,0,128,0,1.237403,2.671320,3.305499
2557,lm,1,128,0,1.206907,2.581301,3.115391
2557,lm,2,69,0,1.109955,5.802374,6.440375
256,human,0,128,0,1.170035,3.595768,4.207174
256,human,1,128,0,1.131845,3.701604,4.189641
256,human,2,58,0,1.172240,4.461642,5.230117
256,lm,0,78,0,1.178519,3.706206,4.367835
2562,human,0,94,0,1.252827,2.021781,2.532941
2562,lm,0,10,0,0.993601,4.435104,4.406724
2563,human,0,128,0,1.066739,4.671136,4.982881
2563,human,1,128,0,1.094835,3.948575,4.323039
2563,human,2,128,0,1.159702,3.623587,4.202280
2563,human,3,66,0,1.128427,4.038271,4.556896
2563,lm,0,128,0,1.200211,2.841396,3.410274
2563,lm,1,90,0,1.242146,3.663480,4.550578
2564,human,0,128,0,1.116191,4.322416,4.824640
2564,human,1,128,0,1.225691,3.535414,4.333327
2564,human,2,128,0,1.159677,3.995180,4.633119
2564,human,3,128,0,1.445146,2.498088,3.610102
2564,human,4,119,0,1.133735,3.716761,4.213821
2564,lm,0,128,0,1.262171,2.393269,3.020715
2564,lm,1,92,0,1.259753,1.819091,2.291605
2565,human,0,25,0,1.091312,3.848963,4.200419
2565,lm,0,19,0,1.117614,6.038663,6.748894
2566,human,0,18,0,1.178747,4.746004,5.594338
2566,lm,0,16,0,1.146256,4.830362,5.536829
257,human,0,38,0,1.054043,6.108217,6.438323
257,lm,0,11,0,1.027298,6.800025,6.985656
2570,human,0,128,0,1.184747,3.189935,3.779265
2570,human,1,128,0,1.164213,4.314088,5.022516
2570,human,2,128,0,1.083551,4.692037,5.084059
2570,human,3,128,0,1.165041,4.256794,4.959339
2570,human,4,90,0,1.201537,4.633864,5.567759
2570,lm,0,128,0,1.235738,2.628102,3.247645
2570,lm,1,128,0,1.182011,4.081862,4.824808
2570,lm,2,128,0,1.088326,4.413688,4.803532
2570,lm,3,59,0,1.125653,4.092546,4.606787
2574,human,0,21,0,0.990846,7.290482,7.223743
2574,lm,0,35,0,1.044883,6.720385,7.022019
2576,human,0,19,0,1.048530,5.276716,5.532793
2576,lm,0,65,0,1.152839,4.328048,4.989543
2577,human,0,60,0,1.064366,3.855755,4.103935
2577,lm,0,27,0,0.995470,7.010735,6.978973
258,human,0,107,0,1.450052,2.317785,3.360909
258,lm,0,14,0,1.138172,4.589836,5.224025
2580,human,0,68,0,1.038636,4.846938,5.034202
2580,lm,0,73,0,1.242447,3.039914,3.776932
2581,human,0,41,0,1.066823,5.433149,5.796211
2581,lm,0,31,0,1.084952,5.360967,5.816393
2582,human,0,89,0,1.077402,4.803672,5.175488
2582,lm,0,101,0,1.146592,3.544261,4.063823
2583,human,0,128,0,1.349019,3.064134,4.133573
2583,human,1,128,0,1.063249,4.071465,4.328979
2583,human,2,128,0,1.084703,4.308490,4.673434
2583,human,3,128,0,1.088348,4.803367,5.227735
2583,human,4,90,0,1.051825,5.278502,5.552062
2583,lm,0,91,0,1.218731,3.461950,4.219187
2585,human,0,60,0,1.089388,4.381162,4.772787
2585,lm,0,46,0,1.066299,6.089280,6.492992
2586,human,0,46,0,1.073566,5.106296,5.481943
2586,lm,0,128,0,1.276008,2.311034,2.948898
2586,lm,1,12,0,1.197788,6.299629,7.545617
2587,human,0,90,0,1.215922,3.189804,3.878553
2587,lm,0,78,0,1.180496,3.343567,3.947068
2588,human,0,128,0,1.166478,3.325288,3.878874
2588,human,1,62,0,1.138423,4.853179,5.524969
2588,lm,0,128,0,1.313099,2.663175,3.497012
2588,lm,1,128,0,1.137884,3.827610,4.355374
2588,lm,2,25,0,1.014311,6.407332,6.499025
259,human,0,128,0,1.139745,2.653615,3.024443
259,human,1,128,0,1.071438,4.485573,4.806015
259,human,2,128,0,1.169460,3.458784,4.044908
259,human,3,42,0,1.065279,6.573526,7.002642
259,lm,0,128,0,1.146380,2.703449,3.099179
259,lm,1,14,0,0.942948,10.554806,9.952636
2590,human,0,72,0,1.102127,4.278115,4.715026
2590,lm,0,87,0,1.155818,2.444420,2.825304
2592,human,0,128,0,1.168926,3.712580,4.339730
2592,human,1,128,0,1.099801,4.852345,5.336612
2592,human,2,43,0,1.167967,4.954815,5.787061
2592,lm,0,128,0,1.325974,3.597997,4.770850
2592,lm,1,41,0,1.064677,5.307860,5.651159
2593,human,0,128,0,1.192772,2.794889,3.333665
2593,human,1,88,0,1.234849,3.572177,4.411100
2593,lm,0,128,0,1.423516,1.754303,2.497278
2593,lm,1,116,0,1.283081,2.355865,3.022766
2594,human,0,128,0,1.138202,2.360069,2.686235
2594,human,1,66,0,1.098320,4.072639,4.473060
2594,lm,0,48,0,1.189647,3.171582,3.773063
2596,human,0,128,0,1.168899,2.652157,3.100104
2596,human,1,26,0,1.097767,4.450783,4.885925
2596,lm,0,128,0,1.393567,2.286119,3.185861
2596,lm,1,107,0,1.328527,2.237886,2.973093
2598,human,0,128,0,1.235133,3.723051,4.598463
2598,human,1,128,0,1.109598,3.416874,3.791356
2598,human,2,128,0,1.266037,1.754634,2.221432
2598,human,3,100,0,1.062110,5.499288,5.840850
2598,lm,0,67,0,1.095735,4.699149,5.149023
26,human,0,57,0,1.207567,3.882019,4.687798
26,lm,0,65,0,1.433084,2.242247,3.213327
2601,human,0,79,0,1.173163,2.949083,3.459755
2601,lm,0,13,0,1.013880,6.384685,6.473306
2602,human,0,128,0,1.122574,3.353871,3.764967
2602,human,1,128,0,1.151525,3.418550,3.936547
2602,human,2,18,0,1.005760,4.834715,4.862564
2602,lm,0,128,0,1.124078,2.792083,3.138521
2602,lm,1,15,0,0.968511,8.483228,8.216100
2604,human,0,102,0,1.169479,2.593606,3.033168
2604,lm,0,128,0,1.284855,1.971290,2.532822
2604,lm,1,9,0,1.050439,6.892951,7.240626
2607,human,0,12,0,0.981131,7.110651,6.976477
2607,lm,0,24,0,1.049560,4.850013,5.090378
2608,human,0,39,0,1.028062,5.437778,5.590372
2608,lm,0,128,0,1.310330,2.125737,2.785417
2608,lm,1,50,0,1.136740,4.262675,4.845554
2609,human,0,54,0,1.183262,2.692377,3.185788
2609,lm,0,69,0,1.116839,3.225251,3.602085
2613,human,0,128,0,1.072111,4.005090,4.293900
2613,human,1,128,0,1.066929,4.806652,5.128355
2613,human,2,128,0,1.054253,4.832749,5.094939
2613,human,3,128,0,1.042777,4.999664,5.213534
2613,human,4,128,0,0.986782,5.799236,5.722582
2613,human,5,128,0,1.049096,5.519661,5.790652
2613,human,6,128,0,1.026131,6.221911,6.384494
2613,human,7,128,0,0.977127,5.533523,5.406954
2613,human,8,28,0,1.027022,6.149022,6.315179
2613,lm,0,85,0,1.322281,2.248144,2.972678
2614,human,0,128,0,1.163440,3.100527,3.607277
2614,human,1,128,0,1.024414,4.236775,4.340214
2614,human,2,128,0,1.124150,4.293731,4.826798
2614,human,3,111,0,1.164852,3.834035,4.466082
2614,lm,0,128,0,1.225520,3.819176,4.680475
2614,lm,1,57,0,1.152161,3.946314,4.546789
2615,human,0,128,0,1.351796,3.215365,4.346519
2615,human,1,128,0,1.059741,4.359037,4.619448
2615,human,2,112,0,0.965400,6.805346,6.569879
2615,lm,0,128,0,1.377930,3.263114,4.496344
2615,lm,1,102,0,1.156072,3.577743,4.136130
2616,human,0,128,0,1.229642,3.512573,4.319209
2616,human,1,64,0,1.089159,5.524225,6.016757
2616,lm,0,105,0,1.199329,3.369296,4.040894
2618,human,0,70,0,1.141087,2.956483,3.373605
2618,lm,0,42,0,1.039581,5.614337,5.836558
2620,human,0,86,0,1.105725,3.743559,4.139347
2620,lm,0,6,0,1.017417,6.770190,6.888106
2626,human,0,128,0,1.126139,3.327908,3.747688
2626,human,1,128,0,1.048214,5.787081,6.066100
2626,human,2,65,0,1.048366,5.961042,6.249351
2626,lm,0,128,0,1.410841,2.197092,3.099747
2626,lm,1,128,0,1.270250,3.612319,4.588547
2626,lm,2,128,0,1.136307,3.238367,3.679778
2626,lm,3,62,0,1.046819,5.302274,5.550522
2627,human,0,57,0,0.987911,6.142423,6.068166
2627,lm,0,23,0,0.996119,6.707085,6.681058
2628,human,0,118,0,1.107731,3.492704,3.868975
2628,lm,0,37,0,1.125466,5.127047,5.770317
2632,human,0,61,0,1.072489,5.160289,5.534353
2632,lm,0,128,0,1.163057,3.548101,4.126644
2632,lm,1,39,0,0.995436,5.721513,5.695399
2633,human,0,128,0,1.256853,2.929955,3.682523
2633,human,1,128,0,1.109754,3.932271,4.363854
2633,human,2,128,0,1.110330,3.730828,4.142450
2633,human,3,128,0,1.109287,3.789479,4.203620
2633,human,4,65,0,1.062149,6.828763,7.253162
2633,lm,0,128,0,1.328499,3.356622,4.459269
2633,lm,1,128,0,1.238329,3.072970,3.805348
2633,lm,2,128,0,1.064636,3.337554,3.553280
2633,lm,3,128,0,1.254189,3.742734,4.694095
2633,lm,4,128,0,1.258140,3.171894,3.990687
2633,lm,5,33,0,0.972696,9.193067,8.942057
2635,human,0,16,0,1.014285,4.921953,4.992262
2635,lm,0,128,0,1.466654,1.500153,2.200206
2635,lm,1,116,0,1.240851,2.367393,2.937582
2637,human,0,128,0,1.315787,2.232723,2.937788
2637,human,1,120,0,1.203445,2.608228,3.138859
2637,lm,0,128,0,1.319657,2.308664,3.046644
2637,lm,1,128,0,1.223366,2.360526,2.887789
2637,lm,2,82,0,1.283420,2.133354,2.737989
2638,human,0,25,0,1.018613,6.036046,6.148397
2638,lm,0,89,0,1.182597,3.810785,4.506623
264,human,0,128,0,1.222280,2.782877,3.401455
264,human,1,30,0,1.111061,6.081845,6.757303
264,lm,0,128,0,1.414565,1.695957,2.399041
264,lm,1,58,0,1.238515,2.940698,3.642098
2640,human,0,128,0,1.184612,2.913006,3.450781
2640,human,1,78,0,1.085984,2.939070,3.191784
2640,lm,0,128,0,1.216276,2.906818,3.535493
2640,lm,1,91,0,1.160760,3.335379,3.871575
2641,human,0,54,0,1.150313,4.227663,4.863134
2641,lm,0,10,0,1.047204,6.373325,6.674169
2642,human,0,128,0,1.233187,3.324713,4.099994
2642,human,1,128,0,1.153059,3.427868,3.952535
2642,human,2,50,0,1.073697,5.286282,5.675868
2642,lm,0,40,0,1.136319,2.416006,2.745353
2644,human,0,128,0,1.294900,3.175828,4.112379
2644,human,1,59,0,1.159268,3.621301,4.198059
2644,lm,0,85,0,1.359556,2.295570,3.120956
2645,human,0,128,0,1.135825,3.725183,4.231155
2645,human,1,96,0,1.113513,3.284706,3.657563
2645,lm,0,128,0,1.328284,2.768089,3.676807
2645,lm,1,56,0,1.179364,3.331094,3.928573
2646,human,0,128,0,1.258543,3.055333,3.845268
2646,human,1,128,0,1.115804,4.924387,5.494650
2646,human,2,128,0,1.131058,4.230795,4.785276
2646,human,3,128,0,1.224157,3.585237,4.388894
2646,human,4,128,0,1.101199,3.647105,4.016190
2646,human,5,128,0,1.157466,4.070774,4.711780
2646,human,6,128,0,1.098311,4.635877,5.091634
2646,human,7,128,0,1.047660,3.741127,3.919430
2646,human,8,20,0,1.031452,7.419453,7.652811
2646,lm,0,128,0,1.353986,2.302778,3.117929
2646,lm,1,31,0,0.952767,7.462326,7.109860
2649,human,0,66,0,1.141343,4.086082,4.663619
2649,lm,0,22,0,1.058715,5.276001,5.585779
265,human,0,98,0,1.157080,3.216089,3.721274
265,lm,0,36,0,1.158099,3.996198,4.627994
2651,human,0,91,0,1.310098,2.664135,3.490278
2651,lm,0,7,0,1.034509,6.238496,6.453777
2652,human,0,87,0,1.067135,4.829294,5.153510
2652,lm,0,15,0,1.050436,5.023178,5.276526
2653,human,0,128,0,1.351846,2.057880,2.781937
2653,human,1,5,0,0.971244,9.583065,9.307492
2653,lm,0,99,0,1.336619,2.256148,3.015611
2657,human,0,100,0,1.126878,3.772910,4.251611
2657,lm,0,8,0,1.049579,5.907419,6.200303
2658,human,0,128,0,1.138182,3.642927,4.146315
2658,human,1,128,0,1.124907,4.847333,5.452801
2658,human,2,128,0,1.024212,4.947983,5.067783
2658,human,3,35,0,1.098550,5.756742,6.324070
2658,lm,0,10,0,0.977940,8.396829,8.211593
266,human,0,81,0,1.268963,3.231061,4.100095
266,lm,0,82,0,1.224048,2.944841,3.604628
2661,human,0,70,0,1.089606,3.298167,3.593702
2661,lm,0,67,0,1.151023,3.998255,4.602082
2662,human,0,22,0,1.067400,4.642870,4.955798
2662,lm,0,128,0,1.308513,2.534981,3.317057
2662,lm,1,128,0,1.227118,3.286077,4.032406
2662,lm,2,14,0,1.011241,6.758076,6.834045
2668,human,0,17,0,1.079278,5.279474,5.698021
2668,lm,0,128,0,1.354537,2.958174,4.006958
2668,lm,1,128,0,1.184365,3.619728,4.287080
2668,lm,2,15,0,1.039515,6.455502,6.710591
2669,human,0,10,0,0.991043,6.068417,6.014060
2669,lm,0,30,0,1.128630,4.055265,4.576895
267,human,0,108,0,1.322367,2.186008,2.890705
267,lm,0,56,0,1.297897,2.244501,2.913131
2671,human,0,128,0,1.143866,3.252985,3.720980
2671,human,1,2,0,0.973241,9.450066,9.197189
2671,lm,0,128,0,1.259614,2.046843,2.578233
2671,lm,1,128,0,1.388067,2.051674,2.847861
2671,lm,2,25,0,1.144115,4.498242,5.146506
2672,human,0,28,0,1.047029,5.530181,5.790259
2672,lm,0,120,0,1.202240,3.371281,4.053088
2674,human,0,85,0,1.237215,2.933376,3.629218
2674,lm,0,65,0,1.094475,3.989417,4.366316
2675,human,0,123,0,1.084423,3.612386,3.917355
2675,lm,0,14,0,0.947795,8.778152,8.319893
2676,human,0,128,0,1.150701,3.875654,4.459718
2676,human,1,128,0,1.131216,3.796423,4.294573
2676,human,2,128,0,1.115760,3.871663,4.319847
2676,human,3,128,0,1.007463,4.710873,4.746032
2676,human,4,20,0,1.008532,7.266948,7.328953
2676,lm,0,128,0,1.259680,3.361012,4.233799
2676,lm,1,128,0,1.161579,4.018260,4.667526
2676,lm,2,45,0,1.151607,4.772360,5.495882
2677,human,0,128,0,1.111495,3.645691,4.052165
2677,human,1,128,0,1.120496,2.703752,3.029543
2677,human,2,128,0,1.109206,2.161481,2.397528
2677,human,3,12,0,0.969368,9.237999,8.955022
2677,lm,0,128,0,1.215783,3.056133,3.715593
2677,lm,1,128,0,1.301120,2.809843,3.655942
2677,lm,2,41,0,1.015441,5.872294,5.962968
2679,human,0,69,0,1.146273,3.785928,4.339706
2679,lm,0,24,0,1.068084,6.282525,6.710261
268,human,0,128,0,1.118248,3.531055,3.948596
268,human,1,109,0,1.066146,3.575132,3.811611
268,lm,0,128,0,1.245305,2.290988,2.852979
268,lm,1,128,0,1.324166,2.370666,3.139155
2680,human,0,37,0,1.106003,4.997029,5.526730
2680,lm,0,42,0,1.150729,4.464086,5.136951
2681,human,0,53,0,1.159789,2.644203,3.066718
2681,lm,0,82,0,1.273190,3.646399,4.642559
2682,human,0,128,0,0.991370,4.561024,4.521662
2682,human,1,128,0,1.156235,3.858886,4.461778
2682,human,2,128,0,0.947269,5.979614,5.664302
2682,human,3,122,0,1.090173,3.622257,3.948887
2682,lm,0,29,0,1.034957,5.558519,5.752827
2683,human,0,111,0,1.366756,1.742740,2.381900
2683,lm,0,47,0,1.313141,3.808360,5.000914
2684,human,0,106,0,1.099789,3.148052,3.462193
2684,lm,0,15,0,1.107411,4.561166,5.051085
2685,human,0,128,0,1.126943,2.942021,3.315489
2685,human,1,10,0,0.973806,7.525095,7.327982
2685,lm,0,90,0,1.253790,3.337328,4.184310
2686,human,0,128,0,1.201518,3.388037,4.070788
2686,human,1,27,0,1.084118,5.264947,5.707826
2686,lm,0,128,0,1.319247,3.010163,3.971147
2686,lm,1,31,0,1.060917,4.617244,4.898512
2687,human,0,128,0,1.045605,5.251401,5.490892
2687,human,1,101,0,1.102107,4.810129,5.301278
2687,lm,0,128,0,1.347754,2.843225,3.831968
2687,lm,1,128,0,1.087489,4.031019,4.383689
2687,lm,2,97,0,1.091655,4.369051,4.769495
2689,human,0,128,0,1.130924,3.274049,3.702699
2689,human,1,29,0,1.033335,5.463011,5.645122
2689,lm,0,21,0,0.982004,7.123058,6.994870
2690,human,0,13,0,1.021661,6.590150,6.732898
2690,lm,0,65,0,1.103862,4.602860,5.080924
2692,human,0,128,0,1.120196,4.156666,4.656281
2692,human,1,128,0,1.083281,3.581883,3.880186
2692,human,2,113,0,1.094980,3.392226,3.714419
2692,lm,0,60,0,1.085515,3.555516,3.859567
2694,human,0,100,0,1.209206,2.778476,3.359751
2694,lm,0,24,0,1.033424,6.423651,6.638352
27,human,0,26,0,0.960504,7.117253,6.836147
27,lm,0,36,0,1.011431,6.328602,6.400945
270,human,0,19,0,1.015957,5.654555,5.744784
270,lm,0,7,0,1.076598,5.246072,5.647913
2702,human,0,128,0,1.203067,3.184466,3.831127
2702,human,1,128,0,1.138860,3.515839,4.004049
2702,lm,0,47,0,1.158545,5.092338,5.899701
2703,human,0,63,0,1.145545,4.274582,4.896725
2703,lm,0,60,0,1.215473,3.057280,3.716041
2706,human,0,128,0,1.225335,1.891858,2.318160
2706,human,1,44,0,1.094702,3.550052,3.886248
2706,lm,0,11,0,1.005253,5.774759,5.805093
2709,human,0,128,0,1.080701,4.087030,4.416858
2709,human,1,128,0,1.079725,4.649349,5.020018
2709,human,2,86,0,1.084609,5.307940,5.757039
2709,lm,0,43,0,1.107015,5.063796,5.605699
271,human,0,45,0,1.058007,4.009806,4.242403
271,lm,0,29,0,1.095116,4.726734,5.176320
2714,human,0,128,0,1.300300,3.145453,4.090032
2714,human,1,128,0,1.103448,4.099189,4.523241
2714,human,2,41,0,1.046433,6.587677,6.893563
2714,lm,0,73,0,1.075398,4.319519,4.645200
2715,human,0,128,0,1.280847,3.153806,4.039543
2715,human,1,128,0,1.328552,2.119984,2.816509
2715,human,2,128,0,1.061184,3.743282,3.972311
2715,human,3,17,0,1.040293,5.588186,5.813353
2715,lm,0,120,0,1.404883,2.707276,3.803406
2716,human,0,128,0,1.126686,2.842232,3.202302
2716,human,1,68,0,1.128811,3.595646,4.058804
2716,lm,0,128,0,1.214540,2.621894,3.184395
2716,lm,1,128,0,1.130976,4.091992,4.627945
2716,lm,2,7,0,0.980677,9.451456,9.268827
2719,human,0,39,0,1.136594,3.593078,4.083872
2719,lm,0,78,0,1.123610,4.229336,4.752125
2720,human,0,69,0,1.192339,3.322717,3.961805
2720,lm,0,64,0,1.287155,3.252673,4.186694
2723,human,0,56,0,1.275652,3.229838,4.120148
2723,lm,0,118,0,1.231179,2.900435,3.570955
2724,human,0,53,0,1.131408,5.060775,5.725803
2724,lm,0,108,0,1.023443,4.468475,4.573232
2726,human,0,44,0,1.047517,5.094818,5.336906
2726,lm,0,84,0,1.254968,3.556291,4.463033
2727,human,0,46,0,1.094687,5.224232,5.718899
2727,lm,0,12,0,1.018093,6.601601,6.721046
2728,human,0,5,0,1.032654,6.911177,7.136851
2728,lm,0,9,0,1.078499,4.619294,4.981904
2730,human,0,128,0,1.172389,4.358807,5.110216
2730,human,1,108,0,1.044206,5.009866,5.231331
2730,lm,0,128,0,1.226767,3.275908,4.018776
2730,lm,1,128,0,1.028262,5.428097,5.581506
2730,lm,2,4,0,0.996829,10.693695,10.659785
2731,human,0,128,0,1.088314,3.605825,3.924269
2731,human,1,128,0,1.167385,2.581669,3.013801
2731,human,2,128,0,1.099524,4.736778,5.208203
2731,human,3,38,0,1.056283,5.710413,6.031811
2731,lm,0,93,0,1.173190,2.393334,2.807836
2734,human,0,27,0,1.085425,5.451486,5.917181
2734,lm,0,12,0,1.024751,6.438948,6.598319
2738,human,0,20,0,1.020593,6.331973,6.462366
2738,lm,0,32,0,1.059747,5.190266,5.500369
2739,human,0,128,0,1.045186,5.120588,5.351965
2739,human,1,99,0,1.056995,5.559865,5.876747
2739,lm,0,96,0,1.196107,3.614905,4.323813
2746,human,0,71,0,1.141841,2.631850,3.005155
2746,lm,0,113,0,1.231707,2.438353,3.003336
2748,human,0,128,0,1.144213,3.087078,3.532275
2748,human,1,128,0,1.027140,5.252398,5.394949
2748,human,2,128,0,1.135307,4.587462,5.208177
2748,human,3,128,0,1.060713,4.316111,4.578153
2748,human,4,128,0,1.098646,3.560130,3.911324
2748,human,5,128,0,1.121567,2.980607,3.342949
2748,human,6,128,0,1.232116,2.656916,3.273629
2748,lm,0,128,0,1.280445,2.450929,3.138279
2748,lm,1,128,0,1.060007,4.535408,4.807566
2748,lm,2,128,0,1.299283,2.227120,2.893660
2748,lm,3,31,0,1.154216,4.346458,5.016751
2749,human,0,79,0,1.030197,4.016636,4.137927
2749,lm,0,128,0,1.170857,3.669078,4.295967
2749,lm,1,104,0,1.305362,3.420781,4.465358
275,human,0,128,0,1.170163,3.231036,3.780839
275,human,1,128,0,1.130903,2.779534,3.143383
275,human,2,34,0,1.020917,5.307500,5.418517
275,lm,0,128,0,1.374746,1.862951,2.561085
2751,human,0,60,0,1.139856,4.627996,5.275252
2751,lm,0,12,0,1.071445,5.444368,5.833341
2752,human,0,30,0,1.066844,4.950016,5.280896
2752,lm,0,6,0,1.016019,7.148599,7.263110
2756,human,0,68,0,1.185841,3.730602,4.423900
2756,lm,0,105,0,1.272501,2.810350,3.576173
2757,human,0,59,0,1.147477,4.477612,5.137958
2757,lm,0,11,0,0.983761,7.329162,7.210144
2759,human,0,128,0,1.261206,3.635525,4.585148
2759,human,1,15,0,1.067461,6.028382,6.435062
2759,lm,0,19,0,1.059318,5.706588,6.045093
276,human,0,48,0,1.164656,4.379287,5.100364
276,lm,0,14,0,1.090797,5.587727,6.095078
2760,human,0,60,0,1.226712,3.126594,3.835431
2760,lm,0,30,0,1.139061,3.499232,3.985837
2762,human,0,54,0,1.048220,4.791829,5.022891
2762,lm,0,96,0,1.193046,4.271355,5.095925
2764,human,0,58,0,0.997884,5.927229,5.914688
2764,lm,0,128,0,1.527010,2.360224,3.604085
2764,lm,1,18,0,1.047606,6.137087,6.429249
2765,human,0,14,0,1.015054,6.614165,6.713731
2765,lm,0,128,0,1.437066,2.346013,3.371376
2765,lm,1,128,0,1.336249,2.722589,3.638056
2765,lm,2,43,0,1.308510,3.639260,4.762009
2766,human,0,128,0,1.155988,3.234457,3.738994
2766,human,1,73,0,1.147500,3.679234,4.221921
2766,lm,0,22,0,1.000066,6.549774,6.550203
277,human,0,72,0,1.194749,2.144159,2.561732
277,lm,0,128,0,1.128578,3.127774,3.529936
277,lm,1,26,0,1.051427,4.644383,4.883230
2770,human,0,128,0,1.205515,3.438495,4.145158
2770,human,1,61,0,1.054893,5.265501,5.554541
2770,lm,0,37,0,1.202742,3.565110,4.287909
2775,human,0,29,0,1.014209,4.131491,4.190195
2775,lm,0,23,0,1.069011,5.097390,5.449168
2776,human,0,128,0,1.246730,3.153301,3.931315
2776,human,1,128,0,1.056454,4.256719,4.497026
2776,human,2,128,0,1.173383,3.721051,4.366217
2776,human,3,9,0,1.029246,5.545774,5.707965
2776,lm,0,21,0,1.130559,3.648962,4.125367
2777,human,0,69,0,1.170322,2.471288,2.892202
2777,lm,0,108,0,1.382699,2.584694,3.573853
2782,human,0,39,0,1.128392,4.894633,5.523063
2782,lm,0,128,0,1.362588,1.227517,1.672600
2782,lm,1,85,0,1.294579,1.800126,2.330406
2788,human,0,128,0,1.151288,4.520445,5.204333
2788,human,1,48,0,1.032108,5.720729,5.904407
2788,lm,0,64,0,1.133896,4.253474,4.822998
2789,human,0,128,0,1.203330,3.257870,3.920292
2789,human,1,128,0,1.109827,4.595139,5.099810
2789,human,2,79,0,1.019832,6.575289,6.705691
2789,lm,0,128,0,1.227705,3.520816,4.322524
2789,lm,1,14,0,1.007472,5.556524,5.598041
2792,human,0,100,0,1.140292,3.956036,4.511037
2792,lm,0,34,0,1.128857,4.456661,5.030935
2793,human,0,128,0,1.178895,3.083240,3.634815
2793,human,1,128,0,1.133819,2.797596,3.171968
2793,human,2,15,0,1.023104,6.226367,6.370219
2793,lm,0,49,0,1.171096,2.754950,3.226312
2798,human,0,128,0,1.050587,5.095590,5.353359
2798,human,1,128,0,1.109853,4.379656,4.860776
2798,human,2,128,0,1.019751,5.236598,5.340028
2798,human,3,128,0,1.025868,5.551866,5.695480
2798,human,4,128,0,1.031940,5.568920,5.746794
2798,human,5,128,0,0.981666,5.444078,5.344264
2798,human,6,128,0,0.955285,6.650434,6.353059
2798,human,7,128,0,1.069370,4.537872,4.852663
2798,human,8,128,0,1.035872,4.331597,4.486979
2798,human,9,128,0,0.994115,4.143823,4.119438
2798,human,10,111,0,0.987091,4.104314,4.051331
2798,lm,0,80,0,1.185564,3.516135,4.168604
28,human,0,32,0,1.065391,4.899181,5.219545
28,lm,0,36,0,1.126882,3.957434,4.459562
2803,human,0,104,0,1.063756,2.942446,3.130044
2803,lm,0,42,0,1.113935,3.224378,3.591747
2804,human,0,92,0,1.223997,3.378489,4.135260
2804,lm,0,124,0,1.310048,2.407776,3.154303
2805,human,0,33,0,1.026343,6.625192,6.799723
2805,lm,0,18,0,1.085898,5.352480,5.812247
2806,human,0,20,0,1.099161,4.449129,4.890308
2806,lm,0,8,0,1.044565,5.488928,5.733543
2808,human,0,65,0,1.103358,4.673415,5.156452
2808,lm,0,19,0,1.081975,7.179177,7.767693
2809,human,0,52,0,1.093354,4.876747,5.332013
2809,lm,0,128,0,1.211591,2.897558,3.510655
2809,lm,1,111,0,1.247634,2.466922,3.077817
2812,human,0,48,0,1.176555,3.210182,3.776954
2812,lm,0,128,0,1.199793,2.813540,3.375667
2812,lm,1,128,0,1.339319,2.489277,3.333937
2812,lm,2,20,0,1.001014,6.830135,6.837058
2814,human,0,73,0,1.103462,5.090846,5.617557
2814,lm,0,10,0,1.024171,7.041547,7.211747
2815,human,0,101,0,1.110515,2.720688,3.021365
2815,lm,0,101,0,1.337017,2.914171,3.896297
2816,human,0,49,0,1.098970,5.167871,5.679333
2816,lm,0,76,0,1.161593,3.032010,3.521961
2817,human,0,78,0,1.327849,2.483390,3.297567
2817,lm,0,47,0,1.293709,3.808360,4.926910
2818,human,0,96,0,1.141987,3.593867,4.104148
2818,lm,0,8,0,1.073642,5.501611,5.906761
2819,human,0,78,0,1.184243,3.975394,4.707832
2819,lm,0,128,0,1.519692,2.565331,3.898513
2819,lm,1,33,0,1.023938,6.044352,6.189041
282,human,0,128,0,1.167621,3.249440,3.794114
282,human,1,128,0,1.157739,3.805583,4.405873
282,human,2,85,0,1.220881,3.196039,3.901983
282,lm,0,96,0,1.138078,3.233979,3.680519
2822,human,0,24,0,1.052160,6.639553,6.985869
2822,lm,0,89,0,1.223135,4.229120,5.172783
2826,human,0,80,0,1.112186,3.728298,4.146561
2826,lm,0,21,0,1.047458,4.844211,5.074106
2827,human,0,70,0,0.935576,4.488752,4.199566
2827,lm,0,113,0,1.360587,2.318676,3.154760
2834,human,0,128,0,1.145489,3.184795,3.648149
2834,human,1,128,0,1.196619,2.310542,2.764839
2834,human,2,68,0,1.087597,3.649838,3.969552
2834,lm,0,122,0,1.430389,2.195735,3.140756
2836,human,0,53,0,1.073091,5.810452,6.235144
2836,lm,0,63,0,1.180742,3.241521,3.827401
2838,human,0,128,0,1.136357,2.341959,2.661302
2838,human,1,100,0,1.119638,1.769801,1.981537
2838,lm,0,87,0,1.164445,3.612230,4.206243
284,human,0,95,0,1.182381,3.881076,4.588912
284,lm,0,57,0,1.160572,3.351496,3.889651
2840,human,0,128,0,1.122991,5.173430,5.809713
2840,human,1,1,0,1.000000,8.406932,8.406932
2840,lm,0,10,0,1.000406,6.628970,6.631663
2842,human,0,41,0,1.042964,4.983943,5.198071
2842,lm,0,42,0,1.230483,3.608010,4.439595
2843,human,0,44,0,1.148826,4.408472,5.064568
2843,lm,0,21,0,1.030779,7.702170,7.939239
2845,human,0,71,0,1.218217,3.279716,3.995408
2845,lm,0,69,0,1.255329,2.869351,3.601980
2846,human,0,128,0,1.166324,3.286938,3.833635
2846,human,1,60,0,1.240575,4.051120,5.025717
2846,lm,0,80,0,1.453467,2.152781,3.128995
2847,human,0,74,0,1.097909,3.158411,3.467649
2847,lm,0,31,0,1.235159,2.613967,3.228664
2848,human,0,41,0,1.068385,5.486557,5.861757
2848,lm,0,10,0,0.992634,7.733627,7.676659
2853,human,0,64,0,1.065806,4.177879,4.452808
2853,lm,0,46,0,1.152408,4.198442,4.838319
2854,human,0,20,0,1.027132,6.405215,6.579001
2854,lm,0,10,0,1.010994,7.335690,7.416336
2855,human,0,47,0,1.014965,6.112277,6.203747
2855,lm,0,59,0,1.140664,4.189738,4.779083
286,human,0,66,0,1.166047,4.451940,5.191173
286,lm,0,9,0,0.971783,6.123347,5.950566
2860,human,0,94,0,1.086197,4.324403,4.697155
2860,lm,0,104,0,1.265813,2.786063,3.526633
2861,human,0,23,0,1.069046,4.713045,5.038461
2861,lm,0,44,0,1.157855,3.797671,4.397153
2863,human,0,128,0,1.252087,2.933908,3.673509
2863,human,1,111,0,1.121740,3.530197,3.959962
2863,lm,0,111,0,1.373775,2.516642,3.457300
2866,human,0,109,0,1.108598,3.988453,4.421593
2866,lm,0,68,0,1.102806,4.474502,4.934508
2867,human,0,128,0,1.182100,4.063909,4.803947
2867,human,1,128,0,1.091151,4.537817,4.951444
2867,human,2,128,0,1.033716,4.018816,4.154313
2867,human,3,50,0,1.039390,6.502911,6.759059
2867,lm,0,128,0,1.360224,3.025762,4.115715
2867,lm,1,95,0,1.164618,4.056613,4.724404
2868,human,0,77,0,1.237452,2.679458,3.315700
2868,lm,0,78,0,1.327681,2.511086,3.333920
2869,human,0,15,0,1.030753,6.402022,6.598906
2869,lm,0,34,0,1.069759,6.220068,6.653972
2872,human,0,96,0,1.217654,2.349272,2.860601
2872,lm,0,6,0,0.989495,9.076384,8.981034
2873,human,0,128,0,1.116387,4.838742,5.401907
2873,human,1,128,0,1.084398,5.056115,5.482839
2873,human,2,39,0,1.004355,8.860474,8.899058
2873,lm,0,128,0,1.151846,3.819967,4.400013
2873,lm,1,13,0,1.092946,6.969720,7.617529
2874,human,0,128,0,0.993912,5.174104,5.142605
2874,human,1,128,0,1.069607,4.651632,4.975417
2874,human,2,128,0,0.824960,7.730069,6.376996
2874,human,3,16,0,1.039485,8.931632,9.284296
2874,lm,0,76,0,1.139116,3.664461,4.174246
2875,human,0,117,0,1.178130,2.859018,3.368297
2875,lm,0,128,0,1.380893,2.160949,2.984039
2875,lm,1,128,0,1.294006,3.138778,4.061597
2875,lm,2,78,0,1.040657,4.538172,4.722680
2877,human,0,65,0,1.092212,4.790759,5.232525
2877,lm,0,56,0,1.145762,3.755312,4.302694
2881,human,0,128,0,1.141508,4.217977,4.814854
2881,human,1,128,0,1.048373,5.199129,5.450626
2881,human,2,128,0,0.997179,5.547714,5.532062
2881,human,3,80,0,1.052812,4.248514,4.472887
2881,lm,0,101,0,1.321972,3.632643,4.802253
2883,human,0,60,0,1.075104,4.005531,4.306363
2883,lm,0,12,0,1.071124,5.162061,5.529208
2885,human,0,81,0,1.225705,3.352111,4.108700
2885,lm,0,93,0,1.224296,3.076920,3.767060
2888,human,0,38,0,1.168214,4.381568,5.118609
2888,lm,0,65,0,1.374957,3.175829,4.366629
2889,human,0,123,0,1.265756,3.479522,4.404224
2889,lm,0,29,0,1.152648,4.811413,5.545864
2890,human,0,115,0,1.201710,2.584285,3.105559
2890,lm,0,121,0,1.168921,2.413995,2.821770
2892,human,0,73,0,1.106910,4.225988,4.677789
2892,lm,0,69,0,1.526833,2.714788,4.145027
2893,human,0,42,0,1.095517,4.360138,4.776607
2893,lm,0,19,0,0.979198,7.137913,6.989434
2897,human,0,38,0,1.004472,7.183030,7.215156
2897,lm,0,29,0,1.092776,3.960622,4.328073
2898,human,0,49,0,1.141146,3.283195,3.746603
2898,lm,0,70,0,1.194655,3.000813,3.584936
29,human,0,69,0,1.143967,4.924399,5.633349
29,lm,0,128,0,1.468853,2.693105,3.955774
29,lm,1,101,0,1.122345,4.050292,4.545826
2900,human,0,44,0,1.086876,4.513581,4.905700
2900,lm,0,25,0,1.003205,5.794120,5.812691
2901,human,0,65,0,1.216901,3.585664,4.363397
2901,lm,0,50,0,1.168848,3.984757,4.657576
2902,human,0,61,0,0.955041,6.814162,6.507804
2902,lm,0,10,0,1.039180,5.403195,5.614893
2907,human,0,59,0,1.103173,4.653522,5.133641
2907,lm,0,34,0,1.097140,4.964114,5.446328
291,human,0,128,0,1.245179,3.671735,4.571968
291,human,1,128,0,1.089650,5.120009,5.579019
291,human,2,128,0,1.141313,3.569004,4.073350
291,human,3,128,0,1.202866,3.402323,4.092539
291,human,4,128,0,1.116288,4.246799,4.740651
291,human,5,50,0,1.033831,6.045414,6.249936
291,lm,0,128,0,1.282955,2.339155,3.001031
291,lm,1,37,0,1.116489,4.129728,4.610796
2913,human,0,13,0,1.068140,5.809842,6.205723
2913,lm,0,30,0,1.026852,5.283618,5.425491
2915,human,0,80,0,1.109365,3.319904,3.682985
2915,lm,0,42,0,1.071189,4.231495,4.532730
2916,human,0,50,0,1.190092,3.367228,4.007309
2916,lm,0,110,0,1.601024,1.679335,2.688655
2917,human,0,128,0,1.143804,3.547463,4.057604
2917,human,1,128,0,1.024277,3.232545,3.311021
2917,human,2,72,0,1.127750,2.838844,3.201507
2917,lm,0,29,0,1.053033,5.101092,5.371620
2919,human,0,58,0,1.226818,4.081195,5.006885
2919,lm,0,19,0,1.082191,6.365123,6.888280
292,human,0,128,0,1.205014,3.191838,3.846210
292,human,1,128,0,1.119869,3.695492,4.138467
292,human,2,128,0,1.188268,3.816277,4.534758
292,human,3,70,0,1.016010,5.791978,5.884710
292,lm,0,88,0,1.226167,3.441051,4.219304
2922,human,0,128,0,1.157117,4.172720,4.828328
2922,human,1,74,0,1.131892,3.980164,4.505116
2922,lm,0,70,0,1.271691,2.947847,3.748751
2925,human,0,86,0,1.090281,4.527255,4.935982
2925,lm,0,68,0,1.208643,3.365506,4.067696
2929,human,0,52,0,1.286634,1.937239,2.492518
2929,lm,0,91,0,1.294548,2.568051,3.324465
2930,human,0,128,0,1.297176,3.426862,4.445242
2930,human,1,128,0,1.026788,5.784630,5.939587
2930,human,2,8,0,1.017915,8.318930,8.467963
2930,lm,0,105,0,1.264869,3.088008,3.905927
2934,human,0,91,0,1.222772,2.751098,3.363964
2934,lm,0,50,0,1.131027,2.999182,3.392155
2936,human,0,49,0,1.103497,4.857687,5.360443
2936,lm,0,86,0,1.396987,2.375084,3.317962
2939,human,0,128,0,1.020996,6.612806,6.751647
2939,human,1,128,0,1.046794,5.222975,5.467381
2939,human,2,128,0,1.016368,5.441589,5.530658
2939,human,3,128,0,0.979834,5.530378,5.418853
2939,human,4,128,0,0.974858,6.142264,5.987836
2939,human,5,128,0,1.264018,2.956244,3.736746
2939,human,6,128,0,0.976761,6.173799,6.030327
2939,human,7,128,0,1.149647,3.941734,4.531604
2939,human,8,74,0,1.204977,2.538233,3.058514
2939,lm,0,103,0,1.409117,1.626594,2.292060
2940,human,0,107,0,1.477478,2.187693,3.232269
2940,lm,0,38,0,1.181978,3.896401,4.605462
2941,human,0,58,0,1.232411,2.974555,3.665873
2941,lm,0,16,0,1.031510,4.613557,4.758928
2943,human,0,45,0,1.041315,5.539114,5.767960
2943,lm,0,11,0,1.079753,5.836252,6.301713
2944,human,0,128,0,1.223924,3.099641,3.793726
2944,human,1,1,0,1.000000,6.399405,6.399405
2944,lm,0,88,0,1.457472,2.786034,4.060567
2946,human,0,16,0,1.082188,4.112966,4.451001
2946,lm,0,33,0,1.117024,5.122588,5.722053
295,human,0,68,0,1.133328,3.429214,3.886426
295,lm,0,81,0,1.107573,3.747468,4.150594
2950,human,0,47,0,1.061814,4.742498,5.035649
2950,lm,0,9,0,0.994823,6.884730,6.849088
2951,human,0,59,0,1.073270,5.573980,5.982385
2951,lm,0,9,0,0.985684,8.827710,8.701336
2952,human,0,18,0,1.075997,5.387268,5.796684
2952,lm,0,43,0,1.207985,3.941540,4.761322
2956,human,0,82,0,1.160806,3.689017,4.282235
2956,lm,0,52,0,1.099046,5.212168,5.728410
2959,human,0,42,0,1.265628,2.835112,3.588197
2959,lm,0,88,0,1.121722,3.530221,3.959926
2960,human,0,128,0,1.231701,1.821786,2.243896
2960,human,1,60,0,1.036421,4.225327,4.379217
2960,lm,0,81,0,1.214259,3.352970,4.071374
2962,human,0,128,0,1.227717,2.259100,2.773536
2962,human,1,25,0,1.192393,4.850449,5.783642
2962,lm,0,128,0,1.311352,1.867344,2.448746
2962,lm,1,57,0,1.168209,3.254915,3.802421
2964,human,0,128,0,1.282317,3.009731,3.859429
2964,human,1,29,0,1.173282,5.022757,5.893111
2964,lm,0,54,0,1.117554,4.561918,5.098189
2968,human,0,107,0,1.164813,3.770425,4.391840
2968,lm,0,42,0,1.403496,2.477124,3.476633
2971,human,0,128,0,1.200287,3.515517,4.219629
2971,human,1,128,0,1.148571,3.459411,3.973378
2971,human,2,128,0,1.045269,3.619741,3.783602
2971,human,3,128,0,1.051743,5.088271,5.351553
2971,human,4,128,0,1.200374,4.346679,5.217639
2971,human,5,27,0,1.170244,4.223372,4.942378
2971,lm,0,128,0,1.230017,2.583828,3.178153
2971,lm,1,6,0,1.013571,7.298568,7.397616
2972,human,0,128,0,1.153673,3.722896,4.295005
2972,human,1,80,0,1.187404,2.109441,2.504760
2972,lm,0,9,0,0.994802,6.216566,6.184251
2978,human,0,64,0,1.090053,3.939611,4.294384
2978,lm,0,39,0,1.050564,5.017901,5.271624
2979,human,0,128,0,1.197782,3.346794,4.008731
2979,human,1,76,0,1.078506,4.318394,4.657411
2979,lm,0,93,0,1.439975,1.947933,2.804974
298,human,0,11,0,1.079033,5.208925,5.620604
298,lm,0,9,0,1.031996,6.035146,6.228243
2980,human,0,128,0,1.079957,5.280691,5.702921
2980,human,1,128,0,1.024002,5.888643,6.029981
2980,human,2,14,0,0.975006,9.186416,8.956810
2980,lm,0,121,0,1.185194,4.066874,4.820035
2983,human,0,97,0,1.204187,4.279913,5.153816
2983,lm,0,10,0,0.990772,8.371223,8.293975
2985,human,0,36,0,1.124596,4.680758,5.263963
2985,lm,0,20,0,1.056495,5.662904,5.982828
299,human,0,128,0,1.083854,4.514043,4.892564
299,human,1,128,0,1.040415,3.428395,3.566954
299,human,2,128,0,1.057985,3.387510,3.583936
299,lm,0,28,0,1.224262,4.149052,5.079526
2991,human,0,88,0,1.149508,3.148252,3.618939
2991,lm,0,9,0,0.994167,6.273925,6.237328
2993,human,0,43,0,1.147488,3.157347,3.623018
2993,lm,0,32,0,1.062264,4.070065,4.323482
2998,human,0,121,0,1.045056,3.399529,3.552698
2998,lm,0,103,0,1.299350,3.370730,4.379758
3001,human,0,128,0,1.336808,2.504600,3.348169
3001,human,1,128,0,1.037233,3.547361,3.679438
3001,human,2,37,0,1.102501,2.759881,3.042771
3001,lm,0,45,0,1.169378,3.561363,4.164580
3002,human,0,128,0,1.162402,3.394224,3.945452
3002,human,1,128,0,1.132247,2.608078,2.952988
3002,human,2,90,0,1.111504,2.910000,3.234477
3002,lm,0,65,0,1.243250,2.404287,2.989130
3003,human,0,47,0,1.122618,4.749163,5.331495
3003,lm,0,28,0,1.000139,6.318537,6.319415
3004,human,0,128,0,1.134873,4.013455,4.554762
3004,human,1,128,0,1.097332,5.024154,5.513164
3004,human,2,9,0,1.004280,9.969963,10.012639
3004,lm,0,19,0,1.124037,5.489103,6.169956
3006,human,0,128,0,1.209837,2.805219,3.393858
3006,human,1,28,0,1.067410,6.161690,6.577050
3006,lm,0,128,0,1.413658,2.021532,2.857756
3006,lm,1,25,0,1.078840,5.703926,6.153622
3007,human,0,30,0,1.163932,5.032242,5.857185
3007,lm,0,30,0,1.130871,5.186687,5.865471
3008,human,0,90,0,1.153059,3.132002,3.611383
3008,lm,0,14,0,1.012918,7.323273,7.417874
3009,human,0,80,0,1.203652,3.697347,4.450319
3009,lm,0,125,0,1.324014,3.121165,4.132465
301,human,0,128,0,1.271532,2.747201,3.493154
301,human,1,34,0,1.130294,4.131010,4.669257
301,lm,0,56,0,1.244600,3.668605,4.565945
3011,human,0,107,0,1.124681,3.823353,4.300051
3011,lm,0,128,0,1.196994,3.042700,3.642095
3011,lm,1,128,0,1.149051,3.014428,3.463730
3011,lm,2,52,0,1.040360,5.642977,5.870726
3012,human,0,128,0,1.063010,5.047977,5.366052
3012,human,1,128,0,1.141123,3.682375,4.202042
3012,human,2,128,0,1.042011,5.145363,5.361527
3012,human,3,128,0,1.142207,3.420448,3.906859
3012,human,4,10,0,0.988850,9.705364,9.597152
3012,lm,0,85,0,1.210366,3.545466,4.291310
3014,human,0,128,0,1.226244,2.538457,3.112768
3014,human,1,96,0,1.175449,3.942369,4.634053
3014,lm,0,58,0,1.249089,3.247754,4.056734
3016,human,0,45,0,1.105908,3.662717,4.050629
3016,lm,0,31,0,1.127382,4.324306,4.875143
3018,human,0,128,0,1.247330,3.135390,3.910867
3018,human,1,128,0,1.127284,2.030811,2.289301
3018,human,2,128,0,1.103008,2.115261,2.333151
3018,human,3,104,0,0.980952,5.146528,5.048497
3018,lm,0,128,0,1.339547,3.200215,4.286837
3018,lm,1,128,0,1.192813,3.711148,4.426707
3018,lm,2,35,0,1.078523,4.354517,4.696445
3019,human,0,86,0,1.126632,4.033952,4.544779
3019,lm,0,128,0,1.156482,3.682229,4.258433
3019,lm,1,3,0,0.994406,7.785624,7.742068
3021,human,0,95,0,1.146842,2.544403,2.918027
3021,lm,0,93,0,1.220573,3.520196,4.296656
3022,human,0,128,0,1.040003,4.961441,5.159914
3022,human,1,128,0,1.070961,3.758338,4.025034
3022,human,2,128,0,1.059479,4.736228,5.017935
3022,human,3,128,0,1.022908,5.013108,5.127949
3022,human,4,128,0,1.116299,5.053254,5.640941
3022,human,5,10,0,1.002112,8.434073,8.451883
3022,lm,0,128,0,1.238023,2.965165,3.670943
3022,lm,1,78,0,1.173281,3.631639,4.260935
3026,human,0,128,0,1.352363,1.519328,2.054683
3026,human,1,128,0,1.239871,1.568447,1.944673
3026,human,2,78,0,1.088310,3.423322,3.725635
3026,lm,0,96,0,1.439195,1.585355,2.281636
3027,human,0,16,0,1.046773,5.082915,5.320660
3027,lm,0,128,0,1.268240,2.488015,3.155399
3027,lm,1,57,0,1.103461,5.095620,5.622820
3030,human,0,128,0,1.291184,2.597495,3.353844
3030,human,1,119,0,1.242192,2.649022,3.290594
3030,lm,0,128,0,1.307605,2.066779,2.702531
3030,lm,1,9,0,0.993437,9.951612,9.886298
3032,human,0,128,0,1.229993,2.916382,3.587130
3032,human,1,119,0,1.129974,3.666167,4.142672
3032,lm,0,103,0,1.458534,1.972697,2.877245
3034,human,0,43,0,1.106817,3.594745,3.978726
3034,lm,0,35,0,1.128132,3.107324,3.505472
3037,human,0,128,0,1.112810,4.708121,5.239244
3037,human,1,105,0,1.125772,5.292616,5.958278
3037,lm,0,128,0,1.516651,1.907194,2.892549
3037,lm,1,17,0,1.063546,6.703629,7.129616
3039,human,0,128,0,1.124880,3.548313,3.991426
3039,human,1,128,0,1.073678,5.081555,5.455954
3039,human,2,78,0,1.002008,7.050878,7.065035
3039,lm,0,17,0,1.173607,5.366547,6.298218
3041,human,0,100,0,1.093885,4.706888,5.148796
3041,lm,0,128,0,1.493561,2.234727,3.337701
3041,lm,1,13,0,1.036407,6.632611,6.874082
3042,human,0,19,0,1.042872,4.245440,4.427450
3042,lm,0,45,0,1.282220,2.961826,3.797713
3044,human,0,128,0,1.143350,3.509439,4.012516
3044,human,1,128,0,1.137237,3.225262,3.667887
3044,human,2,61,0,1.111515,3.828992,4.255981
3044,lm,0,89,0,1.230531,3.719272,4.576682
3045,human,0,58,0,1.231613,3.840195,4.729635
3045,lm,0,33,0,1.098328,4.653115,5.110646
3046,human,0,128,0,1.045962,5.113493,5.348518
3046,human,1,24,0,1.094681,5.310363,5.813153
3046,lm,0,12,0,0.984389,9.302567,9.157348
3048,human,0,37,0,1.033191,5.900055,6.095883
3048,lm,0,9,0,0.993290,5.116255,5.081925
3050,human,0,128,0,1.046708,3.551343,3.717218
3050,human,1,128,0,1.081497,4.908885,5.308944
3050,human,2,128,0,1.144118,3.479069,3.980465
3050,human,3,128,0,1.169660,3.500354,4.094224
3050,human,4,125,0,0.995868,4.839002,4.819005
3050,lm,0,24,0,1.087343,5.911652,6.427995
3053,human,0,128,0,1.176178,1.813990,2.133574
3053,human,1,128,0,1.155919,1.647274,1.904116
3053,human,2,17,0,1.047880,4.729544,4.955992
3053,lm,0,128,0,1.244324,2.590023,3.222827
3053,lm,1,81,0,1.312391,2.138406,2.806425
3056,human,0,128,0,1.198217,4.091056,4.901973
3056,human,1,59,0,1.164322,3.732663,4.346022
3056,lm,0,97,0,1.180586,3.986784,4.706741
3058,human,0,21,0,1.055026,7.067536,7.456433
3058,lm,0,25,0,1.017924,4.740523,4.825490
3059,human,0,128,0,1.115023,3.873839,4.319421
3059,human,1,77,0,1.052026,5.956022,6.265891
3059,lm,0,128,0,1.401795,2.534386,3.552690
3059,lm,1,128,0,1.067030,3.857932,4.116528
3059,lm,2,128,0,1.185649,3.058249,3.626010
3059,lm,3,45,0,1.110331,4.889247,5.428683
306,human,0,94,0,1.112339,3.675048,4.087900
306,lm,0,9,0,1.061399,5.158613,5.475348
3060,human,0,128,0,1.627544,1.005527,1.636540
3060,human,1,58,0,1.233661,2.617676,3.229324
3060,lm,0,66,0,1.236968,2.797835,3.460831
3061,human,0,20,0,1.131430,4.097747,4.636313
3061,lm,0,20,0,1.112602,3.977146,4.424981
3064,human,0,85,0,1.246285,2.710663,3.378259
3064,lm,0,21,0,0.959489,5.549717,5.324894
3065,human,0,128,0,1.087385,4.002491,4.352249
3065,human,1,128,0,1.145343,4.742114,5.431349
3065,human,2,4,0,1.052461,6.083369,6.402511
3065,lm,0,18,0,1.076290,4.568090,4.916588
3069,human,0,50,0,1.083421,5.315516,5.758942
3069,lm,0,34,0,1.036882,6.811616,7.062840
3070,human,0,88,0,1.398739,2.748277,3.844124
3070,lm,0,72,0,1.228424,3.385045,4.158271
3071,human,0,128,0,1.151822,3.979667,4.583869
3071,human,1,128,0,1.232337,3.475952,4.283544
3071,human,2,6,0,1.013306,8.255244,8.365090
3071,lm,0,87,0,1.117815,3.479860,3.889841
3076,human,0,128,0,1.213980,2.844279,3.452898
3076,human,1,51,0,1.076999,4.908647,5.286609
3076,lm,0,128,0,1.217114,2.702679,3.289469
3076,lm,1,51,0,1.164747,4.911571,5.720738
308,human,0,128,0,1.178201,3.603707,4.245891
308,human,1,40,0,1.071678,5.978398,6.406916
308,lm,0,41,0,1.192749,4.834182,5.765963
3081,human,0,100,0,1.196641,3.218677,3.851602
3081,lm,0,16,0,1.100831,5.274287,5.806099
3084,human,0,128,0,1.146188,3.909684,4.481232
3084,human,1,21,0,1.054534,5.790595,6.106379
3084,lm,0,89,0,1.431913,2.593101,3.713094
3085,human,0,124,0,1.198030,3.186864,3.817959
3085,lm,0,70,0,1.186045,3.465529,4.110273
3086,human,0,124,0,1.076786,3.290813,3.543503
3086,lm,0,128,0,1.471331,1.944093,2.860405
3086,lm,1,26,0,1.077027,5.421704,5.839320
3088,human,0,128,0,1.146073,4.004278,4.589195
3088,human,1,73,0,1.055008,5.902658,6.227350
3088,lm,0,10,0,1.023395,5.505568,5.634369
309,human,0,75,0,1.140345,3.871968,4.415378
309,lm,0,15,0,1.019199,6.677385,6.805583
3091,human,0,128,0,1.038738,5.005571,5.199475
3091,human,1,128,0,1.091660,4.604499,5.026547
3091,human,2,128,0,1.207951,3.817109,4.610882
3091,human,3,128,0,1.065142,4.575570,4.873631
3091,human,4,55,0,1.041900,5.590290,5.824522
3091,lm,0,128,0,1.568463,1.682705,2.639260
3091,lm,1,128,0,1.169553,2.926261,3.422416
3091,lm,2,38,0,0.980082,7.301548,7.156114
3093,human,0,128,0,1.217564,3.226030,3.927899
3093,human,1,6,0,0.995923,9.723143,9.683499
3093,lm,0,128,0,1.454071,2.562502,3.726060
3093,lm,1,32,0,1.070300,5.971107,6.390876
3095,human,0,119,0,1.237971,2.627639,3.252942
3095,lm,0,96,0,1.342847,2.279249,3.060682
3097,human,0,98,0,1.257546,2.763207,3.474860
3097,lm,0,7,0,1.011098,7.185592,7.265336
3098,human,0,53,0,1.138347,4.462645,5.080038
3098,lm,0,32,0,1.119823,4.543127,5.087499
3099,human,0,98,0,1.088082,3.938742,4.285673
3099,lm,0,90,0,1.284220,3.157808,4.055320
310,human,0,128,0,1.143257,3.850729,4.402371
310,human,1,65,0,1.045444,5.771214,6.033482
310,lm,0,128,0,1.231779,4.146296,5.107322
310,lm,1,128,0,1.148636,3.123181,3.587397
310,lm,2,128,0,1.156675,3.533414,4.087011
310,lm,3,19,0,1.030492,7.709754,7.944842
3100,human,0,108,0,1.255424,2.721556,3.416707
3100,lm,0,119,0,1.459032,2.349228,3.427599
3101,human,0,128,0,1.227275,3.312850,4.065776
3101,human,1,128,0,1.158202,3.322408,3.848020
3101,human,2,128,0,1.087605,4.067189,4.423497
3101,human,3,128,0,1.060618,3.997866,4.240210
3101,human,4,128,0,1.221412,3.020688,3.689505
3101,human,5,128,0,0.898715,6.780243,6.093508
3101,human,6,128,0,1.083338,3.591306,3.890598
3101,human,7,128,0,1.101964,3.167156,3.490093
3101,human,8,128,0,1.064816,3.664533,3.902054
3101,human,9,83,0,1.073322,6.080841,6.526701
3101,lm,0,119,0,1.299601,2.312215,3.004956
3102,human,0,97,0,1.193762,3.429680,4.094221
3102,lm,0,91,0,1.115329,3.887456,4.335793
3103,human,0,109,0,1.241123,2.217913,2.752702
3103,lm,0,83,0,1.290460,1.997205,2.577314
3105,human,0,38,0,1.083543,3.786432,4.102760
3105,lm,0,11,0,1.002135,9.059510,9.078851
3109,human,0,41,0,1.187007,3.395540,4.030528
3109,lm,0,27,0,1.087090,5.509380,5.989191
311,human,0,46,0,1.055585,6.125227,6.465698
311,lm,0,100,0,1.187347,2.969661,3.526017
3110,human,0,106,0,1.285437,2.285610,2.938007
3110,lm,0,79,0,1.413193,2.112450,2.985299
3111,human,0,128,0,1.135117,3.506290,3.980049
3111,human,1,128,0,1.064990,4.861948,5.177926
3111,human,2,12,0,1.030781,8.005424,8.251843
3111,lm,0,68,0,1.171069,2.982681,3.492924
3115,human,0,30,0,1.050054,5.640459,5.922785
3115,lm,0,11,0,1.007544,4.427284,4.460685
3117,human,0,128,0,1.222517,3.514210,4.296182
3117,human,1,128,0,1.024188,4.480118,4.588481
3117,human,2,122,0,1.122341,4.100491,4.602149
3117,lm,0,93,0,1.389380,2.938188,4.082260
3118,human,0,31,0,1.168486,4.357667,5.091871
3118,lm,0,11,0,1.035626,5.269608,5.457342
3119,human,0,69,0,1.113646,3.404716,3.791648
3119,lm,0,91,0,1.154240,3.673570,4.240181
3120,human,0,58,0,1.125118,4.087741,4.599190
3120,lm,0,10,0,1.025662,6.230233,6.390114
3122,human,0,36,0,1.052577,4.247659,4.470989
3122,lm,0,16,0,1.041376,4.822248,5.021772
3125,human,0,93,0,1.278377,2.375256,3.036472
3125,lm,0,9,0,0.985015,5.600921,5.516992
3127,human,0,128,0,1.131591,3.861267,4.369375
3127,human,1,6,0,0.998107,9.302078,9.284472
3127,lm,0,128,0,1.283747,2.790539,3.582346
3127,lm,1,6,0,0.997267,8.677414,8.653697
3128,human,0,22,0,1.004702,6.365657,6.395587
3128,lm,0,44,0,1.075849,3.945445,4.244703
313,human,0,128,0,1.099946,3.503325,3.853469
313,human,1,103,0,1.114907,3.772651,4.206157
313,lm,0,128,0,1.106397,3.035000,3.357913
313,lm,1,45,0,1.117324,4.277260,4.779085
3131,human,0,65,0,1.113198,4.267228,4.750271
3131,lm,0,98,0,1.194327,3.263729,3.897959
3134,human,0,128,0,1.192266,3.280445,3.911163
3134,human,1,31,0,1.074936,5.561511,5.978268
3134,lm,0,19,0,1.091310,6.464893,7.055202
3135,human,0,63,0,1.096031,3.614294,3.961379
3135,lm,0,128,0,1.258912,2.663887,3.353599
3135,lm,1,6,0,0.976185,6.789295,6.627606
3136,human,0,38,0,1.043854,5.114623,5.338919
3136,lm,0,43,0,1.064988,4.186857,4.458953
3137,human,0,128,0,1.236867,2.934613,3.629726
3137,human,1,128,0,1.041978,3.312275,3.451319
3137,human,2,53,0,1.151950,3.921268,4.517105
3137,lm,0,43,0,1.025571,4.840811,4.964597
3139,human,0,35,0,1.148843,4.208001,4.834334
3139,lm,0,36,0,1.168407,4.355696,5.089225
3140,human,0,128,0,1.108647,4.103267,4.549076
3140,human,1,73,0,1.111074,4.234220,4.704531
3140,lm,0,108,0,1.330742,2.184557,2.907082
3141,human,0,32,0,1.115947,4.151729,4.633109
3141,lm,0,17,0,1.069112,5.659489,6.050628
3143,human,0,71,0,1.134847,3.571505,4.053110
3143,lm,0,128,0,1.328319,3.003727,3.989909
3143,lm,1,128,0,1.376233,2.382040,3.278242
3143,lm,2,32,0,0.996317,8.303699,8.273115
3144,human,0,73,0,1.187811,3.183099,3.780919
3144,lm,0,7,0,1.056708,6.042006,6.384635
3146,human,0,128,0,1.181118,2.325210,2.746348
3146,human,1,50,0,1.079644,6.099192,6.584959
3146,lm,0,94,0,1.271003,2.115481,2.688783
315,human,0,50,0,1.072702,4.816787,5.166977
315,lm,0,23,0,1.113072,5.203510,5.791883
3150,human,0,37,0,1.079111,6.107800,6.590992
3150,lm,0,31,0,1.153527,4.814521,5.553680
3151,human,0,94,0,1.243856,3.046458,3.789356
3151,lm,0,27,0,1.123414,4.702427,5.282772
3152,human,0,70,0,1.128649,3.030432,3.420294
3152,lm,0,67,0,1.155579,3.947789,4.561981
3153,human,0,116,0,1.228243,1.642065,2.016856
3153,lm,0,30,0,1.056623,3.725074,3.935999
3156,human,0,26,0,1.015535,5.392281,5.476051
3156,lm,0,82,0,1.339846,3.004486,4.025549
3158,human,0,114,0,1.051577,4.968019,5.224256
3158,lm,0,13,0,1.032940,7.172001,7.408247
3161,human,0,22,0,0.989714,6.818106,6.747978
3161,lm,0,87,0,1.237485,2.313586,2.863027
3163,human,0,69,0,1.181687,4.197188,4.959763
3163,lm,0,10,0,1.029089,6.028286,6.203641
3164,human,0,128,0,1.280471,1.893119,2.424084
3164,human,1,5,0,0.961489,10.261849,9.866658
3164,lm,0,120,0,1.428683,1.798225,2.569094
317,human,0,57,0,1.273438,3.582210,4.561722
317,lm,0,128,0,1.367968,2.255602,3.085590
317,lm,1,3,0,1.007159,9.297802,9.364365
3171,human,0,128,0,1.124850,4.135141,4.651413
3171,human,1,13,0,1.012266,7.850733,7.947026
3171,lm,0,26,0,0.975666,8.366912,8.163312
3172,human,0,46,0,1.067698,5.017694,5.357382
3172,lm,0,12,0,1.050243,4.804479,5.045872
3173,human,0,128,0,1.196942,3.203827,3.834796
3173,human,1,43,0,1.017457,7.123789,7.248149
3173,lm,0,52,0,1.073664,3.978257,4.271312
3175,human,0,128,0,1.181834,2.832758,3.347850
3175,human,1,17,0,1.219594,6.027799,7.351466
3175,lm,0,54,0,1.311861,3.112298,4.082903
3178,human,0,128,0,1.209097,3.336961,4.034711
3178,human,1,86,0,1.177078,3.957091,4.657805
3178,lm,0,70,0,1.224293,3.482461,4.263551
3179,human,0,72,0,1.072364,4.689462,5.028811
3179,lm,0,128,0,1.229128,3.125782,3.841984
3179,lm,1,65,0,1.085615,3.772213,4.095171
3183,human,0,128,0,1.087739,3.262298,3.548530
3183,human,1,47,0,1.027598,6.352452,6.527769
3183,lm,0,69,0,1.097951,4.673977,5.131798
3184,human,0,128,0,1.251713,2.584626,3.235209
3184,human,1,128,0,1.097532,2.726171,2.992061
3184,human,2,11,0,1.007493,8.440790,8.504038
3184,lm,0,128,0,1.381844,2.043664,2.824025
3184,lm,1,128,0,1.308686,2.690800,3.521412
3184,lm,2,128,0,1.062090,3.633982,3.859618
3184,lm,3,10,0,1.039170,7.772609,8.077064
3185,human,0,72,0,1.259933,2.145465,2.703142
3185,lm,0,128,0,1.564697,1.819471,2.846922
3185,lm,1,101,0,1.155261,3.883234,4.486151
319,human,0,97,0,1.123399,4.825743,5.421233
319,lm,0,9,0,1.028897,7.405129,7.619115
3190,human,0,78,0,1.151809,3.786752,4.361617
3190,lm,0,20,0,1.035233,7.286051,7.542759
32,human,0,128,0,1.191757,2.479695,2.955195
32,human,1,1,0,nan,nan,nan
32,lm,0,100,0,1.286884,2.671135,3.437442
3200,human,0,94,0,1.177350,2.967328,3.493584
3200,lm,0,20,0,1.113176,3.398486,3.783114
3203,human,0,128,0,1.106034,3.060485,3.385001
3203,human,1,7,0,0.937584,11.286194,10.581750
3203,lm,0,28,0,1.029865,4.718161,4.859070
3207,human,0,128,0,1.098269,5.547309,6.092436
3207,human,1,128,0,0.978555,6.987176,6.837339
3207,human,2,128,0,0.998183,6.473614,6.461848
3207,human,3,128,0,1.124501,2.569878,2.889829
3207,human,4,128,0,1.016844,6.177998,6.282060
3207,human,5,128,0,1.008754,6.594313,6.652042
3207,human,6,54,0,1.017756,7.339007,7.469321
3207,lm,0,128,0,1.175229,3.888128,4.569442
3207,lm,1,86,0,1.147469,3.037963,3.485969
3209,human,0,128,0,1.081784,3.517257,3.804912
3209,human,1,125,0,1.018074,3.542983,3.607020
3209,lm,0,128,0,1.477193,1.837120,2.713781
3209,lm,1,128,0,1.322132,2.851267,3.769751
3209,lm,2,128,0,1.227142,2.564339,3.146808
3209,lm,3,128,0,1.147598,3.133955,3.596520
3209,lm,4,38,0,1.045505,4.594428,4.803498
321,human,0,128,0,1.190318,2.753356,3.277371
321,human,1,9,0,1.020318,6.982778,7.124651
321,lm,0,40,0,1.052949,3.536201,3.723438
3211,human,0,128,0,1.160967,3.961744,4.599453
3211,human,1,36,0,1.056323,6.314362,6.670004
3211,lm,0,29,0,1.094949,5.274315,5.775105
3212,human,0,128,0,1.192760,3.298019,3.933744
3212,human,1,128,0,1.094464,4.452875,4.873509
3212,human,2,128,0,1.182594,3.542234,4.189025
3212,human,3,81,0,1.032352,5.164947,5.332044
3212,lm,0,128,0,1.274277,3.096119,3.945314
3212,lm,1,128,0,1.296251,2.305738,2.988817
3212,lm,2,32,0,0.965642,5.824389,5.624275
3213,human,0,128,0,1.245662,2.891372,3.601672
3213,human,1,43,0,1.181098,4.448367,5.253957
3213,lm,0,128,0,1.576120,2.868795,4.521565
3215,human,0,95,0,1.062569,4.132015,4.390550
3215,lm,0,128,0,1.310133,2.620982,3.433834
3215,lm,1,33,0,1.041010,6.551982,6.820678
3216,human,0,69,0,1.115507,3.827279,4.269358
3216,lm,0,128,0,1.202119,2.536250,3.048875
3216,lm,1,21,0,0.969896,5.958592,5.779213
3217,human,0,87,0,1.257639,2.753407,3.462794
3217,lm,0,22,0,1.017975,5.483688,5.582259
322,human,0,24,0,1.066035,5.070108,5.404914
322,lm,0,18,0,1.219362,3.913617,4.772116
3220,human,0,42,0,1.157302,5.060630,5.856679
3220,lm,0,60,0,1.163188,3.795917,4.415363
3221,human,0,128,0,1.187849,3.012766,3.578711
3221,human,1,108,0,1.179870,3.307766,3.902736
3221,lm,0,128,0,1.216370,3.429453,4.171483
3221,lm,1,79,0,1.053095,4.795530,5.050150
3222,human,0,128,0,1.134968,3.145772,3.570350
3222,human,1,128,0,1.029954,4.709838,4.850914
3222,human,2,128,0,1.034426,4.823708,4.989770
3222,human,3,128,0,1.026180,5.322994,5.462348
3222,human,4,128,0,1.044071,4.302697,4.492322
3222,human,5,128,0,1.087389,5.761483,6.264971
3222,human,6,126,0,1.026996,5.034985,5.170911
3222,lm,0,128,0,1.218909,2.372991,2.892459
3222,lm,1,120,0,1.063347,3.313368,3.523259
3226,human,0,128,0,1.157432,3.604256,4.171683
3226,human,1,127,0,1.103836,4.372545,4.826573
3226,lm,0,28,0,1.129720,5.086841,5.746706
3227,human,0,128,0,1.176246,1.495800,1.759429
3227,human,1,128,0,1.221555,1.314583,1.605835
3227,human,2,71,0,1.181644,2.642767,3.122809
3227,lm,0,6,0,1.016820,6.690240,6.802771
3228,human,0,22,0,1.065219,4.836010,5.151409
3228,lm,0,13,0,1.050201,7.137664,7.495983
3230,human,0,128,0,1.218067,2.938175,3.578894
3230,human,1,128,0,1.215214,3.065089,3.724738
3230,human,2,128,0,1.134605,3.724016,4.225289
3230,human,3,128,0,1.251154,2.893047,3.619646
3230,human,4,128,0,1.139795,3.317528,3.781301
3230,human,5,31,0,1.005518,5.965605,5.998521
3230,lm,0,120,0,1.131260,3.253597,3.680662
3233,human,0,128,0,1.213148,3.261515,3.956699
3233,human,1,40,0,1.071662,6.208969,6.653919
3233,lm,0,76,0,1.281264,3.589493,4.599090
3234,human,0,128,0,1.090753,3.636248,3.966249
3234,human,1,89,0,1.198810,2.351159,2.818593
3234,lm,0,19,0,1.019074,6.392148,6.514073
3238,human,0,42,0,1.109424,3.602130,3.996290
3238,lm,0,11,0,1.060173,5.571620,5.906879
3240,human,0,96,0,1.183055,3.935526,4.655943
3240,lm,0,10,0,1.024127,6.109565,6.256972
3243,human,0,63,0,1.015740,4.795778,4.871263
3243,lm,0,128,0,1.279584,2.178192,2.787179
3243,lm,1,56,0,1.188143,3.724879,4.425690
3246,human,0,63,0,1.113651,4.253715,4.737154
3246,lm,0,42,0,1.215071,4.335417,5.267840
3248,human,0,50,0,1.144920,3.193971,3.656841
3248,lm,0,77,0,1.188169,3.699557,4.395697
3252,human,0,30,0,0.986732,6.047356,5.967118
3252,lm,0,10,0,1.002806,8.802213,8.826912
3255,human,0,87,0,1.103129,4.080842,4.501694
3255,lm,0,128,0,1.228448,2.473001,3.037953
3255,lm,1,128,0,1.295837,2.733400,3.542041
3255,lm,2,72,0,1.154885,3.702426,4.275874
3256,human,0,73,0,1.098986,4.149843,4.560619
3256,lm,0,128,0,1.368732,2.812895,3.850099
3256,lm,1,128,0,1.272000,2.721121,3.461265
3256,lm,2,128,0,1.080898,4.397111,4.752828
3256,lm,3,128,0,1.140098,3.031838,3.456591
3256,lm,4,12,0,0.980871,6.663677,6.536205
3257,human,0,116,0,1.239842,2.506853,3.108102
3257,lm,0,128,0,1.281153,2.864940,3.670426
3257,lm,1,19,0,1.000983,9.340206,9.349390
326,human,0,128,0,1.087753,4.013183,4.365352
326,human,1,128,0,1.132397,3.774089,4.273768
326,human,2,11,0,1.048793,8.017512,8.408713
326,lm,0,128,0,1.237687,3.190043,3.948273
326,lm,1,37,0,1.122466,4.428484,4.970821
3263,human,0,42,0,1.018001,4.944219,5.033221
3263,lm,0,13,0,1.018137,6.384685,6.500482
3265,human,0,43,0,1.110465,4.470525,4.964361
3265,lm,0,27,0,1.255784,3.818787,4.795570
3266,human,0,128,0,1.159714,3.999639,4.638435
3266,human,1,128,0,1.306099,2.794247,3.649564
3266,human,2,119,0,1.079229,4.625636,4.992121
3266,lm,0,128,0,1.309931,3.021413,3.957841
3266,lm,1,128,0,1.089755,4.323826,4.711910
3266,lm,2,44,0,1.077336,5.505952,5.931762
3268,human,0,128,0,1.268033,2.209255,2.801408
3268,human,1,128,0,1.114474,3.575657,3.984977
3268,human,2,128,0,1.201799,3.553335,4.270394
3268,human,3,128,0,1.072822,3.603837,3.866276
3268,human,4,128,0,1.274986,3.053497,3.893166
3268,human,5,113,0,1.083472,4.023578,4.359435
3268,lm,0,128,0,1.160005,3.557298,4.126484
3268,lm,1,121,0,1.213078,2.908640,3.528408
3270,human,0,85,0,1.133384,3.739138,4.237880
3270,lm,0,47,0,1.135974,4.410939,5.010712
3271,human,0,121,0,1.198424,2.664760,3.193513
3271,lm,0,36,0,1.105261,5.288251,5.844896
3274,human,0,128,0,1.345036,2.247730,3.023278
3274,human,1,128,0,1.178414,2.497960,2.943631
3274,human,2,128,0,1.252285,1.813617,2.271164
3274,human,3,91,0,1.057511,4.534127,4.794888
3274,lm,0,82,0,1.276081,2.916914,3.722220
3276,human,0,128,0,1.413113,2.232743,3.155119
3276,human,1,121,0,1.299258,2.972614,3.862194
3276,lm,0,25,0,1.177393,4.173620,4.913991
3277,human,0,37,0,1.056262,4.541958,4.797497
3277,lm,0,44,0,1.050343,5.205065,5.467102
3278,human,0,128,0,1.145022,4.039404,4.625205
3278,human,1,128,0,1.105502,3.254129,3.597446
3278,human,2,128,0,1.153961,4.072464,4.699465
3278,human,3,128,0,1.077740,3.995342,4.305939
3278,human,4,103,0,1.199955,2.908657,3.490257
3278,lm,0,9,0,0.990890,5.529453,5.479078
3279,human,0,49,0,1.079472,5.341076,5.765540
3279,lm,0,54,0,1.171918,3.889401,4.558060
3281,human,0,44,0,1.049983,5.338409,5.605241
3281,lm,0,44,0,1.152577,4.103624,4.729742
3283,human,0,128,0,1.307622,3.021991,3.951621
3283,human,1,79,0,1.163072,4.428846,5.151067
3283,lm,0,12,0,0.972929,8.786078,8.548234
3287,human,0,128,0,1.199407,3.370826,4.042992
3287,human,1,128,0,1.137914,2.722641,3.098131
3287,human,2,24,0,1.007596,5.862444,5.906976
3287,lm,0,107,0,1.181826,2.654421,3.137063
3290,human,0,64,0,1.026566,3.930061,4.034466
3290,lm,0,30,0,1.137707,4.065128,4.624923
3295,human,0,128,0,1.130451,3.771960,4.264015
3295,human,1,128,0,1.175439,1.997810,2.348304
3295,human,2,17,0,1.018911,7.396239,7.536111
3295,lm,0,89,0,1.185371,2.639283,3.128528
3296,human,0,128,0,1.088793,4.226710,4.602012
3296,human,1,36,0,1.062629,4.299050,4.568294
3296,lm,0,40,0,1.073997,3.556890,3.820088
3297,human,0,45,0,1.195454,3.013926,3.603010
3297,lm,0,87,0,1.262421,3.412362,4.307838
3298,human,0,128,0,1.324180,2.652765,3.512739
3298,human,1,83,0,1.144080,3.801934,4.349718
3298,lm,0,66,0,1.175036,3.692582,4.338916
33,human,0,128,0,1.252096,2.387141,2.988931
33,human,1,71,0,1.232742,3.815166,4.703116
33,lm,0,118,0,1.274143,2.838511,3.616669
330,human,0,21,0,1.002088,6.333517,6.346742
330,lm,0,92,0,1.147180,4.246035,4.870965
3302,human,0,128,0,1.270815,2.202025,2.798365
3302,human,1,67,0,1.130814,2.978408,3.368027
3302,lm,0,128,0,1.318567,2.481829,3.272457
3302,lm,1,41,0,1.233225,3.869386,4.771822
3303,human,0,128,0,1.316653,3.155317,4.154458
3303,human,1,1,0,nan,nan,nan
3303,lm,0,110,0,1.366497,2.519789,3.443284
3304,human,0,128,0,1.149729,3.597606,4.136272
3304,human,1,43,0,1.112405,4.305018,4.788923
3304,lm,0,90,0,1.123176,2.461406,2.764592
3305,human,0,21,0,0.989020,8.236374,8.145935
3305,lm,0,10,0,1.015711,9.573633,9.724043
3306,human,0,128,0,1.128998,3.709411,4.187919
3306,human,1,29,0,0.998427,4.940058,4.932287
3306,lm,0,21,0,1.018398,6.108379,6.220763
331,human,0,17,0,1.040354,4.499625,4.681204
331,lm,0,56,0,1.162295,3.107261,3.611555
3310,human,0,37,0,1.136427,3.509793,3.988625
3310,lm,0,9,0,0.990117,7.002403,6.933197
3313,human,0,103,0,1.103235,4.274807,4.716116
3313,lm,0,92,0,1.268474,3.951403,5.012251
3314,human,0,128,0,1.259558,2.401792,3.025196
3314,human,1,128,0,1.124392,3.683157,4.141312
3314,human,2,128,0,1.282486,2.732517,3.504415
3314,human,3,50,0,1.184200,3.296550,3.903775
3314,lm,0,9,0,1.094511,5.014955,5.488924
3315,human,0,67,0,1.170154,3.601392,4.214183
3315,lm,0,67,0,1.250079,3.452085,4.315380
3319,human,0,35,0,1.086505,5.099622,5.540764
3319,lm,0,19,0,1.045112,7.126251,7.447731
3320,human,0,128,0,1.131226,3.035120,3.433408
3320,human,1,2,0,0.970792,10.982067,10.661301
3320,lm,0,128,0,1.179128,3.803548,4.484868
3320,lm,1,49,0,1.058278,6.120587,6.477280
3321,human,0,30,0,1.075004,5.811982,6.247902
3321,lm,0,61,0,1.321622,2.622598,3.466083
3322,human,0,128,0,1.162908,3.668582,4.266224
3322,human,1,85,0,1.095122,3.729330,4.084072
3322,lm,0,9,0,1.007936,8.262595,8.328167
3324,human,0,13,0,1.005333,5.729397,5.759949
3324,lm,0,29,0,1.229068,2.639522,3.244153
3325,human,0,128,0,1.140558,3.785682,4.317789
3325,human,1,113,0,1.104154,4.416090,4.876041
3325,lm,0,69,0,1.291568,3.066782,3.960957
3326,human,0,128,0,1.236238,2.679092,3.311995
3326,human,1,30,0,0.975653,7.148073,6.974041
3326,lm,0,18,0,1.067576,6.317759,6.744685
3329,human,0,83,0,1.080739,4.740865,5.123637
3329,lm,0,27,0,1.141319,3.220941,3.676122
3330,human,0,128,0,1.190314,4.167298,4.960393
3330,human,1,64,0,1.307986,3.488729,4.563211
3330,lm,0,50,0,1.085127,5.179950,5.620902
3334,human,0,53,0,1.107502,3.586736,3.972318
3334,lm,0,12,0,1.051590,4.055105,4.264307
3336,human,0,56,0,1.165084,2.772164,3.229805
3336,lm,0,128,0,1.234808,2.559098,3.159994
3336,lm,1,21,0,0.979803,6.704894,6.569475
3338,human,0,81,0,1.180871,2.872936,3.392566
3338,lm,0,110,0,1.215444,2.754238,3.347622
3339,human,0,128,0,1.205065,3.056848,3.683701
3339,human,1,82,0,1.131810,4.495210,5.087725
3339,lm,0,27,0,1.122930,5.503942,6.180540
334,human,0,22,0,1.073060,4.667217,5.008204
334,lm,0,16,0,1.082094,5.462358,5.910782
3340,human,0,90,0,1.099093,3.502480,3.849552
3340,lm,0,128,0,1.345627,2.701175,3.634774
3340,lm,1,128,0,1.171403,3.463296,4.056914
3340,lm,2,128,0,1.249285,2.771488,3.462379
3340,lm,3,128,0,1.266170,2.464176,3.120065
3340,lm,4,32,0,1.045345,5.533643,5.784569
3342,human,0,62,0,1.254542,3.026481,3.796848
3342,lm,0,78,0,1.118793,2.829278,3.165377
3344,human,0,66,0,1.131240,3.763661,4.257603
3344,lm,0,53,0,1.129354,4.874352,5.504870
3346,human,0,128,0,1.223650,3.849441,4.710369
3346,human,1,128,0,1.123355,2.942200,3.305134
3346,human,2,43,0,1.097590,4.955599,5.439214
3346,lm,0,46,0,1.154880,3.699278,4.272223
3348,human,0,128,0,1.143530,4.157481,4.754206
3348,human,1,60,0,1.150500,3.990440,4.591000
3348,lm,0,105,0,1.261390,3.023132,3.813348
3349,human,0,47,0,1.058934,4.785465,5.067493
3349,lm,0,113,0,1.093545,3.944241,4.313204
335,human,0,25,0,1.045333,3.871105,4.046595
335,lm,0,13,0,1.095487,3.049423,3.340602
3354,human,0,32,0,0.964220,6.160068,5.939657
3354,lm,0,11,0,1.091592,4.995453,5.452994
3355,human,0,18,0,1.071171,5.714173,6.120859
3355,lm,0,10,0,1.013550,6.782080,6.873977
3357,human,0,30,0,1.031359,5.901835,6.086909
3357,lm,0,43,0,1.136590,4.438619,5.044890
3358,human,0,55,0,1.047883,5.434453,5.694671
3358,lm,0,9,0,0.994038,5.696284,5.662321
336,human,0,128,0,1.085199,4.863854,5.278251
336,human,1,46,0,1.070492,5.418816,5.800800
336,lm,0,10,0,1.002033,7.677939,7.693549
3360,human,0,51,0,1.013399,7.051370,7.145851
3360,lm,0,10,0,1.016709,6.769823,6.882940
3361,human,0,54,0,1.031393,3.899798,4.022225
3361,lm,0,10,0,1.001502,6.471189,6.480911
3362,human,0,43,0,1.271264,2.888212,3.671680
3362,lm,0,45,0,1.318917,2.622646,3.459051
3363,human,0,38,0,1.137287,2.536581,2.884820
3363,lm,0,37,0,1.458042,2.644342,3.855563
3364,human,0,72,0,1.028682,4.045864,4.161907
3364,lm,0,128,0,1.381499,2.170057,2.997932
3364,lm,1,128,0,1.304755,2.766927,3.610162
3364,lm,2,128,0,1.222783,3.950314,4.830377
3364,lm,3,128,0,1.327823,3.145158,4.176214
3364,lm,4,128,0,1.383658,2.955379,4.089234
3364,lm,5,7,0,1.021955,7.846802,8.019075
3365,human,0,128,0,1.200386,3.013458,3.617312
3365,human,1,24,0,1.037409,6.153569,6.383766
3365,lm,0,106,0,1.251702,3.207243,4.014513
3366,human,0,65,0,1.198448,3.638002,4.359958
3366,lm,0,37,0,1.190182,5.070810,6.035187
3367,human,0,20,0,1.035675,5.486609,5.682345
3367,lm,0,42,0,1.079322,4.934883,5.326329
3368,human,0,128,0,1.132915,3.709453,4.202494
3368,human,1,128,0,1.111410,2.945366,3.273510
3368,human,2,1,0,nan,nan,nan
3368,lm,0,128,0,1.319465,1.597149,2.107382
3368,lm,1,92,0,1.300853,2.484275,3.231677
3371,human,0,128,0,1.115079,3.703613,4.129821
3371,human,1,128,0,1.189502,2.541492,3.023111
3371,human,2,66,0,1.095816,4.840074,5.303832
3371,lm,0,128,0,1.347119,3.001700,4.043647
3371,lm,1,106,0,1.145216,3.659403,4.190808
3373,human,0,88,0,1.116953,3.114349,3.478580
3373,lm,0,36,0,1.135269,3.486206,3.957781
3375,human,0,96,0,1.105700,3.714097,4.106676
3375,lm,0,128,0,1.507742,2.233037,3.366843
3375,lm,1,128,0,1.161393,3.021278,3.508892
3375,lm,2,92,0,1.076758,4.179173,4.499958
3377,human,0,53,0,1.094993,5.216690,5.712240
3377,lm,0,19,0,1.004041,7.143678,7.172548
3378,human,0,42,0,1.023776,5.122720,5.244515
3378,lm,0,61,0,1.098048,4.541498,4.986784
338,human,0,128,0,1.215805,3.116620,3.789201
338,human,1,5,0,0.994003,10.485446,10.422565
338,lm,0,128,0,1.356822,2.790447,3.786140
338,lm,1,128,0,1.186503,2.758210,3.272625
338,lm,2,32,0,1.084836,5.550079,6.020925
3382,human,0,86,0,1.256001,2.649567,3.327860
3382,lm,0,128,0,1.411728,2.192425,3.095108
3382,lm,1,6,0,1.043337,5.812487,6.064381
3384,human,0,128,0,1.298651,3.345520,4.344662
3384,human,1,128,0,1.038224,5.637520,5.853006
3384,human,2,58,0,1.003559,6.964625,6.989409
3384,lm,0,118,0,1.385816,2.327219,3.225096
3385,human,0,25,0,1.061502,4.775476,5.069180
3385,lm,0,27,0,1.045327,6.351718,6.639621
3387,human,0,128,0,1.089417,4.407246,4.801328
3387,human,1,128,0,1.164912,3.838228,4.471198
3387,human,2,61,0,0.998740,4.850461,4.844349
3387,lm,0,87,0,1.366544,3.061795,4.184076
3388,human,0,18,0,0.989338,8.280245,8.191965
3388,lm,0,35,0,1.088216,4.880110,5.310613
339,human,0,67,0,1.142407,4.035026,4.609642
339,lm,0,65,0,1.249125,3.606610,4.505108
3390,human,0,48,0,1.045386,5.067940,5.297952
3390,lm,0,57,0,1.177378,3.865191,4.550790
3391,human,0,53,0,1.045635,5.571504,5.825757
3391,lm,0,10,0,1.013998,6.895227,6.991747
3392,human,0,110,0,1.091529,2.752082,3.003976
3392,lm,0,21,0,1.010541,7.057110,7.131496
3393,human,0,128,0,1.150281,3.956311,4.550869
3393,human,1,8,0,1.324734,3.192301,4.228949
3393,lm,0,122,0,1.409327,2.182663,3.076087
3395,human,0,14,0,1.101955,3.230013,3.559329
3395,lm,0,128,0,1.223479,2.779839,3.401075
3395,lm,1,47,0,1.080690,3.771614,4.075945
3398,human,0,25,0,1.051189,4.609487,4.845440
3398,lm,0,128,0,1.972641,0.751061,1.481573
3398,lm,1,43,0,1.112277,5.064384,5.632996
34,human,0,128,0,1.065792,3.234189,3.446972
34,human,1,50,0,1.068168,6.416615,6.854022
34,lm,0,128,0,1.236741,2.467897,3.052150
34,lm,1,128,0,1.268511,2.868246,3.638401
34,lm,2,41,0,0.980545,6.237737,6.116385
340,human,0,78,0,1.264524,3.759647,4.754163
340,lm,0,19,0,1.058362,5.759050,6.095160
3400,human,0,81,0,1.063353,4.180055,4.444875
3400,lm,0,13,0,1.010962,7.639568,7.723311
3401,human,0,9,0,1.095820,5.033051,5.515316
3401,lm,0,18,0,1.174358,4.672845,5.487592
3402,human,0,47,0,1.125376,5.377846,6.052097
3402,lm,0,77,0,1.242487,4.178112,5.191249
3403,human,0,128,0,1.293987,2.537984,3.284118
3403,human,1,14,0,1.019415,8.318814,8.480321
3403,lm,0,63,0,1.297217,1.836541,2.382392
3406,human,0,128,0,1.200541,2.719250,3.264572
3406,human,1,111,0,0.927224,7.117535,6.599552
3406,lm,0,77,0,1.149223,3.261517,3.748209
3407,human,0,119,0,1.162348,3.119756,3.626241
3407,lm,0,14,0,0.995101,7.143137,7.108146
3411,human,0,31,0,1.077256,4.865202,5.241067
3411,lm,0,31,0,1.089637,4.865202,5.301307
3412,human,0,128,0,1.242866,2.422773,3.011182
3412,human,1,128,0,1.062081,4.271739,4.536932
3412,human,2,128,0,1.214719,3.304486,4.014021
3412,human,3,128,0,1.082247,4.688445,5.074056
3412,human,4,128,0,1.133790,4.132812,4.685741
3412,human,5,128,0,1.066808,5.199476,5.546844
3412,human,6,128,0,1.156740,3.759737,4.349036
3412,human,7,128,0,1.021724,5.131501,5.242976
3412,human,8,33,0,1.021704,4.323112,4.416939
3412,lm,0,88,0,1.212820,3.020581,3.663422
3413,human,0,128,0,1.088610,3.560681,3.876194
3413,human,1,111,0,1.215114,3.254165,3.954180
3413,lm,0,82,0,1.355679,2.760166,3.741900
3415,human,0,19,0,1.087144,4.422364,4.807745
3415,lm,0,128,0,1.259261,3.731839,4.699359
3415,lm,1,86,0,1.116319,4.345659,4.851143
342,human,0,66,0,1.124536,4.026209,4.527618
342,lm,0,36,0,1.082954,4.910217,5.317539
3420,human,0,128,0,1.410139,1.307867,1.844273
3420,human,1,12,0,1.079438,4.662135,5.032485
3420,lm,0,128,0,1.266109,1.731245,2.191945
3420,lm,1,21,0,1.051136,5.560559,5.844902
3422,human,0,77,0,1.225890,3.472293,4.256648
3422,lm,0,63,0,1.200493,3.537389,4.246611
3425,human,0,32,0,1.091620,4.573156,4.992147
3425,lm,0,12,0,1.018407,8.601581,8.759913
3427,human,0,128,0,1.153909,4.739441,5.468882
3427,human,1,128,0,1.163302,4.378878,5.093957
3427,human,2,128,0,1.213528,3.920421,4.757539
3427,human,3,2,0,0.996723,9.099211,9.069395
3427,lm,0,128,0,1.346738,1.815671,2.445233
3427,lm,1,69,0,1.229403,4.174263,5.131852
3429,human,0,128,0,1.217042,2.966701,3.610599
3429,human,1,18,0,1.053240,5.869730,6.182237
3429,lm,0,44,0,1.224753,3.545889,4.342837
343,human,0,49,0,1.136466,2.866544,3.257731
343,lm,0,39,0,1.202256,4.154761,4.995087
3430,human,0,53,0,1.162669,3.261549,3.792103
3430,lm,0,81,0,1.242111,2.931440,3.641173
3431,human,0,59,0,1.037143,4.338897,4.500058
3431,lm,0,128,0,1.202702,2.871600,3.453680
3431,lm,1,128,0,1.377966,2.267308,3.124274
3431,lm,2,128,0,1.201430,3.379016,4.059650
3431,lm,3,26,0,1.085182,5.582837,6.058396
3432,human,0,128,0,1.133821,2.896696,3.284333
3432,human,1,128,0,1.162100,2.689798,3.125814
3432,human,2,67,0,1.070517,3.018410,3.231260
3432,lm,0,128,0,1.326054,1.741118,2.308817
3432,lm,1,64,0,1.117011,3.918290,4.376772
3434,human,0,128,0,1.253051,3.554862,4.454423
3434,human,1,50,0,1.088682,6.068207,6.606350
3434,lm,0,64,0,1.261488,3.985045,5.027086
3437,human,0,34,0,1.107252,4.671787,5.172845
3437,lm,0,10,0,1.005942,7.053645,7.095558
3438,human,0,45,0,1.072662,4.866435,5.220040
3438,lm,0,41,0,1.244003,3.745910,4.659925
344,human,0,60,0,1.107911,3.865094,4.282180
344,lm,0,62,0,1.106980,3.400311,3.764078
3441,human,0,128,0,1.183022,3.448921,4.080148
3441,human,1,128,0,1.167577,3.079270,3.595286
3441,human,2,128,0,1.195289,3.297992,3.942053
3441,human,3,77,0,1.097442,5.194303,5.700447
3441,lm,0,128,0,1.482461,2.705545,4.010866
3441,lm,1,15,0,0.991408,9.465545,9.384219
3442,human,0,128,0,1.185354,3.086543,3.658645
3442,human,1,97,0,1.284203,2.765523,3.551493
3442,lm,0,128,0,1.174116,2.919591,3.427937
3442,lm,1,31,0,1.110401,5.057444,5.615791
3445,human,0,67,0,1.099166,3.654182,4.016552
3445,lm,0,54,0,1.161748,4.008592,4.656976
3446,human,0,24,0,1.047383,5.980331,6.263700
3446,lm,0,45,0,1.059440,5.517364,5.845315
3448,human,0,97,0,1.068171,4.433887,4.736148
3448,lm,0,61,0,1.179550,3.411589,4.024139
345,human,0,40,0,1.073417,5.497932,5.901575
345,lm,0,65,0,1.253240,2.724625,3.414610
3451,human,0,128,0,1.199831,2.051330,2.461250
3451,human,1,4,0,1.017855,5.876061,5.980981
3451,lm,0,50,0,1.265672,3.638499,4.605146
3454,human,0,128,0,1.274026,2.832819,3.609085
3454,human,1,85,0,1.104516,3.961716,4.375778
3454,lm,0,128,0,1.452280,2.886544,4.192070
3454,lm,1,88,0,1.054107,4.995624,5.265923
3457,human,0,128,0,1.160949,3.336896,3.873967
3457,human,1,128,0,1.122854,4.661549,5.234238
3457,human,2,49,0,1.079802,5.669846,6.122309
3457,lm,0,97,0,1.158559,4.002237,4.636829
346,human,0,42,0,1.107418,4.619678,5.115914
346,lm,0,50,0,1.288940,4.020195,5.181789
3460,human,0,19,0,1.033962,6.823650,7.055395
3460,lm,0,128,0,1.328092,2.698093,3.583315
3460,lm,1,11,0,0.955496,10.084430,9.635630
3463,human,0,36,0,1.004851,6.167450,6.197366
3463,lm,0,128,0,1.230374,3.123106,3.842590
3463,lm,1,128,0,1.182061,3.603363,4.259396
3463,lm,2,40,0,1.029730,5.455755,5.617953
3465,human,0,128,0,1.125711,3.578768,4.028657
3465,human,1,128,0,1.022499,4.247975,4.343549
3465,human,2,128,0,1.092244,3.996616,4.365281
3465,human,3,128,0,1.243243,3.405861,4.234314
3465,human,4,33,0,1.069873,4.760187,5.092796
3465,lm,0,128,0,1.259551,3.176151,4.000523
3465,lm,1,60,0,1.072905,4.984179,5.347549
3466,human,0,128,0,1.639080,1.512632,2.479324
3466,human,1,128,0,1.156602,3.572065,4.131457
3466,lm,0,72,0,1.412296,2.303263,3.252889
3470,human,0,65,0,1.150973,3.787727,4.359571
3470,lm,0,13,0,1.129914,4.433097,5.009019
3474,human,0,46,0,1.055806,5.563152,5.873611
3474,lm,0,11,0,0.993927,10.159311,10.097613
3476,human,0,128,0,1.260758,3.267823,4.119934
3476,human,1,11,0,1.022682,7.577331,7.749202
3476,lm,0,128,0,1.394466,2.605165,3.632815
3476,lm,1,128,0,1.144524,4.099301,4.691749
3476,lm,2,128,0,1.372847,2.752656,3.778974
3476,lm,3,128,0,1.156802,3.865035,4.471080
3476,lm,4,62,0,1.185523,4.116833,4.880600
348,human,0,105,0,1.120773,3.278585,3.674549
348,lm,0,128,0,1.391528,1.774786,2.469666
348,lm,1,6,0,1.040560,5.241485,5.454077
3480,human,0,128,0,1.086224,4.794957,5.208395
3480,human,1,90,0,1.019302,5.703774,5.813870
3480,lm,0,101,0,1.150866,4.574345,5.264457
3481,human,0,63,0,1.067595,5.258995,5.614475
3481,lm,0,24,0,1.035684,6.328050,6.553861
3482,human,0,54,0,1.123759,3.937726,4.425056
3482,lm,0,40,0,1.303890,2.840150,3.703244
3483,human,0,128,0,1.535537,1.529230,2.348190
3483,human,1,79,0,1.407666,2.315365,3.259260
3483,lm,0,128,0,1.529839,1.140146,1.744240
3483,lm,1,14,0,1.071317,6.118231,6.554562
3484,human,0,118,0,1.137440,3.190854,3.629405
3484,lm,0,29,0,1.101631,3.310497,3.646945
3487,human,0,128,0,1.114416,2.560806,2.853803
3487,human,1,60,0,1.085635,6.395863,6.943570
3487,lm,0,128,0,1.191394,3.107540,3.702305
3487,lm,1,62,0,1.029355,4.971735,5.117682
3488,human,0,34,0,1.172892,4.336479,5.086220
3488,lm,0,29,0,1.106618,3.822507,4.230054
3491,human,0,16,0,1.012670,4.826992,4.888152
3491,lm,0,6,0,1.002366,8.435084,8.455038
3492,human,0,32,0,1.159957,4.806901,5.575799
3492,lm,0,10,0,1.022950,8.107211,8.293269
3493,human,0,30,0,1.076253,4.553445,4.900657
3493,lm,0,47,0,1.058861,4.526412,4.792838
3494,human,0,128,0,1.103490,2.837257,3.130885
3494,human,1,128,0,1.302574,2.741657,3.571213
3494,human,2,128,0,1.180877,3.547791,4.189507
3494,human,3,128,0,1.065210,4.709397,5.016497
3494,human,4,128,0,1.109983,4.294434,4.766746
3494,human,5,128,0,1.189735,3.189515,3.794678
3494,human,6,128,0,1.195848,3.767787,4.505701
3494,human,7,59,0,1.019015,5.424934,5.528088
3494,lm,0,28,0,1.029892,4.640655,4.779374
3496,human,0,128,0,1.094551,2.966227,3.246686
3496,human,1,128,0,1.105380,2.669761,2.951100
3496,human,2,128,0,1.075429,3.167145,3.406039
3496,human,3,128,0,1.108902,3.279727,3.636894
3496,human,4,128,0,1.125553,2.804175,3.156248
3496,human,5,128,0,1.122533,2.671853,2.999243
3496,human,6,128,0,1.066368,2.979352,3.177086
3496,human,7,128,0,1.090564,2.920870,3.185396
3496,human,8,128,0,1.043640,3.012851,3.144331
3496,human,9,128,0,1.089491,2.778980,3.027674
3496,human,10,17,0,0.989582,7.590086,7.511014
3496,lm,0,24,0,1.019197,5.615071,5.722861
3497,human,0,13,0,1.079036,5.738074,6.191588
3497,lm,0,48,0,1.075218,4.906648,5.275715
3498,human,0,128,0,1.056613,3.433575,3.627961
3498,human,1,20,0,1.006248,5.611176,5.646236
3498,lm,0,12,0,1.026872,5.955204,6.115230
3500,human,0,128,0,1.138703,3.642930,4.148217
3500,human,1,128,0,1.108006,4.220671,4.676528
3500,human,2,120,0,1.101279,3.645936,4.015192
3500,lm,0,128,0,1.182074,3.279311,3.876387
3500,lm,1,47,0,1.084878,5.650473,6.130073
3503,human,0,104,0,1.094461,3.739110,4.092309
3503,lm,0,100,0,1.325873,2.200081,2.917027
3504,human,0,113,0,1.027014,3.813637,3.916657
3504,lm,0,10,0,0.988415,8.019435,7.926529
3505,human,0,6,0,1.032315,6.204507,6.405004
3505,lm,0,124,0,1.378353,2.024662,2.790699
3507,human,0,77,0,1.141015,4.296158,4.901982
3507,lm,0,7,0,0.990683,8.951699,8.868294
3508,human,0,128,0,1.083397,4.595078,4.978294
3508,human,1,75,0,1.039132,5.081089,5.279923
3508,lm,0,128,0,1.145721,4.040236,4.628983
3508,lm,1,45,0,1.084797,5.870046,6.367808
351,human,0,29,0,1.054433,6.744010,7.111107
351,lm,0,11,0,0.989914,8.506592,8.420798
3510,human,0,20,0,1.141021,4.609631,5.259687
3510,lm,0,7,0,1.089000,5.546623,6.040272
3512,human,0,89,0,1.100338,4.295598,4.726611
3512,lm,0,32,0,1.047774,5.993279,6.279600
3515,human,0,109,0,1.066531,4.290636,4.576097
3515,lm,0,26,0,1.049762,6.193750,6.501961
3516,human,0,118,0,1.201140,3.337603,4.008928
3516,lm,0,128,0,1.260440,3.682311,4.641333
3516,lm,1,66,0,1.112068,3.097357,3.444472
3519,human,0,32,0,1.041144,6.345936,6.607034
3519,lm,0,38,0,1.047446,5.406353,5.662862
352,human,0,128,0,1.218335,2.340295,2.851265
352,human,1,48,0,1.064918,3.177599,3.383882
352,lm,0,128,0,1.365935,2.128272,2.907082
352,lm,1,126,0,1.227731,3.024252,3.712969
3523,human,0,101,0,1.104625,3.404332,3.760511
3523,lm,0,84,0,1.268640,2.364166,2.999275
3525,human,0,32,0,1.054734,6.158547,6.495628
3525,lm,0,128,0,1.405546,2.713053,3.813321
3525,lm,1,34,0,1.086327,4.406935,4.787373
3526,human,0,43,0,1.066592,5.564852,5.935428
3526,lm,0,128,0,1.329715,2.672798,3.554060
3526,lm,1,88,0,1.176611,2.113949,2.487296
3527,human,0,22,0,1.059624,4.529279,4.799331
3527,lm,0,9,0,1.016418,9.374914,9.528830
3528,human,0,31,0,1.040222,6.337937,6.592862
3528,lm,0,128,0,1.158272,4.098494,4.747171
3528,lm,1,73,0,1.187132,4.407557,5.232351
3529,human,0,29,0,1.048188,6.036290,6.327167
3529,lm,0,53,0,1.284861,3.133688,4.026355
353,human,0,128,0,1.091821,4.971531,5.428021
353,human,1,33,0,1.105823,5.183571,5.732112
353,lm,0,48,0,1.110369,4.403355,4.889347
3535,human,0,36,0,1.132081,3.263776,3.694859
3535,lm,0,11,0,1.012540,5.819332,5.892307
3536,human,0,73,0,1.052700,5.187371,5.460745
3536,lm,0,45,0,1.111684,3.791536,4.214991
3537,human,0,66,0,1.148510,3.416676,3.924085
3537,lm,0,128,0,1.280147,3.051622,3.906527
3537,lm,1,41,0,1.206973,3.600803,4.346072
3540,human,0,39,0,1.066529,5.413416,5.773564
3540,lm,0,96,0,1.156261,3.357818,3.882515
3543,human,0,118,0,1.353818,1.684396,2.280365
3543,lm,0,25,0,1.092717,4.377748,4.783639
3544,human,0,33,0,1.201789,3.541149,4.255714
3544,lm,0,27,0,1.231518,3.464745,4.266898
3548,human,0,13,0,1.053463,5.450225,5.741612
3548,lm,0,111,0,1.051758,2.975904,3.129932
3549,human,0,33,0,1.072922,4.695297,5.037687
3549,lm,0,18,0,1.003619,5.968280,5.989880
3550,human,0,43,0,1.080237,4.703176,5.080543
3550,lm,0,37,0,1.138402,4.938405,5.621890
3552,human,0,128,0,1.070689,3.796530,4.064902
3552,human,1,128,0,1.096602,3.926681,4.306005
3552,human,2,12,0,1.004404,6.509793,6.538462
3552,lm,0,128,0,1.290390,3.244686,4.186909
3552,lm,1,106,0,1.125398,4.149146,4.669439
3554,human,0,64,0,1.066188,4.394722,4.685599
3554,lm,0,100,0,1.204107,3.100986,3.733918
3556,human,0,34,0,1.142717,3.238215,3.700362
3556,lm,0,30,0,1.201266,3.044311,3.657029
3559,human,0,32,0,1.030134,6.039978,6.221986
3559,lm,0,33,0,1.141278,4.704865,5.369558
356,human,0,128,0,1.264576,2.265395,2.864765
356,human,1,128,0,1.193082,2.680675,3.198265
356,human,2,14,0,0.997156,8.975407,8.949876
356,lm,0,128,0,1.240300,2.847130,3.531294
356,lm,1,82,0,1.080166,4.959775,5.357382
3562,human,0,128,0,1.136168,5.175379,5.880100
3562,human,1,128,0,1.121032,5.079078,5.693812
3562,human,2,50,0,1.072007,5.015895,5.377075
3562,lm,0,53,0,1.363829,3.445980,4.699727
3565,human,0,68,0,1.147882,4.310194,4.947594
3565,lm,0,57,0,1.326564,3.578323,4.746873
3570,human,0,17,0,1.023024,6.025158,6.163882
3570,lm,0,5,0,1.002565,5.599625,5.613987
3571,human,0,77,0,1.139212,3.129418,3.565071
3571,lm,0,6,0,1.007017,6.410573,6.455557
3572,human,0,78,0,1.027162,5.793659,5.951025
3572,lm,0,56,0,1.114389,3.587732,3.998129
3573,human,0,128,0,1.384461,2.320493,3.212633
3573,human,1,50,0,1.141570,3.825952,4.367591
3573,lm,0,125,0,1.321410,2.169580,2.866904
3577,human,0,128,0,1.191211,3.727789,4.440584
3577,lm,0,58,0,1.098106,5.237442,5.751267
3578,human,0,128,0,1.148265,3.836938,4.405821
3578,human,1,128,0,1.138717,2.586312,2.945077
3578,human,2,7,0,0.986428,8.783052,8.663850
3578,lm,0,30,0,1.065362,5.468714,5.826162
358,human,0,27,0,1.085339,4.663723,5.061720
358,lm,0,87,0,1.322701,2.942092,3.891507
3581,human,0,115,0,1.053919,4.956184,5.223416
3581,lm,0,128,0,1.182411,3.273314,3.870402
3581,lm,1,128,0,0.900599,3.761590,3.387683
3581,lm,2,80,0,1.042821,5.161970,5.383013
3582,human,0,21,0,1.060404,4.646855,4.927544
3582,lm,0,6,0,1.004679,8.519560,8.559424
3583,human,0,128,0,1.043854,3.458564,3.610238
3583,human,1,37,0,0.962737,7.077258,6.813537
3583,lm,0,128,0,1.495031,2.173329,3.249193
3583,lm,1,128,0,1.143312,3.326413,3.803129
3583,lm,2,6,0,1.025079,5.270885,5.403073
3584,human,0,128,0,1.130440,4.376701,4.947597
3584,human,1,128,0,1.138061,4.415198,5.024765
3584,human,2,128,0,1.147017,3.348005,3.840219
3584,human,3,123,0,1.121400,4.448067,4.988064
3584,lm,0,128,0,1.902916,2.174663,4.138202
3584,lm,1,50,0,1.029609,5.578649,5.743830
3585,human,0,44,0,1.043988,6.619936,6.911131
3585,lm,0,23,0,1.063295,5.864425,6.235613
3587,human,0,103,0,1.359797,2.221897,3.021329
3587,lm,0,52,0,1.214477,3.191302,3.875763
3589,human,0,81,0,1.195199,2.477213,2.960763
3589,lm,0,56,0,1.384953,2.417464,3.348074
359,human,0,35,0,1.032216,5.642865,5.824654
359,lm,0,17,0,1.133811,5.234948,5.935442
3594,human,0,128,0,1.162632,3.260446,3.790699
3594,human,1,55,0,1.144443,4.106413,4.699556
3594,lm,0,80,0,1.065417,3.983753,4.244359
36,human,0,128,0,1.144648,4.274681,4.893005
36,human,1,128,0,1.135165,3.974625,4.511855
36,human,2,94,0,1.044277,5.122896,5.349723
36,lm,0,121,0,1.321327,2.733131,3.611361
3600,human,0,128,0,1.113531,3.557969,3.961907
3600,human,1,128,0,1.105390,2.583295,2.855548
3600,human,2,128,0,1.020400,3.961985,4.042807
3600,human,3,128,0,1.178072,3.050835,3.594104
3600,human,4,128,0,1.105532,3.551338,3.926120
3600,human,5,128,0,0.985512,3.648933,3.596068
3600,human,6,59,0,1.049995,4.979305,5.228245
3600,lm,0,20,0,1.012692,6.006835,6.083073
3601,human,0,128,0,1.134576,4.323225,4.905027
3601,human,1,128,0,1.177265,3.539968,4.167482
3601,human,2,128,0,1.183240,2.834571,3.353979
3601,human,3,128,0,1.088663,5.182684,5.642195
3601,human,4,128,0,1.130865,3.395896,3.840298
3601,human,5,128,0,1.148143,3.807560,4.371625
3601,human,6,128,0,1.086301,3.691925,4.010542
3601,human,7,128,0,1.145347,4.316136,4.943474
3601,human,8,128,0,1.006590,4.713193,4.744255
3601,human,9,128,0,1.046327,4.938213,5.166984
3601,human,10,63,0,1.110290,3.166769,3.516032
3601,lm,0,37,0,1.216303,3.442249,4.186819
3602,human,0,94,0,1.031050,5.096155,5.254391
3602,lm,0,21,0,1.027107,6.368328,6.540956
3605,human,0,46,0,1.106777,5.052224,5.591685
3605,lm,0,19,0,1.000575,7.120360,7.124452
3606,human,0,128,0,1.093186,3.203109,3.501593
3606,human,1,87,0,0.943635,7.191939,6.786563
3606,lm,0,128,0,1.318953,3.075817,4.056857
3606,lm,1,128,0,1.302595,2.351007,3.062409
3606,lm,2,12,0,1.048350,6.523365,6.838771
3607,human,0,52,0,1.051425,3.921023,4.122662
3607,lm,0,10,0,1.014001,4.051037,4.107754
3610,human,0,107,0,1.284135,3.357104,4.310976
3610,lm,0,29,0,1.079369,4.582770,4.946502
3612,human,0,128,0,1.145274,4.267000,4.886884
3612,human,1,128,0,1.140127,3.449383,3.932733
3612,human,2,128,0,1.116306,3.979898,4.442784
3612,human,3,58,0,1.001990,6.225189,6.237574
3612,lm,0,37,0,1.017710,6.415074,6.528682
3614,human,0,128,0,1.203263,2.520799,3.033184
3614,human,1,34,0,1.122053,4.590136,5.150377
3614,lm,0,54,0,1.397327,2.156563,3.013423
3615,human,0,118,0,1.204855,3.236737,3.899800
3615,lm,0,14,0,0.974848,6.338190,6.178773
3617,human,0,71,0,1.029006,5.293852,5.447406
3617,lm,0,19,0,0.987870,5.395970,5.330515
3619,human,0,14,0,1.010887,6.875903,6.950760
3619,lm,0,11,0,1.009048,6.687516,6.748025
362,human,0,82,0,1.117691,4.934066,5.514760
362,lm,0,33,0,0.992736,5.689514,5.648187
3623,human,0,36,0,1.061019,5.609783,5.952088
3623,lm,0,54,0,1.051746,4.881993,5.134616
3624,human,0,99,0,1.262559,3.386724,4.275938
3624,lm,0,20,0,1.114859,6.119698,6.822598
3626,human,0,74,0,1.089053,4.932646,5.371915
3626,lm,0,15,0,1.056527,6.765726,7.148171
3631,human,0,128,0,1.166053,3.623260,4.224912
3631,human,1,128,0,0.942223,6.403642,6.033658
3631,human,2,128,0,1.001900,3.904895,3.912315
3631,human,3,40,0,1.092359,5.456216,5.960149
3631,lm,0,128,0,1.259744,3.481230,4.385458
3631,lm,1,118,0,1.274603,3.601353,4.590295
3632,human,0,128,0,1.021281,5.216870,5.327890
3632,human,1,97,0,1.181654,2.822887,3.335676
3632,lm,0,79,0,1.231339,3.467075,4.269145
3633,human,0,60,0,1.111457,4.838777,5.378092
3633,lm,0,31,0,1.086451,4.271557,4.640836
3635,human,0,101,0,1.177786,2.771356,3.264065
3635,lm,0,128,0,1.278618,3.217211,4.113584
3635,lm,1,128,0,1.178334,3.527061,4.156057
3635,lm,2,128,0,1.254530,2.839911,3.562753
3635,lm,3,22,0,1.119393,4.756614,5.324521
3638,human,0,122,0,1.096666,3.928537,4.308294
3638,lm,0,43,0,1.107958,4.836516,5.358658
364,human,0,35,0,1.116415,4.770562,5.325927
364,lm,0,10,0,0.995395,7.538952,7.504235
3640,human,0,110,0,1.210883,3.445883,4.172561
3640,lm,0,79,0,1.333422,3.328803,4.438700
3642,human,0,128,0,1.119194,5.441175,6.089728
3642,human,1,128,0,1.267754,2.913273,3.693313
3642,human,2,81,0,1.015261,5.234914,5.314806
3642,lm,0,67,0,1.258732,3.538563,4.454102
3644,human,0,34,0,1.071581,4.353405,4.665025
3644,lm,0,65,0,1.227977,2.897225,3.557726
3645,human,0,128,0,0.978754,5.330023,5.216779
3645,human,1,46,0,0.854687,8.399235,7.178713
3645,lm,0,128,0,1.308485,2.716543,3.554554
3645,lm,1,128,0,1.238582,2.883042,3.570883
3645,lm,2,5,0,1.004401,6.120661,6.147600
3646,human,0,104,0,1.220116,3.644646,4.446891
3646,lm,0,81,0,1.444847,2.415572,3.490133
3647,human,0,128,0,1.232769,2.465993,3.040001
3647,human,1,128,0,1.119664,2.954113,3.307612
3647,human,2,46,0,1.063699,5.119451,5.445554
3647,lm,0,108,0,1.371176,2.109904,2.893048
3648,human,0,128,0,1.270247,3.054112,3.879477
3648,human,1,128,0,1.126502,5.026245,5.662075
3648,human,2,128,0,1.166550,2.878228,3.357597
3648,human,3,128,0,1.175061,3.981654,4.678688
3648,human,4,46,0,1.002383,6.283797,6.298773
3648,lm,0,128,0,1.234918,3.810179,4.705257
3648,lm,1,32,0,1.135538,5.747324,6.526305
3649,human,0,12,0,1.043007,5.649198,5.892155
3649,lm,0,128,0,1.723346,1.209935,2.085137
3649,lm,1,128,0,1.369514,1.815209,2.485955
3649,lm,2,104,0,1.338771,2.248785,3.010608
365,human,0,126,0,1.345876,2.084998,2.806149
365,lm,0,111,0,1.411447,2.044190,2.885266
3651,human,0,81,0,1.183203,3.092949,3.659587
3651,lm,0,12,0,1.028113,6.543433,6.727388
3652,human,0,128,0,1.041558,5.187294,5.402866
3652,human,1,128,0,1.066995,5.891636,6.286344
3652,human,2,128,0,1.071248,5.372023,5.754768
3652,human,3,128,0,1.103765,4.634514,5.115416
3652,human,4,78,0,1.036947,5.226684,5.419794
3652,lm,0,57,0,1.197952,4.214600,5.048888
3653,human,0,61,0,1.368449,2.240581,3.066121
3653,lm,0,86,0,1.210706,3.963105,4.798153
3654,human,0,128,0,1.161321,2.560851,2.973970
3654,human,1,128,0,1.144273,2.984044,3.414561
3654,human,2,128,0,1.019971,4.141540,4.224251
3654,human,3,128,0,1.146266,4.104053,4.704338
3654,human,4,128,0,1.112300,4.564233,5.076799
3654,human,5,128,0,1.104811,5.025850,5.552616
3654,human,6,128,0,1.063548,3.288955,3.497961
3654,human,7,12,0,1.021947,5.289957,5.406055
3654,lm,0,91,0,1.163715,3.302837,3.843559
3656,human,0,128,0,1.134995,3.178341,3.607400
3656,human,1,128,0,1.158162,2.492335,2.886528
3656,human,2,128,0,1.159883,3.806794,4.415435
3656,human,3,128,0,1.195041,2.416693,2.888048
3656,human,4,65,0,1.164350,2.601723,3.029316
3656,lm,0,128,0,1.246730,2.762611,3.444231
3656,lm,1,68,0,1.058213,5.858101,6.199120
3661,human,0,5,0,1.038443,6.570772,6.823372
3661,lm,0,9,0,0.986047,8.306169,8.190272
3664,human,0,20,0,1.014413,5.674762,5.756552
3664,lm,0,60,0,1.121178,3.985980,4.468994
3665,human,0,128,0,1.054755,4.196130,4.425890
3665,human,1,114,0,1.163603,4.091890,4.761334
3665,lm,0,40,0,1.070299,3.609521,3.863267
3667,human,0,63,0,1.093026,4.154910,4.541423
3667,lm,0,128,0,1.104167,4.143640,4.575271
3667,lm,1,128,0,1.116681,4.852331,5.418504
3667,lm,2,30,0,1.099171,6.370036,7.001757
3671,human,0,49,0,1.096111,4.068218,4.459220
3671,lm,0,20,0,1.111770,5.199122,5.780229
3672,human,0,128,0,1.101461,2.986409,3.289414
3672,human,1,128,0,1.031526,4.006850,4.133170
3672,human,2,128,0,1.047957,4.080241,4.275916
3672,human,3,81,0,1.101056,4.163805,4.584584
3672,lm,0,128,0,1.406033,2.553287,3.590007
3672,lm,1,58,0,1.163775,3.655241,4.253880
3673,human,0,46,0,0.997406,7.441311,7.422011
3673,lm,0,29,0,1.044177,6.580623,6.871337
3676,human,0,24,0,1.046592,5.496110,5.752183
3676,lm,0,31,0,1.108884,3.809582,4.224383
3678,human,0,123,0,1.282062,2.088150,2.677138
3678,lm,0,52,0,1.145028,3.756806,4.301647
3679,human,0,128,0,1.128911,2.590246,2.924157
3679,human,1,128,0,0.979415,3.613100,3.538724
3679,human,2,128,0,1.097170,3.919019,4.299829
3679,human,3,42,0,1.052401,2.592062,2.727890
3679,lm,0,128,0,1.377560,2.030271,2.796820
3679,lm,1,128,0,1.174708,3.084235,3.623075
3679,lm,2,128,0,1.119352,4.475840,5.010042
3679,lm,3,128,0,1.232838,3.947534,4.866670
3679,lm,4,35,0,1.077830,5.319291,5.733290
3683,human,0,108,0,1.071841,3.789411,4.061646
3683,lm,0,9,0,1.009975,5.694430,5.751233
3685,human,0,30,0,1.154825,4.755562,5.491842
3685,lm,0,111,0,1.252304,2.843576,3.561020
3687,human,0,128,0,1.195062,3.429293,4.098216
3687,human,1,128,0,0.859753,6.654906,5.721573
3687,human,2,128,0,0.860005,6.946854,5.974331
3687,human,3,128,0,0.887991,6.610950,5.870463
3687,human,4,128,0,1.014623,6.113708,6.203111
3687,human,5,128,0,0.869378,7.314471,6.359040
3687,human,6,128,0,0.917774,5.757541,5.284124
3687,human,7,128,0,0.878860,5.446288,4.786525
3687,human,8,128,1,nan,nan,nan
3687,human,9,128,0,0.874412,4.536607,3.966862
3687,human,10,18,0,1.026717,6.153065,6.317455
3687,lm,0,88,0,1.216118,2.405635,2.925536
3688,human,0,128,0,1.194231,2.395346,2.860598
3688,human,1,44,0,1.144085,6.075118,6.950452
3688,lm,0,128,0,1.225109,2.029072,2.485834
3688,lm,1,45,0,1.251543,2.698857,3.377736
3689,human,0,128,0,1.099186,3.912341,4.300390
3689,human,1,128,0,1.082258,4.421572,4.785282
3689,human,2,69,0,1.090261,4.853845,5.291957
3689,lm,0,128,0,1.189390,2.600732,3.093283
3689,lm,1,31,0,1.033729,5.493367,5.678651
369,human,0,13,0,1.029015,6.101124,6.278146
369,lm,0,11,0,0.999590,8.947021,8.943350
3690,human,0,128,0,1.177053,3.034747,3.572059
3690,human,1,128,0,1.176672,3.911615,4.602689
3690,human,2,58,0,1.126806,4.456411,5.021513
3690,lm,0,41,0,1.198440,3.461498,4.148398
3692,human,0,58,0,1.111125,3.325656,3.695220
3692,lm,0,12,0,1.004484,7.048725,7.080331
3693,human,0,62,0,1.152725,3.778718,4.355824
3693,lm,0,13,0,1.040910,6.722476,6.997493
3694,human,0,128,0,1.119207,3.528532,3.949157
3694,human,1,79,0,1.113455,5.114550,5.694822
3694,lm,0,51,0,1.077578,3.737816,4.027789
3695,human,0,128,0,1.206884,3.011344,3.634344
3695,human,1,105,0,1.150027,3.285162,3.778024
3695,lm,0,128,0,1.360251,2.286487,3.110195
3695,lm,1,128,0,1.267863,2.019370,2.560286
3695,lm,2,128,0,1.263841,2.578580,3.258914
3695,lm,3,128,0,1.370287,3.067477,4.203325
3695,lm,4,9,0,1.073062,6.054900,6.497285
3698,human,0,38,0,1.123694,5.041004,5.664546
3698,lm,0,41,0,1.268235,3.846241,4.877939
37,human,0,128,0,1.117703,3.217379,3.596073
37,human,1,128,0,1.075126,4.290102,4.612399
37,human,2,28,0,1.049639,6.088776,6.391017
37,lm,0,113,0,1.261593,2.892420,3.649056
370,human,0,49,0,1.110904,4.791842,5.323276
370,lm,0,128,0,1.199108,3.405046,4.083019
370,lm,1,7,0,1.068855,6.621487,7.077407
3701,human,0,51,0,1.054422,4.117171,4.341235
3701,lm,0,19,0,1.184592,5.430805,6.433288
3705,human,0,31,0,1.019061,6.191566,6.309585
3705,lm,0,41,0,1.097324,3.365065,3.692568
3710,human,0,35,0,1.070454,5.341335,5.717652
3710,lm,0,49,0,1.283013,2.286103,2.933100
3711,human,0,128,0,1.146948,3.745109,4.295446
3711,human,1,16,0,1.046089,6.886106,7.203482
3711,lm,0,128,0,1.254488,3.478833,4.364154
3711,lm,1,128,0,1.203030,3.591681,4.320900
3711,lm,2,103,0,1.175733,4.634020,5.448368
3713,human,0,128,0,1.176656,4.205184,4.948053
3713,human,1,27,0,1.009492,6.083114,6.140856
3713,lm,0,23,0,0.999214,4.452758,4.449257
3714,human,0,128,0,1.059443,3.485491,3.692679
3714,human,1,122,0,1.152001,2.730587,3.145639
3714,lm,0,43,0,1.071445,4.821634,5.166115
3716,human,0,83,0,1.102436,5.013463,5.527023
3716,lm,0,21,0,1.018383,7.859473,8.003957
3718,human,0,118,0,1.223746,2.746215,3.360671
3718,lm,0,35,0,1.135541,5.071436,5.758822
372,human,0,38,0,1.093636,4.246873,4.644532
372,lm,0,42,0,1.121660,4.098371,4.596981
3723,human,0,70,0,1.124969,3.973671,4.470255
3723,lm,0,29,0,1.041313,6.277023,6.536347
3724,human,0,114,0,1.193148,3.084367,3.680106
3724,lm,0,128,0,1.130147,3.267036,3.692231
3724,lm,1,36,0,1.086129,6.546901,7.110776
3725,human,0,58,0,1.182775,4.113052,4.864816
3725,lm,0,12,0,1.031581,5.071281,5.231439
3726,human,0,128,0,1.130430,4.119138,4.656397
3726,human,1,128,0,1.315062,2.278135,2.995888
3726,human,2,7,0,1.029598,5.758955,5.929411
3726,lm,0,60,0,1.312824,2.483473,3.260362
3727,human,0,128,0,1.160563,4.078418,4.733262
3727,human,1,128,0,1.270177,2.925534,3.715945
3727,human,2,74,0,1.081168,4.481935,4.845724
3727,lm,0,28,0,1.077532,4.711418,5.076705
3728,human,0,128,0,1.127592,3.124804,3.523505
3728,human,1,128,0,1.224286,2.836377,3.472537
3728,human,2,128,0,1.106200,3.815559,4.220771
3728,human,3,76,0,1.052664,5.225232,5.500415
3728,lm,0,128,0,1.357839,2.917228,3.961127
3728,lm,1,22,0,0.994758,6.455332,6.421493
3729,human,0,94,0,1.162020,3.080712,3.579848
3729,lm,0,28,0,1.102678,4.080560,4.499543
373,human,0,128,0,1.229823,1.725698,2.122303
373,human,1,78,0,1.338264,1.784218,2.387755
373,lm,0,128,0,1.260188,1.468876,1.851059
373,lm,1,128,0,1.198137,2.290950,2.744871
373,lm,2,7,0,1.093661,8.093447,8.851489
3734,human,0,35,0,1.140769,3.978294,4.538313
3734,lm,0,101,0,1.416986,1.888084,2.675388
3735,human,0,56,0,1.130698,4.671562,5.282125
3735,lm,0,10,0,1.046762,6.680968,6.993380
3737,human,0,74,0,1.138597,3.924550,4.468481
3737,lm,0,112,0,1.358695,2.942680,3.998205
3738,human,0,122,0,1.219904,2.881227,3.514821
3738,lm,0,128,0,1.228639,2.901665,3.565098
3738,lm,1,128,0,1.424054,2.809838,4.001361
3738,lm,2,106,0,1.197503,2.774143,3.322046
3739,human,0,128,0,1.097675,3.542352,3.888352
3739,human,1,37,0,0.967367,8.435338,8.160067
3739,lm,0,128,0,1.377001,2.622745,3.611522
3739,lm,1,41,0,1.066251,5.978530,6.374614
374,human,0,88,0,1.067181,4.118630,4.395325
374,lm,0,128,0,1.238179,3.636325,4.502422
374,lm,1,128,0,1.141622,3.269187,3.732177
374,lm,2,120,0,1.169058,4.215548,4.928221
3740,human,0,60,0,1.182908,3.735581,4.418847
3740,lm,0,89,0,1.277918,3.377513,4.316185
3742,human,0,112,0,1.414366,0.773357,1.093809
3742,lm,0,7,0,0.993417,6.592522,6.549126
3743,human,0,128,0,1.322774,3.067700,4.057875
3743,human,1,128,0,1.116676,4.283716,4.783521
3743,human,2,102,0,1.148966,5.068809,5.823889
3743,lm,0,17,0,1.071340,5.415167,5.801483
3746,human,0,78,0,1.139197,3.562559,4.058457
3746,lm,0,85,0,1.131546,4.069983,4.605375
3747,human,0,128,0,1.176187,3.399869,3.998883
3747,human,1,15,0,1.068206,6.006497,6.416173
3747,lm,0,37,0,1.267927,3.086344,3.913260
375,human,0,48,0,1.284913,2.751931,3.535991
375,lm,0,128,0,1.463767,2.567504,3.758229
375,lm,1,92,0,1.661942,2.400585,3.989634
3750,human,0,44,0,1.130593,5.130717,5.800751
3750,lm,0,100,0,1.260212,2.391830,3.014212
3751,human,0,26,0,1.079854,5.131079,5.540819
3751,lm,0,12,0,1.051937,6.344727,6.674252
3754,human,0,69,0,1.038126,5.367595,5.572242
3754,lm,0,15,0,1.010632,5.270306,5.326339
3755,human,0,22,0,1.075456,3.127492,3.363479
3755,lm,0,86,0,1.294607,2.694002,3.487674
376,human,0,24,0,1.107763,4.156879,4.604838
376,lm,0,86,0,1.262204,3.389746,4.278553
3760,human,0,118,0,1.279207,2.465001,3.153247
3760,lm,0,119,0,1.413077,2.338386,3.304321
3762,human,0,128,0,1.096046,4.754452,5.211099
3762,human,1,128,0,1.058885,4.701329,4.978167
3762,human,2,46,0,1.029127,6.108012,6.285920
3762,lm,0,59,0,1.301586,3.206933,4.174100
3766,human,0,28,0,1.075326,5.326579,5.727810
3766,lm,0,52,0,1.119232,5.193113,5.812298
377,human,0,128,0,1.186932,3.687134,4.376377
377,human,1,128,0,1.128123,4.998810,5.639274
377,human,2,99,0,1.095043,4.955432,5.426410
377,lm,0,128,0,1.278893,3.294528,4.213348
377,lm,1,5,0,1.030166,7.170534,7.386838
3770,human,0,128,0,1.308445,2.536239,3.318530
3770,human,1,128,0,1.330190,2.225665,2.960558
3770,human,2,19,0,1.045380,5.557287,5.809476
3770,lm,0,128,0,1.507928,2.066836,3.116640
3770,lm,1,117,0,1.386749,2.175085,3.016296
3772,human,0,111,0,1.081240,3.698358,3.998813
3772,lm,0,8,0,0.994035,5.882257,5.847169
3775,human,0,80,0,1.063876,5.600967,5.958735
3775,lm,0,19,0,0.972859,7.554670,7.349626
3781,human,0,128,0,1.151430,4.214953,4.853225
3781,human,1,128,0,1.065523,5.321531,5.670216
3781,human,2,128,0,1.058548,4.372285,4.628276
3781,human,3,21,0,0.934587,10.485927,9.800014
3781,lm,0,64,0,1.136124,4.268542,4.849592
3782,human,0,57,0,1.224891,2.643511,3.238013
3782,lm,0,40,0,1.285842,3.628279,4.665393
3783,human,0,79,0,1.124855,3.703436,4.165829
3783,lm,0,46,0,1.035827,4.186878,4.336881
3786,human,0,67,0,1.064449,4.684050,4.985930
3786,lm,0,15,0,0.951037,8.355144,7.946050
3788,human,0,128,0,1.056027,3.526850,3.724448
3788,human,1,128,0,1.158443,3.144550,3.642782
3788,human,2,128,0,1.138567,2.904469,3.306932
3788,human,3,37,0,1.025297,4.839857,4.962291
3788,lm,0,64,0,1.201264,3.966432,4.764733
379,human,0,29,0,0.997970,6.093993,6.081624
379,lm,0,10,0,1.004262,8.141989,8.176686
3791,human,0,128,0,1.110795,3.827322,4.251372
3791,human,1,42,0,1.126113,4.163698,4.688793
3791,lm,0,128,0,1.151549,2.705629,3.115663
3791,lm,1,1,0,1.000000,6.229989,6.229989
3794,human,0,41,0,1.090262,4.192501,4.570925
3794,lm,0,13,0,1.082124,6.220628,6.731489
3797,human,0,62,0,1.141561,4.272122,4.876887
3797,lm,0,36,0,1.167840,4.069651,4.752701
3798,human,0,128,0,1.109329,4.300832,4.771038
3798,human,1,12,0,1.003151,8.766887,8.794508
3798,lm,0,128,0,1.107324,5.373476,5.950180
3798,lm,1,116,0,1.222265,2.604821,3.183783
3799,human,0,128,0,1.182699,3.524176,4.168037
3799,human,1,86,0,1.121143,4.160550,4.664573
3799,lm,0,56,0,1.088770,4.274531,4.653980
3801,human,0,122,0,1.191216,3.430780,4.086800
3801,lm,0,46,0,1.133917,3.547954,4.023087
3803,human,0,28,0,1.066486,5.565072,5.935069
3803,lm,0,87,0,1.436170,2.681427,3.850985
3804,human,0,23,0,1.043665,5.612840,5.857927
3804,lm,0,74,0,1.202384,4.662671,5.606323
3806,human,0,65,0,1.030246,4.054671,4.177307
3806,lm,0,102,0,1.075846,4.281867,4.606629
3807,human,0,128,0,1.225530,3.401371,4.168483
3807,human,1,128,0,1.311838,2.979775,3.908981
3807,human,2,17,0,1.040946,8.235060,8.572250
3807,lm,0,56,0,1.255287,2.536489,3.184022
3810,human,0,25,0,1.007760,6.320185,6.369228
3810,lm,0,71,0,1.179172,4.142598,4.884836
3811,human,0,65,0,1.062953,4.868293,5.174767
3811,lm,0,116,0,1.199669,3.874130,4.647674
3812,human,0,50,0,1.081772,3.951971,4.275132
3812,lm,0,60,0,1.540334,2.382327,3.669578
3816,human,0,74,0,1.077954,4.839743,5.217021
3816,lm,0,54,0,1.121045,5.354091,6.002175
3817,human,0,128,0,1.065649,3.318146,3.535979
3817,human,1,6,0,0.981462,7.342995,7.206874
3817,lm,0,49,0,1.203129,3.624608,4.360869
3818,human,0,20,0,1.018610,5.955927,6.066768
3818,lm,0,74,0,1.259445,3.536433,4.453943
3819,human,0,128,0,1.375896,1.595669,2.195476
3819,human,1,128,0,1.159839,2.003216,2.323407
3819,human,2,33,0,1.188921,2.982108,3.545492
3819,lm,0,128,0,1.607159,1.684492,2.707246
3819,lm,1,58,0,1.248536,2.239168,2.795681
382,human,0,58,0,1.208987,3.075864,3.718680
382,lm,0,48,0,1.168324,3.328779,3.889090
3821,human,0,128,0,1.067614,4.398729,4.696144
3821,human,1,64,0,1.111958,4.105730,4.565398
3821,lm,0,45,0,1.073556,3.675824,3.946204
3825,human,0,95,0,1.137422,4.717977,5.366331
3825,lm,0,77,0,1.193130,3.208785,3.828496
3829,human,0,128,0,1.213530,2.282017,2.769295
3829,human,1,87,0,1.199995,3.063446,3.676121
3829,lm,0,128,0,1.322198,2.802755,3.705796
3829,lm,1,42,0,1.160515,4.872700,5.654842
383,human,0,71,0,1.028140,3.876611,3.985697
383,lm,0,91,0,1.195851,2.906123,3.475291
3830,human,0,24,0,1.067170,6.742087,7.194956
3830,lm,0,117,0,1.210650,3.243313,3.926519
3833,human,0,102,0,1.167286,3.508195,4.095066
3833,lm,0,67,0,1.141777,3.578201,4.085509
3836,human,0,128,0,1.258824,3.342486,4.207600
3836,human,1,128,0,1.279826,2.791777,3.572988
3836,human,2,16,0,1.062619,6.771488,7.195512
3836,lm,0,128,0,1.282661,3.101690,3.978417
3836,lm,1,85,0,1.225502,3.853518,4.722494
3837,human,0,58,0,1.195781,2.726203,3.259942
3837,lm,0,91,0,1.151229,3.369948,3.879583
3845,human,0,124,0,1.252732,2.779239,3.481642
3845,lm,0,28,0,1.102105,3.120560,3.439186
3846,human,0,128,0,1.149292,3.602019,4.139772
3846,lm,0,70,0,1.177732,3.603906,4.244438
3847,human,0,128,0,1.228660,2.840813,3.490393
3847,human,1,128,0,1.105330,3.985357,4.405135
3847,human,2,34,0,1.029116,5.288684,5.442670
3847,lm,0,86,0,1.441064,2.302147,3.317541
3848,human,0,22,0,1.148690,3.321277,3.815119
3848,lm,0,57,0,1.300191,2.962345,3.851614
3849,human,0,91,0,1.156916,4.353045,5.036107
3849,lm,0,32,0,1.097144,6.395594,7.016885
385,human,0,128,0,1.084172,3.931929,4.262886
385,human,1,128,0,1.205932,3.261794,3.933502
385,human,2,32,0,0.974496,7.599648,7.405829
385,lm,0,50,0,1.147979,4.571057,5.247476
3855,human,0,83,0,1.430041,2.482523,3.550111
3855,lm,0,29,0,1.216468,4.171389,5.074360
3857,human,0,128,0,1.233007,2.374782,2.928123
3857,human,1,128,0,1.091824,3.664009,4.000453
3857,human,2,128,0,1.159107,2.570454,2.979432
3857,human,3,128,0,1.150204,2.293695,2.638217
3857,human,4,128,0,1.276792,2.084082,2.660939
3857,human,5,123,0,1.191443,1.973828,2.351704
3857,lm,0,128,0,1.392110,1.840166,2.561713
3857,lm,1,107,0,1.315912,2.311327,3.041501
3858,human,0,128,0,1.199469,2.992353,3.589236
3858,human,1,9,0,0.968664,11.482582,11.122762
3858,lm,0,33,0,1.089615,4.412263,4.807669
3859,human,0,128,0,1.100006,5.388225,5.927078
3859,human,1,128,0,1.076021,5.699655,6.132950
3859,human,2,128,0,1.132281,5.133574,5.812650
3859,human,3,30,0,0.996838,7.793081,7.768441
3859,lm,0,36,0,1.124350,4.647006,5.224859
386,human,0,128,0,1.096654,3.349331,3.673057
386,human,1,128,0,1.063507,3.937064,4.187096
386,human,2,18,0,1.000656,8.188882,8.194252
386,lm,0,74,0,1.184152,3.843921,4.551787
3860,human,0,128,0,1.103168,3.757802,4.145486
3860,human,1,128,0,1.070850,4.581091,4.905662
3860,human,2,128,0,1.185481,4.396112,5.211509
3860,human,3,128,0,1.191037,3.550041,4.228230
3860,human,4,128,0,1.265482,2.589927,3.277505
3860,human,5,117,0,1.105461,3.976486,4.395849
3860,lm,0,111,0,1.225643,2.984805,3.658306
3861,human,0,103,0,1.092045,3.910563,4.270513
3861,lm,0,19,0,0.982827,5.769547,5.670465
3863,human,0,75,0,1.081036,3.537143,3.823777
3863,lm,0,18,0,1.172455,3.917233,4.592781
3864,human,0,11,0,1.099066,3.850844,4.232333
3864,lm,0,23,0,1.198721,3.716065,4.454524
3865,human,0,128,0,1.312068,2.824587,3.706050
3865,human,1,128,0,1.131063,3.995935,4.519653
3865,human,2,128,0,1.094121,4.201279,4.596709
3865,human,3,128,0,1.197867,3.204317,3.838346
3865,human,4,24,0,0.870908,10.595303,9.227535
3865,lm,0,10,0,0.923370,10.657061,9.840411
3868,human,0,78,0,1.129303,3.784651,4.274016
3868,lm,0,23,0,1.053281,5.229145,5.507762
3869,human,0,21,0,1.037827,5.017682,5.207487
3869,lm,0,113,0,1.353592,2.040433,2.761914
387,human,0,128,0,1.113947,4.157055,4.630741
387,human,1,31,0,1.024601,7.018542,7.191203
387,lm,0,60,0,1.249131,3.385416,4.228827
3870,human,0,118,0,1.185106,3.535773,4.190267
3870,lm,0,10,0,1.020627,7.356504,7.508246
3871,human,0,15,0,1.067588,4.833274,5.159946
3871,lm,0,19,0,1.112445,4.684278,5.211004
3872,human,0,14,0,1.072985,4.887809,5.244546
3872,lm,0,35,0,1.166323,3.996973,4.661763
3873,human,0,74,0,1.126369,5.612906,6.322202
3873,lm,0,10,0,0.996354,9.006527,8.973693
3874,human,0,128,0,1.145330,3.630457,4.158070
3874,human,1,128,0,1.062806,4.629693,4.920465
3874,human,2,128,0,1.160326,4.090139,4.745897
3874,human,3,128,0,1.180874,3.554727,4.197684
3874,human,4,54,0,1.111536,4.477300,4.976681
3874,lm,0,65,0,1.107461,3.508960,3.886037
3875,human,0,128,0,1.117075,4.594961,5.132915
3875,human,1,54,0,1.100770,5.519432,6.075623
3875,lm,0,42,0,1.295254,2.556275,3.311026
3876,human,0,43,0,1.041589,5.420982,5.646433
3876,lm,0,22,0,1.031847,5.802150,5.986929
3879,human,0,33,0,1.065811,5.137418,5.475515
3879,lm,0,30,0,1.055302,4.722487,4.983651
3882,human,0,128,0,1.117044,4.533226,5.063813
3882,human,1,128,0,1.284097,2.845888,3.654396
3882,human,2,67,0,1.134914,3.668152,4.163037
3882,lm,0,128,0,1.257526,4.255536,5.351445
3882,lm,1,100,0,1.389394,3.347559,4.651078
3887,human,0,33,0,1.097650,5.407275,5.935298
3887,lm,0,2,0,0.998465,7.970432,7.958200
3889,human,0,36,0,1.015171,5.604808,5.689840
3889,lm,0,128,0,1.383780,2.628301,3.636992
3889,lm,1,15,0,0.967791,8.818141,8.534120
3890,human,0,74,0,1.213864,3.497274,4.245216
3890,lm,0,37,0,1.100674,5.156677,5.675818
3892,human,0,44,0,1.178031,3.169938,3.734286
3892,lm,0,19,0,1.017891,4.698766,4.782832
3893,human,0,128,0,1.092824,4.059178,4.435966
3893,human,1,72,0,1.087163,4.665940,5.072640
3893,lm,0,35,0,1.195859,3.955630,4.730376
3896,human,0,21,0,1.018548,5.539320,5.642063
3896,lm,0,40,0,1.145049,4.241731,4.856988
3897,human,0,105,0,1.192170,2.734967,3.260545
3897,lm,0,108,0,1.371663,2.271541,3.115789
390,human,0,116,0,1.318703,2.358483,3.110138
390,lm,0,45,0,1.207855,3.481533,4.205187
3902,human,0,128,0,1.181449,3.302349,3.901557
3902,human,1,110,0,1.058485,5.109361,5.408182
3902,lm,0,128,0,1.222749,3.214887,3.930999
3902,lm,1,34,0,1.144466,5.058335,5.789095
3903,human,0,128,0,1.335013,2.704626,3.610711
3903,human,1,128,0,1.192764,3.349737,3.995448
3903,human,2,128,0,1.106329,3.569596,3.949149
3903,human,3,68,0,1.100337,4.496501,4.947666
3903,lm,0,128,0,1.195113,3.463378,4.139127
3903,lm,1,128,0,1.153940,4.102062,4.733532
3903,lm,2,128,0,1.368773,2.465249,3.374365
3903,lm,3,128,0,1.238126,3.555491,4.402145
3903,lm,4,128,0,1.378588,2.782830,3.836376
3903,lm,5,46,0,1.104759,4.537009,5.012300
3905,human,0,86,0,1.221052,3.607688,4.405173
3905,lm,0,57,0,1.274859,3.047062,3.884574
3906,human,0,45,0,1.178338,4.328885,5.100891
3906,lm,0,128,0,1.360452,2.635892,3.586005
3906,lm,1,128,0,1.150630,3.802264,4.374998
3906,lm,2,128,0,1.155909,3.140538,3.630177
3906,lm,3,38,0,1.102576,4.716391,5.200178
3908,human,0,49,0,1.301057,3.329803,4.332264
3908,lm,0,16,0,1.180474,4.705682,5.554936
3909,human,0,64,0,1.088387,5.263671,5.728911
3909,lm,0,87,0,1.040157,4.935830,5.134039
3911,human,0,128,0,1.128316,4.457905,5.029925
3911,human,1,7,0,0.981367,10.327209,10.134784
3911,lm,0,55,0,1.145205,4.578629,5.243467
3914,human,0,72,0,1.103359,4.055519,4.474693
3914,lm,0,94,0,1.233506,2.556832,3.153866
3916,human,0,88,0,1.165998,3.831850,4.467930
3916,lm,0,128,0,1.294880,3.095532,4.008343
3916,lm,1,85,0,1.049548,5.342178,5.606874
3917,human,0,104,0,1.142185,3.864777,4.414289
3917,lm,0,10,0,1.018055,6.001178,6.109527
3918,human,0,128,0,1.153548,3.718816,4.289831
3918,human,1,128,0,1.238973,2.451394,3.037212
3918,human,2,128,0,1.146992,3.145457,3.607813
3918,human,3,128,0,1.126004,3.920663,4.414684
3918,human,4,66,0,1.021534,6.063490,6.194059
3918,lm,0,58,0,1.175211,2.442166,2.870059
3921,human,0,91,0,1.244450,2.908835,3.619899
3921,lm,0,128,0,1.290242,2.579751,3.328504
3921,lm,1,64,0,1.275610,3.425838,4.370033
3922,human,0,128,0,1.194375,3.330104,3.977393
3922,human,1,37,0,1.104600,5.682522,6.276915
3922,lm,0,27,0,1.108858,5.903906,6.546592
3926,human,0,47,0,1.076242,5.935691,6.388241
3926,lm,0,12,0,1.101221,4.524247,4.982197
3928,human,0,48,0,1.115404,3.912109,4.363583
3928,lm,0,10,0,1.030496,6.672951,6.876450
393,human,0,128,0,1.169292,3.297130,3.855309
393,human,1,68,0,1.070039,5.021450,5.373145
393,lm,0,128,0,1.199207,3.065006,3.675576
393,lm,1,128,0,1.168829,3.429106,4.008037
393,lm,2,128,0,1.069759,4.361324,4.665565
393,lm,3,128,0,1.268662,3.079376,3.906687
393,lm,4,127,0,1.083521,4.629690,5.016368
3931,human,0,128,0,1.061454,3.749915,3.980362
3931,human,1,113,0,1.028200,3.620030,3.722115
3931,lm,0,60,0,1.295021,3.311616,4.288611
3934,human,0,41,0,1.071039,5.816752,6.229967
3934,lm,0,9,0,1.005869,6.125402,6.161354
3935,human,0,61,0,1.205814,2.072669,2.499254
3935,lm,0,11,0,1.036974,7.692919,7.977355
3936,human,0,128,0,1.109384,3.886623,4.311756
3936,human,1,128,0,1.176178,3.958852,4.656315
3936,human,2,94,0,1.101487,5.151753,5.674588
3936,lm,0,77,0,1.139490,4.440664,5.060091
3940,human,0,128,0,1.107467,4.028381,4.461298
3940,human,1,7,0,0.990878,8.193416,8.118674
3940,lm,0,10,0,1.016060,7.080380,7.194093
3941,human,0,128,0,1.321694,2.056942,2.718648
3941,human,1,89,0,1.071972,3.958535,4.243438
3941,lm,0,11,0,0.988473,8.474324,8.376641
3944,human,0,128,0,1.293982,2.258320,2.922226
3944,human,1,57,0,1.086860,5.089041,5.531073
3944,lm,0,94,0,1.167515,3.330231,3.888097
3946,human,0,43,0,1.057168,5.491819,5.805775
3946,lm,0,10,0,1.038076,5.010429,5.201206
3950,human,0,70,0,1.107547,5.031445,5.572563
3950,lm,0,10,0,1.040012,4.830879,5.024172
3951,human,0,107,0,1.533418,1.626492,2.494092
3951,lm,0,47,0,1.320959,3.808360,5.030689
3953,human,0,106,0,1.221691,3.131958,3.826287
3953,lm,0,47,0,1.193802,3.134207,3.741624
3955,human,0,68,0,1.148914,4.325168,4.969244
3955,lm,0,10,0,1.013836,6.231282,6.317497
3957,human,0,128,0,1.167413,3.622731,4.229223
3957,human,1,128,0,1.183339,3.038560,3.595646
3957,human,2,128,0,1.113719,3.106470,3.459734
3957,human,3,4,0,1.069281,7.625854,8.154178
3957,lm,0,105,0,1.245369,3.340075,4.159627
3958,human,0,128,0,1.249164,1.820782,2.274455
3958,human,1,128,0,1.021387,4.752876,4.854525
3958,human,2,18,0,1.013930,7.336921,7.439124
3958,lm,0,78,0,1.178389,2.481498,2.924170
396,human,0,36,0,1.226145,4.230466,5.187165
396,lm,0,11,0,0.975051,7.401353,7.216695
3960,human,0,99,0,1.099834,3.816832,4.197883
3960,lm,0,40,0,1.188789,3.457078,4.109736
3963,human,0,128,0,1.158318,3.202960,3.710048
3963,human,1,128,0,1.035140,3.466855,3.588680
3963,human,2,128,0,1.162049,3.114633,3.619356
3963,human,3,31,0,1.015801,5.377630,5.462604
3963,lm,0,128,0,1.083491,3.836051,4.156328
3963,lm,1,128,0,1.176355,2.902459,3.414322
3963,lm,2,128,0,1.064845,3.584079,3.816489
3963,lm,3,69,0,1.123061,4.466468,5.016116
3965,human,0,21,0,1.014138,7.382750,7.487129
3965,lm,0,10,0,1.013181,8.963607,9.081753
3966,human,0,128,0,1.250570,1.905929,2.383498
3966,human,1,14,0,1.039903,4.409025,4.584958
3966,lm,0,22,0,1.168817,2.417708,2.825857
3967,human,0,120,0,1.221819,2.596729,3.172733
3967,lm,0,128,0,1.310602,3.671729,4.812177
3967,lm,1,128,0,1.169436,4.109985,4.806363
3967,lm,2,85,0,1.158482,4.999336,5.791643
3968,human,0,81,0,1.183673,3.052477,3.613135
3968,lm,0,10,0,1.015508,8.692477,8.827278
3969,human,0,128,0,1.212285,3.012873,3.652462
3969,human,1,54,0,1.043044,4.659859,4.860437
3969,lm,0,31,0,1.072519,5.508804,5.908295
3970,human,0,128,0,1.261969,3.098814,3.910607
3970,human,1,50,0,1.018599,5.050142,5.144068
3970,lm,0,88,0,1.131318,3.997104,4.521995
3971,human,0,128,0,1.320326,2.403943,3.173989
3971,human,1,35,0,1.106877,4.884326,5.406348
3971,lm,0,128,0,1.614448,1.456683,2.351739
3971,lm,1,16,0,1.138902,4.991258,5.684551
3974,human,0,120,0,1.206662,4.240874,5.117302
3974,lm,0,101,0,1.263932,3.542151,4.477039
3976,human,0,128,0,1.144145,4.192334,4.796638
3976,human,1,21,0,1.006857,7.611785,7.663977
3976,lm,0,102,0,1.317729,2.935452,3.868130
3977,human,0,103,0,1.495517,2.161203,3.232115
3977,lm,0,128,0,1.419738,1.758337,2.496377
3977,lm,1,42,0,1.130080,4.163736,4.705353
3978,human,0,38,0,1.114956,3.180509,3.546127
3978,lm,0,67,0,1.105465,4.658058,5.149320
3979,human,0,128,0,1.211474,2.503991,3.033520
3979,human,1,128,0,1.213662,2.663523,3.232616
3979,human,2,128,0,1.240120,2.570423,3.187633
3979,human,3,9,0,0.960198,7.911766,7.596860
3979,lm,0,128,0,1.401525,2.817295,3.948508
3979,lm,1,128,0,1.198568,3.236027,3.878599
3979,lm,2,128,0,1.310288,2.419667,3.170461
3979,lm,3,22,0,1.127063,4.802673,5.412917
398,human,0,128,0,1.181618,2.945067,3.479943
398,human,1,128,0,1.117580,3.742945,4.183041
398,human,2,128,0,1.212799,3.493297,4.236668
398,human,3,104,0,1.182384,3.633157,4.295788
398,lm,0,128,0,1.204988,3.091043,3.724670
398,lm,1,128,0,1.269163,3.420803,4.341557
398,lm,2,24,0,1.085598,5.260643,5.710942
3983,human,0,21,0,1.071696,3.686563,3.950875
3983,lm,0,22,0,1.134128,4.817035,5.463135
3989,human,0,95,0,1.121276,4.031184,4.520070
3989,lm,0,51,0,1.152889,3.614847,4.167519
3991,human,0,128,0,1.155156,3.935620,4.546255
3991,human,1,128,0,1.093486,4.329063,4.733770
3991,human,2,128,0,1.073187,4.861475,5.217272
3991,human,3,63,0,1.064653,5.894164,6.275238
3991,lm,0,128,0,1.205624,2.780391,3.352105
3991,lm,1,13,0,1.093653,6.523703,7.134671
3992,human,0,109,0,1.193932,3.148643,3.759265
3992,lm,0,26,0,0.961296,6.379059,6.132162
3993,human,0,49,0,1.058203,5.437365,5.753838
3993,lm,0,73,0,1.245645,3.260353,4.061243
3996,human,0,33,0,1.128178,5.000364,5.641301
3996,lm,0,17,0,1.003070,7.636920,7.660369
3997,human,0,29,0,1.039366,4.739048,4.925605
3997,lm,0,44,0,1.137221,4.500856,5.118468
3999,human,0,40,0,1.116530,4.474222,4.995602
3999,lm,0,59,0,1.191876,3.523007,4.198988
400,human,0,128,0,1.283466,2.176563,2.793544
400,human,1,93,0,1.138067,3.487517,3.969029
400,lm,0,118,0,1.614892,1.560215,2.519578
4001,human,0,62,0,1.091067,4.343774,4.739348
4001,lm,0,34,0,1.019135,6.324152,6.445164
4002,human,0,114,0,1.264662,2.411072,3.049191
4002,lm,0,128,0,1.311876,2.254832,2.958061
4002,lm,1,2,0,1.006682,7.832470,7.884806
4003,human,0,83,0,1.140223,4.606484,5.252421
4003,lm,0,25,0,1.022901,4.950137,5.063499
4005,human,0,84,0,1.117913,5.156091,5.764059
4005,lm,0,90,0,1.317194,3.114685,4.102645
4006,human,0,22,0,1.137569,3.739579,4.254029
4006,lm,0,9,0,1.033782,5.136254,5.309767
4007,human,0,81,0,1.134257,3.803281,4.313899
4007,lm,0,50,0,1.133952,4.184661,4.745203
4009,human,0,76,0,1.135379,3.881559,4.407040
4009,lm,0,122,0,1.279116,2.963519,3.790685
401,human,0,128,0,1.035861,4.942153,5.119383
401,lm,0,13,0,1.039293,7.300958,7.587837
4010,human,0,33,0,1.105857,4.648139,5.140177
4010,lm,0,10,0,1.094018,5.268018,5.763306
4011,human,0,104,0,1.148840,2.922349,3.357311
4011,lm,0,128,0,1.233629,2.911398,3.591585
4011,lm,1,85,0,1.133072,4.631788,5.248150
4017,human,0,54,0,1.005283,5.683529,5.713555
4017,lm,0,16,0,1.022065,5.714052,5.840134
4020,human,0,10,0,1.096970,4.366083,4.789462
4020,lm,0,40,0,1.297718,1.851457,2.402669
4024,human,0,128,0,0.940012,5.424893,5.099465
4024,human,1,128,0,1.022079,4.793128,4.898955
4024,human,2,128,0,0.985712,5.189159,5.115015
4024,human,3,123,0,0.949897,4.891505,4.646424
4024,lm,0,99,0,1.120344,3.893328,4.361868
4025,human,0,42,0,1.107365,5.004968,5.542327
4025,lm,0,46,0,1.133875,4.260186,4.830519
4029,human,0,70,0,1.036223,4.138894,4.288816
4029,lm,0,7,0,0.947672,7.825812,7.416302
403,human,0,128,0,1.256047,2.160092,2.713177
403,human,1,1,0,1.000000,5.257093,5.257093
403,lm,0,57,0,1.323805,2.786631,3.688955
4030,human,0,43,0,1.186594,2.794099,3.315461
4030,lm,0,39,0,1.240406,3.919456,4.861718
4031,human,0,93,0,1.226329,2.227169,2.731241
4031,lm,0,128,0,1.501495,1.671116,2.509172
4031,lm,1,128,0,1.440573,1.771357,2.551769
4031,lm,2,62,0,1.495456,1.429768,2.138156
4034,human,0,21,0,1.038466,5.930874,6.159013
4034,lm,0,20,0,0.987037,10.020305,9.890408
4035,human,0,97,0,1.193898,3.007476,3.590619
4035,lm,0,98,0,1.368890,2.532811,3.467139
4038,human,0,48,0,1.161371,3.626874,4.212148
4038,lm,0,42,0,1.119800,3.963333,4.438139
404,human,0,46,0,1.069105,4.627440,4.947219
404,lm,0,21,0,1.088256,3.871677,4.213375
4040,human,0,128,0,1.233558,2.689945,3.318202
4040,human,1,90,0,1.179934,2.784701,3.285762
4040,lm,0,34,0,1.275916,4.401997,5.616578
4042,human,0,28,0,1.137054,4.257544,4.841056
4042,lm,0,116,0,1.413207,1.920383,2.713898
4045,human,0,128,0,1.197015,3.159985,3.782548
4045,human,1,128,0,1.146738,3.451108,3.957516
4045,human,2,42,0,1.009072,6.330300,6.387727
4045,lm,0,77,0,1.191477,3.223735,3.841006
4047,human,0,47,0,1.068924,5.073279,5.422950
4047,lm,0,106,0,1.326727,2.422276,3.213697
4050,human,0,66,0,1.092030,4.482782,4.895333
4050,lm,0,127,0,1.116930,3.774123,4.215431
4051,human,0,96,0,1.578850,1.592742,2.514701
4051,lm,0,94,0,1.304348,2.472189,3.224594
4052,human,0,73,0,1.161321,3.842311,4.462158
4052,lm,0,77,0,1.164151,3.457305,4.024824
4053,human,0,128,0,1.242325,3.075388,3.820630
4053,human,1,128,0,1.032383,4.150423,4.284827
4053,human,2,62,0,1.166678,3.464270,4.041688
4053,lm,0,110,0,1.377439,1.497031,2.062069
4054,human,0,28,0,1.150008,5.502523,6.327944
4054,lm,0,25,0,1.076262,5.536756,5.958998
4055,human,0,40,0,1.090273,4.803906,5.237570
4055,lm,0,49,0,1.134460,2.731079,3.098301
4056,human,0,47,0,1.138617,3.513744,4.000809
4056,lm,0,82,0,1.266925,2.736576,3.467037
4057,human,0,13,0,1.043829,4.891983,5.106394
4057,lm,0,128,0,1.284227,2.945938,3.783254
4057,lm,1,84,0,1.158083,3.725980,4.314992
406,human,0,128,0,1.213827,3.080034,3.738628
406,human,1,27,0,1.027871,6.140213,6.311344
406,lm,0,84,0,1.219787,3.691508,4.502855
4061,human,0,128,0,1.266751,2.146753,2.719401
4061,human,1,8,0,0.992695,7.347746,7.294069
4061,lm,0,27,0,1.077189,6.197013,6.675354
4063,human,0,128,0,1.279190,2.570655,3.288356
4063,human,1,56,0,1.247673,4.308895,5.376090
4063,lm,0,128,0,1.314422,3.112334,4.090919
4063,lm,1,38,0,1.085498,5.828438,6.326756
4068,human,0,102,0,1.170379,3.629955,4.248423
4068,lm,0,97,0,1.298787,2.371107,3.079562
4069,human,0,128,0,1.186686,4.457784,5.289988
4069,human,1,128,0,1.069604,4.684447,5.010505
4069,human,2,22,0,0.987871,6.951365,6.867055
4069,lm,0,28,0,1.114022,5.127344,5.711977
407,human,0,51,0,1.166477,4.054639,4.729643
407,lm,0,13,0,1.077724,4.394338,4.735882
4071,human,0,42,0,1.070837,5.503755,5.893626
4071,lm,0,75,0,1.380386,3.077777,4.248519
4074,human,0,93,0,1.094143,4.968712,5.436479
4074,lm,0,20,0,1.024751,6.848496,7.018001
4076,human,0,118,0,1.323164,2.506740,3.316828
4076,lm,0,13,0,1.104780,4.417455,4.880316
4078,human,0,75,0,1.094570,4.328126,4.737435
4078,lm,0,10,0,1.012273,7.308931,7.398634
4082,human,0,108,0,1.160002,2.693300,3.124234
4082,lm,0,22,0,1.094005,3.966446,4.339310
4083,human,0,82,0,1.294931,2.058528,2.665652
4083,lm,0,48,0,1.223177,3.530811,4.318806
4088,human,0,32,0,1.064147,6.068150,6.457401
4088,lm,0,6,0,1.073675,4.673133,5.017424
409,human,0,35,0,1.161015,3.475068,4.034606
409,lm,0,26,0,1.124185,3.367471,3.785659
4092,human,0,46,0,1.127172,3.889214,4.383815
4092,lm,0,73,0,1.222780,2.469890,3.020132
4094,human,0,128,0,1.163679,3.399141,3.955509
4094,human,1,128,0,1.227461,2.758902,3.386445
4094,human,2,24,0,1.107174,4.344982,4.810652
4094,lm,0,7,0,1.008735,7.525911,7.591649
4096,human,0,89,0,1.121947,4.638358,5.203994
4096,lm,0,10,0,0.995301,10.787599,10.736909
4098,human,0,57,0,1.073463,5.757020,6.179946
4098,lm,0,32,0,1.212396,4.451128,5.396530
4099,human,0,78,0,1.111207,4.827415,5.364256
4099,lm,0,41,0,1.075285,4.497117,4.835682
41,human,0,128,0,1.111960,4.327768,4.812303
41,human,1,128,0,1.112609,4.604178,5.122651
41,human,2,128,0,1.094490,5.030660,5.506010
41,human,3,128,0,1.237159,3.802800,4.704668
41,human,4,44,0,1.056291,6.762288,7.142946
41,lm,0,36,0,1.039438,5.611681,5.832994
410,human,0,128,0,1.276369,2.614196,3.336680
410,human,1,83,0,1.164804,3.176042,3.699467
410,lm,0,11,0,1.040693,7.127781,7.417830
4100,human,0,36,0,1.122203,4.305849,4.832038
4100,lm,0,28,0,1.232020,2.780480,3.425607
4104,human,0,128,0,1.417925,1.497781,2.123741
4104,human,1,81,0,1.275237,1.545827,1.971296
4104,lm,0,21,0,1.103126,5.086352,5.610886
4105,human,0,128,0,1.287762,2.659094,3.424279
4105,human,1,128,0,1.258030,2.134946,2.685826
4105,human,2,109,0,1.306288,2.027261,2.648186
4105,lm,0,86,0,1.427055,2.046118,2.919922
4108,human,0,128,0,1.134616,3.328930,3.777056
4108,human,1,87,0,1.104140,4.967136,5.484411
4108,lm,0,57,0,1.265095,3.847871,4.867921
4109,human,0,27,0,0.983684,5.757472,5.663533
4109,lm,0,70,0,1.163426,3.678478,4.279637
411,human,0,128,0,1.160456,4.296712,4.986147
411,human,1,128,0,1.161617,4.421031,5.135544
411,human,2,128,0,1.302509,2.514792,3.275538
411,human,3,128,0,1.024239,5.452387,5.584545
411,human,4,128,0,1.314263,2.217719,2.914666
411,human,5,128,0,1.237778,2.709969,3.354341
411,human,6,128,0,1.133996,3.308604,3.751944
411,human,7,92,0,1.057335,4.362989,4.613139
411,lm,0,128,0,1.417370,2.167701,3.072434
411,lm,1,101,0,1.195994,3.047462,3.644746
4110,human,0,50,0,1.049557,5.922976,6.216499
4110,lm,0,10,0,1.037239,9.210009,9.552983
4113,human,0,128,0,1.143658,3.719240,4.253539
4113,human,1,63,0,0.996322,5.686186,5.665270
4113,lm,0,41,0,1.105253,4.432775,4.899338
4115,human,0,27,0,1.040354,4.924213,5.122923
4115,lm,0,11,0,1.024037,8.536197,8.741380
4116,human,0,128,0,1.171404,3.322116,3.891539
4116,human,1,128,0,1.086667,3.441598,3.739869
4116,human,2,128,0,1.026569,4.368332,4.484396
4116,human,3,63,0,1.201362,3.820894,4.590278
4116,lm,0,118,0,1.289299,2.351678,3.032015
4117,human,0,23,0,1.080439,4.939631,5.336968
4117,lm,0,44,0,1.182936,3.902734,4.616684
4119,human,0,81,0,1.207818,2.333645,2.818618
4119,lm,0,33,0,1.214094,4.596846,5.581003
412,human,0,50,0,1.133771,4.537663,5.144672
412,lm,0,128,0,1.383836,3.056488,4.229679
412,lm,1,127,0,1.279697,2.814921,3.602246
4120,human,0,49,0,1.040390,3.985514,4.146490
4120,lm,0,38,0,1.126377,4.950200,5.575794
4121,human,0,60,0,1.059214,3.864889,4.093746
4121,lm,0,37,0,1.198923,3.345719,4.011261
4122,human,0,45,0,0.983575,6.354471,6.250097
4122,lm,0,119,0,1.249419,3.280090,4.098206
4123,human,0,80,0,1.117195,3.771197,4.213163
4123,lm,0,33,0,1.077687,3.835346,4.133304
4124,human,0,128,0,1.169110,3.777923,4.416809
4124,human,1,89,0,1.010425,6.085471,6.148913
4124,lm,0,44,0,1.184079,4.068840,4.817827
4125,human,0,64,0,1.113647,3.673554,4.091042
4125,lm,0,10,0,1.021975,5.999807,6.131654
4126,human,0,128,0,1.271515,2.275775,2.893683
4126,human,1,128,0,1.254525,2.729718,3.424501
4126,human,2,128,0,1.027804,4.694286,4.824806
4126,human,3,128,0,0.998646,4.509001,4.502893
4126,human,4,128,0,1.030940,5.216979,5.378392
4126,human,5,13,0,1.004165,7.722229,7.754395
4126,lm,0,128,0,1.222489,2.836569,3.467674
4126,lm,1,108,0,1.375142,2.862314,3.936087
4129,human,0,61,0,1.096351,4.687458,5.139098
4129,lm,0,49,0,1.104013,4.756539,5.251282
4131,human,0,62,0,1.018609,2.859599,2.912814
4131,lm,0,128,0,1.257101,2.732896,3.435526
4131,lm,1,26,0,1.152583,5.766061,6.645866
4132,human,0,55,0,1.108379,5.742016,6.364329
4132,lm,0,11,0,1.021599,5.601991,5.722988
4134,human,0,30,0,1.081028,4.974713,5.377805
4134,lm,0,30,0,1.049911,5.720932,6.006468
4137,human,0,128,0,1.229316,3.362682,4.133798
4137,human,1,32,0,1.090693,5.361975,5.848270
4137,lm,0,11,0,1.093458,3.925070,4.291899
414,human,0,128,0,1.587390,2.029102,3.220975
414,human,1,22,0,1.108805,6.498467,7.205536
414,lm,0,72,0,1.190268,2.684204,3.194921
4140,human,0,66,0,1.084287,4.293775,4.655685
4140,lm,0,128,0,1.221355,3.622615,4.424499
4140,lm,1,128,0,1.101395,4.039531,4.449119
4140,lm,2,3,0,1.022318,9.297802,9.505308
4143,human,0,128,0,1.267351,3.180608,4.030947
4143,human,1,52,0,1.071924,5.078148,5.443387
4143,lm,0,100,0,1.387925,2.091373,2.902668
4144,human,0,128,0,1.138617,2.696946,3.070790
4144,human,1,128,0,1.097495,3.835662,4.209618
4144,human,2,128,0,1.133566,4.109762,4.658687
4144,human,3,67,0,1.082476,5.473360,5.924779
4144,lm,0,128,0,1.217895,3.365642,4.098999
4144,lm,1,8,0,1.130371,6.998954,7.911416
4145,human,0,44,0,1.031821,4.482876,4.625524
4145,lm,0,9,0,0.968732,5.831542,5.649201
4149,human,0,128,0,1.073624,5.529434,5.936530
4149,human,1,64,0,1.026010,6.306035,6.470053
4149,lm,0,128,0,1.127019,4.137430,4.662960
4149,lm,1,36,0,1.013430,6.844589,6.936509
4153,human,0,128,0,1.184777,4.401708,5.215041
4153,human,1,128,0,1.176880,2.888098,3.398944
4153,human,2,2,0,1.020460,5.711464,5.828321
4153,lm,0,41,0,1.086835,4.560266,4.956259
4156,human,0,62,0,1.205880,3.116673,3.758332
4156,lm,0,53,0,1.193656,3.569997,4.261349
4157,human,0,67,0,1.137928,5.518074,6.279172
4157,lm,0,51,0,1.056081,5.974864,6.309940
4159,human,0,82,0,1.020585,4.023744,4.106572
4159,lm,0,128,0,1.330934,2.405048,3.200961
4159,lm,1,128,0,1.293482,3.108930,4.021345
4159,lm,2,113,0,1.236742,3.453064,4.270550
416,human,0,48,0,1.158418,2.161232,2.503612
416,lm,0,13,0,1.068062,6.424134,6.861374
4160,human,0,128,0,1.311572,1.758493,2.306391
4160,human,1,78,0,1.076647,4.300002,4.629582
4160,lm,0,128,0,1.364119,1.517202,2.069643
4160,lm,1,91,0,1.222952,2.559053,3.129599
4161,human,0,36,0,1.102467,3.950769,4.355593
4161,lm,0,35,0,1.237197,3.001419,3.713347
4164,human,0,96,0,1.291493,2.556320,3.301470
4164,lm,0,64,0,1.493271,1.630636,2.434981
4166,human,0,128,0,1.274992,3.132361,3.993736
4166,human,1,65,0,1.057298,6.225352,6.582055
4166,lm,0,89,0,1.321053,2.614754,3.454230
4169,human,0,128,0,1.273862,2.186487,2.785282
4169,human,1,4,0,0.970634,5.272359,5.117532
4169,lm,0,27,0,1.103800,4.239293,4.679332
4171,human,0,128,0,1.200417,3.601537,4.323347
4171,human,1,54,0,1.092521,4.811806,5.257000
4171,lm,0,24,0,0.979562,6.418114,6.286941
4176,human,0,128,0,1.206467,2.892510,3.489718
4176,human,1,65,0,1.115789,4.346705,4.850007
4176,lm,0,65,0,1.617938,1.817240,2.940181
4177,human,0,31,0,1.089230,4.645101,5.059581
4177,lm,0,17,0,1.138268,4.946211,5.630112
4180,human,0,128,0,1.177968,3.330163,3.922824
4180,human,1,128,0,1.118255,4.656888,5.207587
4180,human,2,95,0,1.065801,3.913143,4.170633
4180,lm,0,128,0,1.407061,2.786804,3.921204
4180,lm,1,128,0,1.095724,4.736705,5.190121
4180,lm,2,128,0,1.077699,5.037892,5.429331
4180,lm,3,82,0,1.000268,6.177922,6.179577
4181,human,0,39,0,1.141118,4.697582,5.360496
4181,lm,0,19,0,1.065019,6.161644,6.562270
4187,human,0,51,0,1.156570,3.748625,4.335548
4187,lm,0,47,0,1.145204,3.365820,3.854552
4189,human,0,43,0,1.155883,3.657220,4.227320
4189,lm,0,128,0,1.092655,3.164627,3.457846
4189,lm,1,97,0,0.952907,7.326364,6.981342
4195,human,0,128,0,1.169893,4.068601,4.759827
4195,human,1,25,0,1.047876,5.608275,5.876779
4195,lm,0,128,0,1.131756,4.066733,4.602548
4195,lm,1,87,0,1.102531,3.687103,4.065146
4196,human,0,128,0,1.513475,1.442348,2.182957
4196,human,1,128,0,1.082409,4.124620,4.464527
4196,human,2,128,0,1.139670,3.932039,4.481229
4196,human,3,128,0,1.177328,3.197752,3.764803
4196,human,4,17,0,0.937892,11.174868,10.480816
4196,lm,0,128,0,1.299454,2.221107,2.886228
4196,lm,1,107,0,1.072252,4.604253,4.936921
4197,human,0,128,0,1.120917,4.086689,4.580839
4197,human,1,14,0,1.077008,7.418622,7.989914
4197,lm,0,128,0,1.179557,2.990507,3.527473
4197,lm,1,48,0,1.136548,4.758008,5.407704
4199,human,0,122,0,1.179348,3.570298,4.210623
4199,lm,0,59,0,1.137625,3.804198,4.327752
4202,human,0,16,0,1.032356,6.214931,6.416023
4202,lm,0,37,0,1.038296,5.618837,5.834017
4203,human,0,36,0,1.012495,4.703666,4.762438
4203,lm,0,38,0,1.046178,5.214842,5.455655
4204,human,0,117,0,1.132113,4.051132,4.586340
4204,lm,0,52,0,1.032313,5.476844,5.653818
4205,human,0,115,0,1.257093,2.496740,3.138634
4205,lm,0,52,0,1.164334,3.772671,4.392650
4206,human,0,128,0,1.170438,4.486643,5.251339
4206,human,1,128,0,1.191585,3.105343,3.700280
4206,human,2,128,0,1.134625,4.575449,5.191421
4206,human,3,120,0,1.126244,3.159915,3.558834
4206,lm,0,96,0,1.140013,2.458466,2.802682
4207,human,0,50,0,1.029741,5.085483,5.236732
4207,lm,0,9,0,1.010591,6.906388,6.979531
4208,human,0,45,0,1.130521,3.981071,4.500684
4208,lm,0,30,0,1.128342,4.221088,4.762831
4211,human,0,110,0,1.343500,1.936998,2.602356
4211,lm,0,66,0,1.164752,2.355844,2.743974
4214,human,0,128,0,1.120835,3.808591,4.268804
4214,human,1,71,0,1.202509,3.222832,3.875486
4214,lm,0,94,0,1.291605,3.180261,4.107639
4215,human,0,128,0,1.182976,3.371570,3.988487
4215,human,1,9,0,1.041312,5.818116,6.058475
4215,lm,0,80,0,1.126647,3.783771,4.262976
4217,human,0,13,0,0.992284,9.194937,9.123990
4217,lm,0,128,0,1.349779,3.555887,4.799662
4217,lm,1,128,0,1.178257,3.219703,3.793636
4217,lm,2,12,0,1.054372,7.073446,7.458042
4218,human,0,66,0,1.335869,2.925711,3.908367
4218,lm,0,21,0,1.036377,4.946603,5.126548
4219,human,0,15,0,1.057635,5.286330,5.591009
4219,lm,0,2,0,0.983030,9.170752,9.015126
422,human,0,128,0,1.149421,3.789847,4.356131
422,human,1,2,0,1.062281,4.410743,4.685449
422,lm,0,119,0,1.214062,3.144829,3.818018
4222,human,0,128,0,1.205155,2.805887,3.381528
4222,human,1,1,0,1.000000,8.406332,8.406332
4222,lm,0,72,0,1.212368,3.017846,3.658739
4224,human,0,62,0,1.160336,5.076824,5.890820
4224,lm,0,10,0,1.017685,8.247363,8.393218
4229,human,0,110,0,1.271694,2.427775,3.087385
4229,lm,0,95,0,1.262103,3.338866,4.213993
423,human,0,49,0,1.134064,2.859083,3.242384
423,lm,0,30,0,1.114574,4.078641,4.545946
4236,human,0,110,0,1.133830,2.559656,2.902215
4236,lm,0,128,0,1.213494,2.631901,3.193794
4236,lm,1,128,0,1.171673,3.215839,3.767911
4236,lm,2,104,0,1.192092,2.727126,3.250984
424,human,0,96,0,1.244028,3.547374,4.413031
424,lm,0,122,0,1.351389,2.787801,3.767404
4240,human,0,112,0,1.034071,5.729484,5.924692
4240,lm,0,53,0,1.133099,4.101865,4.647819
4245,human,0,128,0,1.408377,3.370549,4.747003
4245,human,1,128,0,1.096503,3.671540,4.025853
4245,human,2,119,0,1.153392,4.121435,4.753632
4245,lm,0,76,0,1.216868,3.178295,3.867564
4246,human,0,67,0,1.103263,3.684200,4.064642
4246,lm,0,79,0,1.169672,3.670288,4.293033
4248,human,0,46,0,1.082610,5.246186,5.679573
4248,lm,0,38,0,1.106821,3.759027,4.160571
4249,human,0,128,0,1.214423,2.597596,3.154582
4249,human,1,64,0,1.125212,3.887997,4.374822
4249,lm,0,128,0,1.271949,3.035179,3.860594
4249,lm,1,128,0,1.076706,4.024641,4.333355
4249,lm,2,52,0,1.165097,3.550090,4.136201
4250,human,0,27,0,1.043733,4.638417,4.841268
4250,lm,0,45,0,1.137974,2.750928,3.130485
4252,human,0,128,0,1.112572,2.991960,3.328772
4252,human,1,33,0,0.996924,6.692091,6.671505
4252,lm,0,80,0,1.091122,3.131938,3.417325
4254,human,0,128,0,1.084775,2.921844,3.169543
4254,human,1,128,0,1.122135,3.678394,4.127654
4254,human,2,128,0,1.036315,3.502251,3.629435
4254,human,3,128,0,1.234324,2.686491,3.316001
4254,human,4,128,0,1.118161,3.935558,4.400588
4254,human,5,66,0,1.137247,4.865292,5.533039
4254,lm,0,68,0,1.221637,3.430355,4.190648
4255,human,0,45,0,1.102671,4.378906,4.828491
4255,lm,0,37,0,1.120888,4.240129,4.752711
4257,human,0,128,0,1.137916,4.119187,4.687288
4257,human,1,128,0,1.133395,4.960627,5.622349
4257,human,2,128,0,1.038800,3.725812,3.870374
4257,human,3,127,0,1.137839,4.809428,5.472354
4257,lm,0,66,0,1.252223,3.710489,4.646359
4259,human,0,114,0,1.386769,2.322057,3.220156
4259,lm,0,6,0,0.981119,8.820352,8.653816
4261,human,0,128,0,1.104451,2.907945,3.211681
4261,human,1,128,0,1.170530,1.844155,2.158639
4261,human,2,128,0,1.151388,3.022457,3.480019
4261,human,3,1,0,nan,nan,nan
4261,lm,0,56,0,1.310974,2.172495,2.848085
4262,human,0,14,0,1.057168,4.359720,4.608959
4262,lm,0,17,0,1.107183,4.050647,4.484806
4263,human,0,128,0,1.067725,3.796994,4.054147
4263,human,1,71,0,1.086043,3.594120,3.903368
4263,lm,0,12,0,1.043825,3.534645,3.689550
4265,human,0,128,0,1.157537,4.129403,4.779935
4265,human,1,128,0,1.110353,4.201538,4.665189
4265,human,2,40,0,1.107034,4.613110,5.106868
4265,lm,0,96,0,1.198534,2.390944,2.865628
4267,human,0,21,0,0.983362,8.875006,8.727340
4267,lm,0,128,0,1.170765,4.177321,4.890662
4267,lm,1,24,0,0.983914,6.856806,6.746505
4268,human,0,51,0,1.045543,4.450116,4.652787
4268,lm,0,128,0,1.412886,1.626923,2.298657
4269,human,0,128,0,1.177599,3.679447,4.332914
4269,human,1,128,0,1.095548,4.277730,4.686456
4269,human,2,128,0,1.063792,5.270324,5.606530
4269,human,3,128,0,1.125662,4.291932,4.831263
4269,human,4,38,0,1.000042,4.772635,4.772835
4269,lm,0,10,0,0.996993,6.139986,6.121523
427,human,0,128,0,1.129364,4.556152,5.145553
427,human,1,128,0,1.175914,3.390603,3.987056
427,human,2,128,0,1.255487,3.835318,4.815193
427,human,3,128,0,1.099648,4.620145,5.080532
427,human,4,32,0,1.107584,6.598863,7.308796
427,lm,0,128,0,1.239861,2.849599,3.533108
427,lm,1,98,0,1.303235,2.230230,2.906515
4272,human,0,28,0,1.040018,5.776503,6.007668
4272,lm,0,128,0,1.334768,3.350841,4.472595
4272,lm,1,43,0,1.046584,3.869926,4.050202
4282,human,0,128,0,1.125248,5.135269,5.778450
4282,human,1,44,0,1.103733,4.593919,5.070460
4282,lm,0,72,0,1.204710,3.695898,4.452483
4284,human,0,32,0,1.041733,5.172693,5.388564
4284,lm,0,99,0,1.230951,3.667696,4.514754
4286,human,0,96,0,1.204167,3.393334,4.086140
4286,lm,0,26,0,1.196180,3.895834,4.660120
4287,human,0,50,0,1.087195,4.846076,5.268633
4287,lm,0,72,0,1.057256,4.773673,5.046993
4288,human,0,38,0,1.122978,4.845402,5.441280
4288,lm,0,72,0,1.308336,2.818178,3.687122
4290,human,0,128,0,1.218295,3.158455,3.847932
4290,human,1,128,0,1.184385,3.882570,4.598456
4290,human,2,58,0,1.077770,4.875014,5.254143
4290,lm,0,59,0,1.152018,1.819983,2.096653
4291,human,0,18,0,0.965495,7.351995,7.098317
4291,lm,0,128,0,1.638451,1.760319,2.884197
4291,lm,1,4,0,1.046346,7.930616,8.298172
4293,human,0,128,0,1.086431,4.452731,4.837585
4293,human,1,128,0,1.211867,3.273563,3.967122
4293,human,2,128,0,1.190283,3.172365,3.776013
4293,human,3,128,0,1.186582,3.467533,4.114511
4293,human,4,72,0,1.098167,5.823104,6.394741
4293,lm,0,128,0,1.384946,2.878425,3.986462
4293,lm,1,128,0,1.179453,3.415324,4.028214
4293,lm,2,128,0,1.242741,3.442858,4.278581
4293,lm,3,128,0,1.173219,2.733249,3.206700
4293,lm,4,108,0,1.103450,3.789264,4.181264
4294,human,0,90,0,1.268446,2.113789,2.681227
4294,lm,0,128,0,1.275467,2.579853,3.290518
4294,lm,1,4,0,1.033292,9.152813,9.457531
4295,human,0,90,0,1.124370,3.038251,3.416118
4295,lm,0,24,0,1.302950,3.185836,4.150986
43,human,0,128,0,1.179982,4.136972,4.881550
43,human,1,128,0,1.088558,3.752743,4.085079
43,human,2,23,0,0.991333,6.342031,6.287065
43,lm,0,58,0,1.327743,2.324076,3.085776
430,human,0,93,0,1.144280,3.267058,3.738431
430,lm,0,119,0,1.150837,2.866802,3.299222
4300,human,0,101,0,1.158668,2.906367,3.367514
4300,lm,0,128,0,1.280313,3.103175,3.973036
4300,lm,1,65,0,1.103774,5.351283,5.906609
4302,human,0,85,0,1.158749,3.212160,3.722087
4302,lm,0,40,0,1.117294,3.406826,3.806427
4308,human,0,11,0,1.019881,5.912575,6.030125
4308,lm,0,21,0,0.997515,6.635508,6.619020
4309,human,0,65,0,1.243724,3.057140,3.802240
4309,lm,0,66,0,1.184931,3.281866,3.888784
4310,human,0,99,0,1.187843,3.176610,3.773315
4310,lm,0,128,0,1.150570,3.126776,3.597575
4310,lm,1,37,0,1.093656,5.629391,6.156620
4311,human,0,128,0,1.254252,2.862476,3.590266
4311,human,1,40,0,1.006762,5.888668,5.928488
4311,lm,0,100,0,1.243949,3.246383,4.038336
4312,human,0,128,0,1.110521,3.799525,4.219452
4312,human,1,112,0,1.172865,3.949949,4.632758
4312,lm,0,128,0,1.247410,3.700962,4.616616
4312,lm,1,23,0,1.169634,5.365751,6.275966
4313,human,0,72,0,1.181792,3.076284,3.635528
4313,lm,0,128,0,1.240554,3.030068,3.758964
4313,lm,1,128,0,1.123535,3.935548,4.421726
4313,lm,2,55,0,1.148551,4.857030,5.578544
4315,human,0,128,0,1.182124,2.927437,3.460593
4315,human,1,128,0,1.291276,2.624663,3.389164
4315,human,2,128,0,1.085803,4.631258,5.028635
4315,human,3,128,0,1.159916,2.878027,3.338271
4315,human,4,128,0,1.149910,2.667662,3.067571
4315,human,5,106,0,1.121018,2.700209,3.026985
4315,lm,0,109,0,1.294596,2.636820,3.413615
4320,human,0,44,0,1.087584,5.109663,5.557187
4320,lm,0,29,0,1.077207,5.025862,5.413896
4322,human,0,40,0,1.143963,4.767222,5.453525
4322,lm,0,30,0,1.057902,5.115669,5.411876
4323,human,0,31,0,1.001420,6.578706,6.588046
4323,lm,0,102,0,1.503246,2.063461,3.101890
4326,human,0,128,0,1.242216,3.016248,3.746832
4326,human,1,94,0,1.118955,3.709258,4.150492
4326,lm,0,28,0,1.054818,5.354486,5.648009
4327,human,0,128,0,1.175124,3.029919,3.560530
4327,human,1,128,0,1.470006,2.234336,3.284486
4327,human,2,128,0,1.196783,3.287637,3.934588
4327,human,3,50,0,0.955579,8.781542,8.391453
4327,lm,0,35,0,1.114998,3.564472,3.974380
4329,human,0,128,0,1.132413,3.415530,3.867791
4329,human,1,15,0,1.054059,5.994300,6.318345
4329,lm,0,38,0,1.084361,4.901275,5.314753
433,human,0,128,0,1.169736,3.346235,3.914209
433,human,1,97,0,1.412948,2.236663,3.160289
433,lm,0,128,0,1.216542,2.886943,3.512089
433,lm,1,128,0,1.162096,3.014521,3.503161
433,lm,2,128,0,1.175876,3.022913,3.554572
433,lm,3,5,0,1.048659,8.104120,8.498456
4338,human,0,63,0,0.946450,6.575384,6.223271
4338,lm,0,17,0,1.054420,6.363300,6.709593
4341,human,0,77,0,1.104869,4.489431,4.960236
4341,lm,0,128,0,1.210989,2.825106,3.421174
4341,lm,1,9,0,1.043769,7.299915,7.619427
4342,human,0,25,0,1.070988,3.472828,3.719358
4342,lm,0,17,0,1.101380,4.430394,4.879549
4343,human,0,95,0,1.150144,3.640640,4.187259
4343,lm,0,64,0,1.166105,3.154217,3.678149
4344,human,0,128,0,1.190561,3.741938,4.455005
4344,human,1,77,0,1.073003,5.695749,6.111553
4344,lm,0,66,0,1.150694,4.488236,5.164587
4350,human,0,128,0,1.153628,3.533077,4.075855
4350,human,1,21,0,0.993258,6.999928,6.952737
4350,lm,0,73,0,1.159582,4.417348,5.122276
4351,human,0,24,0,1.018594,6.834273,6.961348
4351,lm,0,128,0,1.256042,2.996163,3.763305
4351,lm,1,7,0,0.989088,9.219652,9.119050
4353,human,0,22,0,1.024346,7.255148,7.431783
4353,lm,0,11,0,1.013790,5.744043,5.823254
4356,human,0,57,0,1.060546,5.670256,6.013568
4356,lm,0,11,0,1.059737,4.995453,5.293866
436,human,0,31,0,1.062889,4.385437,4.661231
436,lm,0,10,0,1.012471,6.068295,6.143971
4360,human,0,58,0,1.166176,4.041219,4.712772
4360,lm,0,11,0,1.018924,6.773231,6.901410
4362,human,0,46,0,1.076822,4.643375,5.000089
4362,lm,0,14,0,1.093971,4.200669,4.595408
4364,human,0,128,0,1.276636,1.964362,2.507776
4364,human,1,18,0,0.980352,5.351602,5.246454
4364,lm,0,63,0,1.092917,4.098062,4.478842
4365,human,0,128,0,1.275561,2.875323,3.667650
4365,human,1,75,0,1.131224,3.713447,4.200742
4365,lm,0,49,0,1.128423,3.990227,4.502664
4367,human,0,91,0,1.153075,3.564081,4.109651
4367,lm,0,128,0,1.063369,4.318287,4.591934
4367,lm,1,113,0,1.049665,5.060985,5.312341
4369,human,0,128,0,0.947794,6.290694,5.962282
4369,human,1,128,0,1.175383,3.227868,3.793981
4369,human,2,128,0,0.960913,4.820662,4.632234
4369,human,3,128,0,1.155719,3.651282,4.219857
4369,human,4,98,0,1.157371,2.388583,2.764476
4369,lm,0,36,0,1.211982,4.506146,5.461366
4370,human,0,128,0,1.151335,4.113432,4.735940
4370,human,1,5,0,0.982721,7.125391,7.002272
4370,lm,0,128,0,1.395449,2.045902,2.854951
4370,lm,1,2,0,0.974713,10.956911,10.679839
4371,human,0,46,0,1.122940,4.125660,4.632868
4371,lm,0,70,0,1.337449,3.588866,4.799925
4373,human,0,56,0,1.278490,3.136608,4.010123
4373,lm,0,27,0,1.094362,4.142336,4.533214
4377,human,0,128,0,1.176263,3.405547,4.005817
4377,human,1,128,0,1.122084,3.754750,4.213147
4377,human,2,49,0,1.055536,5.930911,6.260289
4377,lm,0,90,0,1.214816,2.889553,3.510275
4378,human,0,36,0,1.175754,2.436821,2.865103
4378,lm,0,94,0,1.318149,1.930847,2.545144
4380,human,0,85,0,1.326953,2.654455,3.522339
4380,lm,0,67,0,1.275383,2.727381,3.478454
4381,human,0,62,0,1.023600,6.372405,6.522796
4381,lm,0,10,0,1.023967,5.636476,5.771566
4384,human,0,128,0,1.150735,4.127550,4.749715
4384,human,1,21,0,1.048299,6.098809,6.393375
4384,lm,0,82,0,1.127608,4.691059,5.289675
4385,human,0,68,0,1.161990,3.131945,3.639289
4385,lm,0,77,0,1.274104,2.473681,3.151728
4388,human,0,128,0,1.110355,3.368972,3.740757
4388,human,1,128,0,1.132870,2.641420,2.992386
4388,human,2,13,0,1.113461,5.060342,5.634493
4388,lm,0,69,0,1.223960,2.978979,3.646153
4389,human,0,50,0,1.021736,5.945022,6.074240
4389,lm,0,31,0,1.129963,5.304056,5.993385
4394,human,0,41,0,1.107569,5.084529,5.631466
4394,lm,0,11,0,0.958332,10.728007,10.280996
4395,human,0,128,0,1.163455,2.578710,3.000214
4395,human,1,98,0,1.066168,3.045570,3.247088
4395,lm,0,20,0,1.071601,5.877416,6.298243
4396,human,0,38,0,1.163795,2.902708,3.378158
4396,lm,0,22,0,1.141048,3.309273,3.776041
4397,human,0,66,0,1.195183,3.106452,3.712778
4397,lm,0,88,0,1.109995,4.067159,4.514527
4398,human,0,21,0,1.011342,6.299636,6.371087
4398,lm,0,21,0,1.024770,5.562483,5.700267
4399,human,0,128,0,1.113976,3.710249,4.133129
4399,human,1,128,0,1.122950,4.028624,4.523945
4399,human,2,128,0,1.103262,4.226726,4.663184
4399,human,3,76,0,1.262136,3.493623,4.409429
4399,lm,0,15,0,0.984747,7.938866,7.817777
440,human,0,61,0,1.235158,2.716165,3.354894
440,lm,0,65,0,1.237827,2.112441,2.614837
4400,human,0,25,0,0.990669,5.993468,5.937545
4400,lm,0,75,0,1.103816,4.027193,4.445281
4401,human,0,128,0,1.152891,4.275592,4.929292
4401,human,1,128,0,1.074298,4.715722,5.066093
4401,human,2,128,0,1.022456,5.365041,5.485518
4401,human,3,128,0,1.029580,4.815810,4.958260
4401,human,4,38,0,0.996362,7.756218,7.727998
4401,lm,0,128,0,1.224444,3.280394,4.016659
4401,lm,1,128,0,1.119746,4.474381,5.010171
4401,lm,2,78,0,1.070307,4.429608,4.741039
4402,human,0,47,0,1.112912,5.122420,5.700805
4402,lm,0,128,0,1.170860,3.444138,4.032604
4402,lm,1,128,0,1.193415,3.274630,3.907993
4402,lm,2,25,0,1.022135,7.425178,7.589533
4406,human,0,116,0,1.077909,5.074578,5.469935
4406,lm,0,64,0,1.085611,5.096331,5.532631
4409,human,0,128,0,1.328069,2.892860,3.841917
4409,human,1,103,0,1.282577,3.171666,4.067906
4409,lm,0,41,0,1.093615,4.106759,4.491211
441,human,0,35,0,1.078655,5.172213,5.579035
441,lm,0,20,0,1.040413,5.593653,5.819707
4410,human,0,128,0,1.097671,3.843455,4.218847
4410,human,1,128,0,1.003745,4.902339,4.920700
4410,human,2,40,0,0.987317,8.545953,8.437563
4410,lm,0,83,0,1.250345,2.268727,2.836691
4411,human,0,128,0,1.172653,3.091769,3.625573
4411,human,1,60,0,1.236600,3.375468,4.174106
4411,lm,0,20,0,1.075373,6.231002,6.700654
4412,human,0,99,0,1.200586,3.107819,3.731202
4412,lm,0,74,0,1.138151,3.212982,3.656859
4413,human,0,128,0,1.103800,3.139827,3.465741
4413,human,1,19,0,1.024096,5.445374,5.576587
4413,lm,0,10,0,1.018446,1.584122,1.613343
4416,human,0,6,0,1.027090,5.921653,6.082073
4416,lm,0,9,0,1.021507,7.934642,8.105296
4417,human,0,128,0,1.307206,2.478407,3.239789
4417,human,1,43,0,1.190048,3.593597,4.276552
4417,lm,0,88,0,1.461063,1.971643,2.880694
4419,human,0,128,0,1.169550,3.676644,4.300019
4419,human,1,24,0,0.977032,7.159079,6.994649
4419,lm,0,51,0,1.171022,4.713676,5.519817
442,human,0,50,0,1.215683,2.240543,2.723790
442,lm,0,13,0,1.053706,6.098797,6.426336
4420,human,0,128,0,1.316972,2.764584,3.640880
4420,human,1,128,0,1.089953,3.930370,4.283918
4420,human,2,99,0,1.153161,3.514874,4.053215
4420,lm,0,117,0,1.516169,2.027577,3.074150
4421,human,0,128,0,1.229381,2.064810,2.538439
4421,human,1,88,0,1.073768,2.483339,2.666529
4421,lm,0,56,0,1.277706,2.540761,3.246346
4423,human,0,52,0,1.183456,4.592794,5.435369
4423,lm,0,33,0,1.071573,5.896094,6.318093
4424,human,0,128,0,1.208812,2.965096,3.584244
4424,human,1,27,0,0.987803,6.751479,6.669133
4424,lm,0,123,0,1.228862,3.538427,4.348239
4425,human,0,128,0,1.097992,3.664923,4.024056
4425,human,1,128,0,1.193326,3.350613,3.998373
4425,human,2,16,0,0.983612,6.947986,6.834124
4425,lm,0,102,0,1.178175,3.200232,3.770432
4427,human,0,128,0,1.096630,4.239131,4.648761
4427,human,1,90,0,1.131937,4.319604,4.889519
4427,lm,0,11,0,1.061956,6.809896,7.231808
443,human,0,85,0,1.119024,2.873412,3.215416
443,lm,0,58,0,1.263932,3.502267,4.426626
4431,human,0,128,0,1.150353,3.378797,3.886810
4431,human,1,74,0,1.121231,4.058483,4.550499
4431,lm,0,71,0,1.130597,4.076891,4.609321
4433,human,0,128,0,1.285039,3.017729,3.877899
4433,human,1,54,0,1.088489,4.358422,4.744095
4433,lm,0,128,0,1.370248,2.466774,3.380091
4433,lm,1,10,0,1.020742,7.767999,7.929121
4434,human,0,20,0,1.025092,7.674147,7.866703
4434,lm,0,86,0,1.149489,4.225363,4.857006
4435,human,0,78,0,1.146181,3.224593,3.695967
4435,lm,0,73,0,1.128883,3.355816,3.788323
4437,human,0,29,0,1.104154,4.017712,4.436172
4437,lm,0,21,0,1.129596,4.834960,5.461553
4438,human,0,21,0,1.016738,6.806920,6.920855
4438,lm,0,128,0,1.237110,3.630968,4.491909
4438,lm,1,128,0,1.223577,2.505726,3.065949
4438,lm,2,31,0,1.066547,5.067771,5.405017
4439,human,0,60,0,0.994276,2.572096,2.557374
4439,lm,0,128,0,1.584939,1.699887,2.694217
4439,lm,1,46,0,1.197324,3.752283,4.492700
4441,human,0,59,0,1.137290,3.489296,3.968342
4441,lm,0,68,0,1.319332,3.148654,4.154121
4445,human,0,67,0,1.183228,3.867056,4.575609
4445,lm,0,54,0,1.114504,4.050624,4.514435
4446,human,0,49,0,1.206641,3.388437,4.088626
4446,lm,0,6,0,0.998411,7.618765,7.606661
4447,human,0,15,0,1.055220,4.380666,4.622565
4447,lm,0,110,0,1.162594,2.930339,3.406795
4448,human,0,116,0,1.077655,4.429357,4.773318
4448,lm,0,128,0,1.235479,3.905407,4.825047
4448,lm,1,75,0,1.114524,5.705668,6.359105
4451,human,0,47,0,1.045478,4.330584,4.527532
4451,lm,0,78,0,1.136429,3.801619,4.320270
4454,human,0,83,0,1.091237,3.662550,3.996711
4454,lm,0,51,0,1.216488,4.347487,5.288666
4455,human,0,32,0,1.219629,3.942629,4.808544
4455,lm,0,10,0,1.092515,4.767729,5.208816
4456,human,0,128,0,1.170797,3.365574,3.940406
4456,human,1,73,0,1.066280,5.403347,5.761481
4456,lm,0,44,0,1.100982,5.392470,5.937014
4458,human,0,128,0,1.261430,2.962287,3.736717
4458,human,1,60,0,1.142354,3.284952,3.752578
4458,lm,0,61,0,1.194852,3.371407,4.028332
4459,human,0,10,0,1.071655,4.808491,5.153042
4459,lm,0,128,0,1.192305,3.021103,3.602077
4459,lm,1,123,0,1.217924,2.478790,3.018977
446,human,0,74,0,1.077230,4.375601,4.713529
446,lm,0,8,0,0.995426,8.343791,8.305629
4460,human,0,121,0,1.183899,3.693892,4.373195
4460,lm,0,10,0,1.033193,5.442000,5.622634
4464,human,0,128,0,1.149653,3.618061,4.159514
4464,human,1,13,0,1.069058,6.334197,6.771621
4464,lm,0,81,0,1.365185,2.937344,4.010017
4465,human,0,56,0,1.128209,3.978968,4.489106
4465,lm,0,21,0,1.016965,6.803875,6.919305
4467,human,0,93,0,1.096675,3.107853,3.408305
4467,lm,0,128,0,1.171184,2.731627,3.199238
4467,lm,1,128,0,1.062123,4.083764,4.337459
4467,lm,2,44,0,1.121406,5.686582,6.376967
4470,human,0,20,0,1.054771,6.444804,6.797796
4470,lm,0,76,0,1.248279,3.061690,3.821843
4473,human,0,76,0,1.219604,3.675754,4.482963
4473,lm,0,27,0,1.111729,5.057576,5.622653
4476,human,0,59,0,1.186840,4.256179,5.051405
4476,lm,0,24,0,1.091331,5.758029,6.283918
4479,human,0,128,0,1.131445,3.335889,3.774375
4479,human,1,20,0,0.985859,6.840821,6.744086
4479,lm,0,49,0,1.118880,4.216994,4.718311
448,human,0,51,0,1.295669,2.422989,3.139393
448,lm,0,29,0,1.110854,4.145642,4.605204
4482,human,0,128,0,1.082608,3.529855,3.821449
4482,human,1,32,0,1.152647,3.434717,3.959015
4482,lm,0,71,0,1.158019,3.656464,4.234253
4483,human,0,103,0,1.208430,2.509121,3.032097
4483,lm,0,12,0,1.039429,5.708981,5.934079
4485,human,0,54,0,1.117766,5.245203,5.862911
4485,lm,0,22,0,1.031708,5.112659,5.274773
4486,human,0,101,0,1.057935,3.781547,4.000630
4486,lm,0,128,0,1.235872,2.213973,2.736187
4486,lm,1,77,0,1.178471,3.751297,4.420796
4488,human,0,19,0,1.133458,3.997133,4.530583
4488,lm,0,19,0,1.183113,3.517143,4.161177
4491,human,0,128,0,0.997114,5.832074,5.815242
4491,human,1,9,0,1.008464,7.623539,7.688066
4491,lm,0,53,0,1.118712,3.853200,4.310621
4495,human,0,128,0,1.183497,2.617638,3.097965
4495,human,1,128,0,1.108513,2.696435,2.989032
4495,human,2,67,0,1.104024,3.606910,3.982115
4495,lm,0,38,0,1.056802,4.871289,5.147989
4498,human,0,101,0,1.194384,2.079559,2.483791
4498,lm,0,93,0,1.141493,3.588452,4.096193
4499,human,0,15,0,1.059507,3.914826,4.147785
4499,lm,0,72,0,1.218017,4.184547,5.096848
450,human,0,83,0,1.241588,2.725477,3.383919
450,lm,0,34,0,1.152680,3.436900,3.961647
4500,human,0,128,0,1.084917,4.247546,4.608234
4500,human,1,128,0,1.155579,4.445553,5.137189
4500,human,2,128,0,1.047037,5.446482,5.702667
4500,human,3,5,0,1.013220,9.434597,9.559321
4500,lm,0,128,0,1.389789,2.881651,4.004888
4500,lm,1,128,0,1.227253,3.348555,4.109524
4500,lm,2,45,0,1.188189,4.634124,5.506213
4501,human,0,128,0,1.167957,3.960749,4.625986
4501,human,1,128,0,1.163498,3.893571,4.530163
4501,human,2,128,0,1.119831,4.372168,4.896087
4501,human,3,128,0,1.112130,4.821344,5.361962
4501,human,4,123,0,1.203979,3.526180,4.245446
4501,lm,0,96,0,1.282133,3.069919,3.936045
4504,human,0,118,0,1.173049,2.471894,2.899652
4504,lm,0,66,0,1.140445,3.146342,3.588229
4507,human,0,97,0,1.265494,2.441909,3.090222
4507,lm,0,19,0,1.202360,3.912907,4.704724
4508,human,0,128,0,1.129994,3.025265,3.418532
4508,human,1,96,0,1.094112,2.091700,2.288554
4508,lm,0,123,0,1.306799,2.363292,3.088348
4510,human,0,10,0,1.028571,5.473336,5.629713
4510,lm,0,128,0,1.337036,2.299957,3.075125
4510,lm,1,40,0,1.145407,3.029579,3.470102
4512,human,0,101,0,1.320116,2.404822,3.174645
4512,lm,0,11,0,0.994628,4.631526,4.606644
4513,human,0,22,0,1.046736,4.560334,4.773466
4513,lm,0,6,0,0.980001,7.511056,7.360845
4514,human,0,58,0,1.108769,4.743343,5.259271
4514,lm,0,41,0,1.083967,4.273922,4.632792
4519,human,0,128,0,1.097217,4.812507,5.280366
4519,human,1,128,0,1.049827,5.301729,5.565900
4519,human,2,128,0,1.069482,4.834582,5.170498
4519,human,3,128,0,1.145166,5.091131,5.830190
4519,human,4,128,0,1.214234,2.624312,3.186528
4519,human,5,128,0,1.064476,4.767472,5.074861
4519,human,6,45,0,1.019449,5.203528,5.304730
4519,lm,0,62,0,1.091235,4.871019,5.315425
4520,human,0,27,0,1.065645,4.773468,5.086824
4520,lm,0,61,0,1.205621,2.583152,3.114303
4521,human,0,43,0,1.219380,4.403764,5.369860
4521,lm,0,11,0,1.057605,4.355918,4.606841
4523,human,0,43,0,1.101740,5.478967,6.036397
4523,lm,0,35,0,1.108742,3.807260,4.221269
4525,human,0,128,0,1.102721,2.884972,3.181320
4525,human,1,128,0,1.178968,2.425350,2.859410
4525,human,2,16,0,1.063806,6.590839,7.011374
4525,lm,0,128,0,1.424731,2.345130,3.341179
4525,lm,1,116,0,1.166390,3.404104,3.970515
4526,human,0,61,0,1.176270,3.908954,4.597986
4526,lm,0,57,0,1.191852,3.734154,4.450559
4527,human,0,14,0,1.006428,7.002428,7.047440
4527,lm,0,8,0,1.026592,5.988437,6.147685
4532,human,0,128,0,1.169782,2.697426,3.155401
4532,human,1,77,0,1.159358,3.110291,3.605941
4532,lm,0,128,0,1.262712,2.467929,3.116284
4532,lm,1,93,0,1.269889,3.031744,3.849977
4534,human,0,128,0,1.209568,2.792171,3.377321
4534,human,1,12,0,1.012194,7.165051,7.252419
4534,lm,0,128,0,1.245155,3.523716,4.387572
4534,lm,1,53,0,1.188136,3.909182,4.644641
4538,human,0,91,0,1.197909,2.164553,2.592937
4538,lm,0,128,0,1.388317,2.686384,3.729552
4538,lm,1,128,0,1.033136,3.606184,3.725679
4538,lm,2,45,0,1.074531,5.458112,5.864908
454,human,0,128,0,1.153191,4.581717,5.283594
454,human,1,9,0,1.035892,8.621147,8.930580
454,lm,0,28,0,1.057317,6.186103,6.540670
4540,human,0,15,0,1.048688,5.755913,6.036156
4540,lm,0,29,0,1.062917,5.502444,5.848639
4541,human,0,86,0,1.151837,3.602532,4.149531
4541,lm,0,52,0,1.192628,3.309177,3.946617
4543,human,0,23,0,1.029288,5.685974,5.852507
4543,lm,0,43,0,1.076884,4.623482,4.978951
4546,human,0,31,0,1.035517,4.551339,4.712989
4546,lm,0,12,0,1.016208,6.806692,6.917016
4548,human,0,128,0,1.196698,3.515780,4.207328
4548,human,1,112,0,1.065260,5.275708,5.620000
4548,lm,0,30,0,1.071238,4.690316,5.024444
4549,human,0,64,0,1.253732,2.707184,3.394082
4549,lm,0,41,0,1.308696,2.122322,2.777475
4550,human,0,41,0,1.120935,3.665211,4.108464
4550,lm,0,31,0,1.131566,3.483223,3.941495
4553,human,0,35,0,1.044731,5.386388,5.627327
4553,lm,0,7,0,0.970408,10.476195,10.166179
4555,human,0,23,0,1.135084,4.660539,5.290105
4555,lm,0,13,0,1.044261,6.318885,6.598564
4556,human,0,66,0,1.182575,3.690861,4.364719
4556,lm,0,22,0,1.096588,6.215761,6.816129
4557,human,0,128,0,1.184818,2.248905,2.664544
4557,human,1,33,0,1.105576,4.766451,5.269674
4557,lm,0,101,0,1.296705,1.869883,2.424688
4561,human,0,128,0,1.146397,3.729335,4.275299
4561,human,1,126,0,1.139462,4.455670,5.077066
4561,lm,0,99,0,1.154394,3.923365,4.529109
4564,human,0,58,0,1.339734,3.756060,5.032122
4564,lm,0,13,0,1.118898,4.183324,4.680714
4565,human,0,42,0,1.095182,4.678255,5.123539
4565,lm,0,82,0,1.227419,3.795415,4.658565
457,human,0,106,0,1.268437,2.437551,3.091880
457,lm,0,17,0,1.023827,5.980470,6.122968
4572,human,0,33,0,1.360529,2.506430,3.410072
4572,lm,0,27,0,1.199139,2.991349,3.587043
4575,human,0,128,0,1.390361,2.132359,2.964750
4575,human,1,75,0,1.123918,4.091059,4.598014
4575,lm,0,62,0,1.255968,3.501961,4.398352
4577,human,0,52,0,1.111104,3.471424,3.857112
4577,lm,0,128,0,1.271602,2.634928,3.350581
4577,lm,1,87,0,1.103489,3.749144,4.137139
4578,human,0,88,0,1.227257,2.212592,2.715419
4578,lm,0,46,0,1.294400,3.225840,4.175529
458,human,0,24,0,1.001979,5.405419,5.416117
458,lm,0,19,0,1.039627,4.957520,5.153971
4580,human,0,59,0,1.082171,6.168461,6.675329
4580,lm,0,66,0,1.133609,4.368954,4.952688
4581,human,0,39,0,1.065326,5.065929,5.396867
4581,lm,0,27,0,1.048185,5.245960,5.498737
4582,human,0,128,0,1.195179,3.188536,3.810872
4582,human,1,128,0,1.085439,4.118704,4.470601
4582,human,2,128,0,1.026820,5.081095,5.217371
4582,human,3,128,0,1.014211,4.949998,5.020345
4582,human,4,128,0,1.021508,4.686866,4.787672
4582,human,5,128,0,1.083642,5.586383,6.053642
4582,human,6,128,0,1.040258,4.603026,4.788334
4582,human,7,62,0,0.995789,6.504404,6.477011
4582,lm,0,128,0,1.155925,3.879078,4.483924
4582,lm,1,128,0,1.048999,5.036410,5.283189
4582,lm,2,128,0,1.049438,5.604233,5.881293
4582,lm,3,128,0,1.038545,4.694102,4.875038
4582,lm,4,23,0,1.085504,5.144291,5.584151
4584,human,0,83,0,1.235348,3.225255,3.984313
4584,lm,0,46,0,1.191516,4.154845,4.950566
4586,human,0,37,0,1.087544,3.499277,3.805617
4586,lm,0,21,0,1.099292,4.375299,4.809733
4587,human,0,34,0,1.002355,7.173029,7.189919
4587,lm,0,26,0,1.042520,6.582539,6.862429
4588,human,0,27,0,1.066623,3.896219,4.155798
4588,lm,0,9,0,0.976093,6.062473,5.917538
4589,human,0,128,0,1.148160,3.076609,3.532441
4589,human,1,128,0,1.195157,3.148060,3.762426
4589,human,2,128,0,1.204123,2.911134,3.505363
4589,human,3,128,0,1.188235,2.992612,3.555925
4589,human,4,127,0,1.231294,3.126611,3.849778
4589,lm,0,128,0,1.073501,3.504997,3.762619
4589,lm,1,128,0,1.246252,3.421427,4.263960
4589,lm,2,8,0,1.071856,8.634052,9.254460
4591,human,0,128,0,1.128704,3.568724,4.028032
4591,human,1,69,0,1.098795,4.361459,4.792350
4591,lm,0,128,0,1.269346,3.306007,4.196466
4591,lm,1,128,0,1.171841,4.318574,5.060682
4591,lm,2,57,0,1.046514,3.808976,3.986146
4593,human,0,128,0,1.184491,3.292665,3.900132
4593,human,1,128,0,1.253370,2.991714,3.749724
4593,human,2,1,0,1.000000,3.555348,3.555348
4593,lm,0,128,0,1.058640,3.571542,3.780976
4593,lm,1,61,0,1.184387,4.231287,5.011482
4594,human,0,65,0,1.135116,4.046695,4.593468
4594,lm,0,11,0,1.087174,4.488722,4.880023
4596,human,0,49,0,1.037949,4.304152,4.467490
4596,lm,0,10,0,0.995551,6.734365,6.704403
4597,human,0,59,0,1.069909,5.055911,5.409364
4597,lm,0,128,0,1.254608,3.025851,3.796256
4597,lm,1,128,0,1.161111,3.790505,4.401199
4597,lm,2,52,0,1.047605,5.785499,6.060914
46,human,0,128,0,1.069337,4.822434,5.156805
46,human,1,57,0,1.218375,4.761498,5.801291
46,lm,0,19,0,1.031183,6.258487,6.453647
4600,human,0,78,0,1.227750,2.958109,3.631816
4600,lm,0,53,0,1.300543,2.827030,3.676674
4601,human,0,128,0,1.233394,1.906536,2.351511
4601,human,1,1,0,1.000000,6.781658,6.781658
4601,lm,0,27,0,1.102521,4.702427,5.184524
4602,human,0,57,0,1.165612,4.413137,5.144006
4602,lm,0,37,0,1.109515,4.749241,5.269354
4605,human,0,128,0,1.193550,1.548409,1.848104
4605,human,1,32,0,1.002183,6.829069,6.843974
4605,lm,0,11,0,1.100228,5.631211,6.195618
4606,human,0,128,0,1.646271,1.127725,1.856541
4606,lm,0,22,0,1.203245,4.011156,4.826402
4608,human,0,128,0,1.095745,2.814046,3.083478
4608,human,1,49,0,1.059265,5.492564,5.818080
4608,lm,0,128,0,1.243989,3.337131,4.151354
4608,lm,1,80,0,1.375367,2.346046,3.226675
4614,human,0,128,0,1.386290,1.836004,2.545233
4614,human,1,42,0,1.117941,3.302969,3.692524
4614,lm,0,112,0,1.155346,2.196353,2.537547
4615,human,0,30,0,1.078322,6.544809,7.057410
4615,lm,0,10,0,1.034373,5.351940,5.535902
4619,human,0,19,0,1.041554,5.562111,5.793239
4619,lm,0,128,0,1.358151,2.063860,2.803034
4619,lm,1,3,0,1.788983,2.833213,5.068569
462,human,0,128,0,1.018025,3.413744,3.475275
462,human,1,128,0,1.093645,3.669396,4.013015
462,human,2,128,0,1.117679,4.343384,4.854508
462,human,3,42,0,1.092311,5.793009,6.327766
462,lm,0,76,0,1.082543,4.111029,4.450364
4621,human,0,128,0,1.103594,2.576886,2.843836
4621,human,1,128,0,1.144188,3.228464,3.693970
4621,human,2,1,0,1.000000,5.009129,5.009129
4621,lm,0,77,0,1.217845,3.357181,4.088527
4624,human,0,33,0,1.053333,5.356012,5.641663
4624,lm,0,17,0,1.002770,6.344965,6.362543
4627,human,0,48,0,1.124257,4.922670,5.534344
4627,lm,0,24,0,1.013112,7.604326,7.704031
4629,human,0,68,0,1.263612,2.887488,3.648665
4629,lm,0,13,0,1.011954,5.857751,5.927775
463,human,0,71,0,1.194148,3.313733,3.957087
463,lm,0,28,0,1.150695,4.363856,5.021467
4631,human,0,75,0,1.206651,3.990350,4.814959
4631,lm,0,50,0,1.100201,4.024197,4.427425
4634,human,0,104,0,1.187888,2.924373,3.473829
4634,lm,0,16,0,1.002600,6.691133,6.708532
4635,human,0,95,0,1.079236,4.553813,4.914641
4635,lm,0,11,0,1.025314,7.496332,7.686097
4636,human,0,128,0,1.218099,2.518364,3.067616
4636,human,1,128,0,1.157274,3.397792,3.932177
4636,human,2,128,0,1.216770,2.827074,3.439899
4636,human,3,128,0,1.178208,3.113773,3.668672
4636,human,4,128,0,1.064198,4.712109,5.014615
4636,human,5,128,0,1.124537,3.344174,3.760649
4636,human,6,128,0,1.035795,5.791800,5.999119
4636,human,7,128,0,1.017370,3.852853,3.919777
4636,human,8,128,0,1.119217,4.230773,4.735152
4636,human,9,128,0,1.091066,3.644659,3.976562
4636,human,10,128,0,1.029182,5.862004,6.033067
4636,human,11,127,0,1.056049,4.388797,4.634785
4636,lm,0,128,0,1.258350,2.912706,3.665204
4636,lm,1,128,0,1.072917,3.948039,4.235917
4636,lm,2,128,0,1.005416,4.581310,4.606121
4636,lm,3,3,0,1.042698,7.757053,8.088267
4637,human,0,40,0,1.155519,2.471995,2.856437
4637,lm,0,128,0,1.796320,0.839186,1.507448
4637,lm,1,15,0,1.088162,4.950472,5.386913
4639,human,0,48,0,1.112463,5.148582,5.727606
4639,lm,0,12,0,1.039086,6.681894,6.943066
4641,human,0,46,0,1.071010,4.157559,4.452789
4641,lm,0,31,0,1.145769,3.686428,4.223793
4642,human,0,29,0,1.072937,4.533622,4.864291
4642,lm,0,19,0,1.129707,4.696814,5.306022
4647,human,0,128,0,1.151646,3.302258,3.803031
4647,human,1,59,0,1.072565,4.449958,4.772871
4647,lm,0,128,0,1.263472,2.994796,3.783840
4647,lm,1,18,0,1.029007,5.785482,5.953303
4650,human,0,74,0,1.027176,5.046155,5.183289
4650,lm,0,53,0,1.095420,3.898451,4.270441
4652,human,0,46,0,1.102649,4.048002,4.463527
4652,lm,0,122,0,1.890568,1.508724,2.852346
4653,human,0,64,0,1.064676,4.650763,4.951556
4653,lm,0,64,0,1.112629,4.274966,4.756451
4654,human,0,39,0,1.086108,5.415637,5.881968
4654,lm,0,15,0,1.209943,4.733313,5.727037
4655,human,0,13,0,1.041499,5.721012,5.958428
4655,lm,0,24,0,1.075100,5.414428,5.821049
4659,human,0,23,0,1.082360,5.515962,5.970259
4659,lm,0,49,0,1.042112,4.896479,5.102681
4660,human,0,128,0,1.263413,1.984651,2.507435
4660,human,1,50,0,1.116590,4.184479,4.672349
4660,lm,0,128,0,1.226979,2.641567,3.241146
4660,lm,1,66,0,1.185105,3.195028,3.786443
4661,human,0,92,0,1.233886,2.671805,3.296702
4661,lm,0,55,0,1.255234,2.841859,3.567199
4662,human,0,33,0,1.074580,4.407907,4.736646
4662,lm,0,70,0,1.248525,3.526068,4.402384
4664,human,0,128,0,1.109863,2.783590,3.089405
4664,human,1,112,0,1.152814,3.191052,3.678691
4664,lm,0,97,0,1.230702,2.559553,3.150046
4668,human,0,21,0,1.026598,6.757279,6.937007
4668,lm,0,10,0,1.056577,6.016438,6.356827
4669,human,0,81,0,1.178975,3.388532,3.994995
4669,lm,0,72,0,1.087331,4.056962,4.411260
4670,human,0,9,0,1.148381,3.980375,4.570986
4670,lm,0,2,0,1.011503,6.051791,6.121406
4671,human,0,73,0,1.199933,4.028490,4.833918
4671,lm,0,53,0,1.142630,2.528349,2.888966
4673,human,0,47,0,1.081903,5.407315,5.850188
4673,lm,0,26,0,1.082855,6.006526,6.504196
4675,human,0,128,0,1.190451,3.344739,3.981747
4675,human,1,128,0,1.022500,4.090244,4.182274
4675,human,2,128,0,0.936276,6.907220,6.467068
4675,human,3,128,0,0.943156,6.842590,6.453629
4675,human,4,59,0,1.093903,4.803565,5.254635
4675,lm,0,98,0,1.218861,3.609491,4.399467
4677,human,0,48,0,1.178440,3.958931,4.665362
4677,lm,0,128,0,1.257730,3.297078,4.146835
4677,lm,1,39,0,1.227757,2.268213,2.784815
4678,human,0,128,0,1.160786,4.040653,4.690334
4678,human,1,122,0,1.080372,4.361142,4.711654
4678,lm,0,27,0,1.073923,6.234980,6.695887
4680,human,0,118,0,1.228496,2.158566,2.651791
4680,lm,0,10,0,1.001751,4.815280,4.823712
4682,human,0,124,0,1.154698,3.934035,4.542621
4682,lm,0,117,0,1.154718,3.861523,4.458971
4683,human,0,48,0,1.167443,4.838129,5.648240
4683,lm,0,86,0,1.252399,2.889719,3.619082
4686,human,0,128,0,1.296665,3.182139,4.126168
4686,human,1,71,0,1.019727,7.506753,7.654842
4686,lm,0,16,0,1.020995,5.026540,5.132073
4689,human,0,128,0,1.105822,4.944816,5.468086
4689,human,1,128,0,1.185492,3.096726,3.671144
4689,human,2,20,0,1.019885,6.099635,6.220925
4689,lm,0,128,0,1.239501,3.103505,3.846799
4689,lm,1,128,0,1.167447,3.897184,4.549755
4689,lm,2,14,0,0.975838,6.208111,6.058110
4691,human,0,97,0,1.205146,3.560707,4.291173
4691,lm,0,32,0,1.228560,2.421520,2.974984
4693,human,0,104,0,1.072468,3.014490,3.232945
4693,lm,0,32,0,1.102233,4.557996,5.023975
4695,human,0,128,0,1.237634,3.548121,4.391276
4695,human,1,100,0,1.146929,4.303101,4.935350
4695,lm,0,43,0,1.088301,5.001425,5.443057
4696,human,0,37,0,1.117959,3.578851,4.001009
4696,lm,0,38,0,1.189436,3.286040,3.908534
4700,human,0,85,0,1.224273,3.888859,4.761024
4700,lm,0,31,0,1.086325,5.972878,6.488488
4701,human,0,46,0,1.132813,3.905166,4.423825
4701,lm,0,21,0,1.039544,6.122441,6.364545
4703,human,0,22,0,1.015124,5.845533,5.933943
4703,lm,0,126,0,1.228417,2.692114,3.307039
4706,human,0,31,0,1.032844,4.081696,4.215754
4706,lm,0,77,0,1.232728,2.703391,3.332544
4709,human,0,78,0,1.042704,7.199910,7.507376
4709,lm,0,37,0,1.018048,7.332882,7.465226
471,human,0,24,0,1.016566,5.306017,5.393916
471,lm,0,46,0,1.089387,4.906938,5.345555
4710,human,0,16,0,1.025224,5.258133,5.390763
4710,lm,0,17,0,1.103829,5.343071,5.897839
4711,human,0,26,0,1.059042,4.484721,4.749510
4711,lm,0,66,0,1.152726,3.996125,4.606437
4714,human,0,42,0,1.154261,3.726569,4.301432
4714,lm,0,35,0,1.071565,4.489352,4.810630
4715,human,0,68,0,1.184715,2.999475,3.553521
4715,lm,0,46,0,1.119765,3.440156,3.852167
4717,human,0,49,0,1.043673,4.432486,4.626066
4717,lm,0,9,0,1.041756,5.549180,5.780894
4718,human,0,58,0,1.180034,4.307554,5.083062
4718,lm,0,19,0,1.042729,6.199147,6.464028
4719,human,0,22,0,1.049176,4.655736,4.884686
4719,lm,0,82,0,1.142063,2.781384,3.176516
4720,human,0,128,0,1.093182,3.362320,3.675627
4720,human,1,19,0,1.035389,6.144197,6.361631
4720,lm,0,32,0,1.149461,3.500542,4.023736
4723,human,0,128,0,1.375363,2.601492,3.577995
4723,human,1,4,0,0.989701,7.973074,7.890956
4723,lm,0,128,0,1.236843,3.506986,4.337590
4723,lm,1,62,0,1.048548,3.996945,4.190988
4725,human,0,67,0,1.207900,3.597830,4.345818
4725,lm,0,19,0,0.994186,6.206848,6.170759
4726,human,0,20,0,1.052227,5.392162,5.673780
4726,lm,0,92,0,1.504705,1.845153,2.776412
4729,human,0,13,0,1.037361,5.041998,5.230372
4729,lm,0,128,0,1.163447,2.923203,3.400991
4729,lm,1,73,0,1.131803,3.312168,3.748722
473,human,0,36,0,1.040449,5.500419,5.722907
473,lm,0,61,0,1.163379,3.682027,4.283592
4739,human,0,128,0,1.282951,3.998469,5.129839
4739,human,1,128,0,1.011854,5.661131,5.728236
4739,human,2,128,0,1.038793,5.329926,5.536691
4739,human,3,77,0,1.007302,5.732086,5.773941
4739,lm,0,63,0,1.092635,4.471755,4.885994
474,human,0,128,0,1.267370,2.609716,3.307475
474,human,1,73,0,1.168044,4.301595,5.024454
474,lm,0,128,0,1.421395,2.250114,3.198302
474,lm,1,118,0,1.199787,2.999783,3.599100
4740,human,0,20,0,0.984479,7.241641,7.129246
4740,lm,0,60,0,1.266965,3.298661,4.179289
4742,human,0,68,0,1.203947,2.851329,3.432848
4742,lm,0,36,0,1.097102,4.707061,5.164125
4744,human,0,128,0,1.085758,3.564915,3.870634
4744,human,1,128,0,1.072822,3.346423,3.590117
4744,human,2,35,0,1.093575,4.570675,4.998376
4744,lm,0,128,0,1.352786,2.307422,3.121448
4744,lm,1,76,0,1.089929,3.699967,4.032702
4746,human,0,81,0,1.093683,4.864347,5.320051
4746,lm,0,92,0,1.140528,3.320560,3.787191
4747,human,0,32,0,1.031443,4.364322,4.501551
4747,lm,0,62,0,1.099683,5.200980,5.719430
4748,human,0,85,0,1.135427,4.337614,4.925045
4748,lm,0,18,0,1.169130,3.097079,3.620888
4751,human,0,114,0,1.106822,3.044832,3.370086
4751,lm,0,38,0,1.052078,4.871289,5.124977
4753,human,0,128,0,1.206833,2.506769,3.025252
4753,human,1,128,0,1.122963,4.983369,5.596141
4753,human,2,96,0,1.154480,3.894664,4.496311
4753,lm,0,88,0,1.165359,3.652333,4.256279
4758,human,0,34,0,1.063567,5.251873,5.585721
4758,lm,0,12,0,1.120567,5.064627,5.675254
4759,human,0,78,0,1.142217,4.455403,5.089035
4759,lm,0,12,0,1.027409,7.130935,7.326390
4760,human,0,128,0,1.096554,4.750382,5.209052
4760,human,1,128,0,1.057140,3.280387,3.467828
4760,human,2,49,0,1.025963,5.988655,6.144139
4760,lm,0,128,0,1.197922,3.594562,4.306004
4760,lm,1,128,0,1.220921,3.560554,4.347156
4760,lm,2,128,0,1.241659,4.170915,5.178852
4760,lm,3,128,0,1.168225,3.936797,4.599063
4760,lm,4,87,0,1.176859,4.576048,5.385365
4761,human,0,128,0,1.120828,3.503709,3.927055
4761,human,1,4,0,1.024451,7.079048,7.252139
4761,lm,0,79,0,1.216281,2.913684,3.543859
4765,human,0,21,0,1.054275,5.288486,5.575517
4765,lm,0,11,0,1.036601,5.086648,5.272824
4767,human,0,128,0,1.211106,3.803878,4.606898
4767,human,1,128,0,1.064975,3.119301,3.321977
4767,human,2,128,0,1.022385,4.622441,4.725913
4767,human,3,128,0,1.013006,4.162630,4.216770
4767,human,4,128,0,1.185921,3.330405,3.949597
4767,human,5,33,0,1.054433,5.053393,5.328465
4767,lm,0,114,0,1.303313,3.031697,3.951249
4768,human,0,65,0,1.182317,2.818917,3.332855
4768,lm,0,128,0,1.234902,2.932724,3.621626
4768,lm,1,13,0,0.987662,6.809162,6.725152
4769,human,0,43,0,1.239092,3.340202,4.138816
4769,lm,0,23,0,1.027933,5.717170,5.876868
4771,human,0,51,0,1.258014,3.996457,5.027598
4771,lm,0,18,0,1.049465,6.264057,6.573910
4773,human,0,76,0,1.145177,5.510271,6.310236
4773,lm,0,23,0,1.033339,6.823319,7.050803
4774,human,0,103,0,1.091989,3.226804,3.523633
4774,lm,0,128,0,1.235374,2.913413,3.599153
4774,lm,1,54,0,1.077263,4.783158,5.152719
4775,human,0,67,0,1.081094,4.736273,5.120359
4775,lm,0,11,0,0.981993,8.509528,8.356294
4778,human,0,20,0,1.000624,7.089518,7.093945
4778,lm,0,12,0,1.055300,7.129609,7.523878
4779,human,0,128,0,1.205008,2.770972,3.339044
4779,human,1,16,0,1.035628,5.810140,6.017140
4779,lm,0,128,0,1.491580,1.930986,2.880220
4779,lm,1,7,0,1.004008,6.653999,6.680670
478,human,0,20,0,1.040370,5.266307,5.478909
478,lm,0,10,0,1.006336,4.143121,4.169373
4780,human,0,128,0,1.159241,3.716250,4.308028
4780,human,1,128,0,1.158244,3.700721,4.286338
4780,human,2,16,0,0.963111,7.692597,7.408826
4780,lm,0,128,0,1.117395,3.821905,4.270577
4780,lm,1,117,0,1.252550,2.552160,3.196709
4782,human,0,94,0,1.034335,4.305439,4.453268
4782,lm,0,128,0,1.371769,2.014822,2.763870
4782,lm,1,46,0,1.151885,4.533656,5.222252
4783,human,0,71,0,1.103095,3.985875,4.396799
4783,lm,0,41,0,1.235636,3.475071,4.293924
4786,human,0,128,0,1.096979,4.592391,5.037756
4786,human,1,90,0,1.143223,4.763713,5.445988
4786,lm,0,11,0,0.997688,7.552842,7.535381
4788,human,0,122,0,1.260782,3.283728,4.140066
4788,lm,0,117,0,1.479753,2.353786,3.483022
479,human,0,24,0,1.105054,6.060467,6.697142
479,lm,0,24,0,1.064301,6.085171,6.476455
4790,human,0,14,0,0.986861,5.829985,5.753384
4790,lm,0,13,0,1.122914,4.830173,5.423870
4791,human,0,128,0,1.150054,3.496094,4.020695
4791,human,1,8,0,1.022682,9.592416,9.809989
4791,lm,0,81,0,1.177219,3.881102,4.568906
4797,human,0,38,0,1.112366,4.512683,5.019754
4797,lm,0,64,0,1.338146,2.925417,3.914636
4798,human,0,35,0,1.045972,6.047784,6.325815
4798,lm,0,10,0,0.984849,6.394061,6.297182
48,human,0,46,0,1.212507,4.290185,5.201882
48,lm,0,122,0,1.294349,3.200296,4.142299
480,human,0,128,0,1.003274,5.817529,5.836574
480,human,1,128,0,1.157531,4.285251,4.960310
480,human,2,55,0,1.202011,3.770032,4.531621
480,lm,0,44,0,1.061038,4.908979,5.208614
4800,human,0,55,0,1.036569,4.629078,4.798360
4800,lm,0,62,0,1.082812,5.124551,5.548923
4801,human,0,128,0,1.281525,3.635395,4.658850
4801,human,1,74,0,1.105045,4.317772,4.771332
4801,lm,0,128,0,1.332409,2.420779,3.225468
4801,lm,1,128,0,1.165024,2.912621,3.393274
4801,lm,2,88,0,1.234538,3.288936,4.060315
4807,human,0,13,0,1.015969,8.432422,8.567079
4807,lm,0,11,0,1.007496,7.843375,7.902166
4808,human,0,42,0,1.085179,5.523636,5.994136
4808,lm,0,11,0,1.044145,5.406509,5.645182
4809,human,0,128,0,1.146833,3.265189,3.744626
4809,human,1,121,0,1.149472,3.169841,3.643644
4809,lm,0,128,0,1.260068,2.675175,3.370902
4809,lm,1,107,0,1.141412,3.213808,3.668280
4810,human,0,44,0,1.070610,3.065643,3.282108
4810,lm,0,11,0,1.018725,4.425568,4.508437
4811,human,0,128,0,1.331301,1.713416,2.281072
4811,human,1,31,0,1.010814,5.504911,5.564443
4811,lm,0,102,0,1.248891,3.522816,4.399614
482,human,0,31,0,1.059372,6.359673,6.737258
482,lm,0,45,0,1.054666,6.252991,6.594819
4822,human,0,128,0,1.100009,3.841829,4.226047
4822,human,1,128,0,1.133695,2.552874,2.894179
4822,human,2,96,0,1.314356,2.097114,2.756354
4822,lm,0,128,0,1.278999,2.628987,3.362472
4822,lm,1,128,0,1.134034,4.165759,4.724113
4822,lm,2,74,0,1.132830,4.935607,5.591203
4823,human,0,84,0,1.211822,3.733219,4.523998
4823,lm,0,89,0,1.312018,2.676441,3.511538
4824,human,0,128,0,1.434384,2.584981,3.707857
4824,human,1,16,0,0.980457,6.756056,6.624023
4824,lm,0,58,0,1.153542,3.802379,4.386206
4827,human,0,81,0,1.196652,2.403981,2.876729
4827,lm,0,128,0,1.258399,3.145835,3.958717
4827,lm,1,22,0,1.002789,6.056674,6.073568
4830,human,0,98,0,1.085752,4.752337,5.159860
4830,lm,0,34,0,1.046917,6.085961,6.371496
4831,human,0,22,0,1.071427,6.241052,6.686829
4831,lm,0,24,0,1.083017,4.676356,5.064573
4832,human,0,51,0,1.014874,4.891308,4.964063
4832,lm,0,25,0,1.033959,6.908286,7.142883
4835,human,0,85,0,1.071418,2.751843,2.948375
4835,lm,0,97,0,1.310603,2.486184,3.258399
4836,human,0,62,0,1.248338,3.145248,3.926332
4836,lm,0,24,0,1.031217,5.303205,5.468758
4838,human,0,128,0,1.142428,3.821836,4.366173
4838,human,1,12,0,1.050408,7.388587,7.761029
4838,lm,0,13,0,1.067217,7.269742,7.758392
484,human,0,97,0,1.117566,4.933669,5.513700
484,lm,0,52,0,1.199849,4.437880,5.324786
4843,human,0,128,0,1.186348,3.026751,3.590780
4843,human,1,128,0,1.160526,3.753525,4.356063
4843,human,2,78,0,1.088976,4.892888,5.328239
4843,lm,0,108,0,1.183556,2.234543,2.644707
4845,human,0,100,0,1.226866,3.834506,4.704425
4845,lm,0,128,0,1.059020,4.411360,4.671717
4845,lm,1,70,0,1.173147,3.863446,4.532389
4846,human,0,23,0,1.067547,5.770459,6.160238
4846,lm,0,11,0,1.014331,5.581056,5.661038
4847,human,0,109,0,1.302938,2.021580,2.633993
4847,lm,0,34,0,1.126318,4.641142,5.227402
4848,human,0,128,0,1.034767,4.817007,4.984478
4848,human,1,16,0,1.086527,5.715882,6.210462
4848,lm,0,21,0,1.027149,6.943012,7.131506
485,human,0,121,0,1.117611,3.799318,4.246161
485,lm,0,128,0,1.302126,2.496168,3.250326
485,lm,1,39,0,1.039040,5.806014,6.032680
4850,human,0,87,0,1.319353,2.788501,3.679018
4850,lm,0,61,0,1.201742,3.631560,4.364197
4852,human,0,56,0,1.105239,4.560372,5.040303
4852,lm,0,25,0,1.031900,5.912673,6.101286
4853,human,0,103,0,1.224347,3.641155,4.458036
4853,lm,0,46,0,1.189518,4.499311,5.352010
4855,human,0,128,0,1.049785,3.739481,3.925651
4855,human,1,71,0,1.048124,4.094602,4.291651
4855,lm,0,98,0,1.307607,3.255285,4.256632
4856,human,0,128,0,1.140205,3.806782,4.340512
4856,human,1,128,0,1.099929,3.729005,4.101643
4856,human,2,35,0,1.130000,5.771338,6.521610
4856,lm,0,128,0,1.130954,2.687404,3.039329
4856,lm,1,128,0,1.106702,3.163808,3.501391
4856,lm,2,128,0,1.070685,3.827440,4.097983
4856,lm,3,91,0,1.068482,4.303567,4.598284
486,human,0,96,0,1.228687,2.969404,3.648467
486,lm,0,50,0,1.227743,2.556070,3.138197
4860,human,0,114,0,1.140514,3.636767,4.147783
4860,lm,0,128,0,1.273492,4.061254,5.171973
4860,lm,1,128,0,1.113074,4.482475,4.989329
4860,lm,2,128,0,1.042338,4.984538,5.195573
4860,lm,3,18,0,1.018014,7.196288,7.325922
4861,human,0,128,0,1.165259,3.045634,3.548952
4861,human,1,128,0,1.050278,3.922403,4.119612
4861,human,2,55,0,1.076017,3.905393,4.202267
4861,lm,0,94,0,1.435760,3.117469,4.475935
4862,human,0,53,0,1.224909,3.922654,4.804893
4862,lm,0,18,0,1.187758,5.182637,6.155718
4864,human,0,57,0,1.117915,2.370736,2.650282
4864,lm,0,88,0,1.210328,2.708918,3.278680
4870,human,0,53,0,1.068541,4.564841,4.877721
4870,lm,0,31,0,1.130555,4.208683,4.758146
4875,human,0,47,0,1.056744,4.895300,5.173076
4875,lm,0,53,0,1.354127,2.480904,3.359460
4881,human,0,128,0,1.064548,3.929744,4.183403
4881,human,1,128,0,1.089338,4.577757,4.986724
4881,human,2,120,0,1.071307,4.113453,4.406771
4881,lm,0,100,0,1.172594,3.939279,4.619175
4882,human,0,35,0,1.064457,5.053288,5.379009
4882,lm,0,19,0,1.046925,6.343308,6.640969
4886,human,0,128,0,1.151397,2.862562,3.295946
4886,human,1,128,0,1.137109,3.704370,4.212270
4886,human,2,128,0,1.189660,3.774889,4.490833
4886,human,3,128,0,0.974900,5.858577,5.711526
4886,human,4,128,0,1.127401,4.510879,5.085568
4886,human,5,128,0,1.032516,5.866704,6.057467
4886,human,6,128,0,1.057267,5.220933,5.519919
4886,human,7,128,0,1.093334,3.643038,3.983057
4886,human,8,128,0,0.980573,5.204200,5.103097
4886,human,9,43,0,1.029364,6.121586,6.301342
4886,lm,0,128,0,1.173396,3.755490,4.406676
4886,lm,1,128,0,1.204026,3.773113,4.542926
4886,lm,2,49,0,1.056216,6.228267,6.578397
4888,human,0,128,0,1.049488,4.709334,4.942389
4888,human,1,128,0,1.052538,4.870450,5.126335
4888,human,2,38,0,1.016853,5.888163,5.987394
4888,lm,0,11,0,1.011498,7.748155,7.837240
4889,human,0,128,0,1.250173,2.890126,3.613158
4889,human,1,47,0,1.199910,3.505917,4.206786
4889,lm,0,128,0,1.345146,2.015303,2.710877
4889,lm,1,115,0,1.309862,2.586455,3.387899
489,human,0,128,0,1.094813,4.121388,4.512149
489,human,1,95,0,0.986417,5.809667,5.730752
489,lm,0,44,0,1.149300,3.728954,4.285688
4890,human,0,111,0,1.254731,3.714702,4.660952
4890,lm,0,101,0,1.158794,4.184690,4.849196
4892,human,0,128,0,1.101195,4.984088,5.488452
4892,human,1,128,0,1.159425,4.134110,4.793190
4892,human,2,35,0,1.007273,5.902154,5.945080
4892,lm,0,22,0,1.038127,6.653718,6.907408
4895,human,0,128,0,1.266262,1.790699,2.267495
4895,human,1,71,0,1.143482,3.544369,4.052923
4895,lm,0,5,0,1.000949,8.688317,8.696566
4898,human,0,70,0,1.155260,4.078609,4.711854
4898,lm,0,17,0,1.270686,4.105711,5.217072
4899,human,0,110,0,1.237415,2.948086,3.648004
4899,lm,0,23,0,1.052654,4.661232,4.906666
49,human,0,86,0,1.085253,4.799115,5.208256
49,lm,0,32,0,1.054261,4.804570,5.065273
490,human,0,14,0,1.063881,4.443989,4.727874
490,lm,0,29,0,1.172346,3.599576,4.219947
4902,human,0,77,0,1.118165,3.971239,4.440502
4902,lm,0,15,0,1.044260,6.064207,6.332607
4904,human,0,30,0,1.117731,3.788980,4.235058
4904,lm,0,22,0,1.057439,5.799571,6.132690
4905,human,0,128,0,1.051570,5.095121,5.357878
4905,human,1,128,0,1.104458,4.747299,5.243191
4905,human,2,128,0,1.083035,5.127665,5.553443
4905,human,3,128,0,1.031354,5.174291,5.336526
4905,human,4,128,0,1.080054,4.411213,4.764350
4905,human,5,128,0,1.047758,5.746882,6.021341
4905,human,6,128,0,1.029402,6.896340,7.099103
4905,human,7,128,0,1.074340,4.442439,4.772691
4905,human,8,128,0,1.099258,4.910924,5.398373
4905,human,9,128,0,0.974945,6.055164,5.903454
4905,human,10,76,0,1.020527,5.092968,5.197513
4905,lm,0,48,0,1.205576,3.115732,3.756252
4910,human,0,97,0,1.082055,3.922829,4.244717
4910,lm,0,47,0,1.240044,2.977911,3.692741
4912,human,0,124,0,1.167170,4.251252,4.961933
4912,lm,0,88,0,1.147397,3.186796,3.656521
4914,human,0,85,0,1.182050,3.335925,3.943231
4914,lm,0,11,0,1.102095,5.658062,6.235725
4915,human,0,35,0,1.068736,4.664351,4.984958
4915,lm,0,10,0,1.003625,8.834744,8.866771
4918,human,0,47,0,1.108545,3.820554,4.235257
4918,lm,0,10,0,1.044791,4.984577,5.207842
4919,human,0,36,0,1.045076,4.578976,4.785376
4919,lm,0,109,0,1.140201,3.492652,3.982325
492,human,0,128,0,1.216859,3.269078,3.978008
492,human,1,95,0,1.157406,3.770151,4.363594
492,lm,0,128,0,1.336173,2.017932,2.696307
492,lm,1,128,0,1.390778,2.717734,3.779765
492,lm,2,18,0,1.032332,5.800651,5.988196
4920,human,0,128,0,1.152851,3.367887,3.882672
4920,human,1,5,0,0.977683,9.993621,9.770596
4920,lm,0,128,0,1.214426,3.180693,3.862716
4920,lm,1,8,0,0.986452,9.481524,9.353065
4922,human,0,128,0,1.290640,2.413502,3.114963
4922,human,1,80,0,1.050686,3.385143,3.556723
4922,lm,0,128,0,1.419098,2.662070,3.777738
4922,lm,1,9,0,0.943417,12.321208,11.624041
4927,human,0,128,0,1.225972,2.907772,3.564846
4927,human,1,128,0,1.217222,3.145429,3.828684
4927,human,2,65,0,1.030722,6.210296,6.401087
4927,lm,0,37,0,1.139198,4.126897,4.701355
4928,human,0,128,0,1.072006,3.530716,3.784949
4928,human,1,128,0,1.026847,5.220445,5.360600
4928,human,2,118,0,1.106394,4.396801,4.864595
4928,lm,0,59,0,1.183957,3.649704,4.321091
4929,human,0,127,0,1.344726,1.953719,2.627217
4929,lm,0,128,0,1.442712,2.847997,4.108839
4929,lm,1,29,0,1.039126,6.745999,7.009943
493,human,0,95,0,1.050649,4.417530,4.641272
493,lm,0,122,0,1.267531,2.728658,3.458660
4930,human,0,44,0,1.189142,5.081625,6.042776
4930,lm,0,128,0,1.359366,2.459219,3.342979
4930,lm,1,4,0,1.011996,6.634809,6.714398
4933,human,0,128,0,1.453679,1.958628,2.847216
4933,human,1,19,0,1.019204,6.317793,6.439119
4933,lm,0,128,0,1.173523,3.115917,3.656600
4933,lm,1,68,0,1.215318,2.512599,3.053607
4935,human,0,17,0,1.034907,6.695496,6.929212
4935,lm,0,43,0,1.125610,4.754886,5.352148
4936,human,0,70,0,1.238430,4.123229,5.106330
4936,lm,0,19,0,1.054426,5.624025,5.930118
4937,human,0,128,0,1.095221,3.404026,3.728162
4937,human,1,8,0,1.056753,7.156839,7.563010
4937,lm,0,101,0,1.125246,3.616576,4.069539
4939,human,0,49,0,1.252743,3.181596,3.985722
4939,lm,0,10,0,0.984690,10.732265,10.567950
494,human,0,128,0,1.164999,3.352378,3.905517
494,human,1,128,0,1.191627,4.193286,4.996832
494,human,2,112,0,1.032390,5.510355,5.688838
494,lm,0,117,0,1.332529,2.788248,3.715420
4940,human,0,68,0,1.119783,3.797793,4.252705
4940,lm,0,27,0,1.134970,5.024583,5.702751
4942,human,0,45,0,0.959238,4.814819,4.618557
4942,lm,0,35,0,1.062098,4.395856,4.668829
4947,human,0,50,0,1.053615,5.037774,5.307876
4947,lm,0,20,0,1.032119,6.405128,6.610857
4948,human,0,128,0,1.188884,3.666188,4.358672
4948,human,1,128,0,1.410190,2.698832,3.805866
4948,human,2,117,0,1.343628,1.953977,2.625418
4948,lm,0,67,0,1.221597,3.326392,4.063511
4949,human,0,128,0,1.123383,3.591258,4.034358
4949,human,1,128,0,1.149851,3.493942,4.017512
4949,human,2,128,0,1.250394,2.885120,3.607535
4949,human,3,128,0,1.287990,2.611626,3.363749
4949,human,4,117,0,1.336715,2.115104,2.827290
4949,lm,0,128,0,1.305274,1.982468,2.587664
4949,lm,1,60,0,1.177269,3.397646,3.999942
4950,human,0,62,0,1.169572,3.591370,4.200367
4950,lm,0,23,0,1.044234,5.569778,5.816151
4952,human,0,128,0,1.032347,6.259530,6.462006
4952,human,1,128,0,1.155634,1.573838,1.818781
4952,human,2,128,0,0.965286,5.350557,5.164820
4952,human,3,128,0,1.066991,3.345094,3.569184
4952,human,4,128,0,1.016274,6.199592,6.300483
4952,human,5,26,0,1.064532,4.430527,4.716439
4952,lm,0,40,0,1.080603,4.359923,4.711345
4953,human,0,48,0,1.124635,4.676123,5.258930
4953,lm,0,128,0,1.270957,1.088415,1.383329
4953,lm,1,128,0,1.243661,2.128904,2.647635
4953,lm,2,128,0,1.434692,2.926272,4.198299
4953,lm,3,2,0,0.977974,11.059504,10.815904
4954,human,0,128,0,1.149620,2.616505,3.007986
4954,human,1,128,0,1.172741,2.524173,2.960201
4954,human,2,128,0,1.208329,2.538202,3.066982
4954,human,3,32,0,1.019785,4.846049,4.941927
4954,lm,0,128,0,1.308950,2.848767,3.728894
4954,lm,1,128,0,1.199267,3.126204,3.749155
4954,lm,2,25,0,1.008929,5.520689,5.569985
4955,human,0,94,0,1.094825,3.964088,4.339982
4955,lm,0,37,0,1.145431,4.322338,4.950942
4956,human,0,128,0,1.154486,3.748601,4.327709
4956,human,1,128,0,1.224660,3.093740,3.788781
4956,human,2,128,0,1.131424,3.339615,3.778521
4956,human,3,128,0,1.170731,3.863441,4.523051
4956,human,4,101,0,1.084144,3.719469,4.032440
4956,lm,0,122,0,1.245079,2.704826,3.367723
4959,human,0,121,0,1.361489,2.290123,3.117977
4959,lm,0,89,0,1.369296,2.500686,3.424180
4960,human,0,128,0,1.279718,2.307052,2.952376
4960,human,1,128,0,1.170466,2.465690,2.886006
4960,human,2,10,0,1.050705,5.404147,5.678162
4960,lm,0,128,0,1.334771,2.465414,3.290762
4960,lm,1,80,0,1.356379,1.931922,2.620418
4965,human,0,66,0,1.205368,3.509184,4.229859
4965,lm,0,44,0,1.210354,4.080125,4.938396
4967,human,0,128,0,1.122707,2.095291,2.352398
4967,human,1,128,0,1.020620,6.396619,6.528516
4967,human,2,128,0,1.310275,2.497506,3.272419
4967,human,3,128,0,1.090186,3.566175,3.887794
4967,human,4,14,0,0.973489,8.308833,8.088558
4967,lm,0,57,0,1.228737,2.846328,3.497388
4969,human,0,128,0,1.245285,3.127542,3.894681
4969,human,1,128,0,1.253055,3.268749,4.095923
4969,human,2,66,0,1.104822,4.906087,5.420353
4969,lm,0,128,0,1.130713,3.490426,3.946670
4969,lm,1,128,0,1.166911,2.960901,3.455108
4969,lm,2,88,0,1.058298,4.260236,4.508600
497,human,0,128,0,1.200898,3.059117,3.673688
497,human,1,107,0,1.314544,2.777882,3.651649
497,lm,0,128,0,1.383265,2.198953,3.041735
497,lm,1,49,0,1.126037,3.574924,4.025496
4970,human,0,128,0,1.234271,3.592261,4.433825
4970,human,1,128,0,1.123796,2.693501,3.026944
4970,human,2,46,0,1.087469,3.646344,3.965288
4970,lm,0,128,0,1.302049,2.357631,3.069750
4970,lm,1,50,0,1.144132,4.074287,4.661521
4973,human,0,128,0,1.263464,2.584039,3.264839
4973,human,1,5,0,1.048589,6.404471,6.715658
4973,lm,0,44,0,1.060304,3.312197,3.511935
4974,human,0,90,0,1.123503,5.158644,5.795752
4974,lm,0,128,0,1.169549,3.237206,3.786072
4974,lm,1,12,0,1.023938,7.393354,7.570340
4975,human,0,29,0,1.063627,5.461883,5.809407
4975,lm,0,19,0,1.087587,5.738232,6.240825
4977,human,0,127,0,1.116324,3.532370,3.943268
4977,lm,0,39,0,1.332438,2.958079,3.941459
4978,human,0,38,0,1.159438,4.660597,5.403675
4978,lm,0,6,0,1.005375,7.981727,8.024625
4979,human,0,128,0,1.095124,3.684368,4.034839
4979,human,1,12,0,1.049470,7.714763,8.096413
4979,lm,0,128,0,1.105102,4.517161,4.991922
4979,lm,1,41,0,1.067887,4.830456,5.158382
498,human,0,128,0,1.197012,3.040565,3.639593
498,human,1,128,0,1.416211,1.947731,2.758398
498,human,2,70,0,1.166206,3.178301,3.706555
498,lm,0,87,0,1.306704,2.524161,3.298331
4983,human,0,128,0,1.172255,2.671402,3.131565
4983,human,1,128,0,0.998171,4.229922,4.222185
4983,human,2,85,0,1.120925,4.456586,4.995500
4983,lm,0,21,0,1.011567,6.933305,7.013499
4984,human,0,76,0,1.229858,2.745886,3.377050
4984,lm,0,22,0,1.120306,3.800307,4.257506
4988,human,0,84,0,1.092823,5.304437,5.796811
4988,lm,0,85,0,1.185440,4.239905,5.026155
499,human,0,128,0,0.994415,4.324340,4.300191
499,human,1,128,0,0.918150,6.921688,6.355147
499,human,2,128,0,1.072204,4.286025,4.595494
499,human,3,52,0,1.030251,3.908394,4.026627
499,lm,0,118,0,1.227776,1.982503,2.434069
4992,human,0,52,0,1.197687,2.795105,3.347662
4992,lm,0,77,0,1.139687,3.786637,4.315582
4994,human,0,82,0,1.149713,4.106794,4.721633
4994,lm,0,50,0,1.204118,3.407048,4.102487
4997,human,0,30,0,1.155849,3.495067,4.039768
4997,lm,0,10,0,1.035111,6.063844,6.276749
4998,human,0,34,0,1.073241,4.224910,4.534346
4998,lm,0,13,0,1.019470,6.467961,6.593894
50,human,0,58,0,1.128317,3.731973,4.210849
50,lm,0,55,0,1.119902,3.699578,4.143164
500,human,0,81,0,1.111081,4.359036,4.843242
500,lm,0,25,0,1.035261,3.815851,3.950401
5000,human,0,128,0,1.166582,3.497404,4.080008
5000,human,1,30,0,1.070661,5.057256,5.414607
5000,lm,0,118,0,1.435680,2.200135,3.158690
5004,human,0,11,0,1.032762,6.409492,6.619479
5004,lm,0,63,0,1.172943,1.926849,2.260083
5006,human,0,128,0,1.179589,3.456559,4.077320
5006,human,1,40,0,1.096043,3.824786,4.192131
5006,lm,0,67,0,1.162159,3.176469,3.691563
5008,human,0,21,0,1.005250,6.490240,6.524314
5008,lm,0,16,0,1.074981,6.193593,6.657994
501,human,0,128,0,1.292573,1.481083,1.914408
501,human,1,31,0,1.083343,5.008156,5.425552
501,lm,0,103,0,1.415333,2.039283,2.886265
5013,human,0,128,0,1.084700,3.712344,4.026781
5013,human,1,18,0,0.933868,7.345962,6.860162
5013,lm,0,46,0,1.176265,4.655298,5.475863
5017,human,0,66,0,1.037875,5.723707,5.940493
5017,lm,0,128,0,1.512358,1.651767,2.498063
5017,lm,1,38,0,1.108409,4.469944,4.954528
5018,human,0,128,0,1.161630,3.171319,3.683901
5018,human,1,35,0,1.140363,4.707660,5.368443
5018,lm,0,45,0,1.119501,4.793646,5.366492
5019,human,0,58,0,1.151496,4.442123,5.115088
5019,lm,0,37,0,1.176324,4.846969,5.701607
502,human,0,128,0,1.520855,1.993961,3.032526
502,human,1,4,0,0.997069,5.192084,5.176864
502,lm,0,94,0,1.244854,2.206980,2.747369
5020,human,0,96,0,1.231201,2.454181,3.021591
5020,lm,0,67,0,1.289913,2.756796,3.556028
5021,human,0,72,0,1.268363,3.021233,3.832019
5021,lm,0,90,0,1.424117,2.035087,2.898202
5022,human,0,19,0,1.032022,5.054719,5.216580
5022,lm,0,23,0,1.181060,4.318318,5.100192
5024,human,0,128,0,0.974377,4.651213,4.532033
5024,human,1,61,0,0.920154,6.809615,6.265894
5024,lm,0,13,0,1.017222,5.588456,5.684700
5028,human,0,29,0,1.051043,5.989233,6.294939
5028,lm,0,10,0,1.030396,8.648362,8.911241
5029,human,0,24,0,1.017312,4.221413,4.294496
5029,lm,0,32,0,1.056388,4.701409,4.966513
503,human,0,128,0,1.110136,3.935999,4.369494
503,human,1,128,0,1.112272,4.342513,4.830054
503,human,2,115,0,1.086935,4.202236,4.567557
503,lm,0,128,0,1.383225,2.298736,3.179670
503,lm,1,82,0,1.052018,4.306050,4.530043
5033,human,0,119,0,1.070338,4.883261,5.226740
5033,lm,0,97,0,1.361195,2.679991,3.647991
5034,human,0,128,0,1.267251,3.133093,3.970417
5034,human,1,128,0,1.180036,3.789108,4.471283
5034,human,2,128,0,1.129639,3.220577,3.638088
5034,human,3,128,0,1.259336,3.129000,3.940463
5034,human,4,32,0,1.094806,5.466700,5.984974
5034,lm,0,128,0,1.401453,1.770560,2.481358
5034,lm,1,10,0,1.040881,5.867405,6.107270
5035,human,0,127,0,1.091915,4.280506,4.673947
5035,lm,0,54,0,1.188283,4.504817,5.352998
5036,human,0,69,0,1.128745,3.305078,3.730590
5036,lm,0,41,0,1.135067,5.042261,5.723306
5037,human,0,53,0,1.123082,4.012238,4.506072
5037,lm,0,44,0,1.143794,4.747821,5.430528
5038,human,0,128,0,1.054802,4.040411,4.261832
5038,human,1,128,0,1.071090,4.243193,4.544840
5038,human,2,128,0,1.027765,4.767582,4.899952
5038,human,3,54,0,1.067500,4.689652,5.006204
5038,lm,0,64,0,1.308733,3.132409,4.099487
5039,human,0,128,0,1.182236,3.466083,4.097729
5039,human,1,11,0,1.005997,5.618741,5.652438
5039,lm,0,40,0,1.123659,4.531743,5.092133
504,human,0,77,0,1.042731,4.272058,4.454606
504,lm,0,95,0,1.155685,3.347528,3.868686
5040,human,0,35,0,1.043793,5.130383,5.355057
5040,lm,0,10,0,1.028682,5.060160,5.205297
5043,human,0,54,0,1.047399,4.377411,4.584895
5043,lm,0,59,0,1.120763,4.641150,5.201630
5044,human,0,102,0,1.148818,3.497936,4.018491
5044,lm,0,128,0,1.169031,3.592311,4.199523
5044,lm,1,128,0,1.146143,3.048424,3.493929
5044,lm,2,128,0,1.255392,3.070365,3.854513
5044,lm,3,128,0,1.192744,3.860089,4.604096
5044,lm,4,128,0,1.233363,3.184524,3.927675
5044,lm,5,50,0,1.069920,6.177481,6.609408
5048,human,0,20,0,1.011356,5.970096,6.037895
5048,lm,0,10,0,0.999246,5.784729,5.780370
5049,human,0,34,0,1.007316,6.292745,6.338784
5049,lm,0,16,0,1.099428,3.809618,4.188400
5051,human,0,128,0,1.451044,2.340350,3.395950
5051,human,1,53,0,1.130548,4.190130,4.737142
5051,lm,0,24,0,1.148348,4.477603,5.141848
5052,human,0,90,0,1.174244,3.508825,4.120216
5052,lm,0,21,0,1.096240,6.339568,6.949691
5055,human,0,128,0,1.194487,3.384095,4.042259
5055,human,1,128,0,1.105594,4.402074,4.866907
5055,human,2,128,0,1.064721,4.278778,4.555703
5055,human,3,128,0,1.229876,3.382970,4.160634
5055,human,4,128,0,1.106544,4.462840,4.938329
5055,human,5,128,0,1.054045,4.261864,4.492196
5055,human,6,128,0,1.054578,3.847093,4.057061
5055,human,7,73,0,1.113880,5.226817,5.822048
5055,lm,0,128,0,1.110928,3.639907,4.043675
5055,lm,1,59,0,1.069311,3.904479,4.175104
5056,human,0,128,0,1.192148,3.954090,4.713862
5056,human,1,128,0,1.111718,4.373976,4.862628
5056,human,2,128,0,1.234805,3.303471,4.079142
5056,human,3,47,0,1.175512,4.150372,4.878813
5056,lm,0,7,0,0.969126,8.463268,8.201976
5058,human,0,128,0,1.296808,2.674117,3.467816
5058,human,1,41,0,1.046314,6.193605,6.480458
5058,lm,0,19,0,0.996088,7.839050,7.808381
5059,human,0,48,0,1.011979,7.675212,7.767152
5059,lm,0,40,0,1.120390,4.189802,4.694214
5061,human,0,16,0,1.093094,4.501187,4.920222
5061,lm,0,6,0,0.993018,7.100467,7.050893
5062,human,0,28,0,1.085012,4.158904,4.512459
5062,lm,0,58,0,1.216634,3.626051,4.411576
5065,human,0,47,0,1.036644,4.024762,4.172244
5065,lm,0,10,0,1.041806,7.142033,7.440611
5067,human,0,128,0,1.115161,4.215601,4.701073
5067,human,1,71,0,1.190763,3.805204,4.531098
5067,lm,0,128,0,1.383146,2.369965,3.278008
5067,lm,1,92,0,1.270903,3.216893,4.088360
5068,human,0,98,0,1.164253,3.565098,4.150678
5068,lm,0,34,0,1.042786,6.380369,6.653356
507,human,0,128,0,1.217826,4.094542,4.986441
507,human,1,128,0,1.013464,5.862944,5.941883
507,human,2,128,0,1.011571,5.190450,5.250511
507,human,3,128,0,1.038271,5.100911,5.296126
507,human,4,128,0,0.981063,6.046831,5.932322
507,human,5,74,0,1.065941,5.491873,5.854013
507,lm,0,110,0,1.196419,3.985702,4.768570
5071,human,0,68,0,1.240184,3.310691,4.105865
5071,lm,0,12,0,1.162096,5.757568,6.690849
5072,human,0,79,0,1.093288,3.966622,4.336660
5072,lm,0,6,0,0.984779,7.323398,7.211927
5077,human,0,23,0,1.095069,5.280010,5.781975
5077,lm,0,10,0,1.008269,6.483593,6.537205
5078,human,0,86,0,1.138785,3.592883,4.091522
5078,lm,0,128,0,1.373499,2.443429,3.356048
5078,lm,1,128,0,1.295447,2.345638,3.038650
5078,lm,2,10,0,1.011951,9.847431,9.965116
5082,human,0,128,0,1.188744,3.387024,4.026304
5082,human,1,72,0,1.098553,4.967082,5.456604
5082,lm,0,128,0,1.298496,3.025077,3.928050
5082,lm,1,63,0,1.093289,5.906152,6.457133
5085,human,0,41,0,1.116179,3.998661,4.463220
5085,lm,0,128,0,1.389498,2.347576,3.261951
5085,lm,1,9,0,0.948641,11.277454,10.698256
5086,human,0,89,0,1.161350,3.915027,4.546716
5086,lm,0,47,0,1.230002,3.595373,4.422317
5087,human,0,73,0,1.121319,3.714946,4.165640
5087,lm,0,61,0,1.288332,3.663138,4.719336
5088,human,0,49,0,1.169929,3.540581,4.142230
5088,lm,0,56,0,1.082072,3.610389,3.906700
509,human,0,128,0,1.271618,2.263755,2.878631
509,human,1,112,0,1.140868,2.270975,2.590882
509,lm,0,128,0,1.255357,2.564077,3.218833
509,lm,1,28,0,0.945156,7.262345,6.864052
5090,human,0,28,0,1.035160,4.400596,4.555322
5090,lm,0,10,0,1.094662,5.855559,6.409856
5092,human,0,21,0,1.007759,7.411348,7.468851
5092,lm,0,27,0,1.022413,5.345986,5.465806
5095,human,0,98,0,1.126992,5.187819,5.846633
5095,lm,0,42,0,1.242330,4.729887,5.876079
5100,human,0,128,0,1.200563,4.363432,5.238574
5100,human,1,128,0,1.139163,5.499271,6.264566
5100,human,2,67,0,1.040990,6.209612,6.464147
5100,lm,0,87,0,1.131727,4.662934,5.277169
5101,human,0,128,0,1.166025,3.365633,3.924411
5101,human,1,128,0,1.097118,1.985285,2.178092
5101,human,2,128,0,1.225861,2.270575,2.783410
5101,human,3,128,0,1.252739,1.968092,2.465506
5101,human,4,128,0,1.159419,3.608359,4.183599
5101,human,5,26,0,0.999055,6.510865,6.504710
5101,lm,0,128,0,1.166174,3.076323,3.587527
5101,lm,1,69,0,1.099631,3.705839,4.075054
5102,human,0,78,0,1.004509,6.892920,6.924000
5102,lm,0,94,0,1.377255,2.379329,3.276943
5103,human,0,7,0,1.020552,6.763020,6.902012
5103,lm,0,21,0,1.135635,5.498183,6.243929
5104,human,0,128,0,1.093689,5.010009,5.479391
5104,human,1,106,0,1.059930,4.470743,4.738673
5104,lm,0,75,0,1.202430,3.326212,3.999538
5105,human,0,52,0,1.034248,4.652637,4.811982
5105,lm,0,44,0,1.036317,6.188226,6.412964
5106,human,0,31,0,1.045276,5.869510,6.135258
5106,lm,0,128,0,1.317726,2.930181,3.861176
5106,lm,1,128,0,1.151811,3.379519,3.892567
5106,lm,2,128,0,1.177755,3.786118,4.459118
5106,lm,3,51,0,1.004602,5.946713,5.974080
5107,human,0,38,0,1.069124,4.974912,5.318798
5107,lm,0,11,0,1.003896,9.363994,9.400480
5108,human,0,128,0,1.098412,3.850478,4.229413
5108,human,1,128,0,1.106045,4.699116,5.197435
5108,human,2,49,0,1.170962,4.602427,5.389267
5108,lm,0,128,0,1.226611,2.502236,3.069270
5108,lm,1,10,0,1.044168,6.107368,6.377120
5109,human,0,105,0,1.134164,2.171885,2.463274
5109,lm,0,39,0,1.200590,3.578217,4.295971
511,human,0,30,0,1.020486,5.742171,5.859806
511,lm,0,54,0,1.148224,3.615568,4.151480
5110,human,0,111,0,1.150795,3.888874,4.475298
5110,lm,0,33,0,1.038141,6.298369,6.538594
5112,human,0,101,0,1.193197,3.264332,3.894992
5112,lm,0,16,0,1.070354,6.304127,6.747645
5113,human,0,34,0,1.040417,5.891963,6.130097
5113,lm,0,64,0,1.135464,4.122336,4.680764
5114,human,0,76,0,1.238439,3.275476,4.056475
5114,lm,0,128,0,1.368239,3.221592,4.407909
5114,lm,1,128,0,1.161880,3.166233,3.678782
5114,lm,2,128,0,1.139473,3.829673,4.363810
5114,lm,3,54,0,1.052437,5.716406,6.016157
5118,human,0,127,0,1.243744,3.772484,4.692004
5118,lm,0,11,0,1.044994,6.294168,6.577365
5119,human,0,65,0,1.087018,5.409882,5.880637
5119,lm,0,10,0,1.024281,5.377479,5.508048
512,human,0,128,0,1.199794,3.304701,3.964960
512,human,1,120,0,1.483794,2.246308,3.333058
512,lm,0,80,0,1.276287,2.774485,3.541039
5120,human,0,18,0,1.006640,5.859301,5.898207
5120,lm,0,38,0,1.113981,4.239618,4.722853
5122,human,0,128,0,1.280633,3.034886,3.886576
5122,human,1,125,0,1.257942,2.650652,3.334366
5122,lm,0,128,0,1.230259,3.182592,3.915411
5122,lm,1,94,0,1.079142,4.712698,5.085670
5124,human,0,128,0,1.160348,4.474230,5.191665
5124,human,1,128,0,1.106381,4.259931,4.713107
5124,human,2,128,0,1.067522,5.543556,5.917866
5124,human,3,56,0,1.046165,6.105905,6.387782
5124,lm,0,40,0,1.111210,5.201644,5.780119
5125,human,0,128,0,1.305268,3.103705,4.051168
5125,human,1,53,0,0.963985,4.787939,4.615500
5125,lm,0,10,0,1.048106,6.203344,6.501760
513,human,0,35,0,0.947607,6.793660,6.437719
513,lm,0,128,0,1.237374,3.954817,4.893587
513,lm,1,70,0,1.071019,4.469964,4.787416
5134,human,0,43,0,1.072363,4.708047,5.048735
5134,lm,0,13,0,1.086191,6.076228,6.599945
5135,human,0,128,0,1.303071,1.903656,2.480599
5135,human,1,128,0,1.135980,2.976456,3.381193
5135,human,2,128,0,1.227469,2.558291,3.140225
5135,human,3,45,0,1.071392,5.328845,5.709282
5135,lm,0,33,0,1.058982,2.621027,2.775621
5137,human,0,57,0,1.184225,4.268456,5.054812
5137,lm,0,18,0,1.036677,7.496102,7.771034
5139,human,0,128,0,1.056947,3.769972,3.984663
5139,human,1,62,0,0.970114,5.073154,4.921539
5139,lm,0,128,0,1.221532,3.205307,3.915386
5139,lm,1,83,0,1.157209,3.871974,4.480685
5140,human,0,128,0,1.285487,0.508524,0.653701
5140,human,1,128,0,1.287604,1.007100,1.296747
5140,human,2,128,0,1.364575,1.212616,1.654706
5140,human,3,58,0,1.284045,1.225094,1.573076
5140,lm,0,128,0,1.222663,2.512695,3.072180
5140,lm,1,118,0,1.318480,1.915070,2.524981
5142,human,0,110,0,1.208798,2.920830,3.530693
5142,lm,0,128,0,1.229876,2.888324,3.552282
5142,lm,1,44,0,1.084417,3.581105,3.883412
5143,human,0,128,0,1.262458,3.369999,4.254481
5143,human,1,128,0,1.076257,3.739053,4.024183
5143,human,2,128,0,1.122223,4.170711,4.680467
5143,human,3,54,0,1.058003,6.352578,6.721045
5143,lm,0,128,0,1.379248,2.963071,4.086809
5143,lm,1,55,0,1.245841,3.926902,4.892295
5146,human,0,94,0,1.268158,3.408655,4.322712
5146,lm,0,10,0,1.010853,9.531783,9.635231
5149,human,0,128,0,1.177568,2.947349,3.470704
5149,human,1,128,0,1.097190,2.687772,2.948996
5149,human,2,9,0,1.026881,6.438017,6.611077
5149,lm,0,74,0,1.102232,3.105967,3.423496
515,human,0,128,0,1.180685,3.339811,3.943266
515,human,1,128,0,1.111153,3.994100,4.438055
515,human,2,128,0,1.123679,4.161487,4.676177
515,human,3,88,0,1.172132,4.467236,5.236190
515,lm,0,128,0,1.280596,2.668227,3.416921
515,lm,1,128,0,1.250761,2.739356,3.426280
515,lm,2,128,0,1.282528,3.186140,4.086312
515,lm,3,128,0,1.220891,3.486052,4.256091
515,lm,4,128,0,1.126307,3.110514,3.503394
515,lm,5,85,0,1.036534,4.077583,4.226553
5150,human,0,20,0,0.996577,7.564867,7.538970
5150,lm,0,41,0,1.084069,5.117475,5.547696
5152,human,0,94,0,1.163970,2.698041,3.140440
5152,lm,0,7,0,1.010445,7.010068,7.083289
5154,human,0,55,0,1.166196,3.761337,4.386457
5154,lm,0,27,0,1.043496,4.773363,4.980984
5155,human,0,77,0,1.133149,4.185396,4.742679
5155,lm,0,51,0,1.196756,3.159668,3.781350
5156,human,0,20,0,1.009092,6.525208,6.584535
5156,lm,0,12,0,1.020785,5.904311,6.027034
5157,human,0,128,0,1.327785,1.694218,2.249558
5157,human,1,128,0,1.172456,3.171063,3.717931
5157,human,2,71,0,0.971858,4.253705,4.133998
5157,lm,0,93,0,1.321893,2.789658,3.687629
5159,human,0,93,0,1.068585,4.906424,5.242932
5159,lm,0,19,0,1.031386,7.578166,7.816012
516,human,0,61,0,1.011541,5.276163,5.337052
516,lm,0,82,0,1.386178,3.127499,4.335269
5161,human,0,13,0,1.006468,7.158102,7.204401
5161,lm,0,46,0,1.158229,4.685860,5.427298
5162,human,0,128,0,1.052107,4.036644,4.246983
5162,human,1,117,0,1.214300,3.129436,3.800073
5162,lm,0,128,0,1.379469,3.079625,4.248247
5162,lm,1,128,0,1.280012,2.960460,3.789423
5162,lm,2,128,0,1.229330,2.687310,3.303590
5162,lm,3,58,0,1.086599,5.479104,5.953587
5163,human,0,128,0,1.255238,2.115005,2.654835
5163,human,1,45,0,1.130314,2.835600,3.205119
5163,lm,0,105,0,1.290457,3.153238,4.069118
5166,human,0,128,0,1.084859,3.435348,3.726868
5166,human,1,95,0,1.061570,5.259722,5.583561
5166,lm,0,55,0,1.032859,5.079535,5.246443
5167,human,0,106,0,1.185551,2.180189,2.584725
5167,lm,0,54,0,1.259742,2.239534,2.821236
5169,human,0,72,0,1.101099,4.743294,5.222837
5169,lm,0,26,0,1.030104,4.929439,5.077837
517,human,0,76,0,1.084252,4.928632,5.343881
517,lm,0,18,0,1.001411,7.462660,7.473192
5171,human,0,98,0,1.153021,2.815408,3.246223
5171,lm,0,8,0,1.065564,5.048041,5.379009
5174,human,0,128,0,1.182269,1.954438,2.310672
5174,human,1,17,0,1.140051,4.980317,5.677815
5174,lm,0,51,0,1.155180,3.249204,3.753415
5176,human,0,55,0,1.157485,2.882136,3.336031
5176,lm,0,43,0,1.095385,4.663791,5.108645
518,human,0,128,0,1.201690,4.023559,4.835071
518,human,1,128,0,1.198162,4.390055,5.259997
518,human,2,55,0,1.064018,5.251825,5.588038
518,lm,0,9,0,0.996987,8.074812,8.050484
5183,human,0,54,0,1.089963,3.832292,4.177055
5183,lm,0,35,0,1.039566,4.864390,5.056854
5185,human,0,18,0,1.031536,6.135571,6.329062
5185,lm,0,11,0,1.132736,5.825119,6.598319
5187,human,0,128,0,1.156388,3.661123,4.233679
5187,human,1,51,0,1.000484,5.791828,5.794634
5187,lm,0,128,0,1.477914,2.347452,3.469332
5187,lm,1,128,0,1.150753,3.958023,4.554706
5187,lm,2,128,0,1.073348,3.703379,3.975015
5187,lm,3,128,0,1.153465,3.271881,3.774000
5187,lm,4,74,0,1.138405,4.694457,5.344194
5188,human,0,68,0,1.118233,3.248865,3.632988
5188,lm,0,43,0,1.328835,3.127252,4.155602
519,human,0,55,0,1.203489,3.035015,3.652606
519,lm,0,54,0,1.246227,3.483202,4.340860
5191,human,0,128,0,1.129146,3.681389,4.156827
5191,human,1,118,0,1.121501,3.465161,3.886181
5191,lm,0,128,0,1.150711,3.824258,4.400618
5191,lm,1,128,0,1.085847,4.412469,4.791266
5191,lm,2,128,0,1.142855,3.179637,3.633865
5191,lm,3,23,0,1.014885,5.416747,5.497376
5194,human,0,128,0,1.205304,3.511292,4.232175
5194,human,1,128,0,1.051889,3.173171,3.337823
5194,human,2,128,0,1.022542,4.295508,4.392339
5194,human,3,72,0,1.104479,4.080695,4.507042
5194,lm,0,128,0,1.260546,2.778496,3.502422
5194,lm,1,24,0,1.053837,4.193662,4.419438
5198,human,0,45,0,1.132845,3.686438,4.176163
5198,lm,0,13,0,1.039041,3.597849,3.738313
5199,human,0,56,0,1.091522,3.098370,3.381938
5199,lm,0,9,0,0.993213,7.499000,7.448108
5202,human,0,16,0,1.074370,6.084776,6.537302
5202,lm,0,101,0,1.067852,4.854997,5.184420
5203,human,0,124,0,1.192501,3.773207,4.499552
5203,lm,0,60,0,1.104966,4.161456,4.598267
5206,human,0,128,0,1.375097,3.021586,4.154973
5206,human,1,128,0,1.035978,4.842533,5.016756
5206,human,2,12,0,0.975270,8.392591,8.185042
5206,lm,0,36,0,1.137948,4.066047,4.626952
5207,human,0,32,0,1.055924,5.770727,6.093449
5207,lm,0,128,0,1.287095,2.095063,2.696545
5207,lm,1,55,0,1.156823,3.586832,4.149330
5209,human,0,96,0,1.356435,3.208672,4.352354
5209,lm,0,100,0,1.217332,3.054535,3.718383
5211,human,0,71,0,1.041326,5.142556,5.355079
5211,lm,0,109,0,1.517088,1.809859,2.745715
5212,human,0,128,0,1.083748,4.350306,4.714634
5212,human,1,39,0,0.986016,6.773587,6.678866
5212,lm,0,25,0,1.032734,3.256986,3.363601
5215,human,0,79,0,1.107816,3.603056,3.991524
5215,lm,0,19,0,1.077528,6.394325,6.890065
5216,human,0,50,0,1.138304,3.727890,4.243472
5216,lm,0,37,0,1.169431,3.068190,3.588035
5218,human,0,128,0,1.084261,3.051972,3.309134
5218,human,1,3,0,1.015572,7.439878,7.555729
5218,lm,0,105,0,1.237567,2.104999,2.605078
5220,human,0,128,0,1.128504,3.932642,4.438001
5220,human,1,82,0,1.040118,5.489481,5.709710
5220,lm,0,44,0,1.078858,5.209738,5.620568
5222,human,0,96,0,1.189861,3.691436,4.392296
5222,lm,0,9,0,1.005024,7.250489,7.286916
5223,human,0,128,0,1.113454,3.883807,4.324439
5223,human,1,128,0,1.076739,3.763655,4.052473
5223,human,2,128,0,1.076649,3.552191,3.824463
5223,human,3,128,0,1.298556,2.780402,3.610508
5223,human,4,128,0,1.403941,1.413425,1.984366
5223,human,5,12,0,1.034782,6.442132,6.666203
5223,lm,0,9,0,0.980970,8.313332,8.155128
5229,human,0,128,0,1.139080,3.615011,4.117786
5229,human,1,69,0,1.045541,6.025961,6.300387
5229,lm,0,76,0,1.211810,3.560321,4.314434
523,human,0,128,0,0.991696,4.898499,4.857821
523,human,1,2,0,1.022493,5.550104,5.674941
523,lm,0,9,0,1.016870,6.411727,6.519891
5230,human,0,128,0,1.113291,3.951525,4.399197
5230,human,1,68,0,1.053061,5.946253,6.261766
5230,lm,0,62,0,1.156128,3.236079,3.741322
5233,human,0,18,0,1.040462,5.118091,5.325178
5233,lm,0,116,0,1.144878,3.746402,4.289175
5235,human,0,104,0,1.131250,2.492150,2.819245
5235,lm,0,72,0,1.228968,2.078024,2.553825
5236,human,0,58,0,1.066976,5.667150,6.046715
5236,lm,0,10,0,1.017538,6.691948,6.809312
5238,human,0,22,0,1.048879,5.260190,5.517304
5238,lm,0,108,0,1.273246,2.871431,3.656038
5240,human,0,128,0,1.144225,4.146686,4.744743
5240,human,1,128,0,1.063592,4.414799,4.695546
5240,human,2,111,0,1.092194,4.377317,4.780879
5240,lm,0,128,0,1.390376,2.760382,3.837968
5240,lm,1,128,0,1.191016,3.403970,4.054183
5240,lm,2,44,0,1.136253,4.135969,4.699507
5241,human,0,128,0,1.179943,2.858572,3.372953
5241,human,1,43,0,1.166375,4.014178,4.682039
5241,lm,0,104,0,1.453265,2.300220,3.342831
5244,human,0,128,0,1.086492,3.019817,3.281008
5244,human,1,128,0,1.075892,3.472187,3.735698
5244,human,2,128,0,1.066832,3.730740,3.980073
5244,human,3,16,0,1.044629,6.978694,7.290146
5244,lm,0,23,0,1.029534,5.359540,5.517827
5245,human,0,54,0,1.081340,4.047381,4.376595
5245,lm,0,12,0,1.052271,6.083199,6.401172
5248,human,0,32,0,1.191771,4.556906,5.430788
5248,lm,0,13,0,1.074808,4.872322,5.236812
5249,human,0,32,0,1.145797,3.714110,4.255614
5249,lm,0,128,0,1.193905,3.566958,4.258609
5249,lm,1,124,0,1.204623,3.396138,4.091066
5260,human,0,49,0,1.088603,5.261515,5.727701
5260,lm,0,12,0,1.013735,9.663647,9.796381
5264,human,0,128,0,1.172793,3.273593,3.839248
5264,human,1,128,0,1.285728,3.020569,3.883631
5264,human,2,52,0,1.108104,4.940536,5.474625
5264,lm,0,31,0,1.261172,3.326595,4.195408
5267,human,0,128,0,1.119744,3.438605,3.850356
5267,human,1,112,0,1.157761,3.724861,4.312500
5267,lm,0,128,0,1.267598,2.127346,2.696619
5267,lm,1,128,0,1.204576,2.781383,3.350388
5267,lm,2,128,0,1.116211,3.460673,3.862842
5267,lm,3,128,0,1.083920,4.780681,5.181874
5267,lm,4,11,0,1.025050,7.202899,7.383334
5268,human,0,68,0,1.115928,3.350007,3.738368
5268,lm,0,66,0,1.238049,4.098068,5.073611
5269,human,0,128,0,1.296657,2.989046,3.875767
5269,human,1,69,0,1.100284,4.541071,4.996470
5269,lm,0,95,0,1.285822,2.753821,3.540923
527,human,0,33,0,1.109476,3.960367,4.393933
527,lm,0,52,0,1.138441,4.156265,4.731665
5270,human,0,128,0,1.221166,3.519446,4.297829
5270,human,1,128,0,1.242812,3.757261,4.669568
5270,human,2,128,0,1.286213,3.382309,4.350371
5270,human,3,128,0,1.119191,5.069042,5.673224
5270,human,4,28,0,0.955805,7.387009,7.060543
5270,lm,0,54,0,1.169480,4.827988,5.646236
5271,human,0,128,0,1.065832,4.473800,4.768319
5271,human,1,111,0,1.103472,3.450562,3.807601
5271,lm,0,34,0,1.072416,6.244004,6.696172
5272,human,0,128,0,1.141722,3.183264,3.634402
5272,human,1,114,0,1.093842,3.865538,4.228287
5272,lm,0,44,0,1.146605,4.764654,5.463177
5273,human,0,128,0,1.134532,2.649680,3.006146
5273,human,1,117,0,1.116453,3.337216,3.725844
5273,lm,0,128,0,1.297021,1.913661,2.482059
5273,lm,1,126,0,1.174294,3.008649,3.533037
5274,human,0,128,0,1.192657,3.415728,4.073794
5274,human,1,8,0,1.101429,5.533803,6.095091
5274,lm,0,128,0,1.439122,2.329124,3.351893
5274,lm,1,17,0,1.034208,8.870618,9.174066
5275,human,0,83,0,1.174776,3.328167,3.909850
5275,lm,0,11,0,1.089477,5.310470,5.785635
5276,human,0,38,0,1.087891,4.968893,5.405612
5276,lm,0,36,0,1.124737,4.639014,5.217668
5277,human,0,92,0,1.218686,3.261456,3.974692
5277,lm,0,125,0,1.300122,2.852736,3.708906
5278,human,0,114,0,1.126635,4.619390,5.204365
5278,lm,0,128,0,1.381530,2.835016,3.916659
5278,lm,1,128,0,1.193178,2.809749,3.352531
5278,lm,2,4,0,1.002265,7.566034,7.583171
5280,human,0,44,0,1.023542,6.791602,6.951488
5280,lm,0,116,0,1.159048,3.627141,4.204029
5282,human,0,27,0,1.037449,5.748013,5.963270
5282,lm,0,10,0,1.095734,5.396727,5.913375
5284,human,0,128,0,1.190049,3.362697,4.001774
5284,human,1,60,0,1.200007,3.577657,4.293212
5284,lm,0,65,0,1.180865,3.582996,4.231033
5285,human,0,128,0,1.091362,4.000691,4.366201
5285,human,1,128,0,1.113510,3.882730,4.323458
5285,human,2,27,0,1.046384,6.541007,6.844405
5285,lm,0,94,0,1.287396,3.528795,4.542957
5286,human,0,31,0,1.248815,3.669376,4.582373
5286,lm,0,49,0,1.247344,4.190310,5.226757
5288,human,0,29,0,1.161618,4.183310,4.859409
5288,lm,0,43,0,1.327717,2.534807,3.365505
5289,human,0,73,0,1.076808,5.184485,5.582698
5289,lm,0,26,0,1.060796,5.871719,6.228698
529,human,0,111,0,1.289960,1.444595,1.863469
529,lm,0,52,0,1.150750,4.311968,4.961999
5291,human,0,128,0,1.097775,3.732708,4.097674
5291,human,1,128,0,1.059754,4.786255,5.072251
5291,human,2,128,0,1.394166,1.796583,2.504736
5291,human,3,128,0,1.211445,2.701884,3.273183
5291,human,4,16,0,1.010298,6.879467,6.950309
5291,lm,0,128,0,1.242555,2.985675,3.709865
5291,lm,1,120,0,1.197531,3.586745,4.295237
5292,human,0,71,0,1.162613,3.238888,3.765573
5292,lm,0,128,0,1.342232,2.165410,2.906482
5292,lm,1,89,0,1.245748,3.091971,3.851817
5293,human,0,128,0,1.235110,3.314869,4.094228
5293,human,1,3,0,0.997218,8.019772,7.997463
5293,lm,0,128,0,1.263732,3.565230,4.505496
5293,lm,1,2,0,1.013017,6.969663,7.060387
5294,human,0,128,0,1.082544,3.480872,3.768199
5294,human,1,49,0,1.013644,4.275669,4.334005
5294,lm,0,128,0,1.216486,2.698900,3.283173
5294,lm,1,47,0,1.090255,4.005649,4.367178
5295,human,0,128,0,1.098009,3.576897,3.927463
5295,human,1,55,0,1.102719,4.592888,5.064664
5295,lm,0,10,0,1.021020,6.383344,6.517520
5299,human,0,128,0,1.296672,2.463549,3.194415
5299,human,1,128,0,1.126104,4.625879,5.209220
5299,human,2,128,0,1.057527,5.175328,5.473049
5299,human,3,128,0,1.079168,5.146399,5.553830
5299,human,4,128,0,1.063701,5.458416,5.806122
5299,human,5,17,0,0.907684,6.391885,5.801813
5299,lm,0,96,0,1.247783,3.647920,4.551813
530,human,0,22,0,1.036460,5.865583,6.079442
530,lm,0,13,0,1.046979,5.916481,6.194434
5301,human,0,128,0,1.154085,3.662053,4.226322
5301,human,1,128,0,1.076605,3.935615,4.237102
5301,human,2,128,0,1.172007,3.846593,4.508234
5301,human,3,16,0,1.083501,6.002555,6.503777
5301,lm,0,26,0,1.032898,5.149493,5.318903
5302,human,0,128,0,1.233251,3.635257,4.483183
5302,human,1,128,0,1.047986,6.124365,6.418250
5302,human,2,64,0,1.080514,6.058410,6.546194
5302,lm,0,128,0,1.353263,2.815387,3.809960
5302,lm,1,103,0,1.245447,3.645845,4.540708
5303,human,0,73,0,1.072335,5.514616,5.913515
5303,lm,0,26,0,1.032113,5.834859,6.022231
5304,human,0,29,0,1.118998,4.154865,4.649285
5304,lm,0,30,0,1.116398,3.826493,4.271889
5305,human,0,128,0,1.180120,4.027708,4.753179
5305,human,1,128,0,1.153766,4.787699,5.523887
5305,human,2,128,0,1.042543,4.859536,5.066274
5305,human,3,128,0,1.031288,4.790820,4.940717
5305,human,4,116,0,1.019535,5.553097,5.661574
5305,lm,0,128,0,1.122928,3.311027,3.718046
5305,lm,1,128,0,1.164675,3.754149,4.372362
5305,lm,2,128,0,1.116712,3.953495,4.414916
5305,lm,3,76,0,1.001051,6.352396,6.359072
5308,human,0,128,0,1.165287,3.947905,4.600442
5308,human,1,13,0,0.998284,8.014846,8.001090
5308,lm,0,57,0,1.276092,2.988981,3.814216
5312,human,0,86,0,1.116376,4.472068,4.992508
5312,lm,0,10,0,1.011499,8.108400,8.201636
5313,human,0,23,0,1.139759,4.619808,5.265468
5313,lm,0,11,0,1.079878,5.148242,5.559475
5317,human,0,8,0,1.050307,5.548421,5.827545
5317,lm,0,12,0,1.282796,4.001825,5.133524
532,human,0,17,0,1.065856,5.456237,5.815565
532,lm,0,11,0,1.059416,5.672863,6.009922
5320,human,0,128,0,1.403481,1.799097,2.525000
5320,human,1,128,0,1.161946,2.678484,3.112254
5320,human,2,25,0,1.025384,6.170317,6.326943
5320,lm,0,127,0,1.395602,2.109343,2.943803
5321,human,0,14,0,1.070456,5.224632,5.592737
5321,lm,0,69,0,1.193901,3.787295,4.521653
5322,human,0,128,0,1.252695,3.910527,4.898695
5322,human,1,19,0,0.960292,10.196328,9.791456
5322,lm,0,11,0,0.999987,7.701127,7.701029
5324,human,0,116,0,1.269961,3.257157,4.136461
5324,lm,0,23,0,1.027342,5.608247,5.761589
5325,human,0,30,0,1.183989,2.832100,3.353175
5325,lm,0,57,0,1.383955,2.503516,3.464752
5328,human,0,128,0,1.225846,2.720576,3.335006
5328,human,1,68,0,1.248813,1.775270,2.216979
5328,lm,0,33,0,1.175792,2.371478,2.788364
5329,human,0,44,0,1.171080,5.141082,6.020620
5329,lm,0,128,0,1.197863,2.726698,3.266211
5329,lm,1,48,0,1.145323,3.791902,4.342952
5330,human,0,128,0,1.219846,2.619287,3.195125
5330,human,1,27,0,1.205718,4.234401,5.105491
5330,lm,0,15,0,1.136097,5.331042,6.056583
5332,human,0,30,0,1.113911,5.305349,5.909688
5332,lm,0,30,0,1.062711,5.394005,5.732268
5335,human,0,128,0,1.330814,1.323242,1.760990
5335,human,1,128,0,1.119965,2.827659,3.166879
5335,human,2,128,0,1.184279,1.702608,2.016363
5335,human,3,128,0,1.085685,2.815984,3.057273
5335,human,4,62,0,1.287004,1.763265,2.269330
5335,lm,0,128,0,1.329511,1.866984,2.482177
5335,lm,1,112,0,1.266694,1.525081,1.931810
5338,human,0,14,0,1.006726,7.576214,7.627174
5338,lm,0,14,0,1.038570,8.208069,8.524658
5340,human,0,73,0,1.051443,5.167260,5.433082
5340,lm,0,16,0,1.020111,6.319564,6.446656
5342,human,0,25,0,0.951599,7.186467,6.838632
5342,lm,0,45,0,1.145875,3.971613,4.550972
5347,human,0,59,0,1.215716,4.196065,5.101224
5347,lm,0,61,0,1.355779,3.446834,4.673144
5348,human,0,128,0,1.090689,5.209198,5.681617
5348,human,1,128,0,1.050285,4.653303,4.887292
5348,human,2,128,0,1.065808,3.947837,4.207638
5348,lm,0,47,0,1.102677,3.472529,3.829079
535,human,0,81,0,1.189344,4.164071,4.952513
535,lm,0,47,0,1.060079,5.910528,6.265628
5350,human,0,128,0,1.204076,2.524893,3.040162
5350,human,1,95,0,1.061931,2.502398,2.657373
5350,lm,0,41,0,1.205684,2.771739,3.341840
5351,human,0,128,0,1.188882,2.690504,3.198693
5351,human,1,128,0,1.066524,4.481494,4.779620
5351,human,2,105,0,1.145476,3.089881,3.539384
5351,lm,0,62,0,1.063912,4.572350,4.864578
5357,human,0,39,0,1.162318,5.021462,5.836536
5357,lm,0,14,0,1.045128,6.488565,6.781379
5358,human,0,47,0,1.126733,3.625665,4.085158
5358,lm,0,47,0,1.212230,4.021432,4.874903
5360,human,0,45,0,1.059388,5.848191,6.195503
5360,lm,0,71,0,1.192077,3.165848,3.773935
5362,human,0,123,0,1.160725,3.388736,3.933391
5362,lm,0,21,0,0.993270,5.644732,5.606742
5363,human,0,67,0,1.184958,2.149320,2.546855
5363,lm,0,82,0,1.131587,3.429940,3.881275
5364,human,0,114,0,1.101752,4.271857,4.706526
5364,lm,0,9,0,1.018062,5.553600,5.653911
5366,human,0,128,0,1.194864,3.683250,4.400982
5366,human,1,5,0,1.090916,7.626356,8.319715
5366,lm,0,51,0,1.318772,3.625689,4.781458
5367,human,0,54,0,1.052375,5.284615,5.561399
5367,lm,0,65,0,1.158950,3.253284,3.770395
537,human,0,18,0,1.056016,6.637859,7.009688
537,lm,0,7,0,1.017963,7.308010,7.439282
5370,human,0,128,0,1.065553,4.171535,4.444990
5370,human,1,128,0,1.043779,4.279927,4.467297
5370,human,2,128,0,1.057564,4.592284,4.856636
5370,human,3,40,0,1.076163,5.283009,5.685380
5370,lm,0,109,0,1.201864,2.974080,3.574438
5372,human,0,78,0,1.098513,3.076835,3.379944
5372,lm,0,128,0,1.273551,2.471163,3.147152
5372,lm,1,7,0,1.003709,7.061428,7.087619
5373,human,0,112,0,1.080475,3.971963,4.291606
5373,lm,0,18,0,0.988554,6.370828,6.297904
5374,human,0,75,0,1.114165,3.906791,4.352812
5374,lm,0,54,0,1.357712,3.461810,4.700143
5376,human,0,37,0,1.004695,7.091164,7.124459
5376,lm,0,12,0,1.077563,5.889256,6.346042
5379,human,0,125,0,1.107778,3.874794,4.292410
5379,lm,0,53,0,1.091679,5.184793,5.660130
5380,human,0,22,0,1.025513,5.095197,5.225190
5380,lm,0,9,0,1.004941,3.724591,3.742994
5382,human,0,38,0,1.100055,4.458571,4.904674
5382,lm,0,29,0,1.342346,2.032877,2.728824
5383,human,0,48,0,1.192265,1.936647,2.308996
5383,lm,0,112,0,1.357143,2.173852,2.950229
5384,human,0,58,0,1.131734,3.193833,3.614569
5384,lm,0,28,0,1.171333,4.315680,5.055097
5386,human,0,40,0,1.144842,3.184128,3.645324
5386,lm,0,50,0,1.222915,2.632350,3.219141
5387,human,0,75,0,1.110915,3.388480,3.764312
5387,lm,0,47,0,1.052497,5.346240,5.626899
5388,human,0,33,0,1.158212,3.433665,3.976912
5388,lm,0,128,0,1.308623,2.727672,3.569495
5388,lm,1,50,0,1.097971,3.875526,4.255214
5390,human,0,117,0,1.239436,3.404662,4.219861
5390,lm,0,128,0,1.181693,3.982909,4.706576
5390,lm,1,61,0,1.182646,4.070270,4.813690
5391,human,0,99,0,1.226554,3.463374,4.248016
5391,lm,0,9,0,0.987342,6.803288,6.717170
5396,human,0,32,0,1.034652,5.521625,5.712958
5396,lm,0,32,0,1.136789,3.042663,3.458865
5397,human,0,128,0,1.452457,1.471314,2.137020
5397,human,1,128,0,1.292733,2.063642,2.667738
5397,human,2,117,0,1.334891,2.109792,2.816342
5397,lm,0,114,0,1.575526,0.659910,1.039706
5399,human,0,95,0,1.291122,1.784802,2.304397
5399,lm,0,102,0,1.229953,1.737592,2.137157
54,human,0,27,0,1.178886,3.930147,4.633196
54,lm,0,34,0,1.229700,4.056807,4.988655
540,human,0,128,0,1.242078,2.563093,3.183561
540,human,1,128,0,1.076350,2.979057,3.206507
540,human,2,128,0,1.055694,3.490170,3.684553
540,human,3,128,0,1.062332,4.034393,4.285867
540,human,4,128,0,1.019169,3.595922,3.664852
540,human,5,128,0,1.119728,4.168712,4.667822
540,human,6,128,0,1.033983,3.011296,3.113628
540,human,7,128,0,1.136509,2.724911,3.096885
540,human,8,128,0,1.074855,3.477581,3.737895
540,human,9,128,0,1.131165,2.382090,2.694536
540,human,10,128,0,1.042967,3.358461,3.502764
540,human,11,128,0,1.086695,2.803511,3.046561
540,human,12,128,0,1.049169,3.474674,3.645520
540,human,13,128,0,0.997363,4.785628,4.773007
540,human,14,5,0,1.004443,7.008676,7.039815
540,lm,0,10,0,1.024180,7.178416,7.351987
5400,human,0,31,0,1.107747,4.215200,4.669378
5400,lm,0,79,0,1.349350,2.224916,3.002191
5401,human,0,73,0,1.086375,4.081825,4.434392
5401,lm,0,70,0,1.191955,2.628599,3.133173
5402,human,0,128,0,1.199083,3.021417,3.622929
5402,human,1,125,0,1.195889,4.139791,4.950730
5402,lm,0,128,0,1.236493,3.355304,4.148811
5402,lm,1,88,0,1.075349,4.521067,4.861725
5405,human,0,128,0,1.249855,1.462365,1.827745
5405,human,1,61,0,1.074312,4.394188,4.720728
5405,lm,0,51,0,1.125386,2.595074,2.920461
5411,human,0,75,0,1.113937,3.817794,4.252781
5411,lm,0,51,0,1.161454,3.738731,4.342366
5412,human,0,84,0,1.110409,3.488872,3.874076
5412,lm,0,20,0,0.997427,6.990911,6.972924
5414,human,0,128,0,1.251201,2.928227,3.663800
5414,human,1,119,0,1.335134,2.503222,3.342137
5414,lm,0,128,0,1.422621,2.981259,4.241203
5414,lm,1,128,0,1.211900,3.558012,4.311954
5414,lm,2,84,0,1.114654,3.621873,4.037137
5415,human,0,120,0,1.144060,3.166569,3.622744
5415,lm,0,68,0,1.204092,3.439841,4.141886
5416,human,0,39,0,1.075533,5.145794,5.534473
5416,lm,0,13,0,1.019795,6.464409,6.592374
5417,human,0,61,0,1.129814,3.518116,3.974816
5417,lm,0,59,0,1.102095,4.276691,4.713320
5421,human,0,33,0,1.149469,4.831166,5.553275
5421,lm,0,36,0,1.170831,4.529867,5.303707
5422,human,0,63,0,1.046141,4.933286,5.160914
5422,lm,0,58,0,1.046514,4.639889,4.855709
5423,human,0,100,0,1.077167,3.996917,4.305348
5423,lm,0,20,0,1.010355,7.043554,7.116493
5426,human,0,53,0,1.169051,3.968441,4.639312
5426,lm,0,62,0,1.226249,3.538260,4.338786
5427,human,0,128,0,1.153132,3.367256,3.882890
5427,human,1,73,0,1.018307,3.875417,3.946363
5427,lm,0,128,0,1.185346,3.207430,3.801916
5427,lm,1,128,0,1.294332,2.631290,3.405762
5427,lm,2,6,0,0.952625,8.811262,8.393830
5428,human,0,128,0,1.259211,3.548058,4.467755
5428,human,1,38,0,1.187007,5.488721,6.515151
5428,lm,0,128,0,1.397129,1.962658,2.742086
5428,lm,1,5,0,0.990285,8.129804,8.050823
543,human,0,90,0,1.208579,3.723013,4.499556
543,lm,0,51,0,1.120258,4.782168,5.357263
5430,human,0,44,0,0.984193,6.749862,6.643170
5430,lm,0,57,0,1.061992,5.464632,5.803394
5434,human,0,128,0,1.332138,2.167057,2.886818
5434,human,1,69,0,1.226680,2.995888,3.674997
5434,lm,0,128,0,1.249056,2.429265,3.034289
5434,lm,1,128,0,1.258107,3.676171,4.625019
5434,lm,2,128,0,1.227320,3.242780,3.979928
5434,lm,3,128,0,1.151558,4.511703,5.195487
5434,lm,4,29,0,1.209073,4.837547,5.848949
5437,human,0,91,0,1.075807,4.870072,5.239259
5437,lm,0,9,0,0.987989,7.319645,7.231729
5439,human,0,128,0,1.404977,2.415288,3.393425
5439,human,1,69,0,1.143038,3.934515,4.497300
5439,lm,0,85,0,1.333666,2.640681,3.521787
544,human,0,30,0,1.046903,6.235991,6.528475
544,lm,0,12,0,1.011407,6.405919,6.478990
5440,human,0,13,0,1.044532,6.654486,6.950826
5440,lm,0,98,0,1.172159,3.387928,3.971190
5442,human,0,128,0,1.138906,3.561229,4.055905
5442,human,1,128,0,1.212455,3.394510,4.115690
5442,human,2,128,0,0.997321,7.078664,7.059697
5442,human,3,128,0,1.148540,3.884673,4.461701
5442,human,4,128,0,1.069566,4.969723,5.315446
5442,human,5,128,0,1.027721,4.410700,4.532971
5442,human,6,128,0,1.007144,6.708693,6.756621
5442,human,7,128,0,1.026962,5.216322,5.356964
5442,human,8,56,0,0.952032,7.882570,7.504458
5442,lm,0,128,0,1.294290,3.164857,4.096242
5442,lm,1,126,0,1.238635,3.343600,4.141501
5443,human,0,16,0,1.089073,5.132696,5.589883
5443,lm,0,16,0,1.043582,6.270614,6.543901
5444,human,0,128,0,1.098268,3.642147,4.000055
5444,human,1,19,0,0.996703,8.472150,8.444218
5444,lm,0,128,0,1.272986,2.454375,3.124386
5444,lm,1,14,0,1.020973,7.988557,8.156098
5446,human,0,128,0,1.323620,1.913326,2.532515
5446,human,1,11,0,1.074118,4.466346,4.797384
5446,lm,0,21,0,1.098401,4.958399,5.446310
5447,human,0,44,0,1.053781,5.683547,5.989212
5447,lm,0,39,0,1.034007,6.372696,6.589411
5448,human,0,23,0,1.037313,6.993689,7.254641
5448,lm,0,128,0,1.327378,3.280316,4.354220
5448,lm,1,121,0,1.254317,3.466847,4.348525
5451,human,0,95,0,1.183642,3.146657,3.724514
5451,lm,0,30,0,1.032867,7.016990,7.247619
5453,human,0,87,0,1.164810,3.471409,4.043533
5453,lm,0,128,0,1.565519,2.165650,3.390367
5453,lm,1,111,0,1.213170,2.975623,3.609936
5456,human,0,113,0,1.034740,5.023413,5.197926
5456,lm,0,78,0,1.341851,2.939635,3.944553
5457,human,0,29,0,1.054330,5.791483,6.106133
5457,lm,0,84,0,1.178717,3.575891,4.214962
5461,human,0,45,0,1.170515,3.284782,3.844887
5461,lm,0,32,0,1.143610,3.364417,3.847580
5462,human,0,128,0,1.068031,4.773620,5.098374
5462,human,1,13,0,0.992169,6.350208,6.300479
5462,lm,0,10,0,1.036835,6.871143,7.124241
5463,human,0,128,0,1.061542,3.379223,3.587186
5463,human,1,128,0,0.857318,7.096342,6.083820
5463,human,2,6,0,1.014479,7.247728,7.352665
5463,lm,0,71,0,1.172666,3.446718,4.041848
5466,human,0,128,0,1.074598,3.137342,3.371382
5466,human,1,71,0,1.099590,3.835346,4.217308
5466,lm,0,128,0,1.391319,2.903821,4.040142
5466,lm,1,124,0,1.266609,2.906672,3.681617
5467,human,0,128,0,1.376929,2.425288,3.339450
5467,human,1,76,0,1.097347,4.815709,5.284505
5467,lm,0,52,0,1.229312,3.979886,4.892523
5469,human,0,33,0,1.063648,5.492293,5.841865
5469,lm,0,10,0,1.008554,7.650992,7.716440
547,human,0,20,0,1.027171,7.020316,7.211061
547,lm,0,5,0,0.984297,6.658281,6.553726
5473,human,0,128,0,1.223149,2.979569,3.644457
5473,human,1,14,0,1.075397,6.219894,6.688858
5473,lm,0,128,0,1.381293,2.742851,3.788681
5473,lm,1,128,0,1.181918,3.972486,4.695154
5473,lm,2,128,0,1.177390,3.631682,4.275906
5473,lm,3,86,0,1.044965,4.336619,4.531615
5474,human,0,44,0,1.043542,4.942979,5.158205
5474,lm,0,48,0,1.174602,4.214690,4.950582
5475,human,0,128,0,1.088486,4.537261,4.938745
5475,human,1,128,0,1.127809,3.333229,3.759245
5475,human,2,128,0,1.122709,3.560496,3.997402
5475,human,3,128,0,1.069699,4.474772,4.786660
5475,human,4,35,0,0.994793,6.693386,6.658534
5475,lm,0,128,0,1.176113,2.910106,3.422614
5475,lm,1,60,0,1.074105,5.111130,5.489889
5476,human,0,13,0,1.066459,4.795501,5.114205
5476,lm,0,68,0,1.135448,3.215669,3.651224
5483,human,0,128,0,1.137765,4.168031,4.742238
5483,human,1,128,0,1.073803,3.978809,4.272459
5483,human,2,128,0,1.104781,4.138745,4.572405
5483,human,3,47,0,1.010030,6.081377,6.142372
5483,lm,0,128,0,1.200988,4.114440,4.941393
5483,lm,1,106,0,1.133157,5.169274,5.857598
5484,human,0,71,0,1.214977,2.945463,3.578669
5484,lm,0,43,0,1.171438,3.126634,3.662660
5485,human,0,117,0,1.081175,4.002936,4.327876
5485,lm,0,128,0,1.293623,2.983758,3.859857
5485,lm,1,11,0,1.028897,7.092271,7.297215
5486,human,0,58,0,1.151476,3.992265,4.596995
5486,lm,0,128,0,1.216420,1.830739,2.226948
5486,lm,1,30,0,1.050217,6.665168,6.999873
5488,human,0,38,0,1.039002,5.239203,5.443543
5488,lm,0,128,0,1.233954,2.896884,3.574622
5488,lm,1,94,0,1.171668,2.916155,3.416766
5489,human,0,128,0,1.261871,3.498199,4.414277
5489,human,1,128,0,1.112252,4.674006,5.198675
5489,human,2,128,0,1.160946,3.141382,3.646975
5489,human,3,128,0,1.122472,2.701544,3.032408
5489,human,4,63,0,1.180646,5.211570,6.153018
5489,lm,0,128,0,1.191353,2.952938,3.517992
5489,lm,1,72,0,1.237907,3.360562,4.160062
5490,human,0,32,0,1.136649,4.451109,5.059351
5490,lm,0,128,0,1.313400,2.745982,3.606573
5490,lm,1,10,0,1.016028,7.047864,7.160830
5491,human,0,71,0,1.123362,3.806793,4.276407
5491,lm,0,33,0,1.265404,2.921284,3.696605
5493,human,0,42,0,0.992251,5.619654,5.576104
5493,lm,0,109,0,1.310243,2.166209,2.838260
5494,human,0,26,0,1.130026,4.986852,5.635274
5494,lm,0,12,0,1.086343,6.644085,7.217753
5495,human,0,44,0,1.036125,6.655225,6.895642
5495,lm,0,10,0,1.002274,7.989976,8.008149
5496,human,0,126,0,1.186800,1.598935,1.897617
5496,lm,0,18,0,1.002026,7.324154,7.338992
5498,human,0,128,0,1.317045,2.817139,3.710300
5498,human,1,49,0,1.125044,3.738402,4.205866
5498,lm,0,53,0,1.246010,3.780606,4.710674
55,human,0,47,0,1.123638,5.401268,6.069069
55,lm,0,37,0,1.121423,5.386771,6.040850
550,human,0,32,0,1.112839,4.034245,4.489464
550,lm,0,32,0,1.038427,4.601805,4.778638
5500,human,0,57,0,1.107641,3.655508,4.048990
5500,lm,0,41,0,1.095174,3.690185,4.041396
5501,human,0,50,0,1.195216,3.008973,3.596374
5501,lm,0,128,0,1.290250,2.728314,3.520207
5501,lm,1,32,0,1.064768,7.230687,7.699008
5504,human,0,128,0,1.184398,3.195781,3.785076
5504,human,1,128,0,1.050651,3.852897,4.048051
5504,human,2,12,0,1.045765,6.792973,7.103856
5504,lm,0,47,0,1.105358,4.387600,4.849869
5505,human,0,87,0,1.177054,3.053080,3.593641
5505,lm,0,128,0,1.465078,1.383599,2.027081
5505,lm,1,117,0,1.278164,2.372742,3.032753
5506,human,0,89,0,1.417038,2.695147,3.819125
5506,lm,0,128,0,1.511907,1.951740,2.950849
5506,lm,1,68,0,1.516677,3.188689,4.836210
5507,human,0,53,0,1.096673,4.991847,5.474426
5507,lm,0,54,0,1.117435,4.482286,5.008664
5508,human,0,21,0,1.018316,5.568080,5.670066
5508,lm,0,128,0,1.281492,3.961688,5.076872
5508,lm,1,97,0,1.092056,3.689260,4.028878
5509,human,0,23,0,1.155307,4.895936,5.656312
5509,lm,0,11,0,1.066930,7.035825,7.506733
551,human,0,31,0,1.122671,4.399536,4.939233
551,lm,0,34,0,1.120864,3.933687,4.409126
5510,human,0,94,0,1.023216,5.190310,5.310807
5510,lm,0,45,0,1.155768,4.840118,5.594052
5514,human,0,128,0,1.197365,3.205436,3.838078
5514,human,1,48,0,1.072239,5.378380,5.766911
5514,lm,0,89,0,1.366318,2.516873,3.438850
5515,human,0,61,0,1.197052,2.356612,2.820988
5515,lm,0,50,0,1.360581,2.243760,3.052819
5516,human,0,92,0,1.166009,3.257535,3.798315
5516,lm,0,13,0,1.025984,6.962571,7.143485
5518,human,0,73,0,1.084440,5.407196,5.863779
5518,lm,0,11,0,1.016825,6.977875,7.095275
5524,human,0,67,0,1.185918,3.212081,3.809266
5524,lm,0,18,0,1.063885,7.355736,7.825658
5528,human,0,9,0,1.014748,4.595621,4.663396
5528,lm,0,27,0,1.124807,3.325772,3.740851
5529,human,0,24,0,1.000994,6.047639,6.053651
5529,lm,0,31,0,1.136830,3.862912,4.391474
553,human,0,128,0,1.137037,3.191690,3.629070
553,human,1,128,0,1.067363,4.225385,4.510021
553,human,2,18,0,0.939958,7.803214,7.334693
553,lm,0,16,0,1.086925,4.615113,5.016282
5530,human,0,28,0,1.113282,4.782924,5.324742
5530,lm,0,6,0,0.988275,9.725710,9.611678
5532,human,0,35,0,1.058808,5.584077,5.912463
5532,lm,0,9,0,0.996024,5.865673,5.842348
5533,human,0,122,0,1.276134,1.803482,2.301485
5533,lm,0,128,0,1.161272,2.599125,3.018292
5533,lm,1,86,0,1.201208,3.385253,4.066394
5536,human,0,32,0,1.095276,4.676059,5.121575
5536,lm,0,45,0,1.170334,4.281732,5.011056
5540,human,0,127,0,1.458533,1.526727,2.226781
5540,lm,0,67,0,1.319492,1.928579,2.544745
5541,human,0,81,0,1.003169,5.278297,5.295026
5541,lm,0,10,0,1.021875,5.218972,5.333139
5542,human,0,81,0,1.155362,2.920956,3.374763
5542,lm,0,11,0,1.027380,6.621458,6.802756
5543,human,0,55,0,1.123640,4.138753,4.650469
5543,lm,0,19,0,1.026343,6.465218,6.635530
5544,human,0,128,0,1.328343,2.534312,3.366435
5544,human,1,22,0,1.097559,5.237493,5.748456
5544,lm,0,38,0,1.098223,5.150213,5.656084
5545,human,0,128,0,1.155283,3.547069,4.097867
5545,human,1,48,0,1.128896,4.197256,4.738264
5545,lm,0,128,0,1.315854,3.630963,4.777817
5545,lm,1,80,0,1.165009,3.790981,4.416526
5548,human,0,77,0,1.138624,3.853485,4.387669
5548,lm,0,96,0,1.456827,2.670334,3.890213
5549,human,0,115,0,1.175924,2.922236,3.436326
5549,lm,0,115,0,1.364428,2.082978,2.842074
5550,human,0,128,0,1.107161,3.414595,3.780504
5550,human,1,128,0,1.058087,3.681797,3.895662
5550,human,2,128,0,1.193547,3.192376,3.810251
5550,human,3,128,0,1.158911,3.045300,3.529232
5550,human,4,128,0,1.133163,3.736671,4.234258
5550,human,5,128,0,1.117217,3.294578,3.680758
5550,human,6,128,0,1.047786,4.538062,4.754916
5550,human,7,33,0,1.030636,6.185123,6.374609
5550,lm,0,128,0,1.146378,3.542911,4.061516
5550,lm,1,128,0,1.223664,2.789568,3.413493
5550,lm,2,128,0,1.045222,4.353089,4.549944
5550,lm,3,128,0,1.007528,4.549793,4.584045
5550,lm,4,128,0,1.235822,3.702090,4.575123
5550,lm,5,15,0,1.101422,4.656316,5.128571
5554,human,0,50,0,1.173417,4.256733,4.994924
5554,lm,0,31,0,1.059824,5.951789,6.307850
5556,human,0,78,0,1.105533,4.492648,4.966771
5556,lm,0,42,0,1.077288,5.366446,5.781209
5558,human,0,128,0,1.183216,2.812054,3.327268
5558,human,1,77,0,1.079127,4.335423,4.678470
5558,lm,0,46,0,1.046387,5.141248,5.379733
5559,human,0,15,0,1.091218,4.789941,5.226868
5559,lm,0,41,0,1.260766,2.294997,2.893453
556,human,0,124,0,1.174564,4.085275,4.798417
556,lm,0,39,0,1.117835,5.022787,5.614646
5564,human,0,128,0,1.241412,2.818012,3.498314
5564,human,1,128,0,1.002458,4.916464,4.928551
5564,human,2,128,0,1.080931,4.181588,4.520007
5564,human,3,30,0,1.070629,5.210709,5.578737
5564,lm,0,128,0,1.114221,3.671642,4.091021
5564,lm,1,111,0,1.093367,3.556180,3.888208
5565,human,0,33,0,1.095837,3.894966,4.268250
5565,lm,0,52,0,1.235293,3.086537,3.812778
5567,human,0,128,0,1.186985,3.073238,3.647888
5567,human,1,128,0,1.191622,3.561414,4.243859
5567,human,2,128,0,1.101754,4.752230,5.235786
5567,human,3,12,0,0.948909,8.911242,8.455961
5567,lm,0,128,0,1.315445,2.922392,3.844246
5567,lm,1,64,0,1.135823,4.750154,5.395333
5569,human,0,116,0,1.194300,3.054499,3.647988
5569,lm,0,36,0,1.056920,6.148218,6.498177
5571,human,0,19,0,0.994310,7.549217,7.506266
5571,lm,0,128,0,1.234678,3.370900,4.161976
5571,lm,1,15,0,0.965479,9.705019,9.369995
5572,human,0,25,0,0.981998,7.997753,7.853780
5572,lm,0,128,0,1.323025,3.163549,4.185453
5572,lm,1,53,0,1.083104,4.452719,4.822756
5574,human,0,128,0,1.189282,3.624145,4.310129
5574,human,1,1,0,1.000000,4.542657,4.542657
5574,lm,0,37,0,1.041076,6.347796,6.608541
5576,human,0,128,0,1.114513,3.323961,3.704599
5576,human,1,128,0,1.123281,3.971802,4.461450
5576,human,2,128,0,1.120846,4.303471,4.823530
5576,human,3,128,0,1.108562,3.518911,3.900932
5576,human,4,40,0,1.069789,4.649080,4.973533
5576,lm,0,11,0,1.030684,5.558319,5.728869
5577,human,0,64,0,1.063814,3.812828,4.056140
5577,lm,0,20,0,1.164807,3.971327,4.625830
5579,human,0,54,0,1.082365,5.211737,5.640999
5579,lm,0,60,0,1.106585,4.334261,4.796228
558,human,0,128,0,1.183832,3.175031,3.758703
558,human,1,76,0,1.269503,3.352752,4.256330
558,lm,0,21,0,1.086253,4.783735,5.196348
5580,human,0,61,0,1.102785,4.435061,4.890918
5580,lm,0,11,0,1.029974,5.950597,6.128962
5581,human,0,128,0,1.319118,3.035397,4.004048
5581,human,1,75,0,1.202294,3.146647,3.783194
5581,lm,0,26,0,1.126497,3.729662,4.201453
5585,human,0,128,0,1.185970,3.813882,4.523149
5585,human,1,128,0,1.251048,3.308302,4.138845
5585,human,2,10,0,0.998281,7.030058,7.017976
5585,lm,0,128,0,1.363531,2.313371,3.154353
5585,lm,1,2,0,1.002235,7.468082,7.484773
5588,human,0,81,0,1.314822,2.611191,3.433251
5588,lm,0,92,0,1.170678,2.587098,3.028659
559,human,0,82,0,1.213425,2.933496,3.559578
559,lm,0,61,0,1.340100,2.854654,3.825522
5591,human,0,22,0,1.069571,4.023738,4.303672
5591,lm,0,128,0,1.280878,3.404537,4.360797
5591,lm,1,85,0,1.187363,4.187994,4.972669
5596,human,0,128,0,1.145034,3.214060,3.680209
5596,human,1,128,0,1.073680,3.488225,3.745238
5596,human,2,128,0,1.167197,3.228198,3.767942
5596,human,3,128,0,1.132257,3.565566,4.037135
5596,human,4,128,0,1.058613,4.427959,4.687493
5596,human,5,128,0,1.115649,3.887802,4.337422
5596,human,6,128,0,1.074493,3.723179,4.000528
5596,human,7,113,0,1.050624,3.866486,4.062223
5596,lm,0,63,0,1.079303,3.575550,3.859101
5598,human,0,100,0,1.130122,3.448182,3.896868
5598,lm,0,19,0,1.040980,5.651419,5.883015
56,human,0,92,0,1.246406,3.527266,4.396407
56,lm,0,8,0,1.024458,8.204905,8.405583
560,human,0,128,0,1.261953,2.847185,3.593014
560,human,1,128,0,1.084918,5.096155,5.528909
560,human,2,53,0,1.101215,3.778311,4.160731
560,lm,0,128,0,1.288751,3.672745,4.733256
560,lm,1,128,0,1.223355,3.812107,4.663559
560,lm,2,128,0,1.236280,3.544365,4.381829
560,lm,3,11,0,0.933690,11.818405,11.034728
5600,human,0,128,0,1.270172,2.918192,3.706606
5600,human,1,128,0,1.085991,4.264350,4.631047
5600,human,2,29,0,1.043086,6.568264,6.851266
5600,lm,0,62,0,1.330243,2.117704,2.817060
5606,human,0,29,0,1.177522,4.833854,5.691968
5606,lm,0,8,0,0.990061,6.599946,6.534347
5610,human,0,128,0,1.061079,4.223379,4.481337
5610,human,1,69,0,1.013256,4.745590,4.808497
5610,lm,0,17,0,1.154376,3.719023,4.293151
5611,human,0,43,0,1.220474,3.873928,4.728030
5611,lm,0,128,0,1.320370,2.686336,3.546956
5611,lm,1,98,0,1.406944,2.555240,3.595081
5613,human,0,28,0,1.043704,4.778853,4.987707
5613,lm,0,124,0,1.306547,2.625536,3.430385
562,human,0,26,0,1.038049,5.010162,5.200794
562,lm,0,11,0,1.008642,5.179497,5.224260
5621,human,0,122,0,1.033395,4.398911,4.545812
5621,lm,0,66,0,1.137454,3.587463,4.080574
5623,human,0,41,0,1.226253,3.034095,3.720568
5623,lm,0,32,0,1.232256,3.432399,4.229595
5626,human,0,30,0,1.092048,5.694429,6.218588
5626,lm,0,47,0,1.277540,3.077826,3.932046
5627,human,0,128,0,1.070245,4.475122,4.789475
5627,human,1,128,0,0.986904,6.255703,6.173778
5627,human,2,128,0,1.104224,4.682996,5.171076
5627,human,3,128,0,1.133910,4.019277,4.557497
5627,human,4,128,0,1.144392,4.183214,4.787236
5627,human,5,128,0,1.067796,5.693305,6.079288
5627,human,6,128,0,0.996493,6.350561,6.328290
5627,human,7,128,0,1.004591,6.702211,6.732982
5627,human,8,75,0,1.003537,5.260388,5.278991
5627,lm,0,64,0,1.177304,3.222087,3.793375
5628,human,0,128,0,1.224322,3.321527,4.066618
5628,human,1,128,0,1.139735,3.885797,4.428777
5628,human,2,33,0,1.093350,4.478100,4.896131
5628,lm,0,128,0,1.149415,3.874984,4.453964
5628,lm,1,23,0,1.135342,5.172929,5.873044
563,human,0,128,0,1.217476,2.663368,3.242587
563,human,1,77,0,1.147958,3.218364,3.694546
563,lm,0,68,0,1.143569,3.217240,3.679137
5630,human,0,128,0,1.166840,4.299523,5.016856
5630,human,1,125,0,1.123366,4.162088,4.675548
5630,lm,0,81,0,1.325425,2.952817,3.913737
5632,human,0,81,0,1.047437,5.007115,5.244637
5632,lm,0,45,0,1.122553,3.924083,4.404992
5633,human,0,128,0,1.150121,4.221116,4.854795
5633,human,1,59,0,1.257327,3.214159,4.041247
5633,lm,0,70,0,1.320391,2.835870,3.744458
564,human,0,106,0,1.298191,2.788140,3.619539
564,lm,0,84,0,1.412747,2.594096,3.664801
5640,human,0,128,0,1.346866,2.760512,3.718039
5640,human,1,128,0,1.284481,2.126399,2.731321
5640,human,2,128,0,1.085287,3.670624,3.983679
5640,human,3,128,0,1.023479,4.161262,4.258962
5640,human,4,128,0,1.108833,4.555364,5.051138
5640,human,5,128,0,1.142700,4.422110,5.053146
5640,human,6,128,0,1.038072,4.860061,5.045095
5640,human,7,128,0,1.077557,4.170283,4.493719
5640,human,8,111,0,1.034294,3.686629,3.813057
5640,lm,0,128,0,1.386314,1.522667,2.110895
5640,lm,1,37,0,1.045599,4.244965,4.438530
5641,human,0,128,0,1.098140,4.394323,4.825583
5641,human,1,128,0,1.232405,3.056603,3.766973
5641,human,2,16,0,0.981425,6.405105,6.286128
5641,lm,0,7,0,1.062154,4.592885,4.878350
5642,human,0,128,0,1.191648,3.608562,4.300135
5642,human,1,30,0,1.066140,5.114948,5.453248
5642,lm,0,10,0,0.991374,10.782543,10.689528
5644,human,0,100,0,1.193876,3.682202,4.396091
5644,lm,0,30,0,1.219892,5.035727,6.143041
5645,human,0,81,0,1.367234,2.348702,3.211226
5645,lm,0,26,0,1.186471,3.805447,4.515053
5646,human,0,128,0,1.128586,4.684816,5.287219
5646,human,1,107,0,1.150406,4.305778,4.953392
5646,lm,0,62,0,1.188063,4.236772,5.033554
5649,human,0,111,0,1.126003,4.073851,4.587167
5649,lm,0,42,0,1.140124,3.503582,3.994518
5653,human,0,128,0,1.097964,4.750887,5.216301
5653,human,1,128,0,1.161206,4.101535,4.762729
5653,human,2,87,0,1.183201,3.372660,3.990535
5653,lm,0,66,0,1.252203,4.234685,5.302684
5655,human,0,128,0,1.136613,3.186801,3.622159
5655,human,1,128,0,1.247025,2.232679,2.784207
5655,human,2,82,0,1.008756,4.102113,4.138031
5655,lm,0,28,0,1.093228,6.956838,7.605407
5657,human,0,128,0,1.069870,3.345215,3.578944
5657,human,1,55,0,1.120535,4.409097,4.940549
5657,lm,0,81,0,1.412271,2.826627,3.991962
5659,human,0,128,0,1.105927,3.887248,4.299013
5659,human,1,15,0,0.974493,7.208040,7.024182
5659,lm,0,128,0,1.205449,3.243699,3.910115
5659,lm,1,95,0,1.182486,4.384996,5.185196
566,human,0,128,0,1.163676,3.595431,4.183916
566,human,1,128,0,1.080907,4.013407,4.338118
566,human,2,13,0,0.973614,7.506477,7.308413
566,lm,0,33,0,1.045210,3.291068,3.439856
5661,human,0,53,0,1.060521,3.451478,3.660363
5661,lm,0,14,0,0.991679,6.751107,6.694928
5665,human,0,128,0,1.059890,3.184265,3.374972
5665,human,1,128,0,1.035038,5.528552,5.722262
5665,human,2,128,0,1.158287,4.311203,4.993611
5665,human,3,128,0,1.025004,5.771816,5.916132
5665,human,4,128,0,0.978823,7.293492,7.139040
5665,human,5,128,0,1.001952,5.304102,5.314457
5665,human,6,128,0,1.009267,6.596861,6.657996
5665,human,7,97,0,1.010776,4.475420,4.523649
5665,lm,0,49,0,1.173832,4.324542,5.076287
5666,human,0,128,0,1.192366,3.783118,4.510860
5666,human,1,12,0,1.004195,7.562062,7.593787
5666,lm,0,11,0,1.035835,4.557107,4.720413
5668,human,0,78,0,1.161126,3.541130,4.111697
5668,lm,0,11,0,1.010886,8.313455,8.403955
5669,human,0,108,0,1.330822,2.587026,3.442871
5669,lm,0,69,0,1.219054,2.383655,2.905803
567,human,0,128,0,1.101208,3.646360,4.015401
567,human,1,44,0,0.982529,6.577553,6.462638
567,lm,0,128,0,1.218607,2.870933,3.498540
567,lm,1,22,0,1.229298,6.313815,7.761558
5672,human,0,128,0,1.137471,4.640837,5.278818
5672,human,1,128,0,1.115953,3.384502,3.776945
5672,human,2,128,1,nan,nan,nan
5672,human,3,128,0,0.892199,6.409936,5.718940
5672,human,4,128,0,0.900512,5.411321,4.872961
5672,human,5,128,1,nan,nan,nan
5672,human,6,128,0,0.906043,5.120305,4.639218
5672,human,7,128,1,nan,nan,nan
5672,human,8,128,0,0.895824,4.839451,4.335298
5672,human,9,128,0,0.887611,5.857197,5.198914
5672,human,10,128,1,nan,nan,nan
5672,human,11,128,0,0.915674,5.515909,5.050775
5672,human,12,128,1,nan,nan,nan
5672,human,13,128,0,1.112033,2.879095,3.201648
5672,human,14,128,0,0.975251,4.270824,4.165126
5672,human,15,128,0,0.853930,7.594499,6.485172
5672,human,16,128,1,nan,nan,nan
5672,human,17,128,0,0.872392,5.250203,4.580237
5672,human,18,128,0,0.925624,5.070050,4.692960
5672,human,19,128,1,nan,nan,nan
5672,human,20,128,0,0.852186,5.207356,4.437636
5672,human,21,128,0,1.102040,3.129810,3.449176
5672,human,22,128,0,1.003867,5.636448,5.658246
5672,human,23,128,0,0.828090,7.184769,5.949638
5672,human,24,53,0,1.009582,6.448894,6.510685
5672,lm,0,10,0,0.993320,7.563261,7.512741
5673,human,0,128,0,1.120325,4.554033,5.101997
5673,human,1,128,0,1.088323,3.801618,4.137387
5673,human,2,62,0,1.097224,5.289858,5.804161
5673,lm,0,35,0,1.090444,5.950962,6.489191
5677,human,0,40,0,1.092780,5.274987,5.764399
5677,lm,0,11,0,0.979739,7.528601,7.376064
5678,human,0,48,0,1.108180,4.780684,5.297859
5678,lm,0,39,0,1.129336,4.341005,4.902452
5680,human,0,12,0,1.135092,4.444729,5.045176
5680,lm,0,10,0,1.169181,3.889903,4.547999
5684,human,0,128,0,1.188482,4.036541,4.797357
5684,human,1,128,0,1.104846,3.978996,4.396179
5684,human,2,62,0,1.134651,4.290514,4.868236
5684,lm,0,104,0,1.346360,2.283008,3.073751
5685,human,0,96,0,1.100050,5.227521,5.750536
5685,lm,0,57,0,1.102331,3.638128,4.010421
5686,human,0,115,0,1.133273,4.765964,5.401138
5686,lm,0,115,0,1.198581,3.053187,3.659493
5687,human,0,16,0,1.021608,6.937185,7.087081
5687,lm,0,16,0,1.025140,7.157676,7.337619
5688,human,0,128,0,1.207374,3.574954,4.316308
5688,human,1,120,0,1.060057,4.521675,4.793231
5688,lm,0,91,0,1.253023,3.053918,3.826628
569,human,0,64,0,1.143963,4.097309,4.687169
569,lm,0,38,0,1.059884,6.098779,6.463998
5692,human,0,128,0,1.185793,3.668475,4.350052
5692,human,1,128,0,1.105722,4.902089,5.420346
5692,human,2,128,0,1.119753,4.818417,5.395435
5692,human,3,128,0,1.103496,4.015138,4.430690
5692,human,4,14,0,0.980518,7.790325,7.638551
5692,lm,0,128,0,1.302114,2.397773,3.122174
5692,lm,1,75,0,1.097057,4.208502,4.616968
5694,human,0,128,0,1.214040,3.223815,3.913840
5694,human,1,128,0,1.074463,4.647351,4.993407
5694,human,2,17,0,1.014840,8.161895,8.283019
5694,lm,0,121,0,1.168455,2.648874,3.095090
5699,human,0,128,0,1.372400,2.722320,3.736112
5699,human,1,5,0,0.976030,6.154251,6.006731
5699,lm,0,128,0,1.143958,3.950802,4.519551
5699,lm,1,128,0,1.097990,4.589909,5.039674
5699,lm,2,128,0,1.252996,4.123609,5.166865
5699,lm,3,10,0,1.042085,6.057101,6.312013
57,human,0,74,0,1.052901,4.796514,5.050253
57,lm,0,12,0,0.971780,10.343958,10.052049
570,human,0,35,0,1.047340,5.344695,5.597714
570,lm,0,57,0,1.222220,3.151901,3.852315
5700,human,0,128,0,1.082585,4.175039,4.519835
5700,human,1,39,0,1.126846,4.566004,5.145183
5700,lm,0,128,0,1.246287,2.013625,2.509555
5700,lm,1,8,0,0.998292,7.113250,7.101101
5701,human,0,128,0,1.165197,4.493896,5.236273
5701,human,1,128,0,1.262219,2.937533,3.707810
5701,human,2,1,0,nan,nan,nan
5701,lm,0,11,0,1.021779,5.653386,5.776513
5706,human,0,75,0,1.207558,3.933776,4.750264
5706,lm,0,29,0,1.082285,3.046106,3.296756
5709,human,0,128,0,1.178572,4.334042,5.107982
5709,human,1,49,0,1.138926,5.495984,6.259519
5709,lm,0,30,0,1.069572,5.266289,5.632673
571,human,0,46,0,1.102627,4.625599,5.100311
571,lm,0,10,0,1.002523,9.749389,9.773990
5712,human,0,20,0,1.053726,3.967139,4.180276
5712,lm,0,35,0,1.394447,2.116590,2.951472
5713,human,0,24,0,1.078910,4.795264,5.173656
5713,lm,0,95,0,1.266892,3.258487,4.128150
5714,human,0,43,0,1.091102,4.784815,5.220719
5714,lm,0,11,0,1.056307,6.887595,7.275412
5716,human,0,29,0,1.091331,6.075997,6.630924
5716,lm,0,19,0,1.114277,5.486736,6.113743
5718,human,0,102,0,1.043676,4.654628,4.857924
5718,lm,0,128,0,1.128176,3.436131,3.876561
5718,lm,1,64,0,1.040093,4.089080,4.253026
5719,human,0,128,0,1.294515,2.878988,3.726894
5719,human,1,22,0,1.099157,5.192284,5.707136
5719,lm,0,113,0,1.250209,2.831067,3.539426
5721,human,0,19,0,1.066053,6.252536,6.665535
5721,lm,0,26,0,1.180958,4.394754,5.190019
5728,human,0,128,0,1.186630,3.354820,3.980929
5728,human,1,87,0,1.130742,4.446530,5.027881
5728,lm,0,47,0,1.162543,5.020119,5.836106
573,human,0,128,0,1.184945,3.569043,4.229118
573,human,1,18,0,1.008331,6.561744,6.616410
573,lm,0,128,0,1.154050,3.079476,3.553870
573,lm,1,44,0,1.016098,5.406479,5.493512
5731,human,0,85,0,1.144856,3.636904,4.163731
5731,lm,0,38,0,1.051837,5.669683,5.963586
5732,human,0,54,0,1.346993,5.153300,6.941458
5732,lm,0,81,0,1.126812,4.901149,5.522675
5734,human,0,119,0,1.229253,3.359246,4.129363
5734,lm,0,55,0,1.147842,3.870566,4.442796
5735,human,0,128,0,1.114629,5.013152,5.587803
5735,human,1,14,0,1.027098,7.584671,7.790198
5735,lm,0,114,0,1.190336,2.155439,2.565696
5737,human,0,18,0,0.994982,8.193144,8.152029
5737,lm,0,13,0,1.049911,5.172781,5.430959
5738,human,0,87,0,1.088003,4.021590,4.375503
5738,lm,0,30,0,1.110752,3.827808,4.251746
5739,human,0,24,0,0.979944,6.523405,6.392573
5739,lm,0,46,0,1.109358,3.479389,3.859887
5742,human,0,128,0,1.077161,3.315022,3.570812
5742,human,1,73,0,1.154738,3.422135,3.951671
5742,lm,0,18,0,0.994161,7.725824,7.680713
5744,human,0,53,0,1.056664,5.188159,5.482141
5744,lm,0,37,0,1.045385,5.073288,5.303539
5747,human,0,128,0,1.390549,1.994342,2.773230
5747,human,1,26,0,1.036016,4.767043,4.938732
5747,lm,0,123,0,1.453379,2.035402,2.958211
5748,human,0,128,0,1.189753,3.137274,3.732582
5748,human,1,128,0,1.120985,3.731114,4.182523
5748,human,2,40,0,1.014124,6.323746,6.413065
5748,lm,0,103,0,1.199293,2.513333,3.014224
575,human,0,24,0,1.054579,6.011479,6.339578
575,lm,0,25,0,0.977997,6.932045,6.779518
5752,human,0,32,0,1.055258,5.786430,6.106179
5752,lm,0,10,0,0.996330,5.817394,5.796041
5753,human,0,128,0,1.195435,2.640201,3.156189
5753,human,1,52,0,1.104579,4.568061,5.045783
5753,lm,0,128,0,1.371370,2.077593,2.849148
5753,lm,1,128,0,1.305734,2.642234,3.450056
5753,lm,2,53,0,1.309972,2.006778,2.628824
5755,human,0,18,0,1.076822,4.621974,4.977043
5755,lm,0,31,0,1.257189,4.070434,5.117306
5756,human,0,66,0,1.186784,3.484890,4.135810
5756,lm,0,64,0,1.214182,2.721994,3.304996
5760,human,0,33,0,1.016262,5.718061,5.811050
5760,lm,0,60,0,1.313937,3.464105,4.551617
5761,human,0,12,0,1.044589,6.385657,6.670384
5761,lm,0,18,0,1.052788,7.649490,8.053289
5763,human,0,97,0,1.219588,3.193378,3.894605
5763,lm,0,7,0,1.037264,7.710436,7.997760
5764,human,0,114,0,1.171020,3.866862,4.528173
5764,lm,0,54,0,1.295072,3.156018,4.087271
5767,human,0,97,0,1.139558,3.467333,3.951227
5767,lm,0,45,0,1.127453,4.904871,5.530013
5769,human,0,50,0,1.045623,5.261299,5.501334
5769,lm,0,53,0,1.071761,5.068256,5.431957
5775,human,0,113,0,1.156506,3.488197,4.034123
5775,lm,0,36,0,1.087691,4.058968,4.414904
5777,human,0,127,0,1.255229,1.901592,2.386934
5777,lm,0,22,0,1.016734,6.455970,6.564006
5779,human,0,128,0,1.322512,3.295664,4.358554
5779,human,1,128,0,1.253304,3.360524,4.211759
5779,human,2,128,0,1.004865,4.736975,4.760021
5779,human,3,128,0,1.106604,4.203532,4.651646
5779,human,4,25,0,1.026985,7.295916,7.492799
5779,lm,0,117,0,1.303655,2.529155,3.297144
578,human,0,24,0,1.165530,3.333253,3.885008
578,lm,0,14,0,1.231834,4.267697,5.257096
5780,human,0,52,0,1.159690,2.854920,3.310821
5780,lm,0,42,0,1.135822,5.061203,5.748627
5781,human,0,128,0,1.172977,3.243459,3.804502
5781,human,1,128,0,1.322390,2.670152,3.530982
5781,human,2,128,0,1.217479,4.075676,4.962051
5781,lm,0,128,0,1.300334,2.960581,3.849746
5781,lm,1,6,0,1.029566,5.046465,5.195668
5782,human,0,128,0,1.279758,3.191804,4.084735
5782,human,1,118,0,1.264536,2.621254,3.314671
5782,lm,0,43,0,1.232674,3.995763,4.925474
5784,human,0,81,0,1.060678,4.270705,4.529842
5784,lm,0,82,0,1.135484,3.880844,4.406636
5786,human,0,62,0,1.070814,3.829484,4.100664
5786,lm,0,88,0,1.521624,1.826352,2.779022
5788,human,0,91,0,1.067316,5.285070,5.640839
5788,lm,0,128,0,1.234996,2.723275,3.363234
5788,lm,1,34,0,1.104781,5.348678,5.909117
5790,human,0,128,0,1.091727,4.242354,4.631493
5790,human,1,128,0,1.157044,3.530979,4.085498
5790,human,2,112,0,1.050660,5.773306,6.065781
5790,lm,0,128,0,1.160690,3.581860,4.157431
5790,lm,1,128,0,1.176610,3.395706,3.995420
5790,lm,2,128,0,1.133707,3.689889,4.183253
5790,lm,3,17,0,0.988773,8.196606,8.104584
5794,human,0,98,0,1.228364,2.481211,3.047831
5794,lm,0,128,0,1.433881,1.725786,2.474573
5794,lm,1,10,0,0.965279,8.433372,8.140557
5795,human,0,128,0,1.119007,3.053920,3.417357
5795,human,1,49,0,1.106867,4.638469,5.134166
5795,lm,0,64,0,1.283485,3.067397,3.936959
5796,human,0,45,0,1.095576,4.059240,4.447205
5796,lm,0,22,0,1.117690,5.071934,5.668849
5797,human,0,128,0,1.214521,3.731278,4.531717
5797,human,1,97,0,1.101568,3.594545,3.959637
5797,lm,0,128,0,1.233509,2.371787,2.925620
5797,lm,1,3,0,1.018475,7.881844,8.027458
5798,human,0,128,0,1.187736,3.699659,4.394218
5798,human,1,81,0,1.075840,4.202674,4.521407
5798,lm,0,19,0,1.140070,5.272834,6.011399
58,human,0,53,0,1.075803,4.176940,4.493567
58,lm,0,47,0,1.285023,3.808360,4.893831
5800,human,0,128,0,1.114881,4.551443,5.074315
5800,human,1,126,0,1.224983,2.723431,3.336157
5800,lm,0,32,0,1.095141,6.083302,6.662070
5801,human,0,128,0,1.296743,2.464592,3.195944
5801,human,1,128,0,1.228459,2.143549,2.633261
5801,human,2,37,0,0.984856,6.127931,6.035128
5801,lm,0,128,0,1.492543,1.204711,1.798084
5801,lm,1,70,0,1.182140,2.616212,3.092729
5803,human,0,128,0,1.195952,3.527267,4.218443
5803,human,1,128,0,1.123745,4.000289,4.495305
5803,human,2,127,0,1.158516,3.143165,3.641406
5803,lm,0,128,0,1.182021,3.321704,3.926325
5803,lm,1,6,0,0.996613,9.760935,9.727875
5804,human,0,96,0,1.199150,3.995795,4.791559
5804,lm,0,120,0,1.131982,3.699915,4.188236
5806,human,0,19,0,1.091058,5.267592,5.747248
5806,lm,0,128,0,1.216458,3.356065,4.082510
5806,lm,1,13,0,1.033532,7.657905,7.914693
5808,human,0,79,0,1.151161,2.945024,3.390198
5808,lm,0,43,0,1.069734,4.774500,5.107444
5809,human,0,128,0,1.093362,3.733424,4.081985
5809,human,1,128,0,1.103596,4.263559,4.705249
5809,human,2,69,0,1.078498,5.677538,6.123211
5809,lm,0,128,0,1.212135,2.851357,3.456230
5809,lm,1,81,0,1.084741,5.484575,5.949341
581,human,0,60,0,1.139577,4.452018,5.073419
581,lm,0,70,0,1.189012,4.024597,4.785295
5811,human,0,37,0,1.014201,6.219011,6.307324
5811,lm,0,10,0,1.013905,5.417030,5.492355
5812,human,0,24,0,1.038367,6.365386,6.609609
5812,lm,0,78,0,1.180872,3.833811,4.527239
5813,human,0,89,0,1.123537,4.648222,5.222451
5813,lm,0,10,0,1.019107,8.003737,8.156667
5816,human,0,36,0,1.097437,4.378294,4.804904
5816,lm,0,22,0,0.992800,8.046574,7.988640
5821,human,0,118,0,1.175510,3.384151,3.978102
5821,lm,0,19,0,1.132423,5.240888,5.934903
5823,human,0,128,0,1.216337,2.185048,2.657756
5823,human,1,128,0,1.167183,3.163560,3.692454
5823,human,2,128,0,1.154004,2.486024,2.868883
5823,human,3,96,0,1.213907,3.111887,3.777541
5823,lm,0,128,0,1.336073,3.132407,4.185124
5823,lm,1,128,0,1.180318,3.432079,4.050943
5823,lm,2,48,0,1.101173,5.243443,5.773937
5825,human,0,29,0,1.194006,3.980810,4.753113
5825,lm,0,7,0,1.027166,5.886825,6.046749
5827,human,0,128,0,1.116294,3.272909,3.653527
5827,human,1,128,0,1.094512,3.759694,4.115030
5827,human,2,128,0,1.115419,3.552308,3.962312
5827,human,3,128,0,1.171755,2.653201,3.108900
5827,human,4,116,0,1.039722,4.170216,4.335864
5827,lm,0,126,0,1.294116,2.966045,3.838408
5828,human,0,42,0,1.062728,5.467954,5.810947
5828,lm,0,10,0,1.050275,4.640656,4.873967
5829,human,0,128,0,1.111869,4.306727,4.788516
5829,human,1,46,0,1.050589,5.748123,6.038915
5829,lm,0,54,0,1.176233,4.816184,5.664954
583,human,0,128,0,1.201374,3.828322,4.599245
583,human,1,128,0,1.058136,5.208760,5.511579
583,human,2,128,0,1.167642,3.581218,4.181581
583,human,3,128,0,1.020705,5.648361,5.765310
583,human,4,73,0,1.119162,4.033044,4.513629
583,lm,0,68,0,1.153088,4.075442,4.699345
5830,human,0,43,0,1.153350,3.409500,3.932346
5830,lm,0,128,0,1.690690,2.225391,3.762446
5830,lm,1,63,0,1.128195,4.588228,5.176417
5831,human,0,128,0,1.136864,3.827962,4.351874
5831,human,1,97,0,0.945894,6.837835,6.467866
5831,lm,0,122,0,1.265420,2.727039,3.450848
5833,human,0,128,0,1.113406,4.108309,4.574216
5833,human,1,73,0,1.117670,4.022941,4.496321
5833,lm,0,128,0,1.253948,3.708506,4.650274
5833,lm,1,10,0,0.980909,9.676359,9.491624
5834,human,0,128,0,1.122747,3.254997,3.654538
5834,human,1,93,0,1.097015,3.740396,4.103269
5834,lm,0,100,0,1.180491,2.431831,2.870753
5835,human,0,71,0,1.199595,2.615148,3.137119
5835,lm,0,79,0,1.197260,3.551521,4.252094
5836,human,0,128,0,1.218572,3.364733,4.100168
5836,human,1,128,0,1.183191,3.863098,4.570782
5836,human,2,128,0,1.096924,4.777783,5.240866
5836,human,3,128,0,1.034254,3.914814,4.048913
5836,human,4,39,0,0.984136,7.626842,7.505850
5836,lm,0,72,0,1.188695,3.116744,3.704859
5837,human,0,109,0,1.156791,3.817688,4.416269
5837,lm,0,62,0,1.229021,4.139664,5.087734
5840,human,0,49,0,1.020739,6.120850,6.247791
5840,lm,0,23,0,1.032140,7.059624,7.286522
5842,human,0,128,0,1.206565,3.728094,4.498190
5842,human,1,125,0,1.134082,3.612445,4.096807
5842,lm,0,128,0,1.187420,3.776726,4.484560
5842,lm,1,128,0,1.028264,4.361510,4.484782
5842,lm,2,27,0,0.988448,8.970846,8.867213
5843,human,0,69,0,1.095159,3.056837,3.347723
5843,lm,0,33,0,1.058257,3.654187,3.867069
5845,human,0,128,0,1.058972,3.519399,3.726946
5845,human,1,7,0,1.398594,3.178054,4.444808
5845,lm,0,34,0,1.059113,4.929960,5.221387
5847,human,0,24,0,1.050347,5.942421,6.241606
5847,lm,0,49,0,1.000982,5.802598,5.808297
5848,human,0,98,0,1.192680,3.696284,4.408485
5848,lm,0,11,0,1.048061,5.814359,6.093804
5849,human,0,128,0,0.935619,6.431152,6.017111
5849,human,1,12,0,0.976604,5.639472,5.507529
5849,lm,0,128,0,1.035973,5.316650,5.507905
5849,lm,1,60,0,1.080123,4.833143,5.220388
585,human,0,128,0,1.179162,2.863228,3.376208
585,human,1,54,0,0.895706,8.325815,7.457480
585,lm,0,112,0,1.300131,3.347303,4.351934
5851,human,0,37,0,1.052981,5.885742,6.197575
5851,lm,0,10,0,0.993998,10.875514,10.810238
5852,human,0,128,0,1.106434,4.301424,4.759240
5852,human,1,128,0,1.171023,4.309199,5.046169
5852,human,2,84,0,1.100817,4.686383,5.158850
5852,lm,0,41,0,1.095348,4.993912,5.470072
5853,human,0,79,0,1.156599,2.376612,2.748787
5853,lm,0,128,0,1.406496,2.927668,4.117752
5853,lm,1,98,0,1.400152,1.869913,2.618163
5856,human,0,116,0,1.090242,3.600769,3.925711
5856,lm,0,128,0,1.315030,2.870046,3.774195
5856,lm,1,45,0,1.014728,5.629228,5.712134
5857,human,0,128,0,1.166244,4.120696,4.805738
5857,human,1,96,0,1.112607,4.792839,5.332545
5857,lm,0,76,0,1.290204,2.963619,3.823673
5858,human,0,65,0,1.076461,3.407008,3.667512
5858,lm,0,128,0,1.246309,2.446694,3.049336
5858,lm,1,1,0,1.000000,7.870201,7.870201
586,human,0,101,0,1.273036,2.684949,3.418035
586,lm,0,44,0,1.243271,3.549901,4.413487
5862,human,0,128,0,1.093842,2.903041,3.175469
5862,human,1,36,0,1.076766,4.022102,4.330864
5862,lm,0,128,0,1.130287,2.967445,3.354066
5862,lm,1,118,0,1.190226,2.783185,3.312619
5863,human,0,128,0,1.107938,4.005924,4.438317
5863,human,1,65,0,1.081361,4.917169,5.317236
5863,lm,0,20,0,1.005910,5.360403,5.392081
5864,human,0,57,0,1.236165,3.496262,4.321956
5864,lm,0,21,0,1.066115,4.504870,4.802708
5865,human,0,128,0,1.125532,3.117160,3.508463
5865,human,1,128,0,1.121020,2.545696,2.853775
5865,human,2,128,0,1.035254,3.878735,4.015474
5865,human,3,128,0,1.113776,3.745800,4.171981
5865,human,4,128,0,1.150742,3.476045,4.000031
5865,human,5,74,0,0.996815,5.401637,5.384431
5865,lm,0,41,0,1.177998,1.872857,2.206222
5866,human,0,117,0,1.007760,5.395555,5.437424
5866,lm,0,19,0,1.062136,7.719199,8.198839
5868,human,0,60,0,1.148884,3.800741,4.366610
5868,lm,0,33,0,1.091388,2.839066,3.098522
587,human,0,128,0,1.296994,1.877409,2.434988
587,human,1,117,0,1.110137,2.903430,3.223206
587,lm,0,93,0,1.422302,3.138478,4.463863
5870,human,0,41,0,1.147000,3.432672,3.937276
5870,lm,0,83,0,1.169672,3.323591,3.887512
5871,human,0,88,0,1.208455,3.477265,4.202119
5871,lm,0,96,0,1.238359,3.397186,4.206937
5872,human,0,128,0,1.459270,1.758739,2.566474
5872,human,1,128,0,1.535899,1.616436,2.482682
5872,human,2,128,0,1.190414,2.941505,3.501610
5872,human,3,128,0,1.107896,3.126175,3.463478
5872,human,4,128,0,1.163379,3.506715,4.079638
5872,human,5,6,0,1.048269,4.155960,4.356564
5872,lm,0,128,0,1.360481,2.063764,2.807713
5872,lm,1,31,0,1.110081,4.322540,4.798370
5874,human,0,35,0,1.059016,6.356269,6.731392
5874,lm,0,10,0,1.029092,5.570877,5.732944
5875,human,0,85,0,1.151879,4.494277,5.176863
5875,lm,0,11,0,1.018511,6.621889,6.744467
5877,human,0,14,0,1.040253,6.386045,6.643103
5877,lm,0,32,0,1.072110,4.527571,4.854053
5879,human,0,78,0,1.122863,3.084596,3.463580
5879,lm,0,11,0,1.026217,7.068892,7.254215
588,human,0,128,0,1.277444,2.733617,3.492043
588,human,1,128,0,1.170577,2.972134,3.479111
588,human,2,128,0,1.115549,3.773111,4.209090
588,human,3,128,0,1.241748,2.738974,3.401115
588,human,4,123,0,1.142040,3.183020,3.635136
588,lm,0,128,0,1.376769,2.415652,3.325796
588,lm,1,67,0,1.204639,3.034447,3.655415
5881,human,0,128,0,1.148820,3.976285,4.568037
5881,human,1,128,0,1.132484,2.907537,3.292741
5881,human,2,128,0,1.102993,4.459820,4.919149
5881,human,3,42,0,0.982318,5.980924,5.875170
5881,lm,0,19,0,1.044048,5.727090,5.979356
5883,human,0,42,0,1.028325,4.768457,4.903525
5883,lm,0,128,0,1.295648,2.761830,3.578361
5883,lm,1,59,0,1.125454,4.131149,4.649417
5889,human,0,82,0,1.056702,4.403958,4.653671
5889,lm,0,47,0,1.476940,3.103585,4.583807
5893,human,0,128,0,1.324358,2.652169,3.512422
5893,human,1,29,0,1.160333,5.157003,5.983839
5893,lm,0,51,0,1.414720,3.547684,5.018980
5895,human,0,55,0,1.065553,6.232510,6.641069
5895,lm,0,50,0,1.090362,4.998488,5.450161
5896,human,0,128,0,1.096349,3.581338,3.926395
5896,human,1,128,0,1.103011,4.624587,5.100969
5896,human,2,128,0,1.082740,3.827586,4.144280
5896,human,3,128,0,1.104107,4.278756,4.724203
5896,human,4,128,0,1.072037,4.410148,4.727843
5896,human,5,104,0,1.037680,4.984880,5.172709
5896,lm,0,128,0,1.355348,2.104657,2.852543
5896,lm,1,83,0,1.424242,2.102467,2.994423
5898,human,0,46,0,1.234543,3.470116,4.284007
5898,lm,0,22,0,1.122116,5.349972,6.003288
5899,human,0,99,0,1.230415,2.943425,3.621634
5899,lm,0,44,0,1.195063,3.678910,4.396529
59,human,0,128,0,1.614021,1.180633,1.905567
59,human,1,34,0,1.364339,2.978019,4.063027
59,lm,0,55,0,1.484651,2.928169,4.347310
590,human,0,73,0,1.217008,3.347305,4.073695
590,lm,0,60,0,1.151476,3.332824,3.837668
5902,human,0,128,0,1.190889,4.065413,4.841455
5902,human,1,128,0,1.134330,4.462856,5.062353
5902,human,2,128,0,1.081358,4.834927,5.228287
5902,human,3,128,0,1.080234,5.088117,5.496355
5902,human,4,128,0,1.041981,5.632950,5.869425
5902,human,5,128,0,1.102749,5.276907,5.819104
5902,human,6,84,0,1.246428,2.911991,3.629588
5902,lm,0,27,0,1.130540,3.874086,4.379808
5903,human,0,43,0,1.128003,5.007166,5.648099
5903,lm,0,43,0,1.127230,5.109514,5.759597
5904,human,0,128,0,1.227713,2.292450,2.814470
5904,human,1,109,0,1.121754,3.514728,3.942660
5904,lm,0,123,0,1.227817,2.891918,3.550747
5906,human,0,86,0,0.979944,5.687891,5.573816
5906,lm,0,33,0,1.112805,5.328284,5.929343
5907,human,0,16,0,1.066994,6.440828,6.872325
5907,lm,0,6,0,0.998451,10.277769,10.261852
5908,human,0,27,0,1.104713,3.676514,4.061492
5908,lm,0,6,0,1.024301,4.896054,5.015031
5913,human,0,62,0,1.076334,3.925882,4.225559
5913,lm,0,17,0,0.963268,6.768663,6.520040
5914,human,0,128,0,1.080808,3.327881,3.596799
5914,lm,0,106,0,1.306081,2.810506,3.670747
5916,human,0,80,0,1.232732,3.017047,3.719210
5916,lm,0,128,0,1.396815,1.928353,2.693553
5916,lm,1,128,0,1.288233,2.275108,2.930868
5916,lm,2,35,0,1.173969,3.777933,4.435177
5917,human,0,22,0,1.074190,5.186864,5.571679
5917,lm,0,35,0,1.153945,4.576359,5.280868
5919,human,0,89,0,1.155372,3.320112,3.835963
5919,lm,0,62,0,1.372083,2.065879,2.834557
5920,human,0,33,0,1.062486,4.687662,4.980574
5920,lm,0,11,0,1.018273,6.645204,6.766631
5923,human,0,128,0,1.142326,3.485595,3.981686
5923,human,1,128,0,1.029084,5.307454,5.461815
5923,human,2,128,0,1.170516,3.585204,4.196538
5923,human,3,71,0,1.026935,6.303149,6.472927
5923,lm,0,128,0,1.238410,3.495283,4.328593
5923,lm,1,119,0,1.070315,4.913066,5.258530
5924,human,0,128,0,1.173198,3.500878,4.107222
5924,human,1,128,0,1.102252,3.608463,3.977434
5924,human,2,57,0,1.077039,5.062200,5.452189
5924,lm,0,116,0,1.227642,2.980108,3.658505
5926,human,0,128,0,1.188790,2.953108,3.510624
5926,human,1,128,0,1.379234,1.541316,2.125835
5926,human,2,116,0,1.427395,1.851664,2.643056
5926,lm,0,128,0,1.180715,2.335408,2.757450
5926,lm,1,128,0,1.396582,1.314140,1.835305
5926,lm,2,72,0,1.160936,2.725572,3.164214
5929,human,0,79,0,1.251579,3.933978,4.923684
5929,lm,0,29,0,1.145933,5.132430,5.881420
5930,human,0,128,0,1.176899,4.286762,5.045086
5930,human,1,21,0,0.982721,9.440334,9.277217
5930,lm,0,31,0,1.126235,4.333694,4.880757
5933,human,0,128,0,1.032173,4.458267,4.601705
5933,human,1,9,0,0.989361,8.425156,8.335518
5933,lm,0,11,0,1.024511,6.511549,6.671156
5934,human,0,128,0,1.261165,3.110990,3.923471
5934,human,1,41,0,1.004758,5.431737,5.457580
5934,lm,0,128,0,1.357215,3.018564,4.096838
5934,lm,1,32,0,1.072765,5.090400,5.460802
5935,human,0,44,0,1.088953,3.343141,3.640525
5935,lm,0,12,0,1.063025,5.365288,5.703437
5936,human,0,21,0,1.002783,6.676313,6.694891
5936,lm,0,128,0,1.289053,2.683798,3.459556
5936,lm,1,21,0,1.061555,6.783032,7.200563
5942,human,0,61,0,1.091335,4.105773,4.480776
5942,lm,0,18,0,1.115480,5.669412,6.324117
5943,human,0,72,0,1.087919,3.499279,3.806933
5943,lm,0,89,0,1.129404,3.586644,4.050772
5944,human,0,34,0,1.052142,5.779221,6.080559
5944,lm,0,16,0,1.074265,6.371221,6.844376
5949,human,0,116,0,1.177816,3.239031,3.814983
5949,lm,0,126,0,1.394257,2.224070,3.100926
595,human,0,51,0,1.187607,3.844457,4.565705
595,lm,0,28,0,1.146786,4.752308,5.449881
5951,human,0,128,0,1.115922,3.561017,3.973819
5951,human,1,128,0,1.169550,2.897991,3.389347
5951,human,2,98,0,1.134123,4.173503,4.733267
5951,lm,0,33,0,1.111863,3.992228,4.438812
5954,human,0,29,0,1.062278,4.623592,4.911540
5954,lm,0,10,0,1.025114,6.574323,6.739433
5955,human,0,55,0,1.132022,4.263132,4.825961
5955,lm,0,51,0,1.295176,3.163934,4.097851
5958,human,0,128,0,1.228034,3.141950,3.858423
5958,human,1,128,0,1.074907,4.465347,4.799832
5958,human,2,52,0,1.054812,5.879166,6.201417
5958,lm,0,128,0,1.342351,2.676048,3.592194
5958,lm,1,128,0,1.244695,3.485935,4.338925
5958,lm,2,68,0,1.516675,2.946480,4.468852
596,human,0,36,0,0.975182,7.209478,7.030550
596,lm,0,10,0,0.980925,9.462587,9.282092
5960,human,0,122,0,1.006938,4.787314,4.820526
5960,lm,0,10,0,1.010389,5.897618,5.958887
5961,human,0,92,0,1.201558,4.171138,5.011866
5961,lm,0,29,0,1.068211,6.655318,7.109284
5962,human,0,44,0,1.045941,5.816632,6.083854
5962,lm,0,81,0,1.247700,3.740046,4.666456
5964,human,0,125,0,1.174699,3.105513,3.648042
5964,lm,0,128,0,1.489520,1.940640,2.890622
5964,lm,1,19,0,1.039468,4.870239,5.062457
5965,human,0,40,0,1.040992,3.854719,4.012731
5965,lm,0,20,0,1.114394,4.675227,5.210045
5969,human,0,49,0,1.066530,4.430117,4.724851
5969,lm,0,37,0,1.296338,2.776467,3.599239
597,human,0,128,0,1.115801,4.190041,4.675253
597,human,1,55,0,1.007620,6.637540,6.688118
597,lm,0,128,0,1.181631,3.308890,3.909888
597,lm,1,13,0,1.013825,7.360715,7.462478
5970,human,0,115,0,1.125169,3.147875,3.541891
5970,lm,0,89,0,1.287885,2.350641,3.027357
5974,human,0,20,0,1.153670,4.796088,5.533101
5974,lm,0,128,0,1.305225,2.043473,2.667193
5974,lm,1,128,0,1.295233,3.228125,4.181175
5974,lm,2,26,0,1.046770,5.943633,6.221617
5975,human,0,128,0,1.129315,3.323611,3.753405
5975,human,1,4,0,0.931651,10.111090,9.420005
5975,lm,0,128,0,1.389417,2.551700,3.545376
5975,lm,1,50,0,1.109030,4.370172,4.846650
5977,human,0,31,0,1.121207,4.686707,5.254769
5977,lm,0,27,0,1.068747,5.457932,5.833151
5978,human,0,107,0,1.127770,3.705402,4.178843
5978,lm,0,128,0,1.279333,2.605679,3.333531
5978,lm,1,2,0,0.975115,9.794302,9.550574
5979,human,0,74,0,1.087246,3.940293,4.284067
5979,lm,0,128,0,1.442220,2.251690,3.247433
5979,lm,1,120,0,1.192215,3.353874,3.998538
5980,human,0,128,0,1.092456,4.540781,4.960605
5980,human,1,49,0,0.963940,6.436514,6.204412
5980,lm,0,102,0,1.139309,3.868450,4.407358
5981,human,0,128,0,1.112281,4.028626,4.480964
5981,human,1,22,0,0.998381,7.641717,7.629347
5981,lm,0,12,0,1.044755,6.654358,6.952171
5986,human,0,46,0,1.025070,4.697234,4.814992
5986,lm,0,20,0,1.045812,5.160081,5.396475
5988,human,0,128,0,1.267344,3.256951,4.127678
5988,human,1,128,0,1.129633,4.946931,5.588216
5988,human,2,128,0,1.176346,3.333307,3.921124
5988,human,3,128,0,1.229314,2.513243,3.089564
5988,human,4,128,0,1.196908,3.076824,3.682677
5988,human,5,70,0,1.149915,3.952363,4.544882
5988,lm,0,128,0,1.346275,2.043245,2.750770
5988,lm,1,27,0,1.121977,4.169175,4.677720
5990,human,0,90,0,1.130083,4.222945,4.772277
5990,lm,0,106,0,1.410720,1.880593,2.652990
5992,human,0,128,0,1.485644,2.854746,4.241138
5992,human,1,128,0,1.234880,4.429816,5.470291
5992,human,2,118,0,1.041840,4.288451,4.467878
5992,lm,0,22,0,1.006719,6.047502,6.088138
5994,human,0,128,0,1.214992,3.060753,3.718789
5994,human,1,14,0,0.996810,7.542263,7.518200
5994,lm,0,10,0,0.965316,5.534605,5.342644
5997,human,0,17,0,1.076677,5.017715,5.402458
5997,lm,0,53,0,1.202744,3.440372,4.137887
5998,human,0,46,0,1.213393,2.423928,2.941177
5998,lm,0,20,0,1.069003,4.555569,4.869916
5999,human,0,29,0,1.013195,5.271251,5.340805
5999,lm,0,128,0,1.236043,3.308148,4.089015
5999,lm,1,6,0,1.037181,6.634700,6.881382
6002,human,0,128,0,1.323758,2.501024,3.310750
6002,human,1,128,0,0.978528,5.523555,5.404952
6002,human,2,24,0,1.024603,5.328779,5.459885
6002,lm,0,128,0,1.245334,2.268157,2.824613
6002,lm,1,128,0,1.095243,3.727482,4.082499
6002,lm,2,88,0,1.120266,4.030687,4.515444
6003,human,0,104,0,1.224552,2.960078,3.624771
6003,lm,0,128,0,1.498813,2.551618,3.824399
6003,lm,1,103,0,1.161245,3.596345,4.176237
6008,human,0,128,0,1.062367,4.637980,4.927236
6008,human,1,128,0,1.024553,4.742707,4.859154
6008,human,2,128,0,1.088610,5.021530,5.466486
6008,human,3,128,0,1.012463,5.735142,5.806618
6008,human,4,3,0,1.077372,8.443332,9.096610
6008,lm,0,10,0,1.018122,7.233062,7.364138
6009,human,0,49,0,1.010081,5.050578,5.101491
6009,lm,0,23,0,1.029018,6.678221,6.872011
6011,human,0,17,0,1.124172,3.480531,3.912716
6011,lm,0,4,0,1.005078,8.826171,8.870990
6012,human,0,26,0,1.051143,5.980060,6.285900
6012,lm,0,83,0,1.142136,3.843477,4.389771
6017,human,0,117,0,1.362438,2.969939,4.046359
6017,lm,0,67,0,1.259878,3.187059,4.015304
6019,human,0,67,0,1.098694,3.945755,4.335177
6019,lm,0,34,0,1.089153,3.798104,4.136716
6021,human,0,109,0,1.188901,3.319336,3.946363
6021,lm,0,123,0,1.333773,2.044560,2.726978
6022,human,0,86,0,1.081332,4.364532,4.719509
6022,lm,0,73,0,1.206179,3.652313,4.405343
6025,human,0,44,0,1.147952,3.711581,4.260716
6025,lm,0,24,0,1.108216,4.343260,4.813269
6026,human,0,128,0,1.280416,3.410496,4.366855
6026,human,1,49,0,1.106492,5.288688,5.851893
6026,lm,0,55,0,1.218950,3.520111,4.290839
6027,human,0,128,0,1.287459,2.461812,3.169482
6027,human,1,116,0,1.347897,2.093561,2.821904
6027,lm,0,128,0,1.378532,2.081476,2.869382
6027,lm,1,3,0,0.972819,9.506512,9.248119
6028,human,0,128,0,1.220529,2.609125,3.184513
6028,human,1,17,0,0.979222,7.944973,7.779888
6028,lm,0,42,0,1.226726,3.558934,4.365838
6029,human,0,100,0,1.082265,4.439385,4.804592
6029,lm,0,10,0,0.995105,7.346595,7.310635
6030,human,0,128,0,1.130457,3.855493,4.358470
6030,human,1,128,0,1.206021,3.356441,4.047938
6030,human,2,128,0,1.091319,4.377934,4.777722
6030,human,3,128,0,1.142844,3.619977,4.137069
6030,human,4,128,0,1.051364,4.668911,4.908723
6030,human,5,128,0,1.083262,3.405846,3.689423
6030,human,6,25,0,0.990933,9.046568,8.964541
6030,lm,0,128,0,1.331069,2.840349,3.780700
6030,lm,1,98,0,1.062828,5.639154,5.993450
6031,human,0,78,0,1.115290,5.167960,5.763772
6031,lm,0,34,0,1.024380,5.953982,6.099141
6033,human,0,22,0,0.996511,5.752413,5.732343
6033,lm,0,7,0,1.101347,4.493797,4.949230
6034,human,0,128,0,1.248566,3.344779,4.176177
6034,human,1,91,0,1.176452,4.402993,5.179911
6034,lm,0,28,0,1.058910,4.762351,5.042900
6037,human,0,128,0,1.233534,1.791723,2.210151
6037,human,1,128,0,1.091300,4.447071,4.853088
6037,human,2,128,0,1.016142,4.299567,4.368971
6037,human,3,128,0,1.166951,3.177517,3.708006
6037,human,4,79,0,1.022471,5.228127,5.345611
6037,lm,0,58,0,1.150472,4.294980,4.941254
6038,human,0,128,0,1.166936,4.212150,4.915307
6038,human,1,128,0,1.069913,3.949199,4.225301
6038,human,2,128,0,1.008077,5.248333,5.290722
6038,human,3,128,0,1.023974,5.628037,5.762963
6038,human,4,128,0,1.010382,4.634389,4.682501
6038,human,5,48,0,1.026825,6.186710,6.352671
6038,lm,0,46,0,1.101318,4.144654,4.564583
6039,human,0,21,0,1.068492,4.247276,4.538180
6039,lm,0,11,0,1.068794,4.778001,5.106698
6040,human,0,128,0,1.225768,3.309538,4.056726
6040,human,1,128,0,1.086172,3.107468,3.375245
6040,human,2,127,0,1.060127,4.514909,4.786378
6040,lm,0,51,0,1.098217,4.293295,4.714971
6041,human,0,110,0,1.224266,2.477096,3.032623
6041,lm,0,70,0,1.181023,3.386842,3.999938
6042,human,0,38,0,1.052792,4.237933,4.461661
6042,lm,0,77,0,1.208368,3.728567,4.505482
6043,human,0,128,0,1.125272,2.888603,3.250465
6043,human,1,128,0,1.036606,4.615815,4.784781
6043,human,2,63,0,1.058805,5.776785,6.116490
6043,lm,0,109,0,1.205597,2.927328,3.529178
6044,human,0,45,0,1.282176,2.809418,3.602168
6044,lm,0,57,0,1.459655,3.087973,4.507375
6045,human,0,99,0,0.966713,5.526836,5.342866
6045,lm,0,17,0,1.011282,4.890966,4.946147
6051,human,0,16,0,1.025923,5.652434,5.798965
6051,lm,0,16,0,1.051151,6.405671,6.733330
6054,human,0,128,0,1.284065,2.098876,2.695094
6054,human,1,84,0,1.124493,3.992760,4.489830
6054,lm,0,128,0,1.239176,1.828898,2.266326
6054,lm,1,128,0,1.101990,2.518536,2.775400
6054,lm,2,23,0,1.028266,4.203541,4.322358
6060,human,0,128,0,1.111112,3.488593,3.876220
6060,human,1,99,0,1.113048,3.936234,4.381218
6060,lm,0,82,0,1.171061,3.974896,4.654846
6064,human,0,51,0,1.105265,3.875677,4.283650
6064,lm,0,118,0,1.310865,3.121521,4.091892
6065,human,0,128,0,1.227310,2.463681,3.023700
6065,human,1,48,0,1.054772,4.684613,4.941199
6065,lm,0,38,0,1.110329,4.270033,4.741140
6066,human,0,50,0,1.124007,5.174369,5.816027
6066,lm,0,28,0,1.035996,5.461958,5.658567
6067,human,0,128,0,1.094179,3.791670,4.148765
6067,human,1,70,0,1.049421,4.189355,4.396399
6067,lm,0,102,0,1.160638,3.607453,4.186946
607,human,0,128,0,1.101823,3.630397,4.000055
607,human,1,34,0,1.042115,5.816305,6.061260
607,lm,0,109,0,1.137483,3.746222,4.261266
6071,human,0,38,0,1.035030,6.237671,6.456175
6071,lm,0,10,0,1.039816,6.003904,6.242954
6073,human,0,80,0,1.164494,3.003182,3.497186
6073,lm,0,12,0,1.011523,7.392325,7.477508
6074,human,0,112,0,1.140338,3.601789,4.107257
6074,lm,0,54,0,1.100435,3.995868,4.397195
6075,human,0,12,0,1.073226,5.065785,5.436733
6075,lm,0,5,0,1.077421,5.093379,5.487715
6076,human,0,59,0,1.110518,4.916504,5.459869
6076,lm,0,19,0,1.031238,6.761523,6.972737
6079,human,0,128,0,1.116187,4.524776,5.050497
6079,human,1,106,0,1.032780,5.557488,5.739664
6079,lm,0,10,0,0.972816,9.851343,9.583548
608,human,0,128,0,1.065540,4.779636,5.092893
608,human,1,128,0,1.202294,1.413885,1.699905
608,human,2,128,0,1.198921,2.980381,3.573242
608,human,3,128,0,1.087950,3.566602,3.880283
608,human,4,128,0,1.118154,2.951389,3.300107
608,human,5,34,0,1.004971,6.968755,7.003395
608,lm,0,46,0,1.182660,4.343276,5.136620
6080,human,0,39,0,1.106549,4.627746,5.120828
6080,lm,0,13,0,1.129192,4.591142,5.184281
6082,human,0,72,0,1.146296,4.481503,5.137130
6082,lm,0,10,0,0.993776,10.863075,10.795460
6083,human,0,128,0,1.130001,3.980250,4.497688
6083,human,1,57,0,1.058150,3.674427,3.888094
6083,lm,0,67,0,1.111164,4.008659,4.454279
6084,human,0,56,0,1.155921,2.968807,3.431707
6084,lm,0,66,0,1.132993,3.453380,3.912654
6086,human,0,128,0,1.092620,3.261261,3.563319
6086,human,1,36,0,1.079012,5.200544,5.611450
6086,lm,0,65,0,1.191909,3.010367,3.588083
6088,human,0,128,0,1.236618,3.113778,3.850553
6088,human,1,11,0,0.975697,9.578293,9.345509
6088,lm,0,55,0,1.214722,3.962464,4.813294
6092,human,0,128,0,1.225535,3.624467,4.441909
6092,human,1,25,0,1.017970,7.784206,7.924089
6092,lm,0,91,0,1.286174,3.122217,4.015715
6093,human,0,18,0,1.050261,5.931318,6.229433
6093,lm,0,16,0,1.064021,6.718081,7.148181
6096,human,0,19,0,1.010746,5.469825,5.528601
6096,lm,0,32,0,1.110460,4.524230,5.023978
6097,human,0,128,0,1.235772,2.363763,2.921072
6097,human,1,47,0,1.145293,4.599153,5.267376
6097,lm,0,69,0,1.256883,2.737690,3.440956
6098,human,0,128,0,1.068471,5.950640,6.358088
6098,human,1,70,0,0.986173,6.786805,6.692963
6098,lm,0,82,0,1.464141,2.098915,3.073108
610,human,0,42,0,1.196044,2.876230,3.440099
610,lm,0,86,0,1.455900,1.752943,2.552109
6103,human,0,128,0,1.145426,3.968870,4.546045
6103,human,1,128,0,1.171161,3.591201,4.205877
6103,human,2,128,0,1.078183,3.215798,3.467221
6103,human,3,128,0,1.171336,3.259180,3.817595
6103,human,4,128,0,1.102132,3.515446,3.874485
6103,human,5,20,0,1.010585,5.835131,5.896894
6103,lm,0,128,0,1.291304,2.908232,3.755410
6103,lm,1,128,0,1.232522,2.829650,3.487605
6103,lm,2,27,0,1.068912,5.788321,6.187207
6105,human,0,20,0,1.022481,4.648672,4.753179
6105,lm,0,64,0,1.119108,5.406877,6.050877
6107,human,0,128,0,1.067320,3.565185,3.805191
6107,human,1,128,0,1.108245,3.588665,3.977122
6107,human,2,128,0,1.087284,4.079719,4.435814
6107,human,3,128,0,1.099334,3.676062,4.041218
6107,human,4,128,0,1.055173,3.826066,4.037163
6107,human,5,8,0,1.026264,6.922046,7.103845
6107,lm,0,128,0,1.270592,2.788076,3.542505
6107,lm,1,128,0,1.278678,2.912509,3.724160
6107,lm,2,93,0,1.133061,4.452419,5.044863
6112,human,0,115,0,1.259607,2.489961,3.136372
6112,lm,0,89,0,1.370547,2.461318,3.373353
6114,human,0,128,0,1.134274,3.816079,4.328479
6114,human,1,128,0,1.177790,4.016722,4.730856
6114,human,2,94,0,1.103257,5.724098,6.315151
6114,lm,0,128,0,1.645150,1.916044,3.152180
6114,lm,1,128,0,1.135835,3.461232,3.931387
6114,lm,2,34,0,1.085806,6.261432,6.798702
6116,human,0,128,0,1.071101,4.448457,4.764749
6116,human,1,128,0,1.051959,4.533288,4.768835
6116,human,2,128,0,0.991120,5.365672,5.318022
6116,human,3,104,0,1.079844,4.470680,4.827636
6116,lm,0,61,0,1.095194,5.360524,5.870812
612,human,0,49,0,1.049937,5.556995,5.834494
612,lm,0,64,0,1.286156,3.197304,4.112233
6120,human,0,128,0,1.006437,4.972942,5.004954
6120,human,1,27,0,1.036422,6.128868,6.352094
6120,lm,0,128,0,1.103517,3.572919,3.942775
6120,lm,1,128,0,1.326339,2.429929,3.222909
6120,lm,2,39,0,1.008392,5.848434,5.897514
6123,human,0,49,0,1.130415,4.573254,5.169674
6123,lm,0,128,0,1.473992,2.314282,3.411233
6123,lm,1,56,0,1.181811,3.209661,3.793211
6124,human,0,128,0,1.081104,4.439730,4.799810
6124,human,1,128,0,0.956807,6.466619,6.187305
6124,human,2,128,0,1.147620,4.507699,5.173126
6124,human,3,84,0,1.295197,3.894741,5.044457
6124,lm,0,128,0,1.278998,2.664259,3.407581
6124,lm,1,19,0,1.174197,5.357914,6.291248
6128,human,0,61,0,1.131464,4.384506,4.960911
6128,lm,0,31,0,1.031830,5.756162,5.939379
613,human,0,57,0,1.058687,5.175965,5.479724
613,lm,0,105,0,1.240855,3.640122,4.516862
6130,human,0,128,0,1.319075,1.570123,2.071110
6130,human,1,104,0,1.251281,3.054362,3.821866
6130,lm,0,21,0,1.002412,6.829847,6.846319
6131,human,0,11,0,1.089233,5.517574,6.009923
6131,lm,0,2,0,1.016634,9.808103,9.971252
6133,human,0,25,0,1.096239,3.936882,4.315763
6133,lm,0,87,0,1.197635,3.245150,3.886504
6134,human,0,128,0,1.179231,3.077051,3.628554
6134,human,1,42,0,1.093567,5.373312,5.876078
6134,lm,0,41,0,1.186321,4.268312,5.063590
6135,human,0,20,0,1.036801,5.483744,5.685552
6135,lm,0,7,0,1.039546,5.781550,6.010190
6136,human,0,25,0,0.977226,6.713759,6.560856
6136,lm,0,12,0,1.022531,5.718034,5.846866
614,human,0,128,0,1.105436,4.404279,4.868647
614,human,1,4,0,1.000685,7.705504,7.710782
614,lm,0,11,0,1.047668,6.877193,7.205014
6141,human,0,95,0,1.115924,3.859682,4.307112
6141,lm,0,63,0,1.113739,4.231053,4.712290
6143,human,0,68,0,1.138090,3.388525,3.856445
6143,lm,0,128,0,1.264892,3.259988,4.123533
6143,lm,1,4,0,0.937697,9.025584,8.463260
6145,human,0,20,0,1.024937,6.023603,6.173814
6145,lm,0,52,0,1.126903,3.500693,3.944942
6149,human,0,110,0,1.092809,4.615884,5.044279
6149,lm,0,128,0,1.234933,3.809048,4.703920
6149,lm,1,56,0,1.012620,6.341227,6.421251
615,human,0,128,0,1.087050,3.965359,4.310543
615,human,1,128,0,0.998151,5.003005,4.993755
615,lm,0,118,0,1.205944,2.966375,3.577281
6151,human,0,34,0,1.051542,5.438718,5.719043
6151,lm,0,10,0,0.975187,8.289827,8.084132
6153,human,0,33,0,1.216923,2.163199,2.632447
6153,lm,0,16,0,1.004658,6.468962,6.499097
6156,human,0,128,0,1.150230,3.157919,3.632332
6156,human,1,12,0,0.974370,8.621286,8.400326
6156,lm,0,10,0,1.012022,8.693368,8.797878
6159,human,0,24,0,1.066906,5.895035,6.289449
6159,lm,0,66,0,1.194431,3.675845,4.390545
616,human,0,34,0,1.039490,5.405023,5.618465
616,lm,0,15,0,1.047100,6.756604,7.074838
6160,human,0,128,0,1.213202,2.338675,2.837285
6160,human,1,128,0,1.112478,3.645959,4.056049
6160,human,2,110,0,0.977310,7.465358,7.295972
6160,lm,0,128,0,1.205325,1.660350,2.001262
6160,lm,1,49,0,1.074782,3.251350,3.494492
6162,human,0,120,0,1.106869,4.100646,4.538876
6162,lm,0,10,0,1.065632,6.771556,7.215987
6163,human,0,63,0,1.016777,6.154848,6.258108
6163,lm,0,128,0,1.160118,3.383677,3.925466
6163,lm,1,128,0,1.156137,2.686598,3.106075
6163,lm,2,104,0,1.210321,2.990199,3.619102
6165,human,0,18,0,1.029526,5.121978,5.273212
6165,lm,0,15,0,1.051549,4.386145,4.612248
6166,human,0,20,0,0.998419,7.212259,7.200855
6166,lm,0,115,0,1.383001,2.059257,2.847954
6168,human,0,18,0,1.088683,3.455081,3.761490
6168,lm,0,18,0,1.170351,3.135649,3.669811
6177,human,0,95,0,1.224775,3.629171,4.444916
6177,lm,0,39,0,1.216380,4.210901,5.122054
6178,human,0,60,0,1.055162,5.672108,5.984991
6178,lm,0,127,0,1.195983,3.302016,3.949155
6179,human,0,33,0,1.171413,4.385621,5.137372
6179,lm,0,36,0,1.220657,3.336340,4.072527
6180,human,0,128,0,1.188399,3.061831,3.638675
6180,human,1,128,0,1.317520,2.320838,3.057752
6180,human,2,114,0,1.115799,3.124747,3.486590
6180,lm,0,29,0,1.139467,4.697458,5.352599
6181,human,0,128,0,1.245444,2.998477,3.734437
6181,human,1,128,0,1.114245,4.403014,4.906036
6181,human,2,128,0,0.999286,3.854558,3.851804
6181,human,3,128,0,1.122668,3.237776,3.634947
6181,human,4,128,0,1.026898,5.029973,5.165269
6181,human,5,128,0,1.087946,4.507641,4.904072
6181,human,6,128,0,1.080339,4.044940,4.369904
6181,human,7,128,0,1.035744,4.755848,4.925841
6181,human,8,101,0,1.041531,4.892666,5.095861
6181,lm,0,40,0,1.040633,6.698430,6.970611
6182,human,0,72,0,1.192248,3.043486,3.628592
6182,lm,0,69,0,1.219289,2.310826,2.817566
6185,human,0,21,0,1.009514,5.715767,5.770147
6185,lm,0,44,0,1.147373,3.551970,4.075434
6188,human,0,128,0,1.364460,2.354512,3.212639
6188,human,1,128,0,1.089738,4.437013,4.835183
6188,human,2,38,0,1.152093,5.145183,5.927729
6188,lm,0,128,0,1.294557,2.559327,3.313195
6188,lm,1,3,0,0.968406,10.096320,9.777337
6189,human,0,128,0,1.161526,4.109327,4.773092
6189,human,1,128,0,1.228883,3.585595,4.406278
6189,human,2,128,0,1.284484,2.876702,3.695077
6189,human,3,128,0,1.123383,4.055771,4.556184
6189,human,4,128,0,1.136397,3.642763,4.139626
6189,human,5,21,0,1.026423,6.468887,6.639814
6189,lm,0,111,0,1.199560,3.439935,4.126410
619,human,0,128,0,1.117360,4.747057,5.304173
619,human,1,128,0,1.007231,5.953049,5.996094
619,human,2,59,0,1.091702,5.900209,6.441272
619,lm,0,117,0,1.307305,2.836231,3.707818
6193,human,0,128,0,1.236520,3.264625,4.036773
6193,human,1,3,0,0.982351,9.657282,9.486841
6193,lm,0,26,0,1.024327,6.630479,6.791777
6197,human,0,128,0,0.957538,5.824062,5.576758
6197,human,1,128,0,1.073799,3.140416,3.372176
6197,human,2,128,0,1.036069,3.614052,3.744406
6197,human,3,128,0,1.067460,2.914588,3.111205
6197,human,4,128,0,1.040734,3.795225,3.949821
6197,human,5,128,0,1.001273,7.496556,7.506098
6197,human,6,26,0,0.991791,7.098608,7.040334
6197,lm,0,21,0,0.976920,8.044163,7.858500
6199,human,0,128,0,1.152250,3.026799,3.487630
6199,human,1,128,0,1.123958,3.293039,3.701240
6199,human,2,128,0,1.140165,3.200588,3.649200
6199,human,3,42,0,1.005388,5.303796,5.332373
6199,lm,0,128,0,1.253560,2.429106,3.045030
6199,lm,1,45,0,1.102943,3.524804,3.887656
6200,human,0,38,0,1.249938,3.469680,4.336884
6200,lm,0,128,0,1.213343,3.080440,3.737630
6200,lm,1,15,0,1.143049,4.566979,5.220280
6201,human,0,57,0,1.162976,3.966722,4.613202
6201,lm,0,23,0,1.015935,6.683425,6.789928
6203,human,0,27,0,0.976090,6.140280,5.993467
6203,lm,0,33,0,1.076358,5.484317,5.903090
6208,human,0,128,0,1.250396,1.682124,2.103321
6208,human,1,3,0,0.924813,12.139981,11.227210
6208,lm,0,128,0,1.535283,1.386998,2.129434
6208,lm,1,17,0,1.113653,4.099765,4.565715
6209,human,0,128,0,1.260175,3.289014,4.144733
6209,human,1,116,0,1.158271,3.149683,3.648185
6209,lm,0,17,0,1.212002,2.999125,3.634945
6211,human,0,128,0,1.188108,4.317873,5.130097
6211,human,1,21,0,1.023915,6.001332,6.144852
6211,lm,0,36,0,1.088895,5.048039,5.496783
6212,human,0,128,0,1.201044,3.373187,4.051348
6212,human,1,11,0,1.015855,5.811176,5.903311
6212,lm,0,86,0,1.111874,4.138493,4.601484
6213,human,0,103,0,1.247907,2.944459,3.674412
6213,lm,0,49,0,1.245968,4.223075,5.261817
6216,human,0,128,0,1.104476,3.505016,3.871208
6216,human,1,20,0,1.005002,6.525250,6.557888
6216,lm,0,78,0,1.198995,3.982929,4.775512
6217,human,0,97,0,1.042783,4.784310,4.988997
6217,lm,0,82,0,1.145630,4.179575,4.788246
6218,human,0,39,0,1.399616,1.582199,2.214471
6218,lm,0,41,0,1.374492,1.564768,2.150761
622,human,0,128,0,1.181307,3.307412,3.907070
622,human,1,128,0,1.113424,4.079613,4.542338
622,human,2,128,0,1.113973,2.425839,2.702320
622,human,3,95,0,1.094676,4.155961,4.549432
622,lm,0,74,0,1.137978,3.377819,3.843885
6221,human,0,128,0,0.964467,6.213144,5.992373
6221,human,1,46,0,1.022368,5.014697,5.126864
6221,lm,0,128,0,1.208884,3.234493,3.910125
6221,lm,1,121,0,1.153281,4.016061,4.631646
6222,human,0,32,0,1.077728,4.595179,4.952354
6222,lm,0,24,0,1.048891,5.380668,5.643736
6224,human,0,79,0,1.081021,4.558256,4.927571
6224,lm,0,17,0,1.068745,6.370094,6.808004
6225,human,0,45,0,1.126696,3.087131,3.478259
6225,lm,0,128,0,1.170883,3.574903,4.185795
6225,lm,1,59,0,1.034893,6.787422,7.024258
6227,human,0,128,0,1.140837,3.661618,4.177310
6227,human,1,5,0,1.015414,9.192606,9.334298
6227,lm,0,19,0,1.082213,6.840755,7.403157
6228,human,0,128,0,1.273621,2.956287,3.765188
6228,human,1,51,0,1.046128,5.611523,5.870373
6228,lm,0,83,0,1.323756,2.603264,3.446087
6229,human,0,10,0,1.043993,4.684160,4.890232
6229,lm,0,128,0,1.049165,3.157893,3.313150
6229,lm,1,66,0,1.005938,4.747834,4.776028
6230,human,0,65,0,1.035759,5.095239,5.277441
6230,lm,0,79,0,1.374881,1.807075,2.484513
6231,human,0,128,0,1.069756,4.622116,4.944538
6231,human,1,128,0,1.162712,4.085502,4.750262
6231,human,2,59,0,1.098641,4.789006,5.261398
6231,lm,0,128,0,1.130556,3.487384,3.942684
6231,lm,1,128,0,1.114950,3.733896,4.163109
6231,lm,2,7,0,0.992023,6.551506,6.499243
6233,human,0,48,0,1.019745,5.012230,5.111196
6233,lm,0,77,0,1.112334,3.765383,4.188364
6235,human,0,128,0,1.270961,2.865318,3.641709
6235,human,1,35,0,0.989261,8.499096,8.407822
6235,lm,0,128,0,1.323928,2.920502,3.866534
6235,lm,1,23,0,1.025428,8.585129,8.803429
6237,human,0,128,0,1.161532,4.239041,4.923784
6237,human,1,33,0,1.118101,5.560673,6.217396
6237,lm,0,10,0,0.998429,10.425876,10.409494
6238,human,0,128,0,1.176676,3.294411,3.876453
6238,human,1,108,0,1.220892,3.219377,3.930513
6238,lm,0,128,0,1.542500,1.210051,1.866504
6238,lm,1,29,0,1.059649,5.413523,5.736436
6239,human,0,92,0,1.003639,5.963452,5.985153
6239,lm,0,75,0,1.153707,4.046756,4.668771
6240,human,0,108,0,1.001459,4.710414,4.717285
6240,lm,0,11,0,0.993515,6.962711,6.917560
6241,human,0,128,0,1.099085,3.960267,4.352669
6241,human,1,128,0,1.213791,3.119220,3.786083
6241,human,2,128,0,1.112793,3.560533,3.962134
6241,human,3,128,0,1.159644,3.339940,3.873142
6241,human,4,128,0,1.138002,3.212018,3.655284
6241,human,5,63,0,1.130131,3.667196,4.144412
6241,lm,0,23,0,0.989336,4.753902,4.703209
6245,human,0,35,0,1.023022,4.920112,5.033383
6245,lm,0,19,0,1.002815,6.723773,6.742703
6247,human,0,45,0,1.089997,4.839459,5.274996
6247,lm,0,33,0,1.195479,3.545789,4.238917
625,human,0,101,0,1.123825,4.042157,4.542675
625,lm,0,11,0,0.978304,9.032588,8.836615
6250,human,0,128,0,1.169410,2.882365,3.370666
6250,human,1,49,0,1.157180,4.274576,4.946456
6250,lm,0,101,0,1.287476,1.878833,2.418952
6253,human,0,39,0,1.041458,5.679770,5.915242
6253,lm,0,25,0,1.110679,2.538419,2.819369
6256,human,0,28,0,1.035424,6.576715,6.809690
6256,lm,0,9,0,0.968807,6.985825,6.767919
6259,human,0,52,0,1.074170,5.358747,5.756208
6259,lm,0,42,0,1.345821,2.950046,3.970235
6260,human,0,60,0,1.272123,3.702548,4.710095
6260,lm,0,62,0,1.264681,3.432142,4.340564
6263,human,0,119,0,1.153246,4.028013,4.645289
6263,lm,0,128,0,1.136110,3.260518,3.704307
6263,lm,1,42,0,1.107327,3.398079,3.762785
6266,human,0,128,0,1.164671,3.434191,3.999703
6266,human,1,36,0,1.056776,6.312243,6.670627
6266,lm,0,128,0,1.356413,2.037247,2.763349
6266,lm,1,22,0,0.982631,7.182402,7.057654
6267,human,0,128,0,1.184035,2.896834,3.429954
6267,human,1,128,0,1.104705,3.851832,4.255139
6267,human,2,128,0,1.031592,4.925689,5.081303
6267,human,3,128,0,1.088383,4.773597,5.195504
6267,human,4,92,0,1.185904,2.940352,3.486974
6267,lm,0,128,0,1.272595,3.469919,4.415803
6267,lm,1,128,0,1.070708,4.087077,4.376068
6267,lm,2,53,0,1.057146,4.316193,4.562846
6268,human,0,128,0,0.993725,5.095978,5.064000
6268,human,1,128,0,1.041255,4.715290,4.909819
6268,human,2,5,0,1.007686,9.102102,9.172058
6268,lm,0,61,0,1.128155,4.651023,5.247077
627,human,0,128,0,1.168469,3.344232,3.907632
627,human,1,32,0,1.099421,4.082229,4.488088
627,lm,0,128,0,1.144172,3.208770,3.671383
627,lm,1,17,0,1.032242,5.794373,5.981194
6271,human,0,128,0,1.021492,4.801287,4.904476
6271,human,1,128,0,1.051776,4.551230,4.786873
6271,human,2,49,0,0.992097,5.700463,5.655415
6271,lm,0,34,0,1.289952,3.005107,3.876442
6272,human,0,21,0,1.017041,5.917717,6.018562
6272,lm,0,11,0,1.041476,5.215128,5.431433
6273,human,0,128,0,1.186607,3.866621,4.588161
6273,human,1,128,0,1.038304,5.416675,5.624155
6273,human,2,42,0,0.979958,6.967609,6.827962
6273,lm,0,99,0,1.201062,3.183692,3.823812
6276,human,0,94,0,1.252110,3.889810,4.870470
6276,lm,0,45,0,1.197098,3.931980,4.706965
6277,human,0,49,0,1.055815,5.146770,5.434037
6277,lm,0,39,0,1.042812,5.069290,5.286315
6279,human,0,128,0,1.123862,4.089580,4.596125
6279,lm,0,120,0,1.212485,3.055811,3.705124
6280,human,0,128,0,1.193405,3.468991,4.139912
6280,human,1,128,0,1.129397,2.998907,3.386957
6280,human,2,1,0,1.000000,6.003994,6.003994
6280,lm,0,66,0,1.178162,3.862235,4.550337
6283,human,0,12,0,1.052617,3.729476,3.925710
6283,lm,0,53,0,1.305397,2.382220,3.109744
6284,human,0,23,0,1.157604,3.868818,4.478560
6284,lm,0,28,0,1.111748,5.085088,5.653338
6286,human,0,128,0,1.175946,4.269415,5.020600
6286,human,1,52,0,1.076508,4.750288,5.113721
6286,lm,0,128,0,1.236853,3.240938,4.008564
6286,lm,1,74,0,1.192125,2.824555,3.367222
6287,human,0,41,0,1.157338,3.869373,4.478172
6287,lm,0,18,0,1.066993,5.843758,6.235248
6288,human,0,128,0,1.105399,4.943483,5.464523
6288,human,1,71,0,1.102033,5.157049,5.683238
6288,lm,0,75,0,1.340464,2.721256,3.647744
6290,human,0,128,0,1.215968,2.421399,2.944344
6290,human,1,128,0,1.224243,2.366061,2.896634
6290,human,2,128,0,1.206715,2.051697,2.475815
6290,human,3,128,0,1.133529,3.080716,3.492080
6290,human,4,128,0,1.036072,4.255689,4.409201
6290,human,5,128,0,1.147233,3.854531,4.422044
6290,human,6,128,0,1.059820,3.926489,4.161371
6290,human,7,128,0,1.019459,4.270111,4.353201
6290,human,8,128,0,1.155668,3.518905,4.066687
6290,human,9,128,0,1.207789,3.874110,4.679107
6290,human,10,118,0,1.122076,4.010961,4.500602
6290,lm,0,128,0,1.302642,2.058886,2.681991
6290,lm,1,20,0,1.097097,4.778855,5.242865
6291,human,0,128,0,1.209350,3.463306,4.188351
6291,human,1,18,0,1.035865,6.440335,6.671317
6291,lm,0,63,0,1.198017,5.094726,6.103567
6292,human,0,42,0,1.046290,4.986382,5.217201
6292,lm,0,85,0,1.284750,2.048429,2.631719
6295,human,0,122,0,1.262925,3.296875,4.163707
6295,lm,0,44,0,1.127173,4.822039,5.435274
6297,human,0,90,0,1.176286,3.784533,4.451692
6297,lm,0,87,0,1.193111,3.855460,4.599992
63,human,0,44,0,1.054806,4.985604,5.258844
63,lm,0,35,0,1.027989,5.664262,5.822800
6306,human,0,77,0,1.194377,3.451385,4.122254
6306,lm,0,11,0,1.062592,8.068148,8.573150
6309,human,0,21,0,1.024444,5.368393,5.499618
6309,lm,0,128,0,1.255004,2.881272,3.616009
6309,lm,1,6,0,1.015209,5.224593,5.304052
631,human,0,128,0,1.136747,2.435050,2.768036
631,human,1,42,0,1.049274,4.263489,4.473570
631,lm,0,28,0,1.110276,3.651771,4.054474
6310,human,0,128,0,1.389831,2.197975,3.054814
6310,human,1,114,0,1.221512,2.816143,3.439953
6310,lm,0,108,0,1.339098,2.810203,3.763136
6312,human,0,128,0,1.246262,3.138090,3.910881
6312,human,1,89,0,1.140103,4.383965,4.998170
6312,lm,0,70,0,1.240173,1.999593,2.479842
6314,human,0,128,0,1.209682,4.021351,4.864558
6314,human,1,44,0,1.053946,4.806444,5.065733
6314,lm,0,18,0,1.009726,7.820678,7.896739
6315,human,0,121,0,1.219783,3.178213,3.876731
6315,lm,0,73,0,1.108887,3.827111,4.243832
6316,human,0,128,0,1.308606,2.444101,3.198364
6316,human,1,128,0,1.050255,5.058398,5.312609
6316,human,2,128,0,1.125126,5.374943,6.047489
6316,human,3,128,0,1.036004,5.474723,5.671837
6316,human,4,128,0,1.034067,4.622567,4.780045
6316,human,5,82,0,1.022622,5.947775,6.082324
6316,lm,0,128,0,1.115270,4.103848,4.576897
6316,lm,1,128,0,1.054826,4.614741,4.867747
6316,lm,2,128,0,1.048900,4.436691,4.653645
6316,lm,3,49,0,1.070572,4.176663,4.471421
6317,human,0,83,0,1.055450,4.751854,5.015345
6317,lm,0,128,0,1.314868,3.130876,4.116690
6317,lm,1,56,0,1.265050,3.666571,4.638396
6318,human,0,38,0,1.057071,5.813372,6.145150
6318,lm,0,128,0,1.206248,2.950878,3.559490
6318,lm,1,38,0,1.054494,6.265453,6.606885
6319,human,0,91,0,1.081825,4.724181,5.110736
6319,lm,0,15,0,1.047772,6.059021,6.348473
632,human,0,62,0,1.208804,2.675975,3.234730
632,lm,0,63,0,1.289331,2.995655,3.862391
6323,human,0,46,0,1.049255,4.700304,4.931818
6323,lm,0,27,0,1.002712,5.802974,5.818712
6325,human,0,25,0,0.982696,6.298830,6.189833
6325,lm,0,24,0,1.087671,4.952001,5.386147
6326,human,0,128,0,1.156894,3.417106,3.953231
6326,human,1,128,0,1.175433,3.909064,4.594843
6326,human,2,102,0,1.149879,4.494635,5.168287
6326,lm,0,21,0,1.024200,5.355669,5.485279
6329,human,0,45,0,1.052498,5.616703,5.911571
6329,lm,0,10,0,1.004369,7.533307,7.566216
633,human,0,128,0,1.155318,3.596085,4.154622
633,human,1,128,0,1.198350,3.173218,3.802627
633,human,2,15,0,1.080243,5.484269,5.924341
633,lm,0,55,0,1.267308,3.102135,3.931360
6331,human,0,116,0,1.181631,3.140613,3.711044
6331,lm,0,82,0,1.133310,4.219669,4.782194
6332,human,0,128,0,1.102755,3.527139,3.889570
6332,human,1,94,0,1.009766,3.431158,3.464668
6332,lm,0,30,0,1.061545,5.297822,5.623876
6333,human,0,128,0,1.131049,3.949742,4.467353
6333,human,1,128,0,1.125769,3.596356,4.048665
6333,human,2,128,0,1.254133,1.569344,1.968166
6333,human,3,31,0,1.030769,5.083571,5.239989
6333,lm,0,50,0,1.254989,3.563034,4.471568
6338,human,0,35,0,1.032920,3.381519,3.492839
6338,lm,0,128,0,1.433640,1.181285,1.693538
6338,lm,1,21,0,1.143101,4.019675,4.594895
634,human,0,83,0,1.132581,3.643521,4.126583
634,lm,0,55,0,1.235382,2.173802,2.685476
6345,human,0,82,0,1.350892,2.160187,2.918180
6345,lm,0,128,0,1.324398,2.068219,2.739144
6345,lm,1,39,0,1.071202,3.848504,4.122524
6346,human,0,128,0,1.239434,3.885594,4.815938
6346,human,1,1,0,nan,nan,nan
6346,lm,0,59,0,1.314364,3.312159,4.353384
6347,human,0,128,0,1.073065,4.490548,4.818648
6347,human,1,128,0,1.085256,3.774348,4.096136
6347,human,2,128,0,1.181422,3.736427,4.414296
6347,human,3,103,0,1.214147,3.573838,4.339163
6347,lm,0,116,0,1.118754,3.889154,4.351008
6348,human,0,83,0,1.124138,4.515150,5.075652
6348,lm,0,21,0,0.961012,8.266112,7.943837
635,human,0,128,0,1.138078,4.949619,5.633055
635,human,1,128,0,1.096263,4.101644,4.496479
635,human,2,128,0,1.183507,4.391727,5.197638
635,human,3,128,0,1.050510,5.418298,5.691977
635,human,4,54,0,1.142102,4.700657,5.368629
635,lm,0,128,0,1.323147,3.312177,4.382496
635,lm,1,128,0,1.211700,2.615802,3.169568
635,lm,2,78,0,1.026867,5.631647,5.782951
6350,human,0,128,0,1.168157,2.785859,3.254321
6350,human,1,106,0,1.086063,3.432435,3.727842
6350,lm,0,66,0,1.286105,2.353269,3.026550
6353,human,0,128,0,1.104643,4.067499,4.493134
6353,human,1,59,0,1.065030,4.995124,5.319957
6353,lm,0,44,0,1.085903,5.628287,6.111776
6356,human,0,51,0,1.181776,4.251434,5.024243
6356,lm,0,16,0,1.028192,6.234759,6.410530
6358,human,0,30,0,1.088548,5.383422,5.860114
6358,lm,0,106,0,1.650285,1.974072,3.257781
6361,human,0,128,0,1.161122,3.265017,3.791082
6361,lm,0,10,0,0.997220,6.348264,6.330614
6362,human,0,128,0,1.015069,5.361932,5.442732
6362,human,1,84,0,1.029601,5.130743,5.282620
6362,lm,0,94,0,1.226337,3.156397,3.870806
6366,human,0,24,0,1.058321,4.387963,4.643874
6366,lm,0,76,0,1.290885,2.951150,3.809596
6368,human,0,62,0,1.089916,3.908399,4.259827
6368,lm,0,46,0,1.057136,5.712110,6.038477
6369,human,0,54,0,1.056140,4.218923,4.455773
6369,lm,0,10,0,0.999988,8.855594,8.855490
637,human,0,87,0,1.120475,4.793539,5.371039
637,lm,0,128,0,1.426357,3.197021,4.560095
637,lm,1,52,0,1.148320,5.418344,6.221993
6370,human,0,62,0,1.188897,4.681474,5.565791
6370,lm,0,128,0,1.228298,1.723147,2.116539
6370,lm,1,128,0,1.154107,1.678478,1.937143
6370,lm,2,31,0,1.117511,4.173746,4.664209
6374,human,0,128,0,1.352275,2.415357,3.266226
6374,human,1,34,0,1.117621,5.299169,5.922462
6374,lm,0,128,0,1.522836,1.647645,2.509093
6374,lm,1,15,0,1.236500,2.871977,3.551200
6375,human,0,20,0,0.990698,5.775757,5.722033
6375,lm,0,48,0,1.264468,2.885554,3.648692
6376,human,0,52,0,1.204459,3.213404,3.870414
6376,lm,0,21,0,1.118435,3.559228,3.980766
638,human,0,16,0,1.202447,4.659329,5.602597
638,lm,0,21,0,1.241524,3.900928,4.843094
6381,human,0,128,0,1.391689,2.750802,3.828259
6381,human,1,95,0,1.109101,4.520201,5.013360
6381,lm,0,59,0,1.169181,3.939013,4.605418
6382,human,0,64,0,1.109283,3.724972,4.132049
6382,lm,0,21,0,0.983519,7.051750,6.935532
6384,human,0,128,0,1.061482,4.475708,4.750884
6384,human,1,42,0,1.179751,3.397362,4.008039
6384,lm,0,128,0,1.305904,2.827829,3.692872
6384,lm,1,64,0,1.286360,2.083106,2.679624
6386,human,0,100,0,1.144078,3.317374,3.795336
6386,lm,0,33,0,1.063452,5.492725,5.841251
6388,human,0,51,0,1.026792,3.874439,3.978243
6388,lm,0,128,0,1.266767,2.941782,3.726553
6388,lm,1,13,0,1.000459,6.521644,6.524637
6389,human,0,128,0,1.230330,2.072824,2.550257
6389,human,1,128,0,1.185863,3.681633,4.365912
6389,human,2,93,0,1.259440,3.421399,4.309046
6389,lm,0,21,0,1.045788,5.706317,5.967596
639,human,0,34,0,1.053998,5.383351,5.674040
639,lm,0,70,0,1.184988,3.686680,4.368672
6390,human,0,128,0,1.213067,3.178130,3.855284
6390,human,1,128,0,1.180785,3.331408,3.933678
6390,human,2,13,0,1.031015,5.287094,5.451072
6390,lm,0,128,0,1.174306,2.562182,3.008786
6390,lm,1,21,0,0.979136,7.553847,7.396244
6395,human,0,128,0,1.164208,2.545478,2.963466
6395,human,1,128,0,1.077460,4.540798,4.892527
6395,human,2,128,0,1.104731,3.917764,4.328074
6395,human,3,77,0,1.087945,4.964918,5.401558
6395,lm,0,128,0,1.423540,2.296911,3.269746
6395,lm,1,103,0,1.169283,3.838547,4.488348
6398,human,0,21,0,1.072278,5.685744,6.096700
6398,lm,0,37,0,1.069515,4.953084,5.297396
6399,human,0,128,0,1.223217,2.769904,3.388194
6399,human,1,38,0,1.084150,5.029692,5.452942
6399,lm,0,27,0,0.980298,5.062536,4.962793
64,human,0,26,0,1.062628,5.470596,5.813207
64,lm,0,34,0,1.176477,4.499759,5.293862
6400,human,0,55,0,1.176913,5.083825,5.983221
6400,lm,0,126,0,1.305186,3.010073,3.928705
6402,human,0,17,0,1.060028,3.780412,4.007341
6402,lm,0,35,0,1.226516,2.314553,2.838837
6403,human,0,53,0,1.153840,4.167173,4.808252
6403,lm,0,46,0,1.032414,4.302006,4.441449
6404,human,0,89,0,1.170005,3.441737,4.026848
6404,lm,0,61,0,1.233460,3.057094,3.770805
6406,human,0,90,0,1.160771,3.202371,3.717221
6406,lm,0,70,0,1.191247,2.701371,3.218001
6407,human,0,105,0,1.152182,4.266171,4.915406
6407,lm,0,128,0,1.205107,3.358459,4.047301
6407,lm,1,116,0,1.271541,2.597465,3.302782
6408,human,0,128,0,1.103066,2.890437,3.188344
6408,human,1,36,0,1.018693,4.909808,5.001588
6408,lm,0,128,0,1.164821,2.260808,2.633438
6408,lm,1,31,0,1.036196,4.433350,4.593819
6409,human,0,62,0,1.216411,2.713480,3.300707
6409,lm,0,11,0,1.025473,6.971379,7.148960
641,human,0,91,0,1.289508,2.640402,3.404819
641,lm,0,57,0,1.169936,3.298826,3.859417
6410,human,0,98,0,1.123675,4.259995,4.786849
6410,lm,0,67,0,1.146273,3.467238,3.974402
6413,human,0,40,0,0.984559,7.524524,7.408340
6413,lm,0,48,0,1.165486,4.137133,4.821769
6415,human,0,22,0,1.034890,5.574802,5.769306
6415,lm,0,10,0,0.992465,10.880463,10.798476
6417,human,0,128,0,1.120404,2.236458,2.505736
6417,human,1,33,0,1.078516,4.464329,4.814851
6417,lm,0,42,0,1.116691,4.452574,4.972150
6418,human,0,84,0,1.284319,2.436434,3.129160
6418,lm,0,6,0,1.036334,5.941996,6.157891
6419,human,0,122,0,1.102058,3.631858,4.002520
6419,lm,0,128,0,1.272867,2.881017,3.667152
6419,lm,1,128,0,1.452180,2.032637,2.951755
6419,lm,2,128,0,1.184291,3.212455,3.804481
6419,lm,3,128,0,1.179438,4.006764,4.725730
6419,lm,4,30,0,1.040862,6.922626,7.205496
642,human,0,90,0,1.083022,4.621510,5.005195
642,lm,0,128,0,1.348344,2.517519,3.394481
642,lm,1,128,0,1.194536,3.480479,4.157557
642,lm,2,1,0,1.000000,7.133424,7.133424
6421,human,0,76,0,1.105987,2.777583,3.071972
6421,lm,0,58,0,1.122359,2.977517,3.341842
6422,human,0,128,0,1.190774,2.251690,2.681255
6422,human,1,13,0,1.018985,5.670119,5.777767
6422,lm,0,128,0,1.337691,2.197760,2.939923
6422,lm,1,4,0,1.003907,6.837691,6.864405
6426,human,0,84,0,1.042267,5.973178,6.225644
6426,lm,0,89,0,1.108412,4.245554,4.705821
6427,human,0,128,0,1.113579,5.069304,5.645071
6427,human,1,128,0,1.084592,4.738112,5.138919
6427,human,2,128,0,0.861656,6.986773,6.020192
6427,human,3,128,0,0.935837,5.318866,4.977589
6427,lm,0,11,0,1.016149,7.156709,7.272280
6428,human,0,110,0,1.185880,3.168482,3.757440
6428,lm,0,71,0,1.133338,2.764368,3.132962
6430,human,0,128,0,1.217919,3.272109,3.985165
6430,human,1,123,0,1.229484,3.587384,4.410632
6430,lm,0,12,0,1.018293,6.796445,6.920770
6433,human,0,27,0,1.041949,5.540658,5.773083
6433,lm,0,22,0,1.181846,3.013329,3.561291
6435,human,0,64,0,1.268185,2.723661,3.454105
6435,lm,0,10,0,1.100016,6.501301,7.151534
6437,human,0,102,0,1.146134,3.044657,3.489585
6437,lm,0,53,0,1.113559,3.178217,3.539134
6438,human,0,128,0,1.338614,2.486890,3.328987
6438,human,1,128,0,1.200686,3.323696,3.990716
6438,human,2,6,0,1.056830,7.111018,7.515134
6438,lm,0,128,0,1.461380,2.427962,3.548174
6438,lm,1,17,0,0.981747,7.259378,7.126876
6439,human,0,128,0,1.262310,3.044538,3.843150
6439,human,1,81,0,1.088106,4.809843,5.233617
6439,lm,0,128,0,1.232833,3.960797,4.882999
6439,lm,1,128,0,1.087389,3.751702,4.079558
6439,lm,2,128,0,1.065391,4.088698,4.356064
6439,lm,3,128,0,1.151240,4.404681,5.070844
6439,lm,4,112,0,1.076081,4.516597,4.860223
6443,human,0,125,0,1.170039,4.050856,4.739661
6443,lm,0,63,0,1.238212,4.010171,4.965443
6444,human,0,29,0,1.028459,6.358656,6.539618
6444,lm,0,96,0,1.306866,4.208062,5.499373
6445,human,0,25,0,1.048578,6.283592,6.588836
6445,lm,0,9,0,0.994953,5.537174,5.509228
6447,human,0,128,0,1.237000,2.846002,3.520504
6447,human,1,128,0,1.221119,2.590595,3.163424
6447,human,2,128,0,1.057498,3.725736,3.939958
6447,human,3,29,0,1.048646,5.084216,5.331543
6447,lm,0,33,0,1.188943,3.679472,4.374683
6448,human,0,111,0,1.213146,2.835371,3.439719
6448,lm,0,128,0,1.278382,1.987628,2.540948
6448,lm,1,24,0,1.121855,3.778507,4.238937
6449,human,0,128,0,1.038239,4.842676,5.027856
6449,human,1,57,0,1.164055,4.372355,5.089662
6449,lm,0,128,0,1.281900,3.521329,4.513992
6449,lm,1,44,0,1.125917,3.985175,4.486978
6450,human,0,79,0,1.030436,5.229236,5.388393
6450,lm,0,65,0,1.054774,5.327192,5.618984
6451,human,0,73,0,1.163108,3.948238,4.592228
6451,lm,0,21,0,1.042049,5.248755,5.469462
6452,human,0,128,0,1.120287,4.957391,5.553703
6452,human,1,128,0,1.144982,4.249767,4.865908
6452,human,2,111,0,0.985838,4.693888,4.627413
6452,lm,0,22,0,1.010681,6.693087,6.764574
6453,human,0,47,0,1.082928,3.919358,4.244383
6453,lm,0,11,0,1.005320,6.830696,6.867038
6454,human,0,128,0,1.142749,3.519276,4.021648
6454,lm,0,45,0,1.166902,4.460910,5.205444
6456,human,0,14,0,1.006072,6.900049,6.941945
6456,lm,0,19,0,1.068830,5.788144,6.186541
6458,human,0,128,0,1.099366,2.883594,3.170126
6458,human,1,125,0,1.406446,2.273174,3.197098
6458,lm,0,17,0,1.036434,6.273951,6.502535
6459,human,0,128,0,1.072804,1.651892,1.772157
6459,human,1,26,0,1.056004,3.729237,3.938091
6459,lm,0,29,0,1.047697,4.426445,4.637571
646,human,0,75,0,1.222769,2.499585,3.056415
646,lm,0,73,0,1.335139,2.311680,3.086413
6462,human,0,74,0,1.163203,4.329041,5.035555
6462,lm,0,11,0,0.991075,9.551035,9.465789
6463,human,0,90,0,1.101066,3.568303,3.928939
6463,lm,0,61,0,1.244966,3.134385,3.902202
6465,human,0,64,0,1.138237,4.049793,4.609624
6465,lm,0,72,0,1.104550,3.847951,4.250256
6470,human,0,28,0,1.065446,5.506123,5.866475
6470,lm,0,128,0,1.260510,2.374629,2.993243
6470,lm,1,29,0,1.130714,4.471840,5.056371
6471,human,0,107,0,1.170797,3.971114,4.649367
6471,lm,0,42,0,1.110584,3.832961,4.256826
6474,human,0,50,0,1.031739,4.793525,4.945669
6474,lm,0,90,0,1.136271,4.126173,4.688450
6476,human,0,71,0,1.161819,4.464578,5.187031
6476,lm,0,61,0,1.095928,4.699975,5.150832
6477,human,0,128,0,1.057733,4.915205,5.198975
6477,human,1,128,0,1.144590,3.786376,4.333847
6477,human,2,69,0,1.071053,5.107244,5.470131
6477,lm,0,128,0,1.303417,3.423074,4.461693
6477,lm,1,92,0,1.259703,3.288392,4.142396
6478,human,0,128,0,1.243947,2.562160,3.187192
6478,human,1,16,0,1.032000,5.548556,5.726109
6478,lm,0,52,0,1.242558,3.347330,4.159251
6480,human,0,128,0,1.227345,3.413768,4.189873
6480,human,1,128,0,1.168085,3.141943,3.670055
6480,human,2,2,0,0.920414,10.199547,9.387802
6480,lm,0,13,0,1.043596,4.822909,5.033169
6481,human,0,33,0,1.027463,6.996928,7.189083
6481,lm,0,51,0,1.122977,5.152034,5.785615
6483,human,0,62,0,0.957964,6.685172,6.404153
6483,lm,0,57,0,1.268422,3.629767,4.604076
6484,human,0,128,0,1.046753,5.600726,5.862574
6484,human,1,128,0,1.134099,4.050660,4.593849
6484,human,2,35,0,1.111055,4.815767,5.350581
6484,lm,0,128,0,1.223128,3.791168,4.637083
6484,lm,1,128,0,1.149273,3.256551,3.742666
6484,lm,2,43,0,1.084577,5.336979,5.788366
6486,human,0,114,0,1.102615,3.626059,3.998148
6486,lm,0,128,0,1.277353,3.178998,4.060705
6486,lm,1,128,0,1.358001,2.469959,3.354206
6486,lm,2,15,0,0.941809,8.816197,8.303174
6487,human,0,61,0,1.104792,4.697080,5.189298
6487,lm,0,64,0,1.080402,4.126704,4.458498
6488,human,0,49,0,1.157365,2.387314,2.762993
6488,lm,0,82,0,1.511196,1.475978,2.230493
6489,human,0,27,0,1.134414,5.002706,5.675139
6489,lm,0,90,0,1.279784,2.076283,2.657194
649,human,0,128,0,1.214462,3.830967,4.652563
649,human,1,3,0,1.028499,8.840651,9.092598
649,lm,0,80,0,1.318277,2.180780,2.874872
6492,human,0,20,0,1.150473,4.130384,4.751897
6492,lm,0,42,0,1.174330,3.708101,4.354535
6494,human,0,77,0,1.093192,5.270062,5.761191
6494,lm,0,72,0,1.122793,3.885821,4.362973
6495,human,0,77,0,1.224276,3.762875,4.606798
6495,lm,0,67,0,1.214937,3.638173,4.420151
6498,human,0,128,0,1.042357,4.382621,4.568257
6498,human,1,128,0,1.100946,4.420839,4.867104
6498,human,2,128,0,1.197620,3.593779,4.303981
6498,human,3,85,0,1.120970,4.473533,5.014697
6498,lm,0,128,0,1.223779,3.686178,4.511069
6498,lm,1,20,0,1.005785,8.325705,8.373870
65,human,0,81,0,1.191509,4.349158,5.182059
65,lm,0,9,0,0.991007,5.582846,5.532640
650,human,0,73,0,1.241159,3.329697,4.132684
650,lm,0,34,0,1.260018,3.396931,4.280194
6500,human,0,35,0,1.002672,6.009080,6.025139
6500,lm,0,10,0,1.017163,7.326406,7.452152
6501,human,0,22,0,1.021952,6.351830,6.491267
6501,lm,0,126,0,1.332900,2.348444,3.130241
6502,human,0,120,0,1.274730,2.311545,2.946594
6502,lm,0,95,0,1.430244,2.469873,3.532521
6504,human,0,29,0,1.029289,7.434331,7.652072
6504,lm,0,17,0,1.065056,6.130805,6.529649
6506,human,0,26,0,1.000206,4.732543,4.733517
6506,lm,0,49,0,1.158235,3.346090,3.875559
6508,human,0,101,0,1.124063,4.675827,5.255925
6508,lm,0,26,0,1.084632,5.194525,5.634150
651,human,0,25,0,1.145753,3.884521,4.450701
651,lm,0,31,0,1.176982,4.284335,5.042587
6510,human,0,43,0,1.172317,4.444500,5.210362
6510,lm,0,31,0,1.123127,5.101058,5.729136
6512,human,0,116,0,1.122804,3.934902,4.418126
6512,lm,0,108,0,1.187173,3.975048,4.719068
6513,human,0,128,0,1.379374,2.224006,3.067736
6513,human,1,11,0,1.402691,1.582830,2.220221
6513,lm,0,32,0,1.091953,3.346704,3.654442
6515,human,0,128,0,1.090955,4.096445,4.469037
6515,human,1,128,0,1.086921,3.382435,3.676440
6515,human,2,124,0,1.132303,3.828772,4.335330
6515,lm,0,84,0,1.119189,3.840465,4.298204
6517,human,0,78,0,1.141221,3.242374,3.700265
6517,lm,0,34,0,1.038468,5.851170,6.076253
652,human,0,34,0,1.073674,5.755110,6.179110
652,lm,0,29,0,1.184521,3.341077,3.957576
6520,human,0,19,0,1.095920,5.934226,6.503438
6520,lm,0,47,0,1.137362,2.785209,3.167790
6524,human,0,116,0,1.075898,3.925636,4.223584
6524,lm,0,92,0,1.165075,3.246655,3.782595
6526,human,0,45,0,0.997805,6.798125,6.783205
6526,lm,0,128,0,1.334091,3.253116,4.339951
6526,lm,1,115,0,1.238390,2.938195,3.638630
6528,human,0,42,0,1.057835,5.231122,5.533666
6528,lm,0,27,0,1.059969,6.591552,6.986843
6529,human,0,67,0,1.144036,3.811060,4.359992
6529,lm,0,33,0,1.200391,2.971709,3.567212
653,human,0,128,0,1.124812,3.085499,3.470606
653,human,1,121,0,1.179377,2.752008,3.245654
653,lm,0,37,0,1.147057,4.291592,4.922699
6534,human,0,22,0,1.053614,5.855975,6.169936
6534,lm,0,95,0,1.163579,3.723124,4.332148
6535,human,0,113,0,1.250061,3.213102,4.016573
6535,lm,0,68,0,1.250629,3.877145,4.848869
6540,human,0,128,0,1.104349,3.728739,4.117831
6540,human,1,121,0,1.021569,4.876591,4.981773
6540,lm,0,128,0,1.221524,2.766005,3.378741
6540,lm,1,128,0,1.112328,4.397666,4.891649
6540,lm,2,36,0,1.013725,5.239720,5.311636
6545,human,0,128,0,1.170151,2.979065,3.485957
6545,human,1,128,0,1.107615,4.698457,5.204081
6545,human,2,128,0,1.081744,2.173668,2.351353
6545,human,3,128,0,1.080280,3.449727,3.726672
6545,human,4,30,0,1.013767,6.608801,6.699787
6545,lm,0,128,0,1.281842,3.008321,3.856191
6545,lm,1,16,0,1.086661,6.206218,6.744053
6548,human,0,35,0,1.008626,6.633274,6.690492
6548,lm,0,9,0,0.990178,7.294705,7.223055
6549,human,0,128,0,1.242506,3.141935,3.903873
6549,human,1,128,0,1.183974,3.346353,3.961994
6549,human,2,76,0,1.046572,4.125300,4.317424
6549,lm,0,128,0,1.264284,1.602306,2.025769
6549,lm,1,53,0,1.233307,3.776696,4.657827
655,human,0,128,0,1.212837,2.852055,3.459078
655,human,1,107,0,1.197151,3.217392,3.851703
655,lm,0,123,0,1.377172,2.358454,3.247996
6550,human,0,42,0,1.069533,4.050920,4.332590
6550,lm,0,10,0,1.039017,6.362520,6.610764
6554,human,0,37,0,1.121427,4.118690,4.618809
6554,lm,0,54,0,1.224441,3.614474,4.425712
6555,human,0,128,0,1.312337,2.548797,3.344882
6555,human,1,1,0,1.000000,6.669824,6.669824
6555,lm,0,107,0,1.432420,2.255457,3.230760
6557,human,0,128,0,1.110428,4.386269,4.870634
6557,human,1,128,0,1.143939,2.680437,3.066255
6557,human,2,128,0,1.119060,3.865107,4.325285
6557,human,3,128,0,1.057231,4.778059,5.051512
6557,human,4,128,0,1.183252,3.459419,4.093365
6557,human,5,128,0,1.074222,4.284922,4.602957
6557,human,6,128,0,0.989620,4.793118,4.743367
6557,human,7,128,0,1.127593,4.415331,4.978694
6557,human,8,128,0,1.025891,5.174172,5.308138
6557,human,9,128,0,1.192021,2.572290,3.066223
6557,human,10,92,0,1.117974,3.864019,4.319874
6557,lm,0,128,0,1.159080,3.331105,3.861019
6557,lm,1,128,0,1.279422,2.582136,3.303641
6557,lm,2,125,0,1.262309,2.307917,2.913304
6558,human,0,68,0,1.178420,4.437378,5.229094
6558,lm,0,14,0,1.037305,7.633348,7.918107
6559,human,0,54,0,1.178125,2.927080,3.448465
6559,lm,0,10,0,1.013250,6.519155,6.605533
6561,human,0,128,0,1.125553,3.974182,4.473152
6561,human,1,23,0,1.110620,4.917228,5.461173
6561,lm,0,97,0,1.566229,1.545242,2.420203
6562,human,0,128,0,1.280885,2.965345,3.798266
6562,human,1,45,0,1.109694,6.617702,7.343626
6562,lm,0,12,0,1.036943,7.774169,8.061372
6563,human,0,128,0,1.181489,4.113849,4.860468
6563,human,1,128,0,1.226326,2.843300,3.486812
6563,human,2,128,0,1.102000,4.526531,4.988240
6563,human,3,32,0,0.991186,8.241739,8.169098
6563,lm,0,128,0,1.263176,2.930508,3.701746
6563,lm,1,128,0,1.319802,3.135318,4.137999
6563,lm,2,128,0,1.190412,3.012080,3.585618
6563,lm,3,39,0,1.061940,5.542224,5.885512
6566,human,0,128,0,1.213700,3.738719,4.537684
6566,human,1,128,0,1.126963,3.435019,3.871141
6566,human,2,44,0,1.058870,4.882320,5.169744
6566,lm,0,27,0,1.218856,3.780994,4.608488
6570,human,0,43,0,1.218386,3.748494,4.567113
6570,lm,0,128,0,1.242042,3.250405,4.037140
6570,lm,1,15,0,1.056155,6.558908,6.927224
6571,human,0,128,0,1.161785,3.892774,4.522568
6571,human,1,125,0,1.077434,4.427611,4.770457
6571,lm,0,22,0,1.042811,5.940796,6.195126
6575,human,0,128,0,1.066239,3.212271,3.425049
6575,human,1,62,0,1.052476,4.282435,4.507161
6575,lm,0,77,0,1.068531,4.261766,4.553830
6578,human,0,24,0,1.032507,5.916398,6.108721
6578,lm,0,58,0,1.257211,4.148674,5.215760
6579,human,0,15,0,1.070020,3.648223,3.903671
6579,lm,0,128,0,1.338632,2.229569,2.984573
6579,lm,1,21,0,0.987197,5.927551,5.851658
658,human,0,128,0,1.209806,2.923583,3.536967
658,human,1,99,0,1.102089,2.841110,3.131156
658,lm,0,91,0,1.211514,3.143614,3.808532
6581,human,0,128,0,1.157149,3.567899,4.128589
6581,human,1,22,0,0.928267,8.415062,7.811421
6581,lm,0,27,0,1.088512,4.562052,4.965850
6583,human,0,128,0,1.251220,3.437726,4.301350
6583,human,1,4,0,1.006138,10.430582,10.494609
6583,lm,0,56,0,1.106880,5.603210,6.202084
6584,human,0,128,0,1.211238,3.832404,4.641954
6584,human,1,62,0,1.017067,5.704966,5.802332
6584,lm,0,117,0,1.239584,2.746068,3.403980
6587,human,0,16,0,1.015582,6.160337,6.256330
6587,lm,0,79,0,1.187865,4.207870,4.998380
6588,human,0,128,0,1.190517,2.880765,3.429598
6588,human,1,95,0,1.121407,3.930434,4.407617
6588,lm,0,128,0,1.231894,2.574109,3.171028
6588,lm,1,13,0,1.011501,7.195916,7.278673
6589,human,0,59,0,1.093403,4.977354,5.442253
6589,lm,0,24,0,1.075082,5.605786,6.026678
6592,human,0,128,0,1.123951,4.340978,4.879045
6592,human,1,48,0,1.070000,5.511568,5.897377
6592,lm,0,24,0,1.002845,6.073427,6.090706
6593,human,0,84,0,1.153089,3.537899,4.079512
6593,lm,0,50,0,1.152516,2.835756,3.268254
6595,human,0,59,0,1.107049,3.455328,3.825217
6595,lm,0,10,0,1.008412,5.958169,6.008291
6598,human,0,128,0,1.506821,2.299926,3.465576
6598,human,1,92,0,1.069824,4.286697,4.586014
6598,lm,0,10,0,0.991203,10.666465,10.572628
66,human,0,128,0,1.233887,2.935567,3.622158
66,human,1,79,0,1.160933,3.351140,3.890448
66,lm,0,128,0,1.310132,3.129081,4.099510
66,lm,1,128,0,1.198594,3.757638,4.503882
66,lm,2,52,0,1.098772,5.065519,5.565848
6601,human,0,128,0,1.070209,3.538553,3.786993
6601,human,1,128,0,1.040902,4.810130,5.006873
6601,human,2,14,0,0.946473,7.041126,6.664235
6601,lm,0,32,0,1.039507,6.249983,6.496900
6602,human,0,21,0,1.054129,5.756971,6.068590
6602,lm,0,10,0,1.004779,5.991141,6.019773
6603,human,0,57,0,1.211490,4.394027,5.323321
6603,lm,0,46,0,1.194663,3.837354,4.584347
6605,human,0,83,0,1.216176,2.299760,2.796914
6605,lm,0,10,0,1.042894,5.326463,5.554937
6606,human,0,65,0,1.042478,4.874046,5.081087
6606,lm,0,128,0,1.172582,2.668767,3.129348
661,human,0,128,0,1.137196,4.356404,4.954086
661,human,1,128,0,1.177755,3.840244,4.522867
661,human,2,128,0,1.185757,4.272249,5.065848
661,human,3,128,0,1.051978,4.429691,4.659937
661,human,4,88,0,0.960690,6.732953,6.468282
661,lm,0,128,0,1.493286,2.972326,4.438532
661,lm,1,128,0,1.205318,4.159701,5.013762
661,lm,2,128,0,1.225828,3.368189,4.128822
661,lm,3,10,0,1.043712,7.713017,8.050171
6611,human,0,111,0,1.169532,3.366133,3.936799
6611,lm,0,111,0,1.653669,1.630260,2.695910
6612,human,0,110,0,1.180976,2.879223,3.400295
6612,lm,0,76,0,1.173928,3.062230,3.594836
6614,human,0,128,0,1.110860,3.979770,4.420969
6614,human,1,128,0,1.264709,3.585920,4.535145
6614,human,2,90,0,1.058264,5.019765,5.312236
6614,lm,0,10,0,1.013250,9.150340,9.271578
6617,human,0,44,0,1.210776,3.245710,3.929828
6617,lm,0,101,0,1.241225,2.716193,3.371408
6619,human,0,81,0,1.193381,4.081579,4.870880
6619,lm,0,118,0,1.248846,2.099584,2.622056
662,human,0,52,0,1.087751,4.285736,4.661814
662,lm,0,44,0,1.229027,3.508647,4.312221
6620,human,0,20,0,1.111232,3.805279,4.228547
6620,lm,0,51,0,1.141799,3.789026,4.326305
6621,human,0,128,0,1.326792,1.707637,2.265680
6621,human,1,48,0,1.082330,4.158872,4.501271
6621,lm,0,93,0,1.154922,3.495193,4.036674
6625,human,0,55,0,1.107264,4.791389,5.305331
6625,lm,0,128,0,1.348702,2.885045,3.891066
6625,lm,1,128,0,1.211181,3.765700,4.560945
6625,lm,2,96,0,1.129050,4.362739,4.925750
6626,human,0,11,0,1.020522,5.847743,5.967751
6626,lm,0,21,0,1.094530,4.312771,4.720459
6628,human,0,128,0,1.141868,4.084799,4.664302
6628,human,1,128,0,1.020691,3.723031,3.800064
6628,human,2,128,0,1.028073,4.911894,5.049784
6628,human,3,69,0,1.028015,6.240206,6.415024
6628,lm,0,45,0,1.135118,4.211176,4.780184
663,human,0,128,0,1.082698,4.939166,5.347624
663,human,1,128,0,1.149845,2.995264,3.444090
663,human,2,128,0,1.141741,3.756445,4.288888
663,human,3,128,0,1.022970,4.199055,4.295505
663,human,4,128,0,1.098647,3.346786,3.676935
663,human,5,128,0,1.033620,4.738733,4.898049
663,human,6,68,0,1.065758,4.345325,4.631065
663,lm,0,9,0,0.989526,7.163709,7.088680
6630,human,0,40,0,1.152508,3.628340,4.181689
6630,lm,0,38,0,1.147780,4.270767,4.901899
6631,human,0,128,0,1.130357,3.329916,3.763993
6631,human,1,128,0,1.031123,5.145149,5.305280
6631,human,2,128,0,1.059986,5.816982,6.165918
6631,human,3,97,0,1.108979,3.846791,4.266011
6631,lm,0,128,0,1.287031,3.015776,3.881399
6631,lm,1,33,0,1.029924,5.622945,5.791209
6633,human,0,128,0,1.214860,3.202929,3.891110
6633,human,1,107,0,1.143058,3.725107,4.258012
6633,lm,0,11,0,1.034789,5.857512,6.061287
6634,human,0,127,0,1.045334,4.371512,4.569689
6634,lm,0,128,0,1.203561,2.325078,2.798373
6634,lm,1,52,0,1.071906,4.468183,4.789472
6638,human,0,128,0,1.217138,2.733974,3.327624
6638,human,1,128,0,1.058903,4.138031,4.381775
6638,human,2,33,0,1.003903,8.054614,8.086054
6638,lm,0,43,0,1.122431,4.481585,5.030270
6639,human,0,11,0,1.048538,5.143380,5.393031
6639,lm,0,88,0,1.408726,2.120502,2.987206
6640,human,0,128,0,1.240525,3.958950,4.911176
6640,human,1,128,0,1.160381,3.430173,3.980308
6640,human,2,128,0,1.190373,3.806068,4.530641
6640,human,3,128,0,1.008825,4.573439,4.613800
6640,human,4,128,0,1.131750,3.629972,4.108222
6640,human,5,128,0,1.049029,4.351845,4.565213
6640,human,6,57,0,0.976811,5.761282,5.627681
6640,lm,0,48,0,1.207773,2.866958,3.462635
6642,human,0,90,0,1.180000,2.748658,3.243418
6642,lm,0,35,0,1.062517,4.934114,5.242580
6643,human,0,128,0,1.156606,3.781503,4.373709
6643,human,1,128,0,0.933428,6.935690,6.473965
6643,human,2,128,0,1.089386,3.584207,3.904584
6643,human,3,70,0,0.953477,7.756467,7.395612
6643,lm,0,51,0,1.062842,5.637557,5.991833
6644,human,0,93,0,1.155481,3.649018,4.216371
6644,lm,0,13,0,1.041166,6.452558,6.718183
6645,human,0,39,0,1.086247,5.415280,5.882333
6645,lm,0,29,0,1.075863,4.109126,4.420856
6646,human,0,40,0,1.132956,2.178534,2.468183
6646,lm,0,117,0,1.539313,1.367972,2.105738
6649,human,0,128,0,1.278703,2.790313,3.567983
6649,human,1,128,0,1.152754,3.763105,4.337933
6649,human,2,128,0,1.162378,3.928597,4.566516
6649,human,3,128,0,1.125270,3.692852,4.155457
6649,human,4,128,0,1.097180,5.302737,5.818059
6649,human,5,128,0,1.210210,3.603527,4.361023
6649,human,6,105,0,1.174011,3.491727,4.099324
6649,lm,0,48,0,1.169403,4.868519,5.693261
665,human,0,56,0,1.160405,3.981270,4.619887
665,lm,0,20,0,1.106097,4.644746,5.137540
6650,human,0,37,0,1.017150,6.128934,6.234045
6650,lm,0,124,0,1.256206,2.343166,2.943500
6651,human,0,76,0,1.131717,3.953753,4.474529
6651,lm,0,128,0,1.221038,2.930067,3.577724
6651,lm,1,115,0,1.188074,2.705322,3.214122
6652,human,0,50,0,1.103250,5.177773,5.712378
6652,lm,0,11,0,1.049501,7.873106,8.262832
6656,human,0,78,0,1.168514,3.026248,3.536212
6656,lm,0,128,0,1.289224,2.840361,3.661863
6656,lm,1,2,0,1.100222,4.242846,4.668073
6658,human,0,47,0,1.153287,2.817494,3.249378
6658,lm,0,102,0,1.454209,2.050237,2.981473
6661,human,0,128,0,1.132613,3.959566,4.484655
6661,human,1,122,0,1.132271,3.360035,3.804469
6661,lm,0,98,0,1.227427,3.456831,4.243007
6663,human,0,29,0,1.005932,5.413881,5.445998
6663,lm,0,71,0,1.390376,2.521058,3.505219
6664,human,0,128,0,1.221939,2.671544,3.264463
6664,human,1,115,0,1.151906,3.468324,3.995183
6664,lm,0,128,0,1.400713,1.751648,2.453555
6664,lm,1,113,0,1.271508,2.449800,3.114941
6666,human,0,128,0,1.009147,5.621971,5.673395
6666,human,1,128,0,1.054770,4.568958,4.819201
6666,human,2,47,0,1.083864,4.968951,5.385666
6666,lm,0,56,0,1.252296,2.966572,3.715028
6667,human,0,74,0,1.109551,3.867649,4.291353
6667,lm,0,71,0,1.217562,3.607188,4.391976
6668,human,0,70,0,1.142938,3.692790,4.220630
6668,lm,0,26,0,0.997137,6.073105,6.055715
6671,human,0,41,0,1.145047,3.159118,3.617338
6671,lm,0,11,0,1.148272,3.819222,4.385506
6672,human,0,46,0,1.097198,6.414087,7.037526
6672,lm,0,9,0,0.962518,7.716510,7.427277
6673,human,0,128,0,1.101206,4.445564,4.895480
6673,human,1,128,0,1.195113,2.549244,3.046636
6673,human,2,39,0,1.144132,3.859126,4.415350
6673,lm,0,64,0,1.195362,3.764984,4.500519
6675,human,0,128,0,1.204078,4.325836,5.208643
6675,human,1,128,0,1.264211,3.577540,4.522765
6675,human,2,59,0,1.110156,3.471712,3.854142
6675,lm,0,74,0,1.222672,3.600795,4.402590
6676,human,0,33,0,1.077013,5.489756,5.912540
6676,lm,0,65,0,1.093306,5.027458,5.496552
6677,human,0,128,0,1.118084,3.677981,4.112293
6677,human,1,128,0,1.219843,3.541134,4.319627
6677,human,2,128,0,1.197853,3.581516,4.290131
6677,human,3,78,0,1.147200,4.748219,5.447156
6677,lm,0,50,0,1.336018,2.811699,3.756480
6679,human,0,38,0,1.056148,5.260069,5.555409
6679,lm,0,16,0,1.079938,5.427449,5.861311
668,human,0,99,0,1.255759,3.559036,4.469290
668,lm,0,106,0,1.384493,2.750909,3.808616
6682,human,0,45,0,1.150272,3.553008,4.086927
6682,lm,0,50,0,1.618862,2.083257,3.372505
6684,human,0,37,0,1.028171,6.188022,6.362345
6684,lm,0,95,0,1.249714,4.102791,5.127314
6686,human,0,115,0,1.046674,4.594547,4.808993
6686,lm,0,79,0,1.196319,3.455600,4.134001
6687,human,0,51,0,1.156192,2.724043,3.149518
6687,lm,0,32,0,1.204130,3.755585,4.522213
6688,human,0,128,0,1.134602,3.869831,4.390719
6688,human,1,128,0,1.101779,3.975338,4.379944
6688,human,2,80,0,1.050109,4.023398,4.225007
6688,lm,0,18,0,1.025289,7.451931,7.640385
6690,human,0,86,0,1.174810,2.904672,3.412439
6690,lm,0,25,0,1.096969,5.188123,5.691209
6691,human,0,63,0,1.101143,3.707083,4.082029
6691,lm,0,8,0,1.121989,5.120004,5.744589
6695,human,0,121,0,1.168383,3.143423,3.672721
6695,lm,0,42,0,1.058875,5.191845,5.497515
6701,human,0,114,0,1.057755,4.186795,4.428603
6701,lm,0,14,0,1.035951,8.232836,8.528812
6708,human,0,40,0,1.118143,1.820351,2.035412
6708,lm,0,128,0,1.390519,2.017619,2.805538
6708,lm,1,121,0,1.198290,3.658927,4.384454
6710,human,0,20,0,1.049154,5.247465,5.505398
6710,lm,0,12,0,1.032469,6.871226,7.094330
6712,human,0,61,0,1.023099,5.967596,6.105442
6712,lm,0,11,0,1.000318,8.991544,8.994404
6717,human,0,36,0,1.089172,4.909606,5.347407
6717,lm,0,33,0,1.208810,4.236779,5.121460
6720,human,0,16,0,1.020479,8.009642,8.173672
6720,lm,0,60,0,1.090561,4.906565,5.350908
6722,human,0,55,0,1.067039,4.820549,5.143713
6722,lm,0,19,0,0.997663,6.738187,6.722441
6725,human,0,104,0,1.147674,3.722435,4.272140
6725,lm,0,82,0,1.279979,2.532669,3.241763
6726,human,0,59,0,1.126573,3.981086,4.484984
6726,lm,0,12,0,1.039951,5.949779,6.187481
673,human,0,47,0,1.046543,5.206144,5.448451
673,lm,0,19,0,1.075449,2.502735,2.691563
6730,human,0,128,0,1.160694,3.914234,4.543230
6730,human,1,44,0,1.098218,4.530334,4.975293
6730,lm,0,88,0,1.369289,2.748638,3.763681
6733,human,0,24,0,1.042911,4.968148,5.181337
6733,lm,0,128,0,1.364920,3.204919,4.374457
6733,lm,1,69,0,1.155424,4.314354,4.984908
6737,human,0,72,0,1.046432,5.777223,6.045471
6737,lm,0,32,0,1.031595,5.296934,5.464289
6738,human,0,24,0,1.042067,5.259099,5.480332
6738,lm,0,128,0,1.485625,2.002999,2.975706
6738,lm,1,105,0,1.422272,1.663490,2.365935
674,human,0,128,0,1.388236,2.195337,3.047646
674,human,1,6,0,1.015453,6.556094,6.657406
674,lm,0,128,0,1.270838,3.130805,3.978748
674,lm,1,4,0,1.075510,4.847845,5.213908
6744,human,0,35,0,1.010489,5.324389,5.380239
6744,lm,0,10,0,0.954907,11.255716,10.748164
6745,human,0,128,0,1.069496,3.600797,3.851039
6745,human,1,128,0,1.105162,4.123435,4.557066
6745,human,2,79,0,1.005025,5.311662,5.338353
6745,lm,0,25,0,1.067398,4.078167,4.353027
6747,human,0,128,0,1.126831,3.858401,4.347767
6747,human,1,75,0,1.176843,3.395400,3.995853
6747,lm,0,64,0,1.244022,3.906283,4.859502
6748,human,0,125,0,1.155502,3.303355,3.817032
6748,lm,0,39,0,1.070732,4.058337,4.345390
6749,human,0,103,0,1.234997,3.167233,3.911523
6749,lm,0,128,0,1.394443,2.142982,2.988266
675,human,0,72,0,1.052145,2.892257,3.043073
675,lm,0,17,0,1.009652,5.006348,5.054667
6752,human,0,128,0,1.089630,4.213737,4.591416
6752,human,1,19,0,1.039995,6.085749,6.329145
6752,lm,0,94,0,1.183993,3.491547,4.133968
6754,human,0,128,0,1.201180,2.800183,3.363523
6754,human,1,128,0,0.973907,5.632747,5.485770
6754,human,2,30,0,1.101916,5.288438,5.827413
6754,lm,0,88,0,1.145172,3.462997,3.965727
6756,human,0,128,0,1.119642,3.252994,3.642188
6756,human,1,128,0,1.266085,2.583544,3.270987
6756,human,2,128,0,1.061755,4.320441,4.587249
6756,human,3,12,0,1.025775,7.303293,7.491537
6756,lm,0,111,0,1.254631,2.955112,3.707576
6759,human,0,128,0,1.224734,2.463239,3.016813
6759,human,1,128,0,1.272456,2.441006,3.106072
6759,human,2,22,0,1.078252,5.201890,5.608949
6759,lm,0,10,0,1.004322,7.280125,7.311592
6760,human,0,36,0,1.230235,4.152241,5.108232
6760,lm,0,81,0,1.168156,2.699005,3.152859
6761,human,0,46,0,1.103370,5.325202,5.875670
6761,lm,0,35,0,1.091178,4.948448,5.399636
6762,human,0,128,0,1.161914,3.717664,4.319604
6762,human,1,128,0,1.136473,4.934081,5.607448
6762,human,2,55,0,1.126347,4.080596,4.596169
6762,lm,0,128,0,1.204389,4.040292,4.866084
6762,lm,1,61,0,1.164277,4.016663,4.676510
6763,human,0,115,0,1.317768,2.103749,2.772252
6763,lm,0,128,0,1.267535,2.736836,3.469035
6763,lm,1,117,0,1.034856,4.585330,4.745155
6764,human,0,128,0,1.163283,1.941072,2.258016
6764,human,1,9,0,1.062540,4.883242,5.188639
6764,lm,0,128,0,1.371928,1.476533,2.025698
6764,lm,1,128,0,1.304842,2.194750,2.863803
6764,lm,2,117,0,1.130766,2.340722,2.646810
6765,human,0,35,0,1.161187,4.794587,5.567412
6765,lm,0,16,0,1.071821,6.473615,6.938553
6766,human,0,128,0,1.171131,3.829429,4.484765
6766,human,1,128,0,1.145544,3.573833,4.093983
6766,human,2,19,0,1.035273,6.741147,6.978924
6766,lm,0,86,0,1.268557,2.964845,3.761073
6768,human,0,59,0,1.075239,4.547028,4.889141
6768,lm,0,11,0,1.089092,4.937430,5.377317
6772,human,0,128,0,1.296501,2.090965,2.710939
6772,human,1,128,0,1.153451,3.527684,4.069012
6772,human,2,26,0,1.183731,4.218135,4.993139
6772,lm,0,44,0,1.216815,4.092013,4.979222
6773,human,0,128,0,1.307772,2.213601,2.894885
6773,human,1,87,0,1.079229,4.441788,4.793706
6773,lm,0,87,0,1.293910,2.572304,3.328329
6778,human,0,25,0,1.073663,4.229198,4.540732
6778,lm,0,128,0,1.286789,3.413809,4.392853
6778,lm,1,87,0,1.275424,3.092977,3.944859
6779,human,0,47,0,1.091484,4.392406,4.794241
6779,lm,0,87,0,1.174992,3.749482,4.405612
678,human,0,54,0,1.086591,4.559095,4.953870
678,lm,0,57,0,1.241247,3.016622,3.744372
6783,human,0,74,0,1.224980,3.225578,3.951269
6783,lm,0,71,0,1.192031,3.901282,4.650450
6784,human,0,128,0,1.096010,4.222642,4.628059
6784,human,1,117,0,1.100618,3.803587,4.186298
6784,lm,0,128,0,1.320131,2.979146,3.932861
6784,lm,1,128,0,1.159762,3.409452,3.954154
6784,lm,2,125,0,1.272985,2.171364,2.764115
6788,human,0,52,0,1.132896,4.310811,4.883699
6788,lm,0,10,0,1.056881,3.792678,4.008410
6789,human,0,77,0,1.216037,3.442344,4.186018
6789,lm,0,49,0,1.228403,3.584558,4.403281
6793,human,0,9,0,1.063105,5.940485,6.315360
6793,lm,0,42,0,1.167405,4.160650,4.857162
6796,human,0,64,0,1.144830,4.206781,4.816049
6796,lm,0,32,0,1.138046,3.437304,3.911811
6798,human,0,48,0,1.180364,4.371912,5.160449
6798,lm,0,52,0,1.224179,4.060309,4.970544
6799,human,0,128,0,1.105188,2.957644,3.268753
6799,human,1,43,0,1.060028,4.377184,4.639938
6799,lm,0,84,0,1.300671,2.682881,3.489546
6800,human,0,128,0,1.171466,2.982829,3.494283
6800,human,1,107,0,1.117928,4.926010,5.506927
6800,lm,0,128,0,1.367327,2.352639,3.216827
6800,lm,1,122,0,1.094784,3.227576,3.533499
6801,human,0,17,0,1.064518,4.721321,5.025933
6801,lm,0,3,0,1.013329,7.754317,7.857675
6802,human,0,15,0,1.033282,5.519087,5.702774
6802,lm,0,27,0,1.215928,3.916801,4.762550
6804,human,0,24,0,1.014885,5.290272,5.369020
6804,lm,0,30,0,1.075004,4.595382,4.940054
6805,human,0,63,0,1.144936,3.407245,3.901077
6805,lm,0,29,0,1.147383,5.016236,5.755544
6806,human,0,105,0,1.257703,1.620341,2.037909
6806,lm,0,10,0,1.008773,4.087796,4.123657
6808,human,0,64,0,1.103655,5.060492,5.585037
6808,lm,0,9,0,1.023126,7.073793,7.237385
6809,human,0,34,0,1.034294,5.227091,5.406348
6809,lm,0,17,0,1.083630,5.800141,6.285205
6812,human,0,34,0,1.045989,3.456099,3.615041
6812,lm,0,11,0,1.067183,4.921956,5.252629
6813,human,0,58,0,1.089836,5.280550,5.754933
6813,lm,0,96,0,1.256300,3.165794,3.977188
6814,human,0,91,0,1.040379,6.000683,6.242987
6814,lm,0,66,0,1.042386,5.070530,5.285452
6815,human,0,128,0,1.112085,5.115004,5.688321
6815,human,1,34,0,1.010591,7.398561,7.476921
6815,lm,0,5,0,1.016599,8.264722,8.401911
6817,human,0,120,0,1.241795,2.959223,3.674750
6817,lm,0,128,0,1.378238,3.385679,4.666270
6817,lm,1,19,0,0.970117,9.553498,9.268010
6819,human,0,112,0,1.101826,3.313646,3.651062
6819,lm,0,58,0,1.455848,2.653959,3.863760
682,human,0,93,0,1.243886,3.112912,3.872107
682,lm,0,21,0,1.144193,5.100032,5.835423
6820,human,0,54,0,1.049115,4.096862,4.298081
6820,lm,0,94,0,1.171538,4.117042,4.823273
6821,human,0,128,0,1.208834,2.878227,3.479298
6821,human,1,16,0,1.113431,5.190974,5.779793
6821,lm,0,128,0,1.519086,2.170995,3.297929
6821,lm,1,128,0,1.377852,2.419858,3.334207
6821,lm,2,35,0,1.138179,4.439161,5.052558
6822,human,0,128,0,1.223448,3.358229,4.108620
6822,human,1,128,0,1.174417,3.120784,3.665101
6822,human,2,85,0,1.137922,3.437942,3.912108
6822,lm,0,128,0,1.400291,2.664284,3.730775
6822,lm,1,33,0,1.084902,5.016055,5.441928
6823,human,0,90,0,1.305195,2.648511,3.456824
6823,lm,0,91,0,1.308698,2.443163,3.197362
6825,human,0,38,0,1.080738,4.792321,5.179245
6825,lm,0,10,0,0.957115,8.821083,8.442792
6826,human,0,24,0,1.219807,2.754414,3.359852
6826,lm,0,128,0,1.462834,2.079649,3.042181
6826,lm,1,128,0,1.243103,3.321245,4.128652
6826,lm,2,37,0,1.030619,5.095239,5.251249
6827,human,0,87,0,1.198142,4.193120,5.023955
6827,lm,0,27,0,0.986189,6.429133,6.340338
6830,human,0,128,0,1.246796,3.240646,4.040425
6830,human,1,76,0,1.170443,2.611155,3.056207
6830,lm,0,51,0,1.249367,3.175719,3.967638
6831,human,0,128,0,1.266211,3.348124,4.239430
6831,human,1,128,0,1.059120,2.783518,2.948080
6831,human,2,128,0,1.250331,2.925724,3.658122
6831,human,3,128,0,1.026955,3.384701,3.475935
6831,human,4,20,0,0.984587,7.108952,6.999384
6831,lm,0,128,0,1.187950,2.132810,2.533670
6831,lm,1,67,0,1.122157,3.019078,3.387880
6833,human,0,71,0,1.224041,3.394015,4.154415
6833,lm,0,51,0,1.199894,3.024961,3.629631
6834,human,0,46,0,1.190622,3.483615,4.147671
6834,lm,0,20,0,1.097478,4.881222,5.357032
6835,human,0,24,0,1.010226,5.621960,5.679451
6835,lm,0,107,0,1.177110,3.554820,4.184415
6837,human,0,128,0,1.183815,3.020276,3.575447
6837,human,1,21,0,1.065106,4.460256,4.750644
6837,lm,0,128,0,1.476603,1.924452,2.841652
6837,lm,1,86,0,1.141088,3.020861,3.447068
6838,human,0,62,0,1.117050,3.199378,3.573864
6838,lm,0,128,0,1.415805,2.854880,4.041953
6839,human,0,128,0,1.172901,3.337065,3.914046
6839,human,1,128,0,1.164209,4.035159,4.697768
6839,human,2,72,0,0.996873,6.049084,6.030170
6839,lm,0,57,0,1.212752,4.620720,5.603789
6842,human,0,105,0,1.146854,2.911583,3.339161
6842,lm,0,73,0,1.190133,4.425689,5.267161
6848,human,0,128,0,1.220234,3.575499,4.362944
6848,human,1,67,0,1.403176,4.250193,5.963770
6848,lm,0,59,0,1.269887,3.409620,4.329833
685,human,0,116,0,1.173166,2.589789,3.038253
685,lm,0,86,0,1.229515,3.025702,3.720144
6852,human,0,59,0,1.228168,3.607455,4.430560
6852,lm,0,66,0,1.125345,3.573171,4.021051
6853,human,0,42,0,1.125370,4.518924,5.085462
6853,lm,0,128,0,1.396069,2.970993,4.147710
6853,lm,1,112,0,1.334906,3.081428,4.113415
6854,human,0,128,0,1.173485,2.891804,3.393488
6854,human,1,128,0,1.181550,3.418897,4.039597
6854,human,2,128,0,1.177033,3.053467,3.594031
6854,human,3,14,0,1.018730,6.720882,6.846766
6854,lm,0,18,0,1.157075,4.463160,5.164210
6855,human,0,101,0,1.250539,2.746519,3.434628
6855,lm,0,128,0,1.389543,2.791835,3.879375
6855,lm,1,85,0,1.233835,3.451967,4.259159
6857,human,0,75,0,1.153587,4.665088,5.381587
6857,lm,0,112,0,1.223258,3.007060,3.678411
6858,human,0,53,0,1.048429,3.571398,3.744357
6858,lm,0,88,0,1.264803,2.177965,2.754697
6859,human,0,128,0,1.159867,3.563273,4.132922
6859,human,1,119,0,1.136931,3.814176,4.336454
6859,lm,0,128,0,1.450186,2.806830,4.070427
6859,lm,1,115,0,1.123050,4.209188,4.727129
6863,human,0,128,0,1.142222,4.977863,5.685825
6863,human,1,128,0,1.122830,4.280709,4.806507
6863,human,2,128,0,1.185539,4.767498,5.652055
6863,human,3,35,0,1.060122,6.449382,6.837131
6863,lm,0,89,0,1.466685,2.667532,3.912428
6865,human,0,51,0,1.049675,5.697332,5.980347
6865,lm,0,61,0,1.237755,4.088497,5.060557
6866,human,0,25,0,0.997555,4.996260,4.984045
6866,lm,0,19,0,1.093976,4.611004,5.044327
6869,human,0,56,0,1.023927,6.539700,6.696177
6869,lm,0,36,0,1.024457,5.459170,5.592683
687,human,0,128,0,1.178095,2.668356,3.143576
687,human,1,45,0,1.186435,4.626303,5.488808
687,lm,0,41,0,1.318802,2.089614,2.755787
6870,human,0,32,0,1.029818,6.593600,6.790209
6870,lm,0,128,0,1.220032,4.571776,5.577713
6870,lm,1,128,0,1.213088,2.956268,3.586211
6870,lm,2,128,0,1.071872,3.551646,3.806910
6870,lm,3,3,0,1.798395,2.833213,5.095236
6875,human,0,67,0,1.088410,4.327687,4.710300
6875,lm,0,37,0,1.114029,4.559706,5.079646
6877,human,0,61,0,1.069378,3.787029,4.049764
6877,lm,0,19,0,1.062294,6.092969,6.472523
6880,human,0,128,0,1.151269,3.407090,3.922477
6880,human,1,128,0,1.151142,1.832904,2.109932
6880,human,2,63,0,1.059411,3.792754,4.018084
6880,lm,0,90,0,1.341723,2.249315,3.017957
6883,human,0,37,0,1.130642,3.884480,4.391958
6883,lm,0,27,0,1.139973,4.289545,4.889965
6886,human,0,128,0,1.126637,3.996781,4.502922
6886,human,1,128,0,1.162774,3.759680,4.371660
6886,human,2,128,0,1.200049,4.163091,4.995914
6886,human,3,128,0,1.208193,3.785482,4.573593
6886,human,4,54,0,1.067994,4.990345,5.329658
6886,lm,0,128,0,1.171735,3.919757,4.592918
6886,lm,1,9,0,1.055139,7.308010,7.710969
6889,human,0,128,0,1.203993,3.953076,4.759477
6889,human,1,128,0,0.992786,4.970037,4.934184
6889,human,2,28,0,1.027518,5.258071,5.402761
6889,lm,0,69,0,1.264735,2.952217,3.733772
6890,human,0,100,0,1.155965,2.866226,3.313256
6890,lm,0,120,0,1.155876,2.545411,2.942179
6892,human,0,116,0,1.100180,3.353772,3.689754
6892,lm,0,15,0,0.999125,6.663812,6.657978
6893,human,0,35,0,1.097643,4.421576,4.853310
6893,lm,0,10,0,1.073889,5.857394,6.290191
6897,human,0,128,0,1.176664,2.510158,2.953612
6897,human,1,128,0,1.083100,4.181307,4.528775
6897,human,2,26,0,1.020310,6.730803,6.867504
6897,lm,0,52,0,1.017140,4.660356,4.740232
6898,human,0,128,0,1.202568,3.458959,4.159635
6898,human,1,123,0,1.167920,3.101303,3.622074
6898,lm,0,47,0,1.233509,3.859287,4.760466
69,human,0,128,0,1.189958,3.303376,3.930879
69,human,1,17,0,0.989229,7.102271,7.025772
69,lm,0,70,0,1.149239,3.077547,3.536837
690,human,0,74,0,1.068365,4.900059,5.235052
690,lm,0,63,0,1.067845,4.345716,4.640549
6900,human,0,128,0,1.071280,3.945613,4.226855
6900,human,1,128,0,1.121275,3.675614,4.121372
6900,human,2,128,0,1.086956,4.068606,4.422396
6900,human,3,128,0,1.060935,4.822866,5.116748
6900,human,4,74,0,1.139328,4.546608,5.180078
6900,lm,0,128,0,1.428595,2.293616,3.276647
6900,lm,1,128,0,1.074016,4.396803,4.722238
6900,lm,2,125,0,1.172027,3.920516,4.594950
6901,human,0,128,0,1.250821,2.789206,3.488796
6901,human,1,128,0,1.189115,3.841374,4.567834
6901,human,2,128,0,1.118376,4.594285,5.138140
6901,human,3,128,0,1.075834,4.850539,5.218375
6901,human,4,128,0,0.991325,4.969654,4.926541
6901,human,5,128,0,1.005783,5.160393,5.190234
6901,human,6,128,0,1.101292,4.565063,5.027470
6901,human,7,36,0,1.042043,5.404471,5.631693
6901,lm,0,128,0,1.236630,3.132311,3.873511
6901,lm,1,128,0,1.390099,2.376799,3.303986
6901,lm,2,3,0,1.043995,8.220423,8.582080
6902,human,0,17,0,1.076405,4.725896,5.086977
6902,lm,0,5,0,1.019528,5.658832,5.769336
6903,human,0,73,0,1.074953,5.110443,5.493485
6903,lm,0,12,0,1.027502,6.695383,6.879516
6908,human,0,128,0,1.289294,2.587354,3.335858
6908,human,1,38,0,1.084540,6.443948,6.988722
6908,lm,0,19,0,1.201601,4.294762,5.160590
691,human,0,128,0,1.154623,3.890655,4.492238
691,human,1,128,0,1.104154,5.259726,5.807547
691,human,2,51,0,1.077293,4.991923,5.377762
691,lm,0,23,0,1.035467,6.090596,6.306609
6910,human,0,52,0,1.180449,4.084768,4.821859
6910,lm,0,11,0,0.988628,6.041324,5.972623
6911,human,0,128,0,1.234259,2.364572,2.918495
6911,human,1,128,0,1.076001,5.073552,5.459147
6911,human,2,108,0,1.087158,4.555602,4.952659
6911,lm,0,42,0,1.174366,4.529910,5.319774
6912,human,0,128,0,1.476277,2.148870,3.172326
6912,human,1,63,0,1.111317,4.494080,4.994345
6912,lm,0,83,0,1.400772,2.305547,3.229545
6914,human,0,107,0,1.210666,2.320485,2.809332
6914,lm,0,10,0,1.018638,6.874635,7.002767
6917,human,0,17,0,1.062996,6.031512,6.411476
6917,lm,0,22,0,1.013276,5.263164,5.333036
6920,human,0,128,0,1.189810,2.140837,2.547189
6920,human,1,20,0,1.049267,4.026568,4.224943
6920,lm,0,31,0,1.097590,4.063015,4.459522
6922,human,0,128,0,1.156620,3.327252,3.848367
6922,human,1,128,0,1.207348,2.321261,2.802570
6922,human,2,128,0,1.114140,3.420901,3.811364
6922,human,3,88,0,1.120163,3.831922,4.292379
6922,lm,0,68,0,1.194597,2.400671,2.867833
6923,human,0,117,0,1.110617,3.844709,4.270002
6923,lm,0,21,0,1.066728,5.041361,5.377763
6924,human,0,44,0,1.086326,5.030777,5.465063
6924,lm,0,44,0,1.101255,5.528697,6.088504
6925,human,0,111,0,1.180350,3.358400,3.964089
6925,lm,0,81,0,1.401403,2.401468,3.365424
6926,human,0,87,0,1.085498,3.647160,3.958986
6926,lm,0,66,0,1.155225,3.462135,3.999544
6927,human,0,128,0,1.205214,2.722428,3.281108
6927,human,1,117,0,1.127178,3.684552,4.153148
6927,lm,0,47,0,1.230142,3.497106,4.301937
693,human,0,87,0,1.103583,4.029201,4.446559
693,lm,0,81,0,1.146512,2.969306,3.404343
6930,human,0,56,0,1.122513,4.487591,5.037379
6930,lm,0,10,0,1.050141,4.647817,4.880864
6931,human,0,128,0,1.110437,3.719302,4.130052
6931,human,1,128,0,1.123367,3.846557,4.321096
6931,human,2,16,0,1.010103,5.107194,5.158791
6931,lm,0,19,0,0.996334,7.188040,7.161686
6933,human,0,128,0,1.076201,3.836719,4.129082
6933,human,1,128,0,1.033095,4.437607,4.584468
6933,human,2,86,0,1.044752,3.999124,4.178092
6933,lm,0,128,0,1.252589,3.496567,4.379763
6933,lm,1,128,0,1.251112,3.389766,4.240977
6933,lm,2,128,0,1.290482,2.915784,3.762766
6933,lm,3,120,0,1.213441,3.229265,3.918522
6934,human,0,80,0,1.109443,4.410323,4.893001
6934,lm,0,113,0,1.509620,2.602098,3.928180
6937,human,0,64,0,1.248086,2.942594,3.672610
6937,lm,0,38,0,1.257600,3.572746,4.493087
6939,human,0,49,0,1.107545,3.860427,4.275595
6939,lm,0,46,0,1.144038,3.339454,3.820462
694,human,0,124,0,1.176796,2.853821,3.358366
694,lm,0,45,0,1.130610,4.712324,5.327798
6940,human,0,27,0,1.098656,5.129594,5.635660
6940,lm,0,11,0,1.051854,5.824937,6.126984
6941,human,0,128,0,1.148638,2.079993,2.389159
6941,human,1,73,0,1.152719,2.929020,3.376337
6941,lm,0,128,0,1.360431,1.958566,2.664495
6941,lm,1,118,0,1.281305,2.783870,3.566988
6942,human,0,128,0,1.098730,3.202890,3.519112
6942,human,1,89,0,1.035563,4.952459,5.128585
6942,lm,0,47,0,1.046459,5.082359,5.318482
6943,human,0,128,0,1.020950,3.613546,3.689248
6943,human,1,5,0,0.992106,10.276721,10.195596
6943,lm,0,12,0,1.017136,5.001556,5.087260
6944,human,0,70,0,1.104443,4.101797,4.530203
6944,lm,0,64,0,1.144728,5.065761,5.798916
6946,human,0,67,0,1.141849,3.367001,3.844606
6946,lm,0,20,0,1.073241,6.199040,6.653062
6947,human,0,41,0,1.074649,4.182459,4.494677
6947,lm,0,17,0,1.272079,1.974501,2.511722
6949,human,0,67,0,1.015597,5.116158,5.195955
6949,lm,0,19,0,0.949815,7.958864,7.559451
6951,human,0,128,0,1.141345,3.346316,3.819300
6951,human,1,67,0,1.015040,4.199291,4.262449
6951,lm,0,53,0,1.096729,4.135380,4.535392
6955,human,0,128,0,1.297782,2.541197,3.297921
6955,human,1,32,0,1.055296,5.063876,5.343887
6955,lm,0,128,0,1.167386,3.589427,4.190247
6955,lm,1,73,0,1.125263,3.537564,3.980689
6957,human,0,128,0,1.458676,2.430849,3.545821
6957,human,1,8,0,1.050525,6.404330,6.727908
6957,lm,0,49,0,1.082126,4.343076,4.699755
696,human,0,128,0,1.108550,3.796872,4.209021
696,lm,0,107,0,1.256359,2.714966,3.410972
6961,human,0,90,0,1.092744,3.570596,3.901745
6961,lm,0,128,0,1.706626,1.601890,2.733827
6961,lm,1,40,0,1.080150,4.745936,5.126322
6962,human,0,128,0,1.161033,3.425651,3.977294
6962,human,1,28,0,0.994303,5.641098,5.608958
6962,lm,0,42,0,1.023227,5.216733,5.337900
6963,human,0,37,0,1.003575,6.077199,6.098926
6963,lm,0,9,0,1.028250,5.374795,5.526631
6964,human,0,64,0,1.089392,4.220013,4.597250
6964,lm,0,53,0,1.142110,4.305968,4.917887
6966,human,0,128,0,1.250105,2.601988,3.252757
6966,human,1,128,0,1.070050,3.547198,3.795680
6966,human,2,16,0,1.056304,6.777400,7.158997
6966,lm,0,40,0,1.271709,3.651384,4.643498
697,human,0,128,0,1.194244,2.986780,3.566945
697,human,1,128,0,1.169744,3.277736,3.834111
697,human,2,112,0,1.286421,1.524789,1.961520
697,lm,0,128,0,1.985000,1.033206,2.050915
697,lm,1,107,0,1.189258,3.179262,3.780963
6970,human,0,128,0,1.199514,3.442022,4.128751
6970,human,1,128,0,1.098486,5.233389,5.748806
6970,human,2,128,0,1.059144,5.235513,5.545162
6970,human,3,49,0,1.048579,4.405416,4.619429
6970,lm,0,106,0,1.304772,2.469202,3.221745
6971,human,0,77,0,1.138622,3.975372,4.526444
6971,lm,0,77,0,1.173297,3.522607,4.133063
6972,human,0,102,0,1.201468,2.360295,2.835819
6972,lm,0,128,0,1.377428,2.092910,2.882834
6972,lm,1,128,0,1.234310,3.027683,3.737100
6972,lm,2,128,0,1.071623,3.325820,3.564024
6972,lm,3,16,0,1.087894,5.573267,6.063126
6975,human,0,128,0,1.159118,2.907522,3.370162
6975,human,1,11,0,1.065008,3.396102,3.616877
6975,lm,0,38,0,1.519762,1.714600,2.605784
6977,human,0,70,0,1.111066,3.178080,3.531056
6977,lm,0,66,0,1.133848,4.388342,4.975715
6979,human,0,85,0,1.388747,2.148834,2.984187
6979,lm,0,55,0,1.175562,4.510437,5.302299
6981,human,0,75,0,1.154090,3.859542,4.454259
6981,lm,0,31,0,1.284843,2.911880,3.741308
6982,human,0,107,0,1.059577,5.430929,5.754488
6982,lm,0,27,0,1.026552,5.523535,5.670195
6983,human,0,51,0,1.096617,4.256174,4.667394
6983,lm,0,11,0,0.978054,9.801455,9.586357
6985,human,0,67,0,1.175654,3.805571,4.474034
6985,lm,0,10,0,1.008857,5.933368,5.985920
6987,human,0,128,0,1.383200,2.013782,2.785463
6987,human,1,19,0,1.037775,5.305966,5.506399
6987,lm,0,128,0,1.407198,2.746364,3.864679
6987,lm,1,9,0,1.012650,5.802676,5.876077
6988,human,0,15,0,1.064176,5.587730,5.946329
6988,lm,0,18,0,1.069591,4.389073,4.694512
699,human,0,43,0,1.075948,6.049760,6.509226
699,lm,0,15,0,1.065073,6.838158,7.283137
6990,human,0,23,0,1.048306,5.726745,6.003381
6990,lm,0,49,0,1.145964,3.524172,4.038572
6991,human,0,40,0,1.077807,4.994721,5.383348
6991,lm,0,9,0,0.986787,7.791876,7.688918
6993,human,0,14,0,1.031062,5.124308,5.283477
6993,lm,0,29,0,1.059410,4.789005,5.073517
70,human,0,128,0,1.165832,3.729897,4.348435
70,human,1,128,0,1.166472,4.349003,5.072990
70,human,2,128,0,1.137129,3.187056,3.624093
70,human,3,128,0,1.063614,4.358231,4.635474
70,human,4,128,0,1.198380,2.828254,3.389322
70,human,5,128,0,1.120757,4.155599,4.657419
70,human,6,128,0,1.132703,2.979647,3.375056
70,human,7,128,0,1.185447,4.077966,4.834211
70,human,8,128,0,1.141122,3.380356,3.857399
70,human,9,128,0,1.177462,3.005691,3.539088
70,human,10,37,0,1.002521,6.754996,6.772022
70,lm,0,128,0,1.204628,3.469010,4.178866
70,lm,1,128,0,1.147994,3.925906,4.506915
70,lm,2,128,0,1.217894,3.451601,4.203685
70,lm,3,108,0,1.124751,3.244246,3.648969
7002,human,0,128,0,1.181330,2.990499,3.532766
7002,human,1,41,0,1.093667,5.282707,5.777524
7002,lm,0,128,0,1.362957,1.926906,2.626291
7002,lm,1,11,0,0.999386,7.342414,7.337908
7004,human,0,128,0,1.042235,5.222635,5.443211
7004,human,1,128,0,1.162040,4.121245,4.789053
7004,human,2,43,0,1.166615,4.182711,4.879614
7004,lm,0,55,0,1.454319,2.355756,3.426020
7005,human,0,26,0,1.116161,3.088197,3.446926
7005,lm,0,84,0,1.501634,1.500784,2.253628
7006,human,0,67,0,1.025102,4.966798,5.091474
7006,lm,0,31,0,1.061424,5.099632,5.412870
7008,human,0,112,0,1.143071,3.624350,4.142891
7008,lm,0,42,0,1.163076,3.554853,4.134564
7018,human,0,128,0,1.190856,3.429437,4.083966
7018,human,1,13,0,1.029492,7.532160,7.754300
7018,lm,0,91,0,1.294952,3.252781,4.212197
7021,human,0,128,0,1.143280,3.663522,4.188431
7021,human,1,128,0,1.206665,3.293602,3.974275
7021,human,2,128,0,1.166381,2.936616,3.425212
7021,human,3,128,0,1.136456,2.928086,3.327642
7021,human,4,33,0,1.262473,4.004541,5.055624
7021,lm,0,27,0,1.003932,4.495354,4.513028
7024,human,0,49,0,1.133744,3.688221,4.181497
7024,lm,0,33,0,1.075434,5.022734,5.401621
7026,human,0,128,0,1.110314,4.012218,4.454821
7026,human,1,6,0,1.030759,4.780474,4.927516
7026,lm,0,99,0,1.364641,2.754117,3.758381
7027,human,0,128,0,1.053632,4.348535,4.581753
7027,human,1,85,0,1.043561,5.582097,5.825257
7027,lm,0,31,0,1.092894,4.254442,4.649653
7028,human,0,64,0,1.063130,4.535415,4.821736
7028,lm,0,80,0,1.282105,3.001120,3.847751
7030,human,0,128,0,1.173588,4.187174,4.914018
7030,human,1,74,0,1.039979,6.112846,6.357229
7030,lm,0,128,0,1.044018,3.793953,3.960955
7030,lm,1,7,0,1.014388,5.317052,5.393555
7032,human,0,128,0,1.345106,2.512941,3.380172
7032,human,1,6,0,1.021011,6.874691,7.019137
7032,lm,0,128,0,1.195790,3.348695,4.004337
7032,lm,1,30,0,0.980799,6.128948,6.011266
7033,human,0,39,0,1.054166,5.780519,6.093629
7033,lm,0,128,0,1.342586,2.723253,3.656200
7033,lm,1,73,0,1.202842,3.702219,4.453183
7034,human,0,28,0,1.010615,5.127229,5.181656
7034,lm,0,10,0,1.032666,4.073915,4.206992
7035,human,0,128,0,1.054372,4.294568,4.528073
7035,human,1,128,0,1.057689,4.186228,4.427726
7035,human,2,94,0,1.071549,4.192529,4.492500
7035,lm,0,128,0,1.181509,3.266598,3.859514
7035,lm,1,50,0,0.999764,6.983576,6.981928
7036,human,0,128,0,1.145306,2.787884,3.192980
7036,human,1,22,0,1.009025,6.186309,6.242140
7036,lm,0,11,0,1.005760,7.083656,7.124455
704,human,0,55,0,1.108853,4.767312,5.286248
704,lm,0,17,0,1.144321,4.983154,5.702328
7040,human,0,79,0,1.076345,3.863826,4.158808
7040,lm,0,124,0,1.285870,2.437634,3.134481
7042,human,0,34,0,1.033436,4.699698,4.856836
7042,lm,0,13,0,1.018786,7.626100,7.769361
7043,human,0,50,0,1.276145,2.866691,3.658314
7043,lm,0,50,0,1.290428,3.213527,4.146824
7044,human,0,128,0,1.162999,3.316632,3.857241
7044,human,1,125,0,1.229388,2.774085,3.410426
7044,lm,0,128,0,1.177414,3.617208,4.258950
7044,lm,1,125,0,1.112400,3.535972,3.933415
7046,human,0,79,0,1.184332,4.072549,4.823252
7046,lm,0,96,0,1.278835,3.205572,4.099397
7048,human,0,75,0,1.052572,4.376621,4.606708
7048,lm,0,100,0,1.397490,2.930021,4.094675
7049,human,0,128,0,1.171198,3.377943,3.956239
7049,human,1,128,0,1.112548,3.808341,4.236964
7049,human,2,128,0,1.142199,3.816225,4.358889
7049,human,3,39,0,1.024601,5.833943,5.977463
7049,lm,0,80,0,1.221846,3.783522,4.622881
7050,human,0,128,0,1.180440,3.411868,4.027504
7050,human,1,49,0,1.163912,5.083043,5.916213
7050,lm,0,54,0,1.094009,5.174325,5.660757
7052,human,0,75,0,1.114577,3.458222,3.854456
7052,lm,0,44,0,1.121174,3.972158,4.453479
7055,human,0,82,0,1.279586,1.789842,2.290257
7055,lm,0,11,0,1.132007,5.157072,5.837841
7057,human,0,128,0,1.168515,3.380030,3.949614
7057,human,1,128,0,1.113642,3.689363,4.108629
7057,human,2,112,0,1.162849,3.624241,4.214445
7057,lm,0,128,0,1.148611,3.740828,4.296756
7057,lm,1,102,0,1.230077,3.154363,3.880109
7059,human,0,128,0,1.205410,3.153055,3.800724
7059,human,1,33,0,1.055822,5.217060,5.508288
7059,lm,0,48,0,1.141624,4.434544,5.062581
7066,human,0,128,0,1.001350,4.746950,4.753360
7066,human,1,128,0,0.959554,5.251940,5.039519
7066,human,2,128,0,1.036456,5.149784,5.337523
7066,human,3,77,0,1.112508,3.048876,3.391899
7066,lm,0,25,0,1.087497,4.366654,4.748724
707,human,0,128,0,1.248799,2.953093,3.687820
707,human,1,128,0,1.251167,3.542695,4.432503
707,human,2,128,0,1.227639,3.872693,4.754269
707,human,3,128,0,1.072157,4.742909,5.085143
707,human,4,47,0,1.108390,3.937156,4.363903
707,lm,0,107,0,1.334618,2.282827,3.046703
7070,human,0,29,0,1.098941,5.385783,5.918657
7070,lm,0,11,0,0.974185,9.371485,9.129563
7072,human,0,29,0,1.085378,4.663412,5.061565
7072,lm,0,11,0,1.051889,6.952614,7.313377
7077,human,0,14,0,1.072947,4.268731,4.580121
7077,lm,0,128,0,1.145066,3.162251,3.620987
7077,lm,1,4,0,1.011001,6.460815,6.531889
7084,human,0,128,0,1.180548,3.157036,3.727033
7084,human,1,128,0,1.333242,2.489185,3.318684
7084,human,2,128,0,1.209902,3.292798,3.983962
7084,human,3,81,0,1.185030,4.556771,5.399910
7084,lm,0,56,0,1.096722,5.664792,6.212703
7086,human,0,120,0,1.390353,2.780930,3.866475
7086,lm,0,128,0,1.367870,2.725125,3.727617
7086,lm,1,125,0,1.323233,2.351804,3.111985
7088,human,0,110,0,1.248015,2.637372,3.291481
7088,lm,0,100,0,1.164012,3.882892,4.519733
7089,human,0,120,0,1.152271,3.963967,4.567565
7089,lm,0,128,0,1.307392,2.773861,3.626523
7089,lm,1,95,0,1.168947,3.176070,3.712659
709,human,0,52,0,1.037996,6.016544,6.245146
709,lm,0,128,0,1.132809,4.160028,4.712515
709,lm,1,35,0,0.984152,8.671816,8.534387
7090,human,0,128,0,1.091261,5.038934,5.498792
7090,human,1,9,0,1.017887,8.754285,8.910875
7090,lm,0,90,0,1.382864,2.408527,3.330666
7092,human,0,71,0,1.140984,5.299492,6.046634
7092,lm,0,10,0,0.956469,8.411347,8.045193
7094,human,0,128,0,1.206432,2.904516,3.504102
7094,human,1,128,0,1.233915,2.806912,3.463490
7094,human,2,21,0,1.091371,5.657647,6.174592
7094,lm,0,128,0,1.496828,2.801584,4.193489
7094,lm,1,128,0,1.423637,2.651878,3.775311
7094,lm,2,128,0,1.165986,3.562568,4.153905
7094,lm,3,6,0,1.067218,7.430622,7.930094
7095,human,0,102,0,1.135404,3.825009,4.342929
7095,lm,0,9,0,0.999357,8.015310,8.010158
7097,human,0,32,0,1.290333,2.548346,3.288214
7097,lm,0,56,0,1.164173,3.554850,4.138460
7098,human,0,42,0,1.068106,5.399927,5.767696
7098,lm,0,32,0,1.249781,3.918837,4.897689
7099,human,0,128,0,1.225027,3.074874,3.766803
7099,human,1,128,0,1.244549,3.353822,4.173995
7099,human,2,19,0,1.019611,5.622105,5.732363
7099,lm,0,66,0,1.193873,3.363697,4.015827
71,human,0,20,0,1.001503,5.114869,5.122555
71,lm,0,12,0,1.068103,4.595911,4.908908
7100,human,0,128,0,1.201140,2.796152,3.358572
7100,human,1,30,0,1.063605,4.478420,4.763271
7100,lm,0,128,0,1.345078,2.215760,2.980370
7100,lm,1,11,0,1.081514,5.234864,5.661579
7102,human,0,128,0,1.101379,3.848840,4.239031
7102,human,1,128,0,0.989509,5.469994,5.412608
7102,human,2,128,0,1.101816,4.098214,4.515478
7102,human,3,128,0,1.175050,3.784791,4.447317
7102,human,4,55,0,1.061104,5.728144,6.078155
7102,lm,0,33,0,1.041010,5.213577,5.427384
7103,human,0,49,0,1.023011,5.730588,5.862454
7103,lm,0,60,0,1.376736,2.127162,2.928540
7105,human,0,21,0,1.020534,6.698336,6.835879
7105,lm,0,128,0,1.193191,3.943292,4.705100
7105,lm,1,27,0,1.109903,5.582393,6.195916
7107,human,0,77,0,1.191306,3.076094,3.664569
7107,lm,0,54,0,1.129689,4.789023,5.410106
7108,human,0,128,0,1.122687,3.767669,4.229913
7108,human,1,128,0,1.072611,5.630735,6.039590
7108,human,2,13,0,0.994555,7.356953,7.316896
7108,lm,0,91,0,1.095043,4.139122,4.532517
7109,human,0,128,0,1.123264,3.850050,4.324624
7109,human,1,27,0,1.092869,5.552597,6.068263
7109,lm,0,114,0,1.428395,2.718089,3.882504
711,human,0,41,0,1.072608,5.104184,5.474788
711,lm,0,29,0,1.069117,4.965636,5.308845
7112,human,0,102,0,1.182471,3.963242,4.686419
7112,lm,0,83,0,1.205958,4.107546,4.953528
7113,human,0,128,0,1.129004,3.868696,4.367774
7113,human,1,114,0,1.088458,5.131440,5.585356
7113,lm,0,128,0,1.111388,3.732254,4.147983
7113,lm,1,128,0,1.177636,2.265858,2.668357
7113,lm,2,83,0,1.164093,3.683579,4.288031
7116,human,0,57,0,1.100737,4.669887,5.140315
7116,lm,0,41,0,1.147416,4.366322,5.009986
7117,human,0,66,0,1.102838,3.328600,3.670906
7117,lm,0,62,0,1.517868,2.439519,3.702869
7121,human,0,58,0,1.287799,3.655161,4.707112
7121,lm,0,128,0,1.133413,3.319990,3.762918
7121,lm,1,21,0,1.057365,7.173293,7.584791
7122,human,0,128,0,1.247040,3.418082,4.262484
7122,human,1,72,0,1.173208,3.539110,4.152111
7122,lm,0,22,0,0.986993,6.507192,6.422556
7127,human,0,35,0,1.152643,3.883074,4.475799
7127,lm,0,51,0,1.302494,2.532858,3.299031
7129,human,0,128,0,1.122375,4.998957,5.610703
7129,human,1,128,0,1.142789,3.212563,3.671283
7129,human,2,128,0,1.217846,3.752421,4.569872
7129,human,3,128,0,1.389926,2.925929,4.066824
7129,human,4,27,0,1.050697,6.243408,6.559927
7129,lm,0,27,0,1.133259,4.703807,5.330630
713,human,0,111,0,1.192654,2.337435,2.787751
713,lm,0,20,0,1.015042,7.027762,7.133475
7130,human,0,128,0,1.073368,4.458143,4.785227
7130,human,1,128,0,1.246253,3.271426,4.077026
7130,human,2,93,0,1.109898,4.382051,4.863631
7130,lm,0,128,0,1.258482,3.064781,3.856972
7130,lm,1,15,0,1.005662,7.142595,7.183035
7131,human,0,128,0,1.240844,3.412858,4.234826
7131,human,1,128,0,1.065145,4.496729,4.789671
7131,human,2,45,0,1.092503,5.052888,5.520296
7131,lm,0,17,0,1.014970,5.989372,6.079033
7132,human,0,46,0,1.126172,5.406044,6.088136
7132,lm,0,18,0,1.045194,7.317953,7.648680
7134,human,0,89,0,1.092875,5.314723,5.808329
7134,lm,0,23,0,1.016954,5.061509,5.147324
7136,human,0,46,0,1.019125,5.257414,5.357960
7136,lm,0,71,0,1.214368,2.491714,3.025858
7139,human,0,38,0,1.120540,4.636054,5.194883
7139,lm,0,32,0,1.078759,5.146249,5.551560
7143,human,0,76,0,1.223374,3.089400,3.779492
7143,lm,0,65,0,1.283494,2.919292,3.746894
7145,human,0,31,0,1.054339,3.859258,4.068965
7145,lm,0,10,0,0.997800,8.191297,8.173279
7146,human,0,22,0,0.996973,7.219624,7.197773
7146,lm,0,20,0,0.965408,10.306864,9.950329
7149,human,0,22,0,1.057218,5.313207,5.617218
7149,lm,0,121,0,1.480043,2.435374,3.604459
715,human,0,128,0,1.213349,3.453902,4.190790
715,human,1,128,0,1.224156,4.023016,4.924801
715,human,2,94,0,1.134803,4.887143,5.545947
715,lm,0,90,0,1.413323,2.089565,2.953230
7150,human,0,25,0,1.047106,5.830793,6.105461
7150,lm,0,11,0,1.049753,6.246072,6.556835
7152,human,0,128,0,0.975650,5.312776,5.183410
7152,human,1,24,0,1.037654,4.058218,4.211024
7152,lm,0,65,0,1.100745,3.435845,3.781989
7154,human,0,128,0,1.355563,2.538794,3.441495
7154,human,1,128,0,1.085303,3.936500,4.272295
7154,human,2,128,0,1.123623,3.324650,3.735654
7154,human,3,25,0,1.023483,6.687102,6.844133
7154,lm,0,40,0,1.113282,5.361608,5.968982
716,human,0,43,0,1.062271,5.293355,5.622975
716,lm,0,128,0,1.127736,3.559876,4.014601
716,lm,1,4,0,0.997606,9.206124,9.184084
7161,human,0,46,0,1.135588,4.481164,5.088757
7161,lm,0,16,0,1.107644,5.110863,5.661017
7162,human,0,56,0,1.058642,5.500316,5.822867
7162,lm,0,128,0,1.937277,1.801599,3.490197
7162,lm,1,6,0,1.025444,8.277945,8.488566
7164,human,0,37,0,1.211761,3.818302,4.626869
7164,lm,0,30,0,1.208624,3.823898,4.621655
7165,human,0,116,0,1.074545,4.947506,5.316317
7165,lm,0,128,0,1.160393,3.796915,4.405915
7165,lm,1,24,0,1.100379,5.097536,5.609220
7166,human,0,43,0,1.051347,5.429781,5.708584
7166,lm,0,88,0,1.119482,3.906899,4.373702
7168,human,0,20,0,1.004908,5.774845,5.803188
7168,lm,0,19,0,0.991144,6.016009,5.962734
717,human,0,48,0,1.134614,3.558972,4.038059
717,lm,0,11,0,1.017149,5.695912,5.793590
7170,human,0,128,0,1.217301,2.741900,3.337718
7170,human,1,30,0,1.039725,5.498123,5.716534
7170,lm,0,119,0,1.428115,1.791007,2.557765
7171,human,0,61,0,1.090704,3.762433,4.103702
7171,lm,0,128,0,1.119359,3.253128,3.641419
7171,lm,1,44,0,1.121264,5.885541,6.599244
7172,human,0,38,0,0.982736,6.469025,6.357344
7172,lm,0,19,0,1.024306,6.024857,6.171294
7173,human,0,78,0,1.175197,3.073931,3.612473
7173,lm,0,66,0,1.143408,5.183504,5.926862
7174,human,0,63,0,1.072959,4.229728,4.538325
7174,lm,0,76,0,1.089977,4.594255,5.007632
7175,human,0,128,0,1.061292,3.686093,3.912020
7175,human,1,75,0,1.076316,4.554203,4.901761
7175,lm,0,128,0,1.349967,1.388227,1.874061
7175,lm,1,22,0,1.212113,3.705337,4.491289
7176,human,0,128,0,1.088975,4.241164,4.618522
7176,human,1,66,0,1.177903,3.087568,3.636856
7176,lm,0,72,0,1.276789,3.139752,4.008799
7178,human,0,128,0,1.221498,1.826801,2.231433
7178,human,1,60,0,1.089502,4.057034,4.420149
7178,lm,0,69,0,1.143975,3.201863,3.662850
7181,human,0,128,0,1.176793,3.562348,4.192146
7181,human,1,128,0,1.135108,3.786425,4.297999
7181,human,2,128,0,1.070744,3.241682,3.471011
7181,human,3,73,0,0.978174,5.401824,5.283925
7181,lm,0,86,0,1.188015,2.003467,2.380148
7183,human,0,113,0,1.113952,2.233153,2.487626
7183,lm,0,20,0,1.027911,5.077521,5.219241
7184,human,0,65,0,1.073271,5.764813,6.187206
7184,lm,0,83,0,1.425340,2.546429,3.629527
7187,human,0,21,0,1.039200,5.272758,5.479449
7187,lm,0,21,0,1.112999,3.693436,4.110791
7188,human,0,42,0,1.152403,3.695098,4.258242
7188,lm,0,113,0,1.316258,2.646331,3.483254
719,human,0,21,0,1.012528,5.086344,5.150065
719,lm,0,72,0,1.102786,4.912991,5.417979
7190,human,0,83,0,1.072979,4.876401,5.232278
7190,lm,0,46,0,1.071855,5.173066,5.544778
7193,human,0,65,0,1.089371,3.421895,3.727714
7193,lm,0,11,0,1.030180,6.188535,6.375308
7194,human,0,65,0,1.042155,4.314398,4.496272
7194,lm,0,9,0,0.990068,9.270167,9.178093
7197,human,0,128,0,1.255691,2.427161,3.047765
7197,human,1,52,0,1.198102,2.434732,2.917057
7197,lm,0,29,0,1.066572,3.348292,3.571195
720,human,0,110,0,1.225437,2.966445,3.635191
720,lm,0,128,0,1.336623,2.623838,3.507083
720,lm,1,121,0,1.248920,3.202067,3.999125
7200,human,0,47,0,1.062721,5.658413,6.013315
7200,lm,0,128,0,1.262390,1.852414,2.338470
7200,lm,1,49,0,1.073611,4.689972,5.035204
7201,human,0,35,0,1.064183,5.892007,6.270176
7201,lm,0,30,0,1.048967,5.478356,5.746614
7203,human,0,128,0,1.229435,3.155816,3.879872
7203,human,1,128,0,1.169804,3.555267,4.158967
7203,human,2,109,0,0.995576,4.409479,4.389972
7203,lm,0,106,0,1.155202,2.461143,2.843117
7204,human,0,128,0,1.251414,2.415100,3.022289
7204,human,1,128,0,1.021405,5.033473,5.141215
7204,human,2,128,0,1.022479,4.503601,4.604837
7204,human,3,128,0,0.995605,5.026184,5.004092
7204,human,4,25,0,1.035878,6.238288,6.462108
7204,lm,0,128,0,1.239841,3.136953,3.889323
7204,lm,1,128,0,1.274483,2.311034,2.945374
7204,lm,2,128,0,1.150906,3.155790,3.632016
7204,lm,3,25,0,1.012189,7.603019,7.695695
7207,human,0,128,0,1.068509,4.448336,4.753085
7207,human,1,128,0,1.083851,3.964691,4.297132
7207,human,2,92,0,1.118460,5.002731,5.595357
7207,lm,0,128,0,1.285963,2.726219,3.505817
7207,lm,1,55,0,1.108411,4.139643,4.588424
721,human,0,36,0,1.066432,5.700942,6.079665
721,lm,0,97,0,1.170252,4.105077,4.803972
7210,human,0,87,0,1.089804,4.089148,4.456370
7210,lm,0,27,0,1.010447,4.959140,5.010946
7212,human,0,128,0,1.037183,4.168045,4.323025
7212,human,1,128,0,1.126177,5.022137,5.655816
7212,human,2,128,0,1.066938,3.759102,4.010729
7212,human,3,68,0,1.066421,3.147552,3.356615
7212,lm,0,87,0,1.419140,3.231124,4.585419
7213,human,0,35,0,1.072984,5.102975,5.475410
7213,lm,0,58,0,1.416771,2.351568,3.331633
722,human,0,128,0,1.136666,3.190586,3.626629
722,human,1,15,0,0.976903,5.246703,5.125518
722,lm,0,71,0,1.164739,4.275454,4.979788
7224,human,0,128,0,1.087838,2.738629,2.979184
7224,human,1,22,0,1.030189,7.094137,7.308298
7224,lm,0,10,0,1.028930,5.703930,5.868948
7228,human,0,124,0,1.100556,4.397327,4.839506
7228,lm,0,30,0,1.092176,4.261659,4.654480
7231,human,0,79,0,1.092062,4.842185,5.287966
7231,lm,0,58,0,1.030201,5.602558,5.771760
7232,human,0,43,0,1.080224,4.832838,5.220549
7232,lm,0,59,0,1.199835,2.867649,3.440707
7237,human,0,128,0,1.173955,3.152689,3.701114
7237,human,1,128,0,1.133219,2.898424,3.284548
7237,human,2,128,0,1.109873,3.331844,3.697924
7237,human,3,53,0,1.101024,4.567369,5.028781
7237,lm,0,80,0,1.199494,3.446147,4.133634
7239,human,0,128,0,1.145111,3.744393,4.287747
7239,human,1,128,0,1.122647,3.719260,4.175415
7239,human,2,123,0,0.983456,4.641189,4.564403
7239,lm,0,128,0,1.302033,2.400852,3.125988
7239,lm,1,97,0,1.090513,3.749869,4.089280
7240,human,0,128,0,1.195820,3.270064,3.910408
7240,human,1,128,0,1.046642,5.627307,5.889776
7240,human,2,76,0,1.085915,3.772636,4.096762
7240,lm,0,36,0,1.111281,3.511676,3.902459
7242,human,0,34,0,1.127741,4.940041,5.571086
7242,lm,0,43,0,1.224640,3.183649,3.898823
7243,human,0,128,0,1.256183,2.316210,2.909583
7243,human,1,128,0,1.076652,3.456018,3.720928
7243,human,2,128,0,1.104975,2.893059,3.196758
7243,human,3,128,0,1.125350,4.525161,5.092391
7243,human,4,128,0,1.037006,4.469862,4.635276
7243,human,5,18,0,1.068119,4.507844,4.814913
7243,lm,0,128,0,1.153416,3.544464,4.088240
7243,lm,1,91,0,1.092216,4.768803,5.208564
7245,human,0,128,0,1.087244,3.678694,3.999636
7245,human,1,99,0,1.085809,5.007131,5.436785
7245,lm,0,79,0,1.204849,3.500816,4.217954
7247,human,0,128,0,1.054311,4.001726,4.219065
7247,human,1,62,0,0.982942,6.254413,6.147725
7247,lm,0,67,0,1.259248,3.911839,4.925974
7248,human,0,55,0,1.130017,5.004284,5.654928
7248,lm,0,68,0,1.177125,3.828950,4.507152
7252,human,0,128,0,1.077625,3.929282,4.234294
7252,human,1,12,0,1.050447,5.332130,5.601121
7252,lm,0,24,0,0.998989,6.625426,6.618729
7254,human,0,128,0,1.161377,3.653441,4.243022
7254,human,1,39,0,1.275433,3.849255,4.909467
7254,lm,0,128,0,1.755507,2.553562,4.482797
7254,lm,1,125,0,1.434440,1.822719,2.614582
7255,human,0,128,0,1.272940,2.944145,3.747720
7255,human,1,126,0,1.229604,3.262461,4.011534
7255,lm,0,128,0,1.389381,1.977400,2.747361
7255,lm,1,17,0,1.067926,5.384317,5.750050
7256,human,0,54,0,1.109209,5.062183,5.615020
7256,lm,0,46,0,1.198276,3.862218,4.628001
7258,human,0,13,0,1.003412,5.953567,5.973881
7258,lm,0,128,0,1.286387,3.138838,4.037761
7258,lm,1,116,0,1.299924,2.226905,2.894808
7259,human,0,49,0,1.104897,4.698419,5.191268
7259,lm,0,33,0,1.122499,3.131836,3.515483
7260,human,0,49,0,1.020999,4.743855,4.843472
7260,lm,0,7,0,1.027800,6.158924,6.330145
7262,human,0,128,0,1.077444,3.057800,3.294607
7262,human,1,43,0,1.048258,5.526520,5.793219
7262,lm,0,128,0,1.631150,1.814665,2.959991
7262,lm,1,7,0,0.911272,11.542297,10.518178
7265,human,0,29,0,0.999707,5.184326,5.182804
7265,lm,0,15,0,1.010106,6.600281,6.666984
7266,human,0,128,0,1.230703,3.122782,3.843216
7266,human,1,128,0,1.261995,2.180468,2.751740
7266,human,2,26,0,1.135097,5.851047,6.641504
7266,lm,0,128,0,1.307203,3.042649,3.977360
7266,lm,1,16,0,1.111281,7.367472,8.187334
7267,human,0,128,0,1.168926,3.727396,4.357048
7267,human,1,47,0,1.106697,4.928611,5.454479
7267,lm,0,113,0,1.751816,1.978363,3.465729
7268,human,0,128,0,1.229093,2.466372,3.031400
7268,human,1,128,0,1.099245,4.007405,4.405119
7268,human,2,128,0,1.043199,4.029365,4.203429
7268,human,3,9,0,1.031850,5.055578,5.216597
7268,lm,0,128,0,1.283635,3.095991,3.974122
7268,lm,1,90,0,1.093689,4.194895,4.587912
7269,human,0,128,0,1.361504,1.421538,1.935429
7269,human,1,128,0,1.444486,1.433710,2.070975
7269,human,2,54,0,1.117491,3.621480,4.046972
7269,lm,0,47,0,1.298477,3.808360,4.945066
7270,human,0,101,0,1.130046,4.607394,5.206568
7270,lm,0,11,0,1.038350,6.777752,7.037681
7271,human,0,128,0,1.210718,3.820759,4.625863
7271,human,1,11,0,1.008364,9.034639,9.110206
7271,lm,0,128,0,1.260071,3.052595,3.846486
7271,lm,1,107,0,1.325513,3.611474,4.787055
7272,human,0,73,0,1.093325,5.211501,5.697867
7272,lm,0,81,0,1.149464,4.251667,4.887138
7274,human,0,58,0,1.038159,4.521681,4.694224
7274,lm,0,51,0,1.235310,3.320632,4.102011
7275,human,0,49,0,1.065777,5.854371,6.239454
7275,lm,0,82,0,1.228443,3.571404,4.387266
7277,human,0,44,0,1.099558,4.415283,4.854862
7277,lm,0,47,0,1.205929,3.995142,4.817857
7278,human,0,118,0,1.120690,3.364027,3.770033
7278,lm,0,128,0,1.248720,2.958805,3.694718
7278,lm,1,104,0,1.143093,3.213934,3.673826
7279,human,0,100,0,1.144424,4.555810,5.213777
7279,lm,0,57,0,1.280222,3.364740,4.307613
7280,human,0,128,0,1.189293,3.699877,4.400238
7280,human,1,128,0,1.160816,3.928333,4.560072
7280,human,2,108,0,1.043419,4.793465,5.001593
7280,lm,0,62,0,1.159716,3.940274,4.569600
7282,human,0,11,0,1.043557,5.800876,6.053546
7282,lm,0,32,0,1.105610,4.917834,5.437204
7284,human,0,62,0,1.216943,3.953827,4.811582
7284,lm,0,57,0,1.295231,3.047312,3.946973
729,human,0,54,0,1.190577,4.330688,5.156018
729,lm,0,10,0,0.994999,4.986557,4.961616
7291,human,0,78,0,1.034521,4.961709,5.132991
7291,lm,0,21,0,0.989147,6.671957,6.599547
7293,human,0,128,0,1.073101,5.137179,5.512710
7293,human,1,128,0,1.251879,2.579336,3.229017
7293,human,2,128,0,1.100040,4.372687,4.810133
7293,human,3,128,0,0.963650,4.440123,4.278723
7293,human,4,128,0,1.219150,3.255673,3.969154
7293,human,5,128,0,1.125163,3.247338,3.653785
7293,human,6,128,0,1.261649,3.325647,4.195798
7293,human,7,128,0,1.033008,4.727764,4.883815
7293,human,8,37,0,1.031376,5.353450,5.521418
7293,lm,0,43,0,1.076635,4.987482,5.369696
7296,human,0,34,0,1.077163,3.092700,3.331342
7296,lm,0,9,0,0.992198,6.054111,6.006875
7298,human,0,128,0,1.168057,3.757883,4.389421
7298,human,1,128,0,1.203263,2.576928,3.100723
7298,human,2,128,0,1.128663,4.211364,4.753212
7298,human,3,18,0,1.212293,5.683038,6.889509
7298,lm,0,68,0,1.235762,4.245681,5.246651
7303,human,0,95,0,1.242105,3.297371,4.095681
7303,lm,0,72,0,1.174628,4.563184,5.360044
7304,human,0,81,0,1.319429,3.079054,4.062594
7304,lm,0,128,0,1.377925,2.168982,2.988695
7304,lm,1,53,0,1.128225,3.136849,3.539073
7307,human,0,25,0,1.029856,6.459419,6.652273
7307,lm,0,52,0,1.131540,3.716928,4.205852
7308,human,0,128,0,1.248689,1.660148,2.073008
7308,human,1,24,0,1.130660,3.785776,4.280426
7308,lm,0,10,0,1.025706,4.093092,4.198310
7310,human,0,128,0,1.240872,3.310933,4.108442
7310,human,1,15,0,0.987271,9.020222,8.905404
7310,lm,0,128,0,1.153535,4.520990,5.215121
7310,lm,1,128,0,1.165557,4.590727,5.350753
7310,lm,2,128,0,1.384529,3.342575,4.627893
7310,lm,3,128,0,1.223152,3.022898,3.697464
7310,lm,4,78,0,1.098454,4.758987,5.227528
7314,human,0,65,0,1.104675,5.208747,5.753974
7314,lm,0,26,0,1.047600,5.646621,5.915400
7315,human,0,128,0,1.060824,3.226204,3.422435
7315,human,1,109,0,1.005489,5.017769,5.045313
7315,lm,0,128,0,1.131403,2.499037,2.827418
7315,lm,1,54,0,1.070178,5.135360,5.495751
7316,human,0,128,0,1.118968,3.067150,3.432042
7316,human,1,128,0,1.330739,3.044254,4.051108
7316,human,2,128,0,1.245860,2.961034,3.689033
7316,human,3,36,0,1.142930,5.150503,5.886667
7316,lm,0,128,0,1.189259,2.879271,3.424200
7316,lm,1,128,0,1.181207,3.419963,4.039685
7316,lm,2,65,0,1.181706,3.809170,4.501319
7317,human,0,15,0,1.021702,4.213288,4.304726
7317,lm,0,35,0,1.219583,3.451225,4.209055
7322,human,0,106,0,1.168417,3.796071,4.435393
7322,lm,0,121,0,1.264300,3.324251,4.202850
7325,human,0,58,0,1.067598,4.584388,4.894281
7325,lm,0,128,0,1.260701,2.993121,3.773431
7325,lm,1,5,0,0.963373,8.758081,8.437296
7326,human,0,128,0,1.168591,3.420860,3.997586
7326,human,1,115,0,1.124044,3.905036,4.389432
7326,lm,0,128,0,1.571451,2.268832,3.565359
7326,lm,1,83,0,1.124006,4.552707,5.117268
7327,human,0,128,0,1.204641,2.688044,3.238127
7327,human,1,39,0,1.216704,5.104540,6.210716
7327,lm,0,128,0,1.263754,3.016612,3.812255
7327,lm,1,32,0,1.161398,5.865458,6.812130
7328,human,0,29,0,1.061604,4.106470,4.359446
7328,lm,0,21,0,1.016077,5.929604,6.024936
7329,human,0,128,0,1.165292,3.780436,4.405313
7329,human,1,128,0,1.139673,5.377753,6.128880
7329,human,2,128,0,0.955482,6.212142,5.935589
7329,human,3,128,0,1.058735,5.264945,5.574182
7329,human,4,128,0,0.996177,6.552790,6.527736
7329,human,5,128,0,1.047171,5.842527,6.118125
7329,human,6,128,0,1.015597,5.236856,5.318536
7329,human,7,128,0,1.105421,4.784774,5.289192
7329,human,8,128,0,1.023806,5.901444,6.041933
7329,human,9,112,0,1.032553,5.200819,5.370120
7329,lm,0,37,0,1.129582,5.254619,5.935525
733,human,0,84,0,1.313548,3.231711,4.245006
733,lm,0,10,0,1.008121,5.856174,5.903729
7330,human,0,128,0,1.132464,2.413692,2.733420
7330,human,1,71,0,1.131708,4.041398,4.573684
7330,lm,0,41,0,1.070703,4.711261,5.044361
7331,human,0,128,0,1.090616,3.209011,3.499798
7331,human,1,128,0,1.186766,3.333621,3.956229
7331,human,2,15,0,1.132472,5.547945,6.282894
7331,lm,0,12,0,0.996387,8.363086,8.332869
7333,human,0,84,0,1.167141,3.711555,4.331908
7333,lm,0,59,0,1.181801,3.723476,4.400407
7336,human,0,40,0,0.996052,5.012646,4.992856
7336,lm,0,128,0,1.143875,2.828022,3.234904
7336,lm,1,6,0,1.038674,6.992411,7.262832
7340,human,0,51,0,1.126389,3.896496,4.388970
7340,lm,0,117,0,1.108240,3.167622,3.510485
7341,human,0,128,0,1.338272,1.614368,2.160464
7341,human,1,24,0,1.047732,4.346552,4.554021
7341,lm,0,17,0,1.056056,4.676552,4.938699
7345,human,0,128,0,1.150654,2.950905,3.395470
7345,human,1,128,0,1.151157,2.480814,2.855807
7345,human,2,117,0,1.020336,4.451260,4.541780
7345,lm,0,128,0,1.319823,1.753777,2.314675
7345,lm,1,128,0,1.286674,2.416447,3.109180
7345,lm,2,33,0,1.138407,2.965299,3.375719
7346,human,0,76,0,1.143223,3.521693,4.026079
7346,lm,0,114,0,1.088008,4.238229,4.611229
7347,human,0,48,0,1.096026,4.695614,5.146515
7347,lm,0,128,0,1.165292,3.702058,4.313979
7347,lm,1,15,0,0.966953,8.836004,8.544000
7348,human,0,58,0,1.082250,3.435241,3.717788
7348,lm,0,59,0,1.099897,5.176045,5.693116
7351,human,0,50,0,1.127802,4.508989,5.085247
7351,lm,0,24,0,1.037572,7.299075,7.573316
7352,human,0,128,0,1.271558,2.559282,3.254275
7352,human,1,128,0,1.240508,2.732689,3.389923
7352,human,2,107,0,1.183801,3.394094,4.017930
7352,lm,0,35,0,1.111734,4.532877,5.039355
7353,human,0,89,0,1.152905,2.681386,3.091385
7353,lm,0,15,0,1.032589,6.017230,6.213326
7355,human,0,40,0,1.016736,6.173244,6.276557
7355,lm,0,20,0,1.018313,5.989387,6.099068
736,human,0,124,0,1.102114,3.998405,4.406700
736,lm,0,128,0,1.090008,3.573962,3.895647
736,lm,1,88,0,1.088692,3.678730,4.005004
7361,human,0,128,0,1.139694,3.262328,3.718055
7361,human,1,121,0,1.124232,4.859632,5.463353
7361,lm,0,128,0,1.481459,2.821166,4.179441
7361,lm,1,128,0,1.154499,3.191005,3.684011
7361,lm,2,35,0,1.021555,6.155819,6.288511
737,human,0,128,0,1.109035,3.475680,3.854649
737,human,1,128,0,1.165292,2.658262,3.097651
737,human,2,128,0,1.140240,2.695199,3.073173
737,human,3,112,0,1.130660,2.652302,2.998852
737,lm,0,128,0,1.193477,2.814249,3.358742
737,lm,1,128,0,1.100408,2.515054,2.767587
737,lm,2,128,0,1.295795,2.235334,2.896533
737,lm,3,39,0,1.119281,4.494314,5.030400
7370,human,0,106,0,1.157831,3.272788,3.789335
7370,lm,0,128,0,1.186861,3.525501,4.184279
7370,lm,1,128,0,1.155655,3.036378,3.509006
7370,lm,2,43,0,1.183823,4.827860,5.715330
7371,human,0,128,0,1.291294,2.392544,3.089477
7371,human,1,128,0,1.282346,2.203071,2.825099
7371,human,2,128,0,1.461794,1.754878,2.565270
7371,human,3,28,0,1.094829,5.474203,5.993316
7371,lm,0,11,0,1.072611,4.660250,4.998635
7372,human,0,71,0,1.202567,3.405097,4.094856
7372,lm,0,33,0,1.188789,3.091062,3.674621
7373,human,0,37,0,1.057634,4.839152,5.118051
7373,lm,0,104,0,1.248422,3.102534,3.873272
7376,human,0,128,0,1.244837,2.571878,3.201568
7376,human,1,128,0,1.203458,3.701864,4.455038
7376,human,2,128,0,1.102471,4.171977,4.599485
7376,human,3,128,0,1.096576,4.299818,4.715079
7376,human,4,128,0,1.073718,4.492573,4.823759
7376,human,5,101,0,1.080473,5.404559,5.839478
7376,lm,0,6,0,0.991545,5.356863,5.311569
7377,human,0,72,0,1.110976,4.693441,5.214298
7377,lm,0,128,0,1.217650,3.306164,4.025750
7377,lm,1,31,0,1.065989,6.000122,6.396061
7378,human,0,78,0,1.251519,2.064850,2.584198
7378,lm,0,21,0,1.081280,4.756732,5.143359
738,human,0,128,0,1.229771,2.915038,3.584829
738,human,1,74,0,1.153239,3.128122,3.607472
738,lm,0,76,0,1.195433,3.119906,3.729639
7380,human,0,21,0,0.972185,6.423394,6.244725
7380,lm,0,44,0,1.082413,4.662278,5.046512
7382,human,0,46,0,1.166352,2.846361,3.319859
7382,lm,0,40,0,1.168347,3.378175,3.946881
7386,human,0,128,0,1.253267,3.099263,3.884204
7386,human,1,103,0,1.311369,2.718046,3.564360
7386,lm,0,16,0,1.036831,6.003205,6.224310
7389,human,0,59,0,1.160223,3.878073,4.499428
7389,lm,0,88,0,1.205139,3.114749,3.753704
739,human,0,16,0,1.161174,3.860892,4.483168
739,lm,0,8,0,1.038244,4.156480,4.315442
7391,human,0,20,0,0.966962,6.445145,6.232213
7391,lm,0,35,0,1.078730,5.049151,5.446669
7393,human,0,70,0,1.144952,3.544469,4.058248
7393,lm,0,128,0,1.267061,3.323885,4.211567
7393,lm,1,128,0,1.127672,3.634333,4.098336
7393,lm,2,93,0,1.130858,4.805813,5.434694
7395,human,0,90,0,1.177634,3.895246,4.587176
7395,lm,0,28,0,1.104571,5.224490,5.770822
7398,human,0,128,0,1.194061,2.868727,3.425435
7398,human,1,128,0,1.266246,2.825252,3.577463
7398,human,2,128,0,1.329600,2.539524,3.376551
7398,human,3,128,0,1.074638,4.134858,4.443475
7398,human,4,102,0,1.153229,3.768601,4.346060
7398,lm,0,107,0,1.399708,2.558750,3.581504
7399,human,0,61,0,1.170769,4.724784,5.531632
7399,lm,0,84,0,1.225024,4.050587,4.962065
74,human,0,95,0,1.287802,3.072672,3.956992
74,lm,0,8,0,0.977588,9.186050,8.980168
740,human,0,128,0,1.139025,3.080343,3.508587
740,human,1,128,0,1.085412,3.905167,4.238714
740,human,2,128,0,1.139525,3.542060,4.036265
740,human,3,128,0,1.086764,4.929546,5.357256
740,human,4,17,0,1.068280,6.121408,6.539374
740,lm,0,128,0,1.377694,2.342919,3.227826
740,lm,1,128,0,1.175050,3.819619,4.488243
740,lm,2,60,0,1.067865,5.276426,5.634509
7400,human,0,125,0,1.322830,2.188270,2.894710
7400,lm,0,92,0,1.201648,2.696253,3.239947
7401,human,0,128,0,1.007605,6.449493,6.498543
7401,human,1,94,0,0.972909,4.751530,4.622808
7401,lm,0,10,0,1.028118,7.610960,7.824963
7402,human,0,37,0,1.093590,3.716375,4.064192
7402,lm,0,43,0,1.106597,4.277444,4.733407
7409,human,0,128,0,1.204387,2.776988,3.344569
7409,human,1,128,0,1.078400,4.068036,4.386970
7409,human,2,34,0,1.108828,4.773657,5.293164
7409,lm,0,30,0,1.142281,4.228543,4.830183
7410,human,0,106,0,1.253999,2.500166,3.135206
7410,lm,0,10,0,0.997245,9.851343,9.824199
7411,human,0,110,0,1.154059,3.128296,3.610239
7411,lm,0,53,0,1.106198,4.879468,5.397657
7413,human,0,128,0,1.292272,2.865349,3.702812
7413,human,1,128,0,1.155155,3.986533,4.605063
7413,human,2,102,0,1.105805,3.465406,3.832064
7413,lm,0,101,0,1.149977,3.576823,4.113265
7416,human,0,15,0,1.069820,5.115203,5.472347
7416,lm,0,10,0,1.062305,6.011584,6.386137
7417,human,0,45,0,1.086665,6.039812,6.563254
7417,lm,0,27,0,1.092020,4.823146,5.266970
7418,human,0,107,0,1.113348,2.784457,3.100070
7418,lm,0,119,0,1.132342,2.841732,3.217812
7419,human,0,26,0,1.071096,4.676281,5.008748
7419,lm,0,87,0,1.460860,2.146960,3.136409
7423,human,0,112,0,1.114831,4.689342,5.227824
7423,lm,0,15,0,1.177652,3.138569,3.696142
7424,human,0,70,0,1.198512,2.904523,3.481104
7424,lm,0,46,0,1.283403,3.988985,5.119475
7426,human,0,75,0,1.265730,2.364720,2.993096
7426,lm,0,63,0,1.190249,2.460664,2.928803
7427,human,0,98,0,1.234996,2.743903,3.388709
7427,lm,0,128,0,1.479207,1.443651,2.135460
7427,lm,1,50,0,1.236877,2.614225,3.233475
7429,human,0,128,0,1.178473,3.600592,4.243202
7429,human,1,16,0,1.037402,6.898413,7.156429
7429,lm,0,106,0,1.264917,3.097287,3.917809
743,human,0,128,0,1.210727,4.258865,5.156321
743,human,1,18,0,1.037520,6.525277,6.770106
743,lm,0,47,0,1.038048,5.343388,5.546691
7430,human,0,128,0,1.086970,4.408777,4.792210
7430,human,1,128,0,1.037740,5.167893,5.362932
7430,human,2,128,0,1.048938,4.890003,5.129312
7430,human,3,128,0,0.976889,6.206126,6.062699
7430,human,4,128,0,1.084469,3.930678,4.262699
7430,human,5,128,0,0.993623,5.945121,5.907207
7430,human,6,128,0,1.040323,4.918658,5.116991
7430,human,7,128,0,0.949941,6.664944,6.331307
7430,human,8,64,0,1.053932,5.432956,5.725965
7430,lm,0,128,0,1.324109,2.581225,3.417822
7430,lm,1,60,0,1.222673,3.147491,3.848353
7433,human,0,87,0,1.142500,3.414616,3.901197
7433,lm,0,98,0,1.283810,2.157289,2.769550
7434,human,0,128,0,1.186327,2.531712,3.003439
7434,human,1,90,0,1.109965,3.289999,3.651784
7434,lm,0,70,0,1.171914,3.068749,3.596309
7435,human,0,128,0,1.142227,3.972646,4.537665
7435,human,1,128,0,1.155685,3.061501,3.538130
7435,human,2,72,0,1.096357,3.893941,4.269151
7435,lm,0,20,0,1.114766,4.801857,5.352948
7436,human,0,30,0,1.071527,5.304152,5.683543
7436,lm,0,37,0,1.205643,4.692354,5.657302
7437,human,0,14,0,1.083514,4.132154,4.477247
7437,lm,0,42,0,1.286079,2.966470,3.815114
744,human,0,128,0,1.146511,2.370062,2.717303
744,human,1,99,0,1.206120,2.509305,3.026523
744,lm,0,128,0,1.463140,1.437716,2.103580
744,lm,1,128,0,1.300920,1.286086,1.673095
744,lm,2,128,0,1.330303,1.193032,1.587094
744,lm,3,37,0,1.290870,3.248504,4.193396
7441,human,0,128,0,1.136319,3.971042,4.512369
7441,human,1,128,0,1.200018,3.483895,4.180737
7441,human,2,48,0,1.138625,5.219119,5.942616
7441,lm,0,70,0,1.231089,3.598370,4.429913
7442,human,0,128,0,1.227959,3.002200,3.686578
7442,human,1,76,0,1.187385,2.946226,3.498306
7442,lm,0,85,0,1.093455,3.183772,3.481311
7444,human,0,128,0,1.469839,1.572560,2.311411
7444,human,1,42,0,1.139216,3.654928,4.163752
7444,lm,0,33,0,1.073175,5.210413,5.591684
7446,human,0,128,0,1.145035,4.195141,4.803582
7446,human,1,128,0,1.154071,3.267823,3.771301
7446,human,2,128,0,1.310819,3.241280,4.248731
7446,human,3,78,0,1.119496,3.710419,4.153798
7446,lm,0,128,0,1.271106,2.203094,2.800367
7446,lm,1,52,0,1.057327,4.147328,4.385080
7448,human,0,15,0,1.061186,5.777303,6.130792
7448,lm,0,19,0,1.006904,6.903158,6.950820
7450,human,0,13,0,0.992359,6.323229,6.274915
7450,lm,0,20,0,1.062408,5.786027,6.147123
7451,human,0,46,0,1.102360,5.115701,5.639343
7451,lm,0,31,0,1.192396,4.773881,5.692356
7455,human,0,18,0,1.018433,5.544097,5.646293
7455,lm,0,66,0,1.059173,5.139780,5.443915
7460,human,0,38,0,1.129320,4.238202,4.786286
7460,lm,0,19,0,1.071546,4.273895,4.579675
7461,human,0,128,0,1.092609,3.596898,3.930004
7461,human,1,128,0,1.043712,3.701149,3.862935
7461,human,2,128,0,1.055016,3.622454,3.821746
7461,human,3,128,0,1.051458,4.060442,4.269384
7461,human,4,113,0,1.131452,2.884530,3.263706
7461,lm,0,128,0,1.211784,3.505297,4.247662
7461,lm,1,128,0,1.210354,3.500706,4.237094
7461,lm,2,57,0,1.061347,5.327650,5.654485
7463,human,0,69,0,1.172910,3.499305,4.104369
7463,lm,0,65,0,1.152248,3.106490,3.579447
7467,human,0,87,0,1.150911,3.580654,4.121013
7467,lm,0,105,0,1.262681,2.554342,3.225318
7468,human,0,128,0,1.120155,2.302388,2.579032
7468,human,1,48,0,1.073841,4.770504,5.122765
7468,lm,0,58,0,1.301732,2.816326,3.666102
747,human,0,128,0,1.002145,4.261026,4.270167
747,human,1,22,0,0.974328,6.280251,6.119025
747,lm,0,10,0,0.974769,10.149180,9.893110
7470,human,0,23,0,1.013735,5.976479,6.058568
7470,lm,0,16,0,1.106370,3.856933,4.267196
7471,human,0,38,0,1.132308,3.748909,4.244918
7471,lm,0,87,0,1.612092,2.682689,4.324741
7473,human,0,31,0,1.089929,5.724154,6.238921
7473,lm,0,43,0,1.278609,3.954800,5.056643
7475,human,0,121,0,1.146937,2.822236,3.236926
7475,lm,0,128,0,1.296922,2.045172,2.652429
7475,lm,1,113,0,1.202597,2.055199,2.471576
7476,human,0,106,0,1.156177,2.450183,2.832845
7476,lm,0,46,0,1.187731,1.808321,2.147799
7478,human,0,13,0,1.037781,4.876316,5.060549
7478,lm,0,63,0,1.238735,3.526943,4.368949
7479,human,0,128,0,1.255057,3.216924,4.037422
7479,human,1,61,0,1.050139,5.542474,5.820368
7479,lm,0,106,0,1.241748,2.631160,3.267239
7482,human,0,15,0,1.062481,4.636436,4.926126
7482,lm,0,128,0,1.279074,3.275186,4.189204
7482,lm,1,128,0,1.113109,4.626057,5.149306
7482,lm,2,128,0,1.221570,2.678890,3.272452
7482,lm,3,128,0,1.207449,3.283686,3.964884
7482,lm,4,2,0,0.900891,12.443521,11.210254
7487,human,0,46,0,1.044104,4.059690,4.238737
7487,lm,0,11,0,1.001077,5.585155,5.591168
7488,human,0,128,0,1.253276,2.952228,3.699956
7488,human,1,128,0,1.083800,3.998688,4.333777
7488,human,2,128,0,1.116482,3.447377,3.848934
7488,human,3,66,0,1.108170,4.223711,4.680591
7488,lm,0,57,0,1.160821,3.183692,3.695695
7489,human,0,128,0,1.128804,4.529796,5.113252
7489,human,1,128,0,1.039424,3.824930,3.975724
7489,human,2,38,0,0.973709,5.758613,5.607213
7489,lm,0,82,0,1.253498,2.954755,3.703780
7492,human,0,92,0,1.152904,3.589651,4.138523
7492,lm,0,7,0,1.012273,7.456179,7.547685
7494,human,0,40,0,1.061074,4.103011,4.353597
7494,lm,0,30,0,1.056501,4.487730,4.741290
7495,human,0,128,0,1.162947,3.363073,3.911077
7495,human,1,16,0,0.979131,6.407141,6.273427
7495,lm,0,75,0,1.105391,3.801260,4.201878
7496,human,0,128,0,1.263684,2.558738,3.233437
7496,human,1,88,0,1.131913,4.022294,4.552886
7496,lm,0,128,0,1.366895,2.698110,3.688032
7496,lm,1,26,0,0.997394,7.821157,7.800776
7499,human,0,22,0,1.018142,7.613494,7.751617
7499,lm,0,34,0,1.151557,3.402282,3.917921
750,human,0,22,0,1.032734,4.144376,4.280036
750,lm,0,30,0,1.109568,4.464054,4.953171
7500,human,0,27,0,1.019515,5.393763,5.499021
7500,lm,0,128,0,1.350397,2.281918,3.081495
7500,lm,1,27,0,1.184504,3.392538,4.018476
7501,human,0,54,0,1.098048,5.606413,6.156113
7501,lm,0,15,0,1.041819,6.743485,7.025492
7502,human,0,44,0,1.094190,4.128759,4.517648
7502,lm,0,25,0,0.990569,6.330699,6.270994
7503,human,0,18,0,1.041103,5.936699,6.180716
7503,lm,0,18,0,1.158017,6.158854,7.132056
7510,human,0,128,0,1.081576,4.561895,4.934035
7510,human,1,51,0,1.093579,5.010387,5.479254
7510,lm,0,67,0,1.211389,3.291658,3.987478
7513,human,0,128,0,1.356587,2.318457,3.145188
7513,human,1,34,0,1.079920,4.369313,4.718507
7513,lm,0,128,0,1.345547,2.186270,2.941729
7513,lm,1,19,0,1.034244,4.683856,4.844248
7515,human,0,128,0,1.069353,5.192259,5.552356
7515,human,1,43,0,1.063987,5.138269,5.467054
7515,lm,0,43,0,1.075498,5.053819,5.435373
752,human,0,53,0,1.122904,4.765537,5.351238
752,lm,0,10,0,1.013261,7.567542,7.667897
7523,human,0,128,0,1.364131,1.916659,2.614574
7523,human,1,128,0,1.260069,2.584642,3.256827
7523,human,2,128,0,1.085554,4.048660,4.395041
7523,human,3,84,0,0.981721,5.177188,5.082556
7523,lm,0,13,0,1.014890,4.235507,4.298576
7524,human,0,128,0,1.078098,4.306107,4.642406
7524,human,1,106,0,1.205981,4.458110,5.376398
7524,lm,0,52,0,1.072213,4.841676,5.191310
7527,human,0,128,0,1.076371,4.453540,4.793659
7527,human,1,128,0,1.092392,3.242233,3.541790
7527,human,2,128,0,1.061770,5.159706,5.478419
7527,human,3,128,0,1.142605,3.454853,3.947531
7527,human,4,128,0,1.062709,4.028063,4.280658
7527,human,5,128,0,1.086480,4.624864,5.024823
7527,human,6,128,0,1.015844,3.870206,3.931526
7527,human,7,128,0,1.084443,3.483744,3.777921
7527,human,8,128,0,1.167438,3.926288,4.583699
7527,human,9,128,0,1.072715,4.148082,4.449711
7527,human,10,75,0,1.132679,3.309526,3.748631
7527,lm,0,43,0,1.211030,4.447258,5.385760
7528,human,0,128,0,1.153297,2.826049,3.259273
7528,human,1,128,0,1.126655,3.133482,3.530353
7528,human,2,128,0,1.143989,4.273369,4.888688
7528,human,3,128,0,1.120938,4.867166,5.455790
7528,human,4,79,0,1.049191,4.609634,4.836385
7528,lm,0,128,0,1.373139,2.560343,3.515706
7528,lm,1,128,0,1.210528,2.762572,3.344171
7528,lm,2,128,0,1.096170,4.547871,4.985240
7528,lm,3,127,0,1.175764,2.648522,3.114038
7529,human,0,14,0,1.072777,5.991818,6.427883
7529,lm,0,50,0,1.103715,4.322830,4.771172
753,human,0,128,0,1.173374,3.080978,3.615141
753,human,1,128,0,1.101533,4.306082,4.743291
753,human,2,128,0,1.074003,3.692520,3.965776
753,human,3,128,0,1.171148,3.698768,4.331804
753,human,4,55,0,1.050997,4.723427,4.964306
753,lm,0,104,0,1.266768,2.905833,3.681018
7531,human,0,91,0,1.030674,5.741008,5.917105
7531,lm,0,53,0,1.121595,3.548101,3.979534
7533,human,0,128,0,1.237645,3.098816,3.835232
7533,human,1,128,0,1.207670,1.932485,2.333803
7533,human,2,23,0,1.103379,5.613188,6.193475
7533,lm,0,128,0,1.447572,2.313759,3.349332
7533,lm,1,28,0,1.019595,6.693280,6.824433
7534,human,0,107,0,1.087392,4.552753,4.950626
7534,lm,0,20,0,0.984528,5.827791,5.737625
7535,human,0,81,0,1.077802,4.263311,4.595004
7535,lm,0,42,0,1.182742,4.540542,5.370291
7536,human,0,109,0,1.142218,3.250308,3.712560
7536,lm,0,57,0,1.114519,4.868966,5.426555
7537,human,0,128,0,1.207494,2.856553,3.449272
7537,human,1,128,0,1.221325,3.667434,4.479130
7537,human,2,89,0,1.096802,4.082571,4.477770
7537,lm,0,66,0,1.181786,4.534941,5.359330
7538,human,0,103,0,1.104097,5.190293,5.730586
7538,lm,0,109,0,1.201543,3.978542,4.780389
7540,human,0,53,0,1.190746,3.770791,4.490054
7540,lm,0,46,0,1.184495,2.909526,3.446319
7542,human,0,128,0,1.108866,4.455981,4.941087
7542,human,1,41,0,1.110187,5.122267,5.686673
7542,lm,0,42,0,1.110276,4.055203,4.502394
7544,human,0,21,0,0.996184,6.545874,6.520893
7544,lm,0,105,0,1.299249,2.740196,3.560196
7545,human,0,128,0,1.196806,3.203995,3.834562
7545,human,1,128,0,1.338702,3.739949,5.006676
7545,human,2,83,0,1.173524,3.892039,4.567402
7545,lm,0,86,0,1.190819,3.731900,4.444016
7546,human,0,128,0,1.166248,2.743750,3.199892
7546,human,1,63,0,1.001747,6.152720,6.163466
7546,lm,0,49,0,1.255133,2.268424,2.847174
7547,human,0,128,0,1.173063,3.909032,4.585542
7547,human,1,112,0,1.093426,4.936760,5.397983
7547,lm,0,128,0,1.180955,3.792312,4.478551
7547,lm,1,39,0,1.138060,4.697163,5.345652
755,human,0,128,0,1.146314,4.123247,4.726534
755,human,1,78,0,1.143810,3.642350,4.166157
755,lm,0,128,0,1.331280,3.073936,4.092269
755,lm,1,33,0,1.088568,4.152175,4.519923
7550,human,0,128,0,1.161728,2.950806,3.428035
7550,human,1,49,0,1.066490,5.191427,5.536607
7550,lm,0,72,0,1.134341,3.530163,4.004407
7552,human,0,73,0,1.216528,3.700005,4.501160
7552,lm,0,7,0,1.003648,6.531046,6.554870
7555,human,0,38,0,1.103971,5.128008,5.661170
7555,lm,0,94,0,1.138563,4.656968,5.302253
7556,human,0,91,0,1.209001,3.619440,4.375906
7556,lm,0,21,0,1.019741,5.385935,5.492256
7557,human,0,43,0,1.021312,6.241979,6.375008
7557,lm,0,55,0,1.069685,3.886698,4.157544
756,human,0,66,0,1.170244,3.632907,4.251389
756,lm,0,79,0,1.266372,2.586828,3.275887
7560,human,0,128,0,1.143449,3.274098,3.743763
7560,human,1,26,0,1.036191,7.354786,7.620966
7560,lm,0,93,0,1.330062,2.117670,2.816632
7561,human,0,21,0,1.013984,6.768090,6.862738
7561,lm,0,128,0,1.228605,3.030087,3.722780
7561,lm,1,30,0,1.051154,5.558906,5.843267
7565,human,0,128,0,1.478474,2.835427,4.192105
7565,human,1,50,0,1.067279,6.142663,6.555932
7565,lm,0,128,0,1.192591,3.539542,4.221228
7565,lm,1,53,0,1.112904,5.265137,5.859591
7566,human,0,78,0,1.104448,3.388437,3.742351
7566,lm,0,128,0,1.030496,4.221983,4.350738
7566,lm,1,128,0,0.980958,5.526649,5.421413
7566,lm,2,2,0,1.087313,8.028129,8.729089
7567,human,0,62,0,1.171535,4.359004,5.106726
7567,lm,0,51,0,1.120915,5.516017,6.182989
7568,human,0,128,0,1.103044,3.417646,3.769815
7568,human,1,128,0,1.070608,3.475268,3.720651
7568,human,2,128,0,1.059457,4.320446,4.577326
7568,human,3,128,0,1.009142,3.929095,3.965015
7568,human,4,26,0,1.037500,5.909093,6.130685
7568,lm,0,128,0,1.151820,3.611191,4.159443
7568,lm,1,92,0,1.200654,3.037954,3.647531
7569,human,0,84,0,1.119207,4.467360,4.999903
7569,lm,0,128,0,1.214576,2.778109,3.374224
7569,lm,1,8,0,1.042098,9.597315,10.001343
757,human,0,77,0,1.247367,2.491448,3.107751
757,lm,0,128,0,1.179324,3.218008,3.795073
757,lm,1,7,0,1.046715,6.076467,6.360331
7571,human,0,128,0,1.118094,4.168954,4.661281
7571,human,1,128,0,1.286905,3.084606,3.969595
7571,human,2,62,0,1.041487,5.361220,5.583639
7571,lm,0,52,0,1.093082,4.955708,5.416995
7572,human,0,89,0,1.046537,4.472064,4.680181
7572,lm,0,38,0,1.120520,3.338335,3.740670
7573,human,0,86,0,1.275493,3.565707,4.548036
7573,lm,0,74,0,1.388946,1.966737,2.731692
7575,human,0,128,0,1.190426,3.342116,3.978542
7575,human,1,128,0,1.089098,4.194684,4.568421
7575,human,2,128,0,1.137865,3.133065,3.565005
7575,human,3,128,0,1.105062,2.915074,3.221338
7575,human,4,128,0,1.111741,3.446326,3.831422
7575,human,5,87,0,1.030551,3.611601,3.721940
7575,lm,0,107,0,1.281878,2.635760,3.378723
7577,human,0,128,0,1.271030,2.615754,3.324702
7577,human,1,3,0,0.995063,8.497256,8.455303
7577,lm,0,16,0,1.150242,5.797510,6.668539
7581,human,0,73,0,1.131590,3.875732,4.385741
7581,lm,0,113,0,1.283083,2.905288,3.727726
7582,human,0,113,0,1.151153,2.890314,3.327194
7582,lm,0,101,0,1.255341,2.788083,3.499995
7583,human,0,117,0,1.180578,2.533083,2.990502
7583,lm,0,11,0,1.101281,4.402148,4.848003
7585,human,0,126,0,1.200902,3.617222,4.343928
7585,lm,0,128,0,1.236006,2.526821,3.123166
7585,lm,1,32,0,1.080237,4.169866,4.504445
7587,human,0,40,0,1.081175,3.753419,4.058104
7587,lm,0,93,0,1.282492,2.430701,3.117354
759,human,0,128,0,1.152586,2.679705,3.088590
759,human,1,17,0,1.262263,6.230528,7.864563
759,lm,0,11,0,1.049285,6.086862,6.386852
7591,human,0,128,0,1.211245,3.929012,4.758998
7591,human,1,71,0,1.053798,7.083413,7.464486
7591,lm,0,128,0,1.232115,2.884758,3.554355
7591,lm,1,15,0,1.037458,6.255725,6.490053
7592,human,0,128,0,1.018930,4.819940,4.911181
7592,human,1,128,0,0.973874,6.008922,5.851933
7592,human,2,98,0,1.038428,6.215220,6.454061
7592,lm,0,58,0,1.126839,3.441545,3.878066
7594,human,0,30,0,1.076796,5.316754,5.725060
7594,lm,0,44,0,1.253754,4.300644,5.391948
7595,human,0,128,0,0.991060,4.954421,4.910129
7595,human,1,128,0,1.177498,3.371699,3.970169
7595,human,2,35,0,1.111741,5.317042,5.911174
7595,lm,0,128,0,1.344479,2.345661,3.153692
7595,lm,1,4,0,1.064360,6.190672,6.589106
7597,human,0,20,0,1.021671,5.708235,5.831938
7597,lm,0,10,0,1.020605,4.553211,4.647031
7599,human,0,128,0,1.145447,3.654115,4.185595
7599,human,1,128,0,1.120358,3.880113,4.347115
7599,human,2,128,0,1.136652,3.566111,4.053427
7599,human,3,128,0,1.153998,2.626390,3.030848
7599,human,4,14,0,1.018347,6.469694,6.588392
7599,lm,0,128,0,1.227043,3.576196,4.388146
7599,lm,1,128,0,1.115192,4.677853,5.216703
7599,lm,2,40,0,1.186473,3.534246,4.193289
76,human,0,116,0,1.209183,2.963541,3.583462
76,lm,0,59,0,1.165369,3.141715,3.661256
7600,human,0,71,0,1.104395,4.161529,4.595974
7600,lm,0,66,0,1.102543,4.039622,4.453859
7601,human,0,128,0,1.232976,2.614968,3.224192
7601,human,1,26,0,1.112391,5.507421,6.126406
7601,lm,0,112,0,1.316611,2.880603,3.792634
7603,human,0,97,0,1.167015,2.951559,3.444513
7603,lm,0,10,0,1.014497,6.840334,6.939497
7605,human,0,128,0,1.247895,3.376424,4.213422
7605,human,1,128,0,1.161001,2.711862,3.148473
7605,human,2,128,0,1.256409,2.727210,3.426491
7605,human,3,15,0,0.993945,7.388216,7.343478
7605,lm,0,115,0,1.257212,2.616877,3.289968
7606,human,0,128,0,1.489402,2.056188,3.062490
7606,human,1,128,0,1.165364,3.683329,4.292417
7606,human,2,125,0,1.139304,3.532985,4.025144
7606,lm,0,128,0,1.529894,1.803521,2.759196
7606,lm,1,52,0,1.345442,3.010592,4.050577
7607,human,0,128,0,1.477232,1.889620,2.791408
7607,human,1,46,0,1.075304,5.475804,5.888153
7607,lm,0,43,0,1.230762,3.040118,3.741661
761,human,0,48,0,1.040297,4.619394,4.805544
761,lm,0,46,0,1.104037,4.664127,5.149370
7610,human,0,128,0,1.231243,3.761070,4.630792
7610,human,1,128,0,1.180604,4.038150,4.767458
7610,human,2,128,0,1.080759,3.842066,4.152349
7610,human,3,128,0,1.139645,2.978203,3.394094
7610,human,4,55,0,1.028160,6.255700,6.431858
7610,lm,0,128,0,1.211942,2.031270,2.461780
7610,lm,1,17,0,1.062615,7.106721,7.551709
7611,human,0,128,0,1.194359,3.706542,4.426943
7611,human,1,29,0,0.993432,6.758404,6.714013
7611,lm,0,86,0,1.441454,2.943894,4.243488
7614,human,0,128,0,1.278648,2.916236,3.728841
7614,human,1,5,0,1.045971,5.949502,6.223004
7614,lm,0,12,0,1.120449,4.543870,5.091173
7615,human,0,72,0,1.119242,4.087268,4.574641
7615,lm,0,8,0,1.070041,3.897334,4.170308
7616,human,0,59,0,1.135000,4.389719,4.982328
7616,lm,0,128,0,1.297964,2.711171,3.519003
7616,lm,1,35,0,1.200548,2.769764,3.325234
7617,human,0,128,0,1.135993,4.209772,4.782272
7617,human,1,128,0,1.158107,3.958540,4.584412
7617,human,2,128,0,1.209993,3.824361,4.627449
7617,human,3,52,0,1.047349,6.076029,6.363724
7617,lm,0,128,0,1.279174,3.129436,4.003093
7617,lm,1,128,0,1.139934,2.568023,2.927377
7619,human,0,128,0,1.077635,4.436942,4.781405
7619,human,1,112,0,1.034312,5.745132,5.942259
7619,lm,0,6,0,1.017665,6.923785,7.046094
7622,human,0,83,0,1.128039,4.197295,4.734714
7622,lm,0,67,0,1.455214,3.262321,4.747377
7625,human,0,58,0,1.022812,5.614409,5.742486
7625,lm,0,7,0,1.021740,8.210702,8.389199
7627,human,0,63,0,1.092737,4.682199,5.116412
7627,lm,0,19,0,1.100374,5.630395,6.195542
763,human,0,92,0,1.378653,1.884950,2.598692
763,lm,0,128,0,1.246995,2.646486,3.300156
763,lm,1,37,0,1.215881,4.917926,5.979614
7632,human,0,62,0,1.087285,4.225357,4.594168
7632,lm,0,10,0,0.995977,7.283391,7.254091
7633,human,0,35,0,1.027833,5.796565,5.957901
7633,lm,0,110,0,1.594204,1.955776,3.117906
7636,human,0,128,0,1.151856,3.895021,4.486505
7636,human,1,50,0,1.121474,4.674593,5.242436
7636,lm,0,99,0,1.223981,2.650354,3.243982
7637,human,0,14,0,1.022326,5.360898,5.480583
7637,lm,0,7,0,1.009526,5.727673,5.782234
7639,human,0,70,0,1.141320,4.570027,5.215865
7639,lm,0,24,0,1.011235,5.842254,5.907892
7640,human,0,128,0,1.290473,2.199822,2.838811
7640,human,1,76,0,1.119292,4.144343,4.638731
7640,lm,0,128,0,1.230092,2.522043,3.102345
7640,lm,1,3,0,0.994639,6.363571,6.329454
7641,human,0,70,0,1.129228,3.716841,4.197161
7641,lm,0,22,0,1.072245,5.828532,6.249611
7644,human,0,41,0,1.026445,6.090739,6.251812
7644,lm,0,95,0,1.140039,4.424822,5.044472
765,human,0,60,0,1.147521,3.218702,3.693528
765,lm,0,128,0,1.277621,2.473297,3.159937
765,lm,1,88,0,1.248220,3.241215,4.045750
7650,human,0,128,0,1.162242,3.311287,3.848517
7650,human,1,128,0,0.995133,3.643519,3.625784
7650,human,2,9,0,1.007701,5.222733,5.262952
7650,lm,0,128,0,1.155112,3.291811,3.802410
7650,lm,1,22,0,1.019857,5.533280,5.643154
7651,human,0,128,0,1.222981,3.464809,4.237395
7651,human,1,37,0,1.090645,6.099402,6.652284
7651,lm,0,89,0,1.363084,2.645499,3.606038
7653,human,0,128,0,1.209664,3.005134,3.635203
7653,human,1,51,0,1.103941,3.756636,4.147106
7653,lm,0,128,0,1.386835,2.751961,3.816515
7653,lm,1,59,0,1.112993,5.146067,5.727539
7654,human,0,51,0,1.102040,3.655774,4.028810
7654,lm,0,74,0,1.271247,2.143222,2.724566
7656,human,0,128,0,1.114534,3.016560,3.362059
7656,human,1,128,0,1.088249,3.935868,4.283203
7656,human,2,75,0,1.142335,3.883245,4.435969
7656,lm,0,128,0,1.203123,3.113321,3.745709
7656,lm,1,128,0,1.318508,2.778849,3.663936
7656,lm,2,128,0,1.171755,3.770022,4.417541
7656,lm,3,117,0,1.151049,2.718634,3.129281
7657,human,0,128,0,1.191578,3.625692,4.320294
7657,human,1,42,0,1.127067,5.333261,6.010943
7657,lm,0,74,0,1.246188,3.340658,4.163087
7660,human,0,128,0,1.284032,3.459518,4.442132
7660,human,1,52,0,1.041940,5.300515,5.522817
7660,lm,0,107,0,1.075038,3.558778,3.825822
7661,human,0,128,0,0.987582,3.984433,3.934955
7661,human,1,128,0,1.110115,3.938054,4.371692
7661,human,2,128,0,1.119663,3.704870,4.148205
7661,human,3,128,0,1.310700,2.990593,3.919770
7661,human,4,128,0,1.129848,4.453063,5.031284
7661,human,5,31,0,1.257043,5.256506,6.607652
7661,lm,0,128,0,1.195934,3.821357,4.570089
7661,lm,1,128,0,1.212674,2.760430,3.347503
7661,lm,2,55,0,1.092430,5.195742,5.675983
7663,human,0,128,0,1.107426,4.690598,5.194492
7663,human,1,128,0,1.151470,3.675799,4.232574
7663,human,2,23,0,1.147424,6.910988,7.929830
7663,lm,0,128,0,1.170241,3.184385,3.726497
7663,lm,1,91,0,1.191014,3.127315,3.724677
7664,human,0,127,0,1.249882,2.645010,3.305952
7664,lm,0,128,0,1.192941,3.418001,4.077472
7664,lm,1,128,0,1.462736,1.813370,2.652482
7664,lm,2,5,0,1.003090,6.978176,6.999736
7667,human,0,18,0,1.117829,4.511281,5.042841
7667,lm,0,15,0,1.152062,3.568262,4.110857
7669,human,0,128,0,1.150587,4.261909,4.903695
7669,human,1,13,0,0.982588,11.383957,11.185737
7669,lm,0,40,0,1.123567,4.729269,5.313652
7670,human,0,128,0,1.218369,2.593045,3.159287
7670,human,1,128,0,1.200731,3.493930,4.195271
7670,human,2,83,0,1.108548,2.702822,2.996209
7670,lm,0,128,0,1.179335,3.335944,3.934196
7670,lm,1,128,0,1.091805,4.226316,4.614312
7670,lm,2,128,0,1.054961,4.605409,4.858527
7670,lm,3,128,0,1.139765,4.445366,5.066674
7670,lm,4,128,0,1.063264,4.932683,5.244744
7670,lm,5,71,0,1.188878,3.725945,4.429694
7671,human,0,47,0,1.040095,5.522087,5.743495
7671,lm,0,33,0,1.070704,7.159112,7.665287
7672,human,0,128,0,1.165103,3.839150,4.473004
7672,human,1,61,0,1.065977,6.020570,6.417790
7672,lm,0,128,0,1.373627,2.650729,3.641114
7672,lm,1,44,0,1.048085,5.967407,6.254352
7673,human,0,79,0,1.125944,3.850635,4.335598
7673,lm,0,11,0,1.022000,6.377435,6.517736
7674,human,0,61,0,1.154375,2.934935,3.388016
7674,lm,0,27,0,0.986642,7.366737,7.268333
7676,human,0,128,0,1.102190,2.480282,2.733743
7676,human,1,73,0,1.042389,3.882920,4.047514
7676,lm,0,128,0,1.473594,2.173834,3.203348
7676,lm,1,38,0,1.057208,5.173406,5.469363
7677,human,0,128,0,1.502768,1.437051,2.159555
7677,human,1,128,0,1.496103,1.389524,2.078870
7677,human,2,128,0,1.497870,2.095379,3.138604
7677,human,3,33,0,1.184538,5.365153,6.355228
7677,lm,0,108,0,1.432713,2.217288,3.176737
7678,human,0,90,0,1.170543,4.032470,4.720179
7678,lm,0,97,0,1.339318,2.681258,3.591058
7679,human,0,74,0,1.248147,2.218614,2.769156
7679,lm,0,14,0,1.054633,4.290068,4.524448
768,human,0,128,0,1.314465,3.188851,4.191632
768,human,1,54,0,1.147008,4.711288,5.403886
768,lm,0,128,0,1.415448,2.456971,3.477716
768,lm,1,45,0,1.056679,5.041623,5.327375
7680,human,0,46,0,1.082849,4.537605,4.913540
7680,lm,0,44,0,1.109794,4.069138,4.515906
7681,human,0,82,0,1.337813,2.660135,3.558764
7681,lm,0,65,0,1.402224,2.424949,3.400322
7683,human,0,128,0,1.268462,3.202068,4.061702
7683,human,1,34,0,0.941595,7.550888,7.109876
7683,lm,0,25,0,1.046457,4.550493,4.761894
7684,human,0,24,0,1.007580,7.030258,7.083550
7684,lm,0,30,0,0.976150,5.885286,5.744924
7685,human,0,15,0,1.042549,4.032805,4.204399
7685,lm,0,31,0,1.133044,3.000639,3.399857
7686,human,0,128,0,1.220417,3.509590,4.283162
7686,human,1,4,0,1.065768,8.486754,9.044911
7686,lm,0,26,0,1.066186,4.692724,5.003318
7687,human,0,128,0,1.141408,3.053844,3.485681
7687,human,1,7,0,0.976828,11.005491,10.750469
7687,lm,0,11,0,0.980845,7.699576,7.552093
7688,human,0,15,0,1.021238,5.546731,5.664535
7688,lm,0,34,0,1.042777,4.624554,4.822381
7690,human,0,84,0,1.299026,3.473313,4.511924
7690,lm,0,106,0,1.267011,3.305239,4.187776
7692,human,0,35,0,1.025735,4.346437,4.458292
7692,lm,0,128,0,1.102373,3.692676,4.070708
7692,lm,1,128,0,1.198417,3.226232,3.866372
7692,lm,2,128,0,1.165414,3.560540,4.149504
7692,lm,3,128,0,1.097663,3.528333,3.872922
7692,lm,4,60,0,1.013576,5.857557,5.937077
7693,human,0,128,0,1.285851,2.344480,3.014651
7693,human,1,16,0,1.007576,7.840941,7.900347
7693,lm,0,104,0,1.209169,3.187418,3.854127
7696,human,0,57,0,1.060600,5.249012,5.567101
7696,lm,0,27,0,0.994081,5.632993,5.599652
770,human,0,128,0,1.162043,2.859413,3.322761
770,human,1,54,0,1.082934,3.534230,3.827340
770,lm,0,54,0,1.135258,3.645538,4.138628
7700,human,0,42,0,1.139012,4.521504,5.150048
7700,lm,0,11,0,1.019861,8.786550,8.961057
7701,human,0,128,0,1.131857,3.713612,4.203278
7701,human,1,128,0,1.145212,4.119198,4.717354
7701,human,2,128,0,1.070285,5.037475,5.391534
7701,human,3,128,0,1.199678,2.328227,2.793122
7701,human,4,62,0,1.091456,3.251254,3.548602
7701,lm,0,32,0,1.014664,5.222179,5.298758
7702,human,0,128,0,1.208178,2.882229,3.482246
7702,human,1,118,0,1.106383,3.165658,3.502430
7702,lm,0,57,0,1.224462,3.026263,3.705545
7703,human,0,128,0,1.105841,3.443608,3.808083
7703,human,1,72,0,1.151162,4.097700,4.717115
7703,lm,0,109,0,1.340786,2.061211,2.763642
7704,human,0,128,0,1.026701,5.304646,5.446284
7704,human,1,128,0,1.052163,2.762309,2.906400
7704,human,2,128,0,0.989732,5.068113,5.016071
7704,human,3,128,0,1.037356,4.226653,4.384542
7704,human,4,128,0,0.984154,4.410703,4.340811
7704,human,5,128,0,0.979041,4.947166,4.843480
7704,human,6,114,0,1.081746,4.197998,4.541168
7704,lm,0,128,0,1.315668,2.065919,2.718063
7704,lm,1,128,0,1.397786,2.389771,3.340387
7704,lm,2,80,0,1.078632,4.391183,4.736472
7705,human,0,68,0,1.166574,3.712365,4.330749
7705,lm,0,11,0,1.042515,7.345993,7.658307
7710,human,0,95,0,1.317181,2.082343,2.742824
7710,lm,0,102,0,1.299524,2.068730,2.688365
7711,human,0,33,0,1.027405,6.478405,6.655944
7711,lm,0,32,0,1.108152,4.781569,5.298706
7712,human,0,38,0,1.132480,4.517646,5.116142
7712,lm,0,128,0,1.666117,2.030834,3.383608
7712,lm,1,128,0,1.265146,2.486137,3.145326
7712,lm,2,33,0,1.096167,6.090109,6.675779
7715,human,0,128,0,1.193764,3.786236,4.519872
7715,human,1,96,0,1.177595,2.816232,3.316380
7715,lm,0,88,0,1.131607,3.644951,4.124651
7716,human,0,115,0,1.119749,2.858594,3.200906
7716,lm,0,26,0,1.100914,4.865864,5.356900
7717,human,0,128,0,1.267222,2.624419,3.325720
7717,human,1,90,0,1.215733,2.754159,3.348324
7717,lm,0,92,0,1.228483,2.633701,3.235458
7718,human,0,128,0,1.304394,1.825082,2.380627
7718,human,1,128,0,1.260884,2.255637,2.844097
7718,human,2,128,0,0.996869,4.145892,4.132913
7718,human,3,51,0,0.992966,6.731822,6.684473
7718,lm,0,128,0,1.165063,3.243350,3.778705
7718,lm,1,34,0,1.066990,5.294625,5.649313
772,human,0,128,0,1.003659,4.382756,4.398791
772,human,1,128,0,1.031502,4.492568,4.634094
772,human,2,98,0,1.012920,6.015543,6.093266
772,lm,0,113,0,1.264533,3.516872,4.447202
7722,human,0,37,0,1.023369,6.647610,6.802957
7722,lm,0,62,0,1.223989,4.738776,5.800209
7725,human,0,53,0,1.128972,2.867511,3.237340
7725,lm,0,16,0,1.022215,6.670565,6.818752
7729,human,0,57,0,1.062140,5.186253,5.508528
7729,lm,0,62,0,1.195364,3.098276,3.703567
7731,human,0,64,0,1.104194,3.906185,4.313186
7731,lm,0,66,0,1.205074,3.375489,4.067715
7732,human,0,27,0,1.005338,6.150090,6.182921
7732,lm,0,37,0,1.387317,2.581551,3.581429
7733,human,0,128,0,1.245662,3.089997,3.849091
7733,human,1,128,0,1.142765,4.126019,4.715072
7733,human,2,29,0,1.009522,6.962933,7.029236
7733,lm,0,106,0,1.316801,3.056834,4.025241
7735,human,0,60,0,1.183635,3.648571,4.318577
7735,lm,0,18,0,1.122298,4.632466,5.199005
7737,human,0,19,0,1.037549,4.419423,4.585369
7737,lm,0,18,0,1.089889,4.322390,4.710925
7738,human,0,80,0,1.086783,4.090119,4.445074
7738,lm,0,62,0,1.214368,4.182502,5.079096
7739,human,0,71,0,1.111134,3.682650,4.091919
7739,lm,0,38,0,1.002047,4.713508,4.723155
774,human,0,128,0,1.056101,3.941453,4.162571
774,human,1,25,0,1.063714,4.847875,5.156751
774,lm,0,128,0,1.142110,3.286700,3.753775
774,lm,1,64,0,1.309237,2.807194,3.675283
7742,human,0,46,0,0.994669,5.041109,5.014236
7742,lm,0,79,0,1.334831,2.570375,3.431016
7745,human,0,128,0,1.045877,4.873532,5.097117
7745,human,1,20,0,0.982520,6.741465,6.623622
7745,lm,0,76,0,1.100031,4.358926,4.794953
7748,human,0,94,0,1.187261,2.225267,2.641974
7748,lm,0,10,0,1.008044,5.200026,5.241855
7749,human,0,118,0,1.180300,3.912214,4.617588
7749,lm,0,33,0,1.090791,3.111347,3.393829
7750,human,0,21,0,1.010926,6.625429,6.697819
7750,lm,0,128,0,1.337622,2.801101,3.746814
7750,lm,1,128,0,1.409365,2.405414,3.390105
7750,lm,2,22,0,1.080465,5.112601,5.523989
7753,human,0,128,0,1.088496,4.744394,5.164253
7753,human,1,128,0,0.987024,7.511074,7.413612
7753,human,2,73,0,0.946904,5.165717,4.891438
7753,lm,0,125,0,1.194567,3.463871,4.137824
7754,human,0,128,0,1.130396,3.901229,4.409934
7754,human,1,128,0,1.302684,2.099082,2.734441
7754,human,2,28,0,1.172348,5.140512,6.026470
7754,lm,0,29,0,1.154447,4.606347,5.317783
7758,human,0,42,0,1.105612,4.618160,5.105893
7758,lm,0,12,0,1.047129,5.610561,5.874980
776,human,0,84,0,1.104994,3.696137,4.084210
776,lm,0,9,0,0.999136,6.743814,6.737989
7761,human,0,128,0,1.162475,2.703551,3.142812
7761,human,1,128,0,1.096997,3.835943,4.208019
7761,human,2,80,0,1.066318,4.784041,5.101311
7761,lm,0,21,0,1.049743,6.134350,6.439492
7764,human,0,82,0,1.257199,2.747467,3.454112
7764,lm,0,77,0,1.295176,3.223380,4.174845
7767,human,0,36,0,1.022316,6.048991,6.183983
7767,lm,0,46,0,1.101956,3.882500,4.278344
777,human,0,128,0,1.255273,2.873082,3.606504
777,human,1,1,0,nan,nan,nan
777,lm,0,24,0,0.989726,8.032825,7.950297
7770,human,0,128,0,1.146232,3.425496,3.926415
7770,human,1,71,0,0.985145,4.895138,4.822421
7770,lm,0,34,0,1.114734,3.170398,3.534149
7772,human,0,128,0,1.131522,4.702361,5.320827
7772,human,1,128,0,1.176406,4.124969,4.852640
7772,human,2,128,0,1.241218,2.535236,3.146781
7772,human,3,25,0,1.034104,5.119305,5.293893
7772,lm,0,18,0,1.129431,4.644422,5.245553
7774,human,0,128,0,1.051492,5.947690,6.253950
7774,human,1,8,0,1.016774,7.487007,7.612593
7774,lm,0,11,0,1.006910,6.167135,6.209753
7776,human,0,82,0,1.177431,2.990460,3.521060
7776,lm,0,13,0,1.102008,5.110724,5.632059
7778,human,0,70,0,1.182031,3.038848,3.592013
7778,lm,0,124,0,1.660554,1.190103,1.976230
7779,human,0,104,0,1.240587,2.745589,3.406140
7779,lm,0,67,0,1.315724,2.857531,3.759721
778,human,0,128,0,1.215683,2.700071,3.282429
778,human,1,79,0,1.113936,3.304421,3.680913
778,lm,0,111,0,1.288071,2.248977,2.896842
7780,human,0,128,0,1.176020,3.424069,4.026776
7780,human,1,128,0,1.365759,2.408112,3.288901
7780,lm,0,122,0,1.361194,2.734057,3.721583
7782,human,0,43,0,1.091362,4.627735,5.050532
7782,lm,0,10,0,1.147460,3.499591,4.015643
7783,human,0,128,0,1.088912,1.813873,1.975147
7783,human,1,128,0,0.983524,3.468337,3.411192
7783,human,2,5,0,0.993862,7.552934,7.506576
7783,lm,0,128,0,1.297942,2.568262,3.333455
7783,lm,1,49,0,1.052150,4.738929,4.986064
7785,human,0,34,0,1.099759,4.711468,5.181481
7785,lm,0,19,0,1.139886,4.132637,4.710735
7786,human,0,128,0,1.224476,2.639465,3.231961
7786,human,1,128,0,1.173197,3.637215,4.267169
7786,human,2,121,0,1.170341,3.741390,4.378703
7786,lm,0,128,0,1.110331,3.091003,3.432036
7786,lm,1,33,0,1.004589,5.044936,5.068086
7787,human,0,72,0,1.151196,3.167696,3.646639
7787,lm,0,73,0,1.142782,3.949489,4.513404
7789,human,0,128,0,1.115816,4.253830,4.746492
7789,human,1,25,0,1.002445,7.704041,7.722881
7789,lm,0,44,0,1.146365,3.686419,4.225980
779,human,0,90,0,1.081709,4.027630,4.356722
779,lm,0,10,0,0.983448,7.220768,7.101247
7791,human,0,24,0,1.056063,5.968814,6.303441
7791,lm,0,49,0,1.098493,5.335280,5.860768
7792,human,0,90,0,1.132476,3.868174,4.380616
7792,lm,0,29,0,1.073907,5.855981,6.288779
7795,human,0,128,0,1.208279,4.226008,5.106199
7795,human,1,5,0,0.984816,9.623477,9.477357
7795,lm,0,28,0,1.164159,5.336785,6.212868
7797,human,0,128,0,1.277966,2.734298,3.494340
7797,human,1,5,0,1.058331,5.773417,6.110188
7797,lm,0,62,0,1.090211,3.419927,3.728442
7798,human,0,128,0,1.240276,3.596721,4.460926
7798,human,1,128,0,1.216242,3.403352,4.139300
7798,human,2,128,0,1.065557,3.487089,3.715694
7798,human,3,128,0,1.145946,4.594306,5.264825
7798,human,4,3,0,0.966857,9.506512,9.191442
7798,lm,0,43,0,1.215628,4.652244,5.655399
78,human,0,26,0,1.002013,6.639097,6.652460
78,lm,0,27,0,0.983622,8.000735,7.869699
780,human,0,128,0,1.238609,3.331315,4.126196
780,human,1,8,0,1.008689,8.727066,8.802897
780,lm,0,35,0,1.071758,5.931569,6.357203
7802,human,0,128,0,1.315972,2.382699,3.135565
7802,human,1,86,0,1.031027,6.463767,6.664315
7802,lm,0,128,0,1.272770,2.236784,2.846913
7802,lm,1,91,0,1.228139,3.840718,4.716936
7803,human,0,66,0,1.076020,5.547188,5.968883
7803,lm,0,47,0,1.163775,3.802818,4.425624
7806,human,0,30,0,1.034905,3.741267,3.871855
7806,lm,0,10,0,1.017798,6.059237,6.167081
7809,human,0,34,0,1.238422,4.043744,5.007861
7809,lm,0,128,0,1.266460,3.557560,4.505506
7809,lm,1,66,0,1.143673,4.012745,4.589267
781,human,0,30,0,1.054593,5.945935,6.270542
781,lm,0,12,0,1.060046,6.867400,7.279757
7810,human,0,21,0,1.012574,5.583581,5.653787
7810,lm,0,128,0,1.248008,3.706933,4.626281
7810,lm,1,41,0,1.107096,5.127898,5.677074
7811,human,0,128,0,1.436552,2.766285,3.973912
7811,human,1,128,0,1.169894,3.102197,3.629243
7811,human,2,128,0,1.087941,4.876806,5.305679
7811,human,3,31,0,1.019627,4.575220,4.665016
7811,lm,0,88,0,1.271979,2.808142,3.571899
7813,human,0,116,0,1.244372,3.800001,4.728616
7813,lm,0,63,0,1.444819,2.705368,3.908767
7814,human,0,46,0,1.095217,4.059236,4.445742
7814,lm,0,128,0,1.286465,2.794413,3.594915
7814,lm,1,128,0,1.279672,2.352774,3.010779
7814,lm,2,27,0,1.063777,4.516838,4.804910
7815,human,0,68,0,1.252685,3.219019,4.032418
7815,lm,0,63,0,1.221116,3.575031,4.365526
7817,human,0,128,0,1.289675,2.587218,3.336670
7817,human,1,11,0,1.079220,5.737676,6.192213
7817,lm,0,84,0,1.313703,2.193975,2.882232
7821,human,0,54,0,1.094213,4.661944,5.101159
7821,lm,0,14,0,1.098624,4.935724,5.422507
7822,human,0,128,0,1.210015,2.702595,3.270181
7822,human,1,128,0,1.344569,2.734071,3.676148
7822,human,2,11,0,1.024139,6.512545,6.669748
7822,lm,0,128,0,1.324644,2.081868,2.757735
7822,lm,1,19,0,1.110717,5.135776,5.704393
783,human,0,29,0,1.165686,4.110736,4.791828
783,lm,0,29,0,1.113810,4.152180,4.624742
7833,human,0,81,0,1.183286,3.136774,3.711699
7833,lm,0,61,0,1.204668,3.716934,4.477670
7835,human,0,128,0,1.061328,3.327663,3.531742
7835,human,1,72,0,1.214148,3.595822,4.365862
7835,lm,0,19,0,1.034542,4.337870,4.487710
7838,human,0,128,0,1.277525,1.620989,2.070854
7838,human,1,6,0,0.963478,11.612970,11.188845
7838,lm,0,41,0,1.163795,2.431519,2.829788
7841,human,0,128,0,1.279314,2.751990,3.520660
7841,human,1,86,0,1.161408,3.302006,3.834975
7841,lm,0,98,0,1.318973,2.375649,3.133417
7842,human,0,74,0,1.225126,2.497178,3.059358
7842,lm,0,63,0,1.203262,2.903458,3.493619
7844,human,0,128,0,1.096028,3.977871,4.359858
7844,human,1,2,0,1.034639,6.559319,6.786530
7844,lm,0,107,0,1.119170,3.946902,4.417256
7845,human,0,128,0,1.326398,2.584118,3.427569
7845,human,1,47,0,1.066336,6.369523,6.792054
7845,lm,0,32,0,1.063575,4.536344,4.824740
7846,human,0,128,0,1.135012,4.135104,4.693392
7846,human,1,100,0,1.172964,2.632093,3.087349
7846,lm,0,128,0,1.183334,3.443606,4.074935
7846,lm,1,35,0,1.134213,3.971884,4.504964
7847,human,0,48,0,1.069490,4.958264,5.302814
7847,lm,0,37,0,1.038464,5.396619,5.604196
7848,human,0,12,0,0.977945,7.346199,7.184178
7848,lm,0,116,0,1.458616,1.427378,2.081997
785,human,0,32,0,1.057708,4.325244,4.574844
785,lm,0,11,0,1.026026,7.404675,7.597388
7850,human,0,60,0,1.118755,3.855757,4.313647
7850,lm,0,83,0,1.321434,2.089701,2.761403
7851,human,0,77,0,1.071577,4.173460,4.472182
7851,lm,0,113,0,1.276532,3.378678,4.312991
7853,human,0,87,0,1.162425,4.216499,4.901366
7853,lm,0,74,0,1.126388,3.909451,4.403558
786,human,0,30,0,1.029780,6.023981,6.203376
786,lm,0,69,0,1.310354,3.386518,4.437538
7861,human,0,61,0,1.103461,4.528145,4.996633
7861,lm,0,76,0,1.085129,4.445420,4.823854
7862,human,0,75,0,1.218089,3.330351,4.056665
7862,lm,0,24,0,1.118802,3.835527,4.291196
7863,human,0,73,0,1.157343,4.774544,5.525784
7863,lm,0,65,0,1.101421,4.107543,4.524136
7866,human,0,128,0,1.103969,5.111824,5.643293
7866,human,1,128,0,1.032047,4.506306,4.650718
7866,human,2,57,0,0.934927,7.908292,7.393678
7866,lm,0,36,0,1.048018,5.772319,6.049493
7869,human,0,128,0,1.219032,3.230744,3.938381
7869,human,1,51,0,1.132277,4.462934,5.053278
7869,lm,0,54,0,1.152605,4.048440,4.666251
7870,human,0,40,0,1.144872,3.885135,4.447984
7870,lm,0,13,0,1.022137,6.056417,6.190488
7871,human,0,6,0,1.122202,3.558021,3.992817
7871,lm,0,5,0,1.093127,3.928744,4.294615
7872,human,0,71,0,1.166284,3.837564,4.475690
7872,lm,0,92,0,1.168142,3.579864,4.181790
7873,human,0,60,0,1.113445,4.095424,4.560029
7873,lm,0,56,0,1.117435,4.041864,4.516519
7878,human,0,43,0,1.044140,5.202935,5.432595
7878,lm,0,9,0,0.985710,6.365914,6.274943
7879,human,0,42,0,1.035455,5.817432,6.023691
7879,lm,0,80,0,1.179358,3.125041,3.685543
7880,human,0,53,0,1.186808,3.322304,3.942938
7880,lm,0,90,0,1.261725,2.702148,3.409368
7883,human,0,128,0,1.284749,1.690876,2.172352
7883,human,1,39,0,1.117734,3.413418,3.815293
7883,lm,0,28,0,1.136096,4.030163,4.578653
7885,human,0,128,0,1.248142,3.351258,4.182845
7885,human,1,128,0,1.120896,3.028995,3.395189
7885,human,2,100,0,1.150404,3.023403,3.478135
7885,lm,0,121,0,1.183760,3.227499,3.820584
7887,human,0,34,0,1.210714,4.371967,5.293200
7887,lm,0,73,0,1.228230,4.618140,5.672137
7890,human,0,48,0,1.054069,4.294047,4.526221
7890,lm,0,55,0,1.144450,4.259758,4.875081
7894,human,0,66,0,1.070575,4.457270,4.771840
7894,lm,0,109,0,1.378072,3.062585,4.220463
7896,human,0,128,0,1.138727,3.466841,3.947787
7896,human,1,128,0,1.005156,4.347663,4.370079
7896,human,2,128,0,1.051291,4.196723,4.411976
7896,human,3,16,0,1.055101,6.433587,6.788086
7896,lm,0,97,0,1.107247,2.464375,2.728672
7897,human,0,128,0,1.237679,3.145844,3.893547
7897,human,1,78,0,1.090835,4.484235,4.891561
7897,lm,0,95,0,1.398217,2.247524,3.142527
7899,human,0,31,0,1.083223,5.566521,6.029785
7899,lm,0,29,0,1.101721,4.569444,5.034254
79,human,0,80,0,1.043950,5.630025,5.877463
79,lm,0,24,0,1.148638,4.593769,5.276579
7900,human,0,128,0,1.221713,3.040448,3.714553
7900,human,1,76,0,1.203531,3.919900,4.717721
7900,lm,0,54,0,1.229195,2.765406,3.399223
7901,human,0,128,0,1.131916,3.139953,3.554162
7901,human,1,128,0,1.134126,2.752872,3.122105
7901,human,2,2,0,0.918601,12.065097,11.083010
7901,lm,0,90,0,1.213418,3.047030,3.697322
7902,human,0,72,0,1.246131,3.602659,4.489385
7902,lm,0,29,0,1.097029,4.274332,4.689067
7903,human,0,128,0,1.130526,3.851926,4.354702
7903,human,1,19,0,1.031372,5.958993,6.145938
7903,lm,0,128,0,1.140343,2.639197,3.009590
7903,lm,1,1,0,nan,nan,nan
7904,human,0,128,0,1.091244,4.067079,4.438174
7904,human,1,128,0,1.132726,4.026842,4.561309
7904,human,2,128,0,1.123309,3.907688,4.389540
7904,human,3,128,0,1.088630,4.525093,4.926152
7904,human,4,31,0,0.948651,5.424676,5.146123
7904,lm,0,18,0,1.003520,7.949198,7.977181
7905,human,0,35,0,1.105816,5.189917,5.739091
7905,lm,0,56,0,1.141913,5.100914,5.824798
7906,human,0,128,0,1.057684,3.823807,4.044378
7906,human,1,128,0,1.095969,5.259758,5.764532
7906,human,2,128,0,1.086326,4.918642,5.343249
7906,human,3,128,0,1.154768,3.198490,3.693513
7906,human,4,128,0,1.126076,4.327387,4.872967
7906,human,5,128,0,1.106242,3.731839,4.128317
7906,human,6,128,0,1.163991,2.963844,3.449887
7906,human,7,62,0,1.117238,3.886858,4.342547
7906,lm,0,41,0,1.161807,2.909937,3.380786
7907,human,0,48,0,1.140029,4.171359,4.755471
7907,lm,0,9,0,0.985954,6.552431,6.460394
7912,human,0,75,0,1.074625,3.676249,3.950588
7912,lm,0,24,0,0.979660,6.515821,6.383289
7917,human,0,46,0,1.151982,4.760022,5.483460
7917,lm,0,25,0,1.188642,4.546925,5.404666
7918,human,0,128,0,1.124701,3.976917,4.472840
7918,human,1,21,0,1.035315,6.266919,6.488235
7918,lm,0,58,0,1.142144,3.921684,4.479129
7919,human,0,63,0,1.236966,3.003464,3.715182
7919,lm,0,91,0,1.143107,4.596745,5.254570
7921,human,0,128,0,1.119709,4.594647,5.144670
7921,human,1,128,0,1.103093,5.279960,5.824289
7921,human,2,128,0,1.085410,5.026402,5.455706
7921,human,3,128,0,1.128601,4.608812,5.201510
7921,human,4,128,0,1.029163,5.440648,5.599312
7921,human,5,128,0,1.083895,5.198154,5.634251
7921,human,6,112,0,0.966432,6.384826,6.170499
7921,lm,0,10,0,0.998894,9.190570,9.180404
7927,human,0,128,0,1.191043,3.354415,3.995252
7927,human,1,59,0,1.049072,6.367177,6.679630
7927,lm,0,128,0,1.130803,3.423538,3.871346
7928,human,0,28,0,1.169005,5.023277,5.872236
7928,lm,0,44,0,1.113152,4.953451,5.513943
7931,human,0,23,0,0.999310,6.471746,6.467284
7931,lm,0,24,0,1.043236,5.646531,5.890667
7933,human,0,128,0,1.027916,4.045800,4.158742
7933,human,1,128,0,1.017820,5.119669,5.210900
7933,human,2,128,0,1.014022,5.840365,5.922261
7933,human,3,128,0,1.255428,2.425003,3.044416
7933,human,4,128,0,1.092067,4.082530,4.458395
7933,human,5,128,0,1.133894,2.913715,3.303844
7933,human,6,128,0,1.135296,3.349874,3.803100
7933,lm,0,128,0,1.281711,3.359655,4.306106
7933,lm,1,128,0,1.312507,3.398675,4.460783
7933,lm,2,59,0,1.062966,6.029819,6.409490
7934,human,0,122,0,1.136030,4.153027,4.717965
7934,lm,0,20,0,1.061773,5.142071,5.459713
7935,human,0,39,0,1.069498,5.385523,5.759808
7935,lm,0,9,0,0.998446,9.062428,9.048347
7937,human,0,95,0,1.086852,5.407581,5.877238
7937,lm,0,12,0,1.082607,6.412171,6.941865
7939,human,0,48,0,1.152646,2.983652,3.439096
7939,lm,0,42,0,1.080338,5.655936,6.110323
794,human,0,48,0,1.120994,5.402295,6.055938
794,lm,0,21,0,1.013970,6.032559,6.116833
7942,human,0,35,0,1.036753,5.131993,5.320609
7942,lm,0,79,0,1.231700,1.852455,2.281668
7943,human,0,128,0,1.188541,3.881005,4.612731
7943,human,1,100,0,1.142362,3.915121,4.472485
7943,lm,0,128,0,1.261640,3.785176,4.775530
7943,lm,1,23,0,1.013629,7.874845,7.982168
7944,human,0,95,0,1.165910,3.814654,4.447542
7944,lm,0,84,0,1.143630,4.107789,4.697791
7946,human,0,23,0,1.027974,5.544196,5.699292
7946,lm,0,42,0,1.209948,4.336986,5.247528
795,human,0,128,0,1.124795,3.739313,4.205960
795,human,1,128,0,1.168905,4.292747,5.017813
795,human,2,128,0,1.057166,5.126974,5.420063
795,human,3,107,0,1.165814,4.380456,5.106797
795,lm,0,128,0,1.127850,3.506897,3.955254
795,lm,1,16,0,0.993095,7.112988,7.063869
7950,human,0,128,0,1.162687,3.626999,4.217064
7950,human,1,128,0,1.074526,4.299637,4.620073
7950,human,2,52,0,1.101291,5.895747,6.492935
7950,lm,0,80,0,1.161988,4.375270,5.084012
7951,human,0,128,0,1.047426,4.962177,5.197513
7951,human,1,111,0,1.161756,4.204083,4.884117
7951,lm,0,96,0,1.132887,3.406034,3.858652
7952,human,0,27,0,1.046319,5.142107,5.380282
7952,lm,0,11,0,1.094753,4.983535,5.455738
7956,human,0,72,0,1.163543,3.978017,4.628594
7956,lm,0,25,0,1.142858,4.007266,4.579735
7958,human,0,128,0,1.188537,3.240418,3.851357
7958,human,1,32,0,0.978145,7.280306,7.121193
7958,lm,0,128,0,1.215459,3.611937,4.390160
7958,lm,1,103,0,1.103202,4.229126,4.665580
7960,human,0,128,0,1.221221,2.682161,3.275511
7960,human,1,128,0,1.043201,4.184505,4.365280
7960,human,2,128,0,1.024770,4.240586,4.345627
7960,human,3,27,0,1.087246,4.847062,5.269948
7960,lm,0,33,0,1.102399,5.445330,6.002925
7961,human,0,128,0,1.203704,3.612008,4.347790
7961,human,1,124,0,1.154622,4.504197,5.200646
7961,lm,0,20,0,1.116597,4.805524,5.365831
7962,human,0,46,0,1.080258,5.226440,5.645905
7962,lm,0,10,0,1.001091,7.886221,7.894826
7963,human,0,128,0,1.099844,2.776443,3.053654
7963,human,1,128,0,1.187837,2.490629,2.958461
7963,human,2,19,0,1.040609,5.706537,5.938273
7963,lm,0,128,0,1.316633,2.384963,3.140122
7963,lm,1,67,0,1.130961,2.743578,3.102880
7964,human,0,128,0,1.244766,2.830355,3.523130
7964,human,1,128,0,1.247815,1.601205,1.998007
7964,human,2,128,0,1.148325,2.745624,3.152869
7964,human,3,111,0,1.155956,2.889347,3.339959
7964,lm,0,36,0,1.142010,4.862789,5.553354
7966,human,0,24,0,1.204186,4.104146,4.942154
7966,lm,0,17,0,1.071400,4.353088,4.663901
7967,human,0,97,0,1.155582,3.785720,4.374709
7967,lm,0,128,0,1.198286,2.900305,3.475396
7967,lm,1,46,0,1.107456,4.065536,4.502401
7968,human,0,49,0,1.153124,4.813307,5.550340
7968,lm,0,63,0,1.285538,3.769725,4.846123
797,human,0,128,0,1.118872,4.722844,5.284258
797,human,1,128,0,1.072513,4.590038,4.922876
797,human,2,128,0,1.014462,5.875914,5.960893
797,human,3,31,0,0.969789,9.592699,9.302898
797,lm,0,128,0,1.304179,2.647118,3.452316
797,lm,1,93,0,1.140789,3.498713,3.991294
7970,human,0,57,0,1.062882,5.835036,6.201954
7970,lm,0,87,0,1.236880,3.423872,4.234918
7971,human,0,128,0,1.087625,3.445992,3.747949
7971,human,1,128,0,1.071232,3.474236,3.721712
7971,human,2,102,0,1.086857,2.729790,2.966890
7971,lm,0,51,0,1.100108,2.965426,3.262290
7975,human,0,128,0,1.158237,3.846237,4.454853
7975,human,1,84,0,1.319019,3.530609,4.656942
7975,lm,0,15,0,1.085171,5.938950,6.444777
7976,human,0,20,0,1.130749,4.215449,4.766616
7976,lm,0,82,0,1.416530,3.163324,4.480945
7978,human,0,97,0,1.272125,3.059664,3.892276
7978,lm,0,21,0,1.032457,5.898301,6.089741
7979,human,0,118,0,1.187497,3.560058,4.227558
7979,lm,0,87,0,1.332709,1.786020,2.380246
798,human,0,128,0,1.394211,1.870576,2.607977
798,human,1,128,0,1.099772,4.128338,4.540229
798,human,2,128,0,1.116785,2.990609,3.339867
798,human,3,128,0,1.073465,4.450768,4.777742
798,human,4,51,0,1.076298,4.413128,4.749841
798,lm,0,124,0,1.352466,2.513392,3.399277
7981,human,0,35,0,0.998657,6.109917,6.101713
7981,lm,0,44,0,1.036461,6.511684,6.749108
7983,human,0,63,0,1.042253,6.413576,6.684566
7983,lm,0,19,0,1.040042,6.045790,6.287875
7985,human,0,128,0,1.087865,2.789119,3.034184
7985,human,1,128,0,1.055859,4.274696,4.513477
7985,human,2,100,0,1.211173,2.846765,3.447924
7985,lm,0,13,0,0.995903,6.167364,6.142098
7986,human,0,128,0,1.111412,4.208828,4.677741
7986,human,1,128,0,1.005476,5.916583,5.948983
7986,human,2,53,0,1.083274,4.300530,4.658653
7986,lm,0,111,0,1.281497,2.788658,3.573656
7987,human,0,92,0,1.251328,3.213636,4.021313
7987,lm,0,6,0,0.998514,7.693749,7.682315
7988,human,0,128,0,1.177222,3.302775,3.888099
7988,human,1,128,0,1.170664,2.784322,3.259505
7988,human,2,128,0,1.141381,3.514942,4.011887
7988,human,3,6,0,1.076408,7.948077,8.555377
7988,lm,0,128,0,1.518500,1.334331,2.026182
7988,lm,1,92,0,1.209117,3.014604,3.645010
7989,human,0,44,0,1.130682,3.743374,4.232566
7989,lm,0,24,0,1.014166,5.439412,5.516468
799,human,0,37,0,1.057643,4.433897,4.689482
799,lm,0,128,0,1.252805,2.989376,3.745105
799,lm,1,62,0,1.073241,4.454145,4.780372
7995,human,0,64,0,1.082555,4.336616,4.694624
7995,lm,0,49,0,1.094884,4.079440,4.466513
7998,human,0,128,0,1.073892,3.445933,3.700562
7998,human,1,7,0,0.997285,6.591670,6.573776
7998,lm,0,128,0,1.251136,2.792909,3.494308
7998,lm,1,10,0,1.042781,6.960957,7.258754
7999,human,0,128,0,1.134071,2.564925,2.908807
7999,human,1,5,0,0.986154,10.826555,10.676655
7999,lm,0,63,0,1.182946,2.928648,3.464432
8,human,0,62,0,1.099630,5.029606,5.530704
8,lm,0,15,0,1.164492,3.944200,4.592989
80,human,0,128,0,1.140831,3.156670,3.601227
80,human,1,10,0,1.036807,6.854178,7.106459
80,lm,0,26,0,1.046026,4.737602,4.955657
800,human,0,13,0,1.050002,6.219635,6.530631
800,lm,0,11,0,1.066114,5.957586,6.351466
8000,human,0,109,0,1.276253,3.259140,4.159488
8000,lm,0,82,0,1.555409,1.388816,2.160177
8001,human,0,128,0,1.154750,3.401439,3.927812
8001,human,1,128,0,1.034387,3.914176,4.048772
8001,human,2,128,0,1.121006,3.128901,3.507517
8001,human,3,128,0,1.022755,4.443650,4.544765
8001,human,4,128,0,0.994518,5.794793,5.763027
8001,human,5,128,0,1.108081,3.982015,4.412396
8001,human,6,128,0,1.053885,4.627447,4.876797
8001,human,7,128,0,1.039917,4.243079,4.412448
8001,human,8,128,0,0.954319,5.649931,5.391837
8001,human,9,101,0,1.196289,2.538795,3.037133
8001,lm,0,33,0,1.072401,4.837993,5.188269
8004,human,0,91,0,1.143431,3.633687,4.154871
8004,lm,0,45,0,1.166251,4.372241,5.099128
8005,human,0,128,0,1.189536,3.161251,3.760423
8005,human,1,128,0,1.058346,3.611560,3.822279
8005,human,2,5,0,1.032273,6.152062,6.350608
8005,lm,0,128,0,1.243152,1.900429,2.362522
8005,lm,1,42,0,1.059643,4.705454,4.986102
8007,human,0,128,0,1.135791,3.807010,4.323969
8007,human,1,128,0,1.034430,4.036343,4.175315
8007,human,2,85,0,1.036578,4.672380,4.843286
8007,lm,0,24,0,1.021567,5.251946,5.365213
8010,human,0,102,0,1.137839,4.041013,4.598023
8010,lm,0,57,0,1.148915,4.148252,4.765991
8011,human,0,110,0,1.216325,2.538140,3.087205
8011,lm,0,128,0,1.346446,2.447414,3.295311
8011,lm,1,46,0,1.060767,4.736321,5.024135
8012,human,0,128,0,1.156536,3.067758,3.547973
8012,human,1,128,0,1.284018,3.579449,4.596079
8012,human,2,128,0,1.119133,4.254197,4.761013
8012,human,3,37,0,1.036449,6.493204,6.729873
8012,lm,0,128,0,1.344596,2.683670,3.608452
8012,lm,1,33,0,1.139770,4.411626,5.028238
8013,human,0,128,0,1.158459,3.098877,3.589921
8013,human,1,128,0,1.042030,3.975243,4.142323
8013,human,2,128,0,1.200583,2.270164,2.725520
8013,human,3,40,0,1.067348,4.501911,4.805107
8013,lm,0,70,0,1.169232,2.582724,3.019803
8014,human,0,40,0,1.048105,5.679440,5.952647
8014,lm,0,38,0,1.077670,4.632024,4.991794
8015,human,0,54,0,1.166074,4.093656,4.773506
8015,lm,0,37,0,1.170104,4.162205,4.870212
8017,human,0,128,0,1.242544,2.855633,3.548250
8017,human,1,57,0,1.194550,5.225465,6.242079
8017,lm,0,128,0,1.297343,3.082185,3.998649
8017,lm,1,3,0,1.057825,8.779865,9.287562
8018,human,0,33,0,1.035276,5.862489,6.069293
8018,lm,0,46,0,1.199543,3.272800,3.925863
8019,human,0,13,0,1.019237,6.669228,6.797526
8019,lm,0,128,0,1.365229,2.710409,3.700330
8019,lm,1,97,0,1.147847,2.969235,3.408228
8020,human,0,21,0,1.020434,7.858460,8.019039
8020,lm,0,119,0,1.331175,3.172307,4.222897
8021,human,0,44,0,1.230685,3.446352,4.241375
8021,lm,0,16,0,1.134322,3.559798,4.037957
8025,human,0,128,0,1.242284,3.297106,4.095944
8025,human,1,117,0,1.204508,2.821117,3.398057
8025,lm,0,6,0,1.024480,7.920746,8.114649
8026,human,0,10,0,1.008928,7.535129,7.602400
8026,lm,0,75,0,1.311857,2.991711,3.924697
8027,human,0,66,0,1.057940,5.263474,5.568439
8027,lm,0,68,0,1.332703,2.622233,3.494659
8029,human,0,26,0,1.088435,5.205853,5.666234
8029,lm,0,31,0,1.113146,4.816875,5.361887
8030,human,0,83,0,1.112479,2.509402,2.791657
8030,lm,0,28,0,1.097827,4.982354,5.469764
8031,human,0,125,0,1.202993,2.948077,3.546516
8031,lm,0,128,0,1.439773,2.431066,3.500184
8031,lm,1,100,0,1.192096,2.915027,3.474992
8032,human,0,128,0,1.182963,2.899661,3.430193
8032,human,1,128,0,1.166496,3.665002,4.275212
8032,human,2,128,0,1.050379,3.666439,3.851149
8032,human,3,86,0,0.998818,4.676419,4.670892
8032,lm,0,128,0,1.257099,2.523026,3.171694
8032,lm,1,45,0,1.070182,5.493606,5.879160
8033,human,0,68,0,1.132816,4.007105,4.539312
8033,lm,0,11,0,1.017391,6.265436,6.374398
8034,human,0,81,0,1.126020,4.128018,4.648231
8034,lm,0,25,0,1.163591,5.048501,5.874389
8041,human,0,13,0,1.020239,7.142523,7.287084
8041,lm,0,21,0,1.048726,6.121686,6.419969
8043,human,0,82,0,1.044022,4.907909,5.123965
8043,lm,0,28,0,1.058474,5.226087,5.531676
8047,human,0,128,0,1.078811,4.851370,5.233710
8047,human,1,128,0,1.117521,4.175703,4.666435
8047,human,2,122,0,1.154060,4.690711,5.413364
8047,lm,0,92,0,1.200920,2.799561,3.362048
8049,human,0,117,0,1.098756,4.218440,4.635038
8049,lm,0,21,0,0.992149,7.326121,7.268604
805,human,0,77,0,1.131330,4.476080,5.063923
805,lm,0,128,0,1.282958,3.088973,3.963024
805,lm,1,26,0,1.039327,4.962314,5.157465
8051,human,0,128,0,1.114305,4.319304,4.813019
8051,human,1,15,0,1.001226,8.553012,8.563497
8051,lm,0,47,0,1.226382,3.831063,4.698348
8054,human,0,9,0,0.997899,7.340054,7.324634
8054,lm,0,27,0,1.087518,3.354232,3.647788
8055,human,0,9,0,1.065329,6.333243,6.746984
8055,lm,0,13,0,1.125936,4.905075,5.522799
8057,human,0,67,0,1.156966,4.536377,5.248435
8057,lm,0,128,0,1.319571,2.249896,2.968897
8057,lm,1,6,0,0.973022,6.832691,6.648360
8059,human,0,23,0,1.067471,6.043768,6.451547
8059,lm,0,82,0,1.278124,2.439631,3.118151
806,human,0,69,0,1.240225,3.472155,4.306254
806,lm,0,68,0,1.129074,4.228508,4.774298
8062,human,0,91,0,1.130088,3.809390,4.304945
8062,lm,0,34,0,1.064375,5.941645,6.324139
8064,human,0,34,0,0.989737,6.873196,6.802655
8064,lm,0,43,0,1.103750,4.899290,5.407591
8065,human,0,13,0,1.060977,5.304375,5.627820
8065,lm,0,128,0,1.244939,3.163984,3.938966
8065,lm,1,18,0,1.045664,5.753923,6.016668
8066,human,0,128,0,1.078378,3.798668,4.096398
8066,human,1,12,0,0.994209,6.998145,6.957620
8066,lm,0,49,0,1.258836,2.320842,2.921561
8068,human,0,34,0,1.019309,4.988404,5.084724
8068,lm,0,128,0,1.331391,1.866288,2.484760
8068,lm,1,25,0,1.157318,3.947116,4.568068
8069,human,0,128,0,1.156178,4.386177,5.071203
8069,human,1,82,0,1.090101,4.987670,5.437066
8069,lm,0,109,0,1.268142,2.853459,3.618589
8071,human,0,33,0,1.065666,5.027172,5.357287
8071,lm,0,128,0,1.339215,2.798796,3.748189
8071,lm,1,52,0,1.084347,5.855430,6.349321
8072,human,0,83,0,1.269678,2.949513,3.744932
8072,lm,0,24,0,0.994406,7.224075,7.183661
8075,human,0,51,0,1.063582,4.524087,4.811738
8075,lm,0,18,0,1.189155,3.267627,3.885715
8076,human,0,128,0,1.142163,3.152031,3.600134
8076,human,1,68,0,1.208832,3.081262,3.724728
8076,lm,0,128,0,1.303337,1.179191,1.536883
8076,lm,1,43,0,1.246130,2.276062,2.836270
8079,human,0,91,0,1.102833,3.754912,4.141042
8079,lm,0,128,0,1.342663,2.650890,3.559252
8079,lm,1,21,0,1.030014,6.823946,7.028761
8082,human,0,24,0,0.979640,5.828796,5.710121
8082,lm,0,21,0,1.048973,6.347091,6.657929
8083,human,0,111,0,1.150513,3.930840,4.522481
8083,lm,0,128,0,1.194011,3.218455,3.842869
8083,lm,1,24,0,1.063472,4.857633,5.165955
8084,human,0,128,0,1.236789,3.286876,4.065172
8084,human,1,50,0,1.000793,5.713037,5.717566
8084,lm,0,79,0,1.330303,3.104257,4.129601
8091,human,0,128,0,1.244311,3.182508,3.960028
8091,human,1,102,0,1.134715,4.478234,5.081520
8091,lm,0,20,0,0.993038,7.124879,7.075273
8096,human,0,119,0,1.190909,2.571318,3.062206
8096,lm,0,45,0,1.109412,4.546278,5.043697
81,human,0,17,0,1.105763,4.939432,5.461841
81,lm,0,128,0,1.187036,3.152237,3.741820
81,lm,1,1,0,nan,nan,nan
810,human,0,128,0,1.258672,2.647500,3.332336
810,human,1,118,0,1.062831,4.439717,4.718671
810,lm,0,35,0,1.067344,5.191284,5.540884
8101,human,0,128,0,1.224009,3.433824,4.203031
8101,human,1,128,0,1.146677,2.778897,3.186497
8101,human,2,95,0,1.112218,3.933765,4.375206
8101,lm,0,33,0,1.082421,5.405012,5.850501
8104,human,0,33,0,1.035557,5.938272,6.149418
8104,lm,0,10,0,0.989646,10.568160,10.458735
8106,human,0,128,0,1.211793,4.588311,5.560082
8106,human,1,128,0,1.226437,2.946769,3.614027
8106,human,2,128,0,1.258654,4.223107,5.315431
8106,human,3,105,0,1.240834,3.835015,4.758616
8106,lm,0,128,0,1.172002,3.619059,4.241546
8106,lm,1,119,0,1.226421,3.380132,4.145463
8107,human,0,26,0,1.000950,6.925533,6.932113
8107,lm,0,41,0,1.107710,3.843879,4.257904
8109,human,0,128,0,1.125960,4.060688,4.572172
8109,human,1,127,0,1.199433,2.994365,3.591539
8109,lm,0,128,0,1.211019,2.649238,3.208276
8109,lm,1,47,0,1.072946,3.442508,3.693625
811,human,0,114,0,1.320647,2.311558,3.052754
811,lm,0,113,0,1.547598,1.557212,2.409938
8116,human,0,128,0,1.090324,3.198395,3.487286
8116,human,1,87,0,1.127878,4.603484,5.192169
8116,lm,0,80,0,1.091807,4.627542,5.052384
8117,human,0,128,0,0.971255,4.954421,4.812008
8117,human,1,128,0,1.166012,3.667679,4.276558
8117,human,2,128,0,1.156711,3.729254,4.313670
8117,human,3,78,0,1.092313,4.124587,4.505339
8117,lm,0,128,0,1.309758,2.909593,3.810863
8117,lm,1,121,0,1.218499,2.970557,3.619621
8118,human,0,128,0,1.160394,3.228448,3.746272
8118,human,1,128,0,1.050056,4.766135,5.004710
8118,human,2,70,0,1.160937,3.353361,3.893041
8118,lm,0,128,0,1.109465,4.414244,4.897448
8118,lm,1,128,0,1.341884,3.405543,4.569844
8118,lm,2,110,0,1.031681,4.021029,4.148421
8120,human,0,70,0,1.210335,3.098872,3.750674
8120,lm,0,19,0,1.132104,5.282414,5.980243
8121,human,0,1,0,1.000000,5.306570,5.306570
8121,lm,0,3,0,1.041068,6.293043,6.551483
8125,human,0,128,0,1.165730,1.910340,2.226942
8125,human,1,128,0,1.231178,2.837833,3.493877
8125,human,2,92,0,1.210316,2.506080,3.033149
8125,lm,0,128,0,1.647055,1.397368,2.301542
8125,lm,1,128,0,1.289256,3.385227,4.364425
8125,lm,2,23,0,1.082346,7.140726,7.728735
8127,human,0,76,0,1.077289,4.683501,5.045482
8127,lm,0,10,0,1.014171,6.739407,6.834911
8128,human,0,78,0,1.173971,3.364929,3.950329
8128,lm,0,128,0,1.167015,3.125735,3.647779
8128,lm,1,103,0,1.123394,4.496761,5.051634
813,human,0,36,0,1.085005,5.080307,5.512158
813,lm,0,51,0,1.238575,3.966787,4.913164
8130,human,0,50,0,1.152284,3.210418,3.699314
8130,lm,0,18,0,1.023479,6.075671,6.218320
8131,human,0,74,0,1.274636,3.280761,4.181776
8131,lm,0,31,0,1.093427,4.692396,5.130792
8132,human,0,128,0,1.108767,1.989786,2.206208
8132,human,1,128,0,1.010826,3.698284,3.738320
8132,human,2,106,0,1.126498,3.513387,3.957825
8132,lm,0,128,0,1.260497,2.236071,2.818560
8132,lm,1,128,0,1.136367,3.576854,4.064620
8132,lm,2,128,0,1.065128,4.405565,4.692491
8132,lm,3,106,0,1.052726,4.234233,4.457488
8133,human,0,128,0,1.287934,2.114422,2.723235
8133,human,1,52,0,1.070749,5.502816,5.892133
8133,lm,0,118,0,1.449451,1.871168,2.712165
8135,human,0,37,0,1.165387,3.380271,3.939325
8135,lm,0,38,0,1.339812,3.004381,4.025307
8136,human,0,57,0,1.065870,4.589742,4.892068
8136,lm,0,105,0,1.173701,3.730575,4.378578
8138,human,0,119,0,1.266824,2.914812,3.692555
8138,lm,0,112,0,1.428145,2.551508,3.643924
8139,human,0,128,0,1.189559,3.092952,3.679248
8139,human,1,128,0,1.047609,4.342791,4.549546
8139,human,2,26,0,0.957306,5.966992,5.712239
8139,lm,0,56,0,1.164688,4.638191,5.402047
8143,human,0,49,0,1.099727,4.195690,4.614114
8143,lm,0,128,0,1.395458,2.768549,3.863395
8143,lm,1,80,0,1.137757,4.719233,5.369341
8144,human,0,43,0,1.159657,3.545878,4.112001
8144,lm,0,28,0,1.106898,4.833091,5.349740
8146,human,0,128,0,1.153861,3.166243,3.653405
8146,human,1,1,0,1.000000,7.890755,7.890755
8146,lm,0,111,0,1.299439,2.548505,3.311626
815,human,0,31,0,1.074533,5.733409,6.160738
815,lm,0,30,0,1.065008,5.358383,5.706721
8153,human,0,39,0,0.998019,5.733713,5.722353
8153,lm,0,67,0,1.149150,3.464277,3.980975
8154,human,0,33,0,0.986435,6.899908,6.806307
8154,lm,0,20,0,1.128361,5.202363,5.870145
8155,human,0,20,0,1.007117,6.066873,6.110050
8155,lm,0,28,0,1.081147,4.891629,5.288570
8156,human,0,43,0,1.002433,3.939238,3.948823
8156,lm,0,30,0,1.094380,6.193380,6.777914
8159,human,0,128,0,1.239259,1.503697,1.863470
8159,human,1,8,0,1.003381,7.880361,7.907003
8159,lm,0,10,0,1.021630,6.168834,6.302268
816,human,0,120,0,1.211686,2.655328,3.217424
816,lm,0,42,0,1.101439,4.968112,5.472073
8160,human,0,43,0,1.197263,3.882589,4.648479
8160,lm,0,128,0,1.408565,2.652549,3.736288
8160,lm,1,46,0,1.058235,6.023343,6.374112
8161,human,0,128,0,1.152546,2.848962,3.283559
8161,human,1,128,0,1.144986,1.937335,2.218221
8161,human,2,79,0,1.053419,4.275086,4.503457
8161,lm,0,20,0,1.045243,5.606842,5.860513
8162,human,0,40,0,1.086000,4.090624,4.442417
8162,lm,0,73,0,1.193761,2.829988,3.378330
8163,human,0,125,0,1.129818,4.237974,4.788137
8163,lm,0,40,0,1.147171,4.676162,5.364358
8165,human,0,128,0,1.161249,3.508391,4.074116
8165,human,1,4,0,1.047346,7.899136,8.273131
8165,lm,0,38,0,1.187371,4.682748,5.560157
8167,human,0,92,0,1.168088,3.782844,4.418695
8167,lm,0,24,0,1.035568,6.435119,6.664004
8168,human,0,49,0,1.138132,2.831548,3.222677
8168,lm,0,18,0,1.109994,5.128207,5.692279
817,human,0,87,0,1.092197,5.256137,5.740739
817,lm,0,128,0,1.285427,3.726589,4.790259
817,lm,1,40,0,1.049576,7.070340,7.420859
8171,human,0,48,0,1.067921,6.176510,6.596022
8171,lm,0,9,0,0.981372,7.184978,7.051138
8174,human,0,128,0,1.184610,3.241063,3.839396
8174,human,1,86,0,1.169973,3.568737,4.175325
8174,lm,0,68,0,1.483523,2.659674,3.945688
8176,human,0,128,0,1.215095,3.824667,4.647335
8176,human,1,92,0,1.213065,3.270577,3.967424
8176,lm,0,112,0,1.494391,2.033824,3.039329
8180,human,0,68,0,1.259141,3.723143,4.687963
8180,lm,0,29,0,1.257942,3.809148,4.791686
8181,human,0,128,0,1.096576,3.632767,3.983605
8181,human,1,128,0,1.179697,2.541644,2.998368
8181,human,2,87,0,1.154274,4.469700,5.159260
8181,lm,0,66,0,1.042416,4.610806,4.806380
8191,human,0,43,0,1.147756,2.821288,3.238149
8191,lm,0,121,0,1.400333,1.650880,2.311782
8194,human,0,102,0,1.041344,4.142540,4.313809
8194,lm,0,128,0,1.242226,3.043431,3.780631
8194,lm,1,128,0,1.113514,4.225553,4.705212
8194,lm,2,128,0,0.999894,4.856246,4.855732
8197,human,0,128,0,1.034993,4.659309,4.822353
8197,human,1,128,0,1.080546,4.548723,4.915105
8197,human,2,128,0,1.024716,4.920619,5.042237
8197,human,3,128,0,1.134629,3.592857,4.076561
8197,human,4,128,0,1.139026,3.544312,4.037065
8197,human,5,128,0,1.093303,3.196876,3.495153
8197,human,6,111,0,1.000674,5.378781,5.382407
8197,lm,0,20,0,1.041785,6.095084,6.349766
8200,human,0,28,0,1.091131,4.173079,4.553374
8200,lm,0,17,0,1.107799,3.535207,3.916300
8201,human,0,66,0,1.081466,4.616284,4.992353
8201,lm,0,128,0,1.521849,2.062491,3.138800
8201,lm,1,128,0,1.053301,4.629961,4.876745
8201,lm,2,128,0,1.155339,3.608792,4.169378
8201,lm,3,19,0,1.101088,4.218418,4.644847
8202,human,0,128,0,1.092983,3.924874,4.289819
8202,human,1,26,0,1.155871,4.181405,4.833164
8202,lm,0,37,0,1.164986,3.902934,4.546863
8204,human,0,128,0,1.126628,2.499748,2.816287
8204,human,1,112,0,1.261448,1.650956,2.082595
8204,lm,0,44,0,1.132742,5.121311,5.801124
8205,human,0,79,0,1.195889,4.028696,4.817874
8205,lm,0,36,0,1.190772,3.528092,4.201152
8206,human,0,128,0,1.066410,4.814895,5.134653
8206,human,1,128,0,1.093739,4.216839,4.612121
8206,human,2,73,0,1.052221,4.454065,4.686662
8206,lm,0,26,0,1.064257,4.512948,4.802936
8207,human,0,54,0,1.192849,4.132844,4.929859
8207,lm,0,51,0,1.046060,5.537560,5.792618
8210,human,0,128,0,1.130923,4.057302,4.588496
8210,human,1,128,0,1.172392,3.826264,4.485880
8210,human,2,60,0,1.141119,4.474043,5.105417
8210,lm,0,128,0,1.152675,3.483831,4.015724
8210,lm,1,128,0,1.200278,3.699380,4.440285
8210,lm,2,10,0,1.034914,6.468150,6.693978
8211,human,0,121,0,1.076206,4.124465,4.438772
8211,lm,0,10,0,1.029523,5.588052,5.753031
8215,human,0,128,0,1.213269,3.281203,3.980983
8215,human,1,74,0,1.171316,3.431211,4.019031
8215,lm,0,95,0,1.449075,2.208610,3.200442
8216,human,0,124,0,1.053198,4.289690,4.517894
8216,lm,0,128,0,1.142657,3.627202,4.144646
8216,lm,1,107,0,1.365380,2.542099,3.470932
8219,human,0,128,0,1.203520,3.204129,3.856234
8219,human,1,128,0,1.377636,2.797697,3.854207
8219,human,2,128,0,1.122132,3.199170,3.589889
8219,human,3,51,0,1.066844,5.258431,5.609926
8219,lm,0,128,0,1.194434,3.568948,4.262873
8219,lm,1,128,0,1.077333,4.118262,4.436740
8219,lm,2,50,0,1.131310,4.686520,5.301908
8226,human,0,128,0,1.174789,4.057903,4.767181
8226,human,1,37,0,1.063556,4.291210,4.563941
8226,lm,0,128,0,1.171229,3.455243,4.046882
8226,lm,1,128,0,1.028725,3.323038,3.418492
8226,lm,2,28,0,1.010574,6.546309,6.615529
8227,human,0,28,0,1.138833,3.605470,4.106027
8227,lm,0,90,0,1.402594,1.957793,2.745988
8228,human,0,87,0,1.110317,3.932370,4.366178
8228,lm,0,91,0,1.312872,2.311413,3.034589
8233,human,0,128,0,1.128863,2.630281,2.969226
8233,human,1,24,0,1.163410,4.110852,4.782605
8233,lm,0,128,0,1.392853,1.583669,2.205818
8233,lm,1,128,0,1.357224,2.727412,3.701709
8233,lm,2,68,0,1.156370,3.082355,3.564341
8238,human,0,128,0,1.245903,3.579244,4.459389
8238,human,1,124,0,1.045830,6.193861,6.477725
8238,lm,0,29,0,1.164030,4.347747,5.060906
8239,human,0,128,0,1.168789,3.380050,3.950566
8239,human,1,30,0,1.008760,8.802999,8.880114
8239,lm,0,88,0,1.091324,4.656991,5.082288
8241,human,0,128,0,1.207218,3.441223,4.154307
8241,human,1,128,0,1.228715,3.327272,4.088270
8241,human,2,7,0,1.022756,5.118897,5.235383
8241,lm,0,11,0,1.094591,6.977810,7.637849
825,human,0,36,0,1.061190,4.744017,5.034304
825,lm,0,42,0,1.184889,3.171175,3.757490
8250,human,0,38,0,1.044288,6.068687,6.337456
8250,lm,0,9,0,0.995639,6.401134,6.373218
8252,human,0,128,0,1.047282,3.062205,3.206991
8252,human,1,128,0,1.066259,4.685712,4.996184
8252,human,2,30,0,1.006255,6.418266,6.458415
8252,lm,0,57,0,1.291882,2.401540,3.102507
8256,human,0,128,0,1.101540,4.068443,4.481553
8256,human,1,80,0,1.085822,4.471218,4.854949
8256,lm,0,64,0,1.077300,4.385484,4.724482
8259,human,0,91,0,1.205195,3.673911,4.427780
8259,lm,0,128,0,1.654085,1.484960,2.456250
8259,lm,1,21,0,1.008768,6.886271,6.946652
826,human,0,23,0,1.011069,5.993740,6.060082
826,lm,0,32,0,1.099879,4.153872,4.568755
8262,human,0,37,0,1.169828,4.445657,5.200654
8262,lm,0,19,0,1.072083,5.809722,6.228506
8263,human,0,128,0,0.959221,5.922928,5.681398
8263,human,1,128,0,0.996282,4.658724,4.641401
8263,human,2,128,0,1.014411,5.862544,5.947031
8263,human,3,128,0,0.982362,5.741377,5.640113
8263,human,4,23,0,1.029187,8.208242,8.447813
8263,lm,0,128,0,1.185386,4.111850,4.874131
8263,lm,1,128,0,1.216916,3.811094,4.637782
8263,lm,2,128,0,1.112800,4.165933,4.635852
8263,lm,3,128,0,1.079411,4.462911,4.817317
8263,lm,4,61,0,0.971076,5.861239,5.691706
8265,human,0,97,0,1.206885,2.650349,3.198668
8265,lm,0,45,0,1.175404,4.376954,5.144690
8268,human,0,87,0,1.191948,2.973754,3.544561
8268,lm,0,20,0,1.035821,5.989142,6.203680
827,human,0,65,0,1.030196,4.326333,4.456969
827,lm,0,120,0,1.231917,3.328467,4.100395
8271,human,0,29,0,1.062521,4.518457,4.800957
8271,lm,0,12,0,0.989701,8.024430,7.941786
8272,human,0,128,0,1.164264,3.986008,4.640768
8272,human,1,79,0,1.157910,4.434302,5.134524
8272,lm,0,11,0,1.002967,6.312064,6.330793
8273,human,0,128,0,1.137926,3.370839,3.835765
8273,human,1,128,0,1.172240,3.138104,3.678611
8273,human,2,10,0,0.987413,5.941479,5.866692
8273,lm,0,15,0,1.036651,6.353923,6.586801
8278,human,0,128,0,1.170382,3.527126,4.128084
8278,human,1,4,0,0.981587,10.501475,10.308110
8278,lm,0,79,0,1.194194,3.152834,3.765096
828,human,0,30,0,1.067914,5.909718,6.311070
828,lm,0,50,0,1.282305,2.249826,2.884963
8280,human,0,44,0,1.042595,4.758585,4.961275
8280,lm,0,128,0,1.279020,2.829439,3.618908
8280,lm,1,2,0,0.929740,12.431470,11.558041
8284,human,0,128,0,1.308759,2.488204,3.256458
8284,human,1,40,0,0.994042,6.818877,6.778252
8284,lm,0,79,0,1.299700,2.640738,3.432167
8286,human,0,128,0,1.317436,2.722138,3.586244
8286,human,1,128,0,1.234556,2.914086,3.597603
8286,human,2,128,0,1.252507,3.241342,4.059804
8286,human,3,128,0,1.185058,3.904957,4.627599
8286,human,4,111,0,1.177731,3.481858,4.100691
8286,lm,0,128,0,1.254057,3.186583,3.996156
8286,lm,1,66,0,1.205814,3.739676,4.509353
8287,human,0,128,0,1.169976,3.211640,3.757541
8287,human,1,128,0,1.251071,3.049567,3.815224
8287,human,2,128,0,1.091726,3.409797,3.722566
8287,human,3,44,0,1.013346,6.354301,6.439109
8287,lm,0,60,0,1.160787,3.271365,3.797357
8289,human,0,72,0,1.053708,5.276158,5.559530
8289,lm,0,12,0,1.021465,5.168329,5.279265
8290,human,0,123,0,1.316679,2.009049,2.645273
8290,lm,0,24,0,1.147977,4.886979,5.610140
8291,human,0,62,0,1.186826,4.525430,5.370899
8291,lm,0,69,0,1.224626,4.025960,4.930294
8294,human,0,92,0,1.098580,4.575059,5.026070
8294,lm,0,128,0,1.285923,2.342746,3.012592
8294,lm,1,128,0,1.123671,2.966747,3.333646
8294,lm,2,63,0,1.117935,3.686071,4.120789
8297,human,0,55,0,1.092064,4.688724,5.120384
8297,lm,0,101,0,1.197924,3.386744,4.057064
8298,human,0,23,0,0.970734,6.464537,6.275347
8298,lm,0,22,0,0.987252,5.823471,5.749236
8299,human,0,41,0,1.161662,4.892903,5.683900
8299,lm,0,39,0,1.161185,4.115355,4.778689
83,human,0,58,0,1.137215,2.673932,3.040835
83,lm,0,114,0,1.478318,1.682546,2.487337
8301,human,0,45,0,1.114250,4.518214,5.034420
8301,lm,0,19,0,1.144470,4.352690,4.981525
8302,human,0,83,0,1.224135,4.554295,5.575073
8302,lm,0,7,0,1.062506,6.431268,6.833259
8304,human,0,128,0,1.142630,1.925363,2.199977
8304,human,1,128,0,1.074468,3.498353,3.758867
8304,human,2,128,0,1.074169,3.404876,3.657413
8304,human,3,49,0,1.012993,5.499227,5.570676
8304,lm,0,128,0,1.427944,1.912414,2.730819
8304,lm,1,128,0,1.218205,1.889061,2.301264
8304,lm,2,31,0,1.021151,5.006658,5.112552
8305,human,0,89,0,1.168811,2.360240,2.758674
8305,lm,0,128,0,1.350099,2.022942,2.731173
8305,lm,1,7,0,1.110108,4.521915,5.019816
8309,human,0,126,0,1.088133,3.924647,4.270538
8309,lm,0,128,0,1.738175,2.292196,3.984237
8309,lm,1,80,0,1.095959,3.867290,4.238389
8313,human,0,124,0,1.312842,3.241364,4.255398
8313,lm,0,60,0,1.320637,3.839973,5.071209
8315,human,0,71,0,1.122158,3.768116,4.228422
8315,lm,0,26,0,1.058999,5.924538,6.274078
8318,human,0,31,0,1.187063,2.706038,3.212239
8318,lm,0,72,0,1.198370,3.241807,3.884886
8320,human,0,51,0,1.040088,4.252984,4.423476
8320,lm,0,11,0,0.972056,10.429816,10.138368
8326,human,0,128,0,1.191422,4.105605,4.891507
8326,human,1,128,0,1.034584,4.588595,4.747289
8326,human,2,32,0,0.965217,8.298487,8.009840
8326,lm,0,64,0,1.315481,2.794220,3.675742
8328,human,0,67,0,1.135116,4.299875,4.880858
8328,lm,0,25,0,1.042828,6.213162,6.479257
8329,human,0,128,0,1.175868,3.188106,3.748792
8329,human,1,45,0,1.013481,8.278634,8.390242
8329,lm,0,31,0,1.071364,3.992477,4.277396
833,human,0,27,0,1.036966,3.196918,3.315095
833,lm,0,43,0,1.058619,5.509615,5.832580
8330,human,0,14,0,1.062162,4.590186,4.875520
8330,lm,0,108,0,1.191204,3.186284,3.795514
8331,human,0,32,0,1.088434,3.918069,4.264560
8331,lm,0,34,0,1.105934,5.608806,6.202971
8333,human,0,64,0,1.127465,4.317940,4.868325
8333,lm,0,48,0,1.263642,3.009401,3.802806
8334,human,0,65,0,1.183002,4.338048,5.131922
8334,lm,0,22,0,1.119833,3.894825,4.361552
8335,human,0,21,0,1.037717,5.906939,6.129732
8335,lm,0,11,0,1.016885,7.078748,7.198276
8336,human,0,103,0,1.198331,3.614080,4.330863
8336,lm,0,5,0,1.006181,6.512205,6.552459
8338,human,0,128,0,1.113639,4.084302,4.548438
8338,human,1,128,0,1.234510,2.793845,3.449030
8338,human,2,128,0,1.134789,3.500860,3.972739
8338,human,3,73,0,1.139666,4.769625,5.435778
8338,lm,0,128,0,1.355120,2.455996,3.328168
8338,lm,1,128,0,1.185256,4.240114,5.025619
8338,lm,2,43,0,1.087457,5.443530,5.919604
8339,human,0,118,0,1.322290,3.035915,4.014358
8339,lm,0,118,0,1.251199,2.448404,3.063442
834,human,0,64,0,1.077368,3.989461,4.298116
834,lm,0,88,0,1.646876,2.063346,3.398074
8341,human,0,128,0,1.124073,4.203882,4.725468
8341,human,1,83,0,1.037484,4.488577,4.656826
8341,lm,0,128,0,1.314610,2.498785,3.284927
8341,lm,1,11,0,1.087262,4.483990,4.875272
8343,human,0,73,0,1.073511,4.402863,4.726520
8343,lm,0,10,0,1.020687,5.441226,5.553791
8346,human,0,128,0,1.126756,3.487599,3.929675
8346,human,1,128,0,1.095701,3.860905,4.230398
8346,human,2,128,0,1.029837,4.586098,4.722935
8346,human,3,128,0,1.040998,4.464587,4.647628
8346,human,4,128,0,1.104065,4.499647,4.967904
8346,human,5,60,0,1.050200,5.226071,5.488422
8346,lm,0,100,0,1.281972,2.923318,3.747613
8349,human,0,128,0,1.171051,2.131194,2.495736
8349,lm,0,10,0,1.000625,5.870928,5.874597
8350,human,0,128,0,1.165068,3.239954,3.774766
8350,human,1,105,0,1.063356,4.136175,4.398228
8350,lm,0,10,0,1.044188,5.961608,6.225041
8355,human,0,84,0,1.096089,2.587260,2.835867
8355,lm,0,44,0,1.354962,2.428516,3.290547
8356,human,0,104,0,1.301616,2.796344,3.639765
8356,lm,0,33,0,1.135511,5.219334,5.926613
8357,human,0,26,0,1.068766,4.801570,5.131756
8357,lm,0,17,0,1.019981,5.598596,5.710462
8358,human,0,128,0,1.178443,3.908097,4.605468
8358,human,1,128,0,1.132509,3.228422,3.656217
8358,human,2,128,0,1.146907,3.508307,4.023704
8358,human,3,72,0,0.994829,6.300491,6.267911
8358,lm,0,128,0,1.154358,3.540240,4.086705
8358,lm,1,38,0,1.015848,6.504662,6.607749
8362,human,0,33,0,1.038795,5.514359,5.728288
8362,lm,0,20,0,1.020269,6.458104,6.589004
8367,human,0,48,0,1.185851,3.196420,3.790479
8367,lm,0,128,0,1.377686,2.776680,3.825393
8367,lm,1,99,0,0.986886,4.129509,4.075353
8369,human,0,107,0,1.186967,3.485051,4.136641
8369,lm,0,19,0,1.184603,3.879957,4.596207
837,human,0,128,0,1.091213,3.360983,3.667550
837,human,1,31,0,1.032252,4.613032,4.761811
837,lm,0,10,0,0.990311,9.536168,9.443768
8370,human,0,128,0,1.173768,3.001776,3.523390
8370,human,1,128,0,1.080336,4.365061,4.715732
8370,human,2,46,0,1.000565,5.539349,5.542479
8370,lm,0,128,0,1.221433,3.995261,4.879944
8370,lm,1,82,0,1.226214,2.993480,3.670647
8373,human,0,128,0,1.103459,4.248173,4.687685
8373,human,1,45,0,1.087731,6.011498,6.538894
8373,lm,0,9,0,0.989764,5.893094,5.832775
8374,human,0,128,0,1.285795,2.022584,2.600629
8374,human,1,14,0,0.965149,7.587249,7.322826
8374,lm,0,92,0,1.480983,1.875590,2.777716
8376,human,0,61,0,1.085456,3.257480,3.535852
8376,lm,0,46,0,1.073763,5.230862,5.616705
8378,human,0,128,0,1.291290,2.456848,3.172505
8378,human,1,128,0,1.152588,2.575929,2.968985
8378,human,2,115,0,1.277968,3.627548,4.635891
8378,lm,0,21,0,1.037340,5.999529,6.223549
8379,human,0,92,0,1.293431,3.572209,4.620407
8379,lm,0,10,0,1.026066,4.580719,4.700122
8381,human,0,119,0,1.105661,4.773562,5.277942
8381,lm,0,18,0,1.119705,4.977220,5.573018
8383,human,0,128,0,1.140441,4.285597,4.887470
8383,human,1,128,0,1.180567,3.471055,4.097813
8383,human,2,65,0,1.050177,4.243994,4.456943
8383,lm,0,36,0,1.101019,5.750381,6.331281
8385,human,0,33,0,1.110622,3.497212,3.884079
8385,lm,0,54,0,1.283337,3.757234,4.821797
8386,human,0,128,0,1.160507,3.762398,4.366288
8386,human,1,4,0,1.031386,8.636259,8.907315
8386,lm,0,19,0,1.037715,5.565964,5.775883
8387,human,0,128,0,1.263895,2.384994,3.014383
8387,human,1,84,0,1.081888,5.253457,5.683650
8387,lm,0,111,0,1.245832,2.832989,3.529428
8388,human,0,128,0,1.108860,3.427179,3.800261
8388,human,1,71,0,1.104439,3.541344,3.911197
8388,lm,0,60,0,1.206664,3.458718,4.173512
8391,human,0,128,0,1.077323,5.647005,6.083651
8391,human,1,128,0,1.084241,4.933754,5.349379
8391,human,2,111,0,1.252546,2.912495,3.648035
8391,lm,0,19,0,1.071077,5.076755,5.437595
8394,human,0,128,0,1.169413,3.801274,4.445258
8394,human,1,128,0,1.097217,3.963568,4.348892
8394,human,2,128,0,1.104472,5.038889,5.565312
8394,human,3,95,0,1.133590,2.876059,3.260270
8394,lm,0,111,0,1.444139,1.986511,2.868798
8401,human,0,55,0,1.124411,4.113707,4.625498
8401,lm,0,74,0,1.143766,5.008214,5.728225
8404,human,0,128,0,1.103126,4.313299,4.758111
8404,human,1,128,0,1.086921,4.333583,4.710261
8404,human,2,3,0,1.019852,6.756671,6.890801
8404,lm,0,58,0,1.180516,3.608942,4.260415
8405,human,0,37,0,1.109032,4.331635,4.803920
8405,lm,0,86,0,1.226780,2.334755,2.864230
8406,human,0,128,0,1.061465,3.798112,4.031562
8406,human,1,128,0,1.122755,3.496495,3.925707
8406,human,2,53,0,1.313185,3.130789,4.111306
8406,lm,0,128,0,1.820476,1.912981,3.482536
8406,lm,1,128,0,1.051207,4.515234,4.746445
8406,lm,2,128,0,1.170434,3.199787,3.745139
8406,lm,3,29,0,0.875849,10.015012,8.771637
8408,human,0,51,0,1.135988,2.215404,2.516673
8408,lm,0,111,0,1.201952,3.744032,4.500147
841,human,0,51,0,1.085101,4.654235,5.050313
841,lm,0,128,0,1.240302,3.504108,4.346152
841,lm,1,128,0,1.222277,3.235199,3.954308
841,lm,2,128,0,1.184480,3.250362,3.849989
841,lm,3,128,0,1.162778,3.016267,3.507248
841,lm,4,5,0,0.977061,7.094068,6.931337
8411,human,0,39,0,1.108534,4.200007,4.655852
8411,lm,0,9,0,0.945563,4.759619,4.500522
8412,human,0,30,0,1.050159,4.601898,4.832722
8412,lm,0,119,0,1.281770,1.999439,2.562821
8414,human,0,72,0,1.113854,3.700065,4.121333
8414,lm,0,104,0,1.176103,2.767899,3.255335
8416,human,0,128,0,1.154173,3.718529,4.291827
8416,human,1,128,0,1.046567,4.164099,4.358008
8416,human,2,107,0,1.080760,4.311480,4.659673
8416,lm,0,19,0,1.091446,4.104467,4.479803
8417,human,0,85,0,1.180082,3.208400,3.786174
8417,lm,0,14,0,1.149875,4.974082,5.719570
8418,human,0,27,0,1.053427,6.055261,6.378778
8418,lm,0,23,0,1.128508,4.890842,5.519353
8420,human,0,126,0,1.129524,3.711030,4.191699
8420,lm,0,128,0,1.249554,4.147604,5.182656
8420,lm,1,54,0,1.023624,5.954935,6.095614
8421,human,0,35,0,1.071468,3.827462,4.101003
8421,lm,0,54,0,1.073317,4.001811,4.295212
8422,human,0,128,0,1.207452,2.975211,3.592424
8422,human,1,128,0,1.210031,2.745830,3.322540
8422,human,2,128,0,1.248537,2.482937,3.100038
8422,human,3,41,0,1.006346,5.461103,5.495760
8422,lm,0,107,0,1.247222,2.735205,3.411409
8423,human,0,36,0,1.117081,4.397170,4.911997
8423,lm,0,59,0,1.209464,3.316653,4.011371
8427,human,0,24,0,1.029383,6.417854,6.606431
8427,lm,0,12,0,1.094830,6.105264,6.684228
843,human,0,32,0,1.205751,3.842381,4.632953
843,lm,0,17,0,1.129969,4.182806,4.726442
8430,human,0,128,0,1.063226,3.183642,3.384930
8430,human,1,44,0,1.083640,3.445277,3.733441
8430,lm,0,65,0,1.093281,4.752336,5.195639
8431,human,0,128,0,1.218188,2.198601,2.678309
8431,human,1,119,0,1.448455,1.580981,2.289979
8431,lm,0,128,0,1.238538,2.042342,2.529518
8431,lm,1,128,0,1.262300,1.767992,2.231737
8432,human,0,72,0,1.269203,2.886710,3.663822
8432,lm,0,6,0,0.994170,10.186443,10.127058
8433,human,0,47,0,1.104754,4.959848,5.479411
8433,lm,0,25,0,1.052211,5.015903,5.277788
8434,human,0,128,0,1.153773,4.088977,4.717751
8434,human,1,128,0,1.067921,4.134338,4.415148
8434,human,2,128,0,1.060240,4.620227,4.898549
8434,human,3,90,0,1.049752,4.482912,4.705944
8434,lm,0,38,0,1.077895,4.651770,5.014117
8437,human,0,76,0,1.113454,4.724359,5.260358
8437,lm,0,12,0,0.984815,9.828557,9.679309
8439,human,0,47,0,1.120521,5.362568,6.008868
8439,lm,0,9,0,0.996996,6.574155,6.554404
844,human,0,128,0,1.450261,0.925313,1.341946
844,human,1,5,0,1.004797,9.524132,9.569815
844,lm,0,26,0,1.432679,1.766719,2.531142
8441,human,0,128,0,1.131405,3.517714,3.979960
8441,human,1,66,0,0.997328,4.353157,4.341523
8441,lm,0,128,0,1.304283,2.942001,3.837201
8441,lm,1,128,0,1.303630,3.159881,4.119315
8441,lm,2,95,0,1.148997,3.460932,3.976602
8442,human,0,87,0,1.152751,3.322851,3.830418
8442,lm,0,128,0,1.115193,2.845479,3.173259
8442,lm,1,112,0,1.062299,3.963238,4.210143
8444,human,0,112,0,1.230204,3.031804,3.729738
8444,lm,0,34,0,1.035470,6.960760,7.207661
8445,human,0,18,0,1.018104,5.181476,5.275282
8445,lm,0,30,0,1.106703,3.836951,4.246365
8446,human,0,58,0,1.223035,3.052523,3.733342
8446,lm,0,48,0,1.340136,3.543265,4.748456
8447,human,0,96,0,1.051318,5.790603,6.087764
8447,lm,0,18,0,0.997480,5.989255,5.974161
8452,human,0,37,0,1.232243,3.486337,4.296016
8452,lm,0,75,0,1.264793,2.415627,3.055268
8453,human,0,29,0,1.097851,6.028069,6.617922
8453,lm,0,52,0,1.350051,3.315810,4.476514
8455,human,0,80,0,1.149828,2.704694,3.109933
8455,lm,0,110,0,0.984371,4.011882,3.949182
8457,human,0,32,0,1.175731,4.002943,4.706386
8457,lm,0,31,0,1.180665,4.734299,5.589620
8460,human,0,85,0,1.290424,2.869952,3.703456
8460,lm,0,34,0,1.049401,6.138730,6.441989
8461,human,0,128,0,1.201361,2.556550,3.071340
8461,human,1,128,0,1.120330,2.783302,3.118215
8461,human,2,128,0,1.130780,3.118257,3.526064
8461,human,3,128,0,1.153498,4.643752,5.356560
8461,human,4,126,0,1.132992,3.757218,4.256898
8461,lm,0,60,0,1.125164,4.086657,4.598160
8462,human,0,128,0,1.303037,3.640021,4.743080
8462,human,1,92,0,1.163344,3.721930,4.329885
8462,lm,0,128,0,1.225341,3.797191,4.652855
8462,lm,1,37,0,1.062919,4.349473,4.623139
8465,human,0,45,0,1.065462,5.137014,5.473292
8465,lm,0,11,0,1.061218,5.581827,5.923533
8466,human,0,12,0,1.030916,6.128225,6.317684
8466,lm,0,19,0,1.209400,4.825295,5.835712
8467,human,0,128,0,1.171293,3.886958,4.552765
8467,human,1,128,0,1.346817,3.252651,4.380727
8467,human,2,128,0,1.178593,3.148686,3.711020
8467,human,3,61,0,1.068071,5.685194,6.072192
8467,lm,0,39,0,1.147353,5.118167,5.872346
8468,human,0,123,0,1.221246,3.037660,3.709730
8468,lm,0,102,0,1.408593,2.261891,3.186085
847,human,0,76,0,1.185944,3.726015,4.418843
847,lm,0,18,0,1.060664,6.125320,6.496907
8470,human,0,18,0,1.080120,5.906788,6.380042
8470,lm,0,23,0,1.265490,4.547782,5.755173
8473,human,0,128,0,1.332621,3.504908,4.670714
8473,human,1,128,0,1.174006,3.141528,3.688174
8473,human,2,39,0,1.123923,6.034919,6.782784
8473,lm,0,59,0,1.131022,3.625989,4.101074
8474,human,0,128,0,1.390541,2.160804,3.004687
8474,human,1,32,0,1.175385,4.861547,5.714191
8474,lm,0,99,0,1.289100,3.016510,3.888583
8476,human,0,71,0,1.090932,5.173307,5.643726
8476,lm,0,101,0,1.147632,3.041611,3.490651
8479,human,0,128,0,1.091243,4.792142,5.229392
8479,human,1,6,0,1.012456,8.809467,8.919196
8479,lm,0,125,0,1.398162,2.464805,3.446195
8480,human,0,88,0,1.177245,4.447010,5.235221
8480,lm,0,77,0,1.407359,2.281362,3.210696
8481,human,0,68,0,1.130523,3.520088,3.979539
8481,lm,0,67,0,1.175387,3.896386,4.579761
8482,human,0,128,0,1.331428,2.297454,3.058895
8482,human,1,108,0,1.155894,2.751199,3.180094
8482,lm,0,12,0,1.019331,7.689018,7.837655
8485,human,0,108,0,1.159024,2.614616,3.030403
8485,lm,0,111,0,1.286899,1.875647,2.413768
8487,human,0,128,0,1.303557,2.214272,2.886430
8487,human,1,68,0,1.160783,3.365724,3.906875
8487,lm,0,64,0,1.193150,2.741017,3.270444
8489,human,0,88,0,1.014942,6.506021,6.603233
8489,lm,0,128,0,1.252057,2.895017,3.624726
8489,lm,1,87,0,1.290093,2.812811,3.628789
849,human,0,121,0,1.086139,3.859231,4.191660
849,lm,0,25,0,1.008272,5.102471,5.144680
8490,human,0,23,0,1.057302,5.543690,5.861352
8490,lm,0,59,0,1.252701,3.276900,4.104975
8491,human,0,35,0,1.011270,5.323764,5.383765
8491,lm,0,10,0,1.033583,8.036415,8.306306
8492,human,0,99,0,1.173573,3.664255,4.300269
8492,lm,0,9,0,1.004213,6.817726,6.846449
8494,human,0,42,0,1.016739,5.217859,5.305199
8494,lm,0,36,0,1.255537,4.138598,5.196165
8495,human,0,128,0,1.142728,3.355927,3.834911
8495,human,1,128,0,1.187812,2.849017,3.384097
8495,human,2,21,0,1.018868,4.354114,4.436265
8495,lm,0,128,0,1.294236,3.156204,4.084873
8495,lm,1,60,0,1.122515,3.387416,3.802425
8496,human,0,128,0,1.186976,3.119804,3.703134
8496,human,1,85,0,1.124278,4.526991,5.089597
8496,lm,0,6,0,1.001224,5.762280,5.769330
8497,human,0,128,0,1.170286,3.852242,4.508226
8497,human,1,33,0,1.011591,6.360963,6.434691
8497,lm,0,93,0,1.069178,3.556848,3.802904
8498,human,0,60,0,1.140723,4.410091,5.030693
8498,lm,0,10,0,0.972055,7.454068,7.245766
8499,human,0,128,0,1.223383,3.280190,4.012929
8499,human,1,17,0,1.008429,6.533905,6.588982
8499,lm,0,128,0,1.165850,3.147733,3.669785
8499,lm,1,29,0,1.008459,6.892559,6.950862
85,human,0,78,0,1.107224,4.213919,4.665750
85,lm,0,45,0,1.131729,4.613875,5.221654
8500,human,0,128,0,1.215534,2.845812,3.459181
8500,human,1,128,0,1.200157,2.652653,3.183600
8500,human,2,128,0,1.201206,2.958190,3.553395
8500,human,3,128,0,1.174528,3.102082,3.643482
8500,human,4,128,0,1.092716,3.808904,4.162049
8500,human,5,128,0,1.137526,4.265685,4.852329
8500,human,6,1,0,1.000000,8.013343,8.013343
8500,lm,0,128,0,1.287302,2.757574,3.549831
8500,lm,1,128,0,1.315983,2.957489,3.892004
8500,lm,2,128,0,1.284062,3.135958,4.026766
8500,lm,3,2,0,0.914936,11.920570,10.906559
8506,human,0,90,0,1.180225,4.132991,4.877859
8506,lm,0,7,0,1.023968,6.815642,6.979002
8507,human,0,128,0,1.271671,1.909523,2.428285
8507,human,1,128,0,1.172981,2.231792,2.617849
8507,human,2,128,0,1.133157,2.715418,3.076996
8507,human,3,128,0,1.124731,3.315697,3.729268
8507,human,4,5,0,1.008450,9.376297,9.455525
8507,lm,0,128,0,1.321142,2.878086,3.802360
8507,lm,1,19,0,1.175949,3.737949,4.395637
8508,human,0,34,0,1.053867,4.864140,5.126154
8508,lm,0,58,0,1.127791,3.730263,4.206957
851,human,0,128,0,1.173300,3.579765,4.200139
851,human,1,128,0,1.087664,4.020590,4.373050
851,human,2,21,0,1.025973,5.353857,5.492915
851,lm,0,5,0,1.019356,5.599625,5.708010
8511,human,0,29,0,1.151478,4.014622,4.622748
8511,lm,0,7,0,1.034936,8.658610,8.961108
8514,human,0,37,0,1.075180,4.821333,5.183802
8514,lm,0,9,0,1.027088,4.855888,4.987425
8516,human,0,128,0,1.106714,3.263713,3.611998
8516,human,1,78,0,1.042919,4.427195,4.617204
8516,lm,0,63,0,1.170899,4.435395,5.193398
8517,human,0,128,0,1.231668,3.429850,4.224436
8517,human,1,128,0,1.169767,3.701089,4.329412
8517,human,2,52,0,1.229317,3.852137,4.735498
8517,lm,0,57,0,1.146101,3.676971,4.214179
8518,human,0,52,0,1.063350,4.337447,4.612223
8518,lm,0,20,0,1.034419,3.177109,3.286461
8519,human,0,64,0,1.071279,4.460222,4.778141
8519,lm,0,81,0,1.136418,3.883386,4.413149
852,human,0,44,0,1.176565,5.176905,6.090963
852,lm,0,95,0,1.197571,2.408709,2.884598
8521,human,0,88,0,1.107232,4.173926,4.621504
8521,lm,0,128,0,1.236465,3.364375,4.159930
8521,lm,1,97,0,1.112050,3.646339,4.054910
8523,human,0,47,0,1.073228,5.687580,6.104073
8523,lm,0,14,0,1.039501,7.188856,7.472826
8524,human,0,97,0,1.195035,2.868622,3.428104
8524,lm,0,67,0,1.223199,3.201925,3.916592
8525,human,0,128,0,1.270760,2.049442,2.604348
8525,human,1,54,0,1.102618,5.709668,6.295583
8525,lm,0,84,0,1.148587,2.716284,3.119887
8527,human,0,128,0,1.068314,5.169432,5.522575
8527,human,1,128,0,1.114808,3.681758,4.104451
8527,human,2,128,0,1.093616,5.157371,5.640181
8527,human,3,119,0,1.098453,4.157317,4.566618
8527,lm,0,48,0,1.233071,3.784727,4.666838
8528,human,0,62,0,1.102981,4.126009,4.550910
8528,lm,0,128,0,1.038052,3.055914,3.172198
8528,lm,1,93,0,1.056967,3.952827,4.178007
8529,human,0,108,0,1.478593,1.933030,2.858164
8529,lm,0,128,0,1.698970,0.946770,1.608535
8529,lm,1,14,0,1.029463,4.833755,4.976173
8534,human,0,36,0,1.038232,7.535446,7.823542
8534,lm,0,128,0,1.227814,1.815872,2.229554
8534,lm,1,97,0,1.178403,3.070523,3.618314
8536,human,0,55,0,1.098624,3.705565,4.071023
8536,lm,0,11,0,1.121042,4.277714,4.795496
8537,human,0,15,0,1.051297,4.981046,5.236561
8537,lm,0,115,0,1.309831,2.717899,3.559989
8539,human,0,128,0,1.213448,3.028197,3.674560
8539,human,1,59,0,1.060936,5.546091,5.884049
8539,lm,0,65,0,1.251769,3.340735,4.181830
8543,human,0,128,0,1.502750,2.213062,3.325679
8543,human,1,73,0,1.037549,6.421511,6.662634
8543,lm,0,128,0,1.551511,2.158383,3.348755
8543,lm,1,59,0,1.315635,3.062635,4.029309
8544,human,0,109,0,1.073000,4.618826,4.956002
8544,lm,0,128,0,1.166355,3.004810,3.504677
8544,lm,1,98,0,1.369668,2.381998,3.262546
8550,human,0,42,0,1.006969,5.955960,5.997466
8550,lm,0,10,0,1.005971,5.335059,5.366917
8551,human,0,70,0,1.172862,4.502136,5.280386
8551,lm,0,20,0,1.082877,5.458794,5.911204
8552,human,0,66,0,1.074274,4.394907,4.721333
8552,lm,0,68,0,1.308503,3.461405,4.529260
8553,human,0,128,0,1.052496,5.095678,5.363179
8553,human,1,128,0,1.120704,3.530816,3.956998
8553,human,2,128,0,1.015515,3.583248,3.638841
8553,human,3,128,0,1.033068,3.726656,3.849890
8553,human,4,128,0,1.118809,3.934629,4.402099
8553,human,5,51,0,1.011402,5.202926,5.262250
8553,lm,0,128,0,1.271416,2.846936,3.619641
8553,lm,1,128,0,1.188822,3.560795,4.233153
8553,lm,2,31,0,1.132695,4.737081,5.365668
8556,human,0,47,0,0.992508,6.843020,6.791750
8556,lm,0,17,0,1.081299,6.121442,6.619107
8558,human,0,50,0,1.044649,4.206599,4.394419
8558,lm,0,120,0,1.181560,2.576333,3.044093
8559,human,0,85,0,1.165482,3.907753,4.554414
8559,lm,0,77,0,1.164217,3.325040,3.871070
856,human,0,68,0,1.126705,3.843943,4.330991
856,lm,0,85,0,1.235073,3.889077,4.803294
8560,human,0,128,0,1.093477,3.978076,4.349935
8560,human,1,23,0,1.031770,5.507739,5.682721
8560,lm,0,100,0,1.295031,2.622548,3.396281
8562,human,0,128,0,1.046248,4.929210,5.157177
8562,human,1,82,0,0.962262,6.279821,6.042833
8562,lm,0,128,0,1.281426,2.423362,3.105359
8564,human,0,25,0,1.019094,4.395109,4.479030
8564,lm,0,45,0,1.151124,2.989216,3.440959
8566,human,0,93,0,1.093970,3.341120,3.655086
8566,lm,0,128,0,1.276021,3.060278,3.904979
8566,lm,1,14,0,1.030422,6.941673,7.152853
8567,human,0,88,0,1.227368,3.347173,4.108212
8567,lm,0,52,0,1.084472,5.256897,5.700959
8568,human,0,128,0,1.173050,3.152593,3.698149
8568,human,1,128,0,1.167177,2.992541,3.492826
8568,human,2,128,0,1.224395,2.673176,3.273023
8568,human,3,27,0,1.042422,5.148625,5.367042
8568,lm,0,128,0,1.177765,3.873709,4.562320
8568,lm,1,128,0,1.126534,4.931114,5.555068
8568,lm,2,128,0,1.073949,4.495093,4.827501
8568,lm,3,128,0,1.062939,4.635445,4.927196
8568,lm,4,90,0,1.105468,5.738097,6.343282
8569,human,0,128,0,1.365358,1.958385,2.673896
8569,human,1,106,0,1.247953,3.809496,4.754071
8569,lm,0,71,0,1.331630,2.909870,3.874869
8571,human,0,128,0,1.226370,2.951626,3.619786
8571,human,1,128,0,1.135065,3.297267,3.742612
8571,human,2,122,0,1.094140,4.243125,4.642573
8571,lm,0,80,0,1.302908,2.622214,3.416505
8572,human,0,92,0,1.086315,4.902784,5.325969
8572,lm,0,12,0,1.026208,6.397350,6.565009
8574,human,0,55,0,1.174783,4.679126,5.496957
8574,lm,0,76,0,1.359986,2.630255,3.577108
8575,human,0,128,0,1.282655,2.935895,3.765741
8575,human,1,128,0,1.185594,3.573700,4.236955
8575,human,2,128,0,1.185977,3.442197,4.082366
8575,human,3,128,0,1.154457,3.871189,4.469119
8575,human,4,128,0,1.165222,2.411416,2.809834
8575,human,5,128,0,1.168646,3.551179,4.150070
8575,human,6,120,0,1.024748,4.666839,4.782332
8575,lm,0,25,0,1.113098,4.736932,5.272670
8576,human,0,69,0,1.265693,2.620990,3.317369
8576,lm,0,78,0,1.424920,1.426609,2.032803
8577,human,0,51,0,1.206679,3.278670,3.956302
8577,lm,0,33,0,1.157512,4.470207,5.174318
8578,human,0,128,0,1.187381,3.258892,3.869548
8578,human,1,33,0,0.973018,7.338526,7.140522
8578,lm,0,95,0,1.135247,3.264427,3.705931
8579,human,0,47,0,1.047488,4.628549,4.848348
8579,lm,0,22,0,1.064539,6.349505,6.759294
858,human,0,128,0,1.173313,2.379425,2.791811
858,human,1,128,0,1.220360,2.504170,3.055989
858,human,2,40,0,1.139805,4.364118,4.974242
858,lm,0,128,0,1.214938,3.654842,4.440408
858,lm,1,128,0,1.210471,2.447930,2.963148
858,lm,2,46,0,1.106763,4.687348,5.187785
8580,human,0,29,0,1.078225,5.939578,6.404201
8580,lm,0,12,0,1.077604,5.930091,6.390288
8582,human,0,128,0,1.199425,4.174410,5.006890
8582,human,1,95,0,1.077618,4.677534,5.040594
8582,lm,0,128,0,1.414451,1.644898,2.326627
8582,lm,1,11,0,1.102000,3.710339,4.088795
8584,human,0,128,0,1.310171,1.416126,1.855368
8584,human,1,128,0,1.299523,2.895000,3.762118
8584,human,2,86,0,1.081956,4.460071,4.825599
8584,lm,0,128,0,1.309033,2.431264,3.182605
8585,human,0,63,0,1.148679,3.547724,4.075196
8585,lm,0,48,0,1.148196,3.027961,3.476694
8586,human,0,128,0,1.044441,5.223526,5.455663
8586,human,1,128,0,1.143677,4.201550,4.805216
8586,human,2,128,0,1.023407,4.656073,4.765056
8586,human,3,82,0,1.068148,3.799303,4.058219
8586,lm,0,22,0,1.205693,3.721705,4.487232
859,human,0,25,0,1.086974,5.093916,5.536956
859,lm,0,37,0,1.227564,3.073863,3.773364
8596,human,0,128,0,1.226803,2.797537,3.432027
8596,human,1,128,0,1.182785,2.778780,3.286701
8596,human,2,128,0,1.349112,2.466610,3.327734
8596,human,3,45,0,1.054182,5.151425,5.430542
8596,lm,0,67,0,1.207777,2.399365,2.897898
8597,human,0,64,0,1.165479,4.930803,5.746748
8597,lm,0,20,0,1.002714,6.923810,6.942603
86,human,0,128,0,1.070933,4.262144,4.564471
86,human,1,102,0,1.077857,3.818170,4.115443
86,lm,0,46,0,1.149350,3.849091,4.423954
860,human,0,20,0,1.027988,6.687192,6.874351
860,lm,0,46,0,1.109144,4.620839,5.125176
8600,human,0,128,0,1.152210,3.525969,4.062656
8600,human,1,128,0,1.079453,3.893726,4.203095
8600,human,2,64,0,0.973951,7.598965,7.401022
8600,lm,0,69,0,1.240212,3.418451,4.239603
8602,human,0,19,0,1.025100,5.818326,5.964365
8602,lm,0,37,0,1.083022,6.399505,6.930802
8604,human,0,22,0,1.119811,4.677268,5.237655
8604,lm,0,82,0,1.269300,2.896510,3.676541
861,human,0,128,0,1.161661,3.417772,3.970292
861,human,1,128,0,1.155324,3.831877,4.427059
861,human,2,108,0,1.033552,6.189478,6.397149
861,lm,0,128,0,1.119537,3.563999,3.990027
861,lm,1,128,0,1.066675,4.455463,4.752531
861,lm,2,128,0,1.182745,3.520661,4.164044
861,lm,3,20,0,0.993454,9.459821,9.397900
8610,human,0,50,0,1.130509,3.356813,3.794907
8610,lm,0,128,0,1.368829,2.795480,3.826533
8610,lm,1,30,0,1.179381,4.534876,5.348347
8611,human,0,19,0,1.078604,5.143907,5.548238
8611,lm,0,47,0,1.148760,3.410193,3.917492
8612,human,0,96,0,1.167753,3.648945,4.261068
8612,lm,0,121,0,1.215645,2.731496,3.320530
8613,human,0,128,0,1.198594,3.179548,3.810987
8613,human,1,36,0,1.067268,5.235003,5.587149
8613,lm,0,33,0,1.113873,3.989412,4.443700
8615,human,0,94,0,1.369984,2.778324,3.806259
8615,lm,0,19,0,1.127883,5.282414,5.957947
8616,human,0,128,0,1.085957,3.726003,4.046281
8616,human,1,128,0,1.085027,2.961300,3.213089
8616,human,2,14,0,1.020350,9.187830,9.374807
8616,lm,0,128,0,1.153801,3.750951,4.327850
8616,lm,1,15,0,1.024107,8.390737,8.593012
8617,human,0,114,0,1.131920,4.742375,5.367987
8617,lm,0,68,0,1.218835,3.805106,4.637798
8618,human,0,58,0,1.091941,4.825654,5.269331
8618,lm,0,38,0,1.055968,5.020694,5.301692
862,human,0,48,0,1.161239,4.111771,4.774749
862,lm,0,70,0,1.158779,3.748827,4.344064
8620,human,0,60,0,1.203472,2.934387,3.531452
8620,lm,0,70,0,1.298277,2.451205,3.182344
8626,human,0,128,0,1.173493,3.487899,4.093024
8626,human,1,128,0,1.126618,3.514929,3.959983
8626,human,2,128,0,1.137606,3.059025,3.479965
8626,human,3,66,0,1.149543,3.741696,4.301242
8626,lm,0,119,0,1.335875,2.923279,3.905136
8627,human,0,128,0,1.127394,3.838252,4.327221
8627,human,1,128,0,1.099957,4.416182,4.857608
8627,human,2,128,0,1.176978,3.513950,4.135843
8627,human,3,128,0,1.088426,3.342356,3.637908
8627,human,4,128,0,1.085981,4.234268,4.598334
8627,human,5,128,0,1.209551,3.318600,4.014016
8627,human,6,128,0,1.114387,3.283929,3.659569
8627,human,7,128,0,1.076394,4.308507,4.637653
8627,human,8,128,0,1.089315,4.345233,4.733327
8627,human,9,128,0,1.065242,2.952246,3.144856
8627,human,10,52,0,1.121632,3.157533,3.541589
8627,lm,0,128,0,1.102436,4.171581,4.598900
8627,lm,1,128,0,1.169959,4.300934,5.031915
8627,lm,2,97,0,1.083687,4.269526,4.626827
863,human,0,55,0,1.085692,3.780816,4.104801
863,lm,0,22,0,0.998954,6.359480,6.352831
8630,human,0,40,0,1.116284,4.117054,4.595803
8630,lm,0,11,0,1.030282,6.319353,6.510715
8631,human,0,128,0,1.144583,3.399300,3.890780
8631,human,1,89,0,1.307579,2.244514,2.934881
8631,lm,0,120,0,1.362981,0.860202,1.172439
8632,human,0,55,0,1.265925,2.310080,2.924387
8632,lm,0,70,0,1.229374,1.832772,2.253163
8633,human,0,128,0,1.071084,3.009365,3.223283
8633,human,1,128,0,1.170967,1.928373,2.258061
8633,human,2,128,0,1.098353,3.171431,3.483349
8633,human,3,128,0,1.097330,3.042510,3.338638
8633,human,4,128,0,1.190797,2.604159,3.101025
8633,human,5,128,0,1.292784,2.271863,2.937028
8633,human,6,88,0,1.105195,3.574832,3.950888
8633,lm,0,14,0,1.003159,5.852811,5.871298
8634,human,0,128,0,1.173263,2.525532,2.963114
8634,human,1,128,0,0.927785,5.903110,5.476815
8634,human,2,96,0,1.163226,2.245134,2.611599
8634,lm,0,128,0,1.305344,2.596484,3.389305
8634,lm,1,26,0,1.025811,6.159438,6.318419
8636,human,0,88,0,1.175252,3.667070,4.309732
8636,lm,0,48,0,1.273713,3.433268,4.372996
8638,human,0,44,0,1.009806,6.932154,7.000129
8638,lm,0,128,0,1.267068,3.237930,4.102677
8638,lm,1,128,0,1.126111,4.550963,5.124889
8638,lm,2,128,0,1.223482,3.276818,4.009127
8638,lm,3,35,0,1.014846,6.699423,6.798883
864,human,0,42,0,1.043579,6.365324,6.642721
864,lm,0,62,0,1.096911,5.596621,6.138993
8641,human,0,47,0,1.122208,3.566371,4.002211
8641,lm,0,30,0,1.148131,4.173631,4.791875
8645,human,0,94,0,1.201185,3.020726,3.628451
8645,lm,0,54,0,1.412769,1.571278,2.219852
8646,human,0,13,0,1.026567,7.333192,7.528013
8646,lm,0,31,0,1.061789,3.846162,4.083813
8647,human,0,33,0,1.058284,4.956595,5.245487
8647,lm,0,51,0,1.156973,4.812788,5.568265
8648,human,0,87,0,1.146094,3.636075,4.167285
8648,lm,0,128,0,1.189424,2.852068,3.392319
8648,lm,1,42,0,1.098029,5.048188,5.543055
8649,human,0,128,0,1.013090,5.433927,5.505056
8649,human,1,2,0,1.033271,6.372668,6.584694
8649,lm,0,128,0,1.276502,3.398805,4.338583
8649,lm,1,84,0,1.143881,3.660134,4.186758
865,human,0,128,0,1.215724,2.818253,3.426217
865,human,1,128,0,1.245757,3.196882,3.982539
865,human,2,52,0,1.003294,6.739252,6.761451
865,lm,0,21,0,1.070676,5.526045,5.916602
8650,human,0,128,0,1.195535,2.382218,2.848025
8650,human,1,128,0,1.139921,2.549961,2.906755
8650,human,2,23,0,1.165442,3.984470,4.643670
8650,lm,0,128,0,1.428136,2.205581,3.149870
8650,lm,1,128,0,1.267922,2.348703,2.977972
8650,lm,2,47,0,1.245018,1.615747,2.011634
8653,human,0,80,0,1.168011,3.481764,4.066739
8653,lm,0,32,0,1.065111,4.951304,5.273689
8654,human,0,73,0,1.149563,4.220837,4.852118
8654,lm,0,59,0,1.226133,3.029287,3.714308
8655,human,0,35,0,1.064146,6.143316,6.537385
8655,lm,0,21,0,1.038009,5.723676,5.941226
8656,human,0,128,0,1.169816,4.469794,5.228837
8656,human,1,39,0,1.027048,6.080944,6.245421
8656,lm,0,128,0,1.292811,2.313145,2.990459
8656,lm,1,128,0,1.274018,2.893801,3.686754
8656,lm,2,102,0,1.154598,4.079980,4.710735
8659,human,0,19,0,1.023722,5.375296,5.502807
8659,lm,0,24,0,1.019359,6.096442,6.214465
8661,human,0,128,0,1.168295,3.449640,4.030198
8661,human,1,44,0,1.061846,5.090976,5.405831
8661,lm,0,128,0,1.315350,3.007637,3.956095
8661,lm,1,128,0,1.203305,2.499251,3.007360
8661,lm,2,72,0,1.154829,3.112603,3.594523
8662,human,0,126,0,1.100367,4.204002,4.625945
8662,lm,0,45,0,1.145878,3.292296,3.772570
8665,human,0,49,0,1.104432,3.945514,4.357554
8665,lm,0,51,0,1.220253,3.954538,4.825537
8666,human,0,128,0,1.154935,4.196252,4.846399
8666,human,1,128,0,1.248889,4.067270,5.079570
8666,human,2,76,0,1.087858,4.469400,4.862073
8666,lm,0,19,0,1.002914,6.735517,6.755144
8668,human,0,128,0,1.272203,3.052173,3.882984
8668,human,1,24,0,1.036425,4.935125,5.114888
8668,lm,0,51,0,1.205398,4.053802,4.886446
8669,human,0,128,0,1.161102,2.527264,2.934413
8669,human,1,128,0,1.143182,3.229934,3.692404
8669,human,2,35,0,1.224048,3.988995,4.882721
8669,lm,0,128,0,1.219443,2.610861,3.183797
8669,lm,1,56,0,1.024877,5.108033,5.235105
8670,human,0,58,0,1.113856,3.375560,3.759887
8670,lm,0,102,0,1.176156,2.992589,3.519752
8671,human,0,70,0,1.086721,4.720392,5.129748
8671,lm,0,128,0,1.390024,1.877540,2.609826
8671,lm,1,32,0,1.106255,5.119111,5.663044
8672,human,0,70,0,1.104682,4.102641,4.532114
8672,lm,0,52,0,1.047465,5.301225,5.552847
8675,human,0,47,0,1.031085,5.210250,5.372209
8675,lm,0,24,0,0.968816,7.070910,6.850410
8676,human,0,53,0,1.166787,3.237121,3.777029
8676,lm,0,9,0,1.001923,5.015423,5.025067
8678,human,0,128,0,1.347151,2.416585,3.255506
8678,human,1,119,0,1.233357,3.314583,4.088063
8678,lm,0,62,0,1.181972,3.971568,4.694283
8679,human,0,33,0,1.092389,4.817187,5.262244
8679,lm,0,36,0,1.151052,3.718393,4.280065
868,human,0,128,0,1.030668,5.083042,5.238930
868,human,1,81,0,0.990910,5.812201,5.759367
868,lm,0,31,0,1.179926,5.507904,6.498920
8681,human,0,72,0,1.343321,1.867128,2.508152
8681,lm,0,71,0,1.321189,2.135267,2.821092
8682,human,0,21,0,1.074044,3.465723,3.722341
8682,lm,0,6,0,0.974148,8.385612,8.168831
8683,human,0,34,0,1.021655,5.325987,5.441322
8683,lm,0,10,0,1.026959,6.809329,6.992904
8684,human,0,65,0,1.134349,3.515317,3.987596
8684,lm,0,19,0,1.021278,6.176575,6.307999
8689,human,0,24,0,1.095946,4.339564,4.755929
8689,lm,0,120,0,1.152498,4.592893,5.293300
869,human,0,128,0,1.209843,3.220258,3.896005
869,human,1,128,0,1.036222,4.044426,4.190925
869,human,2,26,0,1.036603,7.884450,8.173048
869,lm,0,128,0,1.277653,2.238552,2.860092
869,lm,1,5,0,0.962088,11.173437,10.749830
8697,human,0,128,0,1.053310,4.316628,4.546749
8697,human,1,93,0,1.021190,5.824125,5.947536
8697,lm,0,102,0,1.348909,2.534614,3.418965
8700,human,0,35,0,1.122622,4.362935,4.897925
8700,lm,0,7,0,1.011420,6.216788,6.287782
8701,human,0,128,0,1.180472,2.907788,3.432561
8701,human,1,128,0,1.309639,2.435596,3.189752
8701,human,2,128,0,1.083293,4.778542,5.176561
8701,human,3,6,0,0.974532,10.504349,10.236825
8701,lm,0,92,0,1.216568,3.076628,3.742928
8703,human,0,32,0,1.104008,4.365928,4.820020
8703,lm,0,25,0,1.012516,5.355640,5.422672
8705,human,0,128,0,1.247440,3.525383,4.397706
8705,human,1,26,0,0.959590,7.173197,6.883327
8705,lm,0,90,0,1.242784,2.618936,3.254771
8708,human,0,125,0,1.270443,3.148347,3.999797
8708,lm,0,37,0,1.284946,4.219424,5.421730
8710,human,0,101,0,1.172625,3.538187,4.148966
8710,lm,0,83,0,1.488173,2.065822,3.074301
8711,human,0,14,0,1.054342,6.209498,6.546934
8711,lm,0,35,0,1.180341,4.284268,5.056895
8712,human,0,128,0,1.242588,2.981336,3.704574
8712,human,1,22,0,1.043461,6.483471,6.765252
8712,lm,0,93,0,1.181306,2.744274,3.241827
8715,human,0,29,0,0.980698,7.059369,6.923111
8715,lm,0,50,0,1.132208,4.643136,5.256996
8717,human,0,107,0,1.159010,4.086070,4.735797
8717,lm,0,128,0,1.421102,2.291023,3.255777
8717,lm,1,21,0,0.968335,9.454768,9.155379
8719,human,0,93,0,1.172319,4.167959,4.886179
8719,lm,0,41,0,1.216057,3.867144,4.702667
8720,human,0,120,0,1.057859,3.524401,3.728321
8720,lm,0,128,0,1.180342,2.176896,2.569481
8720,lm,1,18,0,1.084676,5.211053,5.652305
8724,human,0,34,0,1.116972,5.161595,5.765358
8724,lm,0,59,0,1.134937,4.217385,4.786467
8726,human,0,45,0,1.030471,4.557537,4.696408
8726,lm,0,10,0,0.956359,11.138670,10.652568
8727,human,0,128,0,1.091939,4.464989,4.875497
8727,human,1,128,0,1.123118,3.499659,3.930528
8727,human,2,128,0,1.007610,3.878393,3.907907
8727,human,3,128,0,1.134510,5.069032,5.750868
8727,human,4,1,0,nan,nan,nan
8727,lm,0,128,0,1.201618,3.229674,3.880833
8727,lm,1,8,0,0.995500,9.825632,9.781421
8728,human,0,118,0,1.258557,2.682889,3.376568
8728,lm,0,70,0,1.185803,3.979803,4.719262
873,human,0,116,0,1.261808,1.980703,2.499267
873,lm,0,128,0,1.115244,2.988603,3.333020
873,lm,1,121,0,1.125317,3.503433,3.942473
8730,human,0,128,0,1.183676,2.746340,3.250777
8730,human,1,48,0,1.155149,3.707195,4.282361
8730,lm,0,6,0,0.988275,8.081687,7.986926
8736,human,0,41,0,1.083337,3.673562,3.979705
8736,lm,0,19,0,0.986665,6.474188,6.387853
8737,human,0,124,0,1.103316,3.920543,4.325598
8737,lm,0,20,0,1.061163,6.000774,6.367800
8738,human,0,128,0,1.134412,2.826296,3.206184
8738,human,1,2,0,1.083020,5.310595,5.751480
8738,lm,0,83,0,1.147377,3.232321,3.708690
8739,human,0,54,0,1.015926,4.356099,4.425476
8739,lm,0,62,0,1.140349,3.985323,4.544658
874,human,0,123,0,1.290676,2.742593,3.539800
874,lm,0,128,0,1.332417,1.809368,2.410832
874,lm,1,8,0,1.077327,5.796607,6.244841
8741,human,0,22,0,1.045059,5.986636,6.256387
8741,lm,0,12,0,1.020162,5.411672,5.520780
8746,human,0,128,0,1.360397,2.726622,3.709289
8746,human,1,128,0,1.152659,3.745469,4.317247
8746,human,2,59,0,1.071968,3.716074,3.983512
8746,lm,0,90,0,1.230088,3.724420,4.581365
8747,human,0,128,0,1.118973,3.169298,3.546358
8747,human,1,49,0,1.026063,6.725742,6.901032
8747,lm,0,62,0,1.158772,2.999763,3.476042
8748,human,0,128,0,1.219579,2.839977,3.463575
8748,human,1,128,0,1.116708,3.577188,3.994675
8748,human,2,128,0,1.174564,3.727493,4.378181
8748,human,3,24,0,1.062665,4.409833,4.686177
8748,lm,0,128,0,1.385639,2.231642,3.092250
8748,lm,1,81,0,1.172550,3.303843,3.873922
8749,human,0,128,0,1.187636,2.224213,2.641555
8749,human,1,8,0,0.998768,8.319149,8.308898
8749,lm,0,128,0,1.122684,2.555448,2.868961
8749,lm,1,88,0,1.112913,3.441763,3.830383
875,human,0,65,0,1.177062,3.430667,4.038107
875,lm,0,62,0,1.158086,3.057658,3.541030
8753,human,0,128,0,1.575733,1.491469,2.350157
8753,human,1,19,0,1.147835,4.343226,4.985305
8753,lm,0,110,0,1.325720,2.345394,3.109336
8754,human,0,45,0,1.154913,3.243738,3.746235
8754,lm,0,105,0,1.653702,2.462735,4.072630
8755,human,0,128,0,1.167181,3.069705,3.582901
8755,human,1,128,0,1.162992,2.673295,3.109020
8755,human,2,96,0,1.114706,4.451926,4.962590
8755,lm,0,128,0,1.339329,3.246341,4.347919
8755,lm,1,100,0,1.062135,4.778545,5.075460
8756,human,0,91,0,1.240922,2.204413,2.735505
8756,lm,0,97,0,1.180588,3.236328,3.820768
8758,human,0,15,0,1.092706,4.392720,4.799953
8758,lm,0,7,0,1.037283,5.831933,6.049365
876,human,0,128,0,1.281289,2.757946,3.533727
876,human,1,12,0,1.003766,7.230034,7.257261
876,lm,0,19,0,1.120810,4.960564,5.559851
8760,human,0,30,0,1.074335,4.827507,5.186360
8760,lm,0,68,0,1.133995,5.083012,5.764112
8761,human,0,128,0,1.253344,2.786906,3.492952
8761,human,1,128,0,1.093292,4.230257,4.624904
8761,human,2,128,0,1.465720,2.537828,3.719746
8761,human,3,128,0,1.087155,4.949450,5.380819
8761,human,4,128,0,1.020281,4.048802,4.130917
8761,human,5,1,0,1.000000,5.210328,5.210328
8761,lm,0,128,0,1.293731,3.282099,4.246152
8761,lm,1,128,0,1.310691,2.346615,3.075687
8764,human,0,128,0,1.096459,4.291214,4.705140
8764,human,1,38,0,1.000053,5.636775,5.637071
8764,lm,0,24,0,1.127397,5.245681,5.913967
8766,human,0,26,0,1.074201,5.828055,6.260500
8766,lm,0,6,0,0.979861,7.793492,7.636536
8767,human,0,128,0,1.212997,2.510645,3.045405
8767,human,1,128,0,1.193623,3.724496,4.445644
8767,human,2,128,0,1.148513,4.008670,4.604011
8767,human,3,106,0,1.170993,3.217988,3.768242
8767,lm,0,92,0,1.483905,2.364342,3.508459
8769,human,0,128,0,1.247564,3.088757,3.853421
8769,human,1,110,0,1.029201,4.944191,5.088564
8769,lm,0,6,0,0.997883,8.771904,8.753333
8770,human,0,53,0,1.203934,2.401192,2.890876
8770,lm,0,31,0,1.136569,2.067200,2.349516
8772,human,0,82,0,1.117159,4.117933,4.600385
8772,lm,0,82,0,1.186740,3.677413,4.364131
8773,human,0,44,0,1.081031,4.540355,4.908263
8773,lm,0,128,0,1.380697,2.893204,3.994640
8773,lm,1,128,0,1.147203,3.811770,4.372875
8773,lm,2,66,0,1.049346,5.765521,6.050024
8774,human,0,73,0,1.084529,4.472041,4.850058
8774,lm,0,74,0,1.162319,3.460332,4.022011
8775,human,0,128,0,1.134181,3.265700,3.703896
8775,human,1,24,0,1.024819,7.578149,7.766232
8775,lm,0,24,0,1.232280,3.401753,4.191910
8777,human,0,49,0,1.093342,4.323864,4.727464
8777,lm,0,24,0,1.150489,5.267811,6.060558
8779,human,0,125,0,1.192319,3.280286,3.911146
8779,lm,0,128,0,1.270481,2.810049,3.570114
8779,lm,1,102,0,1.216685,2.196457,2.672397
878,human,0,128,0,1.155477,3.021138,3.490855
878,human,1,128,0,1.142155,2.297963,2.624630
878,human,2,128,0,1.122081,3.167751,3.554474
878,human,3,128,0,1.201625,3.711234,4.459513
878,human,4,128,0,1.039575,5.243213,5.450714
878,human,5,54,0,1.064433,4.591275,4.887106
878,lm,0,128,0,1.505601,2.074985,3.124098
878,lm,1,128,0,1.217248,3.069395,3.736214
878,lm,2,105,0,1.137212,3.751188,4.265895
8780,human,0,128,0,1.193458,2.694674,3.215980
8780,human,1,19,0,0.997119,5.683172,5.666799
8780,lm,0,42,0,1.137510,4.446596,5.058049
8781,human,0,128,0,1.134828,1.952772,2.216061
8781,human,1,11,0,0.996978,7.399418,7.377057
8781,lm,0,68,0,1.217688,3.086192,3.758018
8782,human,0,128,0,1.099556,4.195362,4.613034
8782,human,1,90,0,1.066633,5.059319,5.396436
8782,lm,0,128,0,1.273952,3.377280,4.302492
8782,lm,1,128,0,1.243761,3.240233,4.030076
8782,lm,2,128,0,1.105913,3.609403,3.991685
8782,lm,3,128,0,1.161600,3.870310,4.495753
8782,lm,4,57,0,1.116197,3.980328,4.442832
8783,human,0,62,0,1.090367,4.720038,5.146573
8783,lm,0,12,0,1.037470,7.222490,7.493117
8784,human,0,123,0,1.182760,2.672679,3.161137
8784,lm,0,103,0,1.200775,2.820125,3.386337
8785,human,0,128,0,1.251569,3.839286,4.805131
8785,human,1,128,0,1.097434,4.244703,4.658283
8785,human,2,128,0,1.041647,5.248760,5.467354
8785,human,3,128,0,1.076134,5.297542,5.700867
8785,human,4,121,0,1.072863,4.682788,5.023988
8785,lm,0,10,0,1.008899,6.963369,7.025336
8786,human,0,62,0,1.204611,1.613166,1.943239
8786,lm,0,31,0,1.289570,3.608912,4.653945
8789,human,0,86,0,1.481597,1.782227,2.640543
8789,lm,0,128,0,1.681506,1.069744,1.798780
8789,lm,1,7,0,1.027046,3.890761,3.995989
8790,human,0,128,0,1.225358,3.081862,3.776385
8790,human,1,128,0,1.034805,4.297743,4.447327
8790,human,2,128,0,1.051763,5.488332,5.772427
8790,human,3,20,0,0.974334,7.194971,7.010303
8790,lm,0,108,0,1.211340,3.395371,4.112948
8791,human,0,13,0,1.023919,6.357784,6.509854
8791,lm,0,106,0,1.286403,3.089826,3.974763
8793,human,0,53,0,1.140016,4.641303,5.291160
8793,lm,0,90,0,1.223608,2.842937,3.478641
8796,human,0,128,0,1.077953,4.224861,4.554201
8796,human,1,52,0,1.071104,4.181570,4.478897
8796,lm,0,22,0,1.007829,6.000478,6.047457
8797,human,0,50,0,1.086212,6.008772,6.526798
8797,lm,0,10,0,1.007798,8.819937,8.888711
8798,human,0,44,0,1.088133,3.890777,4.233681
8798,lm,0,128,0,1.286497,3.671658,4.723577
8798,lm,1,32,0,1.130274,4.024394,4.548667
8799,human,0,128,0,1.234345,2.764461,3.412298
8799,human,1,16,0,1.029391,7.337757,7.553419
8799,lm,0,128,0,1.195708,3.409209,4.076417
8799,lm,1,48,0,0.997600,6.648148,6.632195
880,human,0,47,0,1.064256,4.343640,4.622744
880,lm,0,45,0,1.136471,3.379555,3.840766
8800,human,0,128,0,1.177694,2.602170,3.064561
8800,human,1,67,0,1.189753,3.204544,3.812617
8800,lm,0,41,0,1.109219,5.197376,5.765028
8801,human,0,128,0,1.090450,3.868875,4.218816
8801,human,1,86,0,1.091604,3.243604,3.540729
8801,lm,0,41,0,1.150413,3.699947,4.256467
8803,human,0,128,0,1.151253,3.988442,4.591705
8803,human,1,6,0,0.967819,11.706978,11.330232
8803,lm,0,13,0,1.060283,4.961502,5.260596
8805,human,0,31,0,1.112061,5.297657,5.891316
8805,lm,0,11,0,1.011025,7.751760,7.837221
8806,human,0,128,0,1.121607,4.546824,5.099752
8806,human,1,128,0,1.043553,5.822397,6.075977
8806,human,2,128,0,1.084219,3.930439,4.261458
8806,human,3,128,0,1.111765,4.915024,5.464350
8806,human,4,128,0,1.085658,5.504915,5.976457
8806,human,5,128,0,1.022997,5.025341,5.140908
8806,human,6,128,0,1.063962,4.513938,4.802658
8806,human,7,97,0,1.045333,6.223987,6.506139
8806,lm,0,36,0,1.129788,3.687321,4.165892
8807,human,0,20,0,1.038717,5.314076,5.519819
8807,lm,0,40,0,1.114075,5.633090,6.275683
8810,human,0,50,0,1.096562,5.274747,5.784088
8810,lm,0,40,0,1.066522,4.161556,4.438391
8812,human,0,80,0,1.137687,3.275284,3.726249
8812,lm,0,10,0,1.010505,4.118089,4.161348
8815,human,0,128,0,1.105802,4.544869,5.025723
8815,human,1,3,0,1.021132,10.843827,11.072976
8815,lm,0,27,0,1.083353,4.569111,4.949961
8817,human,0,88,0,1.173840,4.037189,4.739013
8817,lm,0,111,0,1.149495,3.621841,4.163287
882,human,0,128,0,1.090835,4.806983,5.243625
882,human,1,6,0,1.025955,6.761119,6.936606
882,lm,0,90,0,1.078942,3.398252,3.666516
8820,human,0,31,0,1.134333,4.855357,5.507593
8820,lm,0,34,0,1.207051,3.631379,4.383261
8822,human,0,128,0,1.100539,3.238872,3.564506
8822,lm,0,47,0,1.316121,3.808360,5.012263
8824,human,0,72,0,1.178446,4.302031,5.069710
8824,lm,0,128,0,1.225948,1.999290,2.451025
8824,lm,1,117,0,1.221658,3.222891,3.937270
8829,human,0,128,0,1.139916,3.796730,4.327955
8829,human,1,128,0,1.197554,2.869060,3.435855
8829,human,2,128,0,1.055082,4.339584,4.578618
8829,human,3,128,0,1.095741,3.914823,4.289632
8829,human,4,128,0,1.054346,4.061308,4.282025
8829,human,5,19,0,1.061194,5.594287,5.936622
8829,lm,0,76,0,1.109151,3.364693,3.731954
883,human,0,72,0,1.094309,4.540912,4.969158
883,lm,0,10,0,1.025648,5.636335,5.780895
8831,human,0,56,0,1.111399,4.050988,4.502262
8831,lm,0,66,0,1.295173,2.337200,3.027079
8832,human,0,128,0,1.278243,3.179675,4.064399
8832,human,1,18,0,1.018207,7.948450,8.093171
8832,lm,0,11,0,0.988269,9.981700,9.864604
8833,human,0,24,0,0.991737,7.022670,6.964645
8833,lm,0,73,0,1.199964,2.589384,3.107167
8834,human,0,104,0,1.107606,3.102613,3.436474
8834,lm,0,128,0,1.287998,2.788230,3.591236
8834,lm,1,54,0,1.225383,3.634013,4.453056
8835,human,0,128,0,1.412525,2.941927,4.155546
8835,lm,0,6,0,1.000805,7.360182,7.366103
8837,human,0,47,0,1.098112,4.756889,5.223595
8837,lm,0,18,0,1.011250,6.457180,6.529822
8838,human,0,112,0,1.104053,4.720023,5.211153
8838,lm,0,67,0,1.158810,4.031910,4.672218
884,human,0,20,0,1.032522,5.739681,5.926348
884,lm,0,27,0,1.100077,4.702427,5.173032
8840,human,0,126,0,1.189288,3.384851,4.025562
8840,lm,0,52,0,1.237172,3.335595,4.126704
8843,human,0,116,0,1.054048,4.518308,4.762514
8843,lm,0,105,0,1.126572,3.482151,3.922894
8845,human,0,128,0,1.202991,3.159021,3.800274
8845,human,1,128,0,1.109369,2.339780,2.595678
8845,human,2,128,0,1.264548,3.421403,4.326530
8845,human,3,128,0,1.138543,3.721073,4.236604
8845,human,4,128,0,1.176324,3.269659,3.846178
8845,human,5,47,0,1.062319,5.271497,5.600010
8845,lm,0,128,0,1.565155,1.764162,2.761186
8845,lm,1,38,0,1.033628,5.711156,5.903214
8846,human,0,128,0,1.061410,4.855864,5.154064
8846,human,1,6,0,1.003823,10.209754,10.248781
8846,lm,0,128,0,1.171373,3.022145,3.540057
8846,lm,1,128,0,1.296311,2.818933,3.654213
8846,lm,2,128,0,1.199117,2.540348,3.046174
8846,lm,3,46,0,1.137230,4.837499,5.501351
8849,human,0,128,0,1.145225,3.566913,4.084917
8849,human,1,128,0,1.061647,4.442032,4.715868
8849,human,2,10,0,1.053240,5.656614,5.957774
8849,lm,0,109,0,1.248700,2.586123,3.229293
8850,human,0,43,0,1.156973,3.388657,3.920586
8850,lm,0,21,0,1.040493,6.209560,6.461002
8851,human,0,103,0,1.070444,3.935904,4.213166
8851,lm,0,128,0,1.243683,3.562569,4.430708
8851,lm,1,79,0,1.104079,4.501520,4.970035
8852,human,0,128,0,1.129410,3.983883,4.499439
8852,human,1,86,0,1.066359,3.922627,4.182929
8852,lm,0,128,0,1.241298,2.810788,3.489026
8852,lm,1,128,0,1.192752,4.281735,5.107047
8852,lm,2,9,0,1.036478,6.684967,6.928818
8853,human,0,10,0,1.096913,3.524765,3.866362
8853,lm,0,15,0,1.255042,3.182096,3.993665
8857,human,0,128,0,1.115704,3.289796,3.670439
8857,human,1,46,0,1.170857,3.435427,4.022393
8857,lm,0,110,0,1.172054,2.714952,3.182069
8858,human,0,128,0,1.318026,2.360035,3.110587
8858,human,1,128,0,1.134634,3.727781,4.229667
8858,human,2,7,0,1.405846,3.713572,5.220711
8858,lm,0,38,0,1.143130,4.332294,4.952378
8863,human,0,128,0,1.159909,4.316366,5.006594
8863,human,1,125,0,1.056550,3.743139,3.954814
8863,lm,0,128,0,1.341048,3.296061,4.420175
8863,lm,1,38,0,0.972179,6.022764,5.855207
8864,human,0,109,0,1.188592,3.255589,3.869568
8864,lm,0,110,0,1.285790,2.379156,3.059095
8865,human,0,40,0,1.072670,6.795309,7.289127
8865,lm,0,11,0,1.009283,7.640311,7.711235
8866,human,0,128,0,1.164447,4.657601,5.423531
8866,human,1,86,0,1.092727,5.267347,5.755772
8866,lm,0,128,0,1.230862,2.729278,3.359365
8866,lm,1,15,0,1.014979,7.527641,7.640400
8868,human,0,128,0,1.168393,4.627720,5.406996
8868,human,1,128,0,1.166423,3.723009,4.342602
8868,human,2,1,0,1.000000,6.518804,6.518804
8868,lm,0,36,0,1.094976,5.368209,5.878063
8869,human,0,98,0,1.068466,4.581921,4.895626
8869,lm,0,57,0,1.192819,3.772047,4.499370
8871,human,0,128,0,1.235038,3.380642,4.175220
8871,human,1,9,0,0.983622,10.764866,10.588558
8871,lm,0,71,0,1.170566,3.051901,3.572453
8877,human,0,52,0,1.152247,3.904562,4.499018
8877,lm,0,24,0,1.064415,4.610105,4.907063
8879,human,0,128,0,1.249532,2.663369,3.327965
8879,human,1,87,0,1.085523,3.421412,3.714021
8879,lm,0,90,0,1.301013,2.867763,3.730996
8883,human,0,128,0,1.101518,4.473319,4.927439
8883,human,1,128,0,1.218797,3.943059,4.805788
8883,human,2,128,0,1.183577,4.135064,4.894168
8883,human,3,34,0,0.986954,9.846343,9.717884
8883,lm,0,20,0,1.177573,5.192781,6.114879
8884,human,0,128,0,1.159703,3.538907,4.104079
8884,human,1,128,0,1.233805,3.162597,3.902029
8884,human,2,128,0,1.182262,3.134095,3.705321
8884,human,3,110,0,1.131643,3.648114,4.128364
8884,lm,0,109,0,1.254396,2.910082,3.650396
8886,human,0,128,0,1.145225,3.981207,4.559376
8886,human,1,1,0,1.000000,6.138114,6.138114
8886,lm,0,55,0,1.179468,3.854880,4.546707
8890,human,0,78,0,1.133753,3.913986,4.437494
8890,lm,0,50,0,1.087524,4.031271,4.384105
8895,human,0,47,0,1.035722,4.720910,4.889552
8895,lm,0,10,0,0.994732,10.373472,10.318821
890,human,0,80,0,1.180727,3.531255,4.169448
890,lm,0,81,0,1.266690,2.433491,3.082479
8903,human,0,124,0,0.992609,5.086098,5.048507
8903,lm,0,42,0,1.131034,4.844968,5.479822
8904,human,0,124,0,1.189119,2.244685,2.669197
8904,lm,0,128,0,1.408878,2.004664,2.824326
8904,lm,1,128,0,1.179261,3.387598,3.994863
8904,lm,2,128,0,1.262478,2.421800,3.057468
8904,lm,3,2,0,1.065280,4.691731,4.998007
8911,human,0,21,0,1.006348,5.820159,5.857106
8911,lm,0,128,0,1.288407,1.652090,2.128565
8911,lm,1,12,0,1.019353,6.599422,6.727139
8914,human,0,30,0,1.110752,3.150750,3.499702
8914,lm,0,23,0,1.016743,5.694016,5.789351
8917,human,0,128,0,1.103947,4.139406,4.569686
8917,human,1,128,0,1.077382,4.320402,4.654723
8917,human,2,128,0,1.065914,4.395460,4.685182
8917,human,3,128,0,1.009888,4.519952,4.564647
8917,human,4,128,0,1.078353,5.229449,5.639190
8917,human,5,128,0,1.012343,5.595560,5.664626
8917,human,6,114,0,1.028797,4.838813,4.978155
8917,lm,0,128,0,1.264246,3.368985,4.259227
8917,lm,1,47,0,1.158325,4.688703,5.431044
892,human,0,44,0,1.105221,3.523651,3.894414
892,lm,0,117,0,1.462796,1.955267,2.860157
8924,human,0,71,0,1.080174,4.065502,4.391452
8924,lm,0,53,0,1.240283,4.270327,5.296414
8925,human,0,128,0,1.153569,3.525569,4.066987
8925,human,1,128,0,1.137658,4.048992,4.606367
8925,human,2,6,0,1.022380,5.390563,5.511206
8925,lm,0,47,0,1.081686,4.450447,4.813987
8927,human,0,91,0,1.226043,2.885377,3.537595
8927,lm,0,58,0,1.199639,2.663010,3.194649
8929,human,0,128,0,1.193474,2.683025,3.202119
8929,human,1,128,0,1.296595,2.539196,3.292308
8929,human,2,126,0,1.192702,2.550186,3.041613
8929,lm,0,121,0,1.158902,1.980756,2.295503
8930,human,0,128,0,1.183127,3.411319,4.036024
8930,human,1,114,0,1.153366,4.981138,5.745076
8930,lm,0,128,0,1.202358,3.608364,4.338547
8930,lm,1,49,0,1.064615,6.151909,6.549417
8934,human,0,114,0,1.249902,2.938465,3.672791
8934,lm,0,77,0,1.091572,3.680949,4.018022
8935,human,0,62,0,1.186834,4.395067,5.216214
8935,lm,0,32,0,1.124846,4.045494,4.550558
8937,human,0,29,0,1.074582,4.890971,5.255748
8937,lm,0,74,0,1.388195,2.349188,3.261131
8938,human,0,40,0,1.200035,3.998497,4.798337
8938,lm,0,24,0,1.097896,4.593044,5.042687
8941,human,0,128,0,1.062314,4.314821,4.583694
8941,human,1,128,0,1.062721,5.926452,6.298165
8941,human,2,32,0,0.959170,7.366802,7.066019
8941,lm,0,128,0,1.153711,3.914185,4.515839
8941,lm,1,58,0,0.970933,5.509971,5.349814
8943,human,0,128,0,1.123118,3.457819,3.883540
8943,human,1,128,0,1.131296,3.420232,3.869295
8943,human,2,45,0,1.044116,4.878757,5.093985
8943,lm,0,128,0,1.369467,3.354949,4.594491
8943,lm,1,128,0,1.186950,3.077699,3.653075
8943,lm,2,128,0,1.180841,2.508774,2.962463
8943,lm,3,75,0,1.126200,4.270316,4.809228
8948,human,0,128,0,1.232621,3.914561,4.825171
8948,human,1,37,0,1.115694,4.461537,4.977710
8948,lm,0,81,0,1.198929,3.554533,4.261634
8949,human,0,30,0,1.104666,4.802052,5.304665
8949,lm,0,39,0,1.208406,3.501358,4.231062
8950,human,0,128,0,1.218925,3.153766,3.844203
8950,human,1,20,0,1.039565,5.551177,5.770809
8950,lm,0,76,0,1.115921,4.172763,4.656475
8952,human,0,40,0,1.048642,6.210420,6.512505
8952,lm,0,34,0,1.043571,5.971344,6.231520
8955,human,0,28,0,1.065436,4.483685,4.777081
8955,lm,0,128,0,1.655228,1.390982,2.302393
8955,lm,1,128,0,1.501635,1.629329,2.446657
8955,lm,2,128,0,1.528033,1.403628,2.144790
8955,lm,3,3,0,1.138630,3.822849,4.352811
8956,human,0,128,0,1.123811,3.357616,3.773326
8956,human,1,128,0,1.060587,5.166732,5.479766
8956,human,2,96,0,1.076931,4.573240,4.925066
8956,lm,0,59,0,1.263960,3.874291,4.896947
8959,human,0,109,0,1.354118,2.202179,2.982011
8959,lm,0,128,0,1.315681,2.252677,2.963804
8959,lm,1,11,0,1.013117,5.904371,5.981822
8961,human,0,128,0,1.235007,2.471764,3.052646
8961,human,1,128,0,1.119397,3.203431,3.585910
8961,human,2,128,0,1.117170,3.662139,4.091232
8961,human,3,128,0,1.135082,4.588255,5.208047
8961,human,4,113,0,1.127008,3.925861,4.424477
8961,lm,0,128,0,1.224486,2.885564,3.533334
8961,lm,1,14,0,1.060237,5.619440,5.957938
8962,human,0,128,0,1.211837,3.336522,4.043321
8962,human,1,85,0,1.118816,4.563573,5.105797
8962,lm,0,22,0,1.033391,6.136155,6.341048
8966,human,0,128,0,1.063143,4.150931,4.413034
8966,human,1,128,0,1.047134,5.428658,5.684532
8966,human,2,60,0,1.151505,4.309375,4.962265
8966,lm,0,34,0,1.052515,5.602640,5.896864
897,human,0,107,0,1.210320,2.498971,3.024554
897,lm,0,11,0,1.056920,5.859038,6.192533
8971,human,0,128,0,1.043006,3.613796,3.769213
8971,human,1,101,0,1.069579,4.696834,5.023636
8971,lm,0,22,0,1.167481,3.865210,4.512559
8974,human,0,128,0,1.134242,3.305646,3.749404
8974,human,1,8,0,0.991604,5.319952,5.275286
8974,lm,0,128,0,1.375561,2.438518,3.354331
8974,lm,1,87,0,1.169369,4.288397,5.014717
8975,human,0,37,0,1.118849,3.549577,3.971442
8975,lm,0,66,0,1.350670,2.773718,3.746377
8977,human,0,23,0,0.992390,7.313074,7.257418
8977,lm,0,88,0,1.299315,2.895587,3.762281
8978,human,0,56,0,1.114344,4.579075,5.102664
8978,lm,0,51,0,1.170200,4.214534,4.931848
898,human,0,128,0,1.186631,3.772798,4.476917
898,human,1,128,0,1.055567,4.608987,4.865096
898,human,2,69,0,1.068228,5.498805,5.873975
898,lm,0,66,0,1.133058,4.037526,4.574752
8981,human,0,43,0,1.134447,4.056856,4.602290
8981,lm,0,80,0,1.329879,2.834674,3.769772
8983,human,0,73,0,1.204182,4.304541,5.183448
8983,lm,0,128,0,1.454256,1.038702,1.510539
8983,lm,1,45,0,1.120934,2.880196,3.228510
8985,human,0,24,0,1.089461,5.999563,6.536293
8985,lm,0,48,0,1.123935,4.184708,4.703339
8986,human,0,30,0,1.066854,5.900951,6.295454
8986,lm,0,57,0,1.072147,4.374954,4.690594
8989,human,0,11,0,1.052637,5.245818,5.521940
8989,lm,0,96,0,1.010727,4.914883,4.967604
8990,human,0,128,0,1.160174,2.899344,3.363744
8990,human,1,5,0,0.972487,11.617302,11.297676
8990,lm,0,128,0,1.316773,2.948416,3.882393
8990,lm,1,128,0,1.291241,2.934490,3.789133
8990,lm,2,10,0,1.083217,6.418825,6.952980
8991,human,0,128,0,1.193924,3.024638,3.611188
8991,human,1,61,0,1.228665,2.811100,3.453901
8991,lm,0,37,0,1.181390,2.970588,3.509422
8992,human,0,38,0,1.091152,4.904453,5.351503
8992,lm,0,85,0,1.346541,2.082302,2.803905
8993,human,0,128,0,1.225806,2.920465,3.579923
8993,human,1,128,0,1.089029,3.760657,4.095464
8993,human,2,65,0,1.067965,4.879405,5.211035
8993,lm,0,25,0,1.065883,5.078811,5.413419
8995,human,0,45,0,1.064013,5.246659,5.582515
8995,lm,0,128,0,1.226581,3.371243,4.135103
8995,lm,1,128,0,1.140484,4.217841,4.810379
8995,lm,2,10,0,0.971097,10.424232,10.122942
8998,human,0,128,0,1.243869,1.783014,2.217835
8998,human,1,21,0,1.065028,6.511256,6.934671
8998,lm,0,44,0,1.204985,4.273766,5.149825
90,human,0,128,0,1.211725,3.501585,4.242960
90,human,1,128,0,1.193729,2.586627,3.087731
90,human,2,113,0,1.132302,3.734448,4.228523
90,lm,0,128,0,1.417108,2.519305,3.570128
90,lm,1,128,0,1.194710,3.447196,4.118401
90,lm,2,103,0,1.221886,2.870790,3.507778
900,human,0,68,0,1.108378,3.686041,4.085529
900,lm,0,128,0,1.172985,3.296371,3.866595
900,lm,1,21,0,1.051417,6.145772,6.461772
9000,human,0,56,0,1.074959,5.307480,5.705323
9000,lm,0,128,0,1.334168,3.016379,4.024355
9000,lm,1,106,0,1.133386,3.372357,3.822181
903,human,0,52,0,1.062738,6.364066,6.763332
903,lm,0,17,0,1.107520,5.523513,6.117400
904,human,0,109,0,1.541833,1.821069,2.807786
904,lm,0,51,0,1.394659,2.963605,4.133217
906,human,0,76,0,1.143315,3.397039,3.883885
906,lm,0,27,0,1.059270,5.512675,5.839411
907,human,0,29,0,1.089591,4.740695,5.165420
907,lm,0,128,0,1.146761,3.651817,4.187761
907,lm,1,31,0,1.051133,4.629385,4.866100
909,human,0,14,0,0.969291,7.309226,7.084766
909,lm,0,128,0,1.375043,1.784350,2.453558
909,lm,1,128,0,1.317015,2.870831,3.780929
909,lm,2,105,0,1.205151,2.894696,3.488545
91,human,0,43,0,1.176904,3.546773,4.174210
91,lm,0,58,0,1.275596,3.362213,4.288826
911,human,0,40,0,1.048926,3.941145,4.133968
911,lm,0,28,0,1.136861,5.068281,5.761929
912,human,0,33,0,1.050036,6.155749,6.463759
912,lm,0,11,0,0.975534,8.440628,8.234119
916,human,0,96,0,1.277933,4.040454,5.163430
916,lm,0,19,0,1.023898,6.933109,7.098798
918,human,0,128,0,1.310938,2.637472,3.457562
918,human,1,128,0,1.264352,2.782107,3.517563
918,human,2,128,0,1.235766,3.651078,4.511879
918,human,3,34,0,1.115372,5.586069,6.230547
918,lm,0,128,0,1.444855,2.013900,2.909793
918,lm,1,12,0,1.091467,7.752972,8.462112
92,human,0,89,0,1.161903,3.427516,3.982443
92,lm,0,10,0,1.030159,6.754124,6.957820
920,human,0,128,0,1.210473,3.771858,4.565734
920,human,1,128,0,1.144760,2.821805,3.230290
920,human,2,128,0,1.055663,3.594411,3.794487
920,human,3,128,0,1.041118,4.689613,4.882440
920,human,4,16,0,0.963607,7.399209,7.129927
920,lm,0,128,0,1.298962,2.590095,3.364436
920,lm,1,128,0,1.133593,3.973732,4.504594
920,lm,2,51,0,1.126672,4.305874,4.851308
921,human,0,128,0,1.220783,2.842515,3.470095
921,human,1,128,0,1.549843,1.586803,2.459296
921,human,2,96,0,1.286766,2.461574,3.167469
921,lm,0,29,0,1.160689,4.692043,5.446001
922,human,0,50,0,1.113646,5.149339,5.734539
922,lm,0,128,0,1.163085,3.095628,3.600478
922,lm,1,128,0,1.238012,3.440843,4.259804
922,lm,2,104,0,1.110323,3.715755,4.125688
923,human,0,128,0,1.177550,3.786676,4.459002
923,human,1,128,0,1.222468,2.734511,3.342853
923,human,2,128,0,1.083106,4.269506,4.624330
923,human,3,128,0,1.115168,3.441429,3.837772
923,human,4,128,0,1.214831,3.773140,4.583727
923,human,5,105,0,1.061871,4.672255,4.961333
923,lm,0,128,0,1.155709,3.092698,3.574258
923,lm,1,128,0,1.090394,3.607035,3.933090
923,lm,2,128,0,1.271477,3.561456,4.528310
923,lm,3,1,0,1.000000,4.912943,4.912943
924,human,0,64,0,1.010122,4.638529,4.685482
924,lm,0,128,0,1.392127,2.080204,2.895907
924,lm,1,22,0,1.041121,4.672238,4.864365
925,human,0,66,0,1.123074,4.030107,4.526109
925,lm,0,10,0,1.017655,6.251416,6.361784
927,human,0,56,0,1.161267,3.697974,4.294335
927,lm,0,77,0,1.339214,2.738888,3.667957
929,human,0,58,0,1.223708,3.185272,3.897843
929,lm,0,11,0,1.080438,4.562982,4.930018
93,human,0,19,0,1.106613,4.732210,5.236724
93,lm,0,55,0,1.304564,3.410385,4.449064
930,human,0,29,0,1.035322,5.262936,5.448831
930,lm,0,63,0,1.285828,3.214664,4.133503
931,human,0,19,0,1.017910,7.257106,7.387081
931,lm,0,29,0,1.064966,5.224430,5.563843
932,human,0,42,0,1.157433,2.633363,3.047941
932,lm,0,128,0,1.404701,1.650888,2.319005
932,lm,1,46,0,1.174629,2.873682,3.375511
933,human,0,128,0,1.137107,3.646860,4.146871
933,human,1,9,0,0.997716,6.769552,6.754092
933,lm,0,12,0,1.043237,6.832962,7.128399
934,human,0,128,0,1.144472,4.059395,4.645863
934,human,1,128,0,1.149533,3.456463,3.973319
934,human,2,120,0,1.176392,3.759036,4.422100
934,lm,0,128,0,1.205822,4.333914,5.225928
934,lm,1,24,0,1.084986,5.396643,5.855280
938,human,0,74,0,1.155840,3.931376,4.544042
938,lm,0,21,0,1.141205,4.331828,4.943502
939,human,0,100,0,1.087573,3.672955,3.994608
939,lm,0,19,0,1.001857,6.387986,6.399852
94,human,0,71,0,1.229011,2.207728,2.713322
94,lm,0,128,0,1.396311,1.581698,2.208542
94,lm,1,91,0,1.180316,3.561478,4.203668
940,human,0,17,0,1.019971,7.844838,8.001509
940,lm,0,127,0,1.212309,3.664839,4.442916
942,human,0,73,0,1.037049,3.505625,3.635506
942,lm,0,60,0,1.136713,3.203248,3.641173
95,human,0,128,0,1.114963,3.651431,4.071210
95,human,1,128,0,1.073222,4.557904,4.891642
95,human,2,128,0,1.044431,5.250887,5.484191
95,human,3,128,0,1.114789,4.644810,5.177982
95,human,4,128,0,1.060998,4.431164,4.701457
95,human,5,103,0,1.105608,4.202734,4.646577
95,lm,0,128,0,1.216546,3.456790,4.205343
95,lm,1,128,0,1.203565,3.312285,3.986549
95,lm,2,27,0,1.012682,6.008150,6.084346
952,human,0,75,0,1.285013,1.958537,2.516745
952,lm,0,27,0,1.004878,6.222900,6.253254
953,human,0,128,0,1.111872,4.161300,4.626831
953,human,1,128,0,1.105604,4.218978,4.664518
953,human,2,128,0,1.016207,5.110809,5.193642
953,human,3,112,0,1.032838,3.706215,3.827921
953,lm,0,128,0,1.176633,3.756838,4.420418
953,lm,1,128,0,1.212279,3.807618,4.615896
953,lm,2,45,0,1.018763,6.834487,6.962726
956,human,0,16,0,1.039742,6.877360,7.150677
956,lm,0,18,0,1.004846,7.892164,7.930406
960,human,0,125,0,1.006544,5.350953,5.385969
960,lm,0,84,0,1.284670,2.909336,3.737537
961,human,0,106,0,1.259644,3.515399,4.428150
961,lm,0,10,0,0.995679,7.575447,7.542710
962,human,0,87,0,1.107730,3.795778,4.204698
962,lm,0,128,0,1.101417,4.745704,5.226997
962,lm,1,30,0,1.062035,7.015575,7.450787
964,human,0,128,0,1.135026,2.811686,3.191337
964,human,1,128,0,1.189118,2.902446,3.451352
964,human,2,128,0,1.268568,3.285087,4.167355
964,human,3,128,0,1.174700,3.142142,3.691076
964,human,4,88,0,1.038136,4.824754,5.008751
964,lm,0,8,0,1.012868,6.112005,6.190656
965,human,0,69,0,1.206719,3.317245,4.002983
965,lm,0,17,0,0.993204,5.805137,5.765683
968,human,0,128,0,1.131264,4.906090,5.550084
968,human,1,98,0,1.201857,3.498647,4.204874
968,lm,0,47,0,1.138348,4.081101,4.645715
969,human,0,106,0,1.062567,4.758382,5.056098
969,lm,0,15,0,1.095693,5.688413,6.232753
97,human,0,128,0,1.222194,2.533964,3.096997
97,human,1,128,0,1.191194,3.189203,3.798960
97,human,2,128,0,1.045621,5.103742,5.336580
97,human,3,87,0,1.132319,4.338790,4.912894
97,lm,0,108,0,1.316807,2.003609,2.638366
970,human,0,105,0,1.182207,2.533934,2.995635
970,lm,0,72,0,1.194687,2.959980,3.536248
971,human,0,49,0,1.193086,3.226124,3.849045
971,lm,0,13,0,1.036139,5.479062,5.677071
974,human,0,34,0,1.048792,5.298460,5.556984
974,lm,0,37,0,1.063026,5.349332,5.686481
976,human,0,78,0,1.175862,3.138139,3.690018
976,lm,0,128,0,1.221026,3.246339,3.963863
976,lm,1,56,0,1.265322,3.421105,4.328799
98,human,0,70,0,1.071348,3.792022,4.062573
98,lm,0,12,0,1.010204,7.240451,7.314336
980,human,0,108,0,1.180026,2.290260,2.702565
980,lm,0,19,0,1.064496,5.202958,5.538529
984,human,0,58,0,1.053690,4.973687,5.240726
984,lm,0,44,0,1.126490,4.147792,4.672445
985,human,0,128,0,1.336059,2.441327,3.261758
985,human,1,128,0,1.274354,3.224368,4.108988
985,human,2,128,0,1.288900,2.959274,3.814209
985,human,3,37,0,1.153760,4.116313,4.749240
985,lm,0,43,0,1.268647,3.285259,4.167833
986,human,0,46,0,1.128317,4.072664,4.595256
986,lm,0,28,0,1.061726,5.948695,6.315885
988,human,0,128,0,1.197951,3.102516,3.716663
988,human,1,17,0,0.980846,7.442102,7.299555
988,lm,0,20,0,1.009241,6.789412,6.852156
99,human,0,128,0,1.221311,2.436320,2.975503
99,human,1,110,0,1.089334,4.631855,5.045638
99,lm,0,113,0,1.372261,2.518170,3.455587
990,human,0,128,0,1.172028,2.845678,3.335214
990,human,1,39,0,1.048793,5.138235,5.388947
990,lm,0,71,0,1.123210,2.619830,2.942621
991,human,0,22,0,0.965909,6.272882,6.059037
991,lm,0,48,0,1.179157,3.284310,3.872716
994,human,0,92,0,1.129259,4.999483,5.645709
994,lm,0,50,0,1.290117,3.224471,4.159945
995,human,0,88,0,1.165736,3.683809,4.294347
995,lm,0,42,0,1.130494,3.911791,4.422257
996,human,0,87,0,1.084466,4.101264,4.447680
996,lm,0,91,0,1.107742,3.675844,4.071887
999,human,0,120,0,1.166111,3.924051,4.575880
999,lm,0,87,0,1.140234,4.196701,4.785222
9001,human,0,128,0,1.106274,3.585965,3.967061
9001,human,1,128,0,1.138658,2.397641,2.730093
9001,human,2,128,0,1.095390,3.726427,4.081890
9001,human,3,128,0,1.152916,2.796051,3.223610
9001,human,4,128,0,1.288556,2.896255,3.731987
9001,human,5,79,0,1.046823,3.752421,3.928122
9001,lm,0,108,0,1.273781,3.083858,3.928159
9002,human,0,85,0,1.106857,3.736873,4.136182
9002,lm,0,128,0,1.234893,3.327043,4.108542
9002,lm,1,55,0,1.088333,3.966944,4.317356
9003,human,0,128,0,1.299907,2.499305,3.248864
9003,human,1,67,0,1.096616,4.236217,4.645504
9003,lm,0,128,0,1.200156,2.871632,3.446407
9003,lm,1,80,0,1.134835,3.373427,3.828283
9004,human,0,128,0,1.179233,2.747529,3.239977
9004,human,1,128,0,1.156494,2.977256,3.443180
9004,human,2,21,0,1.097509,4.333038,4.755549
9004,lm,0,128,0,1.293848,3.002098,3.884257
9004,lm,1,128,0,1.152321,3.277599,3.776844
9004,lm,2,128,0,1.403772,1.919505,2.694548
9004,lm,3,36,0,1.058113,4.887484,5.171510
9005,human,0,128,0,1.199591,2.511128,3.012326
9005,human,1,104,0,1.077952,4.010610,4.323245
9005,lm,0,82,0,1.110897,4.411233,4.900426
9006,human,0,66,0,1.232094,3.256969,4.012891
9006,lm,0,21,0,1.060173,5.429842,5.756574
9007,human,0,87,0,1.392801,1.648284,2.295732
9007,lm,0,128,0,1.286709,2.247883,2.892372
9007,lm,1,45,0,1.141133,4.231545,4.828757
9008,human,0,128,0,1.165442,2.796641,3.259323
9008,human,1,128,0,1.288168,1.734367,2.234157
9008,human,2,128,0,1.192070,2.231899,2.660581
9008,human,3,128,0,1.165796,3.143564,3.664752
9008,human,4,62,0,1.080146,4.450634,4.807335
9008,lm,0,128,0,1.231995,4.338920,5.345528
9008,lm,1,102,0,1.233600,3.056564,3.770577
9009,human,0,128,0,1.075326,3.974592,4.273982
9009,human,1,128,0,1.300740,2.649767,3.446660
9009,human,2,128,0,1.088633,4.726708,5.145651
9009,human,3,128,0,1.055877,5.041773,5.323491
9009,human,4,128,0,1.050815,4.825074,5.070258
9009,human,5,27,0,1.078194,6.068838,6.543383
9009,lm,0,128,0,1.379761,3.029300,4.179710
9009,lm,1,128,0,1.291715,2.988366,3.860117
9009,lm,2,128,0,1.247840,3.332803,4.158806
9009,lm,3,128,0,1.188183,2.562741,3.045006
9009,lm,4,128,0,1.170871,3.929764,4.601248
9009,lm,5,35,0,1.088423,6.140438,6.683391
9010,human,0,122,0,1.102436,3.496234,3.854374
9010,lm,0,128,0,1.217561,4.117281,5.013042
9010,lm,1,128,0,1.250383,2.706865,3.384618
9010,lm,2,128,0,1.180794,2.867785,3.386263
9010,lm,3,14,0,1.021657,7.918903,8.090400
9011,human,0,13,0,1.022116,6.435593,6.577922
9011,lm,0,19,0,1.078465,6.238642,6.728159
9012,human,0,128,0,1.166763,3.211039,3.746522
9012,human,1,128,0,1.151323,3.622421,4.170575
9012,human,2,102,0,1.050859,4.798727,5.042787
9012,lm,0,128,0,1.825662,1.980998,3.616633
9012,lm,1,128,0,1.212623,2.932911,3.556514
9012,lm,2,54,0,1.063699,4.182469,4.448889
9013,human,0,128,0,1.095742,5.538597,6.068874
9013,human,1,128,0,1.163005,3.163381,3.679028
9013,human,2,128,0,1.031663,3.870768,3.993329
9013,human,3,128,0,1.204689,2.659791,3.204220
9013,human,4,4,0,1.068716,6.418406,6.859454
9013,lm,0,29,0,1.104475,4.131546,4.563189
9014,human,0,128,0,1.084847,4.938706,5.357742
9014,human,1,102,0,1.169297,3.812516,4.457964
9014,lm,0,65,0,1.314431,2.339649,3.075307
9015,human,0,128,0,1.162508,2.852188,3.315692
9015,human,1,106,0,1.207928,3.093053,3.736184
9015,lm,0,128,0,1.349638,2.890594,3.901256
9015,lm,1,128,0,1.184102,4.201802,4.975363
9015,lm,2,128,0,1.227392,4.061504,4.985059
9015,lm,3,114,0,1.265947,3.287134,4.161338
9016,human,0,100,0,1.425156,1.962165,2.796391
9016,lm,0,60,0,1.283354,3.225276,4.139169
9017,human,0,46,0,1.184010,1.727939,2.045897
9017,lm,0,18,0,1.064387,4.393740,4.676639
9018,human,0,67,0,1.359181,1.042958,1.417568
9018,lm,0,16,0,1.086927,5.402192,5.871788
