line_num,role,chunk_idx,n_tokens,low_conf,npr,orig_logrank,mean_p_logrank
1,human,0,44,0,1.469442,1.440740,2.117084
1,lm,0,124,0,1.845650,0.282823,0.521993
10,human,0,28,0,1.239099,0.848674,1.051591
10,lm,0,10,0,1.180969,2.050018,2.421008
100,human,0,37,0,1.228856,1.157509,1.422412
100,lm,0,7,0,1.065107,2.705886,2.882058
1000,human,0,49,0,1.350747,1.043026,1.408864
1000,lm,0,12,0,1.247130,1.143679,1.426315
1001,human,0,61,0,1.307070,0.984571,1.286903
1001,lm,0,107,0,1.633793,0.665855,1.087870
1002,human,0,90,0,1.494666,0.366673,0.548054
1002,lm,0,25,0,1.172572,0.553301,0.648785
1003,human,0,13,0,1.122092,0.979633,1.099239
1003,lm,0,14,0,1.136463,1.364480,1.550682
1004,human,0,67,0,1.896582,0.461379,0.875043
1004,lm,0,32,0,1.649780,0.568942,0.938629
1006,human,0,64,0,1.534961,0.541831,0.831689
1006,lm,0,50,0,1.676920,0.560377,0.939707
1007,human,0,66,0,1.572492,0.660976,1.039380
1007,lm,0,7,0,1.097828,2.330197,2.558156
1008,human,0,13,0,1.228069,0.676213,0.830436
1008,lm,0,4,0,1.238334,0.999388,1.237576
101,human,0,88,0,1.332443,0.935728,1.246804
101,lm,0,128,0,1.942991,0.335256,0.651399
101,lm,1,123,0,1.573067,0.463093,0.728476
1011,human,0,33,0,1.254662,0.635819,0.797738
1011,lm,0,18,0,1.316623,0.685988,0.903187
1012,human,0,31,0,1.221206,0.938544,1.146156
1012,lm,0,11,0,1.368592,0.511556,0.700112
1013,human,0,128,0,1.519651,0.413468,0.628327
1013,human,1,128,0,1.310985,0.809103,1.060721
1013,human,2,26,0,1.369007,0.929027,1.271844
1013,lm,0,128,0,2.277956,0.259157,0.590348
1013,lm,1,23,0,1.319272,0.819404,1.081017
1014,human,0,46,0,1.379598,0.771467,1.064314
1014,lm,0,35,0,1.523530,0.501417,0.763924
1015,human,0,128,0,1.266057,1.174049,1.486413
1015,human,1,128,0,1.234089,1.780236,2.196970
1015,human,2,128,0,1.149468,1.217604,1.399597
1015,human,3,70,0,1.109261,2.159628,2.395591
1015,lm,0,128,0,1.608480,0.614840,0.988958
1015,lm,1,10,0,1.036126,2.908006,3.013062
1016,human,0,87,0,1.558579,0.567833,0.885013
1016,lm,0,10,0,1.243639,1.053932,1.310710
1017,human,0,20,0,1.103250,1.544995,1.704516
1017,lm,0,16,0,1.178979,1.883915,2.221097
102,human,0,128,0,1.355438,0.886056,1.200994
102,human,1,95,0,1.266416,1.087905,1.377740
102,lm,0,81,0,1.658443,0.605058,1.003455
1021,human,0,128,0,1.220437,1.167354,1.424682
1021,human,1,128,0,1.276743,0.958561,1.223836
1021,human,2,128,0,1.423483,0.677019,0.963725
1021,human,3,128,0,2.159284,0.253875,0.548189
1021,human,4,128,0,1.487937,0.583785,0.868635
1021,human,5,128,0,1.148808,1.824713,2.096244
1021,human,6,68,0,1.385403,1.313266,1.819403
1023,human,0,128,0,1.378833,0.850460,1.172643
1023,human,1,128,0,1.204295,1.303972,1.570366
1023,human,2,50,0,1.414469,1.074528,1.519887
1023,lm,0,97,0,1.891859,0.457416,0.865367
1026,human,0,38,0,1.308222,1.186052,1.551619
1026,lm,0,19,0,1.165888,1.473042,1.717402
1027,human,0,111,0,1.488689,0.559413,0.832791
1027,lm,0,19,0,1.326247,0.549223,0.728405
1028,human,0,58,0,1.763889,0.730839,1.289119
1028,lm,0,15,0,1.181956,1.007051,1.190291
1030,human,0,128,0,1.430370,0.567721,0.812052
1030,human,1,128,0,1.238906,0.810633,1.004298
1030,human,2,128,0,1.346508,0.720840,0.970616
1030,human,3,44,0,1.277224,1.675286,2.139716
1030,lm,0,128,0,3.431068,0.088722,0.304411
1030,lm,1,128,0,2.663202,0.116472,0.310188
1030,lm,2,6,0,1.096798,4.563724,5.005482
1033,human,0,43,0,1.417829,0.539997,0.765624
1033,lm,0,21,0,1.437132,0.728408,1.046819
1038,human,0,128,0,1.313607,0.748746,0.983558
1038,human,1,128,0,1.253074,0.795098,0.996317
1038,human,2,34,0,1.174743,1.245905,1.463618
1038,lm,0,128,0,1.867345,0.315190,0.588569
1038,lm,1,4,0,0.964349,2.799828,2.700011
1039,human,0,35,0,1.333813,0.669915,0.893541
1039,lm,0,31,0,1.441678,0.807862,1.164677
104,human,0,84,0,1.603341,0.486028,0.779269
104,lm,0,43,0,1.218950,1.185512,1.445080
1040,human,0,128,0,1.564203,0.258054,0.403648
1040,human,1,1,0,1.000000,4.004251,4.004251
1040,lm,0,20,0,1.399788,0.536605,0.751133
1041,human,0,128,0,1.378171,0.532335,0.733649
1041,human,1,68,0,1.191356,1.033763,1.231580
1041,lm,0,128,0,2.845893,0.140159,0.398878
1041,lm,1,19,0,1.280352,0.971551,1.243927
1046,human,0,67,0,1.334321,1.001589,1.336441
1046,lm,0,11,0,1.078437,1.915316,2.065548
1047,human,0,77,0,1.230486,1.247667,1.535236
1047,lm,0,27,0,1.161422,1.658704,1.926455
105,human,0,53,0,1.227406,1.010370,1.240135
105,lm,0,11,0,1.058248,2.339339,2.475600
1051,human,0,87,0,1.468208,0.808394,1.186890
1051,lm,0,29,0,1.307848,1.016176,1.329004
1052,human,0,65,0,1.294791,0.955342,1.236968
1052,lm,0,44,0,1.498478,1.060109,1.588550
1054,human,0,128,0,1.416526,0.814351,1.153549
1054,human,1,128,0,1.425948,0.620281,0.884489
1054,human,2,47,0,1.358737,0.958363,1.302162
1054,lm,0,26,0,1.277531,0.914159,1.167867
1055,human,0,55,0,1.314766,1.201371,1.579522
1055,lm,0,79,0,1.536176,0.744231,1.143270
1056,human,0,103,0,1.389521,0.688870,0.957200
1056,lm,0,31,0,1.467671,0.816166,1.197863
1057,human,0,42,0,1.590058,0.509477,0.810098
1059,human,0,42,0,1.340941,0.874771,1.173017
1059,lm,0,11,0,1.162439,1.543853,1.794635
1063,human,0,126,0,1.235453,0.776648,0.959512
1063,lm,0,118,0,1.887879,0.388740,0.733895
1064,human,0,51,0,1.509867,0.458448,0.692195
1064,lm,0,20,0,1.451181,0.730212,1.059669
1066,human,0,125,0,1.440493,0.966504,1.392241
1066,lm,0,47,0,1.275721,1.354812,1.728362
1068,human,0,118,0,1.247819,0.944534,1.178608
1068,lm,0,17,0,1.170572,1.358561,1.590294
1069,human,0,36,0,1.392287,0.705677,0.982505
1069,lm,0,33,0,1.558240,0.480484,0.748710
107,human,0,116,0,1.110510,1.518663,1.686490
107,lm,0,128,0,0.984505,2.926831,2.881480
107,lm,1,128,0,0.916536,3.769419,3.454808
107,lm,2,81,0,0.912312,3.579470,3.265593
1070,human,0,67,0,1.200349,1.060203,1.272614
1070,lm,0,87,0,1.354048,0.622467,0.842850
1071,human,0,128,0,1.297508,1.005709,1.304916
1071,human,1,128,0,1.397694,0.626257,0.875316
1071,human,2,19,0,1.195527,1.510151,1.805426
1071,lm,0,128,0,1.747423,0.422832,0.738866
1071,lm,1,128,0,1.625068,0.753634,1.224706
1071,lm,2,108,0,1.393445,0.864364,1.204444
1073,human,0,32,0,1.269371,0.746907,0.948102
1073,lm,0,22,0,1.355175,0.764409,1.035908
1076,human,0,96,0,1.287101,1.051798,1.353770
1076,lm,0,32,0,1.536821,0.853245,1.311285
1077,human,0,128,0,1.613698,0.648558,1.046577
1077,human,1,3,0,1.581780,1.276214,2.018689
1077,lm,0,57,0,1.683648,0.591837,0.996445
1079,human,0,46,0,1.288341,0.527294,0.679335
1079,lm,0,62,0,2.043393,0.252207,0.515358
1081,human,0,128,0,1.610865,0.401439,0.646664
1081,human,1,1,0,1.000000,4.141603,4.141603
1081,lm,0,14,0,1.366894,0.666943,0.911640
1082,human,0,13,0,1.082867,1.911899,2.070332
1082,lm,0,12,0,1.130371,1.671456,1.889365
1083,human,0,128,0,1.265171,1.202796,1.521743
1083,human,1,128,0,1.258772,1.294160,1.629051
1083,human,2,128,0,1.204871,1.204400,1.451146
1083,human,3,128,0,1.299257,1.341824,1.743374
1083,human,4,128,0,1.152637,1.625336,1.873423
1083,human,5,128,0,1.253733,1.624904,2.037196
1083,human,6,110,0,1.265004,1.205397,1.524833
1083,lm,0,128,0,1.762196,0.605541,1.067082
1083,lm,1,128,0,1.845711,0.408300,0.753603
1083,lm,2,128,0,2.008950,0.368954,0.741210
1083,lm,3,128,0,1.807414,0.432106,0.780995
1083,lm,4,128,0,1.644908,0.504934,0.830571
1083,lm,5,128,0,1.984712,0.365549,0.725510
1083,lm,6,111,0,1.992649,0.450965,0.898614
1084,human,0,128,0,1.236539,1.061648,1.312770
1084,human,1,128,0,1.386379,0.943437,1.307962
1084,human,2,128,0,1.212543,1.270917,1.541042
1084,human,3,128,0,1.195082,1.384333,1.654392
1084,human,4,128,0,1.164046,1.147776,1.336064
1084,human,5,27,0,1.150698,1.592433,1.832410
1085,human,0,128,0,1.203337,0.997474,1.200297
1085,human,1,128,0,1.192622,1.242850,1.482250
1085,human,2,58,0,1.194500,1.298296,1.550814
1085,lm,0,42,0,1.404425,0.813882,1.143037
1086,human,0,128,0,1.339177,0.595523,0.797510
1086,human,1,121,0,1.258797,0.758875,0.955269
1086,lm,0,28,0,1.298500,0.920307,1.195019
109,human,0,104,0,1.388950,0.964916,1.340220
109,lm,0,36,0,1.518857,0.774925,1.177001
1090,human,0,64,0,1.474855,0.575743,0.849138
1090,lm,0,12,0,1.158499,1.340662,1.553156
1092,human,0,43,0,1.628400,0.368129,0.599462
1092,lm,0,25,0,1.573543,0.473899,0.745700
1093,human,0,128,0,2.148991,0.317315,0.681907
1093,human,1,45,0,1.348218,0.997287,1.344561
1093,lm,0,62,0,2.371550,0.371189,0.880294
1095,human,0,83,0,1.430320,0.648196,0.927127
1095,lm,0,21,0,1.469403,0.499184,0.733502
1096,human,0,128,0,1.297302,0.673239,0.873395
1096,human,1,128,0,1.222115,0.775388,0.947613
1096,human,2,6,0,1.071086,2.317549,2.482294
1096,lm,0,127,0,1.781631,0.290406,0.517397
1097,human,0,120,0,1.384899,0.677250,0.937923
1097,lm,0,10,0,1.147686,0.948026,1.088036
11,human,0,22,0,1.181038,1.191403,1.407093
11,lm,0,11,0,1.114584,1.883285,2.099079
110,human,0,35,0,1.568905,0.436329,0.684559
110,lm,0,128,0,2.817304,0.111572,0.314332
110,lm,1,58,0,1.723378,0.214023,0.368843
1100,human,0,106,0,1.392457,0.627475,0.873732
1100,lm,0,24,0,1.295475,0.961716,1.245879
1101,human,0,66,0,1.687241,0.822385,1.387561
1101,lm,0,13,0,1.237197,1.040526,1.287336
1104,human,0,124,0,1.486304,0.427288,0.635080
1104,lm,0,128,0,2.635970,0.164792,0.434387
1104,lm,1,128,0,1.817790,0.280355,0.509626
1104,lm,2,97,0,1.921374,0.239087,0.459376
1105,human,0,32,0,1.254237,1.315658,1.650148
1109,human,0,120,0,1.636898,0.463171,0.758163
1109,lm,0,34,0,1.608728,0.619569,0.996718
111,human,0,15,0,1.085395,1.295079,1.405673
111,lm,0,82,0,1.425211,0.509417,0.726027
1110,human,0,64,0,1.509665,0.537658,0.811683
1110,lm,0,10,0,1.118040,1.420361,1.588021
1111,human,0,55,0,1.256221,1.008549,1.266961
1111,lm,0,117,0,1.800841,0.356672,0.642310
1112,human,0,60,0,1.354087,0.620100,0.839670
1112,lm,0,46,0,1.375612,0.946431,1.301922
1113,human,0,128,0,1.204227,1.137947,1.370346
1113,human,1,29,0,1.114525,1.567367,1.746870
1113,lm,0,62,0,1.565878,0.660125,1.033676
1114,human,0,128,0,1.316918,0.535687,0.705456
1114,human,1,128,0,1.354081,0.683230,0.925149
1114,human,2,121,0,1.313437,1.022148,1.342527
1114,lm,0,6,0,1.172398,1.422811,1.668100
1117,human,0,128,0,1.345118,0.728393,0.979775
1117,human,1,128,0,1.387864,0.932272,1.293867
1117,human,2,128,0,1.155784,1.762957,2.037598
1117,human,3,14,0,1.364380,1.290977,1.761383
1117,lm,0,128,0,1.717544,0.193020,0.331521
1117,lm,1,27,0,1.424400,1.400554,1.994949
1120,human,0,128,0,1.207606,1.171385,1.414572
1120,human,1,128,0,1.244275,1.029732,1.281270
1120,human,2,76,0,1.237142,0.908704,1.124195
1120,lm,0,128,0,1.672391,0.396254,0.662691
1120,lm,1,23,0,1.190839,1.310660,1.560785
1123,human,0,120,0,1.475251,0.518941,0.765569
1123,lm,0,45,0,1.438658,0.650584,0.935968
1124,human,0,100,0,1.177374,1.374746,1.618591
1124,lm,0,10,0,1.168098,2.870228,3.352706
1125,human,0,106,0,1.423943,0.874796,1.245660
1125,lm,0,38,0,1.436987,1.230541,1.768272
1126,human,0,29,0,1.270584,0.895541,1.137861
1126,lm,0,13,0,1.159340,1.011039,1.172139
1129,human,0,33,0,1.712094,0.643996,1.102581
1129,lm,0,33,0,1.172290,1.006060,1.179394
113,human,0,32,0,1.327797,0.859465,1.141195
113,lm,0,36,0,1.745209,0.496588,0.866649
1130,human,0,61,0,1.351151,0.807728,1.091363
1130,lm,0,18,0,1.496465,0.774211,1.158581
1132,human,0,48,0,1.223862,1.018940,1.247042
1132,lm,0,19,0,1.235430,0.928835,1.147510
1133,human,0,27,0,1.221168,1.270430,1.551409
1133,lm,0,7,0,1.061987,2.449700,2.601550
1138,human,0,82,0,1.411009,0.801811,1.131362
1138,lm,0,128,0,2.008630,0.118617,0.238257
1138,lm,1,51,0,1.683972,0.237014,0.399125
1139,human,0,64,0,1.390404,0.725166,1.008274
1139,lm,0,66,0,2.054710,0.251399,0.516552
1141,human,0,128,0,1.445263,0.471143,0.680925
1141,human,1,13,0,1.200276,1.484608,1.781939
1141,lm,0,128,0,1.639253,0.399324,0.654593
1141,lm,1,60,0,1.566833,0.838728,1.314146
1142,human,0,32,0,1.209598,0.841854,1.018305
1142,lm,0,21,0,1.272295,1.233944,1.569941
1143,human,0,128,0,1.638042,0.422602,0.692240
1143,human,1,11,0,1.043461,2.348307,2.450367
1143,lm,0,35,0,1.473228,0.652085,0.960669
1144,human,0,12,0,1.085455,1.703108,1.848646
1144,lm,0,38,0,1.586253,0.800965,1.270533
1145,human,0,128,0,1.242533,0.948678,1.178764
1145,human,1,7,0,1.023540,3.896523,3.988247
1145,lm,0,128,0,1.425744,0.763200,1.088128
1145,lm,1,128,0,1.507763,0.703369,1.060514
1145,lm,2,128,0,1.550475,0.717702,1.112780
1145,lm,3,16,0,1.136011,1.888440,2.145288
1146,human,0,102,0,1.599997,0.563120,0.900990
1146,lm,0,57,0,1.809791,0.347521,0.628940
1147,human,0,48,0,1.183091,1.272442,1.505415
1147,lm,0,20,0,1.202763,1.222806,1.470745
1148,human,0,128,0,1.242661,0.751096,0.933357
1148,human,1,85,0,1.273114,0.971771,1.237175
1149,human,0,78,0,1.252168,0.750420,0.939652
1149,lm,0,40,0,1.609719,0.451051,0.726066
115,human,0,128,0,1.483114,0.627150,0.930135
115,human,1,39,0,1.392117,1.115807,1.553333
115,lm,0,107,0,2.113874,0.287621,0.607995
1150,human,0,41,0,1.409112,1.015111,1.430405
1150,lm,0,9,0,1.066883,1.751152,1.868275
1151,human,0,128,0,1.273909,0.759195,0.967145
1151,lm,0,105,0,2.040751,0.318842,0.650678
1152,human,0,55,0,1.417521,0.599536,0.849855
1152,lm,0,22,0,1.328672,1.214188,1.613258
1153,human,0,89,0,1.325806,0.890228,1.180270
1153,lm,0,128,0,1.675602,0.493477,0.826872
1153,lm,1,81,0,1.473510,0.632143,0.931469
1154,human,0,128,0,1.477565,0.922397,1.362902
1154,human,1,61,0,1.894811,0.721327,1.366777
1154,lm,0,84,0,1.664444,0.502279,0.836015
1156,human,0,128,0,1.253517,0.705909,0.884869
1156,human,1,124,0,1.276959,1.012192,1.292528
1156,lm,0,11,0,1.114401,1.634055,1.820993
1159,human,0,128,0,1.153745,1.071889,1.236687
1159,human,1,128,0,1.125065,1.187914,1.336480
1159,human,2,128,0,1.367983,0.799179,1.093263
1159,human,3,27,0,1.361115,1.584893,2.157222
1159,lm,0,12,0,1.184353,1.479928,1.752757
116,human,0,56,0,1.493282,0.754317,1.126408
116,lm,0,10,0,1.102139,2.104568,2.319527
1161,human,0,25,0,1.147878,1.327286,1.523563
1161,lm,0,7,0,1.045722,2.756762,2.882807
1162,human,0,128,0,1.200931,1.345881,1.616310
1162,human,1,128,0,1.300817,1.217762,1.584085
1162,human,2,128,0,1.186577,1.312482,1.557361
1162,human,3,128,0,1.066200,1.807749,1.927422
1162,human,4,128,0,1.312846,0.878500,1.153335
1162,human,5,128,0,1.302380,0.965676,1.257677
1162,human,6,95,0,1.531580,0.649028,0.994038
1162,lm,0,44,0,1.325103,1.025810,1.359305
1163,human,0,128,0,1.346942,0.914539,1.231831
1163,human,1,128,0,1.336766,1.023136,1.367694
1163,human,2,128,0,1.185396,1.022164,1.211669
1163,human,3,112,0,1.213258,1.179862,1.431477
1163,lm,0,128,0,1.475093,0.644864,0.951234
1163,lm,1,109,0,1.661504,0.470688,0.782050
1164,human,0,103,0,1.303599,1.091963,1.423481
1164,lm,0,9,0,0.960951,5.874931,5.645521
1166,human,0,63,0,1.298254,0.778428,1.010597
1166,lm,0,95,0,1.780078,0.560454,0.997651
1168,human,0,74,0,1.352623,0.794382,1.074500
1168,lm,0,10,0,1.156874,1.626854,1.882065
117,human,0,128,0,1.491713,0.746438,1.113472
117,human,1,128,0,1.426319,0.924631,1.318819
117,human,2,128,0,1.410521,0.830463,1.171386
117,human,3,128,0,1.423090,1.058675,1.506590
117,human,4,46,0,1.280739,1.007877,1.290827
117,lm,0,128,0,2.441368,0.271965,0.663967
117,lm,1,13,0,1.211906,1.546819,1.874600
1170,human,0,128,0,1.392577,0.584917,0.814542
1170,human,1,92,0,1.425517,0.666837,0.950587
1170,lm,0,128,0,2.617878,0.239251,0.626329
1170,lm,1,7,0,1.353919,1.503761,2.035970
1171,human,0,128,0,1.464674,0.602273,0.882133
1171,human,1,19,0,1.194560,1.591254,1.900849
1171,lm,0,46,0,1.428720,0.890016,1.271584
1174,human,0,128,0,1.577357,0.459563,0.724895
1174,human,1,128,0,1.527029,0.807053,1.232393
1174,human,2,124,0,1.400448,1.022496,1.431952
1174,lm,0,99,0,1.627545,0.496836,0.808623
1175,human,0,128,0,1.277861,0.831309,1.062297
1175,human,1,85,0,1.153243,1.076500,1.241466
1175,lm,0,64,0,1.676495,0.197351,0.330858
1177,human,0,52,0,1.439103,0.570251,0.820650
1177,lm,0,29,0,1.464758,0.840345,1.230902
1178,human,0,44,0,1.520648,0.503402,0.765496
1178,lm,0,14,0,1.419266,0.386800,0.548973
118,human,0,128,0,1.290482,0.765201,0.987478
118,human,1,68,0,1.277211,0.999805,1.276962
118,lm,0,85,0,1.391015,0.774289,1.077047
1180,human,0,25,0,1.328162,0.845774,1.123326
1180,lm,0,72,0,1.939093,0.484481,0.939454
1181,human,0,74,0,1.271041,0.854982,1.086718
1181,lm,0,73,0,1.672851,0.387520,0.648263
1182,human,0,64,0,1.276449,0.689321,0.879882
1182,lm,0,12,0,1.157529,1.679768,1.944380
1183,human,0,94,0,1.302025,0.749429,0.975775
1183,lm,0,11,0,1.201559,1.388040,1.667812
1184,human,0,31,0,1.259656,0.818989,1.031644
1184,lm,0,83,0,2.047451,0.359910,0.736899
1186,human,0,103,0,1.347518,0.871611,1.174511
1186,lm,0,24,0,1.282524,1.268762,1.627218
1188,human,0,86,0,1.689492,0.476771,0.805500
1188,lm,0,10,0,1.101134,2.391586,2.633455
1189,human,0,37,0,1.173104,1.459025,1.711588
1189,lm,0,73,0,1.597397,0.473588,0.756508
119,human,0,39,0,1.381593,0.838332,1.158234
119,lm,0,7,0,1.150107,1.485816,1.708847
1191,human,0,128,0,1.310351,0.795006,1.041737
1191,human,1,128,0,1.257771,1.253615,1.576761
1191,human,2,16,0,1.225698,2.836924,3.477211
1191,lm,0,85,0,1.657205,0.537775,0.891204
1193,human,0,128,0,1.576001,0.735432,1.159042
1193,human,1,128,0,1.207718,1.691985,2.043440
1193,human,2,59,0,1.264716,1.790325,2.264252
1193,lm,0,10,0,1.103140,2.453120,2.706135
1194,human,0,38,0,1.537693,0.588383,0.904753
1194,lm,0,59,0,1.701851,0.372682,0.634249
1195,human,0,128,0,1.542392,0.453845,0.700007
1195,human,1,103,0,1.278925,1.130942,1.446390
1195,lm,0,24,0,1.473326,0.956166,1.408744
1196,human,0,128,0,1.262257,0.934151,1.179138
1196,human,1,128,0,1.263015,0.963821,1.217320
1196,human,2,114,0,1.184507,1.073560,1.271640
1196,lm,0,128,0,1.514933,0.560365,0.848915
1196,lm,1,14,0,1.432129,2.419029,3.464360
1197,human,0,46,0,1.506540,0.524512,0.790198
1197,lm,0,50,0,1.787983,0.259153,0.463361
1199,human,0,56,0,1.921910,0.355654,0.683535
1199,lm,0,6,0,1.284912,0.581971,0.747781
12,human,0,43,0,1.537200,0.572230,0.879632
12,lm,0,21,0,1.391198,0.588908,0.819288
120,human,0,96,0,1.383502,0.749075,1.036347
120,lm,0,65,0,1.634792,0.528822,0.864515
1200,human,0,128,0,1.231511,1.116229,1.374649
1200,human,1,91,0,1.255822,0.976136,1.225853
1200,lm,0,128,0,1.488770,0.592624,0.882281
1200,lm,1,128,0,1.291304,1.018778,1.315552
1200,lm,2,36,0,1.051105,2.921617,3.070927
1201,human,0,58,0,1.676612,0.448848,0.752543
1201,lm,0,10,0,1.157012,1.891587,2.188588
1202,human,0,128,0,1.395501,0.856433,1.195154
1202,human,1,79,0,1.183159,1.396430,1.652198
1202,lm,0,100,0,1.717606,0.531023,0.912089
1203,human,0,77,0,1.328493,0.874594,1.161893
1203,lm,0,19,0,1.229115,1.452057,1.784745
1207,human,0,28,0,1.207260,0.870018,1.050338
1207,lm,0,44,0,1.562432,0.427668,0.668202
1209,human,0,74,0,1.520398,0.647526,0.984498
1209,lm,0,67,0,1.469563,0.573056,0.842141
121,human,0,128,0,1.666824,0.339203,0.565392
121,human,1,62,0,1.331690,0.811467,1.080622
121,lm,0,82,0,1.645222,0.373197,0.613993
1212,human,0,128,0,1.541102,0.567781,0.875008
1212,human,1,1,0,nan,nan,nan
1212,lm,0,128,0,2.119852,0.310234,0.657651
1212,lm,1,6,0,0.997604,4.706477,4.695201
1213,human,0,46,0,1.537604,0.361956,0.556545
1213,lm,0,10,0,1.157744,1.215438,1.407166
1214,human,0,79,0,1.402188,0.725646,1.017492
1214,lm,0,50,0,1.371478,0.822179,1.127600
1215,human,0,80,0,1.469104,0.617836,0.907665
1215,lm,0,6,0,1.057722,2.363045,2.499444
1216,human,0,22,0,1.218430,0.874719,1.065785
1216,lm,0,32,0,1.383883,0.880169,1.218051
1217,human,0,72,0,1.147942,0.903194,1.036815
1217,lm,0,92,0,1.557198,0.892130,1.389224
1218,human,0,128,0,1.280816,0.840863,1.076991
1218,human,1,128,0,1.242976,0.973312,1.209803
1218,human,2,128,0,1.230117,1.117419,1.374556
1218,human,3,4,0,0.936464,5.354200,5.014013
1218,lm,0,60,0,1.615546,0.684249,1.105435
1223,human,0,21,0,1.221555,1.151563,1.406697
1223,lm,0,128,0,1.995054,0.224433,0.447757
1223,lm,1,33,0,1.440801,1.522566,2.193714
1224,human,0,128,0,1.112009,1.002485,1.114773
1224,human,1,128,0,1.033713,1.398423,1.445567
1224,human,2,121,0,1.073299,1.266431,1.359258
1224,lm,0,128,0,1.873989,0.365453,0.684856
1224,lm,1,128,0,3.296002,0.142854,0.470846
1224,lm,2,128,0,2.341576,0.215589,0.504819
1224,lm,3,99,0,2.634624,0.205413,0.541187
1225,human,0,128,0,1.702999,0.527146,0.897730
1225,human,1,126,0,2.184387,0.316516,0.691394
1226,human,0,128,0,1.218945,0.868341,1.058460
1226,human,1,128,0,1.202884,1.188425,1.429537
1226,human,2,128,0,1.037027,2.121838,2.200404
1226,human,3,39,0,1.028832,2.565180,2.639139
1226,lm,0,25,0,1.155558,1.385698,1.601254
1227,human,0,45,0,1.250304,0.991814,1.240070
1227,lm,0,92,0,1.642795,0.377358,0.619922
1228,human,0,31,0,1.255434,1.050885,1.319317
1228,lm,0,30,0,1.506315,0.767156,1.155579
1229,human,0,13,0,1.118495,1.479303,1.654593
1229,lm,0,11,0,1.141916,1.223907,1.397599
1230,human,0,11,0,1.091670,1.618034,1.766359
1230,lm,0,7,0,1.260218,0.848560,1.069371
1234,human,0,53,0,1.677428,0.502146,0.842315
1234,lm,0,12,0,1.183253,1.636033,1.935841
1236,human,0,128,0,1.406719,0.682750,0.960438
1236,human,1,95,0,1.600843,0.614974,0.984476
1236,lm,0,53,0,1.429839,0.686970,0.982256
1237,human,0,7,0,1.231817,1.039427,1.280384
1237,lm,0,5,0,1.514826,0.441713,0.669118
1238,human,0,71,0,1.690526,0.486374,0.822229
1238,lm,0,30,0,1.575727,0.594209,0.936311
1239,human,0,31,0,1.308206,1.255865,1.642930
1239,lm,0,28,0,1.815332,0.734178,1.332776
1240,human,0,122,0,1.586500,0.592769,0.940428
1240,lm,0,128,0,1.864215,0.283797,0.529059
1240,lm,1,128,0,1.857058,0.317521,0.589655
1240,lm,2,56,0,1.740915,0.441306,0.768275
1241,human,0,110,0,1.396207,0.768830,1.073446
1241,lm,0,38,0,1.328989,0.933993,1.241267
1242,human,0,27,0,1.234112,1.376700,1.699002
1242,lm,0,29,0,1.238131,1.288938,1.595874
1244,human,0,128,0,1.473213,0.809057,1.191913
1244,human,1,128,0,1.297255,1.319871,1.712210
1244,human,2,128,0,1.495231,0.646504,0.966673
1244,human,3,1,0,nan,nan,nan
1244,lm,0,128,0,1.774140,0.429128,0.761333
1244,lm,1,10,0,1.122238,2.566967,2.880747
1245,human,0,128,0,1.441329,0.772070,1.112807
1245,human,1,70,0,1.263899,1.279266,1.616863
1245,lm,0,128,0,2.059444,0.164929,0.339663
1245,lm,1,128,0,2.868909,0.095630,0.274354
1245,lm,2,128,0,2.786382,0.095630,0.266462
1245,lm,3,73,0,2.362079,0.160366,0.378798
1246,human,0,46,0,1.717051,0.327400,0.562162
1246,lm,0,6,0,1.142397,0.963331,1.100507
1247,human,0,38,0,1.201288,0.993630,1.193635
1247,lm,0,128,0,2.082162,0.331625,0.690496
1247,lm,1,36,0,1.434757,0.747915,1.073076
1248,human,0,25,0,1.353221,0.424606,0.574585
1248,lm,0,98,0,2.127693,0.283117,0.602387
125,human,0,128,0,1.551194,0.311339,0.482947
125,human,1,67,0,1.292442,0.627249,0.810683
1251,human,0,128,0,1.511055,0.558226,0.843510
1251,human,1,33,0,1.127930,1.835410,2.070214
1251,lm,0,63,0,2.241738,0.268773,0.602519
1252,human,0,128,0,1.406796,0.752919,1.059204
1252,human,1,128,0,1.150245,1.497699,1.722721
1252,human,2,67,0,1.215025,1.670913,2.030201
1252,lm,0,37,0,1.504914,0.653142,0.982922
1253,human,0,82,0,1.234841,1.172933,1.448385
1253,lm,0,13,0,1.107030,2.166933,2.398860
1255,human,0,61,0,1.269547,0.992924,1.260563
1255,lm,0,37,0,1.265384,0.940808,1.190482
1256,human,0,128,0,1.369600,0.762310,1.044060
1256,human,1,128,0,1.492058,0.558585,0.833440
1256,human,2,128,0,1.601358,0.470527,0.753482
1256,human,3,22,0,1.159157,1.353118,1.568477
1256,lm,0,11,0,1.186692,0.910514,1.080500
1257,human,0,128,0,1.305422,0.773426,1.009647
1257,human,1,80,0,1.281167,0.901139,1.154509
1257,lm,0,128,0,2.251237,0.185142,0.416799
1257,lm,1,15,0,1.435947,1.153435,1.656271
1258,human,0,128,0,1.316045,0.814833,1.072357
1258,human,1,128,0,1.162831,1.684213,1.958454
1258,human,2,128,0,1.140204,1.407415,1.604740
1258,human,3,90,0,1.269318,1.239220,1.572965
1258,lm,0,44,0,1.721107,0.653905,1.125441
1259,human,0,128,0,1.425426,0.451215,0.643173
1259,human,1,4,0,1.044990,1.499921,1.567401
1259,lm,0,14,0,1.317857,0.733105,0.966128
126,human,0,21,0,1.407621,0.681366,0.959106
126,lm,0,11,0,1.352406,0.526504,0.712047
1260,human,0,39,0,1.274897,1.035166,1.319729
1260,lm,0,21,0,1.213233,1.199744,1.455568
1263,human,0,47,0,1.218930,1.167338,1.422904
1263,lm,0,51,0,1.422283,0.883215,1.256181
1265,human,0,128,0,1.972498,0.330033,0.650989
1265,human,1,128,0,1.745058,0.420027,0.732971
1265,human,2,7,0,1.482163,1.071923,1.588764
1265,lm,0,128,0,2.509017,0.090417,0.226859
1265,lm,1,97,0,2.717858,0.086888,0.236150
1266,human,0,128,0,1.140935,1.291843,1.473909
1266,human,1,128,0,1.301817,0.850113,1.106692
1266,human,2,52,0,1.210286,1.400936,1.695534
1266,lm,0,47,0,1.346852,0.874628,1.177995
1267,human,0,30,0,1.613814,0.733764,1.184159
1267,lm,0,28,0,1.931158,0.693860,1.339953
1268,human,0,21,0,1.168714,1.104349,1.290668
1268,lm,0,30,0,1.393357,0.573045,0.798456
127,human,0,15,0,1.234763,1.048688,1.294881
127,lm,0,29,0,1.410988,0.694688,0.980196
1270,human,0,128,0,1.337746,0.547522,0.732446
1270,human,1,19,0,1.097545,1.531027,1.680372
1270,lm,0,49,0,1.467615,1.017349,1.493076
1271,human,0,128,0,1.510389,0.748571,1.130634
1271,human,1,108,0,1.282481,1.426466,1.829416
1271,lm,0,38,0,1.603407,0.804108,1.289312
1272,human,0,116,0,1.478224,0.841008,1.243198
1272,lm,0,63,0,1.560099,0.738452,1.152059
1274,human,0,91,0,1.695429,0.517141,0.876776
1274,lm,0,60,0,1.940882,0.512538,0.994776
1277,human,0,78,0,1.343566,0.873180,1.173175
1277,lm,0,11,0,1.035145,2.734095,2.830185
128,human,0,69,0,1.467840,0.748544,1.098742
128,lm,0,43,0,1.366633,0.624686,0.853717
1280,human,0,121,0,1.344663,0.803761,1.080788
1280,lm,0,45,0,1.555496,0.579035,0.900687
1281,human,0,18,0,1.116606,1.032880,1.153320
1281,lm,0,18,0,1.241359,0.792448,0.983713
1282,human,0,128,0,1.225797,1.024350,1.255645
1282,human,1,22,0,1.063289,2.608599,2.773694
1282,lm,0,26,0,1.166440,1.405910,1.639910
1284,human,0,75,0,1.209075,1.145679,1.385212
1284,lm,0,10,0,1.239882,1.086088,1.346621
1285,human,0,57,0,1.402765,0.744420,1.044247
1285,lm,0,128,0,2.929895,0.069465,0.203526
1285,lm,1,128,0,1.824757,0.141002,0.257294
1285,lm,2,33,0,1.411392,0.341440,0.481905
1286,human,0,128,0,1.187732,1.157857,1.375224
1286,human,1,40,0,1.116983,1.187397,1.326302
1286,lm,0,99,0,2.167561,0.212987,0.461663
1288,human,0,128,0,1.503834,0.753420,1.133018
1288,human,1,123,0,1.204420,0.663841,0.799543
1288,lm,0,128,0,1.930452,0.258386,0.498802
1288,lm,1,74,0,1.469731,0.480129,0.705660
129,human,0,128,0,1.221879,1.049484,1.282343
129,human,1,128,0,1.215131,1.257908,1.528523
129,human,2,128,0,1.158199,1.673699,1.938475
129,human,3,88,0,1.326256,0.888738,1.178694
129,lm,0,44,0,1.821782,0.670797,1.222045
1290,human,0,53,0,1.090131,1.792759,1.954343
1290,lm,0,10,0,1.075619,2.137683,2.299333
1294,human,0,66,0,1.336548,1.159356,1.549535
1294,lm,0,11,0,1.063261,1.719327,1.828093
1296,human,0,128,0,1.571657,0.535989,0.842390
1296,human,1,42,0,1.170115,1.232582,1.442262
1296,lm,0,12,0,1.146737,1.611952,1.848486
1297,human,0,128,0,1.235020,1.393397,1.720874
1297,human,1,128,0,1.180984,1.636036,1.932133
1297,human,2,128,0,1.487509,0.807121,1.200600
1297,human,3,128,0,1.289875,1.228138,1.584144
1297,human,4,128,0,1.607705,0.767021,1.233143
1297,human,5,128,0,1.278717,1.149985,1.470505
1297,human,6,88,0,1.289927,1.340962,1.729743
1297,lm,0,43,0,1.698641,0.685803,1.164932
1299,human,0,128,0,1.266840,0.658630,0.834379
1299,lm,0,78,0,1.231572,1.659783,2.044142
130,human,0,60,0,1.751450,0.589010,1.031621
130,lm,0,23,0,1.528083,0.803940,1.228486
1300,human,0,107,0,1.380155,0.597848,0.825122
1300,lm,0,6,0,1.103454,1.153095,1.272387
1302,human,0,38,0,1.248796,1.110389,1.386650
1302,lm,0,7,0,1.067740,2.463999,2.630910
1303,human,0,128,0,1.429248,0.836509,1.195579
1303,human,1,34,0,1.212247,1.866105,2.262180
1303,lm,0,65,0,1.896682,0.313121,0.593890
1304,human,0,42,0,1.353572,0.763161,1.032994
1304,lm,0,54,0,1.593412,0.535910,0.853926
1305,human,0,97,0,1.940041,0.309330,0.600113
1305,lm,0,82,0,2.069575,0.330602,0.684205
1306,human,0,80,0,1.415841,0.469130,0.664214
1306,lm,0,82,0,2.483997,0.219124,0.544302
1307,human,0,44,0,1.953160,0.530854,1.036843
1307,lm,0,16,0,1.468853,0.697106,1.023947
1308,human,0,128,0,1.414600,0.884250,1.250860
1308,human,1,48,0,1.316499,0.710708,0.935646
1308,lm,0,36,0,1.480156,0.883592,1.307853
1309,human,0,102,0,1.436546,1.035813,1.487992
1309,lm,0,20,0,1.310850,1.685091,2.208902
131,human,0,55,0,1.303429,1.090185,1.420979
131,lm,0,71,0,1.308553,1.034132,1.353217
1311,human,0,128,0,1.590879,0.494647,0.786923
1311,human,1,128,0,1.472480,0.717375,1.056320
1311,human,2,13,0,1.093691,4.033261,4.411143
1311,lm,0,120,0,1.981489,0.471446,0.934165
1313,human,0,110,0,1.239932,0.948969,1.176657
1313,lm,0,24,0,1.305365,1.150931,1.502385
1314,human,0,12,0,1.054045,1.657174,1.746736
1314,lm,0,39,0,1.401931,0.724282,1.015393
1315,human,0,128,0,1.470717,0.745719,1.096742
1315,human,1,40,0,1.391516,1.531632,2.131290
1315,lm,0,69,0,1.727313,0.546917,0.944698
1317,human,0,30,0,1.274615,1.186125,1.511853
1317,lm,0,30,0,1.630553,0.887549,1.447196
1318,human,0,128,0,1.240154,0.964058,1.195581
1318,human,1,1,0,1.000000,0.902683,0.902683
1318,lm,0,42,0,1.485378,1.064533,1.581234
1319,human,0,128,0,1.285381,1.057753,1.359616
1319,human,1,6,0,1.057285,1.171188,1.238279
1319,lm,0,35,0,1.366637,0.901755,1.232372
132,human,0,128,0,1.445292,0.727276,1.051126
132,human,1,58,0,1.250862,1.116419,1.396486
132,lm,0,11,0,1.088475,1.918342,2.088068
1320,human,0,128,0,1.307174,0.937536,1.225522
1320,human,1,29,0,1.134435,1.873427,2.125281
1320,lm,0,56,0,1.493023,0.482114,0.719806
1322,human,0,128,0,1.363660,0.739800,1.008835
1322,human,1,40,0,1.385387,0.647524,0.897072
1322,lm,0,81,0,1.567875,0.607603,0.952646
1323,human,0,117,0,1.481898,0.671587,0.995224
1323,lm,0,86,0,1.695820,0.663401,1.125008
1324,human,0,73,0,1.406171,0.884770,1.244137
1324,lm,0,58,0,1.687393,0.563815,0.951378
1325,human,0,128,0,1.378632,0.744946,1.027006
1325,human,1,96,0,1.408380,0.625491,0.880929
1325,lm,0,128,0,1.809246,0.344235,0.622806
1325,lm,1,35,0,1.377597,0.938088,1.292307
1327,human,0,31,0,1.116294,1.396928,1.559382
1327,lm,0,7,0,1.018893,2.861708,2.915775
1328,human,0,128,0,1.277961,1.239838,1.584464
1328,human,1,128,0,1.244968,0.941146,1.171697
1328,human,2,128,0,1.200884,1.123117,1.348733
1328,human,3,105,0,1.330391,0.896611,1.192844
1328,lm,0,19,0,1.149189,1.588829,1.825865
1329,human,0,34,0,1.382840,0.956723,1.322995
1329,lm,0,10,0,1.279855,0.758885,0.971263
133,human,0,52,0,1.246741,1.019634,1.271219
133,lm,0,45,0,1.391508,1.263206,1.757761
1334,human,0,93,0,1.984918,0.240440,0.477254
1334,lm,0,33,0,1.899461,0.281197,0.534123
1335,human,0,128,0,1.426160,0.645844,0.921077
1335,human,1,100,0,1.427944,0.763314,1.089970
1335,lm,0,33,0,1.619493,0.799531,1.294835
1336,human,0,55,0,1.491240,0.710590,1.059660
1336,lm,0,26,0,1.695676,0.547585,0.928528
1338,human,0,45,0,1.406267,0.828888,1.165638
1338,lm,0,10,0,1.083595,1.990996,2.157434
1339,human,0,111,0,1.691843,0.792377,1.340578
1339,lm,0,52,0,1.861509,0.663978,1.236001
134,human,0,85,0,1.378626,0.855894,1.179957
134,lm,0,51,0,1.558099,0.606737,0.945356
1340,human,0,79,0,1.430311,0.743733,1.063770
1340,lm,0,10,0,1.186043,2.009982,2.383926
1345,human,0,52,0,1.398478,0.881729,1.233078
1345,lm,0,10,0,1.109401,2.243732,2.489200
1347,human,0,91,0,1.429293,0.624877,0.893132
1347,lm,0,128,0,2.105943,0.369762,0.778698
1347,lm,1,128,0,1.650368,0.578053,0.954001
1347,lm,2,117,0,1.860521,0.318199,0.592016
1348,human,0,128,0,1.625739,0.529536,0.860887
1348,human,1,128,0,1.969078,0.315019,0.620296
1348,human,2,128,0,1.352331,0.843843,1.141155
1348,human,3,128,0,1.309996,1.071707,1.403932
1348,human,4,128,0,1.243537,1.280657,1.592545
1348,human,5,128,0,1.298531,1.030572,1.338229
1348,human,6,20,0,1.297459,1.943970,2.522221
1348,lm,0,5,0,0.969850,5.866468,5.689592
1349,human,0,82,0,1.144717,1.389324,1.590383
1349,lm,0,14,0,1.142458,1.322403,1.510790
135,human,0,22,0,1.145423,1.534431,1.757573
135,lm,0,38,0,1.890814,0.627310,1.186127
1350,human,0,120,0,1.286035,1.199481,1.542575
1350,lm,0,94,0,1.647983,0.455109,0.750012
1351,human,0,18,0,1.168497,1.115099,1.302990
1351,lm,0,78,0,1.631322,0.414536,0.676241
1352,human,0,16,0,1.120226,1.189296,1.332280
1352,lm,0,7,0,1.049868,2.936077,3.082494
1353,human,0,63,0,1.608485,0.435359,0.700268
1353,lm,0,6,0,1.100451,0.991422,1.091011
1354,human,0,128,0,1.527875,0.827437,1.264220
1354,human,1,37,0,1.271325,0.711946,0.905114
1354,lm,0,37,0,1.491815,0.799503,1.192710
1356,human,0,92,0,1.599141,0.609374,0.974474
1356,lm,0,10,0,1.181795,2.568072,3.034934
1357,human,0,20,0,1.166142,1.907146,2.224003
1357,lm,0,128,0,2.535262,0.154323,0.391250
1357,lm,1,128,0,2.108510,0.202321,0.426595
1357,lm,2,128,0,1.924261,0.216702,0.416991
1357,lm,3,22,0,1.252909,1.358429,1.701989
1359,human,0,86,0,1.484684,0.691002,1.025920
1359,lm,0,126,0,1.612757,0.500775,0.807628
136,human,0,45,0,1.248717,0.826104,1.031571
136,lm,0,6,0,1.100901,2.141420,2.357492
1360,human,0,52,0,1.322903,0.961402,1.271842
1360,lm,0,100,0,1.693195,0.487553,0.825523
1361,human,0,102,0,1.285452,1.028554,1.322157
1361,lm,0,22,0,1.397282,0.877273,1.225798
1363,human,0,31,0,1.196421,1.337736,1.600496
1363,lm,0,22,0,1.484981,0.916928,1.361621
1364,human,0,128,0,1.348087,1.106214,1.491273
1364,human,1,128,0,1.349945,0.850071,1.147549
1364,human,2,128,0,1.350604,1.083260,1.463055
1364,human,3,3,0,1.069245,2.620707,2.802178
1364,lm,0,35,0,1.437032,1.331804,1.913845
1367,human,0,81,0,1.276878,1.129259,1.441926
1367,lm,0,15,0,1.452569,0.536651,0.779523
1368,human,0,128,0,1.343611,0.742347,0.997426
1368,human,1,128,0,1.294635,0.916842,1.186976
1368,human,2,128,0,1.246088,1.365348,1.701345
1368,human,3,128,0,1.209927,1.207134,1.460543
1368,human,4,42,0,1.204736,1.443959,1.739589
1368,lm,0,128,0,1.767526,0.497567,0.879463
1368,lm,1,128,0,1.728679,0.494059,0.854069
1368,lm,2,128,0,1.551250,0.566315,0.878497
1368,lm,3,128,0,1.566681,0.563944,0.883520
1368,lm,4,56,0,1.304888,1.344841,1.754868
1371,human,0,13,0,1.164446,1.111272,1.294016
1371,lm,0,7,0,1.052514,2.618385,2.755887
1372,human,0,57,0,1.328652,0.891948,1.185089
1372,lm,0,128,0,1.475548,0.841093,1.241073
1372,lm,1,124,0,1.350192,0.895155,1.208631
1373,human,0,128,0,1.439773,0.781967,1.125855
1373,human,1,128,0,1.457053,1.126148,1.640857
1373,human,2,107,0,1.420793,1.121788,1.593828
1373,lm,0,29,0,1.593079,0.769365,1.225659
1375,human,0,128,0,1.287662,0.761127,0.980074
1375,human,1,128,0,1.210158,0.971072,1.175151
1375,human,2,119,0,1.209919,0.901619,1.090885
1375,lm,0,50,0,1.207870,1.350335,1.631030
1378,human,0,128,0,1.547656,0.570335,0.882683
1378,human,1,7,0,1.090640,2.014724,2.197338
1378,lm,0,13,0,1.169836,1.698236,1.986659
138,human,0,29,0,1.307554,1.125095,1.471122
138,lm,0,10,0,1.113158,1.879139,2.091779
1380,human,0,128,0,1.466958,0.573383,0.841128
1380,human,1,43,0,1.478192,0.715801,1.058091
1380,lm,0,119,0,1.649358,0.594638,0.980771
1381,human,0,128,0,1.320290,0.654156,0.863675
1381,human,1,87,0,1.306534,0.556810,0.727491
1381,lm,0,87,0,1.718623,0.696734,1.197424
1382,human,0,128,0,1.175745,1.021671,1.201225
1382,human,1,103,0,1.274167,1.231342,1.568935
1382,lm,0,60,0,1.375140,0.854764,1.175421
1383,human,0,16,0,1.551632,0.490904,0.761702
1383,lm,0,16,0,1.549105,0.470174,0.728349
1384,human,0,86,0,1.288323,0.710063,0.914791
1388,human,0,80,0,1.294186,0.828723,1.072523
1388,lm,0,32,0,1.429356,0.496646,0.709883
1389,human,0,66,0,1.288714,0.629929,0.811798
1389,lm,0,6,0,1.059918,2.881606,3.054267
1391,human,0,88,0,1.435965,0.675481,0.969967
1391,lm,0,9,0,1.172767,1.330960,1.560905
1392,human,0,39,0,1.136185,0.885046,1.005577
1392,lm,0,13,0,1.292358,0.538998,0.696578
1393,human,0,17,0,1.200134,0.757445,0.909036
1393,lm,0,4,0,1.364201,0.801021,1.092753
1394,human,0,126,0,1.335810,0.614403,0.820725
1394,lm,0,9,0,0.974026,5.874931,5.722337
1395,human,0,6,0,1.129232,1.308585,1.477695
1395,lm,0,23,0,1.443711,0.513739,0.741691
1399,human,0,128,0,1.415656,0.765011,1.082993
1399,human,1,128,0,1.340485,0.890783,1.194082
1399,human,2,128,0,1.257137,1.212099,1.523775
1399,human,3,52,0,1.516718,1.000352,1.517252
1399,lm,0,54,0,1.633786,0.374949,0.612586
140,human,0,77,0,1.382727,0.910424,1.258868
140,lm,0,10,0,1.123905,1.733173,1.947921
1400,human,0,128,0,1.374156,0.979351,1.345781
1400,human,1,111,0,1.301972,0.957845,1.247087
1400,lm,0,128,0,1.667987,0.760739,1.268903
1400,lm,1,128,0,1.421832,0.567546,0.806955
1400,lm,2,5,0,0.985602,4.348422,4.285813
1401,human,0,128,0,1.396988,0.815022,1.138577
1401,human,1,128,0,1.309116,0.984590,1.288943
1401,human,2,82,0,1.247320,1.124157,1.402184
1401,lm,0,24,0,1.185125,1.935891,2.294274
1402,human,0,128,0,1.305880,0.910190,1.188600
1402,human,1,128,0,1.286486,0.827014,1.063942
1402,human,2,128,0,1.303186,1.130875,1.473741
1402,human,3,128,0,1.187917,1.451768,1.724580
1402,human,4,128,0,1.328645,0.976430,1.297329
1402,human,5,128,0,1.308871,0.799196,1.046045
1402,human,6,128,0,1.123311,2.116688,2.377699
1402,human,7,128,0,1.173066,1.514295,1.776368
1402,human,8,56,0,1.130750,3.431841,3.880554
1402,lm,0,128,0,1.559482,0.576532,0.899091
1402,lm,1,89,0,1.442471,0.831770,1.199804
1404,human,0,68,0,1.493888,0.788957,1.178613
1404,lm,0,15,0,1.393393,0.622889,0.867929
1405,human,0,128,0,1.343343,0.845029,1.135164
1405,human,1,37,0,1.171608,1.199593,1.405453
1405,lm,0,42,0,1.459701,0.963239,1.406041
1406,human,0,128,0,1.276935,0.854368,1.090973
1406,human,1,128,0,1.288928,1.185802,1.528414
1406,human,2,50,0,1.354962,0.927562,1.256812
1406,lm,0,61,0,1.546682,0.504191,0.779823
1407,human,0,98,0,1.473069,0.691280,1.018303
1407,lm,0,26,0,1.263294,1.098335,1.387519
1408,human,0,35,0,1.293217,1.075498,1.390852
1408,lm,0,17,0,1.170811,1.747093,2.045516
1410,human,0,85,0,1.351818,0.700112,0.946424
1410,lm,0,6,0,1.071083,3.035150,3.250899
1411,human,0,128,0,1.468883,0.784359,1.152131
1411,human,1,128,0,1.522599,0.717977,1.093191
1411,human,2,128,0,1.313379,1.551515,2.037727
1411,human,3,128,0,1.424746,0.966792,1.377433
1411,human,4,90,0,1.240716,1.699549,2.108658
1411,lm,0,89,0,1.462695,0.781114,1.142532
1413,human,0,65,0,1.385235,0.694593,0.962175
1413,lm,0,92,0,2.228242,0.254223,0.566470
1414,human,0,30,0,1.233181,1.373852,1.694208
1414,lm,0,10,0,1.033637,2.294342,2.371516
1415,human,0,63,0,1.297331,0.744847,0.966314
1415,lm,0,56,0,1.275958,0.599527,0.764971
1417,human,0,69,0,1.700190,0.382106,0.649653
1417,lm,0,55,0,2.400151,0.226735,0.544198
1418,human,0,128,0,1.254025,0.897382,1.125339
1418,human,1,6,0,1.016940,2.434722,2.475965
1418,lm,0,128,0,2.434679,0.156287,0.380508
1418,lm,1,34,0,1.609468,0.642039,1.033341
1419,human,0,54,0,1.257540,0.572827,0.720353
1419,lm,0,44,0,1.633604,0.725187,1.184667
142,human,0,128,0,1.407855,0.589737,0.830265
142,human,1,27,0,1.482322,0.699781,1.037301
142,lm,0,11,0,1.243450,1.056811,1.314092
1421,human,0,103,0,1.356566,0.824118,1.117971
1421,lm,0,14,0,1.206534,0.880339,1.062159
1422,human,0,128,0,1.349700,0.907339,1.224636
1422,human,1,40,0,1.217643,1.737536,2.115699
1422,lm,0,42,0,1.597322,0.960184,1.533723
1423,human,0,128,0,1.333578,0.805283,1.073907
1423,human,1,128,0,1.269927,0.972609,1.235143
1423,human,2,128,0,1.303102,1.402917,1.828144
1423,human,3,128,0,1.282283,1.220274,1.564736
1423,human,4,128,0,1.260028,1.476064,1.859882
1423,human,5,71,0,1.389002,0.805547,1.118907
1423,lm,0,128,0,1.562271,0.619196,0.967352
1423,lm,1,128,0,1.284703,1.236968,1.589137
1423,lm,2,128,0,1.407721,1.095255,1.541813
1423,lm,3,128,0,1.431308,0.748068,1.070716
1423,lm,4,128,0,1.251577,1.067194,1.335675
1423,lm,5,128,0,1.496068,1.010493,1.511765
1423,lm,6,128,0,1.953027,0.271158,0.529579
1423,lm,7,27,0,1.178706,2.301567,2.712869
1428,human,0,13,0,1.231148,1.121628,1.380890
1428,lm,0,77,0,1.784463,0.432787,0.772292
1429,human,0,128,0,1.362364,0.567619,0.773304
1429,human,1,39,0,1.186445,1.313296,1.558153
1429,lm,0,44,0,1.812835,0.363314,0.658629
1435,human,0,128,0,1.289511,0.938886,1.210703
1435,human,1,88,0,1.375023,1.024232,1.408342
1435,lm,0,34,0,1.378053,0.874302,1.204834
1438,human,0,99,0,1.426314,0.565847,0.807075
1438,lm,0,18,0,1.405482,0.387487,0.544606
1441,human,0,47,0,1.228618,1.536777,1.888112
1441,lm,0,11,0,1.139293,2.229766,2.540357
1442,human,0,91,0,1.334087,0.766351,1.022379
1442,lm,0,103,0,1.884103,0.285275,0.537487
1444,human,0,128,0,1.255050,0.805284,1.010672
1444,human,1,12,0,1.366680,1.457657,1.992151
1444,lm,0,128,0,1.613811,0.484124,0.781284
1444,lm,1,6,0,1.016490,3.019948,3.069748
1445,human,0,128,0,1.338505,0.852320,1.140835
1445,human,1,39,0,1.192495,1.024212,1.221368
1445,lm,0,114,0,1.568437,0.661834,1.038045
1448,human,0,39,0,1.744344,0.638927,1.114508
1448,lm,0,23,0,1.646887,0.641548,1.056557
1449,human,0,87,0,1.481933,0.710553,1.052992
1449,lm,0,10,0,1.176055,2.108043,2.479175
145,human,0,48,0,1.346967,0.631224,0.850238
145,lm,0,42,0,1.369429,1.369314,1.875177
1450,human,0,128,0,1.491505,1.049783,1.565757
1450,human,1,128,0,1.439549,0.930779,1.339902
1450,human,2,33,0,1.298361,1.321087,1.715247
1450,lm,0,83,0,1.610892,0.759332,1.223202
1451,human,0,54,0,1.263337,0.958341,1.210708
1452,human,0,14,0,1.209981,1.125075,1.361320
1452,lm,0,7,0,1.114732,1.264692,1.409793
1453,human,0,128,0,1.494770,0.623146,0.931460
1453,human,1,16,0,1.177672,1.712096,2.016288
1453,lm,0,53,0,1.725210,0.511686,0.882765
1456,human,0,128,0,1.392592,0.617300,0.859647
1456,human,1,43,0,1.195607,1.508841,1.803980
1456,lm,0,34,0,1.452407,1.265009,1.837308
1457,human,0,125,0,1.362872,0.523821,0.713901
1457,lm,0,90,0,1.560679,0.484084,0.755500
1458,human,0,39,0,1.234969,1.169731,1.444581
1458,lm,0,19,0,1.126561,1.406950,1.585015
1460,human,0,41,0,1.693362,0.323752,0.548230
1460,lm,0,71,0,2.072479,0.206513,0.427994
1465,human,0,37,0,1.341750,0.905629,1.215128
1465,lm,0,78,0,1.669562,0.375526,0.626964
1466,human,0,57,0,1.559839,0.869154,1.355740
1466,lm,0,31,0,1.617405,0.772603,1.249611
1467,human,0,93,0,1.473536,0.642975,0.947447
1467,lm,0,20,0,1.348916,0.873423,1.178175
1468,human,0,21,0,1.160350,0.939357,1.089983
1468,lm,0,7,0,1.235882,0.697051,0.861473
1469,human,0,14,0,1.216117,0.540068,0.656785
1469,lm,0,8,0,1.462777,0.302134,0.441954
1470,human,0,128,0,1.204105,0.610782,0.735446
1470,human,1,128,0,1.556991,0.491664,0.765517
1470,human,2,66,0,1.319514,1.204423,1.589254
1470,lm,0,56,0,1.881083,0.312629,0.588081
1471,human,0,128,0,1.478327,0.522871,0.772975
1471,human,1,6,0,0.979789,2.760705,2.704908
1471,lm,0,64,0,1.687315,0.433955,0.732219
1472,human,0,28,0,1.156231,1.473952,1.704228
1472,lm,0,128,0,1.635231,0.399649,0.653519
1472,lm,1,128,0,1.213761,1.048734,1.272913
1472,lm,2,32,0,1.445862,0.775201,1.120834
1473,human,0,16,0,1.192431,0.923870,1.101651
1473,lm,0,87,0,1.860148,0.391520,0.728285
1476,human,0,128,0,1.327839,0.767571,1.019211
1476,human,1,128,0,1.012672,1.799693,1.822498
1476,human,2,128,0,0.955280,1.662778,1.588418
1476,human,3,47,0,1.471141,1.254420,1.845429
1476,lm,0,128,0,2.063524,0.204245,0.421465
1476,lm,1,128,0,2.285452,0.246687,0.563792
1476,lm,2,44,0,1.651449,0.757408,1.250820
1478,human,0,128,0,1.489250,0.699909,1.042339
1478,human,1,128,0,1.145142,1.931674,2.212041
1478,human,2,11,0,1.041830,3.233740,3.369007
1478,lm,0,38,0,1.149833,1.587813,1.825721
1479,human,0,86,0,1.721617,0.327978,0.564652
1479,lm,0,87,0,1.666088,0.389528,0.648988
148,human,0,128,0,1.334593,0.751106,1.002421
148,human,1,128,0,1.253753,1.052774,1.319918
148,human,2,29,0,1.147771,2.421287,2.779083
148,lm,0,30,0,1.529705,0.874679,1.338001
1480,human,0,128,0,1.265952,0.977277,1.237185
1480,human,1,114,0,1.290755,0.772402,0.996982
1480,lm,0,128,0,2.228308,0.181960,0.405463
1480,lm,1,128,0,1.948055,0.195473,0.380792
1480,lm,2,80,0,1.641574,0.333209,0.546987
1481,human,0,128,0,1.286378,0.999285,1.285459
1481,human,1,93,0,1.514832,0.689724,1.044817
1481,lm,0,51,0,1.365847,0.704004,0.961561
1482,human,0,71,0,1.706437,0.409789,0.699280
1482,lm,0,11,0,1.149835,1.634766,1.879712
1484,human,0,75,0,1.539068,0.520939,0.801761
1484,lm,0,23,0,1.549168,0.700687,1.085481
1485,human,0,65,0,1.195839,1.029989,1.231701
1485,lm,0,10,0,1.086401,2.379050,2.584602
1486,human,0,122,0,1.559490,0.512492,0.799226
1486,lm,0,128,0,1.701705,0.444559,0.756509
1486,lm,1,3,0,0.959877,4.060443,3.897527
1487,human,0,21,0,1.244675,1.043207,1.298454
1487,lm,0,97,0,1.820334,0.295211,0.537383
1488,human,0,128,0,1.609237,0.436852,0.702998
1488,human,1,122,0,1.322537,0.991536,1.311342
1488,lm,0,128,0,1.433791,0.616079,0.883329
1488,lm,1,27,0,1.416492,1.318226,1.867256
1489,human,0,128,0,1.429269,0.620900,0.887433
1489,human,1,21,0,1.258010,1.108761,1.394833
1489,lm,0,46,0,1.772702,0.354474,0.628377
1490,human,0,56,0,1.654763,0.507471,0.839745
1490,lm,0,31,0,1.449631,0.648392,0.939929
1492,human,0,128,0,1.247204,0.886641,1.105823
1492,human,1,128,0,1.306996,1.113048,1.454749
1492,human,2,128,0,1.235640,1.319923,1.630950
1492,human,3,104,0,1.275609,0.943670,1.203753
1492,lm,0,62,0,1.544012,0.577470,0.891620
1493,human,0,128,0,1.329975,0.917694,1.220510
1493,human,1,128,0,1.433537,0.722916,1.036327
1493,human,2,128,0,1.151212,1.327636,1.528390
1493,human,3,128,0,1.270687,1.609499,2.045170
1493,human,4,128,0,1.310653,1.012106,1.326520
1493,human,5,128,0,1.277004,1.069659,1.365959
1493,human,6,56,0,1.267020,1.469934,1.862436
1493,lm,0,116,0,2.594283,0.218300,0.566333
1494,human,0,59,0,1.208571,0.957905,1.157695
1494,lm,0,128,0,2.733450,0.184995,0.505674
1494,lm,1,12,0,1.184963,1.502276,1.780142
1496,human,0,128,0,1.267954,1.055835,1.338750
1496,human,1,51,0,1.392966,1.165173,1.623046
1496,lm,0,14,0,1.053276,2.753505,2.900199
150,human,0,128,0,1.703986,0.443556,0.755814
150,human,1,26,0,1.202135,1.352911,1.626382
150,lm,0,128,0,1.623415,0.359740,0.584007
150,lm,1,11,0,1.299408,1.308128,1.699793
1502,human,0,128,0,1.194793,1.400036,1.672753
1502,human,1,128,0,0.980945,3.027728,2.970035
1502,human,2,128,0,1.206184,1.298965,1.566790
1502,human,3,128,0,1.031824,1.929592,1.990999
1502,human,4,128,0,1.086251,2.067022,2.245303
1502,human,5,128,0,1.118796,2.014142,2.253414
1502,human,6,128,0,1.274524,1.174021,1.496318
1502,human,7,26,0,1.365449,1.228081,1.676882
1502,lm,0,128,0,1.296196,0.913501,1.184077
1502,lm,1,41,0,1.269010,1.454149,1.845329
1504,human,0,75,0,1.466766,0.667051,0.978407
1504,lm,0,42,0,1.454693,0.785744,1.143016
1505,human,0,24,0,1.148707,1.590128,1.826591
1505,lm,0,43,0,1.581989,0.997491,1.578020
1506,human,0,118,0,1.386066,0.760845,1.054582
1506,lm,0,10,0,1.079643,2.467503,2.664021
1508,human,0,33,0,1.307763,1.048291,1.370916
1508,lm,0,9,0,1.152479,0.923951,1.064834
1510,human,0,13,0,1.336241,0.745107,0.995642
1510,lm,0,12,0,1.084887,2.840438,3.081555
1511,human,0,79,0,1.307653,1.238161,1.619085
1511,lm,0,7,0,1.081634,1.377849,1.490328
1513,human,0,34,0,1.469399,0.802866,1.179731
1513,lm,0,6,0,1.058867,3.330022,3.526048
1514,human,0,54,0,1.423355,0.683459,0.972804
1514,lm,0,128,0,1.946144,0.376696,0.733105
1514,lm,1,36,0,1.250627,1.746927,2.184754
1515,human,0,23,0,1.131756,1.420836,1.608040
1515,lm,0,54,0,1.500174,0.827705,1.241701
1516,human,0,32,0,1.183822,1.834100,2.171247
1516,lm,0,46,0,1.746216,0.919585,1.605794
1517,human,0,58,0,1.230022,1.091302,1.342326
1517,lm,0,128,0,1.539484,0.512865,0.789547
1517,lm,1,8,0,1.039446,2.987306,3.105143
1518,human,0,128,0,1.240262,0.942519,1.168971
1518,human,1,4,0,1.140055,2.942147,3.354210
1518,lm,0,128,0,1.591149,0.515559,0.820332
1518,lm,1,20,0,1.437295,1.388568,1.995781
152,human,0,13,0,1.149930,1.176583,1.352988
152,lm,0,35,0,1.308030,1.123336,1.469358
1520,human,0,15,0,1.139849,1.206372,1.375083
1520,lm,0,15,0,1.273939,1.021775,1.301679
1521,human,0,128,0,1.370275,0.630718,0.864257
1521,human,1,93,0,1.286985,1.115420,1.435528
1521,lm,0,128,0,2.763365,0.148259,0.409694
1521,lm,1,128,0,3.813311,0.097372,0.371311
1521,lm,2,126,0,3.240255,0.121919,0.395050
1522,human,0,45,0,1.237162,0.854661,1.057354
1522,lm,0,26,0,1.198861,1.023950,1.227573
1526,human,0,128,0,1.265129,0.962047,1.217113
1526,human,1,72,0,1.325521,1.016681,1.347632
1526,lm,0,71,0,1.658892,0.670938,1.113014
1527,human,0,17,0,1.144315,1.006864,1.152170
1527,lm,0,2,0,1.097494,1.958263,2.149181
1529,human,0,128,0,1.514269,0.594370,0.900037
1529,human,1,115,0,1.376933,0.697362,0.960220
1529,lm,0,12,0,1.234412,0.885946,1.093622
153,human,0,48,0,1.579654,0.288196,0.455250
153,lm,0,65,0,1.552782,0.332676,0.516574
1530,human,0,128,0,1.461898,0.475416,0.695009
1530,human,1,32,0,1.443514,0.886480,1.279647
1530,lm,0,128,0,1.623380,0.614069,0.996868
1530,lm,1,51,0,1.394958,1.398569,1.950944
1531,human,0,116,0,1.280121,0.796803,1.020003
1531,lm,0,87,0,1.477522,0.578100,0.854156
1532,human,0,128,0,1.683574,0.439049,0.739171
1532,human,1,29,0,1.161497,2.075541,2.410735
1532,lm,0,128,0,1.787042,0.398874,0.712804
1532,lm,1,65,0,1.429702,0.882671,1.261957
1534,human,0,78,0,1.459743,0.717991,1.048082
1534,lm,0,9,0,1.035642,1.287056,1.332930
1535,human,0,118,0,1.235739,0.574046,0.709371
1535,lm,0,12,0,1.141343,1.529521,1.745708
1536,human,0,106,0,1.417669,0.758231,1.074921
1536,lm,0,43,0,1.853992,0.401875,0.745074
1537,human,0,128,0,1.306417,0.950313,1.241505
1537,human,1,18,0,1.050862,1.895598,1.992013
1537,lm,0,16,0,1.195177,1.698974,2.030574
1538,human,0,43,0,1.363808,0.735436,1.002993
1538,lm,0,80,0,1.667401,0.424205,0.707319
1539,human,0,54,0,1.337121,0.925516,1.237527
1539,lm,0,16,0,1.475220,0.720917,1.063512
1541,human,0,128,0,1.338330,0.826268,1.105820
1541,human,1,100,0,1.303224,0.837975,1.092069
1541,lm,0,128,0,2.388602,0.074436,0.177798
1541,lm,1,107,0,2.111947,0.095291,0.201249
1543,human,0,109,0,1.504605,0.565883,0.851431
1543,lm,0,53,0,2.064044,0.376783,0.777696
1544,human,0,94,0,1.800366,0.690435,1.243036
1544,lm,0,7,0,1.082770,2.518170,2.726600
1547,human,0,22,0,1.188964,1.458477,1.734076
1547,lm,0,10,0,1.091952,1.532274,1.673170
1548,human,0,25,0,1.135902,1.058282,1.202104
1548,lm,0,48,0,1.487435,0.421070,0.626314
1549,human,0,50,0,1.323441,0.949229,1.256249
1549,lm,0,17,0,1.174376,1.494291,1.754859
155,human,0,122,0,1.443770,0.593063,0.856246
155,lm,0,25,0,1.660526,0.443559,0.736542
1552,human,0,128,0,1.312734,0.774207,1.016328
1552,human,1,128,0,1.320778,0.956922,1.263882
1552,human,2,88,0,1.394301,0.537074,0.748844
1552,lm,0,9,0,1.025101,2.390343,2.450342
1556,human,0,128,0,1.214400,1.275941,1.549503
1556,human,1,128,0,1.091719,1.300602,1.419891
1556,human,2,128,0,1.012707,1.621629,1.642235
1556,human,3,128,0,1.067946,1.848845,1.974467
1556,human,4,60,0,1.109512,2.698645,2.994178
1556,lm,0,128,0,2.905980,0.139389,0.405062
1556,lm,1,128,0,3.598157,0.100344,0.361052
1556,lm,2,128,0,3.125094,0.118749,0.371101
1556,lm,3,54,0,2.081081,0.269004,0.559818
156,human,0,58,0,1.265103,0.965205,1.221084
156,lm,0,9,0,1.071718,1.514622,1.623249
1561,human,0,85,0,1.221634,1.051595,1.284665
1561,lm,0,89,0,1.442795,0.782383,1.128818
1562,human,0,93,0,1.298596,1.008411,1.309518
1562,lm,0,128,0,1.488841,0.941045,1.401067
1562,lm,1,32,0,1.074042,3.378625,3.628786
1564,human,0,88,0,1.296269,0.845110,1.095490
1564,lm,0,33,0,1.373989,1.234668,1.696420
1569,human,0,98,0,1.359618,0.808512,1.099268
1569,lm,0,9,0,1.068999,2.691069,2.876751
1570,human,0,89,0,1.436965,0.556269,0.799339
1570,lm,0,99,0,1.732788,0.501800,0.869513
1571,human,0,23,0,1.277350,1.087289,1.388848
1571,lm,0,20,0,1.323860,0.983456,1.301958
1574,human,0,54,0,1.230376,0.837910,1.030944
1574,lm,0,61,0,1.728173,0.455422,0.787048
1575,human,0,128,0,1.318540,0.863747,1.138885
1575,human,1,42,0,1.342389,1.382988,1.856509
1575,lm,0,52,0,1.782548,0.367625,0.655310
1576,human,0,23,0,1.207715,1.351730,1.632504
1576,lm,0,10,0,1.144581,1.479451,1.693352
1577,human,0,39,0,1.122710,1.340119,1.504565
1577,lm,0,10,0,1.114831,1.302820,1.452424
1578,human,0,91,0,1.251813,0.937841,1.174002
1578,lm,0,38,0,1.470196,0.578561,0.850599
158,human,0,128,0,1.282619,0.803885,1.031078
158,human,1,128,0,1.241852,0.854860,1.061610
158,human,2,128,0,1.264262,0.979412,1.238233
158,human,3,8,0,1.008933,2.210254,2.229998
158,lm,0,128,0,2.963613,0.171485,0.508215
158,lm,1,128,0,2.272736,0.247889,0.563386
158,lm,2,128,0,3.163739,0.160969,0.509264
158,lm,3,104,0,3.008846,0.192149,0.578148
1580,human,0,128,0,1.321448,0.825314,1.090609
1580,human,1,128,0,1.308476,1.324901,1.733600
1580,human,2,11,0,1.156846,1.347749,1.559138
1580,lm,0,10,0,1.168386,1.190601,1.391082
1583,human,0,45,0,1.260117,1.064512,1.341409
1583,lm,0,10,0,1.113820,1.672709,1.863097
1584,human,0,128,0,1.249036,1.037965,1.296455
1584,human,1,128,0,1.299894,1.132075,1.471577
1584,human,2,128,0,1.265514,1.058699,1.339799
1584,human,3,128,0,1.191411,1.615609,1.924855
1584,human,4,128,0,1.262950,1.041044,1.314786
1584,human,5,7,0,1.019590,3.814424,3.889149
1584,lm,0,112,0,2.044204,0.351616,0.718775
1587,human,0,128,0,1.637221,0.651610,1.066829
1587,human,1,128,0,1.275813,1.148967,1.465867
1587,human,2,128,0,1.544933,0.766074,1.183534
1587,human,3,128,0,1.347245,0.835174,1.125185
1587,human,4,80,0,1.192475,1.095327,1.306150
1587,lm,0,113,0,2.056383,0.457061,0.939892
1589,human,0,87,0,1.483388,0.698546,1.036215
1589,lm,0,45,0,1.523051,0.605725,0.922550
1590,human,0,128,0,1.421783,0.551600,0.784256
1590,human,1,128,0,1.286597,0.980322,1.261279
1590,human,2,72,0,1.269684,0.805751,1.023049
1590,lm,0,72,0,1.589508,0.882132,1.402157
1591,human,0,84,0,1.659093,0.562278,0.932871
1591,lm,0,128,0,1.790796,0.540806,0.968474
1591,lm,1,128,0,1.727237,0.621333,1.073190
1591,lm,2,128,0,1.705585,0.608663,1.038126
1591,lm,3,128,0,1.687439,0.622893,1.051094
1591,lm,4,128,0,1.423147,0.702755,1.000124
1591,lm,5,128,0,1.503734,0.698433,1.050257
1591,lm,6,3,0,2.382286,0.804719,1.917071
1593,human,0,128,0,1.257030,0.772653,0.971248
1593,human,1,128,0,1.577772,0.429338,0.677398
1593,human,2,128,0,1.322264,0.594701,0.786351
1593,human,3,128,0,1.255132,0.817880,1.026548
1593,human,4,37,0,1.223538,2.068072,2.530366
1593,lm,0,128,0,2.138247,0.214519,0.458695
1593,lm,1,120,0,1.479875,0.609251,0.901615
1595,human,0,128,0,1.320997,0.759554,1.003368
1595,human,1,23,0,1.189674,1.311234,1.559940
1595,lm,0,7,0,1.042598,2.113858,2.203904
1596,human,0,69,0,1.282190,1.014512,1.300797
1596,lm,0,103,0,1.568258,0.576556,0.904188
1597,human,0,13,0,1.263027,0.676714,0.854709
1597,lm,0,7,0,1.192008,0.676450,0.806334
1599,human,0,103,0,1.360164,0.737331,1.002891
1599,lm,0,91,0,2.168851,0.418314,0.907262
16,human,0,79,0,1.894913,0.406692,0.770646
16,lm,0,82,0,2.230707,0.267127,0.595883
1600,human,0,128,0,1.263954,0.845632,1.068840
1600,human,1,59,0,1.374077,0.994789,1.366916
1600,lm,0,48,0,1.349624,0.872076,1.176975
1601,human,0,13,0,1.149055,0.913618,1.049796
1601,lm,0,43,0,1.409999,0.892853,1.258922
1603,human,0,103,0,1.309608,0.891504,1.167521
1603,lm,0,20,0,1.349899,1.488608,2.009470
1606,human,0,32,0,1.121279,1.141026,1.279408
1606,lm,0,29,0,1.103431,1.162997,1.283288
1608,human,0,128,0,1.329052,0.598402,0.795308
1608,human,1,50,0,1.383682,0.839251,1.161257
1608,lm,0,31,0,1.319249,0.701548,0.925517
1615,human,0,110,0,1.247059,1.004013,1.252063
1615,lm,0,128,0,1.964057,0.154579,0.303603
1615,lm,1,53,0,1.493473,0.262959,0.392723
1616,human,0,128,0,1.332240,0.823311,1.096848
1616,human,1,32,0,1.276843,0.927865,1.184738
1616,lm,0,42,0,1.508814,0.519210,0.783391
1617,human,0,74,0,1.542444,0.701180,1.081531
1617,lm,0,34,0,1.809756,0.300345,0.543551
1618,human,0,27,0,1.168465,0.694430,0.811417
1618,lm,0,42,0,1.502891,0.609077,0.915377
162,human,0,66,0,1.714204,0.427791,0.733321
162,lm,0,26,0,1.769657,0.532414,0.942190
1620,human,0,85,0,1.340892,0.999442,1.340144
1620,lm,0,10,0,1.074896,2.554945,2.746301
1621,human,0,70,0,1.346160,0.762951,1.027054
1621,lm,0,47,0,1.350937,0.800109,1.080896
1625,human,0,47,0,1.587663,0.743095,1.179785
1625,lm,0,128,0,2.303949,0.248262,0.571982
1625,lm,1,94,0,1.400626,0.892866,1.250571
1626,human,0,15,0,1.113831,1.568261,1.746777
1626,lm,0,7,0,1.073605,1.989118,2.135527
1628,human,0,128,0,1.245830,0.919221,1.145194
1628,human,1,123,0,1.421349,0.545570,0.775446
1628,lm,0,19,0,1.311067,1.217630,1.596395
1629,human,0,75,0,1.276987,0.734102,0.937439
1629,lm,0,128,0,2.068881,0.216158,0.447204
1629,lm,1,128,0,2.615006,0.166000,0.434091
1629,lm,2,126,0,2.603121,0.168012,0.437356
163,human,0,128,0,1.696646,0.512560,0.869633
163,human,1,107,0,1.446005,0.672335,0.972200
163,lm,0,53,0,1.542627,0.383103,0.590985
1630,human,0,128,0,1.313200,0.753472,0.989460
1630,human,1,128,0,1.324283,0.973148,1.288723
1630,human,2,128,0,1.328547,0.827918,1.099928
1630,human,3,56,0,1.200280,1.460656,1.753197
1630,lm,0,89,0,1.903885,0.475773,0.905817
1631,human,0,63,0,1.180552,1.046569,1.235529
1631,lm,0,81,0,1.515463,0.644905,0.977330
1632,human,0,93,0,1.388028,0.793136,1.100895
1632,lm,0,89,0,1.528717,1.014611,1.551054
1633,human,0,41,0,1.457163,0.386490,0.563179
1633,lm,0,21,0,1.396335,0.611169,0.853397
1635,human,0,76,0,1.193530,1.216999,1.452525
1635,lm,0,112,0,1.569155,0.658081,1.032632
1636,human,0,46,0,1.253751,1.271538,1.594192
1636,lm,0,98,0,1.264361,1.053133,1.331541
1637,human,0,128,0,1.247330,0.704637,0.878915
1637,human,1,49,0,1.173808,1.436588,1.686279
1637,lm,0,128,0,1.239042,0.661823,0.820027
1637,lm,1,47,0,1.177442,1.208719,1.423196
1638,human,0,128,0,1.392598,0.583257,0.812243
1638,human,1,9,0,1.124950,1.668118,1.876549
1638,lm,0,119,0,1.917977,0.220069,0.422087
1639,human,0,45,0,1.234828,1.326469,1.637962
1639,lm,0,31,0,1.317728,1.355515,1.786200
1642,human,0,67,0,1.503472,0.656512,0.987047
1642,lm,0,11,0,1.078998,1.436347,1.549817
1644,human,0,128,0,1.319239,0.774193,1.021346
1644,human,1,128,0,1.326227,0.983012,1.303697
1644,human,2,128,0,1.195554,1.776696,2.124136
1644,human,3,128,0,1.269973,1.114609,1.415524
1644,human,4,74,0,1.241832,1.510026,1.875199
1646,human,0,33,0,1.280311,0.976381,1.250072
1646,lm,0,44,0,1.528875,0.775519,1.185672
1647,human,0,128,0,1.285674,0.744276,0.956896
1647,lm,0,44,0,2.070462,0.511464,1.058966
1648,human,0,128,0,1.355057,0.635794,0.861537
1648,human,1,2,0,0.968154,6.748760,6.533842
1648,lm,0,67,0,1.418393,0.638103,0.905081
1649,human,0,27,0,1.316425,0.953956,1.255811
1649,lm,0,27,0,1.605004,0.734478,1.178840
1650,human,0,27,0,1.307255,0.987039,1.290312
1650,lm,0,30,0,1.353870,0.835609,1.131306
1651,human,0,46,0,1.099076,1.145333,1.258808
1651,lm,0,10,0,1.133044,1.821655,2.064015
1653,human,0,128,0,1.208736,0.966633,1.168404
1653,human,1,128,0,1.289761,0.684495,0.882835
1653,human,2,41,0,1.344459,0.989924,1.330913
1653,lm,0,42,0,1.429226,0.525605,0.751209
1655,human,0,70,0,1.538552,0.254601,0.391717
1655,lm,0,62,0,1.956832,0.434767,0.850766
1656,human,0,54,0,1.356036,0.762115,1.033456
1656,lm,0,27,0,1.593719,0.541910,0.863652
166,human,0,18,0,1.180539,1.126993,1.330459
166,lm,0,10,0,1.080539,1.544857,1.669279
1662,human,0,45,0,1.376911,0.957051,1.317774
1662,lm,0,59,0,1.726638,0.637947,1.101504
1663,human,0,57,0,1.322250,0.983828,1.300866
1663,lm,0,47,0,1.591421,0.518633,0.825363
1664,human,0,63,0,1.100682,1.597329,1.758152
1664,lm,0,49,0,1.423044,0.529746,0.753852
1668,human,0,21,0,1.166821,1.684907,1.965984
1668,lm,0,60,0,1.561605,0.793838,1.239661
1669,human,0,128,0,1.235304,1.435052,1.772726
1669,human,1,128,0,1.218179,1.237844,1.507915
1669,human,2,44,0,1.220857,1.170969,1.429585
1669,lm,0,39,0,1.353094,1.053328,1.425251
167,human,0,128,0,1.412002,0.696121,0.982925
167,human,1,14,0,1.160096,1.534019,1.779609
167,lm,0,41,0,1.318440,0.864604,1.139929
1670,human,0,38,0,1.315039,1.075789,1.414704
1670,lm,0,40,0,1.537077,0.697614,1.072285
1671,human,0,80,0,1.380804,1.200829,1.658108
1671,lm,0,32,0,1.272979,1.334836,1.699218
1673,human,0,48,0,1.345578,0.787158,1.059182
1673,lm,0,38,0,1.656004,0.823933,1.364436
1674,human,0,18,0,1.550467,0.478535,0.741952
1674,lm,0,21,0,1.593856,0.333577,0.531674
1676,human,0,30,0,1.395519,0.706168,0.985471
1676,lm,0,31,0,1.546485,0.685408,1.059974
1677,human,0,128,0,1.270208,1.002105,1.272881
1677,human,1,128,0,1.480711,0.521796,0.772629
1677,human,2,90,0,1.192272,1.127230,1.343965
1677,lm,0,128,0,1.658581,0.439948,0.729689
1677,lm,1,123,0,1.677205,0.557548,0.935122
1678,human,0,69,0,1.331013,0.639027,0.850553
1678,lm,0,35,0,1.353716,0.778750,1.054206
1680,human,0,128,0,1.573559,0.633864,0.997422
1680,human,1,122,0,1.294359,0.927634,1.200692
1680,lm,0,128,0,2.115591,0.268707,0.568475
1680,lm,1,12,0,1.586971,0.814388,1.292411
1681,human,0,128,0,1.437681,0.853796,1.227487
1681,human,1,61,0,1.169550,2.495008,2.918037
1681,lm,0,33,0,1.629464,0.632640,1.030864
1683,human,0,70,0,1.230811,1.164892,1.433763
1683,lm,0,128,0,1.369319,1.019991,1.396693
1683,lm,1,84,0,1.232120,1.182540,1.457031
1684,human,0,128,0,1.264043,1.073298,1.356695
1684,human,1,128,0,1.384589,0.614448,0.850758
1684,human,2,128,0,1.340849,0.680143,0.911969
1684,human,3,128,0,1.390725,0.644354,0.896119
1684,human,4,128,0,1.414910,0.647224,0.915764
1684,human,5,128,0,1.498134,0.293682,0.439975
1684,human,6,128,0,1.417365,0.332250,0.470920
1684,human,7,122,0,1.520013,0.361341,0.549243
1684,lm,0,43,0,1.452937,0.911496,1.324346
1685,human,0,128,0,1.138378,1.206013,1.372899
1685,human,1,128,0,1.174347,1.261549,1.481497
1685,human,2,128,0,1.248369,1.406679,1.756054
1685,human,3,30,0,1.308703,1.738781,2.275548
1685,lm,0,10,0,1.084662,3.196599,3.467230
1686,human,0,23,0,1.287503,0.840792,1.082521
1686,lm,0,6,0,1.080389,1.888663,2.040491
1689,human,0,60,0,1.238416,1.201450,1.487896
1689,lm,0,18,0,1.265638,1.760408,2.228039
1691,human,0,128,0,1.564735,0.326645,0.511114
1691,human,1,44,0,1.486376,0.704087,1.046538
1691,lm,0,128,0,2.026318,0.147945,0.299783
1691,lm,1,99,0,1.651117,0.359959,0.594335
1692,human,0,128,0,1.379517,0.761508,1.050513
1692,human,1,128,0,1.378044,0.955732,1.317041
1692,human,2,128,0,1.215791,1.337917,1.626627
1692,human,3,115,0,1.243932,1.210332,1.505570
1692,lm,0,128,0,1.558860,0.472193,0.736082
1692,lm,1,128,0,1.372011,0.519268,0.712441
1692,lm,2,5,0,1.057755,1.634866,1.729288
1693,human,0,12,0,1.136580,1.181749,1.343151
1693,lm,0,8,0,1.130356,1.469952,1.661569
1694,human,0,28,0,1.298031,0.869446,1.128568
1694,lm,0,128,0,1.532355,0.527396,0.808157
1694,lm,1,25,0,1.147352,1.809745,2.076414
1695,human,0,128,0,1.548083,0.474333,0.734306
1695,human,1,69,0,1.482191,0.410809,0.608897
1695,lm,0,128,0,1.662371,0.331608,0.551256
1695,lm,1,128,0,1.527974,0.204653,0.312705
1695,lm,2,83,0,1.361025,0.299090,0.407068
1697,human,0,128,0,1.500371,0.721314,1.082239
1697,human,1,128,0,1.208608,1.449353,1.751699
1697,human,2,70,0,1.168818,1.469514,1.717595
1697,lm,0,51,0,1.348552,1.038983,1.401123
1699,human,0,28,0,1.312223,0.993313,1.303447
1699,lm,0,10,0,1.051694,2.446352,2.572815
17,human,0,128,0,2.197202,0.250547,0.550503
17,human,1,10,0,1.136762,1.646773,1.871988
17,lm,0,115,0,2.199062,0.259760,0.571228
1700,human,0,64,0,1.499303,0.679475,1.018739
1700,lm,0,14,0,1.235187,1.188561,1.468095
1701,human,0,65,0,1.257571,0.767738,0.965485
1701,lm,0,22,0,1.303131,1.613832,2.103035
1702,human,0,128,0,1.275294,0.885732,1.129568
1702,human,1,80,0,1.233167,1.158113,1.428148
1702,lm,0,43,0,1.588615,0.556315,0.883770
1703,human,0,128,0,1.425243,0.664428,0.946971
1703,human,1,31,0,1.242814,1.527948,1.898956
1703,lm,0,59,0,1.620189,0.605630,0.981236
1705,human,0,128,0,1.306528,0.711266,0.929290
1705,human,1,50,0,1.165618,0.852165,0.993300
1705,lm,0,76,0,1.552330,0.391495,0.607728
1706,human,0,26,0,1.413026,0.754621,1.066299
1706,lm,0,11,0,1.194431,1.164606,1.391041
1707,human,0,128,0,1.228239,1.036995,1.273678
1707,human,1,128,0,1.205574,1.421646,1.713899
1707,human,2,128,0,1.256795,1.474755,1.853465
1707,human,3,128,0,1.236935,1.209656,1.496266
1707,human,4,128,0,1.195674,1.358141,1.623895
1707,human,5,128,0,1.256796,1.544699,1.941372
1707,human,6,41,0,1.265892,1.581436,2.001927
1707,lm,0,99,0,1.474021,0.758003,1.117312
1708,human,0,128,0,1.464326,0.682306,0.999119
1708,human,1,24,0,1.487345,1.284504,1.910500
1708,lm,0,9,0,1.067012,1.474895,1.573731
1709,human,0,128,0,1.411958,0.871459,1.230464
1709,human,1,37,0,1.401588,1.718604,2.408774
1709,lm,0,49,0,1.515386,0.606118,0.918502
1717,human,0,102,0,1.256883,0.941072,1.182817
1717,lm,0,33,0,1.191620,0.719817,0.857748
1718,human,0,20,0,1.351274,0.904525,1.222261
1718,lm,0,16,0,1.359292,0.960022,1.304950
1719,human,0,47,0,1.246371,0.904061,1.126795
1719,lm,0,44,0,1.837006,0.386823,0.710597
1720,human,0,35,0,1.392567,0.550065,0.766002
1720,lm,0,76,0,2.404177,0.211455,0.508375
1721,human,0,128,0,1.340767,0.755007,1.012289
1721,human,1,38,0,1.158500,1.264472,1.464891
1721,lm,0,9,0,1.028739,2.780309,2.860213
1722,human,0,34,0,1.891630,0.449328,0.849963
1722,lm,0,10,0,1.117027,3.054624,3.412098
1723,human,0,33,0,1.227542,1.026045,1.259513
1723,lm,0,93,0,1.879537,0.436497,0.820413
1724,human,0,128,0,1.368189,1.018900,1.394049
1724,human,1,58,0,1.358043,1.117160,1.517150
1724,lm,0,128,0,1.823779,0.497122,0.906641
1724,lm,1,3,0,1.101607,1.867423,2.057166
1726,human,0,128,0,1.470463,0.816611,1.200796
1726,human,1,128,0,1.213326,1.512788,1.835505
1726,human,2,128,0,1.206682,1.204250,1.453147
1726,human,3,60,0,1.217077,1.094140,1.331652
1726,lm,0,102,0,1.418476,0.781865,1.109057
1729,human,0,128,0,1.888411,0.414975,0.783643
1729,human,1,102,0,1.301404,0.748262,0.973791
1729,lm,0,55,0,1.323607,0.805440,1.066087
173,human,0,128,0,1.320708,0.964639,1.274007
173,human,1,52,0,1.222205,1.155117,1.411791
173,lm,0,128,0,1.768536,0.360983,0.638411
173,lm,1,128,0,1.855081,0.122376,0.227017
173,lm,2,108,0,2.031203,0.124622,0.253133
1732,human,0,36,0,1.194017,1.286147,1.535682
1732,lm,0,11,0,1.121191,2.244044,2.516002
1733,human,0,45,0,1.536835,0.621118,0.954556
1733,lm,0,44,0,1.506009,0.696605,1.049094
1734,human,0,126,0,1.323453,0.640621,0.847832
1734,lm,0,119,0,2.378798,0.163174,0.388157
1736,human,0,24,0,1.406417,0.627976,0.883196
1736,lm,0,14,0,1.285688,0.524037,0.673748
1737,human,0,128,0,1.586277,0.632119,1.002715
1737,human,1,41,0,1.372414,1.375083,1.887183
1737,lm,0,41,0,2.061214,0.370161,0.762981
1738,human,0,76,0,2.125820,0.354402,0.753396
1738,lm,0,76,0,2.192611,0.354402,0.777066
174,human,0,128,0,1.354619,0.630295,0.853810
174,human,1,128,0,1.266093,0.981626,1.242830
174,human,2,6,0,1.068193,3.314836,3.540886
174,lm,0,123,0,1.637794,0.393756,0.644892
1740,human,0,29,0,1.256418,0.911615,1.145369
1740,lm,0,11,0,1.089952,2.349365,2.560696
1742,human,0,21,0,1.155546,1.337370,1.545393
1742,lm,0,128,0,1.781465,0.332920,0.593085
1742,lm,1,128,0,1.972113,0.183243,0.361377
1742,lm,2,128,0,1.666386,0.253525,0.422471
1742,lm,3,31,0,1.162369,1.175567,1.366443
1746,human,0,80,0,1.259624,1.011836,1.274533
1746,lm,0,46,0,1.404934,1.011503,1.421095
1747,human,0,96,0,2.421692,0.162521,0.393575
1747,lm,0,128,0,1.961353,0.200543,0.393336
1747,lm,1,64,0,1.526774,0.424928,0.648768
1748,human,0,128,0,1.955265,0.262070,0.512417
1748,human,1,128,0,1.424370,0.485950,0.692172
1748,human,2,128,0,1.633367,0.329631,0.538409
1748,human,3,128,0,1.641592,0.312353,0.512756
1748,human,4,128,0,1.540587,0.388271,0.598166
1748,human,5,29,0,1.663698,0.641042,1.066501
1748,lm,0,128,0,2.448428,0.211384,0.517559
1748,lm,1,72,0,1.599766,0.503801,0.805963
1751,human,0,60,0,1.580792,0.607561,0.960428
1751,lm,0,44,0,1.489414,0.589010,0.877279
1753,human,0,128,0,1.276275,0.960182,1.225456
1753,human,1,67,0,1.238182,1.576362,1.951823
1753,lm,0,87,0,1.585213,0.365289,0.579060
1756,human,0,53,0,1.363850,0.845771,1.153505
1756,lm,0,10,0,1.089237,1.305042,1.421500
1757,human,0,45,0,1.264139,0.852723,1.077961
1757,lm,0,7,0,1.056651,2.283477,2.412839
1758,human,0,118,0,1.269045,0.891594,1.131472
1758,lm,0,53,0,1.604182,0.394141,0.632275
1759,human,0,128,0,1.424864,0.763834,1.088360
1759,human,1,56,0,1.259677,1.072546,1.351062
1759,lm,0,82,0,1.681283,0.593769,0.998294
176,human,0,69,0,1.514675,0.433446,0.656530
176,lm,0,11,0,1.130240,1.252804,1.415969
1760,human,0,128,0,1.257757,0.878301,1.104689
1760,human,1,115,0,1.624700,0.473454,0.769221
1760,lm,0,128,0,2.548689,0.133901,0.341273
1760,lm,1,128,0,1.502578,0.406251,0.610424
1760,lm,2,25,0,1.195118,1.642579,1.963076
1761,human,0,29,0,1.553691,0.653708,1.015661
1761,lm,0,8,0,1.150231,2.027438,2.332022
1762,human,0,21,0,1.200272,1.127012,1.352722
1762,lm,0,6,0,1.052097,1.934357,2.035131
1763,human,0,128,0,1.630553,0.431187,0.703073
1763,human,1,11,0,1.172039,1.768817,2.073122
1763,lm,0,65,0,1.622589,0.475938,0.772252
1765,human,0,57,0,1.278470,1.261920,1.613327
1765,lm,0,45,0,1.535052,0.855958,1.313941
1766,human,0,128,0,1.342471,0.497132,0.667386
1766,human,1,2,0,1.028398,5.370638,5.523153
1766,lm,0,128,0,2.112201,0.143111,0.302280
1766,lm,1,26,0,1.189157,1.197866,1.424451
1768,human,0,96,0,1.624824,0.420311,0.682932
1768,lm,0,49,0,1.699936,0.373231,0.634469
1769,human,0,128,0,1.308975,0.751047,0.983102
1769,human,1,73,0,1.159353,1.744642,2.022655
1769,lm,0,128,0,1.704528,0.315910,0.538477
1769,lm,1,128,0,1.927678,0.204466,0.394144
1769,lm,2,36,0,1.428665,0.727150,1.038854
177,human,0,82,0,1.454080,0.601424,0.874519
177,lm,0,23,0,1.255055,1.327722,1.666364
1770,human,0,20,0,1.242024,0.976702,1.213088
1770,lm,0,37,0,2.232304,0.156818,0.350065
1771,human,0,128,0,1.223069,1.107092,1.354050
1771,human,1,128,0,1.286663,0.957168,1.231552
1771,human,2,128,0,1.191411,1.058918,1.261607
1771,human,3,35,0,1.403261,1.011719,1.419705
1771,lm,0,128,0,1.587732,0.488297,0.775284
1771,lm,1,128,0,1.881259,0.354867,0.667596
1771,lm,2,128,0,1.281424,0.711687,0.911972
1771,lm,3,101,0,1.727521,0.522033,0.901823
1772,human,0,128,0,1.400771,0.766434,1.073598
1772,human,1,128,0,1.277677,0.953191,1.217870
1772,human,2,128,0,1.340032,0.807465,1.082030
1772,human,3,128,0,1.268569,1.106189,1.403278
1772,human,4,128,0,1.298666,1.009354,1.310814
1772,human,5,31,0,1.126379,1.402204,1.579413
1772,lm,0,100,0,1.763050,0.443947,0.782700
1773,human,0,77,0,1.283575,0.856151,1.098933
1773,lm,0,48,0,1.508991,0.547319,0.825899
1775,human,0,93,0,1.479077,0.606343,0.896829
1775,lm,0,6,0,1.009473,5.488613,5.540606
1777,human,0,87,0,1.180404,1.194752,1.410290
1777,lm,0,88,0,1.499688,0.726293,1.089213
1780,human,0,105,0,1.946447,0.251638,0.489800
1780,lm,0,96,0,1.892971,0.181949,0.344424
1782,human,0,128,0,1.291667,1.081538,1.396986
1782,human,1,128,0,1.328113,0.949157,1.260587
1782,human,2,128,0,1.250988,1.209458,1.513018
1782,human,3,128,0,1.269615,1.153786,1.464864
1782,human,4,15,0,1.508170,0.978607,1.475906
1782,lm,0,128,0,1.921528,0.400836,0.770218
1782,lm,1,29,0,1.588158,1.282300,2.036494
1783,human,0,27,0,1.216891,1.315673,1.601031
1783,lm,0,30,0,1.543623,0.506793,0.782298
1786,human,0,128,0,1.530136,0.648198,0.991830
1786,human,1,21,0,1.109286,1.887611,2.093901
1786,lm,0,34,0,1.902321,0.576768,1.097197
1787,human,0,19,0,1.160388,1.406388,1.631955
1787,lm,0,9,0,1.046113,3.234712,3.383876
1788,human,0,66,0,1.412429,1.289989,1.822018
1788,lm,0,12,0,1.105772,2.506623,2.771752
1789,human,0,128,0,1.756159,0.510370,0.896291
1789,human,1,43,0,1.346122,0.975611,1.313292
1789,lm,0,124,0,2.222937,0.314867,0.699930
1790,human,0,69,0,1.566519,0.440644,0.690277
1790,lm,0,61,0,1.848027,0.276105,0.510249
1792,human,0,53,0,1.201918,1.048859,1.260643
1792,lm,0,45,0,1.465127,0.623800,0.913946
1795,human,0,58,0,1.408292,0.505885,0.712434
1795,lm,0,73,0,1.450543,0.764393,1.108785
1796,human,0,128,0,1.380873,0.464177,0.640969
1796,human,1,14,0,1.041163,1.918672,1.997649
1796,lm,0,14,0,1.312574,0.530046,0.695724
1797,human,0,45,0,1.289351,0.956235,1.232923
1797,lm,0,47,0,1.783634,0.394507,0.703655
1799,human,0,128,0,1.268182,0.958949,1.216122
1799,human,1,69,0,1.255074,1.157018,1.452142
1799,lm,0,128,0,1.877347,0.474103,0.890055
1799,lm,1,128,0,1.663292,0.596282,0.991792
1799,lm,2,17,0,1.153393,2.719927,3.137143
18,human,0,128,0,1.262955,0.988391,1.248293
18,human,1,128,0,0.991551,2.114300,2.096436
18,human,2,21,0,1.025616,3.754854,3.851037
18,lm,0,115,0,1.548480,0.644112,0.997394
180,human,0,128,0,1.164580,1.502870,1.750212
180,human,1,128,0,1.173039,1.409054,1.652876
180,human,2,35,0,1.269570,1.094354,1.389359
180,lm,0,46,0,1.688887,0.547622,0.924872
1800,human,0,104,0,1.832999,0.338768,0.620961
1800,lm,0,24,0,1.484164,0.642120,0.953011
1801,human,0,128,0,1.315657,1.094815,1.440401
1801,human,1,128,0,1.546985,0.610297,0.944121
1801,human,2,96,0,1.399651,0.792655,1.109441
1801,lm,0,128,0,2.030719,0.189084,0.383977
1801,lm,1,128,0,1.796843,0.193832,0.348286
1801,lm,2,123,0,1.711426,0.210381,0.360051
1802,human,0,128,0,1.752864,0.292918,0.513445
1802,human,1,1,0,1.000000,4.219508,4.219508
1802,lm,0,128,0,2.075075,0.219811,0.456124
1802,lm,1,77,0,1.456642,0.777460,1.132480
1803,human,0,117,0,1.403309,0.672549,0.943795
1803,lm,0,37,0,1.389968,1.047020,1.455324
1804,human,0,50,0,1.317549,1.173319,1.545906
1804,lm,0,35,0,1.551005,0.788834,1.223486
1805,human,0,128,0,1.341355,0.823796,1.105004
1805,human,1,128,0,1.248811,1.048286,1.309112
1805,human,2,38,0,1.150261,1.458779,1.677977
1805,lm,0,128,0,1.744452,0.419162,0.731208
1805,lm,1,27,0,1.168111,0.909074,1.061899
1806,human,0,128,0,1.429206,0.906188,1.295129
1806,human,1,128,0,1.401003,0.806004,1.129215
1806,human,2,46,0,1.233556,1.568538,1.934879
1806,lm,0,44,0,1.934222,0.329235,0.636813
1809,human,0,128,0,1.313998,0.693912,0.911798
1809,human,1,128,0,1.425933,0.913755,1.302954
1809,human,2,128,0,1.293876,0.989071,1.279736
1809,human,3,100,0,1.412196,0.672715,0.950005
1809,lm,0,18,0,1.131004,1.149258,1.299816
181,human,0,128,0,1.291130,0.856388,1.105708
181,human,1,103,0,1.235841,1.053867,1.302412
181,lm,0,47,0,1.420064,0.568614,0.807469
1811,human,0,14,0,1.132060,1.523803,1.725036
1811,lm,0,10,0,1.090494,1.637839,1.786054
1813,human,0,128,0,1.466892,0.755747,1.108599
1813,human,1,7,0,1.206486,2.671167,3.222725
1813,lm,0,14,0,1.241147,1.019102,1.264855
1814,human,0,4,0,1.112069,0.590333,0.656491
1814,lm,0,5,0,1.265698,0.414059,0.524073
1818,human,0,45,0,1.396428,0.857902,1.197999
1818,lm,0,19,0,1.260656,1.378362,1.737640
1819,human,0,10,0,1.214147,0.576904,0.700446
1819,lm,0,11,0,1.365392,0.323887,0.442233
182,human,0,42,0,1.178643,1.369902,1.614626
182,lm,0,11,0,1.245285,1.036546,1.290796
1820,human,0,128,0,1.495350,0.394527,0.589955
1820,human,1,4,0,1.087260,3.426695,3.725707
1820,lm,0,77,0,1.682510,0.417702,0.702788
1821,human,0,98,0,1.438441,0.794946,1.143482
1821,lm,0,43,0,1.521684,0.599957,0.912945
1822,human,0,10,0,1.161169,0.985844,1.144731
1822,lm,0,7,0,1.181449,1.027869,1.214376
1823,human,0,47,0,1.404820,0.810599,1.138746
1823,lm,0,126,0,1.787845,0.367759,0.657497
1824,human,0,15,0,1.103744,1.608069,1.774896
1824,lm,0,114,0,1.855737,0.290584,0.539248
1826,human,0,14,0,1.110624,1.275969,1.417122
1826,lm,0,10,0,1.179174,2.507310,2.956555
1827,human,0,128,0,1.172353,1.069746,1.254121
1827,human,1,67,0,1.093112,1.004384,1.097905
1827,lm,0,12,0,1.303164,0.562561,0.733109
1828,human,0,80,0,1.321392,0.799401,1.056323
183,human,0,28,0,1.196852,1.082996,1.296186
183,lm,0,53,0,1.673460,0.573234,0.959285
1830,human,0,128,0,1.291985,0.783893,1.012778
1830,human,1,128,0,1.352345,0.660494,0.893216
1830,human,2,27,0,1.149697,1.486693,1.709247
1830,lm,0,17,0,1.181781,0.725712,0.857633
1831,human,0,86,0,1.476226,0.709171,1.046896
1831,lm,0,23,0,1.167992,1.636835,1.911810
1833,human,0,74,0,1.213432,0.520706,0.631841
1833,lm,0,128,0,2.251181,0.147475,0.331992
1833,lm,1,89,0,3.282856,0.087060,0.285804
1834,human,0,52,0,1.147999,1.209261,1.388230
1834,lm,0,10,0,1.123853,1.919234,2.156938
1835,human,0,105,0,1.478542,0.532046,0.786653
1835,lm,0,10,0,1.072287,1.972356,2.114932
1836,human,0,128,0,1.192171,1.114328,1.328470
1836,human,1,128,0,1.389313,1.063313,1.477275
1836,human,2,71,0,1.514984,0.862535,1.306728
1836,lm,0,128,0,1.842994,0.265685,0.489655
1836,lm,1,128,0,1.905063,0.176986,0.337169
1836,lm,2,117,0,1.869078,0.190074,0.355264
1837,human,0,16,0,1.238196,1.200955,1.487017
1837,lm,0,12,0,1.098349,1.822663,2.001921
1838,human,0,44,0,1.217441,1.234753,1.503239
1838,lm,0,36,0,1.361523,1.169365,1.592117
1839,human,0,63,0,1.422097,0.670041,0.952863
1839,lm,0,10,0,1.400195,1.038591,1.454230
1842,human,0,62,0,1.431786,0.975767,1.397090
1842,lm,0,9,0,0.952503,5.874931,5.595891
1843,human,0,88,0,1.552952,0.488843,0.759150
1843,lm,0,10,0,1.273862,0.768817,0.979367
1844,human,0,128,0,1.504720,0.584675,0.879773
1844,human,1,109,0,1.437853,0.811244,1.166449
1844,lm,0,38,0,1.746981,0.609793,1.065297
1845,human,0,42,0,1.407856,0.543103,0.764610
1845,lm,0,9,0,1.038910,1.461148,1.518002
1848,human,0,33,0,1.132572,1.498541,1.697205
1848,lm,0,10,0,1.054111,2.411752,2.542253
1849,human,0,18,0,1.199759,1.202811,1.443084
1849,lm,0,19,0,1.141023,0.964782,1.100839
185,human,0,128,0,1.267854,1.078061,1.366824
185,human,1,66,0,1.249730,1.262562,1.577861
185,lm,0,31,0,1.352220,0.861911,1.165493
1851,human,0,128,0,1.252421,1.031220,1.291521
1851,human,1,128,0,1.323357,1.363313,1.804150
1851,human,2,21,0,1.280922,2.301806,2.948434
1851,lm,0,25,0,1.245788,1.395489,1.738483
1852,human,0,84,0,1.308936,1.171538,1.533468
1852,lm,0,10,0,1.084426,1.330890,1.443252
1853,human,0,128,0,1.768104,0.621842,1.099481
1853,human,1,117,0,1.611542,0.699353,1.127037
1853,lm,0,35,0,1.339555,1.035315,1.386862
1855,human,0,128,0,2.000256,0.232221,0.464501
1855,human,1,10,0,1.071623,1.841071,1.972934
1855,lm,0,128,0,2.546173,0.143119,0.364406
1855,lm,1,66,0,1.953131,0.300555,0.587023
1856,human,0,128,0,1.369577,0.869237,1.190487
1856,human,1,82,0,1.163420,1.324228,1.540634
1856,lm,0,45,0,1.502730,0.763771,1.147742
1857,human,0,16,0,1.132452,1.291640,1.462720
1857,lm,0,16,0,1.280521,0.810019,1.037246
1858,human,0,128,0,1.325590,0.899159,1.191915
1858,human,1,128,0,1.336249,0.939136,1.254919
1858,human,2,125,0,1.383954,0.729977,1.010255
186,human,0,25,0,1.216416,1.277912,1.554473
186,lm,0,15,0,1.224733,1.124793,1.377571
1860,human,0,23,0,1.229236,1.077842,1.324923
1860,lm,0,9,0,1.036427,3.119172,3.232793
1863,human,0,108,0,1.545628,0.514813,0.795710
1863,lm,0,128,0,1.482496,0.498227,0.738619
1863,lm,1,8,0,1.257671,0.855170,1.075523
1864,human,0,71,0,1.361002,0.914329,1.244404
1864,lm,0,44,0,1.487685,0.899390,1.338009
1865,human,0,75,0,1.575650,0.518993,0.817752
1865,lm,0,29,0,1.439640,0.550897,0.793094
1869,human,0,71,0,1.945224,0.360224,0.700716
1869,lm,0,17,0,1.900599,0.317208,0.602886
187,human,0,80,0,1.181544,1.206059,1.425012
187,lm,0,45,0,1.491233,0.896997,1.337632
1871,human,0,40,0,1.364711,1.063307,1.451107
1871,lm,0,19,0,1.267891,1.279603,1.622397
1873,human,0,53,0,1.232416,1.129227,1.391678
1873,lm,0,10,0,1.099029,2.034280,2.235733
1875,human,0,44,0,1.655889,0.321268,0.531984
1875,lm,0,44,0,1.516427,0.497247,0.754039
1876,human,0,81,0,1.274423,1.133443,1.444486
1876,lm,0,45,0,1.408608,0.689505,0.971242
1878,human,0,36,0,1.461555,0.756864,1.106198
1878,lm,0,34,0,1.556020,0.708088,1.101798
1879,human,0,28,0,1.190064,1.278673,1.521703
1879,lm,0,46,0,1.318734,1.459500,1.924692
1880,human,0,128,0,1.226341,1.204253,1.476825
1880,human,1,128,0,1.170520,0.855685,1.001597
1880,human,2,128,0,1.192868,0.993672,1.185320
1880,human,3,128,0,1.192167,0.863346,1.029252
1880,human,4,24,0,1.108477,1.649904,1.828880
1880,lm,0,128,0,1.578562,0.523997,0.827163
1880,lm,1,13,0,1.044399,1.011402,1.056308
1881,human,0,36,0,1.136101,2.335945,2.653871
1881,lm,0,56,0,1.288354,0.984203,1.268002
1884,human,0,128,0,1.265682,0.933057,1.180954
1884,human,1,128,0,1.231417,0.932982,1.148890
1884,human,2,128,0,1.237411,0.719319,0.890093
1884,human,3,128,0,1.319820,0.560884,0.740266
1884,human,4,98,0,1.389763,0.689756,0.958597
1884,lm,0,128,0,1.762560,0.386090,0.680507
1884,lm,1,128,0,2.002228,0.322812,0.646343
1884,lm,2,128,0,1.899342,0.341691,0.648988
1884,lm,3,128,0,1.981798,0.342560,0.678884
1884,lm,4,77,0,1.923004,0.402125,0.773287
1885,human,0,22,0,1.138257,1.569324,1.786294
1885,lm,0,10,0,1.123134,2.538439,2.851007
1886,human,0,55,0,1.280688,1.162815,1.489203
1886,lm,0,26,0,1.451034,1.169053,1.696337
1888,human,0,105,0,1.590130,0.370935,0.589835
1888,lm,0,5,0,1.016887,1.488781,1.513922
1889,human,0,128,0,1.303692,0.978667,1.275880
1889,human,1,67,0,1.498352,1.235148,1.850687
1889,lm,0,10,0,1.103309,2.149448,2.371505
189,human,0,117,0,1.839814,0.456339,0.839579
189,lm,0,10,0,1.262134,1.099749,1.388031
1891,human,0,37,0,1.321995,1.183021,1.563948
1891,lm,0,10,0,1.099254,1.830712,2.012417
1892,human,0,128,0,1.214756,0.821073,0.997403
1892,human,1,128,0,1.347423,0.858740,1.157085
1892,human,2,128,0,1.309314,0.944857,1.237115
1892,human,3,48,0,1.317347,0.865476,1.140133
1892,lm,0,19,0,1.311424,1.037750,1.360930
1893,human,0,30,0,1.277967,1.388949,1.775031
1893,lm,0,21,0,1.593477,0.890273,1.418629
1895,human,0,61,0,1.255406,1.211673,1.521142
1895,lm,0,62,0,1.429695,0.487169,0.696503
1896,human,0,128,0,1.283098,0.558414,0.716500
1896,human,1,17,0,1.194487,1.049701,1.253854
1896,lm,0,22,0,1.399931,0.353398,0.494733
1897,human,0,128,0,1.373989,0.799626,1.098678
1897,human,1,128,0,1.247486,1.041601,1.299382
1897,human,2,65,0,1.172277,1.257710,1.474383
1897,lm,0,128,0,1.606464,0.453096,0.727883
1897,lm,1,10,0,1.439751,2.453368,3.532240
1899,human,0,128,0,1.252889,1.175000,1.472144
1899,human,1,128,0,1.250171,1.075833,1.344976
1899,human,2,56,0,1.434626,1.113474,1.597419
1899,lm,0,43,0,1.252147,0.972134,1.217255
19,human,0,48,0,1.376844,0.997517,1.373425
19,lm,0,6,0,1.174030,1.334331,1.566544
190,human,0,47,0,1.360831,0.897983,1.222004
190,lm,0,70,0,1.612592,0.684867,1.104410
1900,human,0,128,0,1.293846,1.248484,1.615346
1900,human,1,128,0,1.179376,1.822203,2.149062
1900,human,2,128,0,1.163844,1.787694,2.080596
1900,human,3,128,0,1.144498,1.665012,1.905602
1900,human,4,128,0,1.138774,2.457319,2.798330
1900,human,5,128,0,1.262915,1.466969,1.852657
1900,human,6,128,0,1.258694,1.316224,1.656722
1900,human,7,128,0,1.148352,2.242820,2.575546
1900,human,8,127,0,1.275920,1.004720,1.281942
1900,lm,0,128,0,1.341248,0.745446,0.999828
1900,lm,1,128,0,1.426682,0.921512,1.314705
1900,lm,2,17,0,1.287857,1.972965,2.540896
1901,human,0,128,0,1.233454,1.160893,1.431908
1901,human,1,128,0,1.227285,0.975827,1.197618
1901,human,2,128,0,1.274504,0.826829,1.053797
1901,human,3,128,0,1.270222,1.039822,1.320805
1901,human,4,128,0,1.204932,1.340083,1.614709
1901,human,5,34,0,1.198614,1.875460,2.247953
1901,lm,0,82,0,1.534898,0.599804,0.920638
1902,human,0,39,0,1.515784,0.575277,0.871996
1902,lm,0,95,0,2.108606,0.317628,0.669752
1908,human,0,128,0,1.601541,0.678502,1.086649
1908,human,1,50,0,1.460740,0.818119,1.195060
1908,lm,0,90,0,1.583334,0.601640,0.952596
1909,human,0,36,0,1.178663,1.289441,1.519816
1909,lm,0,49,0,1.480368,0.543767,0.804975
1910,human,0,128,0,1.464735,0.629013,0.921337
1910,human,1,128,0,1.343160,0.637813,0.856685
1910,human,2,128,0,1.126161,1.555133,1.751329
1910,human,3,128,0,1.213976,1.253103,1.521236
1910,human,4,128,0,1.187318,1.215587,1.443288
1910,human,5,128,0,1.233983,1.075739,1.327443
1910,human,6,45,0,1.246284,1.583331,1.973281
1910,lm,0,58,0,1.983851,0.429664,0.852389
1911,human,0,57,0,1.429488,1.090529,1.558899
1911,lm,0,55,0,1.688784,0.543721,0.918227
1912,human,0,128,0,1.264979,0.871676,1.102652
1912,human,1,89,0,1.307685,0.998271,1.305424
1912,lm,0,51,0,1.293398,0.873633,1.129955
1914,human,0,32,0,1.205731,1.206821,1.455101
1914,lm,0,89,0,1.449386,0.537539,0.779101
1915,human,0,67,0,1.388021,0.964821,1.339191
1915,lm,0,102,0,1.668810,0.650460,1.085495
1917,human,0,128,0,1.308749,1.006490,1.317243
1917,human,1,128,0,1.459662,0.664261,0.969596
1917,human,2,13,0,1.116051,3.428172,3.826015
1917,lm,0,128,0,1.592566,0.462494,0.736551
1917,lm,1,128,0,2.090526,0.275533,0.576010
1917,lm,2,128,0,2.100369,0.305002,0.640618
1917,lm,3,128,0,1.840675,0.320358,0.589676
1917,lm,4,50,0,1.490098,0.730922,1.089145
1918,human,0,74,0,1.337693,0.666437,0.891488
1918,lm,0,128,0,1.677720,0.450580,0.755946
1918,lm,1,25,0,1.185189,1.271094,1.506487
1919,human,0,128,0,1.869279,0.510827,0.954879
1919,human,1,80,0,1.365724,0.874916,1.194894
1919,lm,0,108,0,2.153052,0.546317,1.176249
192,human,0,128,0,1.486038,0.545248,0.810259
192,human,1,78,0,1.444631,0.870289,1.257247
192,lm,0,85,0,2.157203,0.186526,0.402375
1920,human,0,24,0,1.192269,1.152956,1.374634
1920,lm,0,9,0,1.041650,2.706306,2.819022
1921,human,0,14,0,1.279023,0.984008,1.258569
1921,lm,0,49,0,1.877473,0.285843,0.536663
1924,human,0,75,0,1.305829,0.694400,0.906768
1924,lm,0,100,0,1.533182,0.584115,0.895555
1925,human,0,99,0,1.262478,1.016143,1.282858
1925,lm,0,11,0,1.181519,1.960557,2.316435
1926,human,0,128,0,1.444639,0.559247,0.807911
1926,human,1,128,0,1.232991,1.122317,1.383806
1926,human,2,56,0,1.280733,1.196769,1.532741
1926,lm,0,42,0,1.389106,0.672426,0.934071
1929,human,0,72,0,1.424937,0.243592,0.347103
1929,lm,0,31,0,1.460480,0.308401,0.450413
1930,human,0,128,0,1.244019,1.017063,1.265245
1930,human,1,128,0,1.223689,1.374554,1.682026
1930,human,2,128,0,1.342158,1.048961,1.407871
1930,human,3,22,0,1.414922,0.643939,0.911124
1930,lm,0,101,0,1.804198,0.291525,0.525969
1932,human,0,41,0,1.249910,0.680350,0.850376
1932,lm,0,57,0,1.750868,0.472531,0.827340
1933,human,0,128,0,1.154067,0.998960,1.152868
1933,human,1,4,0,0.916412,4.428259,4.058112
1933,lm,0,11,0,1.083820,2.307068,2.500446
1935,human,0,81,0,1.253975,1.048046,1.314223
1935,lm,0,24,0,1.424886,0.874662,1.246294
1936,human,0,128,0,1.278035,0.936378,1.196724
1936,human,1,8,0,1.043607,4.724718,4.930749
1936,lm,0,128,0,2.024048,0.321902,0.651546
1938,human,0,53,0,1.488188,0.774437,1.152508
1938,lm,0,64,0,2.031069,0.303214,0.615848
1939,human,0,128,0,1.231807,0.977086,1.203581
1939,human,1,128,0,1.325052,0.912970,1.209733
1939,human,2,128,0,1.339353,1.329733,1.780982
1939,human,3,86,0,1.233460,1.438793,1.774693
1939,lm,0,90,0,1.402504,1.670375,2.342709
194,human,0,65,0,1.205454,1.079563,1.301363
194,lm,0,11,0,1.191008,1.273733,1.517026
1941,human,0,36,0,1.275630,1.387608,1.770074
1941,lm,0,12,0,1.055168,2.518291,2.657219
1942,human,0,67,0,1.297053,0.815611,1.057890
1942,lm,0,28,0,1.217738,1.183071,1.440670
1943,human,0,101,0,1.600738,0.454310,0.727231
1943,lm,0,30,0,1.788934,0.738555,1.321225
1944,human,0,128,0,1.370176,1.238930,1.697552
1944,human,1,128,0,1.428178,0.774045,1.105474
1944,human,2,128,0,1.241312,1.544094,1.916703
1944,human,3,62,0,1.261166,1.349530,1.701981
1944,lm,0,128,0,1.601034,0.647824,1.037189
1944,lm,1,128,0,1.344330,0.737996,0.992110
1944,lm,2,128,0,1.096806,1.341895,1.471798
1944,lm,3,128,0,1.168605,1.277050,1.492367
1944,lm,4,128,0,1.033386,1.772585,1.831766
1944,lm,5,128,0,1.198098,1.417911,1.698797
1944,lm,6,128,0,1.335744,1.279761,1.709432
1944,lm,7,128,0,1.484379,0.936403,1.389977
1944,lm,8,128,0,1.335991,0.684371,0.914313
1944,lm,9,128,0,1.240545,0.920106,1.141433
1944,lm,10,128,0,1.123294,1.223422,1.374262
1944,lm,11,128,0,1.216656,1.230046,1.496542
1944,lm,12,128,0,1.053902,2.014809,2.123411
1944,lm,13,128,0,1.198700,1.443243,1.730016
1944,lm,14,128,0,1.279891,1.205849,1.543355
1944,lm,15,96,0,1.469429,1.315591,1.933167
1946,human,0,128,0,1.282366,0.942156,1.208188
1946,human,1,128,0,1.392407,0.773024,1.076364
1946,human,2,128,0,1.380947,0.749151,1.034538
1946,human,3,128,0,1.319545,0.881206,1.162791
1946,human,4,62,0,1.153782,1.005844,1.160525
1946,lm,0,96,0,1.516032,0.589961,0.894399
1947,human,0,89,0,1.489386,0.614835,0.915727
1947,lm,0,128,0,1.668421,0.436427,0.728143
1947,lm,1,62,0,1.457038,0.507749,0.739809
1948,human,0,100,0,1.215476,0.879828,1.069409
1948,lm,0,11,0,1.226003,1.084887,1.330075
1949,human,0,106,0,1.512273,0.774377,1.171070
1949,lm,0,10,0,1.125014,1.750514,1.969354
195,human,0,34,0,1.389450,0.789854,1.097462
195,lm,0,34,0,1.355207,1.119543,1.517213
1950,human,0,128,0,1.437224,0.699900,1.005912
1950,human,1,24,0,1.072315,2.510138,2.691659
1950,lm,0,79,0,1.704805,0.557092,0.949733
1953,human,0,33,0,1.155590,1.714803,1.981609
1953,lm,0,10,0,1.184429,2.537587,3.005593
1954,human,0,128,0,1.078053,1.515687,1.633991
1954,human,1,53,0,1.165271,1.205253,1.404447
1954,lm,0,22,0,1.239508,1.585348,1.965051
1955,human,0,128,0,1.325707,0.755780,1.001942
1955,human,1,56,0,1.230308,1.671373,2.056303
1955,lm,0,128,0,2.463505,0.301397,0.742493
1955,lm,1,32,0,1.160420,1.747543,2.027884
1957,human,0,128,0,1.221497,1.106807,1.351962
1957,human,1,16,0,1.017212,2.603463,2.648274
1957,lm,0,9,0,1.029112,3.766689,3.876344
1958,human,0,128,0,1.486253,0.691267,1.027398
1958,human,1,30,0,1.301208,1.138686,1.481667
1958,lm,0,128,0,1.758252,0.392259,0.689691
1958,lm,1,31,0,1.144177,1.768907,2.023943
1959,human,0,34,0,1.406804,0.793608,1.116451
1959,lm,0,10,0,1.168523,2.019174,2.359452
1960,human,0,95,0,1.214485,1.153085,1.400404
1960,lm,0,6,0,1.036132,3.382878,3.505109
1961,human,0,128,0,1.528124,0.586643,0.896463
1961,human,1,22,0,1.064202,3.104547,3.303866
1961,lm,0,62,0,1.950066,0.543627,1.060108
1962,human,0,128,0,1.500659,0.859007,1.289076
1962,human,1,128,0,1.241034,1.053696,1.307672
1962,human,2,22,0,1.278113,1.491109,1.905807
1962,lm,0,128,0,2.263378,0.243612,0.551387
1962,lm,1,128,0,1.846975,0.339258,0.626601
1962,lm,2,128,0,2.447394,0.229951,0.562781
1962,lm,3,128,0,1.956664,0.307986,0.602624
1962,lm,4,45,0,1.766199,0.666294,1.176808
1963,human,0,128,0,1.465122,0.727312,1.065600
1963,human,1,119,0,1.238369,0.965634,1.195811
1965,human,0,128,0,1.425247,0.862622,1.229450
1965,human,1,128,0,1.279467,0.520774,0.666313
1965,human,2,128,0,1.334043,0.507650,0.677227
1965,human,3,128,0,1.289072,0.596070,0.768378
1965,human,4,8,0,0.997963,3.808510,3.800751
1965,lm,0,45,0,1.354030,0.737918,0.999164
1967,human,0,128,0,1.392287,0.605369,0.842847
1967,human,1,128,0,1.283443,0.887899,1.139568
1967,human,2,26,0,1.212503,1.278589,1.550293
1967,lm,0,46,0,1.366592,0.758305,1.036294
1968,human,0,128,0,1.273534,1.187404,1.512199
1968,human,1,128,0,1.292709,1.001550,1.294713
1968,human,2,26,0,1.133916,1.456053,1.651042
1968,lm,0,128,0,1.506162,0.545333,0.821360
1968,lm,1,14,0,1.291356,1.605972,2.073883
1970,human,0,128,0,1.926081,0.303023,0.583647
1970,human,1,42,0,1.350774,0.978160,1.321273
1970,lm,0,128,0,2.797901,0.207366,0.580189
1970,lm,1,128,0,2.157807,0.331107,0.714466
1970,lm,2,12,0,1.378433,2.105835,2.902752
1971,human,0,128,0,1.213579,1.133725,1.375865
1971,human,1,41,0,1.424298,1.083310,1.542956
1971,lm,0,6,0,1.035934,2.614997,2.708965
1973,human,0,128,0,1.227184,1.518159,1.863060
1973,human,1,128,0,1.293722,1.125458,1.456029
1973,human,2,128,0,1.176541,1.623575,1.910203
1973,human,3,128,0,1.169179,1.974669,2.308741
1973,human,4,95,0,1.233152,1.371299,1.691020
1973,lm,0,128,0,1.792961,0.408577,0.732563
1973,lm,1,11,0,1.040296,1.809577,1.882496
1974,human,0,128,0,1.347815,0.909940,1.226431
1974,human,1,128,0,1.252429,1.183203,1.481878
1974,human,2,128,0,1.428167,0.992809,1.417896
1974,human,3,128,0,1.176971,1.283279,1.510382
1974,human,4,128,0,1.267916,1.278671,1.621247
1974,human,5,115,0,1.209633,1.094677,1.324157
1974,lm,0,12,0,1.555188,0.607111,0.944171
1975,human,0,64,0,1.404858,0.489001,0.686977
1975,lm,0,12,0,1.188126,2.071269,2.460930
1976,human,0,78,0,1.274679,0.630904,0.804200
1976,lm,0,128,0,1.691687,0.371362,0.628229
1976,lm,1,2,0,0.985128,5.758638,5.672996
1977,human,0,13,0,1.111407,1.972680,2.192450
1977,lm,0,36,0,1.315302,1.337851,1.759678
1978,human,0,33,0,1.128746,1.455551,1.642947
1978,lm,0,128,0,1.406197,0.776487,1.091893
1978,lm,1,33,0,1.129254,1.976482,2.231950
1980,human,0,29,0,1.267840,1.175583,1.490450
1980,lm,0,81,0,2.193444,0.286898,0.629296
1981,human,0,128,0,1.384387,0.665280,0.921005
1981,human,1,128,0,1.395842,0.553014,0.771920
1981,human,2,45,0,1.446150,1.170633,1.692911
1981,lm,0,128,0,2.735767,0.199967,0.547064
1981,lm,1,128,0,2.315484,0.201352,0.466228
1981,lm,2,29,0,1.460301,0.924713,1.350360
1982,human,0,43,0,1.235221,1.695828,2.094722
1982,lm,0,10,0,1.089378,2.164731,2.358210
1983,human,0,128,0,1.428393,0.447942,0.639838
1983,human,1,47,0,1.388859,0.490985,0.681909
1983,lm,0,10,0,1.240684,1.000569,1.241390
1984,human,0,94,0,1.340093,0.579653,0.776789
1984,lm,0,10,0,1.058611,2.292758,2.427139
1985,human,0,21,0,1.208684,1.127754,1.363098
1985,lm,0,10,0,1.080653,0.934901,1.010304
1987,human,0,30,0,1.396048,0.750762,1.048099
1987,lm,0,29,0,1.514089,0.698777,1.058010
1988,human,0,128,0,1.302494,0.729687,0.950413
1988,human,1,127,0,1.319926,0.639895,0.844614
1988,lm,0,47,0,1.451422,0.752559,1.092281
1990,human,0,69,0,1.141813,1.267550,1.447305
1990,lm,0,7,0,1.093743,1.399623,1.530828
1991,human,0,15,0,1.199145,1.085459,1.301623
1991,lm,0,1,0,1.000000,1.895324,1.895324
1992,human,0,128,0,1.397719,0.696994,0.974202
1992,human,1,128,0,1.340924,0.759014,1.017781
1992,human,2,128,0,1.484685,0.541714,0.804274
1992,human,3,128,0,1.357797,0.564692,0.766737
1992,human,4,51,0,1.147904,1.606183,1.843744
1992,lm,0,128,0,1.891580,0.279712,0.529098
1992,lm,1,128,0,1.799431,0.470277,0.846230
1992,lm,2,128,0,2.175776,0.320547,0.697438
1992,lm,3,84,0,2.269894,0.376913,0.855553
1994,human,0,11,0,1.138016,1.270452,1.445795
1994,lm,0,28,0,1.393598,0.880157,1.226586
1996,human,0,128,0,1.659821,0.480714,0.797900
1996,human,1,12,0,1.243258,0.621629,0.772845
1996,lm,0,128,0,1.937877,0.391742,0.759147
1996,lm,1,73,0,1.753244,0.510097,0.894325
1997,human,0,20,0,1.180280,1.632161,1.926406
1997,lm,0,128,0,2.022857,0.282400,0.571254
1997,lm,1,41,0,1.671790,0.498982,0.834193
1998,human,0,128,0,1.305935,0.839309,1.096084
1998,human,1,128,0,1.420455,0.792585,1.125831
1998,human,2,25,0,1.170819,0.986964,1.155556
1998,lm,0,25,0,1.282708,0.505022,0.647796
20,human,0,128,0,1.402461,0.787081,1.103850
20,human,1,128,0,1.274506,1.241997,1.582933
20,human,2,128,0,1.345204,0.666495,0.896572
20,human,3,128,0,1.893676,0.463874,0.878426
20,human,4,128,0,1.356022,1.001765,1.358416
20,human,5,128,0,1.216341,1.197218,1.456225
20,human,6,128,0,1.347540,1.163875,1.568368
20,human,7,128,0,1.562265,0.679209,1.061104
20,human,8,61,0,1.392549,1.107320,1.541998
20,lm,0,128,0,1.919047,0.320828,0.615684
20,lm,1,81,0,1.493259,0.518302,0.773959
200,human,0,51,0,1.308231,0.632323,0.827224
200,lm,0,91,0,1.584734,0.536898,0.850841
2000,human,0,97,0,1.832299,0.396216,0.725987
2000,lm,0,84,0,2.003847,0.337709,0.676718
2001,human,0,37,0,1.136051,1.412993,1.605233
2001,lm,0,53,0,1.379972,1.164974,1.607631
2003,human,0,49,0,1.450827,0.590747,0.857072
2003,lm,0,44,0,1.418048,0.672773,0.954025
2005,human,0,47,0,1.329095,0.831047,1.104540
2005,lm,0,10,0,1.125230,1.186950,1.335592
2007,human,0,21,0,1.079043,1.567053,1.690918
2007,lm,0,12,0,1.089528,2.065634,2.250568
2008,human,0,38,0,1.235154,0.792677,0.979077
2008,lm,0,21,0,1.410566,0.969502,1.367547
201,human,0,128,0,1.330844,0.454594,0.604993
201,human,1,97,0,1.049665,1.418110,1.488541
201,lm,0,6,0,1.055897,1.129418,1.192549
2011,human,0,21,0,1.130247,1.800579,2.035099
2011,lm,0,10,0,1.059938,2.881971,3.054710
2012,human,0,56,0,1.326623,0.843277,1.118710
2012,lm,0,10,0,1.125335,1.631240,1.835691
2013,human,0,128,0,1.528016,0.855453,1.307146
2013,human,1,47,0,1.710087,0.568898,0.972865
2013,lm,0,84,0,1.986919,0.458113,0.910234
2016,human,0,79,0,1.192790,1.088375,1.298203
2016,lm,0,115,0,1.835413,0.369206,0.677645
2017,human,0,43,0,1.488510,0.838935,1.248764
2017,lm,0,12,0,1.126559,1.030331,1.160729
2019,human,0,20,0,1.089479,2.000669,2.179686
2019,lm,0,56,0,1.337279,1.381077,1.846885
2020,human,0,52,0,1.218027,1.316222,1.603195
2020,lm,0,44,0,1.523980,0.590254,0.899536
2021,human,0,128,0,1.235163,1.126717,1.391679
2021,human,1,128,0,1.250051,0.911180,1.139021
2021,human,2,48,0,1.136701,1.473894,1.675376
2021,lm,0,128,0,1.694464,0.429545,0.727848
2021,lm,1,128,0,1.928468,0.349114,0.673255
2021,lm,2,128,0,1.830913,0.361166,0.661263
2021,lm,3,128,0,1.841220,0.371126,0.683324
2021,lm,4,128,0,1.920273,0.363866,0.698723
2021,lm,5,60,0,1.606517,0.656857,1.055251
2024,human,0,52,0,1.412438,0.338799,0.478532
2024,lm,0,41,0,1.546641,0.912480,1.411278
2025,human,0,128,0,1.286452,0.689653,0.887206
2025,human,1,42,0,1.212020,0.820084,0.993958
2025,lm,0,74,0,1.501891,0.443708,0.666401
2027,human,0,128,0,1.154099,1.550374,1.789286
2027,human,1,33,0,1.170969,1.128148,1.321027
2029,human,0,66,0,1.602713,0.483879,0.775519
2029,lm,0,44,0,1.779654,0.477806,0.850329
203,human,0,128,0,1.385724,1.082732,1.500367
203,human,1,61,0,1.291008,1.322238,1.707020
203,lm,0,46,0,1.651883,0.832542,1.375261
2030,human,0,128,0,1.414046,0.573549,0.811025
2030,human,1,11,0,1.118741,1.415030,1.583053
2030,lm,0,128,0,1.928543,0.331697,0.639692
2030,lm,1,11,0,1.159065,1.802226,2.088898
2031,human,0,128,0,1.145361,1.011305,1.158309
2031,human,1,22,0,1.038103,1.668652,1.732232
2031,lm,0,7,0,1.094305,2.579768,2.823055
2032,human,0,85,0,1.488700,0.514742,0.766297
2032,lm,0,77,0,1.521850,0.616990,0.938967
2033,human,0,63,0,1.258504,1.160861,1.460948
2033,lm,0,128,0,1.762549,0.320368,0.564664
2033,lm,1,128,0,1.911846,0.243807,0.466121
2033,lm,2,90,0,1.666750,0.331605,0.552703
2035,human,0,128,0,1.307573,0.966108,1.263256
2035,human,1,128,0,1.232890,1.191885,1.469463
2035,human,2,128,0,1.170194,1.339769,1.567789
2035,human,3,128,0,1.098207,1.761688,1.934699
2035,human,4,57,0,1.152868,0.860870,0.992470
2037,human,0,83,0,1.383920,0.859061,1.188872
2037,lm,0,10,0,1.063497,2.430714,2.585057
204,human,0,128,0,1.240429,1.037593,1.287060
204,human,1,35,0,1.326020,0.967327,1.282695
204,lm,0,61,0,1.604058,0.719733,1.154493
2042,human,0,47,0,1.408798,0.566963,0.798737
2042,lm,0,5,0,0.998689,1.999116,1.996496
2043,human,0,128,0,1.336727,0.531694,0.710730
2043,human,1,128,0,1.279042,1.269739,1.624050
2043,human,2,128,0,1.661378,0.254899,0.423483
2043,human,3,128,0,1.374523,1.163939,1.599861
2043,human,4,94,0,1.472309,0.402155,0.592096
2043,lm,0,128,0,1.580221,0.505028,0.798055
2043,lm,1,42,0,1.359190,1.005875,1.367176
2045,human,0,112,0,1.314191,0.830884,1.091941
2045,lm,0,109,0,2.172222,0.316795,0.688149
2047,human,0,128,0,1.304778,1.442811,1.882547
2047,human,1,128,0,1.206818,1.543460,1.862675
2047,human,2,128,0,1.095514,2.367808,2.593966
2047,human,3,128,0,1.159940,1.244308,1.443323
2047,human,4,128,0,1.177707,1.213576,1.429237
2047,human,5,110,0,1.200758,1.071923,1.287120
2047,lm,0,9,0,1.045866,1.451678,1.518260
2049,human,0,128,0,1.654563,0.511711,0.846659
2049,human,1,8,0,1.074832,2.686129,2.887138
2049,lm,0,92,0,2.350098,0.324280,0.762090
2050,human,0,34,0,1.249998,0.967747,1.209682
2050,lm,0,13,0,1.085896,1.162655,1.262523
2051,human,0,67,0,1.653567,0.717038,1.185670
2051,lm,0,127,0,1.538173,0.583249,0.897138
2052,human,0,106,0,1.794314,0.371359,0.666335
2052,lm,0,86,0,1.839074,0.398698,0.733236
2054,human,0,128,0,1.304564,0.687300,0.896626
2054,human,1,51,0,1.138640,1.497155,1.704721
2054,lm,0,128,0,1.476199,0.543567,0.802413
2054,lm,1,16,0,1.320161,1.020010,1.346577
2055,human,0,128,0,1.631122,0.548343,0.894415
2055,human,1,54,0,1.649725,0.530050,0.874436
2055,lm,0,39,0,1.438324,0.858832,1.235279
2056,human,0,36,0,1.561254,0.532438,0.831271
2056,lm,0,10,0,1.150061,1.876234,2.157783
2057,human,0,128,0,1.473538,0.744167,1.096558
2057,human,1,51,0,1.270892,1.366954,1.737251
2057,lm,0,30,0,1.405235,0.476438,0.669507
2058,human,0,109,0,1.324506,0.778794,1.031517
2058,lm,0,60,0,1.596192,0.579582,0.925125
2059,human,0,15,0,1.121130,1.259756,1.412350
2059,lm,0,18,0,1.464617,0.830583,1.216486
2060,human,0,40,0,1.417682,0.881426,1.249583
2060,lm,0,45,0,1.740497,0.491954,0.856245
2061,human,0,128,0,1.212255,0.934713,1.133110
2061,human,1,42,0,1.225341,1.528884,1.873404
2061,lm,0,7,0,1.115223,1.674536,1.867481
2062,human,0,128,0,1.465236,0.517022,0.757559
2062,human,1,117,0,1.201008,1.242642,1.492423
2062,lm,0,54,0,1.629897,0.368082,0.599936
2063,human,0,48,0,1.457188,0.806423,1.175110
2063,lm,0,8,0,1.106421,1.984424,2.195608
2067,human,0,128,0,1.157303,1.172863,1.357358
2067,human,1,128,0,1.213285,1.068099,1.295908
2067,human,2,27,0,1.170229,1.845035,2.159113
2067,lm,0,128,0,1.752977,0.470291,0.824410
2067,lm,1,3,0,1.013221,5.188911,5.257515
2070,human,0,94,0,1.650068,0.443691,0.732121
2070,lm,0,83,0,1.560500,0.436361,0.680942
2072,human,0,128,0,1.497450,0.541024,0.810157
2072,human,1,128,0,1.480546,0.531710,0.787222
2072,human,2,28,0,1.166805,1.284260,1.498481
2072,lm,0,102,0,1.727174,0.431511,0.745295
2073,human,0,54,0,1.422609,0.589483,0.838603
2073,lm,0,42,0,1.762957,0.743250,1.310319
2074,human,0,29,0,1.270691,1.028050,1.306334
2074,lm,0,29,0,1.275317,1.028050,1.311089
2076,human,0,46,0,1.404554,0.653713,0.918175
2076,lm,0,28,0,1.581523,0.557502,0.881703
2077,human,0,61,0,1.348374,0.755356,1.018502
2077,lm,0,10,0,1.148823,1.451944,1.668027
2078,human,0,128,0,1.536796,0.661415,1.016459
2078,human,1,116,0,1.561200,0.524766,0.819265
2078,lm,0,90,0,1.609210,0.417477,0.671808
2079,human,0,80,0,1.534085,0.803169,1.232129
2079,lm,0,10,0,1.074940,2.010936,2.161635
208,human,0,55,0,1.359001,0.653583,0.888220
208,lm,0,10,0,1.223716,0.927194,1.134622
2081,human,0,60,0,1.613091,0.663006,1.069489
2081,lm,0,14,0,1.315987,0.618701,0.814202
2083,human,0,31,0,1.375522,0.751428,1.033606
2083,lm,0,44,0,1.561034,0.940697,1.468460
2088,human,0,47,0,1.342068,0.571228,0.766626
2088,lm,0,27,0,1.927286,0.236241,0.455303
209,human,0,36,0,1.554993,0.374932,0.583017
209,lm,0,6,0,1.148418,0.980292,1.125786
2090,human,0,84,0,2.460895,0.282865,0.696101
2090,lm,0,6,0,1.092789,2.154963,2.354920
2091,human,0,52,0,1.556275,0.929013,1.445799
2091,lm,0,50,0,1.450264,1.006906,1.460280
2096,human,0,84,0,1.540299,0.539006,0.830230
2096,lm,0,43,0,1.743926,0.482511,0.841464
2097,human,0,128,0,1.245473,0.808775,1.007308
2097,human,1,128,0,1.250406,1.010327,1.263318
2097,human,2,120,0,1.438741,0.483361,0.695432
2097,lm,0,63,0,1.662548,0.530681,0.882282
2099,human,0,46,0,1.255282,1.678185,2.106596
2099,lm,0,97,0,1.537829,0.485164,0.746099
21,human,0,13,0,1.072739,2.146946,2.303113
21,lm,0,128,0,1.630590,0.693495,1.130806
21,lm,1,128,0,1.853347,0.521029,0.965647
21,lm,2,55,0,1.552231,0.598326,0.928740
210,human,0,128,0,1.398086,0.685394,0.958239
210,human,1,128,0,1.491251,0.946492,1.411458
210,human,2,128,0,1.430680,0.837599,1.198336
210,human,3,128,0,1.354133,1.038554,1.406340
210,human,4,67,0,1.315143,1.118141,1.470515
210,lm,0,18,0,1.147226,1.542645,1.769763
2100,human,0,29,0,1.152442,1.298384,1.496311
2100,lm,0,40,0,1.297837,1.097912,1.424910
2101,human,0,50,0,1.292093,1.118768,1.445552
2101,lm,0,52,0,1.332478,1.035402,1.379650
2102,human,0,128,0,1.490595,0.878396,1.309332
2102,human,1,128,0,1.143116,1.231676,1.407949
2102,human,2,128,0,1.324053,0.661470,0.875822
2102,human,3,79,0,1.421291,0.628674,0.893529
2102,lm,0,7,0,1.169689,1.145982,1.340442
2104,human,0,128,0,1.283927,0.639327,0.820850
2104,human,1,128,0,1.227707,0.892419,1.095629
2104,human,2,128,0,1.148308,1.223526,1.404985
2104,human,3,110,0,1.160210,1.454973,1.688074
2104,lm,0,39,0,1.481399,0.865247,1.281776
2107,human,0,128,0,1.271891,0.944722,1.201583
2107,human,1,128,0,1.232984,0.823256,1.015062
2107,human,2,128,0,1.256487,1.062800,1.335394
2107,human,3,128,0,1.436019,0.777236,1.116126
2107,human,4,128,0,1.192733,0.984801,1.174605
2107,human,5,128,0,1.196239,1.327636,1.588170
2107,human,6,1,0,nan,nan,nan
2107,lm,0,56,0,1.895328,0.249135,0.472192
2108,human,0,26,0,1.196210,0.764184,0.914125
2108,lm,0,34,0,1.799370,0.060928,0.109632
2109,human,0,122,0,1.981015,0.309269,0.612666
2109,lm,0,10,0,1.092539,1.896152,2.071620
211,human,0,128,0,1.333904,0.887432,1.183749
211,human,1,75,0,1.306418,0.892035,1.165370
211,lm,0,48,0,1.550578,0.548395,0.850329
2110,human,0,118,0,1.835768,0.513790,0.943199
2110,lm,0,81,0,1.911492,0.465606,0.890001
2111,human,0,78,0,1.309940,0.756991,0.991612
2111,lm,0,36,0,1.322073,0.830450,1.097916
2112,human,0,23,0,1.205930,1.076812,1.298560
2112,lm,0,49,0,1.936055,0.348778,0.675253
2113,human,0,23,0,1.239494,1.329934,1.648445
2113,lm,0,11,0,1.144482,1.370440,1.568444
2115,human,0,127,0,1.542480,0.724309,1.117232
2115,lm,0,9,0,1.098752,1.337984,1.470113
2116,human,0,128,0,1.337627,0.604334,0.808374
2116,human,1,89,0,1.225739,0.946162,1.159747
2116,lm,0,61,0,1.471204,0.573586,0.843862
2117,human,0,128,0,1.287208,0.872473,1.123054
2117,human,1,128,0,1.255784,1.080853,1.357317
2117,human,2,17,0,1.204070,1.088628,1.310785
2117,lm,0,9,0,0.966632,5.874931,5.678898
2120,human,0,128,0,1.392548,0.748501,1.042323
2120,human,1,42,0,1.172726,1.495630,1.753965
2120,lm,0,44,0,1.324736,0.891429,1.180908
2121,human,0,117,0,1.251163,0.876099,1.096142
2121,lm,0,12,0,1.186094,1.001847,1.188285
2122,human,0,61,0,1.247861,0.991886,1.237736
2122,lm,0,35,0,1.400110,1.018957,1.426651
2124,human,0,115,0,1.321733,0.711730,0.940717
2124,lm,0,128,0,1.936741,0.217595,0.421426
2124,lm,1,128,0,2.135267,0.141284,0.301680
2124,lm,2,128,0,2.084466,0.135959,0.283401
2124,lm,3,108,0,1.933654,0.154882,0.299488
2125,human,0,74,0,1.396178,0.668524,0.933378
2125,lm,0,68,0,1.602719,0.400346,0.641642
2128,human,0,128,0,1.481484,0.654828,0.970117
2128,human,1,128,0,1.458244,0.935665,1.364428
2128,human,2,69,0,1.263786,1.119663,1.415015
2128,lm,0,74,0,1.691057,0.452296,0.764859
2129,human,0,90,0,1.352578,0.829954,1.122578
2129,lm,0,35,0,1.426809,0.418679,0.597376
213,human,0,128,0,1.508459,0.599054,0.903649
213,human,1,43,0,1.303659,0.869564,1.133615
213,lm,0,51,0,1.437793,0.519195,0.746495
2130,human,0,23,0,1.092856,2.249177,2.458027
2130,lm,0,47,0,1.601380,1.014244,1.624190
2132,human,0,16,0,1.286799,0.816802,1.051060
2132,lm,0,7,0,1.224479,1.199040,1.468200
2133,human,0,128,0,1.751973,0.437056,0.765711
2133,human,1,128,0,1.334987,0.860550,1.148823
2133,human,2,68,0,1.284928,0.889514,1.142961
2133,lm,0,53,0,1.353708,0.624248,0.845050
2134,human,0,128,0,1.484394,0.905506,1.344127
2134,human,1,128,0,1.471968,1.078784,1.587935
2134,human,2,26,0,1.439681,1.024821,1.475414
2134,lm,0,128,0,1.784689,0.393153,0.701656
2134,lm,1,128,0,1.899085,0.357825,0.679541
2134,lm,2,42,0,1.650675,0.805664,1.329889
2135,human,0,77,0,1.491007,0.766990,1.143588
2135,lm,0,44,0,1.576265,0.851405,1.342040
2136,human,0,128,0,1.668573,0.513685,0.857121
2136,human,1,79,0,1.441357,0.582529,0.839633
2136,lm,0,128,0,2.175004,0.272773,0.593283
2136,lm,1,128,0,2.704118,0.122536,0.331353
2136,lm,2,109,0,2.656955,0.135407,0.359769
2137,human,0,128,0,1.524273,0.444248,0.677155
2137,human,1,53,0,1.250604,1.340205,1.676066
2137,lm,0,128,0,1.698147,0.326374,0.554230
2137,lm,1,128,0,1.607942,0.372878,0.599566
2137,lm,2,31,0,1.178501,2.001582,2.358867
2139,human,0,128,0,1.267313,1.106568,1.402367
2139,human,1,128,0,1.273209,1.125314,1.432760
2139,human,2,126,0,1.136936,1.717868,1.953106
2139,lm,0,35,0,1.418591,0.725599,1.029329
2141,human,0,91,0,1.506348,0.465704,0.701512
2141,lm,0,103,0,2.379130,0.198438,0.472110
2145,human,0,41,0,1.678156,0.463826,0.778373
2145,lm,0,30,0,1.634909,0.602805,0.985531
2146,human,0,128,0,1.658351,0.348004,0.577112
2146,human,1,4,0,1.107970,1.674109,1.854862
2146,lm,0,58,0,1.570746,0.492952,0.774302
2148,human,0,65,0,1.347912,0.842434,1.135527
2148,lm,0,64,0,1.415138,0.875683,1.239212
2149,human,0,128,0,1.373797,0.695950,0.956094
2149,human,1,128,0,1.402682,0.872898,1.224399
2149,human,2,128,0,1.477863,0.616707,0.911408
2149,human,3,128,0,1.196606,1.355381,1.621858
2149,human,4,7,0,1.245661,1.562314,1.946115
2149,lm,0,59,0,1.640550,0.734230,1.204541
2152,human,0,128,0,1.674750,0.569229,0.953317
2152,human,1,128,0,1.378103,0.812612,1.119862
2152,human,2,128,0,1.673935,0.742153,1.242315
2152,human,3,128,0,1.410905,0.747559,1.054734
2152,human,4,128,0,1.614528,0.879961,1.420722
2152,human,5,6,0,1.456630,1.201846,1.750644
2152,lm,0,128,0,2.360594,0.240311,0.567277
2152,lm,1,10,0,1.280483,1.129682,1.446539
2154,human,0,87,0,1.479026,0.737626,1.090968
2154,lm,0,10,0,1.161644,2.855320,3.316864
2155,human,0,115,0,1.478680,0.622644,0.920691
2155,lm,0,12,0,1.186655,1.403787,1.665811
2156,human,0,19,0,1.345038,0.900117,1.210692
2156,lm,0,53,0,1.935456,0.548251,1.061116
2159,human,0,26,0,1.375421,0.736086,1.012429
2159,lm,0,106,0,1.802527,0.464271,0.836861
2160,human,0,128,0,1.726613,0.497430,0.858869
2160,human,1,14,0,1.097874,1.690967,1.856468
2160,lm,0,126,0,1.610939,0.462672,0.745337
2161,human,0,33,0,1.331115,1.306848,1.739564
2161,lm,0,128,0,1.838453,0.407575,0.749308
2161,lm,1,74,0,1.434207,0.702012,1.006830
2163,human,0,118,0,1.121640,0.733543,0.822771
2163,lm,0,6,0,1.222974,0.956449,1.169712
2164,human,0,21,0,1.255763,1.146580,1.439833
2164,lm,0,14,0,1.567663,0.670754,1.051517
2166,human,0,119,0,1.445076,0.619591,0.895356
2166,lm,0,52,0,1.538492,0.513472,0.789973
2167,human,0,39,0,1.391437,0.904916,1.259134
2167,lm,0,10,0,1.192475,2.389544,2.849471
2168,human,0,90,0,1.295566,1.076126,1.394192
2168,lm,0,20,0,1.429429,0.961831,1.374870
217,human,0,49,0,1.339163,0.908830,1.217072
217,lm,0,11,0,1.181952,2.149665,2.540802
2171,human,0,128,0,1.330602,1.071619,1.425898
2171,human,1,57,0,1.384313,0.977532,1.353211
2171,lm,0,48,0,1.506037,0.860048,1.295264
2172,human,0,128,0,1.335724,0.786995,1.051208
2172,human,1,128,0,1.238983,0.787916,0.976215
2172,human,2,128,0,1.200791,1.209170,1.451960
2172,human,3,128,0,1.646774,0.510131,0.840071
2172,human,4,14,0,1.086369,2.056415,2.234025
2172,lm,0,44,0,1.585668,0.598283,0.948678
2174,human,0,128,0,1.414223,0.827273,1.169949
2174,human,1,128,0,1.254673,0.990229,1.242413
2174,human,2,90,0,1.231041,0.824469,1.014956
2177,human,0,128,0,1.587812,0.522446,0.829547
2177,human,1,128,0,1.356929,0.628189,0.852408
2177,human,2,30,0,1.118779,1.200628,1.343237
2177,lm,0,33,0,1.541773,0.868190,1.338552
2178,human,0,36,0,1.106669,1.799971,1.991971
2178,lm,0,109,0,1.398934,0.871244,1.218813
2179,human,0,128,0,1.243281,1.129539,1.404334
2179,human,1,85,0,1.344713,1.177202,1.582999
2179,lm,0,128,0,1.725656,0.387624,0.668906
2179,lm,1,7,0,1.068186,1.249035,1.334202
218,human,0,128,0,1.482934,0.479775,0.711475
218,human,1,38,0,1.433327,1.535999,2.201589
218,lm,0,35,0,1.657994,0.375765,0.623017
2181,human,0,26,0,1.134810,1.431120,1.624050
2181,lm,0,128,0,1.758699,0.498031,0.875887
2181,lm,1,2,0,1.000282,4.634279,4.635584
2182,human,0,21,0,1.128503,1.685101,1.901642
2182,lm,0,61,0,1.561309,0.875782,1.367366
2183,human,0,66,0,1.498259,0.472693,0.708216
2183,lm,0,94,0,1.696115,0.278832,0.472931
2184,human,0,66,0,1.229392,1.145223,1.407927
2186,human,0,124,0,1.627114,0.459454,0.747583
2186,lm,0,65,0,1.508715,0.853200,1.287235
2187,human,0,61,0,1.359940,0.585155,0.795775
2187,lm,0,59,0,1.615505,0.492412,0.795495
2188,human,0,128,0,1.277011,0.706747,0.902523
2188,human,1,34,0,0.998550,3.276527,3.271776
2188,lm,0,92,0,1.601041,0.329803,0.528028
2189,human,0,128,0,1.317739,0.927791,1.222587
2189,human,1,56,0,1.364690,0.697291,0.951586
2189,lm,0,10,0,1.213568,1.023586,1.242192
2191,human,0,128,0,1.353282,0.888797,1.202793
2191,human,1,128,0,1.695649,0.616696,1.045701
2191,human,2,128,0,1.355947,0.825902,1.119879
2191,human,3,75,0,1.243543,1.165450,1.449287
2191,lm,0,128,0,1.619687,0.656351,1.063084
2191,lm,1,128,0,1.404843,0.768122,1.079091
2191,lm,2,128,0,1.397504,0.626653,0.875750
2191,lm,3,7,0,0.969387,2.757672,2.673252
2192,human,0,128,0,1.472233,0.767918,1.130554
2192,human,1,128,0,1.351909,0.677306,0.915656
2192,human,2,128,0,1.427243,0.821547,1.172548
2192,human,3,128,0,1.265023,0.938453,1.187165
2192,human,4,35,0,1.098340,2.159304,2.371650
2192,lm,0,128,0,1.615006,0.260869,0.421306
2192,lm,1,92,0,1.651019,0.392787,0.648499
2194,human,0,128,0,1.356031,0.649316,0.880493
2194,human,1,89,0,1.232555,0.823376,1.014855
2194,lm,0,11,0,1.111219,1.495605,1.661946
2195,human,0,117,0,1.210161,0.863926,1.045489
2195,lm,0,40,0,1.355961,0.576000,0.781034
2196,human,0,98,0,1.204140,0.972578,1.171120
2196,lm,0,45,0,1.416552,0.556881,0.788850
2197,human,0,97,0,1.230386,1.350858,1.662076
2197,lm,0,58,0,2.128467,0.449833,0.957454
2198,human,0,128,0,1.714966,0.539450,0.925138
2198,human,1,65,0,1.729861,0.597140,1.032969
2198,lm,0,44,0,1.432887,0.745581,1.068334
220,human,0,118,0,1.409969,0.766039,1.080091
220,lm,0,10,0,1.096469,1.911046,2.095403
2200,human,0,43,0,1.211202,0.759442,0.919837
2200,lm,0,66,0,1.371473,1.044218,1.432118
2201,human,0,54,0,1.362826,0.842807,1.148600
2201,lm,0,12,0,1.192350,1.357993,1.619203
2205,human,0,65,0,1.406482,0.595941,0.838180
2205,lm,0,18,0,1.359644,0.848864,1.154153
2207,human,0,8,0,1.268689,0.966427,1.226096
2207,lm,0,6,0,1.353615,0.873996,1.183055
2208,human,0,99,0,1.222132,1.321591,1.615159
2208,lm,0,53,0,1.613721,0.632941,1.021391
221,human,0,128,0,1.336893,0.647403,0.865508
221,human,1,61,0,1.323531,0.812615,1.075521
221,lm,0,11,0,1.174616,1.063515,1.249222
2211,human,0,38,0,1.260519,0.921936,1.162118
2211,lm,0,54,0,1.411129,1.052376,1.485039
2212,human,0,13,0,1.158837,1.555568,1.802651
2212,lm,0,69,0,1.641004,0.496907,0.815427
2213,human,0,117,0,1.262251,0.876338,1.106159
2213,lm,0,57,0,1.495249,0.695955,1.040625
2214,human,0,34,0,1.271976,0.872392,1.109662
2214,lm,0,59,0,2.152644,0.259158,0.557875
2215,human,0,66,0,1.475828,0.917927,1.354702
2215,lm,0,11,0,1.157540,1.897388,2.196301
2216,human,0,128,0,1.497141,0.540581,0.809327
2216,human,1,49,0,1.192568,1.883729,2.246476
2216,lm,0,128,0,3.006575,0.122628,0.368690
2216,lm,1,128,0,2.300790,0.161002,0.370431
2216,lm,2,125,0,2.169542,0.119578,0.259429
2217,human,0,119,0,1.552363,0.555090,0.861701
2217,lm,0,46,0,1.734287,0.738949,1.281551
222,human,0,93,0,1.492176,0.438338,0.654078
222,lm,0,11,0,1.210665,1.077882,1.304954
2221,human,0,118,0,1.774021,0.434464,0.770749
2221,lm,0,7,0,1.139128,1.616036,1.840872
2224,human,0,75,0,1.624669,0.372915,0.605863
2224,lm,0,86,0,1.921190,0.263073,0.505413
2226,human,0,38,0,1.380771,0.844846,1.166538
2226,lm,0,6,0,1.064720,1.713124,1.823998
2228,human,0,89,0,1.587361,0.512742,0.813907
2228,lm,0,69,0,1.538009,0.741182,1.139945
2229,human,0,67,0,1.283749,0.793011,1.018027
2229,lm,0,55,0,1.530168,0.397184,0.607758
2231,human,0,93,0,1.328050,0.966091,1.283017
2231,lm,0,90,0,2.224588,0.219397,0.488068
2236,human,0,83,0,1.487309,0.688035,1.023321
2236,lm,0,22,0,1.723313,0.994424,1.713704
2240,human,0,45,0,1.529360,0.525870,0.804245
2240,lm,0,37,0,1.647801,0.750825,1.237210
2243,human,0,66,0,1.748525,0.736010,1.286932
2243,lm,0,16,0,1.277791,0.957189,1.223088
2244,human,0,88,0,1.421927,0.626296,0.890547
2244,lm,0,128,0,1.467598,0.758644,1.113384
2244,lm,1,102,0,1.523726,0.852467,1.298926
2245,human,0,128,0,1.652674,0.411357,0.679839
2245,human,1,93,0,1.438780,0.680670,0.979334
2245,lm,0,44,0,1.229104,1.428193,1.755398
2246,human,0,113,0,1.594592,0.622513,0.992654
2246,lm,0,40,0,1.368671,0.904467,1.237918
2247,human,0,128,0,1.359333,0.758998,1.031732
2247,human,1,128,0,1.672312,0.485401,0.811741
2247,human,2,128,0,1.323022,1.195743,1.581995
2247,human,3,53,0,1.341326,1.255373,1.683864
2247,lm,0,110,0,2.005837,0.401204,0.804750
2248,human,0,128,0,1.200183,0.940696,1.129008
2248,human,1,35,0,1.122595,0.992723,1.114427
2248,lm,0,21,0,1.214870,0.850031,1.032678
2249,human,0,128,0,1.177955,1.298220,1.529245
2249,human,1,105,0,1.231657,1.253601,1.544008
2249,lm,0,12,0,1.099596,2.237026,2.459825
2250,human,0,50,0,1.789779,0.563817,1.009109
2250,lm,0,11,0,1.309285,0.974193,1.275496
2251,human,0,116,0,1.330694,0.870434,1.158282
2251,lm,0,10,0,1.103108,1.619545,1.786533
2253,human,0,60,0,1.309233,1.047268,1.371117
2253,lm,0,38,0,1.552805,0.680187,1.056197
2257,human,0,35,0,1.281622,1.107878,1.419881
2257,lm,0,69,0,1.587797,0.582409,0.924747
2258,human,0,128,0,1.367210,0.872332,1.192662
2258,human,1,104,0,1.442059,0.710387,1.024421
2258,lm,0,49,0,1.540316,0.551830,0.849993
2259,human,0,128,0,1.109794,1.063602,1.180379
2259,human,1,128,0,1.077128,1.651203,1.778557
2259,human,2,128,0,1.106519,1.533254,1.696575
2259,human,3,128,0,1.138837,1.135901,1.293607
2259,human,4,80,0,1.132849,1.164807,1.319550
2259,lm,0,110,0,2.093610,0.239459,0.501333
226,human,0,128,0,1.764888,0.271809,0.479712
226,human,1,128,0,1.275016,0.703994,0.897604
226,human,2,40,0,1.386781,0.908358,1.259694
226,lm,0,29,0,1.479818,0.655427,0.969912
2260,human,0,30,0,1.271194,1.088946,1.384262
2260,lm,0,73,0,1.530669,0.387056,0.592454
2261,human,0,98,0,1.463552,0.462659,0.677126
2261,lm,0,48,0,1.360670,0.746463,1.015690
2263,human,0,128,0,1.226391,1.147735,1.407571
2263,human,1,128,0,1.256659,1.181473,1.484709
2263,human,2,88,0,1.269840,1.024526,1.300984
2263,lm,0,30,0,1.817244,0.473332,0.860160
2265,human,0,32,0,1.319853,0.881613,1.163599
2265,lm,0,13,0,1.199779,1.062546,1.274821
2266,human,0,128,0,1.221267,0.881655,1.076736
2266,human,1,64,0,1.104831,1.111957,1.228524
2266,lm,0,21,0,1.219810,0.736299,0.898144
2268,human,0,61,0,1.431867,0.521175,0.746253
2268,lm,0,8,0,1.280964,0.936744,1.199935
227,human,0,20,0,1.136744,1.564653,1.778609
227,lm,0,128,0,2.029029,0.197731,0.401202
227,lm,1,128,0,1.756900,0.287732,0.505517
227,lm,2,128,0,1.638343,0.284252,0.465702
227,lm,3,128,0,1.513924,0.379705,0.574845
227,lm,4,41,0,1.394033,0.871132,1.214387
2270,human,0,128,0,1.324207,1.033286,1.368284
2270,human,1,97,0,1.434647,0.619461,0.888708
2270,lm,0,128,0,2.099917,0.229364,0.481645
2270,lm,1,91,0,1.480132,0.651910,0.964914
2273,human,0,26,0,1.112990,1.835929,2.043371
2273,lm,0,46,0,1.320610,1.085701,1.433789
2274,human,0,128,0,1.220895,1.220120,1.489638
2274,human,1,109,0,1.364189,0.856049,1.167813
2274,lm,0,36,0,1.499690,0.755812,1.133483
2275,human,0,30,0,1.295851,1.257850,1.629986
2275,lm,0,11,0,1.181283,1.562080,1.845259
2276,human,0,91,0,1.637918,0.439362,0.719639
2276,lm,0,42,0,1.453605,0.786274,1.142932
228,human,0,34,0,1.461579,0.560664,0.819454
228,lm,0,7,0,1.216080,0.521631,0.634345
2280,human,0,116,0,1.885647,0.330635,0.623460
2280,lm,0,108,0,1.927026,0.281331,0.542133
2281,human,0,14,0,1.161078,1.353331,1.571322
2281,lm,0,24,0,1.492830,0.588827,0.879019
2282,human,0,43,0,1.299510,0.836045,1.086449
2282,lm,0,90,0,1.786125,0.326184,0.582606
2284,human,0,45,0,1.392665,0.659212,0.918062
2284,lm,0,11,0,1.187303,1.266632,1.503877
2288,human,0,128,0,1.314696,0.892888,1.173876
2288,human,1,128,0,1.266958,0.885166,1.121468
2288,human,2,51,0,1.345027,0.888671,1.195286
2288,lm,0,109,0,1.695815,0.489230,0.829644
229,human,0,128,0,1.248488,1.181549,1.475149
229,human,1,20,0,1.144976,1.095124,1.253891
229,lm,0,61,0,1.576707,0.576689,0.909270
2290,human,0,59,0,1.382890,0.587895,0.812994
2290,lm,0,24,0,1.419475,0.880940,1.250472
2291,human,0,28,0,1.220544,1.468873,1.792825
2291,lm,0,62,0,1.717008,0.401454,0.689299
2292,human,0,63,0,1.256894,0.948586,1.192272
2292,lm,0,12,0,1.087105,1.895501,2.060609
2293,human,0,76,0,1.370013,0.720376,0.986924
2293,lm,0,52,0,1.927642,0.433389,0.835419
2295,human,0,60,0,1.478848,0.836437,1.236963
2295,lm,0,11,0,1.130886,1.961654,2.218407
2298,human,0,104,0,1.339561,0.768450,1.029386
2298,lm,0,128,0,1.971761,0.352119,0.694294
2298,lm,1,14,0,1.324497,1.775700,2.351908
2299,human,0,33,0,1.115102,1.844998,2.057361
2299,lm,0,37,0,1.458768,0.971720,1.417514
23,human,0,128,0,1.271452,1.107425,1.408038
23,human,1,128,0,1.409414,0.752890,1.061134
23,human,2,128,0,1.185772,1.254909,1.488035
23,human,3,128,0,1.207806,1.300127,1.570301
23,human,4,128,0,1.309992,0.971976,1.273280
23,human,5,82,0,1.350544,1.086174,1.466926
23,lm,0,85,0,1.682610,0.638286,1.073985
230,human,0,53,0,1.509576,0.792499,1.196338
230,lm,0,53,0,2.582633,0.342021,0.883314
2303,human,0,128,0,1.403755,0.505035,0.708945
2303,human,1,84,0,1.330157,1.235663,1.643625
2303,lm,0,128,0,1.759255,0.370294,0.651441
2303,lm,1,128,0,1.470370,0.396440,0.582914
2303,lm,2,128,0,1.232173,0.775309,0.955315
2303,lm,3,128,0,1.278001,0.627472,0.801910
2303,lm,4,128,0,1.335550,0.754227,1.007308
2303,lm,5,128,0,1.298578,0.721350,0.936729
2303,lm,6,21,0,1.097981,2.786746,3.059796
2305,human,0,88,0,1.355140,1.092867,1.480989
2305,lm,0,11,0,1.188109,1.889430,2.244848
2306,human,0,47,0,1.277533,1.152021,1.471745
2306,lm,0,27,0,1.254787,1.143555,1.434917
231,human,0,23,0,1.182606,1.214249,1.435979
231,lm,0,128,0,1.736067,0.666826,1.157654
231,lm,1,3,0,0.918147,7.085901,6.505897
2310,human,0,84,0,1.409023,0.613943,0.865060
2310,lm,0,79,0,1.568898,0.551849,0.865794
2313,human,0,128,0,1.243384,0.965541,1.200538
2313,human,1,21,0,1.253673,1.191701,1.494004
2313,lm,0,13,0,1.119130,1.307533,1.463299
2314,human,0,128,0,1.593504,0.519764,0.828246
2314,human,1,1,0,1.000000,2.639057,2.639057
2314,lm,0,47,0,1.790506,0.401069,0.718117
2316,human,0,128,0,1.468393,0.465967,0.684223
2316,human,1,58,0,1.368576,0.684297,0.936513
2316,lm,0,128,0,1.436748,0.582663,0.837140
2316,lm,1,27,0,1.070620,2.733937,2.927007
2317,human,0,85,0,1.237377,1.070860,1.325059
2317,lm,0,125,0,3.217508,0.115897,0.372900
2319,human,0,128,0,1.406547,0.820783,1.154470
2319,human,1,22,0,1.190989,1.384390,1.648794
2319,lm,0,64,0,1.543640,0.761062,1.174805
232,human,0,27,0,1.271259,0.894304,1.136891
232,lm,0,7,0,1.101813,1.781173,1.962519
2320,human,0,36,0,1.251380,0.951007,1.190071
2320,lm,0,8,0,1.029623,2.866790,2.951714
2322,human,0,128,0,1.487072,0.467959,0.695889
2322,human,1,31,0,1.257626,1.080510,1.358877
2322,lm,0,128,0,1.634696,0.575852,0.941343
2322,lm,1,40,0,1.363366,0.688994,0.939351
2324,human,0,128,0,1.576809,0.720614,1.136272
2324,human,1,128,0,1.450914,0.860307,1.248231
2324,human,2,128,0,1.333600,0.957105,1.276395
2324,human,3,87,0,1.182409,0.609761,0.720986
2324,lm,0,11,0,1.409055,0.991146,1.396578
2325,human,0,40,0,1.349391,1.128186,1.522364
2325,lm,0,58,0,2.247709,0.158168,0.355516
2326,human,0,22,0,1.284833,0.592415,0.761155
2326,lm,0,29,0,1.609708,0.481768,0.775506
2327,human,0,83,0,1.538868,0.473517,0.728681
2327,lm,0,107,0,1.656539,0.288950,0.478657
2330,human,0,59,0,1.296840,0.908664,1.178392
2330,lm,0,41,0,2.025143,0.300636,0.608832
2331,human,0,20,0,1.509905,0.582673,0.879780
2331,lm,0,12,0,1.430315,0.677789,0.969452
2332,human,0,18,0,1.323993,0.764248,1.011859
2332,lm,0,26,0,1.622998,0.495519,0.804227
2333,human,0,50,0,1.386585,0.738820,1.024437
2333,lm,0,16,0,1.359256,1.051529,1.429296
2334,human,0,128,0,1.357988,0.614032,0.833848
2334,human,1,128,0,1.331662,0.608001,0.809652
2334,human,2,107,0,1.213562,0.850453,1.032078
2334,lm,0,128,0,1.572983,0.484742,0.762491
2334,lm,1,74,0,1.516814,0.632641,0.959599
2337,human,0,107,0,1.591017,0.518509,0.824956
2337,lm,0,10,0,1.130248,2.180643,2.464667
2338,human,0,128,0,1.177003,1.164908,1.371101
2338,human,1,26,0,1.181830,2.390270,2.824891
2338,lm,0,73,0,1.248246,1.171448,1.462255
2339,human,0,128,0,1.291864,0.492782,0.636607
2339,human,1,50,0,1.246106,0.911943,1.136377
2339,lm,0,30,0,1.305948,0.834056,1.089233
2340,human,0,12,0,1.089985,1.517056,1.653568
2340,lm,0,27,0,1.459893,0.474000,0.691989
2342,human,0,60,0,1.298022,1.008553,1.309124
2342,lm,0,10,0,1.097352,2.386349,2.618664
2343,human,0,114,0,1.332421,0.725848,0.967135
2343,lm,0,87,0,1.634338,0.542112,0.885994
2344,human,0,117,0,1.469371,0.462313,0.679310
2344,lm,0,46,0,1.485334,0.593535,0.881598
2346,human,0,77,0,1.628049,0.474570,0.772623
2346,lm,0,38,0,1.469222,0.564789,0.829800
2347,human,0,128,0,1.370002,0.665280,0.911435
2347,human,1,128,0,1.402505,0.553014,0.775605
2347,human,2,45,0,1.426537,1.170633,1.669951
2347,lm,0,128,0,2.677390,0.199967,0.535390
2347,lm,1,128,0,2.844005,0.163084,0.463811
2347,lm,2,128,0,2.832477,0.162412,0.460029
2347,lm,3,77,0,2.270688,0.325348,0.738764
2348,human,0,77,0,1.765040,0.368913,0.651146
2348,lm,0,76,0,1.765556,0.413846,0.730667
2349,human,0,128,0,1.351659,0.562219,0.759928
2349,human,1,87,0,1.286969,0.717300,0.923144
2349,lm,0,17,0,1.227910,1.459170,1.791729
235,human,0,69,0,1.471466,0.699843,1.029796
235,lm,0,24,0,1.643703,0.385603,0.633817
2350,human,0,72,0,1.411356,0.619383,0.874170
2350,lm,0,10,0,1.132294,2.828130,3.202274
2351,human,0,128,0,1.496447,0.382224,0.571979
2351,human,1,128,0,1.582515,0.498508,0.788897
2351,human,2,128,0,1.396262,0.708493,0.989242
2351,human,3,33,0,1.203978,1.512639,1.821184
2351,lm,0,54,0,1.368148,0.597154,0.816995
2353,human,0,66,0,1.472449,0.739339,1.088639
2353,lm,0,26,0,1.323479,0.764957,1.012405
2354,human,0,128,0,1.352921,0.690242,0.933843
2354,human,1,99,0,1.456631,0.642031,0.935203
2354,lm,0,30,0,1.442292,0.695184,1.002657
2356,human,0,19,0,1.280208,1.001783,1.282490
2356,lm,0,128,0,3.452179,0.080775,0.278848
2356,lm,1,128,0,2.572769,0.111849,0.287763
2356,lm,2,117,0,3.079786,0.090133,0.277591
2357,human,0,34,0,1.228715,0.975114,1.198137
2357,lm,0,11,0,1.143588,1.453993,1.662769
2358,human,0,128,0,1.405561,0.572564,0.804773
2358,human,1,128,0,1.241941,1.138714,1.414216
2358,human,2,128,0,1.271295,1.064072,1.352749
2358,human,3,94,0,1.222156,1.118564,1.367060
2358,lm,0,77,0,1.419749,0.535880,0.760814
2359,human,0,67,0,1.321181,0.815983,1.078062
2359,lm,0,17,0,1.133088,1.524705,1.727626
236,human,0,23,0,1.215715,1.537338,1.868965
236,lm,0,10,0,1.088537,1.869057,2.034538
2360,human,0,68,0,1.459628,0.751851,1.097422
2360,lm,0,10,0,1.088077,2.143967,2.332801
2361,human,0,128,0,1.433255,0.987010,1.414637
2361,human,1,22,0,1.186681,1.245167,1.477616
2361,lm,0,31,0,1.205464,1.663412,2.005184
2362,human,0,113,0,1.497592,0.655046,0.980992
2362,lm,0,128,0,1.522788,0.596193,0.907875
2362,lm,1,99,0,1.454342,0.777437,1.130659
2363,human,0,128,0,2.039303,0.305381,0.622764
2363,human,1,6,0,1.026309,4.800549,4.926848
2363,lm,0,86,0,1.940680,0.394801,0.766183
2367,human,0,128,0,1.437108,0.637900,0.916731
2367,human,1,32,0,1.200416,1.744444,2.094059
2367,lm,0,101,0,1.573428,0.560140,0.881340
2369,human,0,73,0,1.909836,0.394117,0.752699
2369,lm,0,68,0,2.454704,0.343402,0.842950
237,human,0,67,0,1.452206,0.612562,0.889567
237,lm,0,8,0,1.118978,2.720232,3.043879
2371,human,0,73,0,1.395362,0.897535,1.252386
2371,lm,0,43,0,1.321957,0.968657,1.280523
2372,human,0,65,0,1.172714,0.924536,1.084216
2372,lm,0,77,0,1.400213,0.688049,0.963415
2374,human,0,128,0,1.318405,0.847913,1.117893
2374,human,1,128,0,1.418451,0.935395,1.326813
2374,human,2,128,0,1.308155,0.782192,1.023228
2374,human,3,128,0,1.234437,0.807234,0.996480
2374,human,4,128,0,1.270819,0.898290,1.141564
2374,human,5,27,0,1.306472,1.290752,1.686331
2374,lm,0,128,0,1.500572,0.477620,0.716703
2374,lm,1,24,0,1.217088,1.281859,1.560136
2375,human,0,69,0,1.342294,0.774088,1.039053
2375,lm,0,111,0,1.952127,0.339224,0.662208
2376,human,0,41,0,1.091536,1.728617,1.886848
2376,lm,0,11,0,1.106301,1.645499,1.820417
2377,human,0,80,0,1.389590,1.227708,1.706010
2377,lm,0,82,0,1.388990,1.308053,1.816873
2378,human,0,46,0,1.343021,0.764540,1.026794
2378,lm,0,27,0,1.606421,0.541183,0.869367
2379,human,0,128,0,1.192667,1.397716,1.667010
2379,human,1,128,0,1.230125,1.045134,1.285645
2379,human,2,20,0,1.121028,1.811466,2.030705
2379,lm,0,11,0,1.161912,1.480370,1.720060
2380,human,0,20,0,1.142952,1.654954,1.891533
2380,lm,0,23,0,1.217093,1.092731,1.329955
2381,human,0,4,0,1.162671,1.090382,1.267755
2381,lm,0,2,0,1.046754,1.863148,1.950258
2382,human,0,65,0,1.397511,0.889327,1.242844
2382,lm,0,52,0,1.614376,0.532319,0.859363
2383,human,0,59,0,1.244650,1.168177,1.453971
2383,lm,0,10,0,1.080377,1.912706,2.066444
2384,human,0,20,0,1.219352,1.360759,1.659245
2384,lm,0,38,0,1.855232,0.569517,1.056586
2385,human,0,128,0,1.205092,1.206301,1.453703
2385,human,1,24,0,1.041813,2.111481,2.199770
2385,lm,0,25,0,1.410100,0.860964,1.214045
2388,human,0,49,0,1.148484,1.231728,1.414620
2388,lm,0,115,0,1.746931,0.401226,0.700915
239,human,0,17,0,1.137316,1.824499,2.075032
239,lm,0,79,0,1.940455,0.293507,0.569536
2390,human,0,128,0,1.603745,0.496437,0.796159
2390,human,1,9,0,1.471516,2.671167,3.930666
2390,lm,0,103,0,1.745317,0.384231,0.670606
2391,human,0,128,0,1.401818,0.600619,0.841959
2391,human,1,33,0,1.773699,0.724574,1.285176
2391,lm,0,128,0,1.605115,0.361155,0.579696
2391,lm,1,8,0,1.077647,0.902633,0.972720
2392,human,0,73,0,1.233646,0.948779,1.170458
2392,lm,0,11,0,1.133854,1.493609,1.693534
2393,human,0,80,0,1.241073,1.160774,1.440606
2393,lm,0,128,0,1.778149,0.430638,0.765739
2393,lm,1,128,0,1.601999,0.702106,1.124774
2393,lm,2,53,0,1.398391,1.150795,1.609261
2395,human,0,49,0,1.430578,0.545672,0.780627
2395,lm,0,50,0,1.962264,0.364007,0.714277
2399,human,0,128,0,1.439796,0.738822,1.063753
2399,human,1,7,0,0.997561,4.917101,4.905109
2399,lm,0,10,0,1.079360,1.908605,2.060072
24,human,0,21,0,1.116515,1.357737,1.515934
24,lm,0,116,0,1.789239,0.414664,0.741932
2401,human,0,49,0,1.232573,0.643231,0.792829
2401,lm,0,7,0,1.288797,0.804486,1.036819
2402,human,0,58,0,1.216124,1.160605,1.411439
2402,lm,0,16,0,1.139597,1.209756,1.378634
2403,human,0,128,0,1.481173,0.666562,0.987293
2403,human,1,128,0,1.346860,0.789615,1.063501
2403,human,2,5,0,1.004802,3.801949,3.820205
2403,lm,0,128,0,2.294931,0.192695,0.442222
2403,lm,1,4,0,1.327593,0.973935,1.292988
2404,human,0,108,0,1.668529,0.427415,0.713155
2404,lm,0,78,0,1.983853,0.256640,0.509136
2405,human,0,128,0,1.251255,1.255110,1.570463
2405,human,1,128,0,1.182512,1.322899,1.564345
2405,human,2,128,0,1.236837,1.195689,1.478872
2405,human,3,128,0,1.231952,1.722411,2.121929
2405,human,4,128,0,1.129458,1.680667,1.898243
2405,human,5,128,0,1.159975,1.565667,1.816135
2405,human,6,23,0,1.275983,2.290812,2.923037
2405,lm,0,128,0,1.835906,0.422777,0.776179
2405,lm,1,86,0,1.963836,0.318905,0.626276
2407,human,0,128,0,1.327760,0.888937,1.180296
2407,human,1,10,0,1.119739,2.286950,2.560787
2407,lm,0,55,0,1.546778,0.625148,0.966965
2408,human,0,128,0,1.177713,1.235152,1.454656
2408,human,1,128,0,1.134597,1.381451,1.567391
2408,human,2,128,0,1.204620,0.885028,1.066122
2408,human,3,40,0,1.189457,1.612743,1.918289
2409,human,0,128,0,1.285206,0.760163,0.976966
2409,human,1,21,0,1.194816,1.262084,1.507957
2409,lm,0,38,0,1.424753,0.648250,0.923596
2410,human,0,34,0,1.961748,0.331294,0.649915
2410,lm,0,68,0,1.668998,0.346984,0.579116
2411,human,0,60,0,1.477199,0.739308,1.092106
2411,lm,0,128,0,1.851920,0.483678,0.895732
2411,lm,1,12,0,1.334163,1.384452,1.847085
2412,human,0,62,0,1.662882,0.541679,0.900748
2412,lm,0,12,0,1.441864,0.758667,1.093894
2413,human,0,128,0,1.230407,1.356807,1.669424
2413,human,1,128,0,1.212532,1.432840,1.737365
2413,human,2,128,0,1.322881,1.102080,1.457920
2413,human,3,26,0,1.134308,1.286689,1.459503
2413,lm,0,128,0,2.201895,0.236543,0.520843
2413,lm,1,128,0,1.917430,0.260268,0.499045
2413,lm,2,128,0,1.927156,0.260268,0.501577
2413,lm,3,128,0,1.932851,0.260268,0.503059
2413,lm,4,73,0,1.581201,0.426793,0.674846
2416,human,0,82,0,1.472344,0.603841,0.889062
2416,lm,0,37,0,1.303220,1.314796,1.713468
2418,human,0,112,0,1.262202,0.784307,0.989954
2418,lm,0,51,0,1.885960,0.430827,0.812522
2419,human,0,41,0,1.592888,0.472158,0.752095
2419,lm,0,23,0,1.593291,0.494530,0.787930
242,human,0,128,0,1.699658,0.524272,0.891083
242,human,1,128,0,1.470594,0.687860,1.011563
242,human,2,4,0,0.934606,4.313472,4.031396
242,lm,0,15,0,1.367925,0.839805,1.148791
2422,human,0,124,0,1.535066,0.660310,1.013619
2422,lm,0,36,0,1.397794,1.160413,1.622018
2423,human,0,62,0,1.298244,0.993646,1.289995
2423,lm,0,39,0,1.454430,0.866969,1.260945
2424,human,0,58,0,1.287770,0.821659,1.058107
2424,lm,0,41,0,1.531504,0.377298,0.577833
2427,human,0,128,0,1.281423,0.916233,1.174083
2427,human,1,128,0,1.356802,0.873756,1.185514
2427,human,2,128,0,1.325557,0.839043,1.112199
2427,human,3,108,0,1.215754,1.009892,1.227780
2427,lm,0,34,0,1.232871,1.164999,1.436293
2428,human,0,128,0,1.636112,0.530147,0.867379
2428,human,1,128,0,1.579237,0.536002,0.846475
2428,human,2,107,0,1.693547,0.503057,0.851950
2428,lm,0,128,0,2.101137,0.263957,0.554609
2428,lm,1,60,0,2.148325,0.344973,0.741114
2431,human,0,37,0,1.240559,0.951512,1.180406
2431,lm,0,74,0,1.569554,0.700832,1.099995
2435,human,0,46,0,1.269134,1.019147,1.293435
2435,lm,0,6,0,1.020111,2.433110,2.482042
2436,human,0,42,0,1.279479,1.138247,1.456363
2436,lm,0,10,0,1.114223,2.259141,2.517187
2439,human,0,128,0,1.681846,0.600811,1.010472
2439,human,1,30,0,1.297330,1.657724,2.150616
2439,lm,0,84,0,1.846444,0.452218,0.834995
244,human,0,116,0,1.895880,0.338895,0.642504
244,lm,0,108,0,1.908879,0.264605,0.505099
2440,human,0,71,0,1.784013,0.449107,0.801212
2440,lm,0,35,0,1.650029,0.683318,1.127494
2441,human,0,128,0,1.521097,0.588362,0.894955
2441,human,1,32,0,1.230275,1.822620,2.242324
2441,lm,0,81,0,1.756299,0.361486,0.634877
2442,human,0,128,0,1.265967,0.779745,0.987131
2442,human,1,76,0,1.251567,0.977054,1.222849
2442,lm,0,128,0,1.613186,0.509210,0.821450
2442,lm,1,46,0,1.277269,1.141308,1.457758
2443,human,0,29,0,1.378109,0.872985,1.203069
2443,lm,0,11,0,1.107496,2.654523,2.939874
2444,human,0,128,0,1.510662,0.600572,0.907262
2444,human,1,93,0,1.330729,0.910482,1.211605
2444,lm,0,32,0,1.231875,1.036751,1.277147
2445,human,0,128,0,1.342152,1.250981,1.679007
2445,human,1,14,0,1.173427,1.757299,2.062063
2445,lm,0,20,0,1.447356,0.662654,0.959096
2447,human,0,128,0,1.399332,0.949806,1.329094
2447,human,1,128,0,1.222124,1.376735,1.682540
2447,human,2,81,0,1.274358,1.207470,1.538749
2447,lm,0,100,0,1.401795,0.534481,0.749233
2448,human,0,128,0,1.486835,0.637370,0.947664
2448,human,1,50,0,1.297471,1.016917,1.319420
2448,lm,0,10,0,1.129896,1.638005,1.850776
2449,human,0,49,0,1.393280,0.648012,0.902863
2449,lm,0,60,0,1.647941,0.538484,0.887390
245,human,0,48,0,1.545805,0.569566,0.880438
245,lm,0,38,0,1.604563,0.415965,0.667442
2451,human,0,46,0,1.208365,0.921689,1.113736
2451,lm,0,18,0,1.217880,0.891539,1.085788
2452,human,0,39,0,1.274975,1.022199,1.303278
2452,lm,0,6,0,1.122019,1.926473,2.161538
2454,human,0,128,0,1.302866,1.141655,1.487424
2454,human,1,46,0,1.126003,2.034957,2.291368
2454,lm,0,9,0,1.029866,2.717150,2.798299
2455,human,0,128,0,1.506001,0.749589,1.128881
2455,human,1,73,0,1.271059,1.126185,1.431447
2455,lm,0,9,0,1.128456,1.914043,2.159913
2456,human,0,33,0,1.201555,1.108183,1.331543
2456,lm,0,35,0,1.301790,1.327290,1.727853
2457,human,0,128,0,1.266260,0.695631,0.880850
2457,human,1,66,0,1.278084,0.714742,0.913500
2457,lm,0,28,0,1.713751,0.466379,0.799257
2458,human,0,128,0,1.255983,1.119414,1.405965
2458,human,1,128,0,1.260883,1.141334,1.439088
2458,human,2,128,0,1.192152,1.175077,1.400870
2458,human,3,35,0,1.193131,1.345652,1.605538
2458,lm,0,128,0,1.784603,0.530473,0.946683
2458,lm,1,74,0,1.573457,0.510560,0.803344
2459,human,0,106,0,1.350346,0.636120,0.858982
2459,lm,0,6,0,1.064363,2.591123,2.757895
2460,human,0,73,0,1.244701,0.882262,1.098152
2460,lm,0,9,0,1.011662,4.313303,4.363604
2463,human,0,106,0,1.303457,1.086731,1.416506
2463,lm,0,23,0,1.291937,1.190084,1.537514
2466,human,0,65,0,1.252803,1.354313,1.696688
2466,lm,0,9,0,1.050122,1.575581,1.654551
2468,human,0,36,0,1.437074,0.504748,0.725360
2468,lm,0,6,0,1.169746,1.103814,1.291181
247,human,0,82,0,1.312379,0.982688,1.289659
247,lm,0,128,0,1.773424,0.428130,0.759256
247,lm,1,42,0,1.257394,1.269199,1.595883
2470,human,0,91,0,1.305756,0.671794,0.877199
2470,lm,0,17,0,1.386853,0.503535,0.698330
2472,human,0,97,0,1.682698,0.390183,0.656560
2472,lm,0,13,0,1.214322,1.103980,1.340588
2473,human,0,128,0,1.266371,1.022426,1.294771
2473,human,1,30,0,1.165536,1.753938,2.044278
2473,lm,0,31,0,1.218840,1.054638,1.285435
2475,human,0,98,0,1.446101,0.565747,0.818127
2475,lm,0,10,0,1.125922,1.937154,2.181085
2476,human,0,68,0,1.257251,0.755369,0.949689
2476,lm,0,6,0,1.042999,2.404622,2.508019
2479,human,0,128,0,1.305843,0.774512,1.011392
2479,human,1,128,0,1.288876,0.802422,1.034223
2479,human,2,105,0,1.331472,0.885159,1.178565
2479,lm,0,91,0,1.527374,0.472670,0.721944
248,human,0,128,0,1.239833,1.332629,1.652237
248,human,1,128,0,1.547422,0.600165,0.928708
248,human,2,128,0,1.225771,1.328865,1.628883
248,human,3,47,0,1.151289,2.076042,2.390124
248,lm,0,128,0,1.630353,0.510710,0.832639
248,lm,1,47,0,1.242151,1.281905,1.592320
2480,human,0,128,0,1.373348,0.839752,1.153272
2480,human,1,128,0,1.279008,1.152152,1.473612
2480,human,2,128,0,1.245936,1.331993,1.659578
2480,human,3,128,0,1.190326,1.505330,1.791833
2480,human,4,128,0,1.154390,1.621013,1.871282
2480,human,5,37,0,1.362921,0.544872,0.742617
2480,lm,0,107,0,1.732660,0.302581,0.524269
2482,human,0,128,0,1.362580,0.632733,0.862149
2482,human,1,27,0,1.030466,1.842103,1.898224
2482,lm,0,128,0,1.961631,0.175405,0.344080
2482,lm,1,91,0,1.583983,0.280209,0.443847
2484,human,0,128,0,1.496102,0.397773,0.595110
2484,human,1,13,0,1.067195,1.752959,1.870749
2484,lm,0,60,0,1.841674,0.332859,0.613018
2485,human,0,14,0,1.037521,2.150517,2.231205
2485,lm,0,12,0,1.121196,1.609244,1.804279
2487,human,0,128,0,1.225597,1.020661,1.250920
2487,human,1,128,0,1.237016,1.051900,1.301217
2487,human,2,18,0,1.192392,2.286389,2.726273
2487,lm,0,78,0,1.499214,0.665671,0.997983
2488,human,0,37,0,1.610519,0.417564,0.672495
2488,lm,0,10,0,1.254852,1.038914,1.303683
2489,human,0,79,0,1.612376,0.566623,0.913609
2489,lm,0,88,0,1.812585,0.523548,0.948976
249,human,0,90,0,1.547523,0.585697,0.906380
249,lm,0,10,0,1.120211,3.061635,3.429678
2493,human,0,42,0,1.594360,0.481155,0.767135
2493,lm,0,14,0,1.261827,0.673035,0.849253
2496,human,0,103,0,1.451166,0.714876,1.037404
2496,lm,0,125,0,2.428467,0.164737,0.400059
2498,human,0,128,0,1.555646,0.322347,0.501458
2498,human,1,128,0,1.592352,0.394833,0.628713
2498,human,2,128,0,1.265746,0.785655,0.994440
2498,human,3,128,0,1.351936,0.644770,0.871687
2498,human,4,126,0,1.383652,0.623792,0.863110
2498,lm,0,62,0,1.441711,0.492070,0.709422
2499,human,0,11,0,1.132738,1.351292,1.530660
2499,lm,0,8,0,1.115037,2.453007,2.735194
25,human,0,39,0,1.352333,0.988840,1.337241
25,lm,0,27,0,1.360990,1.266304,1.723427
250,human,0,128,0,1.273019,0.967470,1.231608
250,human,1,8,0,0.982816,7.273956,7.148963
250,lm,0,128,0,1.841563,0.299245,0.551079
250,lm,1,71,0,1.405696,0.595081,0.836504
2500,human,0,128,0,1.396301,0.574490,0.802161
2500,human,1,83,0,1.442893,0.701142,1.011673
2500,lm,0,28,0,1.356258,0.681641,0.924481
2501,human,0,43,0,1.164529,0.970268,1.129906
2501,lm,0,34,0,1.229081,0.911708,1.120563
2502,human,0,95,0,1.301236,0.991562,1.290256
2502,lm,0,68,0,1.470179,1.038381,1.526606
2503,human,0,47,0,1.180036,1.217371,1.436542
2503,lm,0,6,0,1.144155,1.123795,1.285796
2505,human,0,29,0,1.423814,0.685794,0.976444
2505,lm,0,32,0,1.390700,0.898220,1.249155
2507,human,0,128,0,1.408234,0.636168,0.895874
2507,human,1,128,0,1.381627,0.866428,1.197081
2507,human,2,128,0,1.500549,0.718590,1.078280
2507,human,3,30,0,1.286252,1.493208,1.920642
2507,lm,0,6,0,1.095826,1.488653,1.631305
2508,human,0,42,0,1.291428,0.721061,0.931198
2508,lm,0,10,0,1.064133,1.907744,2.030094
2509,human,0,128,0,1.216719,0.995175,1.210848
2509,human,1,118,0,1.213494,0.928440,1.126656
251,human,0,128,0,1.299527,0.661401,0.859508
251,human,1,128,0,1.285109,0.837057,1.075710
251,human,2,58,0,1.159358,1.334544,1.547215
251,lm,0,73,0,1.393874,0.840234,1.171180
2511,human,0,28,0,1.140856,1.213450,1.384371
2511,lm,0,9,0,1.023384,2.551221,2.610878
2512,human,0,98,0,1.567602,0.525089,0.823131
2512,lm,0,43,0,1.153377,1.069553,1.233598
2515,human,0,128,0,1.375960,0.914466,1.258268
2515,human,1,128,0,1.468541,1.217511,1.787964
2515,human,2,113,0,1.306839,1.104397,1.443269
2515,lm,0,123,0,1.603003,0.491259,0.787490
2517,human,0,43,0,1.349154,0.975256,1.315770
2517,lm,0,45,0,1.551546,0.738119,1.145225
2518,human,0,16,0,1.214725,1.078949,1.310627
2518,lm,0,9,0,1.148319,1.913461,2.197264
2519,human,0,128,0,1.175399,1.193249,1.402544
2519,human,1,89,0,1.320738,0.766239,1.012000
2519,lm,0,128,0,1.612377,0.155118,0.250109
2519,lm,1,72,0,1.654706,0.171770,0.284228
2520,human,0,128,0,1.222958,1.066150,1.303857
2520,human,1,128,0,1.189569,1.419743,1.688883
2520,human,2,9,0,1.227276,1.536037,1.885142
2520,lm,0,29,0,1.395205,0.618692,0.863203
2521,human,0,128,0,1.413341,1.152423,1.628766
2521,human,1,128,0,1.319673,1.348659,1.779789
2521,human,2,59,0,1.365456,1.290201,1.761712
2521,lm,0,39,0,1.562013,0.614475,0.959818
2522,human,0,94,0,1.340475,0.789116,1.057790
2522,lm,0,128,0,2.610901,0.133103,0.347518
2522,lm,1,128,0,2.234660,0.171996,0.384352
2522,lm,2,128,0,1.791784,0.241036,0.431884
2522,lm,3,34,0,1.549984,0.594705,0.921783
2526,human,0,67,0,1.635215,0.692519,1.132418
2526,lm,0,41,0,1.466733,0.762085,1.117776
2528,human,0,128,0,1.316610,0.780912,1.028156
2528,human,1,39,0,1.448062,1.045342,1.513720
2528,lm,0,64,0,1.587141,0.716145,1.136622
253,human,0,111,0,1.655325,0.577670,0.956231
253,lm,0,34,0,1.716675,0.658232,1.129970
2531,human,0,21,0,1.157415,1.500995,1.737274
2531,lm,0,11,0,1.060840,3.118147,3.307853
2532,human,0,128,0,1.202288,1.257738,1.512163
2532,human,1,128,0,1.231298,1.310274,1.613337
2532,human,2,128,0,1.254189,1.631899,2.046710
2532,human,3,27,0,1.192434,1.759950,2.098625
2532,lm,0,128,0,1.878174,0.344952,0.647879
2532,lm,1,128,0,1.667424,0.362987,0.605253
2532,lm,2,1,0,nan,nan,nan
2534,human,0,50,0,1.365723,0.867758,1.185118
2534,lm,0,128,0,1.784861,0.192201,0.343052
2534,lm,1,19,0,1.170072,1.402597,1.641139
2535,human,0,128,0,1.568622,0.748494,1.174105
2535,human,1,63,0,1.305344,1.051007,1.371926
2535,lm,0,10,0,1.054406,2.603756,2.745416
2538,human,0,124,0,1.297449,0.867370,1.125369
2538,lm,0,128,0,1.801268,0.335907,0.605059
2538,lm,1,128,0,1.657148,0.313326,0.519228
2538,lm,2,128,0,1.832131,0.223245,0.409014
2538,lm,3,50,0,1.422929,0.626352,0.891254
2540,human,0,57,0,1.380471,0.629304,0.868736
2540,lm,0,10,0,1.149997,1.977887,2.274563
2541,human,0,128,0,1.383658,0.694910,0.961517
2541,human,1,106,0,1.366651,0.671135,0.917207
2541,lm,0,10,0,1.089419,3.329647,3.627380
2542,human,0,128,0,1.230486,1.232096,1.516077
2542,human,1,128,0,1.221884,1.084426,1.325043
2542,human,2,128,0,1.168762,1.217771,1.423284
2542,human,3,38,0,1.163129,1.383663,1.609378
2542,lm,0,75,0,1.881268,0.289945,0.545464
2543,human,0,64,0,1.300394,0.698087,0.907788
2543,lm,0,39,0,1.535139,0.433706,0.665799
2546,human,0,128,0,1.538885,0.483341,0.743806
2546,human,1,118,0,1.231993,1.182709,1.457089
2546,lm,0,128,0,2.074157,0.221191,0.458784
2546,lm,1,128,0,1.833320,0.186928,0.342699
2546,lm,2,93,0,1.550757,0.204844,0.317664
2547,human,0,128,0,1.330901,1.048632,1.395625
2547,human,1,128,0,1.390706,0.675973,0.940080
2547,human,2,98,0,1.237817,1.179003,1.459390
2547,lm,0,94,0,1.581472,0.595182,0.941263
2548,human,0,71,0,1.421275,0.588751,0.836776
2548,lm,0,6,0,1.049866,2.747929,2.884958
2549,human,0,55,0,1.405066,1.304631,1.833093
2549,lm,0,29,0,1.499221,0.725086,1.087065
255,human,0,121,0,1.410093,0.843573,1.189516
255,lm,0,43,0,1.604967,0.621910,0.998144
2550,human,0,53,0,1.564227,0.730357,1.142445
2550,lm,0,22,0,1.325311,0.880077,1.166375
2552,human,0,14,0,1.236193,1.163538,1.438357
2552,lm,0,68,0,1.605394,0.784955,1.260162
2553,human,0,128,0,1.356349,0.845479,1.146764
2553,human,1,128,0,1.570987,0.772752,1.213984
2553,human,2,128,0,1.413872,0.690363,0.976085
2553,human,3,80,0,1.185208,1.548110,1.834831
2553,lm,0,108,0,1.814427,0.396853,0.720061
2554,human,0,13,0,1.167747,1.108887,1.294900
2554,lm,0,8,0,1.261385,0.860845,1.085857
2555,human,0,128,0,1.393050,0.621687,0.866041
2555,human,1,128,0,1.435821,0.710914,1.020745
2555,human,2,34,0,2.184632,0.333599,0.728790
2555,lm,0,44,0,1.500087,0.875318,1.313053
2556,human,0,32,0,1.172256,1.370907,1.607055
2556,lm,0,11,0,1.084211,1.826552,1.980367
2557,human,0,52,0,1.307766,0.652360,0.853134
2557,lm,0,8,0,1.139020,0.963423,1.097359
2558,human,0,65,0,1.343532,0.992736,1.333772
2558,lm,0,99,0,1.990175,0.458856,0.913203
256,human,0,73,0,1.508098,0.537036,0.809902
256,lm,0,128,0,2.746195,0.213236,0.585589
256,lm,1,128,0,2.693217,0.197715,0.532490
256,lm,2,128,0,2.710138,0.180119,0.488148
256,lm,3,105,0,2.101477,0.278818,0.585929
2560,human,0,27,0,1.272592,1.033837,1.315653
2560,lm,0,30,0,1.393470,1.153646,1.607571
2561,human,0,126,0,1.408676,0.944392,1.330342
2561,lm,0,84,0,1.951241,0.441353,0.861187
2564,human,0,128,0,1.905809,0.473654,0.902694
2564,human,1,59,0,1.594115,0.820891,1.308595
2564,lm,0,82,0,1.780945,0.452610,0.806073
2565,human,0,42,0,1.412985,0.607993,0.859085
2565,lm,0,10,0,1.106982,2.044543,2.263273
2566,human,0,128,0,1.226277,0.913677,1.120421
2566,human,1,29,0,1.335264,1.134758,1.515201
2566,lm,0,12,0,1.145413,1.588498,1.819487
2567,human,0,60,0,1.229662,1.573378,1.934723
2567,lm,0,35,0,1.466082,1.112761,1.631399
2568,human,0,128,0,1.355389,0.719852,0.975679
2568,human,1,128,0,1.205625,1.109629,1.337796
2568,human,2,126,0,1.382208,0.819310,1.132457
2568,lm,0,120,0,1.836247,0.286248,0.525621
2571,human,0,106,0,1.266984,0.998436,1.265003
2571,lm,0,37,0,1.566670,0.813679,1.274766
2573,human,0,128,0,1.474840,0.636709,0.939043
2573,human,1,6,0,1.034808,2.998065,3.102422
2573,lm,0,16,0,1.383128,0.530869,0.734260
2575,human,0,48,0,1.407084,0.742200,1.044337
2575,lm,0,46,0,1.580089,0.603764,0.954001
2576,human,0,128,0,1.598169,0.334840,0.535130
2576,human,1,12,0,1.640789,0.817779,1.341803
2576,lm,0,96,0,2.172024,0.175333,0.380827
2578,human,0,128,0,1.324166,0.488557,0.646930
2578,human,1,54,0,1.307965,0.588699,0.769997
2578,lm,0,128,0,1.939682,0.088414,0.171494
2578,lm,1,77,0,1.531243,0.184393,0.282350
2579,human,0,71,0,1.553987,0.858514,1.334120
2579,lm,0,128,0,1.693169,0.500389,0.847243
2579,lm,1,128,0,1.569875,0.638663,1.002621
2579,lm,2,128,0,1.566551,0.596318,0.934162
2579,lm,3,128,0,1.437940,0.759761,1.092491
2579,lm,4,128,0,1.485834,0.667851,0.992315
2579,lm,5,85,0,1.380781,0.860216,1.187769
2580,human,0,31,0,1.319575,0.935500,1.234463
2580,lm,0,82,0,1.880965,0.489565,0.920855
2582,human,0,128,0,1.348659,0.745660,1.005641
2582,human,1,48,0,1.137696,1.946735,2.214792
2582,lm,0,128,0,1.536456,0.490555,0.753716
2582,lm,1,80,0,1.675071,0.278707,0.466853
2583,human,0,55,0,1.406055,0.797882,1.121866
2583,lm,0,19,0,1.300221,1.110181,1.443481
2584,human,0,27,0,1.669738,0.714312,1.192713
2584,lm,0,24,0,1.536871,0.921396,1.416066
2585,human,0,128,0,1.376888,0.514145,0.707920
2585,human,1,128,0,1.256998,0.847722,1.065585
2585,human,2,56,0,1.350799,1.091603,1.474536
2585,lm,0,128,0,1.595688,0.435424,0.694801
2585,lm,1,5,0,1.000574,1.534572,1.535454
2586,human,0,128,0,1.328430,0.585334,0.777576
2586,human,1,31,0,1.157752,0.990108,1.146299
2586,lm,0,58,0,1.406878,0.508146,0.714899
259,human,0,22,0,1.298521,0.917455,1.191334
259,lm,0,128,0,1.754593,0.349958,0.614034
259,lm,1,51,0,1.595095,0.534199,0.852099
2590,human,0,128,0,1.617375,0.534570,0.864600
2590,human,1,26,0,1.330923,1.148135,1.528079
2590,lm,0,45,0,1.846330,0.625769,1.155375
2591,human,0,66,0,1.489820,0.769565,1.146514
2591,lm,0,62,0,1.405646,0.913831,1.284523
2592,human,0,128,0,1.520089,0.702361,1.067651
2592,human,1,18,0,1.207900,3.008322,3.633753
2592,lm,0,11,0,1.171292,0.937641,1.098251
2595,human,0,128,0,1.286527,0.765919,0.985375
2595,human,1,128,0,1.212162,1.078327,1.307108
2595,human,2,128,0,1.175342,1.347538,1.583818
2595,human,3,128,0,1.203091,1.172243,1.410315
2595,human,4,95,0,1.197828,1.492515,1.787777
2595,lm,0,8,0,1.100243,1.888022,2.077283
2596,human,0,128,0,1.567533,0.436100,0.683601
2596,human,1,90,0,1.255409,1.130158,1.418810
2596,lm,0,83,0,1.724565,0.537640,0.927195
2597,human,0,46,0,1.240575,0.882415,1.094702
2597,lm,0,106,0,1.689329,0.464608,0.784876
2598,human,0,58,0,1.220531,0.699179,0.853370
2598,lm,0,10,0,1.263362,0.862147,1.089204
2599,human,0,110,0,1.462447,0.660887,0.966513
2599,lm,0,13,0,1.153804,1.127858,1.301327
26,human,0,25,0,1.235631,0.604513,0.746955
26,lm,0,69,0,2.350513,0.367206,0.863121
2600,human,0,21,0,1.221912,1.523124,1.861124
2600,lm,0,10,0,1.144564,1.295398,1.482666
2601,human,0,63,0,1.865005,0.431239,0.804262
2601,lm,0,10,0,1.186194,1.838448,2.180755
2603,human,0,18,0,1.268162,1.006306,1.276159
2603,lm,0,7,0,1.035817,2.155739,2.232950
2605,human,0,38,0,1.277395,1.729380,2.209102
2605,lm,0,46,0,1.208643,1.169382,1.413366
2607,human,0,28,0,1.216694,1.415199,1.721864
2607,lm,0,70,0,1.463241,0.713758,1.044400
2608,human,0,23,0,1.102798,1.336763,1.474180
2608,lm,0,104,0,1.790794,0.267869,0.479699
2609,human,0,35,0,1.277257,0.950642,1.214215
2609,lm,0,10,0,1.246806,0.938089,1.169615
261,human,0,24,0,1.201440,1.312651,1.577072
261,lm,0,14,0,1.179419,1.537010,1.812779
2611,human,0,128,0,1.228608,1.155715,1.419921
2611,human,1,17,0,1.070253,3.002663,3.213609
2611,lm,0,11,0,1.055437,1.563784,1.650475
2612,human,0,128,0,1.669884,0.439105,0.733255
2612,human,1,43,0,1.571701,0.528523,0.830680
2612,lm,0,9,0,1.058512,1.824528,1.931285
2613,human,0,91,0,1.366905,0.538245,0.735730
2613,lm,0,12,0,1.189181,0.986753,1.173427
2614,human,0,82,0,1.617057,0.628075,1.015632
2614,lm,0,85,0,1.533047,0.537297,0.823701
2615,human,0,37,0,1.288497,0.853577,1.099831
2615,lm,0,34,0,1.486980,0.625783,0.930526
2618,human,0,46,0,1.268291,0.758308,0.961755
2618,lm,0,27,0,1.046927,1.712858,1.793237
2619,human,0,73,0,1.225623,1.024662,1.255850
2619,lm,0,24,0,1.188931,1.987605,2.363124
262,human,0,51,0,1.515768,0.896129,1.358325
262,lm,0,51,0,1.418752,0.879343,1.247569
2620,human,0,12,0,1.145853,1.485561,1.702235
2620,lm,0,38,0,1.690530,0.585753,0.990234
2621,human,0,101,0,1.673839,0.548884,0.918744
2621,lm,0,61,0,1.593778,0.612324,0.975909
2623,human,0,66,0,1.308591,1.152917,1.508697
2623,lm,0,96,0,1.417275,0.565146,0.800968
2624,human,0,128,0,1.470082,0.721953,1.061330
2624,human,1,128,0,1.215719,1.291464,1.570058
2624,human,2,128,0,1.182031,1.209568,1.429747
2624,human,3,128,0,1.333428,0.779680,1.039648
2624,human,4,128,0,1.275607,1.160716,1.480617
2624,human,5,128,0,1.201221,1.121474,1.347138
2624,human,6,128,0,1.099038,1.512059,1.661810
2624,human,7,128,0,1.313162,0.971762,1.276081
2624,human,8,128,0,1.185076,1.444326,1.711636
2624,lm,0,128,0,1.495853,0.550035,0.822772
2624,lm,1,88,0,1.239786,0.948487,1.175921
2625,human,0,128,0,1.364859,0.907387,1.238455
2625,human,1,17,0,1.235848,1.604800,1.983289
2625,lm,0,50,0,1.502276,0.923699,1.387650
2626,human,0,33,0,1.310998,0.855785,1.121932
2628,human,0,77,0,1.643786,0.613475,1.008422
2628,lm,0,62,0,2.463791,0.371189,0.914532
2629,human,0,33,0,1.219916,1.416096,1.727519
2629,lm,0,66,0,1.564672,0.635528,0.994393
263,human,0,40,0,1.401462,0.823712,1.154402
263,lm,0,40,0,1.558508,0.670293,1.044658
2630,human,0,128,0,1.415430,0.832657,1.178568
2630,human,1,38,0,1.202694,1.474706,1.773620
2630,lm,0,66,0,1.836177,0.278223,0.510866
2631,human,0,44,0,1.245847,0.836339,1.041951
2631,lm,0,107,0,2.075504,0.436350,0.905646
2632,human,0,128,0,1.298449,0.931162,1.209066
2632,human,1,128,0,1.425048,0.598359,0.852690
2632,human,2,45,0,1.365778,1.032901,1.410714
2632,lm,0,72,0,1.539937,0.535518,0.824664
2636,human,0,52,0,1.277612,0.814535,1.040659
2636,lm,0,30,0,1.240579,0.943966,1.171064
2637,human,0,128,0,1.485307,0.668857,0.993459
2637,human,1,75,0,1.306551,1.159581,1.515051
2637,lm,0,128,0,1.661963,0.495925,0.824208
2637,lm,1,104,0,1.850484,0.404900,0.749262
2638,human,0,42,0,1.310031,1.225991,1.606087
2638,lm,0,10,0,1.094641,1.576936,1.726178
2639,human,0,31,0,1.212658,1.465766,1.777474
2639,lm,0,47,0,1.671590,0.458829,0.766973
264,human,0,16,0,1.200824,1.091567,1.310780
264,lm,0,7,0,1.243975,0.773025,0.961623
2640,human,0,63,0,1.600206,0.436836,0.699028
2640,lm,0,59,0,1.507970,0.566383,0.854088
2641,human,0,128,0,1.449499,0.934730,1.354889
2641,human,1,95,0,1.479950,0.994832,1.472301
2641,lm,0,18,0,1.219341,1.818698,2.217613
2643,human,0,16,0,1.437465,0.314112,0.451525
2643,lm,0,16,0,1.514950,0.271299,0.411004
2644,human,0,57,0,1.659294,0.292062,0.484617
2644,lm,0,26,0,1.690922,0.560102,0.947090
2646,human,0,128,0,1.253041,0.808545,1.013141
2646,human,1,19,0,1.136263,1.522501,1.729961
2646,lm,0,29,0,1.314962,0.952246,1.252166
2647,human,0,37,0,1.302547,1.157795,1.508082
2647,lm,0,11,0,1.242850,1.485733,1.846543
2648,human,0,93,0,1.418052,0.559519,0.793428
2648,lm,0,72,0,2.031191,0.231783,0.470795
2649,human,0,54,0,1.180626,1.693741,1.999675
2649,lm,0,61,0,1.854709,0.377036,0.699292
265,human,0,96,0,1.342375,0.701720,0.941971
265,lm,0,61,0,1.598555,0.607776,0.971564
2652,human,0,112,0,1.393719,0.700840,0.976774
2652,lm,0,37,0,1.591139,0.528118,0.840309
2653,human,0,128,0,1.381066,0.720716,0.995356
2653,human,1,43,0,1.257072,1.174830,1.476846
2653,lm,0,43,0,2.173550,0.376996,0.819420
2654,human,0,73,0,1.327661,0.983767,1.306109
2654,lm,0,128,0,1.525737,0.693063,1.057432
2654,lm,1,43,0,1.353049,2.103912,2.846696
2655,human,0,128,0,1.308765,0.924494,1.209946
2655,human,1,89,0,1.266508,1.122781,1.422012
2655,lm,0,96,0,1.764412,0.549710,0.969915
2656,human,0,30,0,1.125810,1.277600,1.438335
2656,lm,0,31,0,1.242394,0.964664,1.198492
2657,human,0,128,0,1.377200,0.826488,1.138240
2657,human,1,7,0,1.238003,2.075509,2.569487
2657,lm,0,87,0,1.737520,0.593614,1.031415
2659,human,0,128,0,1.297782,0.887928,1.152337
2659,human,1,9,0,1.025646,3.533660,3.624285
2659,lm,0,11,0,1.263708,0.985566,1.245468
2662,human,0,128,0,1.417141,0.691082,0.979360
2662,human,1,128,0,1.281235,0.954178,1.222527
2662,human,2,25,0,1.347657,1.063125,1.432727
2662,lm,0,10,0,1.154431,2.439083,2.815753
2664,human,0,75,0,1.531133,0.535699,0.820226
2664,lm,0,38,0,1.536394,0.684956,1.052362
2665,human,0,77,0,1.312958,0.748362,0.982568
2665,lm,0,35,0,1.375180,0.867812,1.193398
2667,human,0,62,0,1.240755,1.297306,1.609639
2667,lm,0,46,0,1.397312,1.049989,1.467162
2669,human,0,128,0,1.562060,0.363144,0.567253
2669,human,1,10,0,1.204994,2.499976,3.012457
2669,lm,0,10,0,1.128575,1.875268,2.116380
2677,human,0,128,0,1.277026,0.691110,0.882565
2677,human,1,97,0,1.268144,0.835579,1.059635
2677,lm,0,128,0,2.519177,0.102184,0.257421
2677,lm,1,128,0,2.380950,0.110914,0.264082
2677,lm,2,28,0,1.542126,0.434487,0.670033
2679,human,0,91,0,2.075238,0.227964,0.473079
2679,lm,0,78,0,2.440251,0.297677,0.726407
268,human,0,111,0,1.564681,0.539010,0.843379
268,lm,0,84,0,1.615467,0.366949,0.592794
2682,human,0,38,0,1.339521,0.776543,1.040196
2682,lm,0,94,0,1.586630,0.414747,0.658049
2683,human,0,128,0,1.249915,1.012300,1.265289
2683,human,1,128,0,1.274186,1.137181,1.448980
2683,human,2,25,0,1.123021,2.328499,2.614953
2683,lm,0,44,0,1.738742,0.588580,1.023388
2684,human,0,67,0,1.295979,0.722623,0.936504
2684,lm,0,38,0,1.776694,0.495511,0.880372
2685,human,0,81,0,1.393178,0.715929,0.997416
2685,lm,0,9,0,1.036341,1.259470,1.305240
2686,human,0,56,0,1.200365,1.028082,1.234074
2686,lm,0,128,0,1.464549,0.585395,0.857340
2686,lm,1,128,0,2.059442,0.356374,0.733932
2686,lm,2,60,0,1.485626,0.627755,0.932609
2687,human,0,70,0,1.880795,0.414301,0.779216
2687,lm,0,42,0,1.731589,0.491006,0.850221
2689,human,0,71,0,1.440433,0.767118,1.104981
2689,lm,0,44,0,1.447618,1.115810,1.615267
269,human,0,128,0,1.397961,0.585706,0.818794
269,human,1,60,0,1.467819,0.601906,0.883489
269,lm,0,119,0,1.791076,0.347668,0.622700
2690,human,0,128,0,1.686646,0.339939,0.573358
2690,human,1,58,0,1.308942,0.727913,0.952796
2690,lm,0,128,0,1.746574,0.342536,0.598265
2690,lm,1,77,0,1.449113,0.307015,0.444899
2692,human,0,24,0,1.360098,0.780557,1.061634
2692,lm,0,30,0,1.394213,1.282891,1.788623
2693,human,0,73,0,1.799775,0.397352,0.715144
2693,lm,0,32,0,1.750471,0.506678,0.886925
2694,human,0,128,0,1.485914,0.499518,0.742241
2694,human,1,28,0,1.171177,1.955153,2.289830
2694,lm,0,85,0,1.545773,0.518294,0.801165
2696,human,0,128,0,1.301300,0.804095,1.046369
2696,human,1,12,0,1.189275,2.425155,2.884177
2696,lm,0,10,0,1.133092,1.620142,1.835770
2697,human,0,83,0,1.578108,0.645191,1.018180
2697,lm,0,55,0,1.385020,1.022941,1.416793
2699,human,0,43,0,1.300890,0.693761,0.902508
2699,lm,0,123,0,1.968672,0.215536,0.424320
27,human,0,54,0,1.412390,0.727745,1.027860
27,lm,0,56,0,1.915693,0.432865,0.829237
2700,human,0,30,0,1.179383,1.298079,1.530932
2700,lm,0,44,0,1.665636,0.552753,0.920685
2701,human,0,86,0,1.359417,0.802926,1.091511
2701,lm,0,33,0,1.412133,0.466873,0.659287
2703,human,0,89,0,1.398639,0.883627,1.235876
2703,lm,0,7,0,1.069760,2.270547,2.428941
2706,human,0,75,0,1.436407,1.115680,1.602570
2706,lm,0,10,0,1.074749,1.817242,1.953079
2709,human,0,128,0,1.397145,0.631026,0.881636
2709,human,1,80,0,1.237520,1.792224,2.217913
2709,lm,0,128,0,1.513957,0.751467,1.137688
2709,lm,1,128,0,1.261784,0.896487,1.131172
2709,lm,2,28,0,1.255941,2.283680,2.868168
2716,human,0,32,0,1.207022,1.438243,1.735991
2716,lm,0,13,0,1.247204,1.001195,1.248695
2720,human,0,72,0,1.391142,0.645985,0.898657
2720,lm,0,24,0,1.592729,0.821547,1.308503
2723,human,0,58,0,1.531420,0.675863,1.035031
2723,lm,0,128,0,2.045162,0.386324,0.790094
2723,lm,1,16,0,1.216640,1.559804,1.897719
2725,human,0,96,0,1.090988,1.243691,1.356852
2725,lm,0,27,0,1.360293,0.710984,0.967146
2726,human,0,56,0,1.460701,0.452653,0.661191
2726,lm,0,50,0,1.784118,0.315898,0.563599
2728,human,0,69,0,1.278438,0.981256,1.254475
2728,lm,0,12,0,1.136344,1.610797,1.830420
273,human,0,46,0,1.359853,1.211222,1.647084
273,lm,0,45,0,1.745522,0.638034,1.113703
2730,human,0,122,0,1.245632,0.817883,1.018781
2730,lm,0,101,0,1.718726,0.396996,0.682328
2732,human,0,19,0,1.359222,0.634481,0.862400
2732,lm,0,19,0,1.403399,0.682784,0.958218
2734,human,0,72,0,1.697794,0.549709,0.933293
2734,lm,0,38,0,1.705189,0.574932,0.980367
2735,human,0,128,0,1.120983,1.376359,1.542875
2735,human,1,31,0,1.059352,2.697671,2.857783
2735,lm,0,92,0,1.462682,0.498131,0.728608
2736,human,0,128,0,1.406940,0.628573,0.884364
2736,human,1,128,0,1.099178,1.385949,1.523405
2736,human,2,16,0,1.128710,2.276841,2.569893
2736,lm,0,128,0,1.759427,0.472534,0.831390
2736,lm,1,29,0,1.217105,1.661226,2.021887
2740,human,0,128,0,1.650877,0.611746,1.009917
2740,human,1,57,0,1.549293,0.874880,1.355445
2740,lm,0,15,0,1.408779,0.777583,1.095443
2742,human,0,58,0,1.569919,0.815783,1.280713
2742,lm,0,6,0,1.088394,1.718562,1.870472
2744,human,0,11,0,1.252740,0.876313,1.097792
2744,lm,0,65,0,2.554545,0.196415,0.501752
2745,human,0,109,0,1.320727,0.920233,1.215377
2745,lm,0,108,0,1.918178,0.504774,0.968246
2746,human,0,32,0,1.319794,0.713178,0.941248
2746,lm,0,43,0,1.879730,0.233011,0.437998
2748,human,0,128,0,1.613445,0.363417,0.586353
2748,human,1,115,0,1.360501,0.796929,1.084223
2748,lm,0,128,0,1.679439,0.478415,0.803470
2748,lm,1,128,0,2.118188,0.352157,0.745934
2748,lm,2,128,0,2.081601,0.346642,0.721570
2748,lm,3,128,0,2.084663,0.365948,0.762879
2748,lm,4,22,0,1.467781,1.093405,1.604879
275,human,0,128,0,1.305036,0.626258,0.817289
275,human,1,15,0,1.219192,0.995004,1.213101
275,lm,0,104,0,1.925763,0.365384,0.703642
2750,human,0,111,0,1.509844,0.704966,1.064388
2750,lm,0,65,0,1.890702,0.563049,1.064559
2751,human,0,84,0,1.869751,0.459439,0.859037
2751,lm,0,13,0,1.286479,1.144108,1.471871
2753,human,0,128,0,1.838326,0.534538,0.982655
2753,human,1,2,0,1.038994,1.661487,1.726274
2753,lm,0,6,0,1.101728,1.836999,2.023874
2754,human,0,128,0,1.257437,0.998386,1.255408
2754,human,1,125,0,1.287222,0.960107,1.235871
2754,lm,0,128,0,1.552118,0.462453,0.717782
2754,lm,1,7,0,1.045116,4.183301,4.372036
2756,human,0,128,0,1.368664,0.910898,1.246713
2756,human,1,121,0,1.416480,0.587816,0.832630
2756,lm,0,128,0,1.519022,0.524873,0.797293
2756,lm,1,18,0,1.201129,1.591178,1.911209
2757,human,0,128,0,1.237769,1.000043,1.237822
2757,human,1,68,0,1.184135,1.363589,1.614674
2757,lm,0,76,0,1.472917,0.689284,1.015258
2758,human,0,128,0,1.418649,0.779515,1.105859
2758,human,1,20,0,1.148505,2.195903,2.522006
2758,lm,0,11,0,1.127079,2.067674,2.330432
2759,human,0,128,0,1.216299,1.503151,1.828280
2759,human,1,128,0,1.288664,0.818842,1.055212
2759,human,2,128,0,1.438246,0.888318,1.277620
2759,human,3,124,0,1.378476,0.694991,0.958028
276,human,0,65,0,1.293819,1.248177,1.614916
276,lm,0,51,0,1.653740,0.683283,1.129973
2760,human,0,44,0,1.285164,1.047411,1.346095
2760,lm,0,10,0,1.573427,1.196873,1.883192
2761,human,0,108,0,1.289493,0.729045,0.940098
2761,lm,0,44,0,1.398300,0.878615,1.228568
2762,human,0,103,0,1.282788,0.913318,1.171594
2762,lm,0,7,0,1.051510,2.819576,2.964812
2764,human,0,128,0,1.299461,0.489115,0.635586
2764,human,1,79,0,1.176921,1.162203,1.367822
2764,lm,0,44,0,1.474265,0.788831,1.162946
2765,human,0,128,0,1.243581,1.224979,1.523360
2765,human,1,128,0,1.251756,0.901987,1.129067
2765,human,2,128,0,1.322204,0.515861,0.682074
2765,human,3,100,0,1.254789,1.278746,1.604557
2766,human,0,20,0,1.228880,0.968689,1.190403
2766,lm,0,10,0,1.235058,2.040719,2.520405
2767,human,0,128,0,1.519202,0.550976,0.837044
2767,human,1,11,0,1.313453,1.897899,2.492800
2767,lm,0,48,0,1.582279,0.620751,0.982201
2768,human,0,128,0,1.554425,0.636215,0.988949
2768,human,1,6,0,1.139368,3.163075,3.603908
2768,lm,0,10,0,1.112061,1.980245,2.202154
2769,human,0,128,0,1.337239,0.807490,1.079807
2769,human,1,128,0,1.180584,0.972977,1.148681
2769,human,2,128,0,1.212939,1.509231,1.830606
2769,human,3,1,0,nan,nan,nan
277,human,0,37,0,1.395548,0.871221,1.215831
277,lm,0,40,0,1.373208,0.531549,0.729927
2771,human,0,128,0,1.322916,0.646207,0.854878
2771,human,1,40,0,1.138675,1.340334,1.526206
2771,lm,0,37,0,1.446982,0.438394,0.634348
2773,human,0,51,0,1.129866,1.048905,1.185122
2773,lm,0,21,0,1.254097,1.132368,1.420100
2774,human,0,128,0,1.457375,0.883758,1.287967
2774,human,1,128,0,1.281469,1.463860,1.875891
2774,human,2,15,0,1.330508,2.581600,3.434839
2774,lm,0,35,0,1.392828,0.849250,1.182859
2775,human,0,128,0,1.532933,0.586756,0.899457
2775,human,1,8,0,1.044450,4.058954,4.239373
2775,lm,0,128,0,2.240851,0.238442,0.534314
2775,lm,1,115,0,2.042378,0.280250,0.572377
2777,human,0,56,0,1.575534,0.683631,1.077084
2777,lm,0,8,0,1.170562,1.219944,1.428020
2782,human,0,20,0,1.102320,1.899688,2.094065
2782,lm,0,10,0,1.187237,2.703340,3.209504
2784,human,0,120,0,1.424456,0.691982,0.985697
2784,lm,0,108,0,1.815281,0.584517,1.061063
2785,human,0,117,0,1.309458,0.700836,0.917716
2785,lm,0,48,0,1.638855,0.453237,0.742790
2786,human,0,65,0,1.411775,0.886418,1.251422
2786,lm,0,66,0,1.460367,0.695204,1.015254
2787,human,0,81,0,1.373742,0.690109,0.948032
2787,lm,0,123,0,1.832515,0.332217,0.608793
2788,human,0,22,0,1.310592,0.798223,1.046144
2788,lm,0,54,0,1.932847,0.519415,1.003949
279,human,0,128,0,1.435201,0.774750,1.111922
279,human,1,128,0,1.338355,0.632353,0.846313
279,human,2,42,0,1.156344,1.366280,1.579890
279,lm,0,9,0,1.075589,2.058331,2.213918
2790,human,0,128,0,1.361152,0.746094,1.015546
2790,human,1,7,0,0.902446,2.890372,2.608404
2790,lm,0,128,0,1.541479,0.543591,0.837934
2790,lm,1,128,0,1.403710,0.800802,1.124094
2790,lm,2,73,0,1.420006,0.505919,0.718407
2791,human,0,128,0,1.308113,0.806969,1.055607
2791,human,1,128,0,1.247849,1.043324,1.301911
2791,human,2,12,0,1.055066,3.351188,3.535725
2791,lm,0,10,0,1.109240,0.981841,1.089098
2792,human,0,128,0,1.234019,1.238075,1.527807
2792,human,1,29,0,1.182165,1.993535,2.356689
2792,lm,0,6,0,1.125776,2.699081,3.038560
2793,human,0,128,0,1.322485,0.891923,1.179555
2793,human,1,21,0,1.114966,2.016961,2.248844
2793,lm,0,128,0,1.598698,0.577541,0.923314
2793,lm,1,128,0,1.417694,1.177625,1.669513
2793,lm,2,128,0,1.383344,1.292793,1.788378
2793,lm,3,128,0,1.396964,1.117484,1.561085
2793,lm,4,61,0,1.435133,1.188119,1.705110
2798,human,0,128,0,1.434595,0.739077,1.060276
2798,human,1,128,0,1.766632,0.442370,0.781505
2798,human,2,1,0,1.000000,2.879804,2.879804
2798,lm,0,45,0,1.479732,0.815111,1.206146
2799,human,0,13,0,1.120642,1.153755,1.292946
2799,lm,0,11,0,1.116067,2.023691,2.258574
28,human,0,37,0,1.249807,0.745064,0.931186
28,lm,0,7,0,1.101928,1.743538,1.921254
280,human,0,82,0,1.367166,0.607468,0.830509
280,lm,0,50,0,1.849973,0.343364,0.635215
2802,human,0,128,0,1.196268,0.902533,1.079671
2802,human,1,19,0,1.238340,1.466200,1.815655
2802,lm,0,54,0,1.383931,0.727520,1.006838
2803,human,0,128,0,1.350655,0.587481,0.793485
2803,human,1,114,0,1.432161,0.712364,1.020219
2803,lm,0,28,0,1.447011,0.824532,1.193107
2805,human,0,127,0,1.365871,0.885225,1.209102
2805,lm,0,46,0,1.867226,0.610423,1.139798
2806,human,0,128,0,1.145539,1.090373,1.249065
2806,human,1,128,0,1.070987,1.692021,1.812133
2806,human,2,102,0,1.339183,0.679780,0.910351
2806,lm,0,51,0,1.575332,0.855223,1.347261
2807,human,0,27,0,1.262790,0.925813,1.169107
2807,lm,0,6,0,1.003400,4.054994,4.068781
281,human,0,16,0,1.269418,1.086052,1.378654
281,lm,0,6,0,1.057350,1.564361,1.654076
2811,human,0,128,0,1.240111,1.268968,1.573661
2811,human,1,128,0,1.107692,1.868272,2.069470
2811,human,2,100,0,1.252452,1.057741,1.324770
2811,lm,0,9,0,0.990842,5.874931,5.821126
2812,human,0,128,0,1.676336,0.505485,0.847363
2812,human,1,128,0,1.755549,0.350029,0.614493
2812,human,2,30,0,1.301909,0.768026,0.999900
2812,lm,0,64,0,1.668675,0.516058,0.861132
2813,human,0,44,0,1.346859,0.987755,1.330367
2813,lm,0,46,0,1.613570,0.702615,1.133718
2815,human,0,128,0,1.572315,0.518242,0.814840
2815,human,1,52,0,1.294059,0.947785,1.226489
2815,lm,0,56,0,1.604817,0.550083,0.882782
2818,human,0,43,0,1.353681,0.904135,1.223911
2818,lm,0,11,0,1.162402,1.677279,1.949673
2819,human,0,128,0,1.294894,1.106369,1.432631
2819,human,1,10,0,1.794150,0.881157,1.580927
2819,lm,0,128,0,1.713353,0.437160,0.749009
2819,lm,1,14,0,1.941000,1.454278,2.822754
2821,human,0,78,0,1.244428,0.624322,0.776923
2821,lm,0,31,0,1.400261,0.390085,0.546220
2822,human,0,128,0,1.475277,0.452695,0.667851
2822,human,1,77,0,1.370209,1.128537,1.546331
2822,lm,0,99,0,1.723786,0.340357,0.586702
2824,human,0,84,0,1.278046,0.891309,1.139134
2824,lm,0,10,0,1.200795,1.901261,2.283026
2825,human,0,128,0,1.244664,0.918474,1.143191
2825,human,1,128,0,1.283083,0.648536,0.832125
2825,human,2,128,0,1.201931,1.329088,1.597472
2825,human,3,120,0,1.226057,1.109055,1.359764
2825,lm,0,128,0,1.835546,0.539272,0.989858
2825,lm,1,128,0,2.014805,0.448590,0.903821
2825,lm,2,128,0,1.939217,0.460484,0.892978
2825,lm,3,128,0,1.668387,0.524908,0.875749
2825,lm,4,53,0,1.430491,1.381317,1.975960
283,human,0,128,0,1.513167,0.689700,1.043631
283,human,1,24,0,1.344533,1.811650,2.435823
283,lm,0,40,0,1.289900,1.168051,1.506669
2830,human,0,35,0,1.203004,1.378259,1.658051
2830,lm,0,44,0,1.766050,0.693807,1.225298
2831,human,0,128,0,1.365884,0.742385,1.014012
2831,human,1,128,0,1.307807,1.181634,1.545349
2831,human,2,128,0,1.215687,0.878873,1.068434
2831,human,3,128,0,1.260141,1.141297,1.438195
2831,human,4,128,0,1.173786,1.611796,1.891903
2831,human,5,118,0,1.206192,1.398742,1.687152
2831,lm,0,61,0,1.395790,0.582366,0.812861
2833,human,0,128,0,1.286490,1.059179,1.362624
2833,human,1,122,0,1.376884,0.684218,0.942090
2833,lm,0,46,0,1.547028,0.600136,0.928428
2836,human,0,54,0,1.422874,0.783115,1.114274
2836,lm,0,66,0,1.525468,0.480004,0.732231
2837,human,0,71,0,1.959451,0.514935,1.008990
2837,lm,0,10,0,1.114599,2.146617,2.392618
2839,human,0,62,0,1.422123,0.839779,1.194269
284,human,0,114,0,1.553483,0.411839,0.639785
284,lm,0,17,0,1.236435,1.063085,1.314436
2841,human,0,70,0,1.226043,1.228884,1.506664
2841,lm,0,13,0,1.105648,2.015959,2.228941
2843,human,0,128,0,1.295950,0.989051,1.281760
2843,human,1,128,0,1.209301,1.525705,1.845038
2843,human,2,128,0,1.164190,1.274396,1.483639
2843,human,3,128,0,1.248160,1.178711,1.471220
2843,human,4,128,0,1.265951,1.266629,1.603490
2843,human,5,128,0,1.195616,1.355685,1.620880
2843,human,6,35,0,1.102538,1.481488,1.633397
2843,lm,0,32,0,1.217286,1.432969,1.744333
2844,human,0,57,0,1.521568,0.779065,1.185401
2844,lm,0,18,0,1.250878,1.122542,1.404162
2845,human,0,128,0,1.367783,0.902628,1.234599
2845,human,1,128,0,1.294587,0.860837,1.114428
2845,human,2,128,0,1.358959,1.533750,2.084303
2845,human,3,58,0,1.373014,1.247647,1.713037
2845,lm,0,10,0,1.140058,2.531258,2.885780
2846,human,0,60,0,1.380029,0.594487,0.820409
2846,lm,0,82,0,1.895338,0.235496,0.446344
2848,human,0,128,0,1.325065,0.652435,0.864519
2848,human,1,93,0,1.442109,0.826765,1.192285
2848,lm,0,128,0,1.809674,0.324009,0.586351
2848,lm,1,58,0,1.348885,1.121101,1.512236
285,human,0,128,0,1.283396,0.806530,1.035097
285,human,1,128,0,1.265054,0.686714,0.868730
285,human,2,128,0,1.285929,0.866635,1.114431
285,human,3,95,0,1.189042,1.094712,1.301658
285,lm,0,128,0,1.561652,0.505787,0.789863
285,lm,1,8,0,1.007689,2.216919,2.233965
2850,human,0,128,0,1.606973,0.542422,0.871658
2850,human,1,117,0,1.397353,0.700969,0.979502
2850,lm,0,12,0,1.164215,1.624286,1.891018
2851,human,0,18,0,1.255912,0.839481,1.054314
2851,lm,0,23,0,1.401532,0.730252,1.023472
2852,human,0,41,0,1.254815,1.210499,1.518952
2852,lm,0,40,0,1.542730,0.574079,0.885649
2853,human,0,80,0,1.287946,0.635956,0.819077
2853,lm,0,58,0,1.517834,0.487826,0.740439
2856,human,0,60,0,1.218770,1.037173,1.264075
2856,lm,0,12,0,1.113172,2.706937,3.013287
2857,human,0,92,0,1.440797,0.483724,0.696948
2857,lm,0,128,0,1.898582,0.180460,0.342619
2857,lm,1,25,0,1.157834,0.988679,1.144726
2859,human,0,88,0,1.175120,1.184852,1.392343
2859,lm,0,10,0,1.022860,4.599189,4.704325
286,human,0,44,0,1.098775,2.006291,2.204462
286,lm,0,50,0,1.481529,0.865517,1.282289
2860,human,0,74,0,1.270471,0.796238,1.011596
2860,lm,0,128,0,1.749032,0.478993,0.837774
2860,lm,1,35,0,1.443350,1.055840,1.523946
2863,human,0,59,0,1.394170,0.564266,0.786683
2863,lm,0,128,0,1.572034,0.625681,0.983592
2863,lm,1,98,0,1.506653,0.893618,1.346371
2864,human,0,128,0,1.335937,0.731520,0.977264
2864,human,1,24,0,1.103359,1.658669,1.830107
2865,human,0,31,0,1.402889,0.647259,0.908032
2865,lm,0,7,0,1.036799,1.959218,2.031314
2866,human,0,26,0,1.243900,1.375061,1.710438
2866,lm,0,58,0,1.429906,0.530111,0.758010
2867,human,0,28,0,1.425421,0.464265,0.661774
2867,lm,0,28,0,1.356145,0.582627,0.790126
2868,human,0,112,0,1.714999,0.331878,0.569170
2868,lm,0,35,0,1.695085,0.312046,0.528945
2869,human,0,40,0,1.371600,0.773790,1.061331
2869,lm,0,128,0,2.782474,0.118968,0.331024
2869,lm,1,128,0,2.471620,0.122600,0.303021
2869,lm,2,65,0,1.566803,0.320962,0.502885
287,human,0,128,0,1.526468,0.635691,0.970362
287,human,1,23,0,2.025676,0.368982,0.747438
287,lm,0,128,0,1.937785,0.390187,0.756098
287,lm,1,20,0,1.903927,0.415152,0.790420
2870,human,0,128,0,1.252829,0.820304,1.027701
2870,human,1,58,0,1.189082,1.233885,1.467190
2870,lm,0,128,0,2.011480,0.313349,0.630295
2870,lm,1,128,0,1.519189,0.506278,0.769131
2870,lm,2,128,0,1.819694,0.379838,0.691189
2870,lm,3,91,0,1.468512,0.722339,1.060763
2873,human,0,35,0,1.389232,0.917955,1.275253
2873,lm,0,73,0,1.742701,0.460983,0.803356
2876,human,0,68,0,1.368552,0.866497,1.185847
2876,lm,0,11,0,1.095266,2.008788,2.200157
2879,human,0,120,0,1.725422,0.295582,0.510004
2879,lm,0,33,0,1.324547,0.855901,1.133681
288,human,0,30,0,1.153818,1.205945,1.391442
288,lm,0,3,0,1.054700,2.016955,2.127283
2880,human,0,118,0,1.474188,0.660311,0.973423
2880,lm,0,59,0,1.382620,0.985349,1.362363
2881,human,0,95,0,1.679584,0.495419,0.832097
2881,lm,0,34,0,1.314466,0.824055,1.083193
2882,human,0,95,0,1.330530,0.859707,1.143866
2882,lm,0,20,0,1.428774,1.139472,1.628048
2883,human,0,96,0,1.354158,0.795347,1.077026
2883,lm,0,31,0,1.242566,1.153475,1.433269
2884,human,0,44,0,1.346517,1.112779,1.498376
2884,lm,0,13,0,1.173131,1.236402,1.450462
2885,human,0,124,0,1.525051,0.760648,1.160028
2885,lm,0,44,0,1.712470,0.508530,0.870843
2886,human,0,70,0,1.635547,0.741519,1.212789
2886,lm,0,10,0,1.235185,2.218367,2.740094
2889,human,0,128,0,1.393139,0.698754,0.973461
2889,human,1,128,0,1.404270,0.989773,1.389909
2889,human,2,20,0,1.202848,2.921205,3.513765
2889,lm,0,10,0,1.116700,2.048563,2.287630
2890,human,0,128,0,1.262364,1.121367,1.415573
2890,human,1,94,0,1.183920,0.895730,1.060473
2890,lm,0,23,0,1.251354,1.530802,1.915575
2891,human,0,86,0,1.433127,0.536989,0.769574
2891,lm,0,90,0,2.325236,0.184568,0.429165
2892,human,0,44,0,1.145736,1.247003,1.428736
2892,lm,0,128,0,2.105570,0.147171,0.309879
2892,lm,1,128,0,3.398555,0.063459,0.215670
2892,lm,2,121,0,3.327726,0.063824,0.212389
2895,human,0,43,0,1.815084,0.580638,1.053906
2895,lm,0,6,0,1.113014,1.201925,1.337760
2896,human,0,68,0,1.682695,0.377406,0.635058
2896,lm,0,49,0,1.921077,0.289022,0.555234
2897,human,0,93,0,1.542619,0.751473,1.159237
2897,lm,0,83,0,2.190841,0.312172,0.683919
2898,human,0,60,0,1.414399,0.811477,1.147753
2898,lm,0,92,0,1.469964,0.976407,1.435283
2899,human,0,128,0,1.347204,1.146523,1.544601
2899,human,1,100,0,0.953487,2.497824,2.381643
2899,lm,0,10,0,1.197546,1.321444,1.582490
29,human,0,128,0,1.298688,0.917662,1.191757
29,human,1,128,0,1.214148,1.172679,1.423806
29,human,2,128,0,1.298492,0.959346,1.245703
29,human,3,128,0,1.243550,1.259807,1.566633
29,human,4,127,0,1.360366,0.905993,1.232483
29,lm,0,128,0,1.981596,0.297067,0.588668
29,lm,1,128,0,1.810305,0.371288,0.672145
29,lm,2,128,0,1.922756,0.338000,0.649891
29,lm,3,128,0,2.227290,0.292599,0.651702
29,lm,4,79,0,1.601620,0.576503,0.923339
290,human,0,128,0,1.327277,0.780647,1.036135
290,human,1,128,0,1.247382,1.111753,1.386781
290,human,2,128,0,1.198258,1.383142,1.657361
290,human,3,128,0,1.285286,1.187709,1.526546
290,human,4,128,0,1.187804,1.365628,1.622099
290,human,5,128,0,1.343714,0.967040,1.299425
290,human,6,128,0,1.292472,0.927786,1.199138
290,human,7,12,0,1.041076,3.898738,4.058882
290,lm,0,23,0,1.630843,0.781180,1.273981
2900,human,0,102,0,1.289277,0.752859,0.970643
2900,lm,0,46,0,1.496507,0.491171,0.735041
2901,human,0,128,0,1.346135,0.772365,1.039708
2901,human,1,12,0,1.215216,2.215650,2.692492
2901,lm,0,111,0,1.880563,0.327305,0.615518
2902,human,0,128,0,1.324045,1.022396,1.353698
2902,human,1,112,0,1.435529,0.970331,1.392939
2902,lm,0,44,0,1.516019,0.699613,1.060627
2905,human,0,43,0,1.354200,0.981274,1.328841
2905,lm,0,10,0,1.124702,2.161705,2.431274
2909,human,0,128,0,1.569267,0.519916,0.815886
2909,human,1,128,0,1.177334,1.323867,1.558633
2909,human,2,120,0,1.307404,0.864069,1.129687
291,human,0,31,0,1.279961,1.308048,1.674251
291,lm,0,31,0,1.294107,1.308048,1.692754
2910,human,0,57,0,1.432625,0.663725,0.950869
2910,lm,0,60,0,1.791399,0.406364,0.727960
2911,human,0,37,0,1.187774,1.532703,1.820505
2911,lm,0,49,0,1.771926,0.622685,1.103351
2912,human,0,104,0,1.235990,0.792168,0.979112
2912,lm,0,10,0,1.075233,1.691029,1.818251
2914,human,0,128,0,1.337771,0.995223,1.331380
2914,human,1,128,0,1.325314,1.147246,1.520461
2914,human,2,128,0,1.976533,0.369161,0.729659
2914,human,3,62,0,1.512930,0.751757,1.137356
2914,lm,0,128,0,1.498380,0.585297,0.876998
2914,lm,1,19,0,1.437311,1.250188,1.796909
2915,human,0,56,0,1.282205,0.727197,0.932415
2916,human,0,11,0,1.096058,1.057133,1.158679
2916,lm,0,7,0,1.139269,1.151401,1.311755
2918,human,0,128,0,1.329783,1.001258,1.331456
2918,human,1,95,0,1.246396,1.053596,1.313197
2918,lm,0,55,0,1.505612,0.835823,1.258426
2919,human,0,20,0,1.155137,1.624579,1.876612
2919,lm,0,10,0,1.066193,2.315140,2.468387
2921,human,0,128,0,1.424888,0.694111,0.989031
2921,human,1,20,0,1.551320,0.681670,1.057489
2921,lm,0,11,0,1.202524,0.926982,1.114718
2922,human,0,92,0,1.985772,0.413912,0.821936
2922,lm,0,114,0,1.982085,0.377682,0.748597
2923,human,0,20,0,1.143189,1.450796,1.658535
2923,lm,0,128,0,1.817328,0.435189,0.790880
2923,lm,1,126,0,1.432728,0.944025,1.352532
2924,human,0,35,0,1.260947,1.196721,1.509002
2924,lm,0,39,0,1.304745,0.906504,1.182756
2926,human,0,128,0,1.430016,0.470102,0.672254
2926,human,1,86,0,1.354542,0.906526,1.227928
2926,lm,0,108,0,1.732053,0.357364,0.618973
2927,human,0,128,0,1.353770,0.848414,1.148557
2927,human,1,36,0,1.270678,0.977137,1.241626
2927,lm,0,7,0,1.163756,0.924196,1.075539
2928,human,0,128,0,1.264509,0.814214,1.029580
2928,human,1,91,0,1.246589,0.999835,1.246383
2928,lm,0,9,0,1.108854,1.509958,1.674323
2929,human,0,87,0,1.294120,1.106254,1.431626
293,human,0,29,0,1.161821,1.820861,2.115515
293,lm,0,11,0,1.146518,1.632803,1.872038
2930,human,0,67,0,1.417994,0.511743,0.725648
2930,lm,0,10,0,1.191138,1.452045,1.729586
2932,human,0,19,0,1.157252,1.925433,2.228211
2932,lm,0,31,0,1.445789,0.923459,1.335127
2933,human,0,65,0,1.400906,0.812389,1.138080
2933,lm,0,128,0,2.236917,0.308883,0.690946
2933,lm,1,1,0,1.000000,7.465655,7.465655
2934,human,0,128,0,1.340723,0.687734,0.922062
2934,human,1,117,0,1.623696,0.548422,0.890470
2934,lm,0,46,0,1.685518,0.505132,0.851410
2937,human,0,18,0,1.431702,0.457750,0.655361
2937,lm,0,22,0,1.949267,0.316303,0.616559
2939,human,0,74,0,1.537679,0.621281,0.955331
2939,lm,0,10,0,1.056813,2.348616,2.482048
294,human,0,128,0,1.423956,0.677033,0.964065
294,human,1,128,0,1.663947,0.571915,0.951637
294,human,2,106,0,1.339867,0.889876,1.192315
294,lm,0,57,0,1.854579,0.426413,0.790816
2942,human,0,63,0,1.590488,0.496690,0.789980
2942,lm,0,18,0,1.408474,0.962996,1.356355
2944,human,0,128,0,1.315121,0.839185,1.103629
2944,human,1,128,0,1.158022,1.371358,1.588063
2944,human,2,128,0,1.294521,1.184152,1.532909
2944,human,3,128,0,1.162652,1.361148,1.582541
2944,human,4,128,0,1.261787,0.694568,0.876397
2944,human,5,7,0,1.052187,1.790716,1.884168
2944,lm,0,128,0,1.487379,0.534277,0.794673
2944,lm,1,23,0,1.210361,1.331025,1.611020
2945,human,0,22,0,1.174487,1.110381,1.304128
2945,lm,0,9,0,1.133007,0.955591,1.082691
2946,human,0,36,0,1.216893,1.415259,1.722219
2946,lm,0,10,0,1.124112,2.564149,2.882391
2947,human,0,128,0,1.338590,0.756274,1.012340
2947,human,1,124,0,1.190302,1.039079,1.236819
2947,lm,0,84,0,1.623479,0.604804,0.981887
2948,human,0,106,0,1.305546,0.875595,1.143130
2948,lm,0,11,0,1.121335,1.848889,2.073223
2950,human,0,108,0,1.472727,0.949550,1.398429
2950,lm,0,11,0,1.189988,0.732400,0.871547
2953,human,0,128,0,1.278892,0.873897,1.117620
2953,human,1,128,0,1.265777,1.118236,1.415438
2953,human,2,128,0,1.372312,0.995004,1.365455
2953,human,3,128,0,1.312264,0.877060,1.150934
2953,human,4,12,0,1.129708,1.964681,2.219516
2953,lm,0,77,0,1.437776,0.823796,1.184435
2958,human,0,128,0,1.435189,0.508949,0.730438
2958,lm,0,99,0,1.848377,0.393066,0.726534
2959,human,0,128,0,1.360276,0.901532,1.226333
2959,human,1,128,0,1.411198,0.746455,1.053396
2959,human,2,128,0,1.334101,0.895525,1.194720
2959,human,3,128,0,1.326460,0.866196,1.148975
2959,human,4,128,0,1.386351,0.932905,1.293334
2959,human,5,128,0,1.411599,0.553018,0.780639
2959,human,6,128,0,1.445597,0.680445,0.983649
2959,human,7,108,0,1.320082,0.953008,1.258049
2959,lm,0,35,0,1.337766,1.053810,1.409751
296,human,0,42,0,1.289790,0.986702,1.272638
296,lm,0,17,0,1.280280,0.742745,0.950922
2960,human,0,128,0,1.401246,0.681782,0.955344
2960,human,1,128,0,1.272657,0.857787,1.091669
2960,human,2,8,0,1.041439,1.861056,1.938177
2960,lm,0,11,0,1.127651,0.943988,1.064490
2963,human,0,128,0,1.307055,0.702073,0.917648
2963,human,1,47,0,1.209117,0.730744,0.883554
2963,lm,0,7,0,1.054277,1.874012,1.975728
2964,human,0,36,0,1.205269,1.167570,1.407236
2964,lm,0,43,0,1.399432,1.050734,1.470431
2965,human,0,22,0,1.138599,1.633300,1.859673
2965,lm,0,26,0,1.246957,1.308110,1.631158
2967,human,0,128,0,1.320629,0.767466,1.013537
2967,human,1,128,0,1.294319,0.820082,1.061448
2967,human,2,11,0,1.237391,1.333292,1.649803
2967,lm,0,44,0,1.443252,0.733529,1.058667
2968,human,0,128,0,1.387225,0.724134,1.004538
2968,human,1,128,0,1.293437,0.856816,1.108238
2968,human,2,27,0,1.411647,0.996935,1.407320
2968,lm,0,128,0,2.439834,0.218752,0.533718
2968,lm,1,128,0,2.403361,0.220082,0.528936
2968,lm,2,128,0,2.335204,0.226810,0.529648
2968,lm,3,128,0,2.629891,0.204089,0.536731
2968,lm,4,89,0,2.340172,0.292146,0.683673
2969,human,0,128,0,1.346941,0.865632,1.165956
2969,human,1,30,0,1.159737,1.831151,2.123653
2969,lm,0,35,0,1.327016,0.951784,1.263033
297,human,0,118,0,1.700908,0.406650,0.691674
297,lm,0,62,0,1.840757,0.326965,0.601863
2970,human,0,93,0,1.528468,0.493442,0.754210
2970,lm,0,16,0,1.517190,0.531346,0.806153
2972,human,0,51,0,1.491266,0.660989,0.985711
2972,lm,0,58,0,1.579331,0.524598,0.828514
2974,human,0,23,0,1.287316,0.840779,1.082348
2974,lm,0,128,0,1.748533,0.695732,1.216511
2974,lm,1,11,0,1.113338,2.801938,3.119505
2976,human,0,79,0,1.363253,0.619878,0.845050
2976,lm,0,59,0,1.839363,0.289632,0.532738
2978,human,0,47,0,1.377597,0.775793,1.068730
2978,lm,0,128,0,1.642215,0.583213,0.957761
2978,lm,1,128,0,1.482996,0.687651,1.019784
2978,lm,2,88,0,1.381079,0.869051,1.200228
2979,human,0,128,0,1.253106,1.004284,1.258475
2979,human,1,1,0,nan,nan,nan
2979,lm,0,11,0,1.119406,1.415774,1.584826
298,human,0,73,0,1.315977,0.679359,0.894020
298,lm,0,128,0,2.714739,0.188785,0.512503
298,lm,1,128,0,2.665838,0.199813,0.532669
298,lm,2,128,0,2.349673,0.233517,0.548689
298,lm,3,128,0,2.761452,0.197747,0.546069
298,lm,4,4,0,1.459992,2.286189,3.337818
2980,human,0,108,0,1.415355,0.809067,1.145117
2980,lm,0,10,0,1.117821,2.228578,2.491151
2981,human,0,71,0,1.398846,0.761099,1.064661
2981,lm,0,46,0,1.585126,0.684931,1.085702
2982,human,0,37,0,1.108798,1.581360,1.753409
2982,lm,0,128,0,1.489088,0.679413,1.011705
2982,lm,1,21,0,1.068148,3.222340,3.441936
2986,human,0,23,0,1.169252,1.357889,1.587714
2986,lm,0,11,0,1.117024,1.678069,1.874444
2987,human,0,47,0,1.214286,1.081297,1.313003
2987,lm,0,128,0,1.706029,0.351807,0.600193
2987,lm,1,63,0,1.503789,0.478262,0.719206
2988,human,0,128,0,1.281404,0.776101,0.994499
2988,human,1,7,0,0.957555,5.745905,5.502021
2988,lm,0,42,0,1.383116,1.197677,1.656525
2989,human,0,128,0,1.249548,0.957484,1.196423
2989,human,1,128,0,1.255583,0.828454,1.040193
2989,human,2,128,0,1.350452,0.971735,1.312281
2989,human,3,57,0,1.219220,1.323729,1.613917
2989,lm,0,85,0,1.595524,0.634760,1.012775
2990,human,0,30,0,1.219641,0.904602,1.103289
2990,lm,0,35,0,1.597727,1.135211,1.813758
2991,human,0,128,0,1.437292,0.637217,0.915866
2991,human,1,111,0,1.831338,0.471355,0.863210
2991,lm,0,116,0,2.001900,0.311084,0.622759
2993,human,0,128,0,1.715133,0.490838,0.841852
2993,human,1,128,0,1.432677,0.473882,0.678920
2993,human,2,14,0,1.312976,1.841988,2.418485
2993,lm,0,128,0,1.262468,0.891195,1.125105
2993,lm,1,128,0,1.323111,0.791583,1.047352
2993,lm,2,8,0,1.022006,3.207549,3.278132
2995,human,0,75,0,1.221100,1.326172,1.619389
2995,lm,0,33,0,1.456532,0.994879,1.449074
2996,human,0,88,0,1.749931,0.401890,0.703279
2996,lm,0,13,0,1.112647,1.453413,1.617136
2997,human,0,34,0,1.433224,0.588937,0.844079
2997,lm,0,17,0,1.426679,0.493394,0.703915
2998,human,0,34,0,1.596032,0.351223,0.560563
2998,lm,0,30,0,2.287464,0.158489,0.362539
2999,human,0,122,0,1.591139,0.595389,0.947348
2999,lm,0,65,0,1.701851,0.518512,0.882431
3,human,0,97,0,1.676706,0.358494,0.601089
3,lm,0,94,0,3.467272,0.170985,0.592850
30,human,0,67,0,1.374859,0.851080,1.170115
30,lm,0,34,0,1.799576,0.403005,0.725238
300,human,0,86,0,1.489501,0.559258,0.833015
300,lm,0,5,0,0.971320,5.866468,5.698220
3000,human,0,36,0,1.293008,1.181744,1.528004
3000,lm,0,21,0,1.422328,0.714185,1.015805
3002,human,0,128,0,1.299490,0.734742,0.954790
3002,human,1,80,0,1.263611,1.278955,1.616101
3002,lm,0,128,0,1.675478,0.268545,0.449942
3002,lm,1,88,0,1.508162,0.544200,0.820741
3003,human,0,82,0,1.918133,0.497749,0.954749
3003,lm,0,11,0,1.156322,2.270362,2.625269
3004,human,0,43,0,1.244637,1.227727,1.528075
3004,lm,0,16,0,1.300580,1.023430,1.331052
3005,human,0,11,0,1.253444,0.548222,0.687165
3005,lm,0,4,0,1.442939,0.941845,1.359025
3008,human,0,128,0,1.353680,0.886036,1.199410
3008,human,1,7,0,1.002718,3.538861,3.548478
3008,lm,0,20,0,1.273106,0.948354,1.207355
3010,human,0,54,0,1.534867,0.591411,0.907738
3010,lm,0,28,0,1.521277,1.146464,1.744089
3012,human,0,23,0,1.205836,1.373014,1.655629
3012,lm,0,11,0,1.209476,1.363095,1.648631
3013,human,0,28,0,1.258291,0.833663,1.048991
3013,lm,0,10,0,1.165995,1.344733,1.567953
3015,human,0,128,0,1.266681,0.853227,1.080766
3015,human,1,95,0,1.317204,0.782379,1.030553
3015,lm,0,128,0,1.740848,0.341462,0.594434
3015,lm,1,87,0,1.415271,0.760712,1.076613
3016,human,0,43,0,1.578992,0.531151,0.838683
3016,lm,0,82,0,2.514315,0.175902,0.442273
3017,human,0,128,0,1.268563,1.010623,1.282040
3017,human,1,128,0,1.500501,1.132900,1.699917
3017,human,2,128,0,1.248674,1.276047,1.593367
3017,human,3,7,0,0.964207,2.667277,2.571808
3017,lm,0,25,0,1.372525,1.018767,1.398283
3018,human,0,24,0,1.319031,1.232371,1.625536
3018,lm,0,13,0,1.312439,1.116332,1.465118
302,human,0,77,0,1.241620,1.040905,1.292408
302,lm,0,81,0,1.712663,0.679934,1.164498
3022,human,0,104,0,1.322863,0.843717,1.116123
3022,lm,0,10,0,1.082361,1.831923,1.982801
3023,human,0,50,0,1.215871,0.877447,1.066862
3023,lm,0,107,0,2.022941,0.323243,0.653901
3025,human,0,128,0,1.364927,0.828864,1.131339
3025,human,1,128,0,1.263392,0.943683,1.192242
3025,human,2,128,0,1.580903,0.592032,0.935945
3025,human,3,128,0,1.510482,0.501475,0.757469
3025,human,4,79,0,1.310462,0.921502,1.207593
3025,lm,0,89,0,2.035005,0.397424,0.808760
3027,human,0,128,0,1.362895,0.761031,1.037206
3027,human,1,128,0,1.348648,0.740445,0.998600
3027,human,2,13,0,1.121214,1.931689,2.165837
3027,lm,0,128,0,1.579682,0.488381,0.771488
3027,lm,1,13,0,1.174196,1.233921,1.448866
3029,human,0,70,0,1.404317,0.843253,1.184195
3029,lm,0,13,0,1.136157,1.557960,1.770088
303,human,0,20,0,1.098086,1.543021,1.694369
303,lm,0,10,0,1.070410,2.061396,2.206538
3030,human,0,22,0,1.195207,1.161254,1.387939
3030,lm,0,17,0,1.507200,0.569016,0.857620
3031,human,0,112,0,1.206625,0.718278,0.866692
3031,lm,0,128,0,1.612619,0.858914,1.385101
3031,lm,1,128,0,1.719293,0.472683,0.812681
3031,lm,2,18,0,1.125022,1.430729,1.609601
3032,human,0,128,0,1.339924,0.790377,1.059045
3032,human,1,75,0,1.199262,1.445209,1.733183
3032,lm,0,90,0,1.760394,0.427275,0.752172
3033,human,0,120,0,1.487396,0.718949,1.069362
3033,lm,0,10,0,1.102745,1.771709,1.953744
3034,human,0,128,0,1.459985,0.830089,1.211918
3034,human,1,128,0,1.319911,1.080624,1.426327
3034,human,2,36,0,1.241584,1.127810,1.400270
3034,lm,0,97,0,1.882986,0.420208,0.791245
3035,human,0,128,0,1.322302,0.942057,1.245684
3035,human,1,51,0,1.175571,1.776092,2.087923
3035,lm,0,11,0,1.095524,2.134642,2.338552
3036,human,0,75,0,1.738064,0.456362,0.793186
3036,lm,0,75,0,1.703600,0.443608,0.755730
304,human,0,57,0,1.231085,1.131391,1.392839
304,lm,0,109,0,1.510250,0.787239,1.188928
3042,human,0,84,0,1.326286,0.704939,0.934950
3042,lm,0,47,0,1.395140,0.913921,1.275048
3044,human,0,128,0,1.298890,1.060158,1.377029
3044,human,1,128,0,1.188890,1.589417,1.889642
3044,human,2,128,0,1.282735,0.996349,1.278051
3044,human,3,128,0,1.156969,2.030595,2.349335
3044,human,4,128,0,1.184138,1.695437,2.007632
3044,human,5,128,0,1.149141,1.762323,2.025158
3044,human,6,128,0,1.182599,1.133698,1.340711
3044,human,7,128,0,1.182204,1.106306,1.307879
3044,human,8,26,0,1.186232,1.562209,1.853141
3044,lm,0,86,0,1.793004,0.332473,0.596125
3045,human,0,57,0,1.228472,1.339007,1.644931
3045,lm,0,128,0,2.653281,0.098499,0.261346
3045,lm,1,91,0,1.511058,0.167152,0.252576
3046,human,0,128,0,1.372925,0.730968,1.003564
3046,human,1,128,0,1.377089,0.771001,1.061737
3046,human,2,118,0,1.381332,0.779510,1.076762
3046,lm,0,45,0,1.410183,0.988388,1.393807
3047,human,0,128,0,1.257421,1.244094,1.564349
3047,human,1,128,0,1.365398,0.837828,1.143968
3047,human,2,128,0,1.380254,1.066885,1.472573
3047,human,3,95,0,1.268220,1.095572,1.389426
3047,lm,0,46,0,1.384877,1.048759,1.452403
3049,human,0,38,0,1.388936,0.706123,0.980760
3049,lm,0,16,0,1.113063,1.826137,2.032605
305,human,0,17,0,1.124456,1.572673,1.768401
305,lm,0,10,0,1.202244,2.321826,2.791400
3050,human,0,100,0,1.279568,0.969275,1.240253
3050,lm,0,31,0,1.470279,0.671069,0.986658
3051,human,0,15,0,1.113654,1.169702,1.302644
3051,lm,0,21,0,1.451728,0.401062,0.582233
3052,human,0,128,0,1.489231,0.691076,1.029172
3052,human,1,124,0,1.577754,0.734903,1.159496
3052,lm,0,80,0,1.630774,0.696914,1.136509
3053,human,0,128,0,1.445471,0.562889,0.813639
3053,human,1,7,0,1.315464,1.346952,1.771866
3053,lm,0,127,0,1.833025,0.485155,0.889301
3054,human,0,128,0,1.435924,0.599743,0.861185
3054,human,1,44,0,1.339644,1.194028,1.599573
3054,lm,0,37,0,1.457429,0.645145,0.940253
3056,human,0,128,0,1.301882,0.891512,1.160644
3056,human,1,9,0,1.221642,1.296996,1.584464
3056,lm,0,44,0,1.751136,0.442966,0.775693
3057,human,0,128,0,1.405125,0.846317,1.189182
3057,human,1,128,0,1.677343,0.584744,0.980816
3057,human,2,123,0,1.382069,0.825516,1.140919
3057,lm,0,128,0,1.727395,0.669261,1.156078
3057,lm,1,56,0,1.525532,0.920146,1.403712
306,human,0,73,0,1.817437,0.498573,0.906124
306,lm,0,25,0,1.545149,0.896486,1.385205
3060,human,0,128,0,1.300113,1.144525,1.488012
3060,human,1,128,0,1.280152,1.611297,2.062704
3060,human,2,46,0,1.484870,0.687525,1.020884
3060,lm,0,11,0,1.162382,1.306780,1.518978
3061,human,0,12,0,1.137587,1.370324,1.558863
3061,lm,0,6,0,1.142682,2.521702,2.881505
3062,human,0,98,0,1.484331,0.650692,0.965843
3062,lm,0,44,0,1.391984,0.814288,1.133476
3063,human,0,128,0,1.346504,0.662984,0.892710
3063,human,1,128,0,1.322254,0.852557,1.127297
3063,human,2,128,0,1.264860,0.936552,1.184607
3063,human,3,63,0,1.175860,1.559778,1.834080
3063,lm,0,128,0,1.987553,0.291387,0.579147
3063,lm,1,10,0,1.835803,0.825821,1.516044
3064,human,0,128,0,1.472816,0.553784,0.815622
3064,human,1,54,0,1.282978,1.157315,1.484810
3064,lm,0,30,0,1.427683,0.983245,1.403762
3066,human,0,128,0,1.241249,1.028834,1.277038
3066,human,1,82,0,1.255348,1.142560,1.434311
3066,lm,0,128,0,1.677714,0.508295,0.852774
3066,lm,1,80,0,1.375656,0.958909,1.319129
3067,human,0,128,0,1.241786,1.184301,1.470649
3067,human,1,128,0,1.330543,1.051848,1.399528
3067,human,2,128,0,1.227600,1.229859,1.509775
3067,human,3,128,0,1.156527,1.164319,1.346566
3067,human,4,51,0,1.123964,1.855936,2.086006
3067,lm,0,71,0,1.501192,0.826870,1.241292
3068,human,0,128,0,1.441231,0.621432,0.895628
3068,human,1,2,0,nan,nan,3.931988
3068,lm,0,11,0,1.193355,1.001141,1.194716
3069,human,0,128,0,1.347742,0.870491,1.173197
3069,human,1,26,0,1.233970,1.826020,2.253254
307,human,0,114,0,1.402494,0.541575,0.759555
307,lm,0,14,0,1.175011,1.357812,1.595444
3071,human,0,76,0,1.471375,0.714270,1.050960
3071,lm,0,12,0,1.125460,1.309968,1.474317
3072,human,0,81,0,1.192272,0.953262,1.136548
3072,lm,0,10,0,1.158991,1.778767,2.061575
3073,human,0,66,0,1.571085,0.616258,0.968194
3073,lm,0,51,0,1.752132,0.804328,1.409288
3074,human,0,104,0,1.287913,0.893994,1.151387
3074,lm,0,128,0,1.948185,0.316027,0.615679
3074,lm,1,8,0,1.011977,1.675664,1.695734
3075,human,0,128,0,1.349191,0.680188,0.917704
3075,human,1,128,0,1.302436,0.966913,1.259342
3075,human,2,57,0,1.412986,0.962301,1.359719
3075,lm,0,108,0,2.125488,0.244822,0.520365
3076,human,0,107,0,1.308704,0.859946,1.125415
3076,lm,0,10,0,1.046531,2.531734,2.649537
3078,human,0,110,0,1.529014,0.394793,0.603644
3078,lm,0,128,0,2.337984,0.361196,0.844469
3078,lm,1,42,0,1.989953,0.348277,0.693055
308,human,0,15,0,1.350651,0.615364,0.831141
308,lm,0,14,0,1.287382,0.914506,1.177319
3081,human,0,78,0,1.644241,0.649201,1.067443
3081,lm,0,10,0,1.135574,2.883182,3.274066
3082,human,0,128,0,1.459377,0.834954,1.218512
3082,human,1,128,0,1.214278,1.070514,1.299902
3082,human,2,128,0,1.044867,2.939970,3.071878
3082,human,3,128,0,1.167885,1.762195,2.058040
3082,human,4,128,0,1.217222,1.466849,1.785481
3082,human,5,18,0,1.267925,1.743358,2.210446
3082,lm,0,117,0,2.052833,0.375725,0.771302
3083,human,0,13,0,1.195995,1.001477,1.197762
3083,lm,0,13,0,1.195233,1.001477,1.196999
3085,human,0,128,0,1.244312,1.021521,1.271091
3085,human,1,128,0,1.175991,1.259971,1.481714
3085,human,2,128,0,1.131189,2.060234,2.330514
3085,human,3,113,0,1.270613,0.998000,1.268072
3085,lm,0,128,0,1.415595,0.414226,0.586377
3085,lm,1,128,0,1.329365,0.314304,0.417825
3085,lm,2,72,0,1.283818,0.427570,0.548923
3086,human,0,128,0,1.668992,0.259387,0.432915
3086,human,1,128,0,1.393266,0.426728,0.594546
3086,human,2,25,0,1.362242,0.486970,0.663371
3086,lm,0,128,0,1.972851,0.174274,0.343818
3086,lm,1,59,0,1.519340,0.487799,0.741133
3087,human,0,128,0,1.266838,1.041045,1.318835
3087,human,1,128,0,1.275909,1.084322,1.383496
3087,human,2,110,0,1.319198,0.703770,0.928412
3087,lm,0,17,0,1.109421,1.525947,1.692918
3089,human,0,102,0,1.500681,0.660489,0.991184
3089,lm,0,79,0,1.469145,0.562882,0.826955
309,human,0,76,0,1.144711,1.928084,2.207099
309,lm,0,99,0,1.800946,0.366982,0.660914
3091,human,0,34,0,1.581634,0.398749,0.630675
3091,lm,0,6,0,1.157356,1.127961,1.305453
3092,human,0,128,0,1.671325,0.334601,0.559227
3092,human,1,14,0,1.148298,1.245089,1.429734
3092,lm,0,25,0,1.418189,0.685761,0.972539
3093,human,0,77,0,1.835177,0.293523,0.538666
3093,lm,0,128,0,1.856747,0.251220,0.466451
3093,lm,1,46,0,1.238571,0.968564,1.199635
3096,human,0,128,0,1.337290,0.727298,0.972608
3096,human,1,60,0,1.453879,1.207395,1.755407
3096,lm,0,128,0,1.789053,0.316936,0.567015
3096,lm,1,28,0,1.178931,1.347814,1.588980
3097,human,0,71,0,1.338764,0.665975,0.891583
3097,lm,0,10,0,1.145283,1.485457,1.701268
310,human,0,70,0,1.318942,0.675935,0.891520
310,lm,0,6,0,1.023844,3.446332,3.528507
3100,human,0,89,0,1.270182,1.026442,1.303768
3100,lm,0,128,0,2.074279,0.299836,0.621944
3100,lm,1,128,0,1.774110,0.373643,0.662883
3100,lm,2,128,0,2.173301,0.279134,0.606643
3100,lm,3,128,0,2.082922,0.305391,0.636106
3100,lm,4,128,0,1.966711,0.345535,0.679567
3100,lm,5,10,0,1.335255,1.608461,2.147705
3101,human,0,61,0,1.429291,0.965314,1.379715
3101,lm,0,12,0,1.284871,1.114345,1.431789
3102,human,0,57,0,1.486699,0.675398,1.004114
3102,lm,0,98,0,1.766820,0.422526,0.746528
3103,human,0,33,0,1.228711,1.038260,1.275721
3103,lm,0,10,0,1.093244,2.259946,2.470673
3104,human,0,37,0,1.485265,0.835621,1.241119
3104,lm,0,12,0,1.341095,1.258314,1.687519
3105,human,0,128,0,1.405520,0.714363,1.004051
3105,human,1,128,0,1.260828,1.403283,1.769299
3105,human,2,81,0,1.296564,1.439759,1.866740
3105,lm,0,42,0,1.266404,0.911962,1.154913
3106,human,0,86,0,1.347594,0.677073,0.912419
3106,lm,0,71,0,1.460275,0.552780,0.807212
3109,human,0,70,0,1.420548,0.815672,1.158702
3109,lm,0,19,0,1.342047,0.891794,1.196829
311,human,0,20,0,1.276069,0.642164,0.819445
311,lm,0,6,0,1.044687,3.680370,3.844833
3111,human,0,83,0,1.648608,0.614269,1.012688
3111,lm,0,10,0,1.227682,1.539493,1.890008
3112,human,0,128,0,1.253137,0.792557,0.993183
3112,human,1,11,0,1.062843,2.671763,2.839663
3112,lm,0,46,0,1.459816,0.607154,0.886334
3113,human,0,46,0,1.186352,1.029773,1.221673
3113,lm,0,13,0,1.124322,1.449665,1.629890
3114,human,0,128,0,1.350044,0.771532,1.041602
3114,human,1,18,0,1.214492,1.169225,1.420015
3114,lm,0,105,0,1.498656,0.889535,1.333107
3115,human,0,23,0,1.129326,1.593771,1.799886
3115,lm,0,25,0,1.384660,0.944255,1.307472
3116,human,0,128,0,1.298494,0.864809,1.122949
3116,human,1,45,0,1.190474,1.446593,1.722132
3116,lm,0,128,0,1.742105,0.415247,0.723404
3116,lm,1,128,0,1.848762,0.253093,0.467909
3116,lm,2,128,0,1.681028,0.297069,0.499382
3116,lm,3,34,0,1.240840,1.263405,1.567684
3117,human,0,128,0,1.463107,0.530241,0.775800
3117,human,1,56,0,1.264656,0.782939,0.990149
3117,lm,0,10,0,1.121882,1.338316,1.501432
3118,human,0,96,0,1.369516,0.726717,0.995251
3118,lm,0,27,0,1.693760,0.627600,1.063004
3119,human,0,128,0,1.583608,0.542045,0.858386
3119,human,1,128,0,1.326894,0.784748,1.041277
3119,human,2,128,0,1.321943,0.771793,1.020266
3119,human,3,128,0,1.260019,0.833497,1.050223
3119,human,4,65,0,1.199939,1.615862,1.938936
3119,lm,0,49,0,1.914316,0.521890,0.999063
3120,human,0,31,0,1.265035,1.074346,1.359085
3120,lm,0,31,0,1.263922,0.976255,1.233910
3121,human,0,128,0,1.356985,0.935486,1.269441
3121,human,1,89,0,1.200043,1.009028,1.210877
3121,lm,0,24,0,1.331825,1.113861,1.483468
3123,human,0,128,0,1.388388,0.738017,1.024654
3123,human,1,128,0,1.186450,1.231541,1.461162
3123,human,2,128,0,1.221983,1.304204,1.593715
3123,human,3,64,0,1.157043,1.216118,1.407100
3123,lm,0,47,0,1.686517,0.539889,0.910532
3124,human,0,41,0,1.315995,1.285029,1.691092
3124,lm,0,22,0,1.300418,0.779660,1.013884
3126,human,0,18,0,1.244172,0.844743,1.051005
3126,lm,0,6,0,1.054666,2.524161,2.662147
3127,human,0,110,0,1.325220,0.943428,1.250249
3127,lm,0,128,0,2.478872,0.107494,0.266465
3127,lm,1,128,0,2.232819,0.081171,0.181241
3127,lm,2,56,0,1.592650,0.173017,0.275556
3129,human,0,128,0,1.380029,0.665280,0.918106
3129,human,1,128,0,1.401222,0.553014,0.774895
3129,human,2,45,0,1.426741,1.170633,1.670191
3129,lm,0,128,0,2.231099,0.263423,0.587723
3129,lm,1,128,0,2.229539,0.209080,0.466152
3129,lm,2,5,0,0.964650,3.709090,3.577975
313,human,0,128,0,1.574634,0.446662,0.703329
313,human,1,97,0,1.514191,0.638841,0.967327
313,lm,0,28,0,1.601285,0.653099,1.045798
3130,human,0,106,0,1.450484,0.672634,0.975644
3130,lm,0,128,0,1.692914,0.319518,0.540916
3130,lm,1,23,0,1.516279,1.077859,1.634335
3131,human,0,128,0,1.220016,0.999665,1.219608
3131,human,1,50,0,1.218428,1.150998,1.402408
3131,lm,0,9,0,1.022317,2.183972,2.232713
3133,human,0,128,0,1.250605,1.304662,1.631617
3133,human,1,85,0,1.317260,0.801222,1.055418
3133,lm,0,57,0,1.567474,0.704389,1.104111
3135,human,0,128,0,1.451769,0.929801,1.349855
3135,human,1,108,0,1.234568,1.514599,1.869877
3135,lm,0,34,0,1.293731,1.232654,1.594724
3137,human,0,94,0,1.393709,0.817281,1.139051
3137,lm,0,55,0,1.423806,0.946396,1.347484
3138,human,0,128,0,1.654687,0.544486,0.900953
3138,human,1,3,0,1.084329,2.192698,2.377605
3138,lm,0,73,0,1.621346,0.588178,0.953640
3139,human,0,128,0,1.389552,0.975674,1.355750
3139,human,1,12,0,0.901027,4.934474,4.446093
3139,lm,0,13,0,1.248299,0.581978,0.726482
3140,human,0,52,0,1.361310,1.094062,1.489357
3140,lm,0,50,0,1.475252,0.943476,1.391865
3142,human,0,13,0,1.134981,1.591276,1.806068
3142,lm,0,16,0,1.269738,0.941848,1.195901
3146,human,0,44,0,1.249840,0.740071,0.924970
3146,lm,0,9,0,1.089500,1.975807,2.152642
315,human,0,128,0,1.329144,0.813854,1.081728
315,human,1,3,0,0.995120,4.934189,4.910108
3150,human,0,128,0,1.491936,0.569017,0.848936
3150,human,1,128,0,1.413612,0.828196,1.170749
3150,human,2,128,0,1.322043,0.739475,0.977618
3150,human,3,128,0,1.338268,0.593779,0.794636
3150,human,4,33,0,1.200314,1.567885,1.881954
3150,lm,0,48,0,1.751653,0.412952,0.723348
3152,human,0,66,0,1.237266,0.819062,1.013397
3152,lm,0,12,0,1.103678,2.082712,2.298643
3154,human,0,16,0,1.218379,1.431477,1.744081
3154,lm,0,13,0,1.169329,1.001503,1.171086
3155,human,0,65,0,1.408323,0.710424,1.000507
3155,lm,0,19,0,1.133849,0.823145,0.933323
3158,human,0,41,0,1.352960,0.730648,0.988537
3158,lm,0,15,0,1.482498,0.700551,1.038566
316,human,0,49,0,1.108811,1.814984,2.012474
316,lm,0,10,0,1.093177,1.946130,2.127463
3160,human,0,80,0,1.583012,0.667392,1.056489
3160,lm,0,12,0,1.138356,2.407951,2.741106
3161,human,0,128,0,1.520335,0.674533,1.025516
3161,human,1,69,0,1.358896,0.836615,1.136873
3161,lm,0,128,0,1.496508,0.519923,0.778069
3161,lm,1,128,0,1.513233,0.468237,0.708552
3161,lm,2,128,0,1.471049,0.500827,0.736741
3161,lm,3,128,0,1.557760,0.478840,0.745917
3161,lm,4,128,0,1.579161,0.488523,0.771456
3161,lm,5,105,0,1.668867,0.456204,0.761343
3162,human,0,128,0,1.258288,0.803381,1.010885
3162,human,1,128,0,1.212990,1.026370,1.244977
3162,human,2,102,0,1.286983,1.107067,1.424776
3162,lm,0,65,0,1.495384,0.610727,0.913272
3163,human,0,128,0,1.496004,0.461557,0.690491
3163,human,1,3,0,0.942667,7.047802,6.643733
3163,lm,0,7,0,1.110162,1.541784,1.711629
3164,human,0,108,0,1.317659,1.201908,1.583705
3164,lm,0,12,0,1.111580,1.830435,2.034675
3165,human,0,128,0,1.472807,0.532322,0.784008
3165,human,1,128,0,1.366771,0.849814,1.161501
3165,human,2,58,0,1.517062,0.603418,0.915423
3165,lm,0,100,0,1.796183,0.325321,0.584336
3166,human,0,77,0,1.250632,1.074511,1.343817
3166,lm,0,9,0,0.964777,5.874931,5.667996
3167,human,0,86,0,1.225424,0.897912,1.100323
3167,lm,0,50,0,1.348972,1.035785,1.397245
3169,human,0,87,0,2.070878,0.233496,0.483541
3169,lm,0,99,0,2.535947,0.262884,0.666660
317,human,0,11,0,1.008080,2.303496,2.322107
317,lm,0,9,0,1.031451,2.778035,2.865407
3170,human,0,17,0,1.412601,0.400721,0.566058
3170,lm,0,5,0,1.309438,0.616239,0.806926
3171,human,0,128,0,1.426191,0.807031,1.150981
3171,human,1,61,0,1.301892,1.214352,1.580955
3171,lm,0,112,0,1.853446,0.532594,0.987134
3173,human,0,128,0,1.333826,0.533255,0.711269
3173,human,1,128,0,1.350930,0.598756,0.808877
3173,human,2,128,0,1.277349,0.876233,1.119256
3173,human,3,128,0,1.482126,0.693903,1.028452
3173,human,4,47,0,1.190329,1.261207,1.501252
3173,lm,0,128,0,1.883151,0.340880,0.641929
3173,lm,1,21,0,1.315928,0.949705,1.249744
3174,human,0,128,0,1.154461,1.466673,1.693217
3174,human,1,28,0,1.140716,1.770469,2.019602
3174,lm,0,33,0,1.250654,1.196227,1.496066
3175,human,0,34,0,1.296258,0.808341,1.047818
3175,lm,0,97,0,2.051445,0.330408,0.677814
3176,human,0,128,0,1.549379,0.523287,0.810770
3176,human,1,128,0,1.200871,0.899770,1.080508
3176,human,2,3,0,1.095291,3.623540,3.968833
3176,lm,0,128,0,1.883751,0.365724,0.688933
3176,lm,1,62,0,1.454841,0.419851,0.610816
3177,human,0,128,0,1.549306,0.495429,0.767572
3177,human,1,52,0,1.219719,1.124872,1.372028
3177,lm,0,53,0,1.698732,0.652604,1.108599
3178,human,0,19,0,1.145045,1.360622,1.557973
3178,lm,0,56,0,1.969950,0.293803,0.578776
3179,human,0,70,0,1.197535,1.271499,1.522665
3179,lm,0,11,0,1.180006,0.667489,0.787641
318,human,0,128,0,1.406324,0.653063,0.918418
318,human,1,82,0,1.514167,1.021606,1.546882
318,lm,0,11,0,1.101975,1.921337,2.117266
3180,human,0,38,0,1.117583,1.974576,2.206752
3180,lm,0,39,0,1.406481,0.867041,1.219477
3186,human,0,103,0,1.337542,1.048519,1.402437
3186,lm,0,23,0,1.365029,1.030533,1.406707
3188,human,0,128,0,1.527729,0.458840,0.700984
3188,human,1,128,0,1.249334,1.055198,1.318295
3188,human,2,21,0,1.167313,1.650695,1.926878
3188,lm,0,32,0,1.565932,0.748280,1.171755
3189,human,0,48,0,1.156171,1.439061,1.663801
3189,lm,0,24,0,1.310481,1.462895,1.917096
3190,human,0,128,0,1.451510,0.838900,1.217672
3190,human,1,45,0,1.189691,1.375381,1.636278
3190,lm,0,72,0,1.479400,0.702961,1.039961
3191,human,0,53,0,1.549512,0.474834,0.735761
3191,lm,0,42,0,1.581511,0.648882,1.026214
3192,human,0,23,0,1.193241,1.392681,1.661804
3192,lm,0,42,0,1.404910,0.811056,1.139460
3195,human,0,62,0,1.176602,1.002902,1.180016
3195,lm,0,106,0,3.017772,0.078734,0.237600
3196,human,0,11,0,1.307418,0.538746,0.704366
3196,lm,0,4,0,1.459796,0.880504,1.285356
3197,human,0,48,0,1.251322,0.597651,0.747854
3197,lm,0,22,0,1.380710,0.896670,1.238041
3198,human,0,11,0,1.195885,1.137085,1.359822
3198,lm,0,7,0,1.163526,1.140830,1.327385
3199,human,0,105,0,1.629322,0.591171,0.963208
3199,lm,0,32,0,1.742222,0.536124,0.934047
32,human,0,128,0,1.350091,0.672695,0.908199
32,human,1,12,0,1.162597,2.681215,3.117171
32,lm,0,66,0,1.685984,0.523118,0.881969
320,human,0,128,0,1.310733,0.902919,1.183485
320,human,1,50,0,1.409499,0.826975,1.165619
320,lm,0,63,0,1.585584,0.741174,1.175194
3201,human,0,52,0,1.567190,0.424702,0.665588
3201,lm,0,53,0,2.630319,0.160911,0.423246
3202,human,0,44,0,1.353474,1.128578,1.527501
3202,lm,0,16,0,1.508190,0.928584,1.400481
3203,human,0,44,0,1.396223,0.973855,1.359718
3203,lm,0,49,0,1.627960,0.717574,1.168182
3205,human,0,81,0,1.589970,0.437517,0.695639
3205,lm,0,81,0,1.786469,0.483215,0.863249
3207,human,0,128,0,1.272096,0.955277,1.215204
3207,human,1,15,0,1.082545,3.862665,4.181508
3207,lm,0,76,0,1.267366,1.271821,1.611863
3209,human,0,27,0,1.405479,0.682305,0.958966
3209,lm,0,9,0,1.382443,0.812380,1.123069
3210,human,0,128,0,1.362046,0.609550,0.830236
3210,human,1,128,0,1.212465,1.092173,1.324221
3210,human,2,65,0,1.376074,0.752815,1.035930
3210,lm,0,36,0,1.694081,0.353121,0.598216
3211,human,0,114,0,1.445129,0.667865,0.965151
3211,lm,0,78,0,1.655802,0.426267,0.705814
3212,human,0,128,0,1.548117,0.614886,0.951916
3212,human,1,128,0,1.335971,1.034685,1.382309
3212,human,2,128,0,1.361280,0.779477,1.061087
3212,human,3,18,0,1.005628,2.598269,2.612891
3212,lm,0,98,0,2.660163,0.235855,0.627413
3214,human,0,30,0,1.305567,0.799588,1.043916
3215,human,0,128,0,1.273743,1.090711,1.389286
3215,human,1,128,0,1.250822,0.961608,1.202801
3215,human,2,128,0,1.268437,0.870234,1.103836
3215,human,3,128,0,1.222061,1.843459,2.252819
3215,human,4,1,0,nan,nan,nan
3215,lm,0,128,0,1.478568,0.576718,0.852716
3215,lm,1,7,0,1.040179,4.072341,4.235964
3216,human,0,64,0,1.480067,0.537867,0.796079
3216,lm,0,106,0,1.570355,0.439466,0.690118
3217,human,0,98,0,1.376873,1.015677,1.398458
3217,lm,0,100,0,1.869349,0.332059,0.620734
3219,human,0,20,0,1.254226,0.672266,0.843173
3219,lm,0,24,0,1.574270,0.263666,0.415081
322,human,0,95,0,1.715913,0.428718,0.735643
322,lm,0,19,0,1.186585,1.184621,1.405653
3220,human,0,128,0,1.311616,0.874327,1.146781
3220,human,1,128,0,1.437069,1.034212,1.486235
3220,human,2,128,0,1.390617,0.760483,1.057540
3220,human,3,53,0,1.305382,1.129012,1.473793
3220,lm,0,20,0,1.275854,0.669409,0.854068
3221,human,0,128,0,1.224656,1.130489,1.384460
3221,human,1,6,0,1.092465,2.871501,3.137014
3221,lm,0,36,0,1.389530,0.911581,1.266669
3222,human,0,45,0,1.308007,1.183286,1.547747
3222,lm,0,10,0,1.218292,1.329983,1.620307
3223,human,0,128,0,1.284935,1.126460,1.447428
3223,human,1,128,0,1.154226,1.164690,1.344315
3223,human,2,128,0,1.208826,0.944399,1.141613
3223,human,3,69,0,1.156145,1.049924,1.213865
3223,lm,0,98,0,2.126314,0.326404,0.694037
3224,human,0,40,0,1.294900,1.154187,1.494557
3224,lm,0,7,0,1.092161,2.630126,2.872521
3225,human,0,128,0,1.487464,0.435444,0.647708
3225,human,1,35,0,1.212062,1.469916,1.781629
3225,lm,0,60,0,1.634599,0.608581,0.994785
3226,human,0,66,0,1.405441,0.868324,1.220378
3226,lm,0,35,0,1.513708,0.735944,1.114005
3228,human,0,98,0,1.409514,0.790431,1.114124
3228,lm,0,128,0,2.322914,0.140252,0.325794
3228,lm,1,128,0,2.033691,0.089359,0.181729
3228,lm,2,5,0,1.012226,1.777724,1.799458
3229,human,0,85,0,1.411956,0.462851,0.653525
3229,lm,0,128,0,2.121484,0.181722,0.385520
3229,lm,1,61,0,1.402269,0.438542,0.614954
323,human,0,79,0,1.433499,0.767146,1.099703
323,lm,0,10,0,1.144508,1.448334,1.657629
3231,human,0,57,0,1.280451,0.522491,0.669024
3231,lm,0,128,0,1.741830,0.361589,0.629826
3231,lm,1,128,0,1.775407,0.376007,0.667565
3231,lm,2,128,0,2.939106,0.163051,0.479223
3231,lm,3,55,0,1.937690,0.405951,0.786607
3232,human,0,21,0,1.164894,1.179893,1.374450
3232,lm,0,50,0,1.531601,0.676464,1.036073
3233,human,0,85,0,1.573289,0.683462,1.075282
3233,lm,0,8,0,1.204435,1.014461,1.221853
3234,human,0,128,0,1.370825,0.594292,0.814670
3234,human,1,114,0,1.450480,0.485167,0.703725
3234,lm,0,128,0,1.615401,0.478832,0.773507
3234,lm,1,116,0,1.870875,0.762107,1.425806
3235,human,0,128,0,1.279157,0.828249,1.059460
3235,lm,0,14,0,1.288268,1.000090,1.288384
3237,human,0,94,0,1.177592,1.218631,1.435050
3237,lm,0,125,0,1.822144,0.427793,0.779501
3238,human,0,33,0,1.330500,0.801240,1.066050
3238,lm,0,10,0,1.176587,1.827694,2.150442
324,human,0,102,0,1.376143,0.490009,0.674323
324,lm,0,44,0,1.426052,0.565547,0.806499
3241,human,0,128,0,1.380346,0.735663,1.015470
3241,human,1,14,0,1.116551,1.942539,2.168944
3241,lm,0,19,0,1.210160,0.772641,0.935020
3243,human,0,120,0,1.790364,0.440707,0.789026
3243,lm,0,8,0,1.252627,0.282921,0.354394
3244,human,0,59,0,1.205158,1.491067,1.796972
3244,lm,0,11,0,1.071500,1.676261,1.796114
3245,human,0,128,0,1.242086,1.084715,1.347310
3245,human,1,120,0,1.298053,0.969558,1.258538
3245,lm,0,46,0,1.521456,0.551581,0.839207
3248,human,0,104,0,1.332132,1.088959,1.450638
3248,lm,0,11,0,1.107023,2.250302,2.491135
325,human,0,25,0,1.139707,1.327256,1.512683
325,lm,0,18,0,1.437566,0.651749,0.936932
3250,human,0,128,0,1.516701,0.553904,0.840107
3250,human,1,30,0,1.196128,2.436468,2.914327
3250,lm,0,58,0,1.477722,1.043430,1.541898
3251,human,0,94,0,1.283484,0.939464,1.205787
3251,lm,0,83,0,1.597238,0.516912,0.825631
3252,human,0,13,0,1.292993,0.954227,1.233808
3252,lm,0,41,0,1.794106,0.494917,0.887934
3253,human,0,21,0,1.054782,1.536683,1.620866
3253,lm,0,9,0,1.042770,1.894058,1.975067
3255,human,0,128,0,1.352293,0.680333,0.920010
3255,human,1,128,0,1.263801,1.063009,1.343431
3255,human,2,128,0,1.386772,0.773905,1.073229
3255,human,3,31,0,1.085959,1.743854,1.893753
3256,human,0,128,0,1.541165,0.503599,0.776130
3256,human,1,128,0,1.549945,0.790006,1.224466
3256,human,2,99,0,1.530842,0.835120,1.278437
3256,lm,0,128,0,1.598804,0.621118,0.993045
3256,lm,1,101,0,1.414132,1.013237,1.432851
3258,human,0,85,0,1.489339,0.794645,1.183497
3258,lm,0,86,0,2.518162,0.142216,0.358124
326,human,0,107,0,1.399758,0.628623,0.879920
326,lm,0,72,0,1.589216,0.563856,0.896089
3260,human,0,14,0,1.159300,0.891951,1.034039
3260,lm,0,14,0,1.150932,0.920473,1.059401
3261,human,0,106,0,1.485559,0.472468,0.701878
3261,lm,0,9,0,1.043221,1.203577,1.255597
3262,human,0,128,0,1.251894,0.707925,0.886247
3262,human,1,128,0,1.143849,1.833913,2.097719
3262,human,2,128,0,1.235221,0.918015,1.133951
3262,human,3,9,0,1.011909,3.979067,4.026455
3262,lm,0,48,0,1.097945,1.593965,1.750086
3264,human,0,52,0,1.290058,0.968926,1.249971
3266,human,0,6,0,1.187827,0.709643,0.842933
3266,lm,0,4,0,1.158802,1.051757,1.218778
3268,human,0,31,0,1.133145,1.629240,1.846164
3268,lm,0,8,0,1.201859,1.568581,1.885213
3269,human,0,128,0,1.264816,1.130994,1.430499
3269,human,1,13,0,1.227467,1.694840,2.080360
3269,lm,0,120,0,1.763174,0.477832,0.842502
327,human,0,76,0,1.470675,0.555777,0.817367
327,lm,0,10,0,1.181572,0.947314,1.119320
3270,human,0,128,0,1.273854,0.736542,0.938246
3270,human,1,121,0,1.441836,0.657825,0.948476
3270,lm,0,33,0,1.574021,0.349667,0.550383
3273,human,0,128,0,1.256549,0.846437,1.063590
3273,human,1,128,0,1.250425,0.861944,1.077797
3273,human,2,127,0,1.399274,0.419126,0.586473
3273,lm,0,67,0,1.401579,0.497260,0.696949
3274,human,0,25,0,1.179834,1.120763,1.322315
3274,lm,0,6,0,1.095096,1.616923,1.770686
3276,human,0,87,0,1.167970,1.324771,1.547293
3276,lm,0,33,0,1.321501,0.595486,0.786935
3280,human,0,44,0,1.298571,1.034291,1.343100
3280,lm,0,11,0,1.116416,1.970361,2.199743
3284,human,0,85,0,1.382284,0.753795,1.041959
3284,lm,0,86,0,1.662702,0.691224,1.149300
3285,human,0,128,0,1.503044,0.492407,0.740110
3285,human,1,13,0,1.059611,1.496873,1.586103
3285,lm,0,82,0,1.822490,0.324765,0.591881
3287,human,0,65,0,1.511732,0.469334,0.709508
3287,lm,0,128,0,1.658319,0.407216,0.675295
3287,lm,1,34,0,1.569312,0.685275,1.075410
3288,human,0,128,0,1.411177,0.580983,0.819870
3288,human,1,128,0,1.803136,0.394856,0.711979
3288,human,2,31,0,0.948776,3.667472,3.479611
3288,lm,0,9,0,1.039189,1.814849,1.885971
3289,human,0,128,0,1.280012,1.357106,1.737112
3289,human,1,95,0,1.309363,0.967439,1.266728
3289,lm,0,128,0,1.815032,0.420952,0.764041
3289,lm,1,128,0,1.577431,0.608552,0.959948
3289,lm,2,128,0,1.644190,0.506575,0.832905
3289,lm,3,1,0,1.000000,3.713572,3.713572
329,human,0,56,0,1.339507,0.668020,0.894818
329,lm,0,7,0,1.257692,0.785052,0.987354
3292,human,0,103,0,1.451123,0.766011,1.111575
3292,lm,0,19,0,1.422576,0.855628,1.217195
3293,human,0,128,0,1.286816,0.817719,1.052254
3293,human,1,28,0,1.107123,1.921063,2.126852
3293,lm,0,55,0,1.618249,0.736755,1.192253
3294,human,0,60,0,1.248441,1.104180,1.378504
3294,lm,0,81,0,1.562953,0.600169,0.938037
3295,human,0,128,0,1.406590,0.802342,1.128566
3295,human,1,80,0,1.411921,0.691610,0.976499
3295,lm,0,13,0,1.075214,2.194737,2.359812
3296,human,0,58,0,1.215402,1.009388,1.226812
3296,lm,0,10,0,1.169445,1.656987,1.937755
3297,human,0,128,0,1.396851,0.644145,0.899774
3297,human,1,128,0,1.309834,0.753007,0.986315
3297,human,2,88,0,1.398841,0.696587,0.974414
3297,lm,0,128,0,1.964725,0.275071,0.540439
3297,lm,1,24,0,1.253315,0.608590,0.762755
3298,human,0,69,0,1.342751,0.937209,1.258438
3298,lm,0,11,0,1.243553,1.074504,1.336202
33,human,0,95,0,1.379979,1.040767,1.436236
33,lm,0,12,0,1.166007,1.850242,2.157395
330,human,0,21,0,1.204502,1.071979,1.291201
330,lm,0,30,0,1.232401,1.217458,1.500397
3300,human,0,107,0,1.666115,0.375167,0.625071
3300,lm,0,48,0,2.180895,0.206010,0.449286
3301,human,0,52,0,1.331542,0.858981,1.143769
3301,lm,0,75,0,1.766360,0.584118,1.031762
3302,human,0,22,0,1.090184,1.949806,2.125648
3302,lm,0,9,0,1.040100,2.415938,2.512816
3303,human,0,128,0,1.250112,1.242169,1.552850
3303,human,1,128,0,1.296800,1.332432,1.727897
3303,human,2,128,0,1.242492,1.682560,2.090566
3303,human,3,128,0,1.254512,1.388249,1.741576
3303,human,4,128,0,1.276729,1.372606,1.752446
3303,human,5,128,0,1.151854,1.974556,2.274400
3303,human,6,128,0,1.199555,1.540880,1.848370
3303,human,7,128,0,1.188985,1.159887,1.379089
3303,human,8,17,0,1.064212,2.561111,2.725565
3303,lm,0,128,0,1.502984,0.724098,1.088307
3303,lm,1,128,0,1.351462,0.949794,1.283610
3303,lm,2,128,0,1.632748,0.504656,0.823976
3303,lm,3,128,0,2.046267,0.278070,0.569006
3303,lm,4,128,0,2.187960,0.231407,0.506309
3303,lm,5,128,0,2.164029,0.221040,0.478337
3303,lm,6,1,0,1.000000,4.401747,4.401747
3304,human,0,33,0,1.297384,0.990920,1.285604
3304,lm,0,10,0,1.115793,1.869243,2.085688
3306,human,0,23,0,1.150343,1.432850,1.648268
3306,lm,0,34,0,1.535486,0.900661,1.382952
3307,human,0,75,0,1.607256,0.446300,0.717318
3307,lm,0,21,0,1.254919,0.681445,0.855158
3308,human,0,128,0,1.257253,0.985898,1.239523
3308,human,1,25,0,1.361025,1.350874,1.838574
3308,lm,0,44,0,1.344314,0.968873,1.302470
3309,human,0,13,0,1.115118,1.121963,1.251121
3309,lm,0,1,0,1.000000,1.645911,1.645911
331,human,0,85,0,1.340954,1.125020,1.508599
331,lm,0,19,0,1.344454,1.408026,1.893026
3310,human,0,108,0,1.466507,0.566367,0.830581
3310,lm,0,10,0,1.151627,1.443468,1.662337
3311,human,0,115,0,1.436221,0.539017,0.774147
3311,lm,0,33,0,1.347329,0.782452,1.054221
3312,human,0,91,0,1.425028,0.806962,1.149942
3312,lm,0,6,0,1.043145,2.585317,2.696859
3314,human,0,128,0,1.379593,0.624865,0.862059
3314,human,1,128,0,0.974628,1.826464,1.780122
3314,human,2,31,0,1.023839,2.074888,2.124351
3314,lm,0,37,0,1.368414,0.867345,1.186887
3315,human,0,128,0,1.354965,0.656596,0.889665
3315,human,1,6,0,1.087416,2.074575,2.255926
3315,lm,0,16,0,1.137959,1.110823,1.264072
3317,human,0,13,0,1.043351,1.799346,1.877350
3317,lm,0,37,0,1.189388,1.433325,1.704780
3321,human,0,125,0,1.359642,0.798674,1.085910
3321,lm,0,11,0,1.135977,1.518399,1.724866
3322,human,0,46,0,1.567048,0.630203,0.987559
3322,lm,0,44,0,1.557837,0.742786,1.157140
3323,human,0,128,0,1.331258,0.717874,0.955675
3323,human,1,128,0,1.226535,0.832506,1.021098
3323,human,2,128,0,1.313130,0.872162,1.145263
3323,human,3,128,0,1.249745,0.904134,1.129937
3323,human,4,128,0,1.303097,0.783538,1.021026
3323,human,5,128,0,1.621536,0.475766,0.771472
3323,human,6,128,0,1.436767,0.566944,0.814567
3323,lm,0,113,0,1.817591,0.418719,0.761060
3324,human,0,128,0,1.278220,0.970553,1.240581
3324,human,1,128,0,1.202611,1.433122,1.723488
3324,human,2,128,0,1.321992,1.159481,1.532824
3324,human,3,14,0,2.606967,0.761131,1.984242
3324,lm,0,54,0,1.407855,0.845329,1.190101
3325,human,0,128,0,1.596040,0.334642,0.534102
3325,human,1,43,0,1.587123,0.655820,1.040867
3325,lm,0,128,0,1.851792,0.195437,0.361908
3328,human,0,67,0,1.257185,0.938239,1.179540
3328,lm,0,12,0,1.168641,1.213632,1.418300
3329,human,0,67,0,1.308168,0.813247,1.063863
3329,lm,0,10,0,1.308230,0.966014,1.263769
333,human,0,83,0,1.328190,0.918055,1.219351
333,lm,0,11,0,1.141277,1.090210,1.244232
3330,human,0,128,0,1.328799,0.734794,0.976394
3330,human,1,54,0,1.233317,1.481667,1.827366
3330,lm,0,10,0,1.086905,1.804813,1.961661
3332,human,0,91,0,1.226190,0.952975,1.168529
3332,lm,0,59,0,1.483104,0.479921,0.711773
3333,human,0,69,0,1.587871,0.717853,1.139858
3333,lm,0,128,0,2.154661,0.357123,0.769478
3333,lm,1,128,0,1.830927,0.401850,0.735759
3333,lm,2,77,0,2.146192,0.336623,0.722457
3335,human,0,47,0,1.269080,1.062502,1.348400
3335,lm,0,43,0,1.346811,1.156394,1.557444
3336,human,0,72,0,1.379160,0.966057,1.332347
3336,lm,0,50,0,1.380693,0.862780,1.191234
3338,human,0,128,0,1.376302,0.607932,0.836699
3338,human,1,128,0,1.494833,0.486892,0.727822
3338,human,2,22,0,1.361495,0.691392,0.941326
3338,lm,0,71,0,1.470108,0.595432,0.875349
3340,human,0,61,0,1.542936,0.472564,0.729136
3340,lm,0,36,0,2.059556,0.310076,0.638619
3343,human,0,128,0,1.465066,0.716244,1.049345
3343,human,1,4,0,1.306764,0.901402,1.177919
3343,lm,0,74,0,1.859754,0.372766,0.693253
3344,human,0,95,0,1.218084,1.025943,1.249685
3344,lm,0,17,0,1.143561,1.454105,1.662857
3346,human,0,66,0,1.428031,0.957164,1.366859
3346,lm,0,11,0,1.059690,2.941231,3.116793
3347,human,0,122,0,1.435230,0.646546,0.927942
3347,lm,0,58,0,1.985601,0.497421,0.987680
3348,human,0,16,0,1.186401,1.308421,1.552313
3348,lm,0,27,0,1.327375,0.967151,1.283773
3349,human,0,35,0,1.533486,0.495270,0.759489
3349,lm,0,72,0,2.275437,0.335546,0.763513
3351,human,0,128,0,1.235200,1.232096,1.521885
3351,human,1,128,0,1.218890,1.084426,1.321796
3351,human,2,128,0,1.169575,1.217771,1.424274
3351,human,3,38,0,1.167748,1.383663,1.615770
3351,lm,0,119,0,2.238079,0.172110,0.385196
3352,human,0,60,0,1.645090,0.442128,0.727341
3352,lm,0,25,0,1.622115,1.023423,1.660110
3356,human,0,93,0,1.713900,0.411948,0.706038
3356,lm,0,34,0,1.839024,0.665601,1.224057
3358,human,0,105,0,1.480904,0.541170,0.801420
3358,lm,0,60,0,1.593025,0.444589,0.708242
3359,human,0,128,0,1.504349,0.572790,0.861677
3359,human,1,11,0,1.308333,1.358588,1.777485
3359,lm,0,27,0,1.779006,0.496533,0.883335
336,human,0,128,0,1.605863,0.411750,0.661214
336,human,1,59,0,1.282182,0.958024,1.228362
336,lm,0,45,0,1.603790,0.486341,0.779988
3360,human,0,56,0,1.130650,1.447220,1.636299
3360,lm,0,13,0,1.026842,3.654836,3.752941
3361,human,0,63,0,1.276367,1.063975,1.358023
3361,lm,0,5,0,1.022178,1.940008,1.983034
3363,human,0,75,0,1.471795,0.753516,1.109021
3363,lm,0,97,0,1.761082,0.326902,0.575702
3364,human,0,128,0,2.448701,0.330736,0.809874
3364,human,1,2,0,1.064726,2.887806,3.074721
3364,lm,0,128,0,1.915530,0.495067,0.948316
3364,lm,1,4,0,0.986217,2.929437,2.889061
3367,human,0,128,0,1.232511,1.050886,1.295228
3367,human,1,128,0,1.247118,1.095689,1.366454
3367,human,2,128,0,1.282051,1.007370,1.291500
3367,human,3,128,0,1.311042,1.127221,1.477835
3367,human,4,7,0,1.031089,2.726656,2.811426
3367,lm,0,128,0,2.952300,0.098879,0.291922
3367,lm,1,81,0,1.609177,0.131222,0.211159
3368,human,0,44,0,1.244786,1.045144,1.300981
3368,lm,0,12,0,1.176207,1.052964,1.238503
337,human,0,128,0,1.521686,0.477337,0.726357
337,human,1,128,0,1.227638,1.011896,1.242242
337,human,2,128,0,1.276549,1.445991,1.845878
337,human,3,76,0,1.427671,0.884756,1.263141
337,lm,0,74,0,1.844403,0.288372,0.531874
3373,human,0,128,0,1.316763,1.022222,1.346024
3373,human,1,68,0,1.332545,1.099714,1.465418
3373,lm,0,78,0,1.461403,0.747853,1.092915
3375,human,0,100,0,1.398603,0.645300,0.902519
3375,lm,0,93,0,1.661762,0.506394,0.841506
3376,human,0,128,0,1.368714,0.832472,1.139416
3376,human,1,128,0,1.478987,0.691107,1.022138
3376,human,2,115,0,1.406186,1.010060,1.420333
3376,lm,0,122,0,1.824925,0.265817,0.485096
3377,human,0,31,0,1.117986,2.560631,2.862748
3377,lm,0,11,0,1.168548,1.040976,1.216431
3378,human,0,80,0,1.092357,2.072521,2.263934
3378,lm,0,10,0,1.565178,1.196873,1.873319
3379,human,0,26,0,1.356701,0.768053,1.042018
3379,lm,0,30,0,1.634058,0.569375,0.930392
3380,human,0,35,0,1.648018,0.550017,0.906438
3380,lm,0,6,0,1.185953,1.151997,1.366214
3381,human,0,128,0,1.258851,1.099904,1.384616
3381,human,1,53,0,1.214415,1.697085,2.060965
3381,lm,0,51,0,1.408058,0.720593,1.014636
3382,human,0,30,0,1.146108,1.557090,1.784593
3382,lm,0,10,0,1.110090,2.050548,2.276292
3384,human,0,87,0,1.333371,0.575158,0.766899
3384,lm,0,26,0,1.224716,1.179607,1.444683
3385,human,0,98,0,1.232730,0.784696,0.967318
3385,lm,0,128,0,2.356990,0.171880,0.405120
3385,lm,1,128,0,2.042645,0.203234,0.415136
3385,lm,2,105,0,1.759771,0.272079,0.478797
3386,human,0,48,0,1.431662,0.866340,1.240306
3386,lm,0,9,0,1.011561,2.368459,2.395840
3388,human,0,128,0,1.508276,0.467144,0.704582
3388,human,1,52,0,1.249530,1.063775,1.329220
3388,lm,0,25,0,1.746598,0.398624,0.696235
3389,human,0,42,0,1.384151,0.777697,1.076450
3389,lm,0,12,0,1.156560,1.218114,1.408822
339,human,0,128,0,1.351265,0.815512,1.101972
339,human,1,128,0,1.082947,1.853322,2.007050
339,human,2,128,0,1.146212,1.351270,1.548843
339,human,3,128,0,1.156390,1.476945,1.707924
339,human,4,72,0,1.194374,1.596820,1.907201
339,lm,0,128,0,1.277304,0.979310,1.250877
339,lm,1,128,0,1.176311,1.490745,1.753579
339,lm,2,128,0,1.169437,1.636845,1.914187
339,lm,3,56,0,1.231878,1.475885,1.818110
3390,human,0,128,0,1.353756,0.741561,1.003893
3390,human,1,68,0,1.252352,1.271762,1.592694
3390,lm,0,128,0,1.874999,0.445723,0.835730
3390,lm,1,128,0,1.592793,0.615428,0.980250
3390,lm,2,5,0,1.001208,3.227126,3.231025
3391,human,0,128,0,1.598135,0.524722,0.838576
3391,human,1,128,0,1.501885,0.944404,1.418387
3391,human,2,3,0,1.109464,2.327626,2.582418
3391,lm,0,128,0,1.731167,0.586982,1.016163
3391,lm,1,128,0,1.472586,0.879779,1.295550
3391,lm,2,128,0,1.346220,1.191089,1.603467
3391,lm,3,35,0,1.163673,2.328188,2.709250
3392,human,0,128,0,1.472605,0.565144,0.832233
3392,human,1,38,0,1.377034,1.260952,1.736374
3392,lm,0,10,0,1.190399,1.459559,1.737457
3394,human,0,128,0,1.355080,0.664328,0.900218
3394,human,1,128,0,1.283913,1.096670,1.408030
3394,human,2,128,0,1.399541,1.012203,1.416619
3394,human,3,25,0,1.307312,1.027321,1.343029
3394,lm,0,128,0,1.824180,0.494431,0.901931
3394,lm,1,128,0,1.466563,0.638119,0.935842
3394,lm,2,94,0,1.460356,0.769319,1.123479
3396,human,0,36,0,1.320661,0.896660,1.184184
3396,lm,0,37,0,1.445401,0.734853,1.062158
3397,human,0,22,0,1.243099,0.855374,1.063315
3397,lm,0,54,0,1.504872,0.557236,0.838568
3398,human,0,55,0,1.330410,0.597516,0.794942
3398,lm,0,81,0,1.510902,0.530475,0.801495
3399,human,0,77,0,1.181214,0.966943,1.142166
3399,lm,0,10,0,1.183950,1.895840,2.244581
34,human,0,128,0,1.336858,0.822757,1.099909
34,human,1,128,0,1.318891,0.828194,1.092298
34,human,2,22,0,1.185973,1.245167,1.476735
34,lm,0,90,0,1.648609,0.342433,0.564538
340,human,0,58,0,1.277993,1.107625,1.415537
340,lm,0,10,0,1.117731,3.054624,3.414246
3401,human,0,128,0,1.406374,0.713962,1.004097
3401,human,1,128,0,1.205678,0.885608,1.067758
3401,human,2,128,0,1.188929,1.109698,1.319352
3401,human,3,128,0,1.229506,0.989743,1.216895
3401,human,4,38,0,1.282094,0.903354,1.158184
3401,lm,0,85,0,1.574491,0.626674,0.986692
3404,human,0,33,0,1.094838,1.328551,1.454547
3404,lm,0,44,0,1.250833,1.274926,1.594720
3405,human,0,49,0,1.330442,0.707497,0.941284
3405,lm,0,7,0,1.101457,1.642390,1.809022
3406,human,0,128,0,1.488134,0.597510,0.889174
3406,human,1,128,0,1.477291,0.624501,0.922569
3406,human,2,128,0,1.552645,0.540278,0.838859
3406,human,3,128,0,1.290116,0.826591,1.066398
3406,human,4,56,0,1.247703,0.938440,1.170894
3406,lm,0,10,0,1.215892,1.114803,1.355479
3407,human,0,91,0,1.457215,0.517637,0.754309
3407,lm,0,86,0,1.644350,0.433505,0.712834
3408,human,0,128,0,1.387661,0.846379,1.174488
3408,human,1,74,0,1.350943,1.000974,1.352259
3408,lm,0,26,0,1.245088,0.661181,0.823229
3413,human,0,26,0,1.124099,1.126031,1.265771
3413,lm,0,13,0,1.179881,1.122322,1.324207
3414,human,0,24,0,1.144596,1.561541,1.787333
3414,lm,0,128,0,1.692123,0.448846,0.759503
3414,lm,1,84,0,1.333953,0.937261,1.250263
3416,human,0,128,0,1.255726,1.020707,1.281728
3416,human,1,60,0,1.164453,1.328208,1.546637
3416,lm,0,12,0,1.135079,1.689335,1.917529
3418,human,0,37,0,1.761449,0.321728,0.566707
3418,lm,0,6,0,1.131516,0.820013,0.927859
3420,human,0,128,0,1.148444,1.472694,1.691306
3420,human,1,128,0,1.253357,1.103874,1.383548
3420,human,2,64,0,1.130536,1.916690,2.166886
3420,lm,0,11,0,1.042765,2.679672,2.794269
3421,human,0,78,0,2.025335,0.303945,0.615590
3421,lm,0,44,0,1.520374,0.630711,0.958917
3422,human,0,128,0,1.388760,0.382818,0.531642
3422,human,1,99,0,1.217465,0.739254,0.900016
3423,human,0,73,0,1.231330,0.923723,1.137407
3424,human,0,115,0,1.269489,0.910763,1.156203
3424,lm,0,128,0,1.320953,0.789353,1.042698
3424,lm,1,42,0,0.989208,3.252124,3.217028
3425,human,0,128,0,1.411447,0.479430,0.676690
3425,human,1,72,0,1.268945,1.281937,1.626707
3425,lm,0,86,0,1.862380,0.374477,0.697419
3426,human,0,39,0,1.830321,0.536031,0.981109
3426,lm,0,32,0,1.591443,0.619793,0.986365
3428,human,0,19,0,1.194232,0.896641,1.070797
3428,lm,0,6,0,1.139745,1.366042,1.556939
3430,human,0,105,0,1.459909,0.810473,1.183217
3430,lm,0,128,0,1.730130,0.502874,0.870038
3430,lm,1,128,0,1.570540,0.819749,1.287448
3430,lm,2,128,0,1.525022,0.841861,1.283857
3430,lm,3,128,0,1.493391,0.787081,1.175419
3430,lm,4,128,0,1.399139,0.969748,1.356812
3430,lm,5,128,0,1.229315,1.660437,2.041199
3430,lm,6,128,0,1.408358,1.031515,1.452743
3430,lm,7,12,0,1.002697,2.905933,2.913770
3431,human,0,128,0,1.476515,0.612802,0.904812
3431,lm,0,76,0,1.930954,0.280417,0.541472
3434,human,0,60,0,1.279611,1.582146,2.024531
3434,lm,0,66,0,1.479048,0.807918,1.194949
3436,human,0,18,0,1.181799,1.209433,1.429307
3436,lm,0,87,0,1.542455,0.578080,0.891663
3438,human,0,28,0,1.165496,1.190055,1.387005
3438,lm,0,10,0,1.188868,1.083050,1.287604
344,human,0,57,0,1.329275,0.815199,1.083624
344,lm,0,59,0,1.576007,0.660178,1.040446
3440,human,0,128,0,1.262497,1.216259,1.535524
3440,human,1,35,0,1.214847,1.208892,1.468619
3440,lm,0,42,0,1.295253,1.172585,1.518793
3442,human,0,105,0,1.515766,0.879292,1.332801
3442,lm,0,80,0,1.525828,0.670191,1.022596
3444,human,0,128,0,1.377157,0.692937,0.954283
3444,human,1,89,0,1.403815,0.847568,1.189828
3444,lm,0,119,0,2.148487,0.288548,0.619942
3446,human,0,44,0,1.140301,1.457619,1.662125
3446,lm,0,121,0,1.625653,0.509176,0.827744
3447,human,0,128,0,1.478525,0.453914,0.671123
3447,human,1,118,0,1.375229,0.705276,0.969915
3447,lm,0,100,0,1.544776,0.536328,0.828506
3448,human,0,50,0,1.425647,0.624457,0.890255
3448,lm,0,6,0,1.074772,1.916766,2.060086
345,human,0,59,0,1.909133,0.386290,0.737478
345,lm,0,11,0,1.274418,1.203083,1.533230
3451,human,0,42,0,1.273108,0.906944,1.154638
3451,lm,0,10,0,1.150253,2.660999,3.060822
3452,human,0,128,0,1.333441,0.734605,0.979553
3452,human,1,50,0,1.165571,1.369424,1.596161
3452,lm,0,114,0,1.718966,0.315052,0.541564
3453,human,0,114,0,1.364426,0.766407,1.045705
3453,lm,0,128,0,1.965385,0.294550,0.578904
3453,lm,1,3,0,1.345939,0.767897,1.033542
3454,human,0,67,0,1.606493,0.431159,0.692654
3454,lm,0,56,0,1.745063,0.528441,0.922163
3455,human,0,40,0,1.393787,1.076687,1.500673
3455,lm,0,13,0,1.179479,1.467867,1.731318
3458,human,0,128,0,1.318846,0.751563,0.991195
3458,human,1,58,0,1.092479,2.297364,2.509820
3458,lm,0,32,0,1.658452,0.945947,1.568808
3459,human,0,128,0,1.442940,0.756457,1.091522
3459,human,1,128,0,1.617037,0.836521,1.352686
3459,human,2,76,0,1.337185,1.449841,1.938707
3459,lm,0,82,0,1.659953,0.616822,1.023896
3460,human,0,50,0,1.461676,0.633213,0.925553
3460,lm,0,34,0,1.657787,0.516337,0.855976
3461,human,0,128,0,1.440090,0.914158,1.316470
3461,human,1,41,0,1.306151,1.827837,2.387432
3461,lm,0,128,0,1.717129,0.436423,0.749394
3461,lm,1,69,0,1.683541,0.526458,0.886314
3465,human,0,35,0,1.439333,0.700314,1.007985
3465,lm,0,10,0,1.121411,3.013754,3.379658
3467,human,0,41,0,1.208081,0.729309,0.881064
3467,lm,0,50,0,1.356332,0.920716,1.248796
3469,human,0,114,0,1.084158,1.753440,1.901007
3469,lm,0,17,0,1.121709,1.122578,1.259206
3470,human,0,66,0,2.023029,0.155068,0.313706
3470,lm,0,78,0,2.514778,0.219257,0.551382
3471,human,0,128,0,1.561013,0.507861,0.792777
3471,human,1,20,0,1.348277,1.329498,1.792531
3471,lm,0,9,0,1.214305,1.053572,1.279357
3472,human,0,38,0,1.076297,2.362411,2.542657
3472,lm,0,46,0,1.311732,1.241614,1.628665
3473,human,0,65,0,1.674960,0.413826,0.693141
3473,lm,0,41,0,1.451530,0.486962,0.706840
3474,human,0,113,0,1.339008,0.729515,0.976827
3474,lm,0,45,0,1.670381,0.481622,0.804492
3477,human,0,128,0,1.363307,1.052361,1.434690
3477,human,1,19,0,1.135988,1.708485,1.940819
3477,lm,0,28,0,1.322506,0.998418,1.320414
3478,human,0,95,0,1.510428,0.698240,1.054641
3478,lm,0,53,0,1.466669,0.763068,1.119169
3479,human,0,113,0,1.283500,1.060838,1.361586
3479,lm,0,23,0,1.346731,1.172115,1.578523
3480,human,0,128,0,1.559665,0.467640,0.729361
3480,human,1,42,0,1.682316,0.633563,1.065853
3480,lm,0,102,0,2.103340,0.296131,0.622864
3486,human,0,128,0,2.202570,0.205036,0.451606
3486,human,1,128,0,1.411465,0.611650,0.863322
3486,human,2,128,0,1.662492,0.518614,0.862191
3486,human,3,95,0,1.301083,0.786866,1.023779
3486,lm,0,128,0,1.696226,0.343740,0.583060
3486,lm,1,128,0,1.729988,0.343652,0.594514
3486,lm,2,35,0,1.329907,0.940503,1.250781
3488,human,0,128,0,1.234325,1.373401,1.695223
3488,human,1,107,0,1.303220,1.166344,1.520003
3488,lm,0,78,0,1.675470,0.455968,0.763961
3489,human,0,47,0,1.246615,1.493190,1.861433
3489,lm,0,48,0,1.950117,0.502734,0.980389
349,human,0,128,0,1.528088,0.458628,0.700824
349,human,1,128,0,1.273623,0.808109,1.029226
349,human,2,19,0,1.101640,2.134403,2.351344
349,lm,0,128,0,1.846860,0.237159,0.437999
3490,human,0,30,0,1.185950,1.002650,1.189092
3490,lm,0,10,0,1.100219,2.504939,2.755980
3491,human,0,89,0,1.473338,0.634801,0.935277
3491,lm,0,19,0,1.283671,1.052100,1.350550
3492,human,0,76,0,1.388342,1.175811,1.632427
3492,lm,0,57,0,1.493862,0.997494,1.490118
3494,human,0,43,0,1.153041,1.603870,1.849329
3494,lm,0,13,0,1.125466,2.242442,2.523792
3498,human,0,128,0,1.308811,0.851372,1.114285
3498,human,1,121,0,1.336680,0.627713,0.839052
3498,lm,0,68,0,1.767203,0.543201,0.959946
3499,human,0,49,0,1.174944,0.937959,1.102049
3499,lm,0,128,0,1.770657,0.115605,0.204696
3499,lm,1,47,0,1.257431,0.251084,0.315721
35,human,0,110,0,1.457815,0.703050,1.024917
35,lm,0,66,0,2.215335,0.531944,1.178433
3500,human,0,39,0,1.359055,0.973091,1.322484
3500,lm,0,33,0,1.589981,0.860986,1.368952
3501,human,0,128,0,1.507489,0.722539,1.089219
3501,human,1,22,0,1.157490,2.630401,3.044661
3501,lm,0,36,0,1.448801,0.683827,0.990729
3502,human,0,128,0,1.322523,0.716306,0.947332
3502,human,1,64,0,1.282730,1.507354,1.933528
3502,lm,0,128,0,1.825863,0.400666,0.731561
3502,lm,1,72,0,1.622503,0.441764,0.716763
3503,human,0,35,0,1.283527,0.743868,0.954775
3503,lm,0,88,0,1.486302,0.736921,1.095287
3506,human,0,128,0,1.684025,0.543718,0.915634
3506,human,1,1,0,nan,nan,nan
3506,lm,0,17,0,1.340146,1.361772,1.824975
3507,human,0,128,0,1.208170,1.036974,1.252840
3507,human,1,16,0,1.203851,1.750771,2.107668
3507,lm,0,48,0,1.364487,1.034741,1.411890
3508,human,0,128,0,1.359674,0.666467,0.906178
3508,human,1,128,0,1.288282,0.573085,0.738295
3508,human,2,128,0,1.231576,0.742255,0.914143
3508,human,3,79,0,1.185788,1.033028,1.224952
3508,lm,0,49,0,1.569189,0.422753,0.663379
351,human,0,20,0,1.164113,1.327184,1.544992
351,lm,0,10,0,1.159652,1.353246,1.569294
3513,human,0,28,0,1.370919,0.690880,0.947140
3513,lm,0,22,0,1.813504,0.595313,1.079603
3514,human,0,38,0,1.400942,0.509909,0.714354
3514,lm,0,84,0,2.549967,0.160141,0.408354
3515,human,0,36,0,1.391631,0.700328,0.974598
3515,lm,0,6,0,1.155588,1.396824,1.614154
3519,human,0,128,0,1.391827,0.843804,1.174429
3519,human,1,128,0,1.299367,0.721050,0.936909
3519,human,2,37,0,1.143552,2.571787,2.940973
3519,lm,0,128,0,1.614511,0.449424,0.725601
3519,lm,1,58,0,1.323228,0.804003,1.063879
352,human,0,37,0,1.101720,1.475621,1.625721
352,lm,0,64,0,1.357685,0.916182,1.243887
3520,human,0,42,0,1.296431,1.023801,1.327288
3520,lm,0,23,0,1.292116,1.134711,1.466178
3521,human,0,116,0,1.363869,0.887319,1.210187
3521,lm,0,90,0,1.629265,0.666259,1.085512
3523,human,0,128,0,1.410576,0.540304,0.762140
3523,human,1,52,0,1.947544,0.549164,1.069521
3523,lm,0,58,0,1.675853,0.474889,0.795844
3524,human,0,16,0,1.127888,1.541796,1.738974
3524,lm,0,10,0,1.143277,1.853218,2.118742
3527,human,0,128,0,1.292190,1.130365,1.460646
3527,human,1,128,0,1.355266,1.092086,1.480067
3527,human,2,13,0,1.076486,2.147092,2.311314
3527,lm,0,128,0,1.731085,0.522435,0.904380
3527,lm,1,128,0,2.342045,0.220832,0.517199
3527,lm,2,128,0,2.797699,0.199106,0.557039
3527,lm,3,128,0,2.104601,0.247983,0.521906
3527,lm,4,128,0,2.917264,0.193130,0.563410
3527,lm,5,21,0,1.528794,0.765899,1.170902
3528,human,0,128,0,1.571917,0.711121,1.117824
3528,human,1,128,0,1.513412,0.961969,1.455854
3528,human,2,128,0,1.400533,0.924052,1.294165
3528,human,3,128,0,1.525065,0.520678,0.794068
3528,human,4,128,0,1.537279,1.412053,2.170719
3528,human,5,128,0,1.492475,1.048467,1.564812
3528,human,6,128,0,1.628105,1.031668,1.679664
3528,human,7,83,0,1.370775,1.017740,1.395093
3529,human,0,110,0,1.693233,0.469691,0.795297
3529,lm,0,10,0,1.148364,2.475214,2.842445
353,human,0,55,0,1.149078,1.105316,1.270094
353,lm,0,19,0,1.316514,1.171910,1.542836
3530,human,0,96,0,1.452326,0.479014,0.695685
3530,lm,0,84,0,1.538050,0.445373,0.685007
3531,human,0,28,0,1.247234,0.894352,1.115466
3531,lm,0,18,0,1.358667,0.615714,0.836551
3532,human,0,33,0,1.230291,1.063052,1.307864
3532,lm,0,128,0,1.689152,0.435062,0.734886
3532,lm,1,106,0,1.602763,0.865096,1.386544
3533,human,0,48,0,1.553134,0.709144,1.101396
3533,lm,0,48,0,1.565028,0.709144,1.109830
3534,human,0,64,0,1.640253,0.644197,1.056646
3534,lm,0,31,0,1.689783,0.760657,1.285345
3535,human,0,22,0,1.270621,1.261230,1.602546
3535,lm,0,48,0,2.059992,0.378536,0.779782
3538,human,0,107,0,1.542205,0.607313,0.936601
3538,lm,0,8,0,1.075240,2.323767,2.498608
3539,human,0,128,0,1.494105,0.482731,0.721250
3539,human,1,128,0,1.449664,0.649538,0.941612
3539,human,2,128,0,1.155474,1.452892,1.678778
3539,human,3,35,0,1.250936,1.801904,2.254068
3539,lm,0,92,0,1.606479,0.405255,0.651034
354,human,0,106,0,1.587951,0.586019,0.930570
354,lm,0,76,0,1.790700,0.366273,0.655886
3541,human,0,12,0,1.259244,0.655836,0.825858
3541,lm,0,56,0,1.816195,0.348556,0.633045
3543,human,0,128,0,1.520965,0.499990,0.760466
3543,human,1,24,0,1.477029,0.765354,1.130451
3543,lm,0,38,0,1.619694,0.782748,1.267811
3544,human,0,60,0,1.455907,0.490823,0.714593
3544,lm,0,22,0,1.384231,0.839367,1.161878
3545,human,0,128,0,1.356331,0.726638,0.985562
3545,human,1,128,0,1.593903,0.413412,0.658939
3545,human,2,128,0,1.538087,0.585702,0.900861
3545,human,3,128,0,1.338009,0.571412,0.764554
3545,human,4,128,0,1.317215,0.682033,0.898385
3545,human,5,99,0,1.477658,0.670152,0.990256
3545,lm,0,24,0,1.386592,1.012414,1.403804
3546,human,0,128,0,1.342749,0.772282,1.036980
3546,human,1,77,0,1.267366,1.146139,1.452577
3546,lm,0,62,0,1.587946,0.591742,0.939654
3547,human,0,42,0,1.245205,1.038636,1.293315
3547,lm,0,11,0,1.034892,2.520766,2.608721
3548,human,0,30,0,1.349770,0.885661,1.195438
3548,lm,0,71,0,1.772074,0.610393,1.081661
3549,human,0,76,0,1.751864,0.597234,1.046272
3549,lm,0,28,0,1.444598,0.976637,1.410847
355,human,0,57,0,1.252088,1.122983,1.406074
355,lm,0,128,0,2.822300,0.168903,0.476696
355,lm,1,128,0,1.804767,0.248040,0.447655
355,lm,2,113,0,1.692121,0.146826,0.248448
3553,human,0,128,0,1.575555,0.560167,0.882574
3553,human,1,2,0,1.129021,2.139884,2.415974
3553,lm,0,128,0,1.827232,0.431837,0.789066
3553,lm,1,1,0,nan,nan,nan
3554,human,0,128,0,1.302445,0.904283,1.177779
3554,human,1,128,0,1.157618,1.485510,1.719654
3554,human,2,77,0,1.251756,0.682253,0.854015
3554,lm,0,11,0,1.113716,2.310540,2.573287
3555,human,0,70,0,1.407682,0.907572,1.277572
3555,lm,0,46,0,1.703268,0.716728,1.220779
3557,human,0,128,0,1.351988,0.798009,1.078899
3557,human,1,112,0,1.399437,0.859882,1.203350
3557,lm,0,10,0,1.153701,1.571025,1.812492
3558,human,0,128,0,1.399247,0.706128,0.988048
3558,human,1,78,0,1.462881,0.708326,1.036196
3558,lm,0,45,0,1.556141,0.667657,1.038968
3559,human,0,117,0,1.466525,0.481109,0.705559
3559,lm,0,46,0,1.312018,0.855864,1.122909
356,human,0,38,0,1.295394,0.823709,1.067028
356,lm,0,69,0,1.563549,0.564114,0.882021
3560,human,0,46,0,1.281766,1.239201,1.588365
3560,lm,0,93,0,1.794047,0.571522,1.025338
3561,human,0,128,0,1.372520,0.840946,1.154216
3561,human,1,92,0,1.240452,1.409143,1.747975
3561,lm,0,20,0,1.350874,0.884162,1.194392
3563,human,0,128,0,1.181471,0.898646,1.061723
3563,human,1,108,0,1.169491,1.224169,1.431654
3563,lm,0,81,0,1.288717,0.742673,0.957096
3564,human,0,52,0,1.656863,0.392920,0.651015
3564,lm,0,22,0,1.407784,0.514750,0.724658
3565,human,0,36,0,1.398590,0.667759,0.933920
3565,lm,0,11,0,1.107837,1.996337,2.211616
3567,human,0,128,0,1.259750,0.786405,0.990674
3567,human,1,56,0,1.192480,1.435268,1.711529
3567,lm,0,44,0,1.559587,0.475125,0.740999
3569,human,0,128,0,1.248407,0.827086,1.032540
3569,human,1,13,0,1.139551,1.583728,1.804738
3569,lm,0,15,0,1.393524,0.616351,0.858900
357,human,0,48,0,1.315688,0.853056,1.122356
357,lm,0,7,0,1.082780,3.162377,3.424159
3571,human,0,128,0,1.324698,0.751227,0.995150
3571,human,1,128,0,1.417966,0.816603,1.157916
3571,human,2,119,0,1.262198,1.066122,1.345657
3571,lm,0,9,0,1.069654,2.086965,2.232331
3572,human,0,128,0,1.353140,0.706129,0.955491
3572,human,1,38,0,1.357292,1.045620,1.419212
3572,lm,0,128,0,1.649038,0.460682,0.759683
3572,lm,1,122,0,1.455213,0.588676,0.856649
3573,human,0,76,0,1.639825,0.516336,0.846701
3573,lm,0,60,0,1.613181,0.513280,0.828013
3574,human,0,128,0,1.258053,0.957884,1.205068
3574,human,1,128,0,1.295780,0.889973,1.153210
3574,human,2,116,0,1.439786,0.797954,1.148882
3574,lm,0,11,0,1.121058,1.721118,1.929474
3575,human,0,128,0,1.284568,0.801032,1.028980
3575,human,1,128,0,1.071506,1.719304,1.842244
3575,human,2,23,0,1.350506,1.467363,1.981683
3575,lm,0,128,0,1.975938,0.351272,0.694093
3575,lm,1,17,0,1.134355,1.166564,1.323297
3577,human,0,32,0,1.635083,0.517587,0.846297
3577,lm,0,12,0,1.215542,0.779735,0.947800
3578,human,0,23,0,1.305247,1.035564,1.351667
3578,lm,0,12,0,1.273434,1.850224,2.356138
3579,human,0,128,0,1.262588,0.798635,1.008348
3579,human,1,128,0,0.989546,1.911223,1.891242
3579,human,2,128,0,1.371796,0.706085,0.968605
3579,human,3,128,0,1.396663,0.738065,1.030828
3579,human,4,128,0,1.261531,1.269521,1.601539
3579,human,5,128,0,1.200687,1.167783,1.402141
3579,human,6,128,0,1.207657,1.170082,1.413057
3579,human,7,128,0,1.135540,1.096965,1.245648
3579,human,8,44,0,1.296022,0.902442,1.169585
3579,lm,0,90,0,1.422137,0.792763,1.127417
358,human,0,128,0,1.516874,0.596098,0.904206
358,human,1,128,0,1.407556,0.549003,0.772752
358,human,2,128,0,1.380474,0.757906,1.046269
358,human,3,128,0,1.431135,0.946864,1.355091
358,human,4,128,0,1.301054,1.626840,2.116607
358,human,5,40,0,1.421355,1.297767,1.844587
358,lm,0,128,0,1.620597,0.452215,0.732859
358,lm,1,49,0,1.523547,0.582271,0.887117
3580,human,0,128,0,1.307612,0.719007,0.940183
3580,human,1,8,0,1.039944,2.676569,2.783481
3580,lm,0,30,0,1.235860,1.691957,2.091021
3582,human,0,102,0,1.515282,0.505425,0.765861
3582,lm,0,113,0,1.828069,0.397245,0.726192
3583,human,0,57,0,1.406349,0.653325,0.918803
3583,lm,0,32,0,1.387871,0.852142,1.182663
3586,human,0,128,0,1.169718,1.371046,1.603737
3586,human,1,28,0,1.121335,1.744200,1.955832
3586,lm,0,15,0,1.056126,2.532467,2.674604
3588,human,0,29,0,1.349595,0.818382,1.104485
3588,lm,0,11,0,1.056226,2.330832,2.461885
359,human,0,128,0,1.255197,1.156584,1.451740
359,human,1,53,0,1.203075,2.123360,2.554561
359,lm,0,60,0,2.167019,0.309428,0.670537
3590,human,0,65,0,1.420459,0.692288,0.983367
3590,lm,0,33,0,1.523236,0.581124,0.885189
3592,human,0,128,0,1.220361,1.049102,1.280283
3592,human,1,28,0,1.312283,1.681148,2.206142
3592,lm,0,83,0,1.945794,0.351064,0.683098
3593,human,0,88,0,1.487789,0.630411,0.937918
3595,human,0,29,0,1.243452,1.037435,1.290000
3595,lm,0,128,0,1.799060,0.597939,1.075728
3595,lm,1,128,0,1.365032,1.083407,1.478885
3595,lm,2,128,0,1.567493,0.552188,0.865551
3595,lm,3,27,0,1.205703,3.637611,4.385877
3596,human,0,40,0,1.476391,0.519044,0.766312
3596,lm,0,79,0,1.878503,0.283306,0.532192
3597,human,0,73,0,1.235335,1.140782,1.409247
3597,lm,0,128,0,1.522764,0.679746,1.035092
3597,lm,1,13,0,1.068120,2.229792,2.381684
3599,human,0,128,0,1.434192,0.566031,0.811798
3599,human,1,128,0,1.336773,0.936380,1.251727
3599,human,2,128,0,1.251435,1.113958,1.394046
3599,human,3,2,0,1.061923,4.127134,4.382698
3599,lm,0,56,0,1.473986,0.599626,0.883840
36,human,0,14,0,1.177069,1.271055,1.496120
36,lm,0,113,0,2.069661,0.227217,0.470262
360,human,0,99,0,1.328812,0.519187,0.689901
360,lm,0,128,0,2.047045,0.116320,0.238112
360,lm,1,45,0,1.475178,0.308582,0.455213
3601,human,0,128,0,1.348001,0.961519,1.296129
3601,human,1,43,0,1.056877,0.921443,0.973852
3601,lm,0,10,0,1.071066,2.757561,2.953530
3603,human,0,128,0,1.391504,0.729926,1.015696
3603,human,1,13,0,1.156536,1.390313,1.607947
3603,lm,0,128,0,1.607059,0.397325,0.638525
3603,lm,1,25,0,1.342556,0.999538,1.341935
3606,human,0,128,0,1.384379,0.944047,1.306919
3606,human,1,128,0,1.306775,0.915461,1.196302
3606,human,2,128,0,1.236560,1.308237,1.617713
3606,human,3,93,0,1.340704,1.482760,1.987942
3606,lm,0,28,0,1.214074,0.703480,0.854077
3607,human,0,50,0,1.279362,0.687873,0.880039
3607,lm,0,124,0,1.726228,0.363437,0.627375
3608,human,0,34,0,1.477497,0.877760,1.296887
3608,lm,0,10,0,1.177380,1.205407,1.419223
3609,human,0,43,0,1.359325,0.905141,1.230381
3609,lm,0,10,0,1.114698,3.117148,3.474677
3613,human,0,112,0,1.596541,0.461051,0.736086
3613,lm,0,128,0,1.845734,0.284075,0.524327
3613,lm,1,74,0,2.189747,0.284889,0.623834
3614,human,0,36,0,1.433513,0.734074,1.052305
3614,lm,0,41,0,1.750819,0.458864,0.803388
3616,human,0,37,0,1.173328,1.568455,1.840311
3616,lm,0,10,0,1.163271,1.931920,2.247347
3617,human,0,83,0,1.485663,0.760675,1.130108
3617,lm,0,11,0,1.288147,1.473542,1.898139
3619,human,0,90,0,1.317989,0.830975,1.095217
3619,lm,0,52,0,1.402653,0.933746,1.309722
362,human,0,33,0,1.641496,0.656259,1.077246
362,lm,0,6,0,1.116537,1.607811,1.795180
3620,human,0,28,0,1.371620,0.706161,0.968584
3620,lm,0,9,0,1.275150,0.843233,1.075249
3621,human,0,128,0,1.326478,0.979579,1.299390
3621,human,1,128,0,1.319280,0.967840,1.276852
3621,human,2,111,0,1.435356,0.826973,1.187001
3621,lm,0,128,0,1.394712,0.657650,0.917233
3621,lm,1,21,0,1.226792,1.675471,2.055454
3623,human,0,128,0,1.304855,0.629561,0.821486
3623,human,1,128,0,1.552555,0.596958,0.926810
3623,human,2,128,0,1.237783,1.200922,1.486481
3623,human,3,128,0,1.266878,1.164838,1.475708
3623,human,4,128,0,1.215145,1.390849,1.690083
3623,human,5,68,0,1.188851,1.515119,1.801251
3623,lm,0,17,0,1.153149,1.140835,1.315553
3624,human,0,96,0,1.566675,0.530339,0.830869
3624,lm,0,34,0,1.586660,0.734423,1.165281
3625,human,0,50,0,1.527884,0.746183,1.140081
3625,lm,0,10,0,1.164497,1.942586,2.262136
3627,human,0,128,0,1.487676,0.684126,1.017758
3627,human,1,128,0,1.259227,0.937131,1.180060
3627,human,2,119,0,1.356586,0.902375,1.224150
3628,human,0,128,0,1.150484,1.244186,1.431417
3628,human,1,128,0,1.199059,1.295964,1.553937
3628,human,2,109,0,1.108759,2.095931,2.323882
3628,lm,0,127,0,1.599792,0.640607,1.024838
3629,human,0,32,0,1.400009,0.796805,1.115534
3629,lm,0,9,0,1.065449,1.146365,1.221393
363,human,0,120,0,1.550343,0.483074,0.748930
363,lm,0,55,0,1.798466,0.437145,0.786190
3630,human,0,56,0,1.353488,0.777258,1.052010
3630,lm,0,11,0,1.209576,1.422409,1.720513
3631,human,0,71,0,1.352565,1.009222,1.365038
3631,lm,0,37,0,1.402413,0.529418,0.742463
3632,human,0,63,0,1.350605,0.780676,1.054385
3632,lm,0,128,0,1.935128,0.319021,0.617346
3632,lm,1,4,0,1.286061,0.839394,1.079512
3633,human,0,128,0,1.228183,1.013757,1.245079
3633,human,1,128,0,1.334626,1.064580,1.420816
3633,human,2,128,0,1.189625,1.578632,1.877980
3633,human,3,128,0,1.085384,1.957667,2.124820
3633,human,4,53,0,1.064493,2.529914,2.693076
3633,lm,0,42,0,1.484481,0.758694,1.126267
3634,human,0,73,0,1.291400,1.155662,1.492422
3634,lm,0,13,0,1.120022,1.811476,2.028892
3637,human,0,14,0,1.162851,1.043720,1.213691
3637,lm,0,13,0,1.235917,1.053012,1.301436
3638,human,0,128,0,1.356200,0.876997,1.189384
3638,human,1,16,0,1.138135,3.248306,3.697011
3638,lm,0,117,0,2.131142,0.370229,0.789010
3639,human,0,75,0,2.390926,0.128465,0.307150
3639,lm,0,75,0,2.352647,0.128465,0.302232
364,human,0,112,0,1.369236,1.055140,1.444736
364,lm,0,11,0,1.068677,2.536270,2.710454
3640,human,0,77,0,1.094934,1.458015,1.596431
3640,lm,0,128,0,1.817715,0.470271,0.854820
3640,lm,1,1,0,nan,nan,nan
3641,human,0,128,0,1.502405,0.975514,1.465618
3641,human,1,38,0,1.411657,0.833078,1.176020
3641,lm,0,87,0,1.807254,0.462051,0.835044
3642,human,0,43,0,1.266427,0.742334,0.940112
3642,lm,0,34,0,1.278130,0.700221,0.894973
3643,human,0,12,0,1.057675,1.652325,1.747622
3643,lm,0,7,0,1.113312,1.836160,2.044219
3645,human,0,128,0,1.184394,0.990953,1.173679
3645,human,1,128,0,1.147016,1.185779,1.360108
3645,human,2,111,0,1.289672,0.844145,1.088670
3645,lm,0,128,0,1.449144,0.741658,1.074769
3645,lm,1,7,0,1.022626,2.784570,2.847573
3646,human,0,71,0,1.437672,0.713143,1.025266
3646,lm,0,66,0,1.386721,1.019618,1.413925
3647,human,0,128,0,1.395973,0.799031,1.115425
3647,human,1,51,0,1.399018,0.843619,1.180239
3647,lm,0,23,0,1.632170,0.776475,1.267340
365,human,0,36,0,1.665497,0.641518,1.068446
365,lm,0,11,0,1.178323,1.404574,1.655042
3650,human,0,32,0,1.308976,1.003237,1.313212
3650,lm,0,10,0,1.062833,3.031836,3.222335
3653,human,0,128,0,1.425874,0.467131,0.666070
3653,human,1,128,0,1.645298,0.412256,0.678284
3653,human,2,101,0,1.471365,0.476217,0.700689
3653,lm,0,128,0,1.670652,0.347477,0.580514
3653,lm,1,35,0,1.745193,0.488321,0.852214
3654,human,0,76,0,1.627340,0.566080,0.921204
3654,lm,0,11,0,1.102169,1.587016,1.749160
3656,human,0,68,0,1.626303,0.348438,0.566665
3656,lm,0,61,0,1.981286,0.260344,0.515816
3657,human,0,128,0,1.262937,1.068896,1.349948
3657,human,1,26,0,1.077936,2.408213,2.595901
3657,lm,0,128,0,1.637371,0.513002,0.839975
3657,lm,1,128,0,2.275836,0.226149,0.514678
3657,lm,2,79,0,1.841606,0.302660,0.557381
3659,human,0,117,0,1.314865,0.879703,1.156690
3659,lm,0,104,0,1.851873,0.451074,0.835332
3661,human,0,128,0,1.432203,0.891345,1.276587
3661,human,1,128,0,1.279670,1.504459,1.925211
3661,human,2,114,0,1.303483,1.303095,1.698561
3661,lm,0,75,0,1.851964,0.434843,0.805315
3662,human,0,44,0,1.370803,0.770766,1.056569
3662,lm,0,11,0,1.148547,1.413978,1.624020
3664,human,0,128,0,1.261263,0.736425,0.928826
3664,human,1,55,0,1.247095,0.969474,1.209027
3664,lm,0,22,0,1.306633,0.690549,0.902295
3665,human,0,112,0,1.320753,0.900386,1.189187
3665,lm,0,74,0,1.600628,0.508836,0.814457
3667,human,0,119,0,1.379592,0.786346,1.084837
3667,lm,0,50,0,1.601789,0.464518,0.744060
3669,human,0,97,0,1.519045,0.640024,0.972224
3669,lm,0,50,0,1.912939,0.393762,0.753242
367,human,0,33,0,1.182608,1.159450,1.371174
367,lm,0,16,0,1.212222,0.638168,0.773602
3670,human,0,128,0,1.347359,0.751132,1.012045
3670,human,1,128,0,1.767423,0.393510,0.695498
3670,human,2,36,0,1.578118,0.734360,1.158907
3670,lm,0,128,0,1.981637,0.061570,0.122010
3670,lm,1,17,0,1.384264,0.282900,0.391608
3671,human,0,15,0,1.074954,2.358004,2.534746
3671,lm,0,114,0,1.632654,0.479871,0.783463
3674,human,0,57,0,1.543893,0.704907,1.088301
3674,lm,0,71,0,1.736902,0.505452,0.877921
3677,human,0,128,0,1.162748,0.994708,1.156595
3677,human,1,62,0,1.133456,1.701254,1.928296
3677,lm,0,89,0,1.532120,0.581122,0.890348
3678,human,0,128,0,1.427432,0.750387,1.071127
3678,human,1,33,0,1.122827,2.122532,2.383236
3678,lm,0,103,0,1.703581,0.640597,1.091309
3679,human,0,36,0,1.265285,0.950210,1.202286
3679,lm,0,10,0,1.107068,2.605179,2.884111
368,human,0,114,0,1.615235,0.465111,0.751264
368,lm,0,44,0,1.701793,0.498650,0.848599
3680,human,0,108,0,1.748083,0.426896,0.746250
3680,lm,0,15,0,1.356499,0.597413,0.810391
3682,human,0,128,0,1.177908,1.056201,1.244107
3682,human,1,23,0,1.108048,2.072570,2.296507
3682,lm,0,128,0,1.661156,0.174275,0.289498
3682,lm,1,128,0,1.686806,0.123309,0.207998
3682,lm,2,5,0,1.063799,3.195344,3.399205
3684,human,0,128,0,1.284967,0.954673,1.226723
3684,human,1,128,0,1.383621,1.109608,1.535276
3684,human,2,77,0,1.348253,1.167098,1.573544
3684,lm,0,94,0,1.890554,0.308648,0.583516
3685,human,0,21,0,1.077170,2.261951,2.436505
3685,lm,0,10,0,1.007414,3.964958,3.994354
3686,human,0,128,0,1.284589,0.792549,1.018100
3686,human,1,106,0,1.300382,0.983581,1.279031
3686,lm,0,49,0,1.538428,0.615172,0.946399
3690,human,0,92,0,1.231239,1.156982,1.424522
3690,lm,0,128,0,1.980793,0.383094,0.758831
3690,lm,1,128,0,1.682509,0.513946,0.864719
3690,lm,2,128,0,1.700580,0.482387,0.820338
3690,lm,3,128,0,1.662096,0.570592,0.948378
3690,lm,4,128,0,1.685444,0.505847,0.852577
3690,lm,5,128,0,1.620158,0.557734,0.903617
3690,lm,6,128,0,1.843415,0.442638,0.815965
3690,lm,7,95,0,1.707960,0.573799,0.980026
3691,human,0,12,0,1.114288,1.040045,1.158910
3691,lm,0,94,0,1.502608,0.854963,1.284675
3692,human,0,72,0,1.626576,0.690018,1.122367
3692,lm,0,39,0,3.275827,0.179630,0.588435
3693,human,0,13,0,1.213077,0.729808,0.885313
3693,lm,0,11,0,1.423865,0.952588,1.356357
3694,human,0,128,0,1.240433,1.151003,1.427743
3694,human,1,128,0,1.207084,0.936110,1.129963
3694,human,2,128,0,1.210299,0.932438,1.128528
3694,human,3,50,0,1.334903,1.199226,1.600850
3694,lm,0,96,0,1.567019,0.539899,0.846032
3696,human,0,28,0,1.410346,0.598856,0.844595
3696,lm,0,8,0,1.189653,1.090970,1.297876
3698,human,0,128,0,1.275426,1.140017,1.454007
3698,human,1,89,0,1.275264,1.435369,1.830474
3698,lm,0,24,0,1.299121,1.231254,1.599548
37,human,0,128,0,1.502703,0.387102,0.581699
37,human,1,15,0,1.353988,1.162099,1.573468
37,lm,0,80,0,1.806659,0.390921,0.706260
3700,human,0,128,0,1.466273,0.830326,1.217485
3700,human,1,128,0,1.263388,1.187178,1.499865
3700,human,2,128,0,1.235259,1.100975,1.359989
3700,human,3,128,0,1.381516,0.728521,1.006464
3700,human,4,128,0,1.367786,0.725152,0.991853
3700,human,5,60,0,1.255935,1.115823,1.401402
3700,lm,0,52,0,1.455170,0.563288,0.819680
3702,human,0,25,0,1.274198,1.316845,1.677921
3702,lm,0,7,0,1.046112,1.408509,1.473459
3703,human,0,128,0,1.215725,1.260806,1.532793
3703,human,1,128,0,1.335626,0.968427,1.293457
3703,human,2,128,0,1.266643,1.139048,1.442767
3703,human,3,61,0,1.157475,1.210212,1.400791
3703,lm,0,84,0,1.487502,0.493108,0.733499
3704,human,0,128,0,1.381977,0.690223,0.953872
3704,human,1,46,0,1.135720,2.386602,2.710513
3704,lm,0,33,0,1.349205,1.035485,1.397081
3706,human,0,17,0,1.594124,0.624738,0.995909
3706,lm,0,13,0,1.475014,0.696121,1.026788
3707,human,0,128,0,1.238811,1.035010,1.282182
3707,human,1,128,0,1.266100,1.000128,1.266262
3707,human,2,128,0,1.308340,1.003677,1.313151
3707,human,3,120,0,1.559193,0.876390,1.366461
3707,lm,0,46,0,1.305365,0.998114,1.302903
3709,human,0,128,0,1.386295,0.643061,0.891473
3709,human,1,10,0,1.175578,1.608416,1.890819
3709,lm,0,13,0,1.190990,1.178623,1.403728
3713,human,0,28,0,1.196878,0.912387,1.092015
3713,lm,0,42,0,1.615201,0.344544,0.556508
3714,human,0,128,0,1.251796,0.957608,1.198729
3714,human,1,34,0,1.462108,0.994307,1.453784
3714,lm,0,88,0,1.482856,0.590894,0.876211
3715,human,0,80,0,1.488500,0.666705,0.992390
3715,lm,0,46,0,1.487447,0.781863,1.162979
3716,human,0,32,0,1.136989,0.867535,0.986378
3716,lm,0,16,0,1.304134,0.648275,0.845437
3718,human,0,128,0,1.377345,0.851656,1.173024
3718,human,1,119,0,1.380440,1.194271,1.648620
3718,lm,0,56,0,1.758784,0.648886,1.141251
3719,human,0,52,0,1.497554,0.564869,0.845922
3719,lm,0,6,0,1.085989,1.726308,1.874751
372,human,0,28,0,1.282955,1.055496,1.354154
372,lm,0,7,0,1.094387,1.510466,1.653034
3720,human,0,128,0,1.475740,0.563704,0.831881
3720,human,1,128,0,1.301769,0.837105,1.089717
3720,human,2,97,0,1.249777,0.869378,1.086529
3720,lm,0,40,0,1.352013,1.174202,1.587537
3721,human,0,56,0,1.317971,0.783381,1.032474
3721,lm,0,7,0,1.158983,1.267021,1.468455
3722,human,0,22,0,1.371993,0.734894,1.008269
3722,lm,0,31,0,1.569778,0.769498,1.207941
3723,human,0,76,0,1.269808,0.934147,1.186187
3723,lm,0,53,0,1.440667,0.885106,1.275143
3724,human,0,22,0,1.125032,0.950032,1.068817
3724,lm,0,75,0,1.675113,0.459662,0.769987
3725,human,0,43,0,1.469789,0.728101,1.070155
3725,lm,0,10,0,1.263450,1.227736,1.551183
3726,human,0,128,0,1.255026,1.117493,1.402483
3726,human,1,128,0,1.250469,0.944304,1.180823
3726,human,2,128,0,1.570242,0.491808,0.772258
3726,human,3,128,0,1.198512,1.497086,1.794276
3726,human,4,121,0,1.363709,0.846160,1.153916
3726,lm,0,27,0,1.579720,0.541464,0.855362
3727,human,0,47,0,1.347905,1.228334,1.655678
3727,lm,0,35,0,1.245298,0.842208,1.048800
3728,human,0,50,0,1.276004,1.306613,1.667244
3728,lm,0,44,0,1.655371,0.457038,0.756567
373,human,0,128,0,1.526729,0.829478,1.266388
373,human,1,81,0,1.349651,1.064003,1.436032
373,lm,0,29,0,1.534219,1.003129,1.539020
3730,human,0,128,0,1.408532,0.887008,1.249379
3730,human,1,128,0,1.391562,0.877469,1.221052
3730,human,2,101,0,1.216894,1.390389,1.691956
3730,lm,0,53,0,2.048031,0.498335,1.020606
3731,human,0,79,0,1.343421,0.878099,1.179657
3731,lm,0,9,0,1.053245,2.066994,2.177051
3732,human,0,67,0,1.277410,0.862991,1.102393
3732,lm,0,93,0,2.364387,0.233236,0.551460
3734,human,0,128,0,1.363916,0.776399,1.058942
3734,human,1,102,0,1.561627,0.641393,1.001616
3734,lm,0,80,0,2.015997,0.355725,0.717141
3735,human,0,91,0,1.215946,1.015192,1.234419
3735,lm,0,128,0,1.762391,0.483250,0.851676
3735,lm,1,128,0,1.559269,0.548067,0.854585
3735,lm,2,95,0,2.038725,0.365493,0.745140
3737,human,0,50,0,1.297522,0.693236,0.899489
3737,lm,0,128,0,2.450380,0.187694,0.459921
3737,lm,1,128,0,2.042344,0.228364,0.466398
3737,lm,2,128,0,2.106315,0.215407,0.453715
3737,lm,3,91,0,1.923646,0.273961,0.527003
3738,human,0,53,0,2.252664,0.270516,0.609382
3738,lm,0,51,0,1.785261,0.398829,0.712015
374,human,0,128,0,1.560277,0.473487,0.738771
374,human,1,128,0,1.481368,0.814595,1.206716
374,human,2,69,0,1.269235,1.048191,1.330401
3741,human,0,30,0,1.253150,0.959869,1.202860
3741,lm,0,11,0,1.061298,2.297650,2.438490
3743,human,0,128,0,1.535103,0.419730,0.644328
3743,human,1,74,0,1.309633,0.915645,1.199159
3743,lm,0,67,0,1.543931,0.699212,1.079536
3745,human,0,128,0,1.333236,0.966093,1.288029
3745,human,1,128,0,1.310093,0.922573,1.208656
3745,human,2,128,0,1.319057,1.101960,1.453548
3745,human,3,128,0,1.293044,1.206164,1.559624
3745,human,4,128,0,1.304038,1.266836,1.652002
3745,human,5,128,0,1.289585,1.291655,1.665699
3745,human,6,128,0,1.387286,1.185925,1.645216
3745,human,7,128,0,1.225841,1.668468,2.045277
3745,human,8,128,0,1.229207,1.416201,1.740804
3745,human,9,128,0,1.168889,0.736875,0.861325
3745,human,10,128,0,1.265799,0.952811,1.206068
3745,human,11,128,0,1.328182,0.987346,1.311376
3745,human,12,15,0,1.117124,2.574362,2.875881
3745,lm,0,128,0,1.649050,0.539857,0.890252
3745,lm,1,14,0,1.208656,3.298343,3.986563
3747,human,0,128,0,1.866506,0.559192,1.043735
3747,human,1,45,0,1.610095,0.988702,1.591904
3747,lm,0,25,0,1.274235,1.129011,1.438626
3753,human,0,78,0,1.366197,0.691276,0.944419
3753,lm,0,67,0,1.668597,0.555640,0.927140
3755,human,0,42,0,1.255360,1.305926,1.639407
3755,lm,0,39,0,1.256361,0.890856,1.119237
3757,human,0,96,0,1.329049,0.876392,1.164768
3757,lm,0,12,0,1.327845,0.536077,0.711827
3758,human,0,128,0,1.213438,0.888523,1.078168
3758,human,1,85,0,1.237001,1.113840,1.377821
3758,lm,0,66,0,1.357995,0.619598,0.841411
376,human,0,128,0,1.180551,1.200173,1.416865
376,human,1,128,0,1.117953,1.435011,1.604274
376,human,2,23,0,1.243988,1.406478,1.749641
376,lm,0,20,0,1.289515,0.700885,0.903802
3760,human,0,128,0,1.568985,0.577390,0.905917
3760,human,1,29,0,1.402256,1.523389,2.136181
3760,lm,0,53,0,1.599053,0.666791,1.066233
3761,human,0,128,0,1.272216,0.987979,1.256923
3761,human,1,128,0,1.249077,0.971178,1.213076
3761,human,2,128,0,1.266295,0.998312,1.264157
3761,human,3,128,0,1.144689,1.476654,1.690310
3761,human,4,128,0,1.178018,1.199990,1.413610
3761,human,5,128,0,1.449639,1.272640,1.844869
3761,human,6,128,0,1.261885,1.589202,2.005390
3761,human,7,128,0,1.162660,1.415842,1.646142
3761,human,8,128,0,1.150667,1.225701,1.410374
3761,human,9,128,0,0.958301,3.700050,3.545762
3761,human,10,128,0,0.932887,3.447320,3.215959
3761,human,11,128,0,1.362242,1.064543,1.450164
3761,human,12,70,0,1.154181,1.277978,1.475018
3761,lm,0,12,0,1.068333,1.514467,1.617955
3762,human,0,117,0,1.413405,0.829494,1.172411
3762,lm,0,24,0,1.173091,1.141497,1.339081
3766,human,0,109,0,1.363317,0.744469,1.014948
3766,lm,0,42,0,1.705812,0.578293,0.986460
3769,human,0,112,0,1.391154,1.233439,1.715903
3769,lm,0,11,0,1.133504,1.450324,1.643947
377,human,0,121,0,1.567882,0.442096,0.693155
377,lm,0,76,0,2.228175,0.180186,0.401487
3770,human,0,82,0,1.536079,0.492158,0.755993
3770,lm,0,30,0,1.282067,0.981771,1.258696
3773,human,0,128,0,1.426825,0.566604,0.808444
3773,human,1,128,0,1.597181,0.315530,0.503959
3773,human,2,128,0,1.497099,0.592532,0.887079
3773,human,3,39,0,1.481206,0.590183,0.874182
3773,lm,0,60,0,1.440472,0.443200,0.638418
3774,human,0,67,0,1.325234,1.091852,1.446960
3774,lm,0,20,0,1.256186,1.509709,1.896475
3775,human,0,128,0,1.381009,0.771287,1.065155
3775,human,1,55,0,1.248925,1.408822,1.759513
3775,lm,0,64,0,1.356765,1.011557,1.372445
3776,human,0,128,0,1.188053,0.918166,1.090830
3776,human,1,17,0,1.148920,2.250927,2.586136
3776,lm,0,128,0,3.169333,0.100007,0.316957
3776,lm,1,110,0,2.392072,0.146010,0.349267
3777,human,0,46,0,1.292493,1.241492,1.604620
3777,lm,0,48,0,1.683371,0.481967,0.811329
3778,human,0,55,0,1.999114,0.223793,0.447388
3778,lm,0,62,0,2.119198,0.201469,0.426954
378,human,0,109,0,1.313338,0.834177,1.095556
378,lm,0,66,0,1.647437,0.542307,0.893417
3781,human,0,67,0,1.927577,0.475677,0.916905
3781,lm,0,20,0,1.278577,0.804837,1.029046
3782,human,0,37,0,1.167230,1.066271,1.244584
3782,lm,0,6,0,1.078666,1.497323,1.615112
3784,human,0,123,0,1.308885,0.701067,0.917616
3784,lm,0,73,0,1.378525,0.760110,1.047831
3785,human,0,128,0,1.369461,0.748028,1.024396
3785,human,1,74,0,1.234469,1.223356,1.510195
3785,lm,0,116,0,1.826533,0.389794,0.711971
3788,human,0,52,0,1.428858,0.788948,1.127294
3788,lm,0,39,0,1.748972,0.424468,0.742382
379,human,0,128,0,1.371023,0.729728,1.000474
379,human,1,38,0,1.166649,1.168210,1.362891
379,lm,0,10,0,1.083411,1.764773,1.911975
3793,human,0,128,0,1.260926,0.827583,1.043520
3793,human,1,128,0,1.335462,0.876986,1.171182
3793,human,2,128,0,1.209111,1.114607,1.347684
3793,human,3,128,0,1.206701,1.125913,1.358640
3793,human,4,95,0,1.549732,0.670809,1.039574
3793,lm,0,30,0,1.290107,0.878326,1.133135
3796,human,0,128,0,1.347447,0.656746,0.884931
3796,human,1,128,0,1.437617,0.359037,0.516158
3796,human,2,76,0,1.683677,0.532379,0.896354
3796,lm,0,128,0,1.921645,0.363596,0.698703
3796,lm,1,56,0,1.804146,0.712436,1.285339
3798,human,0,25,0,1.357576,0.861145,1.169069
3798,lm,0,128,0,2.188357,0.249513,0.546023
3798,lm,1,128,0,1.895405,0.098445,0.186593
3798,lm,2,3,0,1.014214,1.955365,1.983160
3799,human,0,32,0,1.371217,0.705707,0.967678
3799,lm,0,18,0,1.367783,0.710436,0.971722
38,human,0,38,0,1.193098,1.151903,1.374333
38,lm,0,70,0,2.311043,0.206027,0.476137
380,human,0,128,0,1.585102,0.770625,1.221520
380,human,1,128,0,1.387961,0.694755,0.964293
380,human,2,100,0,1.351617,0.744186,1.005854
380,lm,0,46,0,1.629482,0.870108,1.417826
3800,human,0,128,0,1.466784,0.642137,0.941877
3800,human,1,128,0,1.423882,0.697685,0.993422
3800,human,2,128,0,1.327506,0.976787,1.296690
3800,human,3,23,0,1.116380,1.724347,1.925027
3800,lm,0,77,0,2.306453,0.313069,0.722078
3801,human,0,36,0,1.383831,0.872265,1.207068
3801,lm,0,11,0,1.097278,1.842312,2.021528
3802,human,0,128,0,1.241962,1.371941,1.703898
3802,human,1,128,0,1.263461,0.725902,0.917149
3802,human,2,128,0,1.180665,1.314168,1.551592
3802,human,3,128,0,1.301420,0.757042,0.985230
3802,human,4,117,0,1.192114,1.159265,1.381976
3802,lm,0,55,0,1.222125,1.570106,1.918866
3803,human,0,21,0,1.433937,1.111494,1.593812
3803,lm,0,21,0,1.484359,1.067268,1.584210
3804,human,0,128,0,1.257541,1.303237,1.638874
3804,human,1,128,0,1.286306,1.098880,1.413496
3804,human,2,128,0,1.270104,1.587175,2.015877
3804,human,3,128,0,1.258087,1.014488,1.276314
3804,human,4,128,0,1.292555,2.139584,2.765531
3804,human,5,128,0,1.145298,1.544553,1.768973
3804,human,6,128,0,1.133506,2.044844,2.317842
3804,human,7,44,0,1.282811,1.386147,1.778165
3804,lm,0,75,0,1.446406,0.856894,1.239417
3805,human,0,128,0,1.343665,0.689783,0.926836
3805,human,1,128,0,1.171115,1.395471,1.634257
3805,human,2,128,0,1.172715,1.541570,1.807822
3805,human,3,126,0,1.083265,1.751442,1.897275
3805,lm,0,29,0,1.451467,0.991208,1.438706
3807,human,0,23,0,1.140448,2.273151,2.592411
3807,lm,0,28,0,1.249413,1.066557,1.332570
3813,human,0,29,0,1.187549,1.266181,1.503652
3813,lm,0,76,0,1.563463,0.572160,0.894550
3816,human,0,33,0,1.144772,1.335428,1.528760
3816,lm,0,24,0,1.285947,1.560474,2.006686
3818,human,0,118,0,1.352986,0.946267,1.280286
3818,lm,0,10,0,1.081570,1.911289,2.067193
382,human,0,27,0,1.244361,1.212188,1.508399
382,lm,0,16,0,1.114141,1.343176,1.496487
3820,human,0,59,0,1.410000,1.093768,1.542213
3820,lm,0,53,0,1.530562,0.870016,1.331613
3821,human,0,74,0,1.724952,0.284930,0.491491
3821,lm,0,58,0,1.624576,0.428237,0.695703
3824,human,0,95,0,1.512248,0.769502,1.163678
3824,lm,0,28,0,1.336919,1.121897,1.499885
3825,human,0,128,0,1.377231,0.781640,1.076499
3825,human,1,128,0,1.309467,0.795825,1.042106
3825,human,2,105,0,1.434126,0.564024,0.808882
3825,lm,0,58,0,1.450167,0.420661,0.610029
3829,human,0,125,0,1.543503,0.475220,0.733503
3829,lm,0,44,0,1.615441,1.168256,1.887250
383,human,0,47,0,1.653837,0.452015,0.747560
383,lm,0,53,0,1.829542,0.412183,0.754106
3831,human,0,84,0,1.413550,0.771288,1.090254
3831,lm,0,128,0,2.067938,0.265988,0.550047
3831,lm,1,13,0,1.213921,1.074610,1.304491
3833,human,0,119,0,1.356014,0.741944,1.006086
3833,lm,0,36,0,1.299360,0.794357,1.032155
3837,human,0,26,0,1.173626,1.126916,1.322578
3837,lm,0,44,0,1.425098,0.718772,1.024320
3838,human,0,25,0,1.263906,0.603395,0.762635
3838,lm,0,9,0,1.054998,1.171672,1.236111
384,human,0,128,0,1.180743,1.318160,1.556408
384,human,1,127,0,1.194593,1.414267,1.689473
384,lm,0,97,0,1.670738,0.624099,1.042706
3840,human,0,107,0,2.054320,0.220292,0.452551
3840,lm,0,118,0,2.258703,0.192357,0.434476
3842,human,0,39,0,1.289530,0.940853,1.213258
3842,lm,0,85,0,1.746513,0.363441,0.634753
3843,human,0,68,0,1.387345,0.924587,1.282721
3843,lm,0,12,0,1.228707,2.022303,2.484817
3845,human,0,48,0,1.422228,0.593535,0.844143
3845,lm,0,12,0,1.157038,1.046898,1.211301
3846,human,0,38,0,1.360358,1.149484,1.563710
3846,lm,0,9,0,1.062976,1.981925,2.106739
3847,human,0,128,0,1.167791,0.892583,1.042351
3847,human,1,50,0,1.172307,1.308932,1.534470
3847,lm,0,122,0,1.598577,0.504345,0.806234
3848,human,0,128,0,1.221584,0.750701,0.917044
3848,human,1,59,0,1.171494,0.814873,0.954619
3849,human,0,12,0,1.193393,1.115505,1.331236
3849,lm,0,35,0,1.485724,0.701276,1.041903
385,human,0,128,0,1.376292,0.863296,1.188148
385,human,1,128,0,1.672161,0.435045,0.727466
385,human,2,16,0,1.207528,2.092108,2.526279
385,lm,0,87,0,1.461197,0.716478,1.046915
3850,human,0,128,0,1.486459,0.631218,0.938280
3850,human,1,62,0,1.474908,0.821135,1.211099
3850,lm,0,92,0,1.737226,0.666705,1.158217
3851,human,0,128,0,1.338324,1.132396,1.515512
3851,human,1,83,0,1.221321,1.217470,1.486922
3851,lm,0,128,0,1.835541,0.522080,0.958300
3851,lm,1,58,0,1.507197,0.677884,1.021705
3852,human,0,128,0,1.318404,0.744318,0.981312
3852,human,1,37,0,1.156014,2.567674,2.968268
3852,lm,0,128,0,1.457310,0.729556,1.063190
3852,lm,1,25,0,1.164251,2.008193,2.338042
3854,human,0,128,0,1.290062,0.996032,1.284944
3854,human,1,88,0,1.242806,1.055004,1.311166
3854,lm,0,93,0,1.487489,0.427107,0.635317
3856,human,0,29,0,1.325679,1.011106,1.340402
3856,lm,0,9,0,1.133126,1.091605,1.236926
3858,human,0,111,0,1.358172,0.594954,0.808050
3858,lm,0,128,0,1.952855,0.345804,0.675306
3858,lm,1,128,0,1.535422,0.652665,1.002116
3858,lm,2,57,0,1.706610,0.940893,1.605738
386,human,0,128,0,1.376021,0.623466,0.857903
386,human,1,10,0,1.176801,2.623512,3.087351
386,lm,0,12,0,1.081332,1.536252,1.661198
3861,human,0,128,0,1.426937,1.028826,1.468070
3861,human,1,128,0,1.260074,1.463684,1.844351
3861,human,2,128,0,1.219435,1.126947,1.374239
3861,human,3,128,0,1.233137,1.574499,1.941573
3861,human,4,128,0,1.147841,1.663126,1.909004
3861,human,5,128,0,1.222858,1.270433,1.553559
3861,human,6,46,0,1.242326,1.663588,2.066719
3861,lm,0,128,0,1.594631,0.620693,0.989776
3861,lm,1,40,0,1.278722,1.256039,1.606124
3862,human,0,89,0,1.486849,0.495220,0.736317
3862,lm,0,51,0,1.803493,0.383526,0.691687
3864,human,0,128,0,1.248427,0.927776,1.158260
3864,human,1,105,0,1.322510,1.281950,1.695392
3864,lm,0,10,0,1.054113,3.299404,3.477946
3866,human,0,23,0,1.576014,0.480183,0.756776
3866,lm,0,7,0,1.204194,1.238708,1.491645
3869,human,0,128,0,1.351327,0.918437,1.241109
3869,human,1,5,0,1.007506,2.477154,2.495748
3869,lm,0,19,0,1.127975,1.181614,1.332831
387,human,0,67,0,1.286685,1.114678,1.434239
387,lm,0,128,0,1.523708,0.247057,0.376443
387,lm,1,128,0,1.936685,0.142263,0.275518
387,lm,2,56,0,1.388612,0.339122,0.470909
3872,human,0,128,0,1.342689,0.998210,1.340286
3872,human,1,78,0,1.386085,0.866966,1.201688
3872,lm,0,128,0,1.911054,0.212947,0.406952
3872,lm,1,128,0,1.637137,0.292314,0.478559
3872,lm,2,20,0,2.304316,0.499775,1.151640
3876,human,0,128,0,1.433729,0.412335,0.591177
3876,human,1,128,0,1.409424,0.631378,0.889880
3876,human,2,128,0,1.297775,1.000311,1.298178
3876,human,3,85,0,1.342703,1.229076,1.650285
3876,lm,0,11,0,1.099427,2.138032,2.350610
3877,human,0,70,0,1.422742,0.896139,1.274974
3877,lm,0,12,0,1.231931,2.016563,2.484266
3878,human,0,26,0,1.226110,0.990682,1.214685
3878,lm,0,10,0,1.101056,1.974805,2.174371
3879,human,0,41,0,1.388631,0.947854,1.316220
3879,lm,0,21,0,1.515188,0.832536,1.261450
388,human,0,35,0,1.135040,1.594883,1.810256
388,lm,0,57,0,1.304037,0.912338,1.189723
3880,human,0,22,0,1.210899,1.487314,1.800987
3880,lm,0,22,0,1.145582,1.278306,1.464404
3883,human,0,94,0,1.435375,0.610084,0.875699
3883,lm,0,12,0,1.324146,0.886882,1.174360
3884,human,0,44,0,1.578094,1.354886,2.138138
3884,lm,0,36,0,1.409295,1.003542,1.414287
3887,human,0,128,0,1.243467,0.952960,1.184974
3887,human,1,128,0,1.287963,1.003327,1.292248
3887,human,2,128,0,1.135605,1.763243,2.002348
3887,human,3,128,0,1.247860,1.122538,1.400770
3887,human,4,128,0,1.225865,1.266754,1.552869
3887,human,5,128,0,1.210278,1.246788,1.508960
3887,human,6,128,0,1.210505,1.503205,1.819636
3887,human,7,69,0,1.240025,1.239257,1.536709
3887,lm,0,11,0,1.318880,1.107906,1.461195
3888,human,0,75,0,1.444838,0.629700,0.909814
3888,lm,0,12,0,1.033762,2.815638,2.910700
3889,human,0,128,0,1.301997,1.160919,1.511512
3889,human,1,128,0,1.439289,0.848865,1.221761
3889,human,2,128,0,1.312698,0.885797,1.162784
3889,human,3,128,0,1.242122,1.129542,1.403029
3889,human,4,36,0,1.181588,1.853805,2.190433
3889,lm,0,9,0,0.981112,5.874931,5.763965
389,human,0,40,0,1.278143,0.913983,1.168201
389,lm,0,30,0,1.286371,0.949577,1.221509
3890,human,0,35,0,1.272609,1.268396,1.614172
3890,lm,0,11,0,1.095476,2.523301,2.764215
3891,human,0,128,0,1.256893,0.906446,1.139306
3891,human,1,128,0,1.174517,1.250524,1.468762
3891,human,2,77,0,1.250925,1.250116,1.563801
3891,lm,0,67,0,1.709408,0.794919,1.358842
3894,human,0,128,0,1.618852,0.653051,1.057193
3894,human,1,87,0,1.190667,1.308753,1.558289
3894,lm,0,128,0,1.587425,0.603134,0.957430
3894,lm,1,42,0,1.266267,1.096372,1.388300
3898,human,0,70,0,1.479012,0.582694,0.861812
3898,lm,0,12,0,1.113747,1.461904,1.628192
3899,human,0,128,0,1.417846,0.526456,0.746434
3899,human,1,128,0,1.252452,1.016232,1.272782
3899,human,2,29,0,1.169245,1.803403,2.108619
3899,lm,0,89,0,1.724982,0.398105,0.686724
39,human,0,128,0,1.476313,0.801498,1.183262
39,human,1,128,0,1.420096,0.890168,1.264124
39,human,2,26,0,1.279594,0.940226,1.203107
39,lm,0,45,0,2.013278,0.581604,1.170931
390,human,0,128,0,1.416223,0.842438,1.193081
390,human,1,24,0,1.014668,3.718924,3.773474
390,lm,0,34,0,1.371248,0.764801,1.048732
3900,human,0,128,0,1.490775,0.563952,0.840726
3900,human,1,14,0,1.313924,1.193109,1.567654
3900,lm,0,10,0,1.075600,2.368739,2.547816
3901,human,0,50,0,1.305749,1.090480,1.423894
3901,lm,0,57,0,1.394888,0.741899,1.034866
3902,human,0,48,0,1.391321,1.070494,1.489400
3902,lm,0,12,0,1.059833,2.675157,2.835218
3904,human,0,128,0,1.236918,1.219701,1.508670
3904,human,1,111,0,1.335476,1.095431,1.462922
3904,lm,0,9,0,1.148295,1.411054,1.620306
3909,human,0,41,0,1.288559,0.834187,1.074899
3909,lm,0,10,0,1.130626,3.756036,4.246671
391,human,0,128,0,1.355598,0.730188,0.989842
391,human,1,24,0,1.153269,2.188866,2.524351
391,lm,0,128,0,1.760230,0.264405,0.465414
391,lm,1,42,0,1.339686,0.655866,0.878655
3910,human,0,128,0,1.359120,1.207857,1.641623
3910,human,1,89,0,1.184185,1.995513,2.363058
3910,lm,0,35,0,1.405952,0.958291,1.347310
3911,human,0,73,0,1.430212,0.687422,0.983158
3911,lm,0,73,0,1.710088,0.702408,1.201179
3913,human,0,124,0,1.357068,0.627687,0.851813
3913,lm,0,71,0,1.411714,0.746683,1.054102
3914,human,0,128,0,1.618117,0.345985,0.559844
3914,human,1,1,0,1.000000,1.945910,1.945910
3914,lm,0,26,0,1.389114,0.897399,1.246590
3915,human,0,128,0,1.622326,0.565993,0.918226
3915,human,1,94,0,1.485433,0.709687,1.054193
3915,lm,0,59,0,1.501230,0.709946,1.065792
3916,human,0,128,0,1.630150,0.324660,0.529244
3916,human,1,69,0,1.352530,0.856313,1.158189
3916,lm,0,37,0,1.350469,0.521492,0.704258
3917,human,0,128,0,1.294209,0.780791,1.010507
3917,human,1,128,0,1.277624,0.916567,1.171028
3917,human,2,128,0,1.214079,1.147328,1.392946
3917,human,3,102,0,1.332608,0.980398,1.306487
3917,lm,0,128,0,1.863139,0.418608,0.779924
3917,lm,1,128,0,1.959598,0.459107,0.899665
3917,lm,2,128,0,1.679533,0.483033,0.811269
3917,lm,3,128,0,1.586303,0.435194,0.690349
3917,lm,4,128,0,1.566336,0.451497,0.707195
3917,lm,5,55,0,1.470844,0.664832,0.977864
3919,human,0,128,0,1.317208,0.671329,0.884280
3919,human,1,128,0,1.189629,1.029660,1.224913
3919,human,2,128,0,1.337847,0.809774,1.083353
3919,human,3,128,0,1.297607,1.120581,1.454073
3919,human,4,128,0,1.266559,1.026121,1.299643
3919,human,5,104,0,1.336416,0.898746,1.201098
3919,lm,0,128,0,2.134323,0.229067,0.488904
3919,lm,1,128,0,1.801178,0.245945,0.442990
3919,lm,2,128,0,1.702432,0.247838,0.421927
3919,lm,3,80,0,1.689580,0.325962,0.550738
392,human,0,13,0,1.103586,1.555740,1.716892
392,lm,0,39,0,1.362113,0.978104,1.332289
3923,human,0,128,0,1.392644,0.654728,0.911803
3923,human,1,101,0,1.359151,1.004272,1.364957
3923,lm,0,22,0,1.217077,1.004775,1.222889
3924,human,0,128,0,1.364646,0.566481,0.773045
3924,human,1,128,0,1.388320,0.515834,0.716143
3924,human,2,3,0,1.039684,4.574711,4.756256
3924,lm,0,128,0,1.907273,0.193099,0.368292
3924,lm,1,20,0,1.304910,1.012421,1.321119
3925,human,0,81,0,1.325082,0.737784,0.977624
3925,lm,0,42,0,1.461697,0.700043,1.023250
3926,human,0,128,0,1.540409,0.679306,1.046409
3926,human,1,128,0,1.418148,0.719038,1.019703
3926,human,2,128,0,1.443065,0.774440,1.117567
3926,human,3,128,0,1.264746,0.985296,1.246149
3926,human,4,124,0,1.441617,0.834835,1.203513
3926,lm,0,76,0,1.742829,0.396648,0.691289
3927,human,0,123,0,1.438521,0.653442,0.939989
3927,lm,0,49,0,1.596406,0.517822,0.826654
3929,human,0,43,0,1.190948,1.948357,2.320392
3929,lm,0,22,0,1.237399,1.572941,1.946356
393,human,0,128,0,1.364701,1.352178,1.845319
393,human,1,128,0,1.291893,1.410640,1.822396
393,human,2,128,0,1.328435,0.886609,1.177803
393,human,3,78,0,1.601230,0.694635,1.112270
393,lm,0,73,0,1.671662,0.514919,0.860771
3930,human,0,128,0,1.211664,0.873415,1.058286
3930,human,1,128,0,1.112659,1.790552,1.992274
3930,human,2,128,0,1.239265,1.378635,1.708494
3930,human,3,81,0,1.124253,1.677009,1.885382
3930,lm,0,64,0,1.624427,0.232137,0.377089
3931,human,0,60,0,1.264869,0.870781,1.101424
3931,lm,0,106,0,1.179613,1.565874,1.847125
3932,human,0,128,0,1.341375,0.761257,1.021130
3932,human,1,128,0,1.286492,0.860845,1.107471
3932,human,2,128,0,1.280530,0.891831,1.142016
3932,human,3,21,0,1.223664,0.893258,1.093048
3933,human,0,78,0,1.324640,1.251359,1.657601
3933,lm,0,10,0,1.230771,2.321826,2.857634
3935,human,0,23,0,1.152714,1.388470,1.600509
3935,lm,0,12,0,1.204910,1.640782,1.976995
3936,human,0,21,0,1.180994,1.360151,1.606330
3936,lm,0,48,0,1.535228,0.997584,1.531519
3937,human,0,128,0,1.187608,1.352003,1.605649
3937,human,1,71,0,1.165941,1.450833,1.691585
3937,lm,0,11,0,1.164923,1.964278,2.288233
3938,human,0,13,0,1.168720,1.289860,1.507486
3938,lm,0,6,0,1.074304,2.139077,2.298020
3939,human,0,35,0,1.220225,0.791195,0.965436
3939,lm,0,29,0,1.445138,0.384976,0.556343
394,human,0,25,0,1.208352,1.306432,1.578630
3940,human,0,34,0,1.337460,0.734306,0.982105
3940,lm,0,10,0,1.195161,2.106269,2.517331
3942,human,0,128,0,1.264127,0.596543,0.754107
3942,human,1,20,0,1.111548,2.329215,2.589034
3942,lm,0,128,0,1.869138,0.415411,0.776461
3942,lm,1,128,0,2.111270,0.302014,0.637632
3942,lm,2,128,0,1.862056,0.350510,0.652670
3942,lm,3,128,0,1.942051,0.345569,0.671113
3942,lm,4,97,0,1.898024,0.375761,0.713204
3944,human,0,15,0,1.069494,1.852355,1.981082
3944,lm,0,91,0,1.739911,0.354294,0.616439
3945,human,0,84,0,1.680341,0.432708,0.727097
3945,lm,0,35,0,1.445425,0.471624,0.681697
3948,human,0,113,0,1.247334,0.699401,0.872387
3948,lm,0,33,0,1.054408,2.152194,2.269292
3951,human,0,66,0,1.322407,0.798449,1.055875
3951,lm,0,32,0,1.353586,0.847234,1.146804
3952,human,0,78,0,1.422267,0.730977,1.039645
3952,lm,0,24,0,1.419306,0.904503,1.283767
3953,human,0,128,0,1.435530,0.632246,0.907608
3953,human,1,80,0,1.285301,1.231817,1.583256
3953,lm,0,55,0,1.439949,0.580627,0.836072
3958,human,0,22,0,1.230250,1.107775,1.362841
3958,lm,0,10,0,1.105535,2.075951,2.295037
3959,human,0,128,0,1.295501,0.795252,1.030250
3959,human,1,53,0,1.227418,0.934732,1.147307
3959,lm,0,128,0,1.524161,0.450276,0.686293
3959,lm,1,128,0,1.509656,0.577370,0.871630
3959,lm,2,121,0,1.355902,1.062327,1.440411
396,human,0,128,0,1.323730,1.041077,1.378106
396,human,1,128,0,1.250665,1.472415,1.841498
396,human,2,128,0,1.281064,0.982730,1.258940
396,human,3,128,0,1.397097,0.993603,1.388159
396,human,4,21,0,1.191353,1.749712,2.084524
396,lm,0,10,0,1.045234,2.735056,2.858774
3961,human,0,44,0,1.271994,0.996662,1.267748
3961,lm,0,11,0,1.086124,2.121767,2.304503
3963,human,0,128,0,1.296879,1.342273,1.740765
3963,human,1,120,0,1.207307,1.459289,1.761810
3963,lm,0,19,0,1.251090,0.829827,1.038188
3964,human,0,121,0,1.482639,0.575413,0.853130
3964,lm,0,10,0,1.057391,2.198487,2.324659
3966,human,0,128,0,1.504690,0.886564,1.334004
3966,human,1,73,0,1.406309,0.561548,0.789710
3966,lm,0,103,0,1.544084,0.520901,0.804315
3968,human,0,21,0,1.144266,1.325534,1.516763
3968,lm,0,61,0,1.486006,0.571691,0.849536
3969,human,0,94,0,1.342535,0.687245,0.922650
3969,lm,0,104,0,1.669227,0.904461,1.509750
397,human,0,47,0,1.198417,1.783795,2.137730
397,lm,0,47,0,1.489631,1.014276,1.510896
3970,human,0,63,0,1.262687,0.997593,1.259647
3972,human,0,128,0,1.858063,0.229190,0.425849
3972,human,1,96,0,1.625576,0.398996,0.648599
3972,lm,0,108,0,2.749992,0.075212,0.206834
3973,human,0,101,0,1.414867,0.473063,0.669321
3973,lm,0,65,0,1.425687,0.573784,0.818036
3975,human,0,19,0,1.211026,1.274428,1.543366
3975,lm,0,128,0,1.769378,0.306280,0.541924
3975,lm,1,44,0,1.318141,0.436053,0.574779
3976,human,0,23,0,1.117838,1.861147,2.080462
3976,lm,0,13,0,1.179527,1.146390,1.352198
3979,human,0,35,0,1.474015,0.707509,1.042879
3979,lm,0,33,0,1.644103,0.722090,1.187190
3984,human,0,74,0,1.474853,0.544518,0.803083
3984,lm,0,91,0,1.812694,0.428793,0.777271
3986,human,0,128,0,1.397756,0.650765,0.909610
3986,human,1,128,0,1.261394,0.854790,1.078227
3986,human,2,39,0,1.333334,1.590460,2.120615
3986,lm,0,85,0,1.710858,0.711961,1.218065
3987,human,0,128,0,1.268752,1.247607,1.582903
3987,human,1,120,0,1.218062,1.123895,1.368974
3987,lm,0,128,0,2.004317,0.109963,0.220402
3987,lm,1,21,0,1.274379,0.337709,0.430369
3988,human,0,46,0,1.626677,0.657798,1.070025
3988,lm,0,11,0,1.097824,2.846442,3.124893
3992,human,0,31,0,1.102288,1.585462,1.747636
3992,lm,0,11,0,1.099930,1.626660,1.789211
3993,human,0,128,0,1.503860,0.606606,0.912250
3993,human,1,26,0,1.155442,2.004391,2.315958
3993,lm,0,128,0,2.301902,0.153687,0.353773
3993,lm,1,9,0,0.985673,4.825104,4.755974
3996,human,0,128,0,1.229498,0.827641,1.017582
3996,human,1,21,0,1.229079,1.301799,1.600014
3996,lm,0,128,0,1.272860,0.657062,0.836347
3996,lm,1,20,0,1.274930,1.410356,1.798105
3997,human,0,45,0,1.532125,0.891584,1.366017
3997,lm,0,7,0,1.063284,3.251663,3.457442
3998,human,0,128,0,1.645662,0.445550,0.733224
3998,human,1,128,0,1.464852,0.396375,0.580631
3998,human,2,2,0,1.060349,3.441608,3.649305
3998,lm,0,103,0,2.038461,0.188328,0.383900
3999,human,0,13,0,1.052895,1.976584,2.081136
3999,lm,0,8,0,1.139342,2.146894,2.446046
40,human,0,128,0,1.297348,0.882371,1.144742
40,human,1,128,0,1.445193,0.890810,1.287392
40,human,2,85,0,1.401080,0.696382,0.975687
40,lm,0,128,0,1.457454,1.042373,1.519211
40,lm,1,128,0,1.542961,0.488616,0.753916
40,lm,2,10,0,1.229846,2.006796,2.468049
400,human,0,34,0,1.413440,0.670919,0.948303
400,lm,0,10,0,1.333495,1.057438,1.410089
4002,human,0,23,0,1.378647,0.749599,1.033432
4002,lm,0,8,0,1.126155,1.526317,1.718869
4003,human,0,119,0,1.702968,0.407568,0.694075
4003,lm,0,128,0,1.754457,0.363845,0.638351
4003,lm,1,18,0,1.257849,1.645902,2.070297
4007,human,0,21,0,1.227535,1.339441,1.644211
4007,lm,0,10,0,1.081804,1.256770,1.359579
4009,human,0,21,0,1.230654,1.089433,1.340715
4009,lm,0,11,0,1.195112,1.335741,1.596360
401,human,0,69,0,1.194099,1.087608,1.298712
401,lm,0,10,0,1.048929,4.150316,4.353385
4011,human,0,52,0,1.522329,0.578123,0.880094
4011,lm,0,27,0,1.752689,0.547167,0.959014
4012,human,0,54,0,1.304202,0.753511,0.982730
4012,lm,0,64,0,1.795355,0.387302,0.695345
4014,human,0,31,0,1.150940,1.395510,1.606148
4014,lm,0,128,0,1.556495,0.470691,0.732628
4014,lm,1,128,0,2.215700,0.200296,0.443796
4014,lm,2,128,0,2.113313,0.161990,0.342336
4014,lm,3,25,0,1.218082,1.431681,1.743905
4016,human,0,46,0,1.269726,0.840501,1.067207
4016,lm,0,41,0,1.373283,0.852440,1.170641
4018,human,0,30,0,1.252972,1.246421,1.561732
4018,lm,0,30,0,1.191047,1.367289,1.628506
4019,human,0,28,0,1.528894,0.624072,0.954140
4019,lm,0,65,0,1.871734,0.434460,0.813194
402,human,0,128,0,1.479380,0.569571,0.842612
402,human,1,128,0,1.382996,0.990470,1.369817
402,human,2,128,0,1.401261,0.717077,1.004812
402,human,3,128,0,1.357870,0.600625,0.815570
402,human,4,128,0,1.248219,1.321851,1.649959
402,human,5,128,0,1.334869,0.789736,1.054194
402,human,6,101,0,1.362003,0.817470,1.113396
402,lm,0,9,0,1.052354,1.900784,2.000298
4021,human,0,85,0,1.880529,0.278892,0.524465
4021,lm,0,128,0,1.795979,0.276513,0.496612
4021,lm,1,74,0,2.120286,0.290783,0.616543
4026,human,0,64,0,1.394105,0.498138,0.694456
4026,lm,0,43,0,1.427996,0.779440,1.113037
4028,human,0,128,0,1.479180,0.539465,0.797966
4028,human,1,128,0,1.259818,0.857902,1.080800
4028,human,2,128,0,1.336689,0.816149,1.090937
4028,human,3,107,0,1.285750,0.723182,0.929831
4028,lm,0,83,0,1.626719,0.431080,0.701246
4029,human,0,51,0,1.468067,1.185945,1.741047
4029,lm,0,83,0,1.939800,0.648802,1.258547
4032,human,0,92,0,1.243582,1.141194,1.419169
4032,lm,0,14,0,1.179683,1.681145,1.983219
4033,human,0,128,0,1.356612,0.657774,0.892344
4033,human,1,128,0,1.353018,0.697075,0.943156
4033,human,2,128,0,1.333019,0.704282,0.938822
4033,human,3,68,0,1.362396,0.826969,1.126659
4034,human,0,128,0,1.336213,0.895127,1.196080
4034,human,1,128,0,1.316654,1.039773,1.369021
4034,human,2,100,0,1.412535,0.881051,1.244516
4034,lm,0,36,0,1.571405,0.545385,0.857021
4036,human,0,68,0,1.756261,0.427596,0.750970
4036,lm,0,128,0,1.671759,0.347431,0.580822
4036,lm,1,19,0,1.151060,1.159321,1.334449
4037,human,0,97,0,1.915805,0.293478,0.562247
4037,lm,0,128,0,1.779324,0.279247,0.496871
4037,lm,1,47,0,1.807432,0.448149,0.810000
4038,human,0,128,0,1.365003,0.875122,1.194544
4038,human,1,14,0,1.371146,1.546682,2.120727
4038,lm,0,128,0,1.797210,0.377052,0.677641
4038,lm,1,117,0,1.629797,0.432466,0.704832
4039,human,0,105,0,1.239233,0.884640,1.096275
4039,lm,0,65,0,1.386295,0.863045,1.196435
404,human,0,128,0,1.361208,0.932686,1.269579
404,human,1,71,0,1.325735,1.107927,1.468817
404,lm,0,44,0,1.479372,0.819429,1.212240
4040,human,0,128,0,1.281135,0.992031,1.270925
4040,human,1,128,0,1.283176,0.960637,1.232667
4040,human,2,119,0,1.318964,0.671971,0.886306
4040,lm,0,128,0,2.042040,0.165773,0.338516
4040,lm,1,10,0,1.130335,1.163520,1.315167
4042,human,0,76,0,2.209583,0.335154,0.740551
4042,lm,0,11,0,1.268962,1.522566,1.932079
4043,human,0,128,0,1.309453,0.683155,0.894559
4043,human,1,94,0,1.377778,0.730884,1.006995
4043,lm,0,128,0,1.676111,0.551233,0.923927
4043,lm,1,128,0,1.409708,0.492757,0.694644
4043,lm,2,4,0,0.887129,6.603150,5.857844
4045,human,0,93,0,1.424457,0.498400,0.709950
4045,lm,0,29,0,1.325406,0.429573,0.569358
4047,human,0,78,0,1.296336,0.775609,1.005450
4047,lm,0,31,0,1.359474,0.923042,1.254852
4048,human,0,128,0,1.282536,0.803209,1.030145
4048,human,1,13,0,1.175555,2.111085,2.481696
4048,lm,0,51,0,1.442428,0.897228,1.294186
4049,human,0,128,0,1.312543,0.777582,1.020610
4049,human,1,90,0,1.636735,0.492346,0.805840
4049,lm,0,56,0,1.614684,0.549781,0.887723
405,human,0,63,0,1.222214,1.061941,1.297919
405,lm,0,128,0,1.821196,0.227587,0.414481
405,lm,1,128,0,1.699597,0.148049,0.251623
405,lm,2,25,0,1.175812,0.731244,0.859806
4050,human,0,82,0,1.381356,1.070068,1.478145
4050,lm,0,33,0,1.408142,0.753215,1.060634
4054,human,0,91,0,1.447611,0.565631,0.818813
4054,lm,0,47,0,1.556023,0.666904,1.037717
4055,human,0,88,0,1.404284,0.615097,0.863771
4055,lm,0,114,0,1.966818,0.258077,0.507591
4056,human,0,48,0,1.237121,0.891584,1.102997
4056,lm,0,11,0,1.136432,1.545385,1.756226
4057,human,0,128,0,1.478905,0.575347,0.850883
4057,human,1,128,0,1.461124,0.649537,0.949054
4057,human,2,88,0,1.441130,0.499215,0.719434
4057,lm,0,49,0,1.358721,0.393767,0.535019
4059,human,0,128,0,1.392472,0.731056,1.017975
4059,human,1,4,0,1.231919,2.403031,2.960339
4059,lm,0,100,0,1.873386,0.534610,1.001530
4060,human,0,128,0,1.460498,0.608963,0.889388
4060,human,1,9,0,1.117567,1.645662,1.839139
4060,lm,0,10,0,1.212824,0.710422,0.861617
4061,human,0,53,0,1.140849,1.369978,1.562938
4061,lm,0,11,0,1.222874,1.696895,2.075089
4062,human,0,99,0,1.454265,0.665613,0.967977
4062,lm,0,128,0,1.943911,0.443039,0.861228
4062,lm,1,128,0,1.667534,0.564140,0.940723
4062,lm,2,128,0,1.793778,0.473527,0.849403
4062,lm,3,128,0,1.680257,0.546124,0.917629
4062,lm,4,128,0,1.641930,0.544334,0.893758
4062,lm,5,128,0,1.790106,0.502861,0.900174
4062,lm,6,119,0,2.158869,0.385289,0.831788
4063,human,0,22,0,1.152148,1.067944,1.230429
4063,lm,0,8,0,1.154364,1.041979,1.202823
4065,human,0,128,0,1.379154,0.972548,1.341293
4065,human,1,128,0,1.299485,1.261167,1.638867
4065,human,2,128,0,1.279555,1.155244,1.478199
4065,human,3,128,0,1.301843,1.434001,1.866844
4065,human,4,128,0,1.272393,1.639816,2.086490
4065,human,5,128,0,1.159908,1.473569,1.709205
4065,human,6,74,0,1.187131,1.643209,1.950704
4065,lm,0,41,0,1.240897,0.949922,1.178755
4068,human,0,110,0,1.500298,0.566902,0.850521
4068,lm,0,55,0,1.788647,0.313805,0.561286
407,human,0,49,0,1.384852,0.755844,1.046732
407,lm,0,105,0,1.937847,0.271119,0.525386
4070,human,0,128,0,1.403137,0.763484,1.071273
4070,human,1,128,0,1.343468,0.771864,1.036974
4070,human,2,104,0,1.474158,0.705711,1.040330
4070,lm,0,128,0,2.176042,0.267218,0.581477
4070,lm,1,128,0,1.899013,0.346486,0.657982
4070,lm,2,128,0,2.216050,0.315030,0.698123
4070,lm,3,105,0,1.726918,0.472430,0.815848
4071,human,0,122,0,1.234867,0.703050,0.868174
4071,lm,0,32,0,1.738019,0.298014,0.517954
4074,human,0,128,0,1.355918,0.909154,1.232738
4074,human,1,128,0,1.551446,0.556537,0.863437
4074,human,2,18,0,1.202262,1.414954,1.701146
4074,lm,0,35,0,1.377251,0.905513,1.247118
4075,human,0,97,0,1.757238,0.366126,0.643371
4075,lm,0,128,0,1.920253,0.204023,0.391776
4075,lm,1,128,0,1.711897,0.246351,0.421727
4075,lm,2,128,0,1.848023,0.210436,0.388892
4075,lm,3,65,0,1.605217,0.374773,0.601591
4076,human,0,79,0,1.660301,0.185433,0.307874
4076,lm,0,41,0,1.908171,0.128067,0.244373
4078,human,0,128,0,1.097859,1.638135,1.798442
4078,human,1,71,0,1.034568,1.933304,2.000134
4078,lm,0,23,0,1.127453,1.165397,1.313930
4079,human,0,23,0,1.247436,0.887131,1.106639
4079,lm,0,10,0,1.175631,2.870228,3.374329
408,human,0,97,0,1.986548,0.243754,0.484229
408,lm,0,119,0,2.173340,0.225479,0.490043
4082,human,0,88,0,1.632097,0.425807,0.694959
4082,lm,0,68,0,1.729812,0.567359,0.981425
4084,human,0,50,0,1.196757,1.000409,1.197246
4084,lm,0,70,0,1.470239,0.549717,0.808215
4085,human,0,60,0,1.287651,1.236169,1.591754
4085,lm,0,31,0,1.538572,1.161252,1.786669
4087,human,0,60,0,1.298305,0.961192,1.247920
4087,lm,0,21,0,1.288626,0.806758,1.039610
4088,human,0,108,0,1.395008,0.615702,0.858909
4088,lm,0,7,0,1.104110,0.891087,0.983858
4090,human,0,54,0,1.701183,0.561714,0.955579
4090,lm,0,17,0,1.097666,1.667843,1.830734
4093,human,0,128,0,1.349973,0.551755,0.744853
4093,human,1,17,0,1.049690,1.766479,1.854256
4093,lm,0,60,0,1.250470,0.930280,1.163287
4094,human,0,28,0,1.458765,0.697913,1.018092
4094,lm,0,43,0,1.728628,0.582245,1.006486
4095,human,0,128,0,1.257502,0.816065,1.026203
4095,human,1,11,0,0.979719,3.555348,3.483241
4095,lm,0,44,0,2.067311,0.239341,0.494793
4097,human,0,128,0,1.348926,0.941253,1.269681
4097,human,1,62,0,1.435766,0.996684,1.431005
4097,lm,0,107,0,2.148816,0.271889,0.584240
4099,human,0,128,0,1.279106,0.707284,0.904691
4099,human,1,4,0,1.004922,1.669392,1.677610
4099,lm,0,50,0,1.466951,0.889018,1.304146
4100,human,0,128,0,1.687039,0.479158,0.808359
4100,human,1,46,0,1.431261,1.182026,1.691788
4100,lm,0,20,0,1.302562,1.413538,1.841222
4101,human,0,31,0,1.261769,1.175780,1.483563
4101,lm,0,13,0,1.192258,1.420740,1.693889
4107,human,0,36,0,1.246816,1.435657,1.789999
4107,lm,0,128,0,1.872891,0.293621,0.549920
4107,lm,1,29,0,1.175446,1.431319,1.682439
4108,human,0,128,0,1.316669,0.986491,1.298882
4108,human,1,70,0,1.471588,0.678319,0.998206
4108,lm,0,10,0,1.251901,2.257205,2.825796
4109,human,0,49,0,1.554089,0.585554,0.910002
4109,lm,0,6,0,1.144902,1.036575,1.186776
411,human,0,128,0,1.332035,0.995399,1.325906
411,human,1,128,0,1.371028,1.046193,1.434360
411,human,2,128,0,1.330264,1.134845,1.509644
411,human,3,128,0,1.334080,1.282897,1.711487
411,human,4,128,0,1.243292,1.448014,1.800303
411,human,5,27,0,1.205110,1.463648,1.763856
411,lm,0,10,0,1.098181,2.107071,2.313945
4112,human,0,84,0,1.265261,0.945883,1.196788
4112,lm,0,17,0,1.474194,0.846064,1.247263
4113,human,0,78,0,1.420963,0.779623,1.107815
4113,lm,0,9,0,1.097872,1.768636,1.941736
4115,human,0,36,0,1.181180,2.153459,2.543623
4115,lm,0,30,0,1.130461,1.976303,2.234133
4116,human,0,51,0,1.367699,1.124987,1.538644
4116,lm,0,44,0,1.595080,0.967876,1.543839
4117,human,0,16,0,1.565769,0.493283,0.772367
4117,lm,0,12,0,1.146180,1.408211,1.614064
4118,human,0,128,0,1.382848,0.930817,1.287178
4118,human,1,128,0,1.452727,0.903129,1.312000
4118,human,2,34,0,1.200017,1.498358,1.798056
4118,lm,0,128,0,1.729638,0.497805,0.861022
4118,lm,1,128,0,2.084024,0.313617,0.653585
4118,lm,2,37,0,1.567819,0.404925,0.634849
4119,human,0,128,0,1.418494,0.670271,0.950776
4119,human,1,128,0,1.287839,1.163086,1.497867
4119,human,2,99,0,1.259256,1.412160,1.778271
4119,lm,0,64,0,1.582637,0.591861,0.936701
412,human,0,32,0,1.166280,1.579170,1.841753
412,lm,0,91,0,1.658615,0.671826,1.114301
4120,human,0,65,0,1.423180,0.702483,0.999760
4120,lm,0,45,0,1.408470,0.875421,1.233004
4122,human,0,128,0,1.605699,0.507827,0.815417
4122,human,1,8,0,1.208874,0.922686,1.115411
4122,lm,0,47,0,1.819996,0.412972,0.751608
4124,human,0,128,0,1.629478,0.493363,0.803924
4124,human,1,24,0,1.160003,1.116364,1.294986
4124,lm,0,128,0,1.856743,0.407085,0.755853
4124,lm,1,24,0,1.148147,1.804695,2.072055
4125,human,0,69,0,1.484964,0.580695,0.862312
4125,lm,0,47,0,1.562422,0.468036,0.731270
4126,human,0,12,0,1.128911,1.853644,2.092599
4126,lm,0,128,0,2.770859,0.168201,0.466061
4126,lm,1,128,0,2.326190,0.212825,0.495071
4126,lm,2,128,0,2.711081,0.150423,0.407809
4126,lm,3,121,0,1.842384,0.275561,0.507689
4129,human,0,128,0,1.394597,0.681454,0.950354
4129,human,1,60,0,1.285770,0.828460,1.065209
4129,lm,0,21,0,1.285059,0.997988,1.282473
413,human,0,128,0,1.351377,0.677751,0.915897
413,human,1,118,0,1.424419,0.720075,1.025689
413,lm,0,37,0,1.597408,0.401547,0.641434
4130,human,0,28,0,1.177437,1.584760,1.865955
4130,lm,0,57,0,1.640096,0.489496,0.802821
4131,human,0,122,0,1.282823,1.180154,1.513929
4131,lm,0,47,0,1.299435,1.643111,2.135115
4132,human,0,72,0,1.356915,0.962698,1.306299
4132,lm,0,128,0,1.710392,0.583589,0.998166
4132,lm,1,72,0,1.538267,1.254472,1.929713
4133,human,0,128,0,1.710990,0.490423,0.839109
4133,human,1,44,0,1.273120,1.002411,1.276190
4133,lm,0,26,0,1.434453,0.567746,0.814405
4136,human,0,71,0,1.225324,1.198075,1.468031
4136,lm,0,128,0,2.090604,0.337246,0.705048
4136,lm,1,128,0,2.048796,0.293799,0.601934
4136,lm,2,128,0,2.203845,0.292745,0.645164
4136,lm,3,128,0,1.991802,0.302502,0.602525
4136,lm,4,118,0,2.298215,0.249037,0.572340
4137,human,0,67,0,1.423380,0.683915,0.973471
4137,lm,0,27,0,1.284788,0.895919,1.151065
4139,human,0,34,0,1.523265,0.830033,1.264360
4139,lm,0,11,0,1.173042,1.586601,1.861150
414,human,0,68,0,1.368599,0.700818,0.959139
414,lm,0,65,0,1.479250,0.973746,1.440414
4140,human,0,37,0,1.541148,0.624981,0.963187
4140,lm,0,50,0,1.847086,0.389168,0.718827
4141,human,0,20,0,1.150033,1.281193,1.473415
4141,lm,0,16,0,1.110376,1.901124,2.110963
4144,human,0,42,0,1.333350,1.027979,1.370656
4144,lm,0,12,0,1.064327,2.220968,2.363837
4145,human,0,53,0,1.292505,0.642509,0.830446
4145,lm,0,128,0,1.928710,0.321690,0.620447
4145,lm,1,46,0,1.576816,0.707211,1.115142
4148,human,0,71,0,1.214583,0.959059,1.164856
4148,lm,0,12,0,1.136428,1.303761,1.481630
415,human,0,104,0,1.174271,0.734181,0.862128
415,lm,0,30,0,1.707326,0.124309,0.212237
4150,human,0,128,0,1.374956,0.483677,0.665034
4150,human,1,53,0,1.215480,1.280639,1.556591
4150,lm,0,73,0,1.663621,0.226233,0.376366
4151,human,0,38,0,1.272840,1.057269,1.345735
4151,lm,0,30,0,1.452143,1.037855,1.507114
4152,human,0,128,0,1.433965,0.788187,1.130233
4152,human,1,29,0,1.325394,1.021219,1.353518
4152,lm,0,41,0,1.704377,0.256454,0.437095
4154,human,0,91,0,1.273123,1.005207,1.279752
4154,lm,0,66,0,1.418823,0.749029,1.062740
4156,human,0,16,0,1.229930,1.513526,1.861531
4156,lm,0,58,0,2.144936,0.261440,0.560771
4158,human,0,28,0,1.182664,0.807340,0.954813
4158,lm,0,6,0,1.023597,4.315529,4.417363
4160,human,0,56,0,1.276247,0.865568,1.104679
4160,lm,0,38,0,1.374433,0.901693,1.239316
4161,human,0,128,0,1.269469,1.326614,1.684095
4161,human,1,128,0,1.240141,1.509615,1.872136
4161,human,2,128,0,1.242872,1.511677,1.878820
4161,human,3,7,0,1.022478,4.644520,4.748918
4161,lm,0,45,0,1.292372,1.232251,1.592527
4163,human,0,10,0,1.071325,1.898112,2.033494
4163,lm,0,128,0,1.666913,0.331320,0.552281
4163,lm,1,65,0,1.519056,0.525010,0.797519
4168,human,0,60,0,1.753220,0.576342,1.010454
4168,lm,0,26,0,1.751194,0.579058,1.014043
4169,human,0,21,0,1.108551,1.663428,1.843995
4169,lm,0,47,0,1.390526,0.585604,0.814297
417,human,0,128,0,1.508223,0.578693,0.872797
417,human,1,7,0,0.983263,5.983936,5.883785
417,lm,0,80,0,1.920320,0.271269,0.520922
4170,human,0,128,0,1.562213,0.596337,0.931605
4170,human,1,104,0,1.520164,0.575042,0.874158
4170,lm,0,27,0,1.392262,1.287968,1.793189
4172,human,0,128,0,1.428340,0.603224,0.861609
4172,human,1,10,0,1.060963,1.594377,1.691575
4172,lm,0,33,0,1.514028,0.320711,0.485566
4175,human,0,18,0,1.285071,0.874522,1.123823
4175,lm,0,12,0,1.600121,0.515743,0.825251
4176,human,0,39,0,1.307767,1.254221,1.640230
4176,lm,0,44,0,1.724647,0.654204,1.128271
4177,human,0,128,0,1.204596,1.298942,1.564700
4177,human,1,128,0,1.266326,0.798803,1.011546
4177,human,2,24,0,1.129401,1.876561,2.119389
4177,lm,0,9,0,1.054236,1.839696,1.939475
418,human,0,93,0,1.550548,0.569990,0.883797
418,lm,0,128,0,1.974672,0.384351,0.758968
418,lm,1,80,0,1.783980,0.570582,1.017907
4180,human,0,128,0,1.478284,0.670067,0.990549
4180,human,1,128,0,1.284000,0.935233,1.200838
4180,human,2,128,0,1.388090,0.740946,1.028500
4180,human,3,17,0,1.103322,3.423274,3.776973
4180,lm,0,62,0,1.581328,0.552324,0.873406
4181,human,0,126,0,2.017830,0.336063,0.678118
4181,lm,0,39,0,1.629228,0.528090,0.860378
4182,human,0,127,0,1.201286,0.792478,0.951993
4182,lm,0,128,0,1.731830,0.426592,0.738786
4182,lm,1,7,0,1.369275,0.983351,1.346478
4183,human,0,14,0,1.493596,0.688118,1.027771
4183,lm,0,8,0,1.203100,1.081748,1.301451
4184,human,0,128,0,1.294723,0.938052,1.214517
4184,human,1,35,0,1.293211,1.656017,2.141580
4184,lm,0,29,0,1.399450,0.891151,1.247122
4187,human,0,117,0,1.508149,0.644536,0.972056
4187,lm,0,35,0,1.511986,0.606664,0.917268
4188,human,0,62,0,1.382686,0.651812,0.901252
4188,lm,0,7,0,1.159872,1.345291,1.560365
4189,human,0,128,0,1.336055,1.060088,1.416336
4189,human,1,22,0,1.196975,1.891441,2.264007
4189,lm,0,128,0,1.840574,0.358440,0.659736
4189,lm,1,128,0,1.750468,0.368871,0.645697
4189,lm,2,128,0,1.837194,0.378998,0.696293
4189,lm,3,128,0,1.955448,0.293618,0.574156
4189,lm,4,44,0,1.413447,0.793948,1.122203
419,human,0,114,0,1.341664,0.735016,0.986144
419,lm,0,34,0,1.752077,0.631361,1.106194
4190,human,0,128,0,1.626303,0.699007,1.136797
4190,human,1,63,0,1.523498,0.875317,1.333544
4190,lm,0,10,0,1.648839,1.196873,1.973451
4191,human,0,99,0,1.648705,0.870711,1.435545
4191,lm,0,11,0,1.157800,1.735317,2.009149
4192,human,0,62,0,1.421234,0.560072,0.795994
4192,lm,0,26,0,1.439186,0.553630,0.796776
4195,human,0,73,0,1.363362,0.778262,1.061053
4195,lm,0,54,0,2.053539,0.468318,0.961709
4196,human,0,128,0,1.469443,0.670055,0.984607
4196,human,1,128,0,1.263954,1.040692,1.315387
4196,human,2,128,0,1.452574,0.612092,0.889110
4196,human,3,128,0,1.477163,0.791185,1.168709
4196,human,4,55,0,1.332175,0.967666,1.289100
4196,lm,0,10,0,1.317789,1.335977,1.760536
4197,human,0,53,0,1.418298,0.460822,0.653583
4197,lm,0,15,0,1.161248,1.109772,1.288721
4198,human,0,20,0,1.166078,1.654830,1.929661
4198,lm,0,15,0,1.216683,1.775478,2.160194
4200,human,0,128,0,1.507014,0.700267,1.055312
4200,human,1,74,0,1.306022,1.196234,1.562307
4200,lm,0,13,0,1.168135,1.584717,1.851164
4201,human,0,128,0,1.522778,0.701691,1.068519
4201,lm,0,78,0,1.546981,0.681740,1.054639
4203,human,0,128,0,1.394355,0.792848,1.105511
4203,human,1,66,0,1.148640,1.524945,1.751612
4203,lm,0,59,0,1.257273,1.144968,1.439538
4204,human,0,128,0,1.327879,0.904571,1.201161
4204,human,1,114,0,1.640185,0.592018,0.971019
4204,lm,0,128,0,1.830958,0.429716,0.786792
4204,lm,1,126,0,1.858229,0.543905,1.010700
4206,human,0,91,0,1.257517,1.285110,1.616048
4206,lm,0,39,0,1.430370,0.512028,0.732390
4207,human,0,39,0,1.535947,0.570528,0.876300
4207,lm,0,39,0,1.525944,0.570528,0.870593
4208,human,0,78,0,1.712949,0.468189,0.801983
4208,lm,0,128,0,2.092101,0.296391,0.620079
4208,lm,1,128,0,1.619636,0.590595,0.956549
4208,lm,2,77,0,1.513956,0.437929,0.663005
4209,human,0,31,0,1.340984,0.682938,0.915809
4209,lm,0,128,0,2.070745,0.192708,0.399049
4209,lm,1,128,0,2.492617,0.123680,0.308286
4209,lm,2,8,0,1.215133,2.209415,2.684732
4210,human,0,128,0,1.249833,0.959142,1.198767
4210,human,1,128,0,1.423878,0.861473,1.226632
4210,human,2,16,0,0.952266,6.186209,5.890919
4210,lm,0,19,0,1.368117,0.824596,1.128144
4212,human,0,128,0,1.615313,0.589869,0.952823
4212,human,1,43,0,1.342832,0.867852,1.165379
4212,lm,0,10,0,1.097060,1.694622,1.859102
4213,human,0,36,0,1.122112,1.501122,1.684427
4213,lm,0,128,0,1.423053,0.183692,0.261403
4213,lm,1,18,0,1.284555,0.283943,0.364740
4214,human,0,128,0,1.143221,1.704599,1.948733
4214,human,1,119,0,1.516065,0.743547,1.127266
4214,lm,0,26,0,1.421894,0.996967,1.417582
4215,human,0,22,0,1.322410,0.795524,1.052008
4215,lm,0,13,0,1.212525,1.594946,1.933912
4216,human,0,86,0,1.697857,0.373830,0.634710
4216,lm,0,13,0,1.167504,0.909680,1.062056
4217,human,0,21,0,1.342141,0.700938,0.940757
4217,lm,0,21,0,1.433940,0.754079,1.081304
4218,human,0,22,0,1.196551,1.044164,1.249396
4218,lm,0,31,0,1.667651,0.554651,0.924965
422,human,0,22,0,1.431626,0.676423,0.968385
422,lm,0,4,0,1.023660,2.487437,2.546289
4221,human,0,75,0,1.594184,0.406922,0.648708
4221,lm,0,128,0,2.329377,0.096461,0.224695
4221,lm,1,128,0,2.029350,0.104843,0.212764
4221,lm,2,23,0,1.334680,0.542239,0.723715
4223,human,0,50,0,1.238669,0.870005,1.077648
4223,lm,0,10,0,1.081738,1.754178,1.897560
4224,human,0,70,0,1.434228,0.555395,0.796563
4224,lm,0,31,0,1.356217,0.616460,0.836053
4226,human,0,75,0,1.269988,1.013939,1.287690
4226,lm,0,21,0,1.255106,1.723438,2.163097
4227,human,0,128,0,1.460774,0.515674,0.753283
4227,human,1,53,0,1.322777,0.753013,0.996068
4227,lm,0,46,0,1.759175,0.588275,1.034879
423,human,0,18,0,1.136597,1.509626,1.715837
423,lm,0,17,0,1.156287,1.094114,1.265110
4233,human,0,90,0,1.296279,1.047099,1.357333
4233,lm,0,32,0,1.300895,0.934108,1.215176
4237,human,0,128,0,1.441858,0.764524,1.102335
4237,human,1,60,0,1.340191,1.284070,1.720899
4237,lm,0,69,0,1.485500,0.791795,1.176211
4239,human,0,34,0,1.291360,1.265387,1.634071
4239,lm,0,75,0,1.635742,0.605612,0.990625
424,human,0,84,0,1.359193,0.525185,0.713828
424,lm,0,45,0,1.730309,0.399016,0.690422
4240,human,0,128,0,1.706062,0.287411,0.490340
4240,human,1,117,0,1.780424,0.360800,0.642378
4240,lm,0,46,0,1.389129,1.005191,1.396340
4244,human,0,58,0,1.461123,0.719136,1.050746
4244,lm,0,17,0,1.164432,1.022261,1.190354
4246,human,0,128,0,2.064647,0.242399,0.500469
4246,human,1,31,0,1.219962,0.669150,0.816338
4246,lm,0,16,0,1.250542,1.279925,1.600600
4247,human,0,59,0,1.482819,0.525472,0.779179
4247,lm,0,47,0,1.600259,0.432330,0.691839
4248,human,0,25,0,1.240853,1.496693,1.857175
4248,lm,0,12,0,1.150982,1.951206,2.245802
4250,human,0,72,0,1.306327,0.642700,0.839577
4250,lm,0,11,0,1.084935,1.621989,1.759752
4251,human,0,101,0,1.295007,0.868938,1.125280
4251,lm,0,109,0,1.948790,0.321214,0.625979
4253,human,0,58,0,1.292204,1.041348,1.345635
4253,lm,0,21,0,1.354036,1.122219,1.519525
4254,human,0,128,0,1.266800,1.015224,1.286086
4254,human,1,50,0,1.269547,0.912130,1.157991
4254,lm,0,43,0,1.564105,0.714571,1.117664
4256,human,0,22,0,1.324102,0.564583,0.747566
4256,lm,0,11,0,1.215133,1.119395,1.360214
4257,human,0,109,0,1.437998,0.395245,0.568362
4257,lm,0,46,0,1.391744,0.543026,0.755753
4258,human,0,128,0,1.177869,1.637691,1.928985
4258,human,1,109,0,1.315292,0.970281,1.276203
4258,lm,0,10,0,1.063945,1.911498,2.033729
4259,human,0,80,0,1.300309,0.743250,0.966455
4259,lm,0,90,0,1.563985,0.655018,1.024439
426,human,0,128,0,1.336056,1.283006,1.714168
426,human,1,128,0,1.257420,1.493132,1.877494
426,human,2,128,0,1.252017,0.983703,1.231613
426,human,3,128,0,1.172462,1.822425,2.136725
426,human,4,128,0,1.271582,0.803136,1.021253
426,human,5,103,0,1.392820,1.023690,1.425815
426,lm,0,128,0,2.197521,0.318462,0.699826
426,lm,1,110,0,1.591714,0.485641,0.773002
4260,human,0,118,0,1.450745,0.741336,1.075490
4260,lm,0,103,0,1.822862,0.417785,0.761565
4262,human,0,32,0,1.283761,0.915102,1.174772
4262,lm,0,26,0,1.271707,0.943455,1.199798
4263,human,0,128,0,1.166257,0.876042,1.021690
4263,human,1,9,0,1.022929,1.803559,1.844913
4263,lm,0,77,0,1.107889,1.514348,1.677729
4264,human,0,67,0,1.337094,0.862049,1.152641
4264,lm,0,73,0,1.556843,0.481091,0.748983
4265,human,0,128,0,1.327357,0.882103,1.170866
4265,human,1,95,0,1.311365,0.841128,1.103025
4265,lm,0,61,0,1.490444,0.815495,1.215450
4267,human,0,128,0,1.447736,0.540953,0.783156
4267,human,1,6,0,1.539623,1.061935,1.634980
4267,lm,0,89,0,2.230258,0.265106,0.591255
4268,human,0,90,0,1.285618,1.023833,1.316259
4268,lm,0,37,0,1.354559,1.351048,1.830074
4270,human,0,25,0,1.407656,0.706910,0.995086
4270,lm,0,11,0,1.222789,1.087461,1.329736
4271,human,0,66,0,1.469131,0.720032,1.057822
4271,lm,0,11,0,1.232164,1.181915,1.456314
4272,human,0,13,0,1.114120,1.541389,1.717292
4272,lm,0,52,0,1.573490,0.629388,0.990336
4273,human,0,59,0,1.394758,0.638857,0.891050
4273,lm,0,93,0,1.728010,0.634925,1.097158
4275,human,0,114,0,1.355807,0.618066,0.837978
4275,lm,0,10,0,1.289355,1.235223,1.592641
4276,human,0,98,0,1.406794,0.676060,0.951076
4276,lm,0,44,0,1.051916,1.907163,2.006175
4277,human,0,28,0,1.174674,1.087961,1.278000
4277,lm,0,6,0,1.075835,1.152355,1.239744
4278,human,0,77,0,1.406959,0.822990,1.157914
4278,lm,0,57,0,1.878054,0.423044,0.794500
428,human,0,40,0,1.240840,1.244158,1.543801
428,lm,0,69,0,1.625833,0.621938,1.011168
4281,human,0,116,0,1.362650,0.712838,0.971349
4281,lm,0,46,0,1.639759,0.800501,1.312629
4282,human,0,6,0,1.153675,0.841221,0.970496
4282,lm,0,4,0,1.219366,1.144080,1.395052
4283,human,0,80,0,1.364171,0.764894,1.043447
4283,lm,0,66,0,1.562849,0.703303,1.099157
4287,human,0,97,0,1.230453,0.829855,1.021097
4287,lm,0,23,0,1.385598,0.539027,0.746875
4289,human,0,14,0,1.127538,1.399409,1.577887
4289,lm,0,43,0,1.464825,0.643534,0.942664
429,human,0,128,0,1.402838,0.828857,1.162752
429,human,1,77,0,1.369258,0.876322,1.199911
429,lm,0,128,0,1.832863,0.334617,0.613306
429,lm,1,36,0,1.329985,1.350710,1.796425
4290,human,0,128,0,1.400157,0.868870,1.216554
4290,human,1,128,0,1.356031,0.753213,1.021380
4290,human,2,56,0,1.285012,1.129514,1.451439
4290,lm,0,128,0,1.757427,0.378602,0.665365
4290,lm,1,93,0,1.636936,0.571621,0.935707
4291,human,0,49,0,1.271044,0.842628,1.071017
4291,lm,0,10,0,1.193716,1.743324,2.081034
4292,human,0,128,0,1.548049,0.765529,1.185076
4292,human,1,128,0,1.451405,0.888765,1.289957
4292,human,2,6,0,1.146161,1.412114,1.618510
4292,lm,0,38,0,1.452597,0.840493,1.220897
4293,human,0,71,0,1.487576,0.519235,0.772401
4293,lm,0,40,0,1.745821,0.329290,0.574881
4294,human,0,18,0,1.149356,1.358615,1.561533
4294,lm,0,7,0,1.085871,1.970577,2.139793
4295,human,0,87,0,1.513446,0.654735,0.990906
4295,lm,0,128,0,1.892465,0.389404,0.736933
4295,lm,1,14,0,1.235420,1.558253,1.925097
4296,human,0,99,0,1.881719,0.435186,0.818897
4296,lm,0,10,0,1.378760,0.742411,1.023607
4298,human,0,52,0,1.366281,0.691627,0.944957
4298,lm,0,69,0,1.747560,0.453368,0.792287
4304,human,0,43,0,1.408979,0.708444,0.998183
4304,lm,0,59,0,2.171217,0.301981,0.655667
4305,human,0,128,0,1.368968,0.719439,0.984890
4305,human,1,79,0,1.268845,1.024426,1.299837
4305,lm,0,128,0,2.112541,0.175335,0.370402
4305,lm,1,53,0,1.696590,0.558831,0.948108
4306,human,0,112,0,1.270919,1.004888,1.277131
4306,lm,0,128,0,1.536512,0.504977,0.775903
4306,lm,1,128,0,1.665023,0.530903,0.883966
4306,lm,2,56,0,1.403863,0.771146,1.082583
4308,human,0,38,0,1.118228,2.029207,2.269117
4308,lm,0,7,0,1.084582,2.739870,2.971615
4309,human,0,128,0,1.110276,1.420340,1.576970
4309,human,1,128,0,1.154252,1.047218,1.208753
4309,human,2,128,0,1.180656,1.170179,1.381579
4309,human,3,128,0,1.168856,1.188126,1.388748
4309,human,4,3,0,0.887849,9.212139,8.178989
4309,lm,0,11,0,1.160420,2.213344,2.568408
431,human,0,128,0,1.389854,0.645977,0.897814
431,human,1,35,0,1.157062,1.207140,1.396735
431,lm,0,41,0,1.390620,1.034869,1.439110
4310,human,0,45,0,1.611971,0.620388,1.000047
4310,lm,0,72,0,3.644005,0.057091,0.208039
4311,human,0,128,0,1.269263,0.803885,1.020341
4311,human,1,128,0,1.235567,0.854860,1.056237
4311,human,2,128,0,1.273425,0.979412,1.247207
4311,human,3,8,0,1.048414,2.210254,2.317261
4311,lm,0,128,0,1.612555,0.408566,0.658836
4311,lm,1,75,0,1.480478,0.732322,1.084186
4312,human,0,128,0,1.342737,1.075546,1.444176
4312,human,1,41,0,1.026303,1.006012,1.032473
4312,lm,0,128,0,1.766984,0.318443,0.562683
4312,lm,1,77,0,1.721031,0.529447,0.911195
4314,human,0,82,0,1.341543,0.895274,1.201049
4314,lm,0,128,0,1.624956,0.405767,0.659354
4314,lm,1,20,0,1.339161,1.121089,1.501319
4315,human,0,128,0,1.282898,1.089806,1.398109
4315,human,1,100,0,1.326935,0.855342,1.134983
4315,lm,0,26,0,1.545857,0.621615,0.960927
4316,human,0,13,0,1.057197,1.448431,1.531277
4316,lm,0,20,0,1.141016,1.098884,1.253844
4317,human,0,33,0,1.249589,1.479742,1.849069
4317,lm,0,10,0,1.070510,2.390662,2.559228
4318,human,0,39,0,1.309664,0.803651,1.052513
4318,lm,0,17,0,1.450800,0.484206,0.702487
4319,human,0,13,0,1.137788,1.282575,1.459299
4319,lm,0,36,0,1.333778,1.162924,1.551082
432,human,0,89,0,1.162174,1.276365,1.483358
432,lm,0,87,0,1.436910,0.538867,0.774303
4321,human,0,88,0,1.199610,1.018720,1.222067
4321,lm,0,17,0,1.203881,0.731887,0.881104
4322,human,0,33,0,1.136671,1.676647,1.905797
4322,lm,0,74,0,1.555840,0.707302,1.100448
4323,human,0,65,0,1.393933,0.890047,1.240666
4323,lm,0,10,0,1.118885,1.693394,1.894714
4326,human,0,53,0,1.276618,1.307847,1.669621
4326,lm,0,128,0,2.482037,0.181211,0.449773
4326,lm,1,128,0,2.149639,0.246267,0.529385
4326,lm,2,128,0,1.767254,0.351218,0.620691
4326,lm,3,17,0,1.290414,1.215377,1.568340
4327,human,0,128,0,1.505489,0.585329,0.881207
4327,human,1,128,0,1.349166,0.883410,1.191866
4327,human,2,128,0,1.400046,0.975499,1.365743
4327,human,3,128,0,1.450963,0.509846,0.739768
4327,human,4,128,0,1.356417,0.616443,0.836154
4327,human,5,128,0,1.331706,0.692273,0.921904
4327,human,6,53,0,1.398490,0.848899,1.187177
4327,lm,0,128,0,2.129156,0.445208,0.947917
4327,lm,1,128,0,2.376739,0.282813,0.672173
4327,lm,2,128,0,1.882266,0.462120,0.869832
4327,lm,3,3,0,0.973353,4.521789,4.401298
4329,human,0,128,0,1.433369,0.536274,0.768679
4329,human,1,84,0,1.107660,1.448256,1.604175
4329,lm,0,72,0,1.457937,0.598948,0.873229
4330,human,0,128,0,1.345671,0.899360,1.210243
4330,human,1,128,0,1.359007,0.860702,1.169700
4330,human,2,7,0,1.044656,2.106477,2.200545
4330,lm,0,63,0,1.529189,0.413900,0.632932
4333,human,0,128,0,1.385529,0.911920,1.263491
4333,human,1,49,0,1.686331,1.064449,1.795013
4333,lm,0,12,0,1.111792,3.364896,3.741064
4334,human,0,44,0,1.578273,0.795858,1.256081
4334,lm,0,124,0,1.641784,0.443737,0.728521
4335,human,0,28,0,1.255325,1.066895,1.339301
4335,lm,0,52,0,1.842144,0.226597,0.417424
4337,human,0,128,0,1.301545,0.963355,1.253850
4337,lm,0,29,0,1.589896,0.419005,0.666175
4339,human,0,55,0,1.549316,0.647109,1.002576
4339,lm,0,18,0,1.317807,1.123104,1.480034
4340,human,0,128,0,1.346287,0.429907,0.578778
4340,human,1,23,0,1.207691,1.268515,1.531974
4340,lm,0,23,0,1.207802,0.831667,1.004489
4342,human,0,128,0,1.466313,0.518837,0.760777
4342,human,1,74,0,1.323470,0.466224,0.617034
4342,lm,0,128,0,1.727079,0.312027,0.538895
4342,lm,1,128,0,2.147742,0.233404,0.501291
4342,lm,2,79,0,1.907761,0.359618,0.686065
4343,human,0,117,0,1.369980,0.899381,1.232134
4343,lm,0,66,0,1.631190,0.761124,1.241538
4346,human,0,128,0,1.267934,1.065422,1.350886
4346,human,1,66,0,1.272832,1.387841,1.766488
4346,lm,0,9,0,0.982523,5.874931,5.772254
4347,human,0,74,0,1.354237,0.905748,1.226598
4347,lm,0,12,0,1.188429,0.730753,0.868448
4349,human,0,110,0,1.412484,0.759415,1.072662
4349,lm,0,56,0,1.606334,0.522833,0.839844
4351,human,0,75,0,1.402110,1.013201,1.420620
4351,lm,0,33,0,1.384677,0.755712,1.046417
4352,human,0,25,0,1.151108,1.096245,1.261897
4352,lm,0,7,0,1.126688,1.537121,1.731856
4354,human,0,44,0,1.341902,1.155432,1.550477
4354,lm,0,11,0,1.199069,1.126865,1.351188
4355,human,0,71,0,1.472187,0.696462,1.025321
4355,lm,0,10,0,1.143150,1.406567,1.607917
4357,human,0,128,0,1.360742,0.782150,1.064305
4357,human,1,5,0,1.016011,3.621463,3.679446
4357,lm,0,73,0,1.425227,0.582054,0.829559
4358,human,0,103,0,1.260293,1.079957,1.361062
4358,lm,0,9,0,0.979051,5.874931,5.751859
4359,human,0,128,0,1.293673,0.757067,0.979397
4359,human,1,65,0,1.277444,0.454423,0.580499
4359,lm,0,128,0,1.450901,0.630530,0.914836
4359,lm,1,128,0,1.403534,0.713928,1.002022
4359,lm,2,128,0,1.397129,0.828699,1.157800
4359,lm,3,128,0,1.419733,0.763628,1.084148
4359,lm,4,128,0,1.288733,1.009814,1.301380
4359,lm,5,128,0,1.223524,1.293042,1.582068
4359,lm,6,63,0,1.234084,2.052219,2.532611
4360,human,0,12,0,1.127406,1.704398,1.921548
4360,lm,0,6,0,1.088415,1.688583,1.837879
4361,human,0,20,0,1.086938,2.005263,2.179596
4361,lm,0,128,0,2.211468,0.234028,0.517545
4361,lm,1,128,0,2.013299,0.148502,0.298978
4361,lm,2,75,0,1.454258,0.224022,0.325786
4364,human,0,25,0,1.460965,0.923918,1.349813
4364,lm,0,35,0,1.566689,0.877128,1.374186
4365,human,0,82,0,1.253924,0.693634,0.869764
4365,lm,0,9,0,1.021526,2.368540,2.419524
4366,human,0,128,0,1.250616,0.851285,1.064631
4366,human,1,73,0,1.611173,0.292134,0.470678
4368,human,0,63,0,1.413872,0.687940,0.972659
4368,lm,0,47,0,1.595934,0.469160,0.748749
437,human,0,72,0,1.698087,0.425608,0.722720
437,lm,0,128,0,1.912603,0.318930,0.609986
437,lm,1,24,0,1.201860,1.411265,1.696142
4371,human,0,69,0,1.596412,0.575366,0.918521
4371,lm,0,39,0,1.441135,0.909833,1.311192
4372,human,0,64,0,1.339411,0.733849,0.982926
4372,lm,0,21,0,1.421702,0.698482,0.993033
4373,human,0,45,0,1.304087,0.906081,1.181608
4373,lm,0,22,0,1.274638,1.008373,1.285311
4374,human,0,128,0,1.362268,0.546031,0.743840
4374,human,1,67,0,1.110832,1.628407,1.808886
4374,lm,0,89,0,1.708829,0.305077,0.521324
4375,human,0,128,0,1.445681,0.528378,0.763866
4375,human,1,128,0,1.337798,1.248303,1.669977
4375,human,2,35,0,1.863107,1.001967,1.866771
4375,lm,0,128,0,2.000636,0.433407,0.867089
4375,lm,1,128,0,1.614999,0.709510,1.145858
4375,lm,2,73,0,1.574114,1.229676,1.935649
4376,human,0,128,0,1.515984,0.456413,0.691915
4376,human,1,55,0,1.220806,1.063377,1.298176
4376,lm,0,83,0,1.284708,0.708060,0.909650
4378,human,0,46,0,1.260165,1.464653,1.845706
4378,lm,0,29,0,1.375606,0.515781,0.709512
4379,human,0,116,0,1.306019,0.718155,0.937924
4379,lm,0,56,0,1.289622,0.840786,1.084295
438,human,0,47,0,1.258865,0.836282,1.052767
438,lm,0,128,0,1.867205,0.121488,0.226844
438,lm,1,33,0,1.377042,0.172803,0.237957
4381,human,0,128,0,1.246560,1.206315,1.503745
4381,human,1,121,0,1.347589,1.033072,1.392157
4381,lm,0,11,0,1.099103,1.594147,1.752132
4383,human,0,105,0,1.685154,0.388746,0.655097
4383,lm,0,98,0,1.534048,0.394799,0.605641
4384,human,0,128,0,1.587725,0.594272,0.943541
4384,human,1,128,0,1.693793,0.497047,0.841895
4384,human,2,24,0,1.078516,1.134948,1.224059
4384,lm,0,8,0,1.092868,2.049956,2.240332
4385,human,0,128,0,1.137945,1.038368,1.181605
4385,human,1,128,0,1.071134,1.399640,1.499202
4385,human,2,56,0,1.110258,2.000141,2.220673
4386,human,0,84,0,1.521935,0.730108,1.111177
4386,lm,0,41,0,1.493464,0.760555,1.135861
4391,human,0,21,0,1.050622,1.446029,1.519230
4391,lm,0,20,0,1.087344,1.143899,1.243812
4392,human,0,81,0,1.541347,0.790215,1.217995
4392,lm,0,41,0,1.512514,0.883829,1.336804
4394,human,0,79,0,1.328864,0.741206,0.984962
4394,lm,0,55,0,1.700663,0.408166,0.694153
4396,human,0,128,0,1.281345,0.822675,1.054130
4396,human,1,72,0,1.226698,0.975578,1.196739
4396,lm,0,21,0,1.308383,0.742979,0.972102
4397,human,0,128,0,1.463243,0.503220,0.736333
4397,human,1,95,0,1.308209,0.862622,1.128490
4397,lm,0,45,0,1.444203,0.428685,0.619108
4399,human,0,128,0,1.285052,0.763933,0.981694
4399,human,1,58,0,1.324741,0.879286,1.164826
4399,lm,0,37,0,1.259940,1.114557,1.404275
44,human,0,128,0,1.626325,0.450192,0.732158
44,human,1,118,0,1.169932,1.121415,1.311979
44,lm,0,78,0,1.779270,0.352282,0.626805
4401,human,0,45,0,1.562528,0.680033,1.062571
4401,lm,0,12,0,1.219520,1.303602,1.589768
4403,human,0,128,0,1.307319,1.346645,1.760494
4403,human,1,102,0,1.175876,1.441040,1.694483
4403,lm,0,113,0,1.394061,0.584339,0.814605
4404,human,0,128,0,1.332309,0.771323,1.027641
4404,human,1,128,0,1.263955,0.825489,1.043380
4404,human,2,128,0,1.308349,0.886618,1.160006
4404,human,3,128,0,1.311729,0.965805,1.266874
4404,human,4,128,0,1.305637,1.158364,1.512403
4404,human,5,128,0,1.241388,1.737171,2.156503
4404,human,6,128,0,1.724941,0.697414,1.202999
4404,human,7,128,0,1.532263,0.750487,1.149943
4404,human,8,128,0,1.374032,0.874621,1.201757
4404,human,9,42,0,1.166957,1.716810,2.003443
4404,lm,0,101,0,1.784065,0.422745,0.754205
4406,human,0,128,0,1.166200,1.311382,1.529334
4406,human,1,128,0,1.210728,1.066958,1.291796
4406,human,2,117,0,1.258888,0.859705,1.082273
4406,lm,0,97,0,1.428886,0.627718,0.896938
4408,human,0,128,0,1.160397,1.230670,1.428067
4408,human,1,114,0,1.217278,1.265538,1.540511
4408,lm,0,128,0,2.150255,0.186283,0.400555
4408,lm,1,128,0,2.485269,0.151139,0.375621
4408,lm,2,128,0,2.505479,0.151139,0.378676
4408,lm,3,128,0,2.512115,0.151139,0.379679
4408,lm,4,73,0,1.990525,0.246367,0.490400
4409,human,0,23,0,1.116280,1.721466,1.921638
4409,lm,0,87,0,1.899721,0.460152,0.874159
4410,human,0,128,0,1.368729,0.639308,0.875040
4410,human,1,62,0,1.401241,0.663116,0.929186
4410,lm,0,128,0,1.915728,0.251995,0.482753
4410,lm,1,30,0,1.161271,1.205608,1.400038
4411,human,0,43,0,1.262578,0.991414,1.251737
4411,lm,0,15,0,1.314993,0.903095,1.187563
4412,human,0,81,0,1.240048,1.022941,1.268496
4412,lm,0,24,0,1.328545,1.048229,1.392619
4413,human,0,128,0,1.099695,1.667001,1.833193
4413,human,1,32,0,1.236937,1.443117,1.785044
4413,lm,0,42,0,1.224622,0.786594,0.963280
4414,human,0,60,0,1.670807,0.683997,1.142826
4414,lm,0,42,0,1.576984,0.641161,1.011100
4415,human,0,21,0,1.166720,1.199713,1.399729
4415,lm,0,25,0,1.295100,0.846399,1.096172
4416,human,0,128,0,1.264404,0.919551,1.162684
4416,human,1,128,0,1.259033,0.903029,1.136944
4416,human,2,128,0,1.233779,1.487020,1.834655
4416,human,3,128,0,1.225526,1.199011,1.469420
4416,human,4,128,0,1.269222,0.846366,1.074227
4416,human,5,128,0,1.188784,1.223404,1.454363
4416,human,6,128,0,1.214927,1.435767,1.744352
4416,human,7,128,0,1.517196,0.856910,1.300101
4416,human,8,128,0,1.299314,1.241073,1.612544
4416,human,9,128,0,1.162498,1.671416,1.943018
4416,human,10,69,0,1.218479,1.786219,2.176470
4416,lm,0,82,0,1.465297,0.563206,0.825264
4417,human,0,89,0,1.378532,0.825236,1.137615
4417,lm,0,47,0,1.364526,0.924921,1.262079
4418,human,0,128,0,1.494762,0.764558,1.142832
4418,human,1,7,0,1.181922,2.644134,3.125159
4418,lm,0,15,0,1.389849,0.777583,1.080724
4419,human,0,20,0,1.142817,1.283571,1.466887
4419,lm,0,89,0,2.113433,0.067141,0.141899
4420,human,0,14,0,1.091953,1.507526,1.646148
4420,lm,0,12,0,1.281528,0.893995,1.145680
4421,human,0,53,0,1.203644,1.174407,1.413568
4422,human,0,14,0,1.160311,1.077047,1.249709
4422,lm,0,10,0,1.203630,0.990973,1.192765
4423,human,0,34,0,1.238147,0.839895,1.039913
4423,lm,0,46,0,1.371229,0.748301,1.026091
4427,human,0,35,0,1.341126,1.031107,1.382845
4427,lm,0,31,0,1.408107,1.017980,1.433426
4428,human,0,128,0,1.409744,0.709946,1.000841
4428,human,1,128,0,1.341670,0.686003,0.920389
4428,human,2,114,0,1.384115,0.764140,1.057657
4428,lm,0,128,0,1.449806,0.571629,0.828752
4428,lm,1,4,0,0.987373,4.444748,4.388624
4430,human,0,128,0,1.425321,0.731216,1.042218
4430,human,1,20,0,1.281226,2.345298,3.004855
4430,lm,0,128,0,1.904650,0.602885,1.148285
4430,lm,1,21,0,1.161160,3.615439,4.198101
4431,human,0,128,0,1.652124,0.500351,0.826642
4431,human,1,96,0,1.562412,0.584028,0.912493
4431,lm,0,83,0,1.425494,1.000898,1.426774
4432,human,0,128,0,1.376491,0.646510,0.889915
4432,human,1,25,0,1.187168,2.027255,2.406692
4432,lm,0,128,0,1.845754,0.343132,0.633336
4432,lm,1,128,0,1.716818,0.419281,0.719829
4432,lm,2,128,0,1.871918,0.345773,0.647258
4432,lm,3,128,0,1.878893,0.344277,0.646859
4432,lm,4,128,0,2.534991,0.225675,0.572084
4432,lm,5,34,0,1.401278,1.254321,1.757653
4433,human,0,128,0,1.225789,1.163186,1.425820
4433,human,1,128,0,1.245218,0.960302,1.195785
4433,human,2,48,0,1.206129,1.210861,1.460455
4433,lm,0,128,0,1.418703,0.544285,0.772179
4433,lm,1,74,0,1.523431,0.426813,0.650221
4434,human,0,98,0,1.246041,0.988305,1.231469
4434,lm,0,118,0,1.574848,0.579694,0.912929
4435,human,0,66,0,1.255185,0.822285,1.032120
4435,lm,0,84,0,1.341504,0.683272,0.916612
4436,human,0,20,0,1.288367,0.974416,1.255406
4436,lm,0,55,0,1.649308,0.360156,0.594008
4437,human,0,128,0,1.275193,1.204669,1.536185
4437,human,1,18,0,1.197796,1.854884,2.221773
4437,lm,0,119,0,3.113916,0.170685,0.531498
4438,human,0,125,0,1.400628,0.710235,0.994776
4438,lm,0,58,0,1.598665,0.621173,0.993048
444,human,0,128,0,1.316406,0.614327,0.808703
444,human,1,68,0,1.383102,0.456474,0.631350
444,lm,0,9,0,1.035513,2.625423,2.718659
4440,human,0,128,0,1.363697,0.494621,0.674513
4440,human,1,128,0,1.341852,0.528227,0.708802
4440,human,2,48,0,1.154754,0.948403,1.095172
4440,lm,0,128,0,2.573638,0.261090,0.671951
4440,lm,1,128,0,1.874962,0.417988,0.783712
4440,lm,2,128,0,2.410683,0.256169,0.617542
4440,lm,3,128,0,2.960918,0.203282,0.601900
4440,lm,4,128,0,2.416077,0.264515,0.639089
4440,lm,5,106,0,2.161814,0.331789,0.717266
4442,human,0,128,0,1.198686,1.080630,1.295335
4442,human,1,128,0,1.228215,0.673819,0.827595
4442,human,2,128,0,1.288544,0.788132,1.015543
4442,human,3,128,0,1.176052,0.977557,1.149658
4442,human,4,128,0,1.480787,0.711781,1.053997
4442,human,5,128,0,1.533788,0.727721,1.116171
4442,human,6,128,0,1.229697,1.222084,1.502793
4442,human,7,95,0,1.634559,0.914813,1.495316
4442,lm,0,123,0,1.405234,0.711877,1.000353
4445,human,0,128,0,1.432474,0.529105,0.757929
4445,human,1,118,0,1.379730,0.656434,0.905702
4445,lm,0,128,0,1.804401,0.449569,0.811204
4445,lm,1,38,0,1.342888,1.288206,1.729916
4447,human,0,128,0,1.275004,0.929265,1.184817
4447,human,1,59,0,1.219630,1.358411,1.656759
4447,lm,0,52,0,1.526449,0.928736,1.417668
4448,human,0,128,0,1.400726,0.288225,0.403724
4448,human,1,128,0,1.432893,0.333841,0.478358
4448,human,2,128,0,1.227622,0.469978,0.576955
4448,human,3,128,0,1.211578,1.151704,1.395380
4448,human,4,46,0,2.478208,0.304470,0.754540
4448,lm,0,10,0,1.183128,0.518671,0.613654
4449,human,0,128,0,1.773777,0.604646,1.072507
4449,human,1,82,0,1.471331,0.858325,1.262881
4449,lm,0,106,0,1.634507,0.595098,0.972692
4451,human,0,128,0,1.248907,0.924150,1.154177
4451,human,1,27,0,1.259233,0.884486,1.113773
4451,lm,0,10,0,1.408797,0.961915,1.355142
4452,human,0,128,0,1.532672,0.615168,0.942850
4452,human,1,128,0,1.342155,0.876195,1.175989
4452,human,2,17,0,1.116990,1.925542,2.150812
4452,lm,0,70,0,1.572479,0.590030,0.927810
4456,human,0,99,0,1.186539,1.174524,1.393619
4456,lm,0,10,0,1.050597,2.666544,2.801463
4457,human,0,107,0,1.312893,0.787929,1.034466
4457,lm,0,97,0,1.750529,0.451330,0.790067
4459,human,0,98,0,1.442120,0.534272,0.770485
4459,lm,0,102,0,1.399339,0.603228,0.844120
446,human,0,94,0,1.334564,0.719334,0.959997
446,lm,0,6,0,1.122589,3.151309,3.537626
4460,human,0,104,0,1.407042,0.657930,0.925735
4460,lm,0,86,0,2.181139,0.262165,0.571819
4461,human,0,128,0,1.176863,1.241941,1.461594
4461,human,1,3,0,1.043646,2.480617,2.588887
4461,lm,0,11,0,1.038998,2.397233,2.490720
4462,human,0,50,0,1.236216,1.094169,1.352630
4462,lm,0,11,0,1.174986,1.426212,1.675779
4463,human,0,128,0,1.317131,0.687244,0.905190
4463,human,1,128,0,1.376585,0.663863,0.913864
4463,human,2,128,0,1.240880,0.840684,1.043188
4463,human,3,82,0,1.277540,0.990120,1.264918
4463,lm,0,85,0,1.702516,0.461189,0.785181
4465,human,0,128,0,1.266300,1.162576,1.472169
4465,human,1,62,0,1.320196,0.821143,1.084070
4465,lm,0,78,0,1.481428,0.616852,0.913822
4467,human,0,128,0,1.268529,0.660532,0.837904
4467,human,1,128,0,1.432403,0.572499,0.820049
4467,lm,0,128,0,2.081275,0.287532,0.598434
4467,lm,1,128,0,1.783358,0.331269,0.590772
4467,lm,2,128,0,1.824838,0.306602,0.559499
4467,lm,3,128,0,1.799316,0.335738,0.604099
4467,lm,4,51,0,1.468917,0.707434,1.039162
4470,human,0,128,0,1.375820,0.633927,0.872169
4470,human,1,23,0,1.068463,2.310477,2.468660
4470,lm,0,6,0,1.090497,1.698160,1.851839
4471,human,0,128,0,1.461994,0.602344,0.880623
4471,human,1,59,0,1.222324,1.552841,1.898074
4471,lm,0,38,0,1.389770,0.905161,1.257966
4473,human,0,80,0,1.493352,0.881701,1.316691
4473,lm,0,10,0,1.138230,1.935995,2.203608
4475,human,0,65,0,1.224469,1.021734,1.251082
4475,lm,0,9,0,1.087898,1.975807,2.149476
4477,human,0,128,0,1.401673,0.698775,0.979455
4477,human,1,38,0,1.382393,0.730090,1.009272
4477,lm,0,79,0,1.943380,0.324504,0.630634
4479,human,0,128,0,1.298688,0.853112,1.107926
4479,human,1,128,0,1.392584,0.693571,0.965856
4479,human,2,67,0,1.202071,1.278053,1.536310
4479,lm,0,128,0,1.804969,0.265447,0.479124
4479,lm,1,128,0,1.708037,0.295465,0.504665
4479,lm,2,42,0,1.484194,0.420959,0.624785
4480,human,0,58,0,1.253652,0.886442,1.111290
4480,lm,0,22,0,1.235705,1.119056,1.382824
4482,human,0,128,0,1.146138,1.509196,1.729747
4482,human,1,44,0,1.214537,1.609055,1.954256
4482,lm,0,67,0,1.278515,0.879430,1.124364
4483,human,0,20,0,1.291169,0.867107,1.119581
4483,lm,0,58,0,1.712819,0.359743,0.616174
4484,human,0,97,0,1.392360,0.809412,1.126993
4484,lm,0,44,0,1.529246,0.651387,0.996131
4485,human,0,128,0,1.503535,0.392905,0.590747
4485,human,1,99,0,1.393303,0.886034,1.234514
4485,lm,0,25,0,1.365863,1.043330,1.425046
4486,human,0,128,0,1.384830,0.791975,1.096751
4486,human,1,105,0,1.319594,0.744895,0.982959
4486,lm,0,51,0,1.466767,0.779216,1.142928
4488,human,0,128,0,1.741649,0.395201,0.688301
4488,human,1,34,0,1.546834,1.499079,2.318825
4488,lm,0,75,0,1.625798,0.316067,0.513861
4489,human,0,128,0,1.433534,0.718249,1.029635
4489,human,1,128,0,1.379754,0.763542,1.053499
4489,human,2,128,0,1.300630,1.143427,1.487177
4489,human,3,26,0,1.082666,3.188573,3.452159
4489,lm,0,19,0,1.382450,0.751376,1.038739
449,human,0,120,0,1.643985,0.507796,0.834809
449,lm,0,10,0,1.191321,1.641350,1.955376
4491,human,0,128,0,1.364962,0.622294,0.849408
4491,human,1,26,0,1.092072,1.951617,2.131306
4491,lm,0,28,0,1.528018,0.419554,0.641086
4493,human,0,128,0,1.481528,0.582815,0.863457
4493,human,1,1,0,1.000000,1.666102,1.666102
4493,lm,0,78,0,1.818485,0.326910,0.594481
4496,human,0,57,0,1.762611,0.334679,0.589909
4496,lm,0,7,0,1.157163,1.295054,1.498588
4497,human,0,128,0,1.209004,1.356553,1.640078
4497,human,1,128,0,1.268231,0.769184,0.975504
4497,human,2,128,0,1.291938,0.744572,0.961941
4497,human,3,128,0,1.183099,1.203623,1.424005
4497,human,4,128,0,1.162558,1.917150,2.228797
4497,human,5,83,0,1.155246,1.894333,2.188421
4497,lm,0,12,0,1.151728,1.436729,1.654721
4498,human,0,20,0,1.096251,1.720220,1.885793
4498,lm,0,5,0,0.999321,2.233934,2.232417
45,human,0,128,0,1.409466,0.692067,0.975444
45,human,1,56,0,1.238136,1.404223,1.738619
45,lm,0,101,0,1.497748,0.780382,1.168815
4500,human,0,91,0,1.458979,0.688243,1.004132
4500,lm,0,34,0,1.453950,1.058413,1.538880
4501,human,0,122,0,1.409341,0.587160,0.827508
4501,lm,0,42,0,1.468989,0.605983,0.890183
4503,human,0,119,0,1.399243,0.734363,1.027552
4503,lm,0,128,0,2.250519,0.215798,0.485657
4503,lm,1,128,0,2.819441,0.119444,0.336765
4503,lm,2,58,0,1.894149,0.327793,0.620888
4504,human,0,128,0,1.470729,0.560939,0.824990
4504,human,1,43,0,1.384694,1.077472,1.491969
4504,lm,0,7,0,1.171934,1.444623,1.693003
4505,human,0,128,0,1.288420,1.229293,1.583844
4505,human,1,128,0,1.311917,1.005518,1.319157
4505,human,2,128,0,1.329840,1.125758,1.497078
4505,human,3,128,0,1.272030,0.989143,1.258220
4505,human,4,128,0,1.201282,1.690481,2.030744
4505,human,5,128,0,1.258882,1.114760,1.403351
4505,human,6,8,0,1.109229,3.228385,3.581018
4505,lm,0,128,0,2.156819,0.412195,0.889029
4505,lm,1,128,0,1.957802,0.421686,0.825577
4505,lm,2,128,0,1.830383,0.458683,0.839566
4505,lm,3,128,0,1.723610,0.440007,0.758401
4505,lm,4,128,0,1.902886,0.415605,0.790850
4505,lm,5,128,0,1.549361,0.607942,0.941921
4505,lm,6,6,0,1.041122,2.372926,2.470505
4506,human,0,26,0,1.284289,1.123854,1.443353
4506,lm,0,72,0,2.162356,0.366337,0.792152
4507,human,0,41,0,1.239396,0.893911,1.107910
4507,lm,0,14,0,1.447956,0.591511,0.856482
4508,human,0,95,0,1.350345,0.925779,1.250122
4508,lm,0,12,0,1.209537,1.912187,2.312860
451,human,0,66,0,1.621747,0.396922,0.643707
451,lm,0,117,0,1.670133,0.741402,1.238240
4514,human,0,53,0,1.503098,0.739581,1.111663
4514,lm,0,10,0,1.155100,1.100885,1.271633
4515,human,0,128,0,1.301341,1.212745,1.578194
4515,human,1,128,0,1.282145,0.809331,1.037679
4515,human,2,8,0,0.988532,6.167517,6.096790
4515,lm,0,9,0,0.975870,5.874931,5.733171
4516,human,0,128,0,1.547312,0.559392,0.865554
4516,human,1,7,0,0.975787,4.584968,4.473950
4516,lm,0,21,0,1.649110,0.658033,1.085169
4517,human,0,4,0,1.358599,0.609027,0.827423
4517,lm,0,2,0,1.098013,1.603848,1.761045
4519,human,0,56,0,1.568539,0.613699,0.962612
4519,lm,0,10,0,1.253670,0.620696,0.778149
452,human,0,33,0,1.239213,1.056466,1.309186
452,lm,0,128,0,1.501813,0.617117,0.926794
452,lm,1,128,0,1.568144,0.938939,1.472391
452,lm,2,61,0,1.339540,1.747976,2.341484
4522,human,0,27,0,1.370843,1.090494,1.494896
4522,lm,0,25,0,1.481442,1.317637,1.952002
4524,human,0,99,0,1.504663,0.670429,1.008769
4524,lm,0,128,0,2.201627,0.245820,0.541204
4524,lm,1,37,0,1.820400,0.446203,0.812267
4525,human,0,33,0,1.308459,1.538787,2.013439
4525,lm,0,11,0,1.142680,1.862513,2.128257
4526,human,0,82,0,1.254379,1.506744,1.890027
4526,lm,0,19,0,1.317961,1.163098,1.532917
4528,human,0,29,0,1.169626,1.277597,1.494310
4528,lm,0,7,0,1.187004,1.563606,1.856007
453,human,0,84,0,1.472822,0.703983,1.036842
453,lm,0,11,0,1.146166,2.552743,2.925867
4534,human,0,46,0,1.617438,0.568272,0.919145
4535,human,0,128,0,1.262994,0.989131,1.249266
4535,human,1,128,0,1.213677,1.208061,1.466196
4535,human,2,128,0,1.347149,0.998115,1.344610
4535,human,3,50,0,1.150892,2.103380,2.420764
4535,lm,0,95,0,1.522845,0.707050,1.076728
4536,human,0,128,0,1.338756,0.682536,0.913749
4536,human,1,128,0,1.274070,0.979899,1.248460
4536,human,2,128,0,1.407575,0.895275,1.260166
4536,human,3,128,0,1.413789,0.973282,1.376015
4536,human,4,128,0,1.263076,1.115687,1.409198
4536,human,5,42,0,1.338094,1.014829,1.357936
4536,lm,0,64,0,1.694356,0.487423,0.825868
4537,human,0,20,0,1.287829,1.039065,1.338138
4537,lm,0,10,0,1.204730,1.583777,1.908023
4538,human,0,19,0,1.211745,1.295344,1.569627
4538,lm,0,15,0,1.327031,0.820126,1.088333
4542,human,0,128,0,1.341730,0.895541,1.201574
4542,human,1,128,0,1.185763,1.229124,1.457449
4542,human,2,128,0,1.348074,1.118721,1.508119
4542,human,3,110,0,1.350437,1.252901,1.691964
4542,lm,0,128,0,1.872249,0.329073,0.616106
4542,lm,1,128,0,1.902306,0.309897,0.589519
4542,lm,2,128,0,1.938023,0.279078,0.540860
4542,lm,3,87,0,1.892618,0.335973,0.635869
4546,human,0,70,0,1.213577,1.417042,1.719689
4546,lm,0,128,0,1.764181,0.640590,1.130116
4546,lm,1,1,0,nan,nan,nan
4548,human,0,57,0,1.270400,1.131495,1.437452
4548,lm,0,10,0,1.111222,2.291430,2.546287
4549,human,0,60,0,1.389046,0.741835,1.030443
4549,lm,0,58,0,1.517769,0.577885,0.877096
455,human,0,58,0,1.271997,0.753013,0.957830
455,lm,0,12,0,1.259227,0.929268,1.170159
4550,human,0,128,0,1.303800,0.836192,1.090227
4550,human,1,58,0,1.309386,0.815576,1.067904
4550,lm,0,127,0,1.703578,0.267237,0.455259
4551,human,0,14,0,1.064945,2.311879,2.462023
4551,lm,0,81,0,1.438971,0.854798,1.230029
4552,human,0,40,0,1.365022,0.694010,0.947339
4552,lm,0,54,0,1.694598,0.314238,0.532507
4553,human,0,128,0,1.353463,0.676514,0.915638
4553,human,1,128,0,1.221278,1.224763,1.495776
4553,human,2,128,0,1.188309,1.254965,1.491286
4553,human,3,128,0,1.160991,1.556412,1.806979
4553,human,4,128,0,1.208789,1.202438,1.453493
4553,human,5,17,0,1.134199,1.631055,1.849941
4553,lm,0,128,0,1.990924,0.289164,0.575703
4553,lm,1,41,0,1.764754,0.875824,1.545614
4554,human,0,128,0,1.363346,0.725880,0.989625
4554,human,1,128,0,1.227446,1.117072,1.371146
4554,human,2,128,0,1.226508,1.149353,1.409691
4554,human,3,128,0,1.241133,1.134390,1.407928
4554,human,4,128,0,1.275625,1.043665,1.331325
4554,human,5,128,0,1.272605,1.005797,1.279983
4554,human,6,128,0,1.153454,1.141230,1.316356
4554,human,7,128,0,1.175485,1.473773,1.732398
4554,human,8,82,0,1.180728,0.953101,1.125352
4554,lm,0,128,0,2.402658,0.210995,0.506948
4554,lm,1,27,0,1.581420,0.748050,1.182981
4555,human,0,88,0,2.403121,0.298256,0.716746
4555,lm,0,107,0,2.525624,0.260866,0.658850
4558,human,0,79,0,1.443531,0.945106,1.364289
4558,lm,0,11,0,1.183908,1.132784,1.341113
4559,human,0,116,0,1.304520,0.853542,1.113462
4559,lm,0,23,0,1.255966,0.878688,1.103602
4560,human,0,128,0,1.633583,0.622652,1.017153
4560,human,1,128,0,1.348589,0.953282,1.285586
4560,human,2,128,0,1.476543,0.617193,0.911311
4560,human,3,6,0,1.586555,1.766106,2.802025
4560,lm,0,64,0,2.066227,0.266674,0.551009
4561,human,0,97,0,1.726351,0.531950,0.918332
4561,lm,0,44,0,1.455145,0.805688,1.172392
4562,human,0,53,0,1.330474,0.943748,1.255632
4562,lm,0,54,0,1.414036,1.033938,1.462026
4563,human,0,128,0,1.402750,0.830297,1.164698
4563,human,1,128,0,1.226101,1.521468,1.865474
4563,human,2,128,0,1.258640,0.783742,0.986449
4563,human,3,128,0,1.291293,0.857623,1.107443
4563,human,4,128,0,1.187863,1.168761,1.388328
4563,human,5,115,0,1.333649,0.952562,1.270384
4563,lm,0,101,0,1.828150,0.441326,0.806810
4565,human,0,125,0,1.413315,0.613332,0.866832
4565,lm,0,65,0,1.620127,0.411649,0.666924
4566,human,0,39,0,1.312935,0.883274,1.159681
4566,lm,0,12,0,1.127667,1.376504,1.552238
4567,human,0,128,0,1.478425,0.714963,1.057019
4567,human,1,128,0,1.339688,0.856463,1.147392
4567,human,2,49,0,1.367743,0.994221,1.359839
4567,lm,0,26,0,1.260134,1.268034,1.597893
4569,human,0,85,0,1.387166,0.903959,1.253941
4569,lm,0,9,0,1.082655,1.534123,1.660925
4570,human,0,128,0,1.274255,0.864267,1.101296
4570,human,1,69,0,1.341090,0.918811,1.232209
4570,lm,0,128,0,1.697776,0.512222,0.869639
4570,lm,1,78,0,1.400396,0.622111,0.871202
4573,human,0,128,0,1.312614,0.867283,1.138408
4573,human,1,4,0,1.122927,1.428103,1.603655
4573,lm,0,56,0,1.506629,0.897124,1.351633
4575,human,0,112,0,1.346031,0.784208,1.055568
4575,lm,0,95,0,1.639753,0.395285,0.648169
4577,human,0,128,0,1.223913,0.711365,0.870648
4577,human,1,63,0,1.217732,1.041050,1.267721
4577,lm,0,25,0,1.497267,0.558851,0.836749
4578,human,0,128,0,1.602592,0.577897,0.926134
4578,human,1,128,0,1.296038,1.019859,1.321776
4578,human,2,57,0,1.378730,0.888589,1.225125
4578,lm,0,54,0,1.672259,0.533198,0.891645
4579,human,0,63,0,1.496536,0.806745,1.207323
4579,lm,0,42,0,1.567741,0.740277,1.160563
4580,human,0,62,0,1.408819,0.667642,0.940587
4580,lm,0,82,0,2.183472,0.276764,0.604307
4581,human,0,103,0,1.928510,0.361352,0.696872
4581,lm,0,22,0,1.243368,1.298601,1.614638
4584,human,0,128,0,1.227562,1.045492,1.283407
4584,human,1,128,0,1.165888,1.169417,1.363410
4584,human,2,128,0,1.291918,0.600777,0.776155
4584,human,3,128,0,1.147320,1.153074,1.322944
4584,human,4,128,0,1.318693,0.547023,0.721355
4584,human,5,128,0,1.223828,0.932484,1.141200
4584,human,6,72,0,1.234380,1.141125,1.408582
4584,lm,0,128,0,1.973642,0.329822,0.650950
4584,lm,1,128,0,2.292810,0.245471,0.562819
4584,lm,2,128,0,1.943779,0.299305,0.581782
4584,lm,3,52,0,1.529881,0.711843,1.089035
4585,human,0,22,0,1.259235,1.465053,1.844847
4585,lm,0,11,0,1.240496,2.590423,3.213410
4586,human,0,128,0,1.434779,0.533184,0.765001
4586,human,1,20,0,1.177868,1.543234,1.817726
4586,lm,0,46,0,1.799279,0.501674,0.902652
4587,human,0,128,0,1.413557,0.717036,1.013571
4587,human,1,128,0,1.449620,0.603992,0.875558
4587,human,2,42,0,1.298983,0.782533,1.016498
4587,lm,0,28,0,1.722195,0.707692,1.218784
4588,human,0,128,0,1.307836,0.767979,1.004391
4588,human,1,128,0,1.420936,0.696416,0.989562
4588,human,2,38,0,1.192096,2.006328,2.391736
4588,lm,0,128,0,1.653181,0.442137,0.730932
4588,lm,1,42,0,1.460302,1.308040,1.910134
459,human,0,107,0,1.452173,0.777590,1.129195
459,lm,0,56,0,1.591525,0.665961,1.059894
4590,human,0,128,0,1.605335,0.532609,0.855016
4590,human,1,51,0,1.465658,1.169825,1.714562
4590,lm,0,16,0,1.454268,0.662270,0.963119
4595,human,0,128,0,1.526005,0.567782,0.866438
4595,human,1,128,0,1.569782,0.579493,0.909678
4595,human,2,35,0,1.262547,1.241402,1.567329
4595,lm,0,28,0,1.590343,0.644698,1.025291
4596,human,0,78,0,1.463873,0.734453,1.075146
4596,lm,0,9,0,1.132727,1.568035,1.776155
4597,human,0,128,0,1.313004,0.693178,0.910145
4597,human,1,128,0,1.072789,1.424324,1.527998
4597,human,2,13,0,1.007957,1.896751,1.911844
4597,lm,0,128,0,1.716785,0.430754,0.739513
4597,lm,1,10,0,1.000700,3.496508,3.498955
4599,human,0,128,0,1.278480,0.892571,1.141134
4599,human,1,128,0,1.267432,1.188834,1.506767
4599,human,2,49,0,1.120860,1.490814,1.670994
4599,lm,0,128,0,1.456141,0.877542,1.277826
4599,lm,1,30,0,1.173290,1.843522,2.162986
46,human,0,128,0,1.402141,0.782564,1.097265
46,human,1,128,0,1.448052,0.582457,0.843428
46,human,2,128,0,1.529646,0.475610,0.727516
46,human,3,8,0,1.339862,2.137464,2.863907
46,lm,0,20,0,1.617043,0.534403,0.864152
460,human,0,104,0,1.403499,0.449953,0.631509
460,lm,0,42,0,1.418150,0.496167,0.703640
4604,human,0,21,0,1.164833,1.345575,1.567371
4604,lm,0,31,0,1.491824,0.785809,1.172289
4605,human,0,128,0,1.259094,1.141276,1.436974
4605,human,1,128,0,1.223539,1.082502,1.324483
4605,human,2,41,0,1.133216,1.894620,2.147015
4605,lm,0,12,0,1.088871,2.848775,3.101947
4606,human,0,57,0,1.234941,1.087430,1.342912
4606,lm,0,7,0,1.153548,1.290627,1.488800
4607,human,0,128,0,1.522211,0.542818,0.826284
4607,human,1,40,0,1.282786,0.964826,1.237665
4607,lm,0,118,0,1.908143,0.252646,0.482085
4609,human,0,128,0,1.594876,0.852937,1.360329
4609,human,1,128,0,1.456501,0.861054,1.254126
4609,human,2,4,0,0.929814,3.912023,3.637453
4609,lm,0,10,0,1.261459,2.870228,3.620674
461,human,0,128,0,1.539069,0.596551,0.918134
461,human,1,128,0,1.305978,0.668837,0.873487
461,human,2,33,0,1.407353,0.668243,0.940454
461,lm,0,128,0,2.483764,0.307260,0.763160
461,lm,1,90,0,1.565551,0.761494,1.192158
4613,human,0,128,0,1.239092,1.613117,1.998799
4613,human,1,100,0,1.197018,1.375174,1.646108
4613,lm,0,10,0,1.048085,2.177116,2.281802
4616,human,0,128,0,1.581782,0.512520,0.810695
4616,human,1,111,0,1.495838,0.680888,1.018498
4616,lm,0,69,0,1.665697,0.383265,0.638404
4617,human,0,128,0,1.307940,1.084193,1.418059
4617,human,1,128,0,1.288186,0.924148,1.190474
4617,human,2,13,0,1.012561,2.750783,2.785334
4617,lm,0,36,0,1.399029,0.748189,1.046739
462,human,0,51,0,1.357396,0.703278,0.954626
462,lm,0,23,0,1.182315,1.292096,1.527664
4621,human,0,128,0,1.547770,0.490306,0.758880
4621,human,1,34,0,1.235946,0.962187,1.189211
4621,lm,0,112,0,1.477341,0.687310,1.015391
4624,human,0,31,0,1.160471,1.270296,1.474142
4624,lm,0,10,0,1.086550,2.928300,3.181743
4626,human,0,25,0,1.246572,1.554228,1.937457
4626,lm,0,25,0,1.235449,1.554228,1.920169
4629,human,0,128,0,1.224388,1.125778,1.378389
4629,human,1,128,0,1.273194,1.283477,1.634116
4629,human,2,128,0,1.225159,1.243544,1.523538
4629,human,3,25,0,1.233884,1.461927,1.803849
4629,lm,0,35,0,1.582145,0.566025,0.895533
463,human,0,44,0,1.244966,1.240094,1.543875
463,lm,0,25,0,1.219685,0.690613,0.842330
4630,human,0,93,0,1.305497,0.969382,1.265525
4630,lm,0,63,0,1.470376,0.714187,1.050124
4635,human,0,128,0,1.334309,0.903640,1.205735
4635,human,1,55,0,1.214685,1.891871,2.298027
4635,lm,0,128,0,1.727182,0.443529,0.766054
4635,lm,1,64,0,1.499265,0.777916,1.166303
4636,human,0,128,0,1.287055,0.888189,1.143148
4636,human,1,14,0,1.539339,1.159651,1.785096
4636,lm,0,102,0,1.754984,0.339114,0.595141
4638,human,0,47,0,1.212712,0.897257,1.088115
4638,lm,0,32,0,1.344111,1.117322,1.501805
4639,human,0,85,0,1.365105,0.597894,0.816188
4639,lm,0,128,0,2.074571,0.283399,0.587930
4639,lm,1,128,0,1.849397,0.327874,0.606368
4639,lm,2,118,0,1.742373,0.386415,0.673279
464,human,0,21,0,1.236328,0.916681,1.133319
464,lm,0,23,0,1.590560,0.596717,0.949113
4640,human,0,128,0,2.057550,0.263158,0.541461
4640,human,1,6,0,1.052326,3.835447,4.036142
4640,lm,0,128,0,2.775551,0.158244,0.439214
4640,lm,1,14,0,1.544974,1.221653,1.887422
4643,human,0,53,0,1.479927,0.643043,0.951657
4643,lm,0,27,0,1.616848,0.637591,1.030888
4644,human,0,90,0,1.277126,0.928309,1.185567
4644,lm,0,6,0,1.024405,2.914382,2.985507
4645,human,0,30,0,1.269622,1.224063,1.554097
4645,lm,0,21,0,1.283973,1.135462,1.457902
4648,human,0,92,0,1.175206,1.401760,1.647356
4648,lm,0,13,0,1.041343,1.959412,2.040419
4649,human,0,48,0,2.154885,0.262521,0.565702
4649,lm,0,48,0,2.676031,0.218679,0.585193
465,human,0,128,0,1.261857,1.062198,1.340342
465,human,1,128,0,1.246859,1.298585,1.619152
465,human,2,128,0,1.340724,0.897884,1.203815
465,human,3,32,0,1.157556,1.841712,2.131884
465,lm,0,128,0,1.965554,0.396691,0.779718
465,lm,1,82,0,1.341924,0.822882,1.104244
4652,human,0,26,0,1.146776,1.565025,1.794732
4652,lm,0,13,0,1.183613,1.042602,1.234038
4653,human,0,128,0,1.225563,1.009225,1.236868
4653,human,1,128,0,1.253964,1.013925,1.271426
4653,human,2,128,0,1.230360,1.106044,1.360832
4653,human,3,41,0,1.171118,1.426699,1.670834
4653,lm,0,34,0,1.262713,1.029303,1.299714
4654,human,0,65,0,1.238131,1.283978,1.589732
4654,lm,0,110,0,1.431009,0.606046,0.867257
4655,human,0,80,0,1.393003,0.768911,1.071095
4655,lm,0,7,0,1.060821,2.110071,2.238407
4656,human,0,128,0,1.440518,0.726428,1.046433
4656,human,1,8,0,1.027465,3.000441,3.082848
4656,lm,0,26,0,1.695833,0.565887,0.959650
4657,human,0,128,0,1.329536,0.792830,1.054096
4657,human,1,71,0,1.530743,0.716206,1.096328
4657,lm,0,14,0,1.226358,0.708858,0.869313
4658,human,0,77,0,1.233234,0.739486,0.911959
4658,lm,0,31,0,1.360939,0.632190,0.860372
4659,human,0,65,0,1.535490,0.882087,1.354436
4659,lm,0,20,0,1.264268,1.754941,2.218716
4662,human,0,59,0,1.393671,0.898415,1.252094
4662,lm,0,40,0,1.585989,0.737389,1.169491
4663,human,0,46,0,1.612410,0.652539,1.052160
4663,lm,0,10,0,1.313409,0.762669,1.001697
4664,human,0,35,0,1.252221,0.998547,1.250401
4664,lm,0,11,0,1.092617,2.792523,3.051158
4665,human,0,56,0,1.971280,0.493367,0.972564
4665,lm,0,36,0,1.537136,0.975358,1.499258
4666,human,0,13,0,1.084780,1.784382,1.935661
4666,lm,0,13,0,1.144654,1.493453,1.709486
4667,human,0,128,0,1.593345,0.464122,0.739507
4667,human,1,128,0,1.481526,0.571143,0.846163
4667,human,2,128,0,1.422955,0.843051,1.199624
4667,human,3,96,0,1.460623,0.824293,1.203982
4667,lm,0,11,0,1.036179,2.333937,2.418377
4668,human,0,94,0,1.299049,0.726286,0.943481
4668,lm,0,128,0,2.029962,0.229865,0.466617
4668,lm,1,128,0,1.709467,0.253127,0.432712
4668,lm,2,115,0,1.593391,0.314283,0.500776
4669,human,0,128,0,1.702789,0.403689,0.687396
4669,human,1,128,0,1.712956,0.376967,0.645728
4669,human,2,77,0,1.588163,0.542227,0.861144
4669,lm,0,124,0,2.152646,0.184120,0.396345
4674,human,0,128,0,1.287004,1.262213,1.624474
4674,human,1,128,0,1.195897,1.243826,1.487488
4674,human,2,128,0,1.142514,1.603740,1.832297
4674,human,3,99,0,1.206538,1.190611,1.436517
4674,lm,0,128,0,1.601747,0.769917,1.233212
4674,lm,1,128,0,1.462918,0.888468,1.299755
4674,lm,2,128,0,1.318436,1.185809,1.563414
4674,lm,3,128,0,1.565934,0.888099,1.390704
4674,lm,4,23,0,1.168875,2.790192,3.261387
4675,human,0,128,0,1.428135,0.514756,0.735141
4675,human,1,98,0,1.779839,0.369459,0.657577
4675,lm,0,17,0,1.211906,0.919044,1.113795
4677,human,0,53,0,1.245805,1.103370,1.374584
4677,lm,0,24,0,1.439760,0.897820,1.292646
4678,human,0,63,0,1.476825,0.877136,1.295377
4678,lm,0,79,0,1.466213,0.838058,1.228771
4679,human,0,81,0,1.408910,0.691750,0.974613
4679,lm,0,12,0,1.211822,1.402591,1.699690
4680,human,0,128,0,1.533779,0.283472,0.434783
4680,human,1,128,0,1.449938,0.402944,0.584244
4680,human,2,128,0,1.567261,0.280916,0.440269
4680,human,3,128,0,1.393915,0.600904,0.837609
4680,human,4,9,0,1.181604,1.404527,1.659594
4680,lm,0,31,0,1.318098,0.524500,0.691343
4681,human,0,81,0,1.358881,0.941254,1.279052
4681,lm,0,128,0,1.458192,0.710214,1.035629
4681,lm,1,52,0,1.274014,0.983278,1.252711
4682,human,0,91,0,1.340639,0.970394,1.300947
4682,lm,0,11,0,1.084462,2.642012,2.865162
4683,human,0,128,0,1.167761,1.235152,1.442363
4683,human,1,128,0,1.141994,1.381451,1.577609
4683,human,2,128,0,1.205914,0.885028,1.067268
4683,human,3,40,0,1.192655,1.612743,1.923446
4683,lm,0,128,0,1.474046,0.540476,0.796686
4683,lm,1,128,0,1.360464,0.857760,1.166952
4683,lm,2,128,0,1.794364,0.417515,0.749173
4683,lm,3,128,0,1.755857,0.453379,0.796068
4683,lm,4,71,0,1.488867,0.858352,1.277973
4684,human,0,128,0,1.271298,0.949413,1.206987
4684,human,1,128,0,1.307845,1.002946,1.311698
4684,human,2,128,0,1.143825,1.695427,1.939272
4684,human,3,80,0,1.282360,1.368441,1.754834
4684,lm,0,49,0,1.853266,0.432236,0.801049
4685,human,0,58,0,1.372770,1.074444,1.474965
4685,lm,0,11,0,1.110592,1.224768,1.360217
4686,human,0,86,0,1.257181,0.805216,1.012303
4686,lm,0,15,0,1.143956,1.470461,1.682142
4687,human,0,97,0,1.283218,0.747749,0.959525
4687,lm,0,32,0,2.031561,0.458349,0.931165
4688,human,0,102,0,1.280018,0.819654,1.049172
4688,lm,0,128,0,1.594191,0.405380,0.646254
4688,lm,1,31,0,1.273298,1.041960,1.326725
4689,human,0,128,0,1.406318,0.818268,1.150746
4689,human,1,128,0,1.271002,0.659849,0.838669
4689,lm,0,20,0,1.203147,1.435134,1.726677
469,human,0,128,0,1.446556,0.719074,1.040181
469,lm,0,45,0,1.436865,0.503363,0.723264
4690,human,0,128,0,1.696706,0.480863,0.815884
4690,human,1,33,0,1.275764,1.296567,1.654114
4690,lm,0,128,0,1.989300,0.295466,0.587770
4690,lm,1,128,0,1.787411,0.354222,0.633140
4690,lm,2,60,0,1.626436,0.647768,1.053553
4691,human,0,54,0,1.728549,0.594671,1.027917
4691,lm,0,6,0,1.117579,1.456764,1.628049
4693,human,0,128,0,1.114192,1.131128,1.260294
4693,human,1,128,0,1.355107,0.874238,1.184686
4693,human,2,128,0,1.278421,0.918009,1.173602
4693,human,3,91,0,1.265478,0.854817,1.081752
4693,lm,0,51,0,1.444443,0.611290,0.882973
4694,human,0,98,0,1.496214,0.497442,0.744279
4694,lm,0,54,0,1.247714,1.000483,1.248316
4698,human,0,40,0,1.261003,0.738587,0.931361
4698,lm,0,8,0,1.141196,0.719768,0.821396
4699,human,0,128,0,1.207134,0.998102,1.204843
4699,human,1,128,0,1.316742,0.909187,1.197164
4699,human,2,128,0,1.317265,0.978973,1.289567
4699,human,3,23,0,1.419721,0.842398,1.195971
4699,lm,0,13,0,1.211623,0.792295,0.959963
47,human,0,128,0,1.407339,0.554707,0.780661
47,human,1,80,0,1.444952,0.558777,0.807406
47,lm,0,66,0,1.368787,0.900595,1.232723
4703,human,0,38,0,1.562154,0.450126,0.703166
4703,lm,0,12,0,1.443537,0.829976,1.198101
4704,human,0,108,0,1.298027,0.970463,1.259688
4704,lm,0,48,0,1.598029,0.707030,1.129854
4707,human,0,61,0,2.010552,0.328000,0.659462
4707,lm,0,18,0,1.450363,0.712889,1.033948
4709,human,0,95,0,1.553629,0.679047,1.054988
4709,lm,0,12,0,1.147736,1.244214,1.428029
471,human,0,30,0,1.444833,0.812850,1.174433
471,lm,0,8,0,1.323440,0.505691,0.669252
4711,human,0,74,0,1.566753,0.524776,0.822195
4712,human,0,128,0,1.781647,0.503695,0.897407
4712,human,1,128,0,1.666019,0.786472,1.310277
4712,human,2,128,0,1.335528,1.257824,1.679858
4712,human,3,128,0,1.784397,0.788671,1.407302
4712,human,4,77,0,1.698152,0.841241,1.428556
4713,human,0,92,0,1.702760,0.568935,0.968760
4713,lm,0,46,0,1.692978,0.827846,1.401525
4714,human,0,128,0,1.165644,1.156037,1.347528
4714,human,1,128,0,1.176714,1.647695,1.938865
4714,human,2,128,0,1.129150,2.551895,2.881473
4714,human,3,70,0,1.247733,2.035074,2.539230
4714,lm,0,51,0,1.330294,1.086424,1.445263
4715,human,0,119,0,1.272201,0.910272,1.158049
4715,lm,0,9,0,1.021849,1.924344,1.966390
4716,human,0,128,0,1.234847,1.281791,1.582816
4716,human,1,128,0,1.287705,1.124369,1.447855
4716,human,2,28,0,1.160474,0.902307,1.047104
4716,lm,0,111,0,1.632666,0.385502,0.629396
4718,human,0,47,0,1.378336,0.960280,1.323588
4718,lm,0,22,0,1.380081,1.035613,1.429230
472,human,0,128,0,1.526777,0.467791,0.714213
472,human,1,41,0,1.482934,0.747953,1.109166
472,lm,0,74,0,1.784815,0.296858,0.529836
4720,human,0,35,0,1.285071,0.803567,1.032641
4720,lm,0,35,0,1.402507,0.799401,1.121166
4722,human,0,28,0,1.329904,0.737027,0.980174
4722,lm,0,6,0,1.100751,1.796914,1.977954
4723,human,0,59,0,1.460383,0.362052,0.528735
4723,lm,0,73,0,1.523881,0.316983,0.483045
4724,human,0,128,0,1.345515,0.374203,0.503496
4724,human,1,98,0,1.342043,0.390717,0.524359
4724,lm,0,13,0,1.224459,0.782078,0.957622
4726,human,0,128,0,1.332825,0.727496,0.969625
4726,human,1,48,0,1.116072,1.494689,1.668181
4726,lm,0,34,0,1.822408,0.669891,1.220815
4727,human,0,128,0,1.274252,0.795129,1.013195
4727,human,1,56,0,1.209198,1.386282,1.676289
4727,lm,0,10,0,1.101622,1.886343,2.078037
4729,human,0,13,0,1.221212,0.963711,1.176896
4729,lm,0,128,0,2.360139,0.257748,0.608320
4729,lm,1,128,0,2.095114,0.273908,0.573868
4729,lm,2,128,0,2.025748,0.289824,0.587111
4729,lm,3,81,0,1.898792,0.374747,0.711567
473,human,0,31,0,1.176073,0.815734,0.959362
473,lm,0,35,0,1.642624,0.832553,1.367571
4730,human,0,128,0,1.375207,0.615922,0.847021
4730,human,1,20,0,1.244312,1.095599,1.363267
4730,lm,0,128,0,2.137937,0.315451,0.674415
4730,lm,1,128,0,1.518933,0.401929,0.610504
4730,lm,2,28,0,1.594225,0.697622,1.112166
4731,human,0,128,0,1.327753,1.025961,1.362224
4731,human,1,128,0,1.418537,0.794548,1.127095
4731,human,2,128,0,1.314272,1.103253,1.449975
4731,human,3,128,0,1.415075,0.660783,0.935057
4731,human,4,128,0,1.816472,0.357012,0.648503
4731,human,5,11,0,1.148645,0.983370,1.129543
4731,lm,0,128,0,1.660336,0.726260,1.205836
4731,lm,1,128,0,1.293436,1.058180,1.368688
4731,lm,2,109,0,1.359141,0.801226,1.088979
4736,human,0,107,0,1.162148,1.372865,1.595473
4736,lm,0,11,0,1.113051,1.737709,1.934158
4737,human,0,128,0,1.429653,0.842418,1.204366
4737,human,1,128,0,1.343108,1.268490,1.703718
4737,human,2,128,0,1.295254,1.215242,1.574046
4737,human,3,128,0,1.413581,0.802120,1.133862
4737,human,4,61,0,1.230556,1.535800,1.889889
4737,lm,0,128,0,2.011506,0.258486,0.519946
4737,lm,1,128,0,1.759466,0.334866,0.589185
4737,lm,2,52,0,1.350210,0.752337,1.015813
4739,human,0,18,0,1.290841,0.894045,1.154070
4739,lm,0,11,0,1.221485,0.626813,0.765642
474,human,0,127,0,1.750952,0.579993,1.015540
474,lm,0,14,0,1.358790,0.833857,1.133037
4743,human,0,44,0,1.305359,0.764963,0.998551
4743,lm,0,128,0,1.781919,0.362020,0.645091
4743,lm,1,59,0,1.386140,0.781715,1.083567
4744,human,0,28,0,1.245039,0.988070,1.230185
4744,lm,0,19,0,1.205157,1.151654,1.387924
4745,human,0,128,0,1.303742,1.081971,1.410611
4745,human,1,4,0,1.082869,2.384591,2.582200
4745,lm,0,24,0,1.255914,1.362409,1.711069
4747,human,0,122,0,1.438491,0.717555,1.032197
4747,lm,0,26,0,1.202144,1.230186,1.478860
4748,human,0,128,0,1.358553,0.729641,0.991255
4748,human,1,119,0,1.085756,1.876247,2.037147
4748,lm,0,49,0,1.544862,0.657692,1.016043
4749,human,0,32,0,1.502886,1.165974,1.752325
4749,lm,0,44,0,1.514623,0.788258,1.193913
4751,human,0,123,0,1.641339,0.468993,0.769777
4751,lm,0,92,0,1.672175,0.422914,0.707186
4752,human,0,84,0,1.327648,1.002609,1.331111
4752,lm,0,17,0,1.308982,0.982537,1.286123
4753,human,0,128,0,1.432369,0.650686,0.932023
4753,human,1,128,0,1.276352,0.893124,1.139941
4753,human,2,93,0,1.206284,1.009068,1.217222
4753,lm,0,126,0,1.706962,0.400144,0.683031
4754,human,0,62,0,1.258583,0.730361,0.919219
4754,lm,0,50,0,1.421589,0.548598,0.779881
4756,human,0,47,0,1.341291,1.203540,1.614298
4756,lm,0,10,0,1.143059,1.802183,2.060001
4757,human,0,128,0,1.618746,0.439314,0.711138
4757,human,1,71,0,1.641719,0.427310,0.701523
4757,lm,0,29,0,1.166228,1.141906,1.331724
4758,human,0,22,0,1.168897,1.118872,1.307846
4758,lm,0,17,0,1.208530,1.029922,1.244691
476,human,0,43,0,1.406575,0.715995,1.007101
476,lm,0,6,0,1.020670,1.925403,1.965202
4760,human,0,128,0,1.168296,1.334744,1.559377
4760,human,1,128,0,1.563650,0.402099,0.628743
4760,human,2,65,0,1.407429,0.711939,1.002004
4760,lm,0,128,0,1.730661,0.337795,0.584609
4760,lm,1,30,0,1.340361,0.915542,1.227156
4761,human,0,17,0,1.565013,0.634159,0.992467
4761,lm,0,18,0,1.923903,0.451942,0.869493
4764,human,0,53,0,1.572626,0.413395,0.650115
4764,lm,0,24,0,1.238938,0.931567,1.154154
4766,human,0,90,0,1.361173,1.178477,1.604111
4766,lm,0,72,0,1.487725,0.833931,1.240660
4767,human,0,69,0,1.530393,0.663819,1.015904
4767,lm,0,97,0,1.925850,0.436780,0.841172
4769,human,0,72,0,1.388004,0.691994,0.960491
4769,lm,0,38,0,1.417208,0.643237,0.911600
4770,human,0,128,0,1.331535,0.722901,0.962567
4770,human,1,128,0,1.206760,1.132964,1.367216
4770,human,2,114,0,1.145651,1.547905,1.773359
4770,lm,0,66,0,1.517347,0.645065,0.978788
4771,human,0,99,0,1.563108,0.596045,0.931682
4771,lm,0,28,0,1.286997,1.363070,1.754267
4773,human,0,35,0,1.323920,0.983840,1.302525
4773,lm,0,10,0,1.163631,2.286529,2.660677
4775,human,0,128,0,1.221202,0.798584,0.975232
4775,human,1,35,0,1.138332,1.630592,1.856156
4775,lm,0,69,0,1.849444,0.300555,0.555860
4776,human,0,16,0,1.082208,1.368725,1.481245
4776,lm,0,10,0,1.227281,2.289235,2.809534
4778,human,0,60,0,1.635118,0.294220,0.481084
4778,lm,0,88,0,2.430984,0.235376,0.572195
478,human,0,21,0,1.190303,1.056530,1.257590
478,lm,0,128,0,2.039486,0.260856,0.532013
4781,human,0,75,0,1.421858,1.020772,1.451393
4781,lm,0,7,0,1.063701,2.301122,2.447707
4782,human,0,128,0,1.247575,0.841558,1.049906
4782,human,1,128,0,1.156139,1.158824,1.339762
4782,human,2,99,0,1.134010,1.438739,1.631544
4782,lm,0,128,0,2.022264,0.298163,0.602965
4782,lm,1,128,0,1.975205,0.274489,0.542173
4782,lm,2,128,0,2.001155,0.283064,0.566455
4782,lm,3,98,0,2.013450,0.241413,0.486073
4783,human,0,128,0,1.342659,0.835360,1.121603
4783,human,1,39,0,1.466442,0.776561,1.138782
4783,lm,0,45,0,1.322443,1.071011,1.416351
4784,human,0,120,0,1.721576,0.303492,0.522485
4784,lm,0,128,0,1.997247,0.381240,0.761431
4784,lm,1,128,0,1.505816,0.665575,1.002233
4784,lm,2,41,0,1.551593,1.521187,2.360263
4786,human,0,94,0,1.428709,0.810255,1.157618
4786,lm,0,19,0,1.183065,1.456674,1.723340
4787,human,0,128,0,1.286793,0.895189,1.151923
4787,human,1,128,0,1.250903,0.877602,1.097795
4787,human,2,74,0,1.199311,1.208888,1.449833
4787,lm,0,128,0,2.321289,0.284965,0.661487
4787,lm,1,128,0,2.022645,0.179588,0.363243
4787,lm,2,56,0,1.457042,0.263757,0.384306
4788,human,0,128,0,1.318139,0.794926,1.047823
4788,human,1,98,0,1.346984,0.744783,1.003211
4788,lm,0,128,0,2.683969,0.144293,0.387277
4788,lm,1,128,0,2.439744,0.176606,0.430873
4788,lm,2,103,0,1.747198,0.362942,0.634132
4789,human,0,128,0,1.707604,0.608887,1.039737
4789,human,1,128,0,1.444539,1.040680,1.503302
4789,human,2,19,0,1.539549,1.302107,2.004658
4789,lm,0,43,0,1.761855,0.606201,1.068038
479,human,0,97,0,1.593022,0.537993,0.857035
479,lm,0,63,0,1.611826,0.521628,0.840773
4790,human,0,128,0,1.647635,0.265338,0.437180
4790,human,1,128,0,1.520685,0.350641,0.533214
4790,human,2,22,0,1.228787,1.183615,1.454410
4790,lm,0,43,0,1.922810,0.320220,0.615722
4791,human,0,38,0,1.408753,0.956416,1.347353
4791,lm,0,10,0,1.291535,1.425946,1.841659
4793,human,0,88,0,1.282864,0.690700,0.886074
4793,lm,0,57,0,1.533047,0.725649,1.112454
4794,human,0,33,0,1.300571,1.325181,1.723492
4794,lm,0,31,0,1.293832,0.893544,1.156095
4797,human,0,128,0,1.294518,0.822489,1.064726
4797,human,1,74,0,1.394792,0.772108,1.076930
4797,lm,0,23,0,1.166664,0.847998,0.989328
4798,human,0,34,0,1.310999,1.134274,1.487033
4798,lm,0,70,0,1.480823,0.763735,1.130957
4800,human,0,128,0,1.611956,0.396137,0.638555
4800,human,1,128,0,1.418078,0.642094,0.910539
4800,human,2,3,0,0.875256,9.482731,8.299821
4800,lm,0,128,0,1.955856,0.381994,0.747125
4800,lm,1,128,0,1.474093,0.652190,0.961388
4800,lm,2,5,0,1.006024,3.446828,3.467591
4801,human,0,27,0,1.319488,0.982924,1.296956
4801,lm,0,6,0,1.119275,1.573640,1.761336
4802,human,0,128,0,1.283121,0.950632,1.219776
4802,human,1,128,0,1.190598,1.106519,1.317420
4802,human,2,125,0,1.231974,0.987995,1.217185
4802,lm,0,128,0,1.576832,0.429993,0.678026
4802,lm,1,3,0,1.319964,2.302585,3.039329
4804,human,0,96,0,1.597813,0.619240,0.989430
4804,lm,0,43,0,1.430266,0.893836,1.278423
4805,human,0,24,0,1.519492,0.507217,0.770711
4805,lm,0,36,0,1.561200,0.666364,1.040328
4806,human,0,128,0,1.396964,0.750697,1.048697
4806,human,1,128,0,1.514901,0.548303,0.830625
4806,human,2,6,0,1.071171,2.655977,2.845006
4806,lm,0,128,0,1.811927,0.309336,0.560495
4806,lm,1,22,0,1.616158,0.955421,1.544111
4807,human,0,43,0,1.330966,0.886079,1.179341
4807,lm,0,54,0,1.410723,0.662729,0.934928
4809,human,0,60,0,1.309354,0.811237,1.062197
4809,lm,0,75,0,1.737164,0.486534,0.845189
481,human,0,128,0,1.374683,0.791878,1.088581
481,human,1,4,0,0.886478,3.258096,2.888231
481,lm,0,54,0,1.212776,1.662660,2.016435
4811,human,0,128,0,1.246831,1.232615,1.536862
4811,human,1,60,0,1.124629,2.349142,2.641913
4812,human,0,128,0,1.337364,0.821435,1.098557
4812,human,1,6,0,1.079326,2.956207,3.190710
4812,lm,0,128,0,1.532197,0.527641,0.808450
4812,lm,1,128,0,1.431721,0.432025,0.618539
4812,lm,2,40,0,1.267061,0.744722,0.943608
4813,human,0,128,0,1.284378,0.989777,1.271248
4813,human,1,128,0,1.284548,1.246004,1.600553
4813,human,2,128,0,1.293303,0.956103,1.236531
4813,human,3,1,0,1.000000,1.916464,1.916464
4813,lm,0,128,0,2.635463,0.183629,0.483948
4813,lm,1,128,0,2.319725,0.211389,0.490364
4813,lm,2,128,0,2.357385,0.218459,0.514991
4813,lm,3,128,0,5.653930,0.074513,0.421289
4813,lm,4,128,0,2.917193,0.172092,0.502026
4813,lm,5,128,0,2.443432,0.211256,0.516190
4813,lm,6,124,0,2.822994,0.164908,0.465535
4816,human,0,38,0,1.673291,0.540527,0.904459
4816,lm,0,38,0,1.640998,0.540527,0.887004
4817,human,0,61,0,1.432442,0.671654,0.962106
4817,lm,0,68,0,1.397016,0.853685,1.192611
4819,human,0,128,0,1.266136,0.958237,1.213258
4819,human,1,35,0,1.254185,1.765193,2.213878
4819,lm,0,115,0,1.946679,0.370654,0.721544
482,human,0,110,0,1.421546,0.578407,0.822232
482,lm,0,102,0,2.568184,0.217455,0.558463
4821,human,0,62,0,1.511355,0.470201,0.710640
4821,lm,0,10,0,1.257984,1.742608,2.192172
4822,human,0,128,0,1.418656,0.595976,0.845485
4822,human,1,108,0,1.347707,0.679495,0.915760
4822,lm,0,96,0,2.215202,0.319795,0.708410
4823,human,0,43,0,1.316814,1.027277,1.352732
4823,lm,0,10,0,1.160765,1.783257,2.069943
4826,human,0,72,0,1.173201,0.820294,0.962370
4826,lm,0,13,0,1.037145,1.848575,1.917240
483,human,0,36,0,1.229813,1.358666,1.670906
483,lm,0,10,0,1.104053,2.977770,3.287617
4830,human,0,19,0,1.261306,0.668712,0.843451
4830,lm,0,19,0,1.965637,0.236403,0.464682
4831,human,0,128,0,1.151041,0.864830,0.995455
4831,human,1,66,0,1.151179,2.047558,2.357105
4831,lm,0,11,0,1.116853,1.538559,1.718344
4834,human,0,128,0,1.278411,1.208923,1.545500
4834,human,1,71,0,1.257204,1.183917,1.488425
4834,lm,0,73,0,1.694141,0.504108,0.854030
4836,human,0,128,0,1.430831,0.716785,1.025598
4836,human,1,128,0,1.309081,1.298734,1.700147
4836,human,2,128,0,1.326317,0.950435,1.260578
4836,human,3,41,0,1.276885,0.941616,1.202335
4836,lm,0,64,0,2.093494,0.304593,0.637663
4837,human,0,34,0,1.300345,1.124130,1.461758
4837,lm,0,117,0,1.569578,0.539462,0.846727
4838,human,0,27,0,1.245513,0.629245,0.783733
4838,lm,0,27,0,1.305118,0.892481,1.164794
4839,human,0,128,0,1.398820,0.743573,1.040125
4839,human,1,68,0,1.375535,1.021592,1.405236
4839,lm,0,29,0,1.349228,0.797219,1.075629
484,human,0,123,0,1.401432,0.407267,0.570756
484,lm,0,60,0,1.674282,0.603617,1.010626
4840,human,0,76,0,1.292831,0.739489,0.956034
4840,lm,0,54,0,1.606244,0.955745,1.535160
4842,human,0,128,0,1.479151,0.688434,1.018299
4842,human,1,90,0,1.430122,0.901412,1.289129
4842,lm,0,128,0,1.595908,0.559645,0.893142
4842,lm,1,19,0,1.539883,1.439607,2.216826
4845,human,0,113,0,1.663287,0.493067,0.820113
4845,lm,0,13,0,1.234220,1.075860,1.327848
4846,human,0,128,0,1.279727,0.892097,1.141640
4846,human,1,81,0,1.198988,1.114324,1.336061
4846,lm,0,11,0,1.208675,0.782198,0.945424
4849,human,0,36,0,1.376440,0.830772,1.143507
4850,human,0,122,0,1.287518,1.063225,1.368921
4850,lm,0,56,0,1.450545,1.216022,1.763894
4851,human,0,11,0,1.124412,1.278558,1.437626
4851,lm,0,10,0,1.176850,1.113148,1.310008
4853,human,0,38,0,1.621971,0.465311,0.754721
4853,lm,0,56,0,1.823534,0.326366,0.595140
4856,human,0,45,0,1.335710,0.956477,1.277576
4856,lm,0,35,0,1.410420,1.052283,1.484160
4857,human,0,12,0,1.068808,1.207703,1.290803
4857,lm,0,6,0,1.102630,0.581798,0.641508
4858,human,0,16,0,1.578787,0.685795,1.082724
4858,lm,0,16,0,1.612727,0.685795,1.105999
486,human,0,65,0,1.676708,0.620295,1.040054
486,lm,0,64,0,1.694300,0.589809,0.999313
4860,human,0,41,0,1.197591,1.369742,1.640391
4860,lm,0,29,0,1.587835,0.928579,1.474431
4861,human,0,53,0,1.625513,0.845271,1.373999
4861,lm,0,13,0,1.273597,0.748351,0.953097
4862,human,0,30,0,1.248823,0.661399,0.825970
4862,lm,0,10,0,1.092671,1.445179,1.579105
4863,human,0,128,0,1.896452,0.484194,0.918250
4863,human,1,128,0,1.558107,0.826071,1.287108
4863,human,2,29,0,1.568526,0.892330,1.399642
4863,lm,0,49,0,1.932446,0.481242,0.929975
4865,human,0,128,0,1.447215,0.534772,0.773930
4865,human,1,79,0,1.466471,0.368844,0.540899
4865,lm,0,128,0,2.071107,0.327962,0.679245
4865,lm,1,128,0,1.578414,0.546521,0.862636
4865,lm,2,128,0,1.610485,0.629277,1.013441
4865,lm,3,128,0,1.596239,0.493128,0.787151
4865,lm,4,103,0,1.377884,0.902606,1.243687
4866,human,0,39,0,1.574867,0.703228,1.107491
4866,lm,0,32,0,1.721414,0.583338,1.004165
4867,human,0,35,0,1.281929,0.547848,0.702302
4867,lm,0,28,0,1.531471,0.499827,0.765470
4868,human,0,128,0,1.537469,0.556918,0.856244
4868,human,1,128,0,1.522117,0.666552,1.014570
4868,human,2,70,0,1.397008,1.177272,1.644659
4868,lm,0,73,0,1.525215,0.583186,0.889485
4869,human,0,128,0,1.424733,0.728528,1.037958
4869,human,1,128,0,1.363643,1.061308,1.447245
4869,human,2,82,0,1.294021,1.285915,1.664001
4869,lm,0,128,0,2.123697,0.357530,0.759285
4869,lm,1,32,0,1.396791,1.115767,1.558493
4872,human,0,128,0,1.240771,0.936166,1.161568
4872,human,1,64,0,1.196574,1.012380,1.211388
4872,lm,0,128,0,1.649956,0.570836,0.941855
4872,lm,1,29,0,1.089002,2.818664,3.069531
4873,human,0,128,0,1.254835,1.055185,1.324082
4873,human,1,56,0,1.189505,1.472787,1.751887
4873,lm,0,35,0,1.269124,1.360052,1.726074
4875,human,0,128,0,1.350867,0.681106,0.920083
4875,human,1,128,0,1.233299,1.329665,1.639875
4875,human,2,128,0,1.297607,1.011499,1.312528
4875,human,3,128,0,1.242916,1.096618,1.363004
4875,human,4,128,0,1.308729,0.935885,1.224820
4875,human,5,14,0,0.990023,4.430817,4.386611
4875,lm,0,128,0,2.042666,0.401425,0.819977
4875,lm,1,128,0,1.986875,0.271709,0.539851
4875,lm,2,128,0,1.483143,0.482320,0.715350
4875,lm,3,115,0,1.787261,0.178088,0.318290
4876,human,0,27,0,1.404743,0.773513,1.086587
4876,lm,0,19,0,1.143728,2.003072,2.290970
4877,human,0,128,0,1.619045,0.598949,0.969726
4877,human,1,63,0,1.435156,1.086859,1.559811
4877,lm,0,55,0,1.721197,0.435463,0.749517
4879,human,0,66,0,1.315057,1.018482,1.339363
4879,lm,0,66,0,1.481013,0.841058,1.245618
488,human,0,77,0,1.341623,0.870170,1.167440
488,lm,0,77,0,1.466822,0.643912,0.944505
4880,human,0,128,0,1.437110,0.825348,1.186115
4880,human,1,82,0,1.288699,0.990701,1.276715
4880,lm,0,128,0,2.221645,0.161992,0.359888
4880,lm,1,128,0,2.821438,0.116612,0.329014
4880,lm,2,123,0,3.029361,0.100630,0.304845
4881,human,0,128,0,1.512921,0.600718,0.908839
4881,human,1,43,0,1.250410,1.530215,1.913397
4881,lm,0,13,0,1.248096,1.363796,1.702148
4882,human,0,74,0,1.422110,0.674990,0.959910
4882,lm,0,53,0,1.620084,0.498378,0.807414
4884,human,0,19,0,1.173860,1.175326,1.379669
4886,human,0,41,0,1.405389,0.642432,0.902866
4886,lm,0,13,0,1.192615,1.315886,1.569344
4887,human,0,13,0,1.120297,1.438887,1.611981
4887,lm,0,11,0,1.103913,2.346677,2.590526
4888,human,0,59,0,1.399610,0.738420,1.033500
4888,lm,0,63,0,1.449548,0.646733,0.937471
4889,human,0,87,0,1.533877,0.487057,0.747086
4889,lm,0,80,0,2.228085,0.266650,0.594118
4894,human,0,94,0,1.679917,0.410115,0.688958
4894,lm,0,100,0,1.307344,0.792461,1.036019
4896,human,0,128,0,1.005995,2.143137,2.155984
4896,human,1,128,0,1.009366,1.666383,1.681990
4896,human,2,128,0,1.121918,1.091094,1.224118
4896,human,3,128,0,1.194176,0.665980,0.795297
4896,human,4,43,0,1.132792,1.217935,1.379668
4896,lm,0,10,0,1.077274,2.911157,3.136114
4897,human,0,54,0,1.318126,1.178708,1.553686
4897,lm,0,10,0,1.079223,3.262154,3.520590
4898,human,0,49,0,1.612443,0.380839,0.614081
4898,lm,0,8,0,1.219163,1.206449,1.470857
49,human,0,29,0,1.226590,1.250978,1.534437
49,lm,0,34,0,1.399737,0.946499,1.324849
490,human,0,128,0,1.402584,0.685899,0.962030
490,human,1,54,0,1.522781,1.000214,1.523106
490,lm,0,128,0,1.907860,0.399575,0.762334
490,lm,1,57,0,1.667594,0.522106,0.870661
4900,human,0,100,0,1.323134,1.106241,1.463706
4900,lm,0,31,0,1.145884,1.175100,1.346528
4901,human,0,112,0,1.568338,0.491232,0.770418
4901,lm,0,11,0,1.096660,2.471060,2.709913
4902,human,0,73,0,1.455052,1.090346,1.586511
4902,lm,0,58,0,1.726503,0.534447,0.922725
4903,human,0,128,0,1.209998,1.229590,1.487803
4903,human,1,10,0,1.113657,2.112482,2.352581
4903,lm,0,22,0,1.460373,0.925592,1.351710
4904,human,0,78,0,1.854579,0.474462,0.879927
4904,lm,0,11,0,1.177577,1.950013,2.296291
4905,human,0,72,0,1.246471,1.480905,1.845904
4905,lm,0,104,0,1.896236,0.467217,0.885953
4906,human,0,65,0,1.272036,0.988491,1.257396
4906,lm,0,74,0,1.455011,0.493041,0.717380
4907,human,0,128,0,1.202064,1.272739,1.529914
4907,human,1,128,0,1.380667,0.651249,0.899158
4907,human,2,91,0,1.173428,1.507852,1.769357
4907,lm,0,10,0,1.075617,2.165001,2.328712
4908,human,0,128,0,1.432507,0.542399,0.776990
4908,human,1,50,0,1.331631,0.643838,0.857354
4908,lm,0,56,0,1.674628,0.344115,0.576264
4909,human,0,41,0,1.285597,1.121688,1.442038
4909,lm,0,17,0,1.080552,1.179755,1.274787
4910,human,0,55,0,1.358237,0.581550,0.789883
4910,lm,0,18,0,1.429189,0.606475,0.866767
4911,human,0,128,0,1.584275,0.592385,0.938501
4911,human,1,20,0,1.739628,0.794620,1.382344
4911,lm,0,34,0,1.417556,0.549244,0.778584
4915,human,0,55,0,1.298878,0.555722,0.721815
4915,lm,0,7,0,1.116024,1.523614,1.700390
4916,human,0,128,0,1.384040,0.708874,0.981111
4916,human,1,128,0,1.455268,0.513414,0.747155
4916,human,2,7,0,1.050657,1.892157,1.988007
4916,lm,0,128,0,2.064393,0.257229,0.531022
4916,lm,1,5,0,1.464400,1.126929,1.650274
4917,human,0,37,0,1.277138,0.509131,0.650231
4917,lm,0,101,0,1.452948,0.560752,0.814743
4919,human,0,128,0,1.377297,0.849697,1.170285
4919,human,1,128,0,1.736390,0.569481,0.988841
4919,human,2,128,0,1.269012,1.307828,1.659649
4919,human,3,128,0,1.277139,1.142817,1.459537
4919,human,4,128,0,1.267807,1.194580,1.514497
4919,human,5,55,0,1.211212,1.826561,2.212354
4919,lm,0,126,0,1.801733,0.421707,0.759803
492,human,0,22,0,1.267483,0.869128,1.101604
492,lm,0,80,0,1.654599,0.573182,0.948386
4920,human,0,24,0,1.762217,0.649489,1.144541
4920,lm,0,34,0,1.719042,0.625086,1.074549
4921,human,0,128,0,1.427374,0.780092,1.113483
4921,human,1,128,0,1.373570,0.909787,1.249656
4921,human,2,34,0,1.197715,2.483402,2.974408
4921,lm,0,128,0,1.548559,0.397000,0.614777
4921,lm,1,56,0,1.227170,2.137025,2.622492
4925,human,0,128,0,1.296149,0.825931,1.070530
4925,human,1,128,0,1.250470,0.989610,1.237477
4925,human,2,128,0,1.062913,1.279474,1.359971
4925,human,3,126,0,1.369465,0.565847,0.774908
4925,lm,0,54,0,1.443827,0.824239,1.190058
4928,human,0,128,0,1.545749,0.544464,0.841604
4928,human,1,60,0,1.347496,0.842466,1.135219
4928,lm,0,112,0,1.919355,0.437340,0.839411
4929,human,0,96,0,1.899621,0.266918,0.507043
4929,lm,0,124,0,1.995455,0.186528,0.372208
493,human,0,128,0,1.338560,0.882227,1.180914
493,human,1,128,0,1.574113,0.446538,0.702901
493,human,2,128,0,1.219926,1.127901,1.375956
493,human,3,128,0,1.186307,1.143836,1.356940
493,human,4,7,0,1.054646,3.040611,3.206770
493,lm,0,128,0,2.244168,0.230121,0.516430
493,lm,1,128,0,1.871982,0.324132,0.606769
493,lm,2,128,0,1.837427,0.328410,0.603430
493,lm,3,128,0,1.815649,0.324086,0.588426
493,lm,4,128,0,1.841290,0.312636,0.575654
493,lm,5,28,0,1.458565,1.021970,1.490610
4930,human,0,106,0,1.671663,0.477094,0.797541
4931,human,0,128,0,1.351751,0.709603,0.959207
4931,human,1,6,0,0.992114,6.030685,5.983129
4931,lm,0,89,0,1.790912,0.312750,0.560107
4932,human,0,42,0,1.812596,0.436225,0.790700
4932,lm,0,43,0,1.793111,0.428932,0.769123
4933,human,0,128,0,1.412460,0.719959,1.016914
4933,human,1,128,0,1.278248,1.196635,1.529596
4933,human,2,19,0,1.151960,1.961153,2.259171
4933,lm,0,128,0,1.655463,0.591078,0.978508
4933,lm,1,76,0,1.792934,0.559121,1.002467
4934,human,0,53,0,1.697785,0.767001,1.302203
4934,lm,0,53,0,2.222085,0.403118,0.895762
4935,human,0,94,0,1.374152,0.921290,1.265992
4935,lm,0,67,0,1.461754,0.810980,1.185453
4937,human,0,48,0,1.186646,1.151146,1.366003
4937,lm,0,11,0,1.098380,1.892576,2.078768
494,human,0,60,0,1.390220,0.669708,0.931042
494,lm,0,11,0,1.229727,1.115883,1.372231
4940,human,0,107,0,1.561079,0.445135,0.694891
4940,lm,0,44,0,1.476202,0.689988,1.018561
4941,human,0,75,0,1.243410,0.738656,0.918452
4941,lm,0,78,0,1.645864,0.323117,0.531806
4942,human,0,74,0,1.303826,0.842418,1.098367
4942,lm,0,35,0,1.864198,0.291302,0.543044
4943,human,0,19,0,1.182881,1.263946,1.495098
4943,lm,0,6,0,1.095245,2.056015,2.251839
4944,human,0,112,0,1.787580,0.517782,0.925576
4944,lm,0,128,0,2.095193,0.292356,0.612542
4944,lm,1,128,0,2.544814,0.141044,0.358931
4944,lm,2,31,0,1.551125,0.694926,1.077917
4945,human,0,25,0,1.402941,0.565532,0.793407
4945,lm,0,37,0,1.767066,0.401345,0.709203
4946,human,0,10,0,1.094958,1.735480,1.900277
4946,lm,0,36,0,1.696457,0.528327,0.896284
4948,human,0,19,0,1.306903,0.539084,0.704531
4948,lm,0,38,0,1.782538,0.474445,0.845717
495,human,0,35,0,1.260207,1.176648,1.482819
495,lm,0,10,0,1.083969,2.120847,2.298932
4951,human,0,17,0,1.188905,0.767444,0.912417
4951,lm,0,28,0,1.346194,0.992113,1.335577
4954,human,0,128,0,1.389675,0.747318,1.038529
4954,human,1,18,0,1.122081,2.203031,2.471980
4954,lm,0,13,0,1.110908,2.052258,2.279870
4955,human,0,112,0,1.301881,0.652046,0.848886
4955,lm,0,76,0,1.546010,0.571387,0.883370
4956,human,0,35,0,1.246068,0.852264,1.061979
4956,lm,0,10,0,1.199080,0.800020,0.959288
4957,human,0,55,0,1.169195,0.972576,1.137131
496,human,0,128,0,1.459535,0.681532,0.994720
496,human,1,48,0,1.202619,0.885836,1.065324
496,lm,0,27,0,1.469377,0.620593,0.911886
4961,human,0,128,0,1.263143,0.719256,0.908523
4961,human,1,22,0,1.059432,2.104634,2.229718
4961,lm,0,128,0,1.853195,0.354687,0.657305
4961,lm,1,38,0,1.353874,1.187254,1.607393
4962,human,0,53,0,1.344715,0.854125,1.148554
4962,lm,0,71,0,1.521336,0.785235,1.194607
4963,human,0,128,0,1.291715,1.149038,1.484229
4963,human,1,128,0,1.345718,1.203915,1.620130
4963,human,2,50,0,1.282268,0.968623,1.242034
4963,lm,0,128,0,2.312285,0.293908,0.679599
4963,lm,1,128,0,2.644719,0.189203,0.500388
4963,lm,2,128,0,2.785924,0.172096,0.479448
4963,lm,3,128,0,2.891535,0.176375,0.509994
4963,lm,4,76,0,2.390600,0.271141,0.648190
4965,human,0,112,0,1.277873,1.126484,1.439504
4965,lm,0,11,0,1.089754,2.020098,2.201409
4967,human,0,82,0,2.023974,0.505052,1.022211
4967,lm,0,72,0,1.927357,0.470935,0.907660
4968,human,0,27,0,1.513151,0.865244,1.309245
4968,lm,0,31,0,1.686225,0.382041,0.644207
4969,human,0,31,0,1.526142,1.061913,1.620629
4969,lm,0,9,0,1.052620,1.470927,1.548326
497,human,0,128,0,1.397356,0.815299,1.139262
497,human,1,5,0,1.008444,2.155123,2.173321
497,lm,0,128,0,1.476110,0.743903,1.098082
497,lm,1,128,0,1.434822,0.766963,1.100456
497,lm,2,30,0,1.307347,1.223704,1.599805
4970,human,0,49,0,1.324211,1.020423,1.351255
4970,lm,0,10,0,1.154311,2.742394,3.165577
4971,human,0,48,0,1.738560,0.685670,1.192078
4971,lm,0,33,0,1.539469,1.159066,1.784347
4972,human,0,128,0,1.358297,0.665280,0.903648
4972,human,1,128,0,1.399007,0.553014,0.773670
4972,human,2,45,0,1.416264,1.170633,1.657926
4972,lm,0,128,0,2.697513,0.206141,0.556068
4972,lm,1,128,0,2.278345,0.208215,0.474386
4972,lm,2,29,0,1.415799,1.001368,1.417735
4974,human,0,128,0,1.282143,0.942604,1.208553
4974,human,1,24,0,1.158605,1.075181,1.245711
4974,lm,0,128,0,1.523478,0.416100,0.633920
4974,lm,1,128,0,1.517371,0.419488,0.636519
4974,lm,2,128,0,1.484305,0.428807,0.636480
4974,lm,3,93,0,1.386763,0.580717,0.805317
4977,human,0,128,0,1.374497,0.830677,1.141763
4977,human,1,47,0,1.534137,0.707877,1.085980
4977,lm,0,78,0,1.689923,0.473678,0.800479
4978,human,0,49,0,1.359200,0.971428,1.320364
4978,lm,0,89,0,2.041867,0.402653,0.822164
498,human,0,128,0,1.451197,0.545482,0.791602
498,human,1,128,0,1.329052,0.550981,0.732282
498,human,2,66,0,1.304339,0.735249,0.959014
498,lm,0,126,0,2.464623,0.215722,0.531672
4982,human,0,117,0,1.396958,0.516750,0.721878
4982,lm,0,73,0,2.065964,0.305371,0.630886
4983,human,0,128,0,1.487224,0.658462,0.979280
4983,human,1,38,0,1.608329,0.401451,0.645666
4983,lm,0,42,0,1.279600,1.187596,1.519647
4984,human,0,128,0,1.315252,0.593791,0.780985
4984,human,1,128,0,1.220644,0.986182,1.203777
4984,human,2,115,0,1.352010,0.775350,1.048281
4984,lm,0,92,0,1.777460,0.246572,0.438272
4985,human,0,128,0,1.341739,0.714486,0.958653
4985,human,1,128,0,1.317490,0.957147,1.261031
4985,human,2,3,0,0.922826,7.366445,6.797947
4985,lm,0,128,0,2.073107,0.333997,0.692411
4985,lm,1,127,0,1.747809,0.298925,0.522465
4986,human,0,87,0,1.302237,0.718545,0.935716
4986,lm,0,35,0,1.403954,0.685576,0.962517
4987,human,0,62,0,1.396541,0.828114,1.156495
4987,lm,0,9,0,1.231330,1.289783,1.588150
499,human,0,80,0,1.376971,0.703228,0.968324
499,lm,0,7,0,1.054170,2.272600,2.395707
4990,human,0,37,0,1.137088,0.985614,1.120730
4990,lm,0,128,0,2.079692,0.201678,0.419428
4990,lm,1,128,0,1.719378,0.200608,0.344921
4990,lm,2,10,0,1.122200,1.675407,1.880141
4991,human,0,86,0,1.619601,0.564601,0.914429
4991,lm,0,10,0,1.117100,2.605612,2.910730
4992,human,0,60,0,1.463681,0.553378,0.809969
4992,lm,0,32,0,1.411958,0.794342,1.121577
4993,human,0,73,0,1.451349,0.906957,1.316311
4993,lm,0,62,0,1.837062,0.450926,0.828379
4995,human,0,82,0,1.451296,0.747772,1.085238
4995,lm,0,91,0,1.713053,0.411213,0.704430
4996,human,0,128,0,1.493517,0.671731,1.003242
4996,human,1,119,0,1.389059,0.675380,0.938142
4996,lm,0,128,0,1.718765,0.404837,0.695820
4996,lm,1,31,0,1.750633,0.990366,1.733768
4997,human,0,128,0,1.265065,1.030184,1.303250
4997,human,1,4,0,0.990399,3.231775,3.200748
4997,lm,0,107,0,1.487357,0.647614,0.963233
4998,human,0,128,0,1.530507,0.452482,0.692527
4998,human,1,22,0,1.404561,0.828011,1.162992
4998,lm,0,128,0,2.721989,0.179222,0.487841
4998,lm,1,128,0,3.169833,0.149390,0.473543
4998,lm,2,128,0,4.102000,0.104130,0.427143
4998,lm,3,70,0,2.037292,0.304625,0.620611
5,human,0,128,0,1.261672,0.798892,1.007939
5,human,1,81,0,1.247144,1.126593,1.405023
5,lm,0,11,0,1.092099,1.844640,2.014529
50,human,0,125,0,1.170339,1.049319,1.228059
50,lm,0,10,0,1.097777,3.442199,3.778766
500,human,0,70,0,1.521326,0.613295,0.933022
500,lm,0,15,0,1.278759,1.398161,1.787911
5002,human,0,86,0,1.610802,0.358901,0.578119
5002,lm,0,86,0,1.654156,0.348213,0.575998
5006,human,0,36,0,1.256385,0.835338,1.049506
5006,lm,0,26,0,1.275884,0.663068,0.845998
5007,human,0,84,0,1.366427,0.856436,1.170258
5007,lm,0,43,0,1.581854,0.728679,1.152664
5008,human,0,46,0,1.353272,0.805598,1.090194
5008,lm,0,10,0,1.106377,2.576431,2.850503
501,human,0,76,0,1.341317,0.761446,1.021341
501,lm,0,13,0,1.127090,1.413500,1.593141
5010,human,0,22,0,1.161832,1.752669,2.036306
5010,lm,0,10,0,1.141549,2.666512,3.043955
5013,human,0,76,0,1.359455,0.507257,0.689593
5013,lm,0,128,0,2.395354,0.166235,0.398192
5013,lm,1,110,0,2.224775,0.073930,0.164478
5016,human,0,37,0,1.259315,1.161310,1.462455
5016,lm,0,20,0,1.421344,0.668436,0.950078
5017,human,0,128,0,1.485964,0.701593,1.042542
5017,human,1,21,0,1.032920,1.572664,1.624436
5017,lm,0,47,0,1.552393,0.809083,1.256015
5018,human,0,42,0,1.434472,0.971627,1.393771
5020,human,0,35,0,1.358586,0.863931,1.173725
5020,lm,0,54,0,1.623108,0.370416,0.601224
5021,human,0,35,0,1.254982,0.681354,0.855086
5021,lm,0,22,0,1.263756,1.169875,1.478436
5024,human,0,9,0,1.321076,0.905476,1.196203
5024,lm,0,128,0,2.313539,0.344799,0.797707
5024,lm,1,111,0,1.370708,0.776905,1.064909
5026,human,0,67,0,1.581615,0.475241,0.751648
5026,lm,0,73,0,1.653878,0.400874,0.662997
5027,human,0,46,0,1.208975,1.207938,1.460367
5027,lm,0,8,0,1.096279,1.719568,1.885127
5029,human,0,113,0,1.324472,0.638342,0.845466
5029,lm,0,128,0,1.591702,0.603044,0.959866
5029,lm,1,128,0,1.507793,0.657285,0.991050
5029,lm,2,128,0,1.471618,0.771745,1.135713
5029,lm,3,29,0,1.240721,1.875097,2.326471
503,human,0,108,0,1.286800,0.710259,0.913962
503,lm,0,78,0,1.358302,0.814532,1.106380
5030,human,0,128,0,1.297648,1.082443,1.404630
5030,human,1,128,0,1.246146,1.570905,1.957576
5030,human,2,78,0,1.167567,1.658542,1.936458
5030,lm,0,95,0,1.527242,0.525331,0.802308
5031,human,0,67,0,1.246754,0.992911,1.237916
5031,lm,0,28,0,1.372249,0.739658,1.014995
5035,human,0,24,0,1.191057,1.272598,1.515737
5035,lm,0,24,0,1.184797,1.170658,1.386992
5036,human,0,63,0,1.544169,0.669536,1.033877
5036,lm,0,47,0,1.671228,0.598543,1.000301
5037,human,0,33,0,1.210747,1.280117,1.549897
5037,lm,0,47,0,1.258184,1.292774,1.626548
5038,human,0,98,0,1.378161,0.736800,1.015429
5038,lm,0,31,0,1.231114,1.057137,1.301456
5039,human,0,32,0,1.247118,1.321553,1.648132
5039,lm,0,72,0,1.439649,0.878221,1.264330
504,human,0,125,0,1.507720,0.912569,1.375898
504,lm,0,35,0,1.402232,0.679660,0.953041
5041,human,0,60,0,1.224476,0.913850,1.118987
5041,lm,0,67,0,1.848602,0.600072,1.109293
5042,human,0,54,0,1.242507,1.148569,1.427106
5042,lm,0,36,0,1.290932,1.094523,1.412954
5043,human,0,128,0,1.533566,0.692497,1.061990
5043,human,1,2,0,1.074906,2.318582,2.492257
5043,lm,0,10,0,1.157574,1.574898,1.823061
5044,human,0,100,0,1.437439,0.726363,1.044103
5044,lm,0,10,0,1.139210,1.958307,2.230923
5045,human,0,21,0,1.091549,1.348954,1.472449
5045,lm,0,17,0,1.190759,1.301783,1.550111
5047,human,0,85,0,1.326105,1.035774,1.373546
5047,lm,0,10,0,1.163519,1.634923,1.902264
5048,human,0,68,0,1.414054,0.629020,0.889469
5048,lm,0,99,0,1.749383,0.460369,0.805361
505,human,0,43,0,1.552627,0.840004,1.304213
505,lm,0,45,0,1.437144,0.848507,1.219426
5050,human,0,128,0,1.415355,0.534394,0.756356
5050,human,1,128,0,1.292160,0.620963,0.802384
5050,human,2,19,0,1.217988,0.985536,1.200372
5050,lm,0,128,0,1.796694,0.295811,0.531482
5050,lm,1,65,0,1.354908,0.824598,1.117254
5051,human,0,123,0,1.316631,0.683667,0.900137
5051,lm,0,20,0,1.150530,1.045877,1.203313
5052,human,0,108,0,1.315414,0.560130,0.736802
5052,lm,0,40,0,1.409560,0.405194,0.571145
5054,human,0,128,0,1.409173,0.560340,0.789616
5054,human,1,25,0,1.271657,0.898899,1.143092
5054,lm,0,128,0,1.928361,0.298183,0.575004
5054,lm,1,30,0,1.375666,1.320926,1.817152
5055,human,0,128,0,1.207991,1.290703,1.559158
5055,human,1,36,0,1.261223,1.125657,1.419705
5055,lm,0,20,0,1.297575,1.310642,1.700656
5058,human,0,21,0,1.211095,0.905441,1.096575
5058,lm,0,124,0,1.542005,0.504876,0.778522
5059,human,0,61,0,1.501248,0.483304,0.725559
5059,lm,0,128,0,2.051083,0.242293,0.496963
5059,lm,1,4,0,1.040483,4.277093,4.450243
506,human,0,128,0,1.313687,1.121946,1.473886
506,human,1,98,0,1.258054,1.129268,1.420680
506,lm,0,42,0,1.396696,0.885751,1.237124
5063,human,0,69,0,1.512174,0.491100,0.742629
5063,lm,0,11,0,1.175550,0.830508,0.976303
5064,human,0,49,0,1.337527,0.771878,1.032408
5064,lm,0,11,0,1.144133,1.475475,1.688140
5066,human,0,84,0,1.214907,0.902999,1.097060
5066,lm,0,60,0,1.355649,0.651034,0.882574
5067,human,0,83,0,1.228534,1.538046,1.889542
5067,lm,0,128,0,2.081159,0.329285,0.685295
5067,lm,1,128,0,1.647102,0.364546,0.600445
5067,lm,2,128,0,1.872150,0.264995,0.496110
5067,lm,3,128,0,1.890216,0.192900,0.364623
5067,lm,4,25,0,1.420358,0.786260,1.116771
5068,human,0,63,0,1.288745,0.652200,0.840520
5068,lm,0,16,0,1.187221,0.666618,0.791422
5069,human,0,94,0,1.465099,0.496423,0.727309
5069,lm,0,65,0,2.311537,0.040706,0.094093
507,human,0,27,0,1.206691,1.819148,2.195149
507,lm,0,60,0,1.514145,0.468831,0.709877
5070,human,0,117,0,1.343213,0.687188,0.923040
5070,lm,0,128,0,1.853020,0.302879,0.561242
5070,lm,1,20,0,1.373552,1.733442,2.380973
5071,human,0,128,0,1.355995,1.045858,1.418179
5071,human,1,128,0,1.387525,0.726473,1.008000
5071,human,2,61,0,1.205130,0.809590,0.975661
5071,lm,0,42,0,1.348664,1.016302,1.370650
5073,human,0,128,0,1.568964,0.647102,1.015280
5073,human,1,36,0,1.272955,0.986793,1.256143
5073,lm,0,27,0,1.520728,0.735537,1.118552
5074,human,0,23,0,1.348830,0.926699,1.249960
5074,lm,0,13,0,1.367904,0.772500,1.056705
5075,human,0,126,0,1.826263,0.301844,0.551246
5075,lm,0,117,0,1.991892,0.207508,0.413334
5076,human,0,52,0,1.167955,1.297849,1.515830
5076,lm,0,128,0,1.868108,0.336197,0.628052
5076,lm,1,3,0,1.180512,1.266268,1.494844
5077,human,0,21,0,1.155899,1.020232,1.179286
5077,lm,0,13,0,1.201167,1.187514,1.426403
5080,human,0,39,0,1.445262,0.652746,0.943389
5080,lm,0,8,0,1.109683,1.618641,1.796178
5081,human,0,38,0,1.404385,0.628298,0.882372
5081,lm,0,10,0,1.204745,1.431991,1.725183
5083,human,0,128,0,1.382769,0.582576,0.805568
5083,human,1,52,0,1.434502,0.645803,0.926406
5083,lm,0,128,0,1.729325,0.363926,0.629346
5083,lm,1,128,0,1.710101,0.399977,0.684001
5083,lm,2,89,0,1.976193,0.301705,0.596227
5084,human,0,128,0,1.130723,1.224263,1.384302
5084,human,1,128,0,1.134441,1.664644,1.888440
5084,human,2,128,0,1.192990,1.322370,1.577575
5084,human,3,128,0,1.207546,1.191140,1.438356
5084,human,4,95,0,1.223040,0.911785,1.115150
5084,lm,0,128,0,2.411997,0.215177,0.519006
5084,lm,1,128,0,3.026050,0.156821,0.474549
5084,lm,2,128,0,3.797392,0.117525,0.446290
5084,lm,3,33,0,2.152236,0.478268,1.029346
5085,human,0,62,0,1.090819,1.807141,1.971264
5085,lm,0,81,0,1.218946,1.607912,1.959958
5088,human,0,128,0,1.469490,0.669766,0.984215
5088,human,1,128,0,1.366516,0.819077,1.119282
5088,human,2,119,0,1.292584,0.955498,1.235061
5088,lm,0,128,0,1.648051,0.516550,0.851300
5088,lm,1,117,0,1.552970,0.303962,0.472044
5089,human,0,62,0,1.540809,0.545691,0.840806
5089,lm,0,46,0,1.856282,0.446152,0.828184
509,human,0,90,0,1.366828,0.306365,0.418748
509,lm,0,10,0,1.077322,2.213964,2.385152
5090,human,0,52,0,1.235684,0.956209,1.181571
5090,lm,0,10,0,1.140753,1.958604,2.234284
5091,human,0,70,0,1.445762,0.890024,1.286763
5091,lm,0,27,0,1.298706,0.920405,1.195335
5092,human,0,128,0,1.420337,0.964597,1.370053
5092,human,1,116,0,1.490398,0.809926,1.207112
5093,human,0,24,0,1.225336,1.205088,1.476638
5093,lm,0,128,0,1.526861,0.659218,1.006534
5093,lm,1,128,0,1.360525,0.705585,0.959967
5093,lm,2,13,0,1.202860,2.797535,3.365044
5094,human,0,22,0,1.165009,0.611041,0.711869
5094,lm,0,2,0,1.099023,1.238552,1.361197
5097,human,0,128,0,1.383405,0.815867,1.128675
5097,human,1,128,0,1.360035,0.594105,0.808004
5097,human,2,71,0,1.263583,0.980590,1.239057
5097,lm,0,10,0,1.323602,1.664824,2.203564
5098,human,0,26,0,1.145410,1.427407,1.634965
5098,lm,0,19,0,1.251928,1.208986,1.513563
5099,human,0,95,0,1.156765,1.472379,1.703197
5099,lm,0,62,0,1.416702,0.601232,0.851767
51,human,0,117,0,1.193621,1.014774,1.211255
51,lm,0,64,0,1.505481,0.552307,0.831488
510,human,0,80,0,2.148481,0.493264,1.059769
510,lm,0,45,0,1.798059,0.529464,0.952008
5100,human,0,128,0,1.334300,0.466460,0.622397
5100,human,1,90,0,1.351384,0.562292,0.759873
5100,lm,0,43,0,1.345958,0.743970,1.001353
5102,human,0,45,0,1.367094,1.043939,1.427162
5102,lm,0,44,0,1.673286,0.463175,0.775024
5105,human,0,61,0,1.221415,1.007723,1.230848
5105,lm,0,42,0,1.392089,0.844191,1.175189
5106,human,0,128,0,1.345076,0.676932,0.910526
5106,human,1,128,0,1.282415,0.835521,1.071486
5106,human,2,48,0,1.402718,1.193899,1.674704
5106,lm,0,67,0,1.481022,0.400232,0.592752
5109,human,0,76,0,1.193758,1.315419,1.570292
5109,lm,0,128,0,1.631425,0.491396,0.801675
5109,lm,1,56,0,1.404903,1.134658,1.594085
511,human,0,71,0,1.292980,0.864016,1.117155
511,lm,0,6,0,1.076910,1.637148,1.763062
5110,human,0,128,0,1.300757,0.883203,1.148832
5110,human,1,54,0,1.202237,1.242869,1.494222
5110,lm,0,51,0,1.392187,0.900751,1.254015
5112,human,0,57,0,1.336765,1.077547,1.440427
5112,lm,0,13,0,1.065440,2.189218,2.332479
5113,human,0,58,0,1.288701,0.939987,1.211362
5113,lm,0,26,0,1.821027,0.744398,1.355568
5114,human,0,20,0,1.138876,1.859144,2.117335
5114,lm,0,10,0,1.113685,2.523171,2.810019
5115,human,0,128,0,1.369311,0.797958,1.092652
5115,human,1,11,0,1.119534,2.902849,3.249839
5115,lm,0,74,0,1.429468,0.845899,1.209185
5118,human,0,128,0,1.270201,1.146333,1.456072
5118,human,1,128,0,1.335022,1.082317,1.444917
5118,human,2,128,0,1.054959,2.057344,2.170413
5118,human,3,128,0,1.298593,1.558105,2.023344
5118,human,4,57,0,1.147071,1.939705,2.224979
5118,lm,0,10,0,1.108974,2.311088,2.562936
5120,human,0,79,0,1.405912,0.685840,0.964231
5120,lm,0,12,0,1.209714,1.121899,1.357178
5121,human,0,22,0,1.204822,0.879445,1.059575
5121,lm,0,12,0,1.265912,1.136552,1.438775
5122,human,0,128,0,1.456576,0.764879,1.114104
5122,human,1,128,0,1.472454,0.752355,1.107807
5122,human,2,128,0,1.365495,0.752824,1.027978
5122,human,3,26,0,1.207073,1.828852,2.207557
5122,lm,0,75,0,1.414217,0.642974,0.909304
5124,human,0,45,0,1.128883,1.015454,1.146329
5124,lm,0,20,0,1.208837,0.806264,0.974642
5125,human,0,37,0,1.188564,1.395421,1.658548
5125,lm,0,79,0,1.333554,0.837646,1.117046
5126,human,0,128,0,1.223420,0.943758,1.154612
5126,human,1,76,0,1.131624,1.426311,1.614048
5126,lm,0,66,0,1.838667,0.483787,0.889524
5127,human,0,16,0,1.182052,1.020895,1.206751
5127,lm,0,5,0,1.008138,2.179131,2.196864
5128,human,0,128,0,1.607880,0.425785,0.684612
5128,human,1,23,0,1.114877,1.857762,2.071176
5128,lm,0,60,0,1.667743,0.557487,0.929744
5129,human,0,61,0,1.297023,0.699611,0.907411
5129,lm,0,29,0,1.300077,0.877837,1.141256
5131,human,0,32,0,1.071970,2.088377,2.238678
5131,lm,0,52,0,1.420732,0.591416,0.840244
5132,human,0,128,0,1.418412,0.486058,0.689431
5132,human,1,128,0,1.080760,1.346286,1.455013
5132,human,2,41,0,1.106016,1.527640,1.689595
5132,lm,0,43,0,1.563014,0.311451,0.486802
5133,human,0,118,0,1.299881,0.770162,1.001119
5133,lm,0,128,0,1.823469,0.273476,0.498674
5133,lm,1,5,0,1.067069,1.581707,1.687791
5134,human,0,39,0,1.330448,1.075022,1.430260
5134,lm,0,30,0,1.224909,1.421551,1.741270
5135,human,0,101,0,1.474933,0.529047,0.780309
5135,lm,0,117,0,2.236319,0.235306,0.526219
5137,human,0,49,0,1.400592,0.668502,0.936299
5137,lm,0,85,0,1.435865,0.817637,1.174017
5138,human,0,24,0,1.451139,0.886644,1.286643
5138,lm,0,23,0,1.676366,0.928161,1.555938
5139,human,0,128,0,1.358780,1.175929,1.597829
5139,human,1,128,0,1.291703,0.961881,1.242465
5139,human,2,128,0,1.250504,0.919911,1.150352
5139,human,3,92,0,1.261367,1.253626,1.581283
5139,lm,0,10,0,1.177851,2.870228,3.380701
5140,human,0,128,0,1.484997,0.671284,0.996855
5140,human,1,128,0,1.303336,1.130439,1.473341
5140,human,2,128,0,1.419177,0.794118,1.126995
5140,human,3,75,0,1.390933,1.137768,1.582559
5140,lm,0,128,0,1.456543,0.588311,0.856900
5140,lm,1,59,0,1.523882,1.025678,1.563012
5142,human,0,128,0,1.308303,0.626050,0.819062
5142,human,1,128,0,1.325943,0.467332,0.619655
5142,human,2,128,0,1.495272,0.483820,0.723443
5142,human,3,83,0,1.336472,0.731599,0.977762
5142,lm,0,128,0,1.798541,0.359233,0.646096
5142,lm,1,41,0,1.522446,0.830078,1.263749
5143,human,0,128,0,1.480816,0.553157,0.819124
5143,human,1,128,0,1.394199,0.666762,0.929599
5143,human,2,128,0,1.349499,1.072415,1.447223
5143,human,3,128,0,1.432108,0.561541,0.804187
5143,human,4,12,0,1.092328,1.294503,1.414023
5143,lm,0,128,0,1.799491,0.540843,0.973242
5143,lm,1,128,0,1.575560,0.573164,0.903055
5143,lm,2,20,0,1.533478,0.853141,1.308273
5145,human,0,128,0,1.219908,1.136371,1.386268
5145,human,1,128,0,1.400008,0.545974,0.764368
5145,human,2,128,0,1.137886,1.549816,1.763514
5145,human,3,13,0,1.140460,2.558580,2.917958
5145,lm,0,117,0,2.110712,0.291338,0.614930
5146,human,0,14,0,1.222539,1.092917,1.336133
5146,lm,0,14,0,1.354507,0.860348,1.165348
5148,human,0,128,0,1.274972,0.850364,1.084190
5148,human,1,4,0,1.052465,2.375882,2.500533
5148,lm,0,19,0,1.134596,1.005507,1.140844
5150,human,0,128,0,1.303295,0.803161,1.046756
5150,human,1,128,0,1.284213,0.930264,1.194658
5150,human,2,128,0,1.451779,0.806088,1.170261
5150,human,3,128,0,1.201701,1.103018,1.325497
5150,human,4,128,0,1.687054,0.736461,1.242450
5150,human,5,84,0,1.204733,1.131258,1.362864
5150,lm,0,128,0,1.607082,0.417902,0.671604
5150,lm,1,17,0,1.105380,1.605127,1.774275
5151,human,0,128,0,1.142044,1.057247,1.207423
5151,human,1,9,0,1.095835,3.537660,3.876691
5151,lm,0,43,0,1.295359,0.868801,1.125408
5152,human,0,128,0,1.476526,0.766233,1.131363
5152,human,1,47,0,1.280413,1.580197,2.023305
5152,lm,0,128,0,1.758163,0.544175,0.956749
5152,lm,1,2,0,1.025353,4.110874,4.215096
5154,human,0,81,0,1.886788,0.345364,0.651629
5154,lm,0,40,0,1.824891,0.457271,0.834470
5155,human,0,128,0,1.286634,0.815889,1.049750
5155,human,1,23,0,1.206204,1.152107,1.389677
5155,lm,0,128,0,1.814861,0.473520,0.859373
5155,lm,1,22,0,1.256523,3.017047,3.790988
5156,human,0,107,0,1.532202,0.508727,0.779472
5156,lm,0,95,0,1.837727,0.323562,0.594619
5158,human,0,90,0,1.575886,0.453957,0.715384
5158,lm,0,95,0,2.021283,0.355238,0.718037
5159,human,0,128,0,1.463423,0.533449,0.780661
5159,human,1,67,0,1.137545,2.066993,2.351298
5159,lm,0,10,0,1.170300,2.586080,3.026489
516,human,0,30,0,1.561183,0.584702,0.912827
516,lm,0,8,0,1.391995,0.831636,1.157633
5160,human,0,94,0,1.388237,0.690809,0.959006
5160,lm,0,128,0,1.449679,0.688106,0.997533
5160,lm,1,27,0,1.142018,2.656705,3.034005
5161,human,0,128,0,1.254986,0.839285,1.053291
5161,human,1,68,0,1.391280,0.560973,0.780471
5161,lm,0,128,0,1.837388,0.352051,0.646855
5161,lm,1,24,0,1.307291,1.394744,1.823337
5162,human,0,16,0,1.075661,1.287852,1.385293
5162,lm,0,57,0,1.664474,0.313310,0.521496
5163,human,0,128,0,1.445376,0.468117,0.676605
5163,human,1,33,0,1.287053,0.843954,1.086214
5163,lm,0,128,0,1.892005,0.324009,0.613027
5163,lm,1,13,0,1.055199,2.779542,2.932970
5164,human,0,128,0,1.580503,0.572822,0.905347
5164,human,1,86,0,1.356030,0.793864,1.076504
5164,lm,0,9,0,1.068131,1.517064,1.620423
5165,human,0,25,0,1.571502,0.972906,1.528923
5165,lm,0,25,0,1.572250,0.972906,1.529652
5167,human,0,17,0,1.135081,1.532876,1.739939
5167,lm,0,10,0,1.159972,1.726301,2.002462
5168,human,0,8,0,1.279607,0.764579,0.978361
5168,lm,0,5,0,1.256158,0.582883,0.732193
5170,human,0,36,0,1.184861,1.369988,1.623245
5170,lm,0,25,0,1.243790,0.883966,1.099468
5171,human,0,96,0,1.422749,0.911292,1.296540
5171,lm,0,12,0,1.208809,1.208504,1.460850
5174,human,0,101,0,1.510916,0.448349,0.677417
5174,lm,0,86,0,2.436275,0.280100,0.682400
5175,human,0,85,0,1.480754,0.601948,0.891336
5175,lm,0,40,0,1.460478,0.513692,0.750235
5178,human,0,128,0,1.319043,0.857703,1.131347
5178,human,1,128,0,1.210814,0.991688,1.200749
5178,human,2,128,0,1.250858,0.912980,1.142008
5178,human,3,53,0,1.223984,1.159794,1.419569
5178,lm,0,34,0,1.544157,0.788733,1.217928
5179,human,0,69,0,1.461357,0.605328,0.884601
5179,lm,0,46,0,1.599631,0.540682,0.864892
5182,human,0,28,0,1.426571,0.550499,0.785326
5182,lm,0,13,0,1.229545,0.816265,1.003635
5184,human,0,128,0,1.293895,0.695691,0.900151
5184,human,1,36,0,1.138570,1.362036,1.550773
5184,lm,0,15,0,1.228397,0.632730,0.777243
5185,human,0,55,0,1.512291,0.804192,1.216173
5185,lm,0,11,0,1.178149,1.012174,1.192491
5186,human,0,34,0,1.284033,1.043705,1.340152
5186,lm,0,31,0,1.296738,0.880253,1.141458
519,human,0,128,0,1.334973,0.678534,0.905825
519,human,1,24,0,1.144752,1.660510,1.900872
519,lm,0,72,0,1.481169,0.541442,0.801966
5191,human,0,18,0,1.043817,1.886321,1.968973
5191,lm,0,101,0,1.825929,0.361718,0.660471
5193,human,0,47,0,1.604726,0.700075,1.123429
5193,lm,0,11,0,1.470430,0.581539,0.855113
5194,human,0,128,0,1.360582,1.072746,1.459558
5194,human,1,85,0,1.671775,0.830858,1.389007
5194,lm,0,88,0,1.985969,0.638521,1.268084
5195,human,0,13,0,1.237235,1.488797,1.841992
5195,lm,0,42,0,1.889689,0.781590,1.476962
5198,human,0,31,0,1.203062,1.120812,1.348405
5198,lm,0,9,0,1.037785,2.271714,2.357551
5199,human,0,128,0,1.320510,0.780248,1.030326
5199,human,1,128,0,1.242410,1.032251,1.282480
5199,human,2,128,0,1.295966,0.826257,1.070800
5199,human,3,98,0,1.261416,0.821270,1.035963
5199,lm,0,128,0,1.608693,0.609271,0.980130
5199,lm,1,14,0,1.157712,2.061310,2.386403
52,human,0,78,0,1.640468,0.420126,0.689203
52,lm,0,99,0,2.550987,0.239216,0.610237
520,human,0,67,0,1.313881,0.746699,0.981073
520,lm,0,128,0,2.394095,0.126149,0.302012
520,lm,1,110,0,2.261854,0.147201,0.332947
5200,human,0,63,0,1.314981,0.810020,1.065161
5200,lm,0,93,0,1.693885,0.452191,0.765960
5201,human,0,40,0,1.496497,0.759714,1.136910
5201,lm,0,8,0,1.094304,3.325021,3.638584
5202,human,0,42,0,1.345439,0.787436,1.059447
5202,lm,0,10,0,1.594287,1.196873,1.908159
5205,human,0,26,0,1.306964,1.122217,1.466697
5205,lm,0,36,0,1.557755,0.685772,1.068265
5207,human,0,69,0,1.688271,0.449669,0.759162
5207,lm,0,10,0,1.118635,1.165184,1.303417
5209,human,0,128,0,1.461379,0.671212,0.980895
5209,human,1,51,0,1.315582,0.987573,1.299233
5209,lm,0,23,0,1.337992,1.213015,1.623004
521,human,0,36,0,1.075909,2.410958,2.593972
521,lm,0,10,0,1.026382,2.802411,2.876345
5210,human,0,128,0,1.214559,1.357455,1.648709
5210,human,1,128,0,1.324328,0.738006,0.977362
5210,human,2,6,0,0.980537,5.734110,5.622507
5210,lm,0,50,0,1.928726,0.497544,0.959627
5211,human,0,113,0,1.413275,0.565088,0.798625
5211,lm,0,72,0,1.588644,0.344367,0.547076
5213,human,0,65,0,1.218685,1.095730,1.335349
5213,lm,0,35,0,1.406017,0.619684,0.871286
5214,human,0,128,0,1.545883,0.580463,0.897328
5214,human,1,1,0,nan,nan,nan
5214,lm,0,36,0,1.391006,0.765932,1.065415
5217,human,0,88,0,1.315313,1.294847,1.703129
5217,lm,0,97,0,1.555132,0.758447,1.179485
5219,human,0,52,0,1.346360,1.058714,1.425411
5219,lm,0,128,0,2.235103,0.170738,0.381617
5219,lm,1,81,0,1.491815,0.122434,0.182649
5220,human,0,128,0,1.467237,0.589960,0.865611
5220,human,1,33,0,1.242860,1.041690,1.294675
5220,lm,0,27,0,1.489075,0.904228,1.346463
5221,human,0,32,0,1.235656,0.922409,1.139781
5221,lm,0,10,0,1.125879,2.698067,3.037698
5223,human,0,93,0,1.202098,1.358898,1.633528
5223,lm,0,10,0,1.148616,2.396836,2.753045
5224,human,0,86,0,1.266203,0.834556,1.056717
5224,lm,0,45,0,1.239481,1.276329,1.581985
5225,human,0,128,0,1.395746,0.521974,0.728543
5225,human,1,128,0,1.329499,0.959005,1.274996
5225,human,2,60,0,1.446872,0.610426,0.883209
5225,lm,0,128,0,2.393413,0.211533,0.506285
5225,lm,1,38,0,1.759553,0.392837,0.691217
5226,human,0,128,0,1.391409,0.771675,1.073716
5226,human,1,128,0,1.585829,0.585822,0.929013
5226,human,2,128,0,1.357443,1.174099,1.593772
5226,human,3,31,0,1.297675,1.011793,1.312979
5226,lm,0,72,0,1.353528,0.584703,0.791412
5227,human,0,34,0,1.337025,0.731124,0.977531
5227,lm,0,22,0,1.318631,1.005409,1.325763
5228,human,0,84,0,1.444859,0.642792,0.928744
5228,lm,0,70,0,1.742667,0.576243,1.004199
5229,human,0,128,0,1.422276,0.728126,1.035597
5229,human,1,98,0,1.188463,1.199337,1.425368
5229,lm,0,122,0,1.596343,0.475030,0.758311
5230,human,0,128,0,1.121685,1.551164,1.739918
5230,human,1,13,0,1.010951,3.743101,3.784092
5230,lm,0,13,0,1.139470,1.819246,2.072977
5231,human,0,128,0,1.245931,0.482579,0.601261
5231,human,1,128,0,1.311129,0.620417,0.813447
5231,human,2,128,0,1.328909,0.839785,1.115998
5231,human,3,26,0,1.101961,1.570545,1.730679
5231,lm,0,9,0,1.127879,0.973467,1.097953
5232,human,0,43,0,1.428692,0.887515,1.267986
5232,lm,0,12,0,1.182695,1.147530,1.357178
5233,human,0,23,0,1.120758,1.470580,1.648163
5233,lm,0,23,0,1.303456,0.508899,0.663328
5235,human,0,121,0,1.478198,0.449789,0.664878
5235,lm,0,56,0,1.644782,0.523544,0.861115
5237,human,0,77,0,1.281193,0.641249,0.821564
5237,lm,0,52,0,1.830355,0.597901,1.094372
5239,human,0,40,0,1.207199,1.582278,1.910125
5239,lm,0,54,0,1.858001,0.317019,0.589021
524,human,0,24,0,1.239960,1.558457,1.932425
524,lm,0,9,0,0.970337,5.874931,5.700661
5240,human,0,54,0,1.313483,0.647170,0.850047
5240,lm,0,19,0,1.214198,0.488196,0.592766
5241,human,0,128,0,1.333189,0.595809,0.794326
5241,human,1,128,0,1.214606,0.763981,0.927936
5241,human,2,128,0,1.183882,0.975617,1.155016
5241,human,3,128,0,1.347378,0.432534,0.582786
5241,human,4,55,0,1.101542,1.444027,1.590657
5241,lm,0,128,0,2.036214,0.293534,0.597697
5241,lm,1,128,0,2.763890,0.198722,0.549247
5241,lm,2,128,0,2.565931,0.202476,0.519540
5241,lm,3,128,0,2.601827,0.210255,0.547047
5241,lm,4,128,0,3.264692,0.161143,0.526082
5241,lm,5,38,0,2.301477,0.422088,0.971426
5242,human,0,128,0,1.814714,0.320045,0.580790
5242,human,1,109,0,1.459426,0.539227,0.786962
5242,lm,0,128,0,2.193251,0.231233,0.507151
5242,lm,1,28,0,1.474848,0.875674,1.291487
5244,human,0,128,0,1.577625,0.741088,1.169159
5244,human,1,29,0,1.128764,3.399238,3.836938
5244,lm,0,58,0,1.686997,0.557456,0.940426
5245,human,0,43,0,1.256280,0.991498,1.245599
5245,lm,0,28,0,1.567996,0.560778,0.879298
5247,human,0,19,0,1.137569,1.585851,1.804015
5247,lm,0,36,0,1.457748,0.808599,1.178734
5248,human,0,128,0,1.148042,1.563995,1.795532
5248,human,1,128,0,1.065333,2.379233,2.534676
5248,human,2,128,0,1.161644,1.760654,2.045253
5248,human,3,128,0,1.066305,1.873743,1.997982
5248,human,4,128,0,1.073353,2.064102,2.215510
5248,human,5,128,0,1.115603,1.075853,1.200224
5248,human,6,128,0,1.274936,0.724033,0.923096
5248,human,7,128,0,1.000436,1.517900,1.518563
5248,human,8,22,0,1.162591,1.673757,1.945894
5248,lm,0,128,0,1.344329,0.874148,1.175142
5248,lm,1,128,0,1.296901,0.642690,0.833506
5248,lm,2,128,0,1.324862,0.740159,0.980608
5248,lm,3,1,0,nan,nan,nan
525,human,0,42,0,1.200473,1.440722,1.729548
525,lm,0,9,0,1.118722,1.943028,2.173707
5251,human,0,128,0,1.215623,1.263533,1.535980
5251,human,1,128,0,1.345884,1.011708,1.361641
5251,human,2,128,0,1.238105,1.089577,1.349011
5251,human,3,23,0,1.098703,1.782250,1.958163
5251,lm,0,128,0,1.668759,0.382766,0.638744
5251,lm,1,33,0,1.362168,0.987011,1.344475
5252,human,0,21,0,1.137093,1.249249,1.420512
5252,lm,0,74,0,1.689105,0.889127,1.501828
5253,human,0,128,0,1.305097,0.929003,1.212440
5253,human,1,128,0,1.214849,1.259832,1.530505
5253,human,2,128,0,1.297245,1.256161,1.629548
5253,human,3,128,0,1.150013,1.401063,1.611241
5253,human,4,128,0,1.196894,1.410508,1.688230
5253,human,5,128,0,1.194194,1.432034,1.710125
5253,human,6,128,0,1.194325,1.490505,1.780147
5253,human,7,76,0,1.289694,1.204567,1.553522
5253,lm,0,86,0,1.539758,0.481002,0.740627
5254,human,0,119,0,1.238263,0.977968,1.210982
5254,lm,0,128,0,1.673548,0.689551,1.153997
5254,lm,1,128,0,1.533206,0.720618,1.104856
5254,lm,2,88,0,1.436990,0.916861,1.317519
5255,human,0,38,0,1.366571,0.526938,0.720098
5255,lm,0,12,0,1.155115,0.985087,1.137889
5256,human,0,100,0,1.404883,0.697439,0.979820
5256,lm,0,29,0,1.287037,1.395866,1.796531
5257,human,0,16,0,1.059946,1.789652,1.896933
5257,lm,0,16,0,1.127265,1.278443,1.441145
5258,human,0,29,0,1.242008,1.353808,1.681440
5258,lm,0,50,0,1.394662,0.796391,1.110697
5259,human,0,59,0,1.403077,0.536412,0.752627
5259,lm,0,9,0,1.069051,2.482013,2.653398
526,human,0,59,0,1.304714,0.826150,1.077889
526,lm,0,59,0,1.744174,0.513943,0.896406
5260,human,0,46,0,1.336697,1.097831,1.467466
5260,lm,0,10,0,1.117836,1.567860,1.752611
5264,human,0,121,0,1.555276,0.385019,0.598810
5264,lm,0,52,0,2.416483,0.273305,0.660437
5265,human,0,128,0,1.374643,0.681650,0.937025
5265,human,1,47,0,1.293943,1.128532,1.460256
5265,lm,0,39,0,1.559661,0.556129,0.867372
5267,human,0,107,0,1.454198,0.583140,0.848001
5267,lm,0,10,0,1.184235,0.959805,1.136635
5269,human,0,128,0,1.219165,1.031889,1.258043
5269,human,1,128,0,1.177981,1.452127,1.710578
5269,human,2,128,0,1.250707,1.156088,1.445928
5269,human,3,36,0,1.102025,1.863290,2.053392
5269,lm,0,128,0,2.308725,0.078919,0.182203
5269,lm,1,49,0,1.445772,0.118961,0.171991
527,human,0,109,0,1.576710,0.356358,0.561873
527,lm,0,37,0,1.406489,0.846887,1.191137
5270,human,0,123,0,1.348755,0.621159,0.837792
5270,lm,0,64,0,2.144637,0.173997,0.373160
5271,human,0,62,0,1.629305,0.904243,1.473287
5271,lm,0,10,0,1.161390,1.996074,2.318220
5273,human,0,63,0,1.529975,0.903090,1.381705
5273,lm,0,8,0,1.211207,1.982539,2.401264
5274,human,0,30,0,1.361705,0.663621,0.903656
5274,lm,0,51,0,1.414189,0.402124,0.568679
5276,human,0,128,0,1.407494,0.757667,1.066412
5276,human,1,51,0,1.292196,1.373994,1.775470
5277,human,0,94,0,1.536959,0.578591,0.889271
5277,lm,0,10,0,1.061258,3.342306,3.547050
5278,human,0,128,0,1.520775,0.426364,0.648404
5278,human,1,4,0,1.218239,0.745925,0.908716
5278,lm,0,63,0,1.542300,0.422311,0.651330
528,human,0,64,0,1.216719,0.943421,1.147879
528,lm,0,54,0,1.830627,0.440149,0.805748
5280,human,0,128,0,1.157284,1.125738,1.302799
5280,human,1,31,0,1.087785,2.157610,2.347015
5280,lm,0,128,0,1.344837,0.980651,1.318816
5280,lm,1,74,0,1.438552,0.596954,0.858749
5281,human,0,128,0,1.260884,1.101307,1.388621
5281,human,1,128,0,1.196107,1.333536,1.595052
5281,human,2,21,0,1.277455,1.803909,2.304412
5281,lm,0,94,0,1.542657,0.757286,1.168233
5282,human,0,98,0,1.327644,0.856897,1.137654
5282,lm,0,31,0,1.675219,0.545771,0.914286
5286,human,0,60,0,1.364053,0.939872,1.282035
5286,lm,0,128,0,3.002319,0.123297,0.370176
5286,lm,1,128,0,2.422102,0.127835,0.309631
5286,lm,2,128,0,2.160136,0.156367,0.337775
5286,lm,3,25,0,1.341023,0.575999,0.772428
5289,human,0,93,0,1.304728,0.648093,0.845585
5289,lm,0,128,0,1.817207,0.213779,0.388480
5289,lm,1,81,0,1.728764,0.237163,0.409999
529,human,0,43,0,1.300124,0.630330,0.819507
529,lm,0,92,0,2.269589,0.177857,0.403662
5291,human,0,128,0,1.440492,0.920755,1.326340
5291,human,1,128,0,1.328360,1.257393,1.670271
5291,human,2,76,0,1.454661,0.790909,1.150504
5291,lm,0,81,0,2.388632,0.195596,0.467208
5292,human,0,128,0,1.225876,0.980756,1.202285
5292,human,1,88,0,1.282745,1.340657,1.719721
5292,lm,0,11,0,1.138214,1.517987,1.727795
5293,human,0,82,0,1.136925,0.900422,1.023712
5293,lm,0,75,0,1.672622,0.401072,0.670842
5294,human,0,16,0,1.343178,0.582653,0.782607
5294,lm,0,7,0,1.177724,0.649565,0.765008
5296,human,0,128,0,1.338344,0.419035,0.560813
5296,human,1,128,0,1.273846,0.833426,1.061656
5296,human,2,61,0,1.393367,1.107777,1.543539
5296,lm,0,128,0,2.049447,0.144090,0.295305
5296,lm,1,69,0,1.558556,0.218643,0.340767
5297,human,0,26,0,1.086711,2.153840,2.340602
5297,lm,0,6,0,1.018626,3.625304,3.692828
5299,human,0,43,0,1.302852,1.310655,1.707589
5299,lm,0,128,0,2.724804,0.131488,0.358280
5299,lm,1,128,0,2.460020,0.143067,0.351948
5299,lm,2,128,0,2.221865,0.164565,0.365641
5299,lm,3,85,0,2.147102,0.204919,0.439981
5300,human,0,128,0,1.279630,0.912448,1.167596
5300,human,1,128,0,1.366005,0.739565,1.010250
5300,human,2,128,0,1.138382,1.230447,1.400719
5300,human,3,128,0,1.106138,1.790837,1.980912
5300,human,4,28,0,1.105728,1.924319,2.127773
5300,lm,0,9,0,0.980750,5.874931,5.761839
5302,human,0,71,0,1.415315,0.792249,1.121281
5302,lm,0,35,0,1.766804,0.443435,0.783462
5303,human,0,128,0,1.311392,0.792919,1.039827
5303,human,1,10,0,1.203029,2.741468,3.298066
5303,lm,0,69,0,2.149079,0.269302,0.578752
5305,human,0,45,0,1.293263,0.900372,1.164418
5305,lm,0,36,0,1.453563,0.784581,1.140438
5306,human,0,21,0,1.175406,1.094149,1.286068
5306,lm,0,7,0,1.069814,1.491706,1.595848
5307,human,0,47,0,1.406520,0.831499,1.169521
5307,lm,0,12,0,1.077975,2.244587,2.419608
5308,human,0,128,0,1.445806,0.488295,0.705979
5308,human,1,64,0,1.528740,0.891776,1.363293
5310,human,0,64,0,1.667885,0.444891,0.742026
5310,lm,0,53,0,1.931807,0.383712,0.741257
5311,human,0,128,0,1.294306,0.670091,0.867302
5311,human,1,128,0,1.266982,1.004674,1.272903
5311,human,2,64,0,1.402005,0.656648,0.920623
5311,lm,0,86,0,1.577933,0.417047,0.658073
5312,human,0,72,0,1.450660,1.033194,1.498814
5312,lm,0,29,0,1.448689,0.934707,1.354100
5313,human,0,61,0,1.430502,1.056681,1.511584
5313,lm,0,30,0,1.467331,0.330045,0.484286
5314,human,0,24,0,1.267002,0.935299,1.185026
5314,lm,0,9,0,1.020468,2.164893,2.209205
5315,human,0,43,0,1.278226,1.290057,1.648984
5315,lm,0,9,0,1.032389,1.502248,1.550905
5316,human,0,128,0,1.407239,0.776914,1.093303
5316,human,1,128,0,1.538922,0.726839,1.118548
5316,human,2,128,0,1.374342,1.032382,1.418846
5316,human,3,122,0,1.488364,0.930755,1.385302
5316,lm,0,50,0,1.667244,0.534657,0.891404
5317,human,0,43,0,1.078624,1.617456,1.744626
5317,lm,0,12,0,1.098138,1.722647,1.891704
5318,human,0,128,0,1.607931,0.771481,1.240488
5318,human,1,60,0,1.368370,0.885769,1.212060
5318,lm,0,10,0,1.483467,1.038591,1.540716
5319,human,0,128,0,1.235787,1.215250,1.501790
5319,human,1,95,0,1.588771,0.577812,0.918011
5319,lm,0,81,0,2.200275,0.249613,0.549218
532,human,0,101,0,1.404701,0.820831,1.153022
532,lm,0,13,0,1.160761,1.143982,1.327890
5320,human,0,21,0,1.211395,1.208055,1.463432
5320,lm,0,11,0,1.145699,1.227849,1.406746
5321,human,0,20,0,1.187511,0.957629,1.137195
5321,lm,0,11,0,1.151662,0.949205,1.093164
5322,human,0,107,0,1.596931,0.472134,0.753966
5322,lm,0,10,0,1.066627,3.016104,3.217057
5325,human,0,93,0,1.361717,0.974863,1.327487
5325,lm,0,128,0,2.004830,0.360431,0.722604
5325,lm,1,83,0,1.745594,0.407053,0.710549
5329,human,0,51,0,1.419126,0.973556,1.381599
5329,lm,0,12,0,1.207081,1.626264,1.963032
533,human,0,128,0,1.511043,0.559797,0.845877
533,human,1,31,0,1.124969,1.605294,1.805905
533,lm,0,128,0,2.275127,0.240445,0.547044
533,lm,1,128,0,2.574669,0.161335,0.415383
533,lm,2,128,0,2.110098,0.219668,0.463520
533,lm,3,62,0,1.845007,0.377013,0.695592
5330,human,0,128,0,1.326260,0.807132,1.070467
5330,human,1,128,0,1.351074,0.826146,1.116185
5330,human,2,55,0,1.338314,0.645852,0.864353
5330,lm,0,128,0,1.619913,0.321607,0.520976
5330,lm,1,28,0,1.285936,1.318245,1.695178
5331,human,0,128,0,1.514278,0.455851,0.690286
5331,human,1,128,0,1.387437,0.731713,1.015206
5331,human,2,128,0,1.399704,0.766456,1.072812
5331,human,3,128,0,1.367445,0.853249,1.166771
5331,human,4,55,0,1.548293,0.781873,1.210569
5331,lm,0,128,0,1.905693,0.333020,0.634635
5331,lm,1,128,0,2.433048,0.223736,0.544360
5331,lm,2,128,0,1.854073,0.364955,0.676654
5331,lm,3,128,0,2.540866,0.226439,0.575351
5331,lm,4,77,0,2.010881,0.391278,0.786814
5332,human,0,28,0,1.143009,1.531474,1.750488
5332,lm,0,91,0,1.442600,0.929240,1.340523
5336,human,0,128,0,1.380440,0.718162,0.991380
5336,human,1,128,0,1.173737,1.708399,2.005210
5336,human,2,128,0,1.233448,1.042721,1.286142
5336,human,3,128,0,1.227112,1.096801,1.345898
5336,human,4,128,0,1.412772,0.990439,1.399265
5336,human,5,22,0,1.227973,1.257016,1.543582
5336,lm,0,39,0,1.405960,0.445145,0.625856
5338,human,0,24,0,1.293559,0.843380,1.090962
5338,lm,0,12,0,1.151708,1.847907,2.128249
5339,human,0,60,0,1.451516,0.618316,0.897496
5339,lm,0,128,0,1.826178,0.379964,0.693883
5339,lm,1,128,0,1.957806,0.366209,0.716966
5339,lm,2,128,0,1.565308,0.460352,0.720593
5339,lm,3,85,0,1.434963,0.542491,0.778455
534,human,0,30,0,1.368321,0.703010,0.961943
534,lm,0,36,0,1.443172,0.885527,1.277967
5340,human,0,128,0,1.191764,0.980107,1.168056
5340,human,1,113,0,1.269935,0.917620,1.165318
5341,human,0,128,0,1.641951,0.305281,0.501257
5341,lm,0,48,0,2.044015,0.185827,0.379833
5342,human,0,54,0,1.318762,0.790792,1.042866
5342,lm,0,48,0,1.504373,0.484112,0.728285
5343,human,0,75,0,1.342048,0.815982,1.095087
5343,lm,0,39,0,1.279183,0.790657,1.011394
5344,human,0,46,0,1.267280,1.487974,1.885680
5344,lm,0,44,0,1.299789,0.725801,0.943389
5346,human,0,24,0,1.243863,1.127289,1.402194
5346,lm,0,15,0,1.212548,0.816688,0.990273
5347,human,0,31,0,1.279752,0.573280,0.733656
5347,lm,0,98,0,1.860454,0.400990,0.746023
5348,human,0,78,0,1.293183,0.826329,1.068594
5348,lm,0,117,0,1.965242,0.411780,0.809248
5349,human,0,47,0,1.468644,0.536996,0.788656
5349,lm,0,10,0,1.312992,0.964404,1.266254
5350,human,0,128,0,1.323586,1.285514,1.701488
5350,human,1,128,0,1.433931,0.906673,1.300106
5350,human,2,128,0,1.452766,0.791352,1.149650
5350,human,3,128,0,1.538756,0.774797,1.192223
5350,human,4,128,0,1.741387,0.744781,1.296953
5350,human,5,1,0,nan,nan,nan
5350,lm,0,128,0,1.604967,0.522281,0.838244
5350,lm,1,23,0,1.174521,1.159575,1.361945
5351,human,0,91,0,1.164945,1.416226,1.649825
5351,lm,0,17,0,1.197030,1.615445,1.933737
5352,human,0,38,0,1.325820,0.959231,1.271768
5352,lm,0,37,0,1.385751,0.816862,1.131967
5355,human,0,13,0,1.167032,1.153891,1.346627
5355,lm,0,11,0,1.181221,1.041435,1.230165
5357,human,0,21,0,1.162068,1.300368,1.511116
5357,lm,0,10,0,1.109806,2.358622,2.617613
5358,human,0,57,0,1.346367,0.878074,1.182210
5358,lm,0,10,0,1.192678,2.870228,3.423257
5359,human,0,22,0,1.361774,0.461559,0.628538
5359,lm,0,19,0,1.635575,0.343111,0.561184
536,human,0,120,0,1.329408,0.689957,0.917235
536,lm,0,55,0,1.715989,0.467004,0.801373
5360,human,0,38,0,1.218715,1.391142,1.695406
5361,human,0,128,0,1.442678,0.502616,0.725114
5361,human,1,128,0,1.199341,1.043702,1.251755
5361,human,2,45,0,1.206529,0.963420,1.162394
5361,lm,0,18,0,1.318920,1.052266,1.387854
5362,human,0,128,0,1.262182,0.675164,0.852180
5362,human,1,88,0,1.223665,0.726309,0.888758
5362,lm,0,128,0,1.887984,0.394728,0.745240
5362,lm,1,128,0,2.114348,0.349708,0.739404
5362,lm,2,128,0,1.749468,0.449989,0.787241
5362,lm,3,128,0,1.516154,0.507526,0.769488
5362,lm,4,128,0,1.514177,0.483557,0.732191
5362,lm,5,103,0,1.457960,0.715409,1.043037
5363,human,0,12,0,1.136112,1.036013,1.177027
5363,lm,0,6,0,1.097495,0.838456,0.920202
5367,human,0,128,0,1.178089,0.889078,1.047412
5367,human,1,68,0,1.214021,0.949312,1.152485
5367,lm,0,71,0,1.541603,0.598525,0.922688
5368,human,0,23,0,1.160392,1.368230,1.587683
5368,lm,0,11,0,1.046269,1.754306,1.835476
5369,human,0,56,0,1.525397,0.660077,1.006879
5369,lm,0,37,0,1.311387,0.984269,1.290757
537,human,0,61,0,1.293189,0.893760,1.155800
537,lm,0,16,0,1.194629,1.093335,1.306129
5370,human,0,72,0,1.338108,0.355735,0.476012
5370,lm,0,128,0,3.124064,0.061163,0.191077
5370,lm,1,11,0,1.879919,0.345441,0.649400
5371,human,0,61,0,1.685961,0.360199,0.607282
5371,lm,0,10,0,1.168221,0.613293,0.716462
5372,human,0,128,0,1.402980,0.563347,0.790365
5372,human,1,128,0,1.549084,0.867638,1.344044
5372,lm,0,128,0,1.862929,0.264352,0.492469
5372,lm,1,32,0,1.227311,1.282449,1.573963
5373,human,0,128,0,1.645877,0.401244,0.660399
5373,human,1,54,0,1.506671,0.559620,0.843164
5373,lm,0,79,0,1.806551,0.447615,0.808639
5375,human,0,59,0,1.335260,0.574996,0.767770
5375,lm,0,16,0,1.280141,0.769414,0.984959
5376,human,0,74,0,1.753602,0.601107,1.054103
5376,lm,0,19,0,1.557907,0.656605,1.022929
5379,human,0,128,0,1.403419,0.560164,0.786144
5379,human,1,91,0,1.374050,0.689720,0.947710
5379,lm,0,32,0,1.357438,0.551464,0.748578
538,human,0,109,0,1.431611,0.640182,0.916492
538,lm,0,115,0,1.771052,0.430252,0.761999
5382,human,0,128,0,1.423050,0.643874,0.916264
5382,human,1,29,0,1.143561,1.166605,1.334084
5382,lm,0,77,0,1.830099,0.488621,0.894226
5383,human,0,21,0,1.131295,1.885671,2.133251
5383,lm,0,11,0,1.143002,1.650584,1.886621
5384,human,0,84,0,1.425135,0.628292,0.895401
5384,lm,0,14,0,1.173460,1.195948,1.403397
5385,human,0,33,0,1.147413,1.299493,1.491056
5385,lm,0,31,0,1.359397,0.832320,1.131453
5386,human,0,128,0,1.388265,0.695461,0.965485
5386,human,1,128,0,1.355544,0.613705,0.831904
5386,human,2,128,0,1.521521,0.560345,0.852577
5386,human,3,49,0,1.344756,1.073994,1.444260
5386,lm,0,128,0,1.901623,0.369576,0.702795
5386,lm,1,47,0,1.351341,0.631422,0.853266
5387,human,0,128,0,1.234425,1.039905,1.283685
5387,human,1,18,0,1.018451,1.930525,1.966144
5387,lm,0,46,0,1.379249,1.209785,1.668595
5388,human,0,55,0,1.453797,0.564241,0.820292
5388,lm,0,68,0,1.923072,0.366655,0.705104
5389,human,0,90,0,1.254910,0.724648,0.909368
5389,lm,0,5,0,0.983244,5.866468,5.768171
539,human,0,73,0,1.325759,0.895317,1.186974
539,lm,0,86,0,1.734879,0.438925,0.761481
5390,human,0,128,0,1.459614,0.492188,0.718404
5390,human,1,21,0,1.266674,1.524189,1.930651
5390,lm,0,42,0,1.461537,0.549603,0.803265
5392,human,0,128,0,1.351439,0.830405,1.122242
5392,human,1,128,0,1.590253,0.601474,0.956495
5392,human,2,10,0,1.382559,2.168572,2.998179
5392,lm,0,95,0,2.368406,0.279777,0.662625
5393,human,0,126,0,1.299608,0.828852,1.077183
5393,lm,0,22,0,1.349029,0.937512,1.264731
5394,human,0,44,0,1.211611,1.310721,1.588084
5394,lm,0,43,0,1.311378,1.020530,1.338300
5396,human,0,57,0,1.228787,0.900349,1.106336
5396,lm,0,78,0,1.576765,0.310459,0.489521
5397,human,0,100,0,1.267777,1.060105,1.343977
5397,lm,0,128,0,1.810805,0.171527,0.310602
5397,lm,1,64,0,1.396117,0.131726,0.183904
5398,human,0,128,0,1.390799,0.671257,0.933584
5398,human,1,128,0,1.264372,1.033878,1.307206
5398,human,2,128,0,1.303768,0.905958,1.181159
5398,human,3,128,0,1.192083,1.206400,1.438128
5398,human,4,128,0,1.208288,0.984858,1.189992
5398,human,5,26,0,1.246079,1.125524,1.402493
5398,lm,0,110,0,1.603197,0.441185,0.707306
54,human,0,128,0,1.204206,1.194722,1.438691
54,human,1,67,0,1.302549,1.293594,1.684970
54,lm,0,45,0,1.256385,1.045963,1.314131
540,human,0,90,0,1.759944,0.388362,0.683495
540,lm,0,14,0,1.239075,1.097521,1.359911
5400,human,0,31,0,1.415751,0.744335,1.053793
5400,lm,0,55,0,1.616687,0.596620,0.964548
5401,human,0,28,0,1.410714,0.548763,0.774147
5401,lm,0,15,0,1.268715,0.762134,0.966931
5403,human,0,39,0,1.171063,1.400780,1.640402
5403,lm,0,29,0,1.393909,0.960156,1.338371
5405,human,0,128,0,1.223938,1.094320,1.339380
5405,human,1,128,0,1.281652,1.029613,1.319605
5405,human,2,128,0,1.154436,1.512051,1.745566
5405,human,3,128,0,1.209824,1.511037,1.828090
5405,human,4,128,0,1.142811,1.459287,1.667690
5405,human,5,78,0,1.193668,1.345633,1.606240
5405,lm,0,89,0,1.857070,0.297293,0.552094
5406,human,0,32,0,1.243853,1.038145,1.291300
5406,lm,0,11,0,1.122347,1.610167,1.807166
5407,human,0,128,0,1.754419,0.287858,0.505023
5407,human,1,45,0,1.325286,0.890484,1.180145
5407,lm,0,58,0,1.576958,0.549685,0.866830
5408,human,0,128,0,1.317859,0.883573,1.164425
5408,human,1,105,0,1.303943,0.756029,0.985819
5408,lm,0,43,0,1.345842,0.789617,1.062699
5409,human,0,13,0,1.088372,1.807789,1.967548
5409,lm,0,79,0,1.636260,0.332669,0.544333
541,human,0,128,0,1.254734,0.939523,1.178851
541,human,1,54,0,1.239615,1.063417,1.318228
541,lm,0,13,0,1.212102,1.352450,1.639308
5410,human,0,13,0,1.062310,1.924322,2.044227
5410,lm,0,128,0,2.285772,0.137315,0.313871
5410,lm,1,128,0,1.705314,0.234669,0.400185
5410,lm,2,12,0,1.195263,1.757139,2.100243
5411,human,0,128,0,1.230383,1.022662,1.258266
5411,human,1,29,0,1.276949,1.314919,1.679085
5411,lm,0,55,0,1.737308,0.483529,0.840039
5414,human,0,89,0,1.301048,0.756664,0.984456
5414,lm,0,59,0,1.576267,0.565869,0.891961
5415,human,0,79,0,1.214781,1.204162,1.462793
5415,lm,0,7,0,1.077822,1.671435,1.801509
5417,human,0,128,0,1.229328,0.827800,1.017638
5417,human,1,128,0,1.222796,0.982159,1.200980
5417,human,2,106,0,1.150862,1.517098,1.745970
5417,lm,0,128,0,1.446559,0.611533,0.884619
5417,lm,1,54,0,1.222330,1.411099,1.724828
5418,human,0,60,0,1.284592,0.624737,0.802532
5418,lm,0,128,0,2.318139,0.147841,0.342716
5418,lm,1,128,0,1.719368,0.178474,0.306862
5418,lm,2,13,0,1.239381,1.076162,1.333775
5419,human,0,128,0,1.455812,0.399756,0.581969
5419,human,1,65,0,1.411788,0.521646,0.736454
5419,lm,0,128,0,2.017410,0.286725,0.578441
5419,lm,1,90,0,2.023449,0.278578,0.563689
542,human,0,56,0,1.509707,0.562356,0.848994
542,lm,0,58,0,1.780123,0.521237,0.927867
5421,human,0,74,0,1.290932,0.729426,0.941639
5421,lm,0,46,0,1.520470,0.495956,0.754086
5422,human,0,128,0,1.378697,0.665474,0.917487
5422,human,1,128,0,1.644991,0.257579,0.423715
5422,human,2,128,0,1.379472,0.439433,0.606185
5422,human,3,26,0,1.631038,0.476101,0.776538
5422,lm,0,46,0,1.549629,0.361861,0.560750
5424,human,0,42,0,1.264706,0.826254,1.044968
5424,lm,0,11,0,1.115909,2.394548,2.672097
5427,human,0,80,0,1.188559,0.930306,1.105724
5427,lm,0,127,0,1.859496,0.292732,0.544334
543,human,0,128,0,1.531929,0.503228,0.770909
543,human,1,16,0,1.184852,1.502053,1.779710
543,lm,0,22,0,1.661892,0.620987,1.032013
5431,human,0,24,0,1.539484,0.540147,0.831547
5431,lm,0,19,0,1.426376,0.572496,0.816595
5433,human,0,116,0,1.599907,0.589222,0.942700
5433,lm,0,40,0,1.446080,0.777351,1.124112
5434,human,0,128,0,1.375696,0.888413,1.222187
5434,human,1,22,0,1.395382,1.381125,1.927197
5434,lm,0,6,0,1.198498,0.942543,1.129636
5435,human,0,128,0,1.385728,0.537910,0.745398
5435,human,1,106,0,2.182094,0.347986,0.759337
5435,lm,0,10,0,1.150020,2.623512,3.017092
5436,human,0,128,0,1.354854,0.707300,0.958288
5436,human,1,128,0,1.299711,0.942190,1.224575
5436,human,2,24,0,1.385261,0.975298,1.351042
5436,lm,0,65,0,1.508266,0.541317,0.816449
5437,human,0,91,0,1.344443,0.877373,1.179578
5437,lm,0,78,0,1.632920,0.583124,0.952195
5439,human,0,33,0,1.274300,1.020006,1.299793
5439,lm,0,23,0,1.369488,0.932752,1.277393
5440,human,0,59,0,1.412936,1.085464,1.533691
5440,lm,0,55,0,1.581654,0.725910,1.148138
5442,human,0,128,0,1.265683,1.143804,1.447694
5442,human,1,25,0,1.173364,1.379952,1.619186
5442,lm,0,9,0,0.949946,5.874931,5.580868
5443,human,0,128,0,1.177679,1.226587,1.444526
5443,human,1,89,0,1.220431,1.536143,1.874757
5443,lm,0,111,0,1.433095,0.651330,0.933417
5446,human,0,128,0,1.173519,1.122285,1.317022
5446,human,1,128,0,1.221616,1.331069,1.626055
5446,human,2,128,0,1.121551,1.087169,1.219315
5446,human,3,42,0,1.117032,1.729079,1.931436
5446,lm,0,128,0,1.717566,0.406568,0.698307
5446,lm,1,1,0,1.000000,4.182254,4.182254
5447,human,0,128,0,1.288933,0.810422,1.044580
5447,human,1,128,0,1.223739,0.982625,1.202476
5447,human,2,128,0,1.245465,1.502627,1.871469
5447,human,3,128,0,1.128015,1.815106,2.047467
5447,human,4,128,0,1.247953,0.544202,0.679138
5447,human,5,113,0,1.263156,0.685285,0.865621
5448,human,0,128,0,1.768008,0.548903,0.970464
5448,human,1,3,0,1.015619,4.355011,4.423030
5448,lm,0,46,0,1.721359,0.804708,1.385191
5449,human,0,94,0,1.509247,0.691346,1.043412
5449,lm,0,44,0,2.439250,0.381256,0.929978
545,human,0,78,0,1.366868,0.773264,1.056950
545,lm,0,11,0,1.057817,2.766162,2.926093
5450,human,0,75,0,1.303381,0.859398,1.120123
5450,lm,0,11,0,1.049490,2.700261,2.833896
5451,human,0,128,0,1.349168,0.883698,1.192257
5451,human,1,128,0,1.257509,1.127352,1.417656
5451,human,2,36,0,1.261411,1.018393,1.284613
5451,lm,0,54,0,1.736730,0.581045,1.009118
5452,human,0,59,0,1.642858,0.429423,0.705482
5452,lm,0,49,0,1.612515,0.349517,0.563602
5453,human,0,103,0,1.258960,0.928541,1.168996
5453,lm,0,128,0,1.722976,0.478862,0.825068
5453,lm,1,24,0,1.106997,1.388259,1.536798
5454,human,0,50,0,1.855593,0.471012,0.874006
5454,lm,0,12,0,1.329151,0.965441,1.283218
5457,human,0,24,0,1.302086,0.770682,1.003494
5457,lm,0,11,0,1.149021,2.031672,2.334434
5458,human,0,128,0,1.277779,0.873393,1.116003
5458,human,1,128,0,1.273042,0.911555,1.160448
5458,human,2,128,0,1.195280,1.026317,1.226737
5458,human,3,128,0,1.335040,0.724396,0.967097
5458,human,4,6,0,1.045068,1.423577,1.487735
5458,lm,0,18,0,1.078688,0.948141,1.022748
546,human,0,128,0,1.582669,0.434529,0.687716
546,human,1,4,0,1.044934,2.240252,2.340917
546,lm,0,20,0,1.429095,0.459361,0.656470
5460,human,0,16,0,1.282868,0.787241,1.009926
5460,lm,0,10,0,1.122950,1.488147,1.671115
5464,human,0,26,0,1.188990,1.258301,1.496108
5464,lm,0,33,0,1.373175,1.158471,1.590784
5465,human,0,116,0,1.436892,0.825779,1.186554
5465,lm,0,128,0,1.786776,0.397441,0.710138
5465,lm,1,120,0,1.869993,0.575109,1.075450
5466,human,0,50,0,1.236197,1.061155,1.311797
5466,lm,0,128,0,1.705123,0.359387,0.612799
5466,lm,1,63,0,1.545605,0.575627,0.889691
5468,human,0,95,0,1.449218,0.705991,1.023135
5468,lm,0,76,0,1.501531,0.496397,0.745356
547,human,0,16,0,1.096290,1.505560,1.650531
547,lm,0,44,0,1.643353,0.599047,0.984447
5470,human,0,128,0,1.248541,0.869251,1.085295
5470,human,1,104,0,1.176147,1.488408,1.750587
5470,lm,0,128,0,2.157754,0.062266,0.134354
5470,lm,1,11,0,1.277460,0.909286,1.161577
5471,human,0,37,0,1.183635,1.114877,1.319608
5471,lm,0,10,0,1.149916,2.492469,2.866130
5472,human,0,128,0,1.496097,0.690963,1.033748
5472,human,1,6,0,1.053921,1.799597,1.896633
5472,lm,0,128,0,2.486484,0.115542,0.287293
5472,lm,1,128,0,2.040057,0.129936,0.265077
5472,lm,2,31,0,1.325624,0.444245,0.588902
5473,human,0,24,0,1.299391,0.980992,1.274692
5473,lm,0,10,0,1.121836,1.539540,1.727110
5474,human,0,128,0,1.373874,0.713664,0.980485
5474,human,1,84,0,1.495076,0.694041,1.037644
5474,lm,0,128,0,2.665951,0.249212,0.664388
5474,lm,1,2,0,1.040528,3.970292,4.131199
5476,human,0,58,0,1.249999,1.161035,1.451293
5476,lm,0,11,0,1.351993,0.733883,0.992205
5478,human,0,128,0,1.210293,1.244061,1.505678
5478,human,1,128,0,1.358130,1.016327,1.380305
5478,human,2,11,0,1.054842,2.326547,2.454140
5478,lm,0,48,0,1.478453,0.741416,1.096148
5479,human,0,128,0,1.258896,1.053412,1.326136
5479,human,1,18,0,1.213634,1.372855,1.666144
5479,lm,0,69,0,1.772461,0.508548,0.901382
548,human,0,121,0,1.402912,0.666816,0.935483
548,lm,0,18,0,1.230970,1.298767,1.598743
5480,human,0,36,0,1.229220,1.293136,1.589548
5480,lm,0,10,0,1.124022,2.676439,3.008375
5481,human,0,19,0,1.212822,0.634363,0.769369
5481,lm,0,6,0,1.028321,3.286206,3.379277
5483,human,0,29,0,1.169005,1.518483,1.775114
5483,lm,0,13,0,1.201118,1.621842,1.948024
5484,human,0,85,0,1.475179,0.753656,1.111778
5484,lm,0,112,0,1.875418,0.410622,0.770087
5485,human,0,31,0,1.274404,0.970218,1.236450
5485,lm,0,7,0,1.052837,1.636604,1.723077
5486,human,0,69,0,1.758039,0.537164,0.944356
5486,lm,0,10,0,1.403078,0.961915,1.349641
5487,human,0,47,0,1.497955,0.551768,0.826523
5487,lm,0,10,0,1.153031,1.002989,1.156478
5488,human,0,36,0,1.215080,1.059487,1.287361
5488,lm,0,45,0,1.351758,1.575882,2.130211
5489,human,0,32,0,1.245041,1.497498,1.864447
5489,lm,0,10,0,1.069426,2.482535,2.654887
549,human,0,128,0,1.356709,0.871058,1.181772
549,human,1,13,0,1.062469,3.053362,3.244101
549,lm,0,17,0,1.125015,1.490000,1.676273
5490,human,0,33,0,1.255402,1.196693,1.502331
5490,lm,0,23,0,1.277591,1.350478,1.725359
5491,human,0,54,0,1.343834,0.284652,0.382525
5491,lm,0,15,0,1.388402,0.379027,0.526242
5493,human,0,14,0,1.092235,1.270914,1.388137
5493,lm,0,36,0,1.300331,0.484810,0.630413
5496,human,0,78,0,1.121351,1.265703,1.419298
5496,lm,0,11,0,1.086850,1.794652,1.950517
5497,human,0,128,0,1.233260,0.773975,0.954512
5497,human,1,111,0,1.418867,0.684033,0.970552
5497,lm,0,11,0,1.143987,1.759946,2.013356
5498,human,0,55,0,1.606420,0.441198,0.708749
5498,lm,0,78,0,1.994288,0.302461,0.603194
55,human,0,71,0,1.385684,0.686138,0.950770
55,lm,0,35,0,1.366703,0.697287,0.952984
5500,human,0,10,0,1.188495,1.107079,1.315758
5500,lm,0,8,0,1.142378,1.356023,1.549090
5501,human,0,105,0,1.426425,0.842190,1.201321
5501,lm,0,128,0,2.270931,0.179701,0.408088
5501,lm,1,128,0,2.264177,0.200899,0.454870
5501,lm,2,128,0,2.227826,0.212953,0.474423
5501,lm,3,128,0,2.259224,0.205765,0.464869
5501,lm,4,41,0,1.673389,0.523407,0.875864
5502,human,0,12,0,1.116412,1.526994,1.704754
5502,lm,0,100,0,1.708977,0.633999,1.083490
5503,human,0,14,0,1.208887,0.970549,1.173284
5503,lm,0,8,0,1.038028,3.186671,3.307854
5504,human,0,128,0,1.236503,1.037312,1.282639
5504,human,1,128,0,1.385457,1.074427,1.488572
5504,human,2,128,0,1.234443,1.033659,1.275994
5504,human,3,19,0,1.095503,1.795633,1.967121
5504,lm,0,72,0,1.514037,0.741589,1.122793
5505,human,0,13,0,1.207776,1.066797,1.288452
5505,lm,0,6,0,1.029365,2.955506,3.042294
5506,human,0,75,0,1.133383,1.315770,1.491271
5506,lm,0,22,0,1.163339,1.624921,1.890334
5508,human,0,128,0,1.264220,0.926599,1.171425
5508,human,1,73,0,1.279651,1.343721,1.719494
5508,lm,0,43,0,1.569019,0.713977,1.120244
5509,human,0,127,0,1.195797,1.316616,1.574406
5509,lm,0,128,0,1.544530,0.344746,0.532471
5509,lm,1,70,0,1.357772,0.825585,1.120956
551,human,0,21,0,1.166723,1.121171,1.308096
551,lm,0,12,0,1.228130,0.860078,1.056287
5510,human,0,43,0,1.616167,0.545939,0.882329
5510,lm,0,33,0,1.578456,0.516604,0.815437
5513,human,0,128,0,1.294017,0.821296,1.062771
5513,human,1,69,0,1.137662,1.294784,1.473026
5513,lm,0,10,0,1.088530,1.923734,2.094042
5515,human,0,64,0,1.457292,0.752243,1.096238
5515,lm,0,10,0,1.085647,2.267235,2.461417
5517,human,0,9,0,1.043083,2.349990,2.451235
5517,lm,0,38,0,1.237863,1.267930,1.569524
5518,human,0,113,0,1.385946,1.193221,1.653739
5518,lm,0,10,0,1.173934,2.537587,2.978959
5519,human,0,68,0,1.413030,0.788792,1.114587
5519,lm,0,106,0,1.828122,0.363926,0.665302
552,human,0,85,0,1.205105,0.848063,1.022004
552,lm,0,86,0,1.652409,0.507034,0.837828
5520,human,0,64,0,1.570174,0.581671,0.913325
5520,lm,0,42,0,1.363125,0.910573,1.241224
5523,human,0,122,0,1.234899,1.064444,1.314481
5523,lm,0,77,0,1.528837,0.412474,0.630605
5524,human,0,76,0,1.624531,0.700232,1.137548
5524,lm,0,24,0,1.362745,1.360507,1.854024
5525,human,0,128,0,1.356058,0.772555,1.047630
5525,human,1,34,0,1.155641,2.319772,2.680823
5526,human,0,128,0,1.415916,0.763350,1.080840
5526,human,1,128,0,1.273032,0.987510,1.257132
5526,human,2,72,0,1.254928,0.954566,1.197912
5526,lm,0,128,0,2.189838,0.216831,0.474825
5526,lm,1,53,0,1.831615,0.359712,0.658853
5527,human,0,76,0,1.267327,1.319589,1.672350
5527,lm,0,19,0,1.075305,1.394823,1.499860
5529,human,0,128,0,1.582930,0.680866,1.077763
5529,human,1,128,0,1.517785,0.764543,1.160411
5529,human,2,11,0,1.153422,3.451700,3.981267
5529,lm,0,18,0,1.399406,0.712597,0.997213
5532,human,0,69,0,1.229402,0.966884,1.188689
5532,lm,0,128,0,1.976919,0.313326,0.619421
5532,lm,1,32,0,1.430424,0.881553,1.260995
5533,human,0,20,0,1.133864,1.270889,1.441014
5533,lm,0,53,0,2.086645,0.471862,0.984608
5534,human,0,13,0,1.149067,0.929425,1.067971
5534,lm,0,10,0,1.093392,0.785948,0.859350
5537,human,0,128,0,1.464592,0.553437,0.810560
5537,human,1,128,0,1.267601,1.497675,1.898454
5537,human,2,128,0,1.278604,1.369602,1.751180
5537,human,3,128,0,1.263600,1.442194,1.822356
5537,human,4,18,0,1.087729,2.888587,3.142000
5537,lm,0,128,0,2.136752,0.292492,0.624984
5537,lm,1,96,0,1.680789,0.627831,1.055251
5539,human,0,59,0,1.284154,0.572173,0.734758
5539,lm,0,93,0,1.373442,0.546418,0.750473
554,human,0,53,0,1.337768,0.806384,1.078755
554,lm,0,45,0,1.449786,0.793173,1.149931
5540,human,0,73,0,1.429786,0.847440,1.211657
5540,lm,0,12,0,1.151587,2.316223,2.667333
5541,human,0,128,0,1.328571,0.933880,1.240727
5541,human,1,128,0,1.260660,0.825699,1.040926
5541,human,2,128,0,1.373222,0.743919,1.021566
5541,human,3,107,0,1.416898,1.035307,1.466925
5541,lm,0,51,0,1.379620,1.007473,1.389930
5542,human,0,87,0,1.469567,0.482916,0.709678
5542,lm,0,27,0,1.678366,0.520791,0.874079
5543,human,0,93,0,2.250403,0.426605,0.960034
5543,lm,0,10,0,1.166200,2.044371,2.384145
5544,human,0,128,0,1.271738,1.044924,1.328870
5544,human,1,128,0,1.090093,1.905179,2.076822
5544,human,2,128,0,1.118493,1.364889,1.526618
5544,human,3,128,0,1.270200,0.950108,1.206827
5544,human,4,128,0,1.139771,1.976312,2.252544
5544,human,5,128,0,1.060092,1.787266,1.894665
5544,human,6,128,0,1.200218,1.138007,1.365857
5544,human,7,128,0,1.258431,0.721937,0.908508
5544,human,8,128,0,1.286435,0.790201,1.016542
5544,human,9,128,0,1.158785,1.159241,1.343310
5544,human,10,128,0,1.148002,1.441587,1.654945
5544,human,11,128,0,1.192325,1.437126,1.713520
5544,human,12,128,0,1.294937,1.235948,1.600476
5544,human,13,128,0,1.364057,0.877396,1.196818
5544,human,14,128,0,1.157525,1.052166,1.217908
5544,human,15,128,0,1.204376,0.716179,0.862549
5544,human,16,36,0,1.059192,2.402029,2.544210
5544,lm,0,128,0,2.798279,0.166405,0.465649
5544,lm,1,128,0,1.842925,0.166590,0.307012
5544,lm,2,73,0,1.452665,0.255303,0.370869
5545,human,0,128,0,1.310853,0.836721,1.096818
5545,human,1,128,0,1.406596,0.910035,1.280052
5545,human,2,68,0,1.290075,1.173032,1.513300
5545,lm,0,28,0,1.337244,0.832201,1.112856
5546,human,0,128,0,1.262969,0.929523,1.173959
5546,human,1,128,0,1.305021,0.993835,1.296975
5546,human,2,67,0,1.335362,0.821923,1.097564
5546,lm,0,23,0,1.618721,0.601577,0.973785
5547,human,0,115,0,1.235499,1.053179,1.301201
5547,lm,0,9,0,1.048694,0.991991,1.040295
5548,human,0,75,0,1.281686,1.116220,1.430644
5548,lm,0,12,0,1.293019,0.951617,1.230458
5550,human,0,128,0,1.314049,0.860771,1.131096
5550,human,1,48,0,1.191515,2.005627,2.389733
5550,lm,0,31,0,1.202154,1.400465,1.683575
5552,human,0,32,0,1.244841,1.132199,1.409408
5552,lm,0,11,0,1.255081,1.851292,2.323521
5553,human,0,101,0,1.951019,0.263309,0.513721
5553,lm,0,81,0,1.835631,0.314526,0.577354
5556,human,0,56,0,1.203590,1.178981,1.419010
5556,lm,0,128,0,1.536855,0.604059,0.928351
5556,lm,1,6,0,1.057328,2.573258,2.720776
5557,human,0,50,0,1.226189,1.169966,1.434600
5557,lm,0,115,0,2.519312,0.283405,0.713984
5558,human,0,128,0,1.322617,1.045460,1.382743
5558,human,1,86,0,1.196259,1.329408,1.590316
5558,lm,0,128,0,2.014838,0.321051,0.646865
5558,lm,1,128,0,2.063106,0.383145,0.790470
5558,lm,2,128,0,1.707717,0.501084,0.855709
5558,lm,3,128,0,1.995638,0.359926,0.718282
5558,lm,4,128,0,1.585177,0.567351,0.899353
5558,lm,5,128,0,1.560186,0.623665,0.973034
5558,lm,6,101,0,1.422143,0.752692,1.070436
5559,human,0,32,0,1.187359,1.222123,1.451099
5559,lm,0,12,0,1.104456,1.493490,1.649494
556,human,0,51,0,1.361736,0.886330,1.206947
556,lm,0,44,0,1.394444,1.139772,1.589348
5560,human,0,81,0,1.439344,0.487613,0.701844
5560,lm,0,128,0,1.600828,0.574903,0.920321
5560,lm,1,70,0,1.695409,0.574230,0.973554
5562,human,0,65,0,2.067011,0.216640,0.447798
5562,lm,0,7,0,1.214498,0.520506,0.632154
5564,human,0,78,0,1.329500,0.680841,0.905178
5564,lm,0,48,0,1.833907,0.479416,0.879205
5567,human,0,128,0,1.463378,0.907707,1.328318
5567,human,1,128,0,1.253324,1.204494,1.509621
5567,human,2,128,0,1.344528,1.145594,1.540283
5567,human,3,53,0,1.347740,1.201288,1.619024
5567,lm,0,128,0,1.386962,0.535803,0.743139
5567,lm,1,7,0,1.034102,2.033034,2.102365
5569,human,0,27,0,1.083310,1.725362,1.869102
5569,lm,0,103,0,1.484679,0.986771,1.465038
557,human,0,128,0,1.396909,0.655559,0.915756
557,human,1,90,0,1.261499,1.034390,1.304882
557,lm,0,35,0,1.816978,0.425272,0.772710
5570,human,0,128,0,1.486246,0.608780,0.904797
5570,human,1,128,0,1.431647,0.621053,0.889129
5570,human,2,128,0,1.449243,0.844336,1.223648
5570,human,3,128,0,1.466229,0.566134,0.830082
5570,human,4,57,0,1.142017,1.843412,2.105207
5570,lm,0,92,0,1.663094,0.484147,0.805181
5571,human,0,22,0,1.187317,1.239109,1.471214
5571,lm,0,54,0,1.743372,0.523294,0.912295
5572,human,0,26,0,1.250578,1.058908,1.324246
5572,lm,0,35,0,1.457502,0.589141,0.858674
5573,human,0,103,0,1.294132,1.037601,1.342792
5573,lm,0,32,0,1.557888,0.894239,1.393124
5574,human,0,55,0,1.771278,0.484059,0.857403
5574,lm,0,30,0,1.996863,0.526748,1.051843
5576,human,0,41,0,1.251608,0.918330,1.149389
5576,lm,0,128,0,1.672596,0.352747,0.590003
5576,lm,1,16,0,1.405578,0.990675,1.392471
5579,human,0,24,0,1.242262,0.905842,1.125292
5579,lm,0,24,0,1.318490,0.699660,0.922495
558,human,0,128,0,1.397348,0.667306,0.932458
558,human,1,76,0,1.289375,0.709229,0.914462
558,lm,0,128,0,1.669803,0.401448,0.670340
558,lm,1,78,0,1.565195,0.386748,0.605335
5580,human,0,36,0,1.286922,0.863798,1.111641
5580,lm,0,38,0,1.425906,0.563762,0.803872
5581,human,0,121,0,1.343617,0.643364,0.864435
5581,lm,0,128,0,1.791786,0.317653,0.569167
5581,lm,1,128,0,1.798431,0.307152,0.552391
5581,lm,2,72,0,1.415802,0.683182,0.967251
5582,human,0,51,0,1.555963,0.385356,0.599599
5582,lm,0,20,0,1.619759,0.613444,0.993631
5583,human,0,13,0,1.064831,1.434882,1.527907
5583,lm,0,53,0,1.605460,0.498520,0.800354
5584,human,0,72,0,1.337814,0.720980,0.964537
5584,lm,0,17,0,1.083212,1.567147,1.697553
5585,human,0,77,0,1.221696,0.760982,0.929688
5587,human,0,71,0,1.720252,0.437592,0.752768
5587,lm,0,19,0,1.234995,0.877766,1.084036
5588,human,0,58,0,1.473871,0.678108,0.999444
5588,lm,0,70,0,1.620830,0.475008,0.769907
5589,human,0,70,0,1.409332,0.718846,1.013093
5589,lm,0,8,0,1.164009,1.166853,1.358227
5593,human,0,39,0,1.273748,1.137311,1.448648
5593,lm,0,10,0,1.111491,1.872218,2.080953
5595,human,0,32,0,1.203443,1.354158,1.629652
5595,lm,0,56,0,1.478795,0.912679,1.349665
5596,human,0,68,0,1.200185,1.014047,1.217044
5596,lm,0,54,0,1.522160,0.725332,1.104071
5598,human,0,23,0,1.162127,0.949934,1.103944
5598,lm,0,22,0,1.150589,1.063706,1.223889
5599,human,0,128,0,1.385163,0.710736,0.984485
5599,lm,0,61,0,1.473600,0.551436,0.812596
56,human,0,128,0,1.385841,0.629462,0.872335
56,human,1,128,0,1.565695,0.677159,1.060224
56,human,2,128,0,1.389509,0.717057,0.996357
56,human,3,128,0,1.226863,1.261729,1.547969
56,human,4,128,0,1.365186,0.982345,1.341084
56,human,5,128,0,1.347113,1.023069,1.378189
56,human,6,37,0,1.158633,2.248854,2.605596
56,lm,0,128,0,1.478107,0.641886,0.948777
56,lm,1,46,0,1.302667,0.663825,0.864742
5601,human,0,91,0,1.225554,0.999792,1.225298
5601,lm,0,25,0,1.365525,1.202818,1.642478
5604,human,0,128,0,1.453038,0.803746,1.167873
5604,human,1,7,0,1.004079,3.760116,3.775452
5604,lm,0,94,0,1.571404,0.628378,0.987436
5605,human,0,20,0,1.232844,0.850468,1.048494
5605,lm,0,10,0,1.223058,0.784222,0.959149
5607,human,0,128,0,1.492212,0.557312,0.831627
5607,human,1,128,0,1.380183,0.731836,1.010068
5607,human,2,109,0,1.376999,0.571603,0.787096
5607,lm,0,75,0,2.542989,0.260885,0.663428
5608,human,0,71,0,1.384655,0.822473,1.138842
5608,lm,0,21,0,1.162017,0.937792,1.089730
5609,human,0,128,0,1.343430,0.546528,0.734223
5609,human,1,26,0,1.429035,0.644200,0.920585
5609,lm,0,9,0,1.095035,1.278533,1.400039
5610,human,0,102,0,1.195934,1.269198,1.517877
5610,lm,0,71,0,1.630928,0.670938,1.094252
5611,human,0,114,0,1.537641,0.551491,0.847996
5611,lm,0,27,0,1.329432,0.811759,1.079178
5612,human,0,114,0,1.301234,0.904606,1.177104
5612,lm,0,12,0,1.235105,1.196297,1.477552
5614,human,0,128,0,1.744976,0.366732,0.639938
5614,human,1,94,0,1.760507,0.510477,0.898699
5614,lm,0,128,0,2.100043,0.266797,0.560284
5614,lm,1,2,0,1.092927,2.833213,3.096495
5616,human,0,128,0,1.402316,0.887236,1.244185
5616,human,1,128,0,1.285641,0.782677,1.006241
5616,human,2,1,0,nan,nan,nan
5616,lm,0,116,0,1.749717,0.521914,0.913202
5617,human,0,34,0,1.195748,1.395157,1.668256
5617,lm,0,52,0,1.857625,0.452359,0.840314
5618,human,0,19,0,1.110340,1.188230,1.319340
5618,lm,0,37,0,1.573702,0.862249,1.356923
5619,human,0,64,0,1.277909,0.930264,1.188792
5619,lm,0,10,0,1.114074,2.537033,2.826443
562,human,0,77,0,1.683297,0.505007,0.850077
562,lm,0,52,0,1.824881,0.468886,0.855660
5620,human,0,64,0,1.258220,0.996678,1.254040
5620,lm,0,11,0,1.198176,1.000726,1.199046
5621,human,0,128,0,1.412405,0.618069,0.872963
5621,human,1,128,0,1.234586,1.289586,1.592105
5621,human,2,128,0,1.399434,0.833956,1.167066
5621,human,3,128,0,1.286368,1.059837,1.363340
5621,human,4,112,0,1.219421,1.408201,1.717190
5621,lm,0,84,0,1.550126,0.747001,1.157945
5623,human,0,46,0,1.433508,0.938400,1.345203
5623,lm,0,8,0,1.185802,1.303272,1.545423
5626,human,0,128,0,1.510799,0.708769,1.070807
5626,human,1,128,0,1.765563,0.353474,0.624081
5626,human,2,128,0,1.319953,0.977300,1.289990
5626,human,3,125,0,1.409581,0.720056,1.014978
5626,lm,0,128,0,2.110129,0.218060,0.460135
5626,lm,1,16,0,1.156627,1.897528,2.194731
5632,human,0,81,0,1.259865,1.108325,1.396340
5632,lm,0,9,0,1.017621,2.516966,2.561317
5633,human,0,72,0,1.431924,0.665098,0.952370
5633,lm,0,54,0,1.369792,1.021919,1.399816
5635,human,0,85,0,1.263122,0.684071,0.864065
5635,lm,0,16,0,1.210680,1.980411,2.397645
5636,human,0,45,0,1.314976,1.071334,1.408778
5636,lm,0,10,0,1.088158,1.206393,1.312746
564,human,0,128,0,1.314404,0.777100,1.021423
564,human,1,42,0,1.269256,0.895314,1.136382
564,lm,0,27,0,1.371512,0.739212,1.013838
5640,human,0,128,0,1.426310,0.719855,1.026735
5640,human,1,21,0,1.193139,2.141922,2.555611
5640,lm,0,19,0,1.240848,0.901409,1.118511
5641,human,0,128,0,1.282895,1.189275,1.525715
5641,human,1,128,0,1.211816,1.481325,1.795093
5641,human,2,128,0,1.194434,1.323729,1.581106
5641,human,3,128,0,1.203677,1.671076,2.011437
5641,human,4,25,0,1.129857,1.945617,2.198268
5641,lm,0,128,0,1.811803,0.491334,0.890200
5641,lm,1,128,0,1.470277,0.640781,0.942126
5641,lm,2,128,0,1.461210,0.850122,1.242206
5641,lm,3,128,0,1.540077,0.648304,0.998438
5641,lm,4,128,0,1.394870,0.750095,1.046286
5641,lm,5,127,0,1.547178,0.671539,1.038990
5642,human,0,128,0,1.406799,0.621694,0.874599
5642,human,1,2,0,0.996285,5.442418,5.422198
5642,lm,0,128,0,1.428813,0.916362,1.309309
5642,lm,1,39,0,1.496965,0.878909,1.315696
5643,human,0,128,0,1.193984,1.122553,1.340311
5643,human,1,128,0,1.424995,0.638470,0.909816
5643,human,2,128,0,1.190803,0.947366,1.128126
5643,human,3,128,0,1.235469,1.067191,1.318482
5643,human,4,128,0,1.189191,0.931412,1.107627
5643,human,5,128,0,1.156443,1.285509,1.486617
5643,human,6,128,0,1.218566,0.833893,1.016153
5643,human,7,128,0,1.142311,0.760540,0.868773
5643,human,8,51,0,1.235567,1.120706,1.384707
5643,lm,0,64,0,1.671676,0.370256,0.618948
5644,human,0,128,0,1.158496,0.917690,1.063140
5644,human,1,128,0,1.111461,1.073858,1.193552
5644,human,2,38,0,1.168940,1.597121,1.866938
5644,lm,0,37,0,1.228461,1.233853,1.515741
5646,human,0,64,0,1.289769,0.608434,0.784740
5646,lm,0,121,0,1.949871,0.254113,0.495488
5647,human,0,99,0,1.577838,0.331467,0.523001
5647,lm,0,62,0,2.115072,0.201469,0.426122
5649,human,0,117,0,1.534764,0.500905,0.768771
5649,lm,0,33,0,1.392929,0.938527,1.307302
565,human,0,128,0,1.436521,0.728537,1.046559
565,human,1,86,0,1.297070,1.166103,1.512516
565,lm,0,128,0,1.652710,0.504053,0.833053
565,lm,1,128,0,1.531871,0.750215,1.149232
565,lm,2,124,0,1.670579,0.677037,1.131043
5650,human,0,128,0,1.234643,0.906293,1.118949
5650,human,1,8,0,1.016226,1.841759,1.871643
5650,lm,0,128,0,1.757590,0.414466,0.728461
5650,lm,1,128,0,2.064584,0.318252,0.657057
5650,lm,2,128,0,2.077664,0.291858,0.606384
5650,lm,3,128,0,2.056143,0.304551,0.626200
5650,lm,4,87,0,1.785095,0.451119,0.805291
5653,human,0,128,0,1.325233,0.869876,1.152789
5653,human,1,128,0,1.503681,0.494417,0.743445
5653,human,2,10,0,1.088578,1.869721,2.035338
5653,lm,0,128,0,1.394389,0.612099,0.853503
5653,lm,1,128,0,1.539231,0.430606,0.662802
5653,lm,2,128,0,1.426208,0.560101,0.798821
5653,lm,3,128,0,1.288821,0.725402,0.934914
5653,lm,4,44,0,1.145988,0.793666,0.909532
5655,human,0,24,0,1.301709,0.995655,1.296053
5655,lm,0,36,0,1.540572,0.899289,1.385420
5659,human,0,128,0,1.386062,0.646128,0.895574
5659,human,1,90,0,1.347280,0.768074,1.034811
5660,human,0,128,0,1.682457,0.518856,0.872953
5660,human,1,22,0,1.122947,1.774668,1.992857
5660,lm,0,77,0,1.858535,0.410049,0.762091
5661,human,0,68,0,1.645433,0.630806,1.037949
5661,lm,0,6,0,1.147189,2.276390,2.611448
5662,human,0,34,0,1.244370,1.171804,1.458157
5662,lm,0,44,0,1.983867,0.570378,1.131555
5663,human,0,36,0,1.140422,1.516127,1.729025
5663,lm,0,11,0,1.110938,1.963982,2.181861
5665,human,0,61,0,1.192670,1.118911,1.334492
5665,lm,0,10,0,1.101415,2.898701,3.192672
5666,human,0,73,0,1.609788,0.485872,0.782150
5666,lm,0,121,0,2.092717,0.255535,0.534763
5667,human,0,13,0,1.274133,1.106830,1.410249
5667,lm,0,13,0,1.322255,1.096559,1.449930
567,human,0,84,0,1.294930,0.923247,1.195540
567,lm,0,30,0,1.335948,0.633025,0.845688
5670,human,0,12,0,1.046092,2.204376,2.305981
5670,lm,0,30,0,1.454469,0.657212,0.955895
5673,human,0,90,0,1.256632,0.918145,1.153771
5673,lm,0,29,0,1.448792,0.723064,1.047569
5676,human,0,77,0,1.343404,0.893421,1.200225
5676,lm,0,57,0,1.546852,0.481412,0.744674
5677,human,0,35,0,1.236312,1.272253,1.572901
5677,lm,0,11,0,1.153800,2.050033,2.365328
5678,human,0,45,0,1.315673,0.939058,1.235493
5678,lm,0,128,0,3.073210,0.130705,0.401685
5678,lm,1,12,0,1.329029,2.045920,2.719088
5679,human,0,128,0,1.628879,0.447344,0.728670
5679,human,1,46,0,1.274964,0.990066,1.262298
5679,lm,0,11,0,1.136117,1.140962,1.296266
5682,human,0,122,0,1.435105,0.695785,0.998525
5682,lm,0,75,0,1.577649,0.471818,0.744363
5683,human,0,128,0,1.317339,0.648735,0.854605
5683,human,1,125,0,1.284292,0.845969,1.086471
5683,lm,0,19,0,1.134642,1.323202,1.501361
5684,human,0,11,0,1.055756,1.944673,2.053100
5684,lm,0,46,0,1.192730,1.870610,2.231131
5685,human,0,75,0,1.750045,0.512541,0.896970
5685,lm,0,10,0,1.392535,1.425946,1.985680
5686,human,0,128,0,1.439596,0.488508,0.703254
5686,human,1,4,0,1.150204,2.154340,2.477929
5686,lm,0,95,0,1.859441,0.347509,0.646172
5688,human,0,72,0,1.268030,1.013831,1.285569
5688,lm,0,41,0,1.476075,0.892481,1.317369
569,human,0,128,0,1.263979,1.089605,1.377237
569,human,1,128,0,1.154627,1.703318,1.966697
569,human,2,128,0,1.208147,1.489178,1.799146
569,human,3,26,0,1.411551,1.823206,2.573548
569,lm,0,12,0,1.031744,4.759839,4.910933
5690,human,0,56,0,1.381509,0.790167,1.091623
5690,lm,0,34,0,1.408254,0.841322,1.184796
5691,human,0,43,0,1.318899,0.933580,1.231298
5691,lm,0,34,0,1.532531,0.968063,1.483587
5692,human,0,128,0,1.289185,0.833134,1.074063
5692,human,1,9,0,1.149593,2.134915,2.454284
5692,lm,0,84,0,1.400298,0.534984,0.749136
5693,human,0,77,0,1.607762,0.667698,1.073500
5693,lm,0,11,0,1.116746,2.199483,2.456265
5694,human,0,37,0,1.593526,0.737649,1.175462
5694,lm,0,88,0,1.967989,0.444573,0.874916
5695,human,0,26,0,1.377148,0.500129,0.688751
5695,lm,0,41,0,1.873293,0.294050,0.550842
5696,human,0,79,0,1.378346,1.018333,1.403615
5696,lm,0,46,0,1.917714,0.517161,0.991767
5697,human,0,128,0,1.451923,0.585169,0.849621
5697,human,1,34,0,1.272995,1.461519,1.860508
5698,human,0,50,0,1.351930,0.703307,0.950822
5698,lm,0,54,0,1.494347,0.780343,1.166103
5699,human,0,128,0,1.383402,0.767681,1.062011
5699,human,1,128,0,1.331912,0.873710,1.163705
5699,human,2,50,0,1.242019,1.119684,1.390669
5699,lm,0,21,0,1.301314,0.855635,1.113450
57,human,0,50,0,1.338798,0.733214,0.981626
57,lm,0,15,0,1.236511,0.710186,0.878153
570,human,0,82,0,1.475173,0.490260,0.723218
570,lm,0,24,0,1.491369,0.989933,1.476356
5700,human,0,128,0,1.339418,0.950271,1.272811
5700,human,1,128,0,1.342537,0.741840,0.995948
5700,human,2,128,0,1.251553,0.887521,1.110780
5700,human,3,128,0,1.278606,0.891052,1.139304
5700,human,4,128,0,1.198468,1.085136,1.300501
5700,human,5,34,0,1.220035,1.084952,1.323680
5700,lm,0,49,0,1.654395,0.533903,0.883287
5703,human,0,22,0,1.171739,1.379405,1.616302
5703,lm,0,6,0,1.065834,2.309760,2.461821
5704,human,0,128,0,1.212663,1.243524,1.507976
5704,human,1,128,0,1.233303,1.094630,1.350011
5704,human,2,82,0,1.298285,1.028197,1.334892
5704,lm,0,128,0,1.484190,0.558650,0.829143
5704,lm,1,25,0,1.284571,1.317708,1.692690
5705,human,0,62,0,1.250611,1.006579,1.258839
5705,lm,0,42,0,1.369776,0.909564,1.245899
5707,human,0,77,0,1.132366,1.321503,1.496426
5707,lm,0,11,0,1.168493,1.685585,1.969595
5708,human,0,128,0,1.582844,0.653017,1.033624
5708,human,1,22,0,1.261540,2.505588,3.160899
5708,lm,0,47,0,1.756091,0.694140,1.218973
571,human,0,37,0,1.339496,0.697802,0.934703
571,lm,0,27,0,1.291003,1.222722,1.578538
5710,human,0,47,0,1.396984,0.764462,1.067942
5710,lm,0,48,0,1.353617,1.161966,1.572856
5711,human,0,128,0,1.303196,0.882458,1.150016
5711,human,1,128,0,1.287453,0.909600,1.171067
5711,human,2,128,0,1.335966,0.718320,0.959651
5711,human,3,31,0,1.348235,1.042032,1.404904
5711,lm,0,81,0,2.568977,0.339264,0.871561
5714,human,0,119,0,1.301497,0.953870,1.241459
5714,lm,0,128,0,1.898013,0.486277,0.922961
5714,lm,1,89,0,1.893687,0.535021,1.013163
5716,human,0,84,0,1.342054,0.950070,1.275046
5716,lm,0,59,0,1.375874,0.761016,1.047063
5717,human,0,128,0,1.268853,1.026068,1.301929
5717,human,1,82,0,1.169625,1.897732,2.219634
5717,lm,0,128,0,1.666021,0.419358,0.698658
5717,lm,1,128,0,1.484679,0.511873,0.759967
5717,lm,2,128,0,1.578443,0.456787,0.721013
5717,lm,3,80,0,1.464056,0.560662,0.820841
5719,human,0,28,0,1.189223,1.074325,1.277612
5719,lm,0,10,0,1.080129,1.135101,1.226056
5722,human,0,70,0,1.416296,0.879002,1.244927
5722,lm,0,29,0,1.587692,0.786438,1.248622
5723,human,0,128,0,1.500066,0.567232,0.850886
5723,human,1,67,0,1.226247,1.144048,1.402884
5723,lm,0,39,0,1.423616,0.869707,1.238128
5724,human,0,109,0,1.779109,0.336159,0.598063
5724,lm,0,12,0,1.253220,0.985874,1.235517
5725,human,0,128,0,1.479966,0.465044,0.688250
5725,lm,0,74,0,1.585739,0.416349,0.660221
5727,human,0,44,0,1.531039,0.650851,0.996479
5727,lm,0,10,0,1.213822,1.451033,1.761296
5729,human,0,43,0,1.618525,0.483044,0.781819
5729,lm,0,19,0,1.450845,0.594011,0.861818
573,human,0,31,0,1.243393,0.919998,1.143919
573,lm,0,128,0,2.053555,0.329746,0.677151
573,lm,1,128,0,1.580371,0.503626,0.795916
573,lm,2,8,0,0.985549,5.666995,5.585103
5730,human,0,128,0,1.270851,0.740924,0.941604
5730,human,1,128,0,1.445989,0.636568,0.920470
5730,human,2,128,0,1.498240,0.640355,0.959406
5730,human,3,128,0,1.352895,1.166138,1.577663
5730,human,4,128,0,1.305665,1.214297,1.585466
5730,human,5,38,0,1.127760,1.673361,1.887150
5730,lm,0,118,0,1.987145,0.245437,0.487718
5731,human,0,98,0,1.450707,0.760197,1.102823
5731,lm,0,11,0,1.150413,1.599447,1.840025
5732,human,0,46,0,1.258000,1.406691,1.769617
5732,lm,0,19,0,1.135275,1.756901,1.994566
5733,human,0,62,0,1.312012,0.647249,0.849199
5733,lm,0,48,0,1.523331,0.673350,1.025734
5735,human,0,89,0,1.476621,0.835444,1.233633
5735,lm,0,60,0,1.693381,0.592125,1.002694
5738,human,0,22,0,1.208125,1.073026,1.296349
5738,lm,0,32,0,1.496572,0.649227,0.971616
5739,human,0,77,0,1.340882,0.801421,1.074610
5739,lm,0,128,0,2.330259,0.220118,0.512933
5739,lm,1,128,0,2.326669,0.228921,0.532624
5739,lm,2,128,0,2.191323,0.228165,0.499983
5739,lm,3,100,0,1.987993,0.280423,0.557478
574,human,0,14,0,1.089335,1.665572,1.814365
574,lm,0,91,0,1.387461,0.576289,0.799579
5740,human,0,128,0,1.283848,0.764791,0.981876
5740,human,1,59,0,1.102334,1.185959,1.307323
5740,lm,0,45,0,1.666705,0.304951,0.508263
5741,human,0,6,0,1.308377,0.780581,1.021295
5741,lm,0,1,0,1.000000,1.866677,1.866677
5744,human,0,128,0,1.523294,0.516991,0.787529
5744,human,1,128,0,1.610033,0.611614,0.984719
5744,human,2,128,0,1.747582,0.744689,1.301405
5744,human,3,49,0,1.512822,1.092117,1.652179
5744,lm,0,128,0,1.952378,0.320867,0.626454
5744,lm,1,50,0,1.484401,0.669699,0.994102
5745,human,0,128,0,1.420773,0.802904,1.140744
5745,human,1,67,0,1.386583,1.115473,1.546695
5745,lm,0,63,0,1.734311,0.460655,0.798919
5746,human,0,123,0,1.488024,0.570646,0.849135
5746,lm,0,85,0,1.759611,0.354503,0.623788
5748,human,0,77,0,1.250996,1.005760,1.258202
5748,lm,0,30,0,1.380724,0.605184,0.835593
5749,human,0,128,0,1.334250,1.122016,1.497049
5749,human,1,31,0,1.149204,1.240623,1.425729
5749,lm,0,128,0,1.638233,0.423476,0.693753
5749,lm,1,88,0,1.691649,0.429169,0.726003
575,human,0,35,0,1.182998,1.159772,1.372008
575,lm,0,10,0,1.111663,2.284814,2.539943
5750,human,0,103,0,1.578488,0.510783,0.806265
5750,lm,0,83,0,1.843646,0.525811,0.969410
5751,human,0,14,0,1.153012,1.113968,1.284419
5751,lm,0,29,0,1.332027,0.773591,1.030444
5752,human,0,128,0,1.294566,0.521473,0.675081
5752,human,1,48,0,1.290554,0.827068,1.067376
5752,lm,0,6,0,1.053073,2.485381,2.617287
5754,human,0,34,0,1.245996,1.068932,1.331884
5754,lm,0,11,0,1.097282,1.041762,1.143107
5756,human,0,33,0,1.233044,1.633720,2.014449
5757,human,0,60,0,1.310535,0.888256,1.164091
5757,lm,0,11,0,1.090116,1.599923,1.744101
5759,human,0,112,0,1.327660,0.892308,1.184682
5759,lm,0,51,0,1.611612,0.418752,0.674866
576,human,0,128,0,1.503008,0.515981,0.775523
576,human,1,18,0,1.088414,1.597820,1.739090
576,lm,0,6,0,1.101050,1.796154,1.977655
5760,human,0,83,0,1.366049,0.618991,0.845572
5760,lm,0,52,0,1.631220,0.545490,0.889815
5761,human,0,128,0,1.350471,0.798373,1.078180
5761,human,1,35,0,1.228482,1.729740,2.124956
5761,lm,0,9,0,1.076023,0.896124,0.964250
5764,human,0,128,0,1.131208,1.382824,1.564261
5764,human,1,5,0,1.039298,2.234797,2.322620
5764,lm,0,111,0,1.957544,0.268301,0.525211
5765,human,0,77,0,1.288512,0.928269,1.196086
5765,lm,0,41,0,1.617744,0.584002,0.944767
5766,human,0,20,0,1.126496,1.260428,1.419867
5766,lm,0,128,0,2.084018,0.172501,0.359496
5766,lm,1,128,0,2.659530,0.118828,0.316027
5766,lm,2,128,0,2.648497,0.118828,0.314716
5766,lm,3,128,0,2.683136,0.118828,0.318832
5766,lm,4,1,0,1.000000,2.481033,2.481033
5768,human,0,31,0,1.364301,0.775011,1.057348
5768,lm,0,10,0,1.268105,1.375538,1.744327
5769,human,0,19,0,1.186530,1.336048,1.585261
5769,lm,0,128,0,2.793750,0.126325,0.352921
5769,lm,1,128,0,1.785329,0.241222,0.430660
5769,lm,2,103,0,1.968169,0.204177,0.401855
577,human,0,128,0,1.621648,0.445203,0.721963
577,human,1,128,0,1.492901,0.703011,1.049527
577,human,2,46,0,1.217059,1.144004,1.392320
577,lm,0,83,0,1.519139,0.675629,1.026374
5771,human,0,39,0,1.255753,1.067148,1.340074
5771,lm,0,19,0,1.225833,1.188288,1.456643
5773,human,0,128,0,2.018806,0.279412,0.564078
5773,human,1,128,0,1.682715,0.405500,0.682341
5773,lm,0,108,0,2.099949,0.275869,0.579311
5774,human,0,36,0,1.412197,0.822349,1.161319
5774,lm,0,72,0,1.576190,0.540877,0.852524
5775,human,0,57,0,1.350185,0.778103,1.050583
5775,lm,0,11,0,1.108451,1.799781,1.994970
5777,human,0,128,0,1.523820,0.652261,0.993929
5777,human,1,41,0,1.154900,1.222489,1.411853
5777,lm,0,128,0,1.793750,0.363297,0.651665
5777,lm,1,128,0,1.383313,0.604231,0.835840
5777,lm,2,48,0,1.231997,1.096384,1.350742
5778,human,0,115,0,1.823272,0.305991,0.557904
5778,lm,0,94,0,1.707357,0.386412,0.659744
5779,human,0,128,0,1.148577,1.574305,1.808210
5779,human,1,128,0,1.271030,1.171971,1.489610
5779,human,2,63,0,1.439253,0.884481,1.272992
5779,lm,0,24,0,1.278659,1.252840,1.601954
578,human,0,36,0,1.165778,1.291227,1.505285
578,lm,0,30,0,1.258679,1.443307,1.816660
5781,human,0,54,0,1.634993,0.517843,0.846669
5781,lm,0,62,0,1.931055,0.396390,0.765452
5782,human,0,99,0,1.305664,0.326119,0.425802
5782,lm,0,8,0,1.368273,0.379714,0.519552
5784,human,0,128,0,1.295530,0.691677,0.896089
5784,human,1,128,0,1.351916,0.900439,1.217317
5784,human,2,128,0,1.296324,1.351141,1.751517
5784,human,3,128,0,1.322788,1.112088,1.471057
5784,human,4,56,0,1.222473,1.253740,1.532664
5784,lm,0,44,0,1.240971,1.381253,1.714095
5786,human,0,71,0,1.429402,0.641832,0.917436
5786,lm,0,65,0,1.691427,0.504032,0.852533
5787,human,0,128,0,1.547334,0.402797,0.623261
5787,human,1,39,0,1.131452,1.729019,1.956302
5787,lm,0,13,0,1.534652,0.028239,0.043337
5788,human,0,128,0,1.306057,0.788145,1.029363
5788,human,1,12,0,1.246525,0.757430,0.944155
5788,lm,0,52,0,1.905883,0.496745,0.946737
5789,human,0,19,0,1.173913,0.755668,0.887088
5789,lm,0,4,0,0.996789,1.926512,1.920325
579,human,0,128,0,1.395740,0.633987,0.884881
579,human,1,86,0,1.236692,0.936307,1.157924
579,lm,0,115,0,1.764169,0.500159,0.882364
5790,human,0,128,0,1.395887,0.672066,0.938128
5790,human,1,67,0,1.506663,0.924166,1.392406
5790,lm,0,64,0,1.570664,0.498039,0.782252
5791,human,0,16,0,1.169108,1.133070,1.324682
5791,lm,0,15,0,1.514056,0.560731,0.848978
5792,human,0,22,0,1.167381,0.972165,1.134886
5792,lm,0,44,0,1.334816,1.028872,1.373355
5793,human,0,41,0,1.419427,0.816729,1.159287
5793,lm,0,10,0,1.121037,1.391132,1.559510
5794,human,0,128,0,1.216438,1.032029,1.255400
5794,human,1,128,0,1.209546,0.928774,1.123395
5794,human,2,128,0,1.138184,1.334584,1.519003
5794,human,3,128,0,1.264046,0.959245,1.212530
5794,human,4,11,0,1.214351,1.781975,2.163942
5794,lm,0,128,0,1.753182,0.185961,0.326023
5794,lm,1,103,0,1.980831,0.100262,0.198602
5795,human,0,128,0,1.378594,0.568205,0.783323
5795,human,1,27,0,1.064557,2.506116,2.667903
5795,lm,0,7,0,1.026313,2.893741,2.969884
5796,human,0,104,0,1.200251,0.744084,0.893088
5796,lm,0,24,0,1.339442,1.047973,1.403699
5797,human,0,74,0,1.184483,0.914324,1.083001
5797,lm,0,81,0,1.499679,0.835968,1.253683
5798,human,0,66,0,1.324268,1.035356,1.371089
5798,lm,0,11,0,1.219960,1.155531,1.409701
5799,human,0,128,0,1.533605,0.464508,0.712372
5799,human,1,3,0,1.139018,1.220590,1.390274
5799,lm,0,40,0,1.464390,0.642137,0.940339
58,human,0,57,0,1.306422,0.910088,1.188959
58,lm,0,20,0,1.451868,0.715012,1.038102
580,human,0,128,0,1.618403,0.887616,1.436520
580,human,1,128,0,1.415773,1.272000,1.800864
580,human,2,128,0,1.502494,1.033321,1.552558
580,human,3,128,0,1.513443,0.939523,1.421915
580,human,4,34,0,1.522480,0.942724,1.435279
580,lm,0,128,0,1.683384,0.553798,0.932255
580,lm,1,64,0,1.391363,0.797504,1.109617
5800,human,0,128,0,1.799623,0.371147,0.667924
5800,human,1,52,0,1.178790,1.831147,2.158539
5800,lm,0,15,0,1.271805,1.009306,1.283640
5803,human,0,88,0,1.184176,1.093021,1.294330
5805,human,0,37,0,1.092954,1.895509,2.071704
5805,lm,0,12,0,1.095114,1.746046,1.912119
5806,human,0,98,0,1.333106,0.782828,1.043593
5806,lm,0,10,0,1.261272,2.125266,2.680539
5809,human,0,128,0,1.498564,0.598484,0.896867
5809,human,1,37,0,1.147939,2.534570,2.909533
5809,lm,0,26,0,1.258681,1.409041,1.773533
581,human,0,21,0,1.219242,1.125243,1.371944
581,lm,0,128,0,1.548215,0.610877,0.945768
581,lm,1,59,0,1.561322,0.852695,1.331332
5810,human,0,88,0,1.432408,0.570132,0.816661
5810,lm,0,69,0,2.076648,0.277538,0.576350
5812,human,0,33,0,1.322344,0.992387,1.312278
5812,lm,0,128,0,1.608850,0.653494,1.051374
5812,lm,1,13,0,1.187313,0.870040,1.033010
5813,human,0,128,0,1.242933,1.051722,1.307220
5813,human,1,118,0,1.426115,0.896315,1.278248
5813,lm,0,37,0,1.256047,0.846530,1.063282
5814,human,0,128,0,1.394342,0.796344,1.110376
5814,human,1,29,0,1.157094,1.950020,2.256356
5814,lm,0,12,0,1.158078,1.303272,1.509290
5816,human,0,128,0,1.564481,0.554410,0.867364
5816,human,1,128,0,1.740415,0.389662,0.678174
5816,human,2,128,0,1.253404,0.844189,1.058110
5816,human,3,128,0,1.573176,0.444851,0.699829
5816,human,4,22,0,1.201446,1.021408,1.227166
5816,lm,0,128,0,1.843274,0.413274,0.761778
5816,lm,1,128,0,1.663105,0.394899,0.656759
5816,lm,2,128,0,1.579209,0.391031,0.617519
5816,lm,3,128,0,1.970081,0.374680,0.738150
5816,lm,4,76,0,1.592104,0.777135,1.237280
5818,human,0,48,0,1.298109,1.090205,1.415204
5818,lm,0,42,0,1.537335,0.868400,1.335021
582,human,0,50,0,1.370217,0.882908,1.209776
582,lm,0,52,0,1.966811,0.375362,0.738266
5820,human,0,128,0,2.036858,0.257081,0.523638
5820,human,1,117,0,1.076432,1.263666,1.360251
5820,lm,0,128,0,1.880647,0.286531,0.538864
5820,lm,1,116,0,1.097916,1.120461,1.230172
5822,human,0,128,0,1.281902,1.257878,1.612477
5822,human,1,128,0,1.282243,1.095176,1.404282
5822,human,2,100,0,1.268040,1.241365,1.574100
5822,lm,0,38,0,1.688790,0.382544,0.646037
5823,human,0,22,0,1.211591,1.117389,1.353819
5823,lm,0,11,0,1.123880,1.462946,1.644177
5824,human,0,24,0,1.071063,2.553002,2.734426
5824,lm,0,24,0,1.275689,1.451058,1.851098
5825,human,0,32,0,1.253057,0.902387,1.130742
5825,lm,0,11,0,1.295184,1.462110,1.893702
5828,human,0,93,0,1.403160,0.653295,0.916677
5828,lm,0,13,0,1.222519,1.643726,2.009486
5829,human,0,128,0,1.265523,0.804110,1.017619
5829,human,1,128,0,1.399648,0.510675,0.714766
5829,human,2,128,0,1.446920,0.834771,1.207848
5829,human,3,76,0,1.391519,0.975286,1.357130
5829,lm,0,100,0,1.800272,0.395253,0.711564
583,human,0,45,0,1.228747,1.011527,1.242910
583,lm,0,89,0,1.838726,0.337049,0.619741
5830,human,0,95,0,1.709948,0.423066,0.723421
5830,lm,0,84,0,1.344227,0.523525,0.703736
5833,human,0,128,0,1.544342,0.359660,0.555438
5833,human,1,49,0,1.439306,0.522045,0.751382
5833,lm,0,107,0,1.381573,0.454939,0.628532
5834,human,0,128,0,1.307750,0.857610,1.121539
5834,human,1,106,0,1.271217,1.162933,1.478341
5834,lm,0,10,0,1.024740,4.740947,4.858239
5835,human,0,38,0,1.391379,0.781000,1.086667
5835,lm,0,43,0,1.678992,0.328214,0.551069
5836,human,0,24,0,1.196665,1.305875,1.562695
5836,lm,0,5,0,0.963394,5.866468,5.651723
5838,human,0,83,0,1.203357,1.223979,1.472885
5838,lm,0,21,0,1.238531,1.363065,1.688198
5839,human,0,128,0,1.532855,0.637302,0.976891
5839,human,1,3,0,1.078077,3.001871,3.236248
5839,lm,0,88,0,1.353173,0.926995,1.254385
584,human,0,35,0,1.315325,0.817506,1.075287
584,lm,0,12,0,1.188986,1.279069,1.520796
5840,human,0,114,0,1.418555,0.765867,1.086424
5840,lm,0,21,0,1.274906,1.373557,1.751155
5842,human,0,128,0,1.346564,0.738881,0.994950
5842,human,1,121,0,1.197783,0.863927,1.034797
5842,lm,0,88,0,1.843317,0.311761,0.574674
5843,human,0,28,0,1.203781,1.476071,1.776867
5843,lm,0,20,0,1.557380,0.554469,0.863520
5844,human,0,54,0,1.542049,1.036519,1.598363
5844,lm,0,31,0,1.323270,1.513983,2.003409
5845,human,0,70,0,1.873941,0.461117,0.864106
5845,lm,0,90,0,1.664201,0.346353,0.576401
5847,human,0,53,0,1.379773,0.673544,0.929338
5847,lm,0,28,0,1.286256,0.903324,1.161905
5849,human,0,128,0,1.234093,0.674518,0.832418
5849,human,1,45,0,1.083543,1.970732,2.135373
5849,lm,0,20,0,1.373637,0.407858,0.560248
585,human,0,50,0,1.270408,1.228104,1.560193
585,lm,0,10,0,1.133345,2.209032,2.503596
5850,human,0,32,0,1.239679,1.221061,1.513724
5850,lm,0,108,0,1.870002,0.510868,0.955324
5852,human,0,128,0,1.531827,0.481756,0.737967
5852,human,1,128,0,1.357852,0.654129,0.888210
5852,human,2,108,0,1.321705,1.004098,1.327122
5852,lm,0,46,0,1.645197,0.641461,1.055329
5853,human,0,120,0,1.457958,0.645311,0.940837
5853,lm,0,73,0,1.575784,0.516091,0.813248
5854,human,0,48,0,1.391817,0.666215,0.927250
5854,lm,0,24,0,1.197445,0.914405,1.094950
5855,human,0,79,0,1.320626,0.968268,1.278720
5855,lm,0,58,0,1.166331,1.682685,1.962568
5856,human,0,124,0,1.369426,0.933580,1.278468
5856,lm,0,36,0,1.682230,0.849733,1.429446
5857,human,0,46,0,1.285314,0.951050,1.222398
5857,lm,0,24,0,1.282338,1.460954,1.873437
5859,human,0,107,0,1.166055,1.418833,1.654438
5859,lm,0,128,0,1.749632,0.411654,0.720244
5859,lm,1,128,0,2.089355,0.272243,0.568812
5859,lm,2,128,0,2.152818,0.245307,0.528101
5859,lm,3,128,0,1.872981,0.317860,0.595346
5859,lm,4,99,0,1.754736,0.415038,0.728283
586,human,0,47,0,1.134955,0.933544,1.059531
586,lm,0,12,0,1.163470,1.463821,1.703113
5860,human,0,96,0,1.884517,0.240065,0.452407
5860,lm,0,128,0,1.935509,0.189299,0.366390
5860,lm,1,74,0,2.124902,0.286555,0.608902
5861,human,0,42,0,1.498142,0.720779,1.079829
5861,lm,0,10,0,1.123472,1.265858,1.422157
5862,human,0,35,0,1.366557,0.988183,1.350409
5862,lm,0,10,0,1.071123,1.964200,2.103901
5863,human,0,128,0,1.305004,1.182690,1.543415
5863,human,1,128,0,1.228842,1.340784,1.647612
5863,human,2,82,0,1.258275,0.988660,1.244006
5863,lm,0,128,0,1.653713,0.687991,1.137740
5863,lm,1,43,0,1.328449,1.370130,1.820149
5868,human,0,128,0,1.093760,1.126729,1.232371
5868,human,1,18,0,1.093282,2.609148,2.852534
5868,lm,0,22,0,1.254818,1.121067,1.406735
587,human,0,97,0,1.342936,0.840906,1.129283
587,lm,0,9,0,1.048078,1.487218,1.558720
5870,human,0,128,0,1.485523,0.658197,0.977767
5870,human,1,15,0,1.117437,2.301915,2.572246
5870,lm,0,45,0,1.464382,0.510742,0.747921
5874,human,0,45,0,1.403143,0.604363,0.848008
5874,lm,0,10,0,1.132901,1.146600,1.298984
5875,human,0,109,0,1.665134,0.380736,0.633977
5875,lm,0,71,0,1.399473,1.029519,1.440784
5876,human,0,36,0,1.472942,0.633064,0.932467
5876,lm,0,19,0,1.574123,0.627688,0.988058
588,human,0,41,0,1.318292,0.954608,1.258453
588,lm,0,6,0,1.100498,2.521702,2.775127
5881,human,0,97,0,1.285581,0.841702,1.082075
5881,lm,0,128,0,1.594821,0.426318,0.679901
5881,lm,1,40,0,1.514472,0.863582,1.307870
5883,human,0,99,0,1.547101,0.526041,0.813838
5883,lm,0,10,0,1.059524,2.683844,2.843596
5885,human,0,50,0,1.454242,0.778134,1.131595
5885,lm,0,36,0,1.461468,0.782450,1.143525
5886,human,0,128,0,1.440894,0.685882,0.988283
5886,human,1,128,0,1.240129,1.086772,1.347737
5886,human,2,128,0,1.133817,1.510324,1.712431
5886,human,3,128,0,1.171126,1.391549,1.629679
5886,human,4,128,0,1.286816,1.268415,1.632217
5886,human,5,87,0,1.389944,0.906708,1.260274
5886,lm,0,104,0,1.793046,0.575730,1.032310
5887,human,0,83,0,1.218033,1.133101,1.380154
5887,lm,0,81,0,1.379492,0.962710,1.328051
5888,human,0,93,0,1.347386,0.627640,0.845673
5888,lm,0,100,0,1.555916,0.386707,0.601684
5889,human,0,128,0,1.346070,0.671829,0.904329
5889,human,1,48,0,1.322770,1.099607,1.454526
5889,lm,0,37,0,1.682694,0.917384,1.543677
5892,human,0,13,0,1.116875,1.373830,1.534396
5892,lm,0,7,0,1.153290,0.986314,1.137506
5895,human,0,128,0,1.607592,0.431490,0.693660
5895,human,1,128,0,1.589739,0.527880,0.839192
5895,human,2,128,0,1.489029,0.576338,0.858183
5895,human,3,128,0,1.396588,0.763355,1.066092
5895,human,4,82,0,1.345890,0.624067,0.839926
5895,lm,0,82,0,3.162589,0.083392,0.263736
5896,human,0,104,0,1.349004,0.634160,0.855485
5896,lm,0,12,0,1.112274,1.866683,2.076263
5897,human,0,71,0,1.593455,0.607503,0.968029
5897,lm,0,47,0,1.571859,1.039084,1.633293
5899,human,0,69,0,1.397690,0.725738,1.014357
5899,lm,0,35,0,1.502427,0.633280,0.951456
59,human,0,128,0,1.480503,0.403629,0.597574
59,human,1,128,0,1.532927,0.507540,0.778022
59,human,2,128,0,1.416511,0.627916,0.889449
59,human,3,128,0,1.423158,0.470007,0.668895
59,human,4,56,0,1.242788,1.245049,1.547331
59,lm,0,128,0,1.556888,0.402401,0.626493
59,lm,1,128,0,2.087922,0.279027,0.582587
59,lm,2,128,0,1.986334,0.377236,0.749317
59,lm,3,111,0,2.031119,0.236939,0.481251
5900,human,0,128,0,1.706809,0.563364,0.961555
5900,human,1,118,0,1.449763,0.738553,1.070728
5900,lm,0,13,0,1.240818,0.882506,1.095030
5901,human,0,122,0,1.489843,0.517821,0.771471
5901,lm,0,76,0,1.838404,0.486588,0.894546
5902,human,0,128,0,1.350905,0.823354,1.112273
5902,human,1,128,0,1.173725,1.495352,1.755131
5902,human,2,128,0,1.088230,1.498217,1.630406
5902,human,3,128,0,1.018275,1.258450,1.281448
5902,human,4,128,0,1.233525,1.791530,2.209898
5902,human,5,128,0,1.163894,1.538247,1.790357
5902,human,6,40,0,1.133140,1.409720,1.597410
5902,lm,0,106,0,1.321563,0.846772,1.119062
5903,human,0,38,0,1.202320,1.257032,1.511355
5903,lm,0,46,0,1.351297,0.840123,1.135257
5904,human,0,35,0,1.336054,1.507264,2.013787
5904,lm,0,10,0,1.344584,1.664824,2.238495
5906,human,0,128,0,1.384300,0.719621,0.996172
5906,human,1,128,0,1.310400,1.300696,1.704431
5906,human,2,128,0,1.275643,1.207860,1.540798
5906,human,3,78,0,1.244994,1.371638,1.707681
5906,lm,0,54,0,1.445041,0.821936,1.187730
5907,human,0,67,0,1.223193,0.773334,0.945936
5907,lm,0,66,0,1.639304,0.454304,0.744741
5908,human,0,128,0,1.179084,1.212378,1.429495
5908,human,1,128,0,1.224960,1.186776,1.453753
5908,human,2,97,0,1.336695,0.449818,0.601270
5908,lm,0,128,0,2.098678,0.181886,0.381720
5908,lm,1,128,0,2.200530,0.125670,0.276541
5908,lm,2,36,0,1.507803,0.275517,0.415425
591,human,0,52,0,1.642601,0.727107,1.194346
591,lm,0,46,0,1.797537,0.509558,0.915949
5910,human,0,37,0,1.241615,1.414024,1.755674
5910,lm,0,13,0,1.093823,1.923047,2.103473
5911,human,0,76,0,1.305734,0.730501,0.953840
5911,lm,0,24,0,1.214391,1.786210,2.169157
5912,human,0,128,0,1.362180,0.806541,1.098654
5912,human,1,18,0,1.143612,2.352544,2.690398
5912,lm,0,128,0,1.619628,0.548709,0.888704
5912,lm,1,128,0,1.809551,0.311487,0.563652
5912,lm,2,10,0,1.219369,1.951571,2.379686
5914,human,0,38,0,1.175615,0.871066,1.024038
5914,lm,0,65,0,1.555448,0.378288,0.588407
592,human,0,38,0,1.591986,0.672443,1.070520
592,lm,0,59,0,1.604860,0.470443,0.754995
5921,human,0,128,0,1.519148,0.780944,1.186369
5921,human,1,128,0,1.246437,1.292219,1.610670
5921,human,2,128,0,1.406509,0.615850,0.866199
5921,human,3,128,0,1.254007,1.216190,1.525111
5921,human,4,32,0,1.129560,2.082519,2.352330
5921,lm,0,76,0,1.394532,0.738074,1.029268
5923,human,0,128,0,1.489986,0.368226,0.548652
5923,human,1,34,0,1.230721,0.686396,0.844761
5923,lm,0,34,0,1.641877,0.479494,0.787270
5924,human,0,80,0,1.433953,0.606595,0.869828
5924,lm,0,69,0,1.664641,0.527393,0.877920
5926,human,0,128,0,1.467828,0.501911,0.736719
5926,human,1,128,0,1.621135,0.403883,0.654750
5926,human,2,128,0,1.629858,0.402599,0.656180
5926,human,3,128,0,1.528313,0.735538,1.124133
5926,human,4,128,0,1.495424,0.494699,0.739785
5926,human,5,128,0,1.400154,0.589605,0.825538
5926,human,6,35,0,1.307747,1.426268,1.865198
5926,lm,0,128,0,2.486496,0.121811,0.302882
5926,lm,1,2,0,1.030523,3.866447,3.984464
5928,human,0,128,0,1.268647,1.094427,1.388442
5928,human,1,128,0,1.233472,0.817217,1.008014
5928,human,2,112,0,1.271347,0.815280,1.036503
5928,lm,0,9,0,1.086051,1.366605,1.484203
593,human,0,79,0,1.407539,0.712247,1.002515
593,lm,0,44,0,1.461668,0.853310,1.247256
5930,human,0,23,0,1.163708,1.386614,1.613614
5930,lm,0,11,0,1.268660,1.035677,1.313922
5931,human,0,128,0,1.694621,0.408897,0.692925
5931,human,1,78,0,1.890495,0.456795,0.863568
5931,lm,0,121,0,1.987716,0.253331,0.503550
5932,human,0,128,0,1.062265,1.209095,1.284380
5932,human,1,94,0,1.274909,1.210436,1.543196
5932,lm,0,12,0,1.239912,1.345389,1.668164
5933,human,0,128,0,1.182910,1.203077,1.423132
5933,human,1,67,0,1.159506,2.019751,2.341913
5933,lm,0,20,0,1.150549,1.589733,1.829065
5935,human,0,128,0,1.263026,1.284508,1.622368
5935,human,1,128,0,1.390193,0.701813,0.975655
5935,human,2,128,0,1.168930,1.387928,1.622392
5935,human,3,128,0,1.148985,1.622492,1.864220
5935,human,4,128,0,1.611611,0.671558,1.082290
5935,human,5,34,0,1.217226,1.993384,2.426400
5935,lm,0,57,0,1.515710,0.709730,1.075745
5936,human,0,128,0,1.418857,0.703135,0.997648
5936,human,1,128,0,1.232469,1.198514,1.477132
5936,human,2,28,0,1.159525,2.712827,3.145592
5936,lm,0,128,0,1.815069,0.270136,0.490315
5936,lm,1,128,0,1.490554,0.654565,0.975664
5936,lm,2,128,0,1.456073,0.683995,0.995947
5936,lm,3,39,0,1.782812,0.648952,1.156960
5938,human,0,25,0,1.241405,1.289103,1.600299
5938,lm,0,95,0,1.663825,0.404703,0.673356
5939,human,0,67,0,1.514944,0.626724,0.949451
5939,lm,0,60,0,1.508087,0.819935,1.236533
594,human,0,119,0,1.394855,0.888553,1.239403
594,lm,0,10,0,1.179848,1.460814,1.723539
5940,human,0,128,0,1.289411,0.991584,1.278559
5940,human,1,128,0,1.250190,1.486029,1.857819
5940,human,2,83,0,1.195037,1.363349,1.629253
5940,lm,0,72,0,1.534866,0.676593,1.038479
5941,human,0,128,0,1.422715,0.596924,0.849253
5941,human,1,128,0,1.367832,0.604553,0.826927
5941,human,2,64,0,1.349342,0.884076,1.192921
5941,lm,0,81,0,1.742458,0.526737,0.917816
5942,human,0,44,0,1.576314,1.133064,1.786064
5943,human,0,128,0,1.326119,0.661148,0.876761
5943,human,1,128,0,1.292466,1.126186,1.455557
5943,human,2,128,0,1.383430,0.768546,1.063229
5943,human,3,87,0,1.335622,0.949790,1.268560
5943,lm,0,128,0,1.884947,0.323945,0.610619
5943,lm,1,57,0,1.763056,0.440674,0.776933
5944,human,0,87,0,1.279176,0.733228,0.937928
5944,lm,0,9,0,1.088089,1.571807,1.710266
5945,human,0,39,0,1.176816,1.638944,1.928735
5945,lm,0,10,0,1.073344,1.872743,2.010098
5946,human,0,109,0,1.609905,0.363049,0.584475
5947,human,0,48,0,1.390471,0.723615,1.006166
5947,lm,0,48,0,1.689489,0.350384,0.591969
5949,human,0,68,0,1.607142,0.521046,0.837395
5949,lm,0,34,0,1.767736,0.398366,0.704205
5950,human,0,53,0,1.401562,0.870631,1.220243
5950,lm,0,60,0,1.508708,0.602216,0.908568
5951,human,0,119,0,1.463422,0.415740,0.608402
5951,lm,0,128,0,1.805357,0.343020,0.619273
5951,lm,1,27,0,1.544564,1.026517,1.585522
5952,human,0,13,0,1.090132,1.348787,1.470356
5952,lm,0,10,0,1.192772,2.295252,2.737713
5953,human,0,28,0,1.162512,1.363960,1.585620
5953,lm,0,6,0,1.072854,1.852029,1.986957
5954,human,0,128,0,1.219408,1.018972,1.242542
5954,human,1,59,0,1.235076,1.926458,2.379322
5954,lm,0,10,0,1.163629,1.548741,1.802160
5955,human,0,128,0,1.383265,0.677760,0.937522
5955,human,1,80,0,1.276666,1.315917,1.679986
5955,lm,0,46,0,2.031569,0.533118,1.083065
5956,human,0,128,0,1.353607,0.819967,1.109913
5956,human,1,128,0,1.168820,1.390429,1.625161
5956,human,2,128,0,1.240699,1.195162,1.482837
5956,human,3,128,0,1.157700,1.313748,1.520926
5956,human,4,128,0,1.138521,1.431957,1.630313
5956,human,5,82,0,1.164058,1.585234,1.845304
5956,lm,0,39,0,1.227559,1.129629,1.386687
5959,human,0,82,0,1.644495,0.471654,0.775633
5959,lm,0,70,0,1.618385,0.487072,0.788270
5960,human,0,80,0,1.329603,0.880607,1.170857
5960,lm,0,17,0,1.223399,1.160153,1.419329
5963,human,0,128,0,1.314514,0.930494,1.223147
5963,human,1,128,0,1.451789,0.951511,1.381392
5963,human,2,128,0,1.338229,1.138189,1.523157
5963,human,3,128,0,1.331541,1.403220,1.868446
5963,human,4,95,0,1.279658,1.463062,1.872219
5963,lm,0,128,0,1.663359,0.650272,1.081636
5963,lm,1,6,0,1.195795,2.912415,3.482651
5964,human,0,128,0,1.203165,1.162871,1.399126
5964,human,1,128,0,1.226509,1.121331,1.375322
5964,human,2,128,0,1.203816,1.052437,1.266941
5964,human,3,128,0,1.146439,1.182072,1.355173
5964,human,4,128,0,1.075370,1.942175,2.088556
5964,human,5,128,0,1.250498,0.956289,1.195838
5964,human,6,128,0,1.259923,1.016251,1.280398
5964,human,7,128,0,1.106209,2.447856,2.707839
5964,human,8,128,0,1.092521,2.171561,2.372475
5964,human,9,128,0,0.976343,2.508597,2.449252
5964,human,10,106,0,1.363412,1.222165,1.666315
5964,lm,0,44,0,1.546774,0.815824,1.261895
5965,human,0,22,0,1.133649,1.449603,1.643341
5965,lm,0,11,0,1.178846,1.711548,2.017651
5966,human,0,23,0,1.177755,1.336140,1.573646
5966,lm,0,11,0,1.143051,1.198646,1.370113
5967,human,0,98,0,1.218888,1.432004,1.745453
5967,lm,0,10,0,1.118025,2.038546,2.279146
5968,human,0,38,0,1.198557,1.162560,1.393395
5968,lm,0,44,0,2.115816,0.362790,0.767597
5969,human,0,93,0,1.229118,1.073762,1.319780
5969,lm,0,128,0,2.510891,0.122236,0.306922
5969,lm,1,128,0,1.984875,0.157380,0.312380
5969,lm,2,23,0,1.761719,0.382540,0.673927
597,human,0,128,0,1.345836,0.782507,1.053125
597,human,1,128,0,1.219409,1.106096,1.348783
597,human,2,97,0,1.284719,1.316766,1.691674
597,lm,0,60,0,1.545974,0.985058,1.522874
5970,human,0,128,0,1.188625,1.287716,1.530611
5970,human,1,68,0,1.111333,1.456051,1.618158
5970,lm,0,74,0,1.978501,0.353134,0.698676
5972,human,0,62,0,1.177007,0.698630,0.822292
5972,lm,0,128,0,1.946156,0.224676,0.437255
5972,lm,1,111,0,1.547912,0.270711,0.419037
5975,human,0,127,0,1.366893,0.757103,1.034879
5975,lm,0,43,0,1.609752,0.607438,0.977824
5977,human,0,128,0,1.286451,0.978860,1.259256
5977,human,1,128,0,1.365306,0.774784,1.057817
5977,lm,0,47,0,1.786972,0.373452,0.667347
5978,human,0,66,0,1.302990,0.966321,1.259106
5978,lm,0,40,0,1.152947,1.088386,1.254850
5979,human,0,70,0,1.317058,1.247651,1.643228
5979,lm,0,51,0,2.005586,0.287174,0.575952
5981,human,0,43,0,1.186850,1.166619,1.384602
5981,lm,0,83,0,1.426261,0.599189,0.854600
5983,human,0,128,0,1.666723,0.506416,0.844056
5983,human,1,128,0,1.455903,0.453021,0.659555
5983,human,2,128,0,1.473024,0.553818,0.815787
5983,human,3,111,0,1.512548,0.521493,0.788782
5983,lm,0,10,0,1.181494,1.141365,1.348516
5986,human,0,27,0,1.261299,1.199282,1.512653
5986,lm,0,89,0,1.833554,0.463600,0.850036
5987,human,0,80,0,1.392730,0.599294,0.834654
5987,lm,0,125,0,1.917585,0.326637,0.626355
5988,human,0,128,0,1.567933,0.565736,0.887037
5988,human,1,128,0,1.465207,0.735900,1.078246
5988,human,2,128,0,1.424015,0.744769,1.060561
5988,human,3,118,0,1.457479,0.713990,1.040626
5988,lm,0,128,0,1.795588,0.465480,0.835809
5988,lm,1,128,0,1.840841,0.474875,0.874169
5988,lm,2,128,0,1.548161,0.592124,0.916704
5988,lm,3,128,0,1.448863,0.611622,0.886157
5988,lm,4,128,0,1.520115,0.537022,0.816335
5988,lm,5,93,0,1.440704,0.823580,1.186536
5989,human,0,128,0,1.257726,1.019469,1.282212
5989,human,1,128,0,1.213922,1.409382,1.710880
5989,human,2,128,0,1.232313,1.961911,2.417688
5989,human,3,55,0,1.277296,1.891358,2.415825
5989,lm,0,25,0,1.559984,1.057070,1.649013
5991,human,0,128,0,1.456665,0.601542,0.876245
5991,human,1,24,0,1.223744,0.869083,1.063535
5991,lm,0,9,0,1.114430,1.382074,1.540224
5992,human,0,90,0,1.136660,1.332792,1.514931
5992,lm,0,11,0,1.063544,1.839287,1.956163
5994,human,0,47,0,1.347669,0.685811,0.924246
5994,lm,0,10,0,1.142258,2.124292,2.426489
5996,human,0,108,0,1.513935,0.365059,0.552676
5996,lm,0,128,0,2.636673,0.126822,0.334389
5996,lm,1,128,0,2.680365,0.121206,0.324876
5996,lm,2,37,0,1.459883,0.522249,0.762423
5998,human,0,128,0,1.388894,0.824367,1.144958
5998,human,1,128,0,1.333484,0.879085,1.172245
5998,human,2,85,0,1.284442,1.122207,1.441410
5998,lm,0,10,0,1.254188,2.293937,2.877029
5999,human,0,65,0,1.431791,0.911252,1.304723
5999,lm,0,11,0,1.088232,2.770774,3.015244
6,human,0,27,0,1.243234,1.345393,1.672638
6,lm,0,27,0,1.415149,1.015093,1.436507
60,human,0,23,0,1.664124,0.655835,1.091391
60,lm,0,11,0,1.436307,0.668790,0.960587
6000,human,0,99,0,1.411171,0.787563,1.111386
6000,lm,0,64,0,1.833283,0.342936,0.628698
6001,human,0,40,0,1.105699,1.458675,1.612856
6001,lm,0,10,0,1.023820,1.815825,1.859077
6002,human,0,35,0,1.293593,1.575623,2.038215
6002,lm,0,36,0,1.416198,0.884264,1.252293
6003,human,0,112,0,1.482746,0.614890,0.911726
6003,lm,0,48,0,1.598878,0.507737,0.811810
6007,human,0,29,0,1.176041,1.331541,1.565947
6007,lm,0,8,0,1.019801,3.350791,3.417141
6008,human,0,25,0,1.155177,1.114801,1.287792
6008,lm,0,46,0,1.444638,0.785785,1.135175
6009,human,0,35,0,1.278546,0.772128,0.987201
6009,lm,0,7,0,1.125843,1.828750,2.058885
601,human,0,77,0,1.393401,0.772298,1.076121
601,lm,0,51,0,1.416902,0.672424,0.952759
6011,human,0,13,0,1.062995,1.720827,1.829230
6011,lm,0,11,0,1.153159,1.350089,1.556868
6012,human,0,30,0,1.368102,0.722818,0.988889
6012,lm,0,20,0,1.479669,0.441790,0.653703
6013,human,0,76,0,1.518972,0.542306,0.823748
6013,lm,0,97,0,2.351648,0.262405,0.617085
6016,human,0,47,0,1.344438,0.726269,0.976424
6016,lm,0,75,0,1.565624,0.524146,0.820616
6017,human,0,128,0,1.267871,0.722316,0.915803
6017,human,1,28,0,1.144114,1.065250,1.218768
6017,lm,0,51,0,1.356670,0.509525,0.691257
6019,human,0,109,0,1.288618,0.875183,1.127776
6019,lm,0,72,0,1.075154,1.359030,1.461167
602,human,0,128,0,1.616562,0.644456,1.041803
602,human,1,128,0,1.341521,0.888913,1.192496
602,human,2,20,0,1.309632,0.993566,1.301206
602,lm,0,66,0,1.870572,0.279619,0.523047
6023,human,0,128,0,1.326640,0.534300,0.708824
6023,human,1,128,0,1.220937,0.915917,1.118277
6023,human,2,108,0,1.207234,1.112891,1.343519
6023,lm,0,10,0,1.136522,1.042445,1.184762
6025,human,0,35,0,1.485459,0.789259,1.172413
6025,lm,0,66,0,1.979086,0.646611,1.279698
6026,human,0,128,0,1.351693,0.698961,0.944781
6026,human,1,54,0,1.277082,1.171427,1.496008
6026,lm,0,7,0,1.073139,3.534050,3.792525
6027,human,0,128,0,1.319119,0.835145,1.101656
6027,human,1,26,0,1.160005,2.026756,2.351047
6027,lm,0,117,0,1.520126,0.533713,0.811311
6028,human,0,39,0,1.261420,1.170708,1.476755
6028,lm,0,10,0,1.191371,1.409833,1.679634
6031,human,0,128,0,1.378398,0.665280,0.917020
6031,human,1,128,0,1.410368,0.553014,0.779953
6031,human,2,45,0,1.424545,1.170633,1.667620
6031,lm,0,128,0,2.738582,0.198607,0.543901
6031,lm,1,128,0,2.278837,0.208215,0.474489
6031,lm,2,128,0,2.311141,0.214483,0.495700
6031,lm,3,58,0,1.756602,0.552128,0.969869
6032,human,0,128,0,1.283171,1.253441,1.608380
6032,human,1,95,0,1.411661,0.802385,1.132695
6032,lm,0,128,0,2.197889,0.205656,0.452008
6032,lm,1,128,0,1.867761,0.287427,0.536845
6032,lm,2,128,0,2.017257,0.226693,0.457297
6032,lm,3,87,0,1.773323,0.394145,0.698947
6033,human,0,128,0,1.433532,0.894959,1.282953
6033,human,1,128,0,1.259192,1.059314,1.333879
6033,human,2,128,0,1.385691,0.903873,1.252488
6033,human,3,59,0,1.300858,1.490675,1.939158
6033,lm,0,128,0,1.976777,0.346563,0.685078
6033,lm,1,10,0,1.115239,1.232666,1.374718
6037,human,0,16,0,1.255134,0.785435,0.985826
6037,lm,0,11,0,1.189250,1.106045,1.315364
6038,human,0,25,0,1.502316,0.342540,0.514603
6038,lm,0,14,0,1.801256,0.393281,0.708400
6041,human,0,84,0,1.410468,0.768239,1.083576
6041,lm,0,128,0,2.250674,0.270065,0.607829
6041,lm,1,128,0,2.329214,0.111367,0.259399
6041,lm,2,61,0,1.531637,0.173489,0.265723
6043,human,0,128,0,1.224343,0.922133,1.129008
6043,human,1,128,0,1.317107,0.637634,0.839833
6043,human,2,111,0,1.276675,0.889884,1.136093
6044,human,0,128,0,1.192518,0.974694,1.162341
6044,human,1,128,0,1.220300,0.725565,0.885407
6044,human,2,53,0,1.107492,1.965048,2.176275
6044,lm,0,10,0,1.029145,2.932352,3.017815
6045,human,0,16,0,1.219242,0.769869,0.938657
6045,lm,0,16,0,1.451438,1.100570,1.597409
6046,human,0,68,0,1.304383,0.877559,1.144673
6046,lm,0,13,0,1.221998,1.053707,1.287628
6047,human,0,128,0,1.433012,0.728522,1.043980
6047,human,1,88,0,1.299216,1.267969,1.647366
6047,lm,0,128,0,1.809981,0.378478,0.685038
6047,lm,1,90,0,1.613181,0.533776,0.861078
6048,human,0,94,0,1.312966,0.878621,1.153599
6048,lm,0,82,0,1.446031,0.690281,0.998167
6049,human,0,26,0,1.189431,1.361047,1.618871
6049,lm,0,8,0,1.192595,0.993192,1.184475
6050,human,0,20,0,1.084854,2.063700,2.238813
6050,lm,0,9,0,1.037582,2.320455,2.407663
6051,human,0,128,0,1.257472,1.043768,1.312509
6051,human,1,128,0,1.320028,1.060709,1.400166
6051,human,2,128,0,1.267224,0.972321,1.232148
6051,human,3,128,0,1.318180,1.158301,1.526849
6051,human,4,128,0,1.273038,1.009619,1.285283
6051,human,5,64,0,1.240786,1.097470,1.361725
6051,lm,0,9,0,1.015438,2.253337,2.288124
6055,human,0,128,0,1.191470,1.505655,1.793942
6055,human,1,94,0,1.375461,0.916549,1.260677
6055,lm,0,128,0,2.126949,0.253768,0.539751
6055,lm,1,128,0,1.942717,0.303349,0.589322
6055,lm,2,128,0,2.053566,0.254218,0.522053
6055,lm,3,128,0,1.827938,0.327656,0.598935
6055,lm,4,128,0,1.730567,0.335174,0.580042
6055,lm,5,62,0,1.508336,0.541064,0.816106
6056,human,0,23,0,1.151753,1.724209,1.985863
6056,lm,0,50,0,1.369344,0.899420,1.231616
6058,human,0,47,0,1.228470,0.906581,1.113708
6058,lm,0,114,0,1.955049,0.275708,0.539023
6060,human,0,84,0,1.355872,0.844312,1.144779
6060,lm,0,21,0,1.206959,1.126763,1.359956
6062,human,0,43,0,1.503135,0.978688,1.471100
6062,lm,0,76,0,2.128464,0.367413,0.782025
6064,human,0,92,0,1.460723,0.549381,0.802493
6064,lm,0,11,0,1.104245,1.735689,1.916625
6066,human,0,20,0,1.507066,0.393057,0.592363
6066,lm,0,25,0,1.464879,0.355267,0.520424
6067,human,0,128,0,1.227888,1.030156,1.264916
6067,human,1,121,0,1.428674,0.856318,1.223399
6067,lm,0,36,0,1.620177,0.439623,0.712266
6068,human,0,128,0,1.287653,1.127499,1.451827
6068,human,1,107,0,1.213348,1.116795,1.355061
6068,lm,0,128,0,1.839389,0.342907,0.630739
6068,lm,1,72,0,1.521954,0.726451,1.105626
6069,human,0,65,0,1.509805,0.587146,0.886476
6069,lm,0,14,0,1.597786,0.447649,0.715247
607,human,0,128,0,1.682600,0.690529,1.161885
607,human,1,39,0,1.400647,1.230791,1.723903
607,lm,0,115,0,1.698597,0.454203,0.771507
6070,human,0,38,0,1.358085,0.956249,1.298668
6070,lm,0,10,0,1.147296,1.931077,2.215516
6073,human,0,128,0,1.248006,0.845208,1.054825
6073,human,1,128,0,1.395741,1.038225,1.449092
6073,human,2,128,0,1.427366,0.871461,1.243893
6073,human,3,98,0,1.359104,1.155437,1.570359
6073,lm,0,11,0,1.146942,1.231374,1.412315
6074,human,0,52,0,1.351916,0.732410,0.990157
6074,lm,0,108,0,1.448787,0.678578,0.983115
6076,human,0,96,0,1.265356,1.206488,1.526637
6076,lm,0,31,0,1.254222,1.242512,1.558386
6079,human,0,128,0,1.234050,1.272529,1.570365
6079,human,1,128,0,1.202254,1.428246,1.717114
6079,human,2,1,0,nan,nan,nan
6079,lm,0,60,0,1.649706,0.686544,1.132595
608,human,0,98,0,1.229165,0.823995,1.012827
608,lm,0,19,0,1.211846,1.172118,1.420427
6081,human,0,39,0,1.447666,0.738857,1.069619
6081,lm,0,30,0,1.211420,0.771738,0.934900
6082,human,0,111,0,1.320343,1.048840,1.384828
6082,lm,0,17,0,1.090233,1.992383,2.172162
6084,human,0,25,0,1.267387,1.224837,1.552342
6084,lm,0,6,0,1.086813,2.433162,2.644394
6085,human,0,128,0,1.383916,0.815174,1.128133
6085,human,1,128,0,1.369187,0.868949,1.189753
6085,human,2,128,0,1.215746,1.175115,1.428642
6085,human,3,31,0,1.138611,1.990874,2.266831
6085,lm,0,74,0,1.407631,0.854020,1.202144
6086,human,0,128,0,1.528440,0.598819,0.915259
6086,human,1,128,0,1.337109,0.624193,0.834614
6086,human,2,128,0,1.223477,1.139647,1.394333
6086,human,3,128,0,1.246685,0.805864,1.004659
6086,human,4,18,0,1.127880,1.683262,1.898517
6086,lm,0,10,0,1.174445,2.351269,2.761435
6087,human,0,46,0,1.334676,0.704655,0.940486
6087,lm,0,12,0,1.260283,0.860189,1.084082
6088,human,0,128,0,1.300537,0.846692,1.101154
6088,human,1,49,0,1.217711,1.515471,1.845406
6088,lm,0,49,0,1.415695,0.697969,0.988111
6089,human,0,58,0,1.345581,1.313761,1.767771
6089,lm,0,10,0,1.084562,2.416360,2.620692
609,human,0,38,0,1.562742,0.759647,1.187131
609,lm,0,84,0,2.054799,0.330544,0.679202
6090,human,0,128,0,1.444488,0.630139,0.910228
6090,human,1,128,0,1.405957,0.634222,0.891689
6090,human,2,6,0,1.048877,2.009107,2.107306
6090,lm,0,67,0,1.403106,0.534616,0.750123
6092,human,0,34,0,1.226040,1.214840,1.489442
6092,lm,0,60,0,1.490220,0.982815,1.464610
6093,human,0,39,0,1.495516,0.577453,0.863591
6093,lm,0,11,0,1.175139,1.115150,1.310456
6094,human,0,60,0,1.335543,0.781230,1.043366
6094,lm,0,28,0,1.346017,1.172717,1.578497
6095,human,0,25,0,1.522207,0.560810,0.853669
6095,lm,0,9,0,1.070902,1.190726,1.275151
6096,human,0,51,0,1.137410,1.083416,1.232288
6096,lm,0,25,0,1.269932,0.801395,1.017717
6097,human,0,56,0,1.481254,0.472418,0.699771
6097,lm,0,11,0,1.182617,1.203787,1.423620
6098,human,0,107,0,1.254873,1.111751,1.395106
6098,lm,0,128,0,1.608861,0.590926,0.950717
6098,lm,1,128,0,1.721245,0.539916,0.929328
6098,lm,2,128,0,2.006005,0.355928,0.713993
6098,lm,3,128,0,1.809757,0.478121,0.865283
6098,lm,4,128,0,1.717104,0.469739,0.806591
6098,lm,5,128,0,2.065976,0.391241,0.808294
6098,lm,6,128,0,1.768017,0.466507,0.824793
6098,lm,7,38,0,1.242583,1.372276,1.705168
6099,human,0,29,0,1.384576,0.940358,1.301997
6099,lm,0,29,0,1.446287,0.894143,1.293187
61,human,0,92,0,1.390504,0.639352,0.889021
61,lm,0,52,0,1.467804,0.596514,0.875566
610,human,0,43,0,1.254548,0.928785,1.165205
610,lm,0,70,0,1.632050,0.414026,0.675711
6101,human,0,128,0,1.414755,1.008160,1.426299
6101,human,1,125,0,1.444690,0.579161,0.836708
6101,lm,0,85,0,1.542087,0.717966,1.107166
6103,human,0,128,0,1.233734,0.891651,1.100060
6103,human,1,33,0,1.168047,1.680903,1.963374
6103,lm,0,8,0,1.196144,0.939091,1.123288
6104,human,0,67,0,1.185084,1.411103,1.672276
6104,lm,0,10,0,1.115478,2.143680,2.391229
6105,human,0,128,0,1.453253,0.583810,0.848424
6105,human,1,10,0,1.007870,3.390451,3.417133
6105,lm,0,42,0,1.636770,0.707929,1.158716
6107,human,0,128,0,1.221790,0.865785,1.057807
6107,human,1,128,0,1.228457,0.975461,1.198312
6107,human,2,128,0,1.178156,0.885142,1.042835
6107,human,3,7,0,1.179145,2.644134,3.117818
6107,lm,0,128,0,1.812666,0.320941,0.581759
6107,lm,1,38,0,1.467774,0.756123,1.109817
6109,human,0,13,0,1.102959,1.232559,1.359463
6109,lm,0,26,0,1.562327,0.784810,1.226130
6115,human,0,122,0,1.366875,0.730701,0.998777
6115,lm,0,128,0,1.661054,0.332325,0.552009
6115,lm,1,4,0,0.909284,5.991808,5.448256
6116,human,0,128,0,1.658151,0.379923,0.629969
6116,human,1,128,0,1.383004,0.582590,0.805724
6116,human,2,2,0,1.005963,3.346704,3.366661
6116,lm,0,71,0,1.703759,0.392401,0.668557
6117,human,0,128,0,1.143859,1.974774,2.258863
6117,human,1,7,0,1.010691,5.640718,5.701025
6117,lm,0,128,0,1.603323,0.466324,0.747668
6117,lm,1,128,0,1.439762,0.597838,0.860745
6117,lm,2,128,0,1.508036,0.806482,1.216203
6117,lm,3,39,0,1.335645,1.651515,2.205839
6118,human,0,128,0,1.372255,0.787455,1.080589
6118,human,1,128,0,1.305786,0.924708,1.207470
6118,human,2,128,0,1.348098,1.074717,1.448824
6118,human,3,6,0,1.166209,3.087934,3.601175
6118,lm,0,84,0,1.629665,0.560384,0.913239
612,human,0,15,0,1.365084,0.885573,1.208882
612,lm,0,10,0,1.236059,0.821440,1.015348
6121,human,0,18,0,1.211442,0.779596,0.944435
6121,lm,0,71,0,1.849180,0.307143,0.567963
6123,human,0,128,0,1.049048,1.536201,1.611549
6123,human,1,3,0,1.026699,3.774392,3.875165
6126,human,0,128,0,1.357664,0.719259,0.976513
6126,human,1,128,0,1.398200,0.676467,0.945836
6126,human,2,128,0,1.508242,0.619204,0.933910
6126,human,3,16,0,1.201690,1.605924,1.929823
6126,lm,0,52,0,1.986863,0.451913,0.897889
6127,human,0,44,0,1.597507,1.274328,2.035749
6127,lm,0,12,0,1.134350,1.551740,1.760216
6128,human,0,21,0,1.226361,2.032099,2.492087
6128,lm,0,30,0,1.377519,1.515382,2.087467
6129,human,0,34,0,1.250770,0.914562,1.143907
6129,lm,0,10,0,1.176418,1.546724,1.819594
6130,human,0,18,0,1.394071,0.406446,0.566615
6130,lm,0,2,0,1.174102,2.739146,3.216038
6131,human,0,62,0,1.421723,1.010287,1.436349
6131,lm,0,19,0,1.270990,0.669449,0.850863
6132,human,0,38,0,1.346936,1.037830,1.397890
6132,lm,0,10,0,1.159112,1.607061,1.862763
6133,human,0,128,0,1.662050,0.311796,0.518221
6133,human,1,78,0,1.530290,0.437226,0.669083
6133,lm,0,81,0,2.107993,0.232037,0.489133
6135,human,0,128,0,1.269904,0.896406,1.138349
6135,human,1,128,0,1.201477,1.407599,1.691198
6135,human,2,23,0,1.265699,1.787781,2.262793
6135,lm,0,128,0,1.266400,1.048167,1.327399
6135,lm,1,128,0,1.261822,1.111514,1.402534
6135,lm,2,128,0,1.209357,0.496355,0.600270
6135,lm,3,68,0,1.189165,1.106431,1.315728
6136,human,0,128,0,1.431176,0.490601,0.702136
6136,human,1,88,0,1.344848,0.637673,0.857573
6136,lm,0,31,0,1.273967,0.874737,1.114385
6139,human,0,128,0,1.513705,0.670111,1.014350
6139,human,1,128,0,1.562956,0.495473,0.774403
6139,human,2,128,0,1.464540,0.570254,0.835160
6139,human,3,79,0,1.237921,0.900117,1.114273
6139,lm,0,128,0,1.781716,0.278901,0.496922
6139,lm,1,63,0,1.870877,0.200051,0.374271
6141,human,0,39,0,1.795123,0.596669,1.071095
6141,lm,0,39,0,1.939718,0.460953,0.894120
6145,human,0,31,0,1.229063,1.421618,1.747258
6145,lm,0,12,0,1.153070,1.390319,1.603135
6150,human,0,15,0,1.189894,1.513034,1.800351
6150,lm,0,19,0,1.394875,0.972121,1.355988
6151,human,0,28,0,1.324996,1.580551,2.094223
6151,lm,0,22,0,1.373927,1.420988,1.952334
6155,human,0,45,0,1.317853,1.238945,1.632747
6155,lm,0,45,0,1.437419,0.955980,1.374143
6157,human,0,128,0,1.225813,0.825089,1.011405
6157,human,1,13,0,1.316829,2.844487,3.745702
6157,lm,0,66,0,1.461052,1.150923,1.681558
6158,human,0,14,0,1.121692,1.573502,1.764985
6158,lm,0,34,0,1.510855,0.992750,1.499901
6159,human,0,128,0,1.594964,0.689924,1.100404
6159,human,1,17,0,1.330527,0.878304,1.168607
6159,lm,0,31,0,1.674248,0.511265,0.855984
616,human,0,65,0,1.187729,1.014549,1.205010
616,lm,0,18,0,1.102652,1.426463,1.572893
6161,human,0,56,0,1.215804,0.777306,0.945051
6163,human,0,105,0,1.623084,0.417963,0.678390
6163,lm,0,70,0,1.915794,0.333282,0.638499
6166,human,0,94,0,1.376897,0.921204,1.268403
6166,lm,0,10,0,1.084719,2.445617,2.652807
6168,human,0,93,0,1.478206,0.587199,0.868000
6168,lm,0,68,0,1.874449,0.407135,0.763153
6169,human,0,128,0,1.299559,0.867327,1.127142
6169,human,1,128,0,1.269975,1.029380,1.307287
6169,human,2,47,0,1.144634,1.161324,1.329291
6169,lm,0,47,0,1.894445,0.336585,0.637641
617,human,0,13,0,1.112781,1.869696,2.080563
617,lm,0,9,0,1.082462,2.210520,2.392804
6170,human,0,53,0,1.704435,0.694320,1.183424
6170,lm,0,102,0,2.006534,0.419392,0.841525
6171,human,0,31,0,1.108037,1.575436,1.745642
6171,lm,0,45,0,1.494964,0.532097,0.795467
6172,human,0,128,0,1.393708,0.702950,0.979707
6172,human,1,73,0,1.352867,0.805819,1.090166
6172,lm,0,126,0,1.546279,0.868551,1.343022
6173,human,0,94,0,1.376452,0.749164,1.031189
6173,lm,0,125,0,1.937709,0.336478,0.651997
6174,human,0,44,0,1.502963,1.321242,1.985777
6174,lm,0,45,0,1.260687,1.224563,1.543791
6176,human,0,57,0,1.455620,0.664793,0.967686
6176,lm,0,44,0,1.670220,0.460089,0.768450
6177,human,0,31,0,1.301499,0.692310,0.901041
6177,lm,0,12,0,1.163616,0.563950,0.656221
6178,human,0,128,0,1.325028,0.775045,1.026957
6178,human,1,4,0,0.955429,4.499810,4.299247
6178,lm,0,92,0,1.958961,0.368549,0.721974
6180,human,0,28,0,1.122526,1.422356,1.596631
6180,lm,0,48,0,1.427158,0.618087,0.882108
6182,human,0,34,0,1.214414,0.914123,1.110124
6182,lm,0,23,0,1.106757,2.322584,2.570536
6184,human,0,23,0,1.348885,0.668128,0.901228
6184,lm,0,9,0,1.265371,0.680687,0.861321
6185,human,0,8,0,1.154062,1.094018,1.262565
6185,lm,0,96,0,2.721876,0.064779,0.176321
6186,human,0,49,0,1.240780,1.176177,1.459377
6186,lm,0,25,0,1.285290,1.001620,1.287372
6187,human,0,52,0,1.411671,0.553880,0.781896
6187,lm,0,85,0,1.897590,0.307986,0.584432
6188,human,0,128,0,1.288650,0.658467,0.848534
6188,human,1,30,0,1.116801,1.104250,1.233228
6188,lm,0,20,0,1.215238,0.720604,0.875705
619,human,0,64,0,1.409596,0.704684,0.993319
619,lm,0,128,0,2.017053,0.210338,0.424262
619,lm,1,11,0,1.051691,1.487592,1.564486
6190,human,0,128,0,1.297984,0.856101,1.111205
6190,human,1,128,0,1.197538,1.163021,1.392762
6190,human,2,128,0,1.222726,1.462371,1.788079
6190,human,3,17,0,1.172757,1.625608,1.906444
6190,lm,0,6,0,1.038805,3.480882,3.615958
6191,human,0,101,0,1.731918,0.373928,0.647612
6191,lm,0,128,0,1.599230,0.555925,0.889052
6191,lm,1,128,0,1.255280,1.380157,1.732483
6191,lm,2,51,0,1.290523,1.320409,1.704019
6192,human,0,103,0,1.324050,0.719669,0.952878
6192,lm,0,46,0,1.400639,0.727466,1.018917
6195,human,0,128,0,1.478118,0.625461,0.924505
6195,human,1,128,0,1.392031,0.564013,0.785123
6195,human,2,22,0,1.262226,1.888294,2.383454
6195,lm,0,128,0,2.401634,0.175309,0.421028
6195,lm,1,81,0,1.692461,0.477234,0.807700
6196,human,0,91,0,1.754388,0.556340,0.976036
6196,lm,0,49,0,1.650979,0.493490,0.814742
6197,human,0,44,0,1.241984,1.284156,1.594901
6197,lm,0,34,0,1.320431,1.049483,1.385770
6198,human,0,110,0,1.289335,0.727321,0.937760
6198,lm,0,128,0,2.137148,0.145647,0.311269
6198,lm,1,128,0,1.857114,0.116726,0.216773
6198,lm,2,41,0,1.467806,0.301901,0.443132
6199,human,0,38,0,1.325343,0.627979,0.832288
6199,lm,0,70,0,1.704005,0.307360,0.523744
620,human,0,57,0,1.473846,0.751163,1.107099
620,lm,0,63,0,1.456823,0.776729,1.131557
6201,human,0,7,0,1.069524,1.876848,2.007333
6201,lm,0,19,0,1.348587,0.483124,0.651534
6202,human,0,17,0,1.288591,0.620282,0.799290
6202,lm,0,6,0,1.269180,1.140927,1.448041
6203,human,0,128,0,1.645234,0.369148,0.607334
6203,human,1,31,0,1.296482,0.907120,1.176064
6203,lm,0,45,0,1.582061,0.619185,0.979588
6204,human,0,23,0,1.215994,1.263391,1.536276
6204,lm,0,10,0,1.104399,2.045263,2.258787
6205,human,0,44,0,1.323567,1.325801,1.754786
6206,human,0,128,0,1.597499,0.423532,0.676592
6206,human,1,36,0,1.276519,1.472649,1.879865
6206,lm,0,10,0,1.206511,0.727023,0.877161
6207,human,0,63,0,1.338770,0.997280,1.335129
6207,lm,0,51,0,1.747243,0.532525,0.930451
6208,human,0,128,0,1.629313,0.488434,0.795812
6208,human,1,26,0,1.158082,2.170276,2.513358
6208,lm,0,30,0,1.619277,0.912415,1.477452
6209,human,0,128,0,1.295137,0.792367,1.026224
6209,human,1,128,0,1.199290,1.428385,1.713048
6209,human,2,41,0,1.143916,1.638366,1.874154
6209,lm,0,41,0,1.589110,0.909161,1.444757
621,human,0,57,0,1.511637,0.877420,1.326340
621,lm,0,19,0,1.215518,1.187938,1.443960
6210,human,0,53,0,1.055192,1.891995,1.996417
6210,lm,0,109,0,1.775498,0.511530,0.908220
6211,human,0,119,0,1.533019,0.677037,1.037911
6211,lm,0,46,0,1.765115,0.633365,1.117963
6213,human,0,37,0,1.450276,0.452166,0.655766
6213,lm,0,128,0,1.821163,0.465769,0.848240
6213,lm,1,128,0,1.691029,0.530562,0.897196
6213,lm,2,128,0,1.707979,0.678726,1.159251
6213,lm,3,75,0,1.778346,0.457652,0.813864
6214,human,0,128,0,1.324985,0.675732,0.895334
6214,human,1,55,0,1.396755,0.656359,0.916772
6214,lm,0,79,0,1.616875,0.316258,0.511349
6216,human,0,128,0,1.208097,0.951488,1.149490
6216,human,1,42,0,0.977155,5.037037,4.921966
6216,lm,0,21,0,1.189155,0.940696,1.118634
6217,human,0,22,0,1.270314,1.182006,1.501518
6217,lm,0,33,0,1.410733,0.546922,0.771561
6219,human,0,97,0,1.644824,0.309473,0.509028
6219,lm,0,128,0,1.761311,0.181451,0.319591
6219,lm,1,42,0,1.470052,0.377113,0.554376
622,human,0,43,0,1.361792,0.932970,1.270511
622,lm,0,10,0,1.154096,1.890629,2.181967
6222,human,0,62,0,1.375719,0.940555,1.293940
6222,lm,0,78,0,1.854149,0.381508,0.707373
6223,human,0,41,0,1.164832,0.945994,1.101924
6223,lm,0,93,0,1.358033,0.853147,1.158602
6224,human,0,119,0,1.375097,1.068152,1.468813
6224,lm,0,11,0,1.228760,1.133020,1.392209
6226,human,0,128,0,1.421692,0.526523,0.748554
6226,human,1,29,0,1.246023,0.977709,1.218247
6226,lm,0,38,0,1.313230,0.760927,0.999272
6227,human,0,128,0,1.388387,0.430802,0.598120
6227,human,1,23,0,1.132140,2.386794,2.702185
6227,lm,0,64,0,1.344398,0.352410,0.473779
6228,human,0,128,0,1.437573,0.503905,0.724400
6228,human,1,5,0,1.244209,1.156754,1.439244
6228,lm,0,21,0,1.438198,0.652061,0.937794
6229,human,0,128,0,1.300231,0.730959,0.950416
6229,human,1,128,0,1.065132,1.374874,1.464422
6229,human,2,38,0,1.078309,2.594410,2.797575
6229,lm,0,12,0,1.068466,1.130973,1.208406
6230,human,0,90,0,1.303721,0.991008,1.291998
6230,lm,0,35,0,1.392043,1.045984,1.456055
6231,human,0,70,0,1.351567,1.049517,1.418493
6231,lm,0,48,0,1.371159,1.048677,1.437904
6232,human,0,77,0,1.452270,0.686097,0.996398
6232,lm,0,128,0,1.511393,0.975948,1.475041
6232,lm,1,46,0,1.407405,1.641556,2.310334
6233,human,0,107,0,1.331043,0.683323,0.909532
6233,lm,0,128,0,1.460694,0.462548,0.675641
6233,lm,1,24,0,1.821359,0.773873,1.409501
6234,human,0,74,0,1.325203,0.885660,1.173679
6234,lm,0,10,0,1.282997,0.909854,1.167341
6236,human,0,75,0,1.877031,0.390369,0.732735
6236,lm,0,10,0,1.247121,1.081903,1.349265
6237,human,0,44,0,1.270356,1.110668,1.410943
6237,lm,0,120,0,2.119351,0.244945,0.519125
6238,human,0,67,0,1.053839,1.832868,1.931546
6238,lm,0,11,0,1.128703,2.069291,2.335615
6239,human,0,128,0,1.272349,0.869350,1.106117
6239,human,1,128,0,1.265457,0.830312,1.050725
6239,human,2,128,0,1.274496,0.806146,1.027430
6239,human,3,50,0,1.260858,1.398990,1.763928
6239,lm,0,128,0,2.611787,0.093304,0.243691
6239,lm,1,128,0,2.243337,0.119363,0.267772
6239,lm,2,17,0,1.247945,0.795644,0.992920
624,human,0,68,0,1.214874,1.458151,1.771470
624,lm,0,63,0,1.700943,0.530132,0.901725
6240,human,0,60,0,1.292531,0.886211,1.145455
6240,lm,0,46,0,1.213706,1.169724,1.419701
6241,human,0,86,0,1.412244,0.564162,0.796734
6241,lm,0,11,0,1.121777,1.335610,1.498257
6242,human,0,87,0,1.528091,0.665075,1.016295
6243,human,0,128,0,1.459021,0.574232,0.837816
6243,human,1,57,0,1.182821,1.759729,2.081445
6243,lm,0,36,0,2.029779,0.357487,0.725620
6246,human,0,56,0,1.302808,0.852471,1.110607
6246,lm,0,65,0,1.636600,0.522364,0.854901
6248,human,0,69,0,1.395790,0.534760,0.746413
6248,lm,0,111,0,1.502702,0.501203,0.753159
625,human,0,89,0,1.420029,0.462193,0.656328
625,lm,0,76,0,1.690462,0.376773,0.636920
6250,human,0,128,0,1.141060,1.540862,1.758216
6250,human,1,29,0,1.176917,1.386887,1.632251
6250,lm,0,10,0,1.237836,2.870228,3.552872
6251,human,0,96,0,1.437580,0.865539,1.244282
6251,lm,0,21,0,1.392695,0.898167,1.250873
6253,human,0,25,0,1.205397,1.463043,1.763548
6253,lm,0,9,0,1.184482,1.622474,1.921791
6254,human,0,112,0,1.302444,1.008812,1.313921
6254,lm,0,46,0,1.277769,0.614574,0.785284
6255,human,0,24,0,1.200195,1.271970,1.526611
6255,lm,0,27,0,1.360403,0.949730,1.292015
6257,human,0,52,0,1.741874,0.500892,0.872490
6257,lm,0,52,0,1.823488,0.475742,0.867510
6259,human,0,128,0,1.661850,0.637462,1.059366
6259,human,1,13,0,1.088393,3.635323,3.956660
6259,lm,0,128,0,1.749374,0.563247,0.985330
6259,lm,1,16,0,1.240095,1.962922,2.434210
626,human,0,36,0,1.481521,0.913843,1.353878
626,lm,0,36,0,1.540440,0.901086,1.388069
6261,human,0,54,0,1.342722,1.358482,1.824064
6261,lm,0,11,0,1.087208,2.850795,3.099408
6262,human,0,128,0,1.366114,0.814548,1.112765
6262,human,1,128,0,1.315546,0.937903,1.233855
6262,human,2,128,0,1.296063,0.870297,1.127960
6262,human,3,6,0,1.017297,2.291875,2.331518
6262,lm,0,10,0,1.089060,2.022794,2.202943
6266,human,0,34,0,1.158553,1.281150,1.484280
6266,lm,0,7,0,1.054240,1.938953,2.044122
6267,human,0,76,0,1.617764,0.516063,0.834868
6267,lm,0,128,0,1.981799,0.333164,0.660263
6267,lm,1,9,0,1.476562,0.603218,0.890689
627,human,0,25,0,1.144535,1.327286,1.519125
627,lm,0,7,0,1.046572,2.826735,2.958381
6270,human,0,56,0,1.422938,0.813762,1.157933
6270,lm,0,10,0,1.084726,1.594447,1.729537
6271,human,0,128,0,1.148491,1.524512,1.750889
6271,human,1,77,0,1.179441,1.010599,1.191942
6271,lm,0,108,0,1.669547,0.592911,0.989894
6273,human,0,41,0,1.207363,1.023000,1.235132
6273,lm,0,82,0,1.535778,0.799279,1.227515
6276,human,0,105,0,1.528433,0.613403,0.937545
6276,lm,0,10,0,1.096095,1.784914,1.956434
6278,human,0,128,0,1.714715,0.391594,0.671472
6278,human,1,1,0,1.000000,7.113956,7.113956
6278,lm,0,105,0,1.895496,0.378324,0.717111
628,human,0,35,0,1.520137,0.693309,1.053925
628,lm,0,10,0,1.108098,2.277056,2.523200
6281,human,0,128,0,1.578253,0.578839,0.913554
6281,human,1,128,0,1.248970,1.378086,1.721188
6281,human,2,109,0,1.445711,0.728752,1.053564
6281,lm,0,128,0,2.100634,0.333909,0.701420
6281,lm,1,128,0,1.797758,0.396920,0.713566
6281,lm,2,5,0,1.187102,2.042756,2.424960
6282,human,0,33,0,1.267618,0.768011,0.973545
6282,lm,0,68,0,1.770729,0.350418,0.620496
6283,human,0,128,0,1.233059,0.825184,1.017501
6283,human,1,128,0,1.147734,1.147028,1.316483
6283,human,2,128,0,1.426831,0.628870,0.897291
6283,human,3,69,0,1.143541,1.196269,1.367982
6283,lm,0,10,0,1.241590,0.859558,1.067218
6284,human,0,128,0,1.478552,0.813147,1.202281
6284,human,1,45,0,1.272097,1.468493,1.868065
6284,lm,0,43,0,1.815496,0.358036,0.650013
6287,human,0,9,0,1.064638,2.036111,2.167722
6287,lm,0,48,0,1.393677,0.486081,0.677441
6288,human,0,44,0,1.471277,1.438290,2.116124
6288,lm,0,128,0,1.720084,0.593930,1.021609
6288,lm,1,106,0,1.488224,0.562654,0.837356
6289,human,0,77,0,1.326480,0.619106,0.821231
6289,lm,0,27,0,1.872781,0.368805,0.690690
629,human,0,30,0,1.128567,1.696579,1.914703
629,lm,0,7,0,1.106520,1.549142,1.714157
6292,human,0,62,0,1.263212,0.989530,1.249987
6292,lm,0,8,0,1.112886,1.988963,2.213490
6294,human,0,128,0,1.306260,0.958412,1.251935
6294,human,1,98,0,1.424262,1.290058,1.837380
6295,human,0,82,0,1.187788,1.143233,1.357918
6295,lm,0,80,0,1.752466,0.574250,1.006354
6296,human,0,128,0,1.228445,0.914433,1.123330
6296,human,1,37,0,1.252234,0.844682,1.057739
6296,lm,0,117,0,1.718572,0.388081,0.666945
6297,human,0,128,0,1.278278,1.120684,1.432545
6297,human,1,40,0,1.541832,0.668085,1.030075
6297,lm,0,26,0,1.482534,0.598769,0.887696
6298,human,0,34,0,1.200377,1.225249,1.470761
6298,lm,0,11,0,1.119785,2.438269,2.730336
6301,human,0,60,0,1.176452,1.481188,1.742546
6301,lm,0,9,0,1.074787,2.135472,2.295177
6302,human,0,50,0,1.536994,0.490658,0.754139
6305,human,0,47,0,1.337122,0.690832,0.923727
6305,lm,0,90,0,1.531986,0.374759,0.574125
6306,human,0,37,0,1.276809,1.272121,1.624254
6306,lm,0,56,0,1.398054,1.078637,1.507993
631,human,0,57,0,1.585998,0.916319,1.453280
631,lm,0,9,0,1.182225,1.108199,1.310141
6310,human,0,128,0,1.204728,1.264924,1.523890
6310,human,1,26,0,1.073910,2.215539,2.379291
6310,lm,0,11,0,1.140820,1.914389,2.183973
6313,human,0,21,0,1.087492,2.342799,2.547775
6313,lm,0,105,0,1.581499,0.574305,0.908263
6314,human,0,128,0,1.690751,0.468362,0.791883
6314,human,1,128,0,1.642372,0.675778,1.109879
6314,human,2,128,0,1.439919,0.891921,1.284293
6314,human,3,16,0,1.320463,0.942876,1.245033
6314,lm,0,128,0,2.102636,0.272450,0.572864
6314,lm,1,16,0,1.459860,0.876422,1.279454
6316,human,0,15,0,1.103130,1.164788,1.284912
6316,lm,0,10,0,1.193381,1.409627,1.682223
6317,human,0,128,0,1.350809,0.879282,1.187743
6317,human,1,128,0,1.211744,1.483694,1.797857
6317,human,2,89,0,1.377106,0.737090,1.015050
6317,lm,0,84,0,1.510350,0.526626,0.795390
632,human,0,120,0,1.432636,0.613324,0.878670
632,lm,0,10,0,1.040931,3.274238,3.408254
6320,human,0,34,0,1.232160,1.273070,1.568627
6320,lm,0,11,0,1.128156,1.656266,1.868527
6321,human,0,128,0,1.474422,0.691786,1.019984
6321,human,1,128,0,1.284230,0.992526,1.274632
6321,human,2,64,0,1.318177,1.029620,1.357221
6321,lm,0,87,0,1.661943,0.452689,0.752344
6322,human,0,52,0,1.317259,1.269613,1.672410
6322,lm,0,19,0,1.277959,1.354546,1.731054
6323,human,0,111,0,1.498201,0.610850,0.915176
6323,lm,0,128,0,2.231255,0.190740,0.425589
6323,lm,1,128,0,1.618904,0.207810,0.336424
6323,lm,2,54,0,1.552333,0.290383,0.450771
6324,human,0,10,0,1.324627,0.481362,0.637626
6324,lm,0,10,0,1.310230,0.970594,1.271701
6325,human,0,87,0,1.172510,1.387487,1.626842
6325,lm,0,92,0,1.500109,0.505564,0.758401
6326,human,0,105,0,1.244401,0.854596,1.063460
6326,lm,0,7,0,1.088830,2.165397,2.357749
6327,human,0,32,0,1.145723,1.387986,1.590248
6327,lm,0,128,0,1.835684,0.263735,0.484133
6327,lm,1,112,0,2.675313,0.067331,0.180131
6329,human,0,128,0,1.241205,1.067636,1.325155
6329,human,1,119,0,1.165901,1.528093,1.781605
6329,lm,0,40,0,1.406997,1.100015,1.547718
633,human,0,28,0,1.591331,0.339045,0.539532
633,lm,0,17,0,1.421414,0.464727,0.660570
6333,human,0,39,0,1.213698,0.971407,1.178994
6333,lm,0,18,0,1.168302,1.202935,1.405392
6334,human,0,26,0,1.304431,1.496127,1.951596
6334,lm,0,26,0,1.381684,1.019535,1.408674
6335,human,0,128,0,1.635007,0.432323,0.706852
6335,human,1,128,0,1.333622,0.939004,1.252277
6335,human,2,128,0,1.324375,1.171896,1.552031
6335,human,3,128,0,1.246128,1.224384,1.525740
6335,human,4,21,0,1.123912,1.777278,1.997504
6335,lm,0,67,0,1.528875,0.659473,1.008252
6336,human,0,111,0,1.254390,1.040837,1.305615
6336,lm,0,128,0,1.725993,0.515890,0.890422
6336,lm,1,87,0,1.441797,0.652157,0.940278
6337,human,0,128,0,1.196369,1.567239,1.874997
6337,human,1,128,0,1.229147,1.256594,1.544538
6337,human,2,107,0,1.205570,1.586241,1.912325
6337,lm,0,128,0,1.525748,0.570769,0.870850
6337,lm,1,4,0,1.095929,3.205752,3.513278
6339,human,0,118,0,1.372360,0.641419,0.880257
6339,lm,0,128,0,1.533771,0.655015,1.004642
6339,lm,1,60,0,1.356986,1.243136,1.686918
6340,human,0,40,0,1.215277,0.721620,0.876968
6340,lm,0,43,0,1.480138,1.009037,1.493515
6341,human,0,21,0,1.198705,1.350039,1.618298
6341,lm,0,98,0,1.971105,0.283504,0.558817
6342,human,0,128,0,1.437114,0.748186,1.075228
6342,human,1,128,0,1.282688,0.683292,0.876450
6342,human,2,128,0,1.385890,0.706392,0.978982
6342,human,3,128,0,1.241445,0.917798,1.139396
6342,human,4,71,0,1.751911,0.781316,1.368795
6342,lm,0,81,0,2.069114,0.218078,0.451228
6343,human,0,128,0,1.222680,1.435814,1.755541
6343,human,1,91,0,1.397578,1.219772,1.704726
6343,lm,0,11,0,1.105126,2.055719,2.271828
6347,human,0,128,0,1.429794,0.624510,0.892921
6347,human,1,128,0,1.222397,1.176876,1.438609
6347,human,2,67,0,1.269005,1.257252,1.595459
6347,lm,0,17,0,1.256649,0.881874,1.108206
6348,human,0,25,0,1.771543,0.738604,1.308469
6348,lm,0,54,0,2.712335,0.279938,0.759286
635,human,0,128,0,1.227633,0.888734,1.091039
635,human,1,19,0,1.429275,0.924969,1.322035
635,lm,0,128,0,2.270432,0.192900,0.437965
635,lm,1,128,0,2.484774,0.169350,0.420796
635,lm,2,128,0,2.864713,0.152526,0.436945
635,lm,3,13,0,1.307699,1.225460,1.602534
6350,human,0,128,0,1.314798,0.944709,1.242101
6350,human,1,128,0,1.235276,1.157282,1.429563
6350,human,2,124,0,1.569615,0.953878,1.497222
6350,lm,0,128,0,2.180153,0.210291,0.458467
6350,lm,1,128,0,1.940972,0.192098,0.372858
6350,lm,2,128,0,1.872289,0.192098,0.359664
6350,lm,3,128,0,1.875636,0.192098,0.360307
6350,lm,4,128,0,1.912080,0.192098,0.367308
6350,lm,5,105,0,1.830778,0.218034,0.399172
6351,human,0,128,0,1.425542,0.586593,0.836213
6351,human,1,128,0,1.167931,1.344866,1.570711
6351,human,2,128,0,1.316314,0.815357,1.073266
6351,human,3,11,0,1.138584,2.200708,2.505690
6351,lm,0,128,0,3.215791,0.118985,0.382632
6351,lm,1,44,0,2.035518,0.262180,0.533672
6353,human,0,49,0,1.346486,1.007093,1.356036
6353,lm,0,128,0,1.855462,0.441182,0.818596
6353,lm,1,99,0,1.480367,0.540957,0.800815
6355,human,0,39,0,1.230409,1.108584,1.364012
6355,lm,0,10,0,1.137243,1.315545,1.496095
6356,human,0,118,0,1.331687,0.971742,1.294056
6356,lm,0,79,0,1.535201,0.745123,1.143914
6357,human,0,128,0,1.368246,0.791053,1.082355
6357,human,1,128,0,1.238889,1.032768,1.279485
6357,human,2,128,0,1.280515,1.059635,1.356878
6357,human,3,128,0,1.261336,0.899066,1.134024
6357,human,4,128,0,1.260105,0.900536,1.134771
6357,human,5,97,0,1.418288,0.831209,1.178894
6357,lm,0,34,0,1.243944,1.151739,1.432698
6358,human,0,128,0,1.396786,0.922596,1.288669
6358,human,1,74,0,1.492293,1.038937,1.550399
6358,lm,0,10,0,1.134810,2.118233,2.403792
6359,human,0,33,0,1.320036,0.564093,0.744623
6359,lm,0,43,0,1.037738,0.670232,0.695525
636,human,0,71,0,1.400536,0.617790,0.865237
636,lm,0,80,0,1.488575,0.575582,0.856797
6360,human,0,60,0,1.373709,1.149678,1.579322
6360,lm,0,128,0,1.995088,0.133409,0.266163
6360,lm,1,61,0,1.632680,0.109230,0.178337
6361,human,0,128,0,1.342240,0.733599,0.984666
6361,human,1,128,0,1.283144,0.847395,1.087330
6361,human,2,117,0,1.331254,0.711154,0.946726
6361,lm,0,6,0,1.106968,4.014065,4.443442
6362,human,0,71,0,1.323476,0.830645,1.099338
6362,lm,0,10,0,1.068911,2.354374,2.516618
6368,human,0,128,0,1.274679,1.075944,1.371483
6368,human,1,114,0,1.257790,1.544615,1.942801
6368,lm,0,48,0,1.526697,1.167596,1.782566
637,human,0,46,0,1.685356,0.854923,1.440849
637,lm,0,48,0,1.726225,0.744655,1.285442
6371,human,0,33,0,1.312724,0.858593,1.127096
6371,lm,0,105,0,1.586753,0.588753,0.934206
6373,human,0,128,0,1.433180,0.797272,1.142634
6373,human,1,128,0,1.212782,1.144042,1.387473
6373,human,2,120,0,1.298798,1.055487,1.370864
6373,lm,0,11,0,1.101915,0.957873,1.055495
6375,human,0,128,0,1.008515,1.858840,1.874667
6375,human,1,67,0,0.954610,4.178178,3.988530
6375,lm,0,10,0,1.109772,2.003000,2.222873
6376,human,0,77,0,1.418684,0.987387,1.400789
6376,lm,0,59,0,1.545119,0.778977,1.203612
6378,human,0,128,0,1.427332,0.694418,0.991164
6378,human,1,128,0,1.339774,0.837777,1.122432
6378,human,2,128,0,1.377175,0.713404,0.982482
6378,human,3,128,0,1.333909,0.678977,0.905693
6378,human,4,24,0,1.217924,1.431056,1.742917
6378,lm,0,106,0,1.822832,0.457864,0.834609
6379,human,0,14,0,1.110545,1.348541,1.497615
6379,lm,0,10,0,1.399449,1.599232,2.238045
6380,human,0,61,0,1.514482,0.499948,0.757162
6380,lm,0,94,0,2.679555,0.119055,0.319016
6381,human,0,40,0,1.741218,0.336485,0.585894
6381,lm,0,88,0,2.772240,0.133775,0.370855
6382,human,0,13,0,1.230620,1.078741,1.327521
6382,lm,0,48,0,1.546202,0.750513,1.160446
6383,human,0,64,0,1.672179,0.550250,0.920117
6383,lm,0,10,0,1.163906,2.214130,2.577039
6384,human,0,14,0,1.242200,1.120470,1.391848
6384,lm,0,27,0,1.411400,1.081636,1.526620
6388,human,0,20,0,1.204115,0.571638,0.688318
6389,human,0,26,0,1.147321,1.347573,1.546099
6389,lm,0,10,0,1.196800,2.039595,2.440988
639,human,0,128,0,1.301555,0.656782,0.854838
639,human,1,128,0,1.293668,0.575183,0.744096
639,human,2,5,0,1.018759,2.114618,2.154286
639,lm,0,128,0,1.723661,0.455980,0.785955
639,lm,1,51,0,1.437122,0.950598,1.366125
6390,human,0,67,0,1.408471,0.879086,1.238167
6390,lm,0,12,0,1.109920,2.056481,2.282530
6391,human,0,48,0,1.371309,0.823346,1.129061
6391,lm,0,24,0,1.235076,1.373404,1.696258
6392,human,0,128,0,1.264255,0.992367,1.254605
6392,human,1,128,0,1.229094,0.827061,1.016535
6392,human,2,128,0,1.231021,1.130207,1.391309
6392,human,3,128,0,1.161143,1.349969,1.567507
6392,human,4,128,0,1.261350,1.097215,1.383971
6392,human,5,45,0,1.202873,1.650990,1.985931
6392,lm,0,43,0,1.398591,0.834229,1.166745
6393,human,0,128,0,1.267076,0.893658,1.132333
6393,human,1,128,0,1.286686,0.849797,1.093422
6393,human,2,128,0,1.868180,0.238534,0.445624
6393,human,3,128,0,1.226066,1.101616,1.350653
6393,human,4,14,0,1.169044,2.298516,2.687066
6393,lm,0,128,0,1.826904,0.340083,0.621299
6393,lm,1,128,0,1.487437,0.439233,0.653332
6393,lm,2,128,0,1.612958,0.344949,0.556388
6393,lm,3,128,0,1.559016,0.349521,0.544909
6393,lm,4,83,0,1.559787,0.391755,0.611055
6394,human,0,83,0,1.536604,0.469736,0.721798
6394,lm,0,52,0,1.469870,0.695617,1.022467
6396,human,0,23,0,1.209090,1.145170,1.384613
6396,lm,0,7,0,1.052392,2.111512,2.222138
64,human,0,128,0,1.309684,1.131578,1.482009
64,human,1,72,0,1.268276,1.652159,2.095393
640,human,0,71,0,1.215486,0.865101,1.051518
640,lm,0,54,0,1.315457,0.871087,1.145877
6400,human,0,128,0,1.350094,0.655333,0.884761
6400,human,1,128,0,1.230636,1.167677,1.436985
6400,human,2,103,0,1.206885,1.002706,1.210151
6401,human,0,20,0,1.261194,0.762504,0.961666
6401,lm,0,79,0,1.525953,0.772375,1.178608
6405,human,0,128,0,1.482760,0.704515,1.044627
6405,human,1,128,0,1.217585,1.426712,1.737143
6405,human,2,61,0,1.262317,1.407158,1.776280
6405,lm,0,128,0,1.808336,0.432584,0.782257
6405,lm,1,53,0,1.549992,0.795973,1.233753
6406,human,0,81,0,1.312972,0.706223,0.927251
6406,lm,0,47,0,1.341101,0.933734,1.252231
6409,human,0,40,0,1.231335,0.949016,1.168557
6409,lm,0,54,0,1.553890,0.584467,0.908197
6410,human,0,20,0,1.138433,1.814433,2.065610
6410,lm,0,11,0,1.103359,1.885716,2.080622
6411,human,0,128,0,1.436398,0.841548,1.208797
6411,human,1,128,0,1.332940,1.207892,1.610047
6411,human,2,128,0,1.326927,1.436770,1.906488
6411,human,3,50,0,1.101049,2.513632,2.767631
6411,lm,0,128,0,1.738153,0.525398,0.913222
6411,lm,1,18,0,1.420996,1.147115,1.630047
6412,human,0,128,0,1.317648,0.733609,0.966639
6412,human,1,128,0,1.385650,0.690697,0.957064
6412,human,2,128,0,1.405108,0.852499,1.197853
6412,human,3,128,0,1.144691,1.537180,1.759596
6412,human,4,128,0,1.344199,0.929389,1.249284
6412,human,5,63,0,1.126092,1.537499,1.731366
6412,lm,0,77,0,1.594246,0.693281,1.105260
6414,human,0,58,0,1.295432,0.803340,1.040672
6414,lm,0,11,0,1.189840,1.458195,1.735019
6415,human,0,128,0,1.600081,0.636820,1.018964
6415,human,1,68,0,1.390350,0.984299,1.368520
6415,lm,0,13,0,1.202002,1.113073,1.337916
6418,human,0,24,0,1.162002,1.390205,1.615421
6418,lm,0,9,0,1.051539,1.414869,1.487790
6419,human,0,128,0,1.353569,0.922531,1.248709
6419,human,1,128,0,1.258711,1.006240,1.266565
6419,human,2,51,0,1.161005,1.375595,1.597072
6419,lm,0,11,0,1.127431,1.221966,1.377683
642,human,0,96,0,1.572697,0.494853,0.778254
642,lm,0,73,0,1.690078,0.474223,0.801475
6421,human,0,95,0,1.418747,0.587951,0.834153
6421,lm,0,68,0,1.675977,0.403132,0.675640
6422,human,0,128,0,1.559135,0.622847,0.971102
6422,human,1,86,0,1.444131,0.745038,1.075933
6426,human,0,66,0,1.365165,0.827959,1.130300
6426,lm,0,26,0,1.319315,0.851006,1.122745
6427,human,0,84,0,2.049870,0.313716,0.643078
6427,lm,0,60,0,1.805718,0.388567,0.701643
6428,human,0,17,0,1.202269,0.712381,0.856473
6428,lm,0,40,0,1.722435,0.420821,0.724837
6429,human,0,128,0,1.324059,0.723038,0.957345
6429,human,1,99,0,1.359491,0.840501,1.142653
6429,lm,0,128,0,1.780417,0.581090,1.034583
6429,lm,1,128,0,1.454566,0.877275,1.276055
6429,lm,2,68,0,1.439901,0.947742,1.364655
6430,human,0,128,0,1.343799,0.692149,0.930109
6430,human,1,128,0,1.384006,0.755602,1.045757
6430,human,2,128,0,1.305927,1.391795,1.817581
6430,human,3,128,0,1.392575,0.732638,1.020254
6430,human,4,128,0,1.102450,1.849951,2.039479
6430,human,5,81,0,1.038166,1.460430,1.516168
6430,lm,0,116,0,1.642529,0.461604,0.758198
6431,human,0,40,0,1.441133,0.499060,0.719212
6431,lm,0,11,0,1.118262,1.778359,1.988672
6434,human,0,93,0,1.417527,0.611089,0.866236
6434,lm,0,85,0,1.547605,0.454444,0.703300
6436,human,0,10,0,1.200176,0.688552,0.826383
6436,lm,0,2,0,1.106580,1.373568,1.519962
6437,human,0,28,0,1.443815,0.807811,1.166329
6437,lm,0,17,0,1.143957,1.136641,1.300268
6438,human,0,128,0,1.195115,1.124998,1.344503
6438,human,1,128,0,1.148490,1.740161,1.998557
6438,human,2,128,0,1.168815,1.016658,1.188286
6438,human,3,128,0,1.213001,1.005049,1.219125
6438,human,4,128,0,1.219298,1.239267,1.511036
6438,human,5,128,0,1.165205,1.160262,1.351942
6438,human,6,128,0,1.153207,1.588177,1.831498
6438,human,7,128,0,1.396000,0.766854,1.070528
6438,human,8,28,0,1.308184,2.036788,2.664493
6438,lm,0,128,0,1.869173,0.149190,0.278862
6438,lm,1,61,0,1.430110,0.159522,0.228134
6440,human,0,35,0,1.574042,0.710000,1.117570
6440,lm,0,11,0,1.201409,1.248914,1.500458
6441,human,0,128,0,1.869739,0.323507,0.604874
6441,human,1,128,0,2.120679,0.217090,0.460378
6441,human,2,128,0,1.340374,0.771983,1.034746
6441,human,3,68,0,1.494829,0.558978,0.835576
6441,lm,0,119,0,1.772915,0.501067,0.888350
6442,human,0,55,0,1.382752,0.551365,0.762402
6442,lm,0,58,0,1.926426,0.501241,0.965604
6444,human,0,114,0,1.254697,1.082738,1.358508
6444,lm,0,16,0,1.199806,1.394083,1.672629
6448,human,0,47,0,1.323352,1.051373,1.391337
6448,lm,0,51,0,1.833374,0.619057,1.134964
6450,human,0,128,0,1.326537,0.597252,0.792277
6450,human,1,128,0,1.136412,1.687855,1.918099
6450,human,2,128,0,1.308104,0.709568,0.928189
6450,human,3,8,0,1.122859,1.796064,2.016727
6450,lm,0,128,0,2.463619,0.161514,0.397908
6450,lm,1,31,0,1.572650,0.406177,0.638774
6454,human,0,128,0,1.690356,0.636355,1.075666
6454,human,1,89,0,1.301533,1.036955,1.349631
6454,lm,0,49,0,1.571540,0.809705,1.272484
6455,human,0,96,0,1.241107,0.947568,1.176033
6455,lm,0,12,0,1.091789,1.556785,1.699681
6457,human,0,68,0,1.218899,0.886103,1.080070
6457,lm,0,10,0,1.093990,1.507125,1.648780
6458,human,0,18,0,1.177379,1.090408,1.283823
6458,lm,0,11,0,1.098644,1.143112,1.255874
6459,human,0,128,0,1.397968,0.917283,1.282332
6459,human,1,2,0,nan,nan,3.998312
6459,lm,0,10,0,1.117459,2.106048,2.353423
6462,human,0,28,0,1.141557,1.510836,1.724705
6462,lm,0,10,0,1.112541,2.929863,3.259593
6466,human,0,79,0,1.180171,1.029930,1.215493
6466,lm,0,49,0,1.117170,1.567014,1.750622
6469,human,0,78,0,1.303945,0.737166,0.961224
6469,lm,0,10,0,1.078831,2.311667,2.493899
647,human,0,128,0,1.059575,1.585486,1.679940
647,human,1,128,0,1.311951,1.094001,1.435276
647,human,2,128,0,1.357055,1.099322,1.491841
647,human,3,104,0,1.297399,0.930072,1.206674
647,lm,0,128,0,1.428791,0.775267,1.107694
647,lm,1,20,0,1.061274,4.223380,4.482163
6470,human,0,128,0,1.389867,0.671091,0.932728
6470,human,1,119,0,1.439764,0.625564,0.900664
6470,lm,0,128,0,2.124660,0.236904,0.503340
6470,lm,1,128,0,1.890750,0.228086,0.431253
6470,lm,2,55,0,1.884079,0.192874,0.363389
6472,human,0,61,0,1.361897,0.566280,0.771215
6472,lm,0,30,0,1.276378,0.656307,0.837696
6473,human,0,128,0,1.257529,0.674838,0.848628
6473,human,1,1,0,nan,nan,nan
6473,lm,0,10,0,1.045396,2.978416,3.113623
6475,human,0,128,0,1.383635,0.635988,0.879975
6475,human,1,17,0,1.237794,1.445462,1.789185
6475,lm,0,128,0,1.558031,0.673785,1.049777
6475,lm,1,15,0,1.137326,1.918893,2.182407
6476,human,0,128,0,1.403882,0.840436,1.179873
6476,human,1,67,0,1.218019,1.423987,1.734443
6476,lm,0,40,0,1.274103,1.156592,1.473619
6477,human,0,20,0,1.181132,1.004502,1.186450
6477,lm,0,13,0,1.142720,1.619005,1.850070
6478,human,0,43,0,1.357424,1.024998,1.391357
6478,lm,0,37,0,1.352939,1.050232,1.420900
6480,human,0,128,0,1.145483,1.322222,1.514583
6480,human,1,128,0,1.125093,1.240694,1.395896
6480,human,2,67,0,1.110292,2.225445,2.470894
6480,lm,0,128,0,1.290633,0.778647,1.004947
6480,lm,1,90,0,1.690334,0.576631,0.974699
6486,human,0,128,0,1.535532,0.499293,0.766680
6486,human,1,47,0,1.172283,1.175510,1.378031
6486,lm,0,115,0,1.413652,0.649763,0.918538
6487,human,0,9,0,1.034920,2.818511,2.916934
6487,lm,0,45,0,1.351188,1.319178,1.782456
6488,human,0,58,0,1.313614,0.474957,0.623910
6488,lm,0,128,0,1.634452,0.364457,0.595687
6488,lm,1,15,0,1.305748,1.106126,1.444322
649,human,0,128,0,1.302968,1.210562,1.577324
649,human,1,128,0,1.233586,1.008166,1.243659
649,human,2,18,0,1.269045,1.731339,2.197147
649,lm,0,71,0,1.760598,0.337880,0.594871
6490,human,0,13,0,1.215519,0.872256,1.060244
6490,lm,0,16,0,1.337599,0.318262,0.425706
6492,human,0,49,0,1.476305,0.816119,1.204841
6492,lm,0,12,0,1.184638,1.431988,1.696387
6494,human,0,43,0,1.278873,1.057537,1.352456
6494,lm,0,11,0,1.095501,1.798309,1.970050
6495,human,0,128,0,1.331998,1.166889,1.554294
6495,human,1,128,0,1.235551,1.631026,2.015217
6495,human,2,41,0,1.191378,1.160740,1.382880
6495,lm,0,9,0,1.131744,1.672682,1.893048
6496,human,0,34,0,1.374273,0.746116,1.025368
6496,lm,0,128,0,2.208042,0.218144,0.481671
6496,lm,1,41,0,1.375937,0.982260,1.351527
6499,human,0,63,0,1.304302,0.870378,1.135236
6499,lm,0,11,0,1.060597,2.589785,2.746717
650,human,0,86,0,1.454871,0.622457,0.905596
650,lm,0,26,0,1.567740,0.574147,0.900114
6501,human,0,128,0,1.257618,0.816978,1.027446
6501,human,1,128,0,1.186252,1.477759,1.752994
6501,human,2,128,0,1.302261,0.739913,0.963560
6501,human,3,128,0,1.137303,1.695860,1.928707
6501,human,4,128,0,1.197271,1.408284,1.686098
6501,human,5,128,0,1.270852,1.063192,1.351160
6501,human,6,128,0,1.317317,1.155111,1.521647
6501,human,7,110,0,1.316200,1.050081,1.382117
6501,lm,0,64,0,1.587783,0.775608,1.231497
6503,human,0,36,0,1.320701,0.937790,1.238540
6503,lm,0,21,0,1.360082,0.910973,1.238998
6504,human,0,26,0,1.025346,2.537942,2.602268
6504,lm,0,10,0,1.047681,3.857024,4.040933
6508,human,0,32,0,1.291141,0.992251,1.281136
6508,lm,0,9,0,0.979513,5.874931,5.754571
651,human,0,42,0,1.215724,1.498634,1.821926
651,lm,0,8,0,1.111072,1.901483,2.112684
6511,human,0,27,0,1.287737,0.846818,1.090479
6511,lm,0,42,0,1.466504,0.353942,0.519058
6512,human,0,10,0,1.095981,1.093599,1.198564
6512,lm,0,62,0,1.804200,0.169334,0.305512
6513,human,0,128,0,1.466388,0.800431,1.173743
6513,human,1,89,0,1.270929,0.801109,1.018153
6513,lm,0,128,0,1.894165,0.401845,0.761161
6513,lm,1,128,0,3.475495,0.123651,0.429749
6513,lm,2,128,0,2.729837,0.168825,0.460865
6513,lm,3,128,0,3.171484,0.138016,0.437716
6513,lm,4,4,0,1.028773,3.214639,3.307134
6515,human,0,44,0,1.944499,0.449114,0.873302
6515,lm,0,23,0,1.848101,0.585954,1.082902
6516,human,0,128,0,1.413757,0.800224,1.131322
6516,human,1,128,0,1.413311,0.838837,1.185537
6516,human,2,75,0,1.300131,0.857395,1.114726
6516,lm,0,128,0,2.083614,0.315720,0.657838
6516,lm,1,128,0,1.599417,0.438984,0.702119
6516,lm,2,128,0,1.174329,0.639101,0.750516
6516,lm,3,128,0,1.190803,0.739442,0.880529
6516,lm,4,33,0,1.204909,1.457514,1.756172
6519,human,0,128,0,1.286035,0.919816,1.182915
6519,human,1,128,0,1.133468,1.033713,1.171681
6519,human,2,70,0,1.224486,1.291723,1.581696
6519,lm,0,9,0,1.023306,1.957553,2.003177
652,human,0,128,0,1.243270,0.922651,1.147104
652,human,1,10,0,1.272318,1.373572,1.747621
652,lm,0,12,0,1.203225,1.351565,1.626236
6520,human,0,67,0,1.246416,1.149410,1.432643
6520,lm,0,49,0,1.264882,0.933039,1.180184
6522,human,0,128,0,1.461698,0.547593,0.800416
6522,human,1,10,0,1.032433,1.919688,1.981950
6522,lm,0,35,0,1.336641,0.667321,0.891968
6523,human,0,128,0,1.694357,0.421689,0.714492
6523,human,1,42,0,1.310633,1.112983,1.458712
6523,lm,0,36,0,1.352732,0.974825,1.318677
6524,human,0,25,0,1.342497,0.826222,1.109200
6524,lm,0,122,0,2.486817,0.186773,0.464470
6525,human,0,128,0,1.368995,1.025650,1.404110
6525,human,1,58,0,1.251274,1.632580,2.042805
6525,lm,0,11,0,1.192001,1.139115,1.357825
6527,human,0,125,0,1.301296,0.814503,1.059909
6527,lm,0,10,0,1.066121,2.397969,2.556526
6528,human,0,72,0,1.377786,0.860717,1.185883
6528,lm,0,26,0,1.415293,1.054614,1.492589
653,human,0,128,0,1.119370,1.657672,1.855548
653,human,1,59,0,1.137393,1.776889,2.021021
653,lm,0,27,0,1.235186,0.798178,0.985898
6530,human,0,19,0,1.203105,1.267806,1.525304
6530,lm,0,128,0,2.088203,0.213554,0.445945
6530,lm,1,128,0,2.664675,0.116959,0.311656
6530,lm,2,63,0,1.979473,0.231134,0.457524
6532,human,0,112,0,1.185716,0.821974,0.974627
6532,lm,0,128,0,1.306847,0.907611,1.186109
6532,lm,1,24,0,1.187140,1.503377,1.784719
6533,human,0,30,0,1.156369,1.763853,2.039664
6533,lm,0,9,0,1.104209,1.733123,1.913730
6534,human,0,63,0,1.526926,0.571013,0.871895
6534,lm,0,58,0,1.742231,0.570608,0.994131
6536,human,0,22,0,1.506151,0.821387,1.237133
6536,lm,0,35,0,1.545426,0.605755,0.936149
6538,human,0,128,0,1.212250,1.698535,2.059048
6538,human,1,128,0,1.128223,1.474716,1.663809
6538,human,2,128,0,1.204401,1.857142,2.236744
6538,human,3,128,0,1.129115,1.599124,1.805596
6538,human,4,128,0,1.185261,1.410058,1.671286
6538,human,5,107,0,1.377577,0.761149,1.048542
6538,lm,0,10,0,1.082683,1.886048,2.041992
654,human,0,110,0,1.510409,0.481161,0.726750
654,lm,0,84,0,1.606859,0.478266,0.768506
6540,human,0,76,0,1.344727,0.902381,1.213456
6540,lm,0,25,0,1.533710,1.175879,1.803457
6545,human,0,14,0,1.344532,0.648635,0.872111
6545,lm,0,14,0,1.446064,0.584011,0.844517
6546,human,0,128,0,1.278883,1.131187,1.446656
6546,human,1,57,0,1.548910,0.872005,1.350658
6546,lm,0,28,0,1.742818,0.828363,1.443686
6550,human,0,43,0,1.306293,1.028415,1.343411
6550,lm,0,10,0,1.134740,1.115259,1.265528
6551,human,0,128,0,1.709792,0.550662,0.941518
6551,human,1,48,0,1.431987,0.822662,1.178041
6551,lm,0,87,0,1.658023,0.596177,0.988474
6553,human,0,21,0,1.353859,0.766004,1.037062
6553,lm,0,12,0,1.276737,1.107244,1.413659
6554,human,0,56,0,1.341245,0.506161,0.678886
6554,lm,0,16,0,1.423368,0.470414,0.669572
6556,human,0,126,0,1.601792,0.538272,0.862199
6556,lm,0,102,0,2.038362,0.291489,0.594159
6557,human,0,91,0,1.375697,0.753756,1.036940
6557,lm,0,128,0,2.589267,0.116177,0.300813
6557,lm,1,81,0,1.689740,0.107422,0.181515
6558,human,0,25,0,1.194208,1.146363,1.368997
6558,lm,0,10,0,1.202840,1.464498,1.761557
6560,human,0,128,0,1.536575,0.498273,0.765634
6560,human,1,65,0,1.288918,1.161091,1.496551
6560,lm,0,6,0,1.177739,2.699081,3.178813
6561,human,0,36,0,1.362618,0.667793,0.909946
6561,lm,0,31,0,1.265715,1.221204,1.545696
6562,human,0,75,0,1.192621,0.931312,1.110702
6562,lm,0,27,0,1.339875,0.787089,1.054600
6563,human,0,74,0,1.230050,1.008842,1.240926
6563,lm,0,128,0,2.362552,0.252640,0.596876
6563,lm,1,59,0,1.581234,0.617870,0.976997
6564,human,0,128,0,1.481119,0.708828,1.049859
6564,human,1,59,0,1.578242,0.753941,1.189902
6564,lm,0,26,0,1.384869,0.577792,0.800166
6567,human,0,74,0,1.342149,0.911751,1.223706
6567,lm,0,41,0,1.538614,0.843882,1.298409
6569,human,0,128,0,1.609800,0.399815,0.643622
6569,human,1,17,0,1.151357,2.529714,2.912605
6569,lm,0,74,0,1.781999,0.332654,0.592789
6573,human,0,58,0,1.264775,0.875726,1.107596
6573,lm,0,50,0,1.959499,0.408910,0.801259
6574,human,0,39,0,1.385051,0.608304,0.842532
6574,lm,0,24,0,1.312600,0.791661,1.039134
6575,human,0,128,0,1.290807,0.666461,0.860272
6575,human,1,128,0,1.176091,1.100768,1.294603
6575,human,2,4,0,0.979011,1.843187,1.804500
6575,lm,0,128,0,1.904315,0.241056,0.459047
6575,lm,1,128,0,1.978993,0.140570,0.278187
6577,human,0,128,0,1.417052,0.678718,0.961779
6577,human,1,108,0,1.542958,0.539496,0.832419
6577,lm,0,48,0,1.570014,0.062733,0.098491
6578,human,0,71,0,1.482045,0.531637,0.787910
6578,lm,0,6,0,1.095127,2.459337,2.693286
6579,human,0,34,0,1.217608,1.000594,1.218331
6579,lm,0,23,0,1.506692,0.340837,0.513537
658,human,0,85,0,1.737593,0.508721,0.883950
658,lm,0,6,0,1.044429,3.368519,3.518178
6581,human,0,71,0,1.263576,0.853818,1.078864
6581,lm,0,66,0,1.500945,0.624212,0.936908
6582,human,0,128,0,1.559778,0.391308,0.610354
6582,human,1,96,0,1.345861,0.859435,1.156681
6582,lm,0,85,0,1.508042,0.431518,0.650747
6583,human,0,128,0,1.331448,0.904440,1.204215
6583,human,1,69,0,1.212005,1.374210,1.665549
6583,lm,0,41,0,1.662900,0.621554,1.033582
6584,human,0,128,0,1.285051,0.977748,1.256456
6584,human,1,128,0,1.412580,0.668034,0.943652
6584,human,2,44,0,1.294753,1.178024,1.525250
6584,lm,0,9,0,1.054500,1.444670,1.523405
6585,human,0,19,0,1.161025,1.158845,1.345449
6585,lm,0,128,0,2.528126,0.175413,0.443467
6585,lm,1,128,0,1.999762,0.285873,0.571678
6585,lm,2,7,0,1.343343,0.879317,1.181224
6586,human,0,83,0,1.457910,0.584779,0.852556
6586,lm,0,11,0,1.062308,1.311303,1.393009
6587,human,0,128,0,1.169584,1.101929,1.288798
6587,human,1,23,0,1.340969,0.941887,1.263041
6587,lm,0,69,0,1.957901,0.309467,0.605906
6588,human,0,128,0,1.359344,0.562940,0.765229
6588,human,1,128,0,1.408398,0.421743,0.593982
6588,human,2,6,0,1.201733,1.399701,1.682067
6588,lm,0,128,0,1.891739,0.369687,0.699351
6588,lm,1,62,0,1.606678,0.640443,1.028985
6589,human,0,62,0,1.463981,0.763524,1.117785
6589,lm,0,24,0,1.528232,0.952607,1.455805
659,human,0,67,0,1.496583,0.514948,0.770663
659,lm,0,12,0,1.233175,1.610843,1.986452
6590,human,0,128,0,1.513921,0.697451,1.055885
6590,human,1,109,0,1.448034,0.840457,1.217011
6590,lm,0,50,0,1.641099,0.325612,0.534362
6591,human,0,36,0,1.274593,0.548476,0.699084
6591,lm,0,6,0,1.129340,1.371261,1.548619
6592,human,0,35,0,1.549047,0.696353,1.078683
6592,lm,0,10,0,1.192690,1.485337,1.771547
6593,human,0,128,0,1.450693,0.686355,0.995690
6593,human,1,128,0,1.254971,0.725838,0.910906
6593,human,2,128,0,1.313293,0.990302,1.300557
6593,human,3,128,0,1.317318,0.814983,1.073592
6593,human,4,58,0,1.812123,0.605193,1.096684
6593,lm,0,90,0,2.060548,0.360985,0.743827
6594,human,0,128,0,1.298914,0.865399,1.124079
6594,human,1,128,0,1.334358,0.740846,0.988554
6594,human,2,105,0,1.303814,0.886799,1.156220
6594,lm,0,128,0,1.743895,0.355101,0.619259
6594,lm,1,27,0,1.411572,1.058763,1.494519
6595,human,0,28,0,1.455666,0.808464,1.176853
6595,lm,0,6,0,1.127719,1.497991,1.689313
6596,human,0,35,0,1.597158,0.866198,1.383455
6596,lm,0,52,0,1.758789,0.423006,0.743978
6597,human,0,123,0,1.511068,0.445425,0.673068
6597,lm,0,71,0,1.771451,0.389540,0.690050
6598,human,0,128,0,1.505736,0.538095,0.810228
6598,human,1,128,0,1.394871,1.308592,1.825317
6598,human,2,58,0,1.210669,2.680989,3.245789
6598,lm,0,39,0,1.180616,1.442741,1.703323
6599,human,0,67,0,1.386699,0.720850,0.999602
6599,lm,0,9,0,1.044349,2.311153,2.413650
660,human,0,113,0,1.481688,0.391333,0.579834
660,lm,0,24,0,1.434222,0.819400,1.175201
6600,human,0,42,0,1.459466,0.615477,0.898267
6600,lm,0,42,0,1.666623,0.466667,0.777758
6601,human,0,128,0,1.249537,1.128573,1.410194
6601,human,1,128,0,1.249824,1.208215,1.510057
6601,human,2,128,0,1.203037,1.076775,1.295401
6601,human,3,83,0,1.188336,1.115362,1.325425
6601,lm,0,128,0,2.155035,0.175221,0.377607
6601,lm,1,128,0,1.927058,0.201159,0.387645
6601,lm,2,128,0,1.889921,0.207986,0.393076
6601,lm,3,100,0,1.770710,0.238498,0.422312
6602,human,0,128,0,1.343263,0.786576,1.056578
6602,human,1,18,0,1.095508,1.235681,1.353698
6602,lm,0,126,0,1.826775,0.427849,0.781583
6603,human,0,110,0,1.848953,0.419249,0.775172
6603,lm,0,128,0,3.248081,0.143595,0.466409
6603,lm,1,92,0,1.965244,0.308073,0.605439
6604,human,0,128,0,1.450623,0.614272,0.891077
6604,human,1,89,0,1.594322,0.476871,0.760286
6604,lm,0,54,0,2.033142,0.468696,0.952925
6605,human,0,128,0,1.437483,0.761878,1.095186
6605,human,1,12,0,1.271160,1.198114,1.522995
6605,lm,0,44,0,1.351119,1.318782,1.781831
6606,human,0,128,0,1.459295,0.516705,0.754025
6606,human,1,128,0,1.256465,1.021510,1.283491
6606,human,2,128,0,1.386328,0.564465,0.782534
6606,human,3,128,0,1.300280,0.981438,1.276144
6606,human,4,128,0,1.390667,0.916362,1.274354
6606,human,5,128,0,1.331930,0.760503,1.012937
6606,human,6,128,0,1.227991,1.250656,1.535795
6606,human,7,54,0,1.088262,1.451010,1.579079
6606,lm,0,71,0,1.412036,0.846597,1.195425
6607,human,0,27,0,1.310392,1.045048,1.369421
6607,lm,0,36,0,1.790171,0.678599,1.214808
6609,human,0,103,0,1.199493,1.157798,1.388771
6609,lm,0,10,0,1.081449,1.651830,1.786370
6610,human,0,54,0,1.208828,0.703642,0.850582
6610,lm,0,16,0,1.041430,2.308951,2.404612
6612,human,0,41,0,1.244802,0.813324,1.012427
6612,lm,0,128,0,2.520699,0.098063,0.247188
6612,lm,1,73,0,1.468548,0.175510,0.257745
6614,human,0,121,0,1.380553,0.588453,0.812391
6614,lm,0,10,0,1.047271,2.914348,3.052112
6615,human,0,31,0,1.235813,0.912305,1.127439
6615,lm,0,33,0,1.482109,0.600819,0.890479
6617,human,0,128,0,1.325073,0.582978,0.772488
6617,human,1,128,0,1.390756,0.695345,0.967055
6617,human,2,82,0,1.553253,0.662861,1.029591
6617,lm,0,62,0,1.702439,0.488397,0.831466
6618,human,0,84,0,1.475276,0.579288,0.854610
6618,lm,0,7,0,1.102140,1.783812,1.966011
6619,human,0,50,0,1.382118,0.693544,0.958559
6619,lm,0,25,0,1.332465,0.585942,0.780747
6620,human,0,128,0,1.423082,0.484118,0.688940
6620,human,1,74,0,1.243495,1.052908,1.309285
6620,lm,0,128,0,1.958478,0.260843,0.510855
6622,human,0,128,0,1.203724,1.361187,1.638493
6622,human,1,128,0,1.163041,1.630265,1.896065
6622,human,2,128,0,1.179863,1.564290,1.845648
6622,human,3,128,0,1.366053,0.919106,1.255548
6622,human,4,128,0,1.195215,1.968370,2.352625
6622,human,5,128,0,1.237723,0.836126,1.034892
6622,human,6,25,0,1.151733,1.617566,1.863004
6622,lm,0,11,0,1.062807,1.993426,2.118627
6623,human,0,82,0,1.412170,0.623477,0.880456
6623,lm,0,45,0,1.449950,0.579220,0.839841
6625,human,0,128,0,1.823549,0.314585,0.573661
6625,human,1,117,0,1.080022,1.277554,1.379787
6625,lm,0,128,0,1.686204,0.359111,0.605535
6625,lm,1,115,0,1.093679,1.092970,1.195357
6626,human,0,22,0,1.352888,0.435669,0.589411
6626,lm,0,6,0,1.133905,1.312381,1.488115
6628,human,0,65,0,1.339294,0.739484,0.990386
6628,lm,0,99,0,1.596667,0.398813,0.636771
663,human,0,102,0,1.603531,0.414303,0.664347
663,lm,0,47,0,1.628678,0.456109,0.742854
6630,human,0,49,0,1.407904,1.482074,2.086618
6630,lm,0,128,0,1.273589,1.251967,1.594491
6630,lm,1,128,0,1.388849,1.075332,1.493474
6630,lm,2,128,0,1.487216,0.995660,1.480761
6630,lm,3,76,0,1.353540,1.031843,1.396641
6631,human,0,96,0,1.489682,0.463847,0.690984
6631,lm,0,30,0,1.544177,0.502907,0.776577
6632,human,0,27,0,1.355878,1.268508,1.719943
6632,lm,0,8,0,1.002018,4.093811,4.102070
6634,human,0,52,0,1.631439,0.628119,1.024737
6634,lm,0,88,0,2.387613,0.298962,0.713807
6635,human,0,104,0,1.538394,0.660793,1.016561
6635,lm,0,48,0,1.284995,1.202756,1.545535
6636,human,0,11,0,1.033470,2.407065,2.487628
6636,lm,0,6,0,1.101081,1.253644,1.380364
6637,human,0,128,0,1.123813,1.458986,1.639627
6637,human,1,128,0,1.132203,0.937000,1.060875
6637,human,2,128,0,1.105575,1.073174,1.186475
6637,human,3,123,0,1.152137,1.448620,1.669008
6637,lm,0,128,0,1.789626,0.279411,0.500042
6637,lm,1,128,0,1.883538,0.196328,0.369792
6637,lm,2,76,0,1.913697,0.309859,0.592975
6639,human,0,128,0,1.268958,0.559598,0.710106
6639,human,1,18,0,1.275051,1.053308,1.343022
6639,lm,0,113,0,1.528921,0.298997,0.457144
6640,human,0,128,0,1.232254,1.174546,1.447339
6640,human,1,128,0,1.238961,0.742760,0.920251
6640,human,2,128,0,1.491689,0.616308,0.919340
6640,human,3,128,0,1.356853,0.569135,0.772233
6640,human,4,59,0,1.228361,1.037224,1.274086
6640,lm,0,79,0,1.526049,0.585015,0.892761
6641,human,0,23,0,1.185803,1.419317,1.683031
6641,lm,0,10,0,1.091667,2.098321,2.290669
6644,human,0,19,0,1.289022,0.397726,0.512678
6644,lm,0,6,0,1.256375,0.740659,0.930545
6646,human,0,61,0,1.281895,0.737143,0.944940
6646,lm,0,57,0,1.475019,0.652408,0.962314
6648,human,0,100,0,1.338843,0.761082,1.018969
6648,lm,0,28,0,1.419095,1.291954,1.833406
6649,human,0,128,0,1.278678,0.934756,1.195252
6649,human,1,23,0,1.013335,2.785197,2.822336
6649,lm,0,10,0,1.283738,1.338923,1.718826
6650,human,0,76,0,1.578954,0.740130,1.168632
6650,lm,0,13,0,1.183443,0.987089,1.168164
6651,human,0,46,0,1.600511,0.735275,1.176816
6651,lm,0,40,0,1.473829,0.911809,1.343851
6652,human,0,101,0,1.975994,0.342638,0.677050
6652,lm,0,32,0,1.373977,0.706995,0.971394
6653,human,0,128,0,1.253747,1.173119,1.470794
6653,human,1,128,0,1.347994,0.758256,1.022124
6653,human,2,128,0,1.382586,0.750437,1.037544
6653,human,3,128,0,1.169212,0.872189,1.019773
6653,human,4,104,0,1.196518,0.820472,0.981709
6653,lm,0,5,0,0.977685,5.866468,5.735558
6655,human,0,128,0,1.337215,0.681551,0.911380
6655,human,1,113,0,1.177697,1.132658,1.333928
6655,lm,0,9,0,0.978146,5.874931,5.746542
6656,human,0,39,0,1.361686,0.842119,1.146701
6656,lm,0,32,0,1.511309,0.712314,1.076526
6657,human,0,128,0,1.355596,0.845316,1.145908
6657,human,1,128,0,1.317749,0.803895,1.059332
6657,human,2,128,0,1.175262,1.457381,1.712804
6657,human,3,128,0,1.421546,1.281563,1.821800
6657,human,4,43,0,1.189696,1.407900,1.674973
6657,lm,0,44,0,1.561297,0.641819,1.002070
6658,human,0,58,0,1.426957,0.709980,1.013111
6658,lm,0,40,0,1.590028,0.640726,1.018772
6659,human,0,116,0,1.548780,0.527916,0.817625
6659,lm,0,15,0,1.161831,1.150486,1.336669
666,human,0,69,0,1.523131,0.553779,0.843478
666,lm,0,44,0,1.530750,0.706160,1.080954
6662,human,0,20,0,1.216255,0.734846,0.893760
6662,lm,0,10,0,1.167235,1.582723,1.847410
6664,human,0,128,0,1.266300,1.305600,1.653282
6664,human,1,128,0,1.388494,0.929120,1.290078
6664,human,2,128,0,0.998026,1.827164,1.823558
6664,human,3,128,0,1.047199,1.693272,1.773192
6664,human,4,128,0,1.309855,0.996835,1.305709
6664,human,5,128,0,1.128272,1.539968,1.737503
6664,human,6,128,0,1.222310,1.352458,1.653123
6664,human,7,56,0,1.377309,0.981451,1.351761
6664,lm,0,10,0,1.123042,1.892097,2.124905
6665,human,0,128,0,1.208603,1.041837,1.259168
6665,human,1,128,0,1.153342,1.217639,1.404355
6665,human,2,128,0,1.109425,1.194835,1.325580
6665,human,3,128,0,1.133513,1.553732,1.761176
6665,human,4,128,0,1.191407,1.180946,1.406988
6665,human,5,128,0,1.183018,1.107850,1.310607
6665,human,6,123,0,1.186858,1.109595,1.316933
6665,lm,0,10,0,1.064174,2.316717,2.465389
6666,human,0,128,0,1.287352,0.897083,1.154861
6666,human,1,128,0,1.192855,1.314606,1.568134
6666,human,2,4,0,1.007401,3.982773,4.012248
6666,lm,0,60,0,1.461236,0.779250,1.138668
6667,human,0,75,0,1.661816,0.323987,0.538407
6667,lm,0,97,0,1.801930,0.302136,0.544429
6668,human,0,128,0,1.202560,1.185988,1.426222
6668,human,1,128,0,1.343594,0.945461,1.270315
6668,human,2,128,0,1.173262,1.363323,1.599534
6668,human,3,128,0,1.331880,0.559739,0.745505
6668,human,4,128,0,1.221343,1.175186,1.435305
6668,human,5,85,0,1.215092,1.157115,1.406001
6668,lm,0,9,0,1.053028,2.148750,2.262693
6669,human,0,20,0,1.167483,1.355096,1.582051
6669,lm,0,21,0,1.375299,0.673083,0.925691
667,human,0,43,0,1.531150,0.671292,1.027849
667,lm,0,37,0,1.500586,0.699209,1.049223
6670,human,0,76,0,1.380159,0.721722,0.996091
6670,lm,0,31,0,1.424186,0.692091,0.985666
6672,human,0,128,0,1.167454,1.411355,1.647692
6672,human,1,112,0,1.220854,1.206900,1.473449
6673,human,0,42,0,1.191617,0.554742,0.661040
6673,lm,0,11,0,1.125491,1.768678,1.990631
6674,human,0,28,0,1.340822,0.986035,1.322098
6674,lm,0,118,0,1.862340,0.319248,0.594548
6675,human,0,56,0,1.223052,1.362665,1.666610
6675,lm,0,11,0,1.175165,1.326983,1.559424
6677,human,0,91,0,1.323244,1.245677,1.648334
6677,lm,0,64,0,1.259115,1.131575,1.424783
6678,human,0,96,0,1.860468,0.283724,0.527859
6678,lm,0,106,0,2.213342,0.185309,0.410151
6681,human,0,45,0,1.535830,0.611023,0.938427
6681,lm,0,66,0,1.738882,0.444595,0.773098
6683,human,0,62,0,1.627188,0.451137,0.734085
6683,lm,0,7,0,1.080135,1.730786,1.869483
6684,human,0,128,0,1.279140,0.917748,1.173929
6684,human,1,128,0,1.282415,0.527908,0.676997
6684,human,2,128,0,1.288895,1.070266,1.379460
6684,human,3,128,0,1.214922,0.625230,0.759606
6684,human,4,128,0,1.168617,1.044304,1.220392
6684,human,5,39,0,1.349268,0.934256,1.260562
6684,lm,0,128,0,1.631246,0.220581,0.359821
6684,lm,1,59,0,1.290468,0.574625,0.741536
6685,human,0,128,0,1.382825,0.904469,1.250723
6685,human,1,4,0,0.994726,3.929171,3.908449
6685,lm,0,52,0,1.590747,0.480719,0.764702
6686,human,0,35,0,1.272753,0.946881,1.205146
6686,lm,0,10,0,1.348993,0.789090,1.064477
6687,human,0,92,0,1.343977,1.009162,1.356290
6687,lm,0,70,0,1.838836,0.511613,0.940772
6688,human,0,52,0,1.478025,0.538610,0.796079
6688,lm,0,128,0,1.844864,0.364524,0.672498
6688,lm,1,128,0,1.554654,0.335629,0.521787
6688,lm,2,28,0,1.258594,1.249594,1.572732
6689,human,0,126,0,1.431745,0.671926,0.962027
6689,lm,0,107,0,1.839685,0.402796,0.741017
6692,human,0,22,0,1.198982,1.092991,1.310476
6692,lm,0,5,0,1.006877,2.849276,2.868871
6693,human,0,128,0,1.455023,0.548853,0.798594
6693,human,1,128,0,1.250641,1.090838,1.364247
6693,human,2,128,0,1.241841,1.202117,1.492838
6693,human,3,128,0,1.255005,1.221900,1.533490
6693,human,4,128,0,1.218758,1.267842,1.545193
6693,human,5,37,0,1.074846,2.001506,2.151311
6693,lm,0,10,0,1.089244,1.970247,2.146081
6694,human,0,58,0,1.441976,0.717610,1.034777
6694,lm,0,80,0,1.616387,0.593982,0.960105
6697,human,0,128,0,1.305362,0.726251,0.948020
6697,human,1,128,0,1.268029,1.035831,1.313463
6697,human,2,32,0,1.307765,0.816740,1.068104
6697,lm,0,7,0,1.059189,2.560240,2.711778
6699,human,0,45,0,1.317343,1.235775,1.627940
6699,lm,0,11,0,1.103995,1.933750,2.134851
67,human,0,100,0,1.265951,0.920841,1.165739
67,lm,0,42,0,1.362692,1.035176,1.410626
670,human,0,42,0,1.461801,0.822439,1.202242
670,lm,0,50,0,1.558921,0.704696,1.098566
6700,human,0,14,0,1.200256,1.237252,1.485018
6700,lm,0,31,0,1.609878,0.557672,0.897784
6701,human,0,128,0,1.333120,0.638950,0.851797
6701,human,1,112,0,1.511011,0.579407,0.875491
6701,lm,0,31,0,1.505402,0.658671,0.991564
6702,human,0,128,0,1.285292,0.977788,1.256743
6702,human,1,43,0,1.276945,1.364996,1.743024
6702,lm,0,10,0,1.162400,1.035232,1.203353
6703,human,0,128,0,1.561660,0.473610,0.739618
6703,human,1,49,0,1.541998,0.908549,1.400981
6703,lm,0,125,0,1.707579,0.478361,0.816839
6709,human,0,60,0,1.328623,0.936558,1.244332
6709,lm,0,53,0,1.347813,0.766474,1.033064
671,human,0,116,0,1.263508,0.699958,0.884402
671,lm,0,11,0,1.138943,1.615058,1.839458
6710,human,0,128,0,1.335092,0.639983,0.854435
6710,human,1,31,0,1.190427,1.252618,1.491150
6710,lm,0,128,0,2.412655,0.099751,0.240666
6710,lm,1,29,0,1.238695,0.314638,0.389741
6713,human,0,71,0,1.463270,0.877467,1.283971
6713,lm,0,10,0,1.149087,1.517058,1.743231
6714,human,0,64,0,1.161093,1.062371,1.233512
6714,lm,0,9,0,1.090108,1.921161,2.094273
6715,human,0,25,0,1.097499,2.146919,2.356241
6715,lm,0,13,0,1.087072,2.142315,2.328850
6716,human,0,128,0,1.413661,0.632727,0.894462
6716,human,1,128,0,1.431381,0.579203,0.829061
6716,human,2,23,0,1.258496,1.265363,1.592454
6716,lm,0,91,0,1.412081,0.595699,0.841175
672,human,0,128,0,1.260360,1.175204,1.481181
672,human,1,111,0,1.206241,1.676231,2.021938
672,lm,0,63,0,1.386937,1.141520,1.583216
6720,human,0,44,0,1.559106,0.685620,1.068954
6720,lm,0,9,0,0.953833,5.874931,5.603702
6721,human,0,128,0,1.190161,1.477445,1.758398
6721,human,1,128,0,1.350317,0.837695,1.131154
6721,human,2,128,0,1.368444,0.696754,0.953469
6721,human,3,44,0,1.181092,1.862372,2.199633
6721,lm,0,128,0,1.895529,0.343501,0.651115
6721,lm,1,24,0,1.164303,1.403215,1.633768
6722,human,0,128,0,1.306581,0.961320,1.256042
6722,human,1,124,0,1.326044,1.117415,1.481742
6722,lm,0,74,0,2.086647,0.393343,0.820769
6723,human,0,122,0,1.149278,1.007097,1.157435
6723,lm,0,128,0,2.192317,0.164862,0.361430
6723,lm,1,121,0,2.300313,0.136195,0.313292
6724,human,0,53,0,1.155225,1.283581,1.482824
6724,lm,0,17,0,1.174502,1.289183,1.514149
6726,human,0,128,0,1.374828,0.485351,0.667275
6726,human,1,128,0,1.151519,1.533586,1.765953
6726,human,2,128,0,1.137304,1.614506,1.836183
6726,human,3,128,0,1.205262,0.785788,0.947081
6726,human,4,34,0,1.163176,1.448028,1.684312
6726,lm,0,128,0,1.711294,0.427838,0.732157
6726,lm,1,104,0,1.485664,0.557396,0.828103
6728,human,0,22,0,1.132796,1.329230,1.505747
6728,lm,0,128,0,1.832754,0.418696,0.767366
6728,lm,1,128,0,1.697187,0.614128,1.042289
6728,lm,2,21,0,1.445618,1.270953,1.837313
6729,human,0,128,0,1.585808,0.360233,0.571260
6729,human,1,72,0,1.539931,0.480755,0.740329
6729,lm,0,128,0,1.989431,0.331558,0.659613
6729,lm,1,85,0,1.731456,0.550996,0.954026
673,human,0,97,0,1.308158,0.673162,0.880602
673,lm,0,19,0,1.152858,1.012134,1.166847
6730,human,0,52,0,1.264023,0.933431,1.179878
6730,lm,0,58,0,1.352092,1.073603,1.451610
6733,human,0,128,0,1.285060,0.950852,1.221902
6733,human,1,119,0,1.240191,1.024337,1.270374
6733,lm,0,24,0,1.237261,1.703621,2.107824
6734,human,0,71,0,1.408395,0.767355,1.080740
6734,lm,0,10,0,1.163668,1.521194,1.770165
6735,human,0,29,0,1.358041,0.803654,1.091395
6735,lm,0,128,0,2.972308,0.212967,0.633002
6735,lm,1,128,0,2.614085,0.192496,0.503202
6735,lm,2,128,0,2.775015,0.147958,0.410585
6735,lm,3,31,0,1.443592,0.899250,1.298150
6738,human,0,128,0,1.361963,0.576956,0.785792
6738,human,1,128,0,1.304071,0.644598,0.840601
6738,human,2,64,0,1.274435,0.929758,1.184915
6738,lm,0,103,0,2.030070,0.239990,0.487196
6739,human,0,86,0,1.369442,0.862529,1.181184
6739,lm,0,11,0,1.124562,1.464775,1.647230
674,human,0,45,0,1.282402,0.843587,1.081817
674,lm,0,70,0,1.773826,0.323459,0.573760
6740,human,0,98,0,1.695411,0.780621,1.323473
6740,lm,0,10,0,1.183134,2.548666,3.015414
6745,human,0,69,0,1.618477,0.686703,1.111413
6745,lm,0,45,0,1.541755,0.701195,1.081072
6748,human,0,128,0,1.206088,0.923878,1.114278
6748,human,1,18,0,1.160660,1.183732,1.373910
6748,lm,0,10,0,0.996611,5.859384,5.839525
675,human,0,66,0,1.484524,0.910325,1.351398
675,lm,0,11,0,1.051730,2.523103,2.653625
6751,human,0,65,0,1.825472,0.429646,0.784307
6751,lm,0,11,0,1.151340,1.541820,1.775158
6752,human,0,62,0,1.278983,1.138471,1.456085
6752,lm,0,46,0,1.693256,0.943286,1.597223
6753,human,0,128,0,1.367036,0.741108,1.013122
6753,human,1,128,0,1.260225,0.849113,1.070074
6753,human,2,7,0,1.023636,1.872856,1.917123
6753,lm,0,128,0,1.568095,0.575514,0.902460
6753,lm,1,113,0,1.461173,0.679010,0.992151
6754,human,0,64,0,1.624586,0.372665,0.605426
6754,lm,0,103,0,1.978123,0.247870,0.490317
6756,human,0,67,0,1.467160,0.570636,0.837213
6756,lm,0,10,0,1.120292,1.519019,1.701745
6757,human,0,128,0,1.329732,0.582391,0.774424
6757,human,1,9,0,1.047595,2.310352,2.420314
6757,lm,0,105,0,2.026456,0.315294,0.638930
6759,human,0,21,0,1.205218,1.028650,1.239748
6759,lm,0,74,0,1.476388,0.829870,1.225209
6760,human,0,44,0,1.460304,0.591668,0.864015
6760,lm,0,41,0,1.470503,0.674193,0.991402
6761,human,0,21,0,1.180761,1.177779,1.390676
6761,lm,0,60,0,1.603382,0.526193,0.843689
6762,human,0,27,0,1.309280,0.834875,1.093085
6762,lm,0,29,0,1.329918,0.814350,1.083020
6763,human,0,109,0,1.224889,0.785722,0.962422
6763,lm,0,46,0,1.236217,0.903086,1.116410
6765,human,0,128,0,1.365572,0.591445,0.807660
6765,human,1,39,0,1.334396,0.934506,1.247001
6765,lm,0,28,0,1.243551,0.940400,1.169436
6766,human,0,38,0,1.326223,0.737686,0.978337
6766,lm,0,45,0,1.468683,0.641223,0.941753
6769,human,0,128,0,1.575279,0.633499,0.997938
6769,human,1,13,0,1.871302,0.881378,1.649325
6769,lm,0,9,0,1.117869,1.823134,2.038025
6770,human,0,128,0,1.276295,0.965809,1.232657
6770,human,1,128,0,1.418494,0.594225,0.842904
6770,human,2,128,0,1.325049,0.761967,1.009644
6770,human,3,128,0,1.354332,0.606219,0.821021
6770,human,4,128,0,1.559748,0.640690,0.999315
6770,human,5,79,0,1.620514,0.411911,0.667507
6770,lm,0,128,0,2.237874,0.367094,0.821511
6770,lm,1,128,0,2.421090,0.256868,0.621900
6770,lm,2,128,0,2.146822,0.350499,0.752459
6770,lm,3,128,0,1.865462,0.383435,0.715283
6770,lm,4,128,0,2.179201,0.297040,0.647311
6770,lm,5,24,0,1.575726,1.560680,2.459204
6771,human,0,42,0,1.164314,1.336298,1.555870
6774,human,0,89,0,1.564732,0.616723,0.965006
6774,lm,0,12,0,1.189064,1.506602,1.791447
6776,human,0,40,0,1.378017,0.961648,1.325167
6776,lm,0,26,0,1.504554,0.567817,0.854311
6778,human,0,128,0,1.278227,0.807029,1.031565
6778,human,1,10,0,1.023501,2.428613,2.485687
6778,lm,0,128,0,1.788833,0.276479,0.494575
6778,lm,1,128,0,1.782024,0.247131,0.440393
6778,lm,2,108,0,1.482940,0.341123,0.505865
6779,human,0,128,0,1.410341,0.639107,0.901358
6779,human,1,48,0,1.268306,1.560428,1.979100
6779,lm,0,51,0,1.644447,0.570750,0.938568
678,human,0,23,0,1.163750,1.374275,1.599313
678,lm,0,34,0,1.346563,0.845921,1.139086
6782,human,0,20,0,1.150996,1.329220,1.529926
6782,lm,0,10,0,1.113154,1.634252,1.819174
6783,human,0,90,0,1.419857,0.885616,1.257449
6783,lm,0,62,0,1.763487,0.566072,0.998260
6785,human,0,128,0,1.959938,0.283512,0.555665
6785,human,1,128,0,1.670231,0.455758,0.761221
6785,human,2,128,0,1.985191,0.279191,0.554248
6785,human,3,36,0,1.261287,1.465393,1.848281
6785,lm,0,128,0,2.509382,0.205735,0.516267
6785,lm,1,128,0,1.633902,0.449637,0.734663
6785,lm,2,128,0,2.352407,0.207783,0.488790
6785,lm,3,35,0,1.216445,1.571324,1.911430
6786,human,0,97,0,1.521508,0.638484,0.971459
6786,lm,0,9,0,1.007911,1.674231,1.687476
6787,human,0,57,0,1.314239,0.721379,0.948065
6787,lm,0,56,0,1.397099,0.611216,0.853929
6789,human,0,78,0,1.337285,1.037633,1.387611
6789,lm,0,10,0,1.777830,0.368269,0.654719
679,human,0,16,0,1.108892,1.664764,1.846044
679,lm,0,10,0,1.089488,2.796827,3.047109
6791,human,0,128,0,1.350188,0.931469,1.257658
6791,human,1,66,0,1.416523,0.831353,1.177630
6791,lm,0,128,0,1.902892,0.361842,0.688547
6791,lm,1,128,0,1.622244,0.481768,0.781545
6791,lm,2,110,0,1.619875,0.545392,0.883467
6792,human,0,31,0,1.172712,1.123994,1.318121
6792,lm,0,10,0,1.123420,1.519265,1.706772
6793,human,0,34,0,1.527870,0.429653,0.656454
6793,lm,0,128,0,2.290805,0.219006,0.501701
6793,lm,1,15,0,1.423270,0.998811,1.421577
6795,human,0,128,0,1.341697,0.611114,0.819930
6795,human,1,50,0,1.216208,1.023498,1.244787
6795,lm,0,94,0,1.537213,0.280454,0.431118
6796,human,0,128,0,1.556494,0.318499,0.495742
6796,human,1,128,0,1.264917,0.751330,0.950369
6796,human,2,39,0,1.202647,1.006628,1.210618
6796,lm,0,128,0,2.267884,0.250131,0.567268
6796,lm,1,128,0,2.061350,0.283377,0.584140
6796,lm,2,128,0,2.275147,0.249564,0.567794
6796,lm,3,128,0,2.260577,0.215609,0.487401
6796,lm,4,128,0,2.813075,0.198894,0.559504
6796,lm,5,47,0,1.809635,0.585651,1.059815
6797,human,0,128,0,1.279919,0.905195,1.158576
6797,human,1,46,0,1.231406,1.207499,1.486921
6797,lm,0,128,0,1.584189,0.468288,0.741857
6797,lm,1,128,0,1.820271,0.269936,0.491357
6797,lm,2,128,0,1.640754,0.290045,0.475892
6797,lm,3,93,0,1.579036,0.350489,0.553434
6798,human,0,128,0,1.307248,0.564184,0.737528
6798,human,1,128,0,1.480670,0.413272,0.611919
6798,human,2,10,0,1.257912,3.584717,4.509257
6798,lm,0,128,0,2.270701,0.133789,0.303794
6798,lm,1,128,0,2.120777,0.098467,0.208827
6798,lm,2,23,0,1.181584,0.562839,0.665041
6799,human,0,128,0,1.323378,0.677211,0.896207
6799,human,1,64,0,1.647885,0.547328,0.901934
6799,lm,0,46,0,1.289130,1.051115,1.355023
68,human,0,128,0,1.297987,0.898277,1.165951
68,human,1,10,0,1.126385,3.098230,3.489801
68,lm,0,61,0,1.904087,0.368116,0.700925
6801,human,0,128,0,1.239894,0.801046,0.993212
6801,human,1,128,0,1.275677,0.938028,1.196621
6801,human,2,44,0,1.304550,0.856595,1.117471
6801,lm,0,6,0,1.009036,3.860809,3.895697
6802,human,0,94,0,1.407149,0.416243,0.585716
6802,lm,0,52,0,1.430658,0.474529,0.678888
6803,human,0,13,0,1.073699,1.993250,2.140150
6803,lm,0,43,0,1.337948,0.806698,1.079320
6804,human,0,58,0,1.499661,0.662971,0.994232
6804,lm,0,10,0,1.137617,2.223020,2.528945
6805,human,0,78,0,1.352395,0.963431,1.302939
6805,lm,0,11,0,1.052492,2.979419,3.135816
6806,human,0,33,0,1.320255,0.704434,0.930033
6806,lm,0,7,0,1.130282,1.499121,1.694429
6807,human,0,88,0,1.377741,0.491462,0.677107
6807,lm,0,128,0,2.236636,0.262906,0.588025
6807,lm,1,128,0,1.799033,0.335770,0.604062
6807,lm,2,128,0,1.653567,0.412661,0.682363
6807,lm,3,128,0,1.666301,0.442876,0.737964
6807,lm,4,20,0,1.180828,2.219141,2.620424
6808,human,0,68,0,1.855567,0.565534,1.049386
6808,lm,0,11,0,1.169715,1.420986,1.662149
6809,human,0,87,0,1.522842,0.394938,0.601427
6809,lm,0,20,0,1.356985,1.215419,1.649305
6810,human,0,74,0,1.637422,0.608027,0.995597
6810,lm,0,20,0,1.464106,1.104841,1.617604
6812,human,0,122,0,1.263888,1.020569,1.289885
6812,lm,0,25,0,1.258822,1.224129,1.540961
6814,human,0,52,0,1.341410,0.827117,1.109502
6814,lm,0,43,0,1.188134,1.569579,1.864871
6815,human,0,65,0,1.247316,0.820087,1.022907
6815,lm,0,128,0,1.576400,0.736452,1.160943
6815,lm,1,53,0,1.461776,1.091350,1.595309
6816,human,0,76,0,1.366944,1.119317,1.530044
6816,lm,0,10,0,1.176586,0.891231,1.048610
6817,human,0,47,0,1.499568,0.666052,0.998790
6817,lm,0,21,0,1.229637,1.077461,1.324886
6818,human,0,81,0,1.444263,0.715259,1.033021
6818,lm,0,7,0,1.140484,1.238324,1.412289
6819,human,0,128,0,1.479145,0.528512,0.781746
6819,human,1,92,0,1.514296,0.860540,1.303111
6819,lm,0,45,0,1.277876,0.965753,1.234113
682,human,0,67,0,1.227096,1.518012,1.862746
682,lm,0,24,0,1.192479,1.776080,2.117937
6820,human,0,29,0,1.380149,0.737882,1.018387
6820,lm,0,27,0,1.466914,0.715602,1.049727
6822,human,0,71,0,1.254954,1.116978,1.401756
6822,lm,0,10,0,1.195527,2.870228,3.431434
6823,human,0,56,0,1.280815,0.717537,0.919033
6823,lm,0,11,0,1.162694,1.210337,1.407251
6824,human,0,66,0,1.435285,0.554549,0.795936
6824,lm,0,30,0,1.383719,0.594947,0.823240
6826,human,0,128,0,1.246534,0.930580,1.159999
6826,human,1,105,0,1.320216,0.904035,1.193521
6826,lm,0,10,0,1.081630,3.342306,3.615139
6828,human,0,39,0,1.434588,0.703334,1.008994
6828,lm,0,10,0,1.250478,0.728795,0.911342
6831,human,0,84,0,1.424216,0.647075,0.921574
6831,lm,0,11,0,1.158590,1.520653,1.761814
6834,human,0,128,0,1.401300,0.888442,1.244974
6834,human,1,128,0,1.374947,0.938951,1.291008
6834,human,2,58,0,1.238640,1.102500,1.365600
6834,lm,0,128,0,2.090381,0.232040,0.485052
6834,lm,1,128,0,1.654282,0.240425,0.397731
6834,lm,2,128,0,1.967918,0.208765,0.410832
6834,lm,3,128,0,2.310031,0.152258,0.351722
6834,lm,4,107,0,2.977988,0.127090,0.378473
6835,human,0,128,0,1.250227,0.898571,1.123418
6835,human,1,50,0,1.260444,1.551626,1.955738
6835,lm,0,43,0,1.365876,1.015221,1.386666
6836,human,0,62,0,1.240510,1.335502,1.656703
6836,lm,0,26,0,1.268456,1.286687,1.632106
6837,human,0,46,0,1.440159,0.714341,1.028765
6837,lm,0,128,0,1.634399,0.473868,0.774489
6837,lm,1,21,0,1.251482,1.275346,1.596072
6838,human,0,20,0,1.212393,0.893018,1.082688
6838,lm,0,31,0,1.578450,0.637263,1.005888
6839,human,0,128,0,1.229632,1.049081,1.289983
6839,human,1,128,0,1.201374,1.213342,1.457678
6839,human,2,128,0,1.376106,0.983980,1.354060
6839,human,3,128,0,1.333315,0.841784,1.122364
6839,human,4,128,0,1.251348,1.013206,1.267874
6839,human,5,128,0,1.258222,1.204572,1.515619
6839,human,6,25,0,1.098060,2.125623,2.334061
6839,lm,0,128,0,1.729390,0.469024,0.811126
6839,lm,1,128,0,1.576683,0.495253,0.780857
6839,lm,2,102,0,1.451025,0.603306,0.875411
684,human,0,128,0,1.312139,0.899482,1.180245
684,human,1,100,0,1.445413,0.593743,0.858204
684,lm,0,128,0,2.421986,0.098708,0.239069
684,lm,1,61,0,1.540432,0.221237,0.340800
6840,human,0,24,0,1.233308,0.830278,1.023988
6840,lm,0,11,0,1.116260,1.183954,1.321600
6841,human,0,64,0,1.520684,0.560303,0.852044
6841,lm,0,25,0,1.612482,0.614276,0.990509
6842,human,0,78,0,1.335478,0.979866,1.308589
6842,lm,0,31,0,1.511371,0.997841,1.508108
6843,human,0,102,0,1.176809,1.303764,1.534281
6843,lm,0,21,0,1.168814,1.769013,2.067647
6844,human,0,128,0,1.399764,0.580128,0.812043
6844,human,1,35,0,1.175283,1.401091,1.646679
6844,lm,0,85,0,1.823543,0.313686,0.572019
6845,human,0,55,0,1.258091,0.663152,0.834305
6845,lm,0,116,0,1.763753,0.614503,1.083832
6846,human,0,74,0,1.129150,1.101074,1.243277
6846,lm,0,128,0,1.940923,0.318680,0.618534
6846,lm,1,128,0,1.811478,0.418140,0.757452
6846,lm,2,128,0,1.423678,0.740255,1.053885
6846,lm,3,56,0,1.531163,0.667860,1.022602
6849,human,0,31,0,1.112566,1.868582,2.078921
6849,lm,0,11,0,1.248650,1.307317,1.632382
685,human,0,80,0,1.518824,0.541582,0.822568
685,lm,0,7,0,1.089780,2.279820,2.484503
6852,human,0,55,0,1.438877,0.638180,0.918262
6852,lm,0,88,0,2.091876,0.359529,0.752091
6854,human,0,60,0,1.664326,0.473617,0.788253
6854,lm,0,78,0,2.020554,0.435835,0.880628
6855,human,0,128,0,1.445542,0.967291,1.398259
6855,human,1,120,0,1.287584,1.276724,1.643889
6855,lm,0,20,0,1.252149,1.018106,1.274820
6858,human,0,60,0,1.301484,0.687000,0.894119
6858,lm,0,12,0,1.241361,1.084052,1.345701
6859,human,0,54,0,1.457968,0.704720,1.027460
6859,lm,0,43,0,1.576363,0.619177,0.976049
6861,human,0,128,0,1.313824,0.979470,1.286852
6861,human,1,128,0,1.304554,1.222715,1.595097
6861,human,2,10,0,1.364592,2.181606,2.977002
6861,lm,0,10,0,1.146471,2.879926,3.301751
6862,human,0,128,0,1.298799,1.047439,1.360412
6862,human,1,128,0,1.258978,1.108765,1.395911
6862,human,2,128,0,1.267544,1.334571,1.691628
6862,human,3,128,0,1.212245,1.148565,1.392342
6862,human,4,93,0,1.375434,1.179675,1.622565
6862,lm,0,116,0,2.018670,0.496101,1.001465
6864,human,0,13,0,1.173587,1.260466,1.479267
6864,lm,0,128,0,1.757842,0.625516,1.099557
6864,lm,1,37,0,1.427968,1.075834,1.536256
6865,human,0,52,0,1.184301,1.334103,1.579980
6865,lm,0,53,0,1.377434,1.051850,1.448854
6866,human,0,128,0,1.494639,0.557982,0.833982
6866,human,1,92,0,1.404181,0.999770,1.403859
6866,lm,0,10,0,1.071391,2.788987,2.988095
6867,human,0,128,0,1.292526,0.856750,1.107371
6867,human,1,98,0,1.317179,1.235841,1.627824
6867,lm,0,128,0,2.026529,0.430108,0.871627
6867,lm,1,30,0,1.506065,1.317591,1.984378
687,human,0,128,0,1.445013,0.715865,1.034434
687,human,1,128,0,1.209556,0.967952,1.170792
687,human,2,35,0,1.081779,1.518121,1.642271
687,lm,0,10,0,1.100665,2.330917,2.565559
6873,human,0,128,0,1.221388,0.711692,0.869252
6873,human,1,56,0,1.107418,1.528802,1.693023
6873,lm,0,41,0,1.257204,1.127084,1.416974
6874,human,0,27,0,1.277796,1.077885,1.377317
6874,lm,0,11,0,1.280995,0.578891,0.741556
6875,human,0,128,0,1.399233,0.649626,0.908979
6875,human,1,128,0,1.312797,0.917372,1.204324
6875,human,2,66,0,1.307168,1.253815,1.638947
6875,lm,0,128,0,1.714678,0.411657,0.705859
6875,lm,1,128,0,1.527455,0.434429,0.663570
6875,lm,2,128,0,1.647945,0.275167,0.453461
6875,lm,3,99,0,1.488197,0.267246,0.397715
6876,human,0,95,0,1.667484,0.422620,0.704711
6876,lm,0,12,0,1.377790,0.698681,0.962635
6878,human,0,128,0,1.293927,0.785842,1.016823
6878,human,1,78,0,1.308140,0.832701,1.089290
6878,lm,0,83,0,1.677003,0.606427,1.016981
688,human,0,123,0,1.605986,0.430384,0.691191
688,lm,0,6,0,1.028728,3.381132,3.478265
6880,human,0,77,0,1.289940,1.173694,1.513994
6880,lm,0,11,0,1.111765,1.849740,2.056475
6881,human,0,91,0,1.276340,0.994538,1.269368
6881,lm,0,50,0,1.606244,0.598142,0.960762
6884,human,0,92,0,1.225934,0.962010,1.179361
6884,lm,0,30,0,1.563118,0.747796,1.168894
6885,human,0,84,0,1.591607,0.615442,0.979541
6885,lm,0,53,0,1.831583,0.583166,1.068116
6886,human,0,88,0,1.370678,0.751628,1.030240
6886,lm,0,128,0,2.293237,0.211646,0.485354
6886,lm,1,55,0,1.689127,0.376604,0.636131
6888,human,0,15,0,1.170889,0.652174,0.763623
6888,lm,0,2,0,nan,nan,5.743667
6889,human,0,53,0,1.487713,0.636548,0.947001
6889,lm,0,18,0,1.426191,0.830398,1.184307
689,human,0,128,0,1.411076,0.778531,1.098567
689,human,1,128,0,1.394199,0.744163,1.037511
689,human,2,128,0,1.344183,0.815401,1.096048
689,human,3,128,0,1.451550,0.724143,1.051130
689,human,4,128,0,1.420572,0.757258,1.075739
689,human,5,100,0,1.283945,0.961263,1.234208
689,lm,0,48,0,1.496262,0.739293,1.106176
6890,human,0,7,0,1.240369,0.912529,1.131873
6890,lm,0,5,0,1.087804,1.884179,2.049618
6891,human,0,128,0,1.703711,0.295116,0.502793
6891,lm,0,117,0,2.147656,0.197558,0.424286
6892,human,0,54,0,1.585046,0.851878,1.350265
6892,lm,0,29,0,1.390342,1.380041,1.918728
6894,human,0,79,0,1.478533,0.566862,0.838124
6894,lm,0,95,0,1.454800,0.612030,0.890382
6897,human,0,128,0,1.191911,1.090863,1.300211
6897,human,1,69,0,1.124944,1.497915,1.685070
6897,lm,0,121,0,1.629148,0.452181,0.736669
6899,human,0,13,0,1.255110,1.080687,1.356381
6899,lm,0,11,0,1.232054,1.337273,1.647592
69,human,0,62,0,1.403816,0.901465,1.265491
69,lm,0,14,0,1.276653,1.492935,1.905960
6900,human,0,128,0,1.438434,0.757368,1.089424
6900,human,1,128,0,1.275510,0.930684,1.187097
6900,human,2,55,0,1.249047,1.342427,1.676754
6900,lm,0,59,0,1.811095,0.440232,0.797301
6901,human,0,69,0,1.890324,0.419027,0.792097
6901,lm,0,13,0,1.248194,0.839804,1.048239
6902,human,0,128,0,1.716557,0.858243,1.473224
6902,human,1,128,0,1.399697,0.680848,0.952981
6902,lm,0,103,0,2.280813,0.336827,0.768239
6905,human,0,45,0,1.304587,0.999072,1.303377
6905,lm,0,9,0,1.054210,1.629752,1.718100
6906,human,0,128,0,1.469266,0.632707,0.929615
6906,human,1,7,0,1.332427,1.766638,2.353916
6906,lm,0,75,0,1.861406,0.440260,0.819503
6907,human,0,36,0,1.356125,1.215687,1.648624
6907,lm,0,18,0,1.082876,2.660299,2.880773
6909,human,0,128,0,1.450271,0.405424,0.587974
6909,human,1,22,0,1.102743,2.054220,2.265278
6909,lm,0,10,0,1.092696,2.059651,2.250572
691,human,0,128,0,1.391011,0.521359,0.725216
691,human,1,128,0,1.364827,0.507099,0.692102
691,human,2,128,0,1.107849,1.235693,1.368961
691,human,3,88,0,1.374802,0.700190,0.962623
691,lm,0,128,0,1.802515,0.267475,0.482127
691,lm,1,100,0,1.507817,0.337765,0.509287
6910,human,0,117,0,1.507853,0.494439,0.745542
6910,lm,0,25,0,1.493291,0.343076,0.512313
6911,human,0,21,0,1.241971,1.026596,1.275002
6911,lm,0,26,0,1.373966,0.837139,1.150201
6912,human,0,128,0,1.448354,0.637673,0.923577
6912,human,1,19,0,1.174661,1.121150,1.316972
6912,lm,0,105,0,1.730532,0.421335,0.729133
6914,human,0,80,0,1.546696,0.443250,0.685573
6914,lm,0,6,0,1.231534,0.227090,0.279669
6915,human,0,29,0,1.445947,0.890091,1.287024
6915,lm,0,6,0,1.053702,1.892621,1.994259
6916,human,0,86,0,1.160008,1.203339,1.395883
6916,lm,0,11,0,1.183044,1.087762,1.286870
6917,human,0,128,0,1.492867,0.506347,0.755909
6917,human,1,128,0,1.487467,0.488997,0.727367
6917,human,2,119,0,1.462686,0.517613,0.757105
6917,lm,0,14,0,1.232595,1.194106,1.471850
6918,human,0,128,0,1.396767,0.566192,0.790838
6918,human,1,50,0,1.229662,1.265031,1.555560
6918,lm,0,98,0,2.492387,0.213282,0.531582
6920,human,0,128,0,1.331252,1.017645,1.354743
6920,human,1,55,0,1.297942,1.556692,2.020496
6920,lm,0,40,0,2.074965,0.357769,0.742357
6923,human,0,128,0,1.766424,0.394636,0.697094
6923,human,1,55,0,1.356191,0.867053,1.175889
6923,lm,0,113,0,2.467134,0.163157,0.402530
6924,human,0,128,0,1.506205,0.460100,0.693004
6924,human,1,34,0,1.196683,1.149697,1.375822
6924,lm,0,128,0,2.306458,0.259840,0.599311
6924,lm,1,6,0,1.216793,1.587786,1.932008
6926,human,0,59,0,1.214153,1.347087,1.635570
6926,lm,0,11,0,1.093081,1.767678,1.932215
6927,human,0,15,0,1.191762,1.431722,1.706272
6927,lm,0,28,0,1.554112,1.118236,1.737864
6928,human,0,33,0,1.285710,0.977056,1.256211
6928,lm,0,8,0,1.142115,1.663947,1.900418
6929,human,0,128,0,1.734036,0.362066,0.627836
6929,human,1,4,0,1.125387,1.603207,1.804228
6929,lm,0,128,0,2.608020,0.185076,0.482681
6929,lm,1,78,0,2.091848,0.362923,0.759179
6931,human,0,128,0,1.190188,0.845706,1.006549
6931,human,1,80,0,1.072894,1.113158,1.194300
6931,lm,0,128,0,1.526931,0.434099,0.662840
6931,lm,1,20,0,1.276611,1.459703,1.863473
6932,human,0,128,0,1.332597,0.885304,1.179753
6932,human,1,62,0,1.298895,1.155577,1.500973
6932,lm,0,128,0,1.802002,0.337661,0.608466
6932,lm,1,93,0,2.098997,0.341067,0.715900
6933,human,0,128,0,1.553221,0.708982,1.101206
6933,human,1,56,0,1.497134,0.871365,1.304550
6933,lm,0,10,0,1.387016,0.888184,1.231925
6934,human,0,49,0,1.254353,1.096520,1.375423
6934,lm,0,9,0,0.952351,5.874931,5.594995
6935,human,0,16,0,1.111497,1.408590,1.565644
6935,lm,0,6,0,1.025972,2.370403,2.431968
6937,human,0,128,0,1.428674,0.716416,1.023524
6937,human,1,12,0,1.041474,4.109124,4.279548
6937,lm,0,128,0,1.585461,0.594477,0.942520
6937,lm,1,31,0,1.251860,1.778273,2.226148
6940,human,0,51,0,1.135236,0.686255,0.779062
6940,lm,0,1,0,1.000000,6.188264,6.188264
6941,human,0,43,0,1.469809,0.751218,1.104146
6941,lm,0,32,0,1.427701,0.794162,1.133825
6945,human,0,92,0,1.674973,0.626624,1.049577
6945,lm,0,10,0,1.207186,2.099602,2.534611
6946,human,0,81,0,1.322047,0.937366,1.239242
6946,lm,0,128,0,1.427955,0.931052,1.329501
6946,lm,1,24,0,1.194861,1.765748,2.109825
6947,human,0,128,0,1.362987,0.675571,0.920795
6947,human,1,128,0,1.442667,1.077599,1.554616
6947,human,2,128,0,1.336464,1.044659,1.396149
6947,human,3,128,0,1.469086,0.973709,1.430463
6947,human,4,93,0,1.411187,0.960357,1.355244
6947,lm,0,128,0,2.056328,0.289089,0.594462
6947,lm,1,61,0,1.593345,0.586007,0.933712
6948,human,0,128,0,1.285330,1.153028,1.482022
6948,human,1,20,0,1.234613,3.080870,3.803681
6948,lm,0,10,0,1.008426,5.146919,5.190288
6949,human,0,98,0,1.297011,0.850018,1.102482
6949,lm,0,128,0,1.904917,0.465928,0.887555
6949,lm,1,27,0,1.426979,1.031981,1.472615
6950,human,0,72,0,1.680899,0.393030,0.660644
6950,lm,0,44,0,1.999050,0.552394,1.104263
6951,human,0,128,0,1.541938,0.556760,0.858490
6951,human,1,128,0,1.568653,0.674996,1.058835
6951,human,2,76,0,1.317990,1.014443,1.337026
6951,lm,0,47,0,1.650390,0.530606,0.875707
6952,human,0,84,0,1.356513,0.630127,0.854776
6952,lm,0,26,0,1.258795,1.287755,1.621020
6953,human,0,128,0,1.357007,0.665280,0.902789
6953,human,1,128,0,1.407162,0.553014,0.778180
6953,human,2,45,0,1.453808,1.170633,1.701875
6953,lm,0,128,0,2.678282,0.199967,0.535569
6953,lm,1,128,0,2.317086,0.209175,0.484676
6953,lm,2,128,0,2.114034,0.244732,0.517373
6953,lm,3,85,0,1.672643,0.488310,0.816768
6954,human,0,80,0,1.240671,0.828734,1.028186
6954,lm,0,10,0,1.109564,1.666382,1.848958
6955,human,0,33,0,1.215624,1.175038,1.428404
6955,lm,0,62,0,1.531454,0.515939,0.790137
6957,human,0,47,0,1.278778,0.870829,1.113597
6957,lm,0,117,0,1.922682,0.369407,0.710252
6959,human,0,17,0,1.228384,1.264297,1.553042
6959,lm,0,5,0,1.014483,1.932289,1.960273
696,human,0,38,0,1.370297,0.917578,1.257354
696,lm,0,33,0,1.443350,0.950201,1.371472
6960,human,0,107,0,1.380287,0.699604,0.965654
6960,lm,0,11,0,1.109193,1.973600,2.189102
6961,human,0,128,0,1.186818,1.241016,1.472859
6961,human,1,128,0,1.280743,1.043115,1.335962
6961,human,2,8,0,1.046932,2.368249,2.479395
6961,lm,0,66,0,1.580762,0.697513,1.102602
6962,human,0,128,0,1.436660,0.623260,0.895413
6962,human,1,128,0,1.205968,1.263708,1.523991
6962,human,2,128,0,1.294076,0.939070,1.215228
6962,human,3,128,0,1.238996,1.288078,1.595923
6962,human,4,54,0,1.186355,1.289911,1.530292
6962,lm,0,61,0,1.715449,0.508105,0.871628
6965,human,0,20,0,1.299286,0.751071,0.975856
6965,lm,0,11,0,1.239020,0.864139,1.070685
6966,human,0,86,0,1.534510,0.497165,0.762904
6966,lm,0,34,0,1.714513,0.330784,0.567133
6968,human,0,43,0,1.354224,0.639128,0.865523
6968,lm,0,11,0,1.483410,0.383174,0.568403
6969,human,0,34,0,1.384730,0.711777,0.985619
6969,lm,0,7,0,1.156453,0.914658,1.057759
697,human,0,128,0,1.188420,0.959137,1.139857
697,human,1,128,0,1.241295,1.177454,1.461567
697,human,2,128,0,1.310028,1.024993,1.342770
697,human,3,128,0,1.341207,0.869048,1.165573
697,human,4,2,0,1.032245,2.982041,3.078197
697,lm,0,128,0,1.807542,0.566067,1.023189
697,lm,1,128,0,1.600423,0.632422,1.012142
697,lm,2,93,0,1.327340,1.378790,1.830123
6971,human,0,72,0,1.606851,0.492003,0.790575
6971,lm,0,21,0,1.302503,0.472568,0.615521
6972,human,0,57,0,1.330233,0.871165,1.158852
6972,lm,0,18,0,1.364882,0.694957,0.948535
6974,human,0,33,0,1.344643,0.661290,0.889200
6974,lm,0,10,0,1.092088,2.073443,2.264381
6975,human,0,14,0,1.076440,1.952006,2.101217
6975,lm,0,87,0,1.887895,0.459007,0.866557
6976,human,0,88,0,1.483744,0.687696,1.020364
6976,lm,0,118,0,2.494869,0.233354,0.582188
6977,human,0,128,0,1.223237,1.258962,1.540009
6977,human,1,128,0,1.155146,1.925398,2.224115
6977,human,2,60,0,1.228568,1.382211,1.698141
6977,lm,0,87,0,1.788135,0.329335,0.588895
6979,human,0,128,0,1.214229,0.982876,1.193437
6979,human,1,128,0,1.148003,1.306337,1.499679
6979,human,2,118,0,1.151902,1.292590,1.488937
6979,lm,0,128,0,1.285854,1.018932,1.310197
6979,lm,1,1,0,nan,nan,nan
698,human,0,128,0,1.230395,0.743281,0.914529
698,human,1,80,0,1.184693,0.934555,1.107161
698,lm,0,128,0,1.591034,0.452117,0.719334
698,lm,1,101,0,1.431414,0.533686,0.763926
6980,human,0,32,0,1.363836,0.674171,0.919459
6980,lm,0,111,0,1.954798,0.296189,0.578990
6981,human,0,128,0,1.515036,0.575005,0.871153
6981,human,1,128,0,1.649708,0.487107,0.803584
6981,human,2,128,0,1.593254,0.816443,1.300800
6981,human,3,128,0,1.475336,0.570727,0.842014
6981,human,4,65,0,1.693675,0.608875,1.031235
6981,lm,0,37,0,1.418825,1.186033,1.682773
6982,human,0,128,0,1.513812,0.573503,0.868175
6982,human,1,128,0,1.407534,0.778098,1.095200
6982,human,2,113,0,1.389268,0.672400,0.934144
6982,lm,0,128,0,1.797952,0.315920,0.568009
6982,lm,1,128,0,1.511406,0.351605,0.531417
6982,lm,2,128,0,1.409451,0.394041,0.555381
6982,lm,3,128,0,1.544296,0.421834,0.651437
6982,lm,4,20,0,1.239511,1.992586,2.469832
6985,human,0,128,0,1.468090,0.571044,0.838345
6985,human,1,62,0,1.484547,0.944111,1.401578
6985,lm,0,32,0,1.395482,0.895137,1.249148
6986,human,0,128,0,1.193322,1.153183,1.376118
6986,human,1,128,0,1.287566,0.886780,1.141787
6986,human,2,128,0,1.147295,1.832416,2.102322
6986,human,3,64,0,1.031575,2.032458,2.096633
6986,lm,0,36,0,1.466518,0.551320,0.808521
6987,human,0,47,0,1.338885,1.037549,1.389158
6987,lm,0,17,0,1.173214,1.351914,1.586084
6988,human,0,128,0,1.265011,1.008644,1.275946
6988,human,1,10,0,1.108896,1.437242,1.593752
6988,lm,0,54,0,1.422386,0.731252,1.040122
6989,human,0,101,0,1.304033,0.773153,1.008217
6989,lm,0,128,0,1.503528,0.448943,0.674998
6989,lm,1,128,0,1.478297,0.457461,0.676263
6989,lm,2,92,0,1.352622,0.628501,0.850124
699,human,0,110,0,1.733882,0.529781,0.918577
699,lm,0,37,0,1.628118,0.703214,1.144915
6991,human,0,48,0,1.239753,1.210273,1.500440
6991,lm,0,12,0,1.084641,1.787162,1.938429
6993,human,0,128,0,1.397032,0.524931,0.733345
6993,human,1,128,0,1.280292,0.663731,0.849769
6993,human,2,128,0,1.253322,1.325382,1.661131
6993,human,3,128,0,1.228013,0.942199,1.157032
6993,human,4,128,0,1.145185,1.070689,1.226138
6993,human,5,19,0,1.054752,1.536647,1.620782
6993,lm,0,91,0,1.975800,0.363840,0.718875
6995,human,0,66,0,1.334190,0.703508,0.938613
6995,lm,0,12,0,1.121380,1.707106,1.914314
6996,human,0,128,0,1.409021,0.977071,1.376713
6996,human,1,118,0,1.252186,0.895161,1.120908
6996,lm,0,57,0,1.554138,0.782743,1.216490
6997,human,0,40,0,1.249253,0.682435,0.852534
6997,lm,0,22,0,1.477730,0.301939,0.446184
6999,human,0,128,0,1.355600,0.784644,1.063663
6999,human,1,24,0,1.420549,1.158072,1.645098
6999,lm,0,22,0,1.366405,1.434239,1.959751
70,human,0,58,0,1.596501,0.750156,1.197624
70,lm,0,47,0,1.805581,0.454972,0.821489
700,human,0,128,0,1.524055,0.711275,1.084022
700,human,1,128,0,1.438956,0.715127,1.029037
700,human,2,128,0,1.477141,0.666263,0.984165
700,human,3,107,0,1.464113,0.603182,0.883126
700,lm,0,128,0,1.939775,0.320880,0.622435
700,lm,1,128,0,1.999347,0.286269,0.572350
700,lm,2,128,0,1.782338,0.345432,0.615677
700,lm,3,51,0,1.363026,0.831198,1.132944
7000,human,0,128,0,1.332427,0.777913,1.036512
7000,human,1,10,0,1.040636,2.656850,2.764813
7000,lm,0,80,0,1.587079,0.580236,0.920881
701,human,0,52,0,1.490408,0.599797,0.893942
701,lm,0,31,0,1.579628,0.734159,1.159698
702,human,0,91,0,1.440245,0.775081,1.116307
702,lm,0,21,0,1.295670,1.382081,1.790721
704,human,0,128,0,1.200249,0.765123,0.918338
704,human,1,128,0,1.069371,1.737045,1.857545
704,human,2,100,0,1.015161,2.662995,2.703369
704,lm,0,16,0,1.295181,0.466535,0.604248
705,human,0,59,0,1.751571,0.328393,0.575203
705,lm,0,10,0,1.082263,2.112049,2.285792
706,human,0,35,0,1.098696,1.645667,1.808089
706,lm,0,19,0,1.292062,1.522573,1.967259
707,human,0,128,0,1.817800,0.234259,0.425836
707,human,1,101,0,1.729650,0.349259,0.604096
707,lm,0,11,0,1.180154,1.220876,1.440822
709,human,0,128,0,1.433774,0.625773,0.897218
709,human,1,81,0,1.306365,1.289333,1.684340
709,lm,0,86,0,1.451302,0.454189,0.659165
71,human,0,128,0,1.361835,0.445424,0.606594
71,human,1,128,0,1.281482,0.802971,1.028993
71,human,2,128,0,1.283358,0.702770,0.901906
71,human,3,128,0,1.253382,0.748710,0.938420
71,human,4,64,0,1.128051,1.461424,1.648561
71,lm,0,128,0,1.582457,0.505044,0.799210
71,lm,1,4,0,1.045608,2.169061,2.267987
710,human,0,128,0,1.371876,0.824319,1.130863
710,human,1,128,0,1.302812,1.255655,1.635882
710,human,2,128,0,1.312590,1.803216,2.366883
710,human,3,16,0,1.141601,2.371350,2.707135
710,lm,0,128,0,1.983045,0.328000,0.650439
710,lm,1,22,0,1.276859,1.142974,1.459417
712,human,0,128,0,1.346519,0.855392,1.151802
712,human,1,48,0,1.150332,2.012697,2.315269
712,lm,0,10,0,1.329410,1.261506,1.677060
713,human,0,67,0,1.351798,0.762296,1.030470
713,lm,0,95,0,1.752161,0.293219,0.513766
714,human,0,54,0,1.964339,0.429105,0.842908
714,lm,0,33,0,1.579263,0.849263,1.341210
717,human,0,128,0,1.303714,1.307424,1.704508
717,human,1,128,0,1.242439,1.343435,1.669135
717,human,2,128,0,1.239215,1.115283,1.382075
717,human,3,21,0,1.074368,2.639482,2.835776
717,lm,0,71,0,1.561493,0.691567,1.079877
718,human,0,53,0,1.494690,0.541955,0.810054
718,lm,0,12,0,1.268296,1.275208,1.617341
719,human,0,128,0,1.433756,0.628665,0.901352
719,human,1,39,0,1.528546,1.643240,2.511768
719,lm,0,30,0,1.341593,0.878233,1.178231
72,human,0,25,0,1.092166,2.086711,2.279035
72,lm,0,128,0,1.888474,0.679193,1.282638
72,lm,1,74,0,1.771831,0.796592,1.411426
720,human,0,40,0,1.377363,1.105700,1.522950
720,lm,0,46,0,1.532181,0.946569,1.450315
721,human,0,128,0,1.180848,1.242345,1.467021
721,human,1,106,0,1.276303,1.090825,1.392223
721,lm,0,128,0,1.307780,0.979147,1.280509
721,lm,1,8,0,1.034037,2.035419,2.104699
723,human,0,24,0,1.237066,1.105523,1.367604
723,lm,0,11,0,1.116218,2.415281,2.695979
724,human,0,128,0,1.306469,1.001292,1.308158
724,human,1,32,0,1.130575,2.624376,2.967052
724,lm,0,35,0,1.545416,0.550302,0.850445
726,human,0,120,0,1.261911,0.927383,1.170274
726,lm,0,9,0,1.040015,1.914941,1.991567
728,human,0,21,0,1.295227,1.437366,1.861715
728,lm,0,72,0,1.527208,0.596481,0.910951
729,human,0,76,0,1.591394,0.560784,0.892428
729,lm,0,16,0,1.355156,0.934104,1.265857
73,human,0,87,0,1.334647,0.665383,0.888052
73,lm,0,18,0,1.606015,0.625367,1.004350
732,human,0,24,0,1.176744,0.953102,1.121557
732,lm,0,12,0,1.142309,1.269004,1.449594
733,human,0,128,0,1.204290,1.203734,1.449645
733,human,1,60,0,1.208376,1.461731,1.766322
733,lm,0,10,0,1.155128,1.798470,2.077464
734,human,0,70,0,1.233515,0.810457,0.999711
734,lm,0,10,0,1.241168,1.629843,2.022909
735,human,0,74,0,1.360448,1.295653,1.762669
735,lm,0,82,0,1.652528,0.405775,0.670555
736,human,0,11,0,1.106211,1.370572,1.516141
736,lm,0,85,0,2.020757,0.280792,0.567413
737,human,0,94,0,1.295616,0.997332,1.292159
737,lm,0,10,0,1.086664,1.744568,1.895760
738,human,0,128,0,1.519212,0.532406,0.808838
738,lm,0,106,0,1.567337,0.659292,1.033334
739,human,0,128,0,1.422313,0.668771,0.951202
739,human,1,17,0,1.157737,1.379443,1.597032
739,lm,0,10,0,1.113356,1.672362,1.861933
74,human,0,43,0,1.534191,0.733963,1.126039
74,lm,0,30,0,1.793927,0.644915,1.156930
740,human,0,38,0,1.122100,1.627811,1.826566
740,lm,0,35,0,1.413484,1.031519,1.458035
741,human,0,128,0,1.284566,1.154765,1.483372
741,human,1,117,0,1.478781,0.536659,0.793601
741,lm,0,115,0,1.656903,0.591525,0.980100
742,human,0,128,0,1.270403,1.058939,1.345279
742,human,1,21,0,1.131283,2.168225,2.452877
742,lm,0,12,0,1.181523,1.127085,1.331678
743,human,0,128,0,1.314173,0.849531,1.116430
743,human,1,128,0,1.260415,1.127201,1.420742
743,human,2,119,0,1.367818,1.071637,1.465805
743,lm,0,72,0,1.647469,0.362043,0.596455
745,human,0,54,0,1.150084,1.061857,1.221225
745,lm,0,69,0,1.367976,0.392901,0.537480
747,human,0,128,0,1.744109,0.410879,0.716618
747,human,1,128,0,1.330430,0.820270,1.091311
747,human,2,100,0,1.404126,0.826081,1.159922
747,lm,0,128,0,1.533025,0.735720,1.127878
747,lm,1,65,0,1.252051,0.615260,0.770337
748,human,0,46,0,1.481772,1.077766,1.597004
748,lm,0,9,0,1.095433,1.198666,1.313058
749,human,0,42,0,1.469213,0.439244,0.645343
749,lm,0,31,0,1.719345,0.635945,1.093410
751,human,0,105,0,1.585121,0.814103,1.290452
751,lm,0,43,0,1.586413,0.689619,1.094020
753,human,0,128,0,1.510648,0.668483,1.009843
753,human,1,28,0,1.235475,1.749625,2.161618
753,lm,0,28,0,1.545518,0.656244,1.014237
754,human,0,128,0,1.203313,0.980235,1.179530
754,human,1,128,0,1.262427,0.919803,1.161185
754,human,2,128,0,1.189306,1.118913,1.330730
754,human,3,128,0,1.125818,1.848692,2.081290
754,human,4,19,0,1.166900,1.682643,1.963475
754,lm,0,50,0,1.309540,1.033293,1.353138
757,human,0,54,0,1.424042,0.944783,1.345411
757,lm,0,11,0,1.255042,1.257327,1.577999
758,human,0,109,0,1.425680,0.795387,1.133967
758,lm,0,96,0,1.693920,0.810329,1.372632
759,human,0,34,0,1.217990,1.158420,1.410944
759,lm,0,45,0,1.403567,0.836220,1.173691
76,human,0,19,0,1.170126,1.044232,1.221882
76,lm,0,42,0,1.654076,0.339455,0.561484
760,human,0,104,0,1.345702,0.636733,0.856853
760,lm,0,7,0,1.119233,1.769080,1.980013
761,human,0,47,0,1.293764,1.046488,1.353909
761,lm,0,45,0,1.476258,0.781223,1.153286
766,human,0,93,0,1.189669,0.911762,1.084695
766,lm,0,63,0,1.649822,0.407567,0.672412
767,human,0,128,0,1.262296,1.047306,1.322010
767,human,1,128,0,1.345547,1.107833,1.490641
767,human,2,128,0,1.225591,1.424250,1.745548
767,human,3,128,0,1.251869,1.466793,1.836232
767,human,4,128,0,1.290931,0.970706,1.253115
767,human,5,128,0,1.318069,0.840957,1.108439
767,human,6,128,0,1.241519,1.089719,1.352907
767,human,7,79,0,1.465099,0.896836,1.313954
767,lm,0,97,0,2.037691,0.063827,0.130060
768,human,0,37,0,1.195429,0.993356,1.187487
769,human,0,128,0,1.750039,0.606453,1.061316
769,human,1,46,0,1.271784,1.835981,2.334972
769,lm,0,34,0,1.548126,0.644294,0.997448
77,human,0,73,0,1.663795,0.509987,0.848513
77,lm,0,70,0,1.970151,0.484923,0.955372
771,human,0,128,0,1.341129,0.634718,0.851238
771,human,1,128,0,1.255010,1.365213,1.713356
771,human,2,36,0,1.113491,1.905462,2.121714
771,lm,0,125,0,1.613894,0.509791,0.822749
772,human,0,128,0,1.299169,1.103216,1.433265
772,human,1,128,0,1.378552,1.175642,1.620682
772,human,2,120,0,1.291506,1.295865,1.673616
772,lm,0,17,0,1.248504,1.100755,1.374297
773,human,0,128,0,1.386066,1.050282,1.455760
773,human,1,80,0,1.214626,1.428627,1.735247
773,lm,0,33,0,1.634205,0.635720,1.038898
774,human,0,128,0,1.316325,0.701212,0.923023
774,human,1,80,0,1.382061,0.535561,0.740179
774,lm,0,55,0,1.450075,0.345318,0.500737
775,human,0,84,0,1.419035,0.839460,1.191223
775,lm,0,40,0,1.488500,0.871918,1.297850
777,human,0,128,0,1.385349,0.976633,1.352978
777,human,1,37,0,1.149738,1.996838,2.295841
777,lm,0,14,0,1.193363,1.344077,1.603972
778,human,0,55,0,1.182805,0.902968,1.068035
778,lm,0,9,0,0.987003,5.874931,5.798577
78,human,0,75,0,1.840275,0.334858,0.616230
78,lm,0,54,0,1.680608,0.403502,0.678128
780,human,0,105,0,1.716636,0.493203,0.846651
780,lm,0,128,0,1.916634,0.420318,0.805596
780,lm,1,49,0,1.357538,0.867168,1.177212
781,human,0,24,0,1.149300,1.100555,1.264867
781,lm,0,19,0,1.176298,1.677299,1.973004
782,human,0,63,0,1.583000,0.901900,1.427708
782,lm,0,31,0,1.337124,0.889495,1.189364
783,human,0,100,0,1.431527,0.645886,0.924604
783,lm,0,128,0,2.312189,0.272662,0.630445
783,lm,1,90,0,1.882352,0.240804,0.453277
784,human,0,128,0,1.294253,0.978130,1.265947
784,human,1,128,0,1.292440,0.918210,1.186731
784,human,2,15,0,1.291666,1.543215,1.993319
784,lm,0,13,0,1.211330,0.632583,0.766267
785,human,0,128,0,1.596856,0.489846,0.782213
785,human,1,95,0,1.468875,0.894638,1.314111
785,lm,0,128,0,2.133597,0.319453,0.681584
785,lm,1,72,0,1.889408,0.455323,0.860292
786,human,0,95,0,1.568363,0.632789,0.992443
787,human,0,128,0,1.529439,0.728002,1.113435
787,human,1,47,0,1.294805,0.836649,1.083298
787,lm,0,35,0,1.303235,0.764165,0.995887
789,human,0,128,0,1.543634,0.730136,1.127062
789,human,1,128,0,1.558185,0.548889,0.855272
789,human,2,128,0,1.378406,0.928084,1.279277
789,human,3,128,0,1.650458,0.562074,0.927680
789,human,4,99,0,1.599411,0.649026,1.038059
789,lm,0,128,0,2.025325,0.441152,0.893476
789,lm,1,128,0,1.438842,0.780453,1.122949
789,lm,2,128,0,1.409413,0.948434,1.336735
789,lm,3,11,0,1.159150,1.259938,1.460456
79,human,0,84,0,1.489988,0.509149,0.758627
79,lm,0,6,0,1.110950,2.793498,3.103435
791,human,0,128,0,1.404865,0.971792,1.365238
791,human,1,128,0,1.205705,1.871118,2.256016
791,human,2,128,0,1.196342,1.669726,1.997562
791,human,3,42,0,1.239464,1.842202,2.283343
791,lm,0,36,0,1.496278,0.940221,1.406832
792,human,0,44,0,1.390069,0.647775,0.900452
792,lm,0,33,0,1.456116,0.712192,1.037034
793,human,0,27,0,1.237294,1.160357,1.435703
793,lm,0,12,0,1.134119,1.573631,1.784685
796,human,0,24,0,1.522739,0.490994,0.747656
796,lm,0,24,0,1.474479,0.490994,0.723961
797,human,0,128,0,1.281182,1.006798,1.289891
797,human,1,98,0,1.368258,0.760904,1.041113
797,lm,0,22,0,1.467844,0.704888,1.034666
799,human,0,77,0,1.378466,0.700210,0.965215
799,lm,0,5,0,1.029652,1.655435,1.704522
8,human,0,47,0,1.249043,0.943877,1.178943
8,lm,0,45,0,1.677757,0.677618,1.136879
800,human,0,13,0,1.174829,0.872568,1.025118
800,lm,0,14,0,1.156630,1.735849,2.007735
802,human,0,105,0,1.155989,0.785283,0.907779
802,lm,0,21,0,1.088890,1.943338,2.116081
806,human,0,87,0,1.476858,0.956895,1.413197
806,lm,0,68,0,1.492491,0.896073,1.337381
807,human,0,24,0,1.995886,0.487984,0.973961
807,lm,0,18,0,2.028338,0.469529,0.952364
808,human,0,34,0,1.219715,1.546799,1.886653
808,lm,0,40,0,1.441910,0.908887,1.310533
81,human,0,82,0,1.426619,0.733404,1.046288
81,lm,0,14,0,1.371404,0.567510,0.778285
810,human,0,128,0,1.381258,0.684784,0.945864
810,human,1,128,0,1.320796,0.934890,1.234799
810,human,2,65,0,1.359631,1.009361,1.372358
810,lm,0,30,0,1.385217,0.769605,1.066070
814,human,0,74,0,1.223905,0.905818,1.108636
814,lm,0,52,0,1.490978,0.628281,0.936754
817,human,0,122,0,1.330131,0.737358,0.980783
817,lm,0,66,0,2.099865,0.305763,0.642062
818,human,0,117,0,1.569861,0.399884,0.627763
818,lm,0,39,0,1.637060,0.612251,1.002291
82,human,0,56,0,1.448135,0.606879,0.878843
82,lm,0,69,0,1.661013,0.289803,0.481366
820,human,0,30,0,1.131646,1.662264,1.881094
820,lm,0,72,0,1.816696,0.396001,0.719414
821,human,0,128,0,1.337876,0.552229,0.738813
821,human,1,128,0,1.332516,0.449811,0.599381
821,human,2,10,0,1.117920,2.463401,2.753885
821,lm,0,128,0,1.897339,0.230959,0.438208
824,human,0,65,0,1.526148,0.586021,0.894355
825,human,0,75,0,1.298458,1.067762,1.386444
825,lm,0,44,0,1.659124,0.807898,1.340403
827,human,0,128,0,1.777228,0.431524,0.766916
827,human,1,62,0,1.497252,1.394429,2.087812
827,lm,0,10,0,1.230203,1.141365,1.404111
829,human,0,20,0,1.080020,1.991449,2.150805
829,lm,0,22,0,1.173501,1.200178,1.408410
83,human,0,93,0,1.380516,0.751668,1.037689
83,lm,0,97,0,1.946515,0.388234,0.755703
831,human,0,74,0,1.464719,1.121934,1.643318
831,lm,0,25,0,1.384807,1.086105,1.504046
832,human,0,20,0,1.061775,1.838241,1.951797
832,lm,0,8,0,1.044938,2.707172,2.828827
833,human,0,57,0,1.433761,0.467487,0.670264
833,lm,0,6,0,1.138737,1.592454,1.813387
834,human,0,128,0,1.460991,0.980426,1.432394
834,human,1,128,0,1.202966,0.948767,1.141334
834,human,2,128,0,1.182004,1.452222,1.716532
834,human,3,115,0,1.149477,1.257674,1.445667
834,lm,0,9,0,1.095289,1.539964,1.686706
835,human,0,128,0,1.241533,1.098499,1.363822
835,human,1,61,0,1.265949,0.943444,1.194352
835,lm,0,11,0,1.197933,1.361536,1.631028
837,human,0,53,0,1.661981,0.693780,1.153050
837,lm,0,29,0,1.801494,0.715456,1.288889
838,human,0,32,0,1.191419,1.191737,1.419858
838,lm,0,18,0,1.246787,0.793769,0.989660
839,human,0,128,0,1.356646,0.614032,0.833024
839,human,1,128,0,1.330463,0.608001,0.808923
839,human,2,107,0,1.213192,0.850453,1.031763
839,lm,0,128,0,1.665311,0.406552,0.677035
839,lm,1,55,0,1.375127,0.800550,1.100858
840,human,0,52,0,1.271370,1.094944,1.392079
840,lm,0,128,0,1.773042,0.458316,0.812613
840,lm,1,67,0,1.975321,0.502923,0.993433
841,human,0,128,0,1.242776,1.084812,1.348178
841,human,1,128,0,1.281254,1.131800,1.450123
841,human,2,79,0,1.134318,1.701765,1.930343
841,lm,0,19,0,1.334646,1.029703,1.374289
842,human,0,50,0,1.436034,0.882394,1.267148
842,lm,0,109,0,2.236297,0.357911,0.800396
843,human,0,113,0,1.486453,0.814126,1.210161
843,lm,0,69,0,1.472931,0.858719,1.264834
844,human,0,44,0,1.253283,1.049533,1.315361
844,lm,0,20,0,1.258814,0.991884,1.248598
845,human,0,48,0,1.362700,0.570310,0.777162
846,human,0,29,0,1.420574,0.635278,0.902459
846,lm,0,17,0,1.259567,0.986226,1.242219
848,human,0,128,0,1.399167,0.759348,1.062455
848,human,1,128,0,1.070135,1.663050,1.779688
848,human,2,40,0,1.167536,2.214012,2.584939
848,lm,0,47,0,1.292580,0.873924,1.129616
85,human,0,72,0,1.263444,1.149024,1.451727
85,lm,0,19,0,1.149059,1.015899,1.167328
850,human,0,41,0,1.401615,0.398795,0.558956
850,lm,0,48,0,1.582179,0.525132,0.830853
851,human,0,84,0,1.274618,0.743834,0.948104
851,lm,0,8,0,1.093692,2.275938,2.489176
852,human,0,128,0,1.614412,0.390837,0.630971
852,human,1,23,0,1.236222,1.140912,1.410421
852,lm,0,102,0,1.942337,0.357689,0.694753
853,human,0,128,0,1.528287,0.410957,0.628059
853,human,1,128,0,1.322434,0.980350,1.296447
853,human,2,24,0,1.057818,2.475471,2.618599
853,lm,0,128,0,2.361108,0.198000,0.467500
853,lm,1,118,0,1.713871,0.581811,0.997150
854,human,0,128,0,1.544577,0.746059,1.152345
854,human,1,83,0,1.352332,0.840798,1.137038
854,lm,0,120,0,1.998776,0.411172,0.821841
857,human,0,128,0,1.580896,0.533986,0.844176
857,human,1,1,0,1.000000,0.358352,0.358352
857,lm,0,10,0,1.111280,2.440597,2.712187
858,human,0,121,0,1.335543,1.060594,1.416468
858,lm,0,10,0,1.184884,2.870228,3.400888
859,human,0,35,0,1.425494,0.852634,1.215425
859,lm,0,53,0,1.800788,0.657456,1.183939
86,human,0,128,0,1.246468,1.079000,1.344939
86,human,1,4,0,1.003840,2.317902,2.326802
86,lm,0,11,0,1.062917,1.693191,1.799721
860,human,0,128,0,1.227779,0.905486,1.111737
860,human,1,128,0,1.443339,0.593352,0.856408
860,human,2,31,0,1.293649,1.120222,1.449173
860,lm,0,98,0,1.771548,0.373709,0.662043
861,human,0,40,0,1.357795,1.125588,1.528317
861,lm,0,11,0,1.025208,3.129517,3.208404
863,human,0,128,0,1.243603,1.065078,1.324534
863,human,1,128,0,1.266740,1.169356,1.481269
863,human,2,128,0,1.215648,1.674470,2.035566
863,human,3,119,0,1.303264,1.153658,1.503522
863,lm,0,22,0,1.169135,1.350692,1.579141
864,human,0,34,0,1.437082,0.788307,1.132862
864,lm,0,11,0,1.125033,2.425691,2.728982
865,human,0,62,0,1.370230,0.818725,1.121841
865,lm,0,43,0,1.260982,0.917655,1.157146
866,human,0,124,0,1.606340,0.463935,0.745238
866,lm,0,50,0,2.037106,0.274224,0.558624
867,human,0,47,0,1.589606,0.624647,0.992943
867,lm,0,49,0,1.874143,0.435469,0.816130
869,human,0,66,0,1.276050,0.669155,0.853876
869,lm,0,13,0,1.158871,0.830977,0.962995
87,human,0,128,0,1.796952,0.345150,0.620218
87,human,1,121,0,1.401000,0.549034,0.769196
87,lm,0,123,0,1.992499,0.251072,0.500261
871,human,0,128,0,1.212041,1.105893,1.340388
871,human,1,128,0,1.157638,1.641630,1.900413
871,human,2,128,0,1.550354,0.887804,1.376410
871,human,3,122,0,1.324746,1.025915,1.359077
872,human,0,128,0,1.218262,1.086984,1.324231
872,human,1,128,0,1.363254,0.759457,1.035333
872,human,2,77,0,1.240958,1.065735,1.322532
872,lm,0,59,0,2.165941,0.293028,0.634680
875,human,0,94,0,2.247407,0.282367,0.634593
875,lm,0,10,0,1.105500,2.189823,2.420848
876,human,0,128,0,1.181674,1.290365,1.524791
876,human,1,88,0,1.269523,1.094083,1.388963
876,lm,0,10,0,1.074323,2.760310,2.965464
877,human,0,52,0,1.528154,0.577095,0.881891
877,lm,0,29,0,1.769396,0.608867,1.077327
879,human,0,49,0,1.258220,1.445256,1.818450
879,lm,0,9,0,1.075277,1.635077,1.758160
881,human,0,128,0,1.460479,0.450541,0.658006
881,human,1,128,0,1.426117,0.402107,0.573451
881,human,2,51,0,1.405546,0.589217,0.828172
881,lm,0,48,0,1.373434,1.021957,1.403590
882,human,0,128,0,1.385776,0.809688,1.122047
882,human,1,128,0,1.272017,1.117696,1.421729
882,human,2,128,0,1.197721,1.372573,1.643959
882,human,3,128,0,1.350391,1.121427,1.514365
882,human,4,128,0,1.218505,1.518429,1.850214
882,human,5,41,0,1.133831,1.634457,1.853198
882,lm,0,62,0,1.789104,0.382199,0.683794
884,human,0,45,0,1.221538,0.836874,1.022273
884,lm,0,31,0,1.334072,1.017327,1.357188
886,human,0,59,0,1.547823,0.595560,0.921821
886,lm,0,76,0,1.972806,0.435268,0.858699
887,human,0,116,0,1.341157,0.912392,1.223661
887,lm,0,128,0,2.011751,0.406999,0.818782
887,lm,1,14,0,1.139381,1.593512,1.815617
89,human,0,128,0,1.144313,1.250912,1.431436
89,human,1,128,0,0.957989,2.559099,2.451589
89,human,2,128,0,1.090369,1.891797,2.062756
89,human,3,128,0,1.079567,1.405112,1.516913
89,human,4,21,0,1.027305,2.254614,2.316177
89,lm,0,38,0,1.352983,1.020745,1.381051
890,human,0,57,0,1.236215,1.437337,1.776858
890,lm,0,32,0,1.281584,1.126543,1.443759
893,human,0,45,0,1.576868,0.742664,1.171083
893,lm,0,34,0,1.577141,0.551822,0.870301
894,human,0,33,0,1.296883,0.814884,1.056809
894,lm,0,32,0,1.441782,0.596528,0.860064
895,human,0,72,0,1.705944,0.614597,1.048468
895,lm,0,109,0,1.644355,0.538994,0.886297
896,human,0,80,0,1.371237,1.025908,1.406763
896,lm,0,56,0,1.543920,0.812678,1.254711
897,human,0,52,0,1.284230,0.806522,1.035759
897,lm,0,67,0,1.492593,0.365958,0.546226
90,human,0,84,0,1.810051,0.374664,0.678160
90,lm,0,25,0,1.255248,0.900225,1.130006
901,human,0,128,0,1.311190,1.340190,1.757244
901,human,1,11,0,1.394059,1.960373,2.732877
901,lm,0,12,0,1.122903,3.096455,3.477020
903,human,0,118,0,1.494825,0.854155,1.276812
903,lm,0,113,0,2.035169,0.443095,0.901773
904,human,0,64,0,1.429991,0.454217,0.649526
904,lm,0,9,0,1.084485,1.317097,1.428372
905,human,0,128,0,1.265238,0.895807,1.133410
905,human,1,2,0,nan,0.000000,0.428531
905,lm,0,128,0,1.869715,0.322611,0.603190
905,lm,1,64,0,1.577231,0.667041,1.052078
906,human,0,128,0,1.449024,0.680030,0.985379
906,human,1,16,0,1.215249,1.502032,1.825343
906,lm,0,126,0,2.228958,0.221442,0.493585
907,human,0,40,0,1.483732,1.005340,1.491655
907,lm,0,40,0,1.470363,1.005340,1.478214
908,human,0,63,0,1.179731,0.814642,0.961059
908,lm,0,10,0,1.138018,1.619407,1.842914
91,human,0,74,0,1.254283,1.174963,1.473736
91,lm,0,37,0,1.452628,0.780545,1.133841
914,human,0,128,0,1.208455,0.840584,1.015808
914,human,1,128,0,1.157651,1.342727,1.554410
914,human,2,128,0,1.260128,0.616962,0.777451
914,human,3,108,0,1.285805,0.670960,0.862724
914,lm,0,84,0,1.723771,0.486516,0.838642
916,human,0,128,0,1.192732,1.414479,1.687095
916,human,1,128,0,1.180457,1.513368,1.786465
916,human,2,128,0,1.061082,2.295406,2.435612
916,human,3,128,0,1.101135,1.694820,1.866225
916,human,4,128,0,1.098187,1.764238,1.937463
916,human,5,128,0,1.151122,1.655685,1.905894
916,human,6,128,0,1.062923,2.311284,2.456718
916,human,7,128,0,1.102070,2.348308,2.588001
916,human,8,53,0,1.178777,2.366486,2.789559
916,lm,0,55,0,1.586925,0.646467,1.025894
917,human,0,14,0,1.055723,1.719786,1.815618
917,lm,0,10,0,1.103448,2.060487,2.273640
918,human,0,128,0,1.610630,0.829591,1.336165
918,human,1,11,0,1.137388,2.211318,2.515127
918,lm,0,36,0,1.769921,0.675148,1.194960
919,human,0,43,0,1.358000,0.598958,0.813386
919,lm,0,6,0,1.069832,2.033383,2.175378
920,human,0,24,0,1.220867,1.095229,1.337129
920,lm,0,7,0,1.137192,1.740255,1.979004
921,human,0,128,0,1.344287,0.873068,1.173654
921,human,1,116,0,1.373651,0.682168,0.937061
921,lm,0,81,0,1.880400,0.335260,0.630422
922,human,0,32,0,1.293251,0.902484,1.167138
922,lm,0,11,0,1.188325,0.890436,1.058128
924,human,0,67,0,1.360964,0.908673,1.236671
924,lm,0,101,0,1.601234,0.748119,1.197913
925,human,0,128,0,1.451260,0.648013,0.940435
925,human,1,64,0,1.221512,1.715592,2.095616
925,lm,0,10,0,1.062301,3.206040,3.405778
926,human,0,64,0,1.370204,0.642745,0.880691
926,lm,0,47,0,1.386802,1.304144,1.808590
927,human,0,128,0,1.759877,0.266798,0.469531
927,human,1,128,0,2.119258,0.177575,0.376327
927,human,2,88,0,1.587026,0.374088,0.593688
927,lm,0,119,0,1.989582,0.210282,0.418374
928,human,0,24,0,1.123816,1.486899,1.671001
928,lm,0,51,0,1.350666,0.808663,1.092234
929,human,0,128,0,2.068557,0.227404,0.470399
929,human,1,128,0,1.765263,0.356850,0.629934
929,human,2,128,0,1.642334,1.024465,1.682514
929,human,3,128,0,1.237630,0.523651,0.648086
929,human,4,128,0,1.491277,1.192843,1.778859
929,human,5,128,0,1.232580,1.067462,1.315732
929,human,6,128,0,1.235458,0.878575,1.085442
929,human,7,128,0,1.131499,1.670965,1.890696
929,human,8,128,0,1.138339,1.584609,1.803822
929,human,9,128,0,1.294759,1.148208,1.486653
929,human,10,69,0,1.265565,1.055293,1.335542
929,lm,0,128,0,2.470425,0.195846,0.483824
929,lm,1,111,0,2.201910,0.214161,0.471563
93,human,0,48,0,1.281908,1.271047,1.629366
93,lm,0,50,0,1.384469,0.949136,1.314049
930,human,0,128,0,1.194783,0.815340,0.974155
930,human,1,63,0,1.291463,0.753878,0.973606
930,lm,0,78,0,1.328450,0.873118,1.159894
933,human,0,128,0,1.536182,0.511039,0.785049
933,human,1,128,0,1.464728,0.437635,0.641017
933,human,2,128,0,1.500391,0.398497,0.597901
933,human,3,40,0,1.299998,0.831116,1.080449
933,lm,0,41,0,1.447709,0.569939,0.825105
937,human,0,54,0,1.224465,0.981558,1.201884
937,lm,0,33,0,1.200942,1.049821,1.260774
939,human,0,128,0,1.369630,0.665280,0.911187
939,human,1,128,0,1.400081,0.553014,0.774264
939,human,2,45,0,1.432725,1.170633,1.677196
939,lm,0,128,0,2.664207,0.206141,0.549202
939,lm,1,128,0,2.228739,0.210465,0.469072
939,lm,2,128,0,2.448539,0.193115,0.472849
939,lm,3,128,0,2.252592,0.211702,0.476877
939,lm,4,128,0,1.914038,0.263062,0.503511
939,lm,5,3,0,1.112450,3.583519,3.986486
94,human,0,128,0,1.430924,0.841729,1.204451
94,human,1,55,0,1.262822,1.565335,1.976740
94,lm,0,52,0,1.340382,1.002320,1.343492
942,human,0,128,0,1.300005,0.858567,1.116142
942,human,1,88,0,1.363381,0.615103,0.838620
942,lm,0,79,0,1.596029,0.479322,0.765012
944,human,0,47,0,1.426710,0.619860,0.884360
944,lm,0,26,0,1.382618,1.110748,1.535740
945,human,0,60,0,1.611028,0.430141,0.692969
945,lm,0,24,0,1.797656,0.485264,0.872338
946,human,0,91,0,1.554337,0.743534,1.155703
946,lm,0,34,0,1.468348,0.656413,0.963843
947,human,0,128,0,1.339130,0.924169,1.237583
947,human,1,128,0,1.397976,0.607062,0.848657
947,human,2,128,0,1.721225,0.438880,0.755412
947,human,3,128,0,1.583954,0.423494,0.670796
947,human,4,43,0,1.581812,0.864548,1.367553
947,lm,0,61,0,1.883174,0.617536,1.162927
949,human,0,128,0,1.281426,0.834305,1.069100
949,human,1,128,0,1.268094,0.812714,1.030598
949,human,2,128,0,1.353428,0.699218,0.946341
949,human,3,128,0,1.309777,0.686439,0.899082
949,human,4,128,0,1.251518,0.968601,1.212221
949,human,5,121,0,1.279301,1.081048,1.382986
949,lm,0,128,0,1.417841,0.529264,0.750411
949,lm,1,9,0,1.025135,2.054046,2.105675
95,human,0,39,0,1.261131,1.215340,1.532703
95,lm,0,10,0,1.114913,1.919449,2.140019
950,human,0,28,0,1.648585,0.442863,0.730098
950,lm,0,47,0,1.973775,0.248823,0.491121
952,human,0,66,0,1.140861,1.402640,1.600217
952,lm,0,9,0,0.966031,5.874931,5.675367
953,human,0,59,0,1.381192,0.575948,0.795495
953,lm,0,32,0,1.263992,0.699950,0.884730
955,human,0,128,0,1.306706,0.949494,1.240710
955,human,1,128,0,1.307864,0.661445,0.865080
955,human,2,128,0,1.223723,1.028587,1.258705
955,human,3,105,0,1.751873,0.423113,0.741240
955,lm,0,58,0,1.647495,0.696231,1.147037
96,human,0,128,0,1.212855,1.078948,1.308607
96,human,1,68,0,1.191014,2.273483,2.707750
96,lm,0,82,0,1.822118,0.434711,0.792094
960,human,0,128,0,1.329373,1.036990,1.378547
960,human,1,13,0,1.078333,1.839214,1.983285
960,lm,0,49,0,1.657934,0.545050,0.903657
961,human,0,116,0,1.841698,0.394481,0.726515
961,lm,0,12,0,1.086400,1.318002,1.431877
965,human,0,128,0,1.384837,0.691345,0.957400
965,human,1,128,0,1.264136,1.013704,1.281460
965,human,2,128,0,1.320870,0.971540,1.283278
965,human,3,128,0,1.302562,0.988085,1.287042
965,human,4,128,0,1.213780,1.376634,1.670931
965,human,5,128,0,1.177069,0.954105,1.123048
965,human,6,18,0,1.053706,1.291992,1.361380
965,lm,0,24,0,1.209524,1.308246,1.582354
966,human,0,27,0,1.224289,1.318394,1.614095
966,lm,0,32,0,1.309647,1.050818,1.376200
968,human,0,128,0,1.331856,0.779063,1.037600
968,human,1,20,0,1.380757,1.052496,1.453241
968,lm,0,7,0,1.189323,0.373447,0.444149
969,human,0,128,0,1.198247,1.416763,1.697632
969,human,1,14,0,1.044812,2.302769,2.405961
969,lm,0,20,0,1.191711,1.632260,1.945183
97,human,0,77,0,1.871585,0.634201,1.186961
97,lm,0,11,0,1.289965,1.166760,1.505080
970,human,0,128,0,1.419687,0.743879,1.056076
970,human,1,24,0,1.291637,1.786967,2.308112
970,lm,0,128,0,1.874919,0.288753,0.541388
970,lm,1,122,0,1.969701,0.415490,0.818391
972,human,0,76,0,1.308415,1.336022,1.748070
972,lm,0,44,0,1.309012,1.054251,1.380027
973,human,0,27,0,1.264697,1.266102,1.601235
973,lm,0,10,0,1.089984,2.759435,3.007739
975,human,0,52,0,1.228182,0.856750,1.052245
975,lm,0,47,0,1.235430,1.185334,1.464398
977,human,0,61,0,1.323505,0.975129,1.290589
977,lm,0,46,0,1.520688,0.754757,1.147750
978,human,0,89,0,1.544467,0.482297,0.744892
978,lm,0,10,0,1.117368,2.238263,2.500963
98,human,0,104,0,1.275130,0.751901,0.958771
98,lm,0,36,0,1.368329,0.680650,0.931353
980,human,0,101,0,1.490067,0.564994,0.841879
980,lm,0,77,0,1.409054,1.459058,2.055892
981,human,0,128,0,1.520288,0.551580,0.838561
981,human,1,17,0,1.277071,2.190000,2.796786
981,lm,0,52,0,1.550429,0.601806,0.933057
982,human,0,76,0,1.407701,0.426129,0.599862
982,lm,0,44,0,1.553466,0.652812,1.014121
987,human,0,94,0,1.657986,0.431772,0.715872
987,lm,0,86,0,1.537321,0.387714,0.596042
988,human,0,97,0,1.354897,0.712470,0.965324
988,lm,0,75,0,1.760939,0.330729,0.582393
989,human,0,128,0,1.383122,0.867566,1.199949
989,human,1,37,0,1.294042,1.546173,2.000812
989,lm,0,58,0,1.589991,0.712641,1.133093
99,human,0,128,0,1.348025,1.016473,1.370231
99,human,1,128,0,1.337622,1.177759,1.575397
99,human,2,50,0,1.252322,1.485802,1.860703
99,lm,0,50,0,1.836316,0.304835,0.559773
990,human,0,42,0,1.530552,0.866984,1.326964
990,lm,0,46,0,1.736091,0.412778,0.716620
992,human,0,27,0,1.183359,1.037483,1.227714
992,lm,0,45,0,1.674068,0.396780,0.664236
993,human,0,128,0,1.608418,0.514961,0.828273
993,human,1,128,0,1.393471,0.971468,1.353712
993,human,2,112,0,1.175413,0.831187,0.976988
993,lm,0,78,0,1.930173,0.346330,0.668476
994,human,0,94,0,1.621648,0.380326,0.616754
994,lm,0,30,0,1.413966,0.718961,1.016587
996,human,0,39,0,1.594723,0.499246,0.796159
996,lm,0,21,0,1.339038,0.655983,0.878386
997,human,0,23,0,1.196596,0.892594,1.068074
997,lm,0,94,0,1.798326,0.474208,0.852780
998,human,0,28,0,1.252983,0.871516,1.091996
998,lm,0,5,0,1.027024,1.909748,1.961357
999,human,0,20,0,1.374501,1.635180,2.247557
999,lm,0,20,0,1.348177,1.635180,2.204512
