line_num,human_npr,lm_npr,winner,human_n_chunks_scored,lm_n_chunks_scored,human_n_lowconf,lm_n_lowconf
1,1.469442,1.845650,MGC,1,1,0,0
10,1.239099,1.180969,HWC,1,1,0,0
100,1.228856,1.065107,HWC,1,1,0,0
1000,1.350747,1.247130,HWC,1,1,0,0
1001,1.307070,1.633793,MGC,1,1,0,0
1002,1.494666,1.172572,HWC,1,1,0,0
1003,1.122092,1.136463,MGC,1,1,0,0
1004,1.896582,1.649780,HWC,1,1,0,0
1006,1.534961,1.676920,MGC,1,1,0,0
1007,1.572492,1.097828,HWC,1,1,0,0
1008,1.228069,1.238334,MGC,1,1,0,0
101,1.332443,1.761714,MGC,1,2,0,0
1011,1.254662,1.316623,MGC,1,1,0,0
1012,1.221206,1.368592,MGC,1,1,0,0
1013,1.411048,2.131931,MGC,3,2,0,0
1014,1.379598,1.523530,MGC,1,1,0,0
1015,1.199998,1.567005,MGC,4,2,0,0
1016,1.558579,1.243639,HWC,1,1,0,0
1017,1.103250,1.178979,MGC,1,1,0,0
102,1.317514,1.658443,MGC,2,1,0,0
1021,1.447301,nan,HWC,7,0,0,0
1023,1.311646,1.891859,MGC,3,1,0,0
1026,1.308222,1.165888,HWC,1,1,0,0
1027,1.488689,1.326247,HWC,1,1,0,0
1028,1.763889,1.181956,HWC,1,1,0,0
1030,1.332285,3.002471,MGC,4,3,0,0
1033,1.417829,1.437132,MGC,1,1,0,0
1038,1.270609,1.839981,MGC,3,2,0,0
1039,1.333813,1.441678,MGC,1,1,0,0
104,1.603341,1.218950,HWC,1,1,0,0
1040,1.559829,1.399788,HWC,2,1,0,0
1041,1.313358,2.643544,MGC,2,2,0,0
1046,1.334321,1.078437,HWC,1,1,0,0
1047,1.230486,1.161422,HWC,1,1,0,0
105,1.227406,1.058248,HWC,1,1,0,0
1051,1.468208,1.307848,HWC,1,1,0,0
1052,1.294791,1.498478,MGC,1,1,0,0
1054,1.411542,1.277531,HWC,3,1,0,0
1055,1.314766,1.536176,MGC,1,1,0,0
1056,1.389521,1.467671,MGC,1,1,0,0
1057,1.590058,nan,HWC,1,0,0,0
1059,1.340941,1.162439,HWC,1,1,0,0
1063,1.235453,1.887879,MGC,1,1,0,0
1064,1.509867,1.451181,HWC,1,1,0,0
1066,1.440493,1.275721,HWC,1,1,0,0
1068,1.247819,1.170572,HWC,1,1,0,0
1069,1.392287,1.558240,MGC,1,1,0,0
107,1.110510,0.941337,HWC,1,3,0,0
1070,1.200349,1.354048,MGC,1,1,0,0
1071,1.337094,1.599371,MGC,3,3,0,0
1073,1.269371,1.355175,MGC,1,1,0,0
1076,1.287101,1.536821,MGC,1,1,0,0
1077,1.612967,1.683648,MGC,2,1,0,0
1079,1.288341,2.043393,MGC,1,1,0,0
1081,1.606130,1.366894,HWC,2,1,0,0
1082,1.082867,1.130371,MGC,1,1,0,0
1083,1.242322,1.861299,MGC,7,7,0,0
1084,1.235347,nan,HWC,6,0,0,0
1085,1.197337,1.404425,MGC,3,1,0,0
1086,1.300117,1.298500,HWC,2,1,0,0
109,1.388950,1.518857,MGC,1,1,0,0
1090,1.474855,1.158499,HWC,1,1,0,0
1092,1.628400,1.573543,HWC,1,1,0,0
1093,1.940697,2.371550,MGC,2,1,0,0
1095,1.430320,1.469403,MGC,1,1,0,0
1096,1.255389,1.781631,MGC,3,1,0,0
1097,1.384899,1.147686,HWC,1,1,0,0
11,1.181038,1.114584,HWC,1,1,0,0
110,1.568905,2.476187,MGC,1,2,0,0
1100,1.392457,1.295475,HWC,1,1,0,0
1101,1.687241,1.237197,HWC,1,1,0,0
1104,1.486304,2.142930,MGC,1,3,0,0
1105,1.254237,nan,HWC,1,0,0,0
1109,1.636898,1.608728,HWC,1,1,0,0
111,1.085395,1.425211,MGC,1,1,0,0
1110,1.509665,1.118040,HWC,1,1,0,0
1111,1.256221,1.800841,MGC,1,1,0,0
1112,1.354087,1.375612,MGC,1,1,0,0
1113,1.187658,1.565878,MGC,2,1,0,0
1114,1.328419,1.172398,HWC,3,1,0,0
1117,1.298652,1.666480,MGC,4,2,0,0
1120,1.228504,1.599042,MGC,3,2,0,0
1123,1.475251,1.438658,HWC,1,1,0,0
1124,1.177374,1.168098,HWC,1,1,0,0
1125,1.423943,1.436987,MGC,1,1,0,0
1126,1.270584,1.159340,HWC,1,1,0,0
1129,1.712094,1.172290,HWC,1,1,0,0
113,1.327797,1.745209,MGC,1,1,0,0
1130,1.351151,1.496465,MGC,1,1,0,0
1132,1.223862,1.235430,MGC,1,1,0,0
1133,1.221168,1.061987,HWC,1,1,0,0
1138,1.411009,1.916129,MGC,1,2,0,0
1139,1.390404,2.054710,MGC,1,1,0,0
1141,1.422675,1.616140,MGC,2,2,0,0
1142,1.209598,1.272295,MGC,1,1,0,0
1143,1.590988,1.473228,HWC,2,1,0,0
1144,1.085455,1.586253,MGC,1,1,0,0
1145,1.231178,1.480315,MGC,2,4,0,0
1146,1.599997,1.809791,MGC,1,1,0,0
1147,1.183091,1.202763,MGC,1,1,0,0
1148,1.254813,nan,HWC,2,0,0,0
1149,1.252168,1.609719,MGC,1,1,0,0
115,1.461864,2.113874,MGC,2,1,0,0
1150,1.409112,1.066883,HWC,1,1,0,0
1151,1.273909,2.040751,MGC,1,1,0,0
1152,1.417521,1.328672,HWC,1,1,0,0
1153,1.325806,1.597279,MGC,1,2,0,0
1154,1.612232,1.664444,MGC,2,1,0,0
1156,1.265052,1.114401,HWC,2,1,0,0
1159,1.225157,1.184353,HWC,4,1,0,0
116,1.493282,1.102139,HWC,1,1,0,0
1161,1.147878,1.045722,HWC,1,1,0,0
1162,1.261678,1.325103,MGC,7,1,0,0
1163,1.272440,1.560826,MGC,4,2,0,0
1164,1.303599,0.960951,HWC,1,1,0,0
1166,1.298254,1.780078,MGC,1,1,0,0
1168,1.352623,1.156874,HWC,1,1,0,0
117,1.424954,2.328013,MGC,5,2,0,0
1170,1.406352,2.552339,MGC,2,2,0,0
1171,1.429761,1.428720,HWC,2,1,0,0
1174,1.502676,1.627545,MGC,3,1,0,0
1175,1.228131,1.676495,MGC,2,1,0,0
1177,1.439103,1.464758,MGC,1,1,0,0
1178,1.520648,1.419266,HWC,1,1,0,0
118,1.285878,1.391015,MGC,2,1,0,0
1180,1.328162,1.939093,MGC,1,1,0,0
1181,1.271041,1.672851,MGC,1,1,0,0
1182,1.276449,1.157529,HWC,1,1,0,0
1183,1.302025,1.201559,HWC,1,1,0,0
1184,1.259656,2.047451,MGC,1,1,0,0
1186,1.347518,1.282524,HWC,1,1,0,0
1188,1.689492,1.101134,HWC,1,1,0,0
1189,1.173104,1.597397,MGC,1,1,0,0
119,1.381593,1.150107,HWC,1,1,0,0
1191,1.280628,1.657205,MGC,3,1,0,0
1193,1.368045,1.103140,HWC,3,1,0,0
1194,1.537693,1.701851,MGC,1,1,0,0
1195,1.424915,1.473326,MGC,2,1,0,0
1196,1.238564,1.506769,MGC,3,2,0,0
1197,1.506540,1.787983,MGC,1,1,0,0
1199,1.921910,1.284912,HWC,1,1,0,0
12,1.537200,1.391198,HWC,1,1,0,0
120,1.383502,1.634792,MGC,1,1,0,0
1200,1.241613,1.348251,MGC,2,3,0,0
1201,1.676612,1.157012,HWC,1,1,0,0
1202,1.314462,1.717606,MGC,2,1,0,0
1203,1.328493,1.229115,HWC,1,1,0,0
1207,1.207260,1.562432,MGC,1,1,0,0
1209,1.520398,1.469563,HWC,1,1,0,0
121,1.557464,1.645222,MGC,2,1,0,0
1212,1.541102,2.069602,MGC,1,2,0,0
1213,1.537604,1.157744,HWC,1,1,0,0
1214,1.402188,1.371478,HWC,1,1,0,0
1215,1.469104,1.057722,HWC,1,1,0,0
1216,1.218430,1.383883,MGC,1,1,0,0
1217,1.147942,1.557198,MGC,1,1,0,0
1218,1.248057,1.615546,MGC,4,1,0,0
1223,1.221555,1.881449,MGC,1,2,0,0
1224,1.073001,2.530659,MGC,3,4,0,0
1225,1.941798,nan,HWC,2,0,0,0
1226,1.141508,1.155558,MGC,4,1,0,0
1227,1.250304,1.642795,MGC,1,1,0,0
1228,1.255434,1.506315,MGC,1,1,0,0
1229,1.118495,1.141916,MGC,1,1,0,0
1230,1.091670,1.260218,MGC,1,1,0,0
1234,1.677428,1.183253,HWC,1,1,0,0
1236,1.489418,1.429839,HWC,2,1,0,0
1237,1.231817,1.514826,MGC,1,1,0,0
1238,1.690526,1.575727,HWC,1,1,0,0
1239,1.308206,1.815332,MGC,1,1,0,0
1240,1.586500,1.839148,MGC,1,3,0,0
1241,1.396207,1.328989,HWC,1,1,0,0
1242,1.234112,1.238131,MGC,1,1,0,0
1244,1.421900,1.726901,MGC,3,2,0,0
1245,1.378602,2.538113,MGC,2,4,0,0
1246,1.717051,1.142397,HWC,1,1,0,0
1247,1.201288,1.940049,MGC,1,2,0,0
1248,1.353221,2.127693,MGC,1,1,0,0
125,1.462289,nan,HWC,2,0,0,0
1251,1.432526,2.241738,MGC,2,1,0,0
1252,1.265350,1.504914,MGC,3,1,0,0
1253,1.234841,1.107030,HWC,1,1,0,0
1255,1.269547,1.265384,HWC,1,1,0,0
1256,1.469871,1.186692,HWC,4,1,0,0
1257,1.296093,2.165717,MGC,2,2,0,0
1258,1.218314,1.721107,MGC,4,1,0,0
1259,1.413898,1.317857,HWC,2,1,0,0
126,1.407621,1.352406,HWC,1,1,0,0
1260,1.274897,1.213233,HWC,1,1,0,0
1263,1.218930,1.422283,MGC,1,1,0,0
1265,1.848754,2.599051,MGC,3,2,0,0
1266,1.219504,1.346852,MGC,3,1,0,0
1267,1.613814,1.931158,MGC,1,1,0,0
1268,1.168714,1.393357,MGC,1,1,0,0
127,1.234763,1.410988,MGC,1,1,0,0
1270,1.306700,1.467615,MGC,2,1,0,0
1271,1.406092,1.603407,MGC,2,1,0,0
1272,1.478224,1.560099,MGC,1,1,0,0
1274,1.695429,1.940882,MGC,1,1,0,0
1277,1.343566,1.035145,HWC,1,1,0,0
128,1.467840,1.366633,HWC,1,1,0,0
1280,1.344663,1.555496,MGC,1,1,0,0
1281,1.116606,1.241359,MGC,1,1,0,0
1282,1.201963,1.166440,HWC,2,1,0,0
1284,1.209075,1.239882,MGC,1,1,0,0
1285,1.402765,2.267029,MGC,1,3,0,0
1286,1.170887,2.167561,MGC,2,1,0,0
1288,1.357109,1.761673,MGC,2,2,0,0
129,1.222240,1.821782,MGC,4,1,0,0
1290,1.090131,1.075619,HWC,1,1,0,0
1294,1.336548,1.063261,HWC,1,1,0,0
1296,1.472452,1.146737,HWC,2,1,0,0
1297,1.340805,1.698641,MGC,7,1,0,0
1299,1.266840,1.231572,HWC,1,1,0,0
130,1.751450,1.528083,HWC,1,1,0,0
1300,1.380155,1.103454,HWC,1,1,0,0
1302,1.248796,1.067740,HWC,1,1,0,0
1303,1.383704,1.896682,MGC,2,1,0,0
1304,1.353572,1.593412,MGC,1,1,0,0
1305,1.940041,2.069575,MGC,1,1,0,0
1306,1.415841,2.483997,MGC,1,1,0,0
1307,1.953160,1.468853,HWC,1,1,0,0
1308,1.387845,1.480156,MGC,2,1,0,0
1309,1.436546,1.310850,HWC,1,1,0,0
131,1.303429,1.308553,MGC,1,1,0,0
1311,1.510513,1.981489,MGC,3,1,0,0
1313,1.239932,1.305365,MGC,1,1,0,0
1314,1.054045,1.401931,MGC,1,1,0,0
1315,1.451860,1.727313,MGC,2,1,0,0
1317,1.274615,1.630553,MGC,1,1,0,0
1318,1.238292,1.485378,MGC,2,1,0,0
1319,1.275168,1.366637,MGC,2,1,0,0
132,1.384663,1.088475,HWC,2,1,0,0
1320,1.275267,1.493023,MGC,2,1,0,0
1322,1.368833,1.567875,MGC,2,1,0,0
1323,1.481898,1.695820,MGC,1,1,0,0
1324,1.406171,1.687393,MGC,1,1,0,0
1325,1.391381,1.716561,MGC,2,2,0,0
1327,1.116294,1.018893,HWC,1,1,0,0
1328,1.260407,1.149189,HWC,4,1,0,0
1329,1.382840,1.279855,HWC,1,1,0,0
133,1.246741,1.391508,MGC,1,1,0,0
1334,1.984918,1.899461,HWC,1,1,0,0
1335,1.426943,1.619493,MGC,2,1,0,0
1336,1.491240,1.695676,MGC,1,1,0,0
1338,1.406267,1.083595,HWC,1,1,0,0
1339,1.691843,1.861509,MGC,1,1,0,0
134,1.378626,1.558099,MGC,1,1,0,0
1340,1.430311,1.186043,HWC,1,1,0,0
1345,1.398478,1.109401,HWC,1,1,0,0
1347,1.429293,1.872624,MGC,1,3,0,0
1348,1.462244,0.969850,HWC,7,1,0,0
1349,1.144717,1.142458,HWC,1,1,0,0
135,1.145423,1.890814,MGC,1,1,0,0
1350,1.286035,1.647983,MGC,1,1,0,0
1351,1.168497,1.631322,MGC,1,1,0,0
1352,1.120226,1.049868,HWC,1,1,0,0
1353,1.608485,1.100451,HWC,1,1,0,0
1354,1.470346,1.491815,MGC,2,1,0,0
1356,1.599141,1.181795,HWC,1,1,0,0
1357,1.166142,2.138602,MGC,1,4,0,0
1359,1.484684,1.612757,MGC,1,1,0,0
136,1.248717,1.100901,HWC,1,1,0,0
1360,1.322903,1.693195,MGC,1,1,0,0
1361,1.285452,1.397282,MGC,1,1,0,0
1363,1.196421,1.484981,MGC,1,1,0,0
1364,1.347373,1.437032,MGC,4,1,0,0
1367,1.276878,1.452569,MGC,1,1,0,0
1368,1.268347,1.619160,MGC,5,5,0,0
1371,1.164446,1.052514,HWC,1,1,0,0
1372,1.328652,1.413865,MGC,1,2,0,0
1373,1.440271,1.593079,MGC,3,1,0,0
1375,1.236537,1.207870,HWC,3,1,0,0
1378,1.523959,1.169836,HWC,2,1,0,0
138,1.307554,1.113158,HWC,1,1,0,0
1380,1.469783,1.649358,MGC,2,1,0,0
1381,1.314723,1.718623,MGC,2,1,0,0
1382,1.219630,1.375140,MGC,2,1,0,0
1383,1.551632,1.549105,HWC,1,1,0,0
1384,1.288323,nan,HWC,1,0,0,0
1388,1.294186,1.429356,MGC,1,1,0,0
1389,1.288714,1.059918,HWC,1,1,0,0
1391,1.435965,1.172767,HWC,1,1,0,0
1392,1.136185,1.292358,MGC,1,1,0,0
1393,1.200134,1.364201,MGC,1,1,0,0
1394,1.335810,0.974026,HWC,1,1,0,0
1395,1.129232,1.443711,MGC,1,1,0,0
1399,1.359103,1.633786,MGC,4,1,0,0
140,1.382727,1.123905,HWC,1,1,0,0
1400,1.340631,1.534195,MGC,2,3,0,0
1401,1.327401,1.185125,HWC,3,1,0,0
1402,1.245875,1.511491,MGC,9,2,0,0
1404,1.493888,1.393393,HWC,1,1,0,0
1405,1.304832,1.459701,MGC,2,1,0,0
1406,1.294701,1.546682,MGC,3,1,0,0
1407,1.473069,1.263294,HWC,1,1,0,0
1408,1.293217,1.170811,HWC,1,1,0,0
1410,1.351818,1.071083,HWC,1,1,0,0
1411,1.403744,1.462695,MGC,5,1,0,0
1413,1.385235,2.228242,MGC,1,1,0,0
1414,1.233181,1.033637,HWC,1,1,0,0
1415,1.297331,1.275958,HWC,1,1,0,0
1417,1.700190,2.400151,MGC,1,1,0,0
1418,1.243409,2.261487,MGC,2,2,0,0
1419,1.257540,1.633604,MGC,1,1,0,0
142,1.420827,1.243450,HWC,2,1,0,0
1421,1.356566,1.206534,HWC,1,1,0,0
1422,1.318258,1.597322,MGC,2,1,0,0
1423,1.299692,1.474886,MGC,6,8,0,0
1428,1.231148,1.784463,MGC,1,1,0,0
1429,1.321281,1.812835,MGC,2,1,0,0
1435,1.324349,1.378053,MGC,2,1,0,0
1438,1.426314,1.405482,HWC,1,1,0,0
1441,1.228618,1.139293,HWC,1,1,0,0
1442,1.334087,1.884103,MGC,1,1,0,0
1444,1.264619,1.587065,MGC,2,2,0,0
1445,1.304407,1.568437,MGC,2,1,0,0
1448,1.744344,1.646887,HWC,1,1,0,0
1449,1.481933,1.176055,HWC,1,1,0,0
145,1.346967,1.369429,MGC,1,1,0,0
1450,1.446439,1.610892,MGC,3,1,0,0
1451,1.263337,nan,HWC,1,0,0,0
1452,1.209981,1.114732,HWC,1,1,0,0
1453,1.459537,1.725210,MGC,2,1,0,0
1456,1.343058,1.452407,MGC,2,1,0,0
1457,1.362872,1.560679,MGC,1,1,0,0
1458,1.234969,1.126561,HWC,1,1,0,0
1460,1.693362,2.072479,MGC,1,1,0,0
1465,1.341750,1.669562,MGC,1,1,0,0
1466,1.559839,1.617405,MGC,1,1,0,0
1467,1.473536,1.348916,HWC,1,1,0,0
1468,1.160350,1.235882,MGC,1,1,0,0
1469,1.216117,1.462777,MGC,1,1,0,0
1470,1.368038,1.881083,MGC,3,1,0,0
1471,1.456005,1.687315,MGC,2,1,0,0
1472,1.156231,1.426870,MGC,1,3,0,0
1473,1.192431,1.860148,MGC,1,1,0,0
1476,1.139222,2.097776,MGC,4,3,0,0
1478,1.305852,1.149833,HWC,3,1,0,0
1479,1.721617,1.666088,HWC,1,1,0,0
148,1.279276,1.529705,MGC,3,1,0,0
1480,1.277636,1.981847,MGC,2,3,0,0
1481,1.382515,1.365847,HWC,2,1,0,0
1482,1.706437,1.149835,HWC,1,1,0,0
1484,1.539068,1.549168,MGC,1,1,0,0
1485,1.195839,1.086401,HWC,1,1,0,0
1486,1.559490,1.684716,MGC,1,2,0,0
1487,1.244675,1.820334,MGC,1,1,0,0
1488,1.469327,1.430777,HWC,2,2,0,0
1489,1.405132,1.772702,MGC,2,1,0,0
1490,1.654763,1.449631,HWC,1,1,0,0
1492,1.265908,1.544012,MGC,4,1,0,0
1493,1.293575,2.594283,MGC,7,1,0,0
1494,1.208571,2.600722,MGC,1,2,0,0
1496,1.303572,1.053276,HWC,2,1,0,0
150,1.619258,1.597774,HWC,2,2,0,0
1502,1.134323,1.289601,MGC,8,2,0,0
1504,1.466766,1.454693,HWC,1,1,0,0
1505,1.148707,1.581989,MGC,1,1,0,0
1506,1.386066,1.079643,HWC,1,1,0,0
1508,1.307763,1.152479,HWC,1,1,0,0
1510,1.336241,1.084887,HWC,1,1,0,0
1511,1.307653,1.081634,HWC,1,1,0,0
1513,1.469399,1.058867,HWC,1,1,0,0
1514,1.423355,1.793470,MGC,1,2,0,0
1515,1.131756,1.500174,MGC,1,1,0,0
1516,1.183822,1.746216,MGC,1,1,0,0
1517,1.230022,1.510070,MGC,1,2,0,0
1518,1.237226,1.570358,MGC,2,2,0,0
152,1.149930,1.308030,MGC,1,1,0,0
1520,1.139849,1.273939,MGC,1,1,0,0
1521,1.335225,3.272478,MGC,2,3,0,0
1522,1.237162,1.198861,HWC,1,1,0,0
1526,1.286870,1.658892,MGC,2,1,0,0
1527,1.144315,1.097494,HWC,1,1,0,0
1529,1.449275,1.234412,HWC,2,1,0,0
153,1.579654,1.552782,HWC,1,1,0,0
1530,1.458221,1.558299,MGC,2,2,0,0
1531,1.280121,1.477522,MGC,1,1,0,0
1532,1.587139,1.666695,MGC,2,2,0,0
1534,1.459743,1.035642,HWC,1,1,0,0
1535,1.235739,1.141343,HWC,1,1,0,0
1536,1.417669,1.853992,MGC,1,1,0,0
1537,1.274910,1.195177,HWC,2,1,0,0
1538,1.363808,1.667401,MGC,1,1,0,0
1539,1.337121,1.475220,MGC,1,1,0,0
1541,1.322933,2.262635,MGC,2,2,0,0
1543,1.504605,2.064044,MGC,1,1,0,0
1544,1.800366,1.082770,HWC,1,1,0,0
1547,1.188964,1.091952,HWC,1,1,0,0
1548,1.135902,1.487435,MGC,1,1,0,0
1549,1.323441,1.174376,HWC,1,1,0,0
155,1.443770,1.660526,MGC,1,1,0,0
1552,1.336593,1.025101,HWC,3,1,0,0
1556,1.098038,3.070593,MGC,5,4,0,0
156,1.265103,1.071718,HWC,1,1,0,0
1561,1.221634,1.442795,MGC,1,1,0,0
1562,1.298596,1.405881,MGC,1,2,0,0
1564,1.296269,1.373989,MGC,1,1,0,0
1569,1.359618,1.068999,HWC,1,1,0,0
1570,1.436965,1.732788,MGC,1,1,0,0
1571,1.277350,1.323860,MGC,1,1,0,0
1574,1.230376,1.728173,MGC,1,1,0,0
1575,1.324432,1.782548,MGC,2,1,0,0
1576,1.207715,1.144581,HWC,1,1,0,0
1577,1.122710,1.114831,HWC,1,1,0,0
1578,1.251813,1.470196,MGC,1,1,0,0
158,1.257728,2.844531,MGC,4,4,0,0
1580,1.308448,1.168386,HWC,3,1,0,0
1583,1.260117,1.113820,HWC,1,1,0,0
1584,1.251227,2.044204,MGC,6,1,0,0
1587,1.416326,2.056383,MGC,5,1,0,0
1589,1.483388,1.523051,MGC,1,1,0,0
1590,1.335640,1.589508,MGC,3,1,0,0
1591,1.659093,1.642546,HWC,1,7,0,0
1593,1.344321,1.819680,MGC,5,2,0,0
1595,1.300994,1.042598,HWC,2,1,0,0
1596,1.282190,1.568258,MGC,1,1,0,0
1597,1.263027,1.192008,HWC,1,1,0,0
1599,1.360164,2.168851,MGC,1,1,0,0
16,1.894913,2.230707,MGC,1,1,0,0
1600,1.298698,1.349624,MGC,2,1,0,0
1601,1.149055,1.409999,MGC,1,1,0,0
1603,1.309608,1.349899,MGC,1,1,0,0
1606,1.121279,1.103431,HWC,1,1,0,0
1608,1.344398,1.319249,HWC,2,1,0,0
1615,1.247059,1.826262,MGC,1,2,0,0
1616,1.321161,1.508814,MGC,2,1,0,0
1617,1.542444,1.809756,MGC,1,1,0,0
1618,1.168465,1.502891,MGC,1,1,0,0
162,1.714204,1.769657,MGC,1,1,0,0
1620,1.340892,1.074896,HWC,1,1,0,0
1621,1.346160,1.350937,MGC,1,1,0,0
1625,1.587663,1.921461,MGC,1,2,0,0
1626,1.113831,1.073605,HWC,1,1,0,0
1628,1.331841,1.311067,HWC,2,1,0,0
1629,1.276987,2.428091,MGC,1,3,0,0
163,1.582524,1.542627,HWC,2,1,0,0
1630,1.306517,1.903885,MGC,4,1,0,0
1631,1.180552,1.515463,MGC,1,1,0,0
1632,1.388028,1.528717,MGC,1,1,0,0
1633,1.457163,1.396335,HWC,1,1,0,0
1635,1.193530,1.569155,MGC,1,1,0,0
1636,1.253751,1.264361,MGC,1,1,0,0
1637,1.226977,1.222498,HWC,2,2,0,0
1638,1.375015,1.917977,MGC,2,1,0,0
1639,1.234828,1.317728,MGC,1,1,0,0
1642,1.503472,1.078998,HWC,1,1,0,0
1644,1.273213,nan,HWC,5,0,0,0
1646,1.280311,1.528875,MGC,1,1,0,0
1647,1.285674,2.070462,MGC,1,1,0,0
1648,1.349104,1.418393,MGC,2,1,0,0
1649,1.316425,1.605004,MGC,1,1,0,0
1650,1.307255,1.353870,MGC,1,1,0,0
1651,1.099076,1.133044,MGC,1,1,0,0
1653,1.262392,1.429226,MGC,3,1,0,0
1655,1.538552,1.956832,MGC,1,1,0,0
1656,1.356036,1.593719,MGC,1,1,0,0
166,1.180539,1.080539,HWC,1,1,0,0
1662,1.376911,1.726638,MGC,1,1,0,0
1663,1.322250,1.591421,MGC,1,1,0,0
1664,1.100682,1.423044,MGC,1,1,0,0
1668,1.166821,1.561605,MGC,1,1,0,0
1669,1.225878,1.353094,MGC,3,1,0,0
167,1.387167,1.318440,HWC,2,1,0,0
1670,1.315039,1.537077,MGC,1,1,0,0
1671,1.380804,1.272979,HWC,1,1,0,0
1673,1.345578,1.656004,MGC,1,1,0,0
1674,1.550467,1.593856,MGC,1,1,0,0
1676,1.395519,1.546485,MGC,1,1,0,0
1677,1.327810,1.667707,MGC,3,2,0,0
1678,1.331013,1.353716,MGC,1,1,0,0
1680,1.437309,2.070281,MGC,2,2,0,0
1681,1.351142,1.629464,MGC,2,1,0,0
1683,1.230811,1.314957,MGC,1,2,0,0
1684,1.403144,1.452937,MGC,8,1,0,0
1685,1.195848,1.084662,HWC,4,1,0,0
1686,1.287503,1.080389,HWC,1,1,0,0
1689,1.238416,1.265638,MGC,1,1,0,0
1691,1.544689,1.862684,MGC,2,2,0,0
1692,1.305894,1.457625,MGC,4,3,0,0
1693,1.136580,1.130356,HWC,1,1,0,0
1694,1.298031,1.469446,MGC,1,2,0,0
1695,1.525004,1.537844,MGC,2,3,0,0
1697,1.314622,1.348552,MGC,3,1,0,0
1699,1.312223,1.051694,HWC,1,1,0,0
17,2.120359,2.199062,MGC,2,1,0,0
1700,1.499303,1.235187,HWC,1,1,0,0
1701,1.257571,1.303131,MGC,1,1,0,0
1702,1.259091,1.588615,MGC,2,1,0,0
1703,1.389675,1.620189,MGC,2,1,0,0
1705,1.266947,1.552330,MGC,2,1,0,0
1706,1.413026,1.194431,HWC,1,1,0,0
1707,1.231821,1.474021,MGC,7,1,0,0
1708,1.467961,1.067012,HWC,2,1,0,0
1709,1.409632,1.515386,MGC,2,1,0,0
1717,1.256883,1.191620,HWC,1,1,0,0
1718,1.351274,1.359292,MGC,1,1,0,0
1719,1.246371,1.837006,MGC,1,1,0,0
1720,1.392567,2.404177,MGC,1,1,0,0
1721,1.299043,1.028739,HWC,2,1,0,0
1722,1.891630,1.117027,HWC,1,1,0,0
1723,1.227542,1.879537,MGC,1,1,0,0
1724,1.365025,1.807241,MGC,2,2,0,0
1726,1.286047,1.418476,MGC,4,1,0,0
1729,1.628086,1.323607,HWC,2,1,0,0
173,1.292252,1.876904,MGC,2,3,0,0
1732,1.194017,1.121191,HWC,1,1,0,0
1733,1.536835,1.506009,HWC,1,1,0,0
1734,1.323453,2.378798,MGC,1,1,0,0
1736,1.406417,1.285688,HWC,1,1,0,0
1737,1.534393,2.061214,MGC,2,1,0,0
1738,2.125820,2.192611,MGC,1,1,0,0
174,1.304811,1.637794,MGC,3,1,0,0
1740,1.256418,1.089952,HWC,1,1,0,0
1742,1.155546,1.758527,MGC,1,4,0,0
1746,1.259624,1.404934,MGC,1,1,0,0
1747,2.421692,1.816493,HWC,1,2,0,0
1748,1.640105,2.142910,MGC,6,2,0,0
1751,1.580792,1.489414,HWC,1,1,0,0
1753,1.263186,1.585213,MGC,2,1,0,0
1756,1.363850,1.089237,HWC,1,1,0,0
1757,1.264139,1.056651,HWC,1,1,0,0
1758,1.269045,1.604182,MGC,1,1,0,0
1759,1.374589,1.681283,MGC,2,1,0,0
176,1.514675,1.130240,HWC,1,1,0,0
1760,1.431413,1.951744,MGC,2,3,0,0
1761,1.553691,1.150231,HWC,1,1,0,0
1762,1.200272,1.052097,HWC,1,1,0,0
1763,1.594267,1.622589,MGC,2,1,0,0
1765,1.278470,1.535052,MGC,1,1,0,0
1766,1.337640,1.956362,MGC,2,2,0,0
1768,1.624824,1.699936,MGC,1,1,0,0
1769,1.254634,1.768337,MGC,2,3,0,0
177,1.454080,1.255055,HWC,1,1,0,0
1770,1.242024,2.232304,MGC,1,1,0,0
1771,1.247877,1.613470,MGC,4,4,0,0
1772,1.308330,1.763050,MGC,6,1,0,0
1773,1.283575,1.508991,MGC,1,1,0,0
1775,1.479077,1.009473,HWC,1,1,0,0
1777,1.180404,1.499688,MGC,1,1,0,0
1780,1.946447,1.892971,HWC,1,1,0,0
1782,1.291445,1.859950,MGC,5,2,0,0
1783,1.216891,1.543623,MGC,1,1,0,0
1786,1.470822,1.902321,MGC,2,1,0,0
1787,1.160388,1.046113,HWC,1,1,0,0
1788,1.412429,1.105772,HWC,1,1,0,0
1789,1.653050,2.222937,MGC,2,1,0,0
1790,1.566519,1.848027,MGC,1,1,0,0
1792,1.201918,1.465127,MGC,1,1,0,0
1795,1.408292,1.450543,MGC,1,1,0,0
1796,1.347381,1.312574,HWC,2,1,0,0
1797,1.289351,1.783634,MGC,1,1,0,0
1799,1.263591,1.731903,MGC,2,3,0,0
18,1.119548,1.548480,MGC,3,1,0,0
180,1.180929,1.688887,MGC,3,1,0,0
1800,1.832999,1.484164,HWC,1,1,0,0
1801,1.422684,1.848109,MGC,3,3,0,0
1802,1.747027,1.842785,MGC,2,2,0,0
1803,1.403309,1.389968,HWC,1,1,0,0
1804,1.317549,1.551005,MGC,1,1,0,0
1805,1.276365,1.644057,MGC,3,2,0,0
1806,1.387451,1.934222,MGC,3,1,0,0
1809,1.358568,1.131004,HWC,4,1,0,0
181,1.266477,1.420064,MGC,2,1,0,0
1811,1.132060,1.090494,HWC,1,1,0,0
1813,1.453389,1.241147,HWC,2,1,0,0
1814,1.112069,1.265698,MGC,1,1,0,0
1818,1.396428,1.260656,HWC,1,1,0,0
1819,1.214147,1.365392,MGC,1,1,0,0
182,1.178643,1.245285,MGC,1,1,0,0
1820,1.482984,1.682510,MGC,2,1,0,0
1821,1.438441,1.521684,MGC,1,1,0,0
1822,1.161169,1.181449,MGC,1,1,0,0
1823,1.404820,1.787845,MGC,1,1,0,0
1824,1.103744,1.855737,MGC,1,1,0,0
1826,1.110624,1.179174,MGC,1,1,0,0
1827,1.145127,1.303164,MGC,2,1,0,0
1828,1.321392,nan,HWC,1,0,0,0
183,1.196852,1.673460,MGC,1,1,0,0
1830,1.305710,1.181781,HWC,3,1,0,0
1831,1.476226,1.167992,HWC,1,1,0,0
1833,1.213432,2.674310,MGC,1,2,0,0
1834,1.147999,1.123853,HWC,1,1,0,0
1835,1.478542,1.072287,HWC,1,1,0,0
1836,1.339431,1.872476,MGC,3,3,0,0
1837,1.238196,1.098349,HWC,1,1,0,0
1838,1.217441,1.361523,MGC,1,1,0,0
1839,1.422097,1.400195,HWC,1,1,0,0
1842,1.431786,0.952503,HWC,1,1,0,0
1843,1.552952,1.273862,HWC,1,1,0,0
1844,1.473967,1.746981,MGC,2,1,0,0
1845,1.407856,1.038910,HWC,1,1,0,0
1848,1.132572,1.054111,HWC,1,1,0,0
1849,1.199759,1.141023,HWC,1,1,0,0
185,1.261688,1.352220,MGC,2,1,0,0
1851,1.287361,1.245788,HWC,3,1,0,0
1852,1.308936,1.084426,HWC,1,1,0,0
1853,1.693337,1.339555,HWC,2,1,0,0
1855,1.932964,2.344416,MGC,2,2,0,0
1856,1.289078,1.502730,MGC,2,1,0,0
1857,1.132452,1.280521,MGC,1,1,0,0
1858,1.348319,nan,HWC,3,0,0,0
186,1.216416,1.224733,MGC,1,1,0,0
1860,1.229236,1.036427,HWC,1,1,0,0
1863,1.545628,1.469271,HWC,1,2,0,0
1864,1.361002,1.487685,MGC,1,1,0,0
1865,1.575650,1.439640,HWC,1,1,0,0
1869,1.945224,1.900599,HWC,1,1,0,0
187,1.181544,1.491233,MGC,1,1,0,0
1871,1.364711,1.267891,HWC,1,1,0,0
1873,1.232416,1.099029,HWC,1,1,0,0
1875,1.655889,1.516427,HWC,1,1,0,0
1876,1.274423,1.408608,MGC,1,1,0,0
1878,1.461555,1.556020,MGC,1,1,0,0
1879,1.190064,1.318734,MGC,1,1,0,0
1880,1.191578,1.529313,MGC,5,2,0,0
1881,1.136101,1.288354,MGC,1,1,0,0
1884,1.283854,1.912988,MGC,5,5,0,0
1885,1.138257,1.123134,HWC,1,1,0,0
1886,1.280688,1.451034,MGC,1,1,0,0
1888,1.590130,1.016887,HWC,1,1,0,0
1889,1.370575,1.103309,HWC,2,1,0,0
189,1.839814,1.262134,HWC,1,1,0,0
1891,1.321995,1.099254,HWC,1,1,0,0
1892,1.293481,1.311424,MGC,4,1,0,0
1893,1.277967,1.593477,MGC,1,1,0,0
1895,1.255406,1.429695,MGC,1,1,0,0
1896,1.272710,1.399931,MGC,2,1,0,0
1897,1.282700,1.594384,MGC,3,2,0,0
1899,1.284393,1.252147,HWC,3,1,0,0
19,1.376844,1.174030,HWC,1,1,0,0
190,1.360831,1.612592,MGC,1,1,0,0
1900,1.207298,1.377980,MGC,9,3,0,0
1901,1.239887,1.534898,MGC,6,1,0,0
1902,1.515784,2.108606,MGC,1,1,0,0
1908,1.561991,1.583334,MGC,2,1,0,0
1909,1.178663,1.480368,MGC,1,1,0,0
1910,1.260710,1.983851,MGC,7,1,0,0
1911,1.429488,1.688784,MGC,1,1,0,0
1912,1.282494,1.293398,MGC,2,1,0,0
1914,1.205731,1.449386,MGC,1,1,0,0
1915,1.388021,1.668810,MGC,1,1,0,0
1917,1.371246,1.869029,MGC,3,5,0,0
1918,1.337693,1.597241,MGC,1,2,0,0
1919,1.675604,2.153052,MGC,2,1,0,0
192,1.470360,2.157203,MGC,2,1,0,0
1920,1.192269,1.041650,HWC,1,1,0,0
1921,1.279023,1.877473,MGC,1,1,0,0
1924,1.305829,1.533182,MGC,1,1,0,0
1925,1.262478,1.181519,HWC,1,1,0,0
1926,1.328390,1.389106,MGC,3,1,0,0
1929,1.424937,1.460480,MGC,1,1,0,0
1930,1.277811,1.804198,MGC,4,1,0,0
1932,1.249910,1.750868,MGC,1,1,0,0
1933,1.146866,1.083820,HWC,2,1,0,0
1935,1.253975,1.424886,MGC,1,1,0,0
1936,1.264245,2.024048,MGC,2,1,0,0
1938,1.488188,2.031069,MGC,1,1,0,0
1939,1.286793,1.402504,MGC,4,1,0,0
194,1.205454,1.191008,HWC,1,1,0,0
1941,1.275630,1.055168,HWC,1,1,0,0
1942,1.297053,1.217738,HWC,1,1,0,0
1943,1.600738,1.788934,MGC,1,1,0,0
1944,1.334685,1.257996,HWC,4,16,0,0
1946,1.323290,1.516032,MGC,5,1,0,0
1947,1.489386,1.599443,MGC,1,2,0,0
1948,1.215476,1.226003,MGC,1,1,0,0
1949,1.512273,1.125014,HWC,1,1,0,0
195,1.389450,1.355207,HWC,1,1,0,0
1950,1.379607,1.704805,MGC,2,1,0,0
1953,1.155590,1.184429,MGC,1,1,0,0
1954,1.103592,1.239508,MGC,2,1,0,0
1955,1.296672,2.202888,MGC,2,2,0,0
1957,1.198799,1.029112,HWC,2,1,0,0
1958,1.451118,1.638527,MGC,2,2,0,0
1959,1.406804,1.168523,HWC,1,1,0,0
1960,1.214485,1.036132,HWC,1,1,0,0
1961,1.460082,1.950066,MGC,2,1,0,0
1962,1.363508,2.099324,MGC,3,5,0,0
1963,1.355877,nan,HWC,2,0,0,0
1965,1.326819,1.354030,MGC,5,1,0,0
1967,1.326307,1.366592,MGC,3,1,0,0
1968,1.269365,1.484984,MGC,3,2,0,0
1970,1.783946,2.428626,MGC,2,3,0,0
1971,1.264700,1.035934,HWC,2,1,0,0
1973,1.219238,1.733398,MGC,5,2,0,0
1974,1.281708,1.555188,MGC,6,1,0,0
1975,1.404858,1.188126,HWC,1,1,0,0
1976,1.274679,1.680817,MGC,1,2,0,0
1977,1.111407,1.315302,MGC,1,1,0,0
1978,1.128746,1.349432,MGC,1,2,0,0
1980,1.267840,2.193444,MGC,1,1,0,0
1981,1.398492,2.417224,MGC,3,3,0,0
1982,1.235221,1.089378,HWC,1,1,0,0
1983,1.417776,1.240684,HWC,2,1,0,0
1984,1.340093,1.058611,HWC,1,1,0,0
1985,1.208684,1.080653,HWC,1,1,0,0
1987,1.396048,1.514089,MGC,1,1,0,0
1988,1.311176,1.451422,MGC,2,1,0,0
1990,1.141813,1.093743,HWC,1,1,0,0
1991,1.199145,1.000000,HWC,1,1,0,0
1992,1.372872,2.012008,MGC,5,4,0,0
1994,1.138016,1.393598,MGC,1,1,0,0
1996,1.624116,1.870821,MGC,2,2,0,0
1997,1.180280,1.937687,MGC,1,2,0,0
1998,1.346080,1.282708,HWC,3,1,0,0
20,1.422941,1.754029,MGC,9,2,0,0
200,1.308231,1.584734,MGC,1,1,0,0
2000,1.832299,2.003847,MGC,1,1,0,0
2001,1.136051,1.379972,MGC,1,1,0,0
2003,1.450827,1.418048,HWC,1,1,0,0
2005,1.329095,1.125230,HWC,1,1,0,0
2007,1.079043,1.089528,MGC,1,1,0,0
2008,1.235154,1.410566,MGC,1,1,0,0
201,1.209624,1.055897,HWC,2,1,0,0
2011,1.130247,1.059938,HWC,1,1,0,0
2012,1.326623,1.125335,HWC,1,1,0,0
2013,1.576915,1.986919,MGC,2,1,0,0
2016,1.192790,1.835413,MGC,1,1,0,0
2017,1.488510,1.126559,HWC,1,1,0,0
2019,1.089479,1.337279,MGC,1,1,0,0
2020,1.218027,1.523980,MGC,1,1,0,0
2021,1.225885,1.822792,MGC,3,6,0,0
2024,1.412438,1.546641,MGC,1,1,0,0
2025,1.268063,1.501891,MGC,2,1,0,0
2027,1.157557,nan,HWC,2,0,0,0
2029,1.602713,1.779654,MGC,1,1,0,0
203,1.355154,1.651883,MGC,2,1,0,0
2030,1.390676,1.867649,MGC,2,2,0,0
2031,1.129630,1.094305,HWC,2,1,0,0
2032,1.488700,1.521850,MGC,1,1,0,0
2033,1.258504,1.792861,MGC,1,3,0,0
2035,1.197272,nan,HWC,5,0,0,0
2037,1.383920,1.063497,HWC,1,1,0,0
204,1.258807,1.604058,MGC,2,1,0,0
2042,1.408798,0.998689,HWC,1,1,0,0
2043,1.422130,1.525614,MGC,5,2,0,0
2045,1.314191,2.172222,MGC,1,1,0,0
2047,1.190683,1.045866,HWC,6,1,0,0
2049,1.620461,2.350098,MGC,2,1,0,0
2050,1.249998,1.085896,HWC,1,1,0,0
2051,1.653567,1.538173,HWC,1,1,0,0
2052,1.794314,1.839074,MGC,1,1,0,0
2054,1.257290,1.458862,MGC,2,2,0,0
2055,1.636642,1.438324,HWC,2,1,0,0
2056,1.561254,1.150061,HWC,1,1,0,0
2057,1.415801,1.405235,HWC,2,1,0,0
2058,1.324506,1.596192,MGC,1,1,0,0
2059,1.121130,1.464617,MGC,1,1,0,0
2060,1.417682,1.740497,MGC,1,1,0,0
2061,1.215488,1.115223,HWC,2,1,0,0
2062,1.339054,1.629897,MGC,2,1,0,0
2063,1.457188,1.106421,HWC,1,1,0,0
2067,1.183857,1.736036,MGC,3,2,0,0
2070,1.650068,1.560500,HWC,1,1,0,0
2072,1.457232,1.727174,MGC,3,1,0,0
2073,1.422609,1.762957,MGC,1,1,0,0
2074,1.270691,1.275317,MGC,1,1,0,0
2076,1.404554,1.581523,MGC,1,1,0,0
2077,1.348374,1.148823,HWC,1,1,0,0
2078,1.548398,1.609210,MGC,2,1,0,0
2079,1.534085,1.074940,HWC,1,1,0,0
208,1.359001,1.223716,HWC,1,1,0,0
2081,1.613091,1.315987,HWC,1,1,0,0
2083,1.375522,1.561034,MGC,1,1,0,0
2088,1.342068,1.927286,MGC,1,1,0,0
209,1.554993,1.148418,HWC,1,1,0,0
2090,2.460895,1.092789,HWC,1,1,0,0
2091,1.556275,1.450264,HWC,1,1,0,0
2096,1.540299,1.743926,MGC,1,1,0,0
2097,1.308833,1.662548,MGC,3,1,0,0
2099,1.255282,1.537829,MGC,1,1,0,0
21,1.072739,1.708414,MGC,1,3,0,0
210,1.406573,1.147226,HWC,5,1,0,0
2100,1.152442,1.297837,MGC,1,1,0,0
2101,1.292093,1.332478,MGC,1,1,0,0
2102,1.336665,1.169689,HWC,4,1,0,0
2104,1.206672,1.481399,MGC,4,1,0,0
2107,1.264392,1.895328,MGC,6,1,0,0
2108,1.196210,1.799370,MGC,1,1,0,0
2109,1.981015,1.092539,HWC,1,1,0,0
211,1.323749,1.550578,MGC,2,1,0,0
2110,1.835768,1.911492,MGC,1,1,0,0
2111,1.309940,1.322073,MGC,1,1,0,0
2112,1.205930,1.936055,MGC,1,1,0,0
2113,1.239494,1.144482,HWC,1,1,0,0
2115,1.542480,1.098752,HWC,1,1,0,0
2116,1.291737,1.471204,MGC,2,1,0,0
2117,1.267297,0.966632,HWC,3,1,0,0
2120,1.338239,1.324736,HWC,2,1,0,0
2121,1.251163,1.186094,HWC,1,1,0,0
2122,1.247861,1.400110,MGC,1,1,0,0
2124,1.321733,2.026145,MGC,1,4,0,0
2125,1.396178,1.602719,MGC,1,1,0,0
2128,1.426112,1.691057,MGC,3,1,0,0
2129,1.352578,1.426809,MGC,1,1,0,0
213,1.456960,1.437793,HWC,2,1,0,0
2130,1.092856,1.601380,MGC,1,1,0,0
2132,1.286799,1.224479,HWC,1,1,0,0
2133,1.489216,1.353708,HWC,3,1,0,0
2134,1.474631,1.814938,MGC,3,3,0,0
2135,1.491007,1.576265,MGC,1,1,0,0
2136,1.581858,2.504481,MGC,2,3,0,0
2137,1.444138,1.601787,MGC,2,3,0,0
2139,1.226285,1.418591,MGC,3,1,0,0
2141,1.506348,2.379130,MGC,1,1,0,0
2145,1.678156,1.634909,HWC,1,1,0,0
2146,1.641673,1.570746,HWC,2,1,0,0
2148,1.347912,1.415138,MGC,1,1,0,0
2149,1.361158,1.640550,MGC,5,1,0,0
2152,1.549573,2.282325,MGC,6,2,0,0
2154,1.479026,1.161644,HWC,1,1,0,0
2155,1.478680,1.186655,HWC,1,1,0,0
2156,1.345038,1.935456,MGC,1,1,0,0
2159,1.375421,1.802527,MGC,1,1,0,0
2160,1.664624,1.610939,HWC,2,1,0,0
2161,1.331115,1.690363,MGC,1,2,0,0
2163,1.121640,1.222974,MGC,1,1,0,0
2164,1.255763,1.567663,MGC,1,1,0,0
2166,1.445076,1.538492,MGC,1,1,0,0
2167,1.391437,1.192475,HWC,1,1,0,0
2168,1.295566,1.429429,MGC,1,1,0,0
217,1.339163,1.181952,HWC,1,1,0,0
2171,1.347151,1.506037,MGC,2,1,0,0
2172,1.348403,1.585668,MGC,5,1,0,0
2174,1.307550,nan,HWC,3,0,0,0
2177,1.435280,1.541773,MGC,3,1,0,0
2178,1.106669,1.398934,MGC,1,1,0,0
2179,1.283758,1.691565,MGC,2,2,0,0
218,1.471578,1.657994,MGC,2,1,0,0
2181,1.134810,1.747031,MGC,1,2,0,0
2182,1.128503,1.561309,MGC,1,1,0,0
2183,1.498259,1.696115,MGC,1,1,0,0
2184,1.229392,nan,HWC,1,0,0,0
2186,1.627114,1.508715,HWC,1,1,0,0
2187,1.359940,1.615505,MGC,1,1,0,0
2188,1.218568,1.601041,MGC,2,1,0,0
2189,1.332029,1.213568,HWC,2,1,0,0
2191,1.431569,1.464977,MGC,4,4,0,0
2192,1.361137,1.630066,MGC,5,2,0,0
2194,1.305388,1.111219,HWC,2,1,0,0
2195,1.210161,1.355961,MGC,1,1,0,0
2196,1.204140,1.416552,MGC,1,1,0,0
2197,1.230386,2.128467,MGC,1,1,0,0
2198,1.719982,1.432887,HWC,2,1,0,0
220,1.409969,1.096469,HWC,1,1,0,0
2200,1.211202,1.371473,MGC,1,1,0,0
2201,1.362826,1.192350,HWC,1,1,0,0
2205,1.406482,1.359644,HWC,1,1,0,0
2207,1.268689,1.353615,MGC,1,1,0,0
2208,1.222132,1.613721,MGC,1,1,0,0
221,1.332580,1.174616,HWC,2,1,0,0
2211,1.260519,1.411129,MGC,1,1,0,0
2212,1.158837,1.641004,MGC,1,1,0,0
2213,1.262251,1.495249,MGC,1,1,0,0
2214,1.271976,2.152644,MGC,1,1,0,0
2215,1.475828,1.157540,HWC,1,1,0,0
2216,1.412824,2.494844,MGC,2,3,0,0
2217,1.552363,1.734287,MGC,1,1,0,0
222,1.492176,1.210665,HWC,1,1,0,0
2221,1.774021,1.139128,HWC,1,1,0,0
2224,1.624669,1.921190,MGC,1,1,0,0
2226,1.380771,1.064720,HWC,1,1,0,0
2228,1.587361,1.538009,HWC,1,1,0,0
2229,1.283749,1.530168,MGC,1,1,0,0
2231,1.328050,2.224588,MGC,1,1,0,0
2236,1.487309,1.723313,MGC,1,1,0,0
2240,1.529360,1.647801,MGC,1,1,0,0
2243,1.748525,1.277791,HWC,1,1,0,0
2244,1.421927,1.492490,MGC,1,2,0,0
2245,1.562664,1.229104,HWC,2,1,0,0
2246,1.594592,1.368671,HWC,1,1,0,0
2247,1.438187,2.005837,MGC,4,1,0,0
2248,1.183523,1.214870,MGC,2,1,0,0
2249,1.202156,1.099596,HWC,2,1,0,0
2250,1.789779,1.309285,HWC,1,1,0,0
2251,1.330694,1.103108,HWC,1,1,0,0
2253,1.309233,1.552805,MGC,1,1,0,0
2257,1.281622,1.587797,MGC,1,1,0,0
2258,1.400763,1.540316,MGC,2,1,0,0
2259,1.111418,2.093610,MGC,5,1,0,0
226,1.501956,1.479818,HWC,3,1,0,0
2260,1.271194,1.530669,MGC,1,1,0,0
2261,1.463552,1.360670,HWC,1,1,0,0
2263,1.248768,1.817244,MGC,3,1,0,0
2265,1.319853,1.199779,HWC,1,1,0,0
2266,1.182455,1.219810,MGC,2,1,0,0
2268,1.431867,1.280964,HWC,1,1,0,0
227,1.136744,1.709303,MGC,1,5,0,0
2270,1.371819,1.842381,MGC,2,2,0,0
2273,1.112990,1.320610,MGC,1,1,0,0
2274,1.286798,1.499690,MGC,2,1,0,0
2275,1.295851,1.181283,HWC,1,1,0,0
2276,1.637918,1.453605,HWC,1,1,0,0
228,1.461579,1.216080,HWC,1,1,0,0
2280,1.885647,1.927026,MGC,1,1,0,0
2281,1.161078,1.492830,MGC,1,1,0,0
2282,1.299510,1.786125,MGC,1,1,0,0
2284,1.392665,1.187303,HWC,1,1,0,0
2288,1.299831,1.695815,MGC,3,1,0,0
229,1.234500,1.576707,MGC,2,1,0,0
2290,1.382890,1.419475,MGC,1,1,0,0
2291,1.220544,1.717008,MGC,1,1,0,0
2292,1.256894,1.087105,HWC,1,1,0,0
2293,1.370013,1.927642,MGC,1,1,0,0
2295,1.478848,1.130886,HWC,1,1,0,0
2298,1.339561,1.907946,MGC,1,2,0,0
2299,1.115102,1.458768,MGC,1,1,0,0
23,1.285253,1.682610,MGC,6,1,0,0
230,1.509576,2.582633,MGC,1,1,0,0
2303,1.374593,1.387732,MGC,2,7,0,0
2305,1.355140,1.188109,HWC,1,1,0,0
2306,1.277533,1.254787,HWC,1,1,0,0
231,1.182606,1.717336,MGC,1,2,0,0
2310,1.409023,1.568898,MGC,1,1,0,0
2313,1.244834,1.119130,HWC,2,1,0,0
2314,1.588903,1.790506,MGC,2,1,0,0
2316,1.437267,1.372971,HWC,2,2,0,0
2317,1.237377,3.217508,MGC,1,1,0,0
2319,1.374932,1.543640,MGC,2,1,0,0
232,1.271259,1.101813,HWC,1,1,0,0
2320,1.251380,1.029623,HWC,1,1,0,0
2322,1.442337,1.570094,MGC,2,2,0,0
2324,1.403650,1.409055,MGC,4,1,0,0
2325,1.349391,2.247709,MGC,1,1,0,0
2326,1.284833,1.609708,MGC,1,1,0,0
2327,1.538868,1.656539,MGC,1,1,0,0
2330,1.296840,2.025143,MGC,1,1,0,0
2331,1.509905,1.430315,HWC,1,1,0,0
2332,1.323993,1.622998,MGC,1,1,0,0
2333,1.386585,1.359256,HWC,1,1,0,0
2334,1.306133,1.552407,MGC,3,2,0,0
2337,1.591017,1.130248,HWC,1,1,0,0
2338,1.177818,1.248246,MGC,2,1,0,0
2339,1.279010,1.305948,MGC,2,1,0,0
2340,1.089985,1.459893,MGC,1,1,0,0
2342,1.298022,1.097352,HWC,1,1,0,0
2343,1.332421,1.634338,MGC,1,1,0,0
2344,1.469371,1.485334,MGC,1,1,0,0
2346,1.628049,1.469222,HWC,1,1,0,0
2347,1.392276,2.698782,MGC,3,4,0,0
2348,1.765040,1.765556,MGC,1,1,0,0
2349,1.325483,1.227910,HWC,2,1,0,0
235,1.471466,1.643703,MGC,1,1,0,0
2350,1.411356,1.132294,HWC,1,1,0,0
2351,1.468969,1.368148,HWC,4,1,0,0
2353,1.472449,1.323479,HWC,1,1,0,0
2354,1.398151,1.442292,MGC,2,1,0,0
2356,1.280208,3.033588,MGC,1,3,0,0
2357,1.228715,1.143588,HWC,1,1,0,0
2358,1.289725,1.419749,MGC,4,1,0,0
2359,1.321181,1.133088,HWC,1,1,0,0
236,1.215715,1.088537,HWC,1,1,0,0
2360,1.459628,1.088077,HWC,1,1,0,0
2361,1.397091,1.205464,HWC,2,1,0,0
2362,1.497592,1.492937,HWC,1,2,0,0
2363,1.993945,1.940680,HWC,2,1,0,0
2367,1.389769,1.573428,MGC,2,1,0,0
2369,1.909836,2.454704,MGC,1,1,0,0
237,1.452206,1.118978,HWC,1,1,0,0
2371,1.395362,1.321957,HWC,1,1,0,0
2372,1.172714,1.400213,MGC,1,1,0,0
2374,1.309908,1.455811,MGC,6,2,0,0
2375,1.342294,1.952127,MGC,1,1,0,0
2376,1.091536,1.106301,MGC,1,1,0,0
2377,1.389590,1.388990,HWC,1,1,0,0
2378,1.343021,1.606421,MGC,1,1,0,0
2379,1.204848,1.161912,HWC,3,1,0,0
2380,1.142952,1.217093,MGC,1,1,0,0
2381,1.162671,1.046754,HWC,1,1,0,0
2382,1.397511,1.614376,MGC,1,1,0,0
2383,1.244650,1.080377,HWC,1,1,0,0
2384,1.219352,1.855232,MGC,1,1,0,0
2385,1.179311,1.410100,MGC,2,1,0,0
2388,1.148484,1.746931,MGC,1,1,0,0
239,1.137316,1.940455,MGC,1,1,0,0
2390,1.595059,1.745317,MGC,2,1,0,0
2391,1.478042,1.574088,MGC,2,2,0,0
2392,1.233646,1.133854,HWC,1,1,0,0
2393,1.241073,1.640045,MGC,1,3,0,0
2395,1.430578,1.962264,MGC,1,1,0,0
2399,1.416865,1.079360,HWC,2,1,0,0
24,1.116515,1.789239,MGC,1,1,0,0
2401,1.232573,1.288797,MGC,1,1,0,0
2402,1.216124,1.139597,HWC,1,1,0,0
2403,1.406177,2.265618,MGC,3,2,0,0
2404,1.668529,1.983853,MGC,1,1,0,0
2405,1.200913,1.887317,MGC,7,2,0,0
2407,1.312686,1.546778,MGC,2,1,0,0
2408,1.173928,nan,HWC,4,0,0,0
2409,1.272466,1.424753,MGC,2,1,0,0
2410,1.961748,1.668998,HWC,1,1,0,0
2411,1.477199,1.807541,MGC,1,2,0,0
2412,1.662882,1.441864,HWC,1,1,0,0
2413,1.247603,1.943217,MGC,4,5,0,0
2416,1.472344,1.303220,HWC,1,1,0,0
2418,1.262202,1.885960,MGC,1,1,0,0
2419,1.592888,1.593291,MGC,1,1,0,0
242,1.575118,1.367925,HWC,3,1,0,0
2422,1.535066,1.397794,HWC,1,1,0,0
2423,1.298244,1.454430,MGC,1,1,0,0
2424,1.287770,1.531504,MGC,1,1,0,0
2427,1.298101,1.232871,HWC,4,1,0,0
2428,1.632986,2.116197,MGC,3,2,0,0
2431,1.240559,1.569554,MGC,1,1,0,0
2435,1.269134,1.020111,HWC,1,1,0,0
2436,1.279479,1.114223,HWC,1,1,0,0
2439,1.608837,1.846444,MGC,2,1,0,0
244,1.895880,1.908879,MGC,1,1,0,0
2440,1.784013,1.650029,HWC,1,1,0,0
2441,1.462932,1.756299,MGC,2,1,0,0
2442,1.260602,1.524380,MGC,2,2,0,0
2443,1.378109,1.107496,HWC,1,1,0,0
2444,1.434944,1.231875,HWC,2,1,0,0
2445,1.325518,1.447356,MGC,2,1,0,0
2447,1.301986,1.401795,MGC,3,1,0,0
2448,1.433643,1.129896,HWC,2,1,0,0
2449,1.393280,1.647941,MGC,1,1,0,0
245,1.545805,1.604563,MGC,1,1,0,0
2451,1.208365,1.217880,MGC,1,1,0,0
2452,1.274975,1.122019,HWC,1,1,0,0
2454,1.256109,1.029866,HWC,2,1,0,0
2455,1.420674,1.128456,HWC,2,1,0,0
2456,1.201555,1.301790,MGC,1,1,0,0
2457,1.270283,1.713751,MGC,2,1,0,0
2458,1.232730,1.707252,MGC,4,2,0,0
2459,1.350346,1.064363,HWC,1,1,0,0
2460,1.244701,1.011662,HWC,1,1,0,0
2463,1.303457,1.291937,HWC,1,1,0,0
2466,1.252803,1.050122,HWC,1,1,0,0
2468,1.437074,1.169746,HWC,1,1,0,0
247,1.312379,1.645934,MGC,1,2,0,0
2470,1.305756,1.386853,MGC,1,1,0,0
2472,1.682698,1.214322,HWC,1,1,0,0
2473,1.247225,1.218840,HWC,2,1,0,0
2475,1.446101,1.125922,HWC,1,1,0,0
2476,1.257251,1.042999,HWC,1,1,0,0
2479,1.307282,1.527374,MGC,3,1,0,0
248,1.317350,1.526093,MGC,4,2,0,0
2480,1.254849,1.732660,MGC,6,1,0,0
2482,1.304728,1.804709,MGC,2,2,0,0
2484,1.456558,1.841674,MGC,2,1,0,0
2485,1.037521,1.121196,MGC,1,1,0,0
2487,1.228750,1.499214,MGC,3,1,0,0
2488,1.610519,1.254852,HWC,1,1,0,0
2489,1.612376,1.812585,MGC,1,1,0,0
249,1.547523,1.120211,HWC,1,1,0,0
2493,1.594360,1.261827,HWC,1,1,0,0
2496,1.451166,2.428467,MGC,1,1,0,0
2498,1.430011,1.441711,MGC,5,1,0,0
2499,1.132738,1.115037,HWC,1,1,0,0
25,1.352333,1.360990,MGC,1,1,0,0
250,1.255948,1.686052,MGC,2,2,0,0
2500,1.414629,1.356258,HWC,2,1,0,0
2501,1.164529,1.229081,MGC,1,1,0,0
2502,1.301236,1.470179,MGC,1,1,0,0
2503,1.180036,1.144155,HWC,1,1,0,0
2505,1.423814,1.390700,HWC,1,1,0,0
2507,1.419710,1.095826,HWC,4,1,0,0
2508,1.291428,1.064133,HWC,1,1,0,0
2509,1.215172,nan,HWC,2,0,0,0
251,1.267759,1.393874,MGC,3,1,0,0
2511,1.140856,1.023384,HWC,1,1,0,0
2512,1.567602,1.153377,HWC,1,1,0,0
2515,1.386908,1.603003,MGC,3,1,0,0
2517,1.349154,1.551546,MGC,1,1,0,0
2518,1.214725,1.148319,HWC,1,1,0,0
2519,1.235008,1.627615,MGC,2,2,0,0
2520,1.206978,1.395205,MGC,3,1,0,0
2521,1.366310,1.562013,MGC,3,1,0,0
2522,1.340475,2.158564,MGC,1,4,0,0
2526,1.635215,1.466733,HWC,1,1,0,0
2528,1.347309,1.587141,MGC,2,1,0,0
253,1.655325,1.716675,MGC,1,1,0,0
2531,1.157415,1.060840,HWC,1,1,0,0
2532,1.226839,1.772799,MGC,4,2,0,0
2534,1.365723,1.705398,MGC,1,2,0,0
2535,1.481782,1.054406,HWC,2,1,0,0
2538,1.297449,1.724278,MGC,1,4,0,0
2540,1.380471,1.149997,HWC,1,1,0,0
2541,1.375954,1.089419,HWC,2,1,0,0
2542,1.203089,1.881268,MGC,4,1,0,0
2543,1.300394,1.535139,MGC,1,1,0,0
2546,1.391677,1.846354,MGC,2,3,0,0
2547,1.326756,1.581472,MGC,3,1,0,0
2548,1.421275,1.049866,HWC,1,1,0,0
2549,1.405066,1.499221,MGC,1,1,0,0
255,1.410093,1.604967,MGC,1,1,0,0
2550,1.564227,1.325311,HWC,1,1,0,0
2552,1.236193,1.605394,MGC,1,1,0,0
2553,1.401921,1.814427,MGC,4,1,0,0
2554,1.167747,1.261385,MGC,1,1,0,0
2555,1.504734,1.500087,HWC,3,1,0,0
2556,1.172256,1.084211,HWC,1,1,0,0
2557,1.307766,1.139020,HWC,1,1,0,0
2558,1.343532,1.990175,MGC,1,1,0,0
256,1.508098,2.584453,MGC,1,4,0,0
2560,1.272592,1.393470,MGC,1,1,0,0
2561,1.408676,1.951241,MGC,1,1,0,0
2564,1.807467,1.780945,HWC,2,1,0,0
2565,1.412985,1.106982,HWC,1,1,0,0
2566,1.246408,1.145413,HWC,2,1,0,0
2567,1.229662,1.466082,MGC,1,1,0,0
2568,1.314052,1.836247,MGC,3,1,0,0
2571,1.266984,1.566670,MGC,1,1,0,0
2573,1.455137,1.383128,HWC,2,1,0,0
2575,1.407084,1.580089,MGC,1,1,0,0
2576,1.601822,2.172024,MGC,2,1,0,0
2578,1.319359,1.786268,MGC,2,2,0,0
2579,1.553987,1.530755,HWC,1,6,0,0
2580,1.319575,1.880965,MGC,1,1,0,0
2582,1.291124,1.589769,MGC,2,2,0,0
2583,1.406055,1.300221,HWC,1,1,0,0
2584,1.669738,1.536871,HWC,1,1,0,0
2585,1.323020,1.573315,MGC,3,2,0,0
2586,1.295153,1.406878,MGC,2,1,0,0
259,1.298521,1.709149,MGC,1,2,0,0
2590,1.569013,1.846330,MGC,2,1,0,0
2591,1.489820,1.405646,HWC,1,1,0,0
2592,1.481600,1.171292,HWC,2,1,0,0
2595,1.215923,1.100243,HWC,5,1,0,0
2596,1.438674,1.724565,MGC,2,1,0,0
2597,1.240575,1.689329,MGC,1,1,0,0
2598,1.220531,1.263362,MGC,1,1,0,0
2599,1.462447,1.153804,HWC,1,1,0,0
26,1.235631,2.350513,MGC,1,1,0,0
2600,1.221912,1.144564,HWC,1,1,0,0
2601,1.865005,1.186194,HWC,1,1,0,0
2603,1.268162,1.035817,HWC,1,1,0,0
2605,1.277395,1.208643,HWC,1,1,0,0
2607,1.216694,1.463241,MGC,1,1,0,0
2608,1.102798,1.790794,MGC,1,1,0,0
2609,1.277257,1.246806,HWC,1,1,0,0
261,1.201440,1.179419,HWC,1,1,0,0
2611,1.210042,1.055437,HWC,2,1,0,0
2612,1.645195,1.058512,HWC,2,1,0,0
2613,1.366905,1.189181,HWC,1,1,0,0
2614,1.617057,1.533047,HWC,1,1,0,0
2615,1.288497,1.486980,MGC,1,1,0,0
2618,1.268291,1.046927,HWC,1,1,0,0
2619,1.225623,1.188931,HWC,1,1,0,0
262,1.515768,1.418752,HWC,1,1,0,0
2620,1.145853,1.690530,MGC,1,1,0,0
2621,1.673839,1.593778,HWC,1,1,0,0
2623,1.308591,1.417275,MGC,1,1,0,0
2624,1.252818,1.391529,MGC,9,2,0,0
2625,1.349733,1.502276,MGC,2,1,0,0
2626,1.310998,nan,HWC,1,0,0,0
2628,1.643786,2.463791,MGC,1,1,0,0
2629,1.219916,1.564672,MGC,1,1,0,0
263,1.401462,1.558508,MGC,1,1,0,0
2630,1.366732,1.836177,MGC,2,1,0,0
2631,1.245847,2.075504,MGC,1,1,0,0
2632,1.362351,1.539937,MGC,3,1,0,0
2636,1.277612,1.240579,HWC,1,1,0,0
2637,1.419264,1.746472,MGC,2,2,0,0
2638,1.310031,1.094641,HWC,1,1,0,0
2639,1.212658,1.671590,MGC,1,1,0,0
264,1.200824,1.243975,MGC,1,1,0,0
2640,1.600206,1.507970,HWC,1,1,0,0
2641,1.462471,1.219341,HWC,2,1,0,0
2643,1.437465,1.514950,MGC,1,1,0,0
2644,1.659294,1.690922,MGC,1,1,0,0
2646,1.237947,1.314962,MGC,2,1,0,0
2647,1.302547,1.242850,HWC,1,1,0,0
2648,1.418052,2.031191,MGC,1,1,0,0
2649,1.180626,1.854709,MGC,1,1,0,0
265,1.342375,1.598555,MGC,1,1,0,0
2652,1.393719,1.591139,MGC,1,1,0,0
2653,1.349886,2.173550,MGC,2,1,0,0
2654,1.327661,1.482312,MGC,1,2,0,0
2655,1.291434,1.764412,MGC,2,1,0,0
2656,1.125810,1.242394,MGC,1,1,0,0
2657,1.369982,1.737520,MGC,2,1,0,0
2659,1.279904,1.263708,HWC,2,1,0,0
2662,1.349052,1.154431,HWC,3,1,0,0
2664,1.531133,1.536394,MGC,1,1,0,0
2665,1.312958,1.375180,MGC,1,1,0,0
2667,1.240755,1.397312,MGC,1,1,0,0
2669,1.536186,1.128575,HWC,2,1,0,0
2677,1.273197,2.360548,MGC,2,3,0,0
2679,2.075238,2.440251,MGC,1,1,0,0
268,1.564681,1.615467,MGC,1,1,0,0
2682,1.339521,1.586630,MGC,1,1,0,0
2683,1.249681,1.738742,MGC,3,1,0,0
2684,1.295979,1.776694,MGC,1,1,0,0
2685,1.393178,1.036341,HWC,1,1,0,0
2686,1.200365,1.709520,MGC,1,3,0,0
2687,1.880795,1.731589,HWC,1,1,0,0
2689,1.440433,1.447618,MGC,1,1,0,0
269,1.420256,1.791076,MGC,2,1,0,0
2690,1.568867,1.634845,MGC,2,2,0,0
2692,1.360098,1.394213,MGC,1,1,0,0
2693,1.799775,1.750471,HWC,1,1,0,0
2694,1.429423,1.545773,MGC,2,1,0,0
2696,1.291698,1.133092,HWC,2,1,0,0
2697,1.578108,1.385020,HWC,1,1,0,0
2699,1.300890,1.968672,MGC,1,1,0,0
27,1.412390,1.915693,MGC,1,1,0,0
2700,1.179383,1.665636,MGC,1,1,0,0
2701,1.359417,1.412133,MGC,1,1,0,0
2703,1.398639,1.069760,HWC,1,1,0,0
2706,1.436407,1.074749,HWC,1,1,0,0
2709,1.335751,1.374863,MGC,2,3,0,0
2716,1.207022,1.247204,MGC,1,1,0,0
2720,1.391142,1.592729,MGC,1,1,0,0
2723,1.531420,1.953104,MGC,1,2,0,0
2725,1.090988,1.360293,MGC,1,1,0,0
2726,1.460701,1.784118,MGC,1,1,0,0
2728,1.278438,1.136344,HWC,1,1,0,0
273,1.359853,1.745522,MGC,1,1,0,0
2730,1.245632,1.718726,MGC,1,1,0,0
2732,1.359222,1.403399,MGC,1,1,0,0
2734,1.697794,1.705189,MGC,1,1,0,0
2735,1.108967,1.462682,MGC,2,1,0,0
2736,1.245744,1.659253,MGC,3,2,0,0
2740,1.619578,1.408779,HWC,2,1,0,0
2742,1.569919,1.088394,HWC,1,1,0,0
2744,1.252740,2.554545,MGC,1,1,0,0
2745,1.320727,1.918178,MGC,1,1,0,0
2746,1.319794,1.879730,MGC,1,1,0,0
2748,1.493739,1.969418,MGC,2,5,0,0
275,1.296031,1.925763,MGC,2,1,0,0
2750,1.509844,1.890702,MGC,1,1,0,0
2751,1.869751,1.286479,HWC,1,1,0,0
2753,1.826028,1.101728,HWC,2,1,0,0
2754,1.272153,1.525829,MGC,2,2,0,0
2756,1.391900,1.479830,MGC,2,2,0,0
2757,1.219161,1.472917,MGC,2,1,0,0
2758,1.382143,1.127079,HWC,2,1,0,0
2759,1.330043,nan,HWC,4,0,0,0
276,1.293819,1.653740,MGC,1,1,0,0
2760,1.285164,1.573427,MGC,1,1,0,0
2761,1.289493,1.398300,MGC,1,1,0,0
2762,1.282788,1.051510,HWC,1,1,0,0
2764,1.252695,1.474265,MGC,2,1,0,0
2765,1.268851,nan,HWC,4,0,0,0
2766,1.228880,1.235058,MGC,1,1,0,0
2767,1.502920,1.582279,MGC,2,1,0,0
2768,1.535840,1.112061,HWC,2,1,0,0
2769,1.243588,nan,HWC,3,0,0,0
277,1.395548,1.373208,HWC,1,1,0,0
2771,1.279049,1.446982,MGC,2,1,0,0
2773,1.129866,1.254097,MGC,1,1,0,0
2774,1.367268,1.392828,MGC,3,1,0,0
2775,1.504199,2.146923,MGC,2,2,0,0
2777,1.575534,1.170562,HWC,1,1,0,0
2782,1.102320,1.187237,MGC,1,1,0,0
2784,1.424456,1.815281,MGC,1,1,0,0
2785,1.309458,1.638855,MGC,1,1,0,0
2786,1.411775,1.460367,MGC,1,1,0,0
2787,1.373742,1.832515,MGC,1,1,0,0
2788,1.310592,1.932847,MGC,1,1,0,0
279,1.354301,1.075589,HWC,3,1,0,0
2790,1.337367,1.460926,MGC,2,3,0,0
2791,1.268000,1.109240,HWC,3,1,0,0
2792,1.224441,1.125776,HWC,2,1,0,0
2793,1.293237,1.447680,MGC,2,5,0,0
2798,1.598277,1.479732,HWC,3,1,0,0
2799,1.120642,1.116067,HWC,1,1,0,0
28,1.249807,1.101928,HWC,1,1,0,0
280,1.367166,1.849973,MGC,1,1,0,0
2802,1.201706,1.383931,MGC,2,1,0,0
2803,1.389050,1.447011,MGC,2,1,0,0
2805,1.365871,1.867226,MGC,1,1,0,0
2806,1.174056,1.575332,MGC,3,1,0,0
2807,1.262790,1.003400,HWC,1,1,0,0
281,1.269418,1.057350,HWC,1,1,0,0
2811,1.195966,0.990842,HWC,3,1,0,0
2812,1.672512,1.668675,HWC,3,1,0,0
2813,1.346859,1.613570,MGC,1,1,0,0
2815,1.491930,1.604817,MGC,2,1,0,0
2818,1.353681,1.162402,HWC,1,1,0,0
2819,1.331072,1.735797,MGC,2,2,0,0
2821,1.244428,1.400261,MGC,1,1,0,0
2822,1.435812,1.723786,MGC,2,1,0,0
2824,1.278046,1.200795,HWC,1,1,0,0
2825,1.239138,1.823777,MGC,4,5,0,0
283,1.486541,1.289900,HWC,2,1,0,0
2830,1.203004,1.766050,MGC,1,1,0,0
2831,1.255559,1.395790,MGC,6,1,0,0
2833,1.330603,1.547028,MGC,2,1,0,0
2836,1.422874,1.525468,MGC,1,1,0,0
2837,1.959451,1.114599,HWC,1,1,0,0
2839,1.422123,nan,HWC,1,0,0,0
284,1.553483,1.236435,HWC,1,1,0,0
2841,1.226043,1.105648,HWC,1,1,0,0
2843,1.224312,1.217286,HWC,7,1,0,0
2844,1.521568,1.250878,HWC,1,1,0,0
2845,1.344717,1.140058,HWC,4,1,0,0
2846,1.380029,1.895338,MGC,1,1,0,0
2848,1.374319,1.665987,MGC,2,2,0,0
285,1.260458,1.529066,MGC,4,2,0,0
2850,1.506869,1.164215,HWC,2,1,0,0
2851,1.255912,1.401532,MGC,1,1,0,0
2852,1.254815,1.542730,MGC,1,1,0,0
2853,1.287946,1.517834,MGC,1,1,0,0
2856,1.218770,1.113172,HWC,1,1,0,0
2857,1.440797,1.777545,MGC,1,2,0,0
2859,1.175120,1.022860,HWC,1,1,0,0
286,1.098775,1.481529,MGC,1,1,0,0
2860,1.270471,1.683394,MGC,1,2,0,0
2863,1.394170,1.543683,MGC,1,2,0,0
2864,1.299214,nan,HWC,2,0,0,0
2865,1.402889,1.036799,HWC,1,1,0,0
2866,1.243900,1.429906,MGC,1,1,0,0
2867,1.425421,1.356145,HWC,1,1,0,0
2868,1.714999,1.695085,HWC,1,1,0,0
2869,1.371600,2.412356,MGC,1,3,0,0
287,1.602506,1.933209,MGC,2,2,0,0
2870,1.232951,1.723118,MGC,2,4,0,0
2873,1.389232,1.742701,MGC,1,1,0,0
2876,1.368552,1.095266,HWC,1,1,0,0
2879,1.725422,1.324547,HWC,1,1,0,0
288,1.153818,1.054700,HWC,1,1,0,0
2880,1.474188,1.382620,HWC,1,1,0,0
2881,1.679584,1.314466,HWC,1,1,0,0
2882,1.330530,1.428774,MGC,1,1,0,0
2883,1.354158,1.242566,HWC,1,1,0,0
2884,1.346517,1.173131,HWC,1,1,0,0
2885,1.525051,1.712470,MGC,1,1,0,0
2886,1.635547,1.235185,HWC,1,1,0,0
2889,1.384512,1.116700,HWC,3,1,0,0
2890,1.229149,1.251354,MGC,2,1,0,0
2891,1.433127,2.325236,MGC,1,1,0,0
2892,1.145736,2.936824,MGC,1,3,0,0
2895,1.815084,1.113014,HWC,1,1,0,0
2896,1.682695,1.921077,MGC,1,1,0,0
2897,1.542619,2.190841,MGC,1,1,0,0
2898,1.414399,1.469964,MGC,1,1,0,0
2899,1.174522,1.197546,MGC,2,1,0,0
29,1.282928,1.934174,MGC,5,5,0,0
290,1.265874,1.630843,MGC,8,1,0,0
2900,1.289277,1.496507,MGC,1,1,0,0
2901,1.334913,1.880563,MGC,2,1,0,0
2902,1.376071,1.516019,MGC,2,1,0,0
2905,1.354200,1.124702,HWC,1,1,0,0
2909,1.352269,nan,HWC,3,0,0,0
291,1.279961,1.294107,MGC,1,1,0,0
2910,1.432625,1.791399,MGC,1,1,0,0
2911,1.187774,1.771926,MGC,1,1,0,0
2912,1.235990,1.075233,HWC,1,1,0,0
2914,1.541867,1.490487,HWC,4,2,0,0
2915,1.282205,nan,HWC,1,0,0,0
2916,1.096058,1.139269,MGC,1,1,0,0
2918,1.294259,1.505612,MGC,2,1,0,0
2919,1.155137,1.066193,HWC,1,1,0,0
2921,1.441974,1.202524,HWC,2,1,0,0
2922,1.985772,1.982085,HWC,1,1,0,0
2923,1.143189,1.626542,MGC,1,2,0,0
2924,1.260947,1.304745,MGC,1,1,0,0
2926,1.399685,1.732053,MGC,2,1,0,0
2927,1.335530,1.163756,HWC,2,1,0,0
2928,1.257063,1.108854,HWC,2,1,0,0
2929,1.294120,nan,HWC,1,0,0,0
293,1.161821,1.146518,HWC,1,1,0,0
2930,1.417994,1.191138,HWC,1,1,0,0
2932,1.157252,1.445789,MGC,1,1,0,0
2933,1.400906,2.227329,MGC,1,2,0,0
2934,1.475857,1.685518,MGC,2,1,0,0
2937,1.431702,1.949267,MGC,1,1,0,0
2939,1.537679,1.056813,HWC,1,1,0,0
294,1.484192,1.854579,MGC,3,1,0,0
2942,1.590488,1.408474,HWC,1,1,0,0
2944,1.236406,1.445185,MGC,6,2,0,0
2945,1.174487,1.133007,HWC,1,1,0,0
2946,1.216893,1.124112,HWC,1,1,0,0
2947,1.265623,1.623479,MGC,2,1,0,0
2948,1.305546,1.121335,HWC,1,1,0,0
2950,1.472727,1.189988,HWC,1,1,0,0
2953,1.303244,1.437776,MGC,5,1,0,0
2958,1.435189,1.848377,MGC,1,1,0,0
2959,1.375541,1.337766,HWC,8,1,0,0
296,1.289790,1.280280,HWC,1,1,0,0
2960,1.327997,1.127651,HWC,3,1,0,0
2963,1.280752,1.054277,HWC,2,1,0,0
2964,1.205269,1.399432,MGC,1,1,0,0
2965,1.138599,1.246957,MGC,1,1,0,0
2967,1.304587,1.443252,MGC,3,1,0,0
2968,1.347135,2.435502,MGC,3,5,0,0
2969,1.311396,1.327016,MGC,2,1,0,0
297,1.700908,1.840757,MGC,1,1,0,0
2970,1.528468,1.517190,HWC,1,1,0,0
2972,1.491266,1.579331,MGC,1,1,0,0
2974,1.287316,1.698266,MGC,1,2,0,0
2976,1.363253,1.839363,MGC,1,1,0,0
2978,1.377597,1.516169,MGC,1,3,0,0
2979,1.253106,1.119406,HWC,1,1,0,0
298,1.315977,2.613910,MGC,1,5,0,0
2980,1.415355,1.117821,HWC,1,1,0,0
2981,1.398846,1.585126,MGC,1,1,0,0
2982,1.108798,1.429761,MGC,1,2,0,0
2986,1.169252,1.117024,HWC,1,1,0,0
2987,1.214286,1.639322,MGC,1,2,0,0
2988,1.264612,1.383116,MGC,2,1,0,0
2989,1.276667,1.595524,MGC,4,1,0,0
2990,1.219641,1.597727,MGC,1,1,0,0
2991,1.620301,2.001900,MGC,2,1,0,0
2993,1.560376,1.284584,HWC,3,3,0,0
2995,1.221100,1.456532,MGC,1,1,0,0
2996,1.749931,1.112647,HWC,1,1,0,0
2997,1.433224,1.426679,HWC,1,1,0,0
2998,1.596032,2.287464,MGC,1,1,0,0
2999,1.591139,1.701851,MGC,1,1,0,0
3,1.676706,3.467272,MGC,1,1,0,0
30,1.374859,1.799576,MGC,1,1,0,0
300,1.489501,0.971320,HWC,1,1,0,0
3000,1.293008,1.422328,MGC,1,1,0,0
3002,1.285690,1.607312,MGC,2,2,0,0
3003,1.918133,1.156322,HWC,1,1,0,0
3004,1.244637,1.300580,MGC,1,1,0,0
3005,1.253444,1.442939,MGC,1,1,0,0
3008,1.335482,1.273106,HWC,2,1,0,0
3010,1.534867,1.521277,HWC,1,1,0,0
3012,1.205836,1.209476,MGC,1,1,0,0
3013,1.258291,1.165995,HWC,1,1,0,0
3015,1.288204,1.609103,MGC,2,2,0,0
3016,1.578992,2.514315,MGC,1,1,0,0
3017,1.332532,1.372525,MGC,4,1,0,0
3018,1.319031,1.312439,HWC,1,1,0,0
302,1.241620,1.712663,MGC,1,1,0,0
3022,1.322863,1.082361,HWC,1,1,0,0
3023,1.215871,2.022941,MGC,1,1,0,0
3025,1.413957,2.035005,MGC,5,1,0,0
3027,1.344436,1.542297,MGC,3,2,0,0
3029,1.404317,1.136157,HWC,1,1,0,0
303,1.098086,1.070410,HWC,1,1,0,0
3030,1.195207,1.507200,MGC,1,1,0,0
3031,1.206625,1.630420,MGC,1,3,0,0
3032,1.287955,1.760394,MGC,2,1,0,0
3033,1.487396,1.102745,HWC,1,1,0,0
3034,1.371657,1.882986,MGC,3,1,0,0
3035,1.280496,1.095524,HWC,2,1,0,0
3036,1.738064,1.703600,HWC,1,1,0,0
304,1.231085,1.510250,MGC,1,1,0,0
3042,1.326286,1.395140,MGC,1,1,0,0
3044,1.202776,1.793004,MGC,9,1,0,0
3045,1.228472,2.178658,MGC,1,2,0,0
3046,1.377002,1.410183,MGC,3,1,0,0
3047,1.321241,1.384877,MGC,4,1,0,0
3049,1.388936,1.113063,HWC,1,1,0,0
305,1.124456,1.202244,MGC,1,1,0,0
3050,1.279568,1.470279,MGC,1,1,0,0
3051,1.113654,1.451728,MGC,1,1,0,0
3052,1.532790,1.630774,MGC,2,1,0,0
3053,1.438730,1.833025,MGC,2,1,0,0
3054,1.411294,1.457429,MGC,2,1,0,0
3056,1.296610,1.751136,MGC,2,1,0,0
3057,1.489579,1.665958,MGC,3,2,0,0
306,1.817437,1.545149,HWC,1,1,0,0
3060,1.319794,1.162382,HWC,3,1,0,0
3061,1.137587,1.142682,MGC,1,1,0,0
3062,1.484331,1.391984,HWC,1,1,0,0
3063,1.292130,1.976557,MGC,4,2,0,0
3064,1.416490,1.427683,MGC,2,1,0,0
3066,1.246754,1.561538,MGC,2,2,0,0
3067,1.228683,1.501192,MGC,5,1,0,0
3068,1.441231,1.193355,HWC,1,1,0,0
3069,1.328534,nan,HWC,2,0,0,0
307,1.402494,1.175011,HWC,1,1,0,0
3071,1.471375,1.125460,HWC,1,1,0,0
3072,1.192272,1.158991,HWC,1,1,0,0
3073,1.571085,1.752132,MGC,1,1,0,0
3074,1.287913,1.893114,MGC,1,2,0,0
3075,1.341688,2.125488,MGC,3,1,0,0
3076,1.308704,1.046531,HWC,1,1,0,0
3078,1.529014,2.252000,MGC,1,2,0,0
308,1.350651,1.287382,HWC,1,1,0,0
3081,1.644241,1.135574,HWC,1,1,0,0
3082,1.222017,2.052833,MGC,6,1,0,0
3083,1.195995,1.195233,HWC,1,1,0,0
3085,1.203562,1.353018,MGC,4,3,0,0
3086,1.516104,1.829765,MGC,3,2,0,0
3087,1.285747,1.109421,HWC,3,1,0,0
3089,1.500681,1.469145,HWC,1,1,0,0
309,1.144711,1.800946,MGC,1,1,0,0
3091,1.581634,1.157356,HWC,1,1,0,0
3092,1.619759,1.418189,HWC,2,1,0,0
3093,1.835177,1.693321,HWC,1,2,0,0
3096,1.374499,1.679544,MGC,2,2,0,0
3097,1.338764,1.145283,HWC,1,1,0,0
310,1.318942,1.023844,HWC,1,1,0,0
3100,1.270182,2.003818,MGC,1,6,0,0
3101,1.429291,1.284871,HWC,1,1,0,0
3102,1.486699,1.766820,MGC,1,1,0,0
3103,1.228711,1.093244,HWC,1,1,0,0
3104,1.485265,1.341095,HWC,1,1,0,0
3105,1.324374,1.266404,HWC,3,1,0,0
3106,1.347594,1.460275,MGC,1,1,0,0
3109,1.420548,1.342047,HWC,1,1,0,0
311,1.276069,1.044687,HWC,1,1,0,0
3111,1.648608,1.227682,HWC,1,1,0,0
3112,1.238078,1.459816,MGC,2,1,0,0
3113,1.186352,1.124322,HWC,1,1,0,0
3114,1.333332,1.498656,MGC,2,1,0,0
3115,1.129326,1.384660,MGC,1,1,0,0
3116,1.270396,1.715290,MGC,2,4,0,0
3117,1.402709,1.121882,HWC,2,1,0,0
3118,1.369516,1.693760,MGC,1,1,0,0
3119,1.353608,1.914316,MGC,5,1,0,0
3120,1.265035,1.263922,HWC,1,1,0,0
3121,1.292617,1.331825,MGC,2,1,0,0
3123,1.250098,1.686517,MGC,4,1,0,0
3124,1.315995,1.300418,HWC,1,1,0,0
3126,1.244172,1.054666,HWC,1,1,0,0
3127,1.325220,2.218862,MGC,1,3,0,0
3129,1.396025,2.206073,MGC,3,3,0,0
313,1.548576,1.601285,MGC,2,1,0,0
3130,1.450484,1.666009,MGC,1,2,0,0
3131,1.219570,1.022317,HWC,2,1,0,0
3133,1.277205,1.567474,MGC,2,1,0,0
3135,1.352372,1.293731,HWC,2,1,0,0
3137,1.393709,1.423806,MGC,1,1,0,0
3138,1.641625,1.621346,HWC,2,1,0,0
3139,1.347679,1.248299,HWC,2,1,0,0
3140,1.361310,1.475252,MGC,1,1,0,0
3142,1.134981,1.269738,MGC,1,1,0,0
3146,1.249840,1.089500,HWC,1,1,0,0
315,1.321494,nan,HWC,2,0,0,0
3150,1.379890,1.751653,MGC,5,1,0,0
3152,1.237266,1.103678,HWC,1,1,0,0
3154,1.218379,1.169329,HWC,1,1,0,0
3155,1.408323,1.133849,HWC,1,1,0,0
3158,1.352960,1.482498,MGC,1,1,0,0
316,1.108811,1.093177,HWC,1,1,0,0
3160,1.583012,1.138356,HWC,1,1,0,0
3161,1.463790,1.544024,MGC,2,6,0,0
3162,1.250268,1.495384,MGC,3,1,0,0
3163,1.483332,1.110162,HWC,2,1,0,0
3164,1.317659,1.111580,HWC,1,1,0,0
3165,1.437756,1.796183,MGC,3,1,0,0
3166,1.250632,0.964777,HWC,1,1,0,0
3167,1.225424,1.348972,MGC,1,1,0,0
3169,2.070878,2.535947,MGC,1,1,0,0
317,1.008080,1.031451,MGC,1,1,0,0
3170,1.412601,1.309438,HWC,1,1,0,0
3171,1.386073,1.853446,MGC,2,1,0,0
3173,1.346703,1.803207,MGC,5,2,0,0
3174,1.151994,1.250654,MGC,2,1,0,0
3175,1.296258,2.051445,MGC,1,1,0,0
3176,1.371883,1.743791,MGC,3,2,0,0
3177,1.454092,1.698732,MGC,2,1,0,0
3178,1.145045,1.969950,MGC,1,1,0,0
3179,1.197535,1.180006,HWC,1,1,0,0
318,1.448434,1.101975,HWC,2,1,0,0
3180,1.117583,1.406481,MGC,1,1,0,0
3186,1.337542,1.365029,MGC,1,1,0,0
3188,1.371760,1.565932,MGC,3,1,0,0
3189,1.156171,1.310481,MGC,1,1,0,0
3190,1.383407,1.479400,MGC,2,1,0,0
3191,1.549512,1.581511,MGC,1,1,0,0
3192,1.193241,1.404910,MGC,1,1,0,0
3195,1.176602,3.017772,MGC,1,1,0,0
3196,1.307418,1.459796,MGC,1,1,0,0
3197,1.251322,1.380710,MGC,1,1,0,0
3198,1.195885,1.163526,HWC,1,1,0,0
3199,1.629322,1.742222,MGC,1,1,0,0
32,1.334020,1.685984,MGC,2,1,0,0
320,1.338476,1.585584,MGC,2,1,0,0
3201,1.567190,2.630319,MGC,1,1,0,0
3202,1.353474,1.508190,MGC,1,1,0,0
3203,1.396223,1.627960,MGC,1,1,0,0
3205,1.589970,1.786469,MGC,1,1,0,0
3207,1.252213,1.267366,MGC,2,1,0,0
3209,1.405479,1.382443,HWC,1,1,0,0
3210,1.305241,1.694081,MGC,3,1,0,0
3211,1.445129,1.655802,MGC,1,1,0,0
3212,1.396787,2.660163,MGC,4,1,0,0
3214,1.305567,nan,HWC,1,0,0,0
3215,1.253766,1.455837,MGC,4,2,0,0
3216,1.480067,1.570355,MGC,1,1,0,0
3217,1.376873,1.869349,MGC,1,1,0,0
3219,1.254226,1.574270,MGC,1,1,0,0
322,1.715913,1.186585,HWC,1,1,0,0
3220,1.370746,1.275854,HWC,4,1,0,0
3221,1.218737,1.389530,MGC,2,1,0,0
3222,1.308007,1.218292,HWC,1,1,0,0
3223,1.206879,2.126314,MGC,4,1,0,0
3224,1.294900,1.092161,HWC,1,1,0,0
3225,1.428329,1.634599,MGC,2,1,0,0
3226,1.405441,1.513708,MGC,1,1,0,0
3228,1.409514,2.155964,MGC,1,3,0,0
3229,1.411956,1.889356,MGC,1,2,0,0
323,1.433499,1.144508,HWC,1,1,0,0
3231,1.280451,2.125250,MGC,1,4,0,0
3232,1.164894,1.531601,MGC,1,1,0,0
3233,1.573289,1.204435,HWC,1,1,0,0
3234,1.408348,1.736856,MGC,2,2,0,0
3235,1.279157,1.288268,MGC,1,1,0,0
3237,1.177592,1.822144,MGC,1,1,0,0
3238,1.330500,1.176587,HWC,1,1,0,0
324,1.376143,1.426052,MGC,1,1,0,0
3241,1.354338,1.210160,HWC,2,1,0,0
3243,1.790364,1.252627,HWC,1,1,0,0
3244,1.205158,1.071500,HWC,1,1,0,0
3245,1.269167,1.521456,MGC,2,1,0,0
3248,1.332132,1.107023,HWC,1,1,0,0
325,1.139707,1.437566,MGC,1,1,0,0
3250,1.455833,1.477722,MGC,2,1,0,0
3251,1.283484,1.597238,MGC,1,1,0,0
3252,1.292993,1.794106,MGC,1,1,0,0
3253,1.054782,1.042770,HWC,1,1,0,0
3255,1.315738,nan,HWC,4,0,0,0
3256,1.541452,1.517355,HWC,3,2,0,0
3258,1.489339,2.518162,MGC,1,1,0,0
326,1.399758,1.589216,MGC,1,1,0,0
3260,1.159300,1.150932,HWC,1,1,0,0
3261,1.485559,1.043221,HWC,1,1,0,0
3262,1.205777,1.097945,HWC,4,1,0,0
3264,1.290058,nan,HWC,1,0,0,0
3266,1.187827,1.158802,HWC,1,1,0,0
3268,1.133145,1.201859,MGC,1,1,0,0
3269,1.261373,1.763174,MGC,2,1,0,0
327,1.470675,1.181572,HWC,1,1,0,0
3270,1.355484,1.574021,MGC,2,1,0,0
3273,1.301829,1.401579,MGC,3,1,0,0
3274,1.179834,1.095096,HWC,1,1,0,0
3276,1.167970,1.321501,MGC,1,1,0,0
3280,1.298571,1.116416,HWC,1,1,0,0
3284,1.382284,1.662702,MGC,1,1,0,0
3285,1.462160,1.822490,MGC,2,1,0,0
3287,1.511732,1.639639,MGC,1,2,0,0
3288,1.536042,1.039189,HWC,3,1,0,0
3289,1.292516,1.677121,MGC,2,4,0,0
329,1.339507,1.257692,HWC,1,1,0,0
3292,1.451123,1.422576,HWC,1,1,0,0
3293,1.254563,1.618249,MGC,2,1,0,0
3294,1.248441,1.562953,MGC,1,1,0,0
3295,1.408640,1.075214,HWC,2,1,0,0
3296,1.215402,1.169445,HWC,1,1,0,0
3297,1.364982,1.852397,MGC,3,2,0,0
3298,1.342751,1.243553,HWC,1,1,0,0
33,1.379979,1.166007,HWC,1,1,0,0
330,1.204502,1.232401,MGC,1,1,0,0
3300,1.666115,2.180895,MGC,1,1,0,0
3301,1.331542,1.766360,MGC,1,1,0,0
3302,1.090184,1.040100,HWC,1,1,0,0
3303,1.229880,1.813183,MGC,9,7,0,0
3304,1.297384,1.115793,HWC,1,1,0,0
3306,1.150343,1.535486,MGC,1,1,0,0
3307,1.607256,1.254919,HWC,1,1,0,0
3308,1.274209,1.344314,MGC,2,1,0,0
3309,1.115118,1.000000,HWC,1,1,0,0
331,1.340954,1.344454,MGC,1,1,0,0
3310,1.466507,1.151627,HWC,1,1,0,0
3311,1.436221,1.347329,HWC,1,1,0,0
3312,1.425028,1.043145,HWC,1,1,0,0
3314,1.160555,1.368414,MGC,3,1,0,0
3315,1.342986,1.137959,HWC,2,1,0,0
3317,1.043351,1.189388,MGC,1,1,0,0
3321,1.359642,1.135977,HWC,1,1,0,0
3322,1.567048,1.557837,HWC,1,1,0,0
3323,1.354581,1.817591,MGC,7,1,0,0
3324,1.314721,1.407855,MGC,4,1,0,0
3325,1.593798,1.851792,MGC,2,1,0,0
3328,1.257185,1.168641,HWC,1,1,0,0
3329,1.308168,1.308230,MGC,1,1,0,0
333,1.328190,1.141277,HWC,1,1,0,0
3330,1.300470,1.086905,HWC,2,1,0,0
3332,1.226190,1.483104,MGC,1,1,0,0
3333,1.587871,2.028264,MGC,1,3,0,0
3335,1.269080,1.346811,MGC,1,1,0,0
3336,1.379160,1.380693,MGC,1,1,0,0
3338,1.429706,1.470108,MGC,3,1,0,0
3340,1.542936,2.059556,MGC,1,1,0,0
3343,1.460269,1.859754,MGC,2,1,0,0
3344,1.218084,1.143561,HWC,1,1,0,0
3346,1.428031,1.059690,HWC,1,1,0,0
3347,1.435230,1.985601,MGC,1,1,0,0
3348,1.186401,1.327375,MGC,1,1,0,0
3349,1.533486,2.275437,MGC,1,1,0,0
3351,1.204274,2.238079,MGC,4,1,0,0
3352,1.645090,1.622115,HWC,1,1,0,0
3356,1.713900,1.839024,MGC,1,1,0,0
3358,1.480904,1.593025,MGC,1,1,0,0
3359,1.488837,1.779006,MGC,2,1,0,0
336,1.503739,1.603790,MGC,2,1,0,0
3360,1.130650,1.026842,HWC,1,1,0,0
3361,1.276367,1.022178,HWC,1,1,0,0
3363,1.471795,1.761082,MGC,1,1,0,0
3364,2.427409,1.887369,HWC,2,2,0,0
3367,1.264983,2.431759,MGC,5,2,0,0
3368,1.244786,1.176207,HWC,1,1,0,0
337,1.356119,1.844403,MGC,4,1,0,0
3373,1.322238,1.461403,MGC,2,1,0,0
3375,1.398603,1.661762,MGC,1,1,0,0
3376,1.418375,1.824925,MGC,3,1,0,0
3377,1.117986,1.168548,MGC,1,1,0,0
3378,1.092357,1.565178,MGC,1,1,0,0
3379,1.356701,1.634058,MGC,1,1,0,0
3380,1.648018,1.185953,HWC,1,1,0,0
3381,1.245840,1.408058,MGC,2,1,0,0
3382,1.146108,1.110090,HWC,1,1,0,0
3384,1.333371,1.224716,HWC,1,1,0,0
3385,1.232730,2.071826,MGC,1,3,0,0
3386,1.431662,1.011561,HWC,1,1,0,0
3388,1.433527,1.746598,MGC,2,1,0,0
3389,1.384151,1.156560,HWC,1,1,0,0
339,1.185457,1.210763,MGC,5,4,0,0
3390,1.318575,1.719860,MGC,2,3,0,0
3391,1.544907,1.487172,HWC,3,4,0,0
3392,1.450727,1.190399,HWC,2,1,0,0
3394,1.343802,1.595682,MGC,4,3,0,0
3396,1.320661,1.445401,MGC,1,1,0,0
3397,1.243099,1.504872,MGC,1,1,0,0
3398,1.330410,1.510902,MGC,1,1,0,0
3399,1.181214,1.183950,MGC,1,1,0,0
34,1.316645,1.648609,MGC,3,1,0,0
340,1.277993,1.117731,HWC,1,1,0,0
3401,1.259313,1.574491,MGC,5,1,0,0
3404,1.094838,1.250833,MGC,1,1,0,0
3405,1.330442,1.101457,HWC,1,1,0,0
3406,1.431900,1.215892,HWC,5,1,0,0
3407,1.457215,1.644350,MGC,1,1,0,0
3408,1.374210,1.245088,HWC,2,1,0,0
3413,1.124099,1.179881,MGC,1,1,0,0
3414,1.144596,1.550207,MGC,1,2,0,0
3416,1.226596,1.135079,HWC,2,1,0,0
3418,1.761449,1.131516,HWC,1,1,0,0
3420,1.186827,1.042765,HWC,3,1,0,0
3421,2.025335,1.520374,HWC,1,1,0,0
3422,1.314055,nan,HWC,2,0,0,0
3423,1.231330,nan,HWC,1,0,0,0
3424,1.269489,1.238993,HWC,1,2,0,0
3425,1.360147,1.862380,MGC,2,1,0,0
3426,1.830321,1.591443,HWC,1,1,0,0
3428,1.194232,1.139745,HWC,1,1,0,0
3430,1.459909,1.473113,MGC,1,8,0,0
3431,1.476515,1.930954,MGC,1,1,0,0
3434,1.279611,1.479048,MGC,1,1,0,0
3436,1.181799,1.542455,MGC,1,1,0,0
3438,1.165496,1.188868,MGC,1,1,0,0
344,1.329275,1.576007,MGC,1,1,0,0
3440,1.252265,1.295253,MGC,2,1,0,0
3442,1.515766,1.525828,MGC,1,1,0,0
3444,1.388090,2.148487,MGC,2,1,0,0
3446,1.140301,1.625653,MGC,1,1,0,0
3447,1.428976,1.544776,MGC,2,1,0,0
3448,1.425647,1.074772,HWC,1,1,0,0
345,1.909133,1.274418,HWC,1,1,0,0
3451,1.273108,1.150253,HWC,1,1,0,0
3452,1.286287,1.718966,MGC,2,1,0,0
3453,1.364426,1.951199,MGC,1,2,0,0
3454,1.606493,1.745063,MGC,1,1,0,0
3455,1.393787,1.179479,HWC,1,1,0,0
3458,1.248258,1.658452,MGC,2,1,0,0
3459,1.485853,1.659953,MGC,3,1,0,0
3460,1.461676,1.657787,MGC,1,1,0,0
3461,1.407596,1.705364,MGC,2,2,0,0
3465,1.439333,1.121411,HWC,1,1,0,0
3467,1.208081,1.356332,MGC,1,1,0,0
3469,1.084158,1.121709,MGC,1,1,0,0
3470,2.023029,2.514778,MGC,1,1,0,0
3471,1.532265,1.214305,HWC,2,1,0,0
3472,1.076297,1.311732,MGC,1,1,0,0
3473,1.674960,1.451530,HWC,1,1,0,0
3474,1.339008,1.670381,MGC,1,1,0,0
3477,1.333925,1.322506,HWC,2,1,0,0
3478,1.510428,1.466669,HWC,1,1,0,0
3479,1.283500,1.346731,MGC,1,1,0,0
3480,1.589967,2.103340,MGC,2,1,0,0
3486,1.668055,1.667018,HWC,4,3,0,0
3488,1.265694,1.675470,MGC,2,1,0,0
3489,1.246615,1.950117,MGC,1,1,0,0
349,1.380182,1.846860,MGC,3,1,0,0
3490,1.185950,1.100219,HWC,1,1,0,0
3491,1.473338,1.283671,HWC,1,1,0,0
3492,1.388342,1.493862,MGC,1,1,0,0
3494,1.153041,1.125466,HWC,1,1,0,0
3498,1.322354,1.767203,MGC,2,1,0,0
3499,1.174944,1.632819,MGC,1,2,0,0
35,1.457815,2.215335,MGC,1,1,0,0
3500,1.359055,1.589981,MGC,1,1,0,0
3501,1.456156,1.448801,HWC,2,1,0,0
3502,1.309259,1.752654,MGC,2,2,0,0
3503,1.283527,1.486302,MGC,1,1,0,0
3506,1.684025,1.340146,HWC,1,1,0,0
3507,1.207690,1.364487,MGC,2,1,0,0
3508,1.274854,1.569189,MGC,4,1,0,0
351,1.164113,1.159652,HWC,1,1,0,0
3513,1.370919,1.813504,MGC,1,1,0,0
3514,1.400942,2.549967,MGC,1,1,0,0
3515,1.391631,1.155588,HWC,1,1,0,0
3519,1.320083,1.523681,MGC,3,2,0,0
352,1.101720,1.357685,MGC,1,1,0,0
3520,1.296431,1.292116,HWC,1,1,0,0
3521,1.363869,1.629265,MGC,1,1,0,0
3523,1.565700,1.675853,MGC,2,1,0,0
3524,1.127888,1.143277,MGC,1,1,0,0
3527,1.311779,2.351543,MGC,3,6,0,0
3528,1.511112,nan,HWC,8,0,0,0
3529,1.693233,1.148364,HWC,1,1,0,0
353,1.149078,1.316514,MGC,1,1,0,0
3530,1.452326,1.538050,MGC,1,1,0,0
3531,1.247234,1.358667,MGC,1,1,0,0
3532,1.230291,1.650019,MGC,1,2,0,0
3533,1.553134,1.565028,MGC,1,1,0,0
3534,1.640253,1.689783,MGC,1,1,0,0
3535,1.270621,2.059992,MGC,1,1,0,0
3538,1.542205,1.075240,HWC,1,1,0,0
3539,1.356768,1.606479,MGC,4,1,0,0
354,1.587951,1.790700,MGC,1,1,0,0
3541,1.259244,1.816195,MGC,1,1,0,0
3543,1.514028,1.619694,MGC,2,1,0,0
3544,1.455907,1.384231,HWC,1,1,0,0
3545,1.435267,1.386592,HWC,6,1,0,0
3546,1.314435,1.587946,MGC,2,1,0,0
3547,1.245205,1.034892,HWC,1,1,0,0
3548,1.349770,1.772074,MGC,1,1,0,0
3549,1.751864,1.444598,HWC,1,1,0,0
355,1.252088,2.123237,MGC,1,3,0,0
3553,1.568685,1.827232,MGC,2,1,0,0
3554,1.235055,1.113716,HWC,3,1,0,0
3555,1.407682,1.703268,MGC,1,1,0,0
3557,1.374131,1.153701,HWC,2,1,0,0
3558,1.423342,1.556141,MGC,2,1,0,0
3559,1.466525,1.312018,HWC,1,1,0,0
356,1.295394,1.563549,MGC,1,1,0,0
3560,1.281766,1.794047,MGC,1,1,0,0
3561,1.317292,1.350874,MGC,2,1,0,0
3563,1.175988,1.288717,MGC,2,1,0,0
3564,1.656863,1.407784,HWC,1,1,0,0
3565,1.398590,1.107837,HWC,1,1,0,0
3567,1.239277,1.559587,MGC,2,1,0,0
3569,1.238371,1.393524,MGC,2,1,0,0
357,1.315688,1.082780,HWC,1,1,0,0
3571,1.336700,1.069654,HWC,3,1,0,0
3572,1.354090,1.554452,MGC,2,2,0,0
3573,1.639825,1.613181,HWC,1,1,0,0
3574,1.327704,1.121058,HWC,3,1,0,0
3575,1.192255,1.877270,MGC,3,2,0,0
3577,1.635083,1.215542,HWC,1,1,0,0
3578,1.305247,1.273434,HWC,1,1,0,0
3579,1.231043,1.422137,MGC,9,1,0,0
358,1.408238,1.593730,MGC,6,2,0,0
3580,1.291867,1.235860,HWC,2,1,0,0
3582,1.515282,1.828069,MGC,1,1,0,0
3583,1.406349,1.387871,HWC,1,1,0,0
3586,1.161034,1.056126,HWC,2,1,0,0
3588,1.349595,1.056226,HWC,1,1,0,0
359,1.239935,2.167019,MGC,2,1,0,0
3590,1.420459,1.523236,MGC,1,1,0,0
3592,1.236860,1.945794,MGC,2,1,0,0
3593,1.487789,nan,HWC,1,0,0,0
3595,1.243452,1.552790,MGC,1,4,0,0
3596,1.476391,1.878503,MGC,1,1,0,0
3597,1.235335,1.480847,MGC,1,2,0,0
3599,1.339355,1.473986,MGC,4,1,0,0
36,1.177069,2.069661,MGC,1,1,0,0
360,1.328812,1.898293,MGC,1,2,0,0
3601,1.274795,1.071066,HWC,2,1,0,0
3603,1.369841,1.563840,MGC,2,2,0,0
3606,1.315373,1.214074,HWC,4,1,0,0
3607,1.279362,1.726228,MGC,1,1,0,0
3608,1.477497,1.177380,HWC,1,1,0,0
3609,1.359325,1.114698,HWC,1,1,0,0
3613,1.596541,1.971758,MGC,1,2,0,0
3614,1.433513,1.750819,MGC,1,1,0,0
3616,1.173328,1.163271,HWC,1,1,0,0
3617,1.485663,1.288147,HWC,1,1,0,0
3619,1.317989,1.402653,MGC,1,1,0,0
362,1.641496,1.116537,HWC,1,1,0,0
3620,1.371620,1.275150,HWC,1,1,0,0
3621,1.356898,1.371046,MGC,3,2,0,0
3623,1.303285,1.153149,HWC,6,1,0,0
3624,1.566675,1.586660,MGC,1,1,0,0
3625,1.527884,1.164497,HWC,1,1,0,0
3627,1.368099,nan,HWC,3,0,0,0
3628,1.155058,1.599792,MGC,3,1,0,0
3629,1.400009,1.065449,HWC,1,1,0,0
363,1.550343,1.798466,MGC,1,1,0,0
3630,1.353488,1.209576,HWC,1,1,0,0
3631,1.352565,1.402413,MGC,1,1,0,0
3632,1.350605,1.915459,MGC,1,2,0,0
3633,1.195856,1.484481,MGC,5,1,0,0
3634,1.291400,1.120022,HWC,1,1,0,0
3637,1.162851,1.235917,MGC,1,1,0,0
3638,1.331971,2.131142,MGC,2,1,0,0
3639,2.390926,2.352647,HWC,1,1,0,0
364,1.369236,1.068677,HWC,1,1,0,0
3640,1.094934,1.817715,MGC,1,1,0,0
3641,1.481632,1.807254,MGC,2,1,0,0
3642,1.266427,1.278130,MGC,1,1,0,0
3643,1.057675,1.113312,MGC,1,1,0,0
3645,1.203199,1.427028,MGC,3,2,0,0
3646,1.437672,1.386721,HWC,1,1,0,0
3647,1.396840,1.632170,MGC,2,1,0,0
365,1.665497,1.178323,HWC,1,1,0,0
3650,1.308976,1.062833,HWC,1,1,0,0
3653,1.517417,1.686658,MGC,3,2,0,0
3654,1.627340,1.102169,HWC,1,1,0,0
3656,1.626303,1.981286,MGC,1,1,0,0
3657,1.231703,1.929485,MGC,2,3,0,0
3659,1.314865,1.851873,MGC,1,1,0,0
3661,1.339775,1.851964,MGC,3,1,0,0
3662,1.370803,1.148547,HWC,1,1,0,0
3664,1.257005,1.306633,MGC,2,1,0,0
3665,1.320753,1.600628,MGC,1,1,0,0
3667,1.379592,1.601789,MGC,1,1,0,0
3669,1.519045,1.912939,MGC,1,1,0,0
367,1.182608,1.212222,MGC,1,1,0,0
3670,1.559947,1.911600,MGC,3,2,0,0
3671,1.074954,1.632654,MGC,1,1,0,0
3674,1.543893,1.736902,MGC,1,1,0,0
3677,1.153190,1.532120,MGC,2,1,0,0
3678,1.364997,1.703581,MGC,2,1,0,0
3679,1.265285,1.107068,HWC,1,1,0,0
368,1.615235,1.701793,MGC,1,1,0,0
3680,1.748083,1.356499,HWC,1,1,0,0
3682,1.167267,1.662292,MGC,2,3,0,0
3684,1.337522,1.890554,MGC,3,1,0,0
3685,1.077170,1.007414,HWC,1,1,0,0
3686,1.291743,1.538428,MGC,2,1,0,0
3690,1.231239,1.736282,MGC,1,8,0,0
3691,1.114288,1.502608,MGC,1,1,0,0
3692,1.626576,3.275827,MGC,1,1,0,0
3693,1.213077,1.423865,MGC,1,1,0,0
3694,1.232593,1.567019,MGC,4,1,0,0
3696,1.410346,1.189653,HWC,1,1,0,0
3698,1.275359,1.299121,MGC,2,1,0,0
37,1.487104,1.806659,MGC,2,1,0,0
3700,1.335395,1.455170,MGC,6,1,0,0
3702,1.274198,1.046112,HWC,1,1,0,0
3703,1.256874,1.487502,MGC,4,1,0,0
3704,1.316874,1.349205,MGC,2,1,0,0
3706,1.594124,1.475014,HWC,1,1,0,0
3707,1.339681,1.305365,HWC,4,1,0,0
3709,1.371026,1.190990,HWC,2,1,0,0
3713,1.196878,1.615201,MGC,1,1,0,0
3714,1.295935,1.482856,MGC,2,1,0,0
3715,1.488500,1.487447,HWC,1,1,0,0
3716,1.136989,1.304134,MGC,1,1,0,0
3718,1.378836,1.758784,MGC,2,1,0,0
3719,1.497554,1.085989,HWC,1,1,0,0
372,1.282955,1.094387,HWC,1,1,0,0
3720,1.350566,1.352013,MGC,3,1,0,0
3721,1.317971,1.158983,HWC,1,1,0,0
3722,1.371993,1.569778,MGC,1,1,0,0
3723,1.269808,1.440667,MGC,1,1,0,0
3724,1.125032,1.675113,MGC,1,1,0,0
3725,1.469789,1.263450,HWC,1,1,0,0
3726,1.327192,1.579720,MGC,5,1,0,0
3727,1.347905,1.245298,HWC,1,1,0,0
3728,1.276004,1.655371,MGC,1,1,0,0
373,1.458101,1.534219,MGC,2,1,0,0
3730,1.348230,2.048031,MGC,3,1,0,0
3731,1.343421,1.053245,HWC,1,1,0,0
3732,1.277410,2.364387,MGC,1,1,0,0
3734,1.451596,2.015997,MGC,2,1,0,0
3735,1.215946,1.763110,MGC,1,3,0,0
3737,1.297522,2.146797,MGC,1,4,0,0
3738,2.252664,1.785261,HWC,1,1,0,0
374,1.467409,nan,HWC,3,0,0,0
3741,1.253150,1.061298,HWC,1,1,0,0
3743,1.452505,1.543931,MGC,2,1,0,0
3745,1.286204,1.605631,MGC,13,2,0,0
3747,1.799810,1.274235,HWC,2,1,0,0
3753,1.366197,1.668597,MGC,1,1,0,0
3755,1.255360,1.256361,MGC,1,1,0,0
3757,1.329049,1.327845,HWC,1,1,0,0
3758,1.222841,1.357995,MGC,2,1,0,0
376,1.157062,1.289515,MGC,3,1,0,0
3760,1.538188,1.599053,MGC,2,1,0,0
3761,1.197092,1.068333,HWC,13,1,0,0
3762,1.413405,1.173091,HWC,1,1,0,0
3766,1.363317,1.705812,MGC,1,1,0,0
3769,1.391154,1.133504,HWC,1,1,0,0
377,1.567882,2.228175,MGC,1,1,0,0
3770,1.536079,1.282067,HWC,1,1,0,0
3773,1.504654,1.440472,HWC,4,1,0,0
3774,1.325234,1.256186,HWC,1,1,0,0
3775,1.341312,1.356765,MGC,2,1,0,0
3776,1.183465,2.810095,MGC,2,2,0,0
3777,1.292493,1.683371,MGC,1,1,0,0
3778,1.999114,2.119198,MGC,1,1,0,0
378,1.313338,1.647437,MGC,1,1,0,0
3781,1.927577,1.278577,HWC,1,1,0,0
3782,1.167230,1.078666,HWC,1,1,0,0
3784,1.308885,1.378525,MGC,1,1,0,0
3785,1.320009,1.826533,MGC,2,1,0,0
3788,1.428858,1.748972,MGC,1,1,0,0
379,1.324238,1.083411,HWC,2,1,0,0
3793,1.299483,1.290107,HWC,5,1,0,0
3796,1.459180,1.885884,MGC,3,2,0,0
3798,1.357576,2.029978,MGC,1,3,0,0
3799,1.371217,1.367783,HWC,1,1,0,0
38,1.193098,2.311043,MGC,1,1,0,0
380,1.448634,1.629482,MGC,3,1,0,0
3800,1.389687,2.306453,MGC,4,1,0,0
3801,1.383831,1.097278,HWC,1,1,0,0
3802,1.236690,1.222125,HWC,5,1,0,0
3803,1.433937,1.484359,MGC,1,1,0,0
3804,1.237020,1.446406,MGC,8,1,0,0
3805,1.193119,1.451467,MGC,4,1,0,0
3807,1.140448,1.249413,MGC,1,1,0,0
3813,1.187549,1.563463,MGC,1,1,0,0
3816,1.144772,1.285947,MGC,1,1,0,0
3818,1.352986,1.081570,HWC,1,1,0,0
382,1.244361,1.114141,HWC,1,1,0,0
3820,1.410000,1.530562,MGC,1,1,0,0
3821,1.724952,1.624576,HWC,1,1,0,0
3824,1.512248,1.336919,HWC,1,1,0,0
3825,1.369752,1.450167,MGC,3,1,0,0
3829,1.543503,1.615441,MGC,1,1,0,0
383,1.653837,1.829542,MGC,1,1,0,0
3831,1.413550,1.989199,MGC,1,2,0,0
3833,1.356014,1.299360,HWC,1,1,0,0
3837,1.173626,1.425098,MGC,1,1,0,0
3838,1.263906,1.054998,HWC,1,1,0,0
384,1.187640,1.670738,MGC,2,1,0,0
3840,2.054320,2.258703,MGC,1,1,0,0
3842,1.289530,1.746513,MGC,1,1,0,0
3843,1.387345,1.228707,HWC,1,1,0,0
3845,1.422228,1.157038,HWC,1,1,0,0
3846,1.360358,1.062976,HWC,1,1,0,0
3847,1.169060,1.598577,MGC,2,1,0,0
3848,1.205780,nan,HWC,2,0,0,0
3849,1.193393,1.485724,MGC,1,1,0,0
385,1.505597,1.461197,HWC,3,1,0,0
3850,1.482690,1.737226,MGC,2,1,0,0
3851,1.292299,1.733154,MGC,2,2,0,0
3852,1.281990,1.409425,MGC,2,2,0,0
3854,1.270810,1.487489,MGC,2,1,0,0
3856,1.325679,1.133126,HWC,1,1,0,0
3858,1.358172,1.737304,MGC,1,3,0,0
386,1.361585,1.081332,HWC,2,1,0,0
3861,1.251183,1.519415,MGC,7,2,0,0
3862,1.486849,1.803493,MGC,1,1,0,0
3864,1.281812,1.054113,HWC,2,1,0,0
3866,1.576014,1.204194,HWC,1,1,0,0
3869,1.338401,1.127975,HWC,2,1,0,0
387,1.286685,1.668886,MGC,1,3,0,0
3872,1.359120,1.812518,MGC,2,3,0,0
3876,1.373493,1.099427,HWC,4,1,0,0
3877,1.422742,1.231931,HWC,1,1,0,0
3878,1.226110,1.101056,HWC,1,1,0,0
3879,1.388631,1.515188,MGC,1,1,0,0
388,1.135040,1.304037,MGC,1,1,0,0
3880,1.210899,1.145582,HWC,1,1,0,0
3883,1.435375,1.324146,HWC,1,1,0,0
3884,1.578094,1.409295,HWC,1,1,0,0
3887,1.224289,1.318880,MGC,8,1,0,0
3888,1.444838,1.033762,HWC,1,1,0,0
3889,1.314669,0.981112,HWC,5,1,0,0
389,1.278143,1.286371,MGC,1,1,0,0
3890,1.272609,1.095476,HWC,1,1,0,0
3891,1.223849,1.709408,MGC,3,1,0,0
3894,1.445587,1.508080,MGC,2,2,0,0
3898,1.479012,1.113747,HWC,1,1,0,0
3899,1.318267,1.724982,MGC,3,1,0,0
39,1.432659,2.013278,MGC,3,1,0,0
390,1.352820,1.371248,MGC,2,1,0,0
3900,1.473339,1.075600,HWC,2,1,0,0
3901,1.305749,1.394888,MGC,1,1,0,0
3902,1.391321,1.059833,HWC,1,1,0,0
3904,1.282692,1.148295,HWC,2,1,0,0
3909,1.288559,1.130626,HWC,1,1,0,0
391,1.323652,1.656331,MGC,2,2,0,0
3910,1.287373,1.405952,MGC,2,1,0,0
3911,1.430212,1.710088,MGC,1,1,0,0
3913,1.357068,1.411714,MGC,1,1,0,0
3914,1.613325,1.389114,HWC,2,1,0,0
3915,1.564362,1.501230,HWC,2,1,0,0
3916,1.532912,1.350469,HWC,2,1,0,0
3917,1.276796,1.710395,MGC,4,6,0,0
3919,1.289408,1.846599,MGC,6,4,0,0
392,1.103586,1.362113,MGC,1,1,0,0
3923,1.377872,1.217077,HWC,2,1,0,0
3924,1.372582,1.825873,MGC,3,2,0,0
3925,1.325082,1.461697,MGC,1,1,0,0
3926,1.421471,1.742829,MGC,5,1,0,0
3927,1.438521,1.596406,MGC,1,1,0,0
3929,1.190948,1.237399,MGC,1,1,0,0
393,1.374415,1.671662,MGC,4,1,0,0
3930,1.176782,1.624427,MGC,4,1,0,0
3931,1.264869,1.179613,HWC,1,1,0,0
3932,1.298696,nan,HWC,4,0,0,0
3933,1.324640,1.230771,HWC,1,1,0,0
3935,1.152714,1.204910,MGC,1,1,0,0
3936,1.180994,1.535228,MGC,1,1,0,0
3937,1.179878,1.164923,HWC,2,1,0,0
3938,1.168720,1.074304,HWC,1,1,0,0
3939,1.220225,1.445138,MGC,1,1,0,0
394,1.208352,nan,HWC,1,0,0,0
3940,1.337460,1.195161,HWC,1,1,0,0
3942,1.243508,1.938467,MGC,2,5,0,0
3944,1.069494,1.739911,MGC,1,1,0,0
3945,1.680341,1.445425,HWC,1,1,0,0
3948,1.247334,1.054408,HWC,1,1,0,0
3951,1.322407,1.353586,MGC,1,1,0,0
3952,1.422267,1.419306,HWC,1,1,0,0
3953,1.377749,1.439949,MGC,2,1,0,0
3958,1.230250,1.105535,HWC,1,1,0,0
3959,1.275565,1.465233,MGC,2,3,0,0
396,1.308341,1.045234,HWC,5,1,0,0
3961,1.271994,1.086124,HWC,1,1,0,0
3963,1.253538,1.251090,HWC,2,1,0,0
3964,1.482639,1.057391,HWC,1,1,0,0
3966,1.468960,1.544084,MGC,2,1,0,0
3968,1.144266,1.486006,MGC,1,1,0,0
3969,1.342535,1.669227,MGC,1,1,0,0
397,1.198417,1.489631,MGC,1,1,0,0
3970,1.262687,nan,HWC,1,0,0,0
3972,1.758426,2.749992,MGC,2,1,0,0
3973,1.414867,1.425687,MGC,1,1,0,0
3975,1.211026,1.653945,MGC,1,2,0,0
3976,1.117838,1.179527,MGC,1,1,0,0
3979,1.474015,1.644103,MGC,1,1,0,0
3984,1.474853,1.812694,MGC,1,1,0,0
3986,1.330072,1.710858,MGC,3,1,0,0
3987,1.244224,1.901440,MGC,2,2,0,0
3988,1.626677,1.097824,HWC,1,1,0,0
3992,1.102288,1.099930,HWC,1,1,0,0
3993,1.445036,2.215434,MGC,2,2,0,0
3996,1.229439,1.273139,MGC,2,2,0,0
3997,1.532125,1.063284,HWC,1,1,0,0
3998,1.551421,2.038461,MGC,3,1,0,0
3999,1.052895,1.139342,MGC,1,1,0,0
40,1.378701,1.490043,MGC,3,3,0,0
400,1.413440,1.333495,HWC,1,1,0,0
4002,1.378647,1.126155,HWC,1,1,0,0
4003,1.702968,1.693231,HWC,1,2,0,0
4007,1.227535,1.081804,HWC,1,1,0,0
4009,1.230654,1.195112,HWC,1,1,0,0
401,1.194099,1.048929,HWC,1,1,0,0
4011,1.522329,1.752689,MGC,1,1,0,0
4012,1.304202,1.795355,MGC,1,1,0,0
4014,1.150940,1.916375,MGC,1,4,0,0
4016,1.269726,1.373283,MGC,1,1,0,0
4018,1.252972,1.191047,HWC,1,1,0,0
4019,1.528894,1.871734,MGC,1,1,0,0
402,1.366801,1.052354,HWC,7,1,0,0
4021,1.880529,1.914785,MGC,1,2,0,0
4026,1.394105,1.427996,MGC,1,1,0,0
4028,1.342695,1.626719,MGC,4,1,0,0
4029,1.468067,1.939800,MGC,1,1,0,0
4032,1.243582,1.179683,HWC,1,1,0,0
4033,1.349783,nan,HWC,4,0,0,0
4034,1.350619,1.571405,MGC,3,1,0,0
4036,1.756261,1.604458,HWC,1,2,0,0
4037,1.915805,1.786873,HWC,1,2,0,0
4038,1.365608,1.717262,MGC,2,2,0,0
4039,1.239233,1.386295,MGC,1,1,0,0
404,1.348552,1.479372,MGC,2,1,0,0
4040,1.293836,1.975975,MGC,3,2,0,0
4042,2.209583,1.268962,HWC,1,1,0,0
4043,1.338384,1.532820,MGC,2,3,0,0
4045,1.424457,1.325406,HWC,1,1,0,0
4047,1.296336,1.359474,MGC,1,1,0,0
4048,1.272673,1.442428,MGC,2,1,0,0
4049,1.446383,1.614684,MGC,2,1,0,0
405,1.222214,1.708387,MGC,1,3,0,0
4050,1.381356,1.408142,MGC,1,1,0,0
4054,1.447611,1.556023,MGC,1,1,0,0
4055,1.404284,1.966818,MGC,1,1,0,0
4056,1.237121,1.136432,HWC,1,1,0,0
4057,1.462626,1.358721,HWC,3,1,0,0
4059,1.387607,1.873386,MGC,2,1,0,0
4060,1.437969,1.212824,HWC,2,1,0,0
4061,1.140849,1.222874,MGC,1,1,0,0
4062,1.454265,1.807382,MGC,1,7,0,0
4063,1.152148,1.154364,MGC,1,1,0,0
4065,1.273714,1.240897,HWC,7,1,0,0
4068,1.500298,1.788647,MGC,1,1,0,0
407,1.384852,1.937847,MGC,1,1,0,0
4070,1.402438,2.017562,MGC,3,4,0,0
4071,1.234867,1.738019,MGC,1,1,0,0
4074,1.437166,1.377251,HWC,3,1,0,0
4075,1.757238,1.794658,MGC,1,4,0,0
4076,1.660301,1.908171,MGC,1,1,0,0
4078,1.075278,1.127453,MGC,2,1,0,0
4079,1.247436,1.175631,HWC,1,1,0,0
408,1.986548,2.173340,MGC,1,1,0,0
4082,1.632097,1.729812,MGC,1,1,0,0
4084,1.196757,1.470239,MGC,1,1,0,0
4085,1.287651,1.538572,MGC,1,1,0,0
4087,1.298305,1.288626,HWC,1,1,0,0
4088,1.395008,1.104110,HWC,1,1,0,0
4090,1.701183,1.097666,HWC,1,1,0,0
4093,1.314767,1.250470,HWC,2,1,0,0
4094,1.458765,1.728628,MGC,1,1,0,0
4095,1.235519,2.067311,MGC,2,1,0,0
4097,1.377263,2.148816,MGC,2,1,0,0
4099,1.270797,1.466951,MGC,2,1,0,0
4100,1.619420,1.302562,HWC,2,1,0,0
4101,1.261769,1.192258,HWC,1,1,0,0
4107,1.246816,1.744064,MGC,1,2,0,0
4108,1.371438,1.251901,HWC,2,1,0,0
4109,1.554089,1.144902,HWC,1,1,0,0
411,1.317402,1.098181,HWC,6,1,0,0
4112,1.265261,1.474194,MGC,1,1,0,0
4113,1.420963,1.097872,HWC,1,1,0,0
4115,1.181180,1.130461,HWC,1,1,0,0
4116,1.367699,1.595080,MGC,1,1,0,0
4117,1.565769,1.146180,HWC,1,1,0,0
4118,1.392256,1.864021,MGC,3,3,0,0
4119,1.326977,1.582637,MGC,3,1,0,0
412,1.166280,1.658615,MGC,1,1,0,0
4120,1.423180,1.408470,HWC,1,1,0,0
4122,1.582357,1.819996,MGC,2,1,0,0
4124,1.555351,1.744860,MGC,2,2,0,0
4125,1.484964,1.562422,MGC,1,1,0,0
4126,1.128911,2.420533,MGC,1,4,0,0
4129,1.359865,1.285059,HWC,2,1,0,0
413,1.386414,1.597408,MGC,2,1,0,0
4130,1.177437,1.640096,MGC,1,1,0,0
4131,1.282823,1.299435,MGC,1,1,0,0
4132,1.356915,1.648427,MGC,1,2,0,0
4133,1.598977,1.434453,HWC,2,1,0,0
4136,1.225324,2.123929,MGC,1,5,0,0
4137,1.423380,1.284788,HWC,1,1,0,0
4139,1.523265,1.173042,HWC,1,1,0,0
414,1.368599,1.479250,MGC,1,1,0,0
4140,1.541148,1.847086,MGC,1,1,0,0
4141,1.150033,1.110376,HWC,1,1,0,0
4144,1.333350,1.064327,HWC,1,1,0,0
4145,1.292505,1.835680,MGC,1,2,0,0
4148,1.214583,1.136428,HWC,1,1,0,0
415,1.174271,1.707326,MGC,1,1,0,0
4150,1.328259,1.663621,MGC,2,1,0,0
4151,1.272840,1.452143,MGC,1,1,0,0
4152,1.413911,1.704377,MGC,2,1,0,0
4154,1.273123,1.418823,MGC,1,1,0,0
4156,1.229930,2.144936,MGC,1,1,0,0
4158,1.182664,1.023597,HWC,1,1,0,0
4160,1.276247,1.374433,MGC,1,1,0,0
4161,1.246739,1.292372,MGC,4,1,0,0
4163,1.071325,1.617116,MGC,1,2,0,0
4168,1.753220,1.751194,HWC,1,1,0,0
4169,1.108551,1.390526,MGC,1,1,0,0
417,1.481002,1.920320,MGC,2,1,0,0
4170,1.543363,1.392262,HWC,2,1,0,0
4172,1.401718,1.514028,MGC,2,1,0,0
4175,1.285071,1.600121,MGC,1,1,0,0
4176,1.307767,1.724647,MGC,1,1,0,0
4177,1.226370,1.054236,HWC,3,1,0,0
418,1.550548,1.901329,MGC,1,2,0,0
4180,1.371582,1.581328,MGC,4,1,0,0
4181,2.017830,1.629228,HWC,1,1,0,0
4182,1.201286,1.713031,MGC,1,2,0,0
4183,1.493596,1.203100,HWC,1,1,0,0
4184,1.294398,1.399450,MGC,2,1,0,0
4187,1.508149,1.511986,MGC,1,1,0,0
4188,1.382686,1.159872,HWC,1,1,0,0
4189,1.315656,1.811697,MGC,2,5,0,0
419,1.341664,1.752077,MGC,1,1,0,0
4190,1.592394,1.648839,MGC,2,1,0,0
4191,1.648705,1.157800,HWC,1,1,0,0
4192,1.421234,1.439186,MGC,1,1,0,0
4195,1.363362,2.053539,MGC,1,1,0,0
4196,1.407673,1.317789,HWC,5,1,0,0
4197,1.418298,1.161248,HWC,1,1,0,0
4198,1.166078,1.216683,MGC,1,1,0,0
4200,1.433383,1.168135,HWC,2,1,0,0
4201,1.522778,1.546981,MGC,1,1,0,0
4203,1.310761,1.257273,HWC,2,1,0,0
4204,1.474998,1.844486,MGC,2,2,0,0
4206,1.257517,1.430370,MGC,1,1,0,0
4207,1.535947,1.525944,HWC,1,1,0,0
4208,1.712949,1.776807,MGC,1,3,0,0
4209,1.340984,2.249361,MGC,1,3,0,0
4210,1.314233,1.368117,MGC,3,1,0,0
4212,1.546795,1.097060,HWC,2,1,0,0
4213,1.122112,1.405978,MGC,1,2,0,0
4214,1.322851,1.421894,MGC,2,1,0,0
4215,1.322410,1.212525,HWC,1,1,0,0
4216,1.697857,1.167504,HWC,1,1,0,0
4217,1.342141,1.433940,MGC,1,1,0,0
4218,1.196551,1.667651,MGC,1,1,0,0
422,1.431626,1.023660,HWC,1,1,0,0
4221,1.594184,2.109730,MGC,1,3,0,0
4223,1.238669,1.081738,HWC,1,1,0,0
4224,1.434228,1.356217,HWC,1,1,0,0
4226,1.269988,1.255106,HWC,1,1,0,0
4227,1.420366,1.759175,MGC,2,1,0,0
423,1.136597,1.156287,MGC,1,1,0,0
4233,1.296279,1.300895,MGC,1,1,0,0
4237,1.409411,1.485500,MGC,2,1,0,0
4239,1.291360,1.635742,MGC,1,1,0,0
424,1.359193,1.730309,MGC,1,1,0,0
4240,1.741573,1.389129,HWC,2,1,0,0
4244,1.461123,1.164432,HWC,1,1,0,0
4246,1.899960,1.250542,HWC,2,1,0,0
4247,1.482819,1.600259,MGC,1,1,0,0
4248,1.240853,1.150982,HWC,1,1,0,0
4250,1.306327,1.084935,HWC,1,1,0,0
4251,1.295007,1.948790,MGC,1,1,0,0
4253,1.292204,1.354036,MGC,1,1,0,0
4254,1.267572,1.564105,MGC,2,1,0,0
4256,1.324102,1.215133,HWC,1,1,0,0
4257,1.437998,1.391744,HWC,1,1,0,0
4258,1.241072,1.063945,HWC,2,1,0,0
4259,1.300309,1.563985,MGC,1,1,0,0
426,1.276610,1.917526,MGC,6,2,0,0
4260,1.450745,1.822862,MGC,1,1,0,0
4262,1.283761,1.271707,HWC,1,1,0,0
4263,1.156841,1.107889,HWC,2,1,0,0
4264,1.337094,1.556843,MGC,1,1,0,0
4265,1.320544,1.490444,MGC,2,1,0,0
4267,1.451850,2.230258,MGC,2,1,0,0
4268,1.285618,1.354559,MGC,1,1,0,0
4270,1.407656,1.222789,HWC,1,1,0,0
4271,1.469131,1.232164,HWC,1,1,0,0
4272,1.114120,1.573490,MGC,1,1,0,0
4273,1.394758,1.728010,MGC,1,1,0,0
4275,1.355807,1.289355,HWC,1,1,0,0
4276,1.406794,1.051916,HWC,1,1,0,0
4277,1.174674,1.075835,HWC,1,1,0,0
4278,1.406959,1.878054,MGC,1,1,0,0
428,1.240840,1.625833,MGC,1,1,0,0
4281,1.362650,1.639759,MGC,1,1,0,0
4282,1.153675,1.219366,MGC,1,1,0,0
4283,1.364171,1.562849,MGC,1,1,0,0
4287,1.230453,1.385598,MGC,1,1,0,0
4289,1.127538,1.464825,MGC,1,1,0,0
429,1.390225,1.722475,MGC,2,2,0,0
4290,1.361387,1.706723,MGC,3,2,0,0
4291,1.271044,1.193716,HWC,1,1,0,0
4292,1.491630,1.452597,HWC,3,1,0,0
4293,1.487576,1.745821,MGC,1,1,0,0
4294,1.149356,1.085871,HWC,1,1,0,0
4295,1.513446,1.827686,MGC,1,2,0,0
4296,1.881719,1.378760,HWC,1,1,0,0
4298,1.366281,1.747560,MGC,1,1,0,0
4304,1.408979,2.171217,MGC,1,1,0,0
4305,1.330757,1.990743,MGC,2,2,0,0
4306,1.270919,1.565426,MGC,1,3,0,0
4308,1.118228,1.084582,HWC,1,1,0,0
4309,1.151963,1.160420,MGC,5,1,0,0
431,1.339868,1.390620,MGC,2,1,0,0
4310,1.611971,3.644005,MGC,1,1,0,0
4311,1.255112,1.563758,MGC,4,2,0,0
4312,1.265969,1.749724,MGC,2,2,0,0
4314,1.341543,1.586335,MGC,1,2,0,0
4315,1.302212,1.545857,MGC,2,1,0,0
4316,1.057197,1.141016,MGC,1,1,0,0
4317,1.249589,1.070510,HWC,1,1,0,0
4318,1.309664,1.450800,MGC,1,1,0,0
4319,1.137788,1.333778,MGC,1,1,0,0
432,1.162174,1.436910,MGC,1,1,0,0
4321,1.199610,1.203881,MGC,1,1,0,0
4322,1.136671,1.555840,MGC,1,1,0,0
4323,1.393933,1.118885,HWC,1,1,0,0
4326,1.276618,2.097257,MGC,1,4,0,0
4327,1.398934,2.120426,MGC,7,4,0,0
4329,1.304314,1.457937,MGC,2,1,0,0
4330,1.344150,1.529189,MGC,3,1,0,0
4333,1.468802,1.111792,HWC,2,1,0,0
4334,1.578273,1.641784,MGC,1,1,0,0
4335,1.255325,1.842144,MGC,1,1,0,0
4337,1.301545,1.589896,MGC,1,1,0,0
4339,1.549316,1.317807,HWC,1,1,0,0
4340,1.325176,1.207802,HWC,2,1,0,0
4342,1.413985,1.930419,MGC,2,3,0,0
4343,1.369980,1.631190,MGC,1,1,0,0
4346,1.269601,0.982523,HWC,2,1,0,0
4347,1.354237,1.188429,HWC,1,1,0,0
4349,1.412484,1.606334,MGC,1,1,0,0
4351,1.402110,1.384677,HWC,1,1,0,0
4352,1.151108,1.126688,HWC,1,1,0,0
4354,1.341902,1.199069,HWC,1,1,0,0
4355,1.472187,1.143150,HWC,1,1,0,0
4357,1.347782,1.425227,MGC,2,1,0,0
4358,1.260293,0.979051,HWC,1,1,0,0
4359,1.288207,1.354082,MGC,2,7,0,0
4360,1.127406,1.088415,HWC,1,1,0,0
4361,1.086938,1.963262,MGC,1,3,0,0
4364,1.460965,1.566689,MGC,1,1,0,0
4365,1.253924,1.021526,HWC,1,1,0,0
4366,1.381565,nan,HWC,2,0,0,0
4368,1.413872,1.595934,MGC,1,1,0,0
437,1.698087,1.800380,MGC,1,2,0,0
4371,1.596412,1.441135,HWC,1,1,0,0
4372,1.339411,1.421702,MGC,1,1,0,0
4373,1.304087,1.274638,HWC,1,1,0,0
4374,1.275877,1.708829,MGC,2,1,0,0
4375,1.448433,1.755962,MGC,3,3,0,0
4376,1.427269,1.284708,HWC,2,1,0,0
4378,1.260165,1.375606,MGC,1,1,0,0
4379,1.306019,1.289622,HWC,1,1,0,0
438,1.258865,1.766737,MGC,1,2,0,0
4381,1.295655,1.099103,HWC,2,1,0,0
4383,1.685154,1.534048,HWC,1,1,0,0
4384,1.592567,1.092868,HWC,3,1,0,0
4385,1.105566,nan,HWC,3,0,0,0
4386,1.521935,1.493464,HWC,1,1,0,0
4391,1.050622,1.087344,MGC,1,1,0,0
4392,1.541347,1.512514,HWC,1,1,0,0
4394,1.328864,1.700663,MGC,1,1,0,0
4396,1.261672,1.308383,MGC,2,1,0,0
4397,1.397197,1.444203,MGC,2,1,0,0
4399,1.297428,1.259940,HWC,2,1,0,0
44,1.407404,1.779270,MGC,2,1,0,0
4401,1.562528,1.219520,HWC,1,1,0,0
4403,1.249027,1.394061,MGC,2,1,0,0
4404,1.369783,1.784065,MGC,10,1,0,0
4406,1.210554,1.428886,MGC,3,1,0,0
4408,1.187192,2.360525,MGC,2,5,0,0
4409,1.116280,1.899721,MGC,1,1,0,0
4410,1.379338,1.772477,MGC,2,2,0,0
4411,1.262578,1.314993,MGC,1,1,0,0
4412,1.240048,1.328545,MGC,1,1,0,0
4413,1.127143,1.224622,MGC,2,1,0,0
4414,1.670807,1.576984,HWC,1,1,0,0
4415,1.166720,1.295100,MGC,1,1,0,0
4416,1.261167,1.465297,MGC,11,1,0,0
4417,1.378532,1.364526,HWC,1,1,0,0
4418,1.478540,1.389849,HWC,2,1,0,0
4419,1.142817,2.113433,MGC,1,1,0,0
4420,1.091953,1.281528,MGC,1,1,0,0
4421,1.203644,nan,HWC,1,0,0,0
4422,1.160311,1.203630,MGC,1,1,0,0
4423,1.238147,1.371229,MGC,1,1,0,0
4427,1.341126,1.408107,MGC,1,1,0,0
4428,1.378297,1.435793,MGC,3,2,0,0
4430,1.405849,1.799863,MGC,2,2,0,0
4431,1.613676,1.425494,HWC,2,1,0,0
4432,1.345556,1.941002,MGC,2,6,0,0
4433,1.230865,1.457068,MGC,3,2,0,0
4434,1.246041,1.574848,MGC,1,1,0,0
4435,1.255185,1.341504,MGC,1,1,0,0
4436,1.288367,1.649308,MGC,1,1,0,0
4437,1.265651,3.113916,MGC,2,1,0,0
4438,1.400628,1.598665,MGC,1,1,0,0
444,1.339546,1.035513,HWC,2,1,0,0
4440,1.321508,2.406697,MGC,3,6,0,0
4442,1.336692,1.405234,MGC,8,1,0,0
4445,1.407174,1.698753,MGC,2,2,0,0
4447,1.257533,1.526449,MGC,2,1,0,0
4448,1.413832,1.183128,HWC,5,1,0,0
4449,1.655680,1.634507,HWC,2,1,0,0
4451,1.250706,1.408797,MGC,2,1,0,0
4452,1.417460,1.572479,MGC,3,1,0,0
4456,1.186539,1.050597,HWC,1,1,0,0
4457,1.312893,1.750529,MGC,1,1,0,0
4459,1.442120,1.399339,HWC,1,1,0,0
446,1.334564,1.122589,HWC,1,1,0,0
4460,1.407042,2.181139,MGC,1,1,0,0
4461,1.173812,1.038998,HWC,2,1,0,0
4462,1.236216,1.174986,HWC,1,1,0,0
4463,1.305550,1.702516,MGC,4,1,0,0
4465,1.283887,1.481428,MGC,2,1,0,0
4467,1.350466,1.835665,MGC,2,5,0,0
4470,1.329004,1.090497,HWC,2,1,0,0
4471,1.386376,1.389770,MGC,2,1,0,0
4473,1.493352,1.138230,HWC,1,1,0,0
4475,1.224469,1.087898,HWC,1,1,0,0
4477,1.397259,1.943380,MGC,2,1,0,0
4479,1.315856,1.718124,MGC,3,3,0,0
4480,1.253652,1.235705,HWC,1,1,0,0
4482,1.163635,1.278515,MGC,2,1,0,0
4483,1.291169,1.712819,MGC,1,1,0,0
4484,1.392360,1.529246,MGC,1,1,0,0
4485,1.455460,1.365863,HWC,2,1,0,0
4486,1.355432,1.466767,MGC,2,1,0,0
4488,1.700762,1.625798,HWC,2,1,0,0
4489,1.353002,1.382450,MGC,4,1,0,0
449,1.643985,1.191321,HWC,1,1,0,0
4491,1.318890,1.528018,MGC,2,1,0,0
4493,1.477795,1.818485,MGC,2,1,0,0
4496,1.762611,1.157163,HWC,1,1,0,0
4497,1.215192,1.151728,HWC,6,1,0,0
4498,1.096251,0.999321,HWC,1,1,0,0
45,1.357322,1.497748,MGC,2,1,0,0
4500,1.458979,1.453950,HWC,1,1,0,0
4501,1.409341,1.468989,MGC,1,1,0,0
4503,1.399243,2.416610,MGC,1,3,0,0
4504,1.449095,1.171934,HWC,2,1,0,0
4505,1.275331,1.847180,MGC,7,7,0,0
4506,1.284289,2.162356,MGC,1,1,0,0
4507,1.239396,1.447956,MGC,1,1,0,0
4508,1.350345,1.209537,HWC,1,1,0,0
451,1.621747,1.670133,MGC,1,1,0,0
4514,1.503098,1.155100,HWC,1,1,0,0
4515,1.282555,0.975870,HWC,3,1,0,0
4516,1.517677,1.649110,MGC,2,1,0,0
4517,1.358599,1.098013,HWC,1,1,0,0
4519,1.568539,1.253670,HWC,1,1,0,0
452,1.239213,1.497370,MGC,1,3,0,0
4522,1.370843,1.481442,MGC,1,1,0,0
4524,1.504663,2.116139,MGC,1,2,0,0
4525,1.308459,1.142680,HWC,1,1,0,0
4526,1.254379,1.317961,MGC,1,1,0,0
4528,1.169626,1.187004,MGC,1,1,0,0
453,1.472822,1.146166,HWC,1,1,0,0
4534,1.617438,nan,HWC,1,0,0,0
4535,1.260354,1.522845,MGC,4,1,0,0
4536,1.339370,1.694356,MGC,6,1,0,0
4537,1.287829,1.204730,HWC,1,1,0,0
4538,1.211745,1.327031,MGC,1,1,0,0
4542,1.304900,1.902055,MGC,4,4,0,0
4546,1.213577,1.764181,MGC,1,1,0,0
4548,1.270400,1.111222,HWC,1,1,0,0
4549,1.389046,1.517769,MGC,1,1,0,0
455,1.271997,1.259227,HWC,1,1,0,0
4550,1.305542,1.703578,MGC,2,1,0,0
4551,1.064945,1.438971,MGC,1,1,0,0
4552,1.365022,1.694598,MGC,1,1,0,0
4553,1.224176,1.936054,MGC,6,2,0,0
4554,1.237411,2.259603,MGC,9,2,0,0
4555,2.403121,2.525624,MGC,1,1,0,0
4558,1.443531,1.183908,HWC,1,1,0,0
4559,1.304520,1.255966,HWC,1,1,0,0
4560,1.487782,2.066227,MGC,4,1,0,0
4561,1.726351,1.455145,HWC,1,1,0,0
4562,1.330474,1.414036,MGC,1,1,0,0
4563,1.282517,1.828150,MGC,6,1,0,0
4565,1.413315,1.620127,MGC,1,1,0,0
4566,1.312935,1.127667,HWC,1,1,0,0
4567,1.402419,1.260134,HWC,3,1,0,0
4569,1.387166,1.082655,HWC,1,1,0,0
4570,1.297664,1.585176,MGC,2,2,0,0
4573,1.306866,1.506629,MGC,2,1,0,0
4575,1.346031,1.639753,MGC,1,1,0,0
4577,1.221874,1.497267,MGC,2,1,0,0
4578,1.436461,1.672259,MGC,3,1,0,0
4579,1.496536,1.567741,MGC,1,1,0,0
4580,1.408819,2.183472,MGC,1,1,0,0
4581,1.928510,1.243368,HWC,1,1,0,0
4584,1.229645,2.005650,MGC,7,4,0,0
4585,1.259235,1.240496,HWC,1,1,0,0
4586,1.400062,1.799279,MGC,2,1,0,0
4587,1.412899,1.722195,MGC,3,1,0,0
4588,1.342117,1.605529,MGC,3,2,0,0
459,1.452173,1.591525,MGC,1,1,0,0
4590,1.565538,1.454268,HWC,2,1,0,0
4595,1.513573,1.590343,MGC,3,1,0,0
4596,1.463873,1.132727,HWC,1,1,0,0
4597,1.183958,1.664895,MGC,3,2,0,0
4599,1.248521,1.402435,MGC,3,2,0,0
46,1.457496,1.617043,MGC,4,1,0,0
460,1.403499,1.418150,MGC,1,1,0,0
4604,1.164833,1.491824,MGC,1,1,0,0
4605,1.226394,1.088871,HWC,3,1,0,0
4606,1.234941,1.153548,HWC,1,1,0,0
4607,1.465205,1.908143,MGC,2,1,0,0
4609,1.516521,1.261459,HWC,3,1,0,0
461,1.420791,2.104685,MGC,3,2,0,0
4613,1.220638,1.048085,HWC,2,1,0,0
4616,1.541867,1.665697,MGC,2,1,0,0
4617,1.284266,1.399029,MGC,3,1,0,0
462,1.357396,1.182315,HWC,1,1,0,0
4621,1.482325,1.477341,HWC,2,1,0,0
4624,1.160471,1.086550,HWC,1,1,0,0
4626,1.246572,1.235449,HWC,1,1,0,0
4629,1.240484,1.582145,MGC,4,1,0,0
463,1.244966,1.219685,HWC,1,1,0,0
4630,1.305497,1.470376,MGC,1,1,0,0
4635,1.298357,1.651210,MGC,2,2,0,0
4636,1.311928,1.754984,MGC,2,1,0,0
4638,1.212712,1.344111,MGC,1,1,0,0
4639,1.365105,1.892695,MGC,1,3,0,0
464,1.236328,1.590560,MGC,1,1,0,0
4640,2.012540,2.654227,MGC,2,2,0,0
4643,1.479927,1.616848,MGC,1,1,0,0
4644,1.277126,1.024405,HWC,1,1,0,0
4645,1.269622,1.283973,MGC,1,1,0,0
4648,1.175206,1.041343,HWC,1,1,0,0
4649,2.154885,2.676031,MGC,1,1,0,0
465,1.273486,1.722041,MGC,4,2,0,0
4652,1.146776,1.183613,MGC,1,1,0,0
4653,1.230309,1.262713,MGC,4,1,0,0
4654,1.238131,1.431009,MGC,1,1,0,0
4655,1.393003,1.060821,HWC,1,1,0,0
4656,1.416221,1.695833,MGC,2,1,0,0
4657,1.401324,1.226358,HWC,2,1,0,0
4658,1.233234,1.360939,MGC,1,1,0,0
4659,1.535490,1.264268,HWC,1,1,0,0
4662,1.393671,1.585989,MGC,1,1,0,0
4663,1.612410,1.313409,HWC,1,1,0,0
4664,1.252221,1.092617,HWC,1,1,0,0
4665,1.971280,1.537136,HWC,1,1,0,0
4666,1.084780,1.144654,MGC,1,1,0,0
4667,1.491545,1.036179,HWC,4,1,0,0
4668,1.299049,1.784062,MGC,1,3,0,0
4669,1.680192,2.152646,MGC,3,1,0,0
4674,1.208075,1.473571,MGC,4,5,0,0
4675,1.580644,1.211906,HWC,2,1,0,0
4677,1.245805,1.439760,MGC,1,1,0,0
4678,1.476825,1.466213,HWC,1,1,0,0
4679,1.408910,1.211822,HWC,1,1,0,0
4680,1.480961,1.318098,HWC,5,1,0,0
4681,1.358881,1.404985,MGC,1,2,0,0
4682,1.340639,1.084462,HWC,1,1,0,0
4683,1.173849,1.583113,MGC,4,5,0,0
4684,1.248122,1.853266,MGC,4,1,0,0
4685,1.372770,1.110592,HWC,1,1,0,0
4686,1.257181,1.143956,HWC,1,1,0,0
4687,1.283218,2.031561,MGC,1,1,0,0
4688,1.280018,1.531627,MGC,1,2,0,0
4689,1.338660,1.203147,HWC,2,1,0,0
469,1.446556,1.436865,HWC,1,1,0,0
4690,1.610426,1.838624,MGC,2,3,0,0
4691,1.728549,1.117579,HWC,1,1,0,0
4693,1.252351,1.444443,MGC,4,1,0,0
4694,1.496214,1.247714,HWC,1,1,0,0
4698,1.261003,1.141196,HWC,1,1,0,0
4699,1.288255,1.211623,HWC,4,1,0,0
47,1.421806,1.368787,HWC,2,1,0,0
4703,1.562154,1.443537,HWC,1,1,0,0
4704,1.298027,1.598029,MGC,1,1,0,0
4707,2.010552,1.450363,HWC,1,1,0,0
4709,1.553629,1.147736,HWC,1,1,0,0
471,1.444833,1.323440,HWC,1,1,0,0
4711,1.566753,nan,HWC,1,0,0,0
4712,1.649252,nan,HWC,5,0,0,0
4713,1.702760,1.692978,HWC,1,1,0,0
4714,1.171133,1.330294,MGC,4,1,0,0
4715,1.272201,1.021849,HWC,1,1,0,0
4716,1.251338,1.632666,MGC,3,1,0,0
4718,1.378336,1.380081,MGC,1,1,0,0
472,1.516141,1.784815,MGC,2,1,0,0
4720,1.285071,1.402507,MGC,1,1,0,0
4722,1.329904,1.100751,HWC,1,1,0,0
4723,1.460383,1.523881,MGC,1,1,0,0
4724,1.344009,1.224459,HWC,2,1,0,0
4726,1.273711,1.822408,MGC,2,1,0,0
4727,1.254453,1.101622,HWC,2,1,0,0
4729,1.221212,2.114775,MGC,1,4,0,0
473,1.176073,1.642624,MGC,1,1,0,0
4730,1.357519,1.805344,MGC,2,3,0,0
4731,1.453187,1.441724,HWC,6,3,0,0
4736,1.162148,1.113051,HWC,1,1,0,0
4737,1.355512,1.795115,MGC,5,3,0,0
4739,1.290841,1.221485,HWC,1,1,0,0
474,1.750952,1.358790,HWC,1,1,0,0
4743,1.305359,1.657048,MGC,1,2,0,0
4744,1.245039,1.205157,HWC,1,1,0,0
4745,1.297049,1.255914,HWC,2,1,0,0
4747,1.438491,1.202144,HWC,1,1,0,0
4748,1.227124,1.544862,MGC,2,1,0,0
4749,1.502886,1.514623,MGC,1,1,0,0
4751,1.641339,1.672175,MGC,1,1,0,0
4752,1.327648,1.308982,HWC,1,1,0,0
4753,1.314902,1.706962,MGC,3,1,0,0
4754,1.258583,1.421589,MGC,1,1,0,0
4756,1.341291,1.143059,HWC,1,1,0,0
4757,1.626942,1.166228,HWC,2,1,0,0
4758,1.168897,1.208530,MGC,1,1,0,0
476,1.406575,1.020670,HWC,1,1,0,0
4760,1.374367,1.656553,MGC,3,2,0,0
4761,1.565013,1.923903,MGC,1,1,0,0
4764,1.572626,1.238938,HWC,1,1,0,0
4766,1.361173,1.487725,MGC,1,1,0,0
4767,1.530393,1.925850,MGC,1,1,0,0
4769,1.388004,1.417208,MGC,1,1,0,0
4770,1.231097,1.517347,MGC,3,1,0,0
4771,1.563108,1.286997,HWC,1,1,0,0
4773,1.323920,1.163631,HWC,1,1,0,0
4775,1.203408,1.849444,MGC,2,1,0,0
4776,1.082208,1.227281,MGC,1,1,0,0
4778,1.635118,2.430984,MGC,1,1,0,0
478,1.190303,2.039486,MGC,1,1,0,0
4781,1.421858,1.063701,HWC,1,1,0,0
4782,1.182936,2.002369,MGC,3,4,0,0
4783,1.371566,1.322443,HWC,2,1,0,0
4784,1.721576,1.723930,MGC,1,3,0,0
4786,1.428709,1.183065,HWC,1,1,0,0
4787,1.253255,2.043647,MGC,3,3,0,0
4788,1.330647,2.328124,MGC,2,3,0,0
4789,1.573548,1.761855,MGC,3,1,0,0
479,1.593022,1.611826,MGC,1,1,0,0
4790,1.556037,1.922810,MGC,3,1,0,0
4791,1.408753,1.291535,HWC,1,1,0,0
4793,1.282864,1.533047,MGC,1,1,0,0
4794,1.300571,1.293832,HWC,1,1,0,0
4797,1.331252,1.166664,HWC,2,1,0,0
4798,1.310999,1.480823,MGC,1,1,0,0
4800,1.507607,1.701393,MGC,3,3,0,0
4801,1.319488,1.119275,HWC,1,1,0,0
4802,1.235257,1.570949,MGC,3,2,0,0
4804,1.597813,1.430266,HWC,1,1,0,0
4805,1.519492,1.561200,MGC,1,1,0,0
4806,1.447121,1.783214,MGC,3,2,0,0
4807,1.330966,1.410723,MGC,1,1,0,0
4809,1.309354,1.737164,MGC,1,1,0,0
481,1.359889,1.212776,HWC,2,1,0,0
4811,1.207830,nan,HWC,2,0,0,0
4812,1.325810,1.452919,MGC,2,3,0,0
4813,1.286663,3.022336,MGC,4,7,0,0
4816,1.673291,1.640998,HWC,1,1,0,0
4817,1.432442,1.397016,HWC,1,1,0,0
4819,1.263570,1.946679,MGC,2,1,0,0
482,1.421546,2.568184,MGC,1,1,0,0
4821,1.511355,1.257984,HWC,1,1,0,0
4822,1.386188,2.215202,MGC,2,1,0,0
4823,1.316814,1.160765,HWC,1,1,0,0
4826,1.173201,1.037145,HWC,1,1,0,0
483,1.229813,1.104053,HWC,1,1,0,0
4830,1.261306,1.965637,MGC,1,1,0,0
4831,1.151088,1.116853,HWC,2,1,0,0
4834,1.270844,1.694141,MGC,2,1,0,0
4836,1.347834,2.093494,MGC,4,1,0,0
4837,1.300345,1.569578,MGC,1,1,0,0
4838,1.245513,1.305118,MGC,1,1,0,0
4839,1.390741,1.349228,HWC,2,1,0,0
484,1.401432,1.674282,MGC,1,1,0,0
4840,1.292831,1.606244,MGC,1,1,0,0
4842,1.458909,1.588666,MGC,2,2,0,0
4845,1.663287,1.234220,HWC,1,1,0,0
4846,1.248436,1.208675,HWC,2,1,0,0
4849,1.376440,nan,HWC,1,0,0,0
4850,1.287518,1.450545,MGC,1,1,0,0
4851,1.124412,1.176850,MGC,1,1,0,0
4853,1.621971,1.823534,MGC,1,1,0,0
4856,1.335710,1.410420,MGC,1,1,0,0
4857,1.068808,1.102630,MGC,1,1,0,0
4858,1.578787,1.612727,MGC,1,1,0,0
486,1.676708,1.694300,MGC,1,1,0,0
4860,1.197591,1.587835,MGC,1,1,0,0
4861,1.625513,1.273597,HWC,1,1,0,0
4862,1.248823,1.092671,HWC,1,1,0,0
4863,1.711126,1.932446,MGC,3,1,0,0
4865,1.454564,1.657758,MGC,2,5,0,0
4866,1.574867,1.721414,MGC,1,1,0,0
4867,1.281929,1.531471,MGC,1,1,0,0
4868,1.501281,1.525215,MGC,3,1,0,0
4869,1.369887,1.978316,MGC,3,2,0,0
4872,1.226039,1.546341,MGC,2,2,0,0
4873,1.234952,1.269124,MGC,2,1,0,0
4875,1.280333,1.825969,MGC,6,4,0,0
4876,1.404743,1.143728,HWC,1,1,0,0
4877,1.558390,1.721197,MGC,2,1,0,0
4879,1.315057,1.481013,MGC,1,1,0,0
488,1.341623,1.466822,MGC,1,1,0,0
4880,1.379159,2.686348,MGC,2,3,0,0
4881,1.446909,1.248096,HWC,2,1,0,0
4882,1.422110,1.620084,MGC,1,1,0,0
4884,1.173860,nan,HWC,1,0,0,0
4886,1.405389,1.192615,HWC,1,1,0,0
4887,1.120297,1.103913,HWC,1,1,0,0
4888,1.399610,1.449548,MGC,1,1,0,0
4889,1.533877,2.228085,MGC,1,1,0,0
4894,1.679917,1.307344,HWC,1,1,0,0
4896,1.086732,1.077274,HWC,5,1,0,0
4897,1.318126,1.079223,HWC,1,1,0,0
4898,1.612443,1.219163,HWC,1,1,0,0
49,1.226590,1.399737,MGC,1,1,0,0
490,1.438247,1.833832,MGC,2,2,0,0
4900,1.323134,1.145884,HWC,1,1,0,0
4901,1.568338,1.096660,HWC,1,1,0,0
4902,1.455052,1.726503,MGC,1,1,0,0
4903,1.203017,1.460373,MGC,2,1,0,0
4904,1.854579,1.177577,HWC,1,1,0,0
4905,1.246471,1.896236,MGC,1,1,0,0
4906,1.272036,1.455011,MGC,1,1,0,0
4907,1.260437,1.075617,HWC,3,1,0,0
4908,1.404171,1.674628,MGC,2,1,0,0
4909,1.285597,1.080552,HWC,1,1,0,0
4910,1.358237,1.429189,MGC,1,1,0,0
4911,1.605269,1.417556,HWC,2,1,0,0
4915,1.298878,1.116024,HWC,1,1,0,0
4916,1.409833,2.041837,MGC,3,2,0,0
4917,1.277138,1.452948,MGC,1,1,0,0
4919,1.371734,1.801733,MGC,6,1,0,0
492,1.267483,1.654599,MGC,1,1,0,0
4920,1.762217,1.719042,HWC,1,1,0,0
4921,1.376701,1.450745,MGC,3,2,0,0
4925,1.244260,1.443827,MGC,4,1,0,0
4928,1.482476,1.919355,MGC,2,1,0,0
4929,1.899621,1.995455,MGC,1,1,0,0
493,1.326017,1.902673,MGC,5,6,0,0
4930,1.671663,nan,HWC,1,0,0,0
4931,1.335648,1.790912,MGC,2,1,0,0
4932,1.812596,1.793111,HWC,1,1,0,0
4933,1.331992,1.706678,MGC,3,2,0,0
4934,1.697785,2.222085,MGC,1,1,0,0
4935,1.374152,1.461754,MGC,1,1,0,0
4937,1.186646,1.098380,HWC,1,1,0,0
494,1.390220,1.229727,HWC,1,1,0,0
4940,1.561079,1.476202,HWC,1,1,0,0
4941,1.243410,1.645864,MGC,1,1,0,0
4942,1.303826,1.864198,MGC,1,1,0,0
4943,1.182881,1.095245,HWC,1,1,0,0
4944,1.787580,2.236954,MGC,1,3,0,0
4945,1.402941,1.767066,MGC,1,1,0,0
4946,1.094958,1.696457,MGC,1,1,0,0
4948,1.306903,1.782538,MGC,1,1,0,0
495,1.260207,1.083969,HWC,1,1,0,0
4951,1.188905,1.346194,MGC,1,1,0,0
4954,1.356684,1.110908,HWC,2,1,0,0
4955,1.301881,1.546010,MGC,1,1,0,0
4956,1.246068,1.199080,HWC,1,1,0,0
4957,1.169195,nan,HWC,1,0,0,0
496,1.389467,1.469377,MGC,2,1,0,0
4961,1.233265,1.738893,MGC,2,2,0,0
4962,1.344715,1.521336,MGC,1,1,0,0
4963,1.312761,2.623974,MGC,3,5,0,0
4965,1.277873,1.089754,HWC,1,1,0,0
4967,2.023974,1.927357,HWC,1,1,0,0
4968,1.513151,1.686225,MGC,1,1,0,0
4969,1.526142,1.052620,HWC,1,1,0,0
497,1.382735,1.439929,MGC,2,3,0,0
4970,1.324211,1.154311,HWC,1,1,0,0
4971,1.738560,1.539469,HWC,1,1,0,0
4972,1.384275,2.378835,MGC,3,3,0,0
4974,1.262637,1.484672,MGC,2,4,0,0
4977,1.417372,1.689923,MGC,2,1,0,0
4978,1.359200,2.041867,MGC,1,1,0,0
498,1.372541,2.464623,MGC,3,1,0,0
4982,1.396958,2.065964,MGC,1,1,0,0
4983,1.514947,1.279600,HWC,2,1,0,0
4984,1.294005,1.777460,MGC,3,1,0,0
4985,1.324902,1.911096,MGC,3,2,0,0
4986,1.302237,1.403954,MGC,1,1,0,0
4987,1.396541,1.231330,HWC,1,1,0,0
499,1.376971,1.054170,HWC,1,1,0,0
4990,1.137088,1.870312,MGC,1,3,0,0
4991,1.619601,1.117100,HWC,1,1,0,0
4992,1.463681,1.411958,HWC,1,1,0,0
4993,1.451349,1.837062,MGC,1,1,0,0
4995,1.451296,1.713053,MGC,1,1,0,0
4996,1.443191,1.724978,MGC,2,2,0,0
4997,1.256742,1.487357,MGC,2,1,0,0
4998,1.512035,3.131761,MGC,2,4,0,0
5,1.256041,1.092099,HWC,2,1,0,0
50,1.170339,1.097777,HWC,1,1,0,0
500,1.521326,1.278759,HWC,1,1,0,0
5002,1.610802,1.654156,MGC,1,1,0,0
5006,1.256385,1.275884,MGC,1,1,0,0
5007,1.366427,1.581854,MGC,1,1,0,0
5008,1.353272,1.106377,HWC,1,1,0,0
501,1.341317,1.127090,HWC,1,1,0,0
5010,1.161832,1.141549,HWC,1,1,0,0
5013,1.359455,2.316515,MGC,1,2,0,0
5016,1.259315,1.421344,MGC,1,1,0,0
5017,1.422112,1.552393,MGC,2,1,0,0
5018,1.434472,nan,HWC,1,0,0,0
5020,1.358586,1.623108,MGC,1,1,0,0
5021,1.254982,1.263756,MGC,1,1,0,0
5024,1.321076,1.875655,MGC,1,2,0,0
5026,1.581615,1.653878,MGC,1,1,0,0
5027,1.208975,1.096279,HWC,1,1,0,0
5029,1.324472,1.503834,MGC,1,4,0,0
503,1.286800,1.358302,MGC,1,1,0,0
5030,1.247532,1.527242,MGC,3,1,0,0
5031,1.246754,1.372249,MGC,1,1,0,0
5035,1.191057,1.184797,HWC,1,1,0,0
5036,1.544169,1.671228,MGC,1,1,0,0
5037,1.210747,1.258184,MGC,1,1,0,0
5038,1.378161,1.231114,HWC,1,1,0,0
5039,1.247118,1.439649,MGC,1,1,0,0
504,1.507720,1.402232,HWC,1,1,0,0
5041,1.224476,1.848602,MGC,1,1,0,0
5042,1.242507,1.290932,MGC,1,1,0,0
5043,1.526510,1.157574,HWC,2,1,0,0
5044,1.437439,1.139210,HWC,1,1,0,0
5045,1.091549,1.190759,MGC,1,1,0,0
5047,1.326105,1.163519,HWC,1,1,0,0
5048,1.414054,1.749383,MGC,1,1,0,0
505,1.552627,1.437144,HWC,1,1,0,0
5050,1.344377,1.647906,MGC,3,2,0,0
5051,1.316631,1.150530,HWC,1,1,0,0
5052,1.315414,1.409560,MGC,1,1,0,0
5054,1.386703,1.823419,MGC,2,2,0,0
5055,1.219676,1.297575,MGC,2,1,0,0
5058,1.211095,1.542005,MGC,1,1,0,0
5059,1.501248,2.020459,MGC,1,2,0,0
506,1.289563,1.396696,MGC,2,1,0,0
5063,1.512174,1.175550,HWC,1,1,0,0
5064,1.337527,1.144133,HWC,1,1,0,0
5066,1.214907,1.355649,MGC,1,1,0,0
5067,1.228534,1.851600,MGC,1,5,0,0
5068,1.288745,1.187221,HWC,1,1,0,0
5069,1.465099,2.311537,MGC,1,1,0,0
507,1.206691,1.514145,MGC,1,1,0,0
5070,1.343213,1.788227,MGC,1,2,0,0
5071,1.339696,1.348664,MGC,3,1,0,0
5073,1.503987,1.520728,MGC,2,1,0,0
5074,1.348830,1.367904,MGC,1,1,0,0
5075,1.826263,1.991892,MGC,1,1,0,0
5076,1.167955,1.852362,MGC,1,2,0,0
5077,1.155899,1.201167,MGC,1,1,0,0
5080,1.445262,1.109683,HWC,1,1,0,0
5081,1.404385,1.204745,HWC,1,1,0,0
5083,1.397714,1.785877,MGC,2,3,0,0
5084,1.175286,3.005180,MGC,5,4,0,0
5085,1.090819,1.218946,MGC,1,1,0,0
5088,1.378203,1.602645,MGC,3,2,0,0
5089,1.540809,1.856282,MGC,1,1,0,0
509,1.366828,1.077322,HWC,1,1,0,0
5090,1.235684,1.140753,HWC,1,1,0,0
5091,1.445762,1.298706,HWC,1,1,0,0
5092,1.453645,nan,HWC,2,0,0,0
5093,1.225336,1.432054,MGC,1,3,0,0
5094,1.165009,1.099023,HWC,1,1,0,0
5097,1.348241,1.323602,HWC,3,1,0,0
5098,1.145410,1.251928,MGC,1,1,0,0
5099,1.156765,1.416702,MGC,1,1,0,0
51,1.193621,1.505481,MGC,1,1,0,0
510,2.148481,1.798059,HWC,1,1,0,0
5100,1.341353,1.345958,MGC,2,1,0,0
5102,1.367094,1.673286,MGC,1,1,0,0
5105,1.221415,1.392089,MGC,1,1,0,0
5106,1.327794,1.481022,MGC,3,1,0,0
5109,1.193758,1.562483,MGC,1,2,0,0
511,1.292980,1.076910,HWC,1,1,0,0
5110,1.271526,1.392187,MGC,2,1,0,0
5112,1.336765,1.065440,HWC,1,1,0,0
5113,1.288701,1.821027,MGC,1,1,0,0
5114,1.138876,1.113685,HWC,1,1,0,0
5115,1.349544,1.429468,MGC,2,1,0,0
5118,1.230415,1.108974,HWC,5,1,0,0
5120,1.405912,1.209714,HWC,1,1,0,0
5121,1.204822,1.265912,MGC,1,1,0,0
5122,1.417276,1.414217,HWC,4,1,0,0
5124,1.128883,1.208837,MGC,1,1,0,0
5125,1.188564,1.333554,MGC,1,1,0,0
5126,1.189222,1.838667,MGC,2,1,0,0
5127,1.182052,1.008138,HWC,1,1,0,0
5128,1.532787,1.667743,MGC,2,1,0,0
5129,1.297023,1.300077,MGC,1,1,0,0
5131,1.071970,1.420732,MGC,1,1,0,0
5132,1.229767,1.563014,MGC,3,1,0,0
5133,1.299881,1.795032,MGC,1,2,0,0
5134,1.330448,1.224909,HWC,1,1,0,0
5135,1.474933,2.236319,MGC,1,1,0,0
5137,1.400592,1.435865,MGC,1,1,0,0
5138,1.451139,1.676366,MGC,1,1,0,0
5139,1.292798,1.177851,HWC,4,1,0,0
5140,1.400613,1.477789,MGC,4,2,0,0
5142,1.369391,1.731560,MGC,4,2,0,0
5143,1.406785,1.676362,MGC,5,3,0,0
5145,1.248928,2.110712,MGC,4,1,0,0
5146,1.222539,1.354507,MGC,1,1,0,0
5148,1.268229,1.134596,HWC,2,1,0,0
5150,1.364623,1.548262,MGC,6,2,0,0
5151,1.139009,1.295359,MGC,2,1,0,0
5152,1.423856,1.746889,MGC,2,2,0,0
5154,1.886788,1.824891,HWC,1,1,0,0
5155,1.274383,1.732972,MGC,2,2,0,0
5156,1.532202,1.837727,MGC,1,1,0,0
5158,1.575886,2.021283,MGC,1,1,0,0
5159,1.351455,1.170300,HWC,2,1,0,0
516,1.561183,1.391995,HWC,1,1,0,0
5160,1.388237,1.396086,MGC,1,2,0,0
5161,1.302272,1.753689,MGC,2,2,0,0
5162,1.075661,1.664474,MGC,1,1,0,0
5163,1.412925,1.814852,MGC,2,2,0,0
5164,1.490295,1.068131,HWC,2,1,0,0
5165,1.571502,1.572250,MGC,1,1,0,0
5167,1.135081,1.159972,MGC,1,1,0,0
5168,1.279607,1.256158,HWC,1,1,0,0
5170,1.184861,1.243790,MGC,1,1,0,0
5171,1.422749,1.208809,HWC,1,1,0,0
5174,1.510916,2.436275,MGC,1,1,0,0
5175,1.480754,1.460478,HWC,1,1,0,0
5178,1.255841,1.544157,MGC,4,1,0,0
5179,1.461357,1.599631,MGC,1,1,0,0
5182,1.426571,1.229545,HWC,1,1,0,0
5184,1.259799,1.228397,HWC,2,1,0,0
5185,1.512291,1.178149,HWC,1,1,0,0
5186,1.284033,1.296738,MGC,1,1,0,0
519,1.304938,1.481169,MGC,2,1,0,0
5191,1.043817,1.825929,MGC,1,1,0,0
5193,1.604726,1.470430,HWC,1,1,0,0
5194,1.484767,1.985969,MGC,2,1,0,0
5195,1.237235,1.889689,MGC,1,1,0,0
5198,1.203062,1.037785,HWC,1,1,0,0
5199,1.281237,1.564230,MGC,4,2,0,0
52,1.640468,2.550987,MGC,1,1,0,0
520,1.313881,2.332975,MGC,1,2,0,0
5200,1.314981,1.693885,MGC,1,1,0,0
5201,1.496497,1.094304,HWC,1,1,0,0
5202,1.345439,1.594287,MGC,1,1,0,0
5205,1.306964,1.557755,MGC,1,1,0,0
5207,1.688271,1.118635,HWC,1,1,0,0
5209,1.419839,1.337992,HWC,2,1,0,0
521,1.075909,1.026382,HWC,1,1,0,0
5210,1.262827,1.928726,MGC,3,1,0,0
5211,1.413275,1.588644,MGC,1,1,0,0
5213,1.218685,1.406017,MGC,1,1,0,0
5214,1.545883,1.391006,HWC,1,1,0,0
5217,1.315313,1.555132,MGC,1,1,0,0
5219,1.346360,1.947034,MGC,1,2,0,0
5220,1.421246,1.489075,MGC,2,1,0,0
5221,1.235656,1.125879,HWC,1,1,0,0
5223,1.202098,1.148616,HWC,1,1,0,0
5224,1.266203,1.239481,HWC,1,1,0,0
5225,1.378619,2.248312,MGC,3,2,0,0
5226,1.433897,1.353528,HWC,4,1,0,0
5227,1.337025,1.318631,HWC,1,1,0,0
5228,1.444859,1.742667,MGC,1,1,0,0
5229,1.320888,1.596343,MGC,2,1,0,0
5230,1.111476,1.139470,MGC,2,1,0,0
5231,1.283061,1.127879,HWC,4,1,0,0
5232,1.428692,1.182695,HWC,1,1,0,0
5233,1.120758,1.303456,MGC,1,1,0,0
5235,1.478198,1.644782,MGC,1,1,0,0
5237,1.281193,1.830355,MGC,1,1,0,0
5239,1.207199,1.858001,MGC,1,1,0,0
524,1.239960,0.970337,HWC,1,1,0,0
5240,1.313483,1.214198,HWC,1,1,0,0
5241,1.253446,2.627173,MGC,5,6,0,0
5242,1.651312,2.064307,MGC,2,2,0,0
5244,1.494714,1.686997,MGC,2,1,0,0
5245,1.256280,1.567996,MGC,1,1,0,0
5247,1.137569,1.457748,MGC,1,1,0,0
5248,1.114245,1.322031,MGC,9,3,0,0
525,1.200473,1.118722,HWC,1,1,0,0
5251,1.257053,1.605918,MGC,4,2,0,0
5252,1.137093,1.689105,MGC,1,1,0,0
5253,1.227111,1.539758,MGC,8,1,0,0
5254,1.238263,1.560813,MGC,1,3,0,0
5255,1.366571,1.155115,HWC,1,1,0,0
5256,1.404883,1.287037,HWC,1,1,0,0
5257,1.059946,1.127265,MGC,1,1,0,0
5258,1.242008,1.394662,MGC,1,1,0,0
5259,1.403077,1.069051,HWC,1,1,0,0
526,1.304714,1.744174,MGC,1,1,0,0
5260,1.336697,1.117836,HWC,1,1,0,0
5264,1.555276,2.416483,MGC,1,1,0,0
5265,1.352969,1.559661,MGC,2,1,0,0
5267,1.454198,1.184235,HWC,1,1,0,0
5269,1.206186,2.069828,MGC,4,2,0,0
527,1.576710,1.406489,HWC,1,1,0,0
5270,1.348755,2.144637,MGC,1,1,0,0
5271,1.629305,1.161390,HWC,1,1,0,0
5273,1.529975,1.211207,HWC,1,1,0,0
5274,1.361705,1.414189,MGC,1,1,0,0
5276,1.374644,nan,HWC,2,0,0,0
5277,1.536959,1.061258,HWC,1,1,0,0
5278,1.511607,1.542300,MGC,2,1,0,0
528,1.216719,1.830627,MGC,1,1,0,0
5280,1.143734,1.379168,MGC,2,2,0,0
5281,1.232208,1.542657,MGC,3,1,0,0
5282,1.327644,1.675219,MGC,1,1,0,0
5286,1.364053,2.455621,MGC,1,4,0,0
5289,1.304728,1.782930,MGC,1,2,0,0
529,1.300124,2.269589,MGC,1,1,0,0
5291,1.400504,2.388632,MGC,3,1,0,0
5292,1.249045,1.138214,HWC,2,1,0,0
5293,1.136925,1.672622,MGC,1,1,0,0
5294,1.343178,1.177724,HWC,1,1,0,0
5296,1.322889,1.877511,MGC,3,2,0,0
5297,1.086711,1.018626,HWC,1,1,0,0
5299,1.302852,2.410575,MGC,1,4,0,0
5300,1.216482,0.980750,HWC,5,1,0,0
5302,1.415315,1.766804,MGC,1,1,0,0
5303,1.303540,2.149079,MGC,2,1,0,0
5305,1.293263,1.453563,MGC,1,1,0,0
5306,1.175406,1.069814,HWC,1,1,0,0
5307,1.406520,1.077975,HWC,1,1,0,0
5308,1.473450,nan,HWC,2,0,0,0
5310,1.667885,1.931807,MGC,1,1,0,0
5311,1.304916,1.577933,MGC,3,1,0,0
5312,1.450660,1.448689,HWC,1,1,0,0
5313,1.430502,1.467331,MGC,1,1,0,0
5314,1.267002,1.020468,HWC,1,1,0,0
5315,1.278226,1.032389,HWC,1,1,0,0
5316,1.451788,1.667244,MGC,4,1,0,0
5317,1.078624,1.098138,MGC,1,1,0,0
5318,1.531475,1.483467,HWC,2,1,0,0
5319,1.386161,2.200275,MGC,2,1,0,0
532,1.404701,1.160761,HWC,1,1,0,0
5320,1.211395,1.145699,HWC,1,1,0,0
5321,1.187511,1.151662,HWC,1,1,0,0
5322,1.596931,1.066627,HWC,1,1,0,0
5325,1.361717,1.902856,MGC,1,2,0,0
5329,1.419126,1.207081,HWC,1,1,0,0
533,1.435770,2.253939,MGC,2,4,0,0
5330,1.338605,1.559968,MGC,3,2,0,0
5331,1.429931,2.160864,MGC,5,5,0,0
5332,1.143009,1.442600,MGC,1,1,0,0
5336,1.283590,1.405960,MGC,6,1,0,0
5338,1.293559,1.151708,HWC,1,1,0,0
5339,1.451516,1.720003,MGC,1,4,0,0
534,1.368321,1.443172,MGC,1,1,0,0
5340,1.228417,nan,HWC,2,0,0,0
5341,1.641951,2.044015,MGC,1,1,0,0
5342,1.318762,1.504373,MGC,1,1,0,0
5343,1.342048,1.279183,HWC,1,1,0,0
5344,1.267280,1.299789,MGC,1,1,0,0
5346,1.243863,1.212548,HWC,1,1,0,0
5347,1.279752,1.860454,MGC,1,1,0,0
5348,1.293183,1.965242,MGC,1,1,0,0
5349,1.468644,1.312992,HWC,1,1,0,0
5350,1.498085,1.539402,MGC,5,2,0,0
5351,1.164945,1.197030,MGC,1,1,0,0
5352,1.325820,1.385751,MGC,1,1,0,0
5355,1.167032,1.181221,MGC,1,1,0,0
5357,1.162068,1.109806,HWC,1,1,0,0
5358,1.346367,1.192678,HWC,1,1,0,0
5359,1.361774,1.635575,MGC,1,1,0,0
536,1.329408,1.715989,MGC,1,1,0,0
5360,1.218715,nan,HWC,1,0,0,0
5361,1.303895,1.318920,MGC,3,1,0,0
5362,1.246490,1.715051,MGC,2,6,0,0
5363,1.136112,1.097495,HWC,1,1,0,0
5367,1.190555,1.541603,MGC,2,1,0,0
5368,1.160392,1.046269,HWC,1,1,0,0
5369,1.525397,1.311387,HWC,1,1,0,0
537,1.293189,1.194629,HWC,1,1,0,0
5370,1.338108,3.025606,MGC,1,2,0,0
5371,1.685961,1.168221,HWC,1,1,0,0
5372,1.476032,1.735805,MGC,2,2,0,0
5373,1.604574,1.806551,MGC,2,1,0,0
5375,1.335260,1.280141,HWC,1,1,0,0
5376,1.753602,1.557907,HWC,1,1,0,0
5379,1.391215,1.357438,HWC,2,1,0,0
538,1.431611,1.771052,MGC,1,1,0,0
5382,1.371424,1.830099,MGC,2,1,0,0
5383,1.131295,1.143002,MGC,1,1,0,0
5384,1.425135,1.173460,HWC,1,1,0,0
5385,1.147413,1.359397,MGC,1,1,0,0
5386,1.413061,1.753833,MGC,4,2,0,0
5387,1.207798,1.379249,MGC,2,1,0,0
5388,1.453797,1.923072,MGC,1,1,0,0
5389,1.254910,0.983244,HWC,1,1,0,0
539,1.325759,1.734879,MGC,1,1,0,0
5390,1.432421,1.461537,MGC,2,1,0,0
5392,1.467527,2.368406,MGC,3,1,0,0
5393,1.299608,1.349029,MGC,1,1,0,0
5394,1.211611,1.311378,MGC,1,1,0,0
5396,1.228787,1.576765,MGC,1,1,0,0
5397,1.267777,1.672575,MGC,1,2,0,0
5398,1.270855,1.603197,MGC,6,1,0,0
54,1.237995,1.256385,MGC,2,1,0,0
540,1.759944,1.239075,HWC,1,1,0,0
5400,1.415751,1.616687,MGC,1,1,0,0
5401,1.410714,1.268715,HWC,1,1,0,0
5403,1.171063,1.393909,MGC,1,1,0,0
5405,1.201569,1.857070,MGC,6,1,0,0
5406,1.243853,1.122347,HWC,1,1,0,0
5407,1.642795,1.576958,HWC,2,1,0,0
5408,1.311588,1.345842,MGC,2,1,0,0
5409,1.088372,1.636260,MGC,1,1,0,0
541,1.250248,1.212102,HWC,2,1,0,0
5410,1.062310,1.959710,MGC,1,3,0,0
5411,1.238984,1.737308,MGC,2,1,0,0
5414,1.301048,1.576267,MGC,1,1,0,0
5415,1.214781,1.077822,HWC,1,1,0,0
5417,1.204042,1.380030,MGC,3,2,0,0
5418,1.284592,1.981088,MGC,1,3,0,0
5419,1.440985,2.019903,MGC,2,2,0,0
542,1.509707,1.780123,MGC,1,1,0,0
5421,1.290932,1.520470,MGC,1,1,0,0
5422,1.478077,1.549629,MGC,4,1,0,0
5424,1.264706,1.115909,HWC,1,1,0,0
5427,1.188559,1.859496,MGC,1,1,0,0
543,1.493364,1.661892,MGC,2,1,0,0
5431,1.539484,1.426376,HWC,1,1,0,0
5433,1.599907,1.446080,HWC,1,1,0,0
5434,1.378583,1.198498,HWC,2,1,0,0
5435,1.746475,1.150020,HWC,2,1,0,0
5436,1.332252,1.508266,MGC,3,1,0,0
5437,1.344443,1.632920,MGC,1,1,0,0
5439,1.274300,1.369488,MGC,1,1,0,0
5440,1.412936,1.581654,MGC,1,1,0,0
5442,1.250598,0.949946,HWC,2,1,0,0
5443,1.195213,1.433095,MGC,2,1,0,0
5446,1.166787,1.712003,MGC,4,2,0,0
5447,1.232274,nan,HWC,6,0,0,0
5448,1.750777,1.721359,HWC,2,1,0,0
5449,1.509247,2.439250,MGC,1,1,0,0
545,1.366868,1.057817,HWC,1,1,0,0
5450,1.303381,1.049490,HWC,1,1,0,0
5451,1.298169,1.736730,MGC,3,1,0,0
5452,1.642858,1.612515,HWC,1,1,0,0
5453,1.258960,1.625716,MGC,1,2,0,0
5454,1.855593,1.329151,HWC,1,1,0,0
5457,1.302086,1.149021,HWC,1,1,0,0
5458,1.267677,1.078688,HWC,5,1,0,0
546,1.566374,1.429095,HWC,2,1,0,0
5460,1.282868,1.122950,HWC,1,1,0,0
5464,1.188990,1.373175,MGC,1,1,0,0
5465,1.436892,1.827042,MGC,1,2,0,0
5466,1.236197,1.652507,MGC,1,2,0,0
5468,1.449218,1.501531,MGC,1,1,0,0
547,1.096290,1.643353,MGC,1,1,0,0
5470,1.216088,2.088090,MGC,2,2,0,0
5471,1.183635,1.149916,HWC,1,1,0,0
5472,1.476298,2.161992,MGC,2,3,0,0
5473,1.299391,1.121836,HWC,1,1,0,0
5474,1.421897,2.640944,MGC,2,2,0,0
5476,1.249999,1.351993,MGC,1,1,0,0
5478,1.274762,1.478453,MGC,3,1,0,0
5479,1.253315,1.772461,MGC,2,1,0,0
548,1.402912,1.230970,HWC,1,1,0,0
5480,1.229220,1.124022,HWC,1,1,0,0
5481,1.212822,1.028321,HWC,1,1,0,0
5483,1.169005,1.201118,MGC,1,1,0,0
5484,1.475179,1.875418,MGC,1,1,0,0
5485,1.274404,1.052837,HWC,1,1,0,0
5486,1.758039,1.403078,HWC,1,1,0,0
5487,1.497955,1.153031,HWC,1,1,0,0
5488,1.215080,1.351758,MGC,1,1,0,0
5489,1.245041,1.069426,HWC,1,1,0,0
549,1.329581,1.125015,HWC,2,1,0,0
5490,1.255402,1.277591,MGC,1,1,0,0
5491,1.343834,1.388402,MGC,1,1,0,0
5493,1.092235,1.300331,MGC,1,1,0,0
5496,1.121351,1.086850,HWC,1,1,0,0
5497,1.319462,1.143987,HWC,2,1,0,0
5498,1.606420,1.994288,MGC,1,1,0,0
55,1.385684,1.366703,HWC,1,1,0,0
5500,1.188495,1.142378,HWC,1,1,0,0
5501,1.426425,2.212378,MGC,1,5,0,0
5502,1.116412,1.708977,MGC,1,1,0,0
5503,1.208887,1.038028,HWC,1,1,0,0
5504,1.276512,1.514037,MGC,4,1,0,0
5505,1.207776,1.029365,HWC,1,1,0,0
5506,1.133383,1.163339,MGC,1,1,0,0
5508,1.269824,1.569019,MGC,2,1,0,0
5509,1.195797,1.478505,MGC,1,2,0,0
551,1.166723,1.228130,MGC,1,1,0,0
5510,1.616167,1.578456,HWC,1,1,0,0
5513,1.239253,1.088530,HWC,2,1,0,0
5515,1.457292,1.085647,HWC,1,1,0,0
5517,1.043083,1.237863,MGC,1,1,0,0
5518,1.385946,1.173934,HWC,1,1,0,0
5519,1.413030,1.828122,MGC,1,1,0,0
552,1.205105,1.652409,MGC,1,1,0,0
5520,1.570174,1.363125,HWC,1,1,0,0
5523,1.234899,1.528837,MGC,1,1,0,0
5524,1.624531,1.362745,HWC,1,1,0,0
5525,1.313995,nan,HWC,2,0,0,0
5526,1.324818,2.084944,MGC,3,2,0,0
5527,1.267327,1.075305,HWC,1,1,0,0
5529,1.534004,1.399406,HWC,3,1,0,0
5532,1.229402,1.867620,MGC,1,2,0,0
5533,1.133864,2.086645,MGC,1,1,0,0
5534,1.149067,1.093392,HWC,1,1,0,0
5537,1.310759,1.941339,MGC,5,2,0,0
5539,1.284154,1.373442,MGC,1,1,0,0
554,1.337768,1.449786,MGC,1,1,0,0
5540,1.429786,1.151587,HWC,1,1,0,0
5541,1.341756,1.379620,MGC,4,1,0,0
5542,1.469567,1.678366,MGC,1,1,0,0
5543,2.250403,1.166200,HWC,1,1,0,0
5544,1.198518,2.128020,MGC,17,3,0,0
5545,1.344317,1.337244,HWC,3,1,0,0
5546,1.294650,1.618721,MGC,3,1,0,0
5547,1.235499,1.048694,HWC,1,1,0,0
5548,1.281686,1.293019,MGC,1,1,0,0
5550,1.280630,1.202154,HWC,2,1,0,0
5552,1.244841,1.255081,MGC,1,1,0,0
5553,1.951019,1.835631,HWC,1,1,0,0
5556,1.203590,1.515383,MGC,1,2,0,0
5557,1.226189,2.519312,MGC,1,1,0,0
5558,1.271838,1.774740,MGC,2,7,0,0
5559,1.187359,1.104456,HWC,1,1,0,0
556,1.361736,1.394444,MGC,1,1,0,0
5560,1.439344,1.634266,MGC,1,2,0,0
5562,2.067011,1.214498,HWC,1,1,0,0
5564,1.329500,1.833907,MGC,1,1,0,0
5567,1.353015,1.368666,MGC,4,2,0,0
5569,1.083310,1.484679,MGC,1,1,0,0
557,1.341006,1.816978,MGC,2,1,0,0
5570,1.426653,1.663094,MGC,5,1,0,0
5571,1.187317,1.743372,MGC,1,1,0,0
5572,1.250578,1.457502,MGC,1,1,0,0
5573,1.294132,1.557888,MGC,1,1,0,0
5574,1.771278,1.996863,MGC,1,1,0,0
5576,1.251608,1.642927,MGC,1,2,0,0
5579,1.242262,1.318490,MGC,1,1,0,0
558,1.357122,1.630194,MGC,2,2,0,0
5580,1.286922,1.425906,MGC,1,1,0,0
5581,1.343617,1.711846,MGC,1,3,0,0
5582,1.555963,1.619759,MGC,1,1,0,0
5583,1.064831,1.605460,MGC,1,1,0,0
5584,1.337814,1.083212,HWC,1,1,0,0
5585,1.221696,nan,HWC,1,0,0,0
5587,1.720252,1.234995,HWC,1,1,0,0
5588,1.473871,1.620830,MGC,1,1,0,0
5589,1.409332,1.164009,HWC,1,1,0,0
5593,1.273748,1.111491,HWC,1,1,0,0
5595,1.203443,1.478795,MGC,1,1,0,0
5596,1.200185,1.522160,MGC,1,1,0,0
5598,1.162127,1.150589,HWC,1,1,0,0
5599,1.385163,1.473600,MGC,1,1,0,0
56,1.369858,1.431726,MGC,7,2,0,0
5601,1.225554,1.365525,MGC,1,1,0,0
5604,1.429758,1.571404,MGC,2,1,0,0
5605,1.232844,1.223058,HWC,1,1,0,0
5607,1.418519,2.542989,MGC,3,1,0,0
5608,1.384655,1.162017,HWC,1,1,0,0
5609,1.357883,1.095035,HWC,2,1,0,0
5610,1.195934,1.630928,MGC,1,1,0,0
5611,1.537641,1.329432,HWC,1,1,0,0
5612,1.301234,1.235105,HWC,1,1,0,0
5614,1.751552,2.084549,MGC,2,2,0,0
5616,1.343979,1.749717,MGC,2,1,0,0
5617,1.195748,1.857625,MGC,1,1,0,0
5618,1.110340,1.573702,MGC,1,1,0,0
5619,1.277909,1.114074,HWC,1,1,0,0
562,1.683297,1.824881,MGC,1,1,0,0
5620,1.258220,1.198176,HWC,1,1,0,0
5621,1.312777,1.550126,MGC,5,1,0,0
5623,1.433508,1.185802,HWC,1,1,0,0
5626,1.502016,2.004184,MGC,4,2,0,0
5632,1.259865,1.017621,HWC,1,1,0,0
5633,1.431924,1.369792,HWC,1,1,0,0
5635,1.263122,1.210680,HWC,1,1,0,0
5636,1.314976,1.088158,HWC,1,1,0,0
564,1.303250,1.371512,MGC,2,1,0,0
5640,1.393447,1.240848,HWC,2,1,0,0
5641,1.218860,1.537557,MGC,5,6,0,0
5642,1.400484,1.444728,MGC,2,2,0,0
5643,1.219758,1.671676,MGC,9,1,0,0
5644,1.139368,1.228461,MGC,3,1,0,0
5646,1.289769,1.949871,MGC,1,1,0,0
5647,1.577838,2.115072,MGC,1,1,0,0
5649,1.534764,1.392929,HWC,1,1,0,0
565,1.380480,1.617837,MGC,2,3,0,0
5650,1.221795,1.959380,MGC,2,5,0,0
5653,1.402206,1.391098,HWC,3,5,0,0
5655,1.301709,1.540572,MGC,1,1,0,0
5659,1.370051,nan,HWC,2,0,0,0
5660,1.600396,1.858535,MGC,2,1,0,0
5661,1.645433,1.147189,HWC,1,1,0,0
5662,1.244370,1.983867,MGC,1,1,0,0
5663,1.140422,1.110938,HWC,1,1,0,0
5665,1.192670,1.101415,HWC,1,1,0,0
5666,1.609788,2.092717,MGC,1,1,0,0
5667,1.274133,1.322255,MGC,1,1,0,0
567,1.294930,1.335948,MGC,1,1,0,0
5670,1.046092,1.454469,MGC,1,1,0,0
5673,1.256632,1.448792,MGC,1,1,0,0
5676,1.343404,1.546852,MGC,1,1,0,0
5677,1.236312,1.153800,HWC,1,1,0,0
5678,1.315673,2.923709,MGC,1,2,0,0
5679,1.535316,1.136117,HWC,2,1,0,0
5682,1.435105,1.577649,MGC,1,1,0,0
5683,1.301011,1.134642,HWC,2,1,0,0
5684,1.055756,1.192730,MGC,1,1,0,0
5685,1.750045,1.392535,HWC,1,1,0,0
5686,1.430826,1.859441,MGC,2,1,0,0
5688,1.268030,1.476075,MGC,1,1,0,0
569,1.221767,1.031744,HWC,4,1,0,0
5690,1.381509,1.408254,MGC,1,1,0,0
5691,1.318899,1.532531,MGC,1,1,0,0
5692,1.280015,1.400298,MGC,2,1,0,0
5693,1.607762,1.116746,HWC,1,1,0,0
5694,1.593526,1.967989,MGC,1,1,0,0
5695,1.377148,1.873293,MGC,1,1,0,0
5696,1.378346,1.917714,MGC,1,1,0,0
5697,1.414371,nan,HWC,2,0,0,0
5698,1.351930,1.494347,MGC,1,1,0,0
5699,1.338762,1.301314,HWC,3,1,0,0
57,1.338798,1.236511,HWC,1,1,0,0
570,1.475173,1.491369,MGC,1,1,0,0
5700,1.278985,1.654395,MGC,6,1,0,0
5703,1.171739,1.065834,HWC,1,1,0,0
5704,1.241252,1.451573,MGC,3,2,0,0
5705,1.250611,1.369776,MGC,1,1,0,0
5707,1.132366,1.168493,MGC,1,1,0,0
5708,1.535720,1.756091,MGC,2,1,0,0
571,1.339496,1.291003,HWC,1,1,0,0
5710,1.396984,1.353617,HWC,1,1,0,0
5711,1.311812,2.568977,MGC,4,1,0,0
5714,1.301497,1.896239,MGC,1,2,0,0
5716,1.342054,1.375874,MGC,1,1,0,0
5717,1.230106,1.557014,MGC,2,4,0,0
5719,1.189223,1.080129,HWC,1,1,0,0
5722,1.416296,1.587692,MGC,1,1,0,0
5723,1.405984,1.423616,MGC,2,1,0,0
5724,1.779109,1.253220,HWC,1,1,0,0
5725,1.479966,1.585739,MGC,1,1,0,0
5727,1.531039,1.213822,HWC,1,1,0,0
5729,1.618525,1.450845,HWC,1,1,0,0
573,1.243393,1.791768,MGC,1,3,0,0
5730,1.360886,1.987145,MGC,6,1,0,0
5731,1.450707,1.150413,HWC,1,1,0,0
5732,1.258000,1.135275,HWC,1,1,0,0
5733,1.312012,1.523331,MGC,1,1,0,0
5735,1.476621,1.693381,MGC,1,1,0,0
5738,1.208125,1.496572,MGC,1,1,0,0
5739,1.340882,2.221850,MGC,1,4,0,0
574,1.089335,1.387461,MGC,1,1,0,0
5740,1.226579,1.666705,MGC,2,1,0,0
5741,1.308377,1.000000,HWC,1,1,0,0
5744,1.614052,1.820924,MGC,4,2,0,0
5745,1.409025,1.734311,MGC,2,1,0,0
5746,1.488024,1.759611,MGC,1,1,0,0
5748,1.250996,1.380724,MGC,1,1,0,0
5749,1.298172,1.659995,MGC,2,2,0,0
575,1.182998,1.111663,HWC,1,1,0,0
5750,1.578488,1.843646,MGC,1,1,0,0
5751,1.153012,1.332027,MGC,1,1,0,0
5752,1.293472,1.053073,HWC,2,1,0,0
5754,1.245996,1.097282,HWC,1,1,0,0
5756,1.233044,nan,HWC,1,0,0,0
5757,1.310535,1.090116,HWC,1,1,0,0
5759,1.327660,1.611612,MGC,1,1,0,0
576,1.451894,1.101050,HWC,2,1,0,0
5760,1.366049,1.631220,MGC,1,1,0,0
5761,1.324277,1.076023,HWC,2,1,0,0
5764,1.127753,1.957544,MGC,2,1,0,0
5765,1.288512,1.617744,MGC,1,1,0,0
5766,1.126496,2.515835,MGC,1,5,0,0
5768,1.364301,1.268105,HWC,1,1,0,0
5769,1.186530,2.197335,MGC,1,3,0,0
577,1.505454,1.519139,MGC,3,1,0,0
5771,1.255753,1.225833,HWC,1,1,0,0
5773,1.850761,2.099949,MGC,2,1,0,0
5774,1.412197,1.576190,MGC,1,1,0,0
5775,1.350185,1.108451,HWC,1,1,0,0
5777,1.434319,1.532237,MGC,2,3,0,0
5778,1.823272,1.707357,HWC,1,1,0,0
5779,1.255118,1.278659,MGC,3,1,0,0
578,1.165778,1.258679,MGC,1,1,0,0
5781,1.634993,1.931055,MGC,1,1,0,0
5782,1.305664,1.368273,MGC,1,1,0,0
5784,1.307356,1.240971,HWC,5,1,0,0
5786,1.429402,1.691427,MGC,1,1,0,0
5787,1.450212,1.534652,MGC,2,1,0,0
5788,1.300955,1.905883,MGC,2,1,0,0
5789,1.173913,0.996789,HWC,1,1,0,0
579,1.331824,1.764169,MGC,2,1,0,0
5790,1.433948,1.570664,MGC,2,1,0,0
5791,1.169108,1.514056,MGC,1,1,0,0
5792,1.167381,1.334816,MGC,1,1,0,0
5793,1.419427,1.121037,HWC,1,1,0,0
5794,1.207207,1.854688,MGC,5,2,0,0
5795,1.323891,1.026313,HWC,2,1,0,0
5796,1.200251,1.339442,MGC,1,1,0,0
5797,1.184483,1.499679,MGC,1,1,0,0
5798,1.324268,1.219960,HWC,1,1,0,0
5799,1.524569,1.464390,HWC,2,1,0,0
58,1.306422,1.451868,MGC,1,1,0,0
580,1.513148,1.586043,MGC,5,2,0,0
5800,1.620271,1.271805,HWC,2,1,0,0
5803,1.184176,nan,HWC,1,0,0,0
5805,1.092954,1.095114,MGC,1,1,0,0
5806,1.333106,1.261272,HWC,1,1,0,0
5809,1.419939,1.258681,HWC,2,1,0,0
581,1.219242,1.552350,MGC,1,2,0,0
5810,1.432408,2.076648,MGC,1,1,0,0
5812,1.322344,1.569985,MGC,1,2,0,0
5813,1.330801,1.256047,HWC,2,1,0,0
5814,1.350519,1.158078,HWC,2,1,0,0
5816,1.519215,1.741710,MGC,5,5,0,0
5818,1.298109,1.537335,MGC,1,1,0,0
582,1.370217,1.966811,MGC,1,1,0,0
5820,1.578206,1.508529,HWC,2,2,0,0
5822,1.278131,1.688790,MGC,3,1,0,0
5823,1.211591,1.123880,HWC,1,1,0,0
5824,1.071063,1.275689,MGC,1,1,0,0
5825,1.253057,1.295184,MGC,1,1,0,0
5828,1.403160,1.222519,HWC,1,1,0,0
5829,1.374137,1.800272,MGC,4,1,0,0
583,1.228747,1.838726,MGC,1,1,0,0
5830,1.709948,1.344227,HWC,1,1,0,0
5833,1.515264,1.381573,HWC,2,1,0,0
5834,1.291201,1.024740,HWC,2,1,0,0
5835,1.391379,1.678992,MGC,1,1,0,0
5836,1.196665,0.963394,HWC,1,1,0,0
5838,1.203357,1.238531,MGC,1,1,0,0
5839,1.522440,1.353173,HWC,2,1,0,0
584,1.315325,1.188986,HWC,1,1,0,0
5840,1.418555,1.274906,HWC,1,1,0,0
5842,1.274265,1.843317,MGC,2,1,0,0
5843,1.203781,1.557380,MGC,1,1,0,0
5844,1.542049,1.323270,HWC,1,1,0,0
5845,1.873941,1.664201,HWC,1,1,0,0
5847,1.379773,1.286256,HWC,1,1,0,0
5849,1.194933,1.373637,MGC,2,1,0,0
585,1.270408,1.133345,HWC,1,1,0,0
5850,1.239679,1.870002,MGC,1,1,0,0
5852,1.408305,1.645197,MGC,3,1,0,0
5853,1.457958,1.575784,MGC,1,1,0,0
5854,1.391817,1.197445,HWC,1,1,0,0
5855,1.320626,1.166331,HWC,1,1,0,0
5856,1.369426,1.682230,MGC,1,1,0,0
5857,1.285314,1.282338,HWC,1,1,0,0
5859,1.166055,1.931934,MGC,1,5,0,0
586,1.134955,1.163470,MGC,1,1,0,0
5860,1.884517,2.004891,MGC,1,2,0,0
5861,1.498142,1.123472,HWC,1,1,0,0
5862,1.366557,1.071123,HWC,1,1,0,0
5863,1.264825,1.571921,MGC,3,2,0,0
5868,1.093701,1.254818,MGC,2,1,0,0
587,1.342936,1.048078,HWC,1,1,0,0
5870,1.446912,1.464382,MGC,2,1,0,0
5874,1.403143,1.132901,HWC,1,1,0,0
5875,1.665134,1.399473,HWC,1,1,0,0
5876,1.472942,1.574123,MGC,1,1,0,0
588,1.318292,1.100498,HWC,1,1,0,0
5881,1.285581,1.575690,MGC,1,2,0,0
5883,1.547101,1.059524,HWC,1,1,0,0
5885,1.454242,1.461468,MGC,1,1,0,0
5886,1.270758,1.793046,MGC,6,1,0,0
5887,1.218033,1.379492,MGC,1,1,0,0
5888,1.347386,1.555916,MGC,1,1,0,0
5889,1.339715,1.682694,MGC,2,1,0,0
5892,1.116875,1.153290,MGC,1,1,0,0
5895,1.496600,3.162589,MGC,5,1,0,0
5896,1.349004,1.112274,HWC,1,1,0,0
5897,1.593455,1.571859,HWC,1,1,0,0
5899,1.397690,1.502427,MGC,1,1,0,0
59,1.441537,1.911597,MGC,5,4,0,0
5900,1.583510,1.240818,HWC,2,1,0,0
5901,1.489843,1.838404,MGC,1,1,0,0
5902,1.169530,1.321563,MGC,7,1,0,0
5903,1.202320,1.351297,MGC,1,1,0,0
5904,1.336054,1.344584,MGC,1,1,0,0
5906,1.310202,1.445041,MGC,4,1,0,0
5907,1.223193,1.639304,MGC,1,1,0,0
5908,1.239028,2.070478,MGC,3,3,0,0
591,1.642601,1.797537,MGC,1,1,0,0
5910,1.241615,1.093823,HWC,1,1,0,0
5911,1.305734,1.214391,HWC,1,1,0,0
5912,1.335234,1.695972,MGC,2,3,0,0
5914,1.175615,1.555448,MGC,1,1,0,0
592,1.591986,1.604860,MGC,1,1,0,0
5921,1.343174,1.394532,MGC,5,1,0,0
5923,1.435573,1.641877,MGC,2,1,0,0
5924,1.433953,1.664641,MGC,1,1,0,0
5926,1.514369,2.464096,MGC,7,2,0,0
5928,1.257234,1.086051,HWC,3,1,0,0
593,1.407539,1.461668,MGC,1,1,0,0
5930,1.163708,1.268660,MGC,1,1,0,0
5931,1.768787,1.987716,MGC,2,1,0,0
5932,1.152303,1.239912,MGC,2,1,0,0
5933,1.174869,1.150549,HWC,2,1,0,0
5935,1.311539,1.515710,MGC,6,1,0,0
5936,1.309283,1.605264,MGC,3,4,0,0
5938,1.241405,1.663825,MGC,1,1,0,0
5939,1.514944,1.508087,HWC,1,1,0,0
594,1.394855,1.179848,HWC,1,1,0,0
5940,1.251496,1.534866,MGC,3,1,0,0
5941,1.386087,1.742458,MGC,3,1,0,0
5942,1.576314,nan,HWC,1,0,0,0
5943,1.334304,1.847391,MGC,4,2,0,0
5944,1.279176,1.088089,HWC,1,1,0,0
5945,1.176816,1.073344,HWC,1,1,0,0
5946,1.609905,nan,HWC,1,0,0,0
5947,1.390471,1.689489,MGC,1,1,0,0
5949,1.607142,1.767736,MGC,1,1,0,0
5950,1.401562,1.508708,MGC,1,1,0,0
5951,1.463422,1.759928,MGC,1,2,0,0
5952,1.090132,1.192772,MGC,1,1,0,0
5953,1.162512,1.072854,HWC,1,1,0,0
5954,1.224351,1.163629,HWC,2,1,0,0
5955,1.342265,2.031569,MGC,2,1,0,0
5956,1.206439,1.227559,MGC,6,1,0,0
5959,1.644495,1.618385,HWC,1,1,0,0
5960,1.329603,1.223399,HWC,1,1,0,0
5963,1.346598,1.642423,MGC,5,2,0,0
5964,1.170089,1.546774,MGC,11,1,0,0
5965,1.133649,1.178846,MGC,1,1,0,0
5966,1.177755,1.143051,HWC,1,1,0,0
5967,1.218888,1.118025,HWC,1,1,0,0
5968,1.198557,2.115816,MGC,1,1,0,0
5969,1.229118,2.207805,MGC,1,3,0,0
597,1.283198,1.545974,MGC,3,1,0,0
5970,1.161809,1.978501,MGC,2,1,0,0
5972,1.177007,1.761198,MGC,1,2,0,0
5975,1.366893,1.609752,MGC,1,1,0,0
5977,1.325878,1.786972,MGC,2,1,0,0
5978,1.302990,1.152947,HWC,1,1,0,0
5979,1.317058,2.005586,MGC,1,1,0,0
5981,1.186850,1.426261,MGC,1,1,0,0
5983,1.527547,1.181494,HWC,4,1,0,0
5986,1.261299,1.833554,MGC,1,1,0,0
5987,1.392730,1.917585,MGC,1,1,0,0
5988,1.479080,1.606606,MGC,4,6,0,0
5989,1.239996,1.559984,MGC,4,1,0,0
5991,1.419888,1.114430,HWC,2,1,0,0
5992,1.136660,1.063544,HWC,1,1,0,0
5994,1.347669,1.142258,HWC,1,1,0,0
5996,1.513935,2.507155,MGC,1,3,0,0
5998,1.342058,1.254188,HWC,3,1,0,0
5999,1.431791,1.088232,HWC,1,1,0,0
6,1.243234,1.415149,MGC,1,1,0,0
60,1.664124,1.436307,HWC,1,1,0,0
6000,1.411171,1.833283,MGC,1,1,0,0
6001,1.105699,1.023820,HWC,1,1,0,0
6002,1.293593,1.416198,MGC,1,1,0,0
6003,1.482746,1.598878,MGC,1,1,0,0
6007,1.176041,1.019801,HWC,1,1,0,0
6008,1.155177,1.444638,MGC,1,1,0,0
6009,1.278546,1.125843,HWC,1,1,0,0
601,1.393401,1.416902,MGC,1,1,0,0
6011,1.062995,1.153159,MGC,1,1,0,0
6012,1.368102,1.479669,MGC,1,1,0,0
6013,1.518972,2.351648,MGC,1,1,0,0
6016,1.344438,1.565624,MGC,1,1,0,0
6017,1.245658,1.356670,MGC,2,1,0,0
6019,1.288618,1.075154,HWC,1,1,0,0
602,1.466766,1.870572,MGC,3,1,0,0
6023,1.254041,1.136522,HWC,3,1,0,0
6025,1.485459,1.979086,MGC,1,1,0,0
6026,1.329555,1.073139,HWC,2,1,0,0
6027,1.292255,1.520126,MGC,2,1,0,0
6028,1.261420,1.191371,HWC,1,1,0,0
6031,1.398892,2.352802,MGC,3,4,0,0
6032,1.337909,1.980660,MGC,2,4,0,0
6033,1.351665,1.914346,MGC,4,2,0,0
6037,1.255134,1.189250,HWC,1,1,0,0
6038,1.502316,1.801256,MGC,1,1,0,0
6041,1.410468,2.144024,MGC,1,3,0,0
6043,1.272525,nan,HWC,3,0,0,0
6044,1.189443,1.029145,HWC,3,1,0,0
6045,1.219242,1.451438,MGC,1,1,0,0
6046,1.304383,1.221998,HWC,1,1,0,0
6047,1.378502,1.728733,MGC,2,2,0,0
6048,1.312966,1.446031,MGC,1,1,0,0
6049,1.189431,1.192595,MGC,1,1,0,0
6050,1.084854,1.037582,HWC,1,1,0,0
6051,1.282970,1.015438,HWC,6,1,0,0
6055,1.269376,1.898546,MGC,2,6,0,0
6056,1.151753,1.369344,MGC,1,1,0,0
6058,1.228470,1.955049,MGC,1,1,0,0
6060,1.355872,1.206959,HWC,1,1,0,0
6062,1.503135,2.128464,MGC,1,1,0,0
6064,1.460723,1.104245,HWC,1,1,0,0
6066,1.507066,1.464879,HWC,1,1,0,0
6067,1.325459,1.620177,MGC,2,1,0,0
6068,1.253821,1.725112,MGC,2,2,0,0
6069,1.509805,1.597786,MGC,1,1,0,0
607,1.616755,1.698597,MGC,2,1,0,0
6070,1.358085,1.147296,HWC,1,1,0,0
6073,1.357458,1.146942,HWC,4,1,0,0
6074,1.351916,1.448787,MGC,1,1,0,0
6076,1.265356,1.254222,HWC,1,1,0,0
6079,1.218152,1.649706,MGC,2,1,0,0
608,1.229165,1.211846,HWC,1,1,0,0
6081,1.447666,1.211420,HWC,1,1,0,0
6082,1.320343,1.090233,HWC,1,1,0,0
6084,1.267387,1.086813,HWC,1,1,0,0
6085,1.309180,1.407631,MGC,4,1,0,0
6086,1.326930,1.174445,HWC,5,1,0,0
6087,1.334676,1.260283,HWC,1,1,0,0
6088,1.277608,1.415695,MGC,2,1,0,0
6089,1.345581,1.084562,HWC,1,1,0,0
609,1.562742,2.054799,MGC,1,1,0,0
6090,1.416604,1.403106,HWC,3,1,0,0
6092,1.226040,1.490220,MGC,1,1,0,0
6093,1.495516,1.175139,HWC,1,1,0,0
6094,1.335543,1.346017,MGC,1,1,0,0
6095,1.522207,1.070902,HWC,1,1,0,0
6096,1.137410,1.269932,MGC,1,1,0,0
6097,1.481254,1.182617,HWC,1,1,0,0
6098,1.254873,1.790610,MGC,1,8,0,0
6099,1.384576,1.446287,MGC,1,1,0,0
61,1.390504,1.467804,MGC,1,1,0,0
610,1.254548,1.632050,MGC,1,1,0,0
6101,1.429545,1.542087,MGC,2,1,0,0
6103,1.220270,1.196144,HWC,2,1,0,0
6104,1.185084,1.115478,HWC,1,1,0,0
6105,1.420979,1.636770,MGC,2,1,0,0
6107,1.208925,1.733714,MGC,4,2,0,0
6109,1.102959,1.562327,MGC,1,1,0,0
6115,1.366875,1.638273,MGC,1,2,0,0
6116,1.516588,1.703759,MGC,3,1,0,0
6117,1.136954,1.500316,MGC,2,4,0,0
6118,1.339341,1.629665,MGC,4,1,0,0
612,1.365084,1.236059,HWC,1,1,0,0
6121,1.211442,1.849180,MGC,1,1,0,0
6123,1.048536,nan,HWC,2,0,0,0
6126,1.412582,1.986863,MGC,4,1,0,0
6127,1.597507,1.134350,HWC,1,1,0,0
6128,1.226361,1.377519,MGC,1,1,0,0
6129,1.250770,1.176418,HWC,1,1,0,0
6130,1.394071,1.174102,HWC,1,1,0,0
6131,1.421723,1.270990,HWC,1,1,0,0
6132,1.346936,1.159112,HWC,1,1,0,0
6133,1.612160,2.107993,MGC,2,1,0,0
6135,1.238164,1.237330,HWC,3,4,0,0
6136,1.396005,1.273967,HWC,2,1,0,0
6139,1.466673,1.811125,MGC,4,2,0,0
6141,1.795123,1.939718,MGC,1,1,0,0
6145,1.229063,1.153070,HWC,1,1,0,0
6150,1.189894,1.394875,MGC,1,1,0,0
6151,1.324996,1.373927,MGC,1,1,0,0
6155,1.317853,1.437419,MGC,1,1,0,0
6157,1.234205,1.461052,MGC,2,1,0,0
6158,1.121692,1.510855,MGC,1,1,0,0
6159,1.563961,1.674248,MGC,2,1,0,0
616,1.187729,1.102652,HWC,1,1,0,0
6161,1.215804,nan,HWC,1,0,0,0
6163,1.623084,1.915794,MGC,1,1,0,0
6166,1.376897,1.084719,HWC,1,1,0,0
6168,1.478206,1.874449,MGC,1,1,0,0
6169,1.263030,1.894445,MGC,3,1,0,0
617,1.112781,1.082462,HWC,1,1,0,0
6170,1.704435,2.006534,MGC,1,1,0,0
6171,1.108037,1.494964,MGC,1,1,0,0
6172,1.378875,1.546279,MGC,2,1,0,0
6173,1.376452,1.937709,MGC,1,1,0,0
6174,1.502963,1.260687,HWC,1,1,0,0
6176,1.455620,1.670220,MGC,1,1,0,0
6177,1.301499,1.163616,HWC,1,1,0,0
6178,1.313828,1.958961,MGC,2,1,0,0
6180,1.122526,1.427158,MGC,1,1,0,0
6182,1.214414,1.106757,HWC,1,1,0,0
6184,1.348885,1.265371,HWC,1,1,0,0
6185,1.154062,2.721876,MGC,1,1,0,0
6186,1.240780,1.285290,MGC,1,1,0,0
6187,1.411671,1.897590,MGC,1,1,0,0
6188,1.256021,1.215238,HWC,2,1,0,0
619,1.409596,1.940657,MGC,1,2,0,0
6190,1.236590,1.038805,HWC,4,1,0,0
6191,1.731918,1.404541,HWC,1,3,0,0
6192,1.324050,1.400639,MGC,1,1,0,0
6195,1.421396,2.126787,MGC,3,2,0,0
6196,1.754388,1.650979,HWC,1,1,0,0
6197,1.241984,1.320431,MGC,1,1,0,0
6198,1.289335,1.924059,MGC,1,3,0,0
6199,1.325343,1.704005,MGC,1,1,0,0
620,1.473846,1.456823,HWC,1,1,0,0
6201,1.069524,1.348587,MGC,1,1,0,0
6202,1.288591,1.269180,HWC,1,1,0,0
6203,1.577238,1.582061,MGC,2,1,0,0
6204,1.215994,1.104399,HWC,1,1,0,0
6205,1.323567,nan,HWC,1,0,0,0
6206,1.527040,1.206511,HWC,2,1,0,0
6207,1.338770,1.747243,MGC,1,1,0,0
6208,1.549754,1.619277,MGC,2,1,0,0
6209,1.232954,1.589110,MGC,3,1,0,0
621,1.511637,1.215518,HWC,1,1,0,0
6210,1.055192,1.775498,MGC,1,1,0,0
6211,1.533019,1.765115,MGC,1,1,0,0
6213,1.450276,1.746313,MGC,1,4,0,0
6214,1.346555,1.616875,MGC,2,1,0,0
6216,1.151041,1.189155,MGC,2,1,0,0
6217,1.270314,1.410733,MGC,1,1,0,0
6219,1.644824,1.689353,MGC,1,2,0,0
622,1.361792,1.154096,HWC,1,1,0,0
6222,1.375719,1.854149,MGC,1,1,0,0
6223,1.164832,1.358033,MGC,1,1,0,0
6224,1.375097,1.228760,HWC,1,1,0,0
6226,1.389244,1.313230,HWC,2,1,0,0
6227,1.349356,1.344398,HWC,2,1,0,0
6228,1.430304,1.438198,MGC,2,1,0,0
6229,1.169191,1.068466,HWC,3,1,0,0
6230,1.303721,1.392043,MGC,1,1,0,0
6231,1.351567,1.371159,MGC,1,1,0,0
6232,1.452270,1.483902,MGC,1,2,0,0
6233,1.331043,1.517641,MGC,1,2,0,0
6234,1.325203,1.282997,HWC,1,1,0,0
6236,1.877031,1.247121,HWC,1,1,0,0
6237,1.270356,2.119351,MGC,1,1,0,0
6238,1.053839,1.128703,MGC,1,1,0,0
6239,1.269626,2.354106,MGC,4,3,0,0
624,1.214874,1.700943,MGC,1,1,0,0
6240,1.292531,1.213706,HWC,1,1,0,0
6241,1.412244,1.121777,HWC,1,1,0,0
6242,1.528091,nan,HWC,1,0,0,0
6243,1.373922,2.029779,MGC,2,1,0,0
6246,1.302808,1.636600,MGC,1,1,0,0
6248,1.395790,1.502702,MGC,1,1,0,0
625,1.420029,1.690462,MGC,1,1,0,0
6250,1.147683,1.237836,MGC,2,1,0,0
6251,1.437580,1.392695,HWC,1,1,0,0
6253,1.205397,1.184482,HWC,1,1,0,0
6254,1.302444,1.277769,HWC,1,1,0,0
6255,1.200195,1.360403,MGC,1,1,0,0
6257,1.741874,1.823488,MGC,1,1,0,0
6259,1.608978,1.692787,MGC,2,2,0,0
626,1.481521,1.540440,MGC,1,1,0,0
6261,1.342722,1.087208,HWC,1,1,0,0
6262,1.321160,1.089060,HWC,4,1,0,0
6266,1.158553,1.054240,HWC,1,1,0,0
6267,1.617764,1.948608,MGC,1,2,0,0
627,1.144535,1.046572,HWC,1,1,0,0
6270,1.422938,1.084726,HWC,1,1,0,0
6271,1.160116,1.669547,MGC,2,1,0,0
6273,1.207363,1.535778,MGC,1,1,0,0
6276,1.528433,1.096095,HWC,1,1,0,0
6278,1.709174,1.895496,MGC,2,1,0,0
628,1.520137,1.108098,HWC,1,1,0,0
6281,1.423197,1.934597,MGC,3,3,0,0
6282,1.267618,1.770729,MGC,1,1,0,0
6283,1.250067,1.241590,HWC,4,1,0,0
6284,1.424850,1.815496,MGC,2,1,0,0
6287,1.064638,1.393677,MGC,1,1,0,0
6288,1.471277,1.615054,MGC,1,2,0,0
6289,1.326480,1.872781,MGC,1,1,0,0
629,1.128567,1.106520,HWC,1,1,0,0
6292,1.263212,1.112886,HWC,1,1,0,0
6294,1.357429,nan,HWC,2,0,0,0
6295,1.187788,1.752466,MGC,1,1,0,0
6296,1.233780,1.718572,MGC,2,1,0,0
6297,1.341029,1.482534,MGC,2,1,0,0
6298,1.200377,1.119785,HWC,1,1,0,0
6301,1.176452,1.074787,HWC,1,1,0,0
6302,1.536994,nan,HWC,1,0,0,0
6305,1.337122,1.531986,MGC,1,1,0,0
6306,1.276809,1.398054,MGC,1,1,0,0
631,1.585998,1.182225,HWC,1,1,0,0
6310,1.182642,1.140820,HWC,2,1,0,0
6313,1.087492,1.581499,MGC,1,1,0,0
6314,1.580192,2.031216,MGC,4,2,0,0
6316,1.103130,1.193381,MGC,1,1,0,0
6317,1.305998,1.510350,MGC,3,1,0,0
632,1.432636,1.040931,HWC,1,1,0,0
6320,1.232160,1.128156,HWC,1,1,0,0
6321,1.367096,1.661943,MGC,3,1,0,0
6322,1.317259,1.277959,HWC,1,1,0,0
6323,1.498201,1.860150,MGC,1,3,0,0
6324,1.324627,1.310230,HWC,1,1,0,0
6325,1.172510,1.500109,MGC,1,1,0,0
6326,1.244401,1.088830,HWC,1,1,0,0
6327,1.145723,2.227511,MGC,1,2,0,0
6329,1.204925,1.406997,MGC,2,1,0,0
633,1.591331,1.421414,HWC,1,1,0,0
6333,1.213698,1.168302,HWC,1,1,0,0
6334,1.304431,1.381684,MGC,1,1,0,0
6335,1.374505,1.528875,MGC,5,1,0,0
6336,1.254390,1.610993,MGC,1,2,0,0
6337,1.210639,1.512723,MGC,3,2,0,0
6339,1.372360,1.477350,MGC,1,2,0,0
6340,1.215277,1.480138,MGC,1,1,0,0
6341,1.198705,1.971105,MGC,1,1,0,0
6342,1.387340,2.069114,MGC,5,1,0,0
6343,1.295355,1.105126,HWC,2,1,0,0
6347,1.314253,1.256649,HWC,3,1,0,0
6348,1.771543,2.712335,MGC,1,1,0,0
635,1.253696,2.499621,MGC,2,4,0,0
6350,1.371163,1.938545,MGC,3,6,0,0
6351,1.298676,2.913861,MGC,4,2,0,0
6353,1.346486,1.691874,MGC,1,2,0,0
6355,1.230409,1.137243,HWC,1,1,0,0
6356,1.331687,1.535201,MGC,1,1,0,0
6357,1.299780,1.243944,HWC,6,1,0,0
6358,1.431774,1.134810,HWC,2,1,0,0
6359,1.320036,1.037738,HWC,1,1,0,0
636,1.400536,1.488575,MGC,1,1,0,0
6360,1.373709,1.878120,MGC,1,2,0,0
6361,1.318514,1.106968,HWC,3,1,0,0
6362,1.323476,1.068911,HWC,1,1,0,0
6368,1.266723,1.526697,MGC,2,1,0,0
637,1.685356,1.726225,MGC,1,1,0,0
6371,1.312724,1.586753,MGC,1,1,0,0
6373,1.315263,1.101915,HWC,3,1,0,0
6375,0.989994,1.109772,MGC,2,1,0,0
6376,1.418684,1.545119,MGC,1,1,0,0
6378,1.362758,1.822832,MGC,5,1,0,0
6379,1.110545,1.399449,MGC,1,1,0,0
6380,1.514482,2.679555,MGC,1,1,0,0
6381,1.741218,2.772240,MGC,1,1,0,0
6382,1.230620,1.546202,MGC,1,1,0,0
6383,1.672179,1.163906,HWC,1,1,0,0
6384,1.242200,1.411400,MGC,1,1,0,0
6388,1.204115,nan,HWC,1,0,0,0
6389,1.147321,1.196800,MGC,1,1,0,0
639,1.292270,1.642022,MGC,3,2,0,0
6390,1.408471,1.109920,HWC,1,1,0,0
6391,1.371309,1.235076,HWC,1,1,0,0
6392,1.227632,1.398591,MGC,6,1,0,0
6393,1.405535,1.612959,MGC,5,5,0,0
6394,1.536604,1.469870,HWC,1,1,0,0
6396,1.209090,1.052392,HWC,1,1,0,0
64,1.294777,nan,HWC,2,0,0,0
640,1.215486,1.315457,MGC,1,1,0,0
6400,1.266414,nan,HWC,3,0,0,0
6401,1.261194,1.525953,MGC,1,1,0,0
6405,1.333267,1.732689,MGC,3,2,0,0
6406,1.312972,1.341101,MGC,1,1,0,0
6409,1.231335,1.553890,MGC,1,1,0,0
6410,1.138433,1.103359,HWC,1,1,0,0
6411,1.334964,1.699051,MGC,4,2,0,0
6412,1.302130,1.594246,MGC,6,1,0,0
6414,1.295432,1.189840,HWC,1,1,0,0
6415,1.527317,1.202002,HWC,2,1,0,0
6418,1.162002,1.051539,HWC,1,1,0,0
6419,1.282029,1.127431,HWC,3,1,0,0
642,1.572697,1.690078,MGC,1,1,0,0
6421,1.418747,1.675977,MGC,1,1,0,0
6422,1.512919,nan,HWC,2,0,0,0
6426,1.365165,1.319315,HWC,1,1,0,0
6427,2.049870,1.805718,HWC,1,1,0,0
6428,1.202269,1.722435,MGC,1,1,0,0
6429,1.339512,1.580220,MGC,2,3,0,0
6430,1.275690,1.642529,MGC,6,1,0,0
6431,1.441133,1.118262,HWC,1,1,0,0
6434,1.417527,1.547605,MGC,1,1,0,0
6436,1.200176,1.106580,HWC,1,1,0,0
6437,1.443815,1.143957,HWC,1,1,0,0
6438,1.210074,1.727465,MGC,9,2,0,0
6440,1.574042,1.201409,HWC,1,1,0,0
6441,1.734491,1.772915,MGC,4,1,0,0
6442,1.382752,1.926426,MGC,1,1,0,0
6444,1.254697,1.199806,HWC,1,1,0,0
6448,1.323352,1.833374,MGC,1,1,0,0
6450,1.254280,2.289908,MGC,4,2,0,0
6454,1.530885,1.571540,MGC,2,1,0,0
6455,1.241107,1.091789,HWC,1,1,0,0
6457,1.218899,1.093990,HWC,1,1,0,0
6458,1.177379,1.098644,HWC,1,1,0,0
6459,1.397968,1.117459,HWC,1,1,0,0
6462,1.141557,1.112541,HWC,1,1,0,0
6466,1.180171,1.117170,HWC,1,1,0,0
6469,1.303945,1.078831,HWC,1,1,0,0
647,1.254483,1.379126,MGC,4,2,0,0
6470,1.413907,1.985842,MGC,2,3,0,0
6472,1.361897,1.276378,HWC,1,1,0,0
6473,1.257529,1.045396,HWC,1,1,0,0
6475,1.366536,1.513901,MGC,2,2,0,0
6476,1.340022,1.274103,HWC,2,1,0,0
6477,1.181132,1.142720,HWC,1,1,0,0
6478,1.357424,1.352939,HWC,1,1,0,0
6480,1.130103,1.455647,MGC,3,2,0,0
6486,1.437973,1.413652,HWC,2,1,0,0
6487,1.034920,1.351188,MGC,1,1,0,0
6488,1.313614,1.599973,MGC,1,2,0,0
649,1.268328,1.760598,MGC,3,1,0,0
6490,1.215519,1.337599,MGC,1,1,0,0
6492,1.476305,1.184638,HWC,1,1,0,0
6494,1.278873,1.095501,HWC,1,1,0,0
6495,1.271020,1.131744,HWC,3,1,0,0
6496,1.374273,2.006171,MGC,1,2,0,0
6499,1.304302,1.060597,HWC,1,1,0,0
650,1.454871,1.567740,MGC,1,1,0,0
6501,1.246916,1.587783,MGC,8,1,0,0
6503,1.320701,1.360082,MGC,1,1,0,0
6504,1.025346,1.047681,MGC,1,1,0,0
6508,1.291141,0.979513,HWC,1,1,0,0
651,1.215724,1.111072,HWC,1,1,0,0
6511,1.287737,1.466504,MGC,1,1,0,0
6512,1.095981,1.804200,MGC,1,1,0,0
6513,1.386223,2.803877,MGC,2,5,0,0
6515,1.944499,1.848101,HWC,1,1,0,0
6516,1.387838,1.493444,MGC,3,5,0,0
6519,1.212915,1.023306,HWC,3,1,0,0
652,1.245375,1.203225,HWC,2,1,0,0
6520,1.246416,1.264882,MGC,1,1,0,0
6522,1.430592,1.336641,HWC,2,1,0,0
6523,1.599555,1.352732,HWC,2,1,0,0
6524,1.342497,2.486817,MGC,1,1,0,0
6525,1.332286,1.192001,HWC,2,1,0,0
6527,1.301296,1.066121,HWC,1,1,0,0
6528,1.377786,1.415293,MGC,1,1,0,0
653,1.125056,1.235186,MGC,2,1,0,0
6530,1.203105,2.298041,MGC,1,3,0,0
6532,1.185716,1.287946,MGC,1,2,0,0
6533,1.156369,1.104209,HWC,1,1,0,0
6534,1.526926,1.742231,MGC,1,1,0,0
6536,1.506151,1.545426,MGC,1,1,0,0
6538,1.201318,1.082683,HWC,6,1,0,0
654,1.510409,1.606859,MGC,1,1,0,0
6540,1.344727,1.533710,MGC,1,1,0,0
6545,1.344532,1.446064,MGC,1,1,0,0
6546,1.362081,1.742818,MGC,2,1,0,0
6550,1.306293,1.134740,HWC,1,1,0,0
6551,1.634027,1.658023,MGC,2,1,0,0
6553,1.353859,1.276737,HWC,1,1,0,0
6554,1.341245,1.423368,MGC,1,1,0,0
6556,1.601792,2.038362,MGC,1,1,0,0
6557,1.375697,2.240647,MGC,1,2,0,0
6558,1.194208,1.202840,MGC,1,1,0,0
6560,1.453167,1.177739,HWC,2,1,0,0
6561,1.362618,1.265715,HWC,1,1,0,0
6562,1.192621,1.339875,MGC,1,1,0,0
6563,1.230050,2.116040,MGC,1,2,0,0
6564,1.511762,1.384869,HWC,2,1,0,0
6567,1.342149,1.538614,MGC,1,1,0,0
6569,1.556051,1.781999,MGC,2,1,0,0
6573,1.264775,1.959499,MGC,1,1,0,0
6574,1.385051,1.312600,HWC,1,1,0,0
6575,1.229535,1.941654,MGC,3,2,0,0
6577,1.474670,1.570014,MGC,2,1,0,0
6578,1.482045,1.095127,HWC,1,1,0,0
6579,1.217608,1.506692,MGC,1,1,0,0
658,1.737593,1.044429,HWC,1,1,0,0
6581,1.263576,1.500945,MGC,1,1,0,0
6582,1.468100,1.508042,MGC,2,1,0,0
6583,1.289613,1.662900,MGC,2,1,0,0
6584,1.340886,1.054500,HWC,3,1,0,0
6585,1.161025,2.239441,MGC,1,3,0,0
6586,1.457910,1.062308,HWC,1,1,0,0
6587,1.195689,1.957901,MGC,2,1,0,0
6588,1.379700,1.798719,MGC,3,2,0,0
6589,1.463981,1.528232,MGC,1,1,0,0
659,1.496583,1.233175,HWC,1,1,0,0
6590,1.483619,1.641099,MGC,2,1,0,0
6591,1.274593,1.129340,HWC,1,1,0,0
6592,1.549047,1.192690,HWC,1,1,0,0
6593,1.382713,2.060548,MGC,5,1,0,0
6594,1.312907,1.686007,MGC,3,2,0,0
6595,1.455666,1.127719,HWC,1,1,0,0
6596,1.597158,1.758789,MGC,1,1,0,0
6597,1.511068,1.771451,MGC,1,1,0,0
6598,1.406040,1.180616,HWC,3,1,0,0
6599,1.386699,1.044349,HWC,1,1,0,0
660,1.481688,1.434222,HWC,1,1,0,0
6600,1.459466,1.666623,MGC,1,1,0,0
6601,1.225993,1.945225,MGC,4,4,0,0
6602,1.312718,1.826775,MGC,2,1,0,0
6603,1.848953,2.711622,MGC,1,2,0,0
6604,1.509560,2.033142,MGC,2,1,0,0
6605,1.423227,1.351119,HWC,2,1,0,0
6606,1.322047,1.412036,MGC,8,1,0,0
6607,1.310392,1.790171,MGC,1,1,0,0
6609,1.199493,1.081449,HWC,1,1,0,0
6610,1.208828,1.041430,HWC,1,1,0,0
6612,1.244802,2.138575,MGC,1,2,0,0
6614,1.380553,1.047271,HWC,1,1,0,0
6615,1.235813,1.482109,MGC,1,1,0,0
6617,1.405304,1.702439,MGC,3,1,0,0
6618,1.475276,1.102140,HWC,1,1,0,0
6619,1.382118,1.332465,HWC,1,1,0,0
6620,1.357292,1.958478,MGC,2,1,0,0
6622,1.221983,1.062807,HWC,7,1,0,0
6623,1.412170,1.449950,MGC,1,1,0,0
6625,1.468477,1.405791,HWC,2,2,0,0
6626,1.352888,1.133905,HWC,1,1,0,0
6628,1.339294,1.596667,MGC,1,1,0,0
663,1.603531,1.628678,MGC,1,1,0,0
6630,1.407904,1.378315,HWC,1,4,0,0
6631,1.489682,1.544177,MGC,1,1,0,0
6632,1.355878,1.002018,HWC,1,1,0,0
6634,1.631439,2.387613,MGC,1,1,0,0
6635,1.538394,1.284995,HWC,1,1,0,0
6636,1.033470,1.101081,MGC,1,1,0,0
6637,1.128198,1.854235,MGC,4,3,0,0
6639,1.269709,1.528921,MGC,2,1,0,0
6640,1.319443,1.526049,MGC,5,1,0,0
6641,1.185803,1.091667,HWC,1,1,0,0
6644,1.289022,1.256375,HWC,1,1,0,0
6646,1.281895,1.475019,MGC,1,1,0,0
6648,1.338843,1.419095,MGC,1,1,0,0
6649,1.238261,1.283738,MGC,2,1,0,0
6650,1.578954,1.183443,HWC,1,1,0,0
6651,1.600511,1.473829,HWC,1,1,0,0
6652,1.975994,1.373977,HWC,1,1,0,0
6653,1.272875,0.977685,HWC,5,1,0,0
6655,1.262420,0.978146,HWC,2,1,0,0
6656,1.361686,1.511309,MGC,1,1,0,0
6657,1.307633,1.561297,MGC,5,1,0,0
6658,1.426957,1.590028,MGC,1,1,0,0
6659,1.548780,1.161831,HWC,1,1,0,0
666,1.523131,1.530750,MGC,1,1,0,0
6662,1.216255,1.167235,HWC,1,1,0,0
6664,1.205113,1.123042,HWC,8,1,0,0
6665,1.166482,1.064174,HWC,7,1,0,0
6666,1.236523,1.461236,MGC,3,1,0,0
6667,1.661816,1.801930,MGC,1,1,0,0
6668,1.249904,1.053028,HWC,6,1,0,0
6669,1.167483,1.375299,MGC,1,1,0,0
667,1.531150,1.500586,HWC,1,1,0,0
6670,1.380159,1.424186,MGC,1,1,0,0
6672,1.192374,nan,HWC,2,0,0,0
6673,1.191617,1.125491,HWC,1,1,0,0
6674,1.340822,1.862340,MGC,1,1,0,0
6675,1.223052,1.175165,HWC,1,1,0,0
6677,1.323244,1.259115,HWC,1,1,0,0
6678,1.860468,2.213342,MGC,1,1,0,0
6681,1.535830,1.738882,MGC,1,1,0,0
6683,1.627188,1.080135,HWC,1,1,0,0
6684,1.252683,1.523728,MGC,6,2,0,0
6685,1.371064,1.590747,MGC,2,1,0,0
6686,1.272753,1.348993,MGC,1,1,0,0
6687,1.343977,1.838836,MGC,1,1,0,0
6688,1.478025,1.656264,MGC,1,3,0,0
6689,1.431745,1.839685,MGC,1,1,0,0
6692,1.198982,1.006877,HWC,1,1,0,0
6693,1.272809,1.089244,HWC,6,1,0,0
6694,1.441976,1.616387,MGC,1,1,0,0
6697,1.289036,1.059189,HWC,3,1,0,0
6699,1.317343,1.103995,HWC,1,1,0,0
67,1.265951,1.362692,MGC,1,1,0,0
670,1.461801,1.558921,MGC,1,1,0,0
6700,1.200256,1.609878,MGC,1,1,0,0
6701,1.416136,1.505402,MGC,2,1,0,0
6702,1.283193,1.162400,HWC,2,1,0,0
6703,1.556217,1.707579,MGC,2,1,0,0
6709,1.328623,1.347813,MGC,1,1,0,0
671,1.263508,1.138943,HWC,1,1,0,0
6710,1.306887,2.195809,MGC,2,2,0,0
6713,1.463270,1.149087,HWC,1,1,0,0
6714,1.161093,1.090108,HWC,1,1,0,0
6715,1.097499,1.087072,HWC,1,1,0,0
6716,1.409000,1.412081,MGC,3,1,0,0
672,1.235225,1.386937,MGC,2,1,0,0
6720,1.559106,0.953833,HWC,1,1,0,0
6721,1.290444,1.780072,MGC,4,2,0,0
6722,1.316158,2.086647,MGC,2,1,0,0
6723,1.149278,2.244797,MGC,1,2,0,0
6724,1.155225,1.174502,MGC,1,1,0,0
6726,1.213862,1.610150,MGC,5,2,0,0
6728,1.132796,1.740759,MGC,1,3,0,0
6729,1.569292,1.886483,MGC,2,2,0,0
673,1.308158,1.152858,HWC,1,1,0,0
6730,1.264023,1.352092,MGC,1,1,0,0
6733,1.263443,1.237261,HWC,2,1,0,0
6734,1.408395,1.163668,HWC,1,1,0,0
6735,1.358041,2.686775,MGC,1,4,0,0
6738,1.321300,2.030070,MGC,3,1,0,0
6739,1.369442,1.124562,HWC,1,1,0,0
674,1.282402,1.773826,MGC,1,1,0,0
6740,1.695411,1.183134,HWC,1,1,0,0
6745,1.618477,1.541755,HWC,1,1,0,0
6748,1.200487,0.996611,HWC,2,1,0,0
675,1.484524,1.051730,HWC,1,1,0,0
6751,1.825472,1.151340,HWC,1,1,0,0
6752,1.278983,1.693256,MGC,1,1,0,0
6753,1.305912,1.517961,MGC,3,2,0,0
6754,1.624586,1.978123,MGC,1,1,0,0
6756,1.467160,1.120292,HWC,1,1,0,0
6757,1.311198,2.026456,MGC,2,1,0,0
6759,1.205218,1.476388,MGC,1,1,0,0
6760,1.460304,1.470503,MGC,1,1,0,0
6761,1.180761,1.603382,MGC,1,1,0,0
6762,1.309280,1.329918,MGC,1,1,0,0
6763,1.224889,1.236217,MGC,1,1,0,0
6765,1.358291,1.243551,HWC,2,1,0,0
6766,1.326223,1.468683,MGC,1,1,0,0
6769,1.602572,1.117869,HWC,2,1,0,0
6770,1.412465,2.148607,MGC,6,6,0,0
6771,1.164314,nan,HWC,1,0,0,0
6774,1.564732,1.189064,HWC,1,1,0,0
6776,1.378017,1.504554,MGC,1,1,0,0
6778,1.259768,1.695679,MGC,2,3,0,0
6779,1.371604,1.644447,MGC,2,1,0,0
678,1.163750,1.346563,MGC,1,1,0,0
6782,1.150996,1.113154,HWC,1,1,0,0
6783,1.419857,1.763487,MGC,1,1,0,0
6785,1.819458,2.085976,MGC,4,4,0,0
6786,1.521508,1.007911,HWC,1,1,0,0
6787,1.314239,1.397099,MGC,1,1,0,0
6789,1.337285,1.777830,MGC,1,1,0,0
679,1.108892,1.089488,HWC,1,1,0,0
6791,1.372756,1.719682,MGC,2,3,0,0
6792,1.172712,1.123420,HWC,1,1,0,0
6793,1.527870,2.199805,MGC,1,2,0,0
6795,1.306447,1.537213,MGC,2,1,0,0
6796,1.383200,2.299623,MGC,3,6,0,0
6797,1.267094,1.661714,MGC,2,4,0,0
6798,1.388844,2.112135,MGC,3,3,0,0
6799,1.431547,1.289130,HWC,2,1,0,0
68,1.285552,1.904087,MGC,2,1,0,0
6801,1.264644,1.009036,HWC,3,1,0,0
6802,1.407149,1.430658,MGC,1,1,0,0
6803,1.073699,1.337948,MGC,1,1,0,0
6804,1.499661,1.137617,HWC,1,1,0,0
6805,1.352395,1.052492,HWC,1,1,0,0
6806,1.320255,1.130282,HWC,1,1,0,0
6807,1.377741,1.814145,MGC,1,5,0,0
6808,1.855567,1.169715,HWC,1,1,0,0
6809,1.522842,1.356985,HWC,1,1,0,0
6810,1.637422,1.464106,HWC,1,1,0,0
6812,1.263888,1.258822,HWC,1,1,0,0
6814,1.341410,1.188134,HWC,1,1,0,0
6815,1.247316,1.542836,MGC,1,2,0,0
6816,1.366944,1.176586,HWC,1,1,0,0
6817,1.499568,1.229637,HWC,1,1,0,0
6818,1.444263,1.140484,HWC,1,1,0,0
6819,1.493844,1.277876,HWC,2,1,0,0
682,1.227096,1.192479,HWC,1,1,0,0
6820,1.380149,1.466914,MGC,1,1,0,0
6822,1.254954,1.195527,HWC,1,1,0,0
6823,1.280815,1.162694,HWC,1,1,0,0
6824,1.435285,1.383719,HWC,1,1,0,0
6826,1.279738,1.081630,HWC,2,1,0,0
6828,1.434588,1.250478,HWC,1,1,0,0
6831,1.424216,1.158590,HWC,1,1,0,0
6834,1.360512,2.173730,MGC,3,5,0,0
6835,1.253097,1.365876,MGC,2,1,0,0
6836,1.240510,1.268456,MGC,1,1,0,0
6837,1.440159,1.580431,MGC,1,2,0,0
6838,1.212393,1.578450,MGC,1,1,0,0
6839,1.269421,1.595480,MGC,7,3,0,0
684,1.370593,2.137463,MGC,2,2,0,0
6840,1.233308,1.116260,HWC,1,1,0,0
6841,1.520684,1.612482,MGC,1,1,0,0
6842,1.335478,1.511371,MGC,1,1,0,0
6843,1.176809,1.168814,HWC,1,1,0,0
6844,1.351562,1.823543,MGC,2,1,0,0
6845,1.258091,1.763753,MGC,1,1,0,0
6846,1.129150,1.700644,MGC,1,4,0,0
6849,1.112566,1.248650,MGC,1,1,0,0
685,1.518824,1.089780,HWC,1,1,0,0
6852,1.438877,2.091876,MGC,1,1,0,0
6854,1.664326,2.020554,MGC,1,1,0,0
6855,1.369111,1.252149,HWC,2,1,0,0
6858,1.301484,1.241361,HWC,1,1,0,0
6859,1.457968,1.576363,MGC,1,1,0,0
6861,1.311272,1.146471,HWC,3,1,0,0
6862,1.277230,2.018670,MGC,5,1,0,0
6864,1.173587,1.683870,MGC,1,2,0,0
6865,1.184301,1.377434,MGC,1,1,0,0
6866,1.456811,1.071391,HWC,2,1,0,0
6867,1.303216,1.927707,MGC,2,2,0,0
687,1.297756,1.100665,HWC,3,1,0,0
6873,1.186701,1.257204,MGC,2,1,0,0
6874,1.277796,1.280995,MGC,1,1,0,0
6875,1.346003,1.600955,MGC,3,4,0,0
6876,1.667484,1.377790,HWC,1,1,0,0
6878,1.299309,1.677003,MGC,2,1,0,0
688,1.605986,1.028728,HWC,1,1,0,0
6880,1.289940,1.111765,HWC,1,1,0,0
6881,1.276340,1.606244,MGC,1,1,0,0
6884,1.225934,1.563118,MGC,1,1,0,0
6885,1.591607,1.831583,MGC,1,1,0,0
6886,1.370678,2.111674,MGC,1,2,0,0
6888,1.170889,nan,HWC,1,0,0,0
6889,1.487713,1.426191,HWC,1,1,0,0
689,1.388050,1.496262,MGC,6,1,0,0
6890,1.240369,1.087804,HWC,1,1,0,0
6891,1.703711,2.147656,MGC,1,1,0,0
6892,1.585046,1.390342,HWC,1,1,0,0
6894,1.478533,1.454800,HWC,1,1,0,0
6897,1.168455,1.629148,MGC,2,1,0,0
6899,1.255110,1.232054,HWC,1,1,0,0
69,1.403816,1.276653,HWC,1,1,0,0
6900,1.337886,1.811095,MGC,3,1,0,0
6901,1.890324,1.248194,HWC,1,1,0,0
6902,1.558127,2.280813,MGC,2,1,0,0
6905,1.304587,1.054210,HWC,1,1,0,0
6906,1.462171,1.861406,MGC,2,1,0,0
6907,1.356125,1.082876,HWC,1,1,0,0
6909,1.399300,1.092696,HWC,2,1,0,0
691,1.304098,1.673261,MGC,4,2,0,0
6910,1.507853,1.493291,HWC,1,1,0,0
6911,1.241971,1.373966,MGC,1,1,0,0
6912,1.412979,1.730532,MGC,2,1,0,0
6914,1.546696,1.231534,HWC,1,1,0,0
6915,1.445947,1.053702,HWC,1,1,0,0
6916,1.160008,1.183044,MGC,1,1,0,0
6917,1.481447,1.232595,HWC,3,1,0,0
6918,1.349827,2.492387,MGC,2,1,0,0
6920,1.321241,2.074965,MGC,2,1,0,0
6923,1.643130,2.467134,MGC,2,1,0,0
6924,1.441243,2.257667,MGC,2,2,0,0
6926,1.214153,1.093081,HWC,1,1,0,0
6927,1.191762,1.554112,MGC,1,1,0,0
6928,1.285710,1.142115,HWC,1,1,0,0
6929,1.715592,2.412576,MGC,2,2,0,0
6931,1.145075,1.493104,MGC,2,2,0,0
6932,1.321599,1.926982,MGC,2,2,0,0
6933,1.536151,1.387016,HWC,2,1,0,0
6934,1.254353,0.952351,HWC,1,1,0,0
6935,1.111497,1.025972,HWC,1,1,0,0
6937,1.395485,1.520419,MGC,2,2,0,0
6940,1.135236,1.000000,HWC,1,1,0,0
6941,1.469809,1.427701,HWC,1,1,0,0
6945,1.674973,1.207186,HWC,1,1,0,0
6946,1.322047,1.391151,MGC,1,2,0,0
6947,1.404090,1.906900,MGC,5,2,0,0
6948,1.278476,1.008426,HWC,2,1,0,0
6949,1.297011,1.821664,MGC,1,2,0,0
6950,1.680899,1.999050,MGC,1,1,0,0
6951,1.500973,1.650390,MGC,3,1,0,0
6952,1.356513,1.258795,HWC,1,1,0,0
6953,1.392807,2.243450,MGC,3,4,0,0
6954,1.240671,1.109564,HWC,1,1,0,0
6955,1.215624,1.531454,MGC,1,1,0,0
6957,1.278778,1.922682,MGC,1,1,0,0
6959,1.228384,1.014483,HWC,1,1,0,0
696,1.370297,1.443350,MGC,1,1,0,0
6960,1.380287,1.109193,HWC,1,1,0,0
6961,1.228118,1.580762,MGC,3,1,0,0
6962,1.283662,1.715449,MGC,5,1,0,0
6965,1.299286,1.239020,HWC,1,1,0,0
6966,1.534510,1.714513,MGC,1,1,0,0
6968,1.354224,1.483410,MGC,1,1,0,0
6969,1.384730,1.156453,HWC,1,1,0,0
697,1.269311,1.603616,MGC,5,3,0,0
6971,1.606851,1.302503,HWC,1,1,0,0
6972,1.330233,1.364882,MGC,1,1,0,0
6974,1.344643,1.092088,HWC,1,1,0,0
6975,1.076440,1.887895,MGC,1,1,0,0
6976,1.483744,2.494869,MGC,1,1,0,0
6977,1.196668,1.788135,MGC,3,1,0,0
6979,1.171899,1.285854,MGC,3,1,0,0
698,1.212817,1.520634,MGC,2,2,0,0
6980,1.363836,1.954798,MGC,1,1,0,0
6981,1.573580,1.418825,HWC,5,1,0,0
6982,1.438806,1.553510,MGC,3,5,0,0
6985,1.473460,1.395482,HWC,2,1,0,0
6986,1.183991,1.466518,MGC,4,1,0,0
6987,1.338885,1.173214,HWC,1,1,0,0
6988,1.253698,1.422386,MGC,2,1,0,0
6989,1.304033,1.454353,MGC,1,3,0,0
699,1.733882,1.628118,HWC,1,1,0,0
6991,1.239753,1.084641,HWC,1,1,0,0
6993,1.254829,1.975800,MGC,6,1,0,0
6995,1.334190,1.121380,HWC,1,1,0,0
6996,1.333791,1.554138,MGC,2,1,0,0
6997,1.249253,1.477730,MGC,1,1,0,0
6999,1.365855,1.366405,MGC,2,1,0,0
70,1.596501,1.805581,MGC,1,1,0,0
700,1.476578,1.843359,MGC,4,4,0,0
7000,1.311283,1.587079,MGC,2,1,0,0
701,1.490408,1.579628,MGC,1,1,0,0
702,1.440245,1.295670,HWC,1,1,0,0
704,1.101201,1.295181,MGC,3,1,0,0
705,1.751571,1.082263,HWC,1,1,0,0
706,1.098696,1.292062,MGC,1,1,0,0
707,1.778922,1.180154,HWC,2,1,0,0
709,1.384395,1.451302,MGC,2,1,0,0
71,1.276463,1.566188,MGC,5,2,0,0
710,1.321593,1.879471,MGC,4,2,0,0
712,1.293013,1.329410,MGC,2,1,0,0
713,1.351798,1.752161,MGC,1,1,0,0
714,1.964339,1.579263,HWC,1,1,0,0
717,1.252071,1.561493,MGC,4,1,0,0
718,1.494690,1.268296,HWC,1,1,0,0
719,1.455893,1.341593,HWC,2,1,0,0
72,1.092166,1.845743,MGC,1,2,0,0
720,1.377363,1.532181,MGC,1,1,0,0
721,1.224088,1.291678,MGC,2,2,0,0
723,1.237066,1.116218,HWC,1,1,0,0
724,1.271290,1.545416,MGC,2,1,0,0
726,1.261911,1.040015,HWC,1,1,0,0
728,1.295227,1.527208,MGC,1,1,0,0
729,1.591394,1.355156,HWC,1,1,0,0
73,1.334647,1.606015,MGC,1,1,0,0
732,1.176744,1.142309,HWC,1,1,0,0
733,1.205594,1.155128,HWC,2,1,0,0
734,1.233515,1.241168,MGC,1,1,0,0
735,1.360448,1.652528,MGC,1,1,0,0
736,1.106211,2.020757,MGC,1,1,0,0
737,1.295616,1.086664,HWC,1,1,0,0
738,1.519212,1.567337,MGC,1,1,0,0
739,1.391294,1.113356,HWC,2,1,0,0
74,1.534191,1.793927,MGC,1,1,0,0
740,1.122100,1.413484,MGC,1,1,0,0
741,1.377314,1.656903,MGC,2,1,0,0
742,1.250795,1.181523,HWC,2,1,0,0
743,1.312847,1.647469,MGC,3,1,0,0
745,1.150084,1.367976,MGC,1,1,0,0
747,1.499870,1.438397,HWC,3,2,0,0
748,1.481772,1.095433,HWC,1,1,0,0
749,1.469213,1.719345,MGC,1,1,0,0
751,1.585121,1.586413,MGC,1,1,0,0
753,1.461258,1.545518,MGC,2,1,0,0
754,1.194203,1.309540,MGC,5,1,0,0
757,1.424042,1.255042,HWC,1,1,0,0
758,1.425680,1.693920,MGC,1,1,0,0
759,1.217990,1.403567,MGC,1,1,0,0
76,1.170126,1.654076,MGC,1,1,0,0
760,1.345702,1.119233,HWC,1,1,0,0
761,1.293764,1.476258,MGC,1,1,0,0
766,1.189669,1.649822,MGC,1,1,0,0
767,1.291824,2.037691,MGC,8,1,0,0
768,1.195429,nan,HWC,1,0,0,0
769,1.623604,1.548126,HWC,2,1,0,0
77,1.663795,1.970151,MGC,1,1,0,0
771,1.275313,1.613894,MGC,3,1,0,0
772,1.323747,1.248504,HWC,3,1,0,0
773,1.320128,1.634205,MGC,2,1,0,0
774,1.341608,1.450075,MGC,2,1,0,0
775,1.419035,1.488500,MGC,1,1,0,0
777,1.332515,1.193363,HWC,2,1,0,0
778,1.182805,0.987003,HWC,1,1,0,0
78,1.840275,1.680608,HWC,1,1,0,0
780,1.716636,1.761856,MGC,1,2,0,0
781,1.149300,1.176298,MGC,1,1,0,0
782,1.583000,1.337124,HWC,1,1,0,0
783,1.431527,2.134733,MGC,1,2,0,0
784,1.293253,1.211330,HWC,3,1,0,0
785,1.542335,2.045689,MGC,2,2,0,0
786,1.568363,nan,HWC,1,0,0,0
787,1.466423,1.303235,HWC,2,1,0,0
789,1.543485,1.611567,MGC,5,4,0,0
79,1.489988,1.110950,HWC,1,1,0,0
791,1.266062,1.496278,MGC,4,1,0,0
792,1.390069,1.456116,MGC,1,1,0,0
793,1.237294,1.134119,HWC,1,1,0,0
796,1.522739,1.474479,HWC,1,1,0,0
797,1.318940,1.467844,MGC,2,1,0,0
799,1.378466,1.029652,HWC,1,1,0,0
8,1.249043,1.677757,MGC,1,1,0,0
800,1.174829,1.156630,HWC,1,1,0,0
802,1.155989,1.088890,HWC,1,1,0,0
806,1.476858,1.492491,MGC,1,1,0,0
807,1.995886,2.028338,MGC,1,1,0,0
808,1.219715,1.441910,MGC,1,1,0,0
81,1.426619,1.371404,HWC,1,1,0,0
810,1.352769,1.385217,MGC,3,1,0,0
814,1.223905,1.490978,MGC,1,1,0,0
817,1.330131,2.099865,MGC,1,1,0,0
818,1.569861,1.637060,MGC,1,1,0,0
82,1.448135,1.661013,MGC,1,1,0,0
820,1.131646,1.816696,MGC,1,1,0,0
821,1.327027,1.897339,MGC,3,1,0,0
824,1.526148,nan,HWC,1,0,0,0
825,1.298458,1.659124,MGC,1,1,0,0
827,1.685868,1.230203,HWC,2,1,0,0
829,1.080020,1.173501,MGC,1,1,0,0
83,1.380516,1.946515,MGC,1,1,0,0
831,1.464719,1.384807,HWC,1,1,0,0
832,1.061775,1.044938,HWC,1,1,0,0
833,1.433761,1.138737,HWC,1,1,0,0
834,1.251449,1.095289,HWC,4,1,0,0
835,1.249413,1.197933,HWC,2,1,0,0
837,1.661981,1.801494,MGC,1,1,0,0
838,1.191419,1.246787,MGC,1,1,0,0
839,1.305128,1.578097,MGC,3,2,0,0
840,1.271370,1.842543,MGC,1,2,0,0
841,1.231901,1.334646,MGC,3,1,0,0
842,1.436034,2.236297,MGC,1,1,0,0
843,1.486453,1.472931,HWC,1,1,0,0
844,1.253283,1.258814,MGC,1,1,0,0
845,1.362700,nan,HWC,1,0,0,0
846,1.420574,1.259567,HWC,1,1,0,0
848,1.225582,1.292580,MGC,3,1,0,0
85,1.263444,1.149059,HWC,1,1,0,0
850,1.401615,1.582179,MGC,1,1,0,0
851,1.274618,1.093692,HWC,1,1,0,0
852,1.556807,1.942337,MGC,2,1,0,0
853,1.393857,2.050645,MGC,3,2,0,0
854,1.468954,1.998776,MGC,2,1,0,0
857,1.576393,1.111280,HWC,2,1,0,0
858,1.335543,1.184884,HWC,1,1,0,0
859,1.425494,1.800788,MGC,1,1,0,0
86,1.239115,1.062917,HWC,2,1,0,0
860,1.331032,1.771548,MGC,3,1,0,0
861,1.357795,1.025208,HWC,1,1,0,0
863,1.256492,1.169135,HWC,4,1,0,0
864,1.437082,1.125033,HWC,1,1,0,0
865,1.370230,1.260982,HWC,1,1,0,0
866,1.606340,2.037106,MGC,1,1,0,0
867,1.589606,1.874143,MGC,1,1,0,0
869,1.276050,1.158871,HWC,1,1,0,0
87,1.604542,1.992499,MGC,2,1,0,0
871,1.311034,nan,HWC,4,0,0,0
872,1.279243,2.165941,MGC,3,1,0,0
875,2.247407,1.105500,HWC,1,1,0,0
876,1.217464,1.074323,HWC,2,1,0,0
877,1.528154,1.769396,MGC,1,1,0,0
879,1.258220,1.075277,HWC,1,1,0,0
881,1.437026,1.373434,HWC,3,1,0,0
882,1.275788,1.789104,MGC,6,1,0,0
884,1.221538,1.334072,MGC,1,1,0,0
886,1.547823,1.972806,MGC,1,1,0,0
887,1.341157,1.925743,MGC,1,2,0,0
89,1.066454,1.352983,MGC,5,1,0,0
890,1.236215,1.281584,MGC,1,1,0,0
893,1.576868,1.577141,MGC,1,1,0,0
894,1.296883,1.441782,MGC,1,1,0,0
895,1.705944,1.644355,HWC,1,1,0,0
896,1.371237,1.543920,MGC,1,1,0,0
897,1.284230,1.492593,MGC,1,1,0,0
90,1.810051,1.255248,HWC,1,1,0,0
901,1.317748,1.122903,HWC,2,1,0,0
903,1.494825,2.035169,MGC,1,1,0,0
904,1.429991,1.084485,HWC,1,1,0,0
905,1.265238,1.772220,MGC,1,2,0,0
906,1.423049,2.228958,MGC,2,1,0,0
907,1.483732,1.470363,HWC,1,1,0,0
908,1.179731,1.138018,HWC,1,1,0,0
91,1.254283,1.452628,MGC,1,1,0,0
914,1.225660,1.723771,MGC,4,1,0,0
916,1.121669,1.586925,MGC,9,1,0,0
917,1.055723,1.103448,MGC,1,1,0,0
918,1.573179,1.769921,MGC,2,1,0,0
919,1.358000,1.069832,HWC,1,1,0,0
920,1.220867,1.137192,HWC,1,1,0,0
921,1.358247,1.880400,MGC,2,1,0,0
922,1.293251,1.188325,HWC,1,1,0,0
924,1.360964,1.601234,MGC,1,1,0,0
925,1.374677,1.062301,HWC,2,1,0,0
926,1.370204,1.386802,MGC,1,1,0,0
927,1.849382,1.989582,MGC,3,1,0,0
928,1.123816,1.350666,MGC,1,1,0,0
929,1.415678,2.345717,MGC,11,2,0,0
93,1.281908,1.384469,MGC,1,1,0,0
930,1.226672,1.328450,MGC,2,1,0,0
933,1.481525,1.447709,HWC,4,1,0,0
937,1.224465,1.200942,HWC,1,1,0,0
939,1.392012,2.296075,MGC,3,6,0,0
94,1.380402,1.340382,HWC,2,1,0,0
942,1.325825,1.596029,MGC,2,1,0,0
944,1.426710,1.382618,HWC,1,1,0,0
945,1.611028,1.797656,MGC,1,1,0,0
946,1.554337,1.468348,HWC,1,1,0,0
947,1.516091,1.883174,MGC,5,1,0,0
949,1.290694,1.392042,MGC,6,2,0,0
95,1.261131,1.114913,HWC,1,1,0,0
950,1.648585,1.973775,MGC,1,1,0,0
952,1.140861,0.966031,HWC,1,1,0,0
953,1.381192,1.263992,HWC,1,1,0,0
955,1.380876,1.647495,MGC,4,1,0,0
96,1.205277,1.822118,MGC,2,1,0,0
960,1.306227,1.657934,MGC,2,1,0,0
961,1.841698,1.086400,HWC,1,1,0,0
965,1.272091,1.209524,HWC,7,1,0,0
966,1.224289,1.309647,MGC,1,1,0,0
968,1.338465,1.189323,HWC,2,1,0,0
969,1.183119,1.191711,MGC,2,1,0,0
97,1.871585,1.289965,HWC,1,1,0,0
970,1.399469,1.921172,MGC,2,2,0,0
972,1.308415,1.309012,MGC,1,1,0,0
973,1.264697,1.089984,HWC,1,1,0,0
975,1.228182,1.235430,MGC,1,1,0,0
977,1.323505,1.520688,MGC,1,1,0,0
978,1.544467,1.117368,HWC,1,1,0,0
98,1.275130,1.368329,MGC,1,1,0,0
980,1.490067,1.409054,HWC,1,1,0,0
981,1.491773,1.550429,MGC,2,1,0,0
982,1.407701,1.553466,MGC,1,1,0,0
987,1.657986,1.537321,HWC,1,1,0,0
988,1.354897,1.760939,MGC,1,1,0,0
989,1.363146,1.589991,MGC,2,1,0,0
99,1.328036,1.836316,MGC,3,1,0,0
990,1.530552,1.736091,MGC,1,1,0,0
992,1.183359,1.674068,MGC,1,1,0,0
993,1.401870,1.930173,MGC,3,1,0,0
994,1.621648,1.413966,HWC,1,1,0,0
996,1.594723,1.339038,HWC,1,1,0,0
997,1.196596,1.798326,MGC,1,1,0,0
998,1.252983,1.027024,HWC,1,1,0,0
999,1.374501,1.348177,HWC,1,1,0,0
