line_num,role,chunk_idx,n_tokens,low_conf,npr,orig_logrank,mean_p_logrank
6524,human,0,25,0,1.098656,1.004093,1.103152
6524,lm,0,52,0,1.444125,0.536016,0.774074
1720,human,0,35,0,1.305184,0.582612,0.760415
1720,lm,0,10,0,1.070692,2.630410,2.816358
5870,human,0,128,0,1.379570,0.462490,0.638038
5870,human,1,15,0,1.094110,2.154015,2.356730
5870,lm,0,128,0,1.523789,0.375977,0.572910
5870,lm,1,37,0,1.065071,1.601617,1.705836
7511,human,0,24,0,1.252553,0.726245,0.909661
7511,lm,0,8,0,1.173828,0.894388,1.049858
7256,human,0,69,0,1.195292,0.687034,0.821206
7256,lm,0,10,0,1.223626,1.606547,1.965813
2531,human,0,21,0,1.074865,1.571349,1.688987
2531,lm,0,10,0,1.054455,2.448270,2.581590
7570,human,0,37,0,1.196677,0.859667,1.028743
7570,lm,0,10,0,1.050374,3.292140,3.457980
2266,human,0,128,0,1.147814,0.760958,0.873438
2266,human,1,64,0,1.016379,1.038339,1.055346
2266,lm,0,50,0,1.325182,0.546871,0.724703
2017,human,0,43,0,1.279441,0.874308,1.118625
2017,lm,0,128,0,1.668063,0.289981,0.483707
2017,lm,1,128,0,1.380473,0.424508,0.586022
2017,lm,2,128,0,1.467798,0.364265,0.534667
2017,lm,3,128,0,1.429281,0.402317,0.575024
2017,lm,4,128,0,1.387698,0.430269,0.597084
2017,lm,5,65,0,1.210444,0.727460,0.880550
4859,human,0,128,0,1.243933,0.555013,0.690399
4859,human,1,30,0,1.016007,1.280537,1.301035
4859,lm,0,128,0,1.932799,0.195926,0.378686
4859,lm,1,33,0,1.211447,0.629466,0.762565
5969,human,0,93,0,1.156350,0.937404,1.083967
5969,lm,0,128,0,1.830067,0.163900,0.299948
5969,lm,1,128,0,1.946723,0.135630,0.264035
5969,lm,2,51,0,1.512418,0.315511,0.477184
4315,human,0,128,0,1.174391,0.865003,1.015852
4315,human,1,100,0,1.235747,0.715783,0.884527
4315,lm,0,26,0,1.270564,0.652201,0.828663
50,human,0,125,0,1.063593,0.677472,0.720555
50,lm,0,10,0,1.029371,3.253806,3.349374
6995,human,0,66,0,1.229768,0.644118,0.792115
6995,lm,0,12,0,1.150938,2.059956,2.370881
7257,human,0,128,0,1.325263,0.617212,0.817968
7257,human,1,128,0,1.205080,0.889539,1.071966
7257,human,2,128,0,1.160513,0.778118,0.903016
7257,human,3,3,0,1.017697,3.212998,3.269859
7257,lm,0,128,0,1.867886,0.131802,0.246191
7257,lm,1,17,0,1.321240,0.491912,0.649934
4900,human,0,100,0,1.229517,0.977832,1.202261
4900,lm,0,27,0,1.175816,1.131349,1.330259
1292,human,0,128,0,1.256222,0.554216,0.696218
1292,human,1,128,0,1.026745,0.808188,0.829803
1292,human,2,128,0,1.077265,0.753055,0.811241
1292,human,3,128,0,1.180978,0.736852,0.870206
1292,human,4,13,0,1.129579,1.813034,2.047965
1292,lm,0,128,0,2.517033,0.176718,0.444804
1292,lm,1,128,0,2.100597,0.225293,0.473250
1292,lm,2,128,0,2.387836,0.182777,0.436443
1292,lm,3,128,0,1.984537,0.240733,0.477743
1292,lm,4,63,0,1.452227,0.488937,0.710048
2555,human,0,128,0,1.180049,0.555642,0.655684
2555,human,1,128,0,1.400670,0.492533,0.689876
2555,human,2,34,0,1.169493,0.669481,0.782954
2555,lm,0,62,0,1.325686,0.785830,1.041765
4278,human,0,77,0,1.280792,0.696958,0.892657
4278,lm,0,24,0,1.188092,1.001107,1.189408
4187,human,0,117,0,1.433382,0.505823,0.725038
4187,lm,0,128,0,1.196784,0.676740,0.809912
4187,lm,1,37,0,0.866886,1.911098,1.656705
2801,human,0,83,0,1.259727,0.731355,0.921308
2801,lm,0,9,0,1.033619,2.703970,2.794876
8859,human,0,53,0,1.372893,0.770223,1.057433
8859,lm,0,11,0,1.027365,2.508259,2.576899
6231,human,0,70,0,1.166511,1.024870,1.195522
6231,lm,0,84,0,1.269606,0.586905,0.745138
6442,human,0,55,0,1.346491,0.473176,0.637127
6442,lm,0,44,0,1.160897,0.805922,0.935592
130,human,0,60,0,1.710572,0.433408,0.741375
130,lm,0,23,0,1.528163,0.636341,0.972433
8408,human,0,20,0,1.111683,0.864741,0.961318
8408,lm,0,128,0,1.534581,0.386606,0.593279
8408,lm,1,128,0,1.499748,0.415191,0.622682
8408,lm,2,42,0,1.447895,0.794190,1.149904
8386,human,0,25,0,1.350691,0.554975,0.749600
8386,lm,0,25,0,1.368278,0.666852,0.912439
3161,human,0,128,0,1.286988,0.647794,0.833702
3161,human,1,69,0,1.232327,0.716415,0.882857
3161,lm,0,128,0,1.780934,0.318434,0.567110
3161,lm,1,16,0,1.149506,2.055104,2.362354
3253,human,0,21,0,1.062207,1.473806,1.565488
3253,lm,0,10,0,1.013266,2.938480,2.977462
3802,human,0,128,0,1.118276,1.182268,1.322103
3802,human,1,128,0,1.214045,0.603368,0.732516
3802,human,2,128,0,1.095612,1.088414,1.192479
3802,human,3,128,0,1.226893,0.659525,0.809167
3802,human,4,117,0,1.051543,1.037951,1.091450
3802,lm,0,128,0,1.439802,0.489449,0.704710
3802,lm,1,128,0,1.877366,0.235024,0.441225
3802,lm,2,128,0,1.730998,0.257155,0.445135
3802,lm,3,96,0,1.811994,0.294715,0.534021
3224,human,0,40,0,1.254658,0.930577,1.167556
3224,lm,0,7,0,1.102065,2.092965,2.306585
7871,human,0,45,0,1.135309,1.237414,1.404846
7871,lm,0,31,0,1.302402,0.776752,1.011643
8644,human,0,128,0,1.201965,0.743246,0.893356
8644,human,1,3,0,1.011267,2.163625,2.188002
8644,lm,0,24,0,1.202932,1.142899,1.374830
6504,human,0,26,0,1.017575,2.211142,2.250003
6504,lm,0,128,0,1.468256,0.352796,0.517995
6504,lm,1,128,0,1.459941,0.266581,0.389193
6504,lm,2,128,0,1.348470,0.293052,0.395172
6504,lm,3,1,0,1.000000,2.805217,2.805217
8950,human,0,47,0,1.238004,0.718599,0.889628
8950,lm,0,32,0,1.268381,0.925145,1.173436
2927,human,0,128,0,1.261435,0.697579,0.879951
2927,human,1,36,0,1.151980,1.102051,1.269542
2927,lm,0,7,0,1.184341,1.235017,1.462681
17,human,0,128,0,1.765332,0.274138,0.483945
17,human,1,10,0,1.140981,1.813594,2.069278
17,lm,0,9,0,0.992205,1.625631,1.612960
2619,human,0,73,0,1.177667,0.880293,1.036692
2619,lm,0,69,0,1.420760,0.451094,0.640897
3747,human,0,128,0,1.592367,0.464300,0.739336
3747,human,1,45,0,1.229565,0.992242,1.220026
3747,lm,0,25,0,1.140928,1.462478,1.668582
1637,human,0,128,0,1.159908,0.645344,0.748540
1637,human,1,49,0,1.071702,1.159851,1.243015
1637,lm,0,128,0,1.437987,0.312186,0.448920
1637,lm,1,49,0,1.076573,1.159851,1.248665
2351,human,0,128,0,1.180985,0.480468,0.567425
2351,human,1,128,0,1.091309,0.718343,0.783934
2351,human,2,128,0,1.097349,0.746501,0.819173
2351,human,3,33,0,1.036678,1.405682,1.457239
2351,lm,0,26,0,1.306708,0.529837,0.692343
627,human,0,25,0,1.075602,1.172457,1.261097
627,lm,0,6,0,1.051505,2.660623,2.797659
4888,human,0,59,0,1.212163,0.757228,0.917885
4888,lm,0,66,0,1.425761,0.446409,0.636473
8097,human,0,111,0,1.156312,0.965749,1.116707
8097,lm,0,128,0,1.443092,0.408018,0.588808
8097,lm,1,19,0,1.355667,0.986767,1.337728
8930,human,0,33,0,1.205381,1.219520,1.469986
8930,lm,0,65,0,1.360819,0.625627,0.851366
1723,human,0,33,0,1.225249,0.770581,0.944154
1723,lm,0,86,0,1.895813,0.233099,0.441911
4898,human,0,49,0,1.384347,0.441957,0.611822
4898,lm,0,8,0,1.115431,1.393562,1.554422
3564,human,0,52,0,1.345656,0.517819,0.696805
3564,lm,0,10,0,1.125346,0.711756,0.800971
4282,human,0,6,0,1.113875,0.788448,0.878232
4282,lm,0,128,0,3.115405,0.068767,0.214238
4282,lm,1,23,0,1.531486,0.409210,0.626699
4821,human,0,62,0,1.359000,0.498194,0.677046
4821,lm,0,10,0,1.087216,2.335100,2.538757
8432,human,0,40,0,1.301153,0.685125,0.891452
8432,lm,0,35,0,1.380283,0.711131,0.981562
7370,human,0,17,0,1.374183,0.593906,0.816136
7370,lm,0,7,0,1.271960,0.702694,0.893799
3205,human,0,81,0,1.433030,0.400224,0.573533
3205,lm,0,83,0,1.473993,0.506478,0.746545
5483,human,0,29,0,1.094264,1.359113,1.487229
5483,lm,0,12,0,0.995710,4.158757,4.140915
2355,human,0,128,0,1.089545,1.128500,1.229551
2355,human,1,128,0,1.124401,1.063880,1.196227
2355,human,2,128,0,1.102108,0.874695,0.964008
2355,human,3,128,0,1.003062,1.490829,1.495393
2355,human,4,128,0,1.115209,0.770394,0.859150
2355,human,5,2,0,0.995056,4.374635,4.353007
2355,lm,0,38,0,1.313685,0.880744,1.157020
6941,human,0,43,0,1.330501,0.688857,0.916525
6941,lm,0,32,0,1.288571,0.800522,1.031529
6007,human,0,29,0,1.216629,1.054924,1.283451
6007,lm,0,67,0,1.341864,0.688486,0.923855
8306,human,0,128,0,1.273147,0.585952,0.746004
8306,human,1,128,0,1.123456,0.873272,0.981084
8306,human,2,117,0,1.155119,0.772688,0.892547
8306,lm,0,89,0,1.356109,0.451832,0.612733
3179,human,0,70,0,1.129140,1.096396,1.237985
3179,lm,0,10,0,1.156688,1.596855,1.847062
7918,human,0,128,0,1.356955,0.427062,0.579503
7918,human,1,128,0,1.204236,0.508155,0.611939
7918,human,2,128,0,1.278396,0.533578,0.682124
7918,human,3,128,0,1.094276,0.739106,0.808786
7918,human,4,128,0,0.942018,1.197511,1.128077
7918,human,5,128,0,1.055662,0.847586,0.894764
7918,human,6,27,0,1.043054,1.759392,1.835142
7918,lm,0,128,0,1.484519,0.321597,0.477417
7918,lm,1,128,0,1.344683,0.369069,0.496280
7918,lm,2,118,0,1.389905,0.204099,0.283678
1381,human,0,128,0,1.198482,0.531007,0.636403
1381,human,1,87,0,1.219850,0.510294,0.622483
1381,lm,0,128,0,1.582908,0.285077,0.451250
1381,lm,1,34,0,1.170799,1.093525,1.280297
212,human,0,128,0,1.317769,0.476894,0.628437
212,human,1,128,0,0.937282,0.774912,0.726311
212,human,2,128,0,0.811928,1.351698,1.097481
212,human,3,128,0,1.193625,0.617818,0.737443
212,human,4,23,0,1.116676,0.942950,1.052970
212,lm,0,41,0,1.552775,0.410532,0.637463
3803,human,0,21,0,1.219966,1.214844,1.482068
3803,lm,0,43,0,1.405063,0.586457,0.824010
2714,human,0,124,0,1.183133,0.773238,0.914843
2714,lm,0,128,0,1.315352,0.658859,0.866631
2714,lm,1,103,0,1.105879,1.085006,1.199886
446,human,0,94,0,1.350677,0.595303,0.804062
446,lm,0,37,0,1.408224,0.605476,0.852646
1407,human,0,98,0,1.253522,0.643199,0.806264
1407,lm,0,25,0,1.180640,1.036432,1.223653
1545,human,0,128,0,1.233677,0.644012,0.794504
1545,human,1,128,0,1.101267,1.076956,1.186015
1545,human,2,116,0,1.283134,0.548912,0.704327
1545,lm,0,128,0,1.341246,0.364427,0.488787
1545,lm,1,76,0,1.293129,0.198933,0.257246
5505,human,0,13,0,1.176462,1.024437,1.205211
5505,lm,0,6,0,1.040536,2.862714,2.978756
1800,human,0,104,0,1.477125,0.341713,0.504753
1800,lm,0,38,0,1.547886,0.352914,0.546271
4009,human,0,21,0,1.154161,1.233242,1.423360
4009,lm,0,11,0,1.108022,1.730522,1.917456
2884,human,0,44,0,1.221291,0.907108,1.107842
2884,lm,0,32,0,1.224546,0.884342,1.082918
2745,human,0,109,0,1.181712,0.871062,1.029344
2745,lm,0,34,0,1.202286,0.942103,1.132677
1799,human,0,128,0,1.165381,0.791256,0.922115
1799,human,1,69,0,1.126263,1.153986,1.299693
1799,lm,0,128,0,1.534141,0.447370,0.686329
1799,lm,1,128,0,1.243217,0.637739,0.792849
1799,lm,2,128,0,1.057549,1.222849,1.293223
1799,lm,3,128,0,1.054713,1.259478,1.328387
1799,lm,4,128,0,1.173388,0.884833,1.038253
1799,lm,5,128,0,1.114289,0.942036,1.049701
1799,lm,6,128,0,1.166497,0.745494,0.869617
1799,lm,7,81,0,0.960067,1.669446,1.602780
382,human,0,27,0,1.107243,1.345886,1.490222
382,lm,0,16,0,1.107954,1.399710,1.550814
3764,human,0,128,0,1.268448,0.710934,0.901782
3764,human,1,59,0,1.147543,1.170290,1.342958
3764,lm,0,83,0,1.476647,0.472857,0.698243
3178,human,0,19,0,1.138136,1.404035,1.597983
3178,lm,0,30,0,1.404944,0.825760,1.160146
5205,human,0,26,0,1.201256,1.007774,1.210594
5205,lm,0,27,0,1.300733,0.800969,1.041847
8375,human,0,86,0,1.195140,0.661524,0.790614
8375,lm,0,45,0,1.388589,0.551160,0.765334
5593,human,0,39,0,1.187605,1.023871,1.215954
5593,lm,0,10,0,1.055512,2.391664,2.524429
6371,human,0,33,0,1.298639,0.896571,1.164321
6371,lm,0,53,0,1.328295,0.615105,0.817041
7911,human,0,74,0,1.306197,0.424044,0.553885
7911,lm,0,128,0,1.224498,0.404744,0.495608
7911,lm,1,71,0,0.887513,1.106993,0.982470
7940,human,0,128,0,1.275449,0.663357,0.846079
7940,human,1,49,0,1.301306,0.807178,1.050385
7940,lm,0,105,0,1.389833,0.571677,0.794536
2811,human,0,128,0,1.135151,1.175548,1.334425
2811,human,1,128,0,1.022968,1.559228,1.595040
2811,human,2,100,0,1.159197,0.928574,1.076400
2811,lm,0,97,0,1.454870,0.431376,0.627597
3304,human,0,33,0,1.271129,0.780251,0.991800
3304,lm,0,12,0,1.075137,1.358263,1.460319
5506,human,0,75,0,1.056019,1.091563,1.152711
5506,lm,0,12,0,1.081877,2.337633,2.529032
6109,human,0,13,0,1.029831,1.310546,1.349640
6109,lm,0,30,0,1.452629,0.689750,1.001951
37,human,0,128,0,1.306846,0.397071,0.518910
37,human,1,15,0,1.175772,1.149599,1.351667
37,lm,0,128,0,1.500038,0.386316,0.579489
37,lm,1,11,0,1.264696,1.059591,1.340060
687,human,0,128,0,1.220752,0.688106,0.840007
687,human,1,128,0,1.112228,0.851030,0.946539
687,human,2,35,0,1.034433,1.341565,1.387759
687,lm,0,11,0,1.129468,1.812991,2.047715
3527,human,0,128,0,1.171750,0.992022,1.162402
3527,human,1,128,0,1.151491,1.129229,1.300297
3527,human,2,13,0,1.039545,1.999324,2.078389
3527,lm,0,128,0,1.594763,0.293763,0.468483
3527,lm,1,128,0,1.569108,0.138886,0.217927
3527,lm,2,23,0,1.188804,0.681809,0.810537
3709,human,0,128,0,1.248530,0.563656,0.703742
3709,human,1,10,0,1.141339,1.442024,1.645839
3709,lm,0,90,0,1.374112,0.447649,0.615120
1844,human,0,128,0,1.409337,0.494588,0.697041
1844,human,1,109,0,1.246717,0.675232,0.841823
1844,lm,0,40,0,1.467830,0.670553,0.984257
6095,human,0,25,0,1.302571,0.626107,0.815548
6095,lm,0,25,0,1.351444,0.626107,0.846148
7383,human,0,35,0,1.343063,0.819074,1.100068
7383,lm,0,36,0,1.418006,0.702847,0.996641
7146,human,0,95,0,1.204636,0.805164,0.969930
7146,lm,0,12,0,1.060690,2.126874,2.255954
7680,human,0,71,0,1.329066,0.697533,0.927067
7680,lm,0,22,0,1.179698,1.101543,1.299489
5876,human,0,36,0,1.519199,0.489316,0.743367
5876,lm,0,32,0,1.409381,0.673203,0.948799
26,human,0,25,0,1.175824,0.570121,0.670362
26,lm,0,37,0,1.475196,0.585044,0.863055
8291,human,0,44,0,1.128180,1.148070,1.295229
8291,lm,0,24,0,1.219545,1.292210,1.575908
6350,human,0,128,0,1.153760,0.873430,1.007729
6350,human,1,128,0,1.068804,1.036521,1.107838
6350,human,2,124,0,1.224839,0.838654,1.027216
6350,lm,0,26,0,1.291935,1.055932,1.364195
1269,human,0,47,0,1.229178,0.840585,1.033228
1269,lm,0,46,0,1.234503,1.079017,1.332049
7816,human,0,39,0,1.159267,1.059063,1.227736
7816,lm,0,33,0,1.165414,0.990597,1.154455
3180,human,0,38,0,1.033073,1.775943,1.834679
3180,lm,0,11,0,1.069016,2.329086,2.489829
481,human,0,128,0,1.216215,0.663703,0.807205
481,human,1,4,0,0.985700,3.758760,3.705011
481,lm,0,31,0,1.143575,1.444900,1.652351
4200,human,0,128,0,1.389490,0.537692,0.747118
4200,human,1,74,0,1.126791,1.154921,1.301355
4200,lm,0,76,0,1.383546,0.477687,0.660902
4378,human,0,46,0,1.159357,1.128937,1.308841
4378,lm,0,128,0,2.494715,0.130360,0.325212
4378,lm,1,128,0,1.416658,0.273097,0.386884
4378,lm,2,63,0,1.209227,0.498851,0.603224
1967,human,0,128,0,1.278104,0.528739,0.675784
1967,human,1,128,0,1.189749,0.787881,0.937381
1967,human,2,26,0,1.202302,1.058328,1.272430
1967,lm,0,25,0,1.212110,0.953613,1.155884
4826,human,0,72,0,1.126726,0.765386,0.862380
4826,lm,0,36,0,1.267663,0.473938,0.600793
484,human,0,123,0,1.265568,0.424290,0.536967
484,lm,0,58,0,1.632865,0.563579,0.920248
940,human,0,128,0,1.320646,0.490267,0.647469
940,human,1,127,0,1.109244,0.773649,0.858166
940,lm,0,128,0,1.910153,0.312286,0.596515
940,lm,1,128,0,1.450736,0.538764,0.781604
940,lm,2,128,0,1.412641,0.523618,0.739684
940,lm,3,128,0,1.569640,0.386322,0.606386
940,lm,4,128,0,1.502642,0.425247,0.638994
940,lm,5,128,0,1.515108,0.444304,0.673168
940,lm,6,62,0,1.259152,0.821166,1.033973
771,human,0,128,0,1.379659,0.504651,0.696246
771,human,1,128,0,1.086877,0.998307,1.085037
771,human,2,36,0,1.080479,1.717079,1.855268
771,lm,0,128,0,1.357834,0.672148,0.912666
771,lm,1,128,0,1.240281,0.705868,0.875475
771,lm,2,128,0,1.105546,1.173996,1.297907
771,lm,3,128,0,1.140392,0.792559,0.903828
771,lm,4,53,0,1.086600,1.606111,1.745200
2825,human,0,128,0,1.178601,0.675316,0.795928
2825,human,1,128,0,1.157695,0.553857,0.641197
2825,human,2,128,0,1.150588,1.041502,1.198339
2825,human,3,120,0,1.121948,0.951439,1.067465
2825,lm,0,128,0,1.387611,0.609438,0.845662
2825,lm,1,128,0,0.811688,1.955209,1.587020
2825,lm,2,128,0,0.846482,1.678162,1.420533
2825,lm,3,128,0,1.028334,1.413777,1.453835
2825,lm,4,56,0,0.879464,2.468857,2.171272
6142,human,0,93,0,1.272425,0.635784,0.808988
6142,lm,0,71,0,1.599104,0.441517,0.706031
3902,human,0,48,0,1.205317,1.050894,1.266660
3902,lm,0,10,0,1.053588,2.705681,2.850674
767,human,0,128,0,1.245507,0.780297,0.971866
767,human,1,128,0,1.187728,0.898627,1.067325
767,human,2,128,0,1.089910,1.153608,1.257328
767,human,3,128,0,1.025170,1.236833,1.267963
767,human,4,128,0,1.180789,0.812431,0.959310
767,human,5,128,0,1.143320,0.820206,0.937758
767,human,6,128,0,1.145578,0.899864,1.030865
767,human,7,79,0,1.168637,0.960469,1.122440
767,lm,0,128,0,2.406337,0.182820,0.439927
767,lm,1,128,0,2.087500,0.223920,0.467434
767,lm,2,128,0,2.064966,0.215362,0.444714
767,lm,3,18,0,1.181780,1.333693,1.576131
3883,human,0,94,0,1.254448,0.595259,0.746722
3883,lm,0,12,0,1.165662,1.206456,1.406320
5363,human,0,12,0,1.107011,1.246830,1.380254
5363,lm,0,53,0,1.672732,0.258484,0.432374
4141,human,0,20,0,1.115789,1.009536,1.126430
4141,lm,0,54,0,1.279564,0.564001,0.721675
6586,human,0,83,0,1.278620,0.529385,0.676882
6586,lm,0,9,0,1.001578,1.927035,1.930076
3869,human,0,128,0,1.206260,0.817704,0.986364
3869,human,1,5,0,1.022158,2.055758,2.101309
3869,lm,0,25,0,1.121556,1.007894,1.130410
7686,human,0,128,0,1.133420,0.992425,1.124834
7686,human,1,68,0,1.125608,0.987138,1.111130
7686,lm,0,128,0,1.922029,0.209994,0.403615
7686,lm,1,128,0,1.417533,0.365086,0.517522
7686,lm,2,128,0,1.348205,0.302648,0.408032
7686,lm,3,128,0,1.370742,0.363122,0.497747
7686,lm,4,18,0,1.098959,1.199252,1.317930
2219,human,0,128,0,1.351990,0.512948,0.693500
2219,human,1,49,0,1.024853,1.638892,1.679624
2219,lm,0,128,0,1.367889,0.326901,0.447164
2219,lm,1,128,0,1.596369,0.276957,0.442125
2219,lm,2,1,0,1.000000,2.676126,2.676126
5129,human,0,61,0,1.187408,0.689265,0.818438
5129,lm,0,53,0,1.240882,0.850494,1.055362
264,human,0,16,0,1.191887,1.161524,1.384406
264,lm,0,7,0,1.137233,1.658580,1.886191
2919,human,0,20,0,1.051958,1.462981,1.538995
2919,lm,0,10,0,1.077016,2.093612,2.254853
1166,human,0,63,0,1.254907,0.657518,0.825124
1166,lm,0,65,0,1.380542,0.720179,0.994237
7130,human,0,34,0,1.359074,0.647512,0.880017
7130,lm,0,31,0,1.183577,0.872094,1.032190
3104,human,0,37,0,1.328287,0.806774,1.071627
3104,lm,0,12,0,1.122777,1.841611,2.067719
1493,human,0,128,0,1.314043,0.729309,0.958343
1493,human,1,128,0,1.313727,0.601836,0.790648
1493,human,2,128,0,1.062673,1.083996,1.151933
1493,human,3,128,0,1.054826,1.314875,1.386965
1493,human,4,128,0,1.177818,0.911915,1.074070
1493,human,5,128,0,1.162567,0.878488,1.021301
1493,human,6,56,0,1.122017,1.364907,1.531448
1493,lm,0,121,0,2.073287,0.223756,0.463911
8538,human,0,48,0,1.311796,0.672396,0.882046
8538,lm,0,128,0,3.191281,0.113366,0.361783
8538,lm,1,128,0,2.458121,0.135254,0.332470
8538,lm,2,56,0,1.941470,0.255202,0.495467
3593,human,0,88,0,1.389629,0.438533,0.609398
3593,lm,0,128,0,1.407903,0.477522,0.672305
3593,lm,1,70,0,1.349948,0.417139,0.563116
8534,human,0,63,0,1.378604,0.656961,0.905689
8534,lm,0,17,0,1.166595,1.441549,1.681704
2566,human,0,128,0,1.138102,0.780165,0.887908
2566,human,1,29,0,1.147217,1.008125,1.156538
2566,lm,0,13,0,1.099848,1.377831,1.515405
7310,human,0,17,0,1.154842,1.361271,1.572053
7310,lm,0,48,0,1.549060,0.486493,0.753607
4386,human,0,84,0,1.438861,0.595650,0.857058
4386,lm,0,56,0,1.465950,0.600392,0.880145
5339,human,0,60,0,1.249422,0.674180,0.842335
5339,lm,0,12,0,1.025551,3.238559,3.321307
2868,human,0,112,0,1.479920,0.320280,0.473989
2868,lm,0,53,0,1.652894,0.307171,0.507720
3091,human,0,34,0,1.347618,0.477624,0.643655
3091,lm,0,6,0,1.147974,1.316134,1.510888
6833,human,0,128,0,1.506372,0.330356,0.497639
6833,human,1,66,0,1.367989,0.620582,0.848949
6833,lm,0,88,0,1.691662,0.300879,0.508985
2837,human,0,71,0,1.409355,0.593110,0.835903
2837,lm,0,10,0,1.026533,2.616469,2.685893
6614,human,0,121,0,1.304814,0.512488,0.668701
6614,lm,0,10,0,1.013631,3.434090,3.480901
4273,human,0,59,0,1.286346,0.581843,0.748452
4273,lm,0,54,0,1.789820,0.320085,0.572894
265,human,0,96,0,1.211620,0.665376,0.806183
265,lm,0,69,0,1.535069,0.521091,0.799911
4963,human,0,128,0,1.173382,0.874583,1.026219
4963,human,1,128,0,1.155650,0.951196,1.099250
4963,human,2,50,0,1.166422,0.931487,1.086507
4963,lm,0,9,0,1.040471,2.072242,2.156108
8313,human,0,35,0,1.136425,1.297981,1.475058
8313,lm,0,10,0,1.089925,1.493092,1.627358
4412,human,0,81,0,1.180839,0.872500,1.030283
4412,lm,0,24,0,1.190721,1.133451,1.349625
8274,human,0,128,0,1.150575,0.820023,0.943498
8274,human,1,61,0,1.114356,1.183802,1.319176
8274,lm,0,58,0,1.179539,0.969932,1.144072
6626,human,0,22,0,1.287420,0.430779,0.554593
6626,lm,0,6,0,1.060243,1.782087,1.889445
1126,human,0,29,0,1.207892,0.949711,1.147148
1126,lm,0,13,0,1.133101,1.208292,1.369117
4024,human,0,39,0,1.111162,1.085993,1.206715
4024,lm,0,19,0,1.155493,1.064127,1.229591
7485,human,0,128,0,1.702229,0.330335,0.562305
7485,human,1,51,0,1.261521,0.876795,1.106096
7485,lm,0,6,0,1.067019,2.325727,2.481593
4565,human,0,125,0,1.324993,0.548665,0.726978
4565,lm,0,39,0,1.283889,0.771203,0.990139
4804,human,0,96,0,1.382242,0.517957,0.715942
4804,lm,0,43,0,1.368032,0.734436,1.004732
126,human,0,21,0,1.249231,0.812328,1.014784
126,lm,0,11,0,1.126380,1.217556,1.371430
1340,human,0,79,0,1.231210,0.799531,0.984391
1340,lm,0,10,0,1.043228,2.510431,2.618953
4133,human,0,128,0,1.628851,0.436189,0.710487
4133,human,1,44,0,1.143690,1.052094,1.203269
4133,lm,0,16,0,1.160922,1.533963,1.780811
4528,human,0,29,0,1.104100,1.171673,1.293644
4528,lm,0,7,0,1.089480,2.037322,2.219621
704,human,0,128,0,1.106253,0.612537,0.677621
704,human,1,128,0,0.921001,1.156495,1.065133
704,human,2,100,0,0.927475,1.657723,1.537496
704,lm,0,22,0,1.257531,0.443575,0.557808
5343,human,0,75,0,1.238014,0.715985,0.886400
5343,lm,0,128,0,1.061223,1.000932,1.062211
5343,lm,1,38,0,0.813853,2.527800,2.057256
3171,human,0,128,0,1.293298,0.594338,0.768657
3171,human,1,61,0,1.089867,1.199035,1.306788
3171,lm,0,48,0,1.419691,0.770617,1.094038
4424,human,0,85,0,1.250267,0.810029,1.012752
4424,lm,0,43,0,1.464353,0.666098,0.975404
770,human,0,30,0,1.111097,1.090330,1.211462
770,lm,0,11,0,1.048192,1.465100,1.535706
1468,human,0,21,0,1.196478,0.744370,0.890622
1468,lm,0,6,0,1.040249,3.023324,3.145009
4617,human,0,128,0,1.178493,0.938189,1.105649
4617,human,1,128,0,1.215421,0.808945,0.983209
4617,human,2,13,0,0.976120,2.916028,2.846394
4617,lm,0,36,0,1.297104,0.652815,0.846769
7193,human,0,128,0,1.620389,0.314786,0.510076
7193,human,1,12,0,1.037856,1.561630,1.620747
7193,lm,0,19,0,1.307468,0.680323,0.889501
5453,human,0,103,0,1.186175,0.828857,0.983170
5453,lm,0,106,0,1.222768,0.775325,0.948042
6694,human,0,58,0,1.267340,0.656113,0.831518
6694,lm,0,83,0,1.459858,0.517073,0.754853
8743,human,0,17,0,1.232307,0.928102,1.143706
8743,lm,0,17,0,1.424282,0.662691,0.943858
1246,human,0,46,0,1.489240,0.378278,0.563347
1246,lm,0,8,0,1.191887,1.507508,1.796779
7896,human,0,20,0,1.172172,1.237882,1.451011
7896,lm,0,40,0,1.445930,0.570111,0.824340
696,human,0,38,0,1.296697,0.832463,1.079453
696,lm,0,31,0,1.285701,0.972992,1.250977
3203,human,0,44,0,1.159485,0.977114,1.132949
3203,lm,0,49,0,1.411022,0.617058,0.870683
365,human,0,36,0,1.368221,0.704177,0.963470
365,lm,0,11,0,1.091123,1.853416,2.022304
5806,human,0,98,0,1.143345,0.778932,0.890588
5806,lm,0,10,0,1.057402,3.151175,3.332059
4618,human,0,128,0,1.296668,0.645566,0.837084
4618,human,1,128,0,1.154591,0.858148,0.990810
4618,human,2,3,0,1.045822,2.178332,2.278148
4618,lm,0,128,0,1.749978,0.346204,0.605850
4618,lm,1,2,0,0.950246,5.432070,5.161802
8785,human,0,128,0,1.295691,0.589546,0.763870
8785,human,1,128,0,1.179812,0.806037,0.950972
8785,human,2,128,0,1.153072,0.991683,1.143482
8785,human,3,128,0,1.186755,0.646365,0.767077
8785,human,4,41,0,1.093624,0.955821,1.045309
8785,lm,0,123,0,2.026661,0.080757,0.163667
5721,human,0,98,0,1.300967,0.496221,0.645567
5721,lm,0,37,0,1.333640,0.605243,0.807177
2554,human,0,13,0,1.149174,1.009225,1.159775
2554,lm,0,13,0,1.319400,0.649758,0.857291
1787,human,0,19,0,1.130576,1.294116,1.463097
1787,lm,0,9,0,1.071425,2.958906,3.170245
950,human,0,28,0,1.417112,0.518904,0.735345
950,lm,0,45,0,1.570240,0.314829,0.494358
3920,human,0,36,0,1.247110,1.114636,1.390074
3920,lm,0,35,0,1.474863,0.841395,1.240943
5139,human,0,128,0,1.173337,0.940640,1.103688
5139,human,1,128,0,1.111269,0.889852,0.988865
5139,human,2,128,0,1.140958,0.786293,0.897127
5139,human,3,92,0,1.127865,1.163252,1.311991
5139,lm,0,60,0,1.202281,0.932611,1.121260
1793,human,0,128,0,1.177935,0.917684,1.080972
1793,human,1,3,0,0.985018,2.046370,2.015711
1793,lm,0,128,0,1.338039,0.631327,0.844741
1793,lm,1,128,0,1.218592,0.623683,0.760015
1793,lm,2,68,0,1.156625,1.205518,1.394332
5510,human,0,43,0,1.328398,0.676570,0.898754
5510,lm,0,33,0,1.330047,0.670940,0.892382
2771,human,0,128,0,1.245077,0.597562,0.744010
2771,human,1,40,0,1.056395,1.134217,1.198180
2771,lm,0,38,0,1.398272,0.345002,0.482407
348,human,0,128,0,1.223755,0.655899,0.802660
348,human,1,31,0,1.080040,1.396868,1.508673
348,lm,0,128,0,1.885933,0.250652,0.472714
348,lm,1,22,0,1.057355,1.579150,1.669722
7907,human,0,66,0,1.118994,1.090321,1.220063
7907,lm,0,128,0,1.653324,0.384206,0.635216
7907,lm,1,77,0,0.865571,2.077060,1.797844
7983,human,0,128,0,1.410141,0.381320,0.537715
7983,human,1,128,0,1.350329,0.468423,0.632524
7983,human,2,38,0,1.173328,0.890649,1.045024
7983,lm,0,113,0,1.550228,0.337984,0.523953
7413,human,0,128,0,1.289372,0.709177,0.914393
7413,human,1,128,0,1.199500,0.928570,1.113819
7413,human,2,128,0,1.211850,0.918949,1.113628
7413,human,3,49,0,1.094379,1.793531,1.962803
7413,lm,0,128,0,1.243233,0.667650,0.830045
7413,lm,1,128,0,1.297091,0.587903,0.762563
7413,lm,2,128,0,1.474288,0.502376,0.740646
7909,human,0,87,0,1.350031,0.494049,0.666981
7909,lm,0,128,0,1.635908,0.235187,0.384745
7909,lm,1,128,0,1.456148,0.254621,0.370765
7909,lm,2,47,0,1.179187,0.771241,0.909437
6600,human,0,42,0,1.296726,0.625782,0.811467
6600,lm,0,42,0,1.366662,0.456853,0.624364
4920,human,0,24,0,1.229388,1.068169,1.313194
4920,lm,0,34,0,1.515682,0.726504,1.101149
2864,human,0,128,0,1.287862,0.522906,0.673431
2864,human,1,24,0,1.050522,1.577127,1.656806
2864,lm,0,126,0,2.005444,0.223072,0.447359
719,human,0,128,0,1.347575,0.509980,0.687236
719,human,1,39,0,1.035612,1.543441,1.598406
719,lm,0,39,0,1.360347,0.550875,0.749381
6223,human,0,41,0,1.176636,0.886418,1.042991
6223,lm,0,112,0,1.207374,0.729270,0.880502
5307,human,0,47,0,1.264331,0.825961,1.044288
5307,lm,0,20,0,1.148434,1.312031,1.506781
3982,human,0,81,0,1.435868,0.348877,0.500941
3982,lm,0,17,0,1.464394,0.752279,1.101632
737,human,0,94,0,1.149277,0.872371,1.002596
737,lm,0,14,0,1.190736,0.917435,1.092423
2419,human,0,41,0,1.584071,0.375465,0.594763
2419,lm,0,24,0,1.393668,0.409179,0.570260
46,human,0,128,0,1.291691,0.618908,0.799438
46,human,1,128,0,1.229511,0.590567,0.726109
46,human,2,128,0,1.311626,0.453016,0.594188
46,human,3,8,0,1.088962,2.278104,2.480769
46,lm,0,35,0,1.606879,0.435534,0.699851
7919,human,0,128,0,1.139336,0.799773,0.911210
7919,human,1,128,0,1.091648,0.898323,0.980653
7919,human,2,78,0,1.107820,1.294130,1.433663
7919,lm,0,33,0,1.335495,0.213042,0.284516
4207,human,0,39,0,1.465842,0.579630,0.849646
4207,lm,0,54,0,1.737666,0.401966,0.698483
3076,human,0,107,0,1.288793,0.612202,0.789001
3076,lm,0,128,0,1.251200,0.529872,0.662976
3076,lm,1,69,0,1.072826,1.197889,1.285127
2591,human,0,66,0,1.288235,0.769742,0.991608
2591,lm,0,90,0,1.455555,0.489618,0.712666
3833,human,0,119,0,1.244054,0.618711,0.769711
3833,lm,0,22,0,1.205058,0.909107,1.095527
7561,human,0,128,0,1.379791,0.514977,0.710561
7561,human,1,128,0,1.186787,0.835326,0.991354
7561,human,2,128,0,1.109882,0.805994,0.894558
7561,human,3,128,0,1.101098,1.125325,1.239093
7561,human,4,128,0,1.164124,0.819438,0.953928
7561,human,5,29,0,1.035660,1.685848,1.745965
7561,lm,0,11,0,1.053836,2.392594,2.521403
470,human,0,128,0,1.130402,0.865980,0.978906
470,human,1,128,0,1.185259,0.780939,0.925615
470,human,2,128,0,1.004329,1.386098,1.392098
470,human,3,128,0,0.816046,1.725808,1.408338
470,human,4,128,0,1.240673,0.596656,0.740254
470,human,5,128,0,1.133440,0.927366,1.051114
470,human,6,128,0,1.071786,1.139390,1.221181
470,human,7,128,0,0.926962,1.879860,1.742559
470,human,8,128,0,0.906686,1.498089,1.358296
470,human,9,89,0,1.074740,1.052745,1.131428
470,lm,0,128,0,1.195114,0.781115,0.933521
470,lm,1,128,0,1.323952,0.630556,0.834826
470,lm,2,47,0,1.139837,1.232800,1.405191
6089,human,0,58,0,1.208113,0.903750,1.091832
6089,lm,0,10,0,1.058835,2.294843,2.429860
8643,human,0,33,0,1.099627,1.381588,1.519231
8643,lm,0,128,0,1.943289,0.207628,0.403482
8643,lm,1,128,0,1.574432,0.303708,0.478167
8643,lm,2,67,0,1.430660,0.489244,0.699942
578,human,0,36,0,1.113156,1.083644,1.206264
578,lm,0,49,0,1.198876,1.075415,1.289290
8171,human,0,32,0,1.209580,1.054819,1.275888
8171,lm,0,11,0,1.118256,1.282885,1.434594
8797,human,0,98,0,1.338957,0.703184,0.941533
8797,lm,0,32,0,1.210708,0.995955,1.205810
8696,human,0,30,0,1.086959,1.772906,1.927076
8696,lm,0,82,0,1.432747,0.494871,0.709024
5007,human,0,84,0,1.422631,0.536255,0.762893
5007,lm,0,11,0,1.073156,2.194020,2.354526
3988,human,0,46,0,1.445459,0.606888,0.877232
3988,lm,0,11,0,1.094514,2.530160,2.769294
8318,human,0,110,0,1.174335,0.668039,0.784501
8318,lm,0,51,0,1.207930,0.764644,0.923636
678,human,0,23,0,1.093959,1.453448,1.590012
678,lm,0,48,0,1.245200,0.717200,0.893057
1809,human,0,128,0,1.230649,0.570830,0.702491
1809,human,1,128,0,1.129189,1.019290,1.150972
1809,human,2,128,0,1.099972,0.907496,0.998221
1809,human,3,100,0,1.234801,0.612120,0.755847
1809,lm,0,34,0,1.102697,1.080656,1.191636
7988,human,0,128,0,1.371256,0.470975,0.645827
7988,human,1,128,0,1.104650,0.937228,1.035309
7988,human,2,128,0,0.994233,0.839485,0.834643
7988,human,3,97,0,1.082158,1.037983,1.123262
7988,lm,0,128,0,1.664923,0.395330,0.658193
7988,lm,1,14,0,1.122126,1.390018,1.559775
1985,human,0,21,0,1.157706,1.028658,1.190883
1985,lm,0,10,0,1.166885,1.214745,1.417468
4861,human,0,53,0,1.367643,0.819165,1.120325
4861,lm,0,13,0,1.155774,1.059472,1.224510
8469,human,0,29,0,1.254136,0.752480,0.943713
8469,lm,0,7,0,1.133022,1.076480,1.219675
1999,human,0,72,0,1.353963,0.548036,0.742021
1999,lm,0,128,0,1.653842,0.401198,0.663518
1999,lm,1,44,0,1.225795,1.025926,1.257574
1181,human,0,74,0,1.225740,0.813403,0.997020
1181,lm,0,103,0,1.484933,0.351547,0.522023
8208,human,0,128,0,1.144376,0.771106,0.882435
8208,human,1,21,0,1.032627,1.015300,1.048426
8208,lm,0,128,0,2.066707,0.208790,0.431509
8208,lm,1,128,0,1.810549,0.219467,0.397356
8208,lm,2,128,0,1.818084,0.248679,0.452120
8208,lm,3,59,0,1.476820,0.469357,0.693156
6693,human,0,128,0,1.486705,0.359931,0.535110
6693,human,1,128,0,1.176630,0.828579,0.974931
6693,human,2,128,0,1.090392,0.910019,0.992278
6693,human,3,128,0,1.079927,1.113051,1.202014
6693,human,4,128,0,1.032946,1.065746,1.100858
6693,human,5,37,0,1.006293,1.720580,1.731408
6693,lm,0,10,0,1.176963,1.579016,1.858443
6328,human,0,97,0,1.472116,0.494916,0.728573
6328,lm,0,128,0,1.666779,0.263209,0.438711
6328,lm,1,128,0,1.928532,0.191892,0.370069
6328,lm,2,113,0,1.852267,0.212310,0.393254
2476,human,0,68,0,1.235290,0.672750,0.831041
2476,lm,0,8,0,1.139862,1.829002,2.084809
3291,human,0,89,0,1.327954,0.553305,0.734763
3291,lm,0,10,0,1.101305,2.036090,2.242356
7250,human,0,128,0,1.265681,0.754671,0.955173
7250,human,1,47,0,1.284706,0.810650,1.041447
7250,lm,0,21,0,1.145478,1.033440,1.183783
571,human,0,37,0,1.253308,0.673354,0.843920
571,lm,0,27,0,1.200573,1.127762,1.353961
8762,human,0,57,0,1.357052,0.610443,0.828403
8762,lm,0,59,0,1.364895,0.664215,0.906584
973,human,0,27,0,1.167253,1.199322,1.399912
973,lm,0,10,0,1.087735,1.817316,1.976759
6305,human,0,47,0,1.241834,0.661160,0.821050
6305,lm,0,30,0,1.147092,1.382221,1.585535
6418,human,0,24,0,1.112715,1.254969,1.396423
6418,lm,0,24,0,1.221127,1.100337,1.343651
6183,human,0,128,0,1.130519,0.944536,1.067815
6183,human,1,113,0,1.019365,1.404499,1.431697
6183,lm,0,128,0,1.766189,0.241871,0.427190
6183,lm,1,128,0,1.957313,0.178486,0.349352
6183,lm,2,16,0,1.144864,1.528741,1.750201
1022,human,0,128,0,1.191000,0.804038,0.957609
1022,human,1,42,0,1.151342,1.149265,1.323197
1022,lm,0,73,0,1.454369,0.529384,0.769919
7099,human,0,128,0,1.220596,0.736396,0.898841
7099,human,1,128,0,1.257650,0.748505,0.941357
7099,human,2,71,0,1.074229,1.244262,1.336622
7099,lm,0,44,0,1.211192,0.819732,0.992853
164,human,0,27,0,1.083099,1.582374,1.713868
164,lm,0,8,0,1.098143,2.278899,2.502556
5992,human,0,90,0,1.086849,1.157844,1.258401
5992,lm,0,11,0,1.043309,1.781945,1.859119
524,human,0,24,0,1.092214,1.633234,1.783841
524,lm,0,9,0,0.966922,2.133909,2.063323
7290,human,0,55,0,1.097032,1.193559,1.309373
7290,lm,0,11,0,1.059751,2.362512,2.503675
4266,human,0,128,0,1.163365,0.894680,1.040840
4266,human,1,26,0,1.107159,1.473053,1.630904
4266,lm,0,17,0,1.090213,1.442050,1.572141
1678,human,0,69,0,1.306555,0.517300,0.675880
1678,lm,0,10,0,1.080292,1.660286,1.793594
4943,human,0,19,0,1.278654,0.856857,1.095623
4943,lm,0,6,0,1.056285,3.100370,3.274875
6271,human,0,128,0,1.132820,1.239096,1.403673
6271,human,1,77,0,1.131168,0.898435,1.016281
6271,lm,0,128,0,1.480193,0.421303,0.623610
6271,lm,1,40,0,1.111031,0.992976,1.103227
8404,human,0,42,0,1.384925,0.542736,0.751649
8404,lm,0,24,0,1.434726,0.541911,0.777494
1339,human,0,111,0,1.405468,0.665300,0.935058
1339,lm,0,52,0,1.604567,0.599300,0.961617
7336,human,0,105,0,1.283677,0.636253,0.816743
7336,lm,0,89,0,2.031212,0.068017,0.138157
249,human,0,90,0,1.352985,0.564862,0.764250
249,lm,0,10,0,1.079947,2.356872,2.545296
99,human,0,128,0,1.250072,0.865766,1.082270
99,human,1,128,0,1.219592,1.011265,1.233331
99,human,2,50,0,1.097596,1.646589,1.807289
99,lm,0,42,0,1.384803,0.476926,0.660449
7080,human,0,128,0,1.478282,0.379049,0.560342
7080,human,1,41,0,1.166589,0.967527,1.128706
7080,lm,0,31,0,1.341614,0.654002,0.877419
2682,human,0,38,0,1.228912,0.761459,0.935766
2682,lm,0,67,0,1.361745,0.611355,0.832510
2280,human,0,116,0,1.243732,0.486047,0.604513
2280,lm,0,128,0,1.415138,0.539340,0.763240
2280,lm,1,56,0,1.210124,0.899732,1.088787
2393,human,0,80,0,1.159848,1.097212,1.272599
2393,lm,0,128,0,1.686063,0.334474,0.563944
2393,lm,1,19,0,0.935987,2.032791,1.902665
7580,human,0,46,0,1.338114,0.688452,0.921228
7580,lm,0,128,0,1.768196,0.221672,0.391960
7580,lm,1,10,0,1.144070,1.495955,1.711477
5690,human,0,56,0,1.213607,0.766222,0.929892
5690,lm,0,13,0,1.136786,1.069290,1.215554
5365,human,0,128,0,1.155673,1.128959,1.304707
5365,human,1,128,0,1.203507,0.973523,1.171641
5365,human,2,89,0,1.038095,1.724193,1.789877
5365,lm,0,109,0,1.328206,0.692154,0.919323
8040,human,0,128,0,1.257527,0.690709,0.868586
8040,human,1,32,0,1.067557,1.555811,1.660916
8040,lm,0,25,0,1.155488,1.081436,1.249587
2078,human,0,128,0,1.357057,0.565466,0.767370
2078,human,1,116,0,1.243203,0.566103,0.703781
2078,lm,0,88,0,1.427159,0.489201,0.698168
7118,human,0,128,0,1.175345,0.996733,1.171505
7118,human,1,128,0,1.080540,1.042763,1.126747
7118,human,2,128,0,1.122838,1.116828,1.254017
7118,human,3,20,0,1.012555,2.416230,2.446567
7118,lm,0,10,0,1.046448,2.665772,2.789592
884,human,0,45,0,1.159251,0.801176,0.928764
884,lm,0,11,0,1.122655,1.844799,2.071073
5646,human,0,64,0,1.293589,0.477128,0.617207
5646,lm,0,66,0,1.637013,0.387834,0.634890
5068,human,0,63,0,1.220563,0.615867,0.751704
5068,lm,0,12,0,1.083585,1.510944,1.637237
619,human,0,64,0,1.269295,0.667847,0.847696
619,lm,0,48,0,1.618103,0.405485,0.656116
3592,human,0,128,0,1.120561,0.956707,1.072049
3592,human,1,28,0,1.089655,1.675537,1.825758
3592,lm,0,10,0,1.057710,2.304159,2.437133
5368,human,0,23,0,1.051502,1.553099,1.633086
5368,lm,0,11,0,1.067614,1.432393,1.529242
1321,human,0,128,0,1.197568,0.535526,0.641329
1321,human,1,128,0,1.200813,0.752791,0.903960
1321,human,2,128,0,1.244469,0.585194,0.728255
1321,human,3,2,0,1.020998,5.889565,6.013235
1321,lm,0,128,0,1.620740,0.286878,0.464955
1321,lm,1,128,0,1.633974,0.196349,0.320829
1321,lm,2,105,0,1.454344,0.246064,0.357862
7794,human,0,92,0,1.276226,0.614046,0.783662
7794,lm,0,10,0,1.051277,3.480183,3.658637
869,human,0,66,0,1.265039,0.539400,0.682362
869,lm,0,11,0,1.131220,1.053823,1.192106
2479,human,0,128,0,1.220142,0.578134,0.705405
2479,human,1,128,0,1.089010,0.648349,0.706059
2479,human,2,105,0,1.198263,0.757224,0.907354
2479,lm,0,128,0,1.209358,0.606214,0.733130
2479,lm,1,17,0,1.000656,1.898702,1.899947
1633,human,0,41,0,1.316937,0.447389,0.589184
1633,lm,0,23,0,1.296628,0.755560,0.979680
3247,human,0,84,0,1.459196,0.623146,0.909292
3247,lm,0,106,0,1.651248,0.377099,0.622683
1149,human,0,78,0,1.182545,0.686010,0.811238
1149,lm,0,128,0,2.564310,0.117575,0.301498
1149,lm,1,122,0,2.355287,0.130705,0.307849
7641,human,0,128,0,1.256960,0.783091,0.984315
7641,human,1,33,0,1.136097,1.004594,1.141316
7641,lm,0,35,0,1.417940,0.723287,1.025578
5488,human,0,36,0,1.127800,0.931874,1.050967
5488,lm,0,50,0,1.209127,1.178102,1.424475
4084,human,0,50,0,1.175058,0.728523,0.856057
4084,lm,0,44,0,1.216170,0.684915,0.832974
6648,human,0,100,0,1.238082,0.702618,0.869899
6648,lm,0,33,0,1.204490,0.960904,1.157400
617,human,0,13,0,1.086605,1.588975,1.726589
617,lm,0,26,0,1.274535,0.699826,0.891953
4590,human,0,128,0,1.333259,0.472027,0.629335
4590,human,1,51,0,1.077145,1.232677,1.327772
4590,lm,0,16,0,1.254356,0.917076,1.150339
2592,human,0,128,0,1.295886,0.657315,0.851806
2592,human,1,18,0,0.965706,2.899392,2.799960
2592,lm,0,128,0,1.824119,0.270790,0.493953
2592,lm,1,13,0,1.016413,2.303914,2.341727
1849,human,0,18,0,1.150967,1.017441,1.171041
1849,lm,0,18,0,1.343711,0.566044,0.760599
6979,human,0,128,0,1.214184,0.802059,0.973848
6979,human,1,128,0,1.104217,1.067048,1.178253
6979,human,2,118,0,1.083967,1.118793,1.212735
6979,lm,0,128,0,1.449804,0.512700,0.743315
6979,lm,1,121,0,1.298542,0.754020,0.979127
7314,human,0,84,0,1.278396,0.794301,1.015432
7314,lm,0,38,0,1.569221,0.450266,0.706567
8679,human,0,42,0,1.154622,1.006245,1.161834
8679,lm,0,128,0,1.389592,0.448485,0.623210
8679,lm,1,20,0,0.997052,2.309467,2.302659
4720,human,0,35,0,1.247328,0.760178,0.948191
4720,lm,0,34,0,1.266414,0.835525,1.058120
6444,human,0,114,0,1.201925,0.837074,1.006100
6444,lm,0,23,0,1.239672,0.894250,1.108577
8555,human,0,85,0,1.148389,0.708873,0.814063
8555,lm,0,81,0,1.535054,0.448844,0.689000
4797,human,0,128,0,1.210231,0.706067,0.854505
4797,human,1,74,0,1.275355,0.698777,0.891188
4797,lm,0,21,0,1.119569,1.073438,1.201787
4721,human,0,78,0,1.362768,0.452015,0.615992
4721,lm,0,128,0,2.091462,0.154768,0.323692
4721,lm,1,85,0,1.301615,0.407154,0.529958
550,human,0,41,0,1.194235,0.532636,0.636093
550,lm,0,95,0,1.618371,0.377665,0.611202
3770,human,0,82,0,1.367426,0.501381,0.685602
3770,lm,0,49,0,1.416292,0.540431,0.765408
386,human,0,128,0,1.287821,0.535363,0.689451
386,human,1,10,0,1.000118,3.921176,3.921637
386,lm,0,128,0,1.072172,0.769042,0.824546
386,lm,1,104,0,0.992063,0.976836,0.969083
5955,human,0,128,0,1.320172,0.516770,0.682225
5955,human,1,80,0,1.148323,1.229174,1.411489
5955,lm,0,56,0,1.305871,0.827294,1.080340
8490,human,0,18,0,1.160456,1.149514,1.333960
8490,lm,0,64,0,1.327695,0.574919,0.763316
1463,human,0,128,0,0.956248,1.058075,1.011783
1463,human,1,54,0,0.962860,1.941572,1.869462
1463,lm,0,37,0,1.298005,0.499274,0.648060
344,human,0,57,0,1.227912,0.701177,0.860984
344,lm,0,93,0,1.594738,0.306793,0.489254
2533,human,0,128,0,1.140063,1.036768,1.181981
2533,human,1,76,0,1.198048,0.865315,1.036689
2533,lm,0,50,0,1.315690,0.976505,1.284777
1587,human,0,128,0,1.370250,0.528839,0.724642
1587,human,1,128,0,1.163623,0.780558,0.908275
1587,human,2,128,0,1.337400,0.692634,0.926328
1587,human,3,128,0,1.299812,0.528976,0.687569
1587,human,4,80,0,1.167378,0.870423,1.016112
1587,lm,0,128,0,1.310473,0.541467,0.709578
1587,lm,1,126,0,1.262981,0.557145,0.703664
4750,human,0,128,0,1.188309,0.866711,1.029921
4750,human,1,128,0,1.083690,0.975831,1.057498
4750,human,2,128,0,1.038300,1.425627,1.480229
4750,human,3,128,0,0.991312,1.529069,1.515784
4750,human,4,128,0,0.969597,1.286672,1.247553
4750,human,5,128,0,0.845522,2.000991,1.691881
4750,human,6,24,0,1.082972,2.117540,2.293237
4750,lm,0,66,0,1.465842,0.579723,0.849783
7471,human,0,128,0,1.185817,0.779055,0.923817
7471,human,1,128,0,1.168067,0.878909,1.026625
7471,human,2,128,0,1.269925,0.560735,0.712092
7471,human,3,128,0,1.129976,0.995526,1.124920
7471,human,4,128,0,1.135912,0.813110,0.923622
7471,human,5,42,0,1.237139,0.886191,1.096342
7471,lm,0,85,0,1.401616,0.490005,0.686799
7643,human,0,128,0,1.383821,0.312698,0.432718
7643,human,1,30,0,1.261623,0.613993,0.774628
7643,lm,0,128,0,1.369417,0.480479,0.657976
7643,lm,1,128,0,1.477789,0.257610,0.380693
7643,lm,2,89,0,1.311064,0.465971,0.610918
4687,human,0,97,0,1.234958,0.676397,0.835322
4687,lm,0,123,0,2.047379,0.240563,0.492524
5122,human,0,128,0,1.393690,0.630955,0.879355
5122,human,1,128,0,1.228326,0.692869,0.851069
5122,human,2,128,0,1.245947,0.625097,0.778837
5122,human,3,26,0,1.100242,1.659299,1.825631
5122,lm,0,71,0,1.396632,0.521926,0.728939
1240,human,0,122,0,1.455360,0.504739,0.734578
1240,lm,0,128,0,1.941829,0.226699,0.440211
1240,lm,1,128,0,1.773430,0.144220,0.255765
1240,lm,2,63,0,1.419712,0.274290,0.389413
758,human,0,109,0,1.354266,0.625430,0.846998
758,lm,0,128,0,1.611324,0.392437,0.632343
758,lm,1,110,0,1.303201,0.587236,0.765287
864,human,0,34,0,1.321342,0.657373,0.868614
864,lm,0,11,0,1.123708,1.807176,2.030738
6462,human,0,28,0,1.105199,1.445356,1.597405
6462,lm,0,10,0,1.049856,3.253474,3.415680
7104,human,0,128,0,1.446221,0.498547,0.721009
7104,human,1,26,0,1.197546,1.309083,1.567688
7104,lm,0,116,0,1.745995,0.249243,0.435178
6144,human,0,29,0,1.279100,0.869528,1.112213
6144,lm,0,54,0,1.454450,0.548310,0.797490
472,human,0,128,0,1.409992,0.424930,0.599148
472,human,1,41,0,1.211048,0.779551,0.944073
472,lm,0,58,0,1.589978,0.281561,0.447675
5377,human,0,39,0,1.175392,0.679704,0.798919
5377,lm,0,128,0,1.466041,0.325788,0.477619
5377,lm,1,40,0,1.315306,0.387445,0.509609
6273,human,0,41,0,1.149209,0.978981,1.125053
6273,lm,0,40,0,1.448930,0.812816,1.177713
6136,human,0,128,0,1.466178,0.395908,0.580472
6136,human,1,88,0,1.216440,0.560472,0.681781
6136,lm,0,31,0,1.203281,0.694718,0.835940
1785,human,0,128,0,1.320313,0.668257,0.882308
1785,human,1,128,0,1.230509,0.722244,0.888728
1785,human,2,59,0,1.146413,0.978942,1.122272
1785,lm,0,118,0,2.024345,0.241085,0.488039
1770,human,0,20,0,1.222203,0.878332,1.073500
1770,lm,0,25,0,1.215848,0.819387,0.996251
5037,human,0,33,0,1.157453,1.301271,1.506161
5037,lm,0,60,0,1.171385,1.345392,1.575971
690,human,0,21,0,1.118125,1.160478,1.297559
690,lm,0,128,0,1.401458,0.343292,0.481109
690,lm,1,51,0,0.995819,1.003612,0.999416
1180,human,0,25,0,1.123836,1.018335,1.144442
1180,lm,0,13,0,1.202537,1.219749,1.466793
2246,human,0,113,0,1.372782,0.582351,0.799441
2246,lm,0,101,0,1.584012,0.439047,0.695455
2175,human,0,16,0,1.254001,0.758938,0.951710
2175,lm,0,16,0,1.335723,0.588127,0.785575
7157,human,0,97,0,1.417984,0.442661,0.627686
7157,lm,0,6,0,1.100600,2.034161,2.238798
8217,human,0,88,0,1.219633,0.837596,1.021560
8217,lm,0,34,0,1.219708,1.021046,1.245377
1998,human,0,128,0,1.185029,0.707771,0.838729
1998,human,1,128,0,1.218615,0.736120,0.897046
1998,human,2,25,0,1.076102,0.989144,1.064419
1998,lm,0,25,0,1.211845,0.586664,0.710946
3384,human,0,87,0,1.249276,0.546745,0.683036
3384,lm,0,12,0,1.110917,1.002951,1.114195
8921,human,0,14,0,1.165568,1.190545,1.387661
8921,lm,0,12,0,1.129817,1.754243,1.981974
5162,human,0,16,0,1.072428,1.239466,1.329238
5162,lm,0,47,0,1.377840,0.268755,0.370301
1450,human,0,128,0,1.324393,0.845142,1.119300
1450,human,1,128,0,1.292318,0.695098,0.898287
1450,human,2,33,0,1.138699,1.208955,1.376636
1450,lm,0,82,0,1.327945,0.667998,0.887065
6469,human,0,78,0,1.289617,0.591411,0.762694
6469,lm,0,57,0,1.280811,0.619953,0.794043
2407,human,0,128,0,1.202554,0.747151,0.898490
2407,human,1,10,0,1.138277,2.362998,2.689745
2407,lm,0,35,0,1.226084,0.835148,1.023961
957,human,0,128,0,1.238169,0.692865,0.857884
957,human,1,128,0,1.095542,1.155931,1.266371
957,human,2,128,0,1.216119,0.938426,1.141238
957,human,3,128,0,1.084959,1.431220,1.552816
957,human,4,128,0,1.051107,1.461711,1.536414
957,human,5,121,0,1.016683,1.880708,1.912084
957,lm,0,43,0,1.216071,0.898639,1.092808
4047,human,0,78,0,1.179253,0.750913,0.885516
4047,lm,0,44,0,1.192537,0.909580,1.084709
7384,human,0,68,0,1.391231,0.628633,0.874573
7384,lm,0,23,0,1.236202,0.795949,0.983954
4872,human,0,128,0,1.135705,0.764471,0.868213
4872,human,1,64,0,1.106022,0.999120,1.105048
4872,lm,0,128,0,1.788250,0.248121,0.443702
4872,lm,1,128,0,1.806272,0.164530,0.297186
4872,lm,2,61,0,1.369103,0.402763,0.551423
8285,human,0,14,0,1.022761,1.851474,1.893615
8285,lm,0,91,0,1.375833,0.448188,0.616632
7034,human,0,28,0,1.292325,0.936955,1.210850
7034,lm,0,9,0,1.084901,1.408474,1.528054
668,human,0,109,0,1.348427,0.473199,0.638074
668,lm,0,46,0,1.564006,0.195035,0.305036
8890,human,0,13,0,1.209194,1.203377,1.455116
8890,lm,0,18,0,1.183822,0.801683,0.949050
3218,human,0,128,0,1.460042,0.475007,0.693531
3218,human,1,128,0,1.218970,0.758202,0.924226
3218,human,2,128,0,1.174069,0.748266,0.878516
3218,human,3,128,0,1.088175,0.943716,1.026929
3218,human,4,128,0,1.195331,0.795754,0.951189
3218,human,5,97,0,1.337176,0.616240,0.824022
3218,lm,0,128,0,1.949838,0.254291,0.495827
3218,lm,1,128,0,1.875995,0.227210,0.426246
3218,lm,2,128,0,2.048518,0.209281,0.428715
3218,lm,3,128,0,1.504874,0.415786,0.625706
3218,lm,4,26,0,1.118568,1.052704,1.177521
1327,human,0,31,0,1.119126,1.153277,1.290662
1327,lm,0,7,0,1.056481,2.754343,2.909910
5347,human,0,31,0,1.222529,0.577780,0.706353
5347,lm,0,64,0,1.469326,0.439863,0.646303
7985,human,0,128,0,1.156245,0.972956,1.124975
7985,human,1,128,0,1.077279,1.303061,1.403760
7985,human,2,128,0,1.165341,0.687326,0.800969
7985,human,3,128,0,1.143975,0.826534,0.945534
7985,human,4,128,0,1.132284,1.010808,1.144522
7985,human,5,14,0,1.010917,2.962078,2.994413
7985,lm,0,9,0,0.893513,5.397374,4.822624
163,human,0,128,0,1.376447,0.469272,0.645928
163,human,1,107,0,1.345451,0.559506,0.752788
163,lm,0,64,0,1.680856,0.212519,0.357214
3336,human,0,72,0,1.233707,0.952076,1.174582
3336,lm,0,49,0,1.270435,0.835835,1.061874
4992,human,0,60,0,1.366365,0.469594,0.641637
4992,lm,0,30,0,1.317461,0.628992,0.828673
4464,human,0,128,0,1.127279,1.122281,1.265124
4464,human,1,128,0,1.115809,1.030653,1.150012
4464,human,2,128,0,1.043862,1.558676,1.627043
4464,human,3,128,0,1.010752,1.641307,1.658953
4464,human,4,128,0,1.047405,1.493097,1.563877
4464,human,5,128,0,1.207564,0.927528,1.120049
4464,human,6,30,0,1.161047,1.508167,1.751053
4464,lm,0,47,0,1.244392,0.767619,0.955219
1026,human,0,38,0,1.135733,0.992007,1.126656
1026,lm,0,28,0,1.319296,0.679914,0.897008
2656,human,0,30,0,1.099824,1.249921,1.374693
2656,lm,0,31,0,1.219966,0.977886,1.192988
793,human,0,27,0,1.163528,1.132641,1.317859
793,lm,0,21,0,1.166913,1.292940,1.508749
2597,human,0,46,0,1.194851,0.741960,0.886532
2597,lm,0,85,0,1.422655,0.540352,0.768734
7332,human,0,53,0,1.081204,1.733757,1.874545
7332,lm,0,41,0,1.156661,1.108188,1.281797
6987,human,0,47,0,1.141445,1.054956,1.204174
6987,lm,0,25,0,1.074072,1.050038,1.127816
5312,human,0,72,0,1.306107,0.856143,1.118214
5312,lm,0,104,0,1.613055,0.378515,0.610566
6455,human,0,96,0,1.146074,0.946194,1.084409
6455,lm,0,12,0,1.049972,1.891937,1.986480
2774,human,0,128,0,1.354557,0.697571,0.944899
2774,human,1,128,0,1.124198,1.175014,1.320948
2774,human,2,15,0,1.066372,2.360280,2.516937
2774,lm,0,37,0,1.290449,0.850709,1.097797
8402,human,0,67,0,1.223099,0.637624,0.779877
8402,lm,0,97,0,1.579202,0.376410,0.594428
4925,human,0,128,0,1.206086,0.746491,0.900333
4925,human,1,128,0,1.134053,0.872552,0.989521
4925,human,2,128,0,1.015375,1.024766,1.040522
4925,human,3,126,0,1.246535,0.529145,0.659597
4925,lm,0,46,0,1.511881,0.668909,1.011310
3682,human,0,128,0,1.182109,0.711511,0.841083
3682,human,1,23,0,1.013285,1.961279,1.987336
3682,lm,0,59,0,1.349984,0.494308,0.667308
6561,human,0,36,0,1.268720,0.663205,0.841421
6561,lm,0,52,0,1.310615,0.771865,1.011618
2738,human,0,41,0,1.077614,1.255382,1.352817
2738,lm,0,79,0,1.458903,0.466806,0.681025
1448,human,0,39,0,1.687433,0.579526,0.977911
1448,lm,0,51,0,1.873995,0.331376,0.620998
1685,human,0,128,0,1.049400,0.991786,1.040780
1685,human,1,128,0,1.069162,0.962834,1.029425
1685,human,2,128,0,1.157955,1.001323,1.159487
1685,human,3,30,0,1.208545,1.335122,1.613554
1685,lm,0,10,0,1.179746,1.579015,1.862837
1223,human,0,21,0,1.114414,1.290352,1.437986
1223,lm,0,10,0,1.266694,1.606547,2.035003
8595,human,0,32,0,1.149745,0.943854,1.085191
8595,lm,0,12,0,1.153343,1.189130,1.371474
7222,human,0,47,0,1.164085,0.997294,1.160935
7222,lm,0,18,0,1.038592,2.387059,2.479181
800,human,0,13,0,1.185522,0.942577,1.117446
800,lm,0,10,0,1.071650,2.062137,2.209888
8062,human,0,128,0,1.244543,0.628488,0.782181
8062,human,1,128,0,1.088817,0.842956,0.917825
8062,human,2,128,0,1.143123,0.966413,1.104730
8062,human,3,128,0,1.152197,0.770090,0.887295
8062,human,4,47,0,1.117663,1.553387,1.736162
8062,lm,0,36,0,1.323651,0.834199,1.104188
2089,human,0,15,0,1.053212,2.144752,2.258879
2089,lm,0,33,0,1.339641,0.678304,0.908684
279,human,0,128,0,1.222674,0.731926,0.894907
279,human,1,128,0,1.191851,0.581104,0.692589
279,human,2,42,0,1.107293,1.158120,1.282379
279,lm,0,24,0,1.230930,1.177385,1.449279
3904,human,0,128,0,1.202841,0.807420,0.971198
3904,human,1,111,0,1.156532,0.809195,0.935860
3904,lm,0,9,0,1.001851,2.409820,2.414280
6493,human,0,111,0,1.260886,0.665361,0.838945
6493,lm,0,20,0,1.162592,0.745287,0.866465
5991,human,0,128,0,1.367052,0.480206,0.656467
5991,human,1,24,0,1.150627,0.872633,1.004075
5991,lm,0,9,0,1.058257,1.790374,1.894675
7519,human,0,97,0,1.127396,0.962313,1.084908
7519,lm,0,12,0,1.086837,2.647216,2.877092
7948,human,0,128,0,1.305575,0.539165,0.703920
7948,human,1,21,0,1.053005,1.622348,1.708341
7948,lm,0,10,0,1.051836,2.207000,2.321401
896,human,0,80,0,1.218546,0.968785,1.180509
896,lm,0,67,0,1.389182,0.703282,0.976986
8248,human,0,30,0,1.260035,0.843941,1.063395
8248,lm,0,46,0,1.205013,0.971654,1.170856
1599,human,0,103,0,1.189559,0.693007,0.824372
1599,lm,0,118,0,2.010131,0.251613,0.505775
6107,human,0,128,0,1.161454,0.739533,0.858933
6107,human,1,128,0,1.111910,0.816061,0.907387
6107,human,2,128,0,1.088381,0.775669,0.844223
6107,human,3,7,0,0.988384,4.298881,4.248946
6107,lm,0,103,0,1.615807,0.261799,0.423017
2953,human,0,128,0,1.199763,0.731658,0.877817
2953,human,1,128,0,1.207034,0.897876,1.083767
2953,human,2,128,0,1.191678,0.917520,1.093388
2953,human,3,128,0,1.090954,0.744964,0.812722
2953,human,4,12,0,1.135695,1.489943,1.692121
2953,lm,0,17,0,1.147215,1.314468,1.507976
7990,human,0,128,0,1.384559,0.524764,0.726567
7990,lm,0,12,0,1.295007,0.905933,1.173190
898,human,0,42,0,1.422537,0.380455,0.541211
898,lm,0,128,0,2.196697,0.091548,0.201103
898,lm,1,94,0,1.648673,0.160850,0.265190
3601,human,0,128,0,1.198373,0.735376,0.881255
3601,human,1,43,0,0.892619,1.020933,0.911304
3601,lm,0,46,0,1.387393,0.827742,1.148404
1446,human,0,13,0,1.205561,0.763440,0.920374
1446,lm,0,43,0,1.656402,0.341196,0.565158
6333,human,0,39,0,1.152703,1.012719,1.167363
6333,lm,0,18,0,1.077554,1.310471,1.412103
5217,human,0,88,0,1.124735,1.095485,1.232131
5217,lm,0,44,0,1.302092,0.798324,1.039492
5768,human,0,31,0,1.253352,0.813377,1.019448
5768,lm,0,10,0,1.050262,2.318409,2.434936
5223,human,0,93,0,1.115856,1.175792,1.312014
5223,lm,0,10,0,1.055862,3.122732,3.297173
5705,human,0,62,0,1.212091,0.919624,1.114668
5705,lm,0,96,0,1.560295,0.424158,0.661812
5119,human,0,9,0,1.065085,1.400068,1.491191
5119,lm,0,9,0,1.066129,1.400068,1.492652
7453,human,0,87,0,1.473580,0.399005,0.587966
7453,lm,0,104,0,1.558330,0.529019,0.824385
8073,human,0,56,0,1.216646,0.704756,0.857439
8073,lm,0,128,0,1.466348,0.393027,0.576314
8073,lm,1,43,0,1.341670,0.736185,0.987718
8584,human,0,128,0,1.340704,0.503103,0.674512
8584,human,1,14,0,0.991239,2.428975,2.407696
8584,lm,0,83,0,1.361864,0.545150,0.742419
8268,human,0,82,0,1.325042,0.591448,0.783693
8268,lm,0,29,0,1.590925,0.338411,0.538386
4419,human,0,20,0,1.117338,1.246939,1.393252
4419,lm,0,28,0,1.276214,0.652553,0.832797
5928,human,0,128,0,1.183726,0.932100,1.103350
5928,human,1,128,0,1.112903,0.708027,0.787966
5928,human,2,112,0,1.153279,0.807142,0.930860
5928,lm,0,9,0,1.070049,2.290889,2.451362
5370,human,0,72,0,1.289271,0.322330,0.415571
5370,lm,0,37,0,1.622549,0.217589,0.353048
3690,human,0,92,0,1.316751,0.688533,0.906626
3690,lm,0,10,0,1.062782,2.431203,2.583840
8244,human,0,128,0,1.079894,1.119679,1.209135
8244,human,1,128,0,1.128056,0.976161,1.101164
8244,human,2,83,0,1.078001,1.121930,1.209442
8244,lm,0,90,0,1.602653,0.395077,0.633171
6525,human,0,128,0,1.304713,0.691402,0.902081
6525,human,1,58,0,1.043397,1.215113,1.267845
6525,lm,0,46,0,1.362297,0.631319,0.860043
8972,human,0,128,0,1.209090,0.798297,0.965213
8972,human,1,128,0,1.151998,0.861600,0.992561
8972,human,2,128,0,1.137150,0.890376,1.012491
8972,human,3,76,0,1.245200,0.841270,1.047550
8972,lm,0,57,0,1.270852,0.830737,1.055744
5939,human,0,67,0,1.269147,0.651123,0.826370
5939,lm,0,60,0,1.288789,0.694223,0.894707
2061,human,0,128,0,1.163248,0.784220,0.912242
2061,human,1,42,0,1.112532,1.360088,1.513141
2061,lm,0,68,0,1.482888,0.410187,0.608262
7311,human,0,128,0,1.121068,0.981874,1.100747
7311,human,1,122,0,1.182386,0.706996,0.835942
7311,lm,0,128,0,1.385919,0.623493,0.864111
7311,lm,1,128,0,1.430281,0.631083,0.902625
7311,lm,2,128,0,1.634371,0.449470,0.734601
7311,lm,3,79,0,1.433180,0.658609,0.943905
6398,human,0,24,0,1.167484,0.938450,1.095625
6398,lm,0,25,0,1.120809,1.194572,1.338886
7065,human,0,128,0,1.322516,0.517720,0.684692
7065,human,1,49,0,1.109998,1.759098,1.952594
7065,lm,0,37,0,1.375135,0.808211,1.111398
426,human,0,128,0,1.169517,0.911296,1.065776
426,human,1,128,0,1.190203,1.085299,1.291726
426,human,2,128,0,1.139014,0.870384,0.991379
426,human,3,128,0,1.105443,1.483888,1.640354
426,human,4,128,0,1.118204,0.697855,0.780345
426,human,5,103,0,1.132632,0.943822,1.069002
426,lm,0,128,0,1.948341,0.331743,0.646349
426,lm,1,128,0,1.648267,0.407816,0.672189
426,lm,2,128,0,1.559763,0.429297,0.669601
426,lm,3,128,0,1.662063,0.433049,0.719754
426,lm,4,128,0,1.633677,0.423666,0.692134
426,lm,5,128,0,1.596897,0.447258,0.714224
426,lm,6,128,0,1.666150,0.427598,0.712443
426,lm,7,40,0,1.164751,1.297787,1.511598
876,human,0,128,0,1.104692,1.050959,1.160986
876,human,1,88,0,1.086539,1.065929,1.158173
876,lm,0,10,0,1.051505,2.353205,2.474407
7961,human,0,89,0,1.308829,0.618378,0.809351
7961,lm,0,36,0,1.181596,0.798004,0.942919
5272,human,0,92,0,1.307959,0.593114,0.775769
5272,lm,0,90,0,1.232603,0.658665,0.811873
8636,human,0,60,0,1.465439,0.550119,0.806165
8636,lm,0,11,0,1.175004,1.063125,1.249176
5757,human,0,60,0,1.175931,0.911934,1.072371
5757,lm,0,10,0,1.046967,2.745203,2.874137
972,human,0,76,0,1.181314,1.142430,1.349569
972,lm,0,17,0,1.156183,1.676797,1.938684
4182,human,0,127,0,1.153067,0.728962,0.840542
4182,lm,0,103,0,1.450712,0.396928,0.575828
1206,human,0,128,0,1.095376,1.244181,1.362847
1206,human,1,128,0,1.120225,1.097887,1.229880
1206,human,2,128,0,1.246846,0.562817,0.701746
1206,human,3,26,0,1.051108,1.831558,1.925165
1206,lm,0,128,0,1.548353,0.226882,0.351294
1206,lm,1,128,0,1.571532,0.211143,0.331817
1206,lm,2,32,0,1.184365,0.960374,1.137434
7851,human,0,128,0,1.248500,0.522671,0.652555
7851,human,1,128,0,1.039467,1.039053,1.080062
7851,human,2,57,0,1.092805,0.758779,0.829197
7851,lm,0,97,0,1.267645,0.518197,0.656890
1736,human,0,24,0,1.167059,0.871099,1.016624
1736,lm,0,12,0,1.131420,1.019240,1.153188
6935,human,0,16,0,1.059910,1.559066,1.652470
6935,lm,0,6,0,1.034800,2.738566,2.833869
3474,human,0,113,0,1.219557,0.647833,0.790069
3474,lm,0,67,0,1.517441,0.333455,0.505998
6879,human,0,128,0,1.870216,0.176316,0.329749
6879,human,1,6,0,1.101285,2.393524,2.635951
6879,lm,0,128,0,1.635507,0.263950,0.431692
6879,lm,1,18,0,1.154207,1.526757,1.762194
4176,human,0,39,0,1.178288,1.148931,1.353772
4176,lm,0,57,0,1.373583,0.636594,0.874415
5579,human,0,24,0,1.167182,0.816139,0.952583
5579,lm,0,24,0,1.108711,0.865888,0.960019
8181,human,0,81,0,1.406560,0.683864,0.961896
8181,lm,0,12,0,1.172351,2.184959,2.561539
8407,human,0,122,0,1.231741,0.645471,0.795052
8407,lm,0,10,0,1.042021,2.473426,2.577361
2376,human,0,41,0,1.084918,1.355968,1.471114
2376,lm,0,11,0,1.069178,0.923360,0.987236
6206,human,0,128,0,1.579295,0.325092,0.513416
6206,human,1,36,0,1.087623,1.527112,1.660921
6206,lm,0,128,0,2.409342,0.131605,0.317081
6206,lm,1,4,0,1.203643,1.216651,1.464414
5643,human,0,128,0,1.154837,1.000858,1.155828
5643,human,1,128,0,1.225180,0.559570,0.685574
5643,human,2,128,0,1.083496,0.869893,0.942525
5643,human,3,128,0,1.122416,0.987124,1.107964
5643,human,4,128,0,1.075998,0.864646,0.930357
5643,human,5,128,0,1.080772,1.120790,1.211318
5643,human,6,128,0,1.122058,0.692825,0.777389
5643,human,7,128,0,1.067302,0.656810,0.701015
5643,human,8,51,0,1.183821,0.999901,1.183704
5643,lm,0,85,0,1.485689,0.443246,0.658526
7464,human,0,80,0,1.250287,0.776409,0.970734
7464,lm,0,52,0,1.416099,0.612043,0.866713
3744,human,0,128,0,1.249572,0.716810,0.895707
3744,human,1,111,0,1.251555,0.710660,0.889430
3744,lm,0,119,0,1.414583,0.533431,0.754583
7469,human,0,31,0,1.059159,1.720310,1.822082
7469,lm,0,10,0,1.006592,2.242069,2.256848
1896,human,0,128,0,1.315747,0.476626,0.627119
1896,human,1,17,0,1.057057,1.507695,1.593719
1896,lm,0,20,0,1.316936,0.565213,0.744349
4295,human,0,87,0,1.252556,0.609593,0.763550
4295,lm,0,128,0,1.779087,0.321515,0.572003
4295,lm,1,36,0,1.300777,1.002722,1.304318
389,human,0,40,0,1.198083,0.874017,1.047145
389,lm,0,26,0,1.118386,1.153852,1.290452
2748,human,0,128,0,1.383108,0.349368,0.483214
2748,human,1,115,0,1.271663,0.723246,0.919725
2748,lm,0,64,0,1.474432,0.352395,0.519582
462,human,0,51,0,1.292443,0.636540,0.822692
462,lm,0,11,0,1.085554,1.367547,1.484546
1143,human,0,128,0,1.429406,0.422362,0.603727
1143,human,1,11,0,1.061520,2.323519,2.466462
1143,lm,0,36,0,1.333967,0.559708,0.746632
3186,human,0,103,0,1.214045,0.891052,1.081777
3186,lm,0,10,0,1.088001,1.310741,1.426087
8296,human,0,113,0,1.124723,0.916389,1.030684
8296,lm,0,128,0,1.244102,0.741786,0.922858
8296,lm,1,61,0,1.062070,1.194722,1.268878
810,human,0,128,0,1.359157,0.500264,0.679938
810,human,1,128,0,1.371165,0.707757,0.970452
810,human,2,65,0,1.334305,0.769764,1.027100
810,lm,0,107,0,1.434699,0.375097,0.538151
2910,human,0,57,0,1.261108,0.679747,0.857234
2910,lm,0,58,0,1.488062,0.465496,0.692686
1706,human,0,26,0,1.231452,0.834062,1.027108
1706,lm,0,11,0,1.146927,1.736348,1.991464
653,human,0,128,0,1.082519,1.148446,1.243214
653,human,1,59,0,1.085113,1.292570,1.402585
653,lm,0,40,0,1.194480,0.653485,0.780575
2515,human,0,128,0,1.245096,0.813003,1.012266
2515,human,1,128,0,1.196760,1.024241,1.225771
2515,human,2,113,0,1.155708,1.014686,1.172681
2515,lm,0,128,0,1.558043,0.361104,0.562616
2515,lm,1,60,0,1.035981,1.366166,1.415323
5498,human,0,55,0,1.492894,0.396926,0.592568
5498,lm,0,81,0,1.574114,0.334161,0.526007
5138,human,0,24,0,1.452660,0.724204,1.052022
5138,lm,0,7,0,1.211624,1.401104,1.697612
7684,human,0,9,0,1.091718,0.925947,1.010873
7684,lm,0,12,0,1.261525,0.589679,0.743894
3029,human,0,70,0,1.250914,0.711444,0.889955
3029,lm,0,104,0,1.486902,0.480542,0.714518
1329,human,0,34,0,1.298650,0.926673,1.203424
1329,lm,0,10,0,1.073786,1.422977,1.527972
815,human,0,12,0,1.195112,1.074585,1.284249
815,lm,0,7,0,1.104757,1.689604,1.866602
4840,human,0,76,0,1.229734,0.704558,0.866419
4840,lm,0,88,0,1.337262,0.637546,0.852566
307,human,0,114,0,1.300234,0.529220,0.688110
307,lm,0,35,0,1.306485,0.707522,0.924367
8997,human,0,27,0,1.431117,0.421789,0.603629
8997,lm,0,9,0,1.218297,0.736341,0.897083
2047,human,0,128,0,1.103888,1.164374,1.285338
2047,human,1,128,0,0.954149,1.197137,1.142247
2047,human,2,128,0,0.935485,1.684460,1.575788
2047,human,3,128,0,1.065264,1.091054,1.162260
2047,human,4,128,0,1.105442,0.991244,1.095762
2047,human,5,110,0,1.116531,0.929751,1.038096
2047,lm,0,9,0,1.020446,1.822654,1.859920
4705,human,0,91,0,1.344039,0.448221,0.602426
4705,lm,0,102,0,1.888709,0.275386,0.520124
1576,human,0,23,0,1.141143,1.415787,1.615615
1576,lm,0,10,0,1.115661,1.202338,1.341401
5264,human,0,121,0,1.468546,0.344794,0.506346
5264,lm,0,128,0,2.093110,0.140627,0.294347
5264,lm,1,8,0,1.111943,2.152523,2.393484
376,human,0,128,0,1.105480,0.950436,1.050688
376,human,1,128,0,1.032526,1.252188,1.292916
376,human,2,23,0,1.170331,1.391123,1.628074
376,lm,0,97,0,1.557366,0.234334,0.364944
8455,human,0,60,0,1.068424,1.055344,1.127555
8455,lm,0,128,0,1.511384,0.411098,0.621327
8455,lm,1,128,0,1.107952,1.019611,1.129680
8455,lm,2,16,0,1.293411,1.188736,1.537524
7062,human,0,70,0,1.251362,0.676359,0.846370
7062,lm,0,7,0,1.122656,1.442155,1.619044
4110,human,0,128,0,1.373615,0.454986,0.624975
4110,human,1,53,0,1.183335,0.718043,0.849685
4110,lm,0,128,0,1.674911,0.403774,0.676286
4110,lm,1,13,0,1.175553,1.803195,2.119751
1856,human,0,128,0,1.158648,0.841106,0.974546
1856,human,1,82,0,1.101190,1.076399,1.185320
1856,lm,0,46,0,1.182120,0.888853,1.050731
3023,human,0,50,0,1.197061,0.797906,0.955142
3023,lm,0,128,0,1.491349,0.453117,0.675756
3023,lm,1,24,0,1.090884,1.199381,1.308386
7261,human,0,34,0,1.662974,0.438916,0.729905
7261,lm,0,11,0,1.237105,0.740862,0.916524
4050,human,0,82,0,1.239459,0.930142,1.152873
4050,lm,0,48,0,1.232798,0.924851,1.140155
8612,human,0,128,0,1.367326,0.446190,0.610087
8612,human,1,81,0,1.315840,0.767022,1.009278
8612,lm,0,128,0,1.524978,0.291853,0.445070
8612,lm,1,99,0,1.589966,0.226917,0.360790
6977,human,0,128,0,1.134759,0.969842,1.100537
6977,human,1,128,0,1.049592,1.516575,1.591785
6977,human,2,60,0,1.112413,1.191188,1.325093
6977,lm,0,64,0,1.552680,0.340960,0.529402
1700,human,0,64,0,1.384351,0.567883,0.786149
1700,lm,0,14,0,1.150533,1.578600,1.816232
2904,human,0,128,0,1.222740,0.533329,0.652123
2904,human,1,78,0,1.068689,1.227937,1.312282
2904,lm,0,6,0,1.002801,2.860467,2.868480
4156,human,0,16,0,1.101078,1.744492,1.920821
4156,lm,0,47,0,1.615195,0.434894,0.702439
4283,human,0,80,0,1.260901,0.695580,0.877057
4283,lm,0,50,0,1.460341,0.548250,0.800632
6491,human,0,90,0,1.349886,0.532797,0.719216
6491,lm,0,128,0,1.337483,0.580373,0.776239
6491,lm,1,84,0,1.276943,0.791245,1.010375
5390,human,0,128,0,1.424556,0.416800,0.593754
5390,human,1,21,0,1.099801,1.582264,1.740175
5390,lm,0,36,0,1.242275,0.860011,1.068370
6330,human,0,128,0,1.181899,0.796193,0.941019
6330,human,1,128,0,1.181042,0.682419,0.805966
6330,human,2,103,0,1.094262,1.146312,1.254365
6330,lm,0,75,0,1.360641,0.368520,0.501423
8588,human,0,128,0,1.280371,0.548841,0.702720
8588,human,1,55,0,1.170086,1.011412,1.183439
8588,lm,0,49,0,1.483454,0.597653,0.886590
5762,human,0,40,0,1.175663,0.881236,1.036037
5762,lm,0,11,0,1.118128,1.192652,1.333538
7484,human,0,43,0,1.203180,0.810666,0.975377
7484,lm,0,10,0,1.059847,2.654208,2.813055
3404,human,0,33,0,1.077782,1.111537,1.197994
3404,lm,0,10,0,1.028425,1.547472,1.591459
6836,human,0,62,0,1.124112,1.162010,1.306230
6836,lm,0,25,0,1.212174,0.542534,0.657646
1769,human,0,128,0,1.240256,0.618677,0.767318
1769,human,1,73,0,0.987554,1.660116,1.639455
1769,lm,0,111,0,1.690546,0.289027,0.488614
8992,human,0,54,0,1.328281,0.677387,0.899760
8992,lm,0,84,0,1.977325,0.228939,0.452687
8284,human,0,128,0,1.238247,0.710297,0.879523
8284,human,1,22,0,0.990773,2.110627,2.091152
8284,lm,0,128,0,1.523642,0.323785,0.493333
8284,lm,1,128,0,1.386867,0.311533,0.432055
8284,lm,2,128,0,1.259571,0.455960,0.574314
8284,lm,3,110,0,1.376422,0.422444,0.581461
345,human,0,59,0,1.423467,0.410092,0.583753
345,lm,0,44,0,1.296589,0.763769,0.990294
7979,human,0,89,0,1.408554,0.499242,0.703209
7979,lm,0,70,0,1.679390,0.313189,0.525966
8279,human,0,78,0,1.519564,0.426838,0.648608
8279,lm,0,54,0,1.557729,0.412991,0.643328
6624,human,0,79,0,1.207584,0.719457,0.868805
6624,lm,0,43,0,1.421390,0.535275,0.760834
1764,human,0,128,0,1.306516,0.613046,0.800954
1764,human,1,103,0,1.393286,0.424513,0.591468
1764,lm,0,128,0,1.383781,0.537146,0.743293
1764,lm,1,24,0,1.176299,0.649727,0.764273
29,human,0,128,0,1.161731,0.831035,0.965439
29,human,1,128,0,1.133807,0.902097,1.022804
29,human,2,128,0,1.129262,0.862320,0.973785
29,human,3,128,0,1.141283,1.039055,1.185856
29,human,4,127,0,1.145715,0.934977,1.071217
29,lm,0,67,0,1.482272,0.473280,0.701529
2710,human,0,34,0,1.257110,0.765228,0.961976
2710,lm,0,13,0,1.115166,1.199822,1.338001
3036,human,0,75,0,1.637308,0.392814,0.643158
3036,lm,0,77,0,1.663138,0.340792,0.566784
2503,human,0,47,0,1.147623,1.170156,1.342898
2503,lm,0,42,0,1.422037,0.592659,0.842783
725,human,0,128,0,1.188796,0.814003,0.967684
725,human,1,84,0,1.198078,1.228569,1.471922
725,lm,0,15,0,1.076840,1.605731,1.729116
2963,human,0,128,0,1.263667,0.599673,0.757787
2963,human,1,47,0,1.131794,0.707943,0.801245
2963,lm,0,8,0,1.130394,1.061886,1.200350
56,human,0,128,0,1.246615,0.490394,0.611332
56,human,1,128,0,1.260332,0.665589,0.838862
56,human,2,128,0,1.209539,0.599318,0.724899
56,human,3,128,0,1.088892,0.943743,1.027634
56,human,4,128,0,1.179586,0.861967,1.016764
56,human,5,128,0,1.152358,1.030080,1.187021
56,human,6,37,0,1.075850,2.065402,2.222064
56,lm,0,128,0,1.463217,0.402456,0.588881
56,lm,1,23,0,1.103179,1.157407,1.276827
2208,human,0,99,0,1.183193,1.099735,1.301199
2208,lm,0,45,0,1.307746,0.740275,0.968091
6454,human,0,128,0,1.478953,0.525757,0.777571
6454,human,1,89,0,1.053965,0.940387,0.991134
6454,lm,0,49,0,1.448281,0.658454,0.953627
4148,human,0,71,0,1.118261,0.812224,0.908278
4148,lm,0,11,0,1.093514,1.597655,1.747059
8529,human,0,128,0,1.143019,1.261867,1.442337
8529,human,1,99,0,1.236290,0.710865,0.878835
8529,lm,0,9,0,1.026693,2.154994,2.212516
7008,human,0,128,0,1.135239,0.906041,1.028573
7008,human,1,128,0,1.079455,1.203664,1.299301
7008,human,2,128,0,1.121930,1.085594,1.217960
7008,human,3,128,0,1.086501,1.224168,1.330060
7008,human,4,128,0,1.259875,0.749552,0.944342
7008,human,5,128,0,1.242143,0.732495,0.909863
7008,human,6,68,0,1.216893,0.964455,1.173638
7008,lm,0,128,0,1.533204,0.362458,0.555722
7008,lm,1,90,0,1.343620,0.531351,0.713934
7731,human,0,36,0,1.136702,1.054391,1.198528
7731,lm,0,23,0,1.325836,1.096925,1.454343
6783,human,0,90,0,1.288799,0.706961,0.911130
6783,lm,0,62,0,1.439752,0.584409,0.841404
4071,human,0,122,0,1.195798,0.595897,0.712573
4071,lm,0,30,0,1.382109,0.502172,0.694056
8860,human,0,26,0,1.400415,0.603141,0.844648
8860,lm,0,27,0,1.411554,0.394794,0.557273
2634,human,0,128,0,1.374117,0.544764,0.748569
2634,human,1,128,0,1.167785,0.967046,1.129302
2634,human,2,128,0,1.118109,1.132082,1.265791
2634,human,3,91,0,1.136762,0.819509,0.931586
2634,lm,0,128,0,2.076374,0.197241,0.409546
2634,lm,1,128,0,1.446667,0.167360,0.242114
2634,lm,2,43,0,1.230009,0.323065,0.397373
2590,human,0,128,0,1.427580,0.494779,0.706337
2590,human,1,26,0,1.218393,0.965154,1.175937
2590,lm,0,116,0,1.938783,0.216596,0.419933
8887,human,0,116,0,1.160880,0.915595,1.062895
8887,lm,0,63,0,1.648706,0.305890,0.504323
1338,human,0,45,0,1.353456,0.699030,0.946106
1338,lm,0,11,0,1.051867,1.942796,2.043563
6196,human,0,91,0,1.658983,0.386820,0.641727
6196,lm,0,109,0,1.813715,0.300284,0.544630
136,human,0,45,0,1.211309,0.747592,0.905565
136,lm,0,6,0,1.041724,1.996744,2.080056
8528,human,0,91,0,1.309575,0.514075,0.673220
8528,lm,0,44,0,1.433841,0.660048,0.946404
8227,human,0,52,0,1.476370,0.501378,0.740220
8227,lm,0,71,0,1.617131,0.364139,0.588861
1023,human,0,128,0,1.231258,0.752988,0.927122
1023,human,1,128,0,1.118054,1.307969,1.462380
1023,human,2,50,0,1.156013,1.020255,1.179428
1023,lm,0,101,0,1.579607,0.476030,0.751940
5812,human,0,33,0,1.173285,0.967371,1.135001
5812,lm,0,44,0,1.322119,0.665003,0.879213
7887,human,0,43,0,1.014836,1.798425,1.825107
7887,lm,0,10,0,1.014954,2.692376,2.732639
6609,human,0,103,0,1.085738,0.997093,1.082582
6609,lm,0,31,0,1.094129,1.157272,1.266205
2418,human,0,112,0,1.187536,0.689127,0.818363
2418,lm,0,19,0,1.118425,1.454978,1.627284
230,human,0,53,0,1.386829,0.684348,0.949074
230,lm,0,10,0,1.132831,1.642869,1.861092
4433,human,0,128,0,1.130465,0.918659,1.038512
4433,human,1,128,0,1.207246,0.690721,0.833870
4433,human,2,48,0,1.037964,1.115498,1.157846
4433,lm,0,100,0,1.362952,0.483615,0.659144
2709,human,0,128,0,1.229267,0.563154,0.692266
2709,human,1,80,0,1.066730,1.372298,1.463872
2709,lm,0,128,0,1.190393,1.053216,1.253740
2709,lm,1,128,0,1.080104,1.064919,1.150224
8242,human,0,128,0,1.094607,1.262430,1.381864
8242,human,1,102,0,1.144121,1.118678,1.279904
8242,lm,0,106,0,1.858136,0.156026,0.289917
5336,human,0,128,0,1.267603,0.636883,0.807315
5336,human,1,128,0,1.105779,1.460889,1.615420
5336,human,2,128,0,1.172819,0.924071,1.083769
5336,human,3,128,0,1.145153,0.824752,0.944467
5336,human,4,128,0,1.176251,0.867662,1.020589
5336,human,5,22,0,1.203467,1.236291,1.487836
5336,lm,0,76,0,1.449320,0.376122,0.545121
8333,human,0,106,0,1.210292,0.645408,0.781132
8333,lm,0,31,0,1.212322,0.816312,0.989633
8591,human,0,128,0,1.465209,0.421801,0.618027
8591,human,1,120,0,1.204128,0.738256,0.888955
8591,lm,0,64,0,1.142029,1.070148,1.222140
6764,human,0,128,0,1.311816,0.444462,0.583052
6764,human,1,123,0,1.339909,0.556366,0.745481
6764,lm,0,27,0,1.178890,0.911737,1.074838
7493,human,0,94,0,1.145819,1.019883,1.168601
7493,lm,0,41,0,1.285618,0.884502,1.137132
792,human,0,44,0,1.439642,0.502067,0.722797
792,lm,0,25,0,1.268891,0.777379,0.986410
4220,human,0,128,0,1.236129,0.563394,0.696427
4220,human,1,8,0,0.949161,2.507004,2.379550
4220,lm,0,36,0,1.308514,0.883459,1.156019
8307,human,0,128,0,1.344053,0.404244,0.543325
8307,human,1,128,0,1.368674,0.421075,0.576315
8307,human,2,5,0,1.069853,4.083841,4.369110
8307,lm,0,47,0,1.432619,0.495873,0.710398
8323,human,0,128,0,1.174398,0.798292,0.937513
8323,lm,0,45,0,1.137164,1.218156,1.385243
8314,human,0,128,0,1.135701,0.959955,1.090221
8314,human,1,128,0,1.126933,0.859058,0.968100
8314,human,2,128,0,1.134207,0.817241,0.926921
8314,human,3,128,0,1.362415,0.531964,0.724756
8314,human,4,8,0,1.133398,1.516150,1.718401
8314,lm,0,60,0,1.396783,0.571529,0.798302
6180,human,0,28,0,1.071150,1.435153,1.537264
6180,lm,0,128,0,1.563703,0.284956,0.445586
6180,lm,1,128,0,1.575747,0.252841,0.398414
6180,lm,2,128,0,1.696470,0.236617,0.401414
6180,lm,3,19,0,1.239677,1.450587,1.798260
8942,human,0,128,0,1.133041,0.712068,0.806802
8942,human,1,14,0,0.999963,2.099116,2.099039
8942,lm,0,11,0,1.068535,2.209461,2.360886
1079,human,0,46,0,1.228638,0.514984,0.632729
1079,lm,0,59,0,1.659008,0.322708,0.535376
6064,human,0,92,0,1.303348,0.519882,0.677587
6064,lm,0,80,0,1.326983,0.518088,0.687494
7560,human,0,51,0,1.650735,0.509082,0.840360
7560,lm,0,29,0,1.470756,0.695036,1.022227
6993,human,0,128,0,1.264661,0.517565,0.654544
6993,human,1,128,0,1.117622,0.693865,0.775479
6993,human,2,128,0,1.095552,1.250653,1.370155
6993,human,3,128,0,1.086773,0.897977,0.975897
6993,human,4,128,0,1.059160,0.936776,0.992196
6993,human,5,19,0,0.998424,1.611053,1.608513
6993,lm,0,92,0,1.699222,0.304695,0.517745
6225,human,0,77,0,1.421171,0.660066,0.938067
6225,lm,0,10,0,1.212793,1.606547,1.948410
7520,human,0,68,0,1.446854,0.312640,0.452345
7520,lm,0,10,0,1.063977,1.670121,1.776970
4760,human,0,128,0,1.146561,1.109253,1.271826
4760,human,1,128,0,1.336073,0.391052,0.522475
4760,human,2,65,0,1.213708,0.709937,0.861656
4760,lm,0,128,0,1.815099,0.232098,0.421280
3034,human,0,128,0,1.283664,0.645661,0.828811
3034,human,1,128,0,1.302552,0.801727,1.044291
3034,human,2,36,0,1.088938,1.064988,1.159706
3034,lm,0,96,0,1.585428,0.399834,0.633908
7214,human,0,112,0,1.569990,0.295386,0.463754
7214,lm,0,70,0,1.544498,0.322542,0.498165
5781,human,0,54,0,1.427741,0.508763,0.726381
5781,lm,0,50,0,1.706428,0.238015,0.406155
8048,human,0,25,0,1.201273,1.010653,1.214070
8048,lm,0,8,0,1.069139,2.619248,2.800339
5232,human,0,43,0,1.220431,0.948343,1.157387
5232,lm,0,10,0,1.075305,1.735062,1.865721
6878,human,0,128,0,1.309286,0.579074,0.758174
6878,human,1,78,0,1.077124,0.777451,0.837410
6878,lm,0,112,0,1.526002,0.393283,0.600151
2001,human,0,37,0,1.137033,0.916297,1.041860
2001,lm,0,53,0,1.194480,0.777570,0.928792
2253,human,0,60,0,1.217953,0.985844,1.200712
2253,lm,0,101,0,1.596224,0.300959,0.480398
1948,human,0,100,0,1.216832,0.737561,0.897488
1948,lm,0,7,0,1.109145,2.515977,2.790583
2484,human,0,128,0,1.322188,0.371594,0.491316
2484,human,1,13,0,1.000160,2.076329,2.076661
2484,lm,0,46,0,1.340161,0.692474,0.928026
7698,human,0,38,0,1.301830,0.799569,1.040902
7698,lm,0,56,0,1.271492,0.813653,1.034553
2275,human,0,30,0,1.179736,1.221169,1.440656
2275,lm,0,11,0,1.133681,1.618580,1.834953
167,human,0,128,0,1.250198,0.620965,0.776329
167,human,1,14,0,1.103978,1.550210,1.711398
167,lm,0,30,0,1.154441,1.180825,1.363193
6447,human,0,28,0,1.182960,0.704197,0.833036
6447,lm,0,35,0,1.383944,0.473468,0.655254
6901,human,0,69,0,1.687085,0.391087,0.659797
6901,lm,0,67,0,1.765409,0.334712,0.590903
7879,human,0,61,0,1.125446,1.110786,1.250129
7879,lm,0,78,0,1.207016,0.756132,0.912664
1487,human,0,21,0,1.161947,1.031286,1.198300
1487,lm,0,34,0,1.299584,0.670225,0.871014
5998,human,0,128,0,1.184279,0.762713,0.903265
5998,human,1,128,0,1.180408,0.790915,0.933603
5998,human,2,85,0,1.152352,0.981430,1.130953
5998,lm,0,10,0,1.045141,3.212039,3.357034
8719,human,0,32,0,1.266006,0.830507,1.051427
8719,lm,0,27,0,1.329554,0.636703,0.846530
5962,human,0,14,0,1.163823,1.000367,1.164250
5962,lm,0,95,0,1.716734,0.304548,0.522828
4777,human,0,90,0,1.163845,0.972899,1.132304
4777,lm,0,61,0,1.273037,0.691098,0.879793
6147,human,0,128,0,1.352887,0.560308,0.758034
6147,human,1,102,0,1.144260,0.905515,1.036145
6147,lm,0,128,0,1.823050,0.260606,0.475098
6147,lm,1,35,0,1.455648,0.624760,0.909430
2686,human,0,56,0,1.125127,0.949755,1.068595
2686,lm,0,93,0,1.396992,0.664248,0.927949
7691,human,0,82,0,1.520415,0.547099,0.831817
7691,lm,0,56,0,1.614565,0.550619,0.889010
6594,human,0,128,0,1.229419,0.674069,0.828713
6594,human,1,128,0,1.288044,0.532566,0.685968
6594,human,2,105,0,1.261889,0.741060,0.935135
6594,lm,0,128,0,1.362598,0.496469,0.676487
6594,lm,1,91,0,1.320674,0.514908,0.680025
1556,human,0,128,0,1.145224,0.978330,1.120406
1556,human,1,128,0,1.100180,0.978274,1.076278
1556,human,2,128,0,0.906871,1.131580,1.026197
1556,human,3,128,0,0.964529,1.555156,1.499992
1556,human,4,60,0,1.019214,1.902894,1.939457
1556,lm,0,128,0,1.866808,0.227015,0.423794
1556,lm,1,128,0,1.557853,0.236218,0.367993
1556,lm,2,59,0,1.233806,0.492398,0.607524
2236,human,0,83,0,1.385062,0.588899,0.815661
2236,lm,0,70,0,1.895727,0.212987,0.403764
6684,human,0,128,0,1.190182,0.751753,0.894723
6684,human,1,128,0,1.161293,0.516620,0.599947
6684,human,2,128,0,1.070449,1.072481,1.148036
6684,human,3,128,0,1.105581,0.582433,0.643927
6684,human,4,128,0,1.121478,0.825296,0.925552
6684,human,5,39,0,1.145525,0.836450,0.958174
6684,lm,0,128,0,1.456116,0.340299,0.495515
6684,lm,1,128,0,1.305215,0.486692,0.635237
6684,lm,2,69,0,1.202827,0.689672,0.829556
3212,human,0,128,0,1.395339,0.473182,0.660250
3212,human,1,128,0,1.156583,0.930952,1.076723
3212,human,2,128,0,1.170848,0.696040,0.814957
3212,human,3,18,0,0.957021,1.983635,1.898381
3212,lm,0,93,0,2.267651,0.220524,0.500071
4061,human,0,53,0,1.090368,1.154565,1.258901
4061,lm,0,11,0,1.140234,2.039267,2.325241
8573,human,0,60,0,1.306284,0.577937,0.754950
8573,lm,0,109,0,1.937155,0.248087,0.480584
4555,human,0,88,0,1.699629,0.362163,0.615543
4555,lm,0,39,0,1.325909,0.965883,1.280674
3762,human,0,117,0,1.289198,0.678031,0.874116
3762,lm,0,64,0,1.280478,0.737662,0.944560
504,human,0,125,0,1.242844,0.737768,0.916931
504,lm,0,34,0,1.291557,0.903504,1.166927
5166,human,0,86,0,1.211141,0.538171,0.651801
5166,lm,0,128,0,1.420754,0.561614,0.797915
5166,lm,1,75,0,1.332807,0.367095,0.489267
1267,human,0,30,0,1.329269,0.762828,1.014003
1267,lm,0,28,0,1.615490,0.707278,1.142601
6484,human,0,128,0,1.212204,0.738052,0.894670
6484,human,1,88,0,1.143943,1.187349,1.358259
6484,lm,0,38,0,1.132775,1.021383,1.156997
4817,human,0,61,0,1.311059,0.616220,0.807901
4817,lm,0,40,0,1.424657,0.644857,0.918699
6207,human,0,63,0,1.231161,0.900323,1.108443
6207,lm,0,51,0,1.429383,0.579543,0.828389
3749,human,0,58,0,1.243025,0.642042,0.798074
3749,lm,0,40,0,1.082541,1.407322,1.523484
1951,human,0,128,0,1.214996,0.695192,0.844655
1951,human,1,128,0,1.130965,0.742426,0.839658
1951,human,2,61,0,1.065298,1.483853,1.580746
1951,lm,0,29,0,1.211618,0.942822,1.142340
355,human,0,57,0,1.237678,0.800481,0.990738
355,lm,0,9,0,1.016088,2.588753,2.630402
4291,human,0,49,0,1.198672,0.812427,0.973833
4291,lm,0,10,0,1.109818,1.552414,1.722898
4460,human,0,104,0,1.202199,0.552983,0.664796
4460,lm,0,31,0,1.231639,0.639739,0.787927
2854,human,0,14,0,1.231441,1.085242,1.336411
2854,lm,0,14,0,1.266686,0.791957,1.003161
1733,human,0,45,0,1.369535,0.590981,0.809369
1733,lm,0,47,0,1.398104,0.589658,0.824404
5306,human,0,21,0,1.109246,0.915154,1.015131
5306,lm,0,7,0,1.062434,1.717678,1.824920
2120,human,0,128,0,1.313737,0.514279,0.675628
2120,human,1,42,0,1.078778,1.078156,1.163091
2120,lm,0,58,0,1.453314,0.434072,0.630842
2427,human,0,128,0,1.184762,0.850754,1.007941
2427,human,1,128,0,1.203690,0.806336,0.970580
2427,human,2,128,0,1.194061,0.780894,0.932436
2427,human,3,108,0,1.132672,0.971923,1.100870
2427,lm,0,128,0,1.431917,0.407654,0.583727
2427,lm,1,128,0,1.193611,0.537672,0.641771
2427,lm,2,128,0,1.200441,0.520859,0.625261
2427,lm,3,128,0,1.135839,0.661326,0.751161
2427,lm,4,31,0,1.020354,1.876226,1.914415
2703,human,0,89,0,1.194400,0.861261,1.028689
2703,lm,0,7,0,1.081970,2.227963,2.410589
8745,human,0,128,0,1.071526,1.276190,1.367471
8745,human,1,128,0,1.052394,1.298620,1.366660
8745,human,2,41,0,1.050865,2.016299,2.118858
8745,lm,0,10,0,1.095562,1.794557,1.966049
3483,human,0,128,0,1.284290,0.713792,0.916716
3483,human,1,128,0,1.099737,0.909366,1.000063
3483,human,2,128,0,1.126013,0.970316,1.092589
3483,human,3,128,0,1.157102,0.685310,0.792973
3483,human,4,38,0,1.040468,1.574986,1.638722
3483,lm,0,44,0,1.312400,0.532429,0.698759
7386,human,0,128,0,1.219246,0.824016,1.004678
7386,human,1,128,0,1.280269,0.650337,0.832606
7386,human,2,128,0,1.244600,0.753538,0.937854
7386,human,3,128,0,1.275018,0.622386,0.793553
7386,human,4,128,0,1.278062,0.648846,0.829265
7386,human,5,123,0,1.296807,0.667577,0.865719
7386,lm,0,10,0,1.035293,3.692158,3.822466
718,human,0,53,0,1.303712,0.563895,0.735157
718,lm,0,12,0,1.073210,1.826110,1.959800
3243,human,0,120,0,1.753052,0.327781,0.574617
3243,lm,0,6,0,1.073621,2.755215,2.958056
3164,human,0,108,0,1.141532,1.036648,1.183366
3164,lm,0,42,0,1.035626,1.902950,1.970743
1241,human,0,110,0,1.275494,0.658391,0.839774
1241,lm,0,128,0,1.433980,0.511806,0.733920
1241,lm,1,40,0,1.068467,1.869090,1.997061
6676,human,0,95,0,1.288065,0.625067,0.805127
6676,lm,0,18,0,1.204072,0.593410,0.714509
7604,human,0,60,0,1.152938,0.976706,1.126081
7604,lm,0,77,0,1.760847,0.297584,0.524000
236,human,0,23,0,1.101510,1.493725,1.645352
236,lm,0,10,0,1.080590,2.282064,2.465977
952,human,0,66,0,1.157947,1.079041,1.249472
952,lm,0,12,0,1.233712,1.196928,1.476664
8452,human,0,128,0,1.212260,0.629036,0.762555
8452,human,1,58,0,1.150310,1.401912,1.612634
8452,lm,0,122,0,1.301515,0.639970,0.832930
717,human,0,128,0,1.102678,1.190947,1.313231
717,human,1,128,0,1.100600,1.247158,1.372622
717,human,2,128,0,1.131394,1.010345,1.143098
717,human,3,21,0,0.977293,2.548104,2.490244
717,lm,0,45,0,1.198910,1.001112,1.200243
23,human,0,128,0,1.189540,0.969012,1.152679
23,human,1,128,0,1.341902,0.593630,0.796593
23,human,2,128,0,1.155946,1.010073,1.167591
23,human,3,128,0,1.138487,1.111033,1.264896
23,human,4,128,0,1.152793,0.821299,0.946787
23,human,5,82,0,1.162476,1.024264,1.190682
23,lm,0,128,0,1.796886,0.372128,0.668671
23,lm,1,87,0,1.108769,0.914987,1.014509
144,human,0,53,0,1.196603,0.886657,1.060976
144,lm,0,11,0,1.041624,2.890371,3.010680
8567,human,0,50,0,1.307978,0.690671,0.903383
8567,lm,0,43,0,1.594975,0.430665,0.686899
3366,human,0,78,0,1.321008,0.582260,0.769170
3366,lm,0,128,0,2.103687,0.113397,0.238551
3366,lm,1,56,0,1.367207,0.162374,0.221999
1315,human,0,128,0,1.291464,0.620727,0.801647
1315,human,1,40,0,1.181636,1.561120,1.844675
1315,lm,0,42,0,1.376087,0.658475,0.906119
2244,human,0,88,0,1.255408,0.548161,0.688165
2244,lm,0,128,0,1.551947,0.404469,0.627714
2244,lm,1,128,0,1.416726,0.501516,0.710511
2244,lm,2,128,0,1.347741,0.582713,0.785346
2244,lm,3,128,0,1.362544,0.525229,0.715647
2244,lm,4,47,0,1.205100,1.193236,1.437969
1319,human,0,128,0,1.153871,0.876435,1.011293
1319,human,1,6,0,1.065462,1.281002,1.364859
1319,lm,0,58,0,1.346674,0.524974,0.706969
7877,human,0,54,0,1.241351,0.610618,0.757991
7877,lm,0,43,0,1.177379,0.956552,1.126225
8815,human,0,54,0,1.099675,0.965456,1.061687
8815,lm,0,67,0,1.526468,0.446753,0.681954
5310,human,0,64,0,1.421545,0.457138,0.649842
5310,lm,0,63,0,1.784543,0.370627,0.661399
3849,human,0,12,0,1.191477,1.207715,1.438964
3849,lm,0,10,0,1.233900,0.675568,0.833583
3325,human,0,128,0,1.230889,0.440099,0.541714
3325,human,1,43,0,1.143743,0.907772,1.038258
3325,lm,0,11,0,1.175239,1.978360,2.325047
3591,human,0,120,0,1.354779,0.421099,0.570496
3591,lm,0,128,0,1.964592,0.121121,0.237953
3591,lm,1,75,0,1.332481,0.394233,0.525308
7007,human,0,128,0,0.970222,1.237358,1.200512
7007,human,1,34,0,0.939018,1.599366,1.501834
7007,lm,0,128,0,1.553907,0.385511,0.599049
7007,lm,1,104,0,1.234197,0.695256,0.858083
8140,human,0,128,0,1.276565,0.567443,0.724378
8140,human,1,86,0,1.084508,1.220727,1.323888
8140,lm,0,10,0,1.103490,1.629699,1.798356
6204,human,0,23,0,1.075093,1.273612,1.369252
6204,lm,0,10,0,1.092834,1.638648,1.790771
8979,human,0,42,0,1.109375,1.140422,1.265156
8979,lm,0,27,0,1.235466,0.697777,0.862080
1076,human,0,96,0,1.268256,0.828662,1.050956
1076,lm,0,24,0,1.301497,0.927581,1.207244
707,human,0,128,0,1.669512,0.238349,0.397927
707,human,1,101,0,1.483184,0.362983,0.538370
707,lm,0,7,0,1.058677,1.736153,1.838025
6401,human,0,20,0,1.147512,1.086837,1.247158
6401,lm,0,58,0,1.407009,0.624125,0.878149
3980,human,0,128,0,1.486039,0.387852,0.576363
3980,human,1,128,0,1.171351,0.659380,0.772366
3980,human,2,128,0,1.170689,0.868159,1.016344
3980,human,3,128,0,1.369896,0.576055,0.789135
3980,human,4,4,0,1.313711,1.801785,2.367026
3980,lm,0,128,0,2.673917,0.118508,0.316880
3980,lm,1,101,0,2.111728,0.161253,0.340522
1426,human,0,35,0,1.119706,1.613277,1.806397
1426,lm,0,128,0,1.637885,0.307090,0.502978
1426,lm,1,128,0,1.587012,0.320242,0.508228
1426,lm,2,128,0,1.714144,0.276285,0.473592
1426,lm,3,89,0,1.624176,0.325264,0.528286
4221,human,0,75,0,1.394222,0.437770,0.610348
4221,lm,0,59,0,1.315344,0.581740,0.765188
3269,human,0,128,0,1.174158,0.941136,1.105042
3269,human,1,13,0,1.144731,1.400153,1.602799
3269,lm,0,128,0,1.699596,0.372782,0.633579
3269,lm,1,128,0,2.074499,0.260151,0.539683
3269,lm,2,128,0,2.027386,0.259866,0.526849
3269,lm,3,128,0,1.908076,0.304201,0.580438
3269,lm,4,128,0,1.955619,0.262235,0.512832
3269,lm,5,128,0,1.980292,0.262242,0.519315
3269,lm,6,128,0,2.017762,0.262453,0.529568
3269,lm,7,5,0,0.989702,2.820114,2.791073
96,human,0,128,0,1.146867,0.857183,0.983075
96,human,1,68,0,1.021825,1.670652,1.707113
96,lm,0,70,0,1.657021,0.420536,0.696838
1236,human,0,128,0,1.254510,0.623092,0.781675
1236,human,1,95,0,1.361876,0.567859,0.773353
1236,lm,0,66,0,1.392005,0.414275,0.576673
8934,human,0,68,0,1.263527,0.771915,0.975335
8934,lm,0,43,0,1.372486,0.475575,0.652720
7964,human,0,128,0,1.176311,0.938625,1.104115
7964,human,1,67,0,1.320101,0.834451,1.101559
7964,lm,0,128,0,1.356410,0.660280,0.895611
7964,lm,1,1,0,1.000000,5.293305,5.293305
8416,human,0,26,0,1.160972,1.057840,1.228123
8416,lm,0,10,0,1.043807,2.273982,2.373598
6903,human,0,116,0,1.352081,0.459074,0.620706
6903,lm,0,12,0,1.112099,2.231195,2.481310
4801,human,0,27,0,1.234985,0.887266,1.095760
4801,lm,0,25,0,1.393215,0.598538,0.833891
3333,human,0,69,0,1.404567,0.599877,0.842568
3333,lm,0,128,0,2.093498,0.216424,0.453082
3333,lm,1,15,0,1.168923,1.456458,1.702488
2313,human,0,128,0,1.171555,0.862755,1.010765
2313,human,1,21,0,1.224966,1.184601,1.451095
2313,lm,0,10,0,1.085860,1.002807,1.088908
7025,human,0,66,0,1.398560,0.455691,0.637311
7025,lm,0,10,0,1.086791,2.190376,2.380482
1939,human,0,128,0,1.158809,0.780616,0.904584
1939,human,1,128,0,1.119354,0.840637,0.940970
1939,human,2,128,0,1.028089,1.240036,1.274867
1939,human,3,86,0,1.078873,1.343406,1.449364
1939,lm,0,100,0,1.074216,1.308623,1.405744
5245,human,0,43,0,1.254605,0.717822,0.900583
5245,lm,0,28,0,1.464931,0.591228,0.866109
8465,human,0,54,0,1.210613,0.750351,0.908385
8465,lm,0,11,0,1.162549,1.504849,1.749461
2455,human,0,128,0,1.239209,0.793122,0.982844
2455,human,1,73,0,1.157652,1.053527,1.219618
2455,lm,0,9,0,0.993385,2.299679,2.284466
464,human,0,21,0,1.165099,0.831499,0.968779
464,lm,0,29,0,1.321825,0.650792,0.860233
6439,human,0,55,0,1.135275,0.944808,1.072616
6439,lm,0,27,0,1.181900,0.884934,1.045903
5401,human,0,28,0,1.270946,0.644839,0.819555
5401,lm,0,15,0,1.153031,0.876683,1.010842
7296,human,0,33,0,1.227275,0.809056,0.992934
7296,lm,0,10,0,1.049938,1.496865,1.571615
1950,human,0,128,0,1.338685,0.548271,0.733962
1950,human,1,24,0,1.033554,2.280728,2.357256
1950,lm,0,48,0,1.519022,0.547360,0.831452
4083,human,0,45,0,1.417482,0.525623,0.745061
4083,lm,0,7,0,1.116309,1.541081,1.720323
917,human,0,14,0,1.083703,1.673234,1.813288
917,lm,0,11,0,1.081359,2.166534,2.342802
6653,human,0,128,0,1.193546,1.004318,1.198700
6653,human,1,128,0,1.236139,0.690482,0.853531
6653,human,2,128,0,1.201740,0.735384,0.883740
6653,human,3,128,0,1.120476,0.815687,0.913958
6653,human,4,104,0,1.127913,0.833727,0.940371
6653,lm,0,54,0,1.595870,0.475763,0.759255
2325,human,0,40,0,1.229055,0.978822,1.203026
2325,lm,0,76,0,1.668711,0.322351,0.537910
5234,human,0,113,0,1.452902,0.521081,0.757080
5234,lm,0,9,0,1.099055,1.489479,1.637020
6831,human,0,84,0,1.353355,0.587473,0.795060
6831,lm,0,92,0,1.526898,0.472158,0.720936
6577,human,0,128,0,1.229033,0.663605,0.815593
6577,human,1,108,0,1.383034,0.443856,0.613868
6577,lm,0,10,0,1.033090,2.345540,2.423155
1199,human,0,56,0,1.702830,0.337302,0.574369
1199,lm,0,6,0,1.084595,1.021066,1.107443
5202,human,0,42,0,1.277513,0.686864,0.877478
5202,lm,0,10,0,1.075193,2.578399,2.772278
2979,human,0,128,0,1.212308,0.812066,0.984474
2979,human,1,1,0,1.000000,7.336937,7.336937
2979,lm,0,56,0,1.245032,0.679814,0.846390
2491,human,0,22,0,1.057105,1.784008,1.885883
2491,lm,0,12,0,1.156300,1.133653,1.310843
1242,human,0,27,0,1.161651,1.404021,1.630983
1242,lm,0,70,0,1.529748,0.482010,0.737353
8787,human,0,128,0,1.567314,0.354200,0.555142
8787,human,1,52,0,1.180142,1.007314,1.188773
8787,lm,0,37,0,1.215287,0.749299,0.910613
6865,human,0,52,0,1.073782,1.147828,1.232518
6865,lm,0,53,0,1.211164,0.806837,0.977213
7264,human,0,80,0,1.275286,0.523136,0.667148
7264,lm,0,60,0,1.517139,0.457256,0.693720
2112,human,0,23,0,1.135960,1.151847,1.308452
2112,lm,0,34,0,1.400802,0.597203,0.836563
6779,human,0,128,0,1.296931,0.517596,0.671287
6779,human,1,48,0,1.136501,1.391152,1.581044
6779,lm,0,36,0,1.175478,0.960396,1.128925
1681,human,0,128,0,1.197130,0.644325,0.771340
1681,human,1,61,0,0.955330,2.199883,2.101615
1681,lm,0,33,0,1.399873,0.728187,1.019369
3624,human,0,96,0,1.338134,0.553194,0.740248
3624,lm,0,10,0,1.000958,3.752161,3.755756
4160,human,0,56,0,1.216798,0.850902,1.035376
4160,lm,0,34,0,1.231612,0.828174,1.019989
7849,human,0,128,0,1.237080,0.830768,1.027726
7849,human,1,128,0,1.078373,0.948405,1.022734
7849,human,2,128,0,1.262406,0.564704,0.712886
7849,human,3,128,0,1.202725,0.719822,0.865748
7849,human,4,123,0,1.129789,0.896225,1.012545
7849,lm,0,9,0,1.014486,2.100377,2.130802
3643,human,0,12,0,1.072946,1.489873,1.598554
3643,lm,0,6,0,1.026828,2.560139,2.628822
2348,human,0,77,0,1.425415,0.345346,0.492261
2348,lm,0,23,0,1.410276,0.972387,1.371334
6891,human,0,128,0,1.251694,0.418488,0.523819
6891,lm,0,10,0,1.026458,2.636819,2.706584
7392,human,0,38,0,1.097948,1.224563,1.344506
7392,lm,0,42,0,1.253662,0.736113,0.922837
4649,human,0,48,0,1.792486,0.259316,0.464820
4649,lm,0,43,0,1.903781,0.248356,0.472815
6382,human,0,13,0,1.148832,1.163518,1.336687
6382,lm,0,44,0,1.236227,0.927353,1.146419
4656,human,0,128,0,1.222925,0.700755,0.856971
4656,human,1,8,0,1.010108,2.869258,2.898260
4656,lm,0,26,0,1.271219,0.757250,0.962630
5892,human,0,13,0,1.104822,1.445985,1.597556
5892,lm,0,48,0,1.434227,0.469338,0.673138
1818,human,0,45,0,1.295490,0.719105,0.931593
1818,lm,0,9,0,1.005594,3.067188,3.084344
1394,human,0,126,0,1.178646,0.569754,0.671538
1394,lm,0,9,0,0.986345,2.623588,2.587762
6968,human,0,43,0,1.287906,0.521123,0.671157
6968,lm,0,7,0,1.184366,0.954010,1.129897
1307,human,0,44,0,1.615511,0.491444,0.793933
1307,lm,0,16,0,1.488536,0.631927,0.940646
3550,human,0,32,0,1.185868,0.911927,1.081425
3550,lm,0,20,0,1.155448,1.924384,2.223526
3937,human,0,128,0,1.053482,1.013873,1.068096
3937,human,1,71,0,1.040679,1.138057,1.184353
3937,lm,0,11,0,1.119043,2.177558,2.436782
1649,human,0,27,0,1.234934,1.006611,1.243099
1649,lm,0,27,0,1.346814,0.803669,1.082392
7382,human,0,74,0,1.862102,0.289371,0.538838
7382,lm,0,30,0,1.531190,0.515940,0.790002
684,human,0,128,0,1.238119,0.694755,0.860190
684,human,1,100,0,1.290816,0.558140,0.720456
684,lm,0,30,0,1.380961,0.940460,1.298739
8877,human,0,37,0,1.338357,0.575834,0.770671
8877,lm,0,37,0,1.389081,0.527984,0.733412
6047,human,0,128,0,1.336342,0.593995,0.793781
6047,human,1,88,0,1.148942,1.078968,1.239672
6047,lm,0,128,0,1.546817,0.437691,0.677028
6047,lm,1,128,0,1.755995,0.298312,0.523834
6047,lm,2,43,0,1.153514,0.780403,0.900206
4937,human,0,48,0,1.095077,1.116358,1.222499
4937,lm,0,11,0,1.195392,1.466403,1.752927
8148,human,0,53,0,1.328087,0.713225,0.947225
8148,lm,0,53,0,1.378149,0.722808,0.996137
5967,human,0,98,0,1.115869,1.226758,1.368901
5967,lm,0,10,0,1.075480,2.146211,2.308206
3202,human,0,44,0,1.217965,1.025510,1.249036
3202,lm,0,16,0,1.305866,0.919428,1.200649
1077,human,0,128,0,1.494871,0.490396,0.733079
1077,human,1,3,0,1.063544,3.732090,3.969243
1077,lm,0,44,0,1.274298,0.638873,0.814115
576,human,0,128,0,1.519785,0.400785,0.609107
576,human,1,18,0,1.074564,1.442846,1.550429
576,lm,0,128,0,2.180537,0.187043,0.407855
576,lm,1,7,0,1.279269,1.085155,1.388205
2166,human,0,119,0,1.314950,0.583255,0.766951
2166,lm,0,41,0,1.230249,0.929775,1.143855
3526,human,0,13,0,1.067088,2.096996,2.237679
3526,lm,0,66,0,1.155911,1.199098,1.386051
3559,human,0,117,0,1.424700,0.412726,0.588011
3559,lm,0,89,0,1.471073,0.317131,0.466524
748,human,0,46,0,1.227927,0.947373,1.163304
748,lm,0,40,0,1.669374,0.418342,0.698369
4457,human,0,107,0,1.238810,0.628031,0.778011
4457,lm,0,109,0,1.505074,0.442090,0.665378
3656,human,0,68,0,1.366152,0.420266,0.574147
3656,lm,0,37,0,1.472949,0.479007,0.705553
139,human,0,117,0,1.119750,0.785803,0.879902
139,lm,0,128,0,1.671882,0.368664,0.616362
139,lm,1,17,0,1.090038,1.336709,1.457064
5228,human,0,84,0,1.339403,0.606780,0.812723
5228,lm,0,60,0,1.384455,0.595818,0.824883
8645,human,0,55,0,1.468914,0.575044,0.844690
8645,lm,0,99,0,1.713601,0.392306,0.672256
6011,human,0,13,0,1.046885,1.642063,1.719051
6011,lm,0,11,0,1.072646,1.717066,1.841804
41,human,0,45,0,1.330009,0.816134,1.085465
41,lm,0,45,0,1.346433,0.565158,0.760947
5277,human,0,94,0,1.397954,0.513725,0.718164
5277,lm,0,97,0,1.447444,0.455829,0.659787
892,human,0,108,0,1.269625,0.620755,0.788126
892,lm,0,10,0,1.071609,1.150814,1.233223
281,human,0,16,0,1.162136,1.291985,1.501462
281,lm,0,6,0,1.076300,1.688329,1.817148
8695,human,0,128,0,1.303397,0.568559,0.741058
8695,human,1,128,0,1.119500,1.032624,1.156023
8695,human,2,128,0,1.221460,0.955198,1.166737
8695,human,3,128,0,1.121765,1.084061,1.216062
8695,human,4,128,0,1.108078,1.076066,1.192365
8695,human,5,122,0,1.077425,1.114181,1.200446
8695,lm,0,128,0,1.651537,0.435822,0.719777
8695,lm,1,128,0,1.392330,0.444884,0.619425
8695,lm,2,128,0,1.576915,0.330959,0.521894
8695,lm,3,128,0,1.761536,0.277321,0.488512
8695,lm,4,86,0,1.566620,0.384875,0.602953
404,human,0,128,0,1.206295,0.766130,0.924179
404,human,1,71,0,1.197695,1.029160,1.232620
404,lm,0,44,0,1.243868,0.903271,1.123550
2023,human,0,92,0,1.432225,0.399854,0.572681
2023,lm,0,10,0,1.028485,2.885947,2.968152
2059,human,0,15,0,1.131982,1.230345,1.392729
2059,lm,0,18,0,1.333608,0.943979,1.258898
4685,human,0,58,0,1.264703,0.880921,1.114104
4685,lm,0,11,0,1.074242,1.323408,1.421661
7769,human,0,128,0,1.268405,0.494156,0.626790
7769,human,1,102,0,1.146583,0.691317,0.792652
7769,lm,0,36,0,1.268595,0.760620,0.964918
4560,human,0,128,0,1.480788,0.474624,0.702817
4560,human,1,128,0,1.315927,0.845970,1.113235
4560,human,2,128,0,1.388052,0.497843,0.691032
4560,human,3,6,0,1.112319,2.219680,2.468993
4560,lm,0,64,0,1.607241,0.395376,0.635465
8527,human,0,128,0,1.284845,0.832427,1.069539
8527,human,1,128,0,1.076692,1.317339,1.418368
8527,human,2,63,0,1.026356,1.788516,1.835654
8527,lm,0,50,0,1.318376,0.672811,0.887017
7782,human,0,60,0,1.181542,0.790279,0.933748
7782,lm,0,38,0,1.266578,0.744590,0.943081
8450,human,0,116,0,1.239368,0.565734,0.701153
8450,lm,0,27,0,1.157784,0.925817,1.071896
4293,human,0,71,0,1.392911,0.450595,0.627638
4293,lm,0,47,0,1.476569,0.440307,0.650144
1962,human,0,128,0,1.310934,0.706744,0.926495
1962,human,1,128,0,1.106226,0.921769,1.019684
1962,human,2,22,0,1.180448,1.405875,1.659563
1962,lm,0,128,0,2.118151,0.164508,0.348453
1962,lm,1,128,0,1.624652,0.290299,0.471635
1962,lm,2,113,0,1.508896,0.309999,0.467756
8379,human,0,128,0,1.303148,0.563770,0.734676
8379,human,1,48,0,1.343172,0.700232,0.940533
8379,lm,0,93,0,1.439362,0.365438,0.525997
6198,human,0,110,0,1.242368,0.689404,0.856494
6198,lm,0,128,0,1.787016,0.154861,0.276739
6198,lm,1,73,0,1.317421,0.129367,0.170432
8858,human,0,128,0,1.247074,0.795704,0.992302
8858,human,1,27,0,1.099929,1.627542,1.790180
8858,lm,0,128,0,1.549528,0.412033,0.638456
8858,lm,1,45,0,1.253460,0.859636,1.077519
3010,human,0,54,0,1.263525,0.587238,0.741989
3010,lm,0,37,0,1.384729,0.762575,1.055960
4458,human,0,61,0,1.051545,1.848234,1.943501
4458,lm,0,128,0,1.424106,0.617671,0.879629
4458,lm,1,128,0,1.484475,0.530458,0.787451
4458,lm,2,31,0,1.210713,0.832559,1.007991
2499,human,0,11,0,1.195004,1.349506,1.612665
2499,lm,0,8,0,1.136601,2.666771,3.031054
107,human,0,116,0,1.043584,1.264441,1.319550
107,lm,0,128,0,0.979951,1.856347,1.819130
107,lm,1,75,0,0.889199,2.036857,1.811172
1976,human,0,78,0,1.215051,0.520083,0.631927
1976,lm,0,128,0,1.804446,0.255483,0.461005
1976,lm,1,128,0,2.313491,0.164519,0.380614
1976,lm,2,76,0,2.348013,0.161862,0.380053
4272,human,0,13,0,1.091316,1.725745,1.883334
4272,lm,0,52,0,1.348758,0.637689,0.860088
1115,human,0,128,0,1.598748,0.343449,0.549089
1115,human,1,35,0,1.142720,0.729352,0.833445
1115,lm,0,67,0,1.232073,0.686703,0.846068
7351,human,0,128,0,1.186110,0.821250,0.974093
7351,human,1,128,0,1.066659,1.217071,1.298200
7351,human,2,16,0,0.925410,2.670297,2.471119
7351,lm,0,128,0,2.390750,0.299180,0.715266
7351,lm,1,128,0,2.026021,0.339664,0.688166
7351,lm,2,128,0,2.125685,0.340279,0.723325
7351,lm,3,128,0,2.239092,0.303013,0.678474
7351,lm,4,44,0,1.509930,0.797865,1.204721
8845,human,0,128,0,1.128074,0.908794,1.025187
8845,human,1,128,0,1.186577,0.587402,0.696997
8845,human,2,128,0,1.246823,0.497458,0.620243
8845,human,3,128,0,1.223794,0.620166,0.758955
8845,human,4,128,0,1.125932,0.869314,0.978789
8845,human,5,128,0,1.139708,0.905574,1.032090
8845,human,6,128,0,1.090790,1.167596,1.273602
8845,human,7,105,0,1.165834,0.979963,1.142474
8845,lm,0,10,0,1.245193,1.606547,2.000462
3201,human,0,52,0,1.373739,0.389529,0.535111
3201,lm,0,97,0,2.971844,0.112572,0.334545
8475,human,0,66,0,1.383606,0.431343,0.596809
8475,lm,0,82,0,1.305065,0.514551,0.671522
311,human,0,20,0,1.201616,0.688744,0.827606
311,lm,0,6,0,1.085806,4.090808,4.441824
5856,human,0,124,0,1.153933,0.868768,1.002500
5856,lm,0,28,0,1.349622,0.837081,1.129743
8704,human,0,79,0,1.469043,0.471922,0.693274
8704,lm,0,128,0,2.139223,0.168960,0.361443
8704,lm,1,128,0,1.533618,0.316719,0.485725
8704,lm,2,53,0,1.240428,0.538049,0.667411
636,human,0,71,0,1.304289,0.578075,0.753977
636,lm,0,52,0,1.217994,0.728584,0.887411
4429,human,0,128,0,1.141347,0.966118,1.102676
4429,human,1,29,0,1.161052,1.390731,1.614711
4429,lm,0,22,0,1.107863,1.352183,1.498034
5978,human,0,66,0,1.198542,0.846573,1.014653
5978,lm,0,128,0,1.502695,0.124282,0.186758
5978,lm,1,40,0,1.357210,0.319235,0.433270
2621,human,0,101,0,1.285874,0.555380,0.714149
2621,lm,0,46,0,1.295211,0.742749,0.962016
5591,human,0,22,0,1.076752,1.206545,1.299150
5591,lm,0,26,0,1.146498,1.266949,1.452555
3684,human,0,128,0,1.258437,0.762630,0.959722
3684,human,1,128,0,1.281572,0.981766,1.258204
3684,human,2,77,0,1.217091,1.068931,1.300986
3684,lm,0,104,0,1.520317,0.428023,0.650730
6397,human,0,128,0,1.302581,0.732740,0.954453
6397,human,1,128,0,0.970150,2.062994,2.001414
6397,human,2,87,0,1.116505,1.199161,1.338870
6397,lm,0,76,0,1.483506,0.508818,0.754834
8449,human,0,128,0,1.477444,0.482662,0.713107
8449,human,1,73,0,1.183098,1.043422,1.234471
8449,lm,0,44,0,1.178816,1.241706,1.463744
1504,human,0,75,0,1.267373,0.630543,0.799132
1504,lm,0,128,0,1.691252,0.309713,0.523803
1504,lm,1,121,0,1.495484,0.358532,0.536179
4101,human,0,31,0,1.140625,1.180305,1.346285
4101,lm,0,12,0,1.187455,1.706546,2.026447
8434,human,0,57,0,1.231305,0.592230,0.729215
8434,lm,0,46,0,1.428767,0.551352,0.787753
334,human,0,66,0,1.417347,0.682801,0.967766
334,lm,0,22,0,1.236862,0.916065,1.133046
1117,human,0,128,0,1.260193,0.642917,0.810200
1117,human,1,128,0,1.153301,0.930322,1.072941
1117,human,2,128,0,1.050730,1.547312,1.625807
1117,human,3,14,0,1.069343,1.635601,1.749018
1117,lm,0,76,0,1.306390,0.547070,0.714687
8900,human,0,128,0,1.576963,0.304617,0.480370
8900,human,1,88,0,1.413938,0.344664,0.487334
8900,lm,0,58,0,1.093310,1.070825,1.170744
5524,human,0,76,0,1.372504,0.664473,0.911991
5524,lm,0,24,0,1.171167,1.423068,1.666650
2310,human,0,84,0,1.286446,0.605481,0.778918
2310,lm,0,73,0,1.418015,0.513553,0.728226
8962,human,0,27,0,1.131695,1.093869,1.237926
8962,lm,0,25,0,1.148292,0.701715,0.805774
1532,human,0,128,0,1.495730,0.389627,0.582777
1532,human,1,29,0,1.095853,1.756818,1.925214
1532,lm,0,128,0,1.645706,0.329389,0.542078
1532,lm,1,115,0,1.663585,0.348783,0.580230
5663,human,0,36,0,1.063434,1.230559,1.308619
5663,lm,0,11,0,1.052741,2.148330,2.261635
6019,human,0,109,0,1.213611,0.741272,0.899616
6019,lm,0,19,0,1.133915,0.841004,0.953627
3876,human,0,128,0,1.356996,0.372536,0.505531
3876,human,1,128,0,1.157931,0.607182,0.703075
3876,human,2,128,0,1.135273,0.787261,0.893757
3876,human,3,85,0,1.112170,1.230974,1.369052
3876,lm,0,11,0,1.057493,2.578922,2.727193
7800,human,0,76,0,1.256274,0.531071,0.667171
7800,lm,0,20,0,1.078933,1.544523,1.666437
2492,human,0,128,0,1.406906,0.401879,0.565405
2492,human,1,128,0,1.231014,0.558942,0.688065
2492,human,2,9,0,1.151512,2.255659,2.597419
2492,lm,0,128,0,1.456243,0.554183,0.807026
2492,lm,1,68,0,0.947936,1.545282,1.464828
4728,human,0,38,0,1.112960,1.377814,1.533452
4728,lm,0,20,0,1.168079,1.474386,1.722198
8192,human,0,128,0,1.216709,0.713929,0.868643
8192,human,1,114,0,1.036488,1.062753,1.101531
8192,lm,0,47,0,1.282557,0.664125,0.851778
277,human,0,37,0,1.169623,0.816598,0.955112
277,lm,0,128,0,1.297212,0.616528,0.799767
277,lm,1,98,0,1.142091,0.834754,0.953365
7274,human,0,128,0,1.152637,0.909389,1.048195
7274,human,1,128,0,1.142049,0.993321,1.134422
7274,human,2,125,0,1.063152,1.256913,1.336290
7274,lm,0,36,0,1.119077,1.435679,1.606635
3927,human,0,123,0,1.284671,0.556495,0.714914
3927,lm,0,13,0,1.098739,1.309625,1.438937
3775,human,0,128,0,1.226042,0.804336,0.986150
3775,human,1,55,0,1.177114,1.260761,1.484059
3775,lm,0,10,0,1.037664,2.958111,3.069526
5500,human,0,10,0,1.126241,1.181690,1.330868
5500,lm,0,7,0,1.065953,1.885546,2.009903
2915,human,0,56,0,1.209483,0.601765,0.727825
2915,lm,0,128,0,1.608686,0.405803,0.652810
2915,lm,1,128,0,1.545110,0.467228,0.721919
2915,lm,2,128,0,1.450258,0.437885,0.635046
2915,lm,3,128,0,1.570865,0.384101,0.603371
2915,lm,4,83,0,1.576772,0.406531,0.641007
6499,human,0,63,0,1.264989,0.565544,0.715407
6499,lm,0,52,0,1.254160,0.580621,0.728192
6370,human,0,35,0,1.280536,0.615510,0.788183
6370,lm,0,63,0,1.411982,0.424102,0.598824
5557,human,0,50,0,1.202740,1.025262,1.233123
5557,lm,0,11,0,1.113196,1.079130,1.201283
1519,human,0,128,0,1.167668,0.640130,0.747459
1519,human,1,128,0,1.091808,0.645287,0.704530
1519,human,2,42,0,0.906051,1.697262,1.537807
1519,lm,0,39,0,1.134105,0.955705,1.083869
1219,human,0,128,0,1.338573,0.571643,0.765186
1219,human,1,13,0,1.011835,2.031799,2.055846
1219,lm,0,128,0,1.980181,0.276600,0.547718
1219,lm,1,128,0,1.595268,0.394045,0.628607
1219,lm,2,128,0,1.604336,0.345092,0.553644
1219,lm,3,128,0,1.496191,0.423964,0.634331
1219,lm,4,44,0,1.264597,1.050871,1.328929
982,human,0,76,0,1.336225,0.334675,0.447201
982,lm,0,128,0,1.896704,0.138079,0.261895
982,lm,1,30,0,1.207536,0.647870,0.782326
5158,human,0,90,0,1.370262,0.421537,0.577616
5158,lm,0,96,0,1.454615,0.354980,0.516359
5431,human,0,24,0,1.237015,0.729108,0.901917
5431,lm,0,18,0,1.672806,0.488900,0.817835
8688,human,0,39,0,1.189781,0.769140,0.915107
8688,lm,0,35,0,1.567921,0.632348,0.991472
8692,human,0,56,0,1.354599,0.636291,0.861919
8692,lm,0,43,0,1.309410,0.691060,0.904881
2958,human,0,128,0,1.341096,0.503422,0.675137
2958,lm,0,36,0,1.091692,1.167639,1.274703
3972,human,0,128,0,1.676103,0.200368,0.335838
3972,human,1,96,0,1.621226,0.329962,0.534943
3972,lm,0,49,0,1.562705,0.167105,0.261136
858,human,0,121,0,1.135688,0.955131,1.084731
858,lm,0,10,0,1.242338,1.606547,1.995875
1983,human,0,128,0,1.301163,0.374334,0.487070
1983,human,1,47,0,1.281158,0.417833,0.535310
1983,lm,0,21,0,1.206302,0.937705,1.131155
2828,human,0,128,0,1.189054,0.896050,1.065452
2828,human,1,29,0,1.115376,2.014435,2.246853
2828,lm,0,6,0,1.061804,3.006093,3.191882
4978,human,0,49,0,1.336403,0.777002,1.038387
4978,lm,0,97,0,1.651189,0.410569,0.677926
1861,human,0,128,0,1.095026,0.999017,1.093949
1861,human,1,32,0,0.996960,1.790605,1.785161
1861,lm,0,78,0,1.577481,0.563902,0.889546
1124,human,0,100,0,1.089777,1.233105,1.343810
1124,lm,0,10,0,1.228583,1.606547,1.973777
8817,human,0,68,0,1.539408,0.457182,0.703790
8817,lm,0,27,0,1.199096,0.845105,1.013363
4504,human,0,128,0,1.343518,0.497046,0.667790
4504,human,1,43,0,1.258124,1.037231,1.304965
4504,lm,0,88,0,1.717808,0.263231,0.452179
6389,human,0,26,0,1.076739,1.167194,1.256763
6389,lm,0,10,0,0.995851,3.752161,3.736592
8684,human,0,12,0,1.110198,0.991200,1.100428
8684,lm,0,75,0,1.639333,0.403581,0.661604
1324,human,0,73,0,1.198689,0.808975,0.969709
1324,lm,0,59,0,1.419148,0.447229,0.634685
5384,human,0,84,0,1.327693,0.595185,0.790223
5384,lm,0,43,0,1.209534,0.858493,1.038377
8640,human,0,100,0,1.399374,0.449486,0.628999
8640,lm,0,6,0,1.108379,2.034161,2.254622
7315,human,0,86,0,1.290440,0.732004,0.944607
7315,lm,0,10,0,1.068629,2.598035,2.776335
5204,human,0,44,0,1.216818,0.848809,1.032846
5204,lm,0,9,0,1.039321,3.690751,3.835876
3233,human,0,85,0,1.520082,0.540494,0.821595
3233,lm,0,6,0,1.143155,1.581876,1.808329
7480,human,0,54,0,1.168237,1.050815,1.227601
7480,lm,0,10,0,1.013514,3.015556,3.056307
331,human,0,85,0,1.187374,0.968458,1.149922
331,lm,0,19,0,1.106087,1.701165,1.881636
4053,human,0,44,0,1.135822,1.062889,1.207253
4053,lm,0,66,0,1.180638,0.533718,0.630128
3813,human,0,29,0,1.106845,1.305303,1.444768
3813,lm,0,128,0,1.709027,0.331371,0.566321
3813,lm,1,59,0,1.234626,0.872336,1.077008
4418,human,0,128,0,1.436261,0.499988,0.718113
4418,human,1,7,0,0.996228,4.298881,4.282666
4418,lm,0,16,0,1.190322,1.415638,1.685065
8429,human,0,128,0,1.267732,0.726925,0.921547
8429,human,1,128,0,1.199129,0.715862,0.858411
8429,human,2,128,0,1.290036,0.613980,0.792057
8429,human,3,2,0,0.968665,2.816870,2.728604
8429,lm,0,52,0,1.498239,0.396741,0.594413
65,human,0,128,0,1.180643,0.795480,0.939178
65,human,1,128,0,1.218359,0.872548,1.063076
65,human,2,51,0,1.570897,0.538582,0.846057
65,lm,0,10,0,1.208596,1.606547,1.941667
3539,human,0,128,0,1.492043,0.345567,0.515601
3539,human,1,128,0,1.417704,0.527275,0.747520
3539,human,2,128,0,1.108545,1.284294,1.423697
3539,human,3,35,0,1.150846,1.554146,1.788583
3539,lm,0,128,0,1.556601,0.352764,0.549112
3539,lm,1,62,0,1.271375,0.560742,0.712914
322,human,0,95,0,1.361398,0.443223,0.603403
322,lm,0,9,0,1.068472,1.798500,1.921646
6217,human,0,22,0,1.151075,1.245714,1.433910
6217,lm,0,61,0,1.467889,0.374679,0.549988
584,human,0,35,0,1.223105,0.822189,1.005623
584,lm,0,13,0,1.085284,1.162909,1.262087
1717,human,0,102,0,1.224362,0.724738,0.887342
1717,lm,0,128,0,1.003987,0.934626,0.938352
1717,lm,1,128,0,0.974696,0.878489,0.856260
1717,lm,2,2,0,1.036291,4.004322,4.149644
2529,human,0,30,0,1.155833,1.099808,1.271195
2529,lm,0,13,0,1.152295,1.619853,1.866549
8761,human,0,32,0,1.163374,1.002788,1.166618
8761,lm,0,128,0,1.561565,0.146832,0.229288
8761,lm,1,91,0,1.354758,0.153148,0.207478
780,human,0,105,0,1.374399,0.460758,0.633265
780,lm,0,113,0,1.586506,0.369600,0.586373
4431,human,0,128,0,1.568827,0.398574,0.625294
4431,human,1,96,0,1.664533,0.389646,0.648579
4431,lm,0,128,0,1.549527,0.398574,0.617602
4431,lm,1,96,0,1.624855,0.397263,0.645495
1366,human,0,22,0,1.077646,1.387836,1.495596
1366,lm,0,22,0,1.149439,0.931116,1.070261
5082,human,0,95,0,1.158269,0.966767,1.119776
5082,lm,0,62,0,1.322936,0.611117,0.808469
609,human,0,38,0,1.420071,0.731709,1.039078
609,lm,0,82,0,1.756260,0.353364,0.620599
7373,human,0,120,0,1.355415,0.586540,0.795005
7373,lm,0,13,0,1.057432,1.634877,1.728771
8551,human,0,24,0,1.243593,0.892794,1.110272
8551,lm,0,10,0,1.154754,1.605052,1.853440
7647,human,0,43,0,1.186904,0.670954,0.796357
7647,lm,0,11,0,1.087870,1.841656,2.003482
217,human,0,49,0,1.247186,0.675764,0.842804
217,lm,0,11,0,1.092891,2.544837,2.781228
2988,human,0,128,0,1.197410,0.609056,0.729290
2988,human,1,7,0,0.938613,3.879443,3.641296
2988,lm,0,6,0,1.088253,2.180939,2.373414
71,human,0,128,0,1.219966,0.515695,0.629131
71,human,1,128,0,1.225799,0.717493,0.879502
71,human,2,128,0,1.194551,0.629759,0.752279
71,human,3,128,0,1.184946,0.665696,0.788814
71,human,4,64,0,1.051674,1.350260,1.420034
71,lm,0,128,0,2.042002,0.218521,0.446219
71,lm,1,128,0,2.150931,0.195788,0.421127
71,lm,2,97,0,1.832126,0.267253,0.489640
1190,human,0,128,0,1.064287,1.175217,1.250769
1190,human,1,86,0,1.055673,1.287692,1.359381
1190,lm,0,47,0,1.259967,0.701335,0.883659
5050,human,0,128,0,1.228484,0.525126,0.645109
5050,human,1,128,0,1.135125,0.658613,0.747608
5050,human,2,19,0,1.107587,1.001160,1.108872
5050,lm,0,128,0,1.565898,0.227154,0.355700
5050,lm,1,119,0,1.759769,0.140458,0.247174
4919,human,0,128,0,1.273326,0.770090,0.980575
4919,human,1,128,0,1.361429,0.604975,0.823630
4919,human,2,128,0,1.130100,1.159655,1.310527
4919,human,3,128,0,1.184964,0.936990,1.110299
4919,human,4,128,0,1.136757,1.018815,1.158145
4919,human,5,55,0,1.115497,1.514084,1.688957
4919,lm,0,108,0,1.622742,0.386597,0.627347
7447,human,0,92,0,1.192791,0.642368,0.766211
7447,lm,0,45,0,1.135219,1.183812,1.343885
7736,human,0,79,0,1.372423,0.631739,0.867014
7736,lm,0,86,0,1.613420,0.346377,0.558852
1104,human,0,124,0,1.491619,0.317048,0.472915
1104,lm,0,128,0,1.929087,0.228334,0.440476
1104,lm,1,31,0,1.131129,1.113433,1.259437
5428,human,0,128,0,1.170375,0.915874,1.071915
5428,human,1,34,0,1.103458,1.754251,1.935742
5428,lm,0,10,0,1.078543,2.803392,3.023579
3723,human,0,76,0,1.176688,0.871894,1.025947
3723,lm,0,65,0,1.336569,0.736733,0.984695
94,human,0,128,0,1.341682,0.655852,0.879945
94,human,1,55,0,1.115456,1.463752,1.632751
94,lm,0,127,0,1.648670,0.333647,0.550073
2803,human,0,128,0,1.331823,0.503360,0.670386
2803,human,1,114,0,1.192905,0.709320,0.846151
2803,lm,0,36,0,1.438154,0.473861,0.681485
8768,human,0,72,0,1.275389,0.669588,0.853985
8768,lm,0,37,0,1.299614,0.508554,0.660925
3823,human,0,128,0,1.199740,0.683044,0.819475
3823,human,1,44,0,1.008024,1.651010,1.664258
3823,lm,0,44,0,1.365289,0.834223,1.138956
146,human,0,42,0,1.238371,0.806633,0.998911
146,lm,0,28,0,1.216439,1.121426,1.364147
4539,human,0,128,0,1.211503,0.759845,0.920554
4539,human,1,128,0,1.157805,0.697912,0.808046
4539,human,2,34,0,1.128193,1.626651,1.835177
4539,lm,0,128,0,1.539671,0.469775,0.723299
4539,lm,1,98,0,1.367207,0.695194,0.950474
777,human,0,128,0,1.159417,0.984711,1.141691
777,human,1,37,0,1.056367,1.870688,1.976134
777,lm,0,14,0,1.078443,1.891017,2.039354
190,human,0,47,0,1.202012,0.874072,1.050645
190,lm,0,45,0,1.345502,0.742260,0.998713
1387,human,0,128,0,1.558571,0.462582,0.720966
1387,human,1,80,0,1.184455,0.884493,1.047642
1387,lm,0,30,0,1.239708,0.930614,1.153690
7906,human,0,128,0,1.475207,0.359424,0.530225
7906,human,1,18,0,1.072233,1.823204,1.954899
7906,lm,0,55,0,1.491288,0.444903,0.663478
5069,human,0,94,0,1.301976,0.450902,0.587064
5069,lm,0,16,0,1.414065,0.571322,0.807886
2832,human,0,128,0,1.358604,0.388207,0.527420
2832,human,1,35,0,1.177868,1.066464,1.256154
2832,lm,0,128,0,1.492924,0.337333,0.503612
2832,lm,1,23,0,1.214964,1.042601,1.266723
1959,human,0,34,0,1.254769,0.825034,1.035227
1959,lm,0,10,0,1.079523,2.346865,2.533495
2580,human,0,31,0,1.110927,1.057498,1.174803
2580,lm,0,79,0,1.424552,0.553565,0.788582
8676,human,0,128,0,1.366255,0.459120,0.627274
8676,human,1,80,0,1.277544,0.499015,0.637513
8676,lm,0,128,0,2.243181,0.105546,0.236759
8676,lm,1,128,0,1.874735,0.115416,0.216374
8676,lm,2,31,0,1.342733,0.512663,0.688370
3909,human,0,41,0,1.187603,0.788050,0.935891
3909,lm,0,97,0,1.698390,0.333955,0.567185
5862,human,0,35,0,1.214959,1.019246,1.238342
5862,lm,0,10,0,1.054374,2.422961,2.554707
1697,human,0,128,0,1.285902,0.672111,0.864269
1697,human,1,128,0,1.123337,1.171746,1.316266
1697,human,2,70,0,1.084558,1.493046,1.619294
1697,lm,0,107,0,1.494455,0.526922,0.787461
1146,human,0,102,0,1.385795,0.498678,0.691065
1146,lm,0,128,0,2.098616,0.177646,0.372811
1146,lm,1,128,0,1.732361,0.321307,0.556619
1146,lm,2,128,0,1.651518,0.216684,0.357857
1146,lm,3,56,0,1.308280,0.437808,0.572776
2751,human,0,84,0,1.504673,0.475800,0.715924
2751,lm,0,75,0,1.865059,0.334857,0.624529
7467,human,0,128,0,1.440080,0.463726,0.667802
7467,human,1,128,0,1.635351,0.276500,0.452175
7467,human,2,74,0,1.202079,0.910069,1.093975
7467,lm,0,7,0,1.110170,1.214198,1.347967
528,human,0,64,0,1.180594,0.837056,0.988224
528,lm,0,70,0,1.720968,0.306216,0.526988
2526,human,0,67,0,1.251289,0.800130,1.001194
2526,lm,0,18,0,1.166332,1.284616,1.498289
8202,human,0,49,0,1.436313,0.694692,0.997795
8202,lm,0,10,0,1.059073,3.102821,3.286114
6623,human,0,82,0,1.284702,0.545362,0.700628
6623,lm,0,45,0,1.348224,0.488985,0.659261
8347,human,0,26,0,1.238070,0.735724,0.910878
8347,lm,0,36,0,1.288387,0.765142,0.985799
6815,human,0,65,0,1.230842,0.604042,0.743481
6815,lm,0,96,0,1.366428,0.503001,0.687315
7677,human,0,128,0,1.144633,0.970391,1.110742
7677,human,1,116,0,0.991745,1.615953,1.602613
7677,lm,0,46,0,1.214803,1.051449,1.277303
3679,human,0,36,0,1.189214,0.922589,1.097156
3679,lm,0,10,0,1.049763,2.756615,2.893792
4771,human,0,99,0,1.359704,0.565220,0.768532
4771,lm,0,14,0,1.147877,1.053968,1.209826
1373,human,0,128,0,1.276526,0.695299,0.887567
1373,human,1,128,0,1.144330,0.977981,1.119133
1373,human,2,107,0,1.152947,0.933516,1.076295
1373,lm,0,46,0,1.443038,0.714658,1.031278
3533,human,0,48,0,1.377544,0.683704,0.941832
3533,lm,0,48,0,1.412495,0.683704,0.965729
3105,human,0,128,0,1.236257,0.615879,0.761385
3105,human,1,128,0,1.144428,1.125142,1.287644
3105,human,2,81,0,1.041248,1.421516,1.480151
3105,lm,0,128,0,1.256628,0.570171,0.716493
3105,lm,1,52,0,1.059951,0.942624,0.999135
7874,human,0,71,0,1.138694,0.944160,1.075109
7874,lm,0,11,0,1.081323,1.505237,1.627647
8504,human,0,116,0,1.266931,0.572683,0.725549
8504,lm,0,14,0,1.146900,1.429924,1.639979
5958,human,0,26,0,1.143936,0.814670,0.931931
5958,lm,0,11,0,1.075616,1.612521,1.734454
1215,human,0,80,0,1.344276,0.605923,0.814528
1215,lm,0,29,0,1.220049,1.154421,1.408449
551,human,0,21,0,1.095819,1.296040,1.420225
551,lm,0,12,0,1.232512,0.825670,1.017648
471,human,0,30,0,1.308036,0.752847,0.984750
471,lm,0,10,0,1.298849,0.849736,1.103679
5167,human,0,17,0,1.145979,1.376432,1.577363
5167,lm,0,10,0,1.097615,1.824310,2.002391
285,human,0,128,0,1.181436,0.683152,0.807100
285,human,1,128,0,1.127274,0.569029,0.641452
285,human,2,128,0,1.138148,0.713249,0.811783
285,human,3,95,0,1.132011,0.910999,1.031260
285,lm,0,76,0,1.339829,0.442569,0.592967
2395,human,0,49,0,1.265363,0.564741,0.714603
2395,lm,0,40,0,1.597631,0.585026,0.934656
7829,human,0,98,0,1.182407,0.845724,0.999990
7829,lm,0,56,0,1.386880,0.426816,0.591943
5851,human,0,128,0,1.456024,0.384991,0.560557
5851,human,1,59,0,1.318899,0.691552,0.912087
5851,lm,0,88,0,1.530121,0.433009,0.662556
868,human,0,128,0,1.250651,0.643780,0.805143
868,human,1,115,0,1.116782,0.959617,1.071683
868,lm,0,128,0,1.749033,0.319599,0.558988
868,lm,1,128,0,1.635078,0.298730,0.488447
868,lm,2,128,0,1.399878,0.424149,0.593757
868,lm,3,128,0,1.427893,0.365295,0.521602
868,lm,4,128,0,1.490308,0.396337,0.590664
868,lm,5,128,0,1.446298,0.337713,0.488434
868,lm,6,46,0,1.166811,0.856894,0.999834
3655,human,0,82,0,1.334734,0.560292,0.747840
3655,lm,0,128,0,1.747300,0.390128,0.681671
3655,lm,1,18,0,1.125529,1.819184,2.047544
7127,human,0,43,0,1.205461,0.913409,1.101078
7127,lm,0,75,0,1.261139,0.835895,1.054180
3440,human,0,128,0,1.166190,0.926527,1.080507
3440,human,1,35,0,1.105541,1.099982,1.216074
3440,lm,0,42,0,1.225495,0.753783,0.923758
6528,human,0,72,0,1.238423,0.793573,0.982778
6528,lm,0,11,0,0.999928,2.705033,2.704839
3328,human,0,67,0,1.163882,0.746292,0.868596
3328,lm,0,53,0,1.322273,0.630254,0.833368
7489,human,0,43,0,1.239825,0.905801,1.123036
7489,lm,0,23,0,1.187984,1.202083,1.428055
1081,human,0,128,0,1.511496,0.317700,0.480203
1081,human,1,1,0,1.000000,3.865058,3.865058
1081,lm,0,25,0,1.399565,0.438424,0.613603
5024,human,0,9,0,1.358368,1.084836,1.473607
5024,lm,0,128,0,1.961491,0.296331,0.581250
5024,lm,1,128,0,1.609122,0.468043,0.753138
5024,lm,2,23,0,1.339431,1.091160,1.461533
8497,human,0,95,0,1.299506,0.487968,0.634118
8497,lm,0,32,0,1.240888,0.675851,0.838655
3477,human,0,128,0,1.158225,0.810160,0.938348
3477,human,1,19,0,1.135680,1.325962,1.505869
3477,lm,0,27,0,1.204403,1.034654,1.246140
8238,human,0,128,0,1.242958,0.805175,1.000799
8238,human,1,128,0,1.198072,0.879075,1.053195
8238,human,2,1,0,1.000000,8.527124,8.527124
8238,lm,0,128,0,1.472759,0.351300,0.517380
8238,lm,1,26,0,1.028204,1.906821,1.960600
3614,human,0,36,0,1.291157,0.708930,0.915339
3614,lm,0,11,0,1.117984,1.017294,1.137318
1473,human,0,16,0,1.122855,1.038485,1.166068
1473,lm,0,100,0,1.274666,0.567286,0.723100
7591,human,0,32,0,1.125594,0.864331,0.972885
7591,lm,0,12,0,1.099476,1.349516,1.483760
706,human,0,35,0,1.084091,1.330080,1.441928
706,lm,0,11,0,1.039504,3.103802,3.226416
6954,human,0,80,0,1.144915,0.744048,0.851871
6954,lm,0,81,0,1.698055,0.284564,0.483206
6384,human,0,14,0,1.207483,1.180244,1.425124
6384,lm,0,7,0,1.116470,1.743457,1.946518
7140,human,0,59,0,1.098877,1.049411,1.153174
7140,lm,0,36,0,1.331137,0.902550,1.201417
6696,human,0,128,0,1.158295,0.781374,0.905062
6696,human,1,128,0,1.128141,0.732471,0.826331
6696,human,2,5,0,1.057693,1.163431,1.230553
6696,lm,0,128,0,1.605174,0.267643,0.429614
6696,lm,1,41,0,1.239096,0.663242,0.821820
2506,human,0,32,0,1.366288,0.640132,0.874605
2506,lm,0,31,0,1.455945,0.522502,0.760735
8275,human,0,57,0,1.130546,1.127620,1.274826
8275,lm,0,20,0,1.069904,1.807189,1.933519
3435,human,0,11,0,1.031750,1.835652,1.893934
3435,lm,0,9,0,1.052070,2.139837,2.251259
2417,human,0,23,0,1.202154,0.681593,0.819380
2417,lm,0,128,0,1.606951,0.307495,0.494130
2417,lm,1,13,0,1.072334,1.268582,1.360343
5414,human,0,89,0,1.219559,0.759730,0.926535
5414,lm,0,59,0,1.383199,0.476386,0.658936
8558,human,0,28,0,1.124442,1.517571,1.706421
8558,lm,0,10,0,1.114357,1.405924,1.566701
6395,human,0,32,0,1.287222,0.618987,0.796774
6395,lm,0,17,0,1.332160,0.631902,0.841794
5849,human,0,128,0,1.240595,0.493865,0.612687
5849,human,1,45,0,1.019704,1.752856,1.787394
5849,lm,0,20,0,1.261775,0.611143,0.771125
4576,human,0,128,0,1.231718,0.567757,0.699316
4576,human,1,128,0,1.223417,0.959612,1.174005
4576,human,2,55,0,1.134812,1.090872,1.237935
4576,lm,0,34,0,1.353016,0.901469,1.219702
6486,human,0,128,0,1.472257,0.409822,0.603363
6486,human,1,47,0,1.108748,1.039923,1.153013
6486,lm,0,21,0,1.134059,1.093361,1.239936
6092,human,0,34,0,1.185374,1.176022,1.394026
6092,lm,0,57,0,1.331104,0.600640,0.799514
5680,human,0,113,0,1.254519,0.557410,0.699281
5680,lm,0,6,0,1.115028,2.283677,2.546363
8600,human,0,46,0,1.223112,0.722249,0.883391
8600,lm,0,82,0,1.364734,0.553625,0.755551
8749,human,0,89,0,1.247536,0.812241,1.013300
8749,lm,0,20,0,1.135344,1.167972,1.326050
1957,human,0,128,0,1.151912,0.893160,1.028841
1957,human,1,16,0,0.892200,3.455784,3.083249
1957,lm,0,128,0,1.647907,0.349066,0.575228
1957,lm,1,128,0,1.772725,0.340840,0.604215
1957,lm,2,128,0,1.535506,0.443749,0.681380
1957,lm,3,128,0,1.484432,0.470426,0.698315
1957,lm,4,119,0,1.923540,0.331651,0.637944
6383,human,0,64,0,1.224054,0.567225,0.694314
6383,lm,0,10,0,1.102170,2.967581,3.270778
2747,human,0,112,0,1.194517,0.780343,0.932133
2747,lm,0,40,0,1.286278,0.745008,0.958288
3565,human,0,36,0,1.270433,0.713819,0.906859
3565,lm,0,11,0,1.062717,2.504642,2.661725
8178,human,0,113,0,1.249562,0.597369,0.746450
8178,lm,0,10,0,1.083137,1.471757,1.594115
8862,human,0,128,0,1.170057,0.787626,0.921567
8862,human,1,4,0,1.029024,2.864612,2.947754
8862,lm,0,128,0,1.377906,0.610395,0.841067
8862,lm,1,128,0,1.441038,0.502857,0.724636
8862,lm,2,128,0,1.415396,0.504672,0.714310
8862,lm,3,128,0,1.333462,0.595747,0.794406
8862,lm,4,41,0,1.080285,1.715352,1.853070
3916,human,0,128,0,1.399999,0.329633,0.461485
3916,human,1,69,0,1.233051,0.787434,0.970947
3916,lm,0,25,0,1.125642,0.658904,0.741690
6112,human,0,128,0,1.401105,0.344263,0.482349
6112,human,1,12,0,1.052024,2.056948,2.163959
6112,lm,0,77,0,1.411725,0.557064,0.786420
3131,human,0,128,0,1.183867,0.703153,0.832439
3131,human,1,50,0,1.176854,0.890672,1.048191
3131,lm,0,18,0,1.125566,0.944557,1.063161
7387,human,0,39,0,1.136041,1.217620,1.383266
7387,lm,0,69,0,1.025412,1.438488,1.475042
8806,human,0,48,0,1.380222,0.631522,0.871641
8806,lm,0,38,0,1.245774,0.756382,0.942281
2677,human,0,128,0,1.153419,0.659007,0.760111
2677,human,1,97,0,1.202020,0.706744,0.849520
2677,lm,0,10,0,1.286953,1.142956,1.470930
1268,human,0,21,0,1.136116,1.152750,1.309658
1268,lm,0,15,0,1.240413,0.695925,0.863234
6997,human,0,40,0,1.165477,0.690124,0.804324
6997,lm,0,29,0,1.243918,0.539152,0.670661
4256,human,0,22,0,1.228613,0.566563,0.696086
4256,lm,0,36,0,1.314572,0.651439,0.856363
2924,human,0,35,0,1.108657,1.289205,1.429286
2924,lm,0,39,0,1.210967,1.032250,1.250021
5502,human,0,12,0,1.107025,1.418090,1.569861
5502,lm,0,30,0,1.339726,0.546258,0.731836
3757,human,0,96,0,1.194633,0.804116,0.960623
3757,lm,0,14,0,1.260581,0.929630,1.171874
3992,human,0,31,0,1.077504,1.516537,1.634074
3992,lm,0,11,0,1.013645,3.221042,3.264992
2319,human,0,128,0,1.278336,0.706177,0.902731
2319,human,1,22,0,1.179763,1.253900,1.479304
2319,lm,0,128,0,1.367513,0.664546,0.908775
2319,lm,1,4,0,0.967407,3.107418,3.006137
156,human,0,58,0,1.145447,0.915878,1.049090
156,lm,0,39,0,1.261388,0.821377,1.036076
8466,human,0,125,0,1.261807,0.613197,0.773736
8466,lm,0,115,0,1.875799,0.267816,0.502369
3571,human,0,128,0,1.231707,0.708781,0.873011
3571,human,1,128,0,1.319020,0.711667,0.938703
3571,human,2,119,0,1.201393,0.949396,1.140597
3571,lm,0,9,0,1.030903,2.267156,2.337218
3718,human,0,128,0,1.171954,0.767522,0.899500
3718,human,1,119,0,1.173231,0.932823,1.094418
3718,lm,0,92,0,1.811694,0.264213,0.478673
2457,human,0,128,0,1.187855,0.639523,0.759661
2457,human,1,66,0,1.130176,0.776643,0.877744
2457,lm,0,17,0,1.237859,0.679895,0.841614
8507,human,0,128,0,1.217886,0.793032,0.965822
8507,human,1,128,0,1.153440,0.729550,0.841492
8507,human,2,104,0,1.132791,0.851517,0.964591
8507,lm,0,104,0,1.604595,0.292041,0.468607
6155,human,0,45,0,1.247183,1.001500,1.249053
6155,lm,0,38,0,1.218696,0.971472,1.183929
3686,human,0,128,0,1.206441,0.710362,0.857011
3686,human,1,106,0,1.175781,0.791430,0.930549
3686,lm,0,128,0,1.274780,0.427562,0.545048
3686,lm,1,22,0,1.117418,1.309626,1.463399
4265,human,0,128,0,1.194853,0.758284,0.906039
4265,human,1,95,0,1.154117,0.839728,0.969144
4265,lm,0,72,0,1.350779,0.605967,0.818527
109,human,0,104,0,1.232334,0.880157,1.084648
109,lm,0,11,0,1.074702,2.565197,2.756823
2088,human,0,47,0,1.212870,0.547951,0.664594
2088,lm,0,27,0,1.362356,0.378662,0.515873
4755,human,0,68,0,1.280471,0.678131,0.868327
4755,lm,0,9,0,1.188444,0.778535,0.925245
6170,human,0,53,0,1.312404,0.717019,0.941019
6170,lm,0,70,0,1.562647,0.540372,0.844411
6724,human,0,53,0,1.099616,1.233476,1.356350
6724,lm,0,27,0,1.180043,1.042767,1.230510
3503,human,0,35,0,1.235056,0.631975,0.780524
3503,lm,0,58,0,1.419875,0.420813,0.597502
2527,human,0,128,0,1.122344,1.003604,1.126389
2527,human,1,128,0,1.068983,1.354876,1.448340
2527,human,2,46,0,1.093110,1.651708,1.805498
2527,lm,0,128,0,2.239250,0.191237,0.428227
2527,lm,1,128,0,2.181790,0.194598,0.424573
2527,lm,2,127,0,2.433655,0.160262,0.390023
6381,human,0,40,0,1.474843,0.405758,0.598429
6381,lm,0,24,0,1.419182,0.567699,0.805669
1370,human,0,128,0,1.365135,0.411727,0.562064
1370,human,1,82,0,1.344179,0.570117,0.766339
1370,lm,0,43,0,1.283026,0.766203,0.983058
6881,human,0,91,0,1.244538,0.887767,1.104860
6881,lm,0,52,0,1.423169,0.521893,0.742742
2447,human,0,128,0,1.259692,0.799591,1.007238
2447,human,1,128,0,1.168001,0.956343,1.117010
2447,human,2,81,0,1.077986,1.210164,1.304540
2447,lm,0,128,0,1.357990,0.337625,0.458491
2447,lm,1,27,0,1.151632,0.678629,0.781531
4524,human,0,99,0,1.221799,0.631322,0.771348
4524,lm,0,74,0,1.777072,0.298510,0.530474
4541,human,0,128,0,1.194213,0.567598,0.677833
4541,human,1,33,0,1.093040,1.215888,1.329014
4541,lm,0,10,0,1.029145,1.869998,1.924499
364,human,0,112,0,1.145460,0.885014,1.013748
364,lm,0,11,0,1.041816,3.297846,3.435747
1926,human,0,128,0,1.362965,0.559535,0.762627
1926,human,1,128,0,1.124113,1.040845,1.170027
1926,human,2,56,0,1.165324,1.127529,1.313936
1926,lm,0,97,0,1.725397,0.348836,0.601880
8225,human,0,29,0,1.398566,0.560123,0.783368
8225,lm,0,31,0,1.526551,0.573002,0.874717
5239,human,0,40,0,1.162639,1.294374,1.504890
5239,lm,0,54,0,1.865910,0.288487,0.538290
1471,human,0,128,0,1.274977,0.522215,0.665812
1471,human,1,6,0,1.015771,2.835939,2.880665
1471,lm,0,128,0,2.123584,0.126638,0.268926
1471,lm,1,128,0,1.685368,0.196022,0.330370
1471,lm,2,128,0,1.897572,0.144585,0.274361
1471,lm,3,44,0,1.554553,0.421493,0.655234
4647,human,0,46,0,1.245579,0.951885,1.185648
4647,lm,0,25,0,1.098286,1.765555,1.939084
3189,human,0,48,0,1.071681,1.394339,1.494286
3189,lm,0,11,0,1.074043,2.372790,2.548480
1707,human,0,128,0,1.148113,0.850644,0.976635
1707,human,1,128,0,1.103638,1.256892,1.387153
1707,human,2,128,0,1.038399,0.992290,1.030393
1707,human,3,128,0,1.088369,0.982340,1.069148
1707,human,4,128,0,1.145631,1.075751,1.232414
1707,human,5,128,0,1.075320,1.170872,1.259061
1707,human,6,41,0,1.008949,1.864454,1.881139
1707,lm,0,128,0,1.559281,0.490613,0.765004
1707,lm,1,128,0,1.473410,0.466026,0.686647
1707,lm,2,128,0,1.234712,0.590815,0.729486
1707,lm,3,45,0,1.133410,1.230806,1.395008
7077,human,0,107,0,1.197449,0.668649,0.800674
7077,lm,0,44,0,1.418634,0.755175,1.071316
1920,human,0,24,0,1.175824,0.935431,1.099902
1920,lm,0,32,0,1.168595,1.042070,1.217757
4476,human,0,128,0,1.255037,0.563970,0.707803
4476,human,1,83,0,1.285117,0.534824,0.687312
4476,lm,0,126,0,1.502191,0.410323,0.616384
4812,human,0,128,0,1.259202,0.640416,0.806413
4812,human,1,6,0,1.011819,3.028361,3.064154
4812,lm,0,128,0,1.598667,0.310475,0.496347
4812,lm,1,111,0,1.444628,0.490214,0.708177
1647,human,0,128,0,1.192444,0.612901,0.730850
1647,lm,0,44,0,1.380981,0.680759,0.940115
8034,human,0,63,0,1.461183,0.524390,0.766229
8034,lm,0,28,0,1.308707,0.740538,0.969147
3386,human,0,48,0,1.376440,0.647951,0.891866
3386,lm,0,10,0,1.063685,2.026194,2.155232
7651,human,0,40,0,1.279210,0.609824,0.780092
7651,lm,0,44,0,1.365506,0.577371,0.788403
4449,human,0,128,0,1.499601,0.527123,0.790474
4449,human,1,82,0,1.194728,0.912961,1.090740
4449,lm,0,123,0,1.331488,0.547299,0.728723
8740,human,0,128,0,1.274469,0.680146,0.866825
8740,human,1,128,0,1.289686,0.651167,0.839801
8740,human,2,128,0,1.260058,0.715006,0.900949
8740,human,3,103,0,1.270716,0.658175,0.836354
8740,lm,0,128,0,1.525244,0.321949,0.491051
8740,lm,1,128,0,1.521216,0.358697,0.545655
8740,lm,2,7,0,0.964642,4.764397,4.595938
7278,human,0,128,0,1.271727,0.619769,0.788178
7278,human,1,128,0,1.129802,0.700828,0.791796
7278,human,2,44,0,1.053869,1.453874,1.532192
7278,lm,0,54,0,1.241833,0.819272,1.017399
1565,human,0,26,0,1.247169,0.692172,0.863256
1565,lm,0,8,0,1.088988,2.205400,2.401655
1771,human,0,128,0,1.155641,0.879770,1.016699
1771,human,1,128,0,1.168739,0.815041,0.952571
1771,human,2,128,0,1.119884,0.916278,1.026124
1771,human,3,35,0,1.189058,0.986443,1.172938
1771,lm,0,61,0,1.290490,0.816777,1.054042
1860,human,0,23,0,1.147069,1.058538,1.214216
1860,lm,0,10,0,1.017645,2.613818,2.659940
8013,human,0,71,0,1.302289,0.598641,0.779603
8013,lm,0,9,0,1.016800,3.280690,3.335806
6353,human,0,49,0,1.222198,0.922077,1.126961
6353,lm,0,83,0,1.252863,0.779490,0.976594
8650,human,0,128,0,1.251687,0.791957,0.991282
8650,human,1,72,0,1.112643,1.272688,1.416048
8650,lm,0,34,0,1.329699,0.625426,0.831629
3311,human,0,115,0,1.376417,0.502871,0.692160
3311,lm,0,40,0,1.243133,0.709050,0.881443
4258,human,0,128,0,1.096105,1.245682,1.365398
4258,human,1,109,0,1.222817,0.728675,0.891036
4258,lm,0,9,0,1.003074,2.729507,2.737897
6414,human,0,58,0,1.285909,0.765361,0.984184
6414,lm,0,11,0,1.069409,1.740571,1.861381
4612,human,0,68,0,1.270665,0.721736,0.917084
4612,lm,0,34,0,1.405165,0.530931,0.746045
1531,human,0,116,0,1.200637,0.640876,0.769459
1531,lm,0,57,0,1.364038,0.650434,0.887216
6945,human,0,92,0,1.399394,0.574761,0.804317
6945,lm,0,10,0,1.090396,2.722826,2.968958
1044,human,0,124,0,1.278703,0.467731,0.598089
1044,lm,0,65,0,1.437518,0.519608,0.746946
811,human,0,54,0,1.297100,0.717623,0.930828
811,lm,0,17,0,1.418849,0.924863,1.312241
2360,human,0,68,0,1.326209,0.678983,0.900473
2360,lm,0,43,0,1.232796,0.925786,1.141305
685,human,0,80,0,1.466005,0.448239,0.657120
685,lm,0,30,0,1.406268,0.601198,0.845446
3040,human,0,44,0,1.140887,0.871293,0.994047
3040,lm,0,26,0,1.201599,0.903827,1.086037
5691,human,0,43,0,1.158642,0.859762,0.996156
5691,lm,0,128,0,1.724246,0.281839,0.485960
5691,lm,1,128,0,1.523327,0.305838,0.465892
5691,lm,2,128,0,1.539475,0.299984,0.461818
5691,lm,3,128,0,1.520317,0.275720,0.419182
5691,lm,4,128,0,1.470815,0.299520,0.440538
5691,lm,5,3,0,0.998570,3.921593,3.915985
4892,human,0,128,0,1.213585,0.539524,0.654758
4892,human,1,128,0,1.156252,0.765125,0.884677
4892,human,2,80,0,1.122661,0.976933,1.096764
4892,lm,0,128,0,1.337226,0.307188,0.410780
4892,lm,1,128,0,1.357118,0.254221,0.345008
4892,lm,2,56,0,1.140849,0.541753,0.618058
1256,human,0,128,0,1.260893,0.637761,0.804149
1256,human,1,128,0,1.215880,0.661552,0.804368
1256,human,2,128,0,1.399395,0.454979,0.636696
1256,human,3,22,0,1.081150,1.315158,1.421883
1256,lm,0,11,0,1.121195,1.422445,1.594838
8509,human,0,107,0,1.287522,0.697271,0.897752
8509,lm,0,33,0,1.305569,0.794100,1.036752
1709,human,0,128,0,1.224125,0.837130,1.024752
1709,human,1,37,0,1.175475,1.986827,2.335465
1709,lm,0,128,0,2.359225,0.142598,0.336421
1709,lm,1,128,0,1.636925,0.222545,0.364290
1709,lm,2,8,0,1.078939,3.532407,3.811251
7599,human,0,47,0,1.182627,1.061093,1.254877
7599,lm,0,9,0,1.044332,3.690751,3.854368
7225,human,0,42,0,1.238835,0.850519,1.053653
7225,lm,0,10,0,1.014790,3.318430,3.367511
3109,human,0,70,0,1.188729,0.820075,0.974847
3109,lm,0,19,0,1.091613,1.332477,1.454550
969,human,0,128,0,1.101963,1.092696,1.204110
969,human,1,14,0,1.025622,1.894856,1.943406
969,lm,0,31,0,1.090952,1.639203,1.788291
4901,human,0,112,0,1.387022,0.453599,0.629152
4901,lm,0,11,0,1.053869,2.531374,2.667737
4506,human,0,26,0,1.273742,0.949826,1.209833
4506,lm,0,72,0,1.847893,0.340544,0.629289
1074,human,0,21,0,1.051525,1.527970,1.606698
1074,lm,0,28,0,1.058614,1.538942,1.629145
2905,human,0,43,0,1.278900,0.797977,1.020533
2905,lm,0,10,0,1.046704,3.335771,3.491563
2135,human,0,77,0,1.311860,0.696939,0.914287
2135,lm,0,44,0,1.357170,0.760459,1.032072
4841,human,0,128,0,1.158322,1.052066,1.218632
4841,human,1,95,0,0.974769,1.646120,1.604586
4841,lm,0,46,0,1.388057,0.757519,1.051479
2423,human,0,62,0,1.212130,0.795541,0.964299
2423,lm,0,19,0,1.096695,1.348551,1.478949
2378,human,0,46,0,1.206434,0.739922,0.892667
2378,lm,0,36,0,1.479797,0.567183,0.839315
3914,human,0,128,0,1.340084,0.354847,0.475525
3914,human,1,1,0,1.000000,5.911391,5.911391
3914,lm,0,56,0,1.325605,0.652712,0.865238
116,human,0,56,0,1.222135,0.787387,0.962293
116,lm,0,56,0,1.413558,0.639111,0.903421
4092,human,0,128,0,1.298452,0.500003,0.649229
4092,human,1,32,0,1.217225,1.140790,1.388598
4092,lm,0,115,0,1.594152,0.206894,0.329821
7275,human,0,75,0,1.301384,0.602265,0.783779
7275,lm,0,77,0,1.328527,0.575771,0.764927
6131,human,0,62,0,1.233775,0.973422,1.200983
6131,lm,0,32,0,1.200154,0.767846,0.921533
2081,human,0,60,0,1.269718,0.657708,0.835104
2081,lm,0,106,0,1.723953,0.340304,0.586667
2007,human,0,21,0,1.069467,1.569497,1.678526
2007,lm,0,12,0,1.110349,1.915796,2.127202
2647,human,0,37,0,1.181542,0.979616,1.157458
2647,lm,0,11,0,1.214757,1.405813,1.707721
6553,human,0,21,0,1.265860,0.728338,0.921974
6553,lm,0,21,0,1.247809,0.728338,0.908826
7526,human,0,128,0,1.219173,0.853662,1.040762
7526,human,1,128,0,1.348053,0.695010,0.936911
7526,human,2,128,0,1.199175,0.909385,1.090512
7526,human,3,128,0,1.121258,1.034963,1.160460
7526,human,4,22,0,1.242098,0.934827,1.161146
7526,lm,0,37,0,1.381790,0.844120,1.166396
1664,human,0,63,0,1.081031,1.141787,1.234307
1664,lm,0,50,0,1.260479,0.675797,0.851828
1693,human,0,12,0,1.160054,1.008897,1.170375
1693,lm,0,8,0,1.218695,1.003045,1.222406
2638,human,0,42,0,1.106966,1.192336,1.319875
2638,lm,0,10,0,1.033309,2.028231,2.095789
2993,human,0,128,0,1.428169,0.411067,0.587074
2993,human,1,128,0,1.220505,0.443564,0.541373
2993,human,2,14,0,1.119320,2.000185,2.238846
2993,lm,0,128,0,1.561654,0.446764,0.697692
2993,lm,1,128,0,1.845150,0.254794,0.470133
2993,lm,2,14,0,1.169852,1.323717,1.548554
147,human,0,95,0,1.353929,0.550651,0.745542
147,lm,0,31,0,1.537575,0.485171,0.745986
3917,human,0,128,0,1.165071,0.677029,0.788786
3917,human,1,128,0,1.092550,0.827297,0.903864
3917,human,2,128,0,1.108294,0.897135,0.994289
3917,human,3,102,0,1.143483,0.879944,1.006201
3917,lm,0,94,0,1.381051,0.557274,0.769624
7456,human,0,128,0,1.229639,0.432751,0.532128
7456,human,1,128,0,1.293443,0.532072,0.688205
7456,human,2,5,0,1.033843,2.918971,3.017758
7456,lm,0,65,0,1.357375,0.487210,0.661326
6652,human,0,101,0,1.424268,0.358574,0.510705
6652,lm,0,12,0,1.121407,1.523492,1.708455
1012,human,0,31,0,1.180723,0.910563,1.075123
1012,lm,0,9,0,1.128653,1.358760,1.533569
922,human,0,32,0,1.234564,0.696497,0.859871
922,lm,0,10,0,1.094117,1.082734,1.184637
4597,human,0,128,0,1.237032,0.645932,0.799038
4597,human,1,128,0,0.964093,1.255266,1.210193
4597,human,2,13,0,0.965127,2.241800,2.163622
4597,lm,0,128,0,1.538681,0.397931,0.612289
4597,lm,1,8,0,1.122063,1.835340,2.059367
8354,human,0,128,0,1.142772,0.829265,0.947660
8354,human,1,128,0,1.345166,0.484871,0.652232
8354,human,2,16,0,1.098034,2.257248,2.478535
8354,lm,0,45,0,1.474168,0.512288,0.755198
79,human,0,84,0,1.316200,0.478608,0.629944
79,lm,0,21,0,1.410695,1.059179,1.494179
7804,human,0,91,0,1.428143,0.406412,0.580415
7804,lm,0,6,0,1.058595,3.158091,3.343138
4442,human,0,128,0,1.137755,1.011093,1.150376
4442,human,1,128,0,1.171365,0.663124,0.776760
4442,human,2,128,0,1.167112,0.741541,0.865462
4442,human,3,128,0,1.094864,0.914442,1.001191
4442,human,4,128,0,1.206169,0.668497,0.806321
4442,human,5,128,0,1.350343,0.643134,0.868451
4442,human,6,128,0,1.103051,1.064421,1.174111
4442,human,7,95,0,1.136784,1.137289,1.292852
4442,lm,0,44,0,1.174351,1.037403,1.218276
1239,human,0,31,0,1.103830,1.514186,1.671405
1239,lm,0,31,0,1.443083,0.752447,1.085844
6278,human,0,128,0,1.493346,0.395381,0.590441
6278,human,1,1,0,1.000000,10.212441,10.212441
6278,lm,0,39,0,1.235729,0.544949,0.673410
8800,human,0,29,0,1.315331,0.521079,0.685391
8800,lm,0,30,0,1.383896,0.461517,0.638692
6573,human,0,58,0,1.150335,0.788169,0.906658
6573,lm,0,52,0,1.597272,0.437809,0.699301
301,human,0,44,0,1.208667,0.952241,1.150942
301,lm,0,11,0,1.100828,1.951138,2.147868
6994,human,0,53,0,1.125027,1.072496,1.206586
6994,lm,0,48,0,1.341032,0.729296,0.978009
5275,human,0,128,0,1.164035,0.890724,1.036833
5275,human,1,24,0,0.998371,1.908429,1.905319
5275,lm,0,80,0,1.760109,0.375527,0.660968
1323,human,0,117,0,1.302616,0.618691,0.805917
1323,lm,0,86,0,1.456709,0.571990,0.833222
5938,human,0,25,0,1.204864,1.058307,1.275117
5938,lm,0,119,0,1.546724,0.344203,0.532386
3324,human,0,128,0,1.235773,0.716517,0.885452
3324,human,1,128,0,1.009349,1.198612,1.209818
3324,human,2,128,0,1.171066,0.892789,1.045514
3324,human,3,14,0,1.226812,1.586623,1.946487
3324,lm,0,77,0,1.340323,0.725608,0.972549
2038,human,0,86,0,1.301026,0.727912,0.947033
2038,lm,0,19,0,1.132313,1.027177,1.163085
5852,human,0,128,0,1.311663,0.501078,0.657245
5852,human,1,128,0,1.241646,0.581077,0.721492
5852,human,2,108,0,1.107389,1.005855,1.113873
5852,lm,0,23,0,1.244817,1.205263,1.500332
5320,human,0,21,0,1.114653,1.341720,1.495553
5320,lm,0,11,0,1.071207,1.280706,1.371901
5752,human,0,128,0,1.230810,0.437600,0.538602
5752,human,1,48,0,1.260653,0.836351,1.054349
5752,lm,0,6,0,1.029421,2.779375,2.861146
2633,human,0,41,0,1.162398,0.605010,0.703263
2633,lm,0,126,0,2.266273,0.170038,0.385352
2794,human,0,23,0,1.045793,1.874174,1.959998
2794,lm,0,10,0,1.033686,2.118654,2.190023
6761,human,0,21,0,1.114106,1.323112,1.474086
6761,lm,0,36,0,1.443297,0.646565,0.933186
188,human,0,58,0,1.112777,1.098002,1.221831
188,lm,0,11,0,1.118937,1.701223,1.903561
7814,human,0,22,0,1.056131,1.633700,1.725402
7814,lm,0,10,0,1.063593,2.748521,2.923309
3351,human,0,128,0,1.135508,0.972281,1.104033
3351,human,1,128,0,1.106041,1.047110,1.158147
3351,human,2,128,0,1.081997,1.174322,1.270614
3351,human,3,38,0,1.076491,1.375679,1.480905
3351,lm,0,45,0,1.412307,0.682960,0.964549
8626,human,0,106,0,1.216729,0.857883,1.043811
8626,lm,0,128,0,1.639374,0.404400,0.662963
8626,lm,1,41,0,1.359509,0.576503,0.783761
7292,human,0,36,0,1.377014,0.766617,1.055642
7292,lm,0,28,0,1.443756,0.564113,0.814441
3935,human,0,23,0,1.068251,1.487915,1.589466
3935,lm,0,11,0,1.117498,2.067726,2.310679
5569,human,0,27,0,1.066688,1.463785,1.561403
5569,lm,0,14,0,1.099471,1.306661,1.436635
4737,human,0,128,0,1.268108,0.718085,0.910609
4737,human,1,128,0,1.166328,1.070956,1.249086
4737,human,2,128,0,1.148946,1.081887,1.243029
4737,human,3,128,0,1.204468,0.646885,0.779153
4737,human,4,61,0,1.065766,1.563123,1.665923
4737,lm,0,32,0,1.266460,1.024068,1.296942
4522,human,0,27,0,1.121592,1.373769,1.540808
4522,lm,0,25,0,1.132822,1.458250,1.651937
216,human,0,107,0,1.261400,0.773776,0.976041
216,lm,0,34,0,1.274857,0.833395,1.062460
7184,human,0,65,0,1.418243,0.579636,0.822064
7184,lm,0,102,0,1.712008,0.320693,0.549029
7363,human,0,84,0,1.761224,0.336884,0.593328
7363,lm,0,34,0,1.288562,0.672926,0.867107
834,human,0,128,0,1.139747,0.883666,1.007155
834,human,1,128,0,1.139204,0.781583,0.890382
834,human,2,128,0,1.094667,1.147079,1.255670
834,human,3,115,0,1.095785,1.039153,1.138689
834,lm,0,35,0,1.270413,0.907761,1.153232
95,human,0,39,0,1.151485,1.005555,1.157881
95,lm,0,16,0,1.191419,1.243357,1.481359
5265,human,0,128,0,1.247995,0.618204,0.771516
5265,human,1,47,0,1.173350,1.114331,1.307501
5265,lm,0,48,0,1.653031,0.417936,0.690862
5236,human,0,128,0,1.311313,0.561715,0.736584
5236,human,1,24,0,1.288633,0.690416,0.889693
5236,lm,0,88,0,1.823639,0.261021,0.476009
8108,human,0,128,0,1.171184,0.929868,1.089046
8108,human,1,120,0,1.261491,0.451059,0.569007
8108,lm,0,126,0,1.425515,0.294173,0.419348
192,human,0,128,0,1.318552,0.444286,0.585815
192,human,1,78,0,1.352668,0.737056,0.996992
192,lm,0,84,0,1.697077,0.182253,0.309297
3674,human,0,57,0,1.285650,0.759712,0.976724
3674,lm,0,57,0,1.452155,0.507117,0.736412
5678,human,0,45,0,1.204896,0.856563,1.032069
5678,lm,0,38,0,1.314069,0.615727,0.809108
4867,human,0,35,0,1.205115,0.533382,0.642787
4867,lm,0,24,0,1.246852,0.624825,0.779065
4434,human,0,98,0,1.106691,0.989224,1.094765
4434,lm,0,10,0,1.239622,1.606547,1.991512
923,human,0,128,0,1.383648,0.437386,0.605188
923,human,1,128,0,1.252164,0.583379,0.730486
923,human,2,79,0,1.088534,0.905550,0.985722
923,lm,0,128,0,1.422993,0.371453,0.528575
923,lm,1,128,0,1.245585,0.545974,0.680057
923,lm,2,128,0,1.229949,0.524438,0.645032
923,lm,3,128,0,1.220503,0.561619,0.685458
923,lm,4,107,0,1.156778,0.679732,0.786299
8479,human,0,128,0,1.292679,0.498891,0.644906
8479,human,1,128,0,1.643000,0.319571,0.525054
8479,human,2,128,0,1.280426,0.609337,0.780211
8479,human,3,128,0,1.437390,0.412816,0.593378
8479,human,4,13,0,1.137841,1.324161,1.506685
8479,lm,0,128,0,1.791514,0.232369,0.416291
8479,lm,1,2,0,1.002395,5.135622,5.147922
6673,human,0,42,0,1.245476,0.401295,0.499803
6673,lm,0,23,0,1.376541,0.827120,1.138565
1422,human,0,128,0,1.153096,0.769457,0.887257
1422,human,1,40,0,1.123472,1.492334,1.676596
1422,lm,0,10,0,1.039134,2.133283,2.216767
6468,human,0,104,0,1.338138,0.596618,0.798358
6468,lm,0,38,0,1.296867,0.728692,0.945016
3898,human,0,70,0,1.466057,0.412745,0.605107
3898,lm,0,27,0,1.164879,1.057447,1.231797
2391,human,0,128,0,1.278786,0.586672,0.750228
2391,human,1,33,0,1.266180,0.931460,1.179396
2391,lm,0,128,0,1.487338,0.269802,0.401287
2391,lm,1,128,0,1.617795,0.182351,0.295006
2391,lm,2,57,0,1.211206,0.502289,0.608376
1980,human,0,29,0,1.164802,1.130668,1.317004
1980,lm,0,7,0,1.115960,1.275056,1.422912
1194,human,0,38,0,1.390800,0.616228,0.857050
1194,lm,0,26,0,1.393093,0.643153,0.895973
5350,human,0,128,0,1.142957,1.167124,1.333973
5350,human,1,128,0,1.238384,0.770585,0.954280
5350,human,2,128,0,1.231536,0.644516,0.793745
5350,human,3,128,0,1.231320,0.744981,0.917310
5350,human,4,128,0,1.237865,0.817873,1.012416
5350,human,5,1,0,1.000000,6.278522,6.278522
5350,lm,0,103,0,1.367024,0.576687,0.788345
4021,human,0,85,0,1.239974,0.514292,0.637708
4021,lm,0,31,0,1.113839,0.816113,0.909019
3816,human,0,33,0,1.095035,1.002890,1.098200
3816,lm,0,23,0,1.211523,1.236492,1.498038
978,human,0,89,0,1.399332,0.394152,0.551549
978,lm,0,10,0,1.051372,1.780712,1.872192
2191,human,0,128,0,1.301663,0.648939,0.844700
2191,human,1,128,0,1.279667,0.656470,0.840063
2191,human,2,128,0,1.284898,0.578545,0.743372
2191,human,3,75,0,1.154594,0.925128,1.068147
2191,lm,0,116,0,1.792986,0.312028,0.559461
2652,human,0,112,0,1.354761,0.596740,0.808440
2652,lm,0,62,0,1.409611,0.636673,0.897461
6132,human,0,38,0,1.214440,1.006876,1.222791
6132,lm,0,128,0,1.987286,0.123005,0.244446
6132,lm,1,128,0,1.538046,0.167330,0.257362
6132,lm,2,15,0,1.097850,0.985871,1.082338
7650,human,0,120,0,1.223339,0.905599,1.107854
7650,lm,0,11,0,1.016215,2.889064,2.935910
6798,human,0,128,0,1.172681,0.542534,0.636219
6798,human,1,128,0,1.151785,0.474191,0.546166
6798,human,2,10,0,1.033772,3.027343,3.129582
6798,lm,0,128,0,1.920445,0.144167,0.276864
6798,lm,1,128,0,1.526509,0.169665,0.258995
6798,lm,2,13,0,1.078900,0.824603,0.889665
523,human,0,59,0,1.245324,0.832495,1.036726
523,lm,0,10,0,1.122766,1.583643,1.778061
430,human,0,128,0,1.223686,0.877691,1.074017
430,human,1,128,0,1.258709,0.570993,0.718714
430,human,2,128,0,1.280563,0.483872,0.619629
430,human,3,128,0,1.244507,0.805682,1.002677
430,human,4,123,0,1.228134,0.671370,0.824532
430,lm,0,10,0,1.065135,2.036090,2.168710
7784,human,0,50,0,1.369447,0.623576,0.853955
7784,lm,0,49,0,1.494674,0.507975,0.759258
2172,human,0,128,0,1.252347,0.643350,0.805698
2172,human,1,128,0,1.112667,0.712361,0.792621
2172,human,2,128,0,1.120377,1.068578,1.197211
2172,human,3,128,0,1.330354,0.472216,0.628214
2172,human,4,14,0,1.062033,2.075535,2.204286
2172,lm,0,65,0,1.433655,0.624701,0.895606
7454,human,0,95,0,1.360583,0.407846,0.554908
7454,lm,0,7,0,0.952411,1.977770,1.883650
8343,human,0,108,0,1.199198,0.811041,0.972599
8343,lm,0,17,0,1.042430,1.290114,1.344853
7143,human,0,128,0,1.200592,0.877073,1.053006
7143,human,1,128,0,1.203499,0.811749,0.976940
7143,human,2,102,0,1.102110,1.012130,1.115479
7143,lm,0,62,0,1.437570,0.664796,0.955690
8683,human,0,33,0,1.285183,0.786191,1.010399
8683,lm,0,37,0,1.538187,0.526315,0.809570
476,human,0,43,0,1.333134,0.723670,0.964749
476,lm,0,30,0,1.336023,0.571277,0.763239
4316,human,0,13,0,1.050200,1.533164,1.610129
4316,lm,0,128,0,1.919751,0.170514,0.327345
4316,lm,1,128,0,1.983602,0.168397,0.334032
4316,lm,2,9,0,1.031277,2.365054,2.439025
486,human,0,65,0,1.564169,0.521476,0.815677
486,lm,0,64,0,1.488281,0.542914,0.808008
106,human,0,59,0,1.493724,0.563978,0.842428
106,lm,0,80,0,1.869671,0.309738,0.579108
1226,human,0,128,0,1.197596,0.624607,0.748027
1226,human,1,128,0,1.148070,0.878530,1.008614
1226,human,2,128,0,0.975148,1.483455,1.446588
1226,human,3,39,0,0.959109,2.150199,2.062275
1226,lm,0,105,0,1.202109,0.819943,0.985661
7725,human,0,128,0,1.287438,0.641424,0.825793
7725,human,1,55,0,1.127940,1.274570,1.437639
7725,lm,0,62,0,1.587890,0.386125,0.613124
8105,human,0,26,0,1.116238,1.117872,1.247812
8105,lm,0,128,0,1.706077,0.392632,0.669861
8105,lm,1,128,0,1.392761,0.539818,0.751837
8105,lm,2,128,0,1.453493,0.495829,0.720685
8105,lm,3,128,0,1.478594,0.508240,0.751481
8105,lm,4,45,0,1.164940,1.412002,1.644898
7802,human,0,43,0,1.157495,1.119445,1.295752
7802,lm,0,58,0,1.279862,0.790190,1.011334
237,human,0,67,0,1.407924,0.504811,0.710736
237,lm,0,11,0,1.168505,1.430269,1.671277
1255,human,0,61,0,1.219785,0.958938,1.169698
1255,lm,0,43,0,1.202859,0.965299,1.161119
2265,human,0,32,0,1.166222,0.868692,1.013088
2265,lm,0,10,0,1.095056,1.511703,1.655399
7820,human,0,65,0,1.419183,0.484326,0.687347
7820,lm,0,22,0,1.286125,0.606563,0.780116
5179,human,0,69,0,1.228589,0.621219,0.763222
5179,lm,0,35,0,1.359601,0.633953,0.861923
2628,human,0,77,0,1.588572,0.485057,0.770547
2628,lm,0,58,0,2.200648,0.303417,0.667715
622,human,0,43,0,1.211118,0.883914,1.070524
622,lm,0,10,0,1.060220,2.969306,3.148117
1411,human,0,128,0,1.335862,0.634458,0.847549
1411,human,1,128,0,1.201531,0.693121,0.832807
1411,human,2,128,0,0.977505,1.276856,1.248133
1411,human,3,128,0,1.245521,0.813613,1.013371
1411,human,4,90,0,1.050826,1.459807,1.534002
1411,lm,0,23,0,1.226685,1.439363,1.765644
5596,human,0,68,0,1.132480,0.901873,1.021352
5596,lm,0,45,0,1.268986,0.763424,0.968775
6261,human,0,54,0,1.163038,1.046533,1.217158
6261,lm,0,66,0,1.279119,0.803650,1.027964
624,human,0,68,0,1.151118,1.253382,1.442790
624,lm,0,43,0,1.355467,0.783321,1.061765
7406,human,0,128,0,1.230727,0.827783,1.018775
7406,human,1,128,0,1.142846,1.114278,1.273447
7406,human,2,95,0,1.113010,1.055606,1.174901
7406,lm,0,128,0,1.241466,0.747238,0.927670
7406,lm,1,33,0,1.084900,1.799725,1.952522
5289,human,0,93,0,1.276898,0.592880,0.757047
5289,lm,0,100,0,1.405853,0.464334,0.652786
8326,human,0,63,0,1.182642,1.016120,1.201706
8326,lm,0,36,0,1.499867,0.557536,0.836230
4515,human,0,128,0,1.180907,0.849535,1.003222
4515,human,1,128,0,1.154544,0.628285,0.725382
4515,human,2,8,0,1.014897,5.278024,5.356650
4515,lm,0,70,0,1.500786,0.491637,0.737842
3455,human,0,40,0,1.430635,0.813335,1.163586
3455,lm,0,13,0,1.180945,1.669095,1.971109
5822,human,0,128,0,1.168412,1.005407,1.174729
5822,human,1,128,0,1.130363,0.933304,1.054972
5822,human,2,100,0,1.093998,1.168912,1.278788
5822,lm,0,10,0,1.198471,1.606547,1.925400
1385,human,0,32,0,1.221984,0.643509,0.786358
1385,lm,0,128,0,1.349581,0.237395,0.320383
1385,lm,1,92,0,1.501166,0.193984,0.291202
8024,human,0,128,0,1.348528,0.461945,0.622945
8024,human,1,61,0,1.082821,1.130251,1.223860
8024,lm,0,6,0,1.056777,2.765095,2.922089
5106,human,0,128,0,1.327726,0.538550,0.715047
5106,human,1,128,0,1.270772,0.676456,0.859621
5106,human,2,48,0,1.190332,1.253525,1.492111
5106,lm,0,128,0,1.485024,0.341222,0.506723
5106,lm,1,128,0,1.472433,0.410505,0.604441
275,human,0,128,0,1.208313,0.571739,0.690839
275,human,1,15,0,1.092350,1.227012,1.340327
275,lm,0,24,0,1.282344,0.727968,0.933505
7872,human,0,10,0,1.065604,2.019165,2.151629
7872,lm,0,10,0,1.053103,2.019165,2.126388
1523,human,0,128,0,1.261894,0.458196,0.578195
1523,human,1,18,0,1.094991,1.458466,1.597007
1523,lm,0,104,0,1.979792,0.231188,0.457703
5798,human,0,66,0,1.240450,0.881186,1.093066
5798,lm,0,10,0,1.055093,3.227743,3.405571
69,human,0,62,0,1.425780,0.600360,0.855982
69,lm,0,16,0,1.167409,1.361538,1.589473
1802,human,0,128,0,1.479504,0.293371,0.434044
1802,human,1,1,0,1.000000,6.822228,6.822228
1802,lm,0,89,0,1.494389,0.313626,0.468679
4514,human,0,53,0,1.288572,0.735321,0.947513
4514,lm,0,28,0,1.186068,0.788995,0.935802
6658,human,0,58,0,1.327805,0.690809,0.917260
6658,lm,0,81,0,1.687538,0.393446,0.663954
7695,human,0,128,0,1.488497,0.370637,0.551692
7695,human,1,128,0,1.284672,0.469189,0.602754
7695,human,2,104,0,1.284051,0.383255,0.492119
7695,lm,0,10,0,1.118707,1.546137,1.729675
3700,human,0,128,0,1.249628,0.733170,0.916189
3700,human,1,128,0,1.200553,0.918648,1.102886
3700,human,2,128,0,1.148007,0.925803,1.062829
3700,human,3,128,0,1.283914,0.639002,0.820424
3700,human,4,128,0,1.319316,0.611222,0.806395
3700,human,5,60,0,1.210666,1.010588,1.223484
3700,lm,0,32,0,1.245712,0.739928,0.921736
7913,human,0,107,0,1.364318,0.491179,0.670125
7913,lm,0,38,0,1.337753,0.824326,1.102744
5517,human,0,9,0,1.036303,2.054262,2.128838
5517,lm,0,8,0,1.060347,2.298707,2.437428
6121,human,0,18,0,1.302302,0.549036,0.715011
6121,lm,0,128,0,2.406759,0.148685,0.357849
6121,lm,1,2,0,0.981347,5.401576,5.300821
7147,human,0,64,0,1.251043,0.764490,0.956410
7147,lm,0,56,0,1.350637,0.546149,0.737649
454,human,0,128,0,1.233690,0.756706,0.933540
454,human,1,45,0,1.110453,1.339554,1.487511
454,lm,0,128,0,1.616043,0.379872,0.613890
454,lm,1,128,0,1.293074,0.808158,1.045008
454,lm,2,128,0,1.228155,0.741662,0.910876
454,lm,3,128,0,1.067382,0.690716,0.737258
454,lm,4,128,0,1.087724,0.571151,0.621255
454,lm,5,44,0,0.979903,1.656574,1.623282
6996,human,0,128,0,1.348149,0.826913,1.114801
6996,human,1,118,0,1.143280,0.705107,0.806134
6996,lm,0,105,0,1.615307,0.400258,0.646540
3424,human,0,115,0,1.167358,0.810175,0.945764
3424,lm,0,84,0,1.183471,0.921359,1.090402
3767,human,0,58,0,1.174150,0.929983,1.091940
3767,lm,0,26,0,1.499189,0.643381,0.964549
3013,human,0,28,0,1.123819,0.903389,1.015245
3013,lm,0,11,0,1.133096,1.682637,1.906588
2215,human,0,66,0,1.350673,0.763517,1.031262
2215,lm,0,46,0,1.430345,0.699527,1.000565
6605,human,0,128,0,1.234160,0.695629,0.858517
6605,human,1,12,0,1.104479,1.317664,1.455332
6605,lm,0,56,0,1.303397,0.718758,0.936828
4205,human,0,55,0,1.126121,1.174215,1.322309
4205,lm,0,13,0,1.090443,1.890897,2.061915
7729,human,0,67,0,1.455060,0.523130,0.761186
7729,lm,0,25,0,1.554779,0.545939,0.848815
6405,human,0,128,0,1.314047,0.614323,0.807249
6405,human,1,128,0,1.096503,1.184814,1.299151
6405,human,2,61,0,1.200686,1.051759,1.262832
6405,lm,0,100,0,1.689054,0.328010,0.554027
2945,human,0,22,0,1.149900,1.031575,1.186209
2945,lm,0,7,0,1.166354,1.235017,1.440467
7301,human,0,68,0,1.240406,0.713129,0.884569
7301,lm,0,128,0,1.810585,0.307280,0.556356
7301,lm,1,128,0,1.601308,0.340056,0.544534
7301,lm,2,128,0,1.578602,0.309258,0.488195
7301,lm,3,128,0,1.634083,0.287619,0.469994
7301,lm,4,59,0,1.303028,0.577415,0.752388
5316,human,0,128,0,1.333142,0.606362,0.808366
5316,human,1,128,0,1.389037,0.568633,0.789852
5316,human,2,128,0,1.158907,0.892882,1.034768
5316,human,3,122,0,1.218380,0.809442,0.986207
5316,lm,0,124,0,1.795689,0.299060,0.537018
8395,human,0,63,0,1.165508,0.903382,1.052900
8395,lm,0,8,0,1.098515,1.679903,1.845398
3321,human,0,125,0,1.205499,0.750946,0.905265
3321,lm,0,45,0,1.217911,0.766303,0.933288
8234,human,0,108,0,1.253574,0.695621,0.872013
8234,lm,0,94,0,1.425417,0.550912,0.785279
394,human,0,25,0,1.191289,1.137907,1.355577
394,lm,0,122,0,1.266251,0.549105,0.695305
6284,human,0,128,0,1.265469,0.708506,0.896592
6284,human,1,45,0,1.037793,1.439625,1.494033
6284,lm,0,75,0,1.513136,0.363039,0.549326
6858,human,0,60,0,1.209845,0.674163,0.815633
6858,lm,0,10,0,1.102908,2.457751,2.710672
152,human,0,13,0,1.094763,1.465461,1.604332
152,lm,0,34,0,1.251867,0.969009,1.213071
2946,human,0,36,0,1.229855,0.898888,1.105502
2946,lm,0,11,0,1.112694,1.663041,1.850457
8145,human,0,77,0,1.207178,0.735139,0.887443
8145,lm,0,45,0,1.543562,0.426879,0.658914
2295,human,0,60,0,1.253694,0.838468,1.051182
2295,lm,0,10,0,1.035016,2.916544,3.018670
2941,human,0,36,0,1.166928,0.562849,0.656805
2941,lm,0,94,0,1.397608,0.399965,0.558994
6406,human,0,81,0,1.273224,0.656610,0.836012
6406,lm,0,45,0,1.217843,0.985543,1.200236
3432,human,0,116,0,1.234029,0.606191,0.748057
3432,lm,0,37,0,1.271337,0.734418,0.933692
608,human,0,98,0,1.143437,0.620573,0.709586
608,lm,0,43,0,1.298077,0.878584,1.140470
6638,human,0,128,0,1.707177,0.243228,0.415232
6638,human,1,6,0,1.056606,2.942351,3.108906
6638,lm,0,55,0,1.652347,0.381286,0.630016
2510,human,0,55,0,1.159756,1.040814,1.207091
2510,lm,0,82,0,1.446963,0.481537,0.696766
8021,human,0,38,0,1.229739,0.928074,1.141289
8021,lm,0,46,0,1.372451,0.990801,1.359826
5027,human,0,46,0,1.194542,0.984441,1.175956
5027,lm,0,15,0,1.140543,1.225394,1.397615
1551,human,0,128,0,1.391123,0.415677,0.578258
1551,human,1,31,0,1.261398,0.842737,1.063027
1551,lm,0,29,0,1.253534,0.557883,0.699325
7502,human,0,74,0,1.387362,0.532343,0.738553
7502,lm,0,45,0,1.659965,0.407964,0.677206
2976,human,0,79,0,1.309530,0.566686,0.742093
2976,lm,0,53,0,1.510965,0.582891,0.880728
1100,human,0,106,0,1.290257,0.557896,0.719829
1100,lm,0,24,0,1.123218,0.922901,1.036619
330,human,0,21,0,1.121458,1.027901,1.152748
330,lm,0,37,0,1.249091,0.850331,1.062141
3074,human,0,104,0,1.185590,0.666944,0.790722
3074,lm,0,56,0,1.401453,0.524851,0.735554
4688,human,0,102,0,1.213958,0.747498,0.907432
4688,lm,0,128,0,1.502790,0.423544,0.636498
4688,lm,1,77,0,1.045321,1.307348,1.366599
6483,human,0,128,0,1.224104,0.834551,1.021577
6483,human,1,128,0,1.136136,1.026819,1.166606
6483,human,2,128,0,1.029927,1.463170,1.506958
6483,human,3,128,0,1.082108,0.921099,0.996729
6483,human,4,128,0,1.247995,0.816515,1.019007
6483,human,5,128,0,1.286882,0.851995,1.096418
6483,human,6,26,0,1.264246,0.770345,0.973906
6483,lm,0,41,0,1.457893,0.672213,0.980014
6753,human,0,128,0,1.328515,0.604976,0.803720
6753,human,1,128,0,1.161449,0.723520,0.840332
6753,human,2,7,0,0.992522,2.217749,2.201164
6753,lm,0,11,0,1.061018,2.174184,2.306849
5923,human,0,128,0,1.420348,0.288306,0.409494
5923,human,1,34,0,1.119480,0.682591,0.764147
5923,lm,0,36,0,1.354234,0.521439,0.706150
7248,human,0,90,0,1.424461,0.498677,0.710346
7248,lm,0,97,0,1.505838,0.386276,0.581669
1294,human,0,66,0,1.179448,1.041271,1.228125
1294,lm,0,128,0,1.226969,0.655472,0.804243
4507,human,0,41,0,1.196603,0.773860,0.926003
4507,lm,0,30,0,1.327627,0.562088,0.746243
1676,human,0,30,0,1.316291,0.637575,0.839235
1676,lm,0,65,0,1.408121,0.416589,0.586608
7861,human,0,128,0,1.236770,0.611580,0.756383
7861,human,1,128,0,1.353736,0.433475,0.586811
7861,human,2,2,0,1.009848,3.853586,3.891536
7861,lm,0,128,0,2.451129,0.077792,0.190679
7861,lm,1,13,0,1.140815,0.416363,0.474994
2556,human,0,32,0,1.139668,1.240351,1.413589
2556,lm,0,11,0,1.085380,1.703684,1.849145
8852,human,0,42,0,1.203037,0.985934,1.186115
8852,lm,0,43,0,1.325573,0.565367,0.749436
841,human,0,128,0,1.206185,0.905656,1.092388
841,human,1,128,0,1.156473,1.037073,1.199347
841,human,2,79,0,1.113210,1.501775,1.671792
841,lm,0,19,0,1.187964,1.019643,1.211299
3018,human,0,24,0,1.188492,1.180687,1.403237
3018,lm,0,10,0,1.237333,1.606547,1.987834
8660,human,0,128,0,1.177853,0.964558,1.136108
8660,human,1,116,0,1.078575,1.183559,1.276557
8660,lm,0,12,0,1.090717,2.029538,2.213652
5077,human,0,21,0,1.106703,0.806588,0.892653
5077,lm,0,13,0,1.136083,1.632425,1.854571
3167,human,0,86,0,1.147964,0.820736,0.942175
3167,lm,0,51,0,1.225719,1.016092,1.245443
6920,human,0,128,0,1.190169,0.883843,1.051923
6920,human,1,55,0,1.131650,1.568740,1.775266
6920,lm,0,51,0,1.607948,0.446590,0.718093
2789,human,0,90,0,1.328560,0.549493,0.730034
2789,lm,0,9,0,0.897268,5.016160,4.500841
2757,human,0,128,0,1.219977,0.731767,0.892739
2757,human,1,68,0,1.061113,1.316931,1.397413
2757,lm,0,47,0,1.248452,0.872117,1.088796
4678,human,0,63,0,1.198462,0.915148,1.096770
4678,lm,0,102,0,1.369476,0.581763,0.796710
4197,human,0,53,0,1.220023,0.491578,0.599737
4197,lm,0,16,0,1.267797,0.975078,1.236200
1728,human,0,13,0,1.159196,0.948032,1.098955
1728,lm,0,39,0,1.370171,0.405083,0.555033
8786,human,0,77,0,1.564194,0.499789,0.781767
8786,lm,0,7,0,1.080695,2.400489,2.594196
1258,human,0,128,0,1.258438,0.650656,0.818810
1258,human,1,128,0,1.077229,1.466449,1.579701
1258,human,2,128,0,1.085205,1.253571,1.360381
1258,human,3,90,0,1.083284,1.299827,1.408081
1258,lm,0,57,0,1.391113,0.588906,0.819234
5266,human,0,30,0,1.146031,1.426552,1.634873
5266,lm,0,30,0,1.096821,1.809860,1.985093
7042,human,0,28,0,1.100972,1.405490,1.547405
7042,lm,0,73,0,1.608673,0.232065,0.373316
326,human,0,107,0,1.335390,0.509683,0.680625
326,lm,0,40,0,1.514351,0.691895,1.047772
7515,human,0,48,0,1.367588,0.541873,0.741060
7515,lm,0,9,0,1.014110,1.841476,1.867460
4525,human,0,33,0,1.131936,1.463370,1.656440
4525,lm,0,12,0,1.048700,2.294256,2.405985
2294,human,0,95,0,1.379501,0.411810,0.568092
2294,lm,0,10,0,1.038922,3.061531,3.180692
4183,human,0,14,0,1.278241,0.981506,1.254602
4183,lm,0,8,0,1.173760,1.410629,1.655740
3122,human,0,119,0,1.301975,0.598945,0.779811
3122,lm,0,10,0,1.071281,1.926003,2.063291
4677,human,0,53,0,1.133144,1.144948,1.297391
4677,lm,0,91,0,1.467652,0.432070,0.634129
302,human,0,77,0,1.132729,0.878248,0.994817
302,lm,0,29,0,1.226126,0.921886,1.130349
7285,human,0,76,0,1.240321,0.866413,1.074630
7285,lm,0,11,0,1.097298,1.449762,1.590820
5900,human,0,128,0,1.417547,0.471607,0.668525
5900,human,1,118,0,1.370212,0.570184,0.781273
5900,lm,0,10,0,1.097370,2.204074,2.418686
1734,human,0,126,0,1.280647,0.523854,0.670872
1734,lm,0,119,0,2.341841,0.134269,0.314438
8690,human,0,128,0,1.220850,0.609023,0.743525
8690,human,1,5,0,1.065553,3.715729,3.959306
8690,lm,0,10,0,1.028628,2.116565,2.177158
1460,human,0,41,0,1.434981,0.382676,0.549133
1460,lm,0,55,0,1.562687,0.361013,0.564150
5598,human,0,23,0,1.172454,0.881305,1.033290
5598,lm,0,81,0,1.496542,0.375306,0.561661
924,human,0,67,0,1.170808,0.864954,1.012695
924,lm,0,14,0,1.100086,1.636907,1.800738
5960,human,0,80,0,1.224941,0.801592,0.981903
5960,lm,0,30,0,1.142517,1.246695,1.424371
6210,human,0,53,0,1.024074,1.701161,1.742115
6210,lm,0,125,0,1.537761,0.317724,0.488584
7432,human,0,59,0,1.439738,0.461111,0.663878
7432,lm,0,6,0,1.064636,3.183151,3.388899
225,human,0,90,0,1.204197,0.924102,1.112801
225,lm,0,121,0,1.219034,0.748363,0.912280
3547,human,0,42,0,1.155369,0.890624,1.028999
3547,lm,0,11,0,1.116431,1.334655,1.490051
1903,human,0,128,0,1.341536,0.437438,0.586839
1903,human,1,3,0,1.097765,2.632405,2.889762
1903,lm,0,7,0,1.066296,2.692249,2.870734
6292,human,0,62,0,1.200914,0.850906,1.021865
6292,lm,0,9,0,1.031084,2.633731,2.715598
6340,human,0,40,0,1.092830,0.828728,0.905658
6340,lm,0,86,0,1.576445,0.328930,0.518541
8598,human,0,70,0,1.099499,1.274364,1.401163
8598,lm,0,9,0,1.041462,2.177633,2.267921
756,human,0,109,0,1.172567,0.721647,0.846180
756,lm,0,36,0,1.411932,0.722835,1.020594
4636,human,0,128,0,1.236802,0.791959,0.979497
4636,human,1,14,0,1.173752,1.632853,1.916565
4636,lm,0,7,0,1.017013,2.625112,2.669773
4495,human,0,13,0,1.095402,1.466205,1.606083
4495,lm,0,12,0,1.158673,1.224595,1.418905
7543,human,0,20,0,1.031265,1.520545,1.568085
7543,lm,0,19,0,1.138124,1.371069,1.560446
966,human,0,27,0,1.149124,1.048562,1.204927
966,lm,0,15,0,1.184894,1.225703,1.452328
8339,human,0,85,0,1.465121,0.405415,0.593982
8339,lm,0,40,0,1.402310,0.598803,0.839708
732,human,0,24,0,1.249935,0.839762,1.049648
732,lm,0,12,0,1.223874,1.284878,1.572529
5142,human,0,128,0,1.374362,0.428061,0.588311
5142,human,1,128,0,1.376750,0.342357,0.471341
5142,human,2,128,0,1.407301,0.490029,0.689618
5142,human,3,83,0,1.208531,0.775438,0.937141
5142,lm,0,11,0,1.051229,1.596032,1.677795
6017,human,0,128,0,1.205059,0.666854,0.803598
6017,human,1,28,0,1.104636,1.056797,1.167376
6017,lm,0,35,0,1.298813,0.476394,0.618747
2932,human,0,19,0,1.138143,1.466994,1.669650
2932,lm,0,31,0,1.300602,0.850023,1.105542
3511,human,0,20,0,1.137255,1.567792,1.782978
3511,lm,0,27,0,1.322212,0.755456,0.998872
8937,human,0,111,0,1.499808,0.384598,0.576823
8937,lm,0,9,0,0.999452,2.872052,2.870479
3241,human,0,128,0,1.208749,0.712364,0.861069
3241,human,1,14,0,1.043159,2.036404,2.124293
3241,lm,0,27,0,1.188137,0.818999,0.973083
2367,human,0,128,0,1.325390,0.529277,0.701499
2367,human,1,32,0,1.116184,1.449048,1.617404
2367,lm,0,21,0,1.041377,1.789284,1.863319
1949,human,0,106,0,1.261837,0.778551,0.982405
1949,lm,0,10,0,1.059056,2.126554,2.252140
8596,human,0,115,0,1.170668,1.018452,1.192270
8596,lm,0,63,0,1.299267,0.700077,0.909587
733,human,0,128,0,1.159444,0.860526,0.997731
733,human,1,60,0,1.099646,1.286357,1.414537
733,lm,0,59,0,1.203445,0.714723,0.860131
7617,human,0,61,0,1.261001,0.879241,1.108724
7617,lm,0,26,0,1.225467,0.920134,1.127594
5896,human,0,104,0,1.331351,0.457453,0.609030
5896,lm,0,128,0,1.845229,0.182543,0.336833
5896,lm,1,128,0,1.813577,0.171851,0.311666
5896,lm,2,128,0,1.691118,0.206176,0.348667
5896,lm,3,2,0,1.013637,2.865557,2.904633
5761,human,0,128,0,1.221233,0.649443,0.793121
5761,human,1,35,0,1.106159,1.654135,1.829736
5761,lm,0,9,0,1.053467,1.108606,1.167880
6355,human,0,39,0,1.107782,0.957012,1.060161
6355,lm,0,42,0,1.153004,1.034508,1.192793
3985,human,0,69,0,1.077370,1.261916,1.359550
3985,lm,0,128,0,1.403041,0.459436,0.644608
3985,lm,1,30,0,1.297732,0.564844,0.733016
8968,human,0,119,0,1.307627,0.586259,0.766608
8968,lm,0,128,0,1.677475,0.238905,0.400757
8968,lm,1,11,0,0.977158,2.334874,2.281541
1644,human,0,128,0,1.254690,0.610349,0.765799
1644,human,1,128,0,1.198483,0.808735,0.969255
1644,human,2,128,0,1.047419,1.482020,1.552295
1644,human,3,128,0,0.972119,0.871330,0.847036
1644,human,4,74,0,1.155726,1.183868,1.368227
1644,lm,0,128,0,1.285603,0.479992,0.617079
1644,lm,1,16,0,0.872013,2.024626,1.765500
3284,human,0,85,0,1.336036,0.523618,0.699573
3284,lm,0,86,0,1.393830,0.536219,0.747399
3926,human,0,128,0,1.438897,0.537821,0.773869
3926,human,1,128,0,1.315282,0.574527,0.755665
3926,human,2,128,0,1.250096,0.684934,0.856233
3926,human,3,128,0,1.205505,0.835881,1.007659
3926,human,4,124,0,1.258600,0.687218,0.864933
3926,lm,0,74,0,1.394818,0.546458,0.762210
298,human,0,73,0,1.295191,0.576416,0.746569
298,lm,0,6,0,1.212950,1.699625,2.061559
7586,human,0,73,0,1.236127,0.731522,0.904254
7586,lm,0,34,0,1.321571,0.945804,1.249948
8141,human,0,69,0,1.293010,0.725034,0.937476
8141,lm,0,67,0,1.365726,0.662353,0.904593
7563,human,0,103,0,1.214523,0.926653,1.125442
7563,lm,0,26,0,1.190498,1.166646,1.388890
8144,human,0,97,0,1.291123,0.531223,0.685874
8144,lm,0,11,0,1.225216,1.961024,2.402678
7648,human,0,96,0,1.251934,0.795966,0.996497
7648,lm,0,9,0,1.039807,1.415485,1.471830
8007,human,0,31,0,1.096033,0.667795,0.731926
8007,lm,0,10,0,1.071191,2.375253,2.544350
3997,human,0,45,0,1.474521,0.679100,1.001347
3997,lm,0,7,0,1.126388,3.137149,3.533647
3901,human,0,50,0,1.227085,1.067319,1.309690
3901,lm,0,64,0,1.350812,0.624773,0.843951
7920,human,0,128,0,1.313070,0.497757,0.653590
7920,human,1,128,0,1.176146,0.775554,0.912164
7920,human,2,128,0,1.134920,0.964787,1.094955
7920,human,3,44,0,1.016684,2.115960,2.151262
7920,lm,0,128,0,1.877645,0.238261,0.447370
7920,lm,1,112,0,1.680843,0.301661,0.507045
2168,human,0,90,0,1.162447,0.976273,1.134866
2168,lm,0,35,0,1.325745,0.567232,0.752005
6819,human,0,128,0,1.396918,0.457499,0.639088
6819,human,1,92,0,1.258033,0.927812,1.167218
6819,lm,0,23,0,1.247474,1.208547,1.507631
7590,human,0,128,0,1.270828,0.859220,1.091920
7590,human,1,128,0,1.266773,0.893006,1.131236
7590,human,2,103,0,1.124146,1.118868,1.257771
7590,lm,0,128,0,1.763936,0.348926,0.615483
7590,lm,1,38,0,1.338815,0.730733,0.978316
8440,human,0,128,0,1.189584,0.841147,1.000615
8440,human,1,29,0,1.090335,1.213735,1.323377
8440,lm,0,11,0,1.155283,1.854319,2.142263
5248,human,0,128,0,1.062045,1.368347,1.453247
5248,human,1,128,0,0.980452,1.725105,1.691383
5248,human,2,128,0,1.077343,1.182309,1.273753
5248,human,3,128,0,1.059079,1.390779,1.472945
5248,human,4,128,0,1.011328,1.236521,1.250528
5248,human,5,128,0,1.026730,0.918741,0.943299
5248,human,6,128,0,1.184880,0.622109,0.737125
5248,human,7,128,0,0.941566,1.237132,1.164842
5248,human,8,22,0,1.140259,1.598127,1.822279
5248,lm,0,128,0,1.353131,0.402448,0.544564
5248,lm,1,31,0,1.085095,1.446452,1.569538
6332,human,0,128,0,1.380364,0.593954,0.819873
6332,human,1,111,0,1.229544,0.623888,0.767097
6332,lm,0,76,0,1.343784,0.587494,0.789465
610,human,0,43,0,1.156182,0.959085,1.108877
610,lm,0,11,0,1.094574,1.533519,1.678550
6527,human,0,125,0,1.245635,0.649783,0.809393
6527,lm,0,10,0,1.069316,1.886752,2.017534
3553,human,0,128,0,1.471203,0.485811,0.714726
3553,human,1,2,0,0.982960,3.500995,3.441338
3553,lm,0,111,0,1.586711,0.404992,0.642606
5700,human,0,128,0,1.291362,0.793493,1.024686
5700,human,1,128,0,1.195696,0.646446,0.772953
5700,human,2,128,0,1.221614,0.712717,0.870666
5700,human,3,128,0,1.169122,0.811001,0.948160
5700,human,4,128,0,1.116940,0.918875,1.026329
5700,human,5,34,0,1.180173,0.966006,1.140054
5700,lm,0,31,0,1.278584,1.030179,1.317170
4965,human,0,112,0,1.174555,0.971157,1.140677
4965,lm,0,77,0,1.252065,0.730260,0.914333
8856,human,0,53,0,1.281084,0.681364,0.872884
8856,lm,0,7,0,1.148100,1.373647,1.577084
296,human,0,42,0,1.153684,1.074437,1.239562
296,lm,0,17,0,1.191325,1.031314,1.228630
6701,human,0,128,0,1.269263,0.560069,0.710874
6701,human,1,112,0,1.314111,0.548382,0.720635
6701,lm,0,32,0,1.464483,0.603691,0.884095
166,human,0,18,0,1.154741,1.085741,1.253750
166,lm,0,10,0,1.093772,1.301493,1.423536
6051,human,0,128,0,1.183763,0.884255,1.046748
6051,human,1,128,0,1.145205,0.875373,1.002482
6051,human,2,128,0,1.128421,0.974627,1.099789
6051,human,3,128,0,1.125861,0.955656,1.075936
6051,human,4,128,0,1.093933,0.959663,1.049807
6051,human,5,64,0,1.094723,1.170916,1.281828
6051,lm,0,48,0,1.359499,0.542983,0.738185
4700,human,0,91,0,1.236770,0.728030,0.900405
4700,lm,0,128,0,2.228639,0.198126,0.441551
4700,lm,1,128,0,1.871234,0.269472,0.504245
4700,lm,2,128,0,1.732347,0.309617,0.536364
4700,lm,3,22,0,1.239132,1.241196,1.538006
7108,human,0,128,0,1.208718,0.589653,0.712725
7108,human,1,128,0,1.207322,0.799604,0.965380
7108,human,2,12,0,1.087515,2.598888,2.826329
7108,lm,0,9,0,1.055643,0.040029,0.042257
2667,human,0,62,0,1.135256,1.067201,1.211547
2667,lm,0,44,0,1.425847,0.724737,1.033364
7876,human,0,78,0,1.286291,0.715248,0.920017
7876,lm,0,35,0,1.312147,0.896194,1.175938
3930,human,0,128,0,1.174732,0.787609,0.925229
3930,human,1,128,0,1.051076,1.527689,1.605717
3930,human,2,128,0,1.150435,1.161407,1.336123
3930,human,3,81,0,1.092819,1.361290,1.487644
3930,lm,0,9,0,1.010034,2.417627,2.441885
3552,human,0,128,0,1.229098,0.552037,0.678508
3552,human,1,76,0,1.197936,0.583915,0.699493
3552,lm,0,84,0,1.236812,0.609049,0.753278
4410,human,0,128,0,1.245274,0.572943,0.713471
4410,human,1,62,0,1.196598,0.675526,0.808333
4410,lm,0,128,0,1.720657,0.209466,0.360419
4410,lm,1,128,0,1.515388,0.223199,0.338234
4410,lm,2,128,0,1.326695,0.268939,0.356799
4410,lm,3,16,0,1.058956,1.506419,1.595231
8112,human,0,75,0,1.279526,0.551742,0.705968
8112,lm,0,99,0,1.962836,0.285914,0.561203
775,human,0,84,0,1.395267,0.642906,0.897026
775,lm,0,38,0,1.315069,0.726148,0.954935
2424,human,0,58,0,1.216198,0.759258,0.923408
2424,lm,0,44,0,1.371768,0.436298,0.598500
6685,human,0,128,0,1.219253,0.726953,0.886340
6685,human,1,4,0,0.991587,4.109581,4.075006
6685,lm,0,72,0,1.677434,0.305186,0.511930
509,human,0,90,0,1.283870,0.291778,0.374605
509,lm,0,66,0,1.219511,0.652476,0.795702
828,human,0,87,0,1.265015,0.766201,0.969255
828,lm,0,80,0,1.579155,0.473553,0.747813
262,human,0,51,0,1.248481,0.886806,1.107161
262,lm,0,51,0,1.231178,0.874600,1.076789
5751,human,0,14,0,1.130872,1.039492,1.175532
5751,lm,0,24,0,1.238045,0.731260,0.905333
2928,human,0,128,0,1.194292,0.719442,0.859224
2928,human,1,91,0,1.137141,0.967109,1.099739
2928,lm,0,36,0,1.364311,0.592325,0.808116
1684,human,0,128,0,1.202272,0.700907,0.842681
1684,human,1,128,0,1.195418,0.418578,0.500376
1684,human,2,128,0,1.226606,0.599089,0.734846
1684,human,3,128,0,1.232080,0.529418,0.652286
1684,human,4,128,0,1.233473,0.595679,0.734753
1684,human,5,128,0,1.297004,0.261379,0.339010
1684,human,6,128,0,1.274403,0.279152,0.355752
1684,human,7,122,0,1.265821,0.359050,0.454493
1684,lm,0,10,0,1.048404,1.611166,1.689153
2019,human,0,20,0,1.061575,1.694108,1.798423
2019,lm,0,56,0,1.247529,0.930908,1.161335
3588,human,0,29,0,1.200323,0.903377,1.084343
3588,lm,0,11,0,1.047325,2.667785,2.794039
7609,human,0,14,0,1.125627,1.846116,2.078038
7609,lm,0,29,0,1.301213,0.771498,1.003882
8863,human,0,128,0,1.239046,0.737455,0.913740
8863,human,1,27,0,1.046912,1.525911,1.597494
8863,lm,0,17,0,1.065498,1.611274,1.716810
4099,human,0,128,0,1.176609,0.592010,0.696564
4099,human,1,4,0,1.009888,2.027713,2.047764
4099,lm,0,76,0,1.443787,0.391476,0.565208
7589,human,0,42,0,1.301712,0.659398,0.858346
7589,lm,0,8,0,1.086750,2.037776,2.214554
8590,human,0,128,0,1.310409,0.560751,0.734813
8590,human,1,27,0,1.171093,1.079849,1.264603
8590,lm,0,15,0,1.242879,0.769336,0.956191
3763,human,0,77,0,1.513384,0.536965,0.812634
3763,lm,0,76,0,1.953087,0.304282,0.594290
3777,human,0,46,0,1.160842,1.175342,1.364386
3777,lm,0,41,0,1.493246,0.502269,0.750012
8081,human,0,128,0,1.268014,0.771279,0.977993
8081,human,1,39,0,1.065489,1.628207,1.734836
8081,lm,0,20,0,1.223235,1.118468,1.368150
7270,human,0,128,0,1.228864,0.774865,0.952204
7270,human,1,117,0,1.126489,1.067809,1.202875
7270,lm,0,128,0,1.815169,0.402066,0.729819
7270,lm,1,128,0,1.477488,0.459940,0.679555
7270,lm,2,20,0,1.110408,1.847267,2.051220
4462,human,0,50,0,1.186460,0.944657,1.120798
4462,lm,0,10,0,1.068681,1.833316,1.959231
7457,human,0,97,0,1.031196,1.512589,1.559776
7457,lm,0,5,0,1.077346,3.676220,3.960563
242,human,0,128,0,1.558630,0.404754,0.630862
242,human,1,128,0,1.433150,0.476173,0.682427
242,human,2,4,0,1.024862,3.950750,4.048976
242,lm,0,14,0,1.146655,1.202315,1.378640
3958,human,0,22,0,1.106494,1.017787,1.126175
3958,lm,0,10,0,1.082325,1.596430,1.727855
5014,human,0,84,0,1.709014,0.310113,0.529987
5014,lm,0,15,0,1.202946,1.060355,1.275549
8459,human,0,18,0,1.192575,0.914780,1.090944
8459,lm,0,30,0,1.339923,0.994111,1.332032
3969,human,0,94,0,1.251030,0.605202,0.757126
3969,lm,0,52,0,1.227384,0.760574,0.933516
3317,human,0,13,0,1.085446,1.335557,1.449676
3317,lm,0,14,0,1.064421,2.141787,2.279763
2607,human,0,28,0,1.173559,1.100272,1.291234
2607,lm,0,128,0,1.560076,0.282855,0.441275
2607,lm,1,128,0,1.430631,0.180291,0.257930
2607,lm,2,21,0,1.067111,0.919125,0.980808
4377,human,0,14,0,1.155660,1.184315,1.368665
4377,lm,0,128,0,1.428511,0.442503,0.632121
4377,lm,1,11,0,1.055096,2.402263,2.534619
5639,human,0,128,0,1.318826,0.548514,0.723394
5639,human,1,12,0,1.091549,2.158888,2.356532
5639,lm,0,46,0,1.437634,0.626550,0.900750
3630,human,0,56,0,1.248982,0.700673,0.875128
3630,lm,0,54,0,1.172316,0.967633,1.134372
8677,human,0,45,0,1.119099,1.168655,1.307841
8677,lm,0,10,0,1.026291,2.484139,2.549451
3068,human,0,128,0,1.235814,0.598586,0.739740
3068,human,1,2,0,1.070672,3.729093,3.992635
3068,lm,0,11,0,1.092596,1.328291,1.451285
8109,human,0,114,0,1.294332,0.606449,0.784946
8109,lm,0,128,0,1.331324,0.513262,0.683319
8109,lm,1,65,0,1.153352,0.998196,1.151271
48,human,0,21,0,1.342005,0.747537,1.003198
48,lm,0,26,0,1.430391,0.618647,0.884907
2029,human,0,66,0,1.472941,0.457832,0.674359
2029,lm,0,38,0,1.402733,0.581787,0.816092
1538,human,0,43,0,1.301431,0.676694,0.880670
1538,lm,0,56,0,1.441623,0.354733,0.511391
7937,human,0,73,0,1.338552,0.584993,0.783044
7937,lm,0,69,0,1.535467,0.318275,0.488700
1247,human,0,38,0,1.080934,1.091774,1.180136
1247,lm,0,102,0,1.584832,0.348337,0.552055
4019,human,0,28,0,1.315585,0.721100,0.948668
4019,lm,0,65,0,1.832655,0.348425,0.638542
505,human,0,43,0,1.326922,0.795418,1.055457
505,lm,0,128,0,1.176885,0.696885,0.820154
505,lm,1,128,0,1.143933,0.862449,0.986584
505,lm,2,128,0,1.022216,1.234302,1.261723
505,lm,3,128,0,1.042956,1.119744,1.167844
505,lm,4,6,0,1.056466,4.003823,4.229904
4862,human,0,30,0,1.120914,0.764825,0.857303
4862,lm,0,10,0,1.023058,1.408780,1.441263
3273,human,0,128,0,1.182364,0.640501,0.757306
3273,human,1,128,0,1.207076,0.689153,0.831860
3273,human,2,127,0,1.347850,0.350998,0.473093
3273,lm,0,99,0,1.433826,0.407073,0.583672
8349,human,0,128,0,1.433121,0.440161,0.630803
8349,human,1,17,0,1.014493,2.468717,2.504497
8349,lm,0,34,0,1.347497,0.670174,0.903057
8827,human,0,25,0,1.219113,1.005171,1.225417
8827,lm,0,9,0,1.088881,1.721184,1.874164
3638,human,0,128,0,1.238361,0.728367,0.901981
3638,human,1,16,0,0.948028,3.197464,3.031284
3638,lm,0,122,0,1.708625,0.378581,0.646854
807,human,0,24,0,1.468817,0.668622,0.982084
807,lm,0,18,0,1.562444,0.647029,1.010947
2365,human,0,37,0,1.216960,0.744374,0.905874
2365,lm,0,22,0,1.302211,0.941092,1.225500
5999,human,0,65,0,1.250611,0.845840,1.057817
5999,lm,0,11,0,1.043452,2.599297,2.712241
1878,human,0,36,0,1.246605,0.890320,1.109878
1878,lm,0,34,0,1.216650,1.158917,1.409997
5274,human,0,30,0,1.208230,0.721555,0.871804
5274,lm,0,38,0,1.316414,0.607002,0.799066
6607,human,0,27,0,1.227431,0.950078,1.166155
6607,lm,0,24,0,1.229146,1.141724,1.403345
1157,human,0,60,0,1.604655,0.506428,0.812642
1157,lm,0,58,0,1.654349,0.500946,0.828739
499,human,0,80,0,1.278616,0.660377,0.844369
499,lm,0,6,0,1.048455,1.992510,2.089057
5800,human,0,128,0,1.632832,0.277091,0.452443
5800,human,1,52,0,1.071430,1.590605,1.704222
5800,lm,0,42,0,1.434573,0.426879,0.612389
7159,human,0,27,0,1.300753,0.645204,0.839251
7159,lm,0,10,0,1.147362,1.305545,1.497933
4879,human,0,66,0,1.176684,0.813025,0.956673
4879,lm,0,54,0,1.225265,0.752477,0.921984
1741,human,0,128,0,1.220790,0.687025,0.838713
1741,human,1,51,0,1.157236,1.128177,1.305566
1741,lm,0,24,0,1.174715,1.185257,1.392339
1388,human,0,80,0,1.246512,0.675490,0.842007
1388,lm,0,117,0,1.457451,0.287022,0.418320
7425,human,0,91,0,1.402412,0.479930,0.673059
7425,lm,0,33,0,1.388787,0.565452,0.785292
4473,human,0,80,0,1.105530,1.063020,1.175201
4473,lm,0,10,0,1.043587,2.258493,2.356935
323,human,0,79,0,1.412751,0.444802,0.628394
323,lm,0,10,0,1.026797,2.734746,2.808028
2257,human,0,35,0,1.225965,0.925579,1.134728
2257,lm,0,32,0,1.158150,1.049580,1.215571
1825,human,0,128,0,1.276502,0.566362,0.722962
1825,human,1,128,0,1.156292,0.812422,0.939397
1825,human,2,49,0,1.097180,1.246861,1.368032
1825,lm,0,10,0,1.063278,2.253642,2.396248
7091,human,0,128,0,1.155877,0.914895,1.057505
7091,human,1,113,0,1.122907,0.999427,1.122264
7091,lm,0,73,0,1.335337,0.429223,0.573158
1120,human,0,128,0,1.133622,0.990819,1.123215
1120,human,1,128,0,1.127394,0.978566,1.103229
1120,human,2,76,0,1.167973,0.826164,0.964937
1120,lm,0,55,0,1.645451,0.332633,0.547331
5471,human,0,37,0,1.079990,1.152499,1.244687
5471,lm,0,10,0,1.027039,3.266404,3.354724
5765,human,0,77,0,1.236579,0.838522,1.036899
5765,lm,0,41,0,1.464370,0.549103,0.804090
921,human,0,128,0,1.176495,0.793217,0.933215
921,human,1,116,0,1.243133,0.674034,0.837914
921,lm,0,53,0,1.412220,0.664811,0.938860
6959,human,0,17,0,1.108574,1.320711,1.464106
6959,lm,0,5,0,1.004937,1.947255,1.956869
1123,human,0,120,0,1.332317,0.486848,0.648636
1123,lm,0,128,0,1.444232,0.358592,0.517890
1123,lm,1,26,0,1.104583,1.016446,1.122749
2725,human,0,96,0,1.020298,1.177302,1.201200
2725,lm,0,26,0,1.354245,0.671254,0.909042
4601,human,0,128,0,1.375506,0.493509,0.678825
4601,human,1,71,0,1.013383,1.296740,1.314094
4601,lm,0,128,0,1.795290,0.296813,0.532864
4601,lm,1,27,0,1.107594,1.061436,1.175640
7714,human,0,128,0,1.280870,0.679148,0.869900
7714,human,1,128,0,1.130313,0.889862,1.005822
7714,human,2,5,0,1.022255,3.869509,3.955626
7714,lm,0,10,0,1.131372,1.146876,1.297544
444,human,0,128,0,1.251512,0.527298,0.659920
444,human,1,68,0,1.289884,0.422201,0.544590
444,lm,0,11,0,1.009250,3.713803,3.748156
6127,human,0,44,0,1.346185,1.065373,1.434190
6127,lm,0,76,0,1.380599,0.525080,0.724926
5415,human,0,79,0,1.099732,1.034282,1.137433
5415,lm,0,10,0,1.221605,0.749841,0.916010
1990,human,0,69,0,1.142837,0.962017,1.099428
1990,lm,0,6,0,1.034640,2.061987,2.133415
6448,human,0,47,0,1.222817,0.769080,0.940445
6448,lm,0,16,0,1.095717,1.643351,1.800648
711,human,0,128,0,1.267759,0.677620,0.859059
711,human,1,128,0,1.097124,1.140090,1.250820
711,human,2,128,0,1.174329,0.742520,0.871963
711,human,3,16,0,0.979853,2.093760,2.051576
711,lm,0,128,0,1.724476,0.106918,0.184378
711,lm,1,53,0,1.276244,0.294301,0.375600
469,human,0,128,0,1.364676,0.527075,0.719287
469,lm,0,128,0,1.435540,0.326308,0.468428
469,lm,1,128,0,1.335763,0.406351,0.542788
469,lm,2,38,0,1.098357,1.097800,1.205776
872,human,0,128,0,1.152322,0.971692,1.119703
872,human,1,128,0,1.288690,0.603965,0.778324
872,human,2,77,0,1.213108,0.850246,1.031440
872,lm,0,15,0,1.291566,0.742809,0.959387
6747,human,0,80,0,1.152997,0.966800,1.114718
6747,lm,0,10,0,1.043254,2.018696,2.106011
5173,human,0,128,0,1.331206,0.571764,0.761136
5173,human,1,128,0,1.168047,0.731856,0.854843
5173,human,2,128,0,1.174032,0.909187,1.067414
5173,human,3,3,0,1.044042,2.784953,2.907608
5173,lm,0,111,0,1.473050,0.426600,0.628402
8748,human,0,128,0,1.128744,1.120077,1.264280
8748,human,1,86,0,1.105121,1.034642,1.143405
8748,lm,0,128,0,1.460348,0.372118,0.543422
8748,lm,1,128,0,1.287538,0.481967,0.620551
8748,lm,2,118,0,1.350596,0.432160,0.583674
4648,human,0,92,0,1.039788,1.225352,1.274106
4648,lm,0,11,0,1.094190,1.595722,1.746023
7863,human,0,128,0,1.126801,0.527005,0.593830
7863,human,1,128,0,1.053362,0.608657,0.641136
7863,lm,0,24,0,1.242226,0.562030,0.698168
1170,human,0,128,0,1.322655,0.542340,0.717328
1170,human,1,92,0,1.380469,0.588663,0.812631
1170,lm,0,113,0,1.435552,0.604152,0.867291
4551,human,0,14,0,1.081568,1.922621,2.079445
4551,lm,0,71,0,1.288012,0.739254,0.952168
6804,human,0,58,0,1.334369,0.629108,0.839462
6804,lm,0,10,0,1.053459,2.805933,2.955936
6670,human,0,76,0,1.268888,0.690063,0.875612
6670,lm,0,31,0,1.304447,0.859198,1.120778
7067,human,0,43,0,1.373612,0.589746,0.810082
7067,lm,0,7,0,1.158033,0.997528,1.155171
172,human,0,58,0,1.134928,1.127662,1.279815
172,lm,0,104,0,1.508952,0.430899,0.650206
1942,human,0,67,0,1.212995,0.793887,0.962981
1942,lm,0,73,0,1.288980,0.752266,0.969656
2346,human,0,77,0,1.442634,0.439830,0.634514
2346,lm,0,36,0,1.247454,0.647979,0.808324
333,human,0,83,0,1.275794,0.716093,0.913587
333,lm,0,11,0,1.142210,0.858346,0.980412
2509,human,0,128,0,1.203743,0.751882,0.905074
2509,human,1,118,0,1.178257,0.815994,0.961450
2509,lm,0,128,0,2.516213,0.179443,0.451516
2509,lm,1,128,0,2.348505,0.151381,0.355520
2509,lm,2,59,0,1.577332,0.384084,0.605828
1027,human,0,111,0,1.310794,0.556025,0.728834
1027,lm,0,11,0,1.099033,1.259402,1.384124
2644,human,0,57,0,1.427670,0.360196,0.514241
2644,lm,0,50,0,1.568337,0.400405,0.627970
4786,human,0,94,0,1.365514,0.586168,0.800421
4786,lm,0,9,0,1.074735,1.153100,1.239277
6606,human,0,128,0,1.294352,0.511200,0.661673
6606,human,1,128,0,1.133604,0.887647,1.006240
6606,human,2,128,0,1.232186,0.569371,0.701571
6606,human,3,128,0,1.205406,0.802847,0.967756
6606,human,4,128,0,1.232944,0.857467,1.057209
6606,human,5,128,0,1.263091,0.661688,0.835772
6606,human,6,128,0,1.110874,1.144451,1.271341
6606,human,7,54,0,1.007516,1.322760,1.332701
6606,lm,0,83,0,1.301039,0.680299,0.885095
4806,human,0,128,0,1.283653,0.647384,0.831016
4806,human,1,128,0,1.350622,0.497968,0.672566
4806,human,2,6,0,1.089434,3.214743,3.502252
4806,lm,0,128,0,1.578816,0.289732,0.457434
4806,lm,1,97,0,1.338122,0.464920,0.622119
1311,human,0,128,0,1.347366,0.436988,0.588783
1311,human,1,128,0,1.228811,0.731462,0.898829
1311,human,2,13,0,0.992748,4.241765,4.211002
1311,lm,0,66,0,1.475129,0.472232,0.696603
5527,human,0,76,0,1.224675,0.991842,1.214684
5527,lm,0,19,0,1.067410,1.397441,1.491643
754,human,0,128,0,1.181788,0.895785,1.058628
754,human,1,128,0,1.181673,0.816382,0.964697
754,human,2,128,0,1.141993,0.837569,0.956497
754,human,3,128,0,1.028683,1.574160,1.619311
754,human,4,19,0,1.132625,1.568152,1.776128
754,lm,0,93,0,1.225899,0.693887,0.850635
8520,human,0,52,0,1.391597,0.607671,0.845633
8520,lm,0,17,0,1.189264,1.334884,1.587529
2543,human,0,64,0,1.227520,0.583869,0.716711
2543,lm,0,6,0,1.116994,1.316218,1.470208
6892,human,0,54,0,1.413835,0.696544,0.984798
6892,lm,0,25,0,1.123195,1.447284,1.625583
3498,human,0,128,0,1.169879,0.786440,0.920040
3498,human,1,121,0,1.199574,0.576261,0.691268
3498,lm,0,58,0,1.319070,0.515921,0.680536
306,human,0,73,0,1.463327,0.513270,0.751082
306,lm,0,46,0,1.333377,0.605590,0.807479
3835,human,0,35,0,1.470333,0.595271,0.875246
3835,lm,0,53,0,1.369194,0.660403,0.904220
670,human,0,42,0,1.141566,0.908733,1.037379
670,lm,0,49,0,1.440371,0.549735,0.791823
6037,human,0,16,0,1.171357,0.894505,1.047785
6037,lm,0,11,0,1.153955,1.136824,1.311844
8531,human,0,30,0,1.137126,1.112884,1.265490
8531,lm,0,122,0,1.795541,0.241421,0.433482
8580,human,0,106,0,1.309612,0.549340,0.719422
8580,lm,0,74,0,1.315100,0.518697,0.682138
8302,human,0,128,0,1.226432,0.627280,0.769317
8302,human,1,128,0,1.111768,1.197922,1.331811
8302,human,2,73,0,1.263553,0.862740,1.090118
8302,lm,0,128,0,1.578006,0.320659,0.506001
8302,lm,1,48,0,1.249127,0.575119,0.718397
8331,human,0,120,0,1.276114,0.585779,0.747520
8331,lm,0,63,0,1.264220,0.786037,0.993724
8071,human,0,73,0,1.354870,0.515124,0.697925
8071,lm,0,112,0,1.765500,0.222170,0.392240
7262,human,0,128,0,1.155879,0.974311,1.126186
7262,human,1,128,0,1.131340,0.721463,0.816220
7262,human,2,128,0,1.106075,0.666717,0.737439
7262,human,3,128,0,1.046004,0.912767,0.954758
7262,human,4,128,0,1.240997,0.692050,0.858832
7262,human,5,128,0,1.249747,0.365799,0.457156
7262,human,6,128,0,1.156858,0.660471,0.764071
7262,human,7,25,0,1.076919,1.495792,1.610846
7262,lm,0,21,0,1.097202,1.406419,1.543126
1174,human,0,128,0,1.315982,0.444737,0.585265
1174,human,1,128,0,1.214179,0.715427,0.868657
1174,human,2,124,0,1.076616,0.829086,0.892608
1174,lm,0,128,0,1.426792,0.534193,0.762182
1174,lm,1,13,0,0.998305,3.040384,3.035229
6244,human,0,128,0,1.237009,0.781662,0.966922
6244,human,1,55,0,1.198268,1.091174,1.307519
6244,lm,0,38,0,1.275773,0.810376,1.033856
7987,human,0,110,0,1.222971,0.750467,0.917799
7987,lm,0,49,0,1.293078,0.711156,0.919581
4811,human,0,128,0,1.143327,1.070403,1.223820
4811,human,1,60,0,1.053770,2.060215,2.170992
4811,lm,0,11,0,1.095297,1.886858,2.066669
6185,human,0,8,0,1.098021,0.809181,0.888497
6185,lm,0,128,0,2.655667,0.081704,0.216978
6185,lm,1,23,0,1.476582,0.375081,0.553837
2405,human,0,128,0,1.107922,1.129239,1.251108
2405,human,1,128,0,1.063407,1.301222,1.383729
2405,human,2,128,0,1.131465,1.137954,1.287556
2405,human,3,128,0,1.100090,1.355603,1.491285
2405,human,4,128,0,1.014096,1.423621,1.443688
2405,human,5,128,0,1.082551,1.337934,1.448381
2405,human,6,23,0,0.876634,2.507635,2.198278
2405,lm,0,90,0,1.311988,0.125753,0.164987
3793,human,0,128,0,1.143983,0.763044,0.872909
3793,human,1,128,0,1.145406,0.811887,0.929940
3793,human,2,128,0,1.139704,0.934350,1.064883
3793,human,3,128,0,1.122448,0.918731,1.031227
3793,human,4,95,0,1.272300,0.749161,0.953157
3793,lm,0,10,0,1.073084,2.574382,2.762528
8578,human,0,53,0,1.155007,1.113756,1.286396
8578,lm,0,10,0,1.088402,1.897842,2.065616
511,human,0,71,0,1.278733,0.679841,0.869335
511,lm,0,6,0,1.058733,1.840762,1.948875
3784,human,0,123,0,1.196991,0.662317,0.792788
3784,lm,0,66,0,1.249485,0.639234,0.798714
2409,human,0,128,0,1.141100,0.768865,0.877351
2409,human,1,21,0,1.029630,1.489050,1.533171
2409,lm,0,35,0,1.230897,0.786805,0.968475
7717,human,0,34,0,1.222125,0.710550,0.868380
7717,lm,0,13,0,1.198227,1.221293,1.463386
8095,human,0,22,0,1.092778,2.020656,2.208129
8095,lm,0,14,0,1.066696,1.009441,1.076767
177,human,0,82,0,1.328533,0.563274,0.748328
177,lm,0,59,0,1.313533,0.755582,0.992482
1569,human,0,98,0,1.215463,0.712374,0.865864
1569,lm,0,24,0,1.129123,1.414992,1.597699
5731,human,0,98,0,1.291163,0.707446,0.913428
5731,lm,0,10,0,1.070995,1.693849,1.814104
4773,human,0,35,0,1.087763,1.075409,1.169790
4773,lm,0,10,0,1.043763,2.385879,2.490291
1841,human,0,68,0,1.108768,1.219887,1.352571
1841,lm,0,128,0,1.718490,0.329068,0.565500
1841,lm,1,128,0,1.751951,0.261866,0.458777
1841,lm,2,128,0,1.683648,0.301863,0.508232
1841,lm,3,128,0,1.773841,0.270310,0.479487
1841,lm,4,23,0,1.398575,0.867146,1.212769
6538,human,0,128,0,1.014266,1.498768,1.520148
6538,human,1,128,0,0.995248,1.287858,1.281738
6538,human,2,128,0,0.968469,1.830619,1.772897
6538,human,3,128,0,1.005248,1.431811,1.439326
6538,human,4,128,0,1.041257,1.345650,1.401167
6538,human,5,107,0,1.234985,0.623720,0.770285
6538,lm,0,128,0,1.807359,0.376964,0.681310
6538,lm,1,128,0,1.377831,0.582116,0.802058
6538,lm,2,128,0,1.579156,0.460662,0.727457
6538,lm,3,128,0,1.427080,0.562706,0.803027
6538,lm,4,115,0,1.399271,0.600222,0.839873
8998,human,0,66,0,1.212295,0.902009,1.093501
8998,lm,0,13,0,1.115494,1.563070,1.743595
7207,human,0,61,0,1.211867,0.822324,0.996547
7207,lm,0,24,0,1.202498,0.864251,1.039259
6296,human,0,128,0,1.168816,0.784160,0.916539
6296,human,1,37,0,1.097605,0.915857,1.005249
6296,lm,0,128,0,1.923310,0.242216,0.465857
6296,lm,1,128,0,1.673480,0.239363,0.400570
6296,lm,2,128,0,1.493964,0.346538,0.517716
6296,lm,3,128,0,1.395261,0.349192,0.487215
6296,lm,4,13,0,1.030724,2.459168,2.534724
2700,human,0,30,0,1.098723,1.529531,1.680530
2700,lm,0,72,0,1.646852,0.298565,0.491692
6717,human,0,103,0,1.154793,0.861258,0.994574
6717,lm,0,106,0,1.338274,0.673244,0.900985
8970,human,0,128,0,1.226184,0.958767,1.175626
8970,human,1,128,0,1.358640,0.479258,0.651139
8970,human,2,128,0,1.169759,0.947095,1.107872
8970,human,3,128,0,1.097930,0.892559,0.979967
8970,human,4,15,0,1.098781,1.697619,1.865312
8970,lm,0,69,0,1.475396,0.542339,0.800165
5708,human,0,128,0,1.365345,0.534600,0.729914
5708,human,1,22,0,0.960323,2.606312,2.502901
5708,lm,0,46,0,1.403170,0.760272,1.066790
3773,human,0,128,0,1.306607,0.519309,0.678532
3773,human,1,128,0,1.410484,0.288203,0.406506
3773,human,2,128,0,1.287437,0.591357,0.761335
3773,human,3,39,0,1.286508,0.594136,0.764361
3773,lm,0,27,0,1.143494,1.144448,1.308669
8345,human,0,68,0,1.260289,0.904209,1.139565
8345,lm,0,12,0,1.064611,2.641739,2.812424
6187,human,0,52,0,1.412727,0.448170,0.633142
6187,lm,0,49,0,1.663911,0.300073,0.499295
981,human,0,128,0,1.412249,0.485015,0.684962
981,human,1,17,0,0.976631,2.507695,2.449092
981,lm,0,51,0,1.491093,0.579622,0.864271
7582,human,0,101,0,1.640080,0.368143,0.603785
7582,lm,0,43,0,1.352694,0.741672,1.003255
7869,human,0,76,0,1.225061,0.832722,1.020135
7869,lm,0,35,0,1.175264,0.880934,1.035330
5103,human,0,126,0,1.222265,0.424369,0.518691
5103,lm,0,31,0,1.128166,1.334809,1.505886
7832,human,0,47,0,1.323250,0.717280,0.949140
7832,lm,0,31,0,1.337372,0.678827,0.907845
3856,human,0,29,0,1.211730,0.910934,1.103806
3856,lm,0,9,0,1.034240,2.259362,2.336721
6928,human,0,33,0,1.223644,0.961872,1.176989
6928,lm,0,8,0,1.136806,1.931210,2.195411
4881,human,0,128,0,1.399132,0.526358,0.736445
4881,human,1,43,0,1.149855,1.264465,1.453951
4881,lm,0,5,0,1.029230,2.334028,2.402252
5632,human,0,81,0,1.199687,0.887690,1.064951
5632,lm,0,25,0,1.051864,1.226252,1.289851
4270,human,0,25,0,1.165067,0.907270,1.057030
4270,lm,0,11,0,1.164071,1.412395,1.644129
6617,human,0,128,0,1.301948,0.430732,0.560791
6617,human,1,128,0,1.308417,0.442844,0.579425
6617,human,2,82,0,1.217460,0.725860,0.883706
6617,lm,0,51,0,1.313516,0.683580,0.897894
6966,human,0,86,0,1.358283,0.407690,0.553759
6966,lm,0,34,0,1.419547,0.365920,0.519440
1309,human,0,102,0,1.161728,0.730411,0.848538
1309,lm,0,10,0,1.061770,2.442442,2.593310
4498,human,0,20,0,1.075587,1.492341,1.605142
4498,lm,0,5,0,0.994924,2.156842,2.145894
8365,human,0,128,0,1.209895,0.817826,0.989483
8365,human,1,128,0,1.082978,1.263132,1.367944
8365,human,2,60,0,1.105306,1.423504,1.573407
8365,lm,0,10,0,1.074434,3.562463,3.827632
3402,human,0,37,0,1.215732,1.051789,1.278693
3402,lm,0,14,0,1.100186,1.527318,1.680334
1438,human,0,99,0,1.196728,0.525829,0.629274
1438,lm,0,9,0,1.035467,1.419408,1.469750
268,human,0,111,0,1.476483,0.447937,0.661372
268,lm,0,108,0,1.519222,0.334933,0.508838
7720,human,0,128,0,1.121721,1.190297,1.335181
7720,human,1,128,0,1.153297,0.810866,0.935170
7720,human,2,128,0,1.074914,1.142119,1.227679
7720,human,3,128,0,1.112818,1.001916,1.114950
7720,human,4,128,0,1.238810,0.844007,1.045564
7720,human,5,128,0,1.222610,0.923419,1.128981
7720,human,6,128,0,1.069556,1.057542,1.131100
7720,human,7,128,0,1.132557,1.158491,1.312057
7720,human,8,128,0,1.107425,1.088557,1.205496
7720,human,9,4,0,1.080150,2.148070,2.320238
7720,lm,0,57,0,1.192784,1.170078,1.395650
4028,human,0,128,0,1.363548,0.447651,0.610393
4028,human,1,128,0,1.204203,0.688059,0.828563
4028,human,2,128,0,1.335831,0.576799,0.770506
4028,human,3,107,0,1.176202,0.662280,0.778975
4028,lm,0,91,0,1.342803,0.548075,0.735957
4481,human,0,128,0,1.131072,1.167032,1.319998
4481,human,1,128,0,1.118495,0.897920,1.004319
4481,human,2,128,0,1.121171,0.763456,0.855964
4481,human,3,110,0,1.049142,1.329139,1.394455
4481,lm,0,11,0,1.139960,1.567586,1.786984
6216,human,0,128,0,1.127933,0.650183,0.733363
6216,human,1,42,0,0.789300,3.531832,2.787675
6216,lm,0,31,0,1.273503,0.749892,0.954990
114,human,0,56,0,1.187251,1.080476,1.282796
114,lm,0,53,0,1.338312,0.648713,0.868180
693,human,0,27,0,1.038532,2.007807,2.085172
693,lm,0,57,0,1.264939,0.875668,1.107667
5172,human,0,109,0,1.130910,0.908802,1.027773
5172,lm,0,46,0,1.259853,0.786545,0.990932
3025,human,0,128,0,1.236486,0.637534,0.788302
3025,human,1,128,0,1.180058,0.718331,0.847672
3025,human,2,128,0,1.306650,0.563742,0.736613
3025,human,3,128,0,1.268698,0.522907,0.663411
3025,human,4,79,0,1.188708,0.768875,0.913968
3025,lm,0,60,0,1.412855,0.598190,0.845157
7959,human,0,30,0,1.061418,1.198630,1.272248
7959,lm,0,6,0,1.027092,2.391054,2.455832
142,human,0,128,0,1.304283,0.532702,0.694794
142,human,1,27,0,1.280594,0.815521,1.044351
142,lm,0,46,0,1.649810,0.494326,0.815544
8265,human,0,60,0,1.234493,0.615679,0.760051
8265,lm,0,10,0,1.108217,1.937971,2.147692
8102,human,0,72,0,1.274548,0.628495,0.801047
8102,lm,0,14,0,1.095433,1.680880,1.841292
8170,human,0,54,0,1.656510,0.448880,0.743575
8170,lm,0,30,0,1.315807,0.970137,1.276514
5685,human,0,75,0,1.429430,0.474777,0.678661
5685,lm,0,10,0,1.122119,2.333644,2.618625
6630,human,0,49,0,1.183548,1.300702,1.539443
6630,lm,0,128,0,1.331704,0.639073,0.851055
6630,lm,1,61,0,1.251141,0.613328,0.767359
7220,human,0,44,0,1.091355,1.027480,1.121345
7220,lm,0,10,0,1.068144,2.129453,2.274564
806,human,0,87,0,1.301840,0.761919,0.991897
806,lm,0,89,0,1.370223,0.738464,1.011860
2320,human,0,36,0,1.169360,0.891907,1.042960
2320,lm,0,17,0,1.103475,1.882277,2.077047
6182,human,0,34,0,1.300216,0.640338,0.832578
6182,lm,0,43,0,1.145578,0.944349,1.081825
4340,human,0,128,0,1.299484,0.385390,0.500808
4340,human,1,23,0,1.100998,1.252480,1.378978
4340,lm,0,13,0,1.126956,1.218150,1.372801
3208,human,0,128,0,1.205189,0.759140,0.914907
3208,human,1,128,0,1.136321,1.232240,1.400220
3208,human,2,128,0,1.197659,0.684575,0.819887
3208,human,3,11,0,0.959186,2.451766,2.351699
3208,lm,0,35,0,1.472150,0.718002,1.057006
1932,human,0,41,0,1.215941,0.646897,0.786588
1932,lm,0,63,0,1.606345,0.456153,0.732738
2746,human,0,32,0,1.186343,0.630129,0.747549
2746,lm,0,128,0,2.185729,0.137815,0.301227
2746,lm,1,128,0,2.003083,0.095049,0.190392
2746,lm,2,33,0,1.240486,0.416268,0.516375
2116,human,0,128,0,1.292842,0.508271,0.657114
2116,human,1,89,0,1.157533,0.749224,0.867251
2116,lm,0,12,0,1.158746,0.895561,1.037727
3695,human,0,128,0,1.279456,0.772146,0.987927
3695,human,1,124,0,1.195678,0.750625,0.897506
3695,lm,0,128,0,1.423468,0.609362,0.867407
3695,lm,1,128,0,1.083821,1.066404,1.155791
3695,lm,2,108,0,1.156960,0.926886,1.072370
3372,human,0,128,0,1.242552,0.778205,0.966960
3372,human,1,128,0,1.132264,0.876543,0.992478
3372,human,2,21,0,1.224062,1.194192,1.461765
3372,lm,0,39,0,1.265690,0.960156,1.215260
4317,human,0,33,0,1.132982,1.431983,1.622411
4317,lm,0,10,0,1.020973,2.343263,2.392407
4792,human,0,128,0,1.204566,0.597772,0.720056
4792,human,1,128,0,1.189091,0.810112,0.963297
4792,human,2,128,0,1.233331,0.684825,0.844616
4792,human,3,128,0,1.293100,0.763971,0.987891
4792,human,4,128,0,1.190474,0.718993,0.855943
4792,human,5,128,0,1.032608,1.258988,1.300042
4792,human,6,82,0,1.056326,1.370283,1.447466
4792,lm,0,128,0,1.340099,0.515542,0.690878
4792,lm,1,33,0,1.120146,0.858638,0.961800
1004,human,0,67,0,1.563275,0.466658,0.729515
1004,lm,0,70,0,2.047724,0.239985,0.491422
8608,human,0,128,0,1.191425,0.746351,0.889222
8608,human,1,12,0,1.099933,1.504450,1.654794
8608,lm,0,62,0,1.255227,0.389861,0.489364
195,human,0,34,0,1.279100,0.675244,0.863704
195,lm,0,34,0,1.302463,0.673526,0.877243
7968,human,0,103,0,1.429315,0.541846,0.774468
7968,lm,0,10,0,1.049191,2.238174,2.348273
3558,human,0,128,0,1.287679,0.589546,0.759146
3558,human,1,78,0,1.335253,0.589620,0.787292
3558,lm,0,7,0,1.068859,2.649398,2.831833
2740,human,0,128,0,1.438480,0.515377,0.741359
2740,human,1,57,0,1.335253,0.734742,0.981066
2740,lm,0,16,0,1.196894,0.907735,1.086462
3425,human,0,128,0,1.257832,0.408233,0.513489
3425,human,1,72,0,1.027781,1.235942,1.270277
3425,lm,0,78,0,1.500686,0.360639,0.541205
2768,human,0,128,0,1.318247,0.544384,0.717632
2768,human,1,6,0,1.092283,3.727028,4.070969
2768,lm,0,14,0,1.114400,1.810162,2.017244
6810,human,0,74,0,1.276042,0.652171,0.832197
6810,lm,0,108,0,1.594994,0.281918,0.449658
6707,human,0,61,0,1.540757,0.370739,0.571218
6707,lm,0,76,0,1.800571,0.260341,0.468762
1433,human,0,128,0,1.185377,0.793325,0.940389
1433,human,1,128,0,1.145820,0.862565,0.988344
1433,human,2,82,0,1.212940,0.829388,1.005998
1433,lm,0,128,0,1.333936,0.491265,0.655315
1433,lm,1,128,0,1.356894,0.504408,0.684429
1433,lm,2,9,0,0.932983,4.608857,4.299987
5361,human,0,128,0,1.394304,0.424290,0.591589
5361,human,1,128,0,1.197323,0.903470,1.081746
5361,human,2,45,0,1.140303,0.824118,0.939744
5361,lm,0,22,0,1.267978,0.618297,0.783987
1710,human,0,64,0,1.142326,0.855220,0.976940
1710,lm,0,11,0,1.079712,1.471408,1.588697
3060,human,0,128,0,1.209306,0.924539,1.118051
3060,human,1,128,0,1.133498,1.124397,1.274501
3060,human,2,46,0,1.170836,0.780363,0.913677
3060,lm,0,29,0,1.340263,0.595922,0.798692
586,human,0,47,0,1.116339,0.761095,0.849640
586,lm,0,10,0,1.060890,2.031995,2.155723
1925,human,0,99,0,1.140469,0.918581,1.047614
1925,lm,0,11,0,1.079163,2.607765,2.814203
7103,human,0,120,0,1.413282,0.449680,0.635524
7103,lm,0,43,0,1.193879,0.669026,0.798737
5457,human,0,24,0,1.295089,0.737304,0.954874
5457,lm,0,46,0,1.366472,0.701443,0.958502
2761,human,0,108,0,1.182454,0.666204,0.787755
2761,lm,0,44,0,1.213748,0.952582,1.156194
8132,human,0,35,0,1.105718,1.148546,1.269968
8132,lm,0,7,0,1.060467,1.880811,1.994538
6478,human,0,43,0,1.200119,0.998195,1.197952
6478,lm,0,17,0,1.016502,1.532798,1.558092
8358,human,0,79,0,1.283198,0.701913,0.900694
8358,lm,0,32,0,1.416730,0.638765,0.904958
8928,human,0,54,0,1.218906,0.966254,1.177772
8928,lm,0,66,0,1.326359,0.695630,0.922655
944,human,0,47,0,1.403417,0.526849,0.739390
944,lm,0,30,0,1.424964,0.719233,1.024881
8767,human,0,128,0,1.386776,0.480933,0.666946
8767,human,1,128,0,1.211711,0.791209,0.958717
8767,human,2,128,0,1.194796,0.795200,0.950103
8767,human,3,128,0,1.145943,0.750121,0.859595
8767,human,4,109,0,1.226826,0.671231,0.823483
8767,lm,0,128,0,2.189260,0.167673,0.367079
8767,lm,1,108,0,1.539525,0.280131,0.431269
8218,human,0,122,0,1.248844,0.659128,0.823148
8218,lm,0,128,0,1.371876,0.492986,0.676315
8218,lm,1,22,0,1.063748,1.844611,1.962200
8483,human,0,128,0,1.142479,0.978173,1.117542
8483,human,1,128,0,1.037659,1.627653,1.688950
8483,human,2,28,0,0.950544,1.712938,1.628224
8483,lm,0,35,0,1.489922,0.461992,0.688331
8340,human,0,94,0,1.435274,0.463811,0.665696
8340,lm,0,28,0,1.151597,1.027157,1.182870
5609,human,0,128,0,1.201684,0.513402,0.616947
5609,human,1,26,0,1.226355,0.675616,0.828545
5609,lm,0,10,0,1.089541,0.963532,1.049808
2960,human,0,128,0,1.236959,0.637863,0.789010
2960,human,1,128,0,1.128700,0.820698,0.926322
2960,human,2,8,0,1.052458,2.007977,2.113312
2960,lm,0,24,0,1.131744,1.425436,1.613229
7252,human,0,128,0,1.138818,0.849882,0.967862
7252,human,1,128,0,1.179126,0.747762,0.881706
7252,human,2,94,0,1.276377,0.661560,0.844400
7252,lm,0,46,0,1.251568,0.876704,1.097255
6049,human,0,26,0,1.167158,1.219063,1.422839
6049,lm,0,6,0,1.069029,3.193019,3.413430
2086,human,0,66,0,1.513758,0.504230,0.763283
2086,lm,0,51,0,1.711180,0.394435,0.674950
8107,human,0,45,0,1.220813,0.964352,1.177293
8107,lm,0,14,0,1.079937,1.805310,1.949621
2452,human,0,39,0,1.169660,1.035338,1.210994
2452,lm,0,7,0,1.099287,1.372299,1.508550
7249,human,0,105,0,1.143379,1.060125,1.212124
7249,lm,0,34,0,1.226023,0.959557,1.176439
1843,human,0,88,0,1.682321,0.325656,0.547858
1843,lm,0,14,0,1.221968,0.799411,0.976855
2612,human,0,128,0,1.447220,0.403289,0.583648
2612,human,1,43,0,1.399313,0.478430,0.669474
2612,lm,0,128,0,1.850227,0.200990,0.371876
2612,lm,1,89,0,1.565930,0.334882,0.524401
3812,human,0,63,0,1.287557,0.613728,0.790210
3812,lm,0,128,0,1.572399,0.209427,0.329303
3812,lm,1,128,0,1.391551,0.248643,0.345999
3812,lm,2,113,0,1.429563,0.244607,0.349681
6931,human,0,128,0,1.155125,0.650064,0.750906
6931,human,1,80,0,1.064951,0.843014,0.897768
6931,lm,0,69,0,1.306408,0.733676,0.958480
7661,human,0,128,0,1.078849,0.864427,0.932586
7661,human,1,128,0,1.053733,0.690822,0.727942
7661,human,2,128,0,0.994958,1.153939,1.148120
7661,human,3,128,0,1.021337,0.888758,0.907722
7661,human,4,128,0,1.146064,1.000237,1.146335
7661,human,5,128,0,1.119420,0.965452,1.080747
7661,human,6,128,0,1.077328,0.809429,0.872021
7661,human,7,128,0,1.001267,1.335901,1.337593
7661,human,8,128,0,0.991357,1.264621,1.253691
7661,human,9,128,0,0.966371,1.254793,1.212596
7661,human,10,118,0,1.031647,1.500314,1.547795
7661,lm,0,54,0,1.364561,0.727504,0.992724
4887,human,0,13,0,1.260562,1.056244,1.331461
4887,lm,0,66,0,1.502946,0.579771,0.871364
6431,human,0,40,0,1.225165,0.558694,0.684493
6431,lm,0,53,0,1.416382,0.389841,0.552164
4961,human,0,128,0,1.193648,0.662061,0.790268
4961,human,1,22,0,1.007997,2.047431,2.063804
4961,lm,0,128,0,2.044950,0.207147,0.423606
4961,lm,1,14,0,1.126217,2.000185,2.252642
727,human,0,31,0,1.183671,0.858906,1.016662
727,lm,0,55,0,1.271860,0.954464,1.213945
6843,human,0,102,0,1.137670,0.986355,1.122146
6843,lm,0,39,0,1.331649,0.855031,1.138601
7862,human,0,128,0,1.313830,0.388450,0.510357
7862,human,1,39,0,1.124026,0.623210,0.700504
7862,lm,0,52,0,1.602489,0.323917,0.519073
7810,human,0,71,0,1.167439,0.969701,1.132066
7810,lm,0,30,0,1.212712,0.895782,1.086325
2379,human,0,128,0,1.171706,1.104101,1.293682
2379,human,1,128,0,1.174111,0.900535,1.057328
2379,human,2,20,0,1.085304,1.843974,2.001273
2379,lm,0,34,0,1.262745,0.925770,1.169011
734,human,0,70,0,1.238665,0.656995,0.813797
734,lm,0,10,0,1.142970,1.674300,1.913674
8003,human,0,78,0,1.296678,0.645804,0.837399
8003,lm,0,61,0,1.550603,0.473292,0.733888
8927,human,0,71,0,1.289216,0.563933,0.727031
8927,lm,0,29,0,1.607061,0.432055,0.694339
8023,human,0,16,0,1.175586,1.233562,1.450159
8023,lm,0,11,0,1.056031,1.992838,2.104499
5834,human,0,128,0,1.155462,0.763989,0.882761
5834,human,1,106,0,1.111920,1.045156,1.162129
5834,lm,0,10,0,1.042334,2.197246,2.290265
25,human,0,39,0,1.155945,1.018851,1.177736
25,lm,0,6,0,1.037581,2.429437,2.520738
5180,human,0,97,0,1.371366,0.581548,0.797516
5180,lm,0,37,0,1.215421,0.722177,0.877749
1547,human,0,22,0,1.056879,1.724434,1.822518
1547,lm,0,18,0,1.191321,1.098691,1.308894
7399,human,0,128,0,1.157852,1.083223,1.254212
7399,human,1,128,0,1.208946,0.932563,1.127419
7399,human,2,128,0,1.227056,0.730802,0.896736
7399,human,3,9,0,1.006797,2.101218,2.115501
7399,lm,0,85,0,1.639405,0.363452,0.595845
378,human,0,109,0,1.214255,0.719716,0.873919
378,lm,0,85,0,1.418128,0.495979,0.703362
6338,human,0,24,0,1.102927,0.889253,0.980781
6338,lm,0,25,0,1.121150,1.082998,1.214204
593,human,0,79,0,1.295016,0.680853,0.881716
593,lm,0,44,0,1.348739,0.761557,1.027142
6915,human,0,29,0,1.255137,0.914795,1.148193
6915,lm,0,6,0,1.052942,2.036256,2.144060
8396,human,0,49,0,1.185426,0.923645,1.094914
8396,lm,0,10,0,1.077199,2.484900,2.676732
6188,human,0,128,0,1.344680,0.425689,0.572415
6188,human,1,30,0,1.106197,1.026590,1.135611
6188,lm,0,92,0,1.760182,0.270605,0.476314
6725,human,0,84,0,1.136949,1.072160,1.218991
6725,lm,0,25,0,1.088716,1.715003,1.867151
4572,human,0,83,0,1.169624,0.785638,0.918901
4572,lm,0,128,0,2.173710,0.183608,0.399109
4572,lm,1,128,0,1.848309,0.173972,0.321554
4572,lm,2,4,0,1.019124,4.545530,4.632461
2885,human,0,124,0,1.305987,0.701606,0.916289
2885,lm,0,39,0,1.375654,0.622868,0.856851
6245,human,0,21,0,1.163393,0.920231,1.070591
6245,lm,0,17,0,1.348147,0.572181,0.771384
4331,human,0,53,0,1.425267,0.432105,0.615865
4331,lm,0,85,0,1.753292,0.249688,0.437775
2699,human,0,43,0,1.170966,0.711785,0.833477
2699,lm,0,42,0,1.197692,0.727899,0.871799
3418,human,0,37,0,1.490451,0.344451,0.513388
3418,lm,0,6,0,1.117675,1.051554,1.175295
6855,human,0,128,0,1.293043,0.825828,1.067831
6855,human,1,120,0,1.187527,0.993947,1.180339
6855,lm,0,20,0,1.076386,1.363593,1.467753
8033,human,0,56,0,1.275305,0.839716,1.070894
8033,lm,0,44,0,1.309108,0.808355,1.058224
8795,human,0,25,0,1.083819,1.760810,1.908400
8795,lm,0,25,0,1.100794,1.637419,1.802460
5617,human,0,34,0,1.214204,0.994139,1.207087
5617,lm,0,53,0,1.438043,0.399652,0.574717
799,human,0,77,0,1.300827,0.567294,0.737951
799,lm,0,5,0,1.028233,1.432424,1.472866
7972,human,0,65,0,1.363168,0.559782,0.763077
7972,lm,0,62,0,1.334271,0.633426,0.845162
1417,human,0,69,0,1.600937,0.308673,0.494166
1417,lm,0,79,0,1.705572,0.286947,0.489409
1656,human,0,54,0,1.282783,0.775434,0.994713
1656,lm,0,27,0,1.441374,0.617134,0.889521
6230,human,0,90,0,1.180984,0.983704,1.161738
6230,lm,0,36,0,1.285117,0.958257,1.231472
2332,human,0,18,0,1.173055,0.932187,1.093506
2332,lm,0,30,0,1.419192,0.564024,0.800458
6801,human,0,128,0,1.192957,0.675141,0.805414
6801,human,1,128,0,1.185585,0.799143,0.947451
6801,human,2,44,0,1.229768,0.727048,0.894101
6801,lm,0,128,0,1.627773,0.274866,0.447420
6801,lm,1,128,0,1.603601,0.233495,0.374433
6801,lm,2,128,0,1.406666,0.366300,0.515262
6801,lm,3,50,0,1.296275,0.437575,0.567218
3578,human,0,23,0,1.173117,1.054862,1.237477
3578,lm,0,12,0,1.140837,2.321806,2.648803
2299,human,0,33,0,1.096019,1.516849,1.662496
2299,lm,0,11,0,1.097621,1.407926,1.545369
7699,human,0,77,0,1.183417,0.724687,0.857607
7699,lm,0,11,0,1.078000,2.097675,2.261293
825,human,0,75,0,1.193672,0.866617,1.034456
825,lm,0,64,0,1.682897,0.475439,0.800116
2388,human,0,49,0,1.134027,1.034525,1.173180
2388,lm,0,85,0,1.552807,0.363511,0.564463
5280,human,0,128,0,1.083115,1.041674,1.128252
5280,human,1,31,0,1.010799,2.058046,2.080271
5280,lm,0,62,0,1.179803,1.149117,1.355731
39,human,0,128,0,1.348142,0.662195,0.892733
39,human,1,128,0,1.237652,0.762591,0.943822
39,human,2,26,0,1.087735,0.963783,1.048340
39,lm,0,87,0,1.777661,0.305242,0.542616
5717,human,0,128,0,1.188189,0.874209,1.038725
5717,human,1,82,0,1.089759,1.523813,1.660589
5717,lm,0,128,0,1.469221,0.496384,0.729298
5717,lm,1,128,0,1.372791,0.520671,0.714772
5717,lm,2,112,0,1.400341,0.509376,0.713300
3923,human,0,128,0,1.329834,0.529046,0.703544
3923,human,1,101,0,1.172814,0.956316,1.121581
3923,lm,0,26,0,1.192667,0.861504,1.027487
2020,human,0,52,0,1.155988,1.276243,1.475322
2020,lm,0,44,0,1.307669,0.670675,0.877022
3947,human,0,63,0,1.207008,0.865101,1.044185
3947,lm,0,24,0,1.394132,0.938264,1.308064
1840,human,0,57,0,1.294579,0.816389,1.056880
1840,lm,0,13,0,1.152330,1.156456,1.332619
5542,human,0,87,0,1.389800,0.427451,0.594071
5542,lm,0,35,0,1.630710,0.491410,0.801348
2632,human,0,128,0,1.285768,0.718701,0.924082
2632,human,1,128,0,1.367837,0.489133,0.669055
2632,human,2,45,0,1.163982,1.031011,1.200078
2632,lm,0,73,0,1.374817,0.639185,0.878762
7737,human,0,128,0,1.233517,0.889232,1.096883
7737,human,1,76,0,1.027601,1.797920,1.847545
7737,lm,0,73,0,1.326218,0.832429,1.103982
6734,human,0,71,0,1.341678,0.615772,0.826167
6734,lm,0,11,0,1.087201,1.435097,1.560238
6209,human,0,128,0,1.269701,0.650581,0.826043
6209,human,1,128,0,1.134250,1.149094,1.303360
6209,human,2,41,0,1.226023,1.249650,1.532100
6209,lm,0,96,0,1.546621,0.390827,0.604462
8426,human,0,128,0,1.214081,0.628037,0.762488
8426,human,1,107,0,1.227162,0.772632,0.948144
8426,lm,0,34,0,1.309037,0.648860,0.849381
5855,human,0,79,0,1.286718,0.743365,0.956501
5855,lm,0,54,0,1.357738,0.717505,0.974184
712,human,0,128,0,1.300913,0.680233,0.884924
712,human,1,48,0,1.033651,1.781062,1.840996
712,lm,0,45,0,1.482441,0.520706,0.771916
4076,human,0,79,0,1.691194,0.149595,0.252995
4076,lm,0,26,0,1.342759,0.402490,0.540447
6224,human,0,119,0,1.268760,0.816524,1.035973
6224,lm,0,10,0,1.090385,1.382088,1.507008
5577,human,0,19,0,1.142759,1.386204,1.584097
5577,lm,0,7,0,1.148422,1.850938,2.125657
7455,human,0,128,0,1.311300,0.461543,0.605221
7455,human,1,22,0,1.075995,1.802604,1.939592
7455,lm,0,38,0,1.226061,0.855087,1.048389
7020,human,0,96,0,1.329765,0.498382,0.662731
7020,lm,0,111,0,2.478475,0.133378,0.330573
6236,human,0,75,0,1.428369,0.484999,0.692757
6236,lm,0,14,0,1.206994,1.103046,1.331370
4210,human,0,128,0,1.110917,0.816160,0.906686
4210,human,1,128,0,1.162873,0.776342,0.902787
4210,human,2,16,0,0.789577,6.128373,4.838823
4210,lm,0,9,0,1.021195,2.267162,2.315214
3169,human,0,87,0,1.824663,0.224865,0.410303
3169,lm,0,99,0,2.344690,0.196814,0.461469
5742,human,0,33,0,1.152634,0.801067,0.923337
5742,lm,0,32,0,1.434443,0.684204,0.981451
1813,human,0,128,0,1.235245,0.655148,0.809268
1813,human,1,7,0,0.962452,4.496303,4.327475
1813,lm,0,68,0,1.399305,0.664610,0.929992
6924,human,0,128,0,1.532642,0.378336,0.579854
6924,human,1,34,0,1.077233,1.177860,1.268829
6924,lm,0,110,0,1.875496,0.218906,0.410557
7980,human,0,128,0,1.213303,0.759351,0.921322
7980,human,1,128,0,1.192373,0.867799,1.034740
7980,human,2,38,0,1.129200,1.325217,1.496435
7980,lm,0,79,0,1.445791,0.466638,0.674661
4223,human,0,50,0,1.174079,0.626530,0.735596
4223,lm,0,10,0,1.066975,1.736090,1.852365
7202,human,0,128,0,1.239619,0.832588,1.032092
7202,human,1,13,0,1.091914,2.226254,2.430879
7202,lm,0,45,0,1.488382,0.764305,1.137578
248,human,0,128,0,1.185150,1.102159,1.306223
248,human,1,128,0,1.340243,0.519153,0.695791
248,human,2,128,0,1.180114,1.142332,1.348082
248,human,3,47,0,1.084687,1.608903,1.745156
248,lm,0,70,0,1.482785,0.493352,0.731535
5885,human,0,50,0,1.337815,0.712327,0.952962
5885,lm,0,14,0,1.154463,0.731625,0.844633
300,human,0,86,0,1.296288,0.498539,0.646250
300,lm,0,6,0,1.087629,1.940399,2.110434
999,human,0,20,0,1.181863,1.678662,1.983949
999,lm,0,20,0,1.165004,1.678662,1.955648
1059,human,0,42,0,1.165524,0.711468,0.829233
1059,lm,0,10,0,1.142785,1.186572,1.355997
3641,human,0,128,0,1.186916,0.863534,1.024943
3641,human,1,38,0,1.103983,1.039411,1.147492
3641,lm,0,64,0,1.275265,0.647543,0.825788
3596,human,0,40,0,1.378991,0.485054,0.668885
3596,lm,0,106,0,1.865551,0.231449,0.431779
1759,human,0,128,0,1.320117,0.610565,0.806017
1759,human,1,56,0,1.116699,1.105006,1.233959
1759,lm,0,93,0,1.618027,0.377469,0.610754
6428,human,0,17,0,1.234779,0.634763,0.783793
6428,lm,0,36,0,1.449368,0.451118,0.653836
8554,human,0,54,0,1.084348,1.212176,1.314421
8554,lm,0,9,0,1.011652,1.947409,1.970100
6476,human,0,128,0,1.199125,0.701762,0.841500
6476,human,1,67,0,1.049864,1.151292,1.208700
6476,lm,0,65,0,1.450271,0.354380,0.513947
5924,human,0,80,0,1.324358,0.487744,0.645948
5924,lm,0,68,0,1.373078,0.500087,0.686659
7663,human,0,42,0,1.235793,0.743026,0.918227
7663,lm,0,35,0,1.372042,0.511518,0.701825
5302,human,0,71,0,1.252570,0.708581,0.887548
5302,lm,0,35,0,1.409701,0.526926,0.742809
546,human,0,128,0,1.438342,0.348967,0.501935
546,human,1,4,0,1.024185,2.530110,2.591301
546,lm,0,20,0,1.239926,0.547328,0.678646
5799,human,0,128,0,1.401756,0.482927,0.676945
5799,human,1,3,0,1.079041,1.577504,1.702191
5799,lm,0,56,0,1.392453,0.439850,0.612470
8901,human,0,128,0,1.299574,0.583905,0.758828
8901,human,1,128,0,1.269049,0.609625,0.773644
8901,human,2,128,0,1.255052,0.651967,0.818252
8901,human,3,128,0,1.096518,1.028581,1.127858
8901,human,4,79,0,1.055323,1.300330,1.372267
8901,lm,0,128,0,1.609318,0.464824,0.748050
8901,lm,1,128,0,1.551605,0.482814,0.749137
8901,lm,2,128,0,1.469724,0.383493,0.563629
8901,lm,3,120,0,1.454831,0.394433,0.573834
6951,human,0,128,0,1.387285,0.505916,0.701849
6951,human,1,128,0,1.314553,0.712979,0.937249
6951,human,2,76,0,1.263324,0.726971,0.918400
6951,lm,0,28,0,1.374545,0.606047,0.833039
1016,human,0,87,0,1.394557,0.494119,0.689078
1016,lm,0,10,0,1.225467,1.068146,1.308977
3549,human,0,76,0,1.450429,0.505063,0.732558
3549,lm,0,29,0,1.423987,0.562079,0.800393
2834,human,0,128,0,1.325656,0.430708,0.570971
2834,human,1,73,0,1.317309,0.472102,0.621904
2834,lm,0,28,0,1.508434,0.730701,1.102214
5244,human,0,128,0,1.356429,0.713720,0.968111
5244,human,1,29,0,1.074625,2.951218,3.171452
5244,lm,0,10,0,1.030896,2.259252,2.329055
7095,human,0,28,0,1.172970,1.046133,1.227082
7095,lm,0,9,0,1.122681,1.986434,2.230132
6560,human,0,128,0,1.360580,0.437825,0.595696
6560,human,1,65,0,1.219959,0.980003,1.195564
6560,lm,0,6,0,1.008060,4.660427,4.697987
4172,human,0,128,0,1.401215,0.492240,0.689734
4172,human,1,10,0,1.070790,1.493408,1.599126
4172,lm,0,128,0,1.692045,0.323957,0.548150
4172,lm,1,6,0,1.147721,0.976189,1.120393
5618,human,0,19,0,1.130087,1.152209,1.302096
5618,lm,0,35,0,1.293663,0.926364,1.198402
3082,human,0,128,0,1.211929,0.703029,0.852022
3082,human,1,128,0,0.991050,0.891162,0.883186
3082,human,2,128,0,0.912188,1.908621,1.741022
3082,human,3,128,0,1.141806,1.272279,1.452696
3082,human,4,128,0,1.168910,0.973755,1.138232
3082,human,5,18,0,1.065077,1.945652,2.072269
3082,lm,0,117,0,1.679452,0.318331,0.534622
5349,human,0,47,0,1.247139,0.605901,0.755642
5349,lm,0,42,0,1.262396,0.577564,0.729115
5983,human,0,128,0,1.899257,0.315256,0.598752
5983,human,1,128,0,1.660232,0.312978,0.519616
5983,human,2,128,0,1.426713,0.385389,0.549839
5983,human,3,111,0,1.333905,0.458986,0.612244
5983,lm,0,128,0,2.091063,0.247745,0.518050
5983,lm,1,128,0,1.775563,0.319850,0.567914
5983,lm,2,128,0,1.798450,0.308651,0.555092
5983,lm,3,117,0,1.902720,0.216038,0.411061
1254,human,0,23,0,1.168220,0.741487,0.866220
1254,lm,0,92,0,1.407182,0.535997,0.754245
842,human,0,50,0,1.394463,0.600476,0.837342
842,lm,0,28,0,1.287259,0.646531,0.832253
8389,human,0,128,0,1.206752,0.872655,1.053078
8389,human,1,128,0,0.934467,1.500532,1.402198
8389,human,2,12,0,1.058917,1.688739,1.788235
8389,lm,0,10,0,1.135755,1.113331,1.264471
49,human,0,29,0,1.153713,1.085607,1.252479
49,lm,0,36,0,1.282994,0.783109,1.004724
7702,human,0,128,0,1.459577,0.363988,0.531269
7702,human,1,104,0,1.389040,0.640766,0.890049
7702,lm,0,102,0,1.624750,0.317110,0.515225
7149,human,0,48,0,1.196795,1.060170,1.268807
7149,lm,0,11,0,1.042614,2.952421,3.078234
5011,human,0,128,0,1.322137,0.551317,0.728917
5011,human,1,128,0,1.162930,0.575175,0.668888
5011,human,2,128,0,1.238127,0.535741,0.663315
5011,human,3,128,0,1.145599,0.709207,0.812468
5011,human,4,128,0,1.212360,0.705398,0.855196
5011,human,5,128,0,1.265206,0.535354,0.677333
5011,human,6,93,0,1.173894,0.937875,1.100966
5011,lm,0,69,0,1.485848,0.550887,0.818535
1917,human,0,128,0,1.211606,0.838080,1.015423
1917,human,1,128,0,1.371497,0.539989,0.740594
1917,human,2,13,0,1.105229,2.780902,3.073535
1917,lm,0,124,0,1.480819,0.401979,0.595258
3174,human,0,128,0,1.123253,1.269303,1.425749
3174,human,1,28,0,1.067946,1.579839,1.687183
3174,lm,0,54,0,1.222866,0.819546,1.002194
3198,human,0,11,0,1.137959,1.335633,1.519895
3198,lm,0,9,0,1.156569,0.892504,1.032242
4783,human,0,128,0,1.300880,0.698836,0.909102
4783,human,1,39,0,1.231905,0.896145,1.103966
4783,lm,0,68,0,1.396479,0.443445,0.619262
8780,human,0,13,0,1.065862,1.366309,1.456296
8780,lm,0,10,0,1.021741,2.883456,2.946145
2887,human,0,128,0,1.149181,0.830270,0.954130
2887,human,1,58,0,1.159502,0.921284,1.068230
2887,lm,0,112,0,1.465322,0.381625,0.559204
4935,human,0,94,0,1.263245,0.740460,0.935382
4935,lm,0,81,0,1.308278,0.645414,0.844381
3117,human,0,128,0,1.461073,0.437467,0.639171
3117,human,1,56,0,1.053732,0.757002,0.797678
3117,lm,0,10,0,1.081300,1.985227,2.146625
7763,human,0,22,0,1.083076,1.667225,1.805731
7763,lm,0,12,0,1.112014,1.431743,1.592118
3606,human,0,128,0,1.223612,0.815334,0.997652
3606,human,1,128,0,1.209628,0.756219,0.914744
3606,human,2,128,0,1.145216,0.951732,1.089939
3606,human,3,93,0,1.108749,1.241840,1.376889
3606,lm,0,55,0,1.425215,0.535936,0.763823
157,human,0,39,0,1.225921,0.638759,0.783068
157,lm,0,13,0,1.224302,1.427650,1.747876
5120,human,0,79,0,1.205804,0.662336,0.798647
5120,lm,0,11,0,1.166346,1.391502,1.622974
3529,human,0,110,0,1.310395,0.503057,0.659204
3529,lm,0,11,0,1.090938,2.292819,2.501323
1302,human,0,38,0,1.161092,1.111369,1.290402
1302,lm,0,7,0,1.045210,2.286486,2.389858
3730,human,0,128,0,1.335767,0.730067,0.975199
3730,human,1,128,0,1.348993,0.658389,0.888162
3730,human,2,101,0,1.193201,1.158338,1.382130
3730,lm,0,53,0,1.600992,0.520821,0.833830
4953,human,0,32,0,1.164312,0.945781,1.101184
4953,lm,0,128,0,2.819038,0.151210,0.426267
4953,lm,1,128,0,2.257701,0.140788,0.317856
4953,lm,2,57,0,1.696288,0.286464,0.485925
346,human,0,20,0,1.143458,1.166121,1.333411
346,lm,0,11,0,1.205997,1.280503,1.544282
1408,human,0,35,0,1.124381,1.063364,1.195626
1408,lm,0,128,0,1.920909,0.150217,0.288552
1408,lm,1,128,0,1.722077,0.138852,0.239115
1408,lm,2,45,0,1.210214,0.408806,0.494743
8851,human,0,52,0,1.254503,0.731458,0.917617
8851,lm,0,13,0,1.106386,1.205803,1.334083
2361,human,0,128,0,1.266408,0.770608,0.975904
2361,human,1,22,0,1.085269,0.963616,1.045782
2361,lm,0,43,0,1.297497,0.761133,0.987568
4686,human,0,86,0,1.203507,0.669638,0.805914
4686,lm,0,12,0,1.067187,2.187694,2.334679
676,human,0,74,0,1.116985,0.920027,1.027656
676,lm,0,9,0,1.011094,1.872239,1.893010
269,human,0,128,0,1.335441,0.480176,0.641247
269,human,1,60,0,1.370196,0.530196,0.726473
269,lm,0,39,0,1.482342,0.538009,0.797513
879,human,0,49,0,1.141459,1.126739,1.286126
879,lm,0,9,0,1.048665,1.702966,1.785840
3761,human,0,128,0,1.191498,0.718660,0.856282
3761,human,1,128,0,1.113428,0.795967,0.886252
3761,human,2,128,0,1.141368,0.846788,0.966497
3761,human,3,128,0,1.011727,1.207960,1.222126
3761,human,4,128,0,1.033442,1.111676,1.148853
3761,human,5,128,0,0.831308,1.188899,0.988342
3761,human,6,128,0,0.818609,1.510134,1.236210
3761,human,7,128,0,0.848205,1.171679,0.993824
3761,human,8,128,0,1.060825,1.169007,1.240112
3761,human,9,128,0,0.823919,2.176324,1.793115
3761,human,10,128,0,0.838010,1.692019,1.417929
3761,human,11,128,0,0.877188,0.809529,0.710109
3761,human,12,70,0,0.966895,1.292613,1.249821
3761,lm,0,69,0,1.282970,0.497212,0.637908
4391,human,0,21,0,1.064054,1.298830,1.382025
4391,lm,0,38,0,1.042654,0.995976,1.038458
4573,human,0,128,0,1.176809,0.801541,0.943261
4573,human,1,4,0,1.077779,1.940601,2.091539
4573,lm,0,56,0,1.191688,1.021443,1.217242
5075,human,0,126,0,1.215124,0.461785,0.561125
5075,lm,0,10,0,1.020552,1.826529,1.864067
997,human,0,23,0,1.140359,0.862331,0.983367
997,lm,0,16,0,1.203287,0.734089,0.883320
6133,human,0,128,0,1.505029,0.291839,0.439226
6133,human,1,78,0,1.318008,0.449358,0.592257
6133,lm,0,112,0,2.079241,0.161495,0.335788
3766,human,0,109,0,1.354419,0.615527,0.833682
3766,lm,0,23,0,1.377318,0.795495,1.095650
6762,human,0,27,0,1.241181,0.807495,1.002248
6762,lm,0,10,0,1.180695,1.579016,1.864335
1924,human,0,75,0,1.270640,0.631243,0.802082
1924,lm,0,5,0,1.031070,4.334528,4.469201
4063,human,0,22,0,1.082345,1.213530,1.313458
4063,lm,0,6,0,1.025619,3.873452,3.972687
6705,human,0,128,0,1.826595,0.371708,0.678960
6705,human,1,128,0,1.683179,0.429988,0.723747
6705,human,2,102,0,1.402696,0.479716,0.672896
6705,lm,0,128,0,1.654586,0.307798,0.509278
6705,lm,1,92,0,1.300996,0.484693,0.630583
4262,human,0,32,0,1.140280,0.971997,1.108348
4262,lm,0,70,0,1.397875,0.356031,0.497687
4397,human,0,128,0,1.413733,0.417753,0.590592
4397,human,1,95,0,1.248165,0.747069,0.932466
4397,lm,0,6,0,1.049541,2.744788,2.880768
3561,human,0,128,0,1.253237,0.656102,0.822251
3561,human,1,92,0,1.055893,1.192840,1.259512
3561,lm,0,7,0,1.078989,2.663451,2.873835
2732,human,0,19,0,1.237712,0.767045,0.949381
2732,lm,0,14,0,1.141726,1.071548,1.223414
5113,human,0,58,0,1.219195,0.872032,1.063177
5113,lm,0,26,0,1.371241,0.624060,0.855736
5434,human,0,128,0,1.233207,0.766564,0.945332
5434,human,1,22,0,1.165046,1.506122,1.754701
5434,lm,0,6,0,1.118407,1.145319,1.280933
920,human,0,24,0,1.183115,0.967735,1.144941
920,lm,0,7,0,1.117838,1.536411,1.717459
7644,human,0,66,0,1.428062,0.441264,0.630152
7644,lm,0,53,0,1.560334,0.349117,0.544739
6948,human,0,128,0,1.196894,0.920713,1.101996
6948,human,1,20,0,0.959700,3.048025,2.925188
6948,lm,0,82,0,1.679474,0.449651,0.755178
7936,human,0,128,0,1.390976,0.512392,0.712725
7936,human,1,128,0,1.161216,1.063421,1.234862
7936,human,2,94,0,1.653819,0.322651,0.533606
7936,lm,0,28,0,1.215245,1.100437,1.337301
3756,human,0,64,0,1.251652,0.687371,0.860349
3756,lm,0,27,0,1.204552,1.149559,1.384704
8411,human,0,55,0,1.234197,0.742273,0.916111
8411,lm,0,14,0,1.186597,0.956212,1.134639
6787,human,0,57,0,1.185921,0.700322,0.830527
6787,lm,0,33,0,1.368069,0.635320,0.869162
6088,human,0,128,0,1.202973,0.697490,0.839061
6088,human,1,49,0,1.077302,1.529921,1.648187
6088,lm,0,57,0,1.079068,1.167452,1.259760
3155,human,0,65,0,1.324770,0.610074,0.808207
3155,lm,0,33,0,1.148499,0.914344,1.050122
8873,human,0,128,0,1.246537,0.607473,0.757238
8873,human,1,128,0,1.162379,0.761799,0.885499
8873,human,2,85,0,1.177265,1.010604,1.189748
8873,lm,0,128,0,1.783392,0.298958,0.533160
8873,lm,1,1,0,1.000000,2.662843,2.662843
4090,human,0,54,0,1.377496,0.590767,0.813779
4090,lm,0,128,0,1.555010,0.467990,0.727729
4090,lm,1,9,0,0.994402,2.683063,2.668042
6832,human,0,35,0,1.428197,0.595700,0.850777
6832,lm,0,10,0,1.027614,3.112704,3.198659
7228,human,0,110,0,1.282743,0.634017,0.813282
7228,lm,0,25,0,1.120313,1.308909,1.466388
5008,human,0,46,0,1.412046,0.558730,0.788953
5008,lm,0,10,0,1.052829,3.166281,3.333553
8222,human,0,41,0,1.442302,0.540499,0.779562
8222,lm,0,18,0,1.504774,0.662691,0.997200
4916,human,0,128,0,1.342163,0.525722,0.705604
4916,human,1,128,0,1.304014,0.467979,0.610251
4916,human,2,7,0,1.054177,1.950306,2.055969
4916,lm,0,104,0,1.819652,0.286183,0.520754
3113,human,0,46,0,1.121386,0.943789,1.058352
3113,lm,0,13,0,1.112954,1.438452,1.600931
1947,human,0,89,0,1.243658,0.599218,0.745223
1947,lm,0,12,0,1.090092,2.297178,2.504135
4999,human,0,128,0,1.152666,0.575455,0.663307
4999,human,1,128,0,1.244109,0.649354,0.807868
4999,human,2,128,0,1.061281,0.880584,0.934547
4999,human,3,128,0,1.186764,0.757895,0.899442
4999,human,4,128,0,1.064408,1.015283,1.080674
4999,human,5,128,0,1.202815,0.774753,0.931885
4999,human,6,59,0,1.095570,0.883653,0.968104
4999,lm,0,28,0,1.127833,1.453834,1.639682
532,human,0,101,0,1.297496,0.654034,0.848607
532,lm,0,12,0,1.076755,2.275425,2.450075
1726,human,0,128,0,1.261204,0.677392,0.854329
1726,human,1,128,0,1.013134,1.116814,1.131483
1726,human,2,128,0,1.046897,1.003822,1.050899
1726,human,3,60,0,1.139112,1.025671,1.168355
1726,lm,0,77,0,1.358441,0.401111,0.544886
5809,human,0,128,0,1.532436,0.418578,0.641443
5809,human,1,37,0,0.995202,2.192773,2.182251
5809,lm,0,26,0,1.121267,1.410581,1.581639
8896,human,0,33,0,1.219888,0.814369,0.993439
8896,lm,0,32,0,1.433991,0.668784,0.959031
7182,human,0,64,0,1.369962,0.693732,0.950387
7182,lm,0,45,0,1.370639,0.689588,0.945177
4275,human,0,114,0,1.197844,0.521551,0.624737
4275,lm,0,10,0,1.129072,1.339328,1.512198
2969,human,0,128,0,1.215965,0.711341,0.864966
2969,human,1,30,0,0.985933,1.852776,1.826713
2969,lm,0,31,0,1.272243,1.021977,1.300203
3381,human,0,128,0,1.156911,0.897297,1.038093
3381,human,1,53,0,1.095458,1.487357,1.629338
3381,lm,0,93,0,1.300306,0.696195,0.905266
6861,human,0,128,0,1.250719,0.774097,0.968177
6861,human,1,128,0,1.118134,0.981946,1.097947
6861,human,2,10,0,1.071611,2.582674,2.767621
6861,lm,0,10,0,1.029130,3.479404,3.580759
1978,human,0,33,0,1.110811,1.536496,1.706757
1978,lm,0,121,0,1.362843,0.611374,0.833208
1007,human,0,66,0,1.336414,0.626101,0.836730
1007,lm,0,7,0,1.069575,2.308557,2.469175
3087,human,0,128,0,1.123148,0.910373,1.022484
3087,human,1,128,0,1.118109,1.009597,1.128839
3087,human,2,110,0,1.204253,0.661861,0.797047
3087,lm,0,17,0,1.037911,1.336258,1.386918
5670,human,0,12,0,1.074284,1.999186,2.147693
5670,lm,0,128,0,1.626836,0.279269,0.454326
5670,lm,1,128,0,1.349337,0.310396,0.418829
5670,lm,2,94,0,1.284063,0.426378,0.547497
2501,human,0,43,0,1.130762,0.831029,0.939696
2501,lm,0,128,0,2.308432,0.191802,0.442762
2501,lm,1,128,0,1.751687,0.273507,0.479099
2501,lm,2,70,0,1.550118,0.434964,0.674246
1970,human,0,128,0,1.568148,0.262490,0.411623
1970,human,1,42,0,1.253635,0.856212,1.073378
1970,lm,0,40,0,1.393695,0.678696,0.945896
537,human,0,61,0,1.275973,0.710158,0.906142
537,lm,0,46,0,1.259035,0.679680,0.855740
1068,human,0,118,0,1.208371,0.790129,0.954768
1068,lm,0,24,0,1.127017,1.078081,1.215015
7357,human,0,128,0,1.322824,0.589538,0.779855
7357,human,1,128,0,1.169261,0.722811,0.845154
7357,human,2,128,0,1.187623,0.630901,0.749273
7357,human,3,20,0,1.221302,1.170702,1.429781
7357,lm,0,128,0,1.535107,0.386652,0.593553
7357,lm,1,10,0,0.951238,1.650545,1.570062
1472,human,0,28,0,1.139503,1.242240,1.415536
1472,lm,0,128,0,1.559613,0.302986,0.472541
1472,lm,1,94,0,1.260806,0.504655,0.636271
5447,human,0,128,0,1.187132,0.755652,0.897059
5447,human,1,128,0,1.126423,0.919775,1.036056
5447,human,2,128,0,1.052527,1.247601,1.313133
5447,human,3,128,0,1.018694,1.780397,1.813680
5447,human,4,128,0,1.101587,0.540394,0.595291
5447,human,5,113,0,1.198552,0.600348,0.719548
5447,lm,0,128,0,1.453799,0.440398,0.640251
5447,lm,1,102,0,1.321178,0.478237,0.631835
1852,human,0,84,0,1.128857,0.988178,1.115513
1852,lm,0,43,0,1.246803,0.783080,0.976347
3851,human,0,128,0,1.257375,0.813713,1.023142
3851,human,1,83,0,1.128355,0.975012,1.100160
3851,lm,0,17,0,1.255768,1.213277,1.523595
8373,human,0,62,0,1.302623,0.800481,1.042725
8373,lm,0,16,0,1.283169,0.862459,1.106680
3781,human,0,67,0,1.559503,0.506487,0.789867
3781,lm,0,20,0,1.333900,0.799077,1.065889
3152,human,0,66,0,1.202069,0.630760,0.758217
3152,lm,0,54,0,1.186564,0.859007,1.019266
3963,human,0,128,0,1.182277,1.079347,1.276087
3963,human,1,120,0,1.062633,1.463365,1.555020
3963,lm,0,42,0,1.334562,0.599434,0.799982
6286,human,0,128,0,1.428183,0.244886,0.349742
6286,human,1,52,0,1.272989,0.605056,0.770229
6286,lm,0,128,0,1.203116,0.352736,0.424383
6286,lm,1,16,0,0.746823,4.243008,3.168778
7273,human,0,65,0,1.257626,0.603831,0.759394
7273,lm,0,128,0,1.375540,0.651160,0.895696
7273,lm,1,20,0,1.077298,2.352784,2.534650
6520,human,0,67,0,1.114790,1.139886,1.270734
6520,lm,0,10,0,1.047274,2.499129,2.617274
4248,human,0,25,0,1.147796,1.204332,1.382327
4248,lm,0,12,0,1.107339,2.198380,2.434351
7845,human,0,74,0,1.128872,1.008284,1.138224
7845,lm,0,128,0,1.407815,0.284398,0.400380
7845,lm,1,82,0,1.320599,0.414049,0.546793
3743,human,0,128,0,1.358813,0.388738,0.528222
3743,human,1,74,0,1.228743,0.931494,1.144567
3743,lm,0,63,0,1.824971,0.266094,0.485614
2565,human,0,42,0,1.203962,0.681103,0.820022
2565,lm,0,10,0,1.064534,2.198036,2.339884
8936,human,0,67,0,1.333393,0.541556,0.722106
8936,lm,0,36,0,1.231905,0.717613,0.884031
5373,human,0,128,0,1.471288,0.347507,0.511283
5373,human,1,54,0,1.428347,0.518934,0.741218
5373,lm,0,128,0,1.603638,0.296596,0.475632
5373,lm,1,66,0,1.388784,0.548576,0.761854
6458,human,0,18,0,1.147280,1.068807,1.226220
6458,lm,0,6,0,1.231241,1.699625,2.092647
1683,human,0,70,0,1.204154,0.894665,1.077314
1683,lm,0,49,0,1.154776,1.290512,1.490252
8016,human,0,128,0,1.290684,0.631164,0.814634
8016,human,1,16,0,1.087731,1.528906,1.663039
8016,lm,0,50,0,1.378803,0.664097,0.915659
4742,human,0,128,0,1.186245,0.948762,1.125464
4742,human,1,45,0,1.079785,1.732141,1.870339
4742,lm,0,128,0,2.025425,0.217436,0.440401
4742,lm,1,128,0,1.408891,0.420665,0.592671
4742,lm,2,128,0,1.441208,0.381142,0.549305
4742,lm,3,40,0,1.494186,0.488954,0.730589
7568,human,0,128,0,1.105254,1.026523,1.134569
7568,human,1,128,0,1.170894,0.788768,0.923563
7568,human,2,128,0,1.105635,1.161897,1.284634
7568,human,3,128,0,1.197349,0.556109,0.665856
7568,human,4,41,0,1.163288,0.806501,0.938194
7568,lm,0,10,0,1.216930,1.606547,1.955056
7329,human,0,55,0,1.143216,1.348892,1.542075
7329,lm,0,128,0,1.531360,0.294108,0.450385
7329,lm,1,128,0,1.478720,0.246162,0.364005
7329,lm,2,98,0,1.465762,0.272755,0.399794
3150,human,0,128,0,1.331390,0.475314,0.632829
3150,human,1,128,0,1.221053,0.655331,0.800193
3150,human,2,128,0,1.213478,0.664711,0.806613
3150,human,3,128,0,1.102797,0.610073,0.672787
3150,human,4,33,0,1.094347,1.748964,1.913973
3150,lm,0,80,0,1.653601,0.302385,0.500025
6737,human,0,80,0,1.371764,0.583312,0.800166
6737,lm,0,128,0,1.719092,0.340122,0.584702
6737,lm,1,4,0,0.995183,4.349985,4.329033
1337,human,0,128,0,1.302420,0.637144,0.829829
1337,human,1,128,0,1.164764,1.068160,1.244155
1337,human,2,128,0,1.225888,0.755538,0.926205
1337,human,3,128,0,1.092015,1.016318,1.109835
1337,human,4,128,0,1.184072,0.949306,1.124046
1337,human,5,43,0,1.147965,1.564613,1.796120
1337,lm,0,71,0,1.412650,0.558680,0.789219
5611,human,0,114,0,1.395777,0.406515,0.567404
5611,lm,0,27,0,1.273319,0.685331,0.872645
2840,human,0,111,0,1.152975,0.949683,1.094961
2840,lm,0,22,0,1.200388,0.717291,0.861027
2961,human,0,128,0,1.470784,0.387385,0.569759
2961,human,1,128,0,1.299324,0.515820,0.670218
2961,human,2,11,0,1.017708,3.135155,3.190671
2961,lm,0,11,0,1.085199,1.965180,2.132612
1600,human,0,128,0,1.218371,0.690010,0.840688
1600,human,1,59,0,1.109617,0.936006,1.038609
1600,lm,0,44,0,1.231308,0.875666,1.078214
4408,human,0,128,0,1.092381,1.090083,1.190786
4408,human,1,114,0,1.079221,1.147220,1.238104
4408,lm,0,47,0,1.270148,0.792213,1.006228
2938,human,0,128,0,1.062820,0.992951,1.055329
2938,human,1,45,0,1.025471,1.248597,1.280399
2938,lm,0,35,0,1.321064,0.789842,1.043432
2767,human,0,128,0,1.421149,0.490874,0.697605
2767,human,1,11,0,1.111563,1.845680,2.051589
2767,lm,0,66,0,1.402842,0.476326,0.668210
5311,human,0,128,0,1.215469,0.566358,0.688391
5311,human,1,128,0,1.186500,0.896731,1.063971
5311,human,2,64,0,1.227923,0.750713,0.921817
5311,lm,0,110,0,1.477059,0.364027,0.537690
708,human,0,128,0,1.290301,0.607095,0.783335
708,human,1,128,0,1.144715,1.022480,1.170449
708,human,2,128,0,1.072786,1.108181,1.188841
708,human,3,128,0,1.063711,1.071692,1.139970
708,human,4,91,0,1.262076,0.633010,0.798906
708,lm,0,120,0,1.791062,0.226541,0.405748
3195,human,0,62,0,1.128081,0.782214,0.882401
3195,lm,0,128,0,2.226929,0.058044,0.129261
3195,lm,1,57,0,1.652929,0.132107,0.218364
3069,human,0,128,0,1.253442,0.693519,0.869287
3069,human,1,26,0,1.158743,1.203814,1.394912
3069,lm,0,26,0,1.313721,1.126263,1.479595
4927,human,0,61,0,1.289113,0.496072,0.639493
4927,lm,0,119,0,1.814099,0.262497,0.476195
6536,human,0,22,0,1.298661,0.838405,1.088804
6536,lm,0,22,0,1.222074,0.814857,0.995815
3166,human,0,77,0,1.181173,0.902185,1.065636
3166,lm,0,19,0,1.053859,1.295309,1.365073
6000,human,0,99,0,1.361096,0.692220,0.942178
6000,lm,0,128,0,1.663796,0.286845,0.477252
6000,lm,1,95,0,1.683319,0.307825,0.518167
7430,human,0,128,0,1.319141,0.669737,0.883478
7430,human,1,10,0,0.932689,6.281637,5.858813
7430,lm,0,10,0,1.074472,2.222464,2.387974
5805,human,0,37,0,1.128752,1.258862,1.420943
5805,lm,0,11,0,1.128229,1.243274,1.402698
4906,human,0,65,0,1.172400,0.864708,1.013784
4906,lm,0,89,0,1.483994,0.474653,0.704382
8482,human,0,13,0,1.123500,1.558068,1.750490
8482,lm,0,11,0,1.130537,1.857567,2.100048
274,human,0,44,0,1.312333,0.535897,0.703276
274,lm,0,26,0,1.340638,0.813950,1.091212
7063,human,0,128,0,1.163211,0.797015,0.927097
7063,human,1,54,0,0.993131,1.916695,1.903530
7063,lm,0,52,0,1.460888,0.598037,0.873665
8807,human,0,56,0,1.223207,0.763721,0.934189
8807,lm,0,7,0,1.072844,2.484114,2.665066
4383,human,0,105,0,1.211910,0.495912,0.601001
4383,lm,0,10,0,1.235211,1.606547,1.984424
2971,human,0,39,0,1.556693,0.398516,0.620367
2971,lm,0,39,0,1.623592,0.459278,0.745680
7904,human,0,128,0,1.244540,0.402888,0.501410
7904,human,1,128,0,1.139687,1.019598,1.162022
7904,human,2,128,0,1.194186,0.838665,1.001521
7904,human,3,128,0,1.046564,1.183327,1.238428
7904,human,4,128,0,1.133969,0.943817,1.070260
7904,human,5,128,0,1.078363,1.223132,1.318980
7904,human,6,128,0,1.174356,0.768128,0.902057
7904,human,7,35,0,1.105521,1.414461,1.563717
7904,lm,0,92,0,1.474644,0.502675,0.741267
8068,human,0,20,0,1.188717,0.698967,0.830874
8068,lm,0,6,0,1.048111,1.264012,1.324825
329,human,0,56,0,1.368898,0.483204,0.661457
329,lm,0,7,0,1.170199,0.930648,1.089043
8035,human,0,25,0,1.152381,1.183775,1.364160
8035,lm,0,25,0,1.184181,1.083554,1.283124
2911,human,0,37,0,1.283373,0.878507,1.127453
2911,lm,0,128,0,1.686670,0.292806,0.493867
2911,lm,1,77,0,1.309712,0.808710,1.059177
7096,human,0,76,0,1.249271,0.675924,0.844413
7096,lm,0,128,0,1.279638,0.569528,0.728790
7096,lm,1,26,0,1.099362,1.986627,2.184022
2439,human,0,128,0,1.524083,0.494740,0.754026
2439,human,1,30,0,1.171067,1.304443,1.527591
2439,lm,0,97,0,1.553562,0.399839,0.621175
1142,human,0,32,0,1.226392,0.593068,0.727334
1142,lm,0,45,0,1.352982,0.828329,1.120714
4144,human,0,42,0,1.194720,0.923457,1.103273
4144,lm,0,128,0,1.718736,0.197911,0.340157
4144,lm,1,128,0,1.532179,0.234789,0.359738
4144,lm,2,29,0,1.202070,0.941003,1.131151
5101,human,0,128,0,1.112264,1.209130,1.344871
5101,human,1,128,0,1.094337,1.248302,1.366062
5101,human,2,128,0,0.993501,1.677033,1.666133
5101,human,3,128,0,0.819833,2.092322,1.715355
5101,human,4,128,0,1.036554,1.483224,1.537442
5101,human,5,2,0,1.007410,4.796282,4.831824
5101,lm,0,109,0,1.292016,0.230082,0.297270
6837,human,0,46,0,1.361315,0.637134,0.867340
6837,lm,0,93,0,1.452384,0.436665,0.634205
4446,human,0,76,0,1.319865,0.691455,0.912627
4446,lm,0,6,0,1.074169,2.080477,2.234784
1821,human,0,98,0,1.400608,0.532962,0.746471
1821,lm,0,37,0,1.328975,0.675584,0.897834
3460,human,0,50,0,1.300820,0.640961,0.833775
3460,lm,0,34,0,1.367344,0.592021,0.809496
1351,human,0,18,0,1.177259,0.952406,1.121228
1351,lm,0,6,0,1.057489,2.408370,2.546824
8954,human,0,37,0,1.224367,1.076760,1.318350
8954,lm,0,12,0,1.051980,2.998584,3.154451
3173,human,0,128,0,1.438487,0.349306,0.502473
3173,human,1,128,0,1.354668,0.451504,0.611637
3173,human,2,128,0,1.218764,0.758960,0.924993
3173,human,3,128,0,1.358241,0.601637,0.817168
3173,human,4,47,0,1.097385,1.249320,1.370985
3173,lm,0,128,0,2.192013,0.164280,0.360103
3173,lm,1,128,0,1.430027,0.422341,0.603959
3173,lm,2,56,0,1.415077,0.548684,0.776430
994,human,0,94,0,1.393037,0.414766,0.577784
994,lm,0,128,0,1.574771,0.285547,0.449671
994,lm,1,6,0,1.043058,3.742163,3.903292
7323,human,0,113,0,1.202132,0.673657,0.809824
7323,lm,0,25,0,1.058271,0.818443,0.866134
2873,human,0,35,0,1.278734,0.815168,1.042383
2873,lm,0,66,0,1.400433,0.450605,0.631042
220,human,0,118,0,1.257824,0.633252,0.796520
220,lm,0,10,0,1.115458,1.718304,1.916697
7135,human,0,35,0,1.295650,0.743594,0.963437
7135,lm,0,10,0,1.082914,1.980990,2.145241
7224,human,0,35,0,1.244984,0.941646,1.172335
7224,lm,0,10,0,1.207200,1.579016,1.906188
938,human,0,81,0,1.349555,0.544616,0.734990
938,lm,0,9,0,1.016831,2.987253,3.037532
4188,human,0,62,0,1.337467,0.590869,0.790269
4188,lm,0,7,0,1.231852,1.226917,1.511380
8026,human,0,62,0,1.219317,0.759846,0.926494
8026,lm,0,18,0,1.200788,0.404397,0.485595
1956,human,0,128,0,1.329552,0.531457,0.706600
1956,human,1,128,0,1.374870,0.617431,0.848887
1956,human,2,128,0,1.174352,0.809029,0.950085
1956,human,3,128,0,1.237770,0.909109,1.125267
1956,human,4,71,0,1.376050,0.585953,0.806300
1956,lm,0,128,0,1.686425,0.337200,0.568663
1956,lm,1,49,0,1.224567,1.067460,1.307176
1461,human,0,128,0,1.232705,0.640450,0.789485
1461,human,1,128,0,1.174566,0.862013,1.012491
1461,human,2,128,0,1.211107,0.735428,0.890682
1461,human,3,128,0,1.260381,0.616581,0.777127
1461,human,4,87,0,1.213815,0.832567,1.010582
1461,lm,0,63,0,1.259242,0.709820,0.893835
6178,human,0,128,0,1.232079,0.561944,0.692360
6178,human,1,4,0,1.047221,3.957623,4.144506
6178,lm,0,74,0,1.647797,0.428020,0.705290
530,human,0,46,0,1.138611,0.961595,1.094882
530,lm,0,99,0,1.609047,0.382180,0.614945
5255,human,0,38,0,1.232061,0.529894,0.652862
5255,lm,0,122,0,1.404784,0.407642,0.572649
4969,human,0,31,0,1.214101,1.079958,1.311178
4969,lm,0,17,0,1.055047,1.140413,1.203190
1350,human,0,120,0,1.169098,0.966071,1.129432
1350,lm,0,38,0,1.263644,0.807495,1.020387
7853,human,0,128,0,1.222288,0.690808,0.844366
7853,human,1,73,0,1.360089,0.604064,0.821580
7853,lm,0,103,0,1.207952,0.775388,0.936631
319,human,0,128,0,1.168743,0.827711,0.967381
319,human,1,7,0,1.092726,2.060453,2.251509
319,lm,0,70,0,1.312400,0.922184,1.210274
473,human,0,31,0,1.208340,0.629725,0.760922
473,lm,0,13,0,1.109292,1.383388,1.534582
7354,human,0,128,0,1.239418,0.608351,0.754000
7354,human,1,124,0,1.119231,1.024721,1.146899
7354,lm,0,11,0,1.020776,3.223502,3.290473
1847,human,0,128,0,1.340405,0.540628,0.724661
1847,human,1,2,0,1.263074,2.137273,2.699533
1847,lm,0,128,0,2.174037,0.164060,0.356673
1847,lm,1,124,0,1.706917,0.255581,0.436256
6574,human,0,39,0,1.370483,0.523118,0.716925
6574,lm,0,29,0,1.360354,0.409708,0.557348
7450,human,0,128,0,1.213391,0.642175,0.779210
7450,human,1,128,0,1.123567,0.826816,0.928983
7450,human,2,34,0,1.121323,1.592911,1.786168
7450,lm,0,74,0,1.542233,0.339380,0.523403
8993,human,0,128,0,1.147871,0.764733,0.877814
8993,human,1,12,0,1.031503,2.234885,2.305290
8993,lm,0,90,0,1.646092,0.363495,0.598346
3560,human,0,46,0,1.130075,1.234105,1.394631
3560,lm,0,25,0,1.455174,0.758057,1.103105
2107,human,0,128,0,1.168614,0.857151,1.001678
2107,human,1,128,0,1.101579,0.723155,0.796613
2107,human,2,128,0,1.043302,0.927162,0.967310
2107,human,3,128,0,1.263142,0.690182,0.871798
2107,human,4,128,0,1.031788,0.916070,0.945190
2107,human,5,128,0,1.005814,1.089126,1.095459
2107,human,6,1,0,1.000000,6.801283,6.801283
2107,lm,0,85,0,1.439463,0.578645,0.832938
1624,human,0,128,0,1.340369,0.445266,0.596821
1624,human,1,74,0,1.129131,1.005271,1.135083
1624,lm,0,51,0,1.268287,0.657304,0.833650
4520,human,0,63,0,1.141495,1.006562,1.148986
4520,lm,0,128,0,1.289639,0.629234,0.811485
4520,lm,1,38,0,1.139352,1.374241,1.565745
2743,human,0,128,0,1.681779,0.310694,0.522518
2743,human,1,50,0,1.250063,0.885976,1.107525
2743,lm,0,25,0,1.473042,0.471050,0.693876
5587,human,0,71,0,1.449718,0.468380,0.679020
5587,lm,0,20,0,1.268236,0.724531,0.918876
2944,human,0,128,0,1.220936,0.706010,0.861993
2944,human,1,128,0,1.072997,1.086172,1.165458
2944,human,2,128,0,1.063684,1.120896,1.192279
2944,human,3,128,0,1.123865,1.078738,1.212357
2944,human,4,128,0,1.142173,0.665160,0.759728
2944,human,5,7,0,1.027818,2.318854,2.383360
2944,lm,0,108,0,1.317677,0.632782,0.833802
7595,human,0,128,0,1.455471,0.451484,0.657121
7595,human,1,44,0,1.121501,1.557156,1.746351
7595,lm,0,14,0,1.258423,0.724744,0.912035
4713,human,0,92,0,1.437107,0.591217,0.849642
4713,lm,0,48,0,1.416563,0.703347,0.996336
2820,human,0,128,0,1.053811,0.960284,1.011958
2820,human,1,128,0,1.056614,1.108692,1.171459
2820,human,2,128,0,1.068271,0.756810,0.808478
2820,human,3,40,0,1.021786,1.556486,1.590395
2820,lm,0,128,0,1.343482,0.521309,0.700369
2820,lm,1,128,0,1.254889,0.560026,0.702771
2820,lm,2,49,0,1.135358,0.984385,1.117629
582,human,0,50,0,1.284561,0.763695,0.981013
582,lm,0,53,0,1.636113,0.415091,0.679136
8505,human,0,128,0,1.140687,0.839975,0.958148
8505,human,1,128,0,0.970912,1.546266,1.501288
8505,human,2,128,0,1.118758,0.778544,0.871003
8505,human,3,128,0,1.082942,1.018604,1.103090
8505,human,4,128,0,0.989217,1.186228,1.173438
8505,human,5,128,0,1.207574,0.757465,0.914696
8505,human,6,128,0,1.211092,0.638899,0.773765
8505,human,7,128,0,1.150341,1.013894,1.166323
8505,human,8,44,0,1.099989,0.943031,1.037324
8505,lm,0,128,0,1.712528,0.339938,0.582154
8505,lm,1,27,0,1.185381,0.810761,0.961061
3359,human,0,128,0,1.301262,0.533515,0.694243
3359,human,1,11,0,1.209298,1.468668,1.776057
3359,lm,0,58,0,2.063520,0.279735,0.577238
2806,human,0,128,0,1.107191,1.048808,1.161231
2806,human,1,128,0,0.912781,1.510686,1.378926
2806,human,2,102,0,1.180852,0.741978,0.876166
2806,lm,0,10,0,1.045045,2.049543,2.141864
6016,human,0,47,0,1.295337,0.628558,0.814194
6016,lm,0,56,0,1.253946,0.567793,0.711982
5049,human,0,128,0,1.383671,0.453885,0.628027
5049,human,1,128,0,1.201557,0.706760,0.849212
5049,human,2,128,0,1.365534,0.397894,0.543337
5049,human,3,128,0,1.486728,0.486470,0.723249
5049,human,4,128,0,1.437332,0.373209,0.536425
5049,human,5,125,0,1.353615,0.338694,0.458462
5049,lm,0,128,0,1.793165,0.193507,0.346990
5049,lm,1,128,0,1.488735,0.288134,0.428955
5049,lm,2,128,0,1.318299,0.465110,0.613154
5049,lm,3,119,0,1.453509,0.376012,0.546536
7512,human,0,128,0,1.674660,0.321095,0.537724
7512,human,1,63,0,1.233884,0.626864,0.773478
7512,lm,0,128,0,1.662086,0.359945,0.598259
7512,lm,1,43,0,1.184012,1.135927,1.344952
6650,human,0,76,0,1.331067,0.619366,0.824418
6650,lm,0,31,0,1.109792,0.919335,1.020271
2032,human,0,85,0,1.305128,0.526021,0.686525
2032,lm,0,67,0,1.398279,0.427352,0.597557
396,human,0,128,0,1.180769,0.879149,1.038072
396,human,1,128,0,1.071000,1.279049,1.369861
396,human,2,128,0,1.154703,0.989850,1.142982
396,human,3,128,0,1.195373,0.992852,1.186828
396,human,4,21,0,1.035418,2.005602,2.076637
396,lm,0,10,0,1.066754,1.987026,2.119669
6601,human,0,128,0,1.213803,0.958479,1.163405
6601,human,1,128,0,1.178090,1.142103,1.345500
6601,human,2,128,0,1.169770,0.951478,1.113010
6601,human,3,83,0,1.061308,1.016282,1.078588
6601,lm,0,128,0,2.083323,0.148644,0.309674
6601,lm,1,101,0,1.626901,0.134906,0.219479
8512,human,0,48,0,1.332652,0.612165,0.815803
8512,lm,0,6,0,1.044207,2.774997,2.897672
8537,human,0,128,0,1.291570,0.605875,0.782530
8537,human,1,128,0,1.107137,0.931493,1.031290
8537,human,2,128,0,0.957687,1.667215,1.596671
8537,human,3,78,0,1.088378,1.115608,1.214204
8537,lm,0,60,0,1.668605,0.152506,0.254472
7671,human,0,61,0,1.555170,0.403969,0.628240
7671,lm,0,77,0,1.739376,0.281549,0.489719
5030,human,0,128,0,1.179968,1.008330,1.189796
5030,human,1,128,0,1.032877,1.230397,1.270848
5030,human,2,78,0,1.062863,1.468132,1.560423
5030,lm,0,128,0,1.433180,0.436708,0.625881
5030,lm,1,76,0,1.489187,0.429725,0.639942
80,human,0,35,0,1.273319,0.768379,0.978392
80,lm,0,37,0,1.486830,0.498614,0.741354
6589,human,0,62,0,1.276284,0.732180,0.934469
6589,lm,0,24,0,1.255692,1.125216,1.412924
5607,human,0,128,0,1.241369,0.613298,0.761329
5607,human,1,128,0,1.172427,0.717326,0.841013
5607,human,2,109,0,1.200781,0.539118,0.647363
5607,lm,0,77,0,1.891273,0.291577,0.551451
679,human,0,16,0,1.061731,1.537141,1.632030
679,lm,0,10,0,1.070788,1.910362,2.045593
4355,human,0,71,0,1.250769,0.677917,0.847918
4355,lm,0,35,0,1.347655,0.672847,0.906766
4778,human,0,60,0,1.452390,0.307164,0.446122
4778,lm,0,86,0,1.777831,0.256750,0.456457
3222,human,0,45,0,1.229887,1.059809,1.303445
3222,lm,0,10,0,1.075219,2.946322,3.167942
5497,human,0,128,0,1.185318,0.687462,0.814861
5497,human,1,111,0,1.271775,0.724124,0.920922
5497,lm,0,12,0,1.107134,1.434617,1.588314
5623,human,0,46,0,1.501050,0.739416,1.109900
5623,lm,0,41,0,1.552355,0.526391,0.817145
8702,human,0,128,0,1.188678,0.751685,0.893512
8702,human,1,128,0,1.160305,0.818232,0.949399
8702,human,2,128,0,1.022126,1.430160,1.461804
8702,human,3,53,0,1.147523,1.337782,1.535135
8702,lm,0,40,0,1.403999,0.611878,0.859076
2693,human,0,73,0,1.559824,0.405256,0.632128
2693,lm,0,32,0,1.439078,0.551739,0.793996
2497,human,0,128,0,1.246173,0.800920,0.998085
2497,human,1,6,0,1.056294,2.984075,3.152059
2497,lm,0,40,0,1.242329,0.865306,1.074995
1699,human,0,28,0,1.164714,1.005571,1.171203
1699,lm,0,10,0,1.216504,1.579016,1.920879
1803,human,0,117,0,1.373816,0.558948,0.767892
1803,lm,0,21,0,1.352586,0.786516,1.063830
2482,human,0,128,0,1.237625,0.582739,0.721212
2482,human,1,27,0,1.038180,1.592810,1.653623
2482,lm,0,93,0,1.488175,0.290912,0.432928
882,human,0,128,0,1.261369,0.627470,0.791471
882,human,1,128,0,1.166855,0.878292,1.024840
882,human,2,128,0,1.028433,1.170463,1.203743
882,human,3,128,0,1.161533,0.929649,1.079818
882,human,4,128,0,1.130736,1.097236,1.240684
882,human,5,41,0,1.068319,1.594710,1.703659
882,lm,0,128,0,1.808833,0.274576,0.496662
882,lm,1,9,0,1.181886,1.544641,1.825588
1719,human,0,47,0,1.149281,0.933918,1.073334
1719,lm,0,128,0,1.759564,0.222436,0.391390
1719,lm,1,41,0,1.215519,0.555781,0.675562
3857,human,0,52,0,1.310319,0.752879,0.986512
3857,lm,0,68,0,1.922158,0.421981,0.811114
554,human,0,53,0,1.209962,0.750579,0.908172
554,lm,0,52,0,1.393966,0.577525,0.805050
47,human,0,128,0,1.330173,0.447301,0.594987
47,human,1,80,0,1.229258,0.578400,0.711002
47,lm,0,128,0,1.720068,0.265972,0.457490
47,lm,1,128,0,1.672799,0.291883,0.488261
47,lm,2,128,0,1.765724,0.266290,0.470195
47,lm,3,47,0,1.294406,0.725724,0.939382
1207,human,0,28,0,1.305761,0.785518,1.025699
1207,lm,0,11,0,1.248714,0.928601,1.159557
4825,human,0,61,0,1.210898,1.018588,1.233406
4825,lm,0,128,0,2.326213,0.166915,0.388279
4825,lm,1,128,0,1.676541,0.225891,0.378715
4825,lm,2,128,0,1.603152,0.196484,0.314994
4825,lm,3,5,0,1.009831,2.066654,2.086971
4139,human,0,34,0,1.328569,0.807061,1.072236
4139,lm,0,46,0,1.187717,0.976093,1.159323
5649,human,0,117,0,1.367593,0.501366,0.685664
5649,lm,0,46,0,1.228176,0.844803,1.037567
8866,human,0,128,0,1.158143,0.838223,0.970783
8866,human,1,8,0,1.036321,2.915101,3.020980
8866,lm,0,7,0,1.137057,1.395961,1.587287
2408,human,0,128,0,1.055949,0.960284,1.014011
2408,human,1,128,0,1.057887,1.108692,1.172870
2408,human,2,128,0,1.068149,0.756810,0.808386
2408,human,3,40,0,1.030425,1.556486,1.603842
2408,lm,0,128,0,1.277835,0.601935,0.769173
2408,lm,1,128,0,1.447349,0.608416,0.880590
2408,lm,2,128,0,1.651327,0.334942,0.553100
2408,lm,3,128,0,1.636091,0.334942,0.547996
2408,lm,4,128,0,1.653009,0.334942,0.553663
2408,lm,5,128,0,1.614215,0.334942,0.540669
2408,lm,6,128,0,1.637445,0.334942,0.548450
2408,lm,7,128,0,1.642936,0.334942,0.550289
2408,lm,8,63,0,1.270674,0.618042,0.785330
3617,human,0,83,0,1.314886,0.724605,0.952773
3617,lm,0,11,0,1.090975,2.267947,2.474273
5322,human,0,107,0,1.513593,0.414155,0.626862
5322,lm,0,10,0,1.042843,2.945714,3.071917
4025,human,0,115,0,1.468990,0.429937,0.631574
4025,lm,0,128,0,1.476690,0.331372,0.489334
4025,lm,1,128,0,1.250571,0.474548,0.593456
4025,lm,2,128,0,1.256732,0.441347,0.554655
4025,lm,3,128,0,1.173613,0.583513,0.684819
4025,lm,4,5,0,0.959275,3.950504,3.789618
4894,human,0,94,0,1.186344,0.568989,0.675016
4894,lm,0,20,0,1.053134,1.060842,1.117208
1494,human,0,59,0,1.179940,0.859488,1.014144
1494,lm,0,9,0,1.067303,2.014802,2.150405
8544,human,0,20,0,1.260858,0.954726,1.203774
8544,lm,0,10,0,1.076819,1.623075,1.747759
3880,human,0,22,0,1.105833,1.504762,1.664016
3880,lm,0,59,0,1.211417,0.953337,1.154889
2689,human,0,71,0,1.372742,0.628463,0.862718
2689,lm,0,44,0,1.220413,1.020097,1.244940
8433,human,0,31,0,1.163994,0.891202,1.037353
8433,lm,0,23,0,1.150922,0.909692,1.046985
8152,human,0,42,0,1.196490,1.109982,1.328082
8152,lm,0,102,0,1.419787,0.549450,0.780102
4836,human,0,128,0,1.290852,0.604972,0.780930
4836,human,1,128,0,1.160780,1.298803,1.507625
4836,human,2,128,0,1.174641,0.931150,1.093768
4836,human,3,41,0,1.140921,0.938013,1.070199
4836,lm,0,54,0,1.791992,0.335079,0.600458
6557,human,0,91,0,1.291520,0.608404,0.785765
6557,lm,0,40,0,1.319089,0.553211,0.729735
2696,human,0,128,0,1.246120,0.682447,0.850411
2696,human,1,12,0,1.026846,2.720476,2.793510
2696,lm,0,104,0,1.316486,0.771658,1.015877
7652,human,0,90,0,1.242444,0.673694,0.837027
7652,lm,0,70,0,1.371954,0.665253,0.912696
7833,human,0,73,0,1.121724,1.288608,1.445463
7833,lm,0,128,0,1.461046,0.412472,0.602640
7833,lm,1,60,0,1.319436,0.606759,0.800580
6632,human,0,27,0,1.299054,1.070133,1.390160
6632,lm,0,9,0,1.021606,3.452664,3.527264
2050,human,0,34,0,1.123995,0.918418,1.032297
2050,lm,0,14,0,1.119820,1.099499,1.231240
7070,human,0,128,0,1.349725,0.442085,0.596694
7070,human,1,43,0,1.063941,1.417894,1.508555
7070,lm,0,33,0,1.498218,0.598239,0.896293
8357,human,0,33,0,1.213476,0.464076,0.563144
8357,lm,0,34,0,1.263826,0.620583,0.784309
827,human,0,128,0,1.667095,0.368842,0.614894
827,human,1,62,0,1.248648,1.029743,1.285787
827,lm,0,74,0,1.572806,0.377159,0.593198
5021,human,0,35,0,1.191893,0.642230,0.765470
5021,lm,0,22,0,1.160908,1.190911,1.382537
6345,human,0,48,0,1.176641,0.963070,1.133187
6345,lm,0,12,0,1.053332,2.502549,2.636016
284,human,0,114,0,1.448922,0.373067,0.540544
284,lm,0,17,0,1.174122,0.977458,1.147654
8000,human,0,43,0,1.083023,1.333590,1.444308
8000,lm,0,18,0,1.026530,2.448150,2.513099
2522,human,0,94,0,1.239788,0.703891,0.872676
2522,lm,0,20,0,1.103797,0.854342,0.943020
731,human,0,126,0,1.210230,0.745564,0.902304
731,lm,0,128,0,1.760664,0.263453,0.463853
731,lm,1,128,0,1.455405,0.353809,0.514935
731,lm,2,128,0,1.365861,0.408686,0.558209
731,lm,3,128,0,1.558811,0.309778,0.482885
731,lm,4,37,0,1.092719,1.728148,1.888381
526,human,0,59,0,1.239039,0.761376,0.943375
526,lm,0,128,0,2.401899,0.205406,0.493365
526,lm,1,10,0,1.064770,1.901522,2.024683
2000,human,0,97,0,1.578927,0.412781,0.651751
2000,lm,0,87,0,1.769438,0.359450,0.636024
3422,human,0,128,0,1.480601,0.255497,0.378289
3422,human,1,99,0,1.201572,0.590346,0.709343
3422,lm,0,52,0,1.464074,0.527549,0.772371
7486,human,0,47,0,1.179242,1.039393,1.225696
7486,lm,0,128,0,2.092255,0.197913,0.414085
7486,lm,1,128,0,1.949334,0.200141,0.390141
7486,lm,2,39,0,1.431626,0.645626,0.924295
3721,human,0,56,0,1.282865,0.611733,0.784772
3721,lm,0,7,0,1.122558,1.573725,1.766597
3004,human,0,43,0,1.153615,1.049929,1.211214
3004,lm,0,12,0,1.150841,1.362676,1.568224
4716,human,0,128,0,1.166367,1.110838,1.295645
4716,human,1,128,0,1.186485,0.852908,1.011962
4716,human,2,28,0,1.204777,0.756898,0.911894
4716,lm,0,105,0,1.509653,0.439477,0.663458
4467,human,0,128,0,1.250032,0.540903,0.676146
4467,human,1,128,0,1.279179,0.564103,0.721589
4467,lm,0,128,0,1.445330,0.371635,0.537135
4467,lm,1,128,0,1.282783,0.408546,0.524076
4467,lm,2,4,0,1.075373,1.818113,1.955149
5047,human,0,85,0,1.203634,0.923140,1.111123
5047,lm,0,20,0,1.198983,1.352534,1.621665
4177,human,0,128,0,1.150342,1.017754,1.170766
4177,human,1,128,0,1.216830,0.720859,0.877162
4177,human,2,24,0,1.003289,1.586465,1.591684
4177,lm,0,9,0,0.992674,2.249017,2.232541
2630,human,0,128,0,1.256650,0.738953,0.928605
2630,human,1,38,0,1.000978,1.629234,1.630828
2630,lm,0,40,0,1.647071,0.416508,0.686018
8029,human,0,69,0,1.300314,0.613451,0.797679
8029,lm,0,14,0,1.091960,2.200044,2.402361
1900,human,0,128,0,1.179402,1.010763,1.192096
1900,human,1,128,0,1.056566,1.446492,1.528314
1900,human,2,128,0,1.029318,1.473357,1.516553
1900,human,3,128,0,1.039058,1.394265,1.448722
1900,human,4,128,0,1.049934,1.646598,1.728820
1900,human,5,128,0,1.116677,1.120952,1.251742
1900,human,6,128,0,1.165595,1.015672,1.183863
1900,human,7,128,0,1.040412,1.795800,1.868371
1900,human,8,127,0,1.128066,0.875015,0.987075
1900,lm,0,128,0,1.561232,0.385545,0.601925
1900,lm,1,128,0,1.266070,0.375668,0.475622
1900,lm,2,38,0,1.164003,0.577653,0.672390
4087,human,0,60,0,1.268502,0.842803,1.069097
4087,lm,0,65,0,1.363607,0.493190,0.672517
4635,human,0,128,0,1.238220,0.682947,0.845638
4635,human,1,55,0,1.089906,1.410854,1.537698
4635,lm,0,99,0,1.547346,0.391342,0.605542
67,human,0,100,0,1.151930,0.857869,0.988205
67,lm,0,42,0,1.173561,0.940623,1.103878
2201,human,0,54,0,1.210495,0.763756,0.924523
2201,lm,0,83,0,1.667800,0.394105,0.657289
6980,human,0,32,0,1.330604,0.604241,0.804005
6980,lm,0,52,0,1.455355,0.376656,0.548168
3785,human,0,128,0,1.262645,0.604246,0.762948
3785,human,1,74,0,1.127183,1.127954,1.271411
3785,lm,0,10,0,1.028135,2.561929,2.634009
3725,human,0,43,0,1.315011,0.706837,0.929498
3725,lm,0,10,0,1.166965,1.642869,1.917170
6983,human,0,128,0,1.150643,0.880654,1.013318
6983,human,1,66,0,1.118253,1.211979,1.355299
6983,lm,0,73,0,1.449204,0.470323,0.681594
5684,human,0,11,0,1.040607,1.826341,1.900504
5684,lm,0,50,0,1.106100,1.211792,1.340364
6567,human,0,74,0,1.215934,0.843969,1.026211
6567,lm,0,40,0,1.421303,0.679311,0.965507
2324,human,0,128,0,1.218621,0.622948,0.759137
2324,human,1,128,0,1.249562,0.703381,0.878918
2324,human,2,128,0,1.135416,0.879137,0.998186
2324,human,3,87,0,1.056992,0.589013,0.622582
2324,lm,0,11,0,1.217802,1.420714,1.730148
7210,human,0,28,0,1.079368,1.481536,1.599122
7210,lm,0,20,0,1.092080,1.877186,2.050038
7701,human,0,121,0,1.693384,0.243615,0.412534
7701,lm,0,38,0,1.266669,0.765950,0.970205
7854,human,0,105,0,1.236137,0.731150,0.903801
7854,lm,0,6,0,1.007030,3.294103,3.317261
8658,human,0,128,0,1.069265,0.924757,0.988811
8658,human,1,128,0,1.131590,0.737977,0.835088
8658,human,2,128,0,1.056658,1.161661,1.227477
8658,human,3,128,0,0.913440,1.485581,1.356989
8658,human,4,128,0,1.105687,0.935316,1.034167
8658,human,5,128,0,1.089487,0.997514,1.086778
8658,human,6,128,0,0.939583,1.196651,1.124353
8658,human,7,128,0,0.890889,0.861465,0.767469
8658,human,8,128,0,0.901585,1.598232,1.440943
8658,human,9,34,0,0.992207,2.245451,2.227954
8658,lm,0,10,0,0.961880,4.275819,4.112823
4780,human,0,34,0,1.208893,0.769657,0.930433
4780,lm,0,18,0,1.145387,1.415779,1.621614
1542,human,0,33,0,1.164856,1.088197,1.267593
1542,lm,0,56,0,1.213284,0.898631,1.090295
1322,human,0,128,0,1.269230,0.579643,0.735700
1322,human,1,40,0,1.226776,0.620517,0.761235
1322,lm,0,82,0,1.488686,0.423643,0.630671
2156,human,0,19,0,1.056341,1.214091,1.282495
2156,lm,0,10,0,1.095264,1.430439,1.566708
2639,human,0,31,0,1.256451,1.097804,1.379337
2639,lm,0,128,0,1.753892,0.297542,0.521857
2639,lm,1,128,0,1.435832,0.440900,0.633059
2639,lm,2,32,0,1.290776,0.918710,1.185849
7194,human,0,31,0,1.216025,0.911847,1.108829
7194,lm,0,21,0,1.149988,1.323669,1.522203
4838,human,0,27,0,1.239009,0.642663,0.796266
4838,lm,0,5,0,0.968046,3.296209,3.190884
8503,human,0,78,0,1.236905,0.789039,0.975966
8503,lm,0,11,0,1.099478,1.333622,1.466288
4605,human,0,128,0,1.166989,0.849153,0.990952
4605,human,1,128,0,1.124599,0.882822,0.992820
4605,human,2,41,0,0.994434,1.789196,1.779238
4605,lm,0,12,0,1.078103,2.310064,2.490488
2881,human,0,95,0,1.437323,0.417179,0.599621
2881,lm,0,84,0,1.339560,0.539342,0.722481
393,human,0,128,0,1.175978,1.212810,1.426238
393,human,1,128,0,1.122911,1.242295,1.394987
393,human,2,128,0,1.251604,0.753952,0.943649
393,human,3,78,0,1.304947,0.657259,0.857688
393,lm,0,92,0,1.775329,0.364562,0.647217
6277,human,0,79,0,1.272414,0.498776,0.634649
6277,lm,0,128,0,1.793156,0.498591,0.894051
6277,lm,1,15,0,1.225104,1.335434,1.636046
8833,human,0,24,0,1.129278,1.445462,1.632329
8833,lm,0,128,0,1.855310,0.219087,0.406475
8833,lm,1,10,0,1.245666,1.146104,1.427664
1908,human,0,128,0,1.382818,0.571035,0.789638
1908,human,1,50,0,1.249548,0.749691,0.936775
1908,lm,0,70,0,1.359159,0.649312,0.882519
4568,human,0,35,0,1.265902,1.026885,1.299935
4568,lm,0,45,0,1.352661,0.634030,0.857628
3250,human,0,128,0,1.369699,0.488062,0.668498
3250,human,1,30,0,1.059876,2.047078,2.169649
3250,lm,0,55,0,1.332805,0.685314,0.913390
1066,human,0,125,0,1.243918,0.819779,1.019737
1066,lm,0,46,0,1.175349,1.151662,1.353605
2997,human,0,34,0,1.378291,0.525114,0.723760
2997,lm,0,34,0,1.538759,0.376529,0.579387
8611,human,0,66,0,1.333158,0.546620,0.728731
8611,lm,0,94,0,1.864286,0.276011,0.514564
4683,human,0,128,0,1.051368,0.960284,1.009612
4683,human,1,128,0,1.055349,1.108692,1.170056
4683,human,2,128,0,1.067622,0.756810,0.807987
4683,human,3,40,0,1.020587,1.556486,1.588528
4683,lm,0,128,0,1.257501,0.604596,0.760281
4683,lm,1,128,0,1.303093,0.677878,0.883338
4683,lm,2,128,0,1.647219,0.334942,0.551724
4683,lm,3,128,0,1.643589,0.334942,0.550508
4683,lm,4,128,0,1.630507,0.334942,0.546126
4683,lm,5,128,0,1.616117,0.334942,0.541306
4683,lm,6,128,0,1.607726,0.334942,0.538496
4683,lm,7,128,0,1.635589,0.334942,0.547828
4683,lm,8,79,0,1.327760,0.490171,0.650829
7574,human,0,40,0,1.157073,1.171113,1.355064
7574,lm,0,42,0,1.508551,0.617998,0.932282
3662,human,0,44,0,1.227741,0.749400,0.920069
3662,lm,0,10,0,1.092448,1.290288,1.409573
38,human,0,38,0,1.152197,1.177519,1.356733
38,lm,0,128,0,1.946710,0.151557,0.295038
38,lm,1,128,0,1.596698,0.221726,0.354030
38,lm,2,67,0,1.778589,0.246530,0.438476
1790,human,0,69,0,1.373353,0.435869,0.598602
1790,lm,0,24,0,1.338561,0.544169,0.728403
3952,human,0,78,0,1.407981,0.564532,0.794851
3952,lm,0,7,0,1.095150,2.014060,2.205698
7766,human,0,29,0,1.113019,1.125359,1.252546
7766,lm,0,9,0,1.033369,3.690751,3.813909
173,human,0,128,0,1.153515,0.866310,0.999302
173,human,1,52,0,1.109620,1.051249,1.166486
173,lm,0,128,0,1.546269,0.381322,0.589626
173,lm,1,128,0,1.272953,0.390093,0.496570
173,lm,2,17,0,1.036455,1.223139,1.267728
3844,human,0,26,0,1.166655,1.368327,1.596367
3844,lm,0,13,0,1.165345,1.300913,1.516013
87,human,0,128,0,1.589603,0.339139,0.539096
87,human,1,121,0,1.340422,0.512108,0.686441
87,lm,0,128,0,1.744254,0.412833,0.720085
87,lm,1,128,0,2.468848,0.248692,0.613982
87,lm,2,128,0,1.746085,0.381093,0.665420
87,lm,3,128,0,1.896005,0.343974,0.652177
87,lm,4,128,0,2.625470,0.230633,0.605519
87,lm,5,128,0,2.033629,0.309976,0.630376
87,lm,6,65,0,1.419159,0.701704,0.995829
2196,human,0,98,0,1.132211,0.875470,0.991217
2196,lm,0,32,0,1.116409,1.085651,1.212030
1148,human,0,128,0,1.189574,0.682238,0.811572
1148,human,1,85,0,1.187346,0.935095,1.110281
1148,lm,0,106,0,1.699128,0.224264,0.381053
2031,human,0,128,0,1.088571,0.752599,0.819258
2031,human,1,22,0,0.994715,1.686322,1.677410
2031,lm,0,6,0,1.067154,2.752524,2.937366
5921,human,0,128,0,1.313629,0.643817,0.845737
5921,human,1,128,0,1.106681,1.209997,1.339081
5921,human,2,128,0,1.199186,0.554511,0.664961
5921,human,3,128,0,1.118674,1.063202,1.189377
5921,human,4,32,0,1.043962,2.095564,2.187689
5921,lm,0,52,0,1.233197,1.005755,1.240294
435,human,0,22,0,1.106112,1.837491,2.032470
435,lm,0,10,0,1.027210,2.766449,2.841724
3701,human,0,128,0,1.276405,0.773789,0.987668
3701,human,1,115,0,1.157369,0.777053,0.899338
3701,lm,0,27,0,1.145195,0.739601,0.846987
3106,human,0,86,0,1.319388,0.575336,0.759092
3106,lm,0,128,0,1.814929,0.213124,0.386804
3106,lm,1,75,0,1.541884,0.204188,0.314834
1125,human,0,106,0,1.329209,0.687461,0.913780
1125,lm,0,62,0,1.449539,0.598849,0.868055
6715,human,0,25,0,1.069294,1.723798,1.843246
6715,lm,0,33,0,1.104872,1.350200,1.491798
6329,human,0,128,0,1.123190,0.902990,1.014230
6329,human,1,119,0,1.047847,1.283162,1.344558
6329,lm,0,9,0,1.032289,2.690780,2.777661
6884,human,0,92,0,1.216788,0.814905,0.991567
6884,lm,0,39,0,1.340163,0.841504,1.127753
4844,human,0,44,0,1.087916,0.951892,1.035578
4844,lm,0,13,0,1.050922,2.753526,2.893741
5508,human,0,128,0,1.182267,0.837499,0.990148
5508,human,1,73,0,1.161575,1.171931,1.361286
5508,lm,0,12,0,1.236520,1.025023,1.267461
4950,human,0,75,0,1.377509,0.602280,0.829646
4950,lm,0,18,0,1.083742,1.701024,1.843471
6875,human,0,128,0,1.299826,0.586327,0.762124
6875,human,1,128,0,1.171772,0.831842,0.974728
6875,human,2,66,0,1.154484,1.213233,1.400657
6875,lm,0,73,0,1.238950,0.831566,1.030269
4113,human,0,78,0,1.173481,0.859660,1.008794
4113,lm,0,39,0,1.347268,0.760550,1.024665
3896,human,0,128,0,1.132139,0.924109,1.046220
3896,human,1,47,0,1.091764,1.499221,1.636796
3896,lm,0,64,0,1.238061,0.620220,0.767870
5466,human,0,50,0,1.194618,0.931670,1.112990
5466,lm,0,94,0,1.406753,0.629268,0.885225
5989,human,0,128,0,1.136552,0.814271,0.925461
5989,human,1,128,0,1.124033,1.006304,1.131120
5989,human,2,128,0,1.100744,1.476315,1.625045
5989,human,3,55,0,1.085022,1.539897,1.670821
5989,lm,0,25,0,1.219136,1.263005,1.539776
4552,human,0,40,0,1.309445,0.602099,0.788415
4552,lm,0,11,0,1.158029,1.085082,1.256557
3640,human,0,77,0,1.033359,1.403412,1.450229
3640,lm,0,49,0,1.229007,1.002437,1.232002
5079,human,0,119,0,1.289314,0.517219,0.666858
5079,lm,0,128,0,1.654233,0.322318,0.533189
5079,lm,1,31,0,1.172221,1.205749,1.413404
3583,human,0,57,0,1.332871,0.611009,0.814397
3583,lm,0,17,0,1.244825,0.888604,1.106156
7117,human,0,111,0,1.341876,0.499195,0.669859
7117,lm,0,9,0,1.120455,1.280583,1.434836
7546,human,0,78,0,1.450259,0.641678,0.930600
7546,lm,0,78,0,1.472355,0.642468,0.945941
7458,human,0,59,0,1.676186,0.421421,0.706380
7458,lm,0,87,0,1.585399,0.420854,0.667221
127,human,0,15,0,1.031239,1.481652,1.527938
127,lm,0,45,0,1.431588,0.494129,0.707389
3335,human,0,47,0,1.261666,0.778048,0.981636
3335,lm,0,44,0,1.250568,0.862584,1.078720
2900,human,0,102,0,1.246978,0.594267,0.741038
2900,lm,0,42,0,1.357500,0.436787,0.592939
3877,human,0,70,0,1.269540,0.870013,1.104516
3877,lm,0,11,0,1.060817,2.262846,2.400466
8485,human,0,101,0,1.311755,0.622930,0.817132
8485,lm,0,11,0,1.050056,2.812632,2.953420
3292,human,0,103,0,1.364240,0.622745,0.849573
3292,lm,0,11,0,1.154680,1.172989,1.354427
5346,human,0,24,0,1.117523,1.206414,1.348195
5346,lm,0,24,0,1.165828,0.954303,1.112553
7131,human,0,100,0,1.230524,0.646013,0.794935
7131,lm,0,19,0,1.135700,0.560384,0.636428
2735,human,0,128,0,1.115601,0.931377,1.039046
2735,human,1,31,0,1.063085,2.013062,2.140056
2735,lm,0,73,0,1.417880,0.454118,0.643885
4577,human,0,128,0,1.165475,0.555086,0.646939
4577,human,1,63,0,1.120720,0.792228,0.887866
4577,lm,0,22,0,1.153346,1.032410,1.190727
4027,human,0,128,0,1.563045,0.369367,0.577338
4027,human,1,101,0,1.441298,0.416430,0.600200
4027,lm,0,128,0,1.748604,0.239300,0.418442
4027,lm,1,22,0,1.290246,0.481022,0.620637
4540,human,0,77,0,1.349296,0.528353,0.712905
4540,lm,0,11,0,1.065592,1.958759,2.087238
8799,human,0,128,0,1.643880,0.362105,0.595257
8799,human,1,43,0,1.382859,0.876966,1.212721
8799,lm,0,41,0,1.328827,0.555029,0.737537
7009,human,0,38,0,1.202968,0.817614,0.983564
7009,lm,0,40,0,1.136044,1.118789,1.270994
1097,human,0,120,0,1.301563,0.509644,0.663334
1097,lm,0,12,0,1.166512,0.899948,1.049800
5206,human,0,77,0,1.147932,1.048439,1.203537
5206,lm,0,128,0,1.505830,0.529503,0.797341
5206,lm,1,27,0,1.244887,1.112820,1.385335
7705,human,0,21,0,1.155646,1.386222,1.601982
7705,lm,0,21,0,1.179681,1.386222,1.635300
1675,human,0,128,0,1.357940,0.510864,0.693722
1675,human,1,128,0,1.350706,0.448296,0.605516
1675,human,2,128,0,1.382299,0.424091,0.586220
1675,human,3,128,0,1.107273,1.008487,1.116670
1675,human,4,128,0,1.029714,1.154509,1.188815
1675,human,5,128,0,1.241154,0.528502,0.655952
1675,human,6,128,0,1.184619,0.610543,0.723261
1675,human,7,24,0,1.142179,1.249773,1.427464
1675,lm,0,128,0,1.434822,0.509062,0.730414
1675,lm,1,128,0,1.480514,0.530121,0.784852
1675,lm,2,30,0,1.142884,1.153175,1.317946
902,human,0,128,0,1.176191,0.870558,1.023943
902,human,1,46,0,1.083935,1.321776,1.432719
902,lm,0,114,0,1.522672,0.181197,0.275903
5283,human,0,25,0,1.176691,1.253738,1.475261
5283,lm,0,25,0,1.184117,1.253738,1.484572
5977,human,0,128,0,1.219064,0.842597,1.027181
5977,human,1,128,0,1.195939,0.721048,0.862330
5977,lm,0,47,0,1.584850,0.382602,0.606368
1996,human,0,128,0,1.396365,0.472492,0.659772
1996,human,1,12,0,1.187701,0.824674,0.979466
1996,lm,0,128,0,1.637280,0.407610,0.667373
1996,lm,1,61,0,1.300110,0.659711,0.857697
8243,human,0,128,0,1.256629,0.487688,0.612842
8243,human,1,101,0,1.223174,0.435126,0.532234
8243,lm,0,110,0,1.615699,0.335523,0.542105
4217,human,0,21,0,1.208497,0.689285,0.832998
4217,lm,0,12,0,1.169632,0.843925,0.987082
2550,human,0,53,0,1.299064,0.718113,0.932874
2550,lm,0,63,0,1.327538,0.608500,0.807807
8474,human,0,29,0,1.313055,0.557874,0.732520
8474,lm,0,43,0,1.399651,0.371544,0.520032
8231,human,0,128,0,1.237143,0.719451,0.890063
8231,human,1,40,0,1.154617,0.818230,0.944743
8231,lm,0,128,0,1.566675,0.217391,0.340580
8231,lm,1,128,0,1.308516,0.477009,0.624175
8231,lm,2,128,0,1.300302,0.427018,0.555252
8231,lm,3,128,0,1.383204,0.359311,0.497000
8231,lm,4,89,0,1.255688,0.592077,0.743464
414,human,0,68,0,1.355125,0.625978,0.848278
414,lm,0,39,0,1.242397,0.821491,1.020619
6641,human,0,23,0,1.094037,1.426125,1.560233
6641,lm,0,10,0,1.069414,2.116270,2.263168
4691,human,0,54,0,1.440788,0.579147,0.834428
4691,lm,0,6,0,1.093351,1.588291,1.736560
3579,human,0,128,0,1.161344,0.747375,0.867959
3579,human,1,128,0,0.930897,1.471130,1.369471
3579,human,2,128,0,1.166996,0.757793,0.884341
3579,human,3,128,0,1.237331,0.758428,0.938426
3579,human,4,128,0,1.084969,1.139497,1.236319
3579,human,5,128,0,1.094897,0.958806,1.049793
3579,human,6,128,0,1.061892,0.975773,1.036165
3579,human,7,128,0,1.074272,0.997513,1.071601
3579,human,8,44,0,1.023967,1.060537,1.085955
3579,lm,0,78,0,1.086662,1.054676,1.146076
4109,human,0,49,0,1.470003,0.519925,0.764292
4109,lm,0,76,0,1.574630,0.384682,0.605731
3226,human,0,66,0,1.284099,0.618851,0.794665
3226,lm,0,45,0,1.304382,0.666739,0.869682
5443,human,0,128,0,1.126885,1.001190,1.128226
5443,human,1,89,0,1.050236,1.421803,1.493229
5443,lm,0,86,0,1.225183,0.700994,0.858846
7047,human,0,88,0,1.378443,0.576355,0.794473
7047,lm,0,81,0,1.865368,0.274609,0.512248
5555,human,0,83,0,1.367673,0.416481,0.569610
5555,lm,0,64,0,1.323297,0.527324,0.697806
3031,human,0,112,0,1.221520,0.546904,0.668054
3031,lm,0,121,0,1.601354,0.442612,0.708779
2049,human,0,128,0,1.611118,0.439641,0.708314
2049,human,1,8,0,0.982439,3.253814,3.196675
2049,lm,0,62,0,2.008699,0.337133,0.677199
8883,human,0,16,0,1.255380,0.796970,1.000500
8883,lm,0,10,0,1.184096,0.842053,0.997072
4822,human,0,128,0,1.331813,0.532841,0.709644
4822,human,1,108,0,1.270785,0.624159,0.793173
4822,lm,0,96,0,1.470189,0.440435,0.647523
1488,human,0,128,0,1.543429,0.310106,0.478627
1488,human,1,122,0,1.348562,0.551441,0.743652
1488,lm,0,128,0,1.527478,0.302179,0.461572
1488,lm,1,77,0,1.216373,0.704974,0.857512
2187,human,0,61,0,1.275722,0.509620,0.650134
2187,lm,0,84,0,1.477817,0.379552,0.560908
6262,human,0,128,0,1.263796,0.651382,0.823214
6262,human,1,128,0,1.229870,0.680790,0.837283
6262,human,2,128,0,1.232267,0.646028,0.796078
6262,human,3,6,0,1.012136,2.465873,2.495800
6262,lm,0,10,0,1.050031,2.365337,2.483678
2765,human,0,128,0,1.164284,1.020708,1.188394
2765,human,1,128,0,1.164378,0.740409,0.862116
2765,human,2,128,0,1.210177,0.523366,0.633366
2765,human,3,100,0,1.138899,1.200125,1.366821
2765,lm,0,128,0,1.456955,0.360237,0.524849
2765,lm,1,128,0,1.342460,0.432874,0.581116
2765,lm,2,84,0,1.376875,0.582108,0.801490
2570,human,0,128,0,1.258080,0.749055,0.942371
2570,human,1,105,0,1.190594,0.932131,1.109790
2570,lm,0,29,0,1.033647,1.136720,1.174968
1377,human,0,128,0,1.430219,0.452896,0.647740
1377,human,1,108,0,1.261426,0.634432,0.800288
1377,lm,0,128,0,1.426218,0.435262,0.620778
1377,lm,1,128,0,1.295394,0.458579,0.594040
1377,lm,2,79,0,1.166350,0.747465,0.871805
588,human,0,41,0,1.245133,0.871655,1.085326
588,lm,0,6,0,1.055836,3.139817,3.315133
222,human,0,93,0,1.376325,0.301901,0.415514
222,lm,0,128,0,1.442894,0.300481,0.433562
222,lm,1,120,0,1.147882,0.536094,0.615373
489,human,0,117,0,1.316285,0.562127,0.739919
489,lm,0,45,0,1.444219,0.669132,0.966373
2637,human,0,128,0,1.389766,0.564563,0.784610
2637,human,1,75,0,1.108718,1.052270,1.166671
2637,lm,0,91,0,1.560657,0.446559,0.696926
1650,human,0,27,0,1.221263,0.940687,1.148826
1650,lm,0,30,0,1.259908,0.778061,0.980285
629,human,0,30,0,1.068524,1.638025,1.750270
629,lm,0,7,0,1.105316,1.637226,1.809652
4866,human,0,39,0,1.337198,0.651042,0.870572
4866,lm,0,30,0,1.487315,0.583207,0.867412
1263,human,0,47,0,1.113625,0.972664,1.083183
1263,lm,0,74,0,1.258147,0.828197,1.041994
7600,human,0,63,0,1.583479,0.354313,0.561048
7600,lm,0,7,0,1.073073,1.328285,1.425347
4362,human,0,128,0,1.291357,0.606529,0.783245
4362,human,1,128,0,1.145366,0.707052,0.809834
4362,human,2,128,0,1.233450,0.663517,0.818415
4362,human,3,67,0,1.142365,1.081846,1.235863
4362,lm,0,10,0,1.082982,2.848676,3.085066
7343,human,0,48,0,1.251988,1.030930,1.290712
7343,lm,0,35,0,1.449096,0.677850,0.982270
2362,human,0,113,0,1.493113,0.475804,0.710430
2362,lm,0,128,0,1.569511,0.452316,0.709915
2362,lm,1,71,0,1.299280,0.684515,0.889377
4044,human,0,125,0,1.523928,0.408360,0.622312
4044,lm,0,13,0,1.137992,1.450711,1.650897
7767,human,0,76,0,1.339819,0.550046,0.736962
7767,lm,0,128,0,2.980101,0.118418,0.352899
7767,lm,1,128,0,2.351624,0.130000,0.305711
7767,lm,2,46,0,1.595705,0.335134,0.534774
3262,human,0,128,0,1.218199,0.576725,0.702566
3262,human,1,128,0,1.061863,1.539144,1.634360
3262,human,2,128,0,1.134375,0.735380,0.834197
3262,human,3,9,0,1.025679,4.087656,4.192623
3262,lm,0,128,0,1.470747,0.388360,0.571179
3262,lm,1,128,0,1.384878,0.240047,0.332436
3262,lm,2,55,0,1.210662,0.360742,0.436737
4034,human,0,128,0,1.149329,0.862236,0.990993
4034,human,1,128,0,1.094100,1.047434,1.145997
4034,human,2,100,0,1.125330,0.892771,1.004662
4034,lm,0,36,0,1.206256,0.761867,0.919006
7235,human,0,35,0,1.116195,1.067585,1.191634
7235,lm,0,18,0,1.181405,1.284611,1.517645
6777,human,0,128,0,1.301585,0.526571,0.685377
6777,human,1,31,0,1.186951,0.734232,0.871498
6777,lm,0,68,0,1.594284,0.358375,0.571351
5393,human,0,126,0,1.211867,0.705278,0.854704
5393,lm,0,20,0,1.278644,1.156102,1.478243
89,human,0,128,0,1.076171,1.153725,1.241605
89,human,1,128,0,0.860246,1.809227,1.556381
89,human,2,128,0,0.984411,1.584503,1.559803
89,human,3,128,0,1.022139,1.273317,1.301507
89,human,4,21,0,0.991525,1.956699,1.940116
89,lm,0,42,0,1.082405,1.137528,1.231267
117,human,0,128,0,1.345435,0.593263,0.798197
117,human,1,128,0,1.234106,0.763284,0.941974
117,human,2,128,0,1.235129,0.706248,0.872308
117,human,3,128,0,1.105562,0.894047,0.988425
117,human,4,46,0,1.209620,0.877092,1.060948
117,lm,0,128,0,2.029057,0.250387,0.508049
117,lm,1,12,0,1.015104,2.736884,2.778223
1317,human,0,30,0,1.170319,0.961858,1.125680
1317,lm,0,30,0,1.422204,0.893417,1.270621
6426,human,0,66,0,1.202606,0.689203,0.828840
6426,lm,0,23,0,1.232910,0.627035,0.773077
1305,human,0,97,0,1.740568,0.305425,0.531613
1305,lm,0,38,0,1.573617,0.502106,0.790123
4035,human,0,27,0,1.113450,1.117082,1.243816
4035,lm,0,26,0,1.158361,1.198371,1.388146
4164,human,0,42,0,1.152863,0.766969,0.884210
4164,lm,0,36,0,1.186798,0.843349,1.000885
3864,human,0,128,0,1.153736,0.811220,0.935934
3864,human,1,105,0,1.168811,1.036039,1.210934
3864,lm,0,10,0,1.045936,3.242269,3.391206
7956,human,0,67,0,1.275895,0.598771,0.763969
7956,lm,0,22,0,1.086074,1.234929,1.341225
7019,human,0,128,0,1.310187,0.727455,0.953102
7019,human,1,128,0,1.141188,0.856654,0.977604
7019,human,2,128,0,0.978793,0.946750,0.926673
7019,human,3,128,0,1.195751,0.636561,0.761169
7019,human,4,53,0,1.082335,1.124210,1.216772
7019,lm,0,128,0,1.590371,0.394996,0.628190
7019,lm,1,6,0,1.040557,3.125793,3.252566
1492,human,0,128,0,1.153860,0.747414,0.862411
1492,human,1,128,0,1.124363,0.985566,1.108135
1492,human,2,128,0,1.103798,0.974775,1.075954
1492,human,3,104,0,1.163372,0.776171,0.902976
1492,lm,0,62,0,1.375856,0.622266,0.856148
8451,human,0,128,0,1.257658,0.435033,0.547123
8451,human,1,128,0,1.095585,1.024899,1.122864
8451,human,2,128,0,1.097088,0.960202,1.053426
8451,human,3,120,0,1.148805,0.766865,0.880978
8451,lm,0,42,0,1.214294,0.897701,1.090073
2085,human,0,86,0,1.483662,0.471715,0.699865
2085,lm,0,10,0,1.069340,3.107884,3.323384
6838,human,0,20,0,1.218376,0.782817,0.953765
6838,lm,0,6,0,1.076506,1.868306,2.011243
4988,human,0,54,0,1.150818,1.096546,1.261925
4988,lm,0,10,0,1.065480,1.617716,1.723644
1954,human,0,128,0,1.014117,1.107291,1.122923
1954,human,1,53,0,1.084445,1.133800,1.229544
1954,lm,0,34,0,1.332645,0.710235,0.946491
6820,human,0,29,0,1.303391,0.653266,0.851461
6820,lm,0,27,0,1.392880,0.709789,0.988651
724,human,0,128,0,1.150287,0.870366,1.001170
724,human,1,32,0,1.092741,1.720367,1.879916
724,lm,0,35,0,1.353421,0.588420,0.796379
7760,human,0,128,0,1.135378,0.777940,0.883256
7760,human,1,4,0,0.994730,3.151571,3.134962
7760,lm,0,128,0,1.927264,0.189608,0.365425
7760,lm,1,128,0,1.490390,0.337218,0.502587
7760,lm,2,18,0,1.212159,0.860987,1.043653
4242,human,0,128,0,1.345589,0.578809,0.778838
4242,human,1,41,0,1.172068,1.230181,1.441856
4242,lm,0,128,0,1.720747,0.297998,0.512779
4242,lm,1,93,0,1.465183,0.378417,0.554449
4616,human,0,128,0,1.603062,0.336090,0.538773
4616,human,1,111,0,1.351163,0.523731,0.707646
4616,lm,0,118,0,1.835326,0.235966,0.433075
8592,human,0,18,0,1.051218,1.627524,1.710883
8592,lm,0,6,0,1.056810,2.315686,2.447239
6816,human,0,76,0,1.161595,1.038424,1.206229
6816,lm,0,10,0,1.087227,1.437494,1.562883
6104,human,0,67,0,1.080222,1.160272,1.253351
6104,lm,0,10,0,1.073722,2.492168,2.675895
6974,human,0,33,0,1.210354,0.725151,0.877689
6974,lm,0,76,0,1.242139,0.622657,0.773427
4250,human,0,72,0,1.248453,0.616649,0.769857
4250,lm,0,11,0,1.068136,1.774861,1.895793
6467,human,0,128,0,1.094360,1.198814,1.311934
6467,human,1,128,0,1.144326,0.977466,1.118539
6467,human,2,128,0,1.108326,1.006129,1.115119
6467,human,3,108,0,1.124611,0.731013,0.822105
6467,lm,0,31,0,1.398681,0.421403,0.589408
7743,human,0,128,0,1.483613,0.496143,0.736084
7743,human,1,109,0,1.585584,0.327164,0.518747
7743,lm,0,128,0,1.578901,0.330414,0.521692
7743,lm,1,11,0,1.114746,1.937699,2.160042
4145,human,0,53,0,1.179493,0.633389,0.747078
4145,lm,0,103,0,2.528669,0.053184,0.134485
4787,human,0,128,0,1.203837,0.763188,0.918754
4787,human,1,128,0,1.173968,0.755429,0.886850
4787,human,2,74,0,1.083278,1.024269,1.109568
4787,lm,0,128,0,1.562577,0.303807,0.474722
4787,lm,1,128,0,1.398747,0.208068,0.291034
4787,lm,2,63,0,1.170508,0.292270,0.342104
6002,human,0,35,0,1.196192,1.483915,1.775047
6002,lm,0,12,0,1.007670,2.309435,2.327149
2530,human,0,128,0,1.346282,0.554472,0.746476
2530,human,1,7,0,1.263190,1.139912,1.439925
2530,lm,0,33,0,1.278229,0.501502,0.641034
4352,human,0,25,0,1.143561,0.872969,0.998293
4352,lm,0,7,0,1.035632,3.472994,3.596744
8438,human,0,39,0,1.123943,1.186953,1.334067
8438,lm,0,50,0,1.180408,0.939331,1.108793
3396,human,0,36,0,1.193044,1.062300,1.267370
3396,lm,0,37,0,1.333682,0.659182,0.879139
6899,human,0,13,0,1.108601,1.549154,1.717393
6899,lm,0,11,0,1.132820,1.597340,1.809499
8011,human,0,67,0,1.220666,0.704693,0.860194
8011,lm,0,12,0,1.150356,1.043125,1.199965
8187,human,0,53,0,1.078696,1.384494,1.493448
8187,lm,0,128,0,1.217031,0.484603,0.589777
8187,lm,1,10,0,0.881794,5.582374,4.922505
6874,human,0,27,0,1.099607,1.264618,1.390583
6874,lm,0,70,0,1.436069,0.488599,0.701662
15,human,0,128,0,1.334268,0.418395,0.558251
15,human,1,56,0,1.222015,0.739075,0.903161
15,lm,0,32,0,1.227453,0.612404,0.751697
1118,human,0,20,0,1.134721,0.972408,1.103412
1118,lm,0,10,0,1.110675,1.241687,1.379111
3285,human,0,128,0,1.416450,0.401290,0.568407
3285,human,1,13,0,0.985632,1.468624,1.447524
3285,lm,0,128,0,1.504785,0.367330,0.552752
3285,lm,1,24,0,0.993916,2.814983,2.797856
7302,human,0,128,0,1.255646,0.773026,0.970647
7302,human,1,70,0,1.395466,0.770946,1.075829
7302,lm,0,10,0,1.085352,1.912814,2.076076
8320,human,0,37,0,1.085140,1.202996,1.305420
8320,lm,0,12,0,1.123078,1.924982,2.161904
8546,human,0,128,0,1.438437,0.299769,0.431198
8546,lm,0,125,0,1.353539,0.502702,0.680427
6982,human,0,128,0,1.331920,0.463407,0.617221
6982,human,1,128,0,1.265349,0.588805,0.745044
6982,human,2,113,0,1.297171,0.496490,0.644032
6982,lm,0,128,0,1.707346,0.258170,0.440786
6982,lm,1,42,0,1.103201,0.943818,1.041220
4971,human,0,48,0,1.335095,0.773350,1.032496
4971,lm,0,12,0,1.082850,2.534010,2.743953
8316,human,0,49,0,1.360875,0.356214,0.484763
8316,lm,0,48,0,1.430716,0.573516,0.820539
1751,human,0,60,0,1.456071,0.591069,0.860639
1751,lm,0,60,0,1.432437,0.583375,0.835648
7188,human,0,36,0,1.154931,1.644060,1.898777
7188,lm,0,128,0,1.891338,0.224635,0.424861
7188,lm,1,128,0,1.857055,0.203606,0.378108
7188,lm,2,125,0,1.526606,0.221961,0.338847
2488,human,0,37,0,1.377344,0.441394,0.607951
2488,lm,0,10,0,1.129739,1.383311,1.562780
6637,human,0,128,0,1.062261,1.269024,1.348035
6637,human,1,128,0,1.049852,0.758863,0.796693
6637,human,2,128,0,1.058468,0.866561,0.917227
6637,human,3,123,0,1.065311,1.211539,1.290666
6637,lm,0,72,0,1.182303,0.742646,0.878032
6866,human,0,128,0,1.404293,0.466716,0.655406
6866,human,1,92,0,1.216948,0.898029,1.092855
6866,lm,0,10,0,0.997750,3.921176,3.912355
8371,human,0,73,0,1.150100,0.986029,1.134032
8371,lm,0,83,0,1.442651,0.498503,0.719167
3421,human,0,78,0,1.843839,0.252445,0.465468
3421,lm,0,44,0,1.447501,0.638651,0.924448
7148,human,0,128,0,1.296885,0.478606,0.620697
7148,human,1,128,0,1.128744,1.233066,1.391816
7148,human,2,34,0,1.160122,1.236267,1.434221
7148,lm,0,10,0,0.991852,5.211182,5.168721
6754,human,0,64,0,1.207540,0.565231,0.682539
6754,lm,0,46,0,1.117549,1.322878,1.478381
6523,human,0,128,0,1.367821,0.429766,0.587843
6523,human,1,42,0,1.118953,1.098970,1.229696
6523,lm,0,36,0,1.316650,0.843400,1.110463
1863,human,0,108,0,1.263315,0.553001,0.698614
1863,lm,0,54,0,1.401226,0.680902,0.954097
2467,human,0,128,0,1.984088,0.236332,0.468903
2467,human,1,13,0,1.127887,1.805632,2.036548
2467,lm,0,128,0,1.755809,0.291699,0.512167
2467,lm,1,48,0,1.327581,0.773736,1.027197
8184,human,0,78,0,1.135188,1.061597,1.205113
8184,lm,0,24,0,1.123489,1.579336,1.774367
5963,human,0,128,0,1.251143,0.802959,1.004616
5963,human,1,128,0,1.194354,0.923041,1.102438
5963,human,2,128,0,1.115435,0.953590,1.063667
5963,human,3,128,0,1.165342,1.054614,1.228987
5963,human,4,95,0,1.142260,1.371332,1.566418
5963,lm,0,128,0,1.479536,0.563958,0.834396
5963,lm,1,11,0,1.165906,1.851911,2.159155
4561,human,0,97,0,1.447764,0.449117,0.650216
4561,lm,0,53,0,1.521825,0.554875,0.844423
336,human,0,128,0,1.459549,0.381889,0.557386
336,human,1,59,0,1.142837,1.021712,1.167650
336,lm,0,45,0,1.639348,0.400962,0.657317
8370,human,0,128,0,1.220714,0.566689,0.691765
8370,human,1,48,0,1.097686,1.331178,1.461215
8370,lm,0,128,0,1.443651,0.503069,0.726257
8370,lm,1,128,0,1.670056,0.334470,0.558584
8370,lm,2,128,0,1.625796,0.349906,0.568877
8370,lm,3,128,0,1.598417,0.370788,0.592674
8370,lm,4,107,0,1.534376,0.416613,0.639241
72,human,0,25,0,1.068105,1.675143,1.789230
72,lm,0,128,0,1.422824,0.514511,0.732059
72,lm,1,111,0,1.278758,0.600702,0.768152
930,human,0,128,0,1.124668,0.735785,0.827513
930,human,1,63,0,1.144866,0.733455,0.839708
930,lm,0,122,0,1.256543,0.483063,0.606990
2048,human,0,128,0,1.210288,0.778025,0.941634
2048,human,1,106,0,1.134553,0.715637,0.811928
2048,lm,0,128,0,1.360256,0.525355,0.714617
2048,lm,1,97,0,1.253181,0.568111,0.711945
6923,human,0,128,0,1.595616,0.315205,0.502946
6923,human,1,55,0,1.266467,0.734861,0.930676
6923,lm,0,128,0,1.580669,0.290031,0.458442
6923,lm,1,14,0,1.155150,1.398367,1.615324
8732,human,0,73,0,1.199877,0.730070,0.875993
8732,lm,0,53,0,1.291276,0.611750,0.789938
8125,human,0,128,0,1.168917,0.909031,1.062582
8125,human,1,8,0,1.064631,3.181504,3.387127
8125,lm,0,12,0,1.076600,1.662960,1.790342
417,human,0,128,0,1.403585,0.414463,0.581734
417,human,1,7,0,0.990200,5.736702,5.680483
417,lm,0,68,0,1.583160,0.316211,0.500612
1819,human,0,10,0,1.141846,0.730056,0.833611
1819,lm,0,11,0,1.230339,0.397313,0.488830
3270,human,0,128,0,1.251966,0.632011,0.791257
3270,human,1,121,0,1.196119,0.815858,0.975863
3270,lm,0,13,0,1.098264,1.857090,2.039575
634,human,0,68,0,1.334265,0.625724,0.834882
634,lm,0,127,0,1.964539,0.249198,0.489560
6514,human,0,100,0,1.439495,0.445618,0.641464
6514,lm,0,75,0,1.586231,0.393532,0.624232
6662,human,0,20,0,1.136898,0.782784,0.889946
6662,lm,0,10,0,1.065111,2.183302,2.325459
4466,human,0,128,0,1.374384,0.427871,0.588059
4466,human,1,47,0,1.158332,0.919690,1.065306
4466,lm,0,109,0,2.230409,0.137158,0.305920
7916,human,0,128,0,1.291465,0.371009,0.479145
7916,human,1,32,0,1.031022,1.609783,1.659721
7916,lm,0,39,0,1.160258,0.996662,1.156385
2646,human,0,128,0,1.213778,0.695859,0.844619
2646,human,1,19,0,1.064922,1.709357,1.820333
2646,lm,0,29,0,1.264649,0.994390,1.257555
5006,human,0,36,0,1.111031,0.924726,1.027399
5006,lm,0,26,0,1.144292,1.062616,1.215943
320,human,0,128,0,1.233827,0.761639,0.939731
320,human,1,50,0,1.187844,0.858074,1.019259
320,lm,0,20,0,1.095131,1.145682,1.254672
1489,human,0,128,0,1.308439,0.589977,0.771949
1489,human,1,21,0,1.198073,0.970029,1.162166
1489,lm,0,64,0,1.466782,0.359018,0.526601
2157,human,0,128,0,1.222252,0.628842,0.768603
2157,human,1,128,0,1.161365,1.011558,1.174788
2157,human,2,128,0,1.014677,1.551400,1.574170
2157,human,3,128,0,1.057664,1.325309,1.401731
2157,human,4,128,0,1.061437,1.447613,1.536551
2157,human,5,128,0,0.902166,1.180144,1.064685
2157,human,6,108,0,0.955505,1.867427,1.784335
2157,lm,0,39,0,1.351102,0.741959,1.002463
6862,human,0,128,0,1.237001,0.853569,1.055866
6862,human,1,128,0,1.182122,0.932973,1.102888
6862,human,2,128,0,1.137458,1.135487,1.291569
6862,human,3,128,0,1.125340,1.002668,1.128342
6862,human,4,93,0,1.104201,1.317154,1.454403
6862,lm,0,70,0,1.592823,0.531961,0.847320
5371,human,0,61,0,1.598264,0.333013,0.532243
5371,lm,0,10,0,1.251622,0.707674,0.885740
3120,human,0,31,0,1.174717,1.031635,1.211879
3120,lm,0,59,0,1.482773,0.494677,0.733494
7431,human,0,49,0,1.158295,0.998886,1.157005
7431,lm,0,82,0,1.452738,0.470559,0.683599
5078,human,0,40,0,1.249894,1.002276,1.252740
5078,lm,0,19,0,1.236444,0.839572,1.038084
1567,human,0,42,0,1.236908,0.955497,1.181862
1567,lm,0,10,0,1.069978,1.766047,1.889631
3047,human,0,128,0,1.185742,0.874026,1.036369
3047,human,1,128,0,1.142481,0.806198,0.921065
3047,human,2,128,0,1.139558,0.806623,0.919194
3047,human,3,95,0,1.239893,0.784558,0.972767
3047,lm,0,12,0,1.178625,1.426976,1.681870
3543,human,0,128,0,1.348369,0.491128,0.662222
3543,human,1,24,0,1.248276,0.916955,1.144613
3543,lm,0,30,0,1.358111,0.967817,1.314402
6010,human,0,109,0,1.192899,0.656156,0.782727
6010,lm,0,128,0,1.925918,0.212634,0.409515
6010,lm,1,128,0,1.261980,0.319561,0.403279
6010,lm,2,125,0,1.360986,0.247988,0.337508
4173,human,0,67,0,1.218900,0.829126,1.010622
4173,lm,0,70,0,1.858719,0.242487,0.450716
3016,human,0,43,0,1.253020,0.709782,0.889371
3016,lm,0,82,0,2.026112,0.198989,0.403173
7789,human,0,105,0,1.166536,0.542702,0.633081
7789,lm,0,10,0,1.257035,1.606547,2.019487
8398,human,0,60,0,1.485957,0.652515,0.969610
8398,lm,0,35,0,1.313723,1.021628,1.342135
7375,human,0,117,0,1.227685,0.443311,0.544246
7375,lm,0,10,0,1.035445,2.022292,2.093972
5682,human,0,122,0,1.170056,0.687305,0.804185
5682,lm,0,68,0,1.433522,0.561953,0.805572
5259,human,0,59,0,1.252822,0.510324,0.639345
5259,lm,0,22,0,1.257560,0.459876,0.578322
3906,human,0,128,0,1.138728,0.873034,0.994149
3906,human,1,128,0,1.129189,0.734750,0.829671
3906,human,2,128,0,1.181524,0.897258,1.060132
3906,human,3,128,0,1.148590,0.971247,1.115565
3906,human,4,128,0,1.068192,0.935175,0.998946
3906,human,5,13,0,1.049375,2.127087,2.232112
3906,lm,0,128,0,1.813985,0.207988,0.377288
3906,lm,1,128,0,1.800356,0.214623,0.386397
3906,lm,2,128,0,1.795949,0.215578,0.387167
3906,lm,3,2,0,1.005482,2.486363,2.499994
6635,human,0,104,0,1.429413,0.458148,0.654882
6635,lm,0,119,0,1.586949,0.385352,0.611535
6946,human,0,81,0,1.255470,0.682533,0.856900
6946,lm,0,40,0,1.200872,0.734610,0.882172
2304,human,0,123,0,1.573826,0.303303,0.477346
2304,lm,0,98,0,1.718928,0.308427,0.530163
273,human,0,46,0,1.270789,0.990416,1.258611
273,lm,0,46,0,1.601845,0.483574,0.774610
5612,human,0,114,0,1.206843,0.866422,1.045635
5612,lm,0,12,0,1.104169,1.325610,1.463697
6559,human,0,94,0,1.192146,0.720269,0.858666
6559,lm,0,98,0,1.690741,0.317185,0.536278
4033,human,0,128,0,1.375007,0.480405,0.660560
4033,human,1,128,0,1.256957,0.546799,0.687303
4033,human,2,128,0,1.208741,0.649342,0.784886
4033,human,3,68,0,1.236955,0.763460,0.944366
4033,lm,0,128,0,2.712314,0.149768,0.406217
4033,lm,1,128,0,1.752835,0.239478,0.419765
4033,lm,2,74,0,1.524858,0.393002,0.599273
3301,human,0,52,0,1.275967,0.796582,1.016413
3301,lm,0,89,0,1.499962,0.460556,0.690816
4704,human,0,108,0,1.192747,0.801803,0.956347
4704,lm,0,37,0,1.259448,0.676187,0.851623
3444,human,0,128,0,1.188902,0.624994,0.743056
3444,human,1,89,0,1.231812,0.684197,0.842802
3444,lm,0,128,0,1.585331,0.359407,0.569778
3444,lm,1,45,0,1.037917,1.162134,1.206198
5823,human,0,22,0,1.125464,1.104306,1.242857
5823,lm,0,11,0,1.108756,1.640485,1.818897
6501,human,0,128,0,1.227065,0.677668,0.831542
6501,human,1,128,0,1.093464,1.235924,1.351438
6501,human,2,128,0,1.229983,0.644190,0.792343
6501,human,3,128,0,1.068164,1.304667,1.393599
6501,human,4,128,0,1.073516,1.269465,1.362791
6501,human,5,128,0,1.151354,1.014125,1.167616
6501,human,6,128,0,1.130072,1.075892,1.215835
6501,human,7,110,0,1.151861,0.887147,1.021870
6501,lm,0,128,0,1.666977,0.347799,0.579773
6501,lm,1,96,0,1.473668,0.531757,0.783633
6813,human,0,108,0,1.421038,0.437061,0.621080
6813,lm,0,128,0,2.872754,0.117536,0.337651
6813,lm,1,86,0,1.623212,0.213293,0.346219
6,human,0,27,0,1.199007,1.280994,1.535921
6,lm,0,45,0,1.436131,0.614682,0.882764
3692,human,0,72,0,1.400696,0.676465,0.947522
3692,lm,0,18,0,1.560634,0.639747,0.998411
2288,human,0,128,0,1.194053,0.869286,1.037973
2288,human,1,128,0,1.164704,0.811016,0.944593
2288,human,2,51,0,1.207969,0.800045,0.966430
2288,lm,0,127,0,1.532401,0.470283,0.720662
6675,human,0,56,0,1.220528,0.933408,1.139250
6675,lm,0,11,0,1.102983,1.610195,1.776018
4438,human,0,125,0,1.230590,0.650232,0.800169
4438,lm,0,58,0,1.449563,0.579047,0.839365
4416,human,0,128,0,1.202185,0.744020,0.894450
4416,human,1,128,0,1.232052,0.706812,0.870829
4416,human,2,128,0,1.074019,1.336726,1.435668
4416,human,3,128,0,1.121432,0.957421,1.073683
4416,human,4,128,0,1.138209,0.784407,0.892819
4416,human,5,128,0,1.049042,1.011631,1.061244
4416,human,6,128,0,1.048905,1.190116,1.248319
4416,human,7,128,0,1.239541,0.746438,0.925240
4416,human,8,128,0,1.135845,0.917940,1.042637
4416,human,9,128,0,0.978874,1.301856,1.274352
4416,human,10,69,0,1.033611,1.521453,1.572590
4416,lm,0,128,0,1.642228,0.437630,0.718689
4416,lm,1,128,0,1.569681,0.401218,0.629784
4416,lm,2,128,0,2.144070,0.234385,0.502537
4416,lm,3,128,0,2.189396,0.218163,0.477645
4416,lm,4,98,0,1.685142,0.359169,0.605252
658,human,0,85,0,1.471957,0.445340,0.655522
658,lm,0,6,0,1.059810,2.560423,2.713562
6887,human,0,27,0,1.019600,1.701761,1.735115
6887,lm,0,17,0,0.865950,4.259920,3.688878
8953,human,0,128,0,1.331689,0.405086,0.539448
8953,human,1,71,0,1.244226,0.524093,0.652091
8953,lm,0,11,0,1.095714,1.182502,1.295683
3073,human,0,66,0,1.411954,0.506808,0.715590
3073,lm,0,57,0,1.553578,0.383906,0.596428
5044,human,0,100,0,1.288187,0.631851,0.813942
5044,lm,0,53,0,1.364975,0.753042,1.027884
7795,human,0,128,0,1.272818,0.740851,0.942968
7795,human,1,11,0,1.177726,1.347413,1.586883
7795,lm,0,46,0,1.249328,1.073171,1.340743
1349,human,0,82,0,1.120671,1.091417,1.223120
1349,lm,0,52,0,1.234652,0.737512,0.910571
2659,human,0,128,0,1.166300,0.813083,0.948298
2659,human,1,9,0,1.107945,3.642908,4.036140
2659,lm,0,11,0,1.161670,1.265915,1.470575
5854,human,0,48,0,1.300751,0.669138,0.870382
5854,lm,0,29,0,1.283651,0.744804,0.956068
3056,human,0,128,0,1.308283,0.716332,0.937165
3056,human,1,9,0,1.077623,2.359361,2.542502
3056,lm,0,9,0,1.063872,1.664713,1.771041
3861,human,0,128,0,1.219175,0.953075,1.161966
3861,human,1,128,0,1.059021,1.562598,1.654824
3861,human,2,128,0,1.048206,1.138117,1.192981
3861,human,3,128,0,1.095907,1.256153,1.376626
3861,human,4,128,0,1.032146,1.202928,1.241598
3861,human,5,128,0,1.137423,1.119990,1.273902
3861,human,6,46,0,1.127498,1.283160,1.446760
3861,lm,0,128,0,1.592686,0.396188,0.631003
3861,lm,1,60,0,1.146380,0.902849,1.035008
7293,human,0,21,0,1.137084,0.857188,0.974695
7293,lm,0,6,0,1.085098,2.418935,2.624783
6880,human,0,77,0,1.247048,0.764047,0.952804
6880,lm,0,9,0,1.054970,1.318330,1.390799
5513,human,0,128,0,1.227153,0.642024,0.787862
5513,human,1,69,0,1.064706,1.028438,1.094984
5513,lm,0,10,0,1.058100,1.793975,1.898205
7808,human,0,31,0,1.128758,0.804507,0.908094
7808,lm,0,11,0,1.192287,0.752912,0.897687
5814,human,0,128,0,1.306852,0.712092,0.930598
5814,human,1,29,0,1.058362,1.784033,1.888153
5814,lm,0,35,0,1.221688,0.842100,1.028783
4640,human,0,128,0,1.939033,0.214947,0.416789
4640,human,1,6,0,1.076228,4.260596,4.585374
4640,lm,0,106,0,2.583859,0.150681,0.389339
5975,human,0,127,0,1.233956,0.770539,0.950811
5975,lm,0,42,0,1.333708,0.715467,0.954224
7284,human,0,128,0,1.145718,0.730251,0.836662
7284,human,1,128,0,1.099640,1.066360,1.172612
7284,human,2,12,0,1.019205,1.850598,1.886138
7284,lm,0,11,0,1.067176,1.814193,1.936064
897,human,0,52,0,1.353587,0.560868,0.759184
897,lm,0,33,0,1.181738,0.870186,1.028332
1921,human,0,14,0,1.268897,0.869680,1.103535
1921,lm,0,44,0,1.655891,0.330332,0.546994
2003,human,0,49,0,1.331683,0.547813,0.729513
2003,lm,0,87,0,1.648062,0.377206,0.621660
8854,human,0,38,0,1.122992,0.948444,1.065095
8854,lm,0,36,0,1.207904,1.046020,1.263492
2226,human,0,38,0,1.309249,0.806863,1.056384
2226,lm,0,128,0,2.067794,0.215613,0.445844
2226,lm,1,5,0,0.968435,1.897316,1.837427
4592,human,0,128,0,1.206033,0.598831,0.722210
4592,human,1,128,0,1.163848,0.557901,0.649312
4592,human,2,128,0,1.122436,0.600468,0.673987
4592,human,3,37,0,1.112027,0.889339,0.988969
4592,lm,0,128,0,1.765473,0.260239,0.459445
4592,lm,1,72,0,1.332850,0.455321,0.606875
4693,human,0,128,0,1.212788,0.697591,0.846029
4693,human,1,128,0,1.256697,0.665896,0.836829
4693,human,2,128,0,1.281576,0.539041,0.690822
4693,human,3,91,0,1.269072,0.695571,0.882730
4693,lm,0,128,0,1.553641,0.314465,0.488566
4693,lm,1,32,0,1.176197,0.877830,1.032500
1154,human,0,128,0,1.248122,0.733444,0.915428
1154,human,1,61,0,1.209267,0.832354,1.006539
1154,lm,0,34,0,1.228102,0.843855,1.036340
6226,human,0,128,0,1.436336,0.342322,0.491689
6226,human,1,29,0,1.161859,0.784347,0.911301
6226,lm,0,12,0,1.074881,1.132995,1.217835
8715,human,0,128,0,1.185293,0.797536,0.945314
8715,human,1,128,0,1.133472,0.833358,0.944589
8715,human,2,128,0,1.345396,0.508304,0.683869
8715,human,3,18,0,1.078739,2.095237,2.260215
8715,lm,0,128,0,1.687122,0.370574,0.625203
8715,lm,1,9,0,1.045850,3.552263,3.715133
6519,human,0,128,0,1.244507,0.611338,0.760814
6519,human,1,128,0,0.977731,0.726557,0.710378
6519,human,2,70,0,1.061858,1.104833,1.173176
6519,lm,0,9,0,1.063685,1.615678,1.718573
2456,human,0,33,0,1.154486,1.122577,1.295999
2456,lm,0,36,0,1.334319,0.944655,1.260472
7592,human,0,128,0,1.276400,0.595892,0.760597
7592,human,1,71,0,1.143755,1.000477,1.144301
7592,lm,0,6,0,1.035474,2.800188,2.899521
4115,human,0,36,0,1.077148,2.067919,2.227455
4115,lm,0,53,0,1.030891,1.611046,1.660812
3993,human,0,128,0,1.311001,0.581904,0.762877
3993,human,1,26,0,1.039802,1.839210,1.912415
3993,lm,0,128,0,1.918736,0.169702,0.325613
3993,lm,1,57,0,1.321408,0.403289,0.532909
1428,human,0,13,0,1.272613,1.118351,1.423228
1428,lm,0,13,0,1.305580,1.118351,1.460097
2791,human,0,128,0,1.199094,0.730241,0.875628
2791,human,1,128,0,1.159316,0.826794,0.958515
2791,human,2,12,0,0.975723,2.898298,2.827937
2791,lm,0,10,0,1.020270,3.170798,3.235071
6265,human,0,128,0,1.453434,0.472390,0.686587
6265,human,1,128,0,1.248646,0.585744,0.731387
6265,human,2,128,0,1.262752,0.591056,0.746357
6265,human,3,128,0,1.277114,0.641361,0.819090
6265,human,4,128,0,1.322137,0.548971,0.725815
6265,human,5,114,0,1.115304,1.022259,1.140129
6265,lm,0,67,0,1.600808,0.482851,0.772952
5552,human,0,32,0,1.148269,1.067517,1.225796
5552,lm,0,11,0,1.071074,2.427079,2.599580
7348,human,0,57,0,1.180077,1.115418,1.316280
7348,lm,0,26,0,1.159165,1.008631,1.169170
2514,human,0,116,0,1.199376,0.508947,0.610418
2514,lm,0,128,0,1.632913,0.295590,0.482672
2514,lm,1,128,0,1.654386,0.301447,0.498709
2514,lm,2,128,0,1.870935,0.232525,0.435040
2514,lm,3,112,0,1.763634,0.304962,0.537840
4314,human,0,82,0,1.101884,0.942255,1.038256
4314,lm,0,128,0,1.477056,0.406179,0.599949
4314,lm,1,128,0,1.528591,0.393017,0.600763
4314,lm,2,128,0,1.445439,0.400402,0.578757
4314,lm,3,97,0,1.436975,0.436113,0.626683
1211,human,0,128,0,1.161530,0.746045,0.866554
1211,human,1,14,0,0.964532,1.944186,1.875229
1211,lm,0,39,0,1.286357,0.698479,0.898494
8717,human,0,128,0,1.114094,0.847355,0.944034
8717,human,1,128,0,1.020185,1.035698,1.056603
8717,human,2,128,0,1.010488,1.619881,1.636871
8717,human,3,128,0,1.050088,0.856360,0.899254
8717,human,4,128,0,1.100794,0.954510,1.050719
8717,human,5,128,0,1.042553,1.278354,1.332752
8717,human,6,128,0,1.006154,1.664774,1.675020
8717,human,7,128,0,1.000083,1.322154,1.322264
8717,human,8,128,0,1.040435,1.192519,1.240739
8717,human,9,116,0,1.146310,0.741333,0.849797
8717,lm,0,87,0,1.425537,0.574256,0.818624
3272,human,0,78,0,1.355224,0.643183,0.871657
3272,lm,0,128,0,1.623018,0.375589,0.609588
3272,lm,1,23,0,1.182954,1.098339,1.299285
4389,human,0,18,0,1.297287,0.639845,0.830063
4389,lm,0,7,0,1.141645,1.371916,1.566241
1831,human,0,86,0,1.289463,0.668242,0.861673
1831,lm,0,80,0,1.326576,0.713646,0.946706
7378,human,0,55,0,1.500140,0.539414,0.809197
7378,lm,0,17,0,1.157449,0.891145,1.031455
8090,human,0,85,0,1.309349,0.437582,0.572948
8090,lm,0,8,0,1.086720,1.444543,1.569814
1961,human,0,128,0,1.241582,0.590667,0.733361
1961,human,1,22,0,0.916546,2.631022,2.411453
1961,lm,0,126,0,1.920312,0.243882,0.468329
3389,human,0,42,0,1.200655,0.859295,1.031716
3389,lm,0,19,0,1.052447,1.725494,1.815991
299,human,0,122,0,1.253782,0.584181,0.732435
299,lm,0,9,0,1.022886,1.801601,1.842832
2557,human,0,52,0,1.391040,0.438943,0.610587
2557,lm,0,8,0,1.195893,0.800364,0.957149
942,human,0,128,0,1.257457,0.671296,0.844126
942,human,1,88,0,1.302672,0.549177,0.715397
942,lm,0,35,0,1.364118,0.639518,0.872377
3600,human,0,128,0,1.381154,0.482693,0.666673
3600,human,1,123,0,1.477026,0.361438,0.533853
3600,lm,0,106,0,1.389631,0.363323,0.504884
2411,human,0,60,0,1.295072,0.703709,0.911354
2411,lm,0,58,0,1.591937,0.555439,0.884224
1283,human,0,128,0,1.358050,0.359875,0.488728
1283,human,1,128,0,1.389159,0.435517,0.605002
1283,human,2,99,0,1.370678,0.616822,0.845464
1283,lm,0,105,0,1.455852,0.400665,0.583310
8916,human,0,128,0,1.238807,0.448512,0.555621
8916,human,1,64,0,1.227350,0.649023,0.796578
8916,lm,0,128,0,1.916317,0.197090,0.377687
8916,lm,1,128,0,2.314546,0.141006,0.326366
8916,lm,2,25,0,1.667973,0.441680,0.736711
3124,human,0,41,0,1.210927,1.191468,1.442781
3124,lm,0,27,0,1.137589,0.748319,0.851280
210,human,0,128,0,1.212505,0.643301,0.780006
210,human,1,128,0,1.207798,0.810621,0.979067
210,human,2,128,0,1.266511,0.708819,0.897727
210,human,3,128,0,1.155413,0.990764,1.144742
210,human,4,67,0,1.173660,1.083257,1.271375
210,lm,0,52,0,1.262556,0.674652,0.851786
278,human,0,62,0,1.438001,0.520627,0.748662
278,lm,0,10,0,1.240106,1.606547,1.992290
8082,human,0,128,0,1.234257,0.694913,0.857701
8082,lm,0,13,0,1.050361,2.333366,2.450876
5319,human,0,128,0,1.097539,0.942859,1.034824
5319,human,1,95,0,1.260577,0.579059,0.729949
5319,lm,0,42,0,1.531572,0.383193,0.586887
6830,human,0,24,0,1.065228,1.792838,1.909782
6830,lm,0,31,0,1.097603,1.737700,1.907305
5059,human,0,61,0,1.368059,0.438880,0.600414
5059,lm,0,21,0,1.592363,0.381481,0.607456
4707,human,0,61,0,1.637932,0.331081,0.542289
4707,lm,0,89,0,1.655520,0.391532,0.648190
8826,human,0,47,0,1.311703,0.713744,0.936220
8826,lm,0,10,0,1.070516,2.460172,2.633654
3513,human,0,28,0,1.291875,0.569645,0.735910
3513,lm,0,29,0,1.461105,0.549159,0.802378
1082,human,0,13,0,1.063831,1.662652,1.768781
1082,lm,0,12,0,1.064567,1.845659,1.964829
3210,human,0,128,0,1.260158,0.583260,0.734999
3210,human,1,128,0,1.108691,0.915810,1.015350
3210,human,2,65,0,1.164820,0.905309,1.054522
3210,lm,0,22,0,1.165776,0.761675,0.887942
6526,human,0,52,0,1.222915,0.852406,1.042421
6526,lm,0,128,0,1.950643,0.294004,0.573497
6526,lm,1,4,0,1.118154,1.170498,1.308797
3760,human,0,128,0,1.384645,0.519394,0.719176
3760,human,1,29,0,1.109641,1.760038,1.953011
3760,lm,0,94,0,1.584949,0.367646,0.582700
6126,human,0,128,0,1.268160,0.702429,0.890792
6126,human,1,128,0,1.308698,0.599349,0.784366
6126,human,2,128,0,1.322020,0.565724,0.747898
6126,human,3,16,0,1.096177,1.726927,1.893018
6126,lm,0,30,0,1.418109,0.826085,1.171479
566,human,0,30,0,1.090976,1.584792,1.728970
566,lm,0,128,0,1.681905,0.184278,0.309938
566,lm,1,128,0,1.581493,0.232094,0.367055
566,lm,2,6,0,1.040335,3.132670,3.259026
7513,human,0,128,0,1.218599,0.623210,0.759443
7513,human,1,128,0,1.312022,0.556057,0.729559
7513,human,2,128,0,1.124933,0.650745,0.732044
7513,human,3,128,0,1.191091,0.788850,0.939592
7513,human,4,83,0,0.981475,1.697681,1.666231
7513,lm,0,128,0,1.315887,0.612937,0.806556
7513,lm,1,38,0,1.064555,1.312396,1.397119
1209,human,0,74,0,1.296076,0.534909,0.693282
1209,lm,0,50,0,1.299053,0.410621,0.533418
1597,human,0,13,0,1.172697,0.706878,0.828953
1597,lm,0,7,0,1.184978,1.005841,1.191899
5413,human,0,37,0,1.122243,1.106865,1.242171
5413,lm,0,128,0,1.219917,0.367254,0.448019
5413,lm,1,128,0,1.103883,0.312412,0.344866
5413,lm,2,128,0,1.102285,0.373751,0.411980
5413,lm,3,98,0,1.068301,0.367943,0.393074
5881,human,0,97,0,1.195484,0.788643,0.942811
5881,lm,0,128,0,1.650008,0.334854,0.552511
5881,lm,1,128,0,1.175003,0.906396,1.065018
5881,lm,2,17,0,1.033605,1.884492,1.947820
3257,human,0,54,0,1.432656,0.577517,0.827384
3257,lm,0,11,0,1.086555,1.068339,1.160808
5640,human,0,128,0,1.244499,0.620630,0.772374
5640,human,1,21,0,1.058822,2.119722,2.244409
5640,lm,0,10,0,1.060262,1.747473,1.852778
6380,human,0,61,0,1.346354,0.481412,0.648151
6380,lm,0,9,0,1.001564,2.677325,2.681513
2179,human,0,128,0,1.084578,1.017782,1.103864
2179,human,1,85,0,1.148258,1.034967,1.188409
2179,lm,0,128,0,1.431648,0.533682,0.764044
2179,lm,1,8,0,1.069611,1.861861,1.991467
5910,human,0,37,0,1.160686,1.236336,1.434998
5910,lm,0,13,0,1.056546,2.267560,2.395781
8303,human,0,110,0,1.488675,0.378402,0.563318
8303,lm,0,10,0,1.084317,1.776525,1.926317
3042,human,0,84,0,1.247528,0.630062,0.786020
3042,lm,0,11,0,1.091066,2.038682,2.224337
4745,human,0,128,0,1.175210,0.926109,1.088373
4745,human,1,4,0,1.026371,3.008835,3.088179
4745,lm,0,24,0,1.086150,1.548941,1.682383
7033,human,0,128,0,1.296250,0.589990,0.764775
7033,human,1,28,0,1.046354,1.926881,2.016199
7033,lm,0,54,0,1.456526,0.463441,0.675014
5874,human,0,45,0,1.314479,0.609245,0.800840
5874,lm,0,7,0,1.168977,1.616529,1.889685
4349,human,0,110,0,1.158045,0.682024,0.789814
4349,lm,0,56,0,1.400914,0.584452,0.818768
6032,human,0,128,0,1.078665,1.108614,1.195823
6032,human,1,95,0,1.181451,0.720773,0.851558
6032,lm,0,31,0,1.182068,1.013473,1.197995
4345,human,0,34,0,1.816862,0.230021,0.417916
4345,lm,0,10,0,1.281029,0.394939,0.505928
8235,human,0,128,0,1.202150,0.718624,0.863895
8235,human,1,128,0,1.040071,0.968694,1.007511
8235,human,2,126,0,0.964070,1.459957,1.407501
8235,lm,0,128,0,1.574707,0.401463,0.632186
8235,lm,1,128,0,1.677218,0.289275,0.485177
8235,lm,2,128,0,1.980448,0.253535,0.502114
8235,lm,3,128,0,1.723253,0.291079,0.501602
8235,lm,4,128,0,1.658304,0.299679,0.496958
8235,lm,5,128,0,1.743034,0.272810,0.475518
8235,lm,6,128,0,1.487009,0.352606,0.524329
8235,lm,7,29,0,1.273930,1.147176,1.461422
1786,human,0,128,0,1.370767,0.576660,0.790466
1786,human,1,21,0,1.104302,1.839689,2.031572
1786,lm,0,37,0,1.409966,0.826433,1.165242
6289,human,0,77,0,1.261735,0.517966,0.653536
6289,lm,0,30,0,1.398350,0.495180,0.692434
2132,human,0,16,0,1.233006,0.901989,1.112158
2132,lm,0,7,0,1.084622,1.810967,1.964215
6060,human,0,84,0,1.239851,0.746943,0.926097
6060,lm,0,21,0,1.250206,0.826390,1.033157
2753,human,0,128,0,1.512868,0.467335,0.707016
2753,human,1,2,0,1.103191,0.964501,1.064028
2753,lm,0,6,0,1.160162,1.812930,2.103292
5964,human,0,128,0,1.128327,0.990918,1.118080
5964,human,1,128,0,1.051650,0.945661,0.994504
5964,human,2,128,0,1.087725,0.980281,1.066276
5964,human,3,128,0,1.081849,0.940350,1.017317
5964,human,4,128,0,0.949379,1.208195,1.147035
5964,human,5,128,0,1.091144,0.762441,0.831933
5964,human,6,128,0,1.092271,0.828157,0.904573
5964,human,7,128,0,0.978338,1.664788,1.628725
5964,human,8,128,0,0.948216,1.567085,1.485935
5964,human,9,128,0,0.866893,1.922485,1.666590
5964,human,10,106,0,1.178934,1.023460,1.206593
5964,lm,0,69,0,1.439513,0.537688,0.774008
7344,human,0,13,0,1.153591,1.622026,1.871155
7344,lm,0,128,0,1.531284,0.277244,0.424539
7344,lm,1,128,0,1.445867,0.272024,0.393311
7344,lm,2,119,0,1.471210,0.251460,0.369951
105,human,0,53,0,1.152511,0.890451,1.026254
105,lm,0,11,0,1.043209,2.230684,2.327070
5105,human,0,61,0,1.121931,0.954943,1.071379
5105,lm,0,35,0,1.162451,1.207809,1.404018
5759,human,0,112,0,1.115101,0.833850,0.929827
5759,lm,0,90,0,1.431126,0.348031,0.498076
3845,human,0,48,0,1.329057,0.555341,0.738080
3845,lm,0,22,0,1.221616,0.884099,1.080030
7398,human,0,27,0,1.127951,1.311600,1.479420
7398,lm,0,16,0,1.091595,1.670213,1.823196
7158,human,0,84,0,1.215615,0.755947,0.918941
7158,lm,0,128,0,1.362913,0.489109,0.666612
7158,lm,1,23,0,1.095618,1.717825,1.882080
1354,human,0,128,0,1.287670,0.744190,0.958271
1354,human,1,37,0,1.181684,0.688923,0.814089
1354,lm,0,31,0,1.218600,0.723673,0.881868
7620,human,0,63,0,1.230210,0.672121,0.826850
7620,lm,0,24,0,1.128761,1.376953,1.554251
7576,human,0,128,0,1.163031,1.062820,1.236093
7576,human,1,64,0,1.166032,0.985403,1.149011
7576,lm,0,63,0,1.351627,0.665834,0.899960
4247,human,0,59,0,1.383826,0.482505,0.667703
4247,lm,0,44,0,1.529201,0.512752,0.784100
5411,human,0,128,0,1.132405,0.896623,1.015340
5411,human,1,29,0,1.014943,1.712622,1.738213
5411,lm,0,34,0,1.216052,0.781419,0.950246
8061,human,0,128,0,1.408340,0.418552,0.589464
8061,human,1,34,0,1.121741,1.413885,1.586012
8061,lm,0,6,0,1.036060,3.159399,3.273326
7709,human,0,128,0,1.418102,0.409356,0.580508
7709,human,1,67,0,1.309069,0.578944,0.757877
7709,lm,0,128,0,1.837675,0.257994,0.474109
7709,lm,1,128,0,1.675685,0.231337,0.387649
7709,lm,2,128,0,1.857674,0.204918,0.380671
7709,lm,3,53,0,1.349699,0.698170,0.942319
6592,human,0,35,0,1.445930,0.566233,0.818733
6592,lm,0,10,0,1.188297,1.606547,1.909056
1895,human,0,61,0,1.108803,1.231509,1.365501
1895,lm,0,128,0,1.106750,1.016146,1.124620
1895,lm,1,128,0,1.043210,0.962594,1.004188
1895,lm,2,128,0,1.101395,0.922459,1.015992
1895,lm,3,128,0,1.067345,1.010429,1.078476
1895,lm,4,128,0,1.090349,0.959809,1.046527
1895,lm,5,128,0,1.064969,0.985615,1.049649
1895,lm,6,128,0,1.118473,0.916657,1.025257
1895,lm,7,128,0,1.059114,1.087993,1.152309
1895,lm,8,128,0,1.158114,0.811191,0.939451
1895,lm,9,4,0,1.000628,4.803590,4.806608
660,human,0,113,0,1.466756,0.298355,0.437614
660,lm,0,46,0,1.529451,0.600949,0.919122
5723,human,0,128,0,1.438296,0.465217,0.669120
5723,human,1,67,0,1.175200,0.941582,1.106548
5723,lm,0,54,0,1.485110,0.495912,0.736484
7762,human,0,128,0,1.281217,0.611669,0.783681
7762,human,1,104,0,1.170535,0.791772,0.926797
7762,lm,0,21,0,1.285887,0.538433,0.692364
5448,human,0,128,0,1.486075,0.445144,0.661517
5448,human,1,3,0,1.015739,5.055022,5.134581
5448,lm,0,107,0,1.714082,0.361958,0.620426
2358,human,0,128,0,1.297574,0.522807,0.678381
2358,human,1,128,0,1.118140,1.007008,1.125976
2358,human,2,128,0,1.105817,1.027792,1.136550
2358,human,3,94,0,1.088249,1.074791,1.169640
2358,lm,0,45,0,1.299373,0.886234,1.151548
2813,human,0,44,0,1.258843,0.741926,0.933968
2813,lm,0,45,0,1.336589,0.814551,1.088720
3759,human,0,128,0,1.277847,0.520089,0.664594
3759,human,1,37,0,1.292914,0.662398,0.856423
3759,lm,0,100,0,1.505094,0.430332,0.647690
1601,human,0,13,0,1.100761,1.010480,1.112297
1601,lm,0,33,0,1.312031,0.589175,0.773016
3959,human,0,128,0,1.154658,0.710567,0.820461
3959,human,1,53,0,1.209050,0.800861,0.968282
3959,lm,0,128,0,1.322891,0.590832,0.781607
3959,lm,1,21,0,1.119570,1.338408,1.498441
2177,human,0,128,0,1.365899,0.531888,0.726505
2177,human,1,128,0,1.224788,0.569050,0.696965
2177,human,2,30,0,1.052709,1.106953,1.165299
2177,lm,0,10,0,1.229211,1.606547,1.974786
4496,human,0,57,0,1.444744,0.395273,0.571069
4496,lm,0,7,0,1.110636,1.271608,1.412294
128,human,0,69,0,1.232243,0.814049,1.003107
128,lm,0,17,0,1.002894,1.183488,1.186913
5994,human,0,47,0,1.214532,0.719589,0.873965
5994,lm,0,45,0,1.481944,0.452438,0.670488
7255,human,0,112,0,1.329026,0.436556,0.580194
7255,lm,0,119,0,1.661424,0.331687,0.551073
7152,human,0,18,0,1.242100,0.717021,0.890612
7152,lm,0,121,0,1.653117,0.344036,0.568732
4550,human,0,128,0,1.328227,0.630270,0.837142
4550,human,1,58,0,1.200761,0.725611,0.871285
4550,lm,0,92,0,1.338810,0.587443,0.786474
697,human,0,128,0,1.107599,0.857286,0.949529
697,human,1,128,0,1.145862,0.979340,1.122188
697,human,2,128,0,1.182843,0.943063,1.115495
697,human,3,128,0,1.271137,0.725394,0.922075
697,human,4,2,0,1.035738,2.728499,2.826010
697,lm,0,128,0,1.350935,0.521369,0.704336
697,lm,1,128,0,1.162388,0.784199,0.911544
697,lm,2,128,0,1.202126,0.843488,1.013979
697,lm,3,128,0,1.190190,0.886529,1.055139
697,lm,4,128,0,1.213632,0.873703,1.060353
697,lm,5,80,0,1.080956,1.657270,1.791436
7837,human,0,15,0,1.118470,1.320989,1.477485
7837,lm,0,9,0,1.076902,1.869328,2.013083
6599,human,0,67,0,1.273823,0.628325,0.800375
6599,lm,0,128,0,1.870810,0.301984,0.564954
6599,lm,1,9,0,0.952417,3.126479,2.977713
7114,human,0,128,0,1.217383,0.780548,0.950226
7114,human,1,3,0,0.970544,2.270373,2.203497
7114,lm,0,11,0,1.129199,0.902809,1.019451
2651,human,0,25,0,1.108654,1.504767,1.668266
2651,lm,0,79,0,1.269399,0.665097,0.844274
6604,human,0,128,0,1.326689,0.554360,0.735464
6604,human,1,89,0,1.400961,0.453121,0.634805
6604,lm,0,54,0,1.584806,0.451741,0.715921
1382,human,0,128,0,1.102650,0.850846,0.938185
1382,human,1,103,0,1.120674,1.026962,1.150889
1382,lm,0,10,0,1.039647,2.651599,2.756726
814,human,0,74,0,1.124229,0.777165,0.873712
814,lm,0,96,0,1.395356,0.512106,0.714570
227,human,0,20,0,1.093808,1.411478,1.543885
227,lm,0,70,0,1.508827,0.297933,0.449529
2322,human,0,128,0,1.390415,0.430159,0.598100
2322,human,1,31,0,1.165793,1.051242,1.225530
2322,lm,0,104,0,1.341809,0.435559,0.584437
7069,human,0,123,0,1.149126,0.724083,0.832063
7069,lm,0,66,0,1.099378,1.073088,1.179729
5256,human,0,100,0,1.256309,0.672628,0.845029
5256,lm,0,29,0,1.223030,1.028201,1.257521
1885,human,0,22,0,1.074149,1.506884,1.618617
1885,lm,0,10,0,1.038059,3.036740,3.152315
6699,human,0,45,0,1.114735,1.117891,1.246152
6699,lm,0,56,0,1.417742,0.462528,0.655745
5035,human,0,24,0,1.089345,1.291049,1.406398
5035,lm,0,98,0,1.388275,0.552260,0.766689
3035,human,0,128,0,1.279497,0.792646,1.014188
3035,human,1,51,0,1.089269,1.569893,1.710036
3035,lm,0,11,0,1.076034,2.263334,2.435424
5074,human,0,23,0,1.199790,1.041541,1.249631
5074,lm,0,13,0,1.215250,1.075837,1.307411
893,human,0,45,0,1.293325,0.775192,1.002576
893,lm,0,35,0,1.414484,0.503172,0.711729
6123,human,0,128,0,0.956853,1.245325,1.191593
6123,human,1,3,0,0.999079,3.463087,3.459898
6123,lm,0,43,0,1.093379,1.158158,1.266305
3419,human,0,128,0,1.431920,0.442740,0.633969
3419,human,1,31,0,1.199079,0.917865,1.100592
3419,lm,0,128,0,1.465328,0.518345,0.759546
3419,lm,1,72,0,1.425618,0.399635,0.569727
1550,human,0,19,0,1.159537,0.813304,0.943056
1550,lm,0,12,0,1.182229,1.571421,1.857780
4490,human,0,111,0,1.291525,0.587139,0.758305
4490,lm,0,111,0,1.801876,0.290262,0.523016
4360,human,0,12,0,1.070140,1.532759,1.640267
4360,lm,0,6,0,1.100997,1.965327,2.163818
866,human,0,124,0,1.498761,0.352331,0.528061
866,lm,0,78,0,1.736673,0.277554,0.482020
5357,human,0,21,0,1.083207,1.483144,1.606552
5357,lm,0,10,0,1.069853,3.029276,3.240881
3102,human,0,57,0,1.393710,0.570957,0.795748
3102,lm,0,128,0,1.737069,0.388897,0.675541
3102,lm,1,128,0,1.452413,0.504171,0.732265
3102,lm,2,128,0,1.539518,0.458536,0.705924
3102,lm,3,128,0,1.508128,0.471684,0.711360
3102,lm,4,28,0,1.160639,1.580998,1.834968
5745,human,0,128,0,1.280250,0.681742,0.872800
5745,human,1,67,0,1.104718,1.203216,1.329214
5745,lm,0,54,0,1.471031,0.550396,0.809649
7227,human,0,128,0,1.278576,0.635339,0.812329
7227,human,1,75,0,1.320733,0.714985,0.944305
7227,lm,0,10,0,1.120118,1.985986,2.224538
2716,human,0,32,0,1.236694,1.062196,1.313613
2716,lm,0,12,0,1.116340,1.682395,1.878125
3788,human,0,52,0,1.245572,0.779868,0.971381
3788,lm,0,9,0,1.052173,0.933908,0.982633
1052,human,0,65,0,1.208025,0.885929,1.070225
1052,lm,0,13,0,1.148640,1.507546,1.731629
8693,human,0,88,0,1.332093,0.596599,0.794725
8693,lm,0,128,0,1.766438,0.253162,0.447195
8693,lm,1,128,0,1.587849,0.337041,0.535171
8693,lm,2,128,0,1.443731,0.421466,0.608484
8693,lm,3,128,0,1.491308,0.377466,0.562918
8693,lm,4,65,0,1.304087,0.713535,0.930512
1581,human,0,29,0,1.156560,0.900830,1.041864
1581,lm,0,128,0,1.697949,0.327052,0.555317
1581,lm,1,128,0,1.437023,0.452217,0.649846
1581,lm,2,128,0,1.514730,0.452491,0.685402
1581,lm,3,128,0,1.530517,0.418508,0.640533
1581,lm,4,128,0,1.339181,0.522646,0.699918
1581,lm,5,126,0,1.277687,0.585152,0.747641
7660,human,0,75,0,1.327777,0.492102,0.653401
7660,lm,0,51,0,1.408816,0.453060,0.638279
5182,human,0,28,0,1.396774,0.600093,0.838194
5182,lm,0,12,0,1.293431,0.756680,0.978714
3807,human,0,23,0,1.042449,1.960300,2.043513
3807,lm,0,35,0,1.212597,0.483261,0.586001
8089,human,0,35,0,1.301827,0.847716,1.103579
8089,lm,0,35,0,1.287074,0.867554,1.116606
4655,human,0,80,0,1.315244,0.683923,0.899525
4655,lm,0,30,0,1.305599,0.849237,1.108763
247,human,0,82,0,1.196079,0.929278,1.111490
247,lm,0,128,0,1.371692,0.516140,0.707985
247,lm,1,20,0,1.223417,1.201743,1.470233
3888,human,0,75,0,1.429461,0.483769,0.691529
3888,lm,0,28,0,1.168189,1.162353,1.357848
7974,human,0,16,0,1.100968,1.311603,1.444032
7974,lm,0,6,0,1.053244,3.574180,3.764484
8755,human,0,30,0,1.239868,1.064430,1.319753
8755,lm,0,29,0,1.204787,1.194791,1.439468
1792,human,0,53,0,1.163754,0.963919,1.121765
1792,lm,0,75,0,1.595325,0.409604,0.653452
5267,human,0,107,0,1.317456,0.515435,0.679063
5267,lm,0,10,0,1.147287,0.701516,0.804840
3931,human,0,60,0,1.127834,0.927333,1.045878
3931,lm,0,128,0,1.339187,0.437998,0.586562
3931,lm,1,81,0,1.312399,0.665377,0.873240
7664,human,0,128,0,1.203289,0.675062,0.812294
7664,human,1,9,0,1.079097,4.415686,4.764954
7664,lm,0,47,0,1.166946,0.637031,0.743381
468,human,0,75,0,1.265322,0.707676,0.895438
468,lm,0,35,0,1.147789,1.662794,1.908536
1530,human,0,128,0,1.334257,0.461542,0.615816
1530,human,1,32,0,1.164812,1.032046,1.202139
1530,lm,0,128,0,1.741447,0.335691,0.584587
1530,lm,1,27,0,1.026047,2.012362,2.064779
5282,human,0,98,0,1.245924,0.685305,0.853838
5282,lm,0,65,0,1.673367,0.358953,0.600660
4729,human,0,13,0,1.056358,1.461459,1.543824
4729,lm,0,128,0,2.629205,0.102914,0.270582
4729,lm,1,58,0,1.559965,0.202418,0.315765
4493,human,0,128,0,1.293754,0.542117,0.701366
4493,human,1,1,0,1.000000,2.595240,2.595240
4493,lm,0,128,0,1.988883,0.202027,0.401808
4493,lm,1,47,0,1.302257,0.727713,0.947670
8206,human,0,128,0,1.248400,0.558697,0.697477
8206,human,1,65,0,1.052861,1.162106,1.223536
8206,lm,0,37,0,1.351434,0.622603,0.841407
6639,human,0,128,0,1.164523,0.528494,0.615443
6639,human,1,18,0,1.085801,1.222410,1.327294
6639,lm,0,117,0,1.398818,0.377533,0.528099
4694,human,0,98,0,1.315927,0.458814,0.603766
4694,lm,0,128,0,1.345283,0.635239,0.854576
4694,lm,1,128,0,1.166589,0.777299,0.906788
4694,lm,2,128,0,1.364406,0.636229,0.868075
4694,lm,3,128,0,1.462067,0.468772,0.685376
4694,lm,4,128,0,1.354814,0.533270,0.722482
4694,lm,5,128,0,1.231358,0.737597,0.908246
4694,lm,6,128,0,1.290376,0.652215,0.841602
4694,lm,7,128,0,1.342480,0.595170,0.799003
4694,lm,8,128,0,1.187347,0.807178,0.958400
4694,lm,9,128,0,1.204786,0.734309,0.884685
4694,lm,10,55,0,1.017077,1.587286,1.614392
8816,human,0,128,0,1.303209,0.653878,0.852140
8816,human,1,14,0,1.173319,1.970387,2.311891
8816,lm,0,44,0,1.238131,0.752992,0.932303
1543,human,0,109,0,1.321461,0.574307,0.758924
1543,lm,0,10,0,1.064851,3.302796,3.516986
4002,human,0,23,0,1.181136,0.962981,1.137411
4002,lm,0,7,0,1.125009,1.635443,1.839888
7215,human,0,21,0,1.045170,1.628273,1.701823
7215,lm,0,10,0,1.073698,1.701480,1.826876
8406,human,0,128,0,1.121612,1.090743,1.223390
8406,human,1,128,0,1.145743,1.069941,1.225878
8406,human,2,128,0,1.157752,0.791502,0.916362
8406,human,3,128,0,1.094941,1.182117,1.294348
8406,human,4,128,0,1.285526,0.583512,0.750120
8406,lm,0,29,0,1.171748,1.142980,1.339284
2876,human,0,68,0,1.212653,0.758813,0.920177
2876,lm,0,77,0,1.141177,0.948739,1.082679
8486,human,0,62,0,1.164309,0.941395,1.096074
8486,lm,0,46,0,1.174638,1.088456,1.278542
7848,human,0,50,0,1.251626,0.750648,0.939531
7848,lm,0,13,0,1.225161,1.114969,1.366017
4951,human,0,17,0,1.060909,0.957842,1.016183
4951,lm,0,28,0,1.143789,1.085197,1.241237
5532,human,0,69,0,1.167326,0.886633,1.034990
5532,lm,0,34,0,1.240730,0.589553,0.731475
6055,human,0,128,0,1.102224,1.324142,1.459501
6055,human,1,94,0,1.237151,0.789555,0.976798
6055,lm,0,10,0,1.061018,1.863472,1.977177
1616,human,0,128,0,1.259316,0.695957,0.876429
1616,human,1,32,0,1.191147,0.858522,1.022626
1616,lm,0,46,0,1.404062,0.532204,0.747248
5467,human,0,46,0,1.292995,0.626767,0.810406
5467,lm,0,10,0,1.066834,2.409253,2.570273
7084,human,0,31,0,1.151285,1.182437,1.361322
7084,lm,0,10,0,1.020219,2.929087,2.988312
7688,human,0,46,0,1.183217,1.031343,1.220303
7688,lm,0,46,0,1.521623,0.652457,0.992794
8601,human,0,84,0,1.503574,0.540091,0.812067
8601,lm,0,36,0,1.315186,0.767725,1.009702
1608,human,0,128,0,1.336272,0.473273,0.632421
1608,human,1,50,0,1.233708,0.767156,0.946446
1608,lm,0,12,0,1.245019,1.126758,1.402836
7260,human,0,24,0,1.159694,1.163378,1.349162
7260,lm,0,9,0,1.161807,1.340757,1.557701
5780,human,0,87,0,1.148384,0.931392,1.069595
5780,lm,0,9,0,1.044298,1.955936,2.042579
6232,human,0,77,0,1.471139,0.573441,0.843611
6232,lm,0,67,0,1.537596,0.521853,0.802399
6297,human,0,128,0,1.194291,0.936234,1.118136
6297,human,1,40,0,1.281485,0.810881,1.039132
6297,lm,0,26,0,1.303477,0.742986,0.968465
6904,human,0,128,0,1.246676,0.757182,0.943961
6904,human,1,128,0,1.136933,1.093024,1.242695
6904,human,2,128,0,1.092034,1.370832,1.496996
6904,human,3,128,0,1.260456,0.792461,0.998862
6904,human,4,128,0,1.102948,1.293117,1.426241
6904,human,5,128,0,1.099133,1.164858,1.280334
6904,human,6,128,0,1.085104,1.376717,1.493881
6904,human,7,95,0,1.126086,1.138649,1.282217
6904,lm,0,128,0,1.579102,0.505045,0.797518
6904,lm,1,128,0,1.228864,0.802865,0.986611
6904,lm,2,6,0,1.091007,3.432293,3.744656
7258,human,0,128,0,1.119478,1.243469,1.392036
7258,human,1,4,0,1.024108,2.233217,2.287057
7258,lm,0,53,0,1.243590,0.789161,0.981392
7206,human,0,122,0,1.163689,0.823382,0.958161
7206,lm,0,100,0,1.584225,0.423248,0.670519
2459,human,0,106,0,1.256312,0.578691,0.727017
2459,lm,0,6,0,1.090128,3.564565,3.885830
2353,human,0,66,0,1.180152,0.851168,1.004508
2353,lm,0,10,0,1.215539,1.606547,1.952821
412,human,0,32,0,1.134658,1.193908,1.354677
412,lm,0,33,0,1.145440,1.168218,1.338124
4751,human,0,123,0,1.338586,0.489682,0.655482
4751,lm,0,91,0,1.648980,0.349184,0.575797
1529,human,0,128,0,1.315105,0.530339,0.697452
1529,human,1,115,0,1.220908,0.588772,0.718837
1529,lm,0,9,0,1.014497,1.714702,1.739559
6046,human,0,68,0,1.378252,0.614395,0.846790
6046,lm,0,13,0,1.272691,0.979444,1.246530
5839,human,0,128,0,1.267616,0.550495,0.697816
5839,human,1,3,0,1.019824,3.853859,3.930258
5839,lm,0,108,0,1.316407,0.656416,0.864110
6846,human,0,74,0,1.081581,1.034854,1.119279
6846,lm,0,128,0,1.369434,0.548411,0.751013
6846,lm,1,36,0,1.154359,1.357380,1.566905
3696,human,0,28,0,1.332364,0.601245,0.801077
3696,lm,0,8,0,1.139991,1.212392,1.382117
8848,human,0,128,0,1.208614,0.839705,1.014879
8848,human,1,128,0,1.180062,1.012480,1.194789
8848,human,2,128,0,1.205434,0.525687,0.633681
8848,human,3,128,0,1.110696,1.054179,1.170873
8848,human,4,128,0,0.909275,1.153107,1.048492
8848,human,5,128,0,1.089298,1.266881,1.380010
8848,human,6,94,0,1.125096,0.626264,0.704608
8848,lm,0,128,0,2.082004,0.210345,0.437938
8848,lm,1,128,0,2.212784,0.175489,0.388319
8848,lm,2,95,0,1.989091,0.222883,0.443335
377,human,0,121,0,1.442949,0.354461,0.511469
377,lm,0,128,0,1.886273,0.161451,0.304540
377,lm,1,17,0,1.274090,0.875454,1.115407
2701,human,0,86,0,1.370940,0.660126,0.904993
2701,lm,0,48,0,1.448878,0.400157,0.579779
2981,human,0,71,0,1.315607,0.641489,0.843947
2981,lm,0,48,0,1.342946,0.733674,0.985285
8758,human,0,90,0,1.342967,0.494783,0.664477
8758,lm,0,12,0,1.154624,1.176084,1.357934
5531,human,0,35,0,1.428087,0.597322,0.853028
5531,lm,0,10,0,1.041593,2.817886,2.935092
1515,human,0,23,0,1.075786,1.546550,1.663757
1515,lm,0,77,0,1.446805,0.439991,0.636581
7470,human,0,70,0,1.122396,1.080336,1.212565
7470,lm,0,14,0,1.157713,1.070615,1.239465
418,human,0,93,0,1.458131,0.470044,0.685385
418,lm,0,128,0,2.094090,0.150233,0.314602
418,lm,1,70,0,1.434831,0.406465,0.583208
1101,human,0,66,0,1.264463,0.715160,0.904294
1101,lm,0,13,0,1.214891,1.060882,1.288856
5398,human,0,128,0,1.254604,0.610030,0.765346
5398,human,1,128,0,1.084245,1.111156,1.204765
5398,human,2,128,0,1.177645,0.736150,0.866923
5398,human,3,128,0,1.074542,1.003899,1.078732
5398,human,4,128,0,1.112015,0.830280,0.923284
5398,human,5,26,0,1.083458,1.071148,1.160543
5398,lm,0,128,0,1.621029,0.244246,0.395930
5398,lm,1,31,0,1.061099,0.803365,0.852450
3228,human,0,98,0,1.285817,0.648699,0.834108
3228,lm,0,91,0,1.473940,0.402182,0.592792
5901,human,0,122,0,1.182757,0.593908,0.702449
5901,lm,0,89,0,1.649645,0.369741,0.609941
1909,human,0,36,0,1.131676,1.151425,1.303040
1909,lm,0,49,0,1.312133,0.596847,0.783143
8668,human,0,27,0,1.350064,0.671512,0.906584
8668,lm,0,18,0,1.109914,1.387033,1.539488
6792,human,0,31,0,1.104633,1.212031,1.338850
6792,lm,0,10,0,1.112340,1.632658,1.816070
7665,human,0,53,0,1.143494,1.048951,1.199469
7665,lm,0,43,0,1.152477,1.285748,1.481795
3028,human,0,128,0,1.193110,0.628456,0.749817
3028,human,1,128,0,1.115067,0.982701,1.095778
3028,human,2,15,0,0.892874,5.681514,5.072875
3028,lm,0,128,0,1.316603,0.626699,0.825114
3028,lm,1,3,0,1.003142,3.386081,3.396721
4097,human,0,128,0,1.271679,0.743079,0.944958
4097,human,1,62,0,1.208222,0.878674,1.061633
4097,lm,0,86,0,1.734231,0.282889,0.490594
3910,human,0,128,0,1.138622,1.137488,1.295169
3910,human,1,89,0,1.024475,1.761281,1.804389
3910,lm,0,98,0,1.487087,0.428922,0.637845
5894,human,0,128,0,1.185868,0.679196,0.805436
5894,human,1,66,0,1.122350,0.904495,1.015160
5894,lm,0,46,0,1.324856,0.549564,0.728094
3237,human,0,94,0,1.179722,0.798136,0.941579
3237,lm,0,102,0,1.011723,1.079600,1.092255
996,human,0,39,0,1.388728,0.478648,0.664712
996,lm,0,53,0,1.835280,0.267176,0.490343
8104,human,0,39,0,1.418156,0.531699,0.754032
8104,lm,0,39,0,1.571366,0.499792,0.785356
3842,human,0,39,0,1.132792,1.007875,1.141712
3842,lm,0,78,0,1.446496,0.436717,0.631709
58,human,0,57,0,1.271999,0.798268,1.015396
58,lm,0,10,0,1.199889,1.606547,1.927679
3214,human,0,30,0,1.190232,0.919804,1.094780
3214,lm,0,22,0,1.396473,0.682410,0.952966
2799,human,0,13,0,1.257289,1.047879,1.317486
2799,lm,0,13,0,1.187239,1.195473,1.419312
4858,human,0,16,0,1.248883,0.925369,1.155678
4858,lm,0,16,0,1.270210,0.925369,1.175413
395,human,0,43,0,1.317737,0.542703,0.715139
395,lm,0,81,0,1.820197,0.425929,0.775275
6545,human,0,14,0,1.242028,0.685146,0.850971
6545,lm,0,14,0,1.304862,0.630216,0.822344
1392,human,0,39,0,1.132381,0.739810,0.837747
1392,lm,0,13,0,1.131687,0.863576,0.977298
8210,human,0,30,0,1.234748,0.895437,1.105638
8210,lm,0,77,0,1.384175,0.603268,0.835028
7683,human,0,128,0,1.252537,0.707706,0.886428
7683,human,1,128,0,1.132933,0.847579,0.960250
7683,human,2,128,0,1.118346,1.016275,1.136548
7683,human,3,128,0,1.080171,1.032509,1.115286
7683,human,4,128,0,1.102056,0.935701,1.031194
7683,human,5,128,0,0.860410,2.245211,1.931801
7683,human,6,128,0,0.981324,1.500813,1.472785
7683,human,7,128,0,0.961229,1.425152,1.369898
7683,human,8,128,0,0.969661,1.462819,1.418439
7683,human,9,128,0,0.954353,1.362804,1.300596
7683,human,10,128,0,0.958113,1.594032,1.527263
7683,human,11,128,0,0.959794,1.709987,1.641235
7683,human,12,128,0,0.936032,1.601114,1.498694
7683,human,13,128,0,0.903784,1.473413,1.331648
7683,human,14,128,0,1.198457,0.913846,1.095205
7683,human,15,6,0,1.035972,4.189786,4.340499
7683,lm,0,71,0,1.090063,0.863042,0.940770
2043,human,0,128,0,1.319390,0.414069,0.546319
2043,human,1,128,0,1.120707,1.023535,1.147083
2043,human,2,128,0,1.373182,0.248146,0.340750
2043,human,3,128,0,1.310965,0.831950,1.090657
2043,human,4,94,0,1.293069,0.397373,0.513831
2043,lm,0,128,0,1.572861,0.256368,0.403231
2043,lm,1,34,0,1.146247,1.232778,1.413069
1857,human,0,16,0,1.090937,1.173368,1.280071
1857,lm,0,65,0,1.525249,0.471636,0.719362
7610,human,0,96,0,1.370746,0.645912,0.885381
7610,lm,0,35,0,1.373764,0.673493,0.925220
3329,human,0,67,0,1.194260,0.743390,0.887801
3329,lm,0,10,0,1.016476,3.038538,3.088601
904,human,0,64,0,1.420070,0.398524,0.565931
904,lm,0,9,0,1.035799,1.773886,1.837389
1481,human,0,128,0,1.279491,0.829175,1.060922
1481,human,1,93,0,1.337712,0.633754,0.847781
1481,lm,0,52,0,1.373648,0.552245,0.758591
791,human,0,128,0,1.211631,0.792536,0.960261
791,human,1,128,0,1.001265,1.593753,1.595769
791,human,2,128,0,1.079851,1.271465,1.372993
791,human,3,42,0,1.008233,1.970982,1.987209
791,lm,0,36,0,1.277308,0.887632,1.133779
3745,human,0,128,0,1.122407,0.946267,1.062097
3745,human,1,128,0,1.218773,0.789349,0.962037
3745,human,2,128,0,1.137594,0.784100,0.891987
3745,human,3,128,0,1.157010,0.930899,1.077060
3745,human,4,128,0,1.116099,1.063095,1.186519
3745,human,5,128,0,1.092712,1.068270,1.167312
3745,human,6,128,0,1.153767,0.847869,0.978243
3745,human,7,128,0,1.063758,1.371127,1.458547
3745,human,8,128,0,1.075613,1.292409,1.390131
3745,human,9,128,0,0.980118,0.727140,0.712683
3745,human,10,128,0,1.005494,0.837078,0.841677
3745,human,11,128,0,1.140544,0.813306,0.927611
3745,human,12,15,0,1.052784,2.055867,2.164384
3745,lm,0,75,0,1.386704,0.458528,0.635843
2217,human,0,119,0,1.388269,0.517847,0.718911
2217,lm,0,66,0,1.458620,0.587809,0.857390
7722,human,0,97,0,1.544433,0.390596,0.603249
7722,lm,0,10,0,1.073506,1.073521,1.152432
16,human,0,79,0,1.544284,0.362129,0.559230
16,lm,0,86,0,1.932788,0.258338,0.499313
3925,human,0,81,0,1.243761,0.676571,0.841493
3925,lm,0,42,0,1.401293,0.660422,0.925445
2451,human,0,46,0,1.212462,0.736765,0.893299
2451,lm,0,128,0,2.233260,0.138598,0.309526
2451,lm,1,105,0,1.610214,0.268786,0.432802
1987,human,0,30,0,1.219999,0.872517,1.064470
1987,lm,0,29,0,1.227195,0.866609,1.063498
4125,human,0,69,0,1.318414,0.588084,0.775338
4125,lm,0,56,0,1.483288,0.566886,0.840855
3075,human,0,128,0,1.206476,0.662415,0.799187
3075,human,1,128,0,1.157065,0.891683,1.031736
3075,human,2,57,0,1.196088,0.882100,1.055069
3075,lm,0,114,0,2.036290,0.210634,0.428913
1285,human,0,57,0,1.299805,0.687876,0.894104
1285,lm,0,47,0,1.554310,0.458910,0.713289
3850,human,0,128,0,1.370324,0.526208,0.721076
3850,human,1,62,0,1.230394,0.841607,1.035509
3850,lm,0,128,0,1.908726,0.333128,0.635850
3850,lm,1,53,0,1.205322,0.836328,1.008045
1668,human,0,21,0,1.092271,1.654411,1.807065
1668,lm,0,14,0,1.111068,1.347980,1.497697
5545,human,0,128,0,1.272711,0.611079,0.777726
5545,human,1,128,0,1.303883,0.779461,1.016326
5545,human,2,68,0,1.276059,0.828117,1.056726
5545,lm,0,16,0,1.131588,1.376336,1.557446
4851,human,0,11,0,1.123049,1.490683,1.674111
4851,lm,0,10,0,1.147047,1.316389,1.509960
3362,human,0,45,0,1.136738,1.268857,1.442359
3362,lm,0,128,0,1.741896,0.258052,0.449499
3362,lm,1,128,0,1.444716,0.268486,0.387886
3362,lm,2,93,0,1.345704,0.346413,0.466169
2130,human,0,23,0,1.035595,2.013870,2.085552
2130,lm,0,128,0,1.542109,0.494091,0.761942
2130,lm,1,4,0,1.043025,2.677949,2.793168
3030,human,0,22,0,1.138811,1.019509,1.161029
3030,lm,0,17,0,1.326128,0.791030,1.049007
8063,human,0,20,0,1.209927,0.771890,0.933930
8063,lm,0,9,0,1.031178,1.115597,1.150379
728,human,0,21,0,1.096593,1.460872,1.601983
728,lm,0,72,0,1.410618,0.555854,0.784098
1449,human,0,87,0,1.302955,0.677767,0.883100
1449,lm,0,10,0,1.056482,2.391973,2.527077
8066,human,0,15,0,1.133951,1.679678,1.904673
8066,lm,0,42,0,1.536327,0.596337,0.916168
1299,human,0,128,0,1.192230,0.530433,0.632398
1299,lm,0,128,0,1.538256,0.496328,0.763479
1299,lm,1,128,0,1.589886,0.485724,0.772245
1299,lm,2,128,0,1.623852,0.450971,0.732310
1299,lm,3,128,0,1.436113,0.552485,0.793431
1299,lm,4,128,0,1.410057,0.566404,0.798662
1299,lm,5,128,0,1.516638,0.506690,0.768465
1299,lm,6,128,0,1.603312,0.444507,0.712683
1299,lm,7,42,0,1.109000,1.528725,1.695356
2966,human,0,128,0,1.264763,0.638115,0.807064
2966,human,1,128,0,1.142804,0.866055,0.989732
2966,human,2,128,0,1.101722,0.785820,0.865755
2966,human,3,128,0,1.118114,0.737837,0.824985
2966,human,4,128,0,1.073286,0.915838,0.982957
2966,human,5,128,0,1.065876,0.812825,0.866370
2966,human,6,128,0,1.123184,0.753642,0.846478
2966,human,7,46,0,1.126579,1.354410,1.525850
2966,lm,0,10,0,1.029891,3.565209,3.671777
6669,human,0,20,0,1.120554,1.296220,1.452484
6669,lm,0,21,0,1.179674,0.888979,1.048706
5818,human,0,48,0,1.317253,0.743836,0.979820
5818,lm,0,34,0,1.323016,0.714992,0.945946
4116,human,0,51,0,1.168822,1.183416,1.383202
4116,lm,0,43,0,1.265246,0.876731,1.109281
8788,human,0,128,0,1.610959,0.273541,0.440663
8788,human,1,21,0,1.174960,1.664918,1.956211
8788,lm,0,14,0,1.070228,1.171568,1.253845
7803,human,0,92,0,1.195572,0.912690,1.091186
7803,lm,0,14,0,1.113281,2.031073,2.261155
1452,human,0,14,0,1.084545,1.465889,1.589823
1452,lm,0,7,0,1.069045,1.890437,2.020962
7668,human,0,128,0,1.143706,0.770187,0.880867
7668,human,1,128,0,1.222291,0.567001,0.693041
7668,human,2,128,0,1.168064,0.730922,0.853764
7668,human,3,128,0,1.156532,0.636577,0.736222
7668,human,4,128,0,0.988359,0.670062,0.662262
7668,human,5,24,0,0.964648,2.739021,2.642190
7668,lm,0,128,0,1.487006,0.313413,0.466047
7668,lm,1,128,0,1.642330,0.300264,0.493132
7668,lm,2,87,0,1.289050,0.556741,0.717667
1794,human,0,33,0,1.108412,1.081244,1.198463
1794,lm,0,9,0,1.069000,3.690751,3.945412
6343,human,0,128,0,1.140973,1.179590,1.345881
6343,human,1,91,0,1.178391,1.144394,1.348544
6343,lm,0,42,0,1.094678,1.359040,1.487710
5796,human,0,104,0,1.165479,0.613859,0.715440
5796,lm,0,28,0,1.361523,0.657175,0.894759
865,human,0,62,0,1.134528,0.902914,1.024381
865,lm,0,43,0,1.233399,0.991859,1.223357
7197,human,0,128,0,1.258035,0.631096,0.793940
7197,human,1,11,0,1.135050,2.309218,2.621077
7197,lm,0,10,0,1.063868,2.581385,2.746253
4142,human,0,128,0,1.314309,0.599145,0.787461
4142,human,1,11,0,1.247359,1.090053,1.359687
4142,lm,0,68,0,1.601031,0.412980,0.661195
7367,human,0,35,0,1.350280,0.486936,0.657499
7367,lm,0,27,0,1.577951,0.321366,0.507100
7466,human,0,26,0,1.192751,0.771834,0.920607
7466,lm,0,12,0,1.210350,1.488221,1.801267
7438,human,0,107,0,1.174232,0.706295,0.829354
7438,lm,0,34,0,1.413170,0.655379,0.926162
3879,human,0,41,0,1.334336,0.786858,1.049933
3879,lm,0,11,0,1.148229,2.224608,2.554359
2921,human,0,128,0,1.294293,0.604029,0.781791
2921,human,1,20,0,1.219963,0.993912,1.212536
2921,lm,0,11,0,1.147333,1.287031,1.476652
990,human,0,42,0,1.349484,0.779518,1.051948
990,lm,0,46,0,1.493731,0.557670,0.833009
8790,human,0,128,0,1.391194,0.504036,0.701212
8790,human,1,77,0,1.362467,0.597589,0.814195
8790,lm,0,83,0,1.715528,0.314893,0.540208
5987,human,0,80,0,1.364572,0.481213,0.656650
5987,lm,0,128,0,1.643885,0.352677,0.579760
5987,lm,1,3,0,1.024294,3.842286,3.935632
567,human,0,84,0,1.124425,0.822591,0.924941
567,lm,0,7,0,1.085032,1.818651,1.973295
5935,human,0,128,0,1.191441,0.928410,1.106146
5935,human,1,128,0,1.229282,0.635324,0.780992
5935,human,2,128,0,1.013536,1.282389,1.299748
5935,human,3,128,0,1.031029,1.119047,1.153770
5935,human,4,128,0,1.172595,0.656176,0.769430
5935,human,5,34,0,1.108025,1.721440,1.907399
5935,lm,0,34,0,1.267550,0.922364,1.169143
6203,human,0,128,0,1.452000,0.358558,0.520626
6203,human,1,31,0,1.157387,1.093768,1.265913
6203,lm,0,93,0,1.722582,0.286285,0.493149
713,human,0,67,0,1.307672,0.575437,0.752482
713,lm,0,91,0,1.580808,0.331084,0.523380
3220,human,0,128,0,1.168203,0.771340,0.901081
3220,human,1,128,0,1.144977,0.951029,1.088906
3220,human,2,128,0,1.262420,0.622005,0.785232
3220,human,3,53,0,1.176407,0.978330,1.150914
3220,lm,0,30,0,1.351344,0.506173,0.684015
148,human,0,128,0,1.310799,0.598288,0.784235
148,human,1,128,0,1.176671,0.949807,1.117611
148,human,2,29,0,1.062169,2.582899,2.743476
148,lm,0,20,0,1.306755,1.058200,1.382808
4732,human,0,83,0,1.398381,0.570129,0.797257
4732,lm,0,70,0,1.434814,0.459374,0.659117
3506,human,0,128,0,1.639099,0.352953,0.578526
3506,human,1,1,0,1.000000,6.760415,6.760415
3506,lm,0,16,0,1.303051,1.518366,1.978508
2603,human,0,18,0,1.223894,1.065009,1.303459
2603,lm,0,6,0,1.091837,2.278472,2.487720
6116,human,0,128,0,1.452473,0.344481,0.500350
6116,human,1,128,0,1.320256,0.483870,0.638833
6116,human,2,2,0,1.018994,3.070193,3.128510
6116,lm,0,51,0,1.473317,0.301633,0.444401
8823,human,0,128,0,1.691723,0.329291,0.557069
8823,human,1,30,0,1.348977,0.900643,1.214946
8823,lm,0,50,0,1.553668,0.515816,0.801408
2560,human,0,27,0,1.297475,0.966352,1.253817
2560,lm,0,30,0,1.272678,1.120332,1.425822
1578,human,0,91,0,1.194109,0.839005,1.001863
1578,lm,0,128,0,1.665959,0.300494,0.500611
1578,lm,1,42,0,1.299162,0.785874,1.020977
7970,human,0,99,0,1.281923,0.572457,0.733846
7970,lm,0,9,0,1.084462,2.135170,2.315511
859,human,0,35,0,1.269702,0.765585,0.972064
859,lm,0,10,0,1.068624,2.125218,2.271059
276,human,0,65,0,1.260166,1.006717,1.268630
276,lm,0,76,0,1.161935,1.204088,1.399072
4196,human,0,128,0,1.319391,0.579626,0.764753
4196,human,1,128,0,1.128355,0.780031,0.880151
4196,human,2,128,0,1.216763,0.495820,0.603296
4196,human,3,128,0,1.173966,0.743417,0.872746
4196,human,4,55,0,1.117701,0.981192,1.096680
4196,lm,0,10,0,1.080317,2.015128,2.176978
7139,human,0,9,0,1.044983,2.150335,2.247063
7139,lm,0,128,0,2.258932,0.149839,0.338477
7139,lm,1,75,0,1.419588,0.451694,0.641220
6191,human,0,101,0,1.616760,0.280366,0.453285
6191,lm,0,110,0,1.669695,0.230603,0.385036
7750,human,0,102,0,1.205911,0.482870,0.582299
7750,lm,0,18,0,1.118790,1.058840,1.184620
929,human,0,128,0,1.677224,0.257536,0.431946
929,human,1,128,0,1.435567,0.343984,0.493812
929,human,2,128,0,1.151231,1.046339,1.204578
929,human,3,128,0,1.120651,0.578915,0.648761
929,human,4,128,0,1.184746,1.063958,1.260519
929,human,5,128,0,1.032620,0.971845,1.003547
929,human,6,128,0,1.139430,0.679740,0.774515
929,human,7,128,0,1.181443,0.431574,0.509881
929,human,8,128,0,1.086203,0.710227,0.771451
929,human,9,128,0,1.060104,0.840780,0.891315
929,human,10,69,0,1.149911,0.799366,0.919200
929,lm,0,128,0,2.023849,0.189850,0.384229
929,lm,1,113,0,1.762999,0.218553,0.385309
7191,human,0,128,0,1.411284,0.582721,0.822385
7191,human,1,128,0,1.203921,0.707329,0.851569
7191,human,2,128,0,1.172545,0.759927,0.891048
7191,human,3,117,0,1.204039,0.928019,1.117372
7191,lm,0,36,0,1.338130,0.759586,1.016425
7125,human,0,128,0,1.248086,0.710426,0.886673
7125,human,1,25,0,1.078356,1.708269,1.842123
7125,lm,0,10,0,1.105304,1.711116,1.891303
7524,human,0,59,0,1.463850,0.638874,0.935216
7524,lm,0,57,0,1.541086,0.505684,0.779303
4876,human,0,27,0,1.172202,0.867188,1.016520
4876,lm,0,17,0,1.048316,1.338613,1.403290
4029,human,0,51,0,1.196348,1.155134,1.381942
4029,lm,0,75,0,1.590879,0.630070,1.002366
8462,human,0,128,0,1.310223,0.615597,0.806569
8462,human,1,78,0,1.209802,0.924634,1.118624
8462,lm,0,50,0,1.557468,0.424107,0.660534
6326,human,0,105,0,1.220836,0.766106,0.935291
6326,lm,0,14,0,1.222192,1.041842,1.273331
6511,human,0,27,0,1.155188,0.936181,1.081465
6511,lm,0,20,0,1.130296,0.837484,0.946604
3741,human,0,30,0,1.154016,0.900463,1.039148
3741,lm,0,11,0,1.052775,2.352297,2.476439
7167,human,0,102,0,1.156016,0.735319,0.850040
7167,lm,0,128,0,1.248963,0.583519,0.728794
7167,lm,1,2,0,1.022680,2.353574,2.406952
4234,human,0,128,0,1.236379,0.589906,0.729347
4234,human,1,63,0,0.988857,1.356836,1.341716
4234,lm,0,34,0,1.234292,0.461208,0.569265
5440,human,0,59,0,1.273164,0.965251,1.228923
5440,lm,0,44,0,1.258933,0.859686,1.082287
630,human,0,58,0,1.201265,0.780820,0.937971
630,lm,0,44,0,1.252745,0.900961,1.128674
1401,human,0,128,0,1.309197,0.589146,0.771309
1401,human,1,128,0,1.201748,0.797243,0.958085
1401,human,2,82,0,1.217556,0.886764,1.079685
1401,lm,0,8,0,1.032132,2.710104,2.797185
3188,human,0,128,0,1.533642,0.352581,0.540732
3188,human,1,128,0,1.186049,0.814805,0.966399
3188,human,2,21,0,1.111026,1.524993,1.694308
3188,lm,0,92,0,1.641506,0.376620,0.618224
616,human,0,65,0,1.076755,0.924600,0.995567
616,lm,0,34,0,1.328123,0.572611,0.760498
4714,human,0,128,0,1.131577,1.013598,1.146963
4714,human,1,128,0,1.073713,1.247488,1.339444
4714,human,2,128,0,1.027136,1.807627,1.856679
4714,human,3,70,0,1.029226,1.821723,1.874965
4714,lm,0,80,0,1.190441,0.861668,1.025765
6063,human,0,45,0,1.029160,1.654209,1.702445
6063,lm,0,45,0,1.306026,0.792620,1.035182
7805,human,0,45,0,1.462065,0.516387,0.754991
7805,lm,0,128,0,2.728383,0.156823,0.427874
7805,lm,1,39,0,1.451004,0.584832,0.848594
1820,human,0,128,0,1.385769,0.322820,0.447354
1820,human,1,4,0,1.057210,2.967001,3.136744
1820,lm,0,128,0,1.771132,0.290899,0.515221
1820,lm,1,128,0,1.523437,0.216289,0.329502
1820,lm,2,125,0,1.625982,0.212191,0.345018
5085,human,0,62,0,1.081216,1.409774,1.524271
5085,lm,0,25,0,1.146019,1.377799,1.578983
4016,human,0,46,0,1.253553,0.683788,0.857165
4016,lm,0,37,0,1.330692,0.862499,1.147721
7294,human,0,118,0,1.310921,0.497424,0.652084
7294,lm,0,23,0,1.070288,1.495513,1.600629
2247,human,0,128,0,1.233332,0.694597,0.856669
2247,human,1,128,0,1.620565,0.357288,0.579008
2247,human,2,128,0,1.219080,1.073739,1.308974
2247,human,3,53,0,1.080891,1.383182,1.495069
2247,lm,0,87,0,1.504551,0.456761,0.687220
3713,human,0,28,0,1.188322,0.768628,0.913377
3713,lm,0,128,0,2.309781,0.202191,0.467017
3713,lm,1,128,0,2.268564,0.206325,0.468062
3713,lm,2,128,0,2.680103,0.152369,0.408363
3713,lm,3,9,0,1.163388,2.560852,2.979266
8294,human,0,113,0,1.382563,0.412680,0.570556
8294,lm,0,128,0,1.350543,0.509232,0.687739
8294,lm,1,14,0,1.003988,3.205154,3.217937
6572,human,0,33,0,1.276058,0.610373,0.778871
6572,lm,0,11,0,1.076694,2.060812,2.218865
8036,human,0,24,0,1.056384,1.107889,1.170356
8036,lm,0,11,0,1.108747,1.469850,1.629692
6546,human,0,128,0,1.224765,0.979505,1.199663
6546,human,1,57,0,1.337707,0.757799,1.013713
6546,lm,0,28,0,1.604661,0.679276,1.090008
5769,human,0,19,0,1.129311,1.288056,1.454616
5769,lm,0,12,0,1.081271,2.036354,2.201849
8725,human,0,82,0,1.209973,0.775297,0.938088
8725,lm,0,128,0,1.420723,0.509059,0.723232
8725,lm,1,1,0,1.000000,6.801283,6.801283
1944,human,0,128,0,1.217330,0.956915,1.164881
1944,human,1,128,0,1.257524,0.618771,0.778120
1944,human,2,128,0,1.146185,1.209176,1.385939
1944,human,3,62,0,1.096900,1.254495,1.376056
1944,lm,0,128,0,1.455687,0.451885,0.657803
1944,lm,1,128,0,1.402498,0.541970,0.760111
1944,lm,2,128,0,1.319740,0.504416,0.665698
1944,lm,3,128,0,1.327551,0.539975,0.716844
1944,lm,4,89,0,1.085194,0.941524,1.021736
5124,human,0,45,0,1.090626,1.011467,1.103132
5124,lm,0,77,0,1.472916,0.302249,0.445187
5317,human,0,43,0,1.036527,1.621362,1.680585
5317,lm,0,13,0,1.057242,1.803567,1.906807
2398,human,0,74,0,1.215499,0.897093,1.090415
2398,lm,0,10,0,1.140830,1.282480,1.463092
4653,human,0,128,0,1.165761,0.899931,1.049104
4653,human,1,128,0,1.184833,0.837655,0.992481
4653,human,2,128,0,1.123636,0.979431,1.100524
4653,human,3,41,0,1.102989,1.212869,1.337781
4653,lm,0,34,0,1.204595,0.865711,1.042832
5337,human,0,128,0,1.128340,1.371395,1.547400
5337,human,1,128,0,1.069219,1.249398,1.335880
5337,human,2,18,0,1.001459,1.881000,1.883744
5337,lm,0,128,0,1.781945,0.366539,0.653152
5337,lm,1,2,0,0.980782,6.546248,6.420446
7522,human,0,128,0,1.201909,0.792350,0.952332
7522,human,1,117,0,1.004127,1.331980,1.337477
7522,lm,0,87,0,1.300391,0.697879,0.907516
1443,human,0,71,0,1.332529,0.449428,0.598875
1443,lm,0,45,0,1.294741,0.557525,0.721850
3891,human,0,128,0,1.170411,0.766310,0.896898
3891,human,1,128,0,1.073053,1.099226,1.179527
3891,human,2,77,0,1.119639,1.088885,1.219157
3891,lm,0,96,0,1.727551,0.395853,0.683856
4497,human,0,128,0,1.112710,1.015381,1.129824
4497,human,1,128,0,1.145803,0.645387,0.739487
4497,human,2,128,0,1.127392,0.697966,0.786881
4497,human,3,128,0,1.112668,1.006623,1.120037
4497,human,4,128,0,1.006077,1.386282,1.394707
4497,human,5,83,0,1.075117,1.170682,1.258621
4497,lm,0,82,0,1.344615,0.618793,0.832039
7708,human,0,127,0,1.284218,0.505614,0.649319
7708,lm,0,10,0,1.104587,1.757405,1.941207
7840,human,0,53,0,1.142428,0.853194,0.974713
7840,lm,0,11,0,1.153638,1.234110,1.423716
2075,human,0,122,0,1.408756,0.484390,0.682388
2075,lm,0,21,0,1.695718,0.865245,1.467212
8996,human,0,32,0,1.081567,1.532982,1.658024
8996,lm,0,128,0,1.455630,0.493694,0.718636
8996,lm,1,128,0,1.296495,0.576824,0.747849
8996,lm,2,46,0,1.163508,1.185729,1.379605
1383,human,0,16,0,1.332348,0.697055,0.928720
1383,lm,0,16,0,1.264989,0.683219,0.864265
8667,human,0,87,0,1.325727,0.645376,0.855592
8667,lm,0,14,0,1.194256,0.708230,0.845809
947,human,0,128,0,1.212174,0.781839,0.947725
947,human,1,128,0,1.372113,0.479354,0.657728
947,human,2,128,0,1.492926,0.383047,0.571860
947,human,3,128,0,1.364479,0.398542,0.543803
947,human,4,43,0,1.211155,1.037864,1.257014
947,lm,0,128,0,2.121231,0.235929,0.500460
947,lm,1,120,0,1.852625,0.347939,0.644601
312,human,0,90,0,1.221560,0.797673,0.974406
312,lm,0,128,0,1.773268,0.287061,0.509036
312,lm,1,128,0,1.407429,0.560661,0.789090
312,lm,2,45,0,1.147508,0.785404,0.901257
2787,human,0,81,0,1.229826,0.667551,0.820972
2787,lm,0,25,0,1.184893,1.280274,1.516988
3401,human,0,128,0,1.249581,0.584046,0.729813
3401,human,1,128,0,1.177528,0.791658,0.932199
3401,human,2,128,0,1.091289,1.069953,1.167628
3401,human,3,128,0,1.148568,0.865308,0.993865
3401,human,4,38,0,1.125894,1.025896,1.155050
3401,lm,0,81,0,1.638049,0.433516,0.710120
1482,human,0,71,0,1.382516,0.483311,0.668185
1482,lm,0,40,0,1.271824,0.767654,0.976320
1039,human,0,35,0,1.214884,0.692810,0.841684
1039,lm,0,54,0,1.374666,0.550545,0.756816
6105,human,0,128,0,1.311482,0.513513,0.673463
6105,human,1,10,0,0.967857,3.883375,3.758552
6105,lm,0,42,0,1.244000,0.840707,1.045839
3339,human,0,128,0,1.197813,0.719974,0.862394
3339,human,1,97,0,1.071474,1.026401,1.099763
3339,lm,0,81,0,1.350739,0.575827,0.777791
257,human,0,128,0,1.248558,0.700332,0.874405
257,human,1,128,0,1.053939,0.758123,0.799015
257,human,2,128,0,1.293920,0.553298,0.715923
257,human,3,85,0,1.050434,0.917053,0.963303
257,lm,0,128,0,1.540320,0.392424,0.604458
257,lm,1,93,0,1.603440,0.347580,0.557323
6257,human,0,52,0,1.475069,0.499581,0.736916
6257,lm,0,52,0,1.486546,0.486110,0.722625
7341,human,0,128,0,1.299708,0.666591,0.866375
7341,human,1,128,0,1.090370,1.007045,1.098051
7341,human,2,128,0,1.081902,1.160996,1.256084
7341,human,3,128,0,1.169585,0.787459,0.921000
7341,human,4,12,0,1.024056,2.838420,2.906701
7341,lm,0,59,0,1.201771,0.904348,1.086819
8124,human,0,14,0,1.062447,1.576373,1.674813
8124,lm,0,30,0,1.347556,1.036469,1.396700
8931,human,0,89,0,1.094600,0.912759,0.999106
8931,lm,0,34,0,1.336269,0.663421,0.886508
1002,human,0,90,0,1.296243,0.409492,0.530801
1002,lm,0,33,0,1.123398,0.490467,0.550989
1444,human,0,128,0,1.176683,0.701428,0.825359
1444,human,1,12,0,1.084544,1.905839,2.066967
1444,lm,0,128,0,1.461528,0.357006,0.521774
1444,lm,1,8,0,0.995237,3.278209,3.262596
2416,human,0,82,0,1.340006,0.501869,0.672507
2416,lm,0,37,0,1.205442,0.987775,1.190706
890,human,0,57,0,1.161752,1.317667,1.530802
890,lm,0,62,0,1.371825,0.475050,0.651686
6563,human,0,74,0,1.230850,0.802537,0.987802
6563,lm,0,10,0,1.024749,1.392799,1.427270
8213,human,0,65,0,1.054528,0.818482,0.863112
8213,lm,0,47,0,1.140420,0.789297,0.900130
7635,human,0,66,0,1.324883,0.709175,0.939573
7635,lm,0,23,0,1.091982,1.286724,1.405079
6234,human,0,74,0,1.246957,0.748566,0.933430
6234,lm,0,10,0,1.152154,1.693552,1.951232
5257,human,0,16,0,1.098514,1.528894,1.679511
5257,lm,0,16,0,1.096970,1.580542,1.733807
4904,human,0,78,0,1.536088,0.438586,0.673708
4904,lm,0,11,0,1.119209,2.238137,2.504943
3157,human,0,27,0,1.043742,1.801128,1.879912
3157,lm,0,128,0,1.688350,0.311729,0.526308
3157,lm,1,128,0,2.449390,0.128113,0.313799
3157,lm,2,29,0,1.393194,0.573955,0.799630
1054,human,0,128,0,1.199736,0.728652,0.874189
1054,human,1,128,0,1.329406,0.517863,0.688450
1054,human,2,47,0,1.329689,0.793704,1.055380
1054,lm,0,21,0,1.091986,1.219321,1.331481
5904,human,0,35,0,1.105881,1.436295,1.588371
5904,lm,0,10,0,1.069661,3.352927,3.586496
1050,human,0,128,0,1.224138,0.727778,0.890900
1050,human,1,77,0,1.033669,1.168983,1.208341
1050,lm,0,76,0,1.390945,0.566034,0.787322
7421,human,0,91,0,1.478032,0.565145,0.835302
7421,lm,0,10,0,1.226965,1.337743,1.641363
7247,human,0,58,0,1.455427,0.665468,0.968540
7247,lm,0,16,0,1.109886,1.571221,1.743876
3911,human,0,73,0,1.266803,0.606976,0.768920
3911,lm,0,73,0,1.353003,0.683200,0.924372
3555,human,0,70,0,1.308031,0.773996,1.012411
3555,lm,0,11,0,1.117427,1.608134,1.796973
4907,human,0,128,0,1.074666,1.105703,1.188262
4907,human,1,128,0,1.289832,0.603263,0.778108
4907,human,2,91,0,1.032628,1.253675,1.294580
4907,lm,0,46,0,1.362605,0.642950,0.876087
6069,human,0,65,0,1.354273,0.562704,0.762055
6069,lm,0,31,0,1.730474,0.307788,0.532618
2316,human,0,128,0,1.409805,0.350083,0.493548
2316,human,1,58,0,1.251869,0.583526,0.730498
2316,lm,0,21,0,1.157487,0.986048,1.141337
5589,human,0,70,0,1.317128,0.649347,0.855272
5589,lm,0,7,0,1.091047,1.213000,1.323441
1513,human,0,34,0,1.346776,0.663541,0.893641
1513,lm,0,6,0,1.063415,2.963001,3.150899
887,human,0,116,0,1.289068,0.797998,1.028674
887,lm,0,128,0,1.440592,0.541216,0.779672
887,lm,1,125,0,1.161358,0.640325,0.743646
2449,human,0,49,0,1.254627,0.682613,0.856424
2449,lm,0,15,0,1.085348,1.844028,2.001413
4448,human,0,128,0,1.327668,0.247117,0.328090
4448,human,1,128,0,1.208827,0.327991,0.396485
4448,human,2,128,0,1.217429,0.357490,0.435219
4448,human,3,128,0,1.130519,0.972173,1.099059
4448,human,4,46,0,1.149017,0.729070,0.837714
4448,lm,0,56,0,1.386024,0.499418,0.692206
3431,human,0,128,0,1.331845,0.510688,0.680157
3431,lm,0,68,0,1.446057,0.358842,0.518906
3900,human,0,128,0,1.368060,0.501377,0.685913
3900,human,1,14,0,1.261861,1.146583,1.446828
3900,lm,0,10,0,1.030284,3.003880,3.094849
3194,human,0,30,0,1.348021,0.728130,0.981534
3194,lm,0,30,0,1.334948,0.728130,0.972016
2788,human,0,22,0,1.231972,0.770143,0.948795
2788,lm,0,23,0,1.369609,0.788574,1.080038
6886,human,0,88,0,1.213611,0.694502,0.842856
6886,lm,0,34,0,1.342117,0.699722,0.939109
8657,human,0,40,0,1.139466,1.280092,1.458621
8657,lm,0,86,0,1.425866,0.425080,0.606108
3557,human,0,128,0,1.286628,0.653286,0.840536
3557,human,1,112,0,1.240615,0.758038,0.940434
3557,lm,0,50,0,1.436571,0.590038,0.847632
7867,human,0,36,0,1.220500,0.803979,0.981257
7867,lm,0,14,0,1.119807,1.547153,1.732513
8123,human,0,62,0,1.198761,0.668468,0.801334
8123,lm,0,128,0,1.421501,0.395512,0.562220
8123,lm,1,27,0,1.141873,0.856797,0.978353
8938,human,0,23,0,1.178952,0.613746,0.723577
8938,lm,0,128,0,1.612466,0.246815,0.397980
8938,lm,1,128,0,1.580189,0.256401,0.405161
8938,lm,2,81,0,1.535537,0.312843,0.480382
1378,human,0,128,0,1.398401,0.418755,0.585587
1378,human,1,7,0,1.126925,1.823150,2.054552
1378,lm,0,126,0,1.916579,0.241135,0.462155
977,human,0,61,0,1.218657,0.847093,1.032316
977,lm,0,78,0,1.338029,0.599031,0.801522
3703,human,0,128,0,1.152966,0.983245,1.133648
3703,human,1,128,0,1.204841,0.865139,1.042355
3703,human,2,128,0,1.147754,1.001022,1.148926
3703,human,3,61,0,1.028842,1.186508,1.220729
3703,lm,0,6,0,1.003273,3.293600,3.304379
7858,human,0,63,0,1.043186,1.237293,1.290726
7858,lm,0,14,0,1.099265,1.512122,1.662222
8321,human,0,33,0,1.149961,0.737453,0.848042
8321,lm,0,75,0,1.497773,0.338516,0.507020
2681,human,0,34,0,1.117509,1.099053,1.228201
2681,lm,0,10,0,1.064737,3.077332,3.276549
7706,human,0,22,0,1.249138,0.747375,0.933574
7706,lm,0,41,0,1.425756,0.516829,0.736872
8766,human,0,46,0,1.183546,1.000097,1.183661
8766,lm,0,9,0,0.986967,2.863410,2.826092
8987,human,0,128,0,1.400318,0.519707,0.727756
8987,human,1,128,0,1.111509,1.009949,1.122568
8987,human,2,49,0,1.105346,1.574960,1.740877
8987,lm,0,36,0,1.276539,0.896495,1.144411
1762,human,0,21,0,1.172545,0.941882,1.104400
1762,lm,0,6,0,1.058072,1.955520,2.069082
3017,human,0,128,0,1.192052,0.796846,0.949882
3017,human,1,128,0,1.204902,0.974169,1.173777
3017,human,2,128,0,1.112955,1.150745,1.280728
3017,human,3,7,0,1.033310,2.280902,2.356878
3017,lm,0,25,0,1.230593,0.920804,1.133134
8656,human,0,34,0,1.357160,0.507472,0.688721
8656,lm,0,128,0,1.936971,0.225648,0.437074
8656,lm,1,26,0,1.296954,0.580588,0.752995
2140,human,0,16,0,1.191093,1.140144,1.358017
2140,lm,0,16,0,1.202576,1.099371,1.322077
6457,human,0,68,0,1.152633,0.842860,0.971508
6457,lm,0,10,0,1.095292,1.520595,1.665495
8563,human,0,89,0,1.333369,0.715453,0.953963
8563,lm,0,10,0,1.086195,2.247415,2.441131
3111,human,0,83,0,1.364586,0.625053,0.852938
3111,lm,0,97,0,1.785764,0.385520,0.688448
7666,human,0,20,0,1.227126,0.617985,0.758346
7666,lm,0,14,0,1.188376,0.768548,0.913324
1677,human,0,128,0,1.256700,0.833840,1.047887
1677,human,1,128,0,1.435515,0.434665,0.623968
1677,human,2,90,0,1.186842,0.987187,1.171635
1677,lm,0,66,0,1.279491,0.681692,0.872219
8728,human,0,120,0,1.428511,0.491195,0.701677
8728,lm,0,83,0,1.640190,0.450531,0.738956
2229,human,0,67,0,1.172449,0.763609,0.895293
2229,lm,0,83,0,1.257221,0.768920,0.966702
774,human,0,128,0,1.277970,0.580368,0.741693
774,human,1,80,0,1.226670,0.536181,0.657717
774,lm,0,111,0,1.841118,0.060548,0.111476
8990,human,0,31,0,1.069966,1.423339,1.522925
8990,lm,0,42,0,1.221756,0.705926,0.862469
2802,human,0,128,0,1.081512,0.732877,0.792615
2802,human,1,19,0,1.106430,1.491570,1.650317
2802,lm,0,74,0,1.187038,0.646854,0.767841
8377,human,0,13,0,1.200975,0.779597,0.936276
8377,lm,0,43,0,1.590619,0.364538,0.579841
7734,human,0,128,0,1.601053,0.355769,0.569606
7734,human,1,55,0,1.221768,0.740958,0.905279
7734,lm,0,53,0,1.348189,0.770303,1.038513
4304,human,0,43,0,1.325298,0.664431,0.880570
4304,lm,0,77,0,1.803885,0.280269,0.505574
5159,human,0,128,0,1.378354,0.438824,0.604854
5159,human,1,67,0,0.937409,1.644308,1.541388
5159,lm,0,10,0,1.104622,1.574564,1.739298
6025,human,0,35,0,1.299397,0.747726,0.971594
6025,lm,0,66,0,1.455952,0.480232,0.699194
7124,human,0,63,0,1.177989,1.061856,1.250855
7124,lm,0,86,0,1.275463,0.583724,0.744518
2317,human,0,85,0,1.264152,0.772936,0.977108
2317,lm,0,46,0,1.511840,0.419976,0.634937
1229,human,0,13,0,1.153096,1.237108,1.426504
1229,lm,0,40,0,1.167069,1.011964,1.181031
7825,human,0,101,0,1.071462,1.164923,1.248171
7825,lm,0,10,0,1.253326,1.606547,2.013528
4834,human,0,128,0,1.097147,1.018094,1.116999
4834,human,1,71,0,1.122903,0.994420,1.116637
4834,lm,0,47,0,1.299587,0.573409,0.745194
1429,human,0,128,0,1.283130,0.502674,0.644996
1429,human,1,39,0,1.137681,1.133147,1.289160
1429,lm,0,32,0,1.317891,0.695236,0.916245
1891,human,0,37,0,1.196543,0.948771,1.135245
1891,lm,0,10,0,1.050928,2.112628,2.220220
1639,human,0,45,0,1.199776,1.124038,1.348594
1639,lm,0,31,0,1.239004,1.069928,1.325645
2249,human,0,128,0,1.111481,0.982687,1.092237
2249,human,1,105,0,1.057516,1.082243,1.144489
2249,lm,0,12,0,1.116329,2.054066,2.293012
880,human,0,45,0,1.292772,0.854764,1.105015
880,lm,0,35,0,1.509712,0.573706,0.866131
1805,human,0,128,0,1.232072,0.716415,0.882675
1805,human,1,128,0,1.125175,0.809402,0.910719
1805,human,2,38,0,1.082411,1.295213,1.401954
1805,lm,0,45,0,1.158744,1.008223,1.168272
1867,human,0,128,0,1.156113,1.076043,1.244028
1867,human,1,128,0,1.124572,1.095239,1.231674
1867,human,2,128,0,1.146488,1.057031,1.211873
1867,human,3,128,0,1.134105,1.030572,1.168777
1867,human,4,8,0,0.973896,4.657505,4.535927
1867,lm,0,27,0,1.185037,0.487273,0.577436
8733,human,0,128,0,1.353505,0.547511,0.741059
8733,human,1,10,0,1.067131,2.304567,2.459274
8733,lm,0,128,0,1.440004,0.547961,0.789066
8733,lm,1,128,0,1.421571,0.537563,0.764184
8733,lm,2,128,0,1.343417,0.569768,0.765436
8733,lm,3,128,0,1.393350,0.593079,0.826366
8733,lm,4,37,0,1.249169,1.183441,1.478318
5358,human,0,57,0,1.192223,0.934902,1.114612
5358,lm,0,101,0,1.427350,0.581156,0.829513
3822,human,0,93,0,1.243199,0.737150,0.916424
3822,lm,0,26,0,1.166788,1.063203,1.240532
7334,human,0,58,0,1.414394,0.644754,0.911936
7334,lm,0,93,0,1.652113,0.386066,0.637825
91,human,0,74,0,1.184724,1.027321,1.217092
91,lm,0,9,0,1.012374,2.357761,2.386937
7098,human,0,41,0,1.224459,0.896141,1.097287
7098,lm,0,96,0,1.970261,0.253704,0.499862
3274,human,0,25,0,1.155211,1.030544,1.190496
3274,lm,0,5,0,1.096888,3.676220,4.032401
8889,human,0,128,0,1.232124,0.638182,0.786320
8889,human,1,111,0,1.232811,0.604180,0.744840
8889,lm,0,95,0,1.380975,0.582434,0.804327
7433,human,0,97,0,1.124285,0.686201,0.771485
7433,lm,0,40,0,1.354885,0.584669,0.792160
4789,human,0,128,0,1.587674,0.465894,0.739687
4789,human,1,128,0,1.151194,0.926413,1.066481
4789,human,2,19,0,1.240272,1.239610,1.537454
4789,lm,0,24,0,1.173592,1.116234,1.310003
1775,human,0,93,0,1.335401,0.543646,0.725985
1775,lm,0,6,0,1.055142,3.825560,4.036509
6876,human,0,95,0,1.454686,0.405547,0.589943
6876,lm,0,12,0,1.251456,1.196472,1.497333
6176,human,0,57,0,1.274280,0.721598,0.919518
6176,lm,0,62,0,1.487118,0.570010,0.847672
7704,human,0,128,0,1.267698,0.613420,0.777632
7704,human,1,128,0,1.239693,0.762203,0.944897
7704,human,2,26,0,1.213858,0.930184,1.129111
7704,lm,0,8,0,1.057154,2.285638,2.416272
4477,human,0,128,0,1.325092,0.565744,0.749663
4477,human,1,38,0,1.191662,0.801538,0.955162
4477,lm,0,36,0,1.270913,0.977890,1.242814
4923,human,0,64,0,1.121389,0.974412,1.092695
4923,lm,0,36,0,1.091311,1.605622,1.752234
1541,human,0,128,0,1.227650,0.686938,0.843319
1541,human,1,100,0,1.220310,0.733205,0.894738
1541,lm,0,50,0,1.441591,0.069367,0.100000
1780,human,0,105,0,1.206754,0.466024,0.562376
1780,lm,0,128,0,1.427630,0.342026,0.488286
1780,lm,1,103,0,1.259906,0.509512,0.641937
291,human,0,31,0,1.238397,1.230253,1.523542
291,lm,0,79,0,1.355724,0.646405,0.876347
8769,human,0,128,0,1.397687,0.427293,0.597222
8769,human,1,128,0,1.244248,0.438692,0.545841
8769,human,2,128,0,1.099382,0.677909,0.745281
8769,human,3,128,0,1.093363,1.102344,1.205262
8769,human,4,128,0,1.128379,0.605861,0.683641
8769,human,5,128,0,1.148929,0.600685,0.690144
8769,human,6,37,0,1.183227,0.967238,1.144461
8769,lm,0,128,0,2.306514,0.211138,0.486993
8769,lm,1,128,0,1.794898,0.237190,0.425732
8769,lm,2,128,0,1.516241,0.284959,0.432066
8769,lm,3,23,0,1.135799,1.116333,1.267930
3538,human,0,107,0,1.546915,0.467548,0.723258
3538,lm,0,128,0,1.680552,0.321847,0.540880
3538,lm,1,31,0,1.272024,0.803276,1.021787
3808,human,0,86,0,1.268953,0.806116,1.022923
3808,lm,0,10,0,1.015230,3.429573,3.481804
7442,human,0,45,0,1.199184,0.711241,0.852909
7442,lm,0,10,0,1.040919,1.673330,1.741800
8808,human,0,17,0,1.173746,1.172072,1.375715
8808,lm,0,68,0,1.597918,0.365273,0.583677
3423,human,0,73,0,1.167814,0.765525,0.893991
3423,lm,0,79,0,1.232060,0.758726,0.934796
5294,human,0,16,0,1.371377,0.559878,0.767804
5294,lm,0,7,0,1.186039,0.965536,1.145163
2516,human,0,128,0,1.286972,0.626876,0.806772
2516,human,1,128,0,1.230554,0.598354,0.736307
2516,human,2,62,0,1.119394,1.323505,1.481523
2516,lm,0,80,0,1.414341,0.456926,0.646249
7347,human,0,81,0,1.472686,0.373351,0.549829
7347,lm,0,12,0,1.108914,1.060107,1.175567
341,human,0,22,0,1.067253,1.546308,1.650302
341,lm,0,11,0,1.030655,2.617626,2.697870
8403,human,0,83,0,1.186834,0.610018,0.723990
8403,lm,0,54,0,1.180760,1.031162,1.217555
4407,human,0,128,0,1.216595,0.611462,0.743902
4407,human,1,56,0,1.094747,1.102091,1.206511
4407,lm,0,17,0,1.003424,1.214168,1.218326
3258,human,0,85,0,1.312141,0.739304,0.970070
3258,lm,0,47,0,1.380634,0.442459,0.610875
8042,human,0,46,0,1.072179,1.336956,1.433457
8042,lm,0,126,0,1.364986,0.594383,0.811325
8150,human,0,99,0,1.247179,0.606415,0.756308
8150,lm,0,128,0,1.336658,0.649200,0.867759
8150,lm,1,70,0,1.052423,1.319668,1.388849
2364,human,0,128,0,1.181247,0.874386,1.032865
2364,human,1,128,0,1.112698,0.925915,1.030264
2364,human,2,39,0,1.016221,1.686005,1.713354
2364,lm,0,128,0,1.314616,0.646331,0.849677
2364,lm,1,15,0,1.069703,1.412003,1.510424
3698,human,0,128,0,1.175717,1.023573,1.203432
3698,human,1,89,0,1.156946,1.255674,1.452747
3698,lm,0,37,0,1.299398,0.890871,1.157596
1150,human,0,41,0,1.279066,0.922981,1.180554
1150,lm,0,10,0,1.081675,1.613938,1.745757
1853,human,0,128,0,1.403215,0.613809,0.861306
1853,human,1,117,0,1.488131,0.553970,0.824379
1853,lm,0,10,0,1.189843,1.606547,1.911539
5995,human,0,110,0,1.276302,0.579592,0.739735
5995,lm,0,74,0,1.299018,0.681844,0.885727
5749,human,0,128,0,1.151598,1.015421,1.169356
5749,human,1,31,0,1.069994,1.129335,1.208381
5749,lm,0,128,0,1.598380,0.369981,0.591371
5749,lm,1,128,0,1.587990,0.396700,0.629956
5749,lm,2,128,0,1.620918,0.356820,0.578376
5749,lm,3,105,0,1.556314,0.404158,0.628997
3022,human,0,104,0,1.256553,0.678925,0.853106
3022,lm,0,46,0,1.420219,0.621837,0.883145
4486,human,0,128,0,1.268664,0.710268,0.901092
4486,human,1,105,0,1.128913,0.839406,0.947616
4486,lm,0,37,0,1.206263,0.842865,1.016717
6596,human,0,35,0,1.305101,0.907877,1.184872
6596,lm,0,11,0,1.072648,2.057590,2.207069
1705,human,0,128,0,1.264046,0.652365,0.824619
1705,human,1,50,0,1.134610,0.814903,0.924597
1705,lm,0,17,0,1.073778,1.360654,1.461040
7554,human,0,97,0,1.240446,0.730126,0.905682
7554,lm,0,9,0,1.008786,2.927727,2.953450
3818,human,0,118,0,1.306422,0.697406,0.911106
3818,lm,0,10,0,1.032056,1.915478,1.976880
8898,human,0,33,0,1.236219,0.510850,0.631523
8898,lm,0,9,0,1.103962,1.220035,1.346872
510,human,0,80,0,1.648169,0.447295,0.737218
510,lm,0,74,0,2.150940,0.274046,0.589457
4508,human,0,95,0,1.228279,0.831098,1.020821
4508,lm,0,12,0,1.063627,2.460431,2.616981
3862,human,0,89,0,1.362705,0.425014,0.579168
3862,lm,0,67,0,1.303837,0.487746,0.635941
5163,human,0,128,0,1.296732,0.422705,0.548135
5163,human,1,33,0,1.102621,0.837543,0.923492
5163,lm,0,36,0,1.474324,0.584392,0.861583
4337,human,0,128,0,1.182740,0.843322,0.997430
4337,lm,0,44,0,1.513352,0.386046,0.584223
2385,human,0,128,0,1.131802,0.922858,1.044492
2385,human,1,24,0,1.002977,1.495480,1.499932
2385,lm,0,25,0,1.174540,1.124794,1.321116
1702,human,0,128,0,1.249938,0.691570,0.864420
1702,human,1,80,0,1.138057,0.909867,1.035480
1702,lm,0,10,0,1.084670,2.722826,2.953366
3665,human,0,112,0,1.249629,0.716124,0.894890
3665,lm,0,45,0,1.222583,1.014085,1.239802
7538,human,0,128,0,1.160128,1.165847,1.352532
7538,human,1,128,0,1.237110,0.853109,1.055389
7538,human,2,128,0,1.123206,0.917233,1.030242
7538,human,3,52,0,1.081392,1.396949,1.510649
7538,lm,0,70,0,1.620045,0.438465,0.710333
2974,human,0,23,0,1.190599,0.895539,1.066228
2974,lm,0,33,0,1.368500,0.814321,1.114397
7950,human,0,128,0,1.361377,0.634479,0.863764
7950,human,1,122,0,1.194791,0.666364,0.796166
7950,lm,0,118,0,1.646087,0.100537,0.165492
6656,human,0,39,0,1.242676,0.800211,0.994403
6656,lm,0,128,0,1.933966,0.147804,0.285849
6656,lm,1,110,0,1.604091,0.187620,0.300959
5326,human,0,128,0,1.219865,0.645216,0.787076
5326,human,1,6,0,1.112738,1.786125,1.987489
5326,lm,0,45,0,1.246082,0.904196,1.126702
4281,human,0,116,0,1.251997,0.663595,0.830819
4281,lm,0,46,0,1.440467,0.708211,1.020154
6321,human,0,128,0,1.312424,0.552743,0.725433
6321,human,1,128,0,1.129482,0.820198,0.926399
6321,human,2,64,0,1.196274,0.815377,0.975415
6321,lm,0,87,0,1.750171,0.339657,0.594458
6746,human,0,21,0,1.128807,1.405426,1.586455
6746,lm,0,54,0,1.395072,0.610918,0.852274
6748,human,0,128,0,1.149770,0.769671,0.884945
6748,human,1,18,0,1.089530,1.097589,1.195856
6748,lm,0,26,0,1.089334,1.452929,1.582725
2538,human,0,124,0,1.193044,0.707258,0.843789
2538,lm,0,11,0,1.093799,1.887151,2.064164
3249,human,0,34,0,1.109750,1.395093,1.548204
3249,lm,0,9,0,1.026303,3.690751,3.787829
730,human,0,43,0,1.352473,0.827427,1.119073
730,lm,0,10,0,0.982765,2.333653,2.293433
6485,human,0,128,0,1.287164,0.583054,0.750486
6485,human,1,11,0,0.992629,3.138102,3.114970
6485,lm,0,69,0,1.344995,0.524263,0.705131
4997,human,0,128,0,1.157223,0.892866,1.033245
4997,human,1,4,0,1.005855,3.547770,3.568541
4997,lm,0,30,0,1.176964,1.205239,1.418523
8941,human,0,128,0,1.324437,0.580993,0.769488
8941,human,1,35,0,1.112107,1.834108,2.039724
8941,lm,0,128,0,1.713415,0.311601,0.533902
8941,lm,1,128,0,1.669568,0.280441,0.468216
8941,lm,2,128,0,1.652353,0.249369,0.412046
8941,lm,3,27,0,1.151547,0.905167,1.042342
8163,human,0,46,0,1.310223,0.696739,0.912884
8163,lm,0,48,0,1.734778,0.341929,0.593171
594,human,0,119,0,1.246969,0.728074,0.907885
594,lm,0,10,0,1.072968,1.900630,2.039315
1871,human,0,40,0,1.189779,1.082247,1.287635
1871,lm,0,12,0,1.139475,1.225770,1.396734
7240,human,0,128,0,1.185882,0.653950,0.775508
7240,human,1,7,0,0.944114,2.556429,2.413561
7240,lm,0,128,0,1.860933,0.344540,0.641165
7240,lm,1,124,0,1.272119,0.584948,0.744124
3659,human,0,117,0,1.182263,0.786868,0.930285
3659,lm,0,63,0,1.415276,0.568915,0.805172
3103,human,0,33,0,1.209202,0.869559,1.051472
3103,lm,0,10,0,1.054553,2.840397,2.995350
1729,human,0,128,0,1.889861,0.297225,0.561714
1729,human,1,102,0,1.418298,0.360797,0.511717
1729,lm,0,128,0,1.652334,0.346960,0.573294
1729,lm,1,128,0,1.188069,0.789716,0.938237
1729,lm,2,128,0,1.154812,0.990783,1.144168
1729,lm,3,128,0,1.100448,0.827621,0.910754
1729,lm,4,128,0,1.079087,0.736995,0.795282
1729,lm,5,40,0,1.069706,1.768429,1.891700
4180,human,0,128,0,1.287641,0.564226,0.726521
4180,human,1,128,0,1.102527,0.819773,0.903822
4180,human,2,128,0,1.168165,0.668698,0.781150
4180,human,3,17,0,1.003740,2.597529,2.607243
4180,lm,0,43,0,1.283836,0.733389,0.941551
36,human,0,14,0,1.195797,1.194317,1.428162
36,lm,0,54,0,1.682527,0.323890,0.544953
3501,human,0,128,0,1.261648,0.662213,0.835480
3501,human,1,22,0,1.093659,2.199003,2.404959
3501,lm,0,128,0,1.398696,0.477213,0.667476
3501,lm,1,117,0,1.487397,0.446185,0.663654
2805,human,0,127,0,1.260565,0.631882,0.796528
2805,lm,0,75,0,1.491761,0.439579,0.655747
5114,human,0,20,0,1.068703,1.421731,1.519408
5114,lm,0,10,0,0.971866,3.539715,3.440127
8736,human,0,15,0,1.097502,1.816775,1.993914
8736,lm,0,128,0,1.403061,0.470403,0.660005
8736,lm,1,128,0,1.079896,0.820918,0.886506
8736,lm,2,35,0,1.090903,1.682046,1.834948
4679,human,0,81,0,1.336627,0.581497,0.777244
4679,lm,0,10,0,1.040326,2.562811,2.666160
5511,human,0,40,0,1.075954,1.632363,1.756347
5511,lm,0,10,0,1.059146,2.863877,3.033264
7379,human,0,50,0,1.179107,0.951661,1.122111
7379,lm,0,42,0,1.173934,0.718399,0.843354
4191,human,0,99,0,1.231928,0.801160,0.986972
4191,lm,0,10,0,1.256449,1.606547,2.018545
3939,human,0,35,0,1.166655,0.720844,0.840977
3939,lm,0,40,0,1.750351,0.184649,0.323200
753,human,0,128,0,1.306897,0.589872,0.770902
753,human,1,28,0,1.169355,1.291239,1.509916
753,lm,0,26,0,1.217714,0.928526,1.130678
1757,human,0,45,0,1.205543,0.849411,1.024001
1757,lm,0,7,0,1.052362,2.335434,2.457721
135,human,0,22,0,1.114459,1.267391,1.412456
135,lm,0,46,0,1.593641,0.641341,1.022068
2413,human,0,128,0,1.136094,1.066502,1.211646
2413,human,1,128,0,1.124684,1.068577,1.201811
2413,human,2,128,0,1.181336,0.866062,1.023110
2413,human,3,26,0,1.086611,1.248654,1.356801
2413,lm,0,9,0,1.028818,2.227367,2.291556
5221,human,0,32,0,1.189449,0.830289,0.987587
5221,lm,0,12,0,1.103295,1.598764,1.763909
452,human,0,33,0,1.147559,1.013874,1.163480
452,lm,0,128,0,1.611552,0.337700,0.544220
452,lm,1,128,0,1.544864,0.350165,0.540958
452,lm,2,128,0,1.657151,0.245457,0.406759
452,lm,3,12,0,1.079463,2.057085,2.220546
4214,human,0,128,0,1.100875,1.232487,1.356814
4214,human,1,119,0,1.245666,0.673344,0.838762
4214,lm,0,27,0,1.410757,0.637513,0.899377
755,human,0,74,0,1.302053,0.736112,0.958456
755,lm,0,128,0,1.456276,0.324014,0.471854
755,lm,1,5,0,1.045357,5.136145,5.369105
324,human,0,102,0,1.188025,0.515011,0.611846
324,lm,0,42,0,1.146387,0.649942,0.745085
4415,human,0,21,0,1.124277,1.232406,1.385566
4415,lm,0,40,0,1.174123,0.895026,1.050870
4940,human,0,107,0,1.385154,0.436513,0.604637
4940,lm,0,44,0,1.357788,0.566704,0.769464
4401,human,0,45,0,1.343893,0.660191,0.887226
4401,lm,0,37,0,1.364449,0.780057,1.064348
2308,human,0,20,0,1.104024,1.620543,1.789117
2308,lm,0,18,0,1.272909,0.910600,1.159111
356,human,0,38,0,1.153325,0.913795,1.053903
356,lm,0,128,0,1.323391,0.572805,0.758045
356,lm,1,128,0,1.231791,0.635314,0.782574
356,lm,2,55,0,1.047686,1.274612,1.335393
5616,human,0,128,0,1.291818,0.602950,0.778902
5616,human,1,128,0,1.290580,0.551381,0.711601
5616,human,2,1,0,1.000000,5.162019,5.162019
5616,lm,0,100,0,1.510069,0.564152,0.851909
7996,human,0,50,0,1.066601,1.281922,1.367300
7996,lm,0,128,0,1.377049,0.269695,0.371383
7996,lm,1,70,0,1.248675,0.361450,0.451334
3809,human,0,95,0,1.774310,0.187817,0.333246
3809,lm,0,11,0,1.207431,0.767762,0.927020
7377,human,0,124,0,1.358761,0.577014,0.784024
7377,lm,0,54,0,1.355640,0.490823,0.665379
3866,human,0,23,0,1.412996,0.489724,0.691979
3866,lm,0,8,0,1.101556,1.589958,1.751429
1089,human,0,128,0,1.302838,0.583017,0.759577
1089,human,1,128,0,1.096862,1.138084,1.248321
1089,human,2,128,0,1.291674,0.634487,0.819551
1089,human,3,8,0,1.022694,2.133165,2.181574
1089,lm,0,128,0,1.782847,0.328826,0.586247
1089,lm,1,128,0,1.842653,0.295709,0.544889
1089,lm,2,128,0,1.820813,0.292504,0.532595
1089,lm,3,84,0,1.523722,0.468050,0.713178
8932,human,0,43,0,1.363986,0.874616,1.192964
8932,lm,0,11,0,1.121386,1.769580,1.984383
3872,human,0,128,0,1.160786,1.007688,1.169711
3872,human,1,78,0,1.223671,0.848952,1.038838
3872,lm,0,128,0,2.078024,0.154278,0.320593
3872,lm,1,99,0,1.561767,0.295704,0.461820
8499,human,0,128,0,1.342191,0.470403,0.631371
8499,human,1,45,0,1.160853,0.819508,0.951328
8499,lm,0,116,0,1.696364,0.376372,0.638464
6295,human,0,82,0,1.126459,0.944291,1.063705
6295,lm,0,9,0,0.992160,2.818706,2.796607
5439,human,0,33,0,1.227627,0.929074,1.140556
5439,lm,0,7,0,1.033399,2.652671,2.741268
6751,human,0,65,0,1.566723,0.438202,0.686541
6751,lm,0,12,0,1.107494,1.925541,2.132525
1297,human,0,128,0,1.136712,1.242912,1.412833
1297,human,1,128,0,1.075774,1.232105,1.325466
1297,human,2,128,0,1.115849,0.724113,0.808001
1297,human,3,128,0,1.198376,0.980981,1.175584
1297,human,4,128,0,1.442532,0.570911,0.823558
1297,human,5,128,0,1.210301,1.027347,1.243399
1297,human,6,88,0,1.089735,0.959794,1.045922
1297,lm,0,128,0,1.604568,0.396453,0.636136
1297,lm,1,128,0,1.284400,0.648748,0.833253
1297,lm,2,44,0,1.096289,0.922170,1.010965
4332,human,0,107,0,1.215426,0.705550,0.857545
4332,lm,0,27,0,1.232667,1.144403,1.410668
6649,human,0,128,0,1.361867,0.508596,0.692640
6649,human,1,23,0,0.894267,2.556947,2.286594
6649,lm,0,83,0,1.452622,0.481635,0.699634
6740,human,0,98,0,1.442739,0.629429,0.908102
6740,lm,0,10,0,1.034562,3.518067,3.639658
6479,human,0,128,0,1.147621,0.961884,1.103879
6479,human,1,128,0,1.099513,0.908572,0.998986
6479,human,2,128,0,1.026807,1.196539,1.228615
6479,human,3,128,0,1.078169,0.909225,0.980298
6479,human,4,128,0,1.128104,0.860498,0.970731
6479,human,5,128,0,0.999285,1.142904,1.142087
6479,human,6,128,0,1.129405,0.994070,1.122708
6479,human,7,117,0,1.260120,0.779403,0.982141
6479,lm,0,101,0,2.580729,0.053535,0.138158
6304,human,0,43,0,1.202472,0.656586,0.789526
6304,lm,0,121,0,1.623820,0.422691,0.686373
8697,human,0,26,0,1.367717,0.532406,0.728180
8697,lm,0,18,0,1.456449,0.637727,0.928817
1132,human,0,48,0,1.147829,1.004984,1.153550
1132,lm,0,33,0,1.382448,0.586832,0.811264
6250,human,0,128,0,1.057070,1.279233,1.352238
6250,human,1,29,0,1.060542,1.435716,1.522636
6250,lm,0,56,0,1.310015,0.610869,0.800248
6688,human,0,52,0,1.249977,0.554758,0.693435
6688,lm,0,66,0,1.422593,0.648665,0.922786
7728,human,0,128,0,1.415733,0.466994,0.661139
7728,human,1,128,0,1.233813,0.561604,0.692915
7728,human,2,104,0,1.211333,0.539365,0.653350
7728,lm,0,128,0,1.562481,0.375407,0.586566
7728,lm,1,27,0,1.260215,0.994964,1.253869
4829,human,0,96,0,1.266524,0.874801,1.107957
4829,lm,0,64,0,1.384207,0.753340,1.042778
3685,human,0,21,0,1.040674,2.208594,2.298426
3685,lm,0,11,0,1.035563,2.665411,2.760200
8836,human,0,128,0,1.145471,0.670315,0.767827
8836,human,1,40,0,1.028907,1.556092,1.601074
8836,lm,0,125,0,1.110967,0.750495,0.833776
3133,human,0,128,0,1.110405,0.927617,1.030031
3133,human,1,85,0,1.207153,0.686417,0.828610
3133,lm,0,49,0,1.559648,0.713842,1.113343
795,human,0,70,0,1.291009,0.696273,0.898895
795,lm,0,11,0,1.030690,3.531054,3.639422
3774,human,0,67,0,1.242625,0.855649,1.063251
3774,lm,0,44,0,1.394972,0.741967,1.035023
6430,human,0,128,0,1.271785,0.462521,0.588227
6430,human,1,128,0,1.279911,0.612460,0.783895
6430,human,2,128,0,1.110890,1.052425,1.169128
6430,human,3,128,0,1.081640,0.732983,0.792824
6430,human,4,128,0,0.968043,1.538477,1.489312
6430,human,5,81,0,0.929547,1.280694,1.190465
6430,lm,0,128,0,1.504250,0.491702,0.739643
6430,lm,1,128,0,1.338969,0.723355,0.968550
6430,lm,2,128,0,1.316507,0.712384,0.937858
6430,lm,3,128,0,1.387145,0.656710,0.910952
6430,lm,4,128,0,1.278615,0.710674,0.908678
6430,lm,5,108,0,1.780216,0.267870,0.476866
3933,human,0,78,0,1.083460,1.159997,1.256811
3933,lm,0,14,0,1.297986,0.707656,0.918528
1300,human,0,107,0,1.271459,0.523338,0.665402
1300,lm,0,23,0,1.257069,0.896485,1.126943
845,human,0,48,0,1.298146,0.517982,0.672417
845,lm,0,5,0,1.020220,1.755475,1.790972
846,human,0,29,0,1.343303,0.533275,0.716349
846,lm,0,20,0,1.320768,0.680206,0.898395
7308,human,0,124,0,1.188324,0.605042,0.718986
7308,lm,0,46,0,1.403764,0.605043,0.849337
7299,human,0,128,0,1.198653,0.779287,0.934094
7299,human,1,17,0,1.122571,1.535279,1.723460
7299,lm,0,6,0,1.094747,1.895816,2.075440
4069,human,0,65,0,1.184533,0.923464,1.093873
4069,lm,0,126,0,1.191800,0.710316,0.846554
3739,human,0,128,0,1.294413,0.789010,1.021305
3739,human,1,50,0,1.070907,1.388869,1.487350
3739,lm,0,79,0,1.220714,1.138920,1.390295
8460,human,0,128,0,1.146431,0.793428,0.909610
8460,human,1,128,0,1.130066,0.851236,0.961952
8460,human,2,128,0,1.048804,1.122345,1.177121
8460,human,3,128,0,1.018180,1.488776,1.515842
8460,human,4,128,0,0.978387,1.043192,1.020646
8460,human,5,65,0,0.966354,1.809146,1.748276
8460,lm,0,128,0,1.375388,0.663637,0.912759
8460,lm,1,128,0,1.360066,0.610514,0.830340
8460,lm,2,128,0,1.345147,0.603747,0.812129
8460,lm,3,67,0,1.374497,0.724227,0.995448
1298,human,0,50,0,1.201856,1.104923,1.327959
1298,lm,0,83,0,1.756250,0.336841,0.591578
7106,human,0,128,0,1.199457,0.685684,0.822449
7106,human,1,44,0,1.230637,0.798517,0.982684
7106,lm,0,128,0,1.902101,0.249497,0.474568
7106,lm,1,128,0,1.733383,0.253057,0.438644
7106,lm,2,128,0,1.729481,0.245244,0.424145
7106,lm,3,128,0,2.033745,0.193381,0.393288
7106,lm,4,33,0,1.609447,0.555232,0.893617
7741,human,0,128,0,1.658226,0.299178,0.496105
7741,human,1,128,0,1.285182,0.763144,0.980780
7741,human,2,128,0,1.183215,0.808245,0.956328
7741,human,3,3,0,1.025533,4.521332,4.636776
7741,lm,0,128,0,2.018800,0.190671,0.384927
7741,lm,1,21,0,1.161969,1.252425,1.455279
2553,human,0,128,0,1.325465,0.604366,0.801066
2553,human,1,128,0,1.174445,0.693239,0.814171
2553,human,2,128,0,1.256890,0.567370,0.713122
2553,human,3,80,0,1.109693,1.204894,1.337063
2553,lm,0,106,0,1.746724,0.317635,0.554820
3190,human,0,128,0,1.271787,0.786523,1.000289
3190,human,1,45,0,1.153474,1.121148,1.293215
3190,lm,0,46,0,1.357742,0.675860,0.917644
1073,human,0,32,0,1.213522,0.620994,0.753590
1073,lm,0,7,0,1.080053,1.702242,1.838513
5496,human,0,78,0,1.058786,0.995925,1.054472
5496,lm,0,31,0,1.341779,0.575499,0.772192
6099,human,0,29,0,1.236921,0.951173,1.176526
6099,lm,0,26,0,1.209167,1.099453,1.329423
614,human,0,128,0,1.147235,0.786888,0.902745
614,human,1,75,0,1.148950,1.112050,1.277690
614,lm,0,128,0,1.973922,0.257387,0.508061
614,lm,1,128,0,2.153290,0.216841,0.466922
614,lm,2,128,0,1.904663,0.269419,0.513152
614,lm,3,128,0,2.049175,0.244331,0.500677
614,lm,4,117,0,1.781498,0.307643,0.548065
8742,human,0,128,0,1.167230,0.737502,0.860834
8742,human,1,82,0,1.055615,1.100710,1.161926
8742,lm,0,128,0,1.509792,0.336581,0.508167
8742,lm,1,85,0,1.252288,0.542068,0.678826
5207,human,0,69,0,1.367738,0.532974,0.728969
5207,lm,0,10,0,1.099691,1.412985,1.553847
186,human,0,25,0,1.101452,1.350496,1.487507
186,lm,0,90,0,1.400318,0.525215,0.735468
6534,human,0,63,0,1.295061,0.578326,0.748967
6534,lm,0,127,0,1.495061,0.466477,0.697412
8293,human,0,43,0,1.138140,0.836868,0.952473
8293,lm,0,24,0,1.129009,1.110417,1.253671
3753,human,0,78,0,1.402552,0.557537,0.781974
3753,lm,0,67,0,1.539862,0.505616,0.778579
6918,human,0,128,0,1.288441,0.497468,0.640959
6918,human,1,50,0,1.053242,1.290121,1.358809
6918,lm,0,116,0,1.608050,0.381599,0.613630
2742,human,0,58,0,1.530362,0.586526,0.897596
2742,lm,0,21,0,1.458738,0.739704,1.079035
4902,human,0,73,0,1.166544,1.089179,1.270575
4902,lm,0,128,0,1.457333,0.561613,0.818457
4902,lm,1,46,0,1.177054,1.105751,1.301528
5735,human,0,89,0,1.673043,0.510420,0.853955
5735,lm,0,128,0,1.397158,0.601347,0.840177
5735,lm,1,47,0,1.158016,1.269340,1.469916
1571,human,0,23,0,1.215237,0.965333,1.173108
1571,lm,0,10,0,1.083696,1.599487,1.733358
4263,human,0,128,0,1.107451,0.648560,0.718249
4263,human,1,9,0,0.951443,1.893871,1.801911
4263,lm,0,77,0,1.093751,1.124805,1.230257
6925,human,0,41,0,1.251411,0.511076,0.639566
6925,lm,0,14,0,1.252531,1.016631,1.273362
8055,human,0,128,0,1.208118,0.615859,0.744031
8055,human,1,79,0,1.089844,1.069560,1.165653
8055,lm,0,22,0,1.190620,0.526293,0.626615
7549,human,0,59,0,1.382399,0.696441,0.962759
7549,lm,0,34,0,1.215907,1.327111,1.613644
5997,human,0,128,0,1.336619,0.572915,0.765769
5997,human,1,128,0,1.223458,0.570445,0.697915
5997,human,2,62,0,1.058657,1.114298,1.179659
5997,lm,0,128,0,2.604301,0.125910,0.327908
5997,lm,1,128,0,2.157754,0.134287,0.289759
5997,lm,2,13,0,1.196758,2.387049,2.856720
4100,human,0,128,0,1.366954,0.442566,0.604967
4100,human,1,46,0,1.067227,1.364717,1.456463
4100,lm,0,20,0,1.160417,1.396961,1.621056
8393,human,0,70,0,1.234707,0.876442,1.082149
8393,lm,0,90,0,1.416421,0.415532,0.588568
7656,human,0,13,0,1.045173,2.278456,2.381381
7656,lm,0,13,0,1.018517,2.803451,2.855361
3704,human,0,128,0,1.322058,0.540526,0.714606
3704,human,1,46,0,0.982016,1.750245,1.718769
3704,lm,0,47,0,1.453159,0.669070,0.972265
5548,human,0,75,0,1.209422,0.914067,1.105493
5548,lm,0,11,0,1.156122,1.160889,1.342129
4368,human,0,63,0,1.306734,0.654671,0.855481
4368,lm,0,43,0,1.299301,0.534264,0.694169
3446,human,0,44,0,1.109122,1.346711,1.493667
3446,lm,0,94,0,1.394003,0.589217,0.821370
8828,human,0,30,0,1.157434,0.853754,0.988164
8828,lm,0,44,0,1.285309,0.732179,0.941076
1284,human,0,75,0,1.187188,0.864364,1.026163
1284,lm,0,52,0,1.781271,0.372606,0.663712
2145,human,0,41,0,1.530834,0.464617,0.711251
2145,lm,0,49,0,1.660831,0.328850,0.546165
8532,human,0,46,0,1.329434,0.651784,0.866503
8532,lm,0,10,0,1.199145,1.606547,1.926482
4413,human,0,128,0,1.004492,1.286688,1.292467
4413,human,1,32,0,1.154272,1.310259,1.512395
4413,lm,0,56,0,1.315846,0.497568,0.654723
8266,human,0,87,0,1.347705,0.520524,0.701513
8266,lm,0,128,0,2.334122,0.197590,0.461200
8266,lm,1,128,0,2.200365,0.182115,0.400719
8266,lm,2,128,0,2.244872,0.162768,0.365394
8266,lm,3,107,0,1.976343,0.203754,0.402688
2383,human,0,59,0,1.212371,0.953593,1.156109
2383,lm,0,19,0,1.119656,1.621283,1.815279
2045,human,0,112,0,1.217346,0.732366,0.891544
2045,lm,0,37,0,1.269955,0.819647,1.040915
8177,human,0,34,0,1.120701,1.318556,1.477708
8177,lm,0,87,0,1.175913,0.915653,1.076727
714,human,0,54,0,1.599675,0.447439,0.715757
714,lm,0,101,0,1.787512,0.292416,0.522697
602,human,0,128,0,1.434370,0.554718,0.795671
602,human,1,128,0,1.242914,0.744573,0.925440
602,human,2,20,0,1.147166,1.179583,1.353177
602,lm,0,128,0,1.861751,0.205363,0.382334
602,lm,1,65,0,1.318664,0.665735,0.877882
5227,human,0,34,0,1.232113,0.678176,0.835590
5227,lm,0,22,0,1.258740,0.963146,1.212351
349,human,0,128,0,1.473123,0.341967,0.503759
349,human,1,128,0,1.182245,0.613115,0.724853
349,human,2,19,0,1.078485,1.891825,2.040306
349,lm,0,54,0,1.296372,0.580669,0.752764
7707,human,0,52,0,1.261131,0.582474,0.734576
7707,lm,0,9,0,1.123520,1.384209,1.555187
234,human,0,14,0,1.101442,1.631531,1.797035
234,lm,0,10,0,1.105971,1.728916,1.912130
7954,human,0,65,0,1.278454,0.559393,0.715158
7954,lm,0,7,0,1.068237,2.592843,2.769771
5608,human,0,71,0,1.143004,0.792751,0.906117
5608,lm,0,128,0,1.414077,0.445403,0.629834
5608,lm,1,128,0,1.511618,0.388544,0.587330
5608,lm,2,128,0,1.464873,0.328043,0.480541
5608,lm,3,109,0,1.580133,0.362701,0.573116
675,human,0,66,0,1.642464,0.507544,0.833622
675,lm,0,66,0,1.575583,0.573480,0.903565
3546,human,0,128,0,1.220078,0.670882,0.818529
3546,human,1,77,0,1.095503,1.140631,1.249565
3546,lm,0,62,0,1.374392,0.563321,0.774224
133,human,0,52,0,1.185635,0.971369,1.151689
133,lm,0,22,0,1.026372,1.521643,1.561772
1389,human,0,66,0,1.296294,0.526784,0.682866
1389,lm,0,6,0,1.057390,2.112765,2.234017
1696,human,0,128,0,1.081274,1.241828,1.342757
1696,human,1,128,0,1.079127,1.077052,1.162276
1696,human,2,44,0,1.065681,1.421846,1.515234
1696,lm,0,128,0,0.985730,1.407827,1.387737
1696,lm,1,128,0,1.016407,1.135018,1.153641
1696,lm,2,18,0,1.050078,1.572653,1.651408
5372,human,0,128,0,1.362003,0.386734,0.526732
5372,human,1,128,0,1.253639,0.733056,0.918988
5372,lm,0,102,0,1.516734,0.205580,0.311810
6363,human,0,53,0,1.166393,0.799869,0.932962
6363,lm,0,98,0,1.679592,0.308772,0.518611
4475,human,0,65,0,1.120483,0.955096,1.070169
4475,lm,0,9,0,1.010867,2.595580,2.623787
8301,human,0,128,0,1.164378,0.863319,1.005230
8301,human,1,128,0,1.157772,0.940864,1.089306
8301,human,2,128,0,1.135574,0.871566,0.989728
8301,human,3,22,0,1.084425,1.189977,1.290440
8301,lm,0,111,0,1.576944,0.371434,0.585731
1405,human,0,128,0,1.281933,0.540194,0.692493
1405,human,1,37,0,1.121298,0.970173,1.087852
1405,lm,0,42,0,1.142099,0.975525,1.114146
122,human,0,49,0,1.233928,0.830901,1.025272
122,lm,0,67,0,1.331179,0.603563,0.803450
3805,human,0,128,0,1.312163,0.575750,0.755478
3805,human,1,128,0,1.173124,1.021457,1.198295
3805,human,2,128,0,1.086180,1.180427,1.282157
3805,human,3,126,0,1.036879,1.403079,1.454824
3805,lm,0,29,0,1.369960,0.756622,1.036543
5642,human,0,128,0,1.309908,0.516471,0.676529
5642,human,1,2,0,1.032845,5.112405,5.280321
5642,lm,0,128,0,1.313481,0.601868,0.790543
5642,lm,1,128,0,1.200389,0.668476,0.802431
5642,lm,2,4,0,1.110721,2.424543,2.692991
8423,human,0,128,0,1.196816,0.733644,0.878037
8423,human,1,45,0,1.121085,1.314879,1.474091
8423,lm,0,15,0,1.126754,0.755486,0.851247
8315,human,0,128,0,1.145720,0.878916,1.006992
8315,human,1,128,0,1.070980,1.224943,1.311890
8315,human,2,128,0,1.042933,1.333986,1.391259
8315,human,3,128,0,1.012170,1.404178,1.421267
8315,human,4,128,0,1.050859,1.234297,1.297072
8315,human,5,128,0,1.180037,0.822943,0.971103
8315,human,6,128,0,1.047951,1.395901,1.462836
8315,human,7,128,0,1.067406,1.409231,1.504221
8315,human,8,104,0,1.116099,0.875066,0.976661
8315,lm,0,128,0,1.348689,0.188142,0.253745
8315,lm,1,63,0,1.209318,0.299316,0.361968
1257,human,0,128,0,1.251411,0.632134,0.791059
1257,human,1,80,0,1.188462,0.815807,0.969556
1257,lm,0,65,0,1.516243,0.381101,0.577841
5733,human,0,62,0,1.162562,0.667094,0.775538
5733,lm,0,50,0,1.396035,0.608124,0.848962
6348,human,0,25,0,1.370870,0.856041,1.173521
6348,lm,0,12,0,1.121567,1.884673,2.113787
3860,human,0,56,0,1.120894,0.697585,0.781919
3860,lm,0,9,0,0.991526,2.167029,2.148665
6082,human,0,111,0,1.129239,0.978875,1.105384
6082,lm,0,68,0,1.308970,0.720387,0.942965
7528,human,0,22,0,1.170549,1.364275,1.596950
7528,lm,0,16,0,1.216092,1.858322,2.259891
7226,human,0,128,0,1.177310,0.836456,0.984768
7226,human,1,128,0,1.178640,0.992032,1.169248
7226,lm,0,128,0,1.171570,0.410689,0.481151
7226,lm,1,128,0,1.126637,0.446558,0.503109
7226,lm,2,128,0,1.171768,0.409886,0.480291
7226,lm,3,128,0,1.091955,0.474476,0.518107
7226,lm,4,92,0,1.087506,0.681956,0.741631
6742,human,0,86,0,1.139195,0.660796,0.752776
6742,lm,0,17,0,1.130860,1.223017,1.383062
700,human,0,128,0,1.302309,0.605033,0.787940
700,human,1,128,0,1.307637,0.577586,0.755273
700,human,2,128,0,1.369869,0.554152,0.759115
700,human,3,107,0,1.264786,0.552306,0.698548
700,lm,0,128,0,1.884004,0.244476,0.460593
700,lm,1,124,0,1.646496,0.209095,0.344274
652,human,0,128,0,1.178384,0.740399,0.872474
652,human,1,10,0,1.138064,1.291118,1.469374
652,lm,0,78,0,1.548334,0.384055,0.594646
8515,human,0,128,0,1.359833,0.581299,0.790469
8515,human,1,128,0,1.098937,0.877382,0.964187
8515,human,2,68,0,1.072494,0.911626,0.977714
8515,lm,0,128,0,1.535688,0.434293,0.666938
8515,lm,1,128,0,1.743898,0.357631,0.623673
8515,lm,2,128,0,1.784664,0.347879,0.620847
8515,lm,3,128,0,1.700262,0.375174,0.637894
8515,lm,4,128,0,1.759980,0.352208,0.619879
8515,lm,5,128,0,1.793435,0.328160,0.588534
8515,lm,6,16,0,1.293956,1.645720,2.129490
161,human,0,56,0,1.035460,1.544877,1.599659
161,lm,0,128,0,1.403479,0.544304,0.763919
161,lm,1,128,0,1.336632,0.605222,0.808959
161,lm,2,128,0,1.664153,0.345968,0.575743
161,lm,3,128,0,1.648902,0.348490,0.574626
161,lm,4,77,0,1.343950,0.581844,0.781970
4553,human,0,128,0,1.256157,0.571899,0.718395
4553,human,1,128,0,1.146473,1.064941,1.220926
4553,human,2,128,0,1.147461,0.991772,1.138020
4553,human,3,128,0,1.085876,1.350238,1.466190
4553,human,4,128,0,1.142124,1.019924,1.164880
4553,human,5,17,0,1.083320,1.400843,1.517561
4553,lm,0,34,0,1.349552,0.735959,0.993215
6192,human,0,103,0,1.235473,0.662130,0.818044
6192,lm,0,119,0,1.542878,0.400586,0.618055
5529,human,0,128,0,1.305623,0.617844,0.806671
5529,human,1,128,0,1.240611,0.653996,0.811355
5529,human,2,11,0,1.129187,2.355809,2.660148
5529,lm,0,100,0,1.404432,0.566389,0.795454
3294,human,0,60,0,1.191757,0.995670,1.186597
3294,lm,0,7,0,1.179097,1.400962,1.651870
2462,human,0,128,0,1.146146,1.015126,1.163483
2462,human,1,12,0,0.998490,2.690004,2.685942
2462,lm,0,10,0,1.228037,1.606547,1.972899
6415,human,0,128,0,1.351263,0.553875,0.748430
6415,human,1,68,0,1.214344,0.967237,1.174559
6415,lm,0,13,0,1.175336,1.251165,1.470539
5520,human,0,64,0,1.345130,0.602656,0.810650
5520,lm,0,77,0,1.232105,0.690857,0.851208
5344,human,0,46,0,1.109536,1.278179,1.418186
5344,lm,0,42,0,1.112394,1.076651,1.197660
8615,human,0,128,0,1.215196,0.721090,0.876266
8615,human,1,28,0,1.028310,1.944529,1.999579
8615,lm,0,10,0,1.094146,2.036090,2.227779
2687,human,0,70,0,1.563201,0.374085,0.584770
2687,lm,0,15,0,1.716944,0.449137,0.771144
7032,human,0,46,0,1.140921,0.934341,1.066010
7032,lm,0,128,0,1.276964,0.506577,0.646881
7032,lm,1,47,0,1.079182,1.439802,1.553808
2930,human,0,67,0,1.274268,0.545834,0.695539
2930,lm,0,15,0,1.205890,0.591165,0.712880
8582,human,0,128,0,1.312209,0.720122,0.944950
8582,human,1,128,0,1.114007,0.880334,0.980698
8582,human,2,128,0,1.108483,1.100732,1.220143
8582,human,3,104,0,1.094755,1.189169,1.301848
8582,lm,0,21,0,1.077852,1.563727,1.685467
7083,human,0,97,0,1.358906,0.582538,0.791614
7083,lm,0,37,0,1.444797,0.677465,0.978800
283,human,0,128,0,1.360378,0.643965,0.876036
283,human,1,24,0,1.114920,1.952457,2.176833
283,lm,0,77,0,1.384880,0.602463,0.834340
3045,human,0,57,0,1.162353,1.133585,1.317625
3045,lm,0,10,0,1.231621,1.606547,1.978657
4004,human,0,41,0,1.425155,0.649016,0.924949
4004,lm,0,29,0,1.566039,0.526056,0.823825
3280,human,0,44,0,1.275277,0.822026,1.048311
3280,lm,0,11,0,1.159177,2.052630,2.379362
1158,human,0,42,0,1.128549,0.769918,0.868890
1158,lm,0,42,0,1.257063,0.604989,0.760510
4150,human,0,128,0,1.235906,0.451011,0.557407
4150,human,1,53,0,1.064947,1.256474,1.338078
4150,lm,0,45,0,1.272134,0.392877,0.499792
5540,human,0,73,0,1.357871,0.695273,0.944091
5540,lm,0,12,0,1.069169,2.471468,2.642417
808,human,0,34,0,1.207071,1.238383,1.494815
808,lm,0,40,0,1.276801,0.717137,0.915641
757,human,0,54,0,1.301917,0.742803,0.967067
757,lm,0,86,0,1.740772,0.305775,0.532284
5305,human,0,45,0,1.164156,1.004112,1.168943
5305,lm,0,128,0,1.434152,0.471061,0.675573
5305,lm,1,128,0,1.393639,0.492806,0.686794
5305,lm,2,128,0,1.552004,0.382231,0.593224
5305,lm,3,128,0,1.351313,0.383971,0.518865
5305,lm,4,128,0,1.395705,0.423013,0.590401
5305,lm,5,14,0,1.136155,1.132243,1.286403
7827,human,0,128,0,1.389471,0.368482,0.511995
7827,human,1,22,0,1.100632,1.787101,1.966941
7827,lm,0,128,0,1.697890,0.147830,0.250999
7827,lm,1,128,0,1.551693,0.150226,0.233104
7827,lm,2,30,0,1.162582,0.477907,0.555607
272,human,0,63,0,1.311040,0.594944,0.779995
272,lm,0,40,0,1.363708,0.832255,1.134954
6067,human,0,128,0,1.168547,0.825549,0.964693
6067,human,1,121,0,1.180116,0.781059,0.921740
6067,lm,0,36,0,1.380282,0.514197,0.709736
8635,human,0,125,0,1.410667,0.508096,0.716754
8635,lm,0,36,0,1.637811,0.354303,0.580281
4323,human,0,65,0,1.313200,0.708057,0.929820
4323,lm,0,20,0,1.108815,1.719033,1.906089
6427,human,0,84,0,1.765874,0.309221,0.546046
6427,lm,0,91,0,2.034709,0.193848,0.394425
5824,human,0,24,0,1.017588,2.352177,2.393548
5824,lm,0,24,0,1.116490,1.457948,1.627785
3827,human,0,121,0,1.481069,0.394653,0.584509
3827,lm,0,41,0,1.481782,0.625847,0.927369
3580,human,0,128,0,1.230736,0.623523,0.767392
3580,human,1,8,0,1.027380,3.117873,3.203242
3580,lm,0,73,0,1.204699,1.008109,1.214468
1476,human,0,128,0,1.105068,0.756077,0.835517
1476,human,1,128,0,0.896555,1.354058,1.213988
1476,human,2,128,0,0.876021,1.075477,0.942141
1476,human,3,47,0,0.998980,1.478757,1.477249
1476,lm,0,20,0,1.233798,1.009902,1.246015
2443,human,0,29,0,1.260604,0.880200,1.109583
2443,lm,0,12,0,1.091851,1.388849,1.516416
3232,human,0,21,0,1.127231,1.019780,1.149527
3232,lm,0,48,0,1.292747,0.922588,1.192672
4596,human,0,78,0,1.200183,0.812618,0.975290
4596,lm,0,9,0,0.983129,2.196243,2.159190
5574,human,0,55,0,1.599204,0.474681,0.759111
5574,lm,0,29,0,1.492384,0.629190,0.938993
1234,human,0,53,0,1.466668,0.523687,0.768075
1234,lm,0,10,0,1.100895,1.479675,1.628968
3884,human,0,44,0,1.371431,1.086106,1.489519
3884,lm,0,128,0,1.502957,0.383179,0.575902
3884,lm,1,116,0,1.507664,0.471939,0.711526
4166,human,0,37,0,1.413546,0.721512,1.019891
4166,lm,0,10,0,1.066630,2.980709,3.179313
5177,human,0,39,0,1.185351,0.759544,0.900326
5177,lm,0,26,0,1.232778,0.724413,0.893041
8380,human,0,60,0,1.316965,0.568209,0.748311
8380,lm,0,75,0,1.604458,0.425117,0.682082
1995,human,0,47,0,1.276620,0.601205,0.767510
1995,lm,0,26,0,1.444653,0.464189,0.670592
831,human,0,74,0,1.249412,0.987014,1.233187
831,lm,0,9,0,1.001846,3.362677,3.368884
7997,human,0,33,0,1.219870,1.072301,1.308068
7997,lm,0,21,0,1.105216,0.930904,1.028851
5174,human,0,101,0,1.391060,0.411002,0.571728
5174,lm,0,57,0,1.516232,0.546267,0.828267
5519,human,0,68,0,1.273160,0.741133,0.943580
5519,lm,0,75,0,1.585400,0.428988,0.680117
6522,human,0,128,0,1.437646,0.473146,0.680216
6522,human,1,10,0,0.954976,2.220068,2.120113
6522,lm,0,35,0,1.465287,0.477798,0.700110
5149,human,0,128,0,1.502491,0.423203,0.635858
5149,human,1,2,0,1.006059,5.982112,6.018358
5149,lm,0,46,0,1.443924,0.719142,1.038387
7713,human,0,15,0,1.125312,1.206495,1.357683
7713,lm,0,15,0,1.095890,1.469605,1.610525
3731,human,0,79,0,1.216965,0.631101,0.768028
3731,lm,0,9,0,1.018972,1.451875,1.479419
4367,human,0,128,0,1.240355,0.799257,0.991362
4367,human,1,128,0,1.168307,0.775450,0.905964
4367,human,2,128,0,1.174453,0.788788,0.926394
4367,human,3,128,0,1.090731,1.118984,1.220511
4367,human,4,128,0,1.030254,1.263527,1.301754
4367,human,5,24,0,0.990903,1.918978,1.901521
4367,lm,0,74,0,1.327128,0.478348,0.634829
7126,human,0,128,0,1.248947,0.870229,1.086871
7126,human,1,128,0,1.223058,0.720652,0.881399
7126,human,2,128,0,1.158205,0.965074,1.117754
7126,human,3,126,0,1.183096,0.910581,1.077305
7126,lm,0,12,0,1.095496,1.200544,1.315191
3459,human,0,128,0,1.346110,0.552717,0.744018
3459,human,1,128,0,1.294475,0.763823,0.988750
3459,human,2,76,0,1.138950,1.258483,1.433350
3459,lm,0,62,0,1.334125,0.544290,0.726151
1272,human,0,116,0,1.356989,0.672549,0.912641
1272,lm,0,128,0,1.470699,0.423975,0.623539
1272,lm,1,6,0,1.045257,4.827247,5.045715
8771,human,0,104,0,1.207749,0.741616,0.895687
8771,lm,0,45,0,1.139478,1.060913,1.208887
2542,human,0,128,0,1.129797,0.972281,1.098481
2542,human,1,128,0,1.109865,1.047110,1.162151
2542,human,2,128,0,1.076650,1.174322,1.264334
2542,human,3,38,0,1.079278,1.375679,1.484740
2542,lm,0,42,0,1.228631,0.882654,1.084456
695,human,0,128,0,1.179971,0.649155,0.765984
695,human,1,128,0,1.135326,0.763064,0.866326
695,human,2,128,0,1.357586,0.477976,0.648894
695,human,3,128,0,1.197667,0.903367,1.081933
695,human,4,128,0,1.208841,0.995170,1.203002
695,human,5,96,0,1.126053,1.037491,1.168270
695,lm,0,112,0,1.537238,0.442248,0.679840
194,human,0,65,0,1.147382,0.928216,1.065018
194,lm,0,23,0,1.150895,1.219276,1.403258
8561,human,0,128,0,1.283347,0.456566,0.585933
8561,human,1,36,0,0.880243,1.912522,1.683483
8561,lm,0,26,0,1.247305,0.815756,1.017496
5185,human,0,55,0,1.422679,0.679852,0.967211
5185,lm,0,11,0,1.173929,1.193117,1.400634
1353,human,0,63,0,1.292096,0.573677,0.741246
1353,lm,0,6,0,1.138329,0.934681,1.063975
2363,human,0,128,0,1.641607,0.309378,0.507877
2363,human,1,6,0,1.028561,4.997682,5.140423
2363,lm,0,35,0,1.460100,0.437725,0.639123
2330,human,0,59,0,1.157252,0.871561,1.008615
2330,lm,0,20,0,1.297886,0.514236,0.667420
7630,human,0,23,0,1.255238,1.019862,1.280169
7630,lm,0,24,0,1.410020,0.612919,0.864228
2664,human,0,75,0,1.543346,0.416449,0.642725
2664,lm,0,37,0,1.332633,0.661604,0.881675
2782,human,0,20,0,1.042339,1.636391,1.705675
2782,lm,0,10,0,1.055479,3.600655,3.800415
3049,human,0,38,0,1.309765,0.613485,0.803521
3049,lm,0,34,0,1.341385,0.508751,0.682431
8666,human,0,128,0,1.212565,0.991128,1.201807
8666,human,1,25,0,1.197509,0.663151,0.794129
8666,lm,0,60,0,1.410934,0.342417,0.483128
8051,human,0,49,0,1.135996,1.073145,1.219088
8051,lm,0,10,0,1.119515,2.010264,2.250521
666,human,0,69,0,1.420807,0.500014,0.710423
666,lm,0,20,0,1.156382,1.051033,1.215396
3915,human,0,128,0,1.384796,0.553511,0.766500
3915,human,1,94,0,1.261398,0.629071,0.793509
3915,lm,0,44,0,1.236017,1.013284,1.252436
1451,human,0,54,0,1.251774,0.821661,1.028533
1451,lm,0,43,0,1.423338,0.637957,0.908028
8947,human,0,82,0,1.138031,0.912765,1.038755
8947,lm,0,11,0,1.068583,2.059371,2.200609
7362,human,0,26,0,1.273726,0.787376,1.002901
7362,lm,0,7,0,1.066762,3.181463,3.393864
2281,human,0,14,0,1.239338,0.935419,1.159300
2281,lm,0,24,0,1.368225,0.601020,0.822330
5410,human,0,13,0,1.050908,1.816269,1.908732
5410,lm,0,21,0,1.039049,1.925614,2.000807
3611,human,0,75,0,1.245366,0.829472,1.032997
3611,lm,0,6,0,1.099651,2.861019,3.146123
1609,human,0,78,0,1.239711,0.559966,0.694196
1609,lm,0,10,0,1.114202,1.556332,1.734068
745,human,0,54,0,1.076385,0.975172,1.049661
745,lm,0,34,0,1.164437,0.793451,0.923924
2507,human,0,128,0,1.265182,0.519269,0.656969
2507,human,1,128,0,1.165968,0.686391,0.800310
2507,human,2,128,0,1.194551,0.644884,0.770347
2507,human,3,30,0,1.238320,1.244908,1.541594
2507,lm,0,8,0,1.160791,1.330194,1.544077
1778,human,0,128,0,1.164341,0.967658,1.126684
1778,human,1,128,0,1.080661,1.414255,1.528330
1778,human,2,123,0,1.100348,1.080944,1.189415
1778,lm,0,47,0,1.294816,0.831169,1.076210
3296,human,0,58,0,1.123362,0.960674,1.079185
3296,lm,0,10,0,1.100752,1.001191,1.102063
7791,human,0,50,0,1.121043,1.175541,1.317831
7791,lm,0,11,0,1.106966,1.730456,1.915555
1139,human,0,64,0,1.333295,0.637931,0.850550
1139,lm,0,16,0,1.199297,1.240465,1.487687
4130,human,0,28,0,1.074539,1.460260,1.569107
4130,lm,0,44,0,1.377019,0.547383,0.753757
1055,human,0,55,0,1.168270,1.028712,1.201814
1055,lm,0,41,0,1.259731,0.580121,0.730796
4059,human,0,128,0,1.306095,0.641791,0.838240
4059,human,1,4,0,1.067932,4.146411,4.428084
4059,lm,0,82,0,1.477114,0.496232,0.732991
4809,human,0,60,0,1.146627,0.847353,0.971598
4809,lm,0,94,0,1.345864,0.609545,0.820364
5419,human,0,128,0,1.429867,0.338405,0.483874
5419,human,1,65,0,1.328388,0.506256,0.672504
5419,lm,0,41,0,1.373180,0.359321,0.493413
5195,human,0,13,0,1.182766,1.775737,2.100282
5195,lm,0,10,0,1.001191,3.752161,3.756630
5458,human,0,128,0,1.307746,0.567816,0.742559
5458,human,1,128,0,1.177387,0.763593,0.899044
5458,human,2,128,0,1.209997,0.800623,0.968752
5458,human,3,128,0,1.300934,0.578624,0.752751
5458,human,4,6,0,1.014275,1.681483,1.705487
5458,lm,0,9,0,0.977968,2.318881,2.267792
6756,human,0,67,0,1.266688,0.561983,0.711857
6756,lm,0,10,0,1.195304,1.579016,1.887404
4626,human,0,25,0,1.138160,1.470876,1.674092
4626,lm,0,25,0,1.124199,1.470876,1.653558
6565,human,0,91,0,1.152435,1.065357,1.227754
6565,lm,0,119,0,1.606547,0.364515,0.585611
5778,human,0,115,0,1.247392,0.460989,0.575034
5778,lm,0,10,0,1.052640,1.650310,1.737183
3193,human,0,52,0,1.151787,0.814035,0.937595
3193,lm,0,30,0,1.127959,1.222064,1.378438
6812,human,0,122,0,1.256425,0.731010,0.918460
6812,lm,0,122,0,1.652606,0.322475,0.532924
642,human,0,96,0,1.595299,0.419472,0.669184
642,lm,0,67,0,1.586842,0.484496,0.768818
4240,human,0,128,0,1.561073,0.276638,0.431852
4240,human,1,117,0,1.498521,0.354942,0.531888
4240,lm,0,84,0,1.384874,0.489414,0.677777
6158,human,0,14,0,1.062129,1.829760,1.943441
6158,lm,0,34,0,1.305207,0.881738,1.150850
5164,human,0,128,0,1.278916,0.612970,0.783936
5164,human,1,86,0,1.129320,0.754241,0.851780
5164,lm,0,10,0,1.128074,2.161629,2.438477
6179,human,0,128,0,1.233672,0.690184,0.851461
6179,human,1,43,0,1.031768,1.888821,1.948824
6179,lm,0,33,0,1.303019,0.582091,0.758475
1390,human,0,49,0,1.395891,0.632188,0.882465
1390,lm,0,128,0,2.019614,0.189438,0.382592
1390,lm,1,128,0,1.935262,0.164668,0.318675
1390,lm,2,128,0,2.035730,0.191260,0.389353
1390,lm,3,33,0,1.272927,0.490475,0.624339
881,human,0,128,0,1.446460,0.390922,0.565453
881,human,1,128,0,1.315010,0.345519,0.454361
881,human,2,51,0,1.337805,0.507978,0.679576
881,lm,0,30,0,1.212555,1.265154,1.534068
140,human,0,77,0,1.251956,0.778106,0.974155
140,lm,0,12,0,1.143750,1.298463,1.485117
8481,human,0,128,0,1.385093,0.402721,0.557805
8481,human,1,16,0,1.063415,2.182731,2.321149
8481,lm,0,128,0,1.652286,0.291700,0.481972
8481,lm,1,128,0,1.755866,0.285127,0.500645
8481,lm,2,128,0,1.778445,0.273770,0.486885
8481,lm,3,128,0,1.777634,0.279392,0.496656
8481,lm,4,77,0,1.631927,0.357050,0.582679
5444,human,0,109,0,1.214283,0.544338,0.660981
5444,lm,0,3,0,1.137353,0.119970,0.136448
3346,human,0,66,0,1.277331,0.600473,0.767002
3346,lm,0,78,0,1.287159,0.513719,0.661238
8995,human,0,128,0,1.303316,0.636236,0.829216
8995,human,1,128,0,1.430259,0.465989,0.666485
8995,human,2,4,0,0.979165,3.187009,3.120608
8995,lm,0,13,0,1.082105,1.260904,1.364431
7422,human,0,20,0,1.041782,1.459429,1.520406
7422,lm,0,21,0,1.144578,1.083026,1.239608
5710,human,0,47,0,1.220943,0.784879,0.958293
5710,lm,0,11,0,1.025309,3.425592,3.512290
6391,human,0,48,0,1.278260,0.696606,0.890443
6391,lm,0,54,0,1.103526,1.274466,1.406407
5039,human,0,32,0,1.129162,1.199224,1.354118
5039,lm,0,61,0,1.296029,0.718568,0.931285
4305,human,0,128,0,1.289807,0.537786,0.693640
4305,human,1,79,0,1.149339,0.942209,1.082918
4305,lm,0,83,0,1.485681,0.224183,0.333064
2841,human,0,70,0,1.112567,1.156836,1.287058
2841,lm,0,39,0,1.375339,0.735413,1.011442
1722,human,0,34,0,1.534825,0.512369,0.786397
1722,lm,0,10,0,1.030893,3.583976,3.694695
5016,human,0,37,0,1.147383,0.926209,1.062716
5016,lm,0,8,0,1.097484,2.132386,2.340259
3315,human,0,128,0,1.247997,0.554427,0.691923
3315,human,1,6,0,1.069536,2.590715,2.770862
3315,lm,0,10,0,1.086440,2.074754,2.254096
4306,human,0,112,0,1.245612,0.734577,0.914997
4306,lm,0,81,0,1.527543,0.365965,0.559027
6530,human,0,19,0,1.084440,1.387483,1.504642
6530,lm,0,12,0,1.055058,2.067997,2.181857
5543,human,0,93,0,1.565344,0.515557,0.807024
5543,lm,0,10,0,1.058195,2.551891,2.700397
362,human,0,33,0,1.563946,0.645300,1.009214
362,lm,0,6,0,1.129023,2.031182,2.293252
8714,human,0,67,0,1.344736,0.576941,0.775834
8714,lm,0,10,0,1.118477,1.827875,2.044437
6930,human,0,103,0,1.234636,0.712252,0.879371
6930,lm,0,8,0,1.010772,3.238940,3.273830
1869,human,0,71,0,1.716944,0.332201,0.570371
1869,lm,0,54,0,1.670190,0.407355,0.680361
4899,human,0,111,0,1.318121,0.401069,0.528657
4899,lm,0,10,0,1.028685,2.654873,2.731027
3062,human,0,98,0,1.329593,0.565676,0.752119
3062,lm,0,38,0,1.344749,0.909882,1.223563
7504,human,0,128,0,1.338462,0.562381,0.752726
7504,human,1,68,0,0.908314,1.819880,1.653022
7504,lm,0,36,0,1.455048,0.539755,0.785370
258,human,0,128,0,1.305257,0.581549,0.759070
258,human,1,6,0,1.039116,2.554094,2.653998
258,lm,0,128,0,1.482009,0.480974,0.712808
258,lm,1,114,0,1.278112,0.625752,0.799781
6859,human,0,54,0,1.349345,0.600310,0.810025
6859,lm,0,28,0,1.314060,0.851409,1.118802
8569,human,0,128,0,1.181464,0.853466,1.008340
8569,human,1,128,0,1.215341,0.665026,0.808233
8569,human,2,71,0,1.224308,0.687103,0.841226
8569,lm,0,11,0,1.050509,1.846270,1.939523
8487,human,0,12,0,1.120208,1.553241,1.739954
8487,lm,0,128,0,1.633894,0.352468,0.575895
8487,lm,1,128,0,1.472271,0.426775,0.628329
8487,lm,2,128,0,1.356565,0.533119,0.723211
8487,lm,3,128,0,1.447117,0.445022,0.643999
8487,lm,4,100,0,1.361181,0.645038,0.878014
7819,human,0,128,0,1.369992,0.762904,1.045172
7819,human,1,25,0,0.972747,2.273955,2.211984
7819,lm,0,124,0,1.363737,0.590079,0.804713
6790,human,0,54,0,1.266085,0.919287,1.163895
6790,lm,0,10,0,1.062735,1.709290,1.816522
8412,human,0,128,0,1.133989,0.934770,1.060018
8412,human,1,128,0,1.101347,1.109378,1.221810
8412,human,2,20,0,1.159055,1.272647,1.475069
8412,lm,0,22,0,1.083603,1.632212,1.768670
413,human,0,128,0,1.220214,0.570998,0.696739
413,human,1,118,0,1.340525,0.627897,0.841712
413,lm,0,42,0,1.544812,0.464965,0.718284
3380,human,0,35,0,1.626143,0.406801,0.661516
3380,lm,0,6,0,1.125138,1.367430,1.538548
3072,human,0,81,0,1.212683,0.635280,0.770394
3072,lm,0,60,0,1.398131,0.618896,0.865298
5061,human,0,111,0,1.302917,0.645025,0.840415
5061,lm,0,42,0,1.321871,0.691252,0.913746
6227,human,0,128,0,1.354947,0.426136,0.577392
6227,human,1,23,0,1.113709,2.004622,2.232566
6227,lm,0,128,0,1.528902,0.292092,0.446579
6227,lm,1,3,0,1.013703,3.808499,3.860688
4936,human,0,128,0,1.114957,0.926089,1.032549
4936,human,1,128,0,1.122019,1.271031,1.426121
4936,human,2,128,0,1.146835,0.698651,0.801238
4936,human,3,14,0,1.045875,1.600402,1.673821
4936,lm,0,64,0,1.580773,0.357341,0.564875
7619,human,0,128,0,1.279639,0.483218,0.618345
7619,human,1,35,0,1.279361,0.808959,1.034950
7619,lm,0,128,0,1.363768,0.487359,0.664644
2410,human,0,34,0,1.480133,0.452666,0.670006
2410,lm,0,34,0,1.462672,0.421860,0.617042
663,human,0,102,0,1.400053,0.436142,0.610623
663,lm,0,43,0,1.451294,0.517369,0.750855
5515,human,0,64,0,1.294244,0.708617,0.917123
5515,lm,0,10,0,1.037549,2.600752,2.698408
6683,human,0,62,0,1.537616,0.372121,0.572179
6683,lm,0,12,0,1.155640,0.875936,1.012267
5229,human,0,128,0,1.354430,0.549407,0.744133
5229,human,1,98,0,1.077764,1.000123,1.077896
5229,lm,0,68,0,1.568095,0.455491,0.714254
5325,human,0,93,0,1.401705,0.659379,0.924255
5325,lm,0,128,0,1.750032,0.346462,0.606321
5325,lm,1,77,0,1.405853,0.468853,0.659138
8067,human,0,110,0,1.127093,0.878485,0.990135
8067,lm,0,34,0,1.175596,1.073287,1.261753
8384,human,0,46,0,1.272059,0.986926,1.255429
8384,lm,0,11,0,1.099740,1.728289,1.900669
7416,human,0,37,0,1.252992,0.839621,1.052038
7416,lm,0,37,0,1.334509,0.606664,0.809598
2453,human,0,121,0,1.254411,0.742696,0.931646
2453,lm,0,128,0,1.152150,0.555245,0.639726
2453,lm,1,10,0,1.004511,1.718228,1.725979
965,human,0,128,0,1.275021,0.601686,0.767162
965,human,1,128,0,1.153061,0.903387,1.041660
965,human,2,128,0,1.271293,0.745088,0.947225
965,human,3,128,0,1.188646,0.907340,1.078505
965,human,4,128,0,1.109527,1.250476,1.387437
965,human,5,128,0,1.104107,0.803025,0.886625
965,human,6,18,0,1.049732,1.117348,1.172917
965,lm,0,24,0,1.125619,1.090704,1.227717
4652,human,0,26,0,1.060065,1.693557,1.795281
4652,lm,0,61,0,1.157153,0.974453,1.127591
61,human,0,92,0,1.341047,0.473155,0.634523
61,lm,0,13,0,1.104725,1.203285,1.329299
910,human,0,100,0,1.802100,0.264626,0.476882
910,lm,0,52,0,1.597575,0.353283,0.564397
8501,human,0,128,0,1.209854,0.935499,1.131818
8501,human,1,1,0,1.000000,6.785588,6.785588
8501,lm,0,34,0,1.220720,0.857912,1.047271
6659,human,0,116,0,1.384343,0.462440,0.640175
6659,lm,0,59,0,1.212524,0.640750,0.776924
371,human,0,108,0,1.105496,0.994605,1.099531
371,lm,0,87,0,1.513493,0.402788,0.609617
2254,human,0,21,0,1.070744,1.537482,1.646249
2254,lm,0,9,0,0.975665,3.062377,2.987854
8135,human,0,118,0,1.115076,0.860463,0.959482
8135,lm,0,12,0,1.100596,2.325227,2.559136
5843,human,0,28,0,1.079241,1.611247,1.738924
5843,lm,0,10,0,1.093558,2.578399,2.819628
673,human,0,97,0,1.207486,0.648418,0.782955
673,lm,0,30,0,1.179617,0.752129,0.887223
2435,human,0,46,0,1.158382,0.958095,1.109839
2435,lm,0,7,0,1.023407,2.278546,2.331879
401,human,0,69,0,1.141614,0.882005,1.006910
401,lm,0,10,0,1.011925,3.738252,3.782831
8646,human,0,128,0,1.212738,0.607455,0.736683
8646,human,1,128,0,1.155863,0.896960,1.036763
8646,human,2,128,0,1.183179,0.658813,0.779494
8646,human,3,46,0,1.047706,1.716947,1.798856
8646,lm,0,109,0,1.279383,0.635007,0.812418
2860,human,0,74,0,1.149802,0.832819,0.957577
2860,lm,0,23,0,1.072662,2.207207,2.367588
2918,human,0,128,0,1.238730,0.850628,1.053699
2918,human,1,95,0,1.157683,0.831863,0.963034
2918,lm,0,97,0,1.550727,0.394727,0.612113
1989,human,0,128,0,1.162617,0.621796,0.722910
1989,human,1,128,0,1.230867,0.616321,0.758609
1989,human,2,128,0,1.059453,0.972464,1.030281
1989,human,3,128,0,1.170792,0.600439,0.702990
1989,human,4,128,0,1.078440,0.694684,0.749175
1989,human,5,128,0,1.255638,0.531573,0.667463
1989,human,6,128,0,1.073363,1.014520,1.088948
1989,human,7,10,0,1.086375,1.641868,1.783684
1989,lm,0,128,0,2.100486,0.208791,0.438562
1989,lm,1,128,0,1.906551,0.253041,0.482436
1989,lm,2,106,0,1.775541,0.326137,0.579070
1375,human,0,128,0,1.295505,0.537482,0.696311
1375,human,1,128,0,1.164572,0.816708,0.951115
1375,human,2,119,0,1.145265,0.804940,0.921870
1375,lm,0,128,0,1.161573,0.925732,1.075305
1375,lm,1,126,0,0.983114,1.074748,1.056600
4244,human,0,58,0,1.288351,0.697310,0.898380
4244,lm,0,63,0,1.522515,0.426414,0.649222
5127,human,0,16,0,1.148146,1.099016,1.261830
5127,lm,0,22,0,1.100621,0.853354,0.939219
8337,human,0,108,0,1.161880,0.888591,1.032435
8337,lm,0,44,0,1.152909,1.115991,1.286637
3395,human,0,128,0,1.336134,0.383078,0.511844
3395,human,1,39,0,1.451199,0.666293,0.966924
3395,lm,0,128,0,1.661071,0.214430,0.356184
3395,lm,1,128,0,1.374063,0.318157,0.437168
3395,lm,2,128,0,1.394275,0.282826,0.394337
3395,lm,3,77,0,1.171830,0.566431,0.663761
5897,human,0,71,0,1.339668,0.613813,0.822305
5897,lm,0,44,0,1.258180,0.979262,1.232089
564,human,0,128,0,1.211049,0.689661,0.835214
564,human,1,42,0,1.132317,0.902884,1.022352
564,lm,0,27,0,1.203085,0.706157,0.849567
8044,human,0,105,0,1.047380,1.072890,1.123723
8044,lm,0,121,0,1.496878,0.229496,0.343528
2715,human,0,122,0,1.167805,1.010546,1.180120
2715,lm,0,128,0,1.459248,0.526493,0.768284
2715,lm,1,15,0,0.764838,5.856899,4.479581
4762,human,0,87,0,1.372047,0.574673,0.788478
4762,lm,0,128,0,1.956426,0.233552,0.456927
4762,lm,1,128,0,1.661055,0.284300,0.472238
4762,lm,2,128,0,1.865636,0.189589,0.353704
4762,lm,3,17,0,1.174661,1.339404,1.573346
5940,human,0,128,0,1.237156,0.782877,0.968542
5940,human,1,128,0,1.134596,1.119649,1.270349
5940,human,2,83,0,1.150244,1.143888,1.315750
5940,lm,0,59,0,1.152181,0.997063,1.148797
8467,human,0,128,0,1.180181,0.964278,1.138023
8467,human,1,49,0,1.064210,1.254450,1.334998
8467,lm,0,31,0,1.225079,0.685787,0.840143
782,human,0,63,0,1.311014,0.777333,1.019094
782,lm,0,48,0,1.320250,0.907159,1.197678
5553,human,0,101,0,1.682747,0.249634,0.420071
5553,lm,0,86,0,1.529154,0.335566,0.513131
4743,human,0,44,0,1.380296,0.593844,0.819680
4743,lm,0,40,0,1.337138,0.680651,0.910124
2571,human,0,106,0,1.115999,0.930345,1.038265
2571,lm,0,118,0,1.422180,0.664928,0.945647
6681,human,0,45,0,1.569112,0.464382,0.728667
6681,lm,0,45,0,1.649027,0.390751,0.644359
8032,human,0,65,0,1.393140,0.621141,0.865336
8032,lm,0,11,0,1.118695,1.932484,2.161861
8366,human,0,34,0,1.149858,0.699947,0.804839
8366,lm,0,13,0,1.187358,0.943087,1.119782
6023,human,0,128,0,1.266237,0.486162,0.615596
6023,human,1,128,0,1.140704,0.894486,1.020345
6023,human,2,108,0,1.126430,0.993418,1.119016
6023,lm,0,10,0,1.088792,2.452124,2.669853
1320,human,0,128,0,1.236678,0.769977,0.952213
1320,human,1,29,0,1.014592,1.773787,1.799671
1320,lm,0,128,0,1.422835,0.519020,0.738480
1320,lm,1,33,0,1.146718,1.321533,1.515426
2996,human,0,88,0,1.659095,0.334701,0.555301
2996,lm,0,22,0,1.266044,0.632697,0.801023
8093,human,0,128,0,1.392413,0.555406,0.773355
8093,human,1,24,0,1.064771,1.991742,2.120750
8093,lm,0,102,0,1.607197,0.393147,0.631864
6316,human,0,15,0,1.120758,1.037805,1.163128
6316,lm,0,10,0,1.040820,3.595927,3.742715
4168,human,0,60,0,1.369805,0.602192,0.824885
4168,lm,0,26,0,1.381005,0.680510,0.939788
5665,human,0,61,0,1.087307,1.182873,1.286145
5665,lm,0,10,0,1.024859,2.578751,2.642855
7178,human,0,106,0,1.149636,0.969598,1.114685
7178,lm,0,62,0,1.211453,1.031689,1.249843
7359,human,0,67,0,1.231825,0.717144,0.883395
7359,lm,0,93,0,1.891644,0.121950,0.230686
8435,human,0,128,0,1.223945,0.677116,0.828753
8435,human,1,36,0,1.114328,1.238924,1.380568
8435,lm,0,44,0,1.113885,1.133924,1.263061
597,human,0,128,0,1.204307,0.704228,0.848107
597,human,1,128,0,1.173132,0.875504,1.027082
597,human,2,97,0,1.183138,1.191926,1.410213
597,lm,0,31,0,1.149390,1.278239,1.469194
2117,human,0,128,0,1.297480,0.575521,0.746726
2117,human,1,128,0,1.201572,0.913286,1.097379
2117,human,2,17,0,1.164040,0.983114,1.144384
2117,lm,0,19,0,1.279529,0.711365,0.910213
7272,human,0,70,0,1.391705,0.590067,0.821199
7272,lm,0,27,0,1.494977,0.548006,0.819257
8137,human,0,128,0,1.239490,0.743012,0.920957
8137,human,1,59,0,1.075950,1.582741,1.702950
8137,lm,0,50,0,1.455532,0.556326,0.809751
6106,human,0,99,0,1.156041,0.870247,1.006041
6106,lm,0,128,0,1.452273,0.399890,0.580750
6106,lm,1,101,0,1.267519,0.597784,0.757703
8457,human,0,111,0,1.408755,0.418465,0.589515
8457,lm,0,128,0,2.387913,0.142726,0.340817
8457,lm,1,128,0,1.609710,0.285240,0.459154
8457,lm,2,25,0,1.381962,0.773418,1.068834
7503,human,0,128,0,1.182584,0.686384,0.811707
7503,human,1,120,0,1.195880,0.760127,0.909020
7503,lm,0,128,0,1.636966,0.344167,0.563390
7503,lm,1,2,0,1.072623,3.954948,4.242169
573,human,0,31,0,1.198334,0.879214,1.053592
573,lm,0,35,0,1.190129,0.977679,1.163565
8118,human,0,128,0,1.237770,0.759420,0.939987
8118,human,1,8,0,1.057644,2.816196,2.978533
8118,lm,0,29,0,1.138639,1.451654,1.652909
8341,human,0,37,0,1.460654,0.545637,0.796986
8341,lm,0,10,0,1.045704,3.199945,3.346195
4363,human,0,128,0,1.384161,0.598266,0.828097
4363,human,1,52,0,1.150712,1.532164,1.763079
4363,lm,0,16,0,1.207985,1.624198,1.962007
8287,human,0,43,0,1.082228,1.220145,1.320476
8287,lm,0,19,0,1.122980,1.116621,1.253943
2404,human,0,108,0,1.379440,0.414459,0.571722
2404,lm,0,56,0,1.407297,0.483960,0.681075
1080,human,0,128,0,1.190739,0.985753,1.173775
1080,human,1,48,0,1.140605,0.910576,1.038607
1080,lm,0,78,0,1.604818,0.374991,0.601792
6313,human,0,21,0,1.083386,1.717768,1.861006
6313,lm,0,105,0,1.369349,0.470672,0.644514
8325,human,0,128,0,1.206816,0.753460,0.909288
8325,human,1,73,0,1.100985,1.159142,1.276198
8325,lm,0,11,0,1.211050,1.924417,2.330564
1041,human,0,128,0,1.248992,0.478980,0.598242
1041,human,1,68,0,1.116009,0.931688,1.039772
1041,lm,0,75,0,2.120437,0.188561,0.399831
5695,human,0,26,0,1.353863,0.487370,0.659832
5695,lm,0,3,0,0.971488,2.915221,2.832103
4237,human,0,128,0,1.310489,0.596980,0.782336
4237,human,1,60,0,1.156217,1.099646,1.271430
4237,lm,0,55,0,1.303747,0.732051,0.954410
4545,human,0,43,0,1.144594,0.990566,1.133796
4545,lm,0,44,0,1.211415,0.954323,1.156081
6334,human,0,26,0,1.148120,1.443267,1.657045
6334,lm,0,26,0,1.192642,1.153987,1.376294
7036,human,0,128,0,1.406267,0.427047,0.600543
7036,human,1,31,0,1.360584,0.746054,1.015070
7036,lm,0,12,0,1.193756,0.702625,0.838762
6513,human,0,128,0,1.412011,0.587042,0.828909
6513,human,1,89,0,1.251528,0.689977,0.863526
6513,lm,0,128,0,2.198520,0.106387,0.233894
6513,lm,1,58,0,1.886527,0.131976,0.248976
6110,human,0,53,0,1.285256,0.786620,1.011008
6110,lm,0,23,0,1.212787,0.868574,1.053395
8392,human,0,128,0,1.304108,0.443378,0.578213
8392,human,1,4,0,0.977866,2.539143,2.482941
8392,lm,0,128,0,1.570122,0.254676,0.399873
8392,lm,1,4,0,0.978853,2.539143,2.485447
4251,human,0,101,0,1.241557,0.768913,0.954650
4251,lm,0,69,0,1.587929,0.356243,0.565689
2471,human,0,24,0,1.081354,1.093676,1.182651
2471,lm,0,45,0,1.182036,0.977387,1.155307
5571,human,0,22,0,1.085174,1.217430,1.321123
5571,lm,0,10,0,1.101478,1.117577,1.230986
181,human,0,128,0,1.274875,0.678659,0.865206
181,human,1,103,0,1.149154,0.895705,1.029303
181,lm,0,67,0,1.291916,0.558290,0.721264
3090,human,0,128,0,1.221887,0.656539,0.802216
3090,human,1,120,0,1.182428,0.719318,0.850542
3090,lm,0,128,0,1.763909,0.245114,0.432359
3090,lm,1,128,0,1.369611,0.344745,0.472167
3090,lm,2,128,0,1.586478,0.238996,0.379161
3090,lm,3,21,0,1.086133,1.292394,1.403711
2518,human,0,16,0,1.095611,1.402776,1.536896
2518,lm,0,14,0,1.140590,1.545063,1.762283
4074,human,0,128,0,1.312612,0.656551,0.861797
4074,human,1,128,0,1.352184,0.449936,0.608395
4074,human,2,18,0,1.137425,1.061294,1.207142
4074,lm,0,35,0,1.245183,0.790875,0.984785
2042,human,0,47,0,1.213506,0.614701,0.745943
2042,lm,0,5,0,1.014713,1.999151,2.028565
4538,human,0,19,0,1.191926,1.186099,1.413742
4538,lm,0,6,0,1.078455,2.284437,2.463662
4794,human,0,33,0,1.090978,1.338626,1.460411
4794,lm,0,53,0,1.314226,0.782073,1.027821
8256,human,0,128,0,1.196488,0.710929,0.850618
8256,human,1,128,0,1.001806,1.275083,1.277386
8256,human,2,128,0,0.944401,1.232223,1.163712
8256,human,3,128,0,0.978302,1.434428,1.403304
8256,human,4,63,0,1.074407,1.143005,1.228053
8256,lm,0,7,0,1.046412,1.731748,1.812121
1910,human,0,128,0,1.360718,0.561770,0.764411
1910,human,1,128,0,1.253833,0.552752,0.693059
1910,human,2,128,0,1.061413,1.303156,1.383186
1910,human,3,128,0,1.110609,1.125355,1.249830
1910,human,4,128,0,1.108795,1.096591,1.215895
1910,human,5,128,0,1.144959,0.876671,1.003753
1910,human,6,45,0,1.157311,1.326814,1.535536
1910,lm,0,68,0,1.455423,0.431712,0.628324
88,human,0,66,0,1.119183,0.950587,1.063881
88,lm,0,128,0,1.509426,0.440178,0.664416
88,lm,1,18,0,1.192049,1.810746,2.158498
6682,human,0,56,0,1.232074,0.787635,0.970425
6682,lm,0,10,0,1.198598,1.606547,1.925604
6808,human,0,68,0,1.525735,0.469826,0.716830
6808,lm,0,11,0,1.211394,1.527118,1.849942
7738,human,0,42,0,1.267199,0.704487,0.892725
7738,lm,0,18,0,1.172533,1.098521,1.288052
8991,human,0,128,0,1.440481,0.471949,0.679833
8991,human,1,37,0,1.152368,1.120878,1.291664
8991,lm,0,128,0,1.942815,0.169614,0.329529
8991,lm,1,128,0,1.390175,0.281090,0.390765
8991,lm,2,88,0,1.289298,0.420728,0.542443
2937,human,0,18,0,1.289465,0.539620,0.695821
2937,lm,0,6,0,1.128973,0.639469,0.721943
4807,human,0,43,0,1.171498,0.853387,0.999741
4807,lm,0,52,0,1.229377,0.749001,0.920805
3724,human,0,22,0,1.061836,0.946570,1.005102
3724,lm,0,91,0,1.407950,0.459488,0.646936
253,human,0,111,0,1.441715,0.484922,0.699120
253,lm,0,35,0,1.468598,0.668495,0.981750
4203,human,0,128,0,1.306765,0.649795,0.849129
4203,human,1,66,0,1.099069,1.205883,1.325349
4203,lm,0,128,0,1.267089,0.781939,0.990786
4203,lm,1,94,0,1.190315,0.985380,1.172913
4365,human,0,82,0,1.210435,0.624972,0.756488
4365,lm,0,24,0,1.131438,1.219511,1.379802
6229,human,0,128,0,1.195563,0.609563,0.728771
6229,human,1,128,0,0.982897,1.033573,1.015897
6229,human,2,38,0,0.986829,2.233880,2.204458
6229,lm,0,6,0,1.021085,1.728914,1.765368
7712,human,0,128,0,1.205319,0.759755,0.915747
7712,human,1,128,0,1.142564,0.656054,0.749583
7712,human,2,128,0,1.181598,0.841199,0.993959
7712,human,3,9,0,1.079637,3.925340,4.237942
7712,lm,0,128,0,1.540249,0.309151,0.476170
7712,lm,1,34,0,1.198736,0.627375,0.752057
4443,human,0,54,0,1.320146,0.699946,0.924032
4443,lm,0,35,0,1.214951,1.011959,1.229481
7947,human,0,102,0,1.417033,0.472268,0.669219
7947,lm,0,28,0,1.310128,0.639109,0.837314
1171,human,0,128,0,1.427270,0.434105,0.619585
1171,human,1,19,0,1.033620,1.734341,1.792650
1171,lm,0,82,0,1.418849,0.480572,0.681860
5175,human,0,85,0,1.297256,0.537447,0.697206
5175,lm,0,49,0,1.356542,0.429388,0.582482
7727,human,0,128,0,1.218181,0.592566,0.721853
7727,human,1,128,0,1.113865,1.113290,1.240055
7727,human,2,5,0,1.019782,2.095022,2.136466
7727,lm,0,128,0,2.416226,0.105219,0.254232
7727,lm,1,60,0,1.568234,0.185785,0.291354
1797,human,0,45,0,1.208139,0.909323,1.098588
1797,lm,0,47,0,1.392881,0.438456,0.610717
7021,human,0,128,0,1.214054,0.634613,0.770454
7021,human,1,115,0,1.202850,0.745789,0.897073
7021,lm,0,128,0,1.388916,0.436592,0.606389
7021,lm,1,128,0,1.347358,0.527695,0.710993
7021,lm,2,60,0,1.273249,0.721060,0.918088
2321,human,0,23,0,1.228921,0.861598,1.058836
2321,lm,0,15,0,1.180518,1.097005,1.295034
8850,human,0,128,0,1.270241,0.540062,0.686009
8850,human,1,43,0,0.937500,2.395171,2.245473
8850,lm,0,10,0,1.059714,1.773476,1.879377
111,human,0,15,0,1.085805,1.160212,1.259763
111,lm,0,69,0,1.295473,0.619575,0.802643
3248,human,0,104,0,1.252650,0.833286,1.043815
3248,lm,0,31,0,1.260916,0.796090,1.003803
6260,human,0,60,0,1.341266,0.676605,0.907507
6260,lm,0,10,0,1.044454,2.146428,2.241846
2992,human,0,128,0,1.291969,0.482346,0.623176
2992,human,1,88,0,1.367492,0.226197,0.309323
2992,lm,0,128,0,1.655583,0.192274,0.318325
2992,lm,1,96,0,1.338474,0.160480,0.214799
1237,human,0,7,0,1.158746,1.053836,1.221128
1237,lm,0,5,0,1.268259,0.608204,0.771361
5667,human,0,13,0,1.224761,1.277830,1.565036
5667,lm,0,13,0,1.245122,1.228320,1.529407
1653,human,0,128,0,1.143050,0.866554,0.990515
1653,human,1,128,0,1.228594,0.576978,0.708871
1653,human,2,41,0,1.032670,1.145625,1.183053
1653,lm,0,42,0,1.284224,0.452134,0.580641
4549,human,0,60,0,1.352828,0.512420,0.693216
4549,lm,0,95,0,1.513038,0.279107,0.422300
1971,human,0,128,0,1.217639,0.840667,1.023629
1971,human,1,41,0,1.252967,0.988561,1.238634
1971,lm,0,92,0,1.595696,0.424924,0.678050
8610,human,0,10,0,1.113846,1.172765,1.306280
8610,lm,0,7,0,1.089605,1.741286,1.897313
4432,human,0,128,0,1.294050,0.541777,0.701086
4432,human,1,25,0,1.121914,1.726016,1.936441
4432,lm,0,128,0,1.585914,0.325130,0.515628
4432,lm,1,128,0,1.573396,0.325449,0.512061
4432,lm,2,128,0,1.544011,0.334408,0.516330
4432,lm,3,88,0,1.442735,0.429353,0.619443
1855,human,0,128,0,1.811648,0.221255,0.400836
1855,human,1,10,0,1.045131,2.015172,2.106119
1855,lm,0,59,0,1.427745,0.368534,0.526172
2054,human,0,128,0,1.332014,0.493646,0.657543
2054,human,1,51,0,1.130472,1.333688,1.507697
2054,lm,0,80,0,1.283188,0.509503,0.653788
5610,human,0,102,0,1.113847,1.005019,1.119437
5610,lm,0,128,0,1.328162,0.620322,0.823888
5610,lm,1,42,0,1.102559,1.436150,1.583440
7482,human,0,91,0,1.263992,0.466051,0.589085
7482,lm,0,18,0,1.124414,1.696305,1.907348
6770,human,0,128,0,1.220362,0.716918,0.874900
6770,human,1,128,0,1.273715,0.512290,0.652511
6770,human,2,128,0,1.203702,0.678256,0.816418
6770,human,3,128,0,1.190341,0.634241,0.754963
6770,human,4,128,0,1.379977,0.559425,0.771994
6770,human,5,79,0,1.535850,0.390447,0.599668
6770,lm,0,128,0,1.836026,0.349938,0.642494
6770,lm,1,128,0,1.452646,0.454126,0.659684
6770,lm,2,71,0,1.331983,0.743235,0.989977
1642,human,0,67,0,1.276338,0.604065,0.770992
1642,lm,0,11,0,1.074839,1.395904,1.500371
6666,human,0,128,0,1.272265,0.674203,0.857765
6666,human,1,128,0,1.143212,1.007097,1.151326
6666,human,2,4,0,1.072777,3.705515,3.975189
6666,lm,0,43,0,1.278878,0.894670,1.144174
5602,human,0,98,0,1.452446,0.375766,0.545780
5602,lm,0,71,0,1.793133,0.236878,0.424754
4569,human,0,85,0,1.255892,0.788316,0.990040
4569,lm,0,9,0,1.057883,1.664880,1.761249
2666,human,0,47,0,1.183515,0.791381,0.936611
2666,lm,0,11,0,1.044248,1.902529,1.986711
8619,human,0,70,0,1.409686,0.492687,0.694533
8619,lm,0,20,0,1.371387,0.626658,0.859390
3096,human,0,128,0,1.236921,0.681701,0.843210
3096,human,1,60,0,1.243493,1.075604,1.337506
3096,lm,0,55,0,1.380289,0.556033,0.767487
6488,human,0,58,0,1.235502,0.453091,0.559794
6488,lm,0,128,0,1.531734,0.297086,0.455056
6488,lm,1,128,0,1.292298,0.467716,0.604428
6488,lm,2,128,0,1.217510,0.569620,0.693518
6488,lm,3,128,0,1.175592,0.576382,0.677590
6488,lm,4,128,0,1.165901,0.567287,0.661401
6488,lm,5,74,0,1.060276,0.801345,0.849647
8974,human,0,128,0,1.260971,0.607097,0.765532
8974,human,1,106,0,1.203539,0.535058,0.643963
8974,lm,0,65,0,1.517650,0.424760,0.644636
7006,human,0,24,0,1.070205,1.550005,1.658824
7006,lm,0,10,0,1.073325,2.262429,2.428322
720,human,0,40,0,1.137892,1.235011,1.405309
720,lm,0,46,0,1.281649,0.949952,1.217505
8913,human,0,48,0,1.440742,0.664900,0.957949
8913,lm,0,10,0,1.056119,3.583976,3.785105
4489,human,0,128,0,1.316196,0.508205,0.668898
4489,human,1,128,0,1.195526,0.679715,0.812617
4489,human,2,128,0,1.137878,1.098731,1.250222
4489,human,3,26,0,0.938919,3.375178,3.169017
4489,lm,0,9,0,1.014710,2.599620,2.637860
6044,human,0,128,0,1.101764,0.852724,0.939501
6044,human,1,128,0,1.050267,0.737627,0.774705
6044,human,2,53,0,1.011153,1.646383,1.664745
6044,lm,0,32,0,1.152873,1.379605,1.590510
1070,human,0,67,0,1.147875,0.884032,1.014758
1070,lm,0,94,0,1.356930,0.476182,0.646145
2622,human,0,128,0,1.161363,0.689855,0.801172
2622,human,1,128,0,1.084684,1.276360,1.384447
2622,human,2,128,0,1.181874,0.544287,0.643278
2622,human,3,83,0,1.169069,0.964631,1.127721
2622,lm,0,88,0,1.461680,0.408450,0.597023
5476,human,0,58,0,1.169497,1.013431,1.185205
5476,lm,0,10,0,1.112805,1.735497,1.931269
7116,human,0,128,0,1.426073,0.437479,0.623877
7116,human,1,128,0,1.568797,0.249256,0.391033
7116,human,2,46,0,1.149614,0.774603,0.890494
7116,lm,0,128,0,1.759752,0.253274,0.445699
7116,lm,1,42,0,1.346725,0.553389,0.745263
7773,human,0,128,0,1.323474,0.768738,1.017405
7773,human,1,15,0,1.093536,0.963093,1.053176
7773,lm,0,37,0,1.378718,0.717070,0.988638
6237,human,0,44,0,1.158497,0.981815,1.137430
6237,lm,0,44,0,1.432012,0.649531,0.930136
6282,human,0,33,0,1.198868,0.798241,0.956985
6282,lm,0,64,0,1.323487,0.644067,0.852414
7189,human,0,20,0,1.182097,0.823473,0.973424
7189,lm,0,57,0,1.219841,1.057219,1.289639
1109,human,0,120,0,1.346507,0.489411,0.658995
1109,lm,0,58,0,1.473048,0.489792,0.721487
2070,human,0,94,0,1.202524,0.534078,0.642241
2070,lm,0,128,0,1.676993,0.272359,0.456744
2070,lm,1,128,0,2.620136,0.116664,0.305675
2070,lm,2,128,0,2.105521,0.159547,0.335929
2070,lm,3,35,0,1.463898,0.631017,0.923744
5686,human,0,128,0,1.396263,0.333962,0.466298
5686,human,1,4,0,1.110513,2.519308,2.797725
5686,lm,0,87,0,1.605903,0.303307,0.487082
2684,human,0,67,0,1.219787,0.646655,0.788781
2684,lm,0,52,0,1.512295,0.438627,0.663333
6068,human,0,128,0,1.118081,1.040928,1.163841
6068,human,1,107,0,1.126807,1.053250,1.186809
6068,lm,0,11,0,1.050081,1.705712,1.791136
8346,human,0,105,0,1.264942,0.695329,0.879551
8346,lm,0,10,0,1.074364,2.092740,2.248364
6009,human,0,35,0,1.191459,0.642573,0.765600
6009,lm,0,128,0,1.617275,0.289625,0.468403
6009,lm,1,25,0,1.066566,1.794397,1.913843
2468,human,0,36,0,1.233985,0.567075,0.699762
2468,lm,0,13,0,1.210346,1.067274,1.291770
5169,human,0,33,0,1.103638,1.244177,1.373121
5169,lm,0,10,0,1.025201,3.553708,3.643263
7279,human,0,128,0,1.334913,0.398774,0.532329
7279,human,1,19,0,1.157627,1.364588,1.579684
7279,lm,0,28,0,1.290912,0.421442,0.544045
6989,human,0,101,0,1.321138,0.631639,0.834483
6989,lm,0,128,0,1.565854,0.354390,0.554923
6989,lm,1,3,0,1.046771,2.760682,2.889801
8959,human,0,76,0,1.077850,1.362191,1.468237
8959,lm,0,25,0,1.101371,1.115089,1.228127
5537,human,0,128,0,1.449174,0.468019,0.678241
5537,human,1,128,0,1.147746,1.254353,1.439678
5537,human,2,128,0,1.197851,1.005487,1.204423
5537,human,3,128,0,1.134236,1.222583,1.386698
5537,human,4,18,0,0.973713,2.870391,2.794937
5537,lm,0,128,0,1.921970,0.213860,0.411032
5537,lm,1,5,0,1.149603,1.010735,1.161944
5486,human,0,69,0,1.403956,0.555483,0.779873
5486,lm,0,15,0,1.264293,0.786500,0.994367
5313,human,0,61,0,1.296779,0.867945,1.125533
5313,lm,0,13,0,1.211781,0.665852,0.806866
4392,human,0,81,0,1.363501,0.633830,0.864228
4392,lm,0,31,0,1.168267,1.240171,1.448851
7161,human,0,32,0,1.151820,1.042773,1.201087
7161,lm,0,24,0,1.167503,1.146993,1.339117
73,human,0,87,0,1.271016,0.550026,0.699092
73,lm,0,18,0,1.294339,0.640639,0.829204
7740,human,0,75,0,1.204444,0.868446,1.045994
7740,lm,0,128,0,1.757667,0.219969,0.386633
7740,lm,1,128,0,1.743633,0.169565,0.295660
7740,lm,2,35,0,1.342672,0.589957,0.792118
7138,human,0,72,0,1.456620,0.460418,0.670654
7138,lm,0,35,0,1.307318,0.716594,0.936816
1410,human,0,85,0,1.339332,0.529900,0.709712
1410,lm,0,76,0,1.559680,0.404058,0.630201
5465,human,0,116,0,1.233385,0.774552,0.955321
5465,lm,0,128,0,1.444637,0.485771,0.701762
5465,lm,1,128,0,1.320636,0.573215,0.757009
5465,lm,2,128,0,1.318287,0.583704,0.769489
5465,lm,3,2,0,1.115670,3.184951,3.553354
1768,human,0,96,0,1.449729,0.383623,0.556150
1768,lm,0,123,0,2.161795,0.140553,0.303846
1191,human,0,128,0,1.197974,0.736137,0.881874
1191,human,1,128,0,1.177576,0.934064,1.099931
1191,human,2,16,0,1.030764,2.686105,2.768740
1191,lm,0,75,0,1.447800,0.528205,0.764736
7552,human,0,35,0,1.221291,0.701147,0.856304
7552,lm,0,6,0,1.018783,1.337767,1.362895
4479,human,0,128,0,1.181118,0.787462,0.930086
4479,human,1,128,0,1.230668,0.656080,0.807417
4479,human,2,67,0,1.093866,1.225962,1.341038
4479,lm,0,128,0,1.668655,0.261050,0.435603
4479,lm,1,14,0,1.090530,1.599705,1.744527
8773,human,0,55,0,1.301983,0.743036,0.967421
8773,lm,0,10,0,1.070143,1.856324,1.986532
2818,human,0,43,0,1.272284,0.765312,0.973694
2818,lm,0,10,0,1.074930,2.398576,2.578302
2809,human,0,94,0,1.314160,0.672525,0.883805
2809,lm,0,10,0,1.038346,2.310370,2.398963
4122,human,0,128,0,1.347209,0.474818,0.639679
4122,human,1,8,0,1.126550,1.022825,1.152264
4122,lm,0,47,0,1.533650,0.419453,0.643294
6902,human,0,128,0,1.270602,0.684210,0.869359
6902,human,1,128,0,1.245091,0.473606,0.589683
6902,lm,0,39,0,1.427313,0.727718,1.038681
7646,human,0,29,0,1.212381,0.929281,1.126642
7646,lm,0,84,0,1.502905,0.422014,0.634248
8949,human,0,128,0,1.472780,0.372660,0.548846
8949,human,1,15,0,1.338959,1.052392,1.409110
8949,lm,0,43,0,1.306104,0.567971,0.741829
6515,human,0,44,0,1.650676,0.447257,0.738276
6515,lm,0,44,0,1.854552,0.371327,0.688644
5258,human,0,29,0,1.264617,1.050826,1.328892
5258,lm,0,27,0,1.287048,1.052180,1.354206
8098,human,0,13,0,1.109261,1.762452,1.955019
8098,lm,0,50,0,1.209697,1.097851,1.328067
6509,human,0,63,0,1.206566,0.768981,0.927827
6509,lm,0,45,0,1.407117,0.627714,0.883266
8560,human,0,60,0,1.318176,0.548838,0.723465
8560,lm,0,58,0,1.593893,0.474684,0.756596
5404,human,0,128,0,1.726333,0.246522,0.425579
5404,human,1,26,0,1.237615,1.244333,1.540006
5404,lm,0,128,0,2.022870,0.189438,0.383209
5404,lm,1,128,0,1.797497,0.226435,0.407016
5404,lm,2,128,0,1.895586,0.193167,0.366165
5404,lm,3,49,0,1.467823,0.559272,0.820912
7477,human,0,92,0,1.377550,0.437528,0.602716
7477,lm,0,81,0,1.892163,0.309469,0.585566
6140,human,0,128,0,1.462567,0.362327,0.529928
6140,human,1,61,0,1.120495,1.168581,1.309390
6140,lm,0,35,0,1.389368,0.789777,1.097291
4440,human,0,128,0,1.259654,0.438841,0.552787
4440,human,1,128,0,1.324440,0.423516,0.560922
4440,human,2,48,0,1.137491,0.707958,0.805296
4440,lm,0,120,0,1.539618,0.306567,0.471996
2334,human,0,128,0,1.245310,0.525570,0.654498
2334,human,1,128,0,1.168752,0.584800,0.683486
2334,human,2,107,0,1.118876,0.784672,0.877951
2334,lm,0,61,0,1.295554,0.557147,0.721814
8084,human,0,49,0,1.070613,1.163909,1.246096
8084,lm,0,11,0,1.115178,1.554739,1.733811
2359,human,0,67,0,1.151393,0.794249,0.914492
2359,lm,0,17,0,1.126683,1.221568,1.376320
1977,human,0,13,0,1.102395,1.966879,2.168277
1977,lm,0,13,0,1.085257,1.989066,2.158646
2371,human,0,73,0,1.312134,0.801477,1.051645
2371,lm,0,47,0,1.488583,0.578496,0.861139
3123,human,0,128,0,1.330990,0.634921,0.845073
3123,human,1,128,0,1.168581,0.967797,1.130948
3123,human,2,128,0,1.102556,1.078374,1.188968
3123,human,3,64,0,1.146202,1.068429,1.224635
3123,lm,0,128,0,1.463633,0.528635,0.773727
3123,lm,1,128,0,1.443170,0.576051,0.831340
3123,lm,2,128,0,1.557726,0.513807,0.800371
3123,lm,3,128,0,1.403181,0.593439,0.832703
3123,lm,4,17,0,1.032802,2.276187,2.350852
3053,human,0,128,0,1.295335,0.491666,0.636872
3053,human,1,7,0,1.073860,2.294824,2.464321
3053,lm,0,90,0,1.411692,0.516641,0.729338
2489,human,0,79,0,1.406947,0.544472,0.766044
2489,lm,0,46,0,1.595744,0.533825,0.851848
7506,human,0,69,0,1.176402,0.771199,0.907240
7506,lm,0,35,0,1.276137,0.785657,1.002606
54,human,0,128,0,1.095430,1.140695,1.249551
54,human,1,67,0,1.159437,1.152839,1.336644
54,lm,0,128,0,1.630728,0.370416,0.604048
54,lm,1,128,0,1.475433,0.348562,0.514280
54,lm,2,128,0,1.561366,0.297639,0.464724
54,lm,3,45,0,1.349732,0.690464,0.931942
7371,human,0,128,0,1.237925,0.627976,0.777387
7371,human,1,13,0,0.959403,2.230793,2.140228
7371,lm,0,49,0,1.352737,0.621977,0.841371
3986,human,0,128,0,1.279465,0.502541,0.642984
3986,human,1,128,0,1.126788,0.740766,0.834686
3986,human,2,39,0,1.169294,1.668678,1.951175
3986,lm,0,128,0,1.978051,0.079895,0.158037
3986,lm,1,23,0,1.178334,0.436818,0.514717
6266,human,0,34,0,1.087282,1.396827,1.518746
6266,lm,0,28,0,1.106096,1.179983,1.305174
5599,human,0,128,0,1.420055,0.569493,0.808712
5599,lm,0,87,0,1.424533,0.493806,0.703443
4012,human,0,54,0,1.269152,0.625573,0.793948
4012,lm,0,64,0,1.587291,0.357448,0.567374
5112,human,0,57,0,1.257171,0.845084,1.062414
5112,lm,0,43,0,1.104566,1.211030,1.337663
3738,human,0,53,0,1.800763,0.314547,0.566425
3738,lm,0,53,0,1.790220,0.314547,0.563109
7452,human,0,58,0,1.202091,0.885914,1.064950
7452,lm,0,46,0,1.347144,0.830763,1.119157
7747,human,0,128,0,1.201897,0.827727,0.994842
7747,human,1,128,0,1.093098,0.767944,0.839438
7747,human,2,105,0,1.211606,0.824091,0.998474
7747,lm,0,17,0,1.090057,2.163799,2.358664
5387,human,0,128,0,1.131004,0.933460,1.055747
5387,human,1,18,0,0.952254,2.143381,2.041044
5387,lm,0,46,0,1.196218,1.096421,1.311558
2149,human,0,128,0,1.391962,0.509577,0.709312
2149,human,1,128,0,1.269393,0.747277,0.948589
2149,human,2,128,0,1.349976,0.524426,0.707962
2149,human,3,128,0,1.114560,1.091344,1.216368
2149,human,4,7,0,1.104610,1.706661,1.885195
2149,lm,0,128,0,2.000650,0.187922,0.375966
2149,lm,1,34,0,1.610213,0.550688,0.886725
575,human,0,35,0,1.164898,1.163425,1.355271
575,lm,0,17,0,1.111937,1.442646,1.604131
3629,human,0,32,0,1.178260,0.901892,1.062663
3629,lm,0,9,0,1.024732,2.109258,2.161424
4581,human,0,103,0,1.414599,0.443103,0.626813
4581,lm,0,17,0,1.017412,1.590330,1.618020
5888,human,0,93,0,1.263772,0.601595,0.760280
5888,lm,0,98,0,1.467577,0.328837,0.482594
6172,human,0,128,0,1.305798,0.582161,0.760185
6172,human,1,73,0,1.153602,0.828599,0.955874
6172,lm,0,106,0,1.389627,0.555958,0.772574
2848,human,0,128,0,1.297719,0.565247,0.733532
2848,human,1,93,0,1.244314,0.780691,0.971425
2848,lm,0,128,0,1.680884,0.282540,0.474918
2848,lm,1,128,0,1.477159,0.533171,0.787578
2848,lm,2,33,0,1.141073,1.642367,1.874060
7364,human,0,31,0,1.240355,0.580944,0.720577
7364,lm,0,10,0,1.073358,1.716711,1.842646
2436,human,0,42,0,1.277505,0.802310,1.024955
2436,lm,0,12,0,1.109239,2.134700,2.367892
6390,human,0,67,0,1.206707,0.854237,1.030813
6390,lm,0,12,0,1.060130,2.192892,2.324751
5449,human,0,94,0,1.475023,0.498721,0.735625
5449,lm,0,44,0,1.533598,0.513477,0.787467
2836,human,0,54,0,1.352450,0.717266,0.970067
2836,lm,0,49,0,1.363702,0.626607,0.854506
5833,human,0,128,0,1.273702,0.418026,0.532440
5833,human,1,49,0,1.197787,0.617266,0.739353
5833,lm,0,13,0,1.071002,1.923749,2.060339
1955,human,0,128,0,1.280540,0.606764,0.776986
1955,human,1,56,0,1.075123,1.502706,1.615594
1955,lm,0,50,0,1.361774,0.763023,1.039065
4768,human,0,128,0,1.092949,0.843890,0.922328
4768,human,1,128,0,1.093139,0.748730,0.818467
4768,human,2,128,0,0.851700,1.354682,1.153782
4768,human,3,128,0,1.116281,0.798496,0.891346
4768,human,4,5,0,1.023869,2.767962,2.834032
4768,lm,0,70,0,1.487745,0.387215,0.576077
2866,human,0,26,0,1.206920,1.232599,1.487649
2866,lm,0,44,0,1.293615,0.721261,0.933034
7229,human,0,70,0,1.023029,1.286111,1.315729
7229,lm,0,10,0,1.096644,1.332322,1.461082
618,human,0,128,0,1.023888,1.848023,1.892169
618,human,1,128,0,1.108246,1.332907,1.477189
618,human,2,128,0,1.123963,1.129250,1.269235
618,human,3,108,0,1.122203,1.081194,1.213319
618,lm,0,88,0,1.370349,0.588672,0.806686
5191,human,0,18,0,1.084120,1.677114,1.818194
5191,lm,0,128,0,2.573453,0.090030,0.231687
5191,lm,1,48,0,1.415838,0.232517,0.329206
6984,human,0,122,0,1.280819,0.686890,0.879781
6984,lm,0,52,0,1.396577,0.713508,0.996468
3238,human,0,33,0,1.220730,0.791980,0.966794
3238,lm,0,10,0,1.060515,1.919645,2.035813
2290,human,0,59,0,1.288605,0.556236,0.716768
2290,lm,0,97,0,1.530154,0.386755,0.591794
3095,human,0,59,0,1.217138,0.961223,1.169941
3095,lm,0,128,0,2.423930,0.147740,0.358111
3095,lm,1,128,0,1.567862,0.353598,0.554392
3095,lm,2,99,0,1.898684,0.242384,0.460210
1306,human,0,80,0,1.275062,0.411784,0.525050
1306,lm,0,25,0,1.317411,0.776912,1.023512
768,human,0,37,0,1.187421,0.932276,1.107004
768,lm,0,128,0,1.615315,0.410713,0.663431
768,lm,1,128,0,1.767303,0.313354,0.553791
768,lm,2,128,0,1.891202,0.286829,0.542451
768,lm,3,128,0,1.787609,0.312382,0.558416
768,lm,4,128,0,1.972086,0.260233,0.513202
768,lm,5,52,0,1.461813,0.630079,0.921057
226,human,0,128,0,1.539362,0.236706,0.364375
226,human,1,128,0,0.989958,0.723492,0.716227
226,human,2,40,0,1.121049,1.092940,1.225239
226,lm,0,26,0,1.267418,0.912496,1.156514
1308,human,0,128,0,1.283212,0.721570,0.925927
1308,human,1,48,0,1.161807,0.827927,0.961891
1308,lm,0,39,0,1.429782,0.755305,1.079922
529,human,0,43,0,1.243664,0.641842,0.798236
529,lm,0,28,0,1.412720,0.628834,0.888366
76,human,0,19,0,1.197503,0.953548,1.141876
76,lm,0,72,0,1.633163,0.269315,0.439835
1183,human,0,94,0,1.171885,0.727844,0.852949
1183,lm,0,11,0,1.055318,1.681113,1.774109
8113,human,0,128,0,1.180258,0.624798,0.737422
8113,human,1,111,0,1.064432,0.982813,1.046138
8113,lm,0,66,0,1.241865,0.672649,0.835339
4832,human,0,128,0,1.182811,0.784188,0.927546
4832,human,1,128,0,1.203538,0.812800,0.978236
4832,human,2,127,0,1.210201,0.656121,0.794038
4832,lm,0,79,0,1.275283,0.554331,0.706929
8663,human,0,128,0,1.127734,0.781959,0.881842
8663,human,1,59,0,1.118552,0.897377,1.003762
8663,lm,0,128,0,1.525566,0.424205,0.647153
8663,lm,1,128,0,1.428610,0.390468,0.557826
8663,lm,2,128,0,1.202387,0.608505,0.731659
8663,lm,3,53,0,1.180083,0.812612,0.958949
6220,human,0,128,0,1.435020,0.512969,0.736121
6220,human,1,128,0,1.147620,0.717936,0.823918
6220,human,2,52,0,1.152891,1.866987,2.152432
6220,lm,0,45,0,1.393573,0.669646,0.933201
7995,human,0,89,0,1.349568,0.554305,0.748072
7995,lm,0,119,0,2.310471,0.158795,0.366890
8298,human,0,128,0,1.394834,0.384948,0.536938
8298,human,1,128,0,1.093114,0.757882,0.828451
8298,human,2,55,0,1.092307,1.462426,1.597418
8298,lm,0,128,0,2.052518,0.235011,0.482364
8298,lm,1,66,0,1.334699,0.490431,0.654578
7038,human,0,85,0,1.433943,0.394977,0.566374
7038,lm,0,38,0,1.428561,0.577396,0.824845
4546,human,0,70,0,1.133024,1.195165,1.354151
4546,lm,0,120,0,1.316728,0.745882,0.982123
674,human,0,45,0,1.200131,0.795229,0.954379
674,lm,0,36,0,1.393088,0.724639,1.009487
6610,human,0,54,0,1.220083,0.700494,0.854660
6610,lm,0,16,0,1.057874,2.396205,2.534883
1651,human,0,46,0,1.112695,0.897769,0.998943
1651,lm,0,10,0,1.050635,2.444911,2.568708
6809,human,0,87,0,1.802530,0.238060,0.429110
6809,lm,0,42,0,1.416144,0.513085,0.726603
1465,human,0,37,0,1.270139,0.741373,0.941647
1465,lm,0,11,0,1.094102,2.126669,2.326793
4094,human,0,28,0,1.267370,0.699870,0.886994
4094,lm,0,43,0,1.537894,0.529028,0.813589
4333,human,0,128,0,1.179788,0.854651,1.008306
4333,human,1,49,0,1.019950,1.333564,1.360168
4333,lm,0,12,0,1.032568,3.552943,3.668654
6760,human,0,44,0,1.291882,0.617488,0.797721
6760,lm,0,128,0,1.557807,0.226646,0.353071
6760,lm,1,128,0,1.322921,0.239156,0.316384
6760,lm,2,90,0,1.335894,0.288478,0.385376
4055,human,0,88,0,1.374139,0.517502,0.711120
4055,lm,0,89,0,1.582143,0.220004,0.348077
7875,human,0,128,0,1.267864,0.687439,0.871579
7875,human,1,128,0,1.229920,0.783302,0.963399
7875,human,2,128,0,1.316420,0.686131,0.903237
7875,human,3,128,0,1.089503,1.013385,1.104085
7875,human,4,128,0,1.130227,1.131471,1.278819
7875,human,5,128,0,1.341500,0.613750,0.823346
7875,human,6,128,0,1.228044,0.740788,0.909721
7875,human,7,82,0,1.227451,0.816781,1.002558
7875,lm,0,66,0,1.473533,0.511425,0.753602
64,human,0,128,0,1.200709,0.954504,1.146082
64,human,1,72,0,1.184059,1.177145,1.393809
64,lm,0,51,0,1.329060,0.811831,1.078973
6516,human,0,128,0,1.275181,0.722003,0.920685
6516,human,1,128,0,1.318556,0.556769,0.734131
6516,human,2,75,0,1.172975,0.565889,0.663774
6516,lm,0,128,0,1.400974,0.446543,0.625595
6516,lm,1,128,0,1.171479,0.541438,0.634284
6516,lm,2,29,0,1.299236,1.157528,1.503901
5696,human,0,79,0,1.280619,0.877060,1.123180
5696,lm,0,46,0,1.630295,0.460653,0.751001
5137,human,0,49,0,1.269747,0.658282,0.835851
5137,lm,0,86,0,1.222241,0.798746,0.976260
5688,human,0,72,0,1.295194,0.846449,1.096317
5688,lm,0,38,0,1.350114,0.972723,1.313287
495,human,0,35,0,1.171608,0.884017,1.035721
495,lm,0,38,0,1.350227,0.615918,0.831629
8154,human,0,107,0,1.310304,0.535482,0.701643
8154,lm,0,33,0,1.335930,0.783481,1.046676
22,human,0,25,0,1.184109,1.329190,1.573905
22,lm,0,77,0,1.339971,0.763831,1.023512
1093,human,0,128,0,1.614643,0.297599,0.480516
1093,human,1,45,0,1.292771,0.805720,1.041611
1093,lm,0,62,0,1.823081,0.352620,0.642855
1953,human,0,33,0,1.074999,1.455655,1.564826
1953,lm,0,12,0,1.190657,0.999138,1.189630
5560,human,0,81,0,1.303212,0.513958,0.669796
5560,lm,0,95,0,1.708520,0.353525,0.604004
4559,human,0,116,0,1.271694,0.701819,0.892499
4559,lm,0,128,0,2.118707,0.108280,0.229414
4559,lm,1,62,0,1.410997,0.301634,0.425605
3293,human,0,128,0,1.227388,0.557621,0.684418
3293,human,1,28,0,1.041749,1.548809,1.613471
3293,lm,0,10,0,1.105084,1.987870,2.196764
4253,human,0,58,0,1.254706,0.955251,1.198560
4253,lm,0,15,0,1.153116,1.801549,2.077395
2487,human,0,128,0,1.195577,0.681786,0.815129
2487,human,1,128,0,1.171506,0.875381,1.025514
2487,human,2,18,0,1.121643,1.973405,2.213455
2487,lm,0,128,0,1.530464,0.379968,0.581527
2487,lm,1,128,0,1.579113,0.338204,0.534062
2487,lm,2,109,0,1.394931,0.350691,0.489189
6841,human,0,64,0,1.256573,0.574678,0.722124
6841,lm,0,11,0,1.101208,1.930521,2.125905
4030,human,0,128,0,1.283565,0.434896,0.558218
4030,human,1,128,0,1.216510,0.670204,0.815310
4030,human,2,128,0,1.139246,0.987594,1.125112
4030,human,3,128,0,1.330970,0.600850,0.799713
4030,human,4,128,0,1.172144,0.706186,0.827751
4030,human,5,17,0,1.204600,1.062311,1.279660
4030,lm,0,128,0,1.958735,0.177922,0.348503
4030,lm,1,117,0,2.142192,0.135852,0.291021
3616,human,0,37,0,1.058729,1.638416,1.734638
3616,lm,0,71,0,1.356764,0.526492,0.714325
1686,human,0,23,0,1.215480,0.740067,0.899536
1686,lm,0,17,0,1.090719,0.947267,1.033203
5081,human,0,38,0,1.142922,0.724520,0.828069
5081,lm,0,10,0,1.088462,1.451503,1.579905
1570,human,0,89,0,1.334106,0.529282,0.706118
1570,lm,0,97,0,1.332945,0.533598,0.711257
4909,human,0,41,0,1.300352,0.851604,1.107385
4909,lm,0,17,0,1.048724,1.252087,1.313094
5136,human,0,84,0,1.625652,0.397901,0.646849
5136,lm,0,31,0,1.391771,0.724793,1.008746
5126,human,0,128,0,1.179855,0.763749,0.901113
5126,human,1,76,0,1.037943,1.215908,1.262043
5126,lm,0,128,0,1.505230,0.451300,0.679310
5126,lm,1,110,0,1.292374,0.621414,0.803100
6190,human,0,128,0,1.232241,0.774887,0.954848
6190,human,1,128,0,1.149595,0.964231,1.108475
6190,human,2,128,0,1.148449,1.195889,1.373418
6190,human,3,17,0,1.058303,2.065756,2.186196
6190,lm,0,29,0,1.331106,0.892841,1.188466
5644,human,0,128,0,1.152221,0.642818,0.740669
5644,human,1,128,0,0.943131,0.791692,0.746669
5644,human,2,38,0,0.987345,1.786237,1.763633
5644,lm,0,37,0,1.172332,1.090267,1.278155
3393,human,0,9,0,1.123036,1.609772,1.807831
3393,lm,0,15,0,1.134155,1.461029,1.657033
3646,human,0,71,0,1.367762,0.655622,0.896735
3646,lm,0,86,0,2.127956,0.209322,0.445428
6540,human,0,76,0,1.147524,0.927060,1.063824
6540,lm,0,10,0,1.055784,2.389323,2.522610
3970,human,0,63,0,1.320349,0.716445,0.945958
3970,lm,0,128,0,2.247907,0.154495,0.347291
3970,lm,1,128,0,1.891376,0.184329,0.348635
3970,lm,2,128,0,1.699014,0.232235,0.394570
3970,lm,3,14,0,1.080426,1.488335,1.608037
497,human,0,128,0,1.297039,0.637823,0.827282
497,human,1,5,0,1.016360,2.621328,2.664212
497,lm,0,128,0,1.443167,0.475750,0.686586
497,lm,1,128,0,1.343949,0.473275,0.636057
497,lm,2,128,0,1.347295,0.486781,0.655837
497,lm,3,128,0,1.397714,0.433658,0.606130
497,lm,4,128,0,1.447366,0.375467,0.543438
497,lm,5,9,0,1.002557,3.146840,3.154888
2431,human,0,37,0,1.188575,0.853444,1.014381
2431,lm,0,73,0,1.327411,0.594843,0.789601
2520,human,0,128,0,1.213004,0.912830,1.107267
2520,human,1,128,0,1.096681,1.124891,1.233646
2520,human,2,9,0,1.094603,1.844126,2.018585
2520,lm,0,30,0,1.208995,1.099574,1.329379
4519,human,0,56,0,1.342148,0.584825,0.784922
4519,lm,0,10,0,1.103384,1.021664,1.127287
4890,human,0,39,0,1.488449,0.457539,0.681023
4890,lm,0,55,0,1.677183,0.282839,0.474374
1505,human,0,24,0,1.057868,1.578484,1.669828
1505,lm,0,87,0,1.461430,0.561178,0.820123
7564,human,0,126,0,1.391077,0.416132,0.578872
7564,lm,0,57,0,1.435644,0.351029,0.503953
1179,human,0,41,0,1.306721,0.687679,0.898605
1179,lm,0,46,0,1.391656,0.635048,0.883769
8344,human,0,128,0,1.143955,1.098076,1.256150
8344,human,1,128,0,1.109431,1.119087,1.241550
8344,human,2,128,0,1.121700,1.032526,1.158184
8344,human,3,128,0,1.032244,1.565715,1.616200
8344,human,4,128,0,1.099040,1.396972,1.535328
8344,human,5,128,0,1.024149,1.477104,1.512775
8344,human,6,50,0,1.189115,1.061701,1.262485
8344,lm,0,84,0,1.585098,0.386439,0.612543
7981,human,0,107,0,1.158351,0.853376,0.988509
7981,lm,0,94,0,1.607873,0.398825,0.641261
4722,human,0,28,0,1.247786,0.691295,0.862588
4722,lm,0,6,0,1.064316,2.231329,2.374839
2758,human,0,128,0,1.257127,0.675221,0.848839
2758,human,1,20,0,1.059446,2.008450,2.127844
2758,lm,0,14,0,1.113109,1.572474,1.750336
7200,human,0,93,0,1.503927,0.490159,0.737163
7200,lm,0,99,0,1.623830,0.473195,0.768388
1357,human,0,20,0,1.140946,1.383269,1.578236
1357,lm,0,50,0,1.609212,0.469586,0.755663
7177,human,0,44,0,1.187352,1.007969,1.196814
7177,lm,0,10,0,1.067702,2.949497,3.149182
2284,human,0,45,0,1.284091,0.656124,0.842523
2284,lm,0,11,0,1.133398,1.364920,1.546999
8126,human,0,44,0,1.364594,0.458398,0.625527
8126,lm,0,11,0,1.029945,2.452115,2.525544
1399,human,0,128,0,1.209182,0.670925,0.811270
1399,human,1,128,0,1.151610,0.824739,0.949778
1399,human,2,128,0,1.136005,1.061444,1.205806
1399,human,3,52,0,1.222436,1.095470,1.339142
1399,lm,0,50,0,1.611044,0.321152,0.517391
5664,human,0,44,0,1.075171,1.621410,1.743294
5664,lm,0,10,0,1.200325,1.606547,1.928379
1646,human,0,33,0,1.166226,1.017415,1.186536
1646,lm,0,53,0,1.338327,0.734506,0.983010
8903,human,0,128,0,1.154327,0.945726,1.091678
8903,human,1,128,0,1.153902,0.767619,0.885758
8903,human,2,37,0,1.056097,1.385258,1.462968
8903,lm,0,128,0,1.985531,0.123687,0.245585
8903,lm,1,45,0,1.236561,0.518058,0.640610
30,human,0,67,0,1.332500,0.642858,0.856608
30,lm,0,34,0,1.436697,0.456456,0.655789
2829,human,0,50,0,1.245316,0.693158,0.863200
2829,lm,0,10,0,1.018409,3.204807,3.263805
802,human,0,105,0,1.119310,0.715001,0.800308
802,lm,0,43,0,1.141181,0.923838,1.054266
5379,human,0,128,0,1.258877,0.528982,0.665923
5379,human,1,91,0,1.155997,0.717511,0.829441
5379,lm,0,34,0,1.263031,0.549727,0.694322
7281,human,0,101,0,1.122885,0.754658,0.847395
7281,lm,0,128,0,1.795532,0.232876,0.418137
7281,lm,1,128,0,1.399924,0.334121,0.467744
7281,lm,2,77,0,1.331605,0.340076,0.452847
2270,human,0,128,0,1.232365,0.871893,1.074491
2270,human,1,97,0,1.355083,0.525849,0.712570
2270,lm,0,110,0,1.787488,0.333380,0.595912
5130,human,0,81,0,1.283073,0.592693,0.760468
5130,lm,0,10,0,1.060325,1.426065,1.512092
7100,human,0,21,0,1.332218,0.716970,0.955160
7100,lm,0,27,0,1.384027,0.637656,0.882534
5473,human,0,24,0,1.233596,0.920198,1.135152
5473,lm,0,10,0,1.217643,1.606547,1.956200
6412,human,0,128,0,1.244169,0.581125,0.723018
6412,human,1,128,0,1.227877,0.596434,0.732348
6412,human,2,128,0,1.270295,0.675597,0.858208
6412,human,3,128,0,1.089228,1.257223,1.369403
6412,human,4,128,0,1.142620,0.790250,0.902955
6412,human,5,63,0,1.079545,1.287868,1.390312
6412,lm,0,86,0,1.223172,0.802339,0.981398
6985,human,0,128,0,1.333250,0.520650,0.694156
6985,human,1,62,0,1.255106,0.918400,1.152689
6985,lm,0,12,0,1.210267,1.120775,1.356438
8622,human,0,46,0,1.090570,1.603088,1.748280
8622,lm,0,12,0,1.041411,2.642644,2.752077
1837,human,0,16,0,1.158073,1.081156,1.252057
1837,lm,0,8,0,1.117965,1.279271,1.430180
5478,human,0,128,0,1.144127,1.050686,1.202118
5478,human,1,128,0,1.189817,1.009791,1.201466
5478,human,2,11,0,0.976801,2.088713,2.040257
5478,lm,0,24,0,1.179770,1.353262,1.596538
7423,human,0,54,0,1.128807,1.408693,1.590142
7423,lm,0,8,0,1.053368,2.223522,2.342187
6900,human,0,128,0,1.252164,0.654914,0.820059
6900,human,1,128,0,1.216418,0.709979,0.863631
6900,human,2,55,0,1.056428,1.184430,1.251265
6900,lm,0,42,0,1.497258,0.579051,0.866988
1663,human,0,57,0,1.220974,0.856148,1.045334
1663,lm,0,54,0,1.598403,0.471563,0.753748
4091,human,0,128,0,1.648830,0.230265,0.379668
4091,human,1,128,0,1.376383,0.368088,0.506630
4091,human,2,60,0,1.343956,0.479250,0.644091
4091,lm,0,113,0,2.801385,0.109639,0.307140
1796,human,0,128,0,1.191440,0.471614,0.561900
1796,human,1,14,0,0.978105,2.234095,2.185180
1796,lm,0,6,0,1.076144,2.018945,2.172676
2231,human,0,93,0,1.226312,0.822029,1.008065
2231,lm,0,108,0,1.866144,0.287576,0.536658
8399,human,0,20,0,1.140098,1.187384,1.353735
8399,lm,0,21,0,1.187274,1.313621,1.559628
2843,human,0,128,0,1.238776,0.829325,1.027348
2843,human,1,128,0,1.137167,0.945695,1.075413
2843,human,2,128,0,1.129581,1.109645,1.253434
2843,human,3,128,0,1.097248,1.102959,1.210220
2843,human,4,128,0,1.141820,0.942415,1.076068
2843,human,5,128,0,1.058510,1.220850,1.292283
2843,human,6,35,0,1.085148,1.360814,1.476685
2843,lm,0,10,0,1.020565,2.189609,2.234637
3377,human,0,31,0,1.060970,1.771350,1.879350
3377,lm,0,10,0,1.089455,1.850758,2.016317
2197,human,0,97,0,1.138055,1.235345,1.405891
2197,lm,0,34,0,1.467992,0.498737,0.732142
6035,human,0,56,0,1.301324,0.560657,0.729596
6035,lm,0,6,0,1.044703,3.525329,3.682921
6417,human,0,38,0,1.095099,1.487730,1.629212
6417,lm,0,109,0,1.501845,0.566802,0.851249
8060,human,0,125,0,1.508305,0.457940,0.690712
8060,lm,0,59,0,1.527015,0.408814,0.624266
569,human,0,128,0,1.132358,0.900683,1.019896
569,human,1,128,0,1.015515,1.442200,1.464575
569,human,2,128,0,1.113661,1.103524,1.228952
569,human,3,26,0,1.133747,1.600633,1.814712
569,lm,0,12,0,0.993644,3.947425,3.922334
7571,human,0,33,0,1.288974,0.756347,0.974912
7571,lm,0,9,0,1.099989,1.499147,1.649045
1619,human,0,22,0,1.106807,1.097833,1.215089
1619,lm,0,128,0,1.645437,0.205062,0.337416
1619,lm,1,128,0,1.478088,0.244522,0.361424
1619,lm,2,128,0,1.457436,0.269521,0.392809
1619,lm,3,13,0,1.035032,2.060344,2.132521
953,human,0,59,0,1.317462,0.591467,0.779235
953,lm,0,16,0,1.184213,0.900319,1.066169
4753,human,0,128,0,1.323037,0.537890,0.711648
4753,human,1,128,0,1.153839,0.773375,0.892350
4753,human,2,93,0,1.107525,0.850457,0.941903
4753,lm,0,128,0,1.568961,0.291650,0.457587
4753,lm,1,16,0,1.101307,0.923021,1.016529
7787,human,0,105,0,1.182310,0.908721,1.074391
7787,lm,0,36,0,1.281104,0.955590,1.224210
6141,human,0,39,0,1.545773,0.456868,0.706214
6141,lm,0,52,0,2.043369,0.314675,0.642998
7346,human,0,45,0,1.186024,0.544503,0.645793
7346,lm,0,10,0,1.052397,3.110368,3.273342
5906,human,0,128,0,1.268597,0.632324,0.802164
5906,human,1,128,0,1.123474,0.993154,1.115782
5906,human,2,128,0,1.133854,1.001502,1.135557
5906,human,3,78,0,1.104320,1.176310,1.299023
5906,lm,0,74,0,1.246678,0.799651,0.996907
6569,human,0,128,0,1.407725,0.388352,0.546692
6569,human,1,17,0,0.957459,2.893748,2.770646
6569,lm,0,66,0,1.376878,0.481338,0.662744
5993,human,0,21,0,1.253584,0.363574,0.455770
5993,lm,0,83,0,1.370208,0.328291,0.449827
5556,human,0,56,0,1.078985,1.159122,1.250675
5556,lm,0,49,0,1.308793,0.885936,1.159506
1894,human,0,31,0,1.045908,1.688124,1.765622
1894,lm,0,31,0,1.143205,0.918314,1.049821
4011,human,0,52,0,1.281426,0.613995,0.786789
4011,lm,0,45,0,1.462341,0.486597,0.711571
5522,human,0,128,0,1.187620,0.721891,0.857333
5522,human,1,128,0,1.142159,0.697523,0.796682
5522,human,2,128,0,1.068391,0.833323,0.890315
5522,human,3,128,0,1.058310,0.790434,0.836524
5522,human,4,8,0,0.946936,2.333491,2.209666
5522,lm,0,27,0,1.500296,0.295358,0.443124
1982,human,0,43,0,1.099090,1.495629,1.643830
1982,lm,0,43,0,1.191949,0.985736,1.174947
132,human,0,128,0,1.251306,0.677181,0.847361
132,human,1,58,0,1.150043,0.927746,1.066948
132,lm,0,34,0,1.103890,1.079700,1.191870
2564,human,0,128,0,1.731818,0.362383,0.627582
2564,human,1,59,0,1.307102,0.797807,1.042815
2564,lm,0,79,0,1.766226,0.304422,0.537679
839,human,0,128,0,1.255418,0.525570,0.659810
839,human,1,128,0,1.168879,0.584800,0.683560
839,human,2,107,0,1.117703,0.784672,0.877031
839,lm,0,77,0,1.378313,0.435015,0.599587
6280,human,0,76,0,1.350699,0.614336,0.829784
6280,lm,0,128,0,2.361898,0.198856,0.469678
6280,lm,1,128,0,1.915346,0.269425,0.516043
6280,lm,2,128,0,1.871850,0.278299,0.520933
6280,lm,3,88,0,1.593752,0.451554,0.719665
4637,human,0,41,0,1.048562,1.667098,1.748055
4637,lm,0,44,0,1.294141,0.839939,1.087000
6086,human,0,128,0,1.305974,0.516275,0.674241
6086,human,1,128,0,1.225939,0.457342,0.560674
6086,human,2,128,0,1.057931,0.902245,0.954513
6086,human,3,128,0,1.151803,0.608353,0.700703
6086,human,4,18,0,1.097448,1.499851,1.646009
6086,lm,0,10,0,1.052970,3.171514,3.339510
1671,human,0,80,0,1.119292,1.153811,1.291452
1671,lm,0,42,0,1.181446,0.930510,1.099348
203,human,0,128,0,1.247499,0.898806,1.121259
203,human,1,61,0,1.175256,1.238325,1.455349
203,lm,0,50,0,1.399908,0.729948,1.021859
2302,human,0,77,0,1.419638,0.446461,0.633813
2302,lm,0,23,0,1.578729,0.493280,0.778756
7394,human,0,41,0,1.139149,1.177920,1.341826
7394,lm,0,6,0,1.005453,4.408187,4.432225
7321,human,0,128,0,1.401816,0.543119,0.761353
7321,human,1,10,0,1.062496,1.881646,1.999240
7321,lm,0,51,0,1.562256,0.548896,0.857516
6171,human,0,31,0,1.103854,1.445246,1.595340
6171,lm,0,113,0,1.465352,0.462132,0.677186
1466,human,0,57,0,1.301831,0.844913,1.099933
1466,lm,0,48,0,1.487309,0.593796,0.883158
4756,human,0,47,0,1.242863,1.007586,1.252291
4756,lm,0,10,0,1.059934,2.031990,2.153776
2292,human,0,63,0,1.198957,0.736644,0.883204
2292,lm,0,28,0,1.072489,1.457919,1.563603
501,human,0,76,0,1.201261,0.783357,0.941017
501,lm,0,83,0,1.497238,0.396128,0.593098
2819,human,0,128,0,1.159065,1.040403,1.205894
2819,human,1,10,0,1.185618,1.543372,1.829850
2819,lm,0,45,0,1.219102,1.005812,1.226187
4132,human,0,72,0,1.233299,0.865190,1.067038
4132,lm,0,42,0,1.203993,1.058173,1.274033
7289,human,0,128,0,1.173784,0.759829,0.891875
7289,human,1,128,0,1.127054,0.823900,0.928580
7289,human,2,18,0,1.154024,1.908887,2.202901
7289,lm,0,28,0,1.266854,1.073905,1.360481
2213,human,0,117,0,1.175691,0.762907,0.896942
2213,lm,0,60,0,1.432584,0.472198,0.676463
5932,human,0,128,0,1.011905,0.896799,0.907475
5932,human,1,94,0,1.143280,0.963054,1.101040
5932,lm,0,10,0,0.979361,4.275819,4.187569
7764,human,0,24,0,1.184667,0.836053,0.990444
7764,lm,0,116,0,1.488307,0.490614,0.730184
5501,human,0,105,0,1.201832,0.725488,0.871914
5501,lm,0,10,0,0.989617,3.921176,3.880463
4201,human,0,128,0,1.403495,0.589025,0.826694
4201,lm,0,127,0,1.493535,0.416581,0.622178
4325,human,0,128,0,1.387599,0.401757,0.557477
4325,human,1,2,0,1.026520,3.124444,3.207305
4325,lm,0,88,0,1.427712,0.494714,0.706309
2065,human,0,128,0,1.270494,0.635759,0.807729
2065,human,1,1,0,1.000000,8.403353,8.403353
2065,lm,0,119,0,1.643235,0.270210,0.444018
7548,human,0,128,0,1.319879,0.602204,0.794837
7548,human,1,9,0,1.084078,1.920866,2.082370
7548,lm,0,22,0,1.087210,1.238740,1.346770
1997,human,0,20,0,1.014175,1.822201,1.848031
1997,lm,0,9,0,0.984763,2.631918,2.591815
5704,human,0,128,0,1.171366,1.013975,1.187736
5704,human,1,128,0,1.146162,1.068745,1.224954
5704,human,2,82,0,1.139557,1.066363,1.215181
5704,lm,0,128,0,1.588460,0.329044,0.522673
5704,lm,1,3,0,1.019584,3.900645,3.977033
328,human,0,128,0,1.039561,0.943071,0.980379
328,human,1,32,0,0.934404,2.130146,1.990418
328,lm,0,44,0,1.459570,0.587348,0.857275
7744,human,0,100,0,1.388272,0.545551,0.757373
7744,lm,0,57,0,1.445651,0.491543,0.710600
6048,human,0,94,0,1.228777,0.743182,0.913205
6048,lm,0,28,0,1.222071,1.152085,1.407930
2051,human,0,67,0,1.269797,0.793331,1.007369
2051,lm,0,44,0,1.211517,0.772746,0.936196
3878,human,0,26,0,1.179715,0.845075,0.996948
3878,lm,0,7,0,1.068364,1.820444,1.944896
4675,human,0,128,0,1.575365,0.372018,0.586065
4675,human,1,98,0,1.639759,0.334667,0.548773
4675,lm,0,64,0,1.739151,0.315703,0.549055
432,human,0,89,0,1.143528,1.067378,1.220576
432,lm,0,128,0,1.434077,0.384508,0.551414
432,lm,1,116,0,1.371770,0.387524,0.531594
797,human,0,128,0,1.300083,0.668026,0.868488
797,human,1,98,0,1.272328,0.642485,0.817452
797,lm,0,14,0,1.115549,0.973699,1.086209
1701,human,0,65,0,1.140288,0.731912,0.834591
1701,lm,0,9,0,1.009319,2.392499,2.414795
2035,human,0,128,0,1.188964,0.804910,0.957009
2035,human,1,128,0,1.133560,0.957303,1.085161
2035,human,2,128,0,1.068002,1.276523,1.363330
2035,human,3,128,0,1.075874,1.283568,1.380958
2035,human,4,57,0,1.082570,0.681043,0.737277
2035,lm,0,111,0,1.263014,0.610782,0.771427
8280,human,0,34,0,1.325560,0.467144,0.619227
8280,lm,0,38,0,1.338212,0.418337,0.559824
1660,human,0,61,0,1.196483,0.636453,0.761505
1660,lm,0,47,0,1.257558,0.763129,0.959679
8484,human,0,30,0,1.086443,0.888297,0.965085
8484,lm,0,11,0,1.082522,1.809596,1.958927
6169,human,0,128,0,1.214158,0.678764,0.824127
6169,human,1,128,0,1.112055,0.917983,1.020848
6169,human,2,47,0,0.984051,1.226438,1.206877
6169,lm,0,56,0,1.179358,1.234588,1.456021
7639,human,0,128,0,1.365048,0.529982,0.723450
7639,human,1,59,0,1.256058,0.753807,0.946826
7639,lm,0,10,0,1.103138,1.699525,1.874811
4309,human,0,128,0,1.190675,0.887604,1.056847
4309,human,1,128,0,1.008835,0.903671,0.911655
4309,human,2,128,0,1.100078,0.973641,1.071080
4309,human,3,128,0,1.122300,0.790923,0.887653
4309,human,4,3,0,1.023720,4.986493,5.104772
4309,lm,0,36,0,1.281539,1.031490,1.321895
7545,human,0,60,0,1.221242,0.744920,0.909728
7545,lm,0,109,0,1.238029,0.643211,0.796314
1737,human,0,128,0,1.468777,0.500910,0.735725
1737,human,1,41,0,1.215702,1.162342,1.413061
1737,lm,0,128,0,2.271761,0.179926,0.408749
1737,lm,1,128,0,1.545106,0.427526,0.660573
1737,lm,2,128,0,1.364091,0.557009,0.759811
1737,lm,3,128,0,1.335366,0.607714,0.811520
1737,lm,4,27,0,1.156158,1.959504,2.265496
3678,human,0,128,0,1.315312,0.636657,0.837402
3678,human,1,33,0,1.122697,1.901623,2.134946
3678,lm,0,128,0,1.435400,0.515227,0.739557
3678,lm,1,24,0,1.107794,1.963610,2.175275
7439,human,0,47,0,1.237896,0.737594,0.913064
7439,lm,0,12,0,1.137684,1.190916,1.354886
6645,human,0,52,0,1.356242,0.684337,0.928127
6645,lm,0,18,0,1.098859,2.011468,2.210319
451,human,0,66,0,1.461417,0.387069,0.565668
451,lm,0,79,0,1.454128,0.270428,0.393237
1712,human,0,29,0,1.441923,0.573869,0.827475
1712,lm,0,52,0,1.890661,0.350986,0.663595
2212,human,0,13,0,1.131450,1.891014,2.139587
2212,lm,0,51,0,1.358804,0.414002,0.562547
8956,human,0,30,0,1.220817,0.866589,1.057946
8956,lm,0,72,0,1.340023,0.505897,0.677914
1583,human,0,45,0,1.176104,0.933594,1.098004
1583,lm,0,64,0,1.204759,0.859577,1.035583
6174,human,0,44,0,1.334901,1.077390,1.438210
6174,lm,0,13,0,1.109667,1.843240,2.045382
3276,human,0,87,0,1.126920,1.226313,1.381957
3276,lm,0,35,0,1.226822,0.585367,0.718141
2122,human,0,61,0,1.316875,0.714195,0.940505
2122,lm,0,78,0,1.324600,0.546807,0.724300
1006,human,0,64,0,1.374586,0.525165,0.721884
1006,lm,0,12,0,1.174429,1.536978,1.805071
8805,human,0,36,0,1.233271,0.787569,0.971286
8805,lm,0,10,0,1.056105,2.727805,2.880848
2947,human,0,128,0,1.378080,0.574125,0.791190
2947,human,1,124,0,1.185561,0.776035,0.920037
2947,lm,0,91,0,1.423868,0.515576,0.734113
2345,human,0,26,0,1.314764,0.620281,0.815524
2345,lm,0,43,0,1.366078,0.516229,0.705209
7390,human,0,48,0,1.133150,0.980614,1.111183
7390,lm,0,45,0,1.620305,0.393300,0.637266
3126,human,0,18,0,1.153515,0.822807,0.949120
3126,lm,0,6,0,1.046020,2.144277,2.242957
2673,human,0,127,0,1.454624,0.505009,0.734598
2673,lm,0,128,0,1.563503,0.439599,0.687315
2673,lm,1,104,0,1.619802,0.379698,0.615036
2808,human,0,128,0,1.350547,0.660162,0.891580
2808,human,1,128,0,1.192788,0.753583,0.898865
2808,human,2,45,0,1.150806,1.283396,1.476940
2808,lm,0,78,0,1.372548,0.783913,1.075958
6038,human,0,25,0,1.302619,0.426174,0.555142
6038,lm,0,36,0,1.615724,0.323927,0.523377
3998,human,0,128,0,1.467498,0.405838,0.595567
3998,human,1,128,0,1.339554,0.363175,0.486493
3998,human,2,2,0,1.040125,3.963686,4.122727
3998,lm,0,93,0,1.855501,0.178421,0.331060
3746,human,0,48,0,1.288436,0.871073,1.122322
3746,lm,0,6,0,1.119600,1.880390,2.105285
3420,human,0,128,0,1.145858,1.153665,1.321937
3420,human,1,128,0,1.159871,1.026311,1.190388
3420,human,2,64,0,1.079714,1.239926,1.338765
3420,lm,0,12,0,1.063554,2.757758,2.933024
8945,human,0,13,0,1.119823,1.676341,1.877205
8945,lm,0,13,0,1.114412,1.676341,1.868134
3310,human,0,108,0,1.457674,0.450923,0.657298
3310,lm,0,114,0,1.425970,0.499357,0.712068
5386,human,0,128,0,1.317678,0.570552,0.751804
5386,human,1,128,0,1.211096,0.550445,0.666641
5386,human,2,128,0,1.255002,0.546940,0.686411
5386,human,3,49,0,1.216106,1.006962,1.224572
5386,lm,0,111,0,1.812651,0.296989,0.538338
5407,human,0,128,0,1.444807,0.267563,0.386577
5407,human,1,45,0,1.109338,0.950653,1.054596
5407,lm,0,92,0,1.489133,0.379836,0.565627
2194,human,0,128,0,1.370682,0.395744,0.542439
2194,human,1,89,0,1.146229,0.517725,0.593431
2194,lm,0,128,0,1.486328,0.303148,0.450577
2194,lm,1,89,0,1.139584,0.545339,0.621460
3382,human,0,30,0,1.098341,1.107679,1.216609
3382,lm,0,53,0,1.568816,0.510962,0.801606
935,human,0,128,0,1.321359,0.589951,0.779537
935,human,1,128,0,1.156815,0.818347,0.946676
935,human,2,54,0,1.094718,1.074936,1.176751
935,lm,0,128,0,1.624697,0.392628,0.637902
935,lm,1,29,0,1.172545,0.924546,1.084071
4014,human,0,31,0,1.126498,1.201070,1.353003
4014,lm,0,128,0,1.354341,0.452684,0.613088
4014,lm,1,27,0,1.065836,1.250144,1.332448
7602,human,0,50,0,1.306215,0.525623,0.686577
7602,lm,0,80,0,1.816533,0.280376,0.509312
8028,human,0,70,0,1.205905,0.755811,0.911437
8028,lm,0,14,0,1.271190,0.840171,1.068017
2888,human,0,128,0,1.273269,0.611476,0.778574
2888,human,1,73,0,1.110125,0.985695,1.094244
2888,lm,0,128,0,1.181981,0.673785,0.796400
2888,lm,1,128,0,1.166504,0.564764,0.658799
2888,lm,2,128,0,0.951228,0.893369,0.849797
2888,lm,3,128,0,0.871138,1.875928,1.634192
2888,lm,4,128,0,0.971565,0.899308,0.873737
2888,lm,5,128,0,0.867967,1.291734,1.121183
2888,lm,6,128,0,0.909143,1.171119,1.064714
2888,lm,7,128,0,0.868442,1.417082,1.230653
2888,lm,8,128,0,1.026264,1.092498,1.121191
2888,lm,9,128,0,0.955040,1.179767,1.126725
2888,lm,10,128,0,0.911544,1.124028,1.024601
2888,lm,11,128,0,0.945198,1.437724,1.358933
2888,lm,12,128,0,0.897371,1.126799,1.011157
2888,lm,13,128,0,0.804597,1.531025,1.231858
2888,lm,14,128,0,0.843367,1.605258,1.353822
2888,lm,15,128,0,0.976489,0.931188,0.909295
2888,lm,16,128,0,0.845812,1.465138,1.239231
2888,lm,17,128,0,0.976039,1.203398,1.174564
2888,lm,18,128,0,1.123901,0.790169,0.888072
2888,lm,19,37,0,1.136011,1.147249,1.303287
3054,human,0,128,0,1.335449,0.463584,0.619092
3054,human,1,44,0,1.028524,1.455744,1.497269
3054,lm,0,26,0,1.278406,0.573183,0.732761
5660,human,0,128,0,1.553064,0.385421,0.598583
5660,human,1,22,0,1.069883,1.627806,1.741562
5660,lm,0,128,0,1.992405,0.316799,0.631192
5660,lm,1,26,0,1.339014,0.890628,1.192564
6824,human,0,66,0,1.356188,0.538700,0.730578
6824,lm,0,58,0,1.565663,0.233998,0.366362
2134,human,0,128,0,1.283162,0.782614,1.004220
2134,human,1,128,0,1.167468,0.895578,1.045559
2134,human,2,26,0,1.230042,1.071566,1.318072
2134,lm,0,128,0,1.620887,0.478918,0.776272
2134,lm,1,128,0,1.458208,0.511196,0.745430
2134,lm,2,20,0,1.124573,1.472649,1.656102
7385,human,0,38,0,1.225016,0.660849,0.809550
7385,lm,0,13,0,1.184057,0.765425,0.906307
1413,human,0,65,0,1.247018,0.769357,0.959402
1413,lm,0,40,0,1.325286,0.735287,0.974466
3057,human,0,128,0,1.360097,0.534184,0.726542
3057,human,1,128,0,1.183585,0.584099,0.691330
3057,human,2,123,0,1.321228,0.621770,0.821500
3057,lm,0,128,0,1.809925,0.395064,0.715037
3057,lm,1,128,0,1.264345,0.464226,0.586942
3057,lm,2,96,0,1.207407,0.672562,0.812056
2766,human,0,20,0,1.146587,1.207571,1.384584
2766,lm,0,20,0,1.263175,0.855651,1.080837
3368,human,0,44,0,1.125077,1.104145,1.242247
3368,lm,0,12,0,1.123545,0.921565,1.035420
4491,human,0,128,0,1.250524,0.537573,0.672248
4491,human,1,26,0,1.056673,1.592969,1.683247
4491,lm,0,28,0,1.357661,0.540430,0.733720
419,human,0,114,0,1.249351,0.615519,0.768999
419,lm,0,34,0,1.427158,0.607148,0.866495
1033,human,0,43,0,1.143745,0.608260,0.695694
1033,lm,0,6,0,1.033735,2.845212,2.941195
5233,human,0,23,0,1.077339,1.413589,1.522914
5233,lm,0,6,0,1.148801,1.699625,1.952530
5868,human,0,128,0,1.065962,0.884538,0.942884
5868,human,1,18,0,0.998375,2.024886,2.021596
5868,lm,0,18,0,1.153622,1.148480,1.324911
3964,human,0,121,0,1.289941,0.524522,0.676602
3964,lm,0,109,0,1.556890,0.450534,0.701432
7899,human,0,39,0,1.228611,0.721287,0.886181
7899,lm,0,12,0,1.126782,1.530366,1.724390
5042,human,0,54,0,1.147066,1.137430,1.304707
5042,lm,0,36,0,1.220332,1.080186,1.318186
490,human,0,128,0,1.221727,0.686218,0.838371
490,human,1,54,0,1.135700,1.186955,1.348025
490,lm,0,128,0,1.635539,0.362037,0.592125
490,lm,1,124,0,1.488753,0.432783,0.644308
751,human,0,105,0,1.300462,0.755058,0.981924
751,lm,0,43,0,1.334655,0.706540,0.942987
2444,human,0,128,0,1.276690,0.574481,0.733434
2444,human,1,93,0,1.245671,0.821257,1.023016
2444,lm,0,35,0,1.113675,1.153433,1.284550
2485,human,0,14,0,1.115148,1.880714,2.097275
2485,lm,0,12,0,1.253652,1.426065,1.787790
3462,human,0,128,0,1.267830,0.678264,0.859924
3462,human,1,30,0,1.106247,1.132962,1.253336
3462,lm,0,65,0,1.242249,0.738349,0.917214
7645,human,0,45,0,1.286152,0.718963,0.924695
7645,lm,0,36,0,1.264434,0.884076,1.117855
6584,human,0,128,0,1.202434,0.776948,0.934229
6584,human,1,128,0,1.312454,0.632000,0.829471
6584,human,2,44,0,1.122216,1.195510,1.341620
6584,lm,0,25,0,1.143083,0.772730,0.883295
3582,human,0,102,0,1.419431,0.355849,0.505103
3582,lm,0,41,0,1.276799,0.612964,0.782632
42,human,0,128,0,1.496614,0.320897,0.480259
42,human,1,128,0,1.219528,0.815787,0.994876
42,human,2,128,0,1.123290,0.780221,0.876414
42,human,3,128,0,1.124678,1.000549,1.125295
42,human,4,128,0,1.120098,0.845169,0.946673
42,human,5,128,0,1.041791,1.463471,1.524630
42,human,6,128,0,1.087206,1.233733,1.341322
42,human,7,21,0,1.085498,1.879381,2.040063
42,lm,0,128,0,1.594221,0.414099,0.660165
42,lm,1,17,0,1.198534,1.417545,1.698975
3453,human,0,114,0,1.190710,0.685504,0.816236
3453,lm,0,128,0,1.653193,0.350296,0.579107
3453,lm,1,34,0,1.229025,0.921486,1.132530
8174,human,0,38,0,1.132405,1.000230,1.132665
8174,lm,0,128,0,1.613044,0.266928,0.430567
8174,lm,1,9,0,1.110771,1.422247,1.579790
5452,human,0,59,0,1.473210,0.414338,0.610407
5452,lm,0,128,0,1.414410,0.339985,0.480878
5452,lm,1,48,0,1.103566,0.612432,0.675859
1380,human,0,128,0,1.183975,0.632998,0.749454
1380,human,1,43,0,1.200392,0.830878,0.997380
1380,lm,0,120,0,1.401504,0.511592,0.716999
208,human,0,55,0,1.331465,0.521211,0.693974
208,lm,0,12,0,1.105967,1.754573,1.940501
6863,human,0,128,0,1.187735,0.710895,0.844354
6863,human,1,88,0,1.132340,1.234765,1.398174
6863,lm,0,117,0,1.620636,0.294133,0.476682
3392,human,0,128,0,1.433074,0.414085,0.593414
3392,human,1,38,0,1.295559,0.886878,1.149002
3392,lm,0,10,0,1.236009,1.606547,1.985707
8838,human,0,72,0,1.161305,1.056306,1.226693
8838,lm,0,45,0,1.214603,0.863764,1.049131
820,human,0,30,0,1.091672,1.601393,1.748197
820,lm,0,83,0,1.588039,0.464878,0.738244
8539,human,0,41,0,1.406551,0.517517,0.727914
8539,lm,0,10,0,1.197720,1.065879,1.276625
8518,human,0,77,0,1.355704,0.471688,0.639470
8518,lm,0,6,0,1.103838,2.058091,2.271799
626,human,0,36,0,1.227428,1.022722,1.255318
626,lm,0,76,0,1.376596,0.690505,0.950547
3135,human,0,128,0,1.256220,0.797341,1.001636
3135,human,1,108,0,1.078477,1.155301,1.245966
3135,lm,0,94,0,1.339077,0.774326,1.036882
2578,human,0,128,0,1.332454,0.305038,0.406449
2578,human,1,54,0,1.121641,0.675046,0.757160
2578,lm,0,35,0,1.416978,0.311892,0.441943
4020,human,0,50,0,1.123018,1.205315,1.353590
4020,lm,0,43,0,1.321448,0.572215,0.756152
6362,human,0,71,0,1.230659,0.709691,0.873388
6362,lm,0,10,0,1.027993,2.166728,2.227382
5184,human,0,128,0,1.266818,0.564565,0.715201
5184,human,1,36,0,1.039911,1.415756,1.472261
5184,lm,0,10,0,1.054866,1.983576,2.092408
4903,human,0,128,0,1.127134,1.103876,1.244216
4903,human,1,10,0,1.050266,2.231197,2.343350
4903,lm,0,22,0,1.246096,1.042239,1.298729
3979,human,0,35,0,1.371007,0.676991,0.928160
3979,lm,0,12,0,1.239116,1.151776,1.427184
620,human,0,57,0,1.242915,0.807232,1.003321
620,lm,0,43,0,1.177184,0.975480,1.148320
6421,human,0,95,0,1.309987,0.549148,0.719376
6421,lm,0,10,0,1.185110,1.606547,1.903935
4040,human,0,128,0,1.179396,0.872890,1.029484
4040,human,1,128,0,1.166936,0.867492,1.012307
4040,human,2,119,0,1.173678,0.696965,0.818012
4040,lm,0,128,0,1.639440,0.187332,0.307119
4040,lm,1,4,0,1.019575,3.848229,3.923557
7776,human,0,128,0,1.160805,0.998895,1.159522
7776,human,1,128,0,1.123035,1.052482,1.181975
7776,human,2,128,0,1.249521,0.702045,0.877220
7776,human,3,128,0,1.110957,0.899965,0.999822
7776,human,4,74,0,1.081292,0.979512,1.059138
7776,lm,0,103,0,1.503870,0.385978,0.580460
1540,human,0,77,0,1.344286,0.385227,0.517855
1540,lm,0,128,0,1.285434,0.476114,0.612013
1540,lm,1,99,0,1.274793,0.425298,0.542167
8621,human,0,85,0,1.178325,0.656829,0.773957
8621,lm,0,93,0,1.381044,0.480626,0.663765
7213,human,0,53,0,1.104969,0.910169,1.005709
7213,lm,0,10,0,1.118455,1.068015,1.194527
4769,human,0,72,0,1.273821,0.655226,0.834640
4769,lm,0,37,0,1.260685,0.798286,1.006387
3644,human,0,128,0,1.277521,0.754579,0.963991
3644,human,1,48,0,1.309854,0.782751,1.025289
3644,lm,0,103,0,2.080552,0.241582,0.502625
6070,human,0,38,0,1.284611,0.773428,0.993555
6070,lm,0,10,0,1.066257,2.416034,2.576112
7500,human,0,97,0,1.410119,0.511739,0.721613
7500,lm,0,16,0,1.281287,0.956981,1.226167
8204,human,0,128,0,1.307166,0.523571,0.684394
8204,human,1,5,0,1.064008,2.658593,2.828764
8204,lm,0,102,0,1.570404,0.388936,0.610786
7626,human,0,89,0,1.301707,0.617985,0.804436
7626,lm,0,48,0,1.279650,0.745280,0.953697
6129,human,0,34,0,1.202096,0.948389,1.140055
6129,lm,0,44,0,1.178045,0.997653,1.175281
861,human,0,40,0,1.195501,1.107151,1.323600
861,lm,0,11,0,1.002620,3.437842,3.446848
5595,human,0,32,0,1.188689,1.122527,1.334336
5595,lm,0,128,0,1.450343,0.449923,0.652542
5595,lm,1,128,0,1.391383,0.348729,0.485216
5595,lm,2,128,0,1.322089,0.445293,0.588717
5595,lm,3,121,0,1.345748,0.425930,0.573194
8716,human,0,33,0,1.128521,1.479839,1.670030
8716,lm,0,20,0,1.132019,1.095153,1.239735
1048,human,0,128,0,1.382670,0.446337,0.617137
1048,human,1,128,0,1.328579,0.595221,0.790798
1048,human,2,38,0,1.117149,1.304344,1.457147
1048,lm,0,128,0,1.474791,0.326818,0.481989
1048,lm,1,128,0,1.376606,0.140479,0.193384
1048,lm,2,27,0,1.108872,0.313721,0.347877
2115,human,0,127,0,1.267704,0.689930,0.874627
2115,lm,0,25,0,1.330874,0.917372,1.220907
286,human,0,44,0,1.033179,1.653294,1.708148
286,lm,0,50,0,1.290442,0.910186,1.174542
2352,human,0,49,0,1.290990,0.802377,1.035861
2352,lm,0,25,0,1.346901,0.742191,0.999658
6270,human,0,56,0,1.248895,0.815379,1.018323
6270,lm,0,10,0,1.003669,3.540507,3.553498
7615,human,0,70,0,1.312167,0.733213,0.962098
7615,lm,0,16,0,1.154696,1.491955,1.722754
3052,human,0,128,0,1.537204,0.449768,0.691385
3052,human,1,124,0,1.365300,0.557845,0.761626
3052,lm,0,47,0,1.425287,0.676325,0.963957
5066,human,0,84,0,1.111086,0.940260,1.044710
5066,lm,0,128,0,1.648984,0.263517,0.434535
5066,lm,1,29,0,1.226496,0.867736,1.064275
2433,human,0,63,0,1.367593,0.676450,0.925108
2433,lm,0,126,0,2.099828,0.171737,0.360618
6805,human,0,78,0,1.214661,0.603689,0.733278
6805,lm,0,13,0,1.136361,1.226587,1.393846
8776,human,0,50,0,1.191942,0.820000,0.977393
8776,lm,0,94,0,1.772376,0.185191,0.328229
2595,human,0,128,0,1.200318,0.694705,0.833866
2595,human,1,128,0,1.088621,1.021689,1.112233
2595,human,2,128,0,1.102983,1.108560,1.222723
2595,human,3,128,0,1.103206,1.104485,1.218474
2595,human,4,95,0,1.137737,1.291161,1.469001
2595,lm,0,26,0,1.435178,0.585713,0.840603
6774,human,0,89,0,1.350474,0.599992,0.810273
6774,lm,0,12,0,1.172288,1.770928,2.076037
5402,human,0,20,0,1.066511,1.558254,1.661894
5402,lm,0,44,0,1.329094,0.522987,0.695098
2121,human,0,117,0,1.175629,0.821051,0.965252
2121,lm,0,12,0,1.134132,1.516000,1.719343
4190,human,0,128,0,1.471326,0.521815,0.767760
4190,human,1,63,0,1.402263,0.692277,0.970755
4190,lm,0,11,0,1.046137,2.573778,2.692524
987,human,0,94,0,1.206702,0.567046,0.684256
987,lm,0,49,0,1.304906,0.322651,0.421029
6668,human,0,128,0,1.177814,0.993720,1.170417
6668,human,1,128,0,1.207740,0.815449,0.984851
6668,human,2,128,0,1.074897,0.990221,1.064386
6668,human,3,128,0,1.249023,0.507344,0.633685
6668,human,4,128,0,1.045129,1.157514,1.209751
6668,human,5,85,0,1.162605,0.849179,0.987260
6668,lm,0,9,0,1.001711,2.492795,2.497059
2898,human,0,60,0,1.251054,0.772382,0.966291
2898,lm,0,83,0,1.243406,0.783291,0.973949
6554,human,0,56,0,1.170152,0.520432,0.608985
6554,lm,0,16,0,1.366726,0.445104,0.608336
3727,human,0,47,0,1.206105,0.994867,1.199914
3727,lm,0,13,0,1.138451,1.417855,1.614158
1562,human,0,93,0,1.285733,0.808337,1.039305
1562,lm,0,10,0,1.070806,2.062659,2.208708
4394,human,0,79,0,1.271765,0.675150,0.858632
4394,lm,0,128,0,1.787065,0.266952,0.477061
4394,lm,1,54,0,1.180044,1.145736,1.352020
8053,human,0,24,0,1.118752,1.576373,1.763571
8053,lm,0,9,0,0.985966,2.869244,2.828977
8734,human,0,51,0,1.113618,1.167745,1.300422
8734,lm,0,128,0,1.994549,0.099996,0.199446
8734,lm,1,13,0,1.144391,0.866949,0.992129
6654,human,0,66,0,1.227671,0.744155,0.913578
6654,lm,0,128,0,1.700594,0.386100,0.656600
6654,lm,1,71,0,1.162173,0.810775,0.942260
4853,human,0,38,0,1.536539,0.438436,0.673674
4853,lm,0,75,0,1.766582,0.298496,0.527317
671,human,0,116,0,1.227390,0.634351,0.778596
671,lm,0,51,0,1.186729,0.725478,0.860946
3509,human,0,96,0,1.384279,0.501945,0.694832
3509,lm,0,92,0,1.474078,0.425118,0.626657
8565,human,0,33,0,1.156579,1.008860,1.166826
8565,lm,0,128,0,1.413405,0.503278,0.711336
8565,lm,1,38,0,1.115808,1.207099,1.346891
3343,human,0,128,0,1.385939,0.609321,0.844482
3343,human,1,4,0,1.196936,1.304342,1.561215
3343,lm,0,98,0,1.732508,0.336935,0.583743
250,human,0,128,0,1.112155,0.870021,0.967598
250,human,1,8,0,0.912991,6.784377,6.194076
250,lm,0,128,0,1.424882,0.395984,0.564231
250,lm,1,34,0,1.247171,0.901850,1.124761
2964,human,0,36,0,1.156387,1.001244,1.157825
2964,lm,0,43,0,1.286830,0.840874,1.082062
4941,human,0,75,0,1.211243,0.704544,0.853374
4941,lm,0,56,0,1.211405,0.614380,0.744262
6909,human,0,128,0,1.408919,0.340642,0.479937
6909,human,1,22,0,1.110074,1.573587,1.746797
6909,lm,0,10,0,1.046999,1.931108,2.021869
1479,human,0,86,0,1.230451,0.488230,0.600743
1479,lm,0,11,0,1.214574,1.615741,1.962436
579,human,0,128,0,1.398506,0.484473,0.677538
579,human,1,86,0,1.250305,0.741288,0.926836
579,lm,0,128,0,1.553974,0.360328,0.559940
579,lm,1,9,0,1.039825,2.074927,2.157561
2037,human,0,83,0,1.254795,0.820885,1.030042
2037,lm,0,10,0,1.061289,2.208453,2.343808
8420,human,0,52,0,1.463853,0.368712,0.539740
8420,lm,0,128,0,1.933381,0.285717,0.552400
8420,lm,1,21,0,1.328159,1.222319,1.623435
3635,human,0,105,0,1.550495,0.330599,0.512593
3635,lm,0,128,0,2.054882,0.158101,0.324879
3635,lm,1,128,0,1.804597,0.164045,0.296036
3635,lm,2,51,0,1.449123,0.379606,0.550096
726,human,0,120,0,1.123564,0.909724,1.022134
726,lm,0,23,0,1.206277,0.945310,1.140306
8909,human,0,128,0,1.409885,0.388166,0.547270
8909,human,1,128,0,1.368647,0.563345,0.771021
8909,human,2,128,0,1.205976,0.780081,0.940759
8909,human,3,82,0,1.184825,0.933958,1.106576
8909,lm,0,12,0,1.127476,0.877006,0.988804
1252,human,0,128,0,1.365209,0.632848,0.863970
1252,human,1,128,0,1.110032,1.248950,1.386375
1252,human,2,67,0,1.040098,1.576138,1.639338
1252,lm,0,66,0,1.296596,0.852074,1.104795
2939,human,0,74,0,1.304540,0.700104,0.913314
2939,lm,0,71,0,1.521517,0.423437,0.644267
5048,human,0,68,0,1.647133,0.448102,0.738084
5048,lm,0,103,0,1.719843,0.369582,0.635623
8957,human,0,128,0,1.095687,0.953312,1.044531
8957,human,1,128,0,1.143886,0.842128,0.963299
8957,human,2,128,0,1.074528,1.390191,1.493799
8957,human,3,128,0,1.115636,1.097701,1.224635
8957,human,4,128,0,1.130569,1.059296,1.197607
8957,human,5,53,0,1.116174,1.543046,1.722308
8957,lm,0,66,0,1.613822,0.408566,0.659354
4956,human,0,35,0,1.193888,0.849166,1.013810
4956,lm,0,62,0,1.550188,0.369604,0.572956
507,human,0,27,0,1.156026,1.628816,1.882954
507,lm,0,64,0,1.602699,0.434059,0.695666
5797,human,0,74,0,1.088218,0.864179,0.940415
5797,lm,0,128,0,1.486380,0.194144,0.288572
5797,lm,1,128,0,1.203581,0.245788,0.295825
5797,lm,2,13,0,1.047080,1.928231,2.019012
891,human,0,41,0,1.212575,0.821110,0.995658
891,lm,0,11,0,1.098856,2.075128,2.280267
1088,human,0,72,0,1.348458,0.774723,1.044681
1088,lm,0,108,0,1.554901,0.498372,0.774919
3360,human,0,56,0,1.099602,1.299224,1.428629
3360,lm,0,26,0,1.064109,2.302858,2.450491
6197,human,0,44,0,1.175906,1.105863,1.300391
6197,lm,0,34,0,1.194256,1.140664,1.362245
500,human,0,70,0,1.360386,0.542602,0.738148
500,lm,0,21,0,1.211261,1.229517,1.489265
3965,human,0,41,0,1.173835,1.305006,1.531862
3965,lm,0,11,0,1.088249,2.210270,2.405323
1147,human,0,48,0,1.095774,1.252763,1.372745
1147,lm,0,21,0,1.147133,1.331692,1.527628
4007,human,0,21,0,1.077210,1.479023,1.593218
4007,lm,0,12,0,1.106856,1.674856,1.853824
6253,human,0,25,0,1.179893,1.352347,1.595624
6253,lm,0,6,0,1.080079,2.205160,2.381747
1127,human,0,128,0,1.089912,0.834199,0.909204
1127,human,1,128,0,1.171594,0.740385,0.867431
1127,human,2,23,0,1.052152,1.509622,1.588352
1127,lm,0,128,0,1.428894,0.325229,0.464718
1127,lm,1,128,0,1.284851,0.430498,0.553125
1127,lm,2,128,0,1.189798,0.532432,0.633486
1127,lm,3,41,0,1.192582,1.039440,1.239618
5803,human,0,88,0,1.110514,0.969781,1.076955
5803,lm,0,50,0,1.689749,0.337477,0.570252
1243,human,0,128,0,1.318200,0.445533,0.587302
1243,lm,0,78,0,1.418645,0.365271,0.518190
6152,human,0,89,0,1.407953,0.520336,0.732608
6152,lm,0,32,0,1.474193,0.660804,0.974152
8350,human,0,128,0,1.211182,0.938036,1.136132
8350,human,1,128,0,1.306490,0.534196,0.697922
8350,human,2,67,0,1.090255,1.300524,1.417903
8350,lm,0,128,0,1.695271,0.317076,0.537530
8350,lm,1,6,0,1.125197,1.763030,1.983757
6799,human,0,128,0,1.318328,0.570507,0.752116
6799,human,1,64,0,1.399150,0.530827,0.742706
6799,lm,0,42,0,1.194570,0.829904,0.991378
2110,human,0,118,0,1.607199,0.449920,0.723112
2110,lm,0,58,0,1.663381,0.530493,0.882412
6477,human,0,20,0,1.080326,1.126025,1.216474
6477,lm,0,42,0,1.168020,1.093555,1.277294
6905,human,0,45,0,1.208560,0.921286,1.113429
6905,lm,0,24,0,1.213305,0.773870,0.938941
8405,human,0,126,0,1.167797,0.809366,0.945176
8405,lm,0,36,0,1.446921,0.452586,0.654856
6575,human,0,128,0,1.249295,0.538491,0.672734
6575,human,1,128,0,1.128038,0.836586,0.943701
6575,human,2,4,0,1.007683,2.469487,2.488461
6575,lm,0,82,0,1.539747,0.251889,0.387846
3620,human,0,28,0,1.302384,0.582314,0.758396
3620,lm,0,9,0,1.152517,1.213112,1.398132
5235,human,0,121,0,1.366449,0.414963,0.567025
5235,lm,0,73,0,1.477333,0.467560,0.690741
5201,human,0,40,0,1.324730,0.821349,1.088065
5201,lm,0,8,0,1.077383,3.370432,3.631248
5140,human,0,128,0,1.349821,0.528182,0.712951
5140,human,1,128,0,1.128484,1.007667,1.137136
5140,human,2,128,0,1.199875,0.744891,0.893776
5140,human,3,75,0,1.264803,0.916809,1.159582
5140,lm,0,128,0,1.420648,0.428015,0.608059
5140,lm,1,107,0,1.207863,0.715857,0.864657
1589,human,0,87,0,1.318722,0.697625,0.919973
1589,lm,0,44,0,1.711188,0.495119,0.847241
24,human,0,21,0,1.068394,1.379368,1.473709
24,lm,0,128,0,1.457282,0.434822,0.633658
24,lm,1,103,0,1.682582,0.399213,0.671709
1441,human,0,47,0,1.181732,1.210250,1.430191
1441,lm,0,10,0,1.034441,2.383127,2.465206
1336,human,0,55,0,1.311165,0.706605,0.926477
1336,lm,0,26,0,1.358874,0.756665,1.028212
5418,human,0,60,0,1.215685,0.525097,0.638352
5418,lm,0,128,0,1.438577,0.301082,0.433130
5418,lm,1,128,0,1.462862,0.210966,0.308614
5418,lm,2,43,0,1.174974,0.567305,0.666569
837,human,0,53,0,1.389140,0.688804,0.956846
837,lm,0,28,0,1.528039,0.790190,1.207440
8092,human,0,38,0,1.565640,0.540637,0.846442
8092,lm,0,38,0,1.583853,0.519632,0.823020
677,human,0,128,0,1.384992,0.526691,0.729463
677,human,1,74,0,1.201431,0.805796,0.968109
677,lm,0,61,0,1.451295,0.514174,0.746219
6704,human,0,59,0,1.134493,0.917575,1.040983
6704,lm,0,10,0,1.045942,2.160373,2.259624
8963,human,0,36,0,1.316946,0.746797,0.983491
8963,lm,0,35,0,1.480074,0.483652,0.715841
8899,human,0,53,0,1.179791,0.822509,0.970389
8899,lm,0,10,0,1.086276,2.495487,2.710789
7847,human,0,44,0,1.317406,0.726017,0.956459
7847,lm,0,51,0,1.597083,0.380652,0.607933
318,human,0,128,0,1.265327,0.532904,0.674298
318,human,1,82,0,1.101722,1.046791,1.153272
318,lm,0,128,0,1.713626,0.199482,0.341837
318,lm,1,128,0,1.453599,0.268979,0.390988
318,lm,2,128,0,1.407204,0.286545,0.403227
318,lm,3,1,0,1.000000,2.109677,2.109677
8897,human,0,128,0,1.161765,0.884249,1.027290
8897,human,1,60,0,0.951555,1.846521,1.757066
8897,lm,0,37,0,1.403995,0.606630,0.851705
749,human,0,42,0,1.356479,0.363946,0.493685
749,lm,0,30,0,1.255994,0.593955,0.746004
4131,human,0,122,0,1.108417,1.071516,1.187687
4131,lm,0,24,0,1.062564,2.062050,2.191060
385,human,0,128,0,1.263226,0.679578,0.858460
385,human,1,128,0,1.233260,0.509051,0.627792
385,human,2,16,0,1.140595,1.731333,1.974749
385,lm,0,109,0,1.674432,0.406811,0.681177
170,human,0,128,0,1.367460,0.492532,0.673517
170,human,1,25,0,1.231108,0.873656,1.075566
170,lm,0,27,0,1.296146,0.706339,0.915518
7115,human,0,12,0,1.222472,0.828839,1.013232
7115,lm,0,6,0,1.060538,3.373955,3.578207
1822,human,0,10,0,1.095081,1.148396,1.257586
1822,lm,0,128,0,1.915781,0.227353,0.435558
1822,lm,1,128,0,1.389105,0.322468,0.447942
1822,lm,2,128,0,1.734120,0.200455,0.347613
1822,lm,3,128,0,1.436873,0.287225,0.412707
1822,lm,4,32,0,1.097932,1.047540,1.150128
7368,human,0,128,0,1.301033,0.405516,0.527590
7368,human,1,128,0,1.285027,0.494747,0.635764
7368,human,2,128,0,1.278168,0.482752,0.617038
7368,human,3,66,0,1.289030,0.443401,0.571557
7368,lm,0,37,0,1.334095,0.243317,0.324608
3191,human,0,53,0,1.328531,0.527983,0.701442
3191,lm,0,44,0,1.400382,0.786507,1.101409
2899,human,0,128,0,1.177846,0.890279,1.048612
2899,human,1,100,0,0.953056,1.366352,1.302210
2899,lm,0,53,0,1.132233,1.095037,1.239837
2152,human,0,128,0,1.496721,0.474626,0.710382
2152,human,1,128,0,1.339604,0.652377,0.873927
2152,human,2,128,0,1.513948,0.615948,0.932513
2152,human,3,128,0,1.314794,0.559990,0.736271
2152,human,4,128,0,1.411195,0.759372,1.071622
2152,human,5,6,0,1.169222,1.810020,2.116315
2152,lm,0,128,0,1.986230,0.278433,0.553032
2152,lm,1,12,0,1.239839,1.545840,1.916593
8267,human,0,64,0,1.325577,0.525975,0.697220
8267,lm,0,16,0,1.053361,1.733874,1.826396
5830,human,0,95,0,1.327932,0.446217,0.592546
5830,lm,0,81,0,1.411456,0.285309,0.402701
895,human,0,72,0,1.454221,0.609860,0.886871
895,lm,0,51,0,1.861367,0.426230,0.793371
2429,human,0,91,0,1.184398,0.654798,0.775542
2429,lm,0,128,0,2.196286,0.151733,0.333250
2429,lm,1,38,0,1.439019,0.614169,0.883800
3846,human,0,38,0,1.169198,1.164700,1.361765
3846,lm,0,63,0,1.319945,0.650334,0.858405
7004,human,0,128,0,1.134954,0.828754,0.940598
7004,human,1,128,0,1.093992,0.934457,1.022289
7004,human,2,7,0,1.062992,4.669544,4.963688
7004,lm,0,10,0,1.153735,1.335646,1.540982
5338,human,0,24,0,1.132949,0.833979,0.944856
5338,lm,0,19,0,1.152589,1.271367,1.465364
4805,human,0,24,0,1.450225,0.499592,0.724521
4805,lm,0,22,0,1.146589,0.926911,1.062786
8605,human,0,111,0,1.488148,0.454889,0.676942
8605,lm,0,128,0,2.084991,0.234215,0.488337
8605,lm,1,5,0,1.088183,2.480799,2.699564
3252,human,0,13,0,1.295664,1.100222,1.425517
3252,lm,0,13,0,1.300128,1.073191,1.395285
1046,human,0,67,0,1.169616,0.997668,1.166888
1046,lm,0,68,0,1.265566,0.773985,0.979529
8652,human,0,89,0,1.202847,0.842436,1.013321
8652,lm,0,26,0,1.188262,1.151781,1.368618
520,human,0,67,0,1.289873,0.723700,0.933481
520,lm,0,128,0,1.811630,0.329564,0.597047
520,lm,1,21,0,1.267604,0.823852,1.044318
7627,human,0,102,0,1.282193,0.530939,0.680767
7627,lm,0,61,0,1.352208,0.575129,0.777695
8477,human,0,116,0,1.404056,0.530421,0.744741
8477,lm,0,42,0,1.718457,0.415109,0.713346
705,human,0,59,0,1.545994,0.333737,0.515955
705,lm,0,13,0,1.156570,1.128681,1.305399
6646,human,0,61,0,1.249035,0.700161,0.874526
6646,lm,0,16,0,1.071422,2.088521,2.237688
162,human,0,66,0,1.582940,0.338758,0.536233
162,lm,0,26,0,1.367204,0.647528,0.885303
5170,human,0,36,0,1.082514,1.282938,1.388799
5170,lm,0,33,0,1.136735,0.519006,0.589972
228,human,0,34,0,1.351924,0.481888,0.651475
228,lm,0,55,0,1.598258,0.384741,0.614915
3683,human,0,16,0,1.182597,1.101668,1.302829
3683,lm,0,10,0,1.153113,1.514316,1.746178
6556,human,0,126,0,1.365442,0.550334,0.751449
6556,lm,0,106,0,1.871402,0.210410,0.393762
138,human,0,29,0,1.134112,1.176807,1.334632
138,lm,0,10,0,1.224783,1.606547,1.967672
4954,human,0,128,0,1.280196,0.655250,0.838849
4954,human,1,18,0,1.066073,2.072147,2.209061
4954,lm,0,75,0,1.430563,0.478666,0.684762
5485,human,0,31,0,1.169927,0.901800,1.055040
5485,lm,0,7,0,1.112320,1.659986,1.846436
3796,human,0,128,0,1.373431,0.546894,0.751122
3796,human,1,128,0,1.476588,0.271476,0.400858
3796,human,2,76,0,1.462458,0.510344,0.746357
3796,lm,0,128,0,2.026875,0.148034,0.300046
3796,lm,1,33,0,1.373074,0.454324,0.623821
5382,human,0,128,0,1.400183,0.520252,0.728448
5382,human,1,29,0,0.998003,1.207203,1.204792
5382,lm,0,73,0,1.521744,0.424729,0.646329
3670,human,0,128,0,1.307895,0.623362,0.815292
3670,human,1,128,0,1.412528,0.390818,0.552041
3670,human,2,36,0,1.366680,0.759761,1.038351
3670,lm,0,17,0,1.083138,1.284240,1.391009
4488,human,0,128,0,1.570271,0.351414,0.551815
4488,human,1,34,0,1.214825,1.352884,1.643517
4488,lm,0,97,0,1.797462,0.199646,0.358856
3295,human,0,128,0,1.234104,0.752219,0.928317
3295,human,1,80,0,1.200704,0.707143,0.849070
3295,lm,0,66,0,1.132862,1.110730,1.258305
3000,human,0,36,0,1.142518,1.197512,1.368179
3000,lm,0,23,0,1.264942,0.637685,0.806635
6475,human,0,128,0,1.257928,0.575994,0.724559
6475,human,1,17,0,1.077942,1.844100,1.987833
6475,lm,0,128,0,1.439205,0.458854,0.660384
6475,lm,1,2,0,0.996834,6.049881,6.030727
7,human,0,30,0,1.168738,1.073977,1.255198
7,lm,0,14,0,1.087747,1.488662,1.619288
6472,human,0,61,0,1.218379,0.612482,0.746235
6472,lm,0,32,0,1.136146,0.859532,0.976554
8925,human,0,126,0,1.447620,0.501044,0.725322
8925,lm,0,9,0,1.084413,1.553093,1.684194
3298,human,0,69,0,1.194036,0.923024,1.102124
3298,lm,0,11,0,1.173809,1.176486,1.380970
1536,human,0,106,0,1.286188,0.717741,0.923150
1536,lm,0,43,0,1.732156,0.397519,0.688565
7748,human,0,128,0,1.186568,0.601407,0.713611
7748,human,1,37,0,1.281033,0.586693,0.751573
7748,lm,0,128,0,1.300280,0.503643,0.654877
7748,lm,1,65,0,1.296080,0.560845,0.726901
4645,human,0,30,0,1.084733,1.313984,1.425321
4645,lm,0,17,0,1.159060,0.716094,0.829996
6301,human,0,60,0,1.105361,1.187258,1.312348
6301,lm,0,37,0,1.276953,0.942504,1.203533
8564,human,0,56,0,1.176440,0.747939,0.879905
8564,lm,0,61,0,1.214034,0.619954,0.752645
1830,human,0,128,0,1.146666,0.779298,0.893595
1830,human,1,128,0,1.199779,0.615619,0.738607
1830,human,2,27,0,1.075383,1.470574,1.581431
1830,lm,0,9,0,1.004759,1.630237,1.637994
961,human,0,116,0,1.508119,0.354162,0.534119
961,lm,0,50,0,1.396599,0.446800,0.624000
5986,human,0,27,0,1.181146,1.142979,1.350026
5986,lm,0,68,0,1.558033,0.447059,0.696533
2869,human,0,40,0,1.218902,0.765226,0.932735
2869,lm,0,128,0,2.342290,0.102753,0.240678
2869,lm,1,128,0,2.115112,0.129208,0.273290
6786,human,0,97,0,1.378924,0.547143,0.754468
6786,lm,0,24,0,1.239854,0.764403,0.947748
4987,human,0,62,0,1.284881,0.714321,0.917817
4987,lm,0,10,0,1.208870,1.034428,1.250490
6713,human,0,71,0,1.407642,0.713689,1.004618
6713,lm,0,10,0,1.062319,2.625833,2.789473
2665,human,0,77,0,1.262093,0.574878,0.725549
2665,lm,0,72,0,1.543740,0.567179,0.875576
1834,human,0,52,0,1.056262,1.285693,1.358028
1834,lm,0,119,0,1.700840,0.215866,0.367154
8844,human,0,82,0,1.366753,0.524053,0.716251
8844,lm,0,10,0,1.230475,1.606547,1.976815
325,human,0,25,0,1.123575,1.140782,1.281754
325,lm,0,10,0,1.051174,1.296439,1.362782
1295,human,0,110,0,1.171484,0.688483,0.806546
1295,lm,0,60,0,1.260538,0.657785,0.829163
2384,human,0,20,0,1.051975,1.480601,1.557556
2384,lm,0,38,0,1.564985,0.596366,0.933304
5927,human,0,118,0,1.745277,0.294188,0.513439
5927,lm,0,128,0,2.208207,0.157235,0.347206
5927,lm,1,128,0,1.865892,0.154176,0.287677
5927,lm,2,17,0,1.082107,1.007243,1.089946
155,human,0,122,0,1.313478,0.576714,0.757502
155,lm,0,31,0,1.480628,0.382972,0.567039
3458,human,0,128,0,1.231228,0.652487,0.803360
3458,human,1,58,0,1.049169,2.039135,2.139398
3458,lm,0,79,0,1.454059,0.542212,0.788407
4845,human,0,113,0,1.393747,0.499715,0.696476
4845,lm,0,40,0,1.322846,0.610243,0.807258
8200,human,0,128,0,1.476204,0.437568,0.645940
8200,human,1,18,0,1.118944,1.606959,1.798097
8200,lm,0,9,0,1.184723,1.338360,1.585586
6882,human,0,41,0,1.255497,0.796536,1.000049
6882,lm,0,10,0,1.225517,1.606547,1.968851
7176,human,0,55,0,1.245886,0.820122,1.021779
7176,lm,0,9,0,1.125301,0.929649,1.046135
2654,human,0,73,0,1.245641,0.753325,0.938372
2654,lm,0,75,0,1.364756,0.575252,0.785078
261,human,0,24,0,1.112356,1.413356,1.572154
261,lm,0,60,0,1.226224,1.034570,1.268615
8495,human,0,128,0,1.142826,0.964605,1.102375
8495,human,1,128,0,1.224347,0.756350,0.926035
8495,human,2,128,0,1.099232,0.888569,0.976743
8495,human,3,128,0,1.250802,0.722150,0.903266
8495,human,4,128,0,1.036223,1.129929,1.170858
8495,human,5,128,0,1.066324,1.069916,1.140878
8495,human,6,86,0,1.037108,1.513386,1.569545
8495,lm,0,128,0,1.385798,0.610098,0.845472
8495,lm,1,128,0,1.342860,0.521137,0.699814
8495,lm,2,128,0,1.246226,0.686852,0.855973
8495,lm,3,128,0,1.342857,0.549145,0.737423
8495,lm,4,76,0,1.270536,0.781030,0.992327
6036,human,0,128,0,1.378476,0.551188,0.759800
6036,human,1,113,0,1.151002,0.969462,1.115853
6036,lm,0,63,0,1.376109,0.624857,0.859871
6965,human,0,20,0,1.210468,0.726591,0.879516
6965,lm,0,8,0,1.073522,2.402705,2.579358
8869,human,0,114,0,1.471635,0.349406,0.514198
8869,lm,0,27,0,1.422637,0.599617,0.853037
2263,human,0,128,0,1.265889,0.876652,1.109745
2263,human,1,128,0,1.101571,1.055678,1.162904
2263,human,2,88,0,1.126912,0.936279,1.055104
2263,lm,0,28,0,1.167017,1.109124,1.294367
3399,human,0,77,0,1.114310,0.881709,0.982498
3399,lm,0,10,0,1.084281,2.373338,2.573366
428,human,0,40,0,1.197336,1.110992,1.330230
428,lm,0,87,0,1.351772,0.701921,0.948837
110,human,0,35,0,1.251373,0.562214,0.703539
110,lm,0,52,0,1.666471,0.257709,0.429465
7254,human,0,102,0,1.378514,0.429946,0.592686
7254,lm,0,81,0,1.807532,0.254124,0.459338
6392,human,0,128,0,1.210527,0.887367,1.074181
6392,human,1,128,0,1.162002,0.818918,0.951584
6392,human,2,128,0,1.158166,1.015490,1.176106
6392,human,3,128,0,1.056995,1.145209,1.210479
6392,human,4,128,0,1.135984,1.064010,1.208698
6392,human,5,45,0,1.060829,1.681758,1.784057
6392,lm,0,43,0,1.366077,0.765921,1.046307
1789,human,0,128,0,1.614299,0.380280,0.613886
1789,human,1,43,0,1.211849,1.026410,1.243853
1789,lm,0,115,0,1.810083,0.271384,0.491227
654,human,0,110,0,1.303541,0.489674,0.638310
654,lm,0,50,0,1.365904,0.571508,0.780625
949,human,0,128,0,1.236103,0.656601,0.811626
949,human,1,128,0,1.082632,0.700519,0.758404
949,human,2,128,0,1.171598,0.631045,0.739330
949,human,3,128,0,1.191414,0.552985,0.658834
949,human,4,128,0,1.128225,0.786007,0.886793
949,human,5,121,0,1.100644,1.010318,1.112000
949,lm,0,109,0,1.308015,0.689308,0.901626
2307,human,0,128,0,1.127923,0.974681,1.099365
2307,human,1,128,0,1.129317,0.802735,0.906542
2307,human,2,128,0,1.111298,0.954850,1.061122
2307,human,3,128,0,1.130530,0.842159,0.952086
2307,human,4,128,0,1.048230,1.170537,1.226992
2307,human,5,24,0,1.027980,2.739720,2.816378
2307,lm,0,128,0,1.608277,0.403576,0.649062
2307,lm,1,128,0,1.515644,0.440378,0.667457
2307,lm,2,128,0,1.570879,0.400073,0.628466
2307,lm,3,128,0,1.576498,0.382950,0.603721
2307,lm,4,11,0,1.032877,2.942960,3.039714
8971,human,0,21,0,1.155399,1.122650,1.297109
8971,lm,0,10,0,1.276830,0.646517,0.825493
8372,human,0,50,0,1.257464,0.842383,1.059266
8372,lm,0,128,0,1.696098,0.326263,0.553373
8372,lm,1,44,0,1.154156,1.158374,1.336945
4338,human,0,128,0,1.297515,0.647702,0.840403
4338,lm,0,100,0,1.597617,0.414453,0.662136
1670,human,0,38,0,1.264134,0.997362,1.260800
1670,lm,0,40,0,1.243355,0.886576,1.102329
8821,human,0,43,0,1.313251,0.733663,0.963484
8821,lm,0,10,0,1.066744,3.197141,3.410531
8614,human,0,93,0,1.179701,0.810807,0.956510
8614,lm,0,17,0,1.020388,1.482133,1.512351
2883,human,0,96,0,1.276491,0.693885,0.885737
2883,lm,0,58,0,1.301395,0.756545,0.984564
844,human,0,44,0,1.142795,1.142522,1.305669
844,lm,0,49,0,1.443745,0.533455,0.770173
2991,human,0,128,0,1.318842,0.561478,0.740500
2991,human,1,111,0,1.471775,0.440122,0.647760
2991,lm,0,128,0,1.339219,0.397476,0.532307
2991,lm,1,128,0,1.261229,0.437544,0.551843
2991,lm,2,128,0,1.369978,0.395920,0.542402
2991,lm,3,128,0,1.285955,0.442392,0.568896
2991,lm,4,67,0,1.370343,0.576912,0.790567
3176,human,0,128,0,1.508041,0.388744,0.586242
3176,human,1,128,0,1.137362,0.824740,0.938028
3176,human,2,3,0,1.019655,5.170757,5.272389
3176,lm,0,56,0,1.404205,0.401483,0.563764
2087,human,0,128,0,1.387578,0.582960,0.808902
2087,human,1,51,0,1.171198,0.891238,1.043817
2087,lm,0,62,0,1.393792,0.548669,0.764730
5655,human,0,24,0,1.188250,1.079821,1.283097
5655,lm,0,21,0,1.157160,1.395315,1.614603
8185,human,0,29,0,1.296890,0.541084,0.701727
8185,lm,0,9,0,1.002964,3.175673,3.185085
3814,human,0,128,0,1.292584,0.579488,0.749036
3814,human,1,13,0,1.084094,1.405107,1.523269
3814,lm,0,128,0,1.931813,0.183208,0.353924
3814,lm,1,128,0,2.084701,0.189332,0.394700
3814,lm,2,79,0,1.663411,0.257286,0.427973
4738,human,0,59,0,1.145169,0.829787,0.950247
4738,lm,0,128,0,1.911009,0.284719,0.544101
4738,lm,1,128,0,1.297965,0.542105,0.703633
4738,lm,2,128,0,1.761234,0.281106,0.495093
4738,lm,3,60,0,1.590293,0.380703,0.605429
5464,human,0,26,0,1.220844,1.085433,1.325144
5464,lm,0,32,0,1.205453,1.066103,1.285137
857,human,0,128,0,1.352222,0.504945,0.682798
857,human,1,1,0,1.000000,2.677763,2.677763
857,lm,0,10,0,1.051845,2.362479,2.484962
7190,human,0,100,0,1.536669,0.377427,0.579981
7190,lm,0,128,0,1.651113,0.309019,0.510225
7190,lm,1,48,0,1.398053,0.728494,1.018473
6730,human,0,52,0,1.153455,0.912761,1.052829
6730,lm,0,46,0,1.187920,1.377266,1.636083
5012,human,0,38,0,1.186381,0.855909,1.015434
5012,lm,0,8,0,1.118287,2.893095,3.235309
623,human,0,50,0,1.367420,0.654377,0.894809
623,lm,0,9,0,1.063774,3.690751,3.926127
2641,human,0,128,0,1.309252,0.673180,0.881362
2641,human,1,95,0,1.201268,0.886230,1.064599
2641,lm,0,18,0,1.105843,1.830006,2.023700
1144,human,0,12,0,1.060797,1.360926,1.443666
1144,lm,0,6,0,1.081410,2.563004,2.771658
3323,human,0,128,0,1.232094,0.586811,0.723007
3323,human,1,128,0,1.149236,0.701333,0.805997
3323,human,2,128,0,1.212720,0.708835,0.859619
3323,human,3,128,0,1.126339,0.803305,0.904794
3323,human,4,128,0,1.126666,0.723492,0.815134
3323,human,5,128,0,1.363280,0.502792,0.685446
3323,human,6,128,0,1.273039,0.554783,0.706260
3323,lm,0,128,0,1.397406,0.428082,0.598205
3323,lm,1,128,0,1.191071,0.554329,0.660245
3323,lm,2,128,0,1.147926,0.620954,0.712809
3323,lm,3,16,0,0.950019,3.240413,3.078454
8526,human,0,64,0,1.138621,0.959511,1.092519
8526,lm,0,69,0,1.480906,0.484220,0.717084
574,human,0,14,0,1.088325,1.624555,1.768044
574,lm,0,128,0,1.428327,0.479445,0.684804
574,lm,1,128,0,1.380180,0.454371,0.627113
574,lm,2,67,0,1.235052,0.542779,0.670361
4135,human,0,128,0,1.323757,0.538678,0.713078
4135,human,1,7,0,0.926304,5.205905,4.822250
4135,lm,0,82,0,1.449778,0.404798,0.586867
3804,human,0,128,0,1.238689,0.945697,1.171424
3804,human,1,128,0,1.176755,0.847955,0.997835
3804,human,2,128,0,1.112773,1.288400,1.433696
3804,human,3,128,0,1.154586,0.971617,1.121815
3804,human,4,128,0,1.012261,1.445476,1.463200
3804,human,5,128,0,1.108195,1.191183,1.320063
3804,human,6,128,0,1.092363,1.163945,1.271451
3804,human,7,44,0,1.147377,1.547249,1.775278
3804,lm,0,128,0,1.267663,0.694797,0.880769
3804,lm,1,35,0,1.048177,1.922831,2.015468
7542,human,0,32,0,1.272178,1.182306,1.504104
7542,lm,0,128,0,1.704360,0.254478,0.433722
7542,lm,1,128,0,1.776504,0.198579,0.352777
7542,lm,2,128,0,1.754583,0.216473,0.379820
7542,lm,3,93,0,1.656172,0.261288,0.432738
6143,human,0,44,0,1.192587,0.891786,1.063533
6143,lm,0,74,0,1.346691,0.700407,0.943232
2892,human,0,44,0,1.054757,1.175680,1.240056
2892,lm,0,55,0,1.535150,0.199020,0.305525
1725,human,0,128,0,1.212258,0.760762,0.922240
1725,human,1,44,0,1.068163,1.422270,1.519217
1725,lm,0,103,0,1.587301,0.398908,0.633187
960,human,0,128,0,1.291190,0.766860,0.990162
960,human,1,13,0,1.031941,1.945671,2.007817
960,lm,0,50,0,1.411854,0.496368,0.700799
843,human,0,113,0,1.235847,0.726147,0.897407
843,lm,0,82,0,1.297795,0.737285,0.956846
5707,human,0,77,0,1.047071,1.104703,1.156703
5707,lm,0,11,0,1.031779,2.048888,2.114000
6213,human,0,37,0,1.285380,0.455231,0.585145
6213,lm,0,106,0,1.928078,0.189103,0.364605
8122,human,0,100,0,1.346971,0.406661,0.547760
8122,lm,0,128,0,1.257231,0.585714,0.736378
8122,lm,1,128,0,1.214650,0.532774,0.647133
8122,lm,2,58,0,1.124815,1.050671,1.181810
7474,human,0,128,0,1.205909,0.799951,0.964668
7474,human,1,52,0,0.964233,1.522034,1.467596
7474,lm,0,11,0,1.039074,2.780872,2.889531
4206,human,0,91,0,1.211018,0.934689,1.131926
4206,lm,0,36,0,1.239591,0.425495,0.527440
1784,human,0,42,0,1.238730,0.632493,0.783488
1784,lm,0,86,0,1.761857,0.184668,0.325359
2728,human,0,69,0,1.152739,0.969335,1.117390
2728,lm,0,37,0,1.550683,0.486283,0.754070
6103,human,0,128,0,1.165357,0.748234,0.871960
6103,human,1,33,0,1.102115,1.719670,1.895274
6103,lm,0,6,0,1.041859,2.720611,2.834493
8602,human,0,128,0,1.131502,0.990516,1.120772
8602,human,1,128,0,1.233068,0.600804,0.740833
8602,human,2,121,0,1.125882,1.148823,1.293440
8602,lm,0,11,0,1.086948,2.114922,2.298809
8147,human,0,52,0,1.111897,1.202262,1.336792
8147,lm,0,47,0,1.167989,1.089688,1.272744
2171,human,0,128,0,1.231524,0.739304,0.910471
2171,human,1,57,0,1.229522,0.918908,1.129817
2171,lm,0,37,0,1.346081,0.802834,1.080680
3070,human,0,93,0,1.364471,0.464827,0.634244
3070,lm,0,91,0,1.623405,0.291738,0.473610
6075,human,0,73,0,1.251428,0.850149,1.063900
6075,lm,0,10,0,1.040223,2.932079,3.050017
1312,human,0,89,0,1.118628,1.162268,1.300145
1312,lm,0,13,0,1.297130,0.891643,1.156577
1313,human,0,110,0,1.235432,0.611312,0.755235
1313,lm,0,10,0,1.083511,1.738217,1.883378
7461,human,0,93,0,1.231262,0.610144,0.751248
7461,lm,0,128,0,2.195770,0.097921,0.215012
7461,lm,1,101,0,1.564590,0.168821,0.264135
3142,human,0,13,0,1.098735,1.509155,1.658161
3142,lm,0,9,0,1.041748,3.690751,3.844833
8568,human,0,64,0,1.175408,0.899990,1.057856
8568,lm,0,35,0,1.201816,1.010325,1.214225
3347,human,0,122,0,1.449056,0.446448,0.646928
3347,lm,0,115,0,1.978896,0.231553,0.458219
5479,human,0,128,0,1.233346,0.825342,1.017932
5479,human,1,18,0,1.085234,1.298079,1.408720
5479,lm,0,9,0,1.043796,1.529128,1.596097
6081,human,0,39,0,1.317944,0.597625,0.787636
6081,lm,0,11,0,1.090873,1.162462,1.268098
1533,human,0,128,0,1.548753,0.283847,0.439609
1533,human,1,128,0,1.034501,0.727513,0.752612
1533,human,2,29,0,1.015594,0.913651,0.927899
1533,lm,0,120,0,1.551984,0.224881,0.349012
7253,human,0,25,0,1.302547,0.931402,1.213195
7253,lm,0,30,0,1.392270,0.771139,1.073633
5626,human,0,128,0,1.347974,0.623441,0.840383
5626,human,1,128,0,1.477460,0.347277,0.513087
5626,human,2,128,0,1.238869,0.803681,0.995656
5626,human,3,125,0,1.260123,0.626121,0.788989
5626,lm,0,128,0,1.124191,0.809675,0.910230
5626,lm,1,88,0,1.366881,0.403100,0.550990
2586,human,0,128,0,1.296356,0.545739,0.707471
2586,human,1,31,0,1.121997,0.955218,1.071752
2586,lm,0,128,0,2.024624,0.178197,0.360781
2586,lm,1,61,0,1.593851,0.164544,0.262259
2375,human,0,69,0,1.213227,0.708034,0.859006
2375,lm,0,98,0,1.783662,0.324325,0.578486
5968,human,0,38,0,1.165944,1.037901,1.210135
5968,lm,0,11,0,1.200594,1.108647,1.331035
7746,human,0,32,0,1.122367,1.032460,1.158798
7746,lm,0,20,0,1.230629,0.783238,0.963876
8382,human,0,37,0,1.212324,0.826985,1.002574
8382,lm,0,10,0,1.044234,2.023882,2.113406
8211,human,0,128,0,1.172742,0.878865,1.030682
8211,human,1,128,0,1.207298,0.856883,1.034513
8211,human,2,62,0,1.136927,1.068112,1.214366
8211,lm,0,128,0,1.439662,0.509776,0.733906
8211,lm,1,57,0,1.198068,0.965980,1.157309
129,human,0,128,0,1.152214,0.954511,1.099801
129,human,1,128,0,1.151616,1.059157,1.219743
129,human,2,128,0,1.138490,1.216718,1.385221
129,human,3,88,0,1.224373,0.839361,1.027691
129,lm,0,58,0,1.482501,0.660685,0.979466
1430,human,0,29,0,1.080184,1.403118,1.515626
1430,lm,0,128,0,1.385709,0.414606,0.574523
1430,lm,1,75,0,0.989820,1.149606,1.137903
3996,human,0,128,0,1.169021,0.617302,0.721639
3996,human,1,21,0,1.150743,1.214511,1.397590
3996,lm,0,128,0,1.338539,0.366002,0.489909
3996,lm,1,21,0,1.055882,1.244844,1.314407
33,human,0,95,0,1.262191,0.879579,1.110197
33,lm,0,10,0,0.983976,4.275819,4.207301
7304,human,0,128,0,1.185572,0.887754,1.052496
7304,human,1,108,0,1.151802,0.865882,0.997324
7304,lm,0,128,0,1.367471,0.651013,0.890242
7304,lm,1,107,0,1.282801,0.560553,0.719078
7681,human,0,122,0,1.399182,0.364488,0.509985
7681,lm,0,128,0,1.265551,0.413709,0.523570
7681,lm,1,34,0,1.082894,1.296013,1.403445
4761,human,0,17,0,1.263527,0.851036,1.075306
4761,lm,0,18,0,1.345696,0.696648,0.937476
5848,human,0,128,0,1.215581,0.687034,0.835146
5848,human,1,78,0,1.006769,1.101521,1.108977
5848,lm,0,46,0,1.366377,0.441955,0.603877
8686,human,0,58,0,1.518140,0.383352,0.581983
8686,lm,0,41,0,1.568182,0.576172,0.903542
6379,human,0,14,0,1.054450,1.549297,1.633657
6379,lm,0,10,0,1.081890,2.759290,2.985247
2645,human,0,128,0,1.083988,1.069700,1.159542
2645,human,1,128,0,1.087324,1.232111,1.339703
2645,human,2,58,0,0.987261,2.049641,2.023531
2645,lm,0,19,0,1.073210,1.110088,1.191358
5253,human,0,128,0,1.229347,0.742842,0.913211
5253,human,1,128,0,1.110295,1.077895,1.196781
5253,human,2,128,0,1.115878,1.067750,1.191478
5253,human,3,128,0,1.099117,1.154698,1.269147
5253,human,4,128,0,1.116843,1.040806,1.162417
5253,human,5,128,0,1.075595,1.222475,1.314888
5253,human,6,128,0,1.148064,1.196535,1.373698
5253,human,7,76,0,1.155844,1.003985,1.160451
5253,lm,0,63,0,1.280146,0.752398,0.963179
5351,human,0,91,0,1.113783,1.064288,1.185386
5351,lm,0,28,0,1.146046,1.156653,1.325578
2895,human,0,43,0,1.658089,0.418725,0.694284
2895,lm,0,29,0,1.438320,0.533133,0.766816
5422,human,0,128,0,1.288295,0.625405,0.805706
5422,human,1,128,0,1.354274,0.284812,0.385714
5422,human,2,128,0,1.134721,0.470981,0.534432
5422,human,3,26,0,1.226805,0.639449,0.784479
5422,lm,0,52,0,1.398512,0.613016,0.857309
8670,human,0,128,0,1.393923,0.562647,0.784286
8670,human,1,22,0,1.157675,1.015251,1.175330
8670,lm,0,124,0,1.983343,0.210408,0.417311
1804,human,0,50,0,1.154832,1.076974,1.243724
1804,lm,0,67,0,1.431270,0.637104,0.911868
8194,human,0,97,0,1.400762,0.493203,0.690860
8194,lm,0,128,0,1.422745,0.457083,0.650312
8194,lm,1,2,0,1.068159,3.729093,3.983264
4839,human,0,128,0,1.282919,0.680519,0.873050
4839,human,1,68,0,1.264304,0.948228,1.198848
4839,lm,0,18,0,1.222155,1.009281,1.233498
1458,human,0,39,0,1.148285,0.837418,0.961594
1458,lm,0,56,0,1.425885,0.411059,0.586123
8878,human,0,101,0,1.356037,0.335659,0.455166
8878,lm,0,55,0,1.335752,0.694103,0.927149
7056,human,0,34,0,1.145586,1.115865,1.278319
7056,lm,0,19,0,1.095150,1.611713,1.765068
6026,human,0,128,0,1.348624,0.550559,0.742497
6026,human,1,54,0,1.230419,0.995577,1.224977
6026,lm,0,7,0,1.010148,4.909088,4.958904
8271,human,0,105,0,1.371383,0.464920,0.637583
8271,lm,0,44,0,1.446814,0.514032,0.743709
6943,human,0,128,0,1.098099,1.164970,1.279253
6943,human,1,126,0,1.261475,0.682294,0.860697
6943,lm,0,10,0,1.012628,3.292786,3.334368
7957,human,0,128,0,1.133579,0.972382,1.102271
7957,human,1,128,0,1.159163,0.793127,0.919363
7957,human,2,128,0,1.199144,0.627125,0.752013
7957,human,3,78,0,1.219177,0.726121,0.885269
7957,lm,0,37,0,1.176150,1.199144,1.410373
838,human,0,32,0,1.132779,1.066049,1.207599
838,lm,0,9,0,1.028951,3.690751,3.797602
8338,human,0,128,0,1.335341,0.443521,0.592252
8338,human,1,128,0,1.159799,0.676035,0.784065
8338,human,2,104,0,1.178772,0.737651,0.869522
8338,lm,0,42,0,1.185216,0.842599,0.998662
1227,human,0,45,0,1.127253,0.895688,1.009667
1227,lm,0,10,0,1.074030,1.688410,1.813402
2454,human,0,128,0,1.134165,0.922585,1.046363
2454,human,1,46,0,1.062255,1.659827,1.763160
2454,lm,0,9,0,1.022823,1.824306,1.865943
6012,human,0,30,0,1.266867,0.686906,0.870219
6012,lm,0,10,0,1.059882,2.354164,2.495135
3388,human,0,128,0,1.342773,0.446571,0.599643
3388,human,1,52,0,1.084961,1.083847,1.175931
3388,lm,0,27,0,1.394403,0.388182,0.541283
8478,human,0,25,0,1.118984,1.386969,1.551996
8478,lm,0,34,0,1.270314,1.124896,1.428972
4259,human,0,80,0,1.197417,0.749413,0.897360
4259,lm,0,63,0,1.324205,0.770778,1.020668
5091,human,0,70,0,1.268290,0.843978,1.070408
5091,lm,0,28,0,1.160975,1.034551,1.201088
3604,human,0,128,0,1.375959,0.593191,0.816207
3604,human,1,128,0,1.233587,0.795021,0.980727
3604,human,2,128,0,1.113407,1.026108,1.142476
3604,human,3,78,0,1.231141,0.835538,1.028665
3604,lm,0,36,0,1.249247,0.833608,1.041383
4968,human,0,27,0,1.278519,0.975715,1.247470
4968,lm,0,17,0,1.382606,0.679632,0.939663
6281,human,0,128,0,1.539946,0.450725,0.694093
6281,human,1,128,0,1.185512,1.169181,1.386078
6281,human,2,109,0,1.249676,0.786462,0.982823
6281,lm,0,128,0,2.019898,0.277640,0.560804
6281,lm,1,128,0,1.834454,0.267155,0.490083
6281,lm,2,128,0,1.887134,0.285231,0.538269
6281,lm,3,68,0,1.607159,0.483382,0.776872
8550,human,0,102,0,1.184473,0.839725,0.994631
8550,lm,0,10,0,1.065337,1.841168,1.961464
1486,human,0,122,0,1.471719,0.428409,0.630498
1486,lm,0,99,0,1.648810,0.346941,0.572040
44,human,0,128,0,1.383913,0.396838,0.549190
44,human,1,118,0,0.959752,1.071897,1.028755
44,lm,0,35,0,1.207749,0.959306,1.158601
1694,human,0,28,0,1.260244,0.769181,0.969356
1694,lm,0,101,0,1.702835,0.300801,0.512215
4260,human,0,118,0,1.171552,0.792059,0.927939
4260,lm,0,10,0,0.959278,3.752161,3.599365
4129,human,0,128,0,1.348853,0.555660,0.749503
4129,human,1,60,0,1.252979,0.701652,0.879155
4129,lm,0,21,0,1.493768,0.676786,1.010962
1549,human,0,50,0,1.236585,0.926837,1.146113
1549,lm,0,17,0,1.087403,1.434887,1.560300
7170,human,0,128,0,1.243294,0.739398,0.919289
7170,human,1,8,0,1.040771,1.495908,1.556897
7170,lm,0,49,0,1.554520,0.430421,0.669098
1266,human,0,128,0,1.076896,0.984498,1.060202
1266,human,1,128,0,1.179963,0.812554,0.958784
1266,human,2,52,0,1.108500,1.393804,1.545031
1266,lm,0,128,0,1.500105,0.280099,0.420179
1266,lm,1,128,0,1.283431,0.391667,0.502677
1266,lm,2,128,0,1.273587,0.339894,0.432885
1266,lm,3,46,0,1.162194,0.693308,0.805759
6324,human,0,10,0,1.305620,0.621673,0.811669
6324,lm,0,36,0,1.536420,0.612473,0.941016
1184,human,0,31,0,1.211225,0.815188,0.987376
1184,lm,0,86,0,1.436653,0.524164,0.753041
459,human,0,107,0,1.342570,0.654821,0.879143
459,lm,0,33,0,1.265282,0.846115,1.070574
1133,human,0,27,0,1.156797,1.222992,1.414754
1133,lm,0,7,0,1.098715,2.710010,2.977530
1159,human,0,128,0,1.010233,1.018305,1.028726
1159,human,1,128,0,1.063106,1.048365,1.114523
1159,human,2,128,0,1.211481,0.692425,0.838860
1159,human,3,27,0,0.932376,1.846625,1.721749
1159,lm,0,12,0,1.078251,1.864160,2.010032
3999,human,0,13,0,1.046174,1.896688,1.984265
3999,lm,0,7,0,1.028175,2.942693,3.025604
3820,human,0,59,0,1.141253,1.049867,1.198165
3820,lm,0,53,0,1.337381,0.783182,1.047412
7297,human,0,69,0,1.240367,0.893293,1.108011
7297,lm,0,19,0,1.130333,1.514417,1.711796
772,human,0,128,0,1.232863,0.939205,1.157911
772,human,1,128,0,1.212383,0.850606,1.031261
772,human,2,120,0,1.129351,1.026180,1.158918
772,lm,0,12,0,1.239118,1.527365,1.892585
35,human,0,110,0,1.254579,0.665099,0.834419
35,lm,0,128,0,1.815584,0.318169,0.577663
35,lm,1,126,0,1.564537,0.282220,0.441544
4690,human,0,128,0,1.496352,0.411236,0.615354
4690,human,1,33,0,1.091434,1.133469,1.237107
4690,lm,0,49,0,1.382750,0.550843,0.761678
1456,human,0,128,0,1.333558,0.469675,0.626339
1456,human,1,43,0,1.085061,1.317373,1.429431
1456,lm,0,33,0,1.336424,0.866726,1.158314
6702,human,0,128,0,1.149294,0.756523,0.869468
6702,human,1,43,0,1.124154,1.258640,1.414905
6702,lm,0,66,0,1.408465,0.476876,0.671664
4161,human,0,128,0,1.125008,1.084221,1.219758
4161,human,1,128,0,1.107471,1.093988,1.211560
4161,human,2,128,0,1.090320,1.201139,1.309626
4161,human,3,7,0,1.030094,4.731102,4.873481
4161,lm,0,9,0,1.031572,3.690751,3.807275
1506,human,0,118,0,1.254365,0.586181,0.735285
1506,lm,0,54,0,1.282226,0.629441,0.807086
4379,human,0,116,0,1.220113,0.639840,0.780677
4379,lm,0,57,0,1.213233,0.850649,1.032035
1708,human,0,128,0,1.231612,0.628558,0.774140
1708,human,1,24,0,1.134999,1.555049,1.764978
1708,lm,0,9,0,1.030477,1.807437,1.862523
3792,human,0,106,0,1.246208,0.544792,0.678925
3792,lm,0,92,0,1.331286,0.454649,0.605268
1214,human,0,79,0,1.291316,0.588488,0.759924
1214,lm,0,45,0,1.436634,0.564281,0.810665
5738,human,0,22,0,1.134996,0.923246,1.047881
5738,lm,0,128,0,1.481826,0.170669,0.252901
5738,lm,1,38,0,1.291755,0.299326,0.386655
2109,human,0,122,0,1.794426,0.281818,0.505701
2109,lm,0,10,0,1.080834,1.814567,1.961245
787,human,0,128,0,1.323560,0.690828,0.914352
787,human,1,47,0,1.178218,0.797794,0.939975
787,lm,0,10,0,1.237349,1.606547,1.987860
7834,human,0,98,0,1.312982,0.719213,0.944315
7834,lm,0,16,0,1.190496,1.163590,1.385250
5038,human,0,98,0,1.328956,0.643039,0.854570
5038,lm,0,31,0,1.170547,1.219254,1.427194
2014,human,0,128,0,1.333043,0.677866,0.903624
2014,human,1,74,0,1.106790,0.944131,1.044955
2014,lm,0,62,0,1.450317,0.563246,0.816886
441,human,0,88,0,1.275316,0.652374,0.831983
441,lm,0,10,0,1.053120,2.065654,2.175382
1622,human,0,85,0,1.241896,0.716808,0.890201
1622,lm,0,47,0,1.151250,1.019049,1.173180
3535,human,0,22,0,1.182104,1.256382,1.485174
3535,lm,0,95,0,2.152522,0.227237,0.489133
2062,human,0,128,0,1.273710,0.485012,0.617765
2062,human,1,117,0,1.050984,1.068745,1.123234
2062,lm,0,37,0,1.246651,0.765333,0.954103
4042,human,0,76,0,1.842629,0.310945,0.572956
4042,lm,0,11,0,1.114420,2.112087,2.353752
928,human,0,24,0,1.084301,1.578678,1.711763
928,lm,0,76,0,1.424907,0.379438,0.540664
2422,human,0,124,0,1.262368,0.646062,0.815568
2422,lm,0,48,0,1.220182,0.835614,1.019602
6581,human,0,71,0,1.181187,0.769845,0.909331
6581,lm,0,35,0,1.344459,0.522916,0.703039
1632,human,0,93,0,1.305528,0.685705,0.895207
1632,lm,0,74,0,1.531344,0.640180,0.980335
6789,human,0,78,0,1.198302,0.857392,1.027415
6789,lm,0,10,0,1.126486,1.296509,1.460499
6780,human,0,128,0,1.214887,0.719424,0.874019
6780,human,1,128,0,1.092866,1.077620,1.177693
6780,human,2,128,0,1.048041,1.113185,1.166664
6780,human,3,72,0,1.189609,0.930276,1.106664
6780,lm,0,76,0,1.560156,0.265608,0.414389
951,human,0,99,0,1.193658,0.975624,1.164562
951,lm,0,10,0,1.080529,1.525591,1.648445
5970,human,0,128,0,1.089946,1.257316,1.370406
5970,human,1,68,0,1.065734,1.459050,1.554959
5970,lm,0,99,0,1.403020,0.446064,0.625837
7030,human,0,94,0,1.303764,0.559282,0.729172
7030,lm,0,46,0,1.409702,0.584868,0.824489
4268,human,0,90,0,1.203603,0.841612,1.012968
4268,lm,0,60,0,1.321715,0.651664,0.861314
2274,human,0,128,0,1.143449,0.981484,1.122277
2274,human,1,109,0,1.199536,0.767283,0.920384
2274,lm,0,40,0,1.416505,0.588656,0.833834
1657,human,0,81,0,1.137462,0.757302,0.861403
1657,lm,0,20,0,1.070735,1.547583,1.657051
1112,human,0,60,0,1.319560,0.516567,0.681641
1112,lm,0,128,0,1.762484,0.294213,0.518546
1112,lm,1,128,0,1.527999,0.347640,0.531194
1112,lm,2,128,0,1.510370,0.374291,0.565318
1112,lm,3,21,0,1.147971,1.714088,1.967724
4095,human,0,128,0,1.058963,0.812032,0.859912
4095,human,1,11,0,0.859809,4.847493,4.167918
4095,lm,0,17,0,1.130338,0.801972,0.906500
4933,human,0,128,0,1.371329,0.501280,0.687420
4933,human,1,128,0,1.148926,0.920120,1.057150
4933,human,2,19,0,1.068381,1.865990,1.993588
4933,lm,0,104,0,1.425851,0.462621,0.659629
729,human,0,76,0,1.396804,0.565017,0.789218
729,lm,0,14,0,1.109407,1.740725,1.931173
6828,human,0,39,0,1.277338,0.608914,0.777789
6828,lm,0,68,0,1.268382,0.632913,0.802776
4947,human,0,128,0,1.204154,0.857087,1.032065
4947,human,1,9,0,0.998250,4.160562,4.153281
4947,lm,0,128,0,1.544450,0.399201,0.616547
4947,lm,1,49,0,0.994111,1.657078,1.647319
7075,human,0,128,0,1.151594,1.104251,1.271649
7075,human,1,25,0,1.061718,1.820461,1.932816
7075,lm,0,6,0,1.076484,4.310724,4.640425
591,human,0,52,0,1.467952,0.641472,0.941650
591,lm,0,46,0,1.533610,0.552516,0.847344
3499,human,0,49,0,1.157979,0.697734,0.807962
3499,lm,0,9,0,1.032535,1.389991,1.435214
8046,human,0,44,0,1.253438,0.906282,1.135968
8046,lm,0,94,0,1.264539,0.819031,1.035697
7175,human,0,18,0,1.038936,2.235994,2.323055
7175,lm,0,28,0,1.174255,1.126837,1.323195
2861,human,0,128,0,1.124763,1.024756,1.152608
2861,human,1,128,0,1.119528,0.798164,0.893567
2861,human,2,4,0,1.014873,2.712609,2.752955
2861,lm,0,5,0,1.031027,4.174017,4.303523
7811,human,0,128,0,1.433664,0.506906,0.726732
7811,human,1,57,0,1.201135,0.876719,1.053057
7811,lm,0,104,0,1.988921,0.248928,0.495098
2625,human,0,128,0,1.129227,0.834657,0.942517
2625,human,1,17,0,1.000121,2.139795,2.140054
2625,lm,0,36,0,1.288302,0.900378,1.159959
2066,human,0,45,0,1.360515,0.496094,0.674944
2066,lm,0,36,0,1.467896,0.513349,0.753543
3355,human,0,92,0,1.160986,0.850590,0.987523
3355,lm,0,71,0,1.589180,0.155983,0.247886
474,human,0,127,0,1.397122,0.559567,0.781784
474,lm,0,53,0,1.322938,0.724142,0.957995
2623,human,0,66,0,1.154567,0.999471,1.153957
2623,lm,0,96,0,1.285925,0.440532,0.566491
3397,human,0,22,0,1.150247,0.930074,1.069815
3397,lm,0,30,0,1.264498,0.690567,0.873221
955,human,0,128,0,1.230714,0.690615,0.849949
955,human,1,128,0,1.205041,0.525603,0.633373
955,human,2,128,0,1.141590,0.781306,0.891931
955,human,3,105,0,1.701345,0.303385,0.516163
955,lm,0,128,0,1.512818,0.461973,0.698880
955,lm,1,110,0,1.658729,0.356848,0.591914
6394,human,0,83,0,1.246410,0.561526,0.699892
6394,lm,0,42,0,1.131524,0.924217,1.045773
5628,human,0,128,0,1.101454,0.934291,1.029079
5628,human,1,101,0,1.061864,1.515330,1.609075
5628,lm,0,128,0,2.190597,0.215709,0.472532
5628,lm,1,128,0,1.279742,0.534866,0.684491
5628,lm,2,128,0,1.388093,0.342085,0.474846
5628,lm,3,112,0,1.393622,0.335401,0.467422
4077,human,0,128,0,1.317255,0.544889,0.717758
4077,human,1,113,0,1.291544,0.655134,0.846134
4077,lm,0,74,0,1.543517,0.417392,0.644251
3608,human,0,34,0,1.291100,0.793112,1.023987
3608,lm,0,10,0,1.066392,1.478424,1.576580
6741,human,0,55,0,1.331073,0.653923,0.870419
6741,lm,0,90,0,1.866243,0.287684,0.536888
8627,human,0,128,0,1.041182,1.083697,1.128326
8627,human,1,87,0,0.997026,1.052941,1.049810
8627,lm,0,11,0,1.117363,1.374782,1.536131
6314,human,0,128,0,1.527475,0.382118,0.583676
6314,human,1,128,0,1.384323,0.576222,0.797678
6314,human,2,128,0,1.224473,0.775967,0.950151
6314,human,3,16,0,1.286472,0.800835,1.030252
6314,lm,0,128,0,1.936419,0.228900,0.443247
6314,lm,1,34,0,1.299492,0.691250,0.898273
5945,human,0,39,0,1.184871,1.190858,1.411013
5945,lm,0,10,0,1.034733,2.477763,2.563824
4093,human,0,128,0,1.278060,0.454216,0.580516
4093,human,1,17,0,1.041241,1.444848,1.504436
4093,lm,0,60,0,1.222110,0.674215,0.823964
4644,human,0,90,0,1.301390,0.638533,0.830981
4644,lm,0,6,0,1.039674,2.706307,2.813676
8226,human,0,83,0,1.329915,0.644252,0.856801
8226,lm,0,19,0,1.175325,1.251316,1.470703
702,human,0,91,0,1.352007,0.616411,0.833392
702,lm,0,21,0,1.216017,1.320114,1.605281
4406,human,0,128,0,1.141389,1.057902,1.207478
4406,human,1,128,0,1.095461,0.890638,0.975659
4406,human,2,117,0,1.142428,0.801302,0.915430
4406,lm,0,101,0,1.301983,0.595394,0.775193
1732,human,0,36,0,1.064501,1.384925,1.474255
1732,lm,0,11,0,1.012013,3.138317,3.176017
8229,human,0,128,0,1.237158,0.509831,0.630741
8229,human,1,128,0,1.390636,0.433319,0.602589
8229,human,2,128,0,1.152185,0.915005,1.054255
8229,human,3,128,0,1.133038,0.891930,1.010590
8229,human,4,128,0,1.079665,0.752309,0.812242
8229,human,5,40,0,1.061434,1.072868,1.138778
8229,lm,0,128,0,1.755957,0.217183,0.381363
8229,lm,1,128,0,1.336798,0.499278,0.667435
8229,lm,2,24,0,1.205742,0.733929,0.884929
8239,human,0,105,0,1.161561,0.832866,0.967425
8239,lm,0,6,0,1.050442,2.943147,3.091605
901,human,0,128,0,1.083423,1.309739,1.419001
901,human,1,11,0,1.164267,1.773282,2.064573
901,lm,0,46,0,1.216583,1.213795,1.476682
7855,human,0,56,0,1.254368,0.752679,0.944137
7855,lm,0,44,0,1.250694,0.961518,1.202564
7868,human,0,128,0,1.189512,0.821422,0.977091
7868,human,1,9,0,1.108188,2.513313,2.785223
7868,lm,0,33,0,1.313112,0.890208,1.168943
3478,human,0,95,0,1.384424,0.555886,0.769583
3478,lm,0,101,0,1.969555,0.220217,0.433729
8491,human,0,46,0,1.608342,0.390437,0.627957
8491,lm,0,33,0,1.526240,0.476534,0.727305
4195,human,0,73,0,1.251543,0.748806,0.937162
4195,lm,0,53,0,1.366118,0.694118,0.948248
6310,human,0,128,0,1.158497,0.988925,1.145667
6310,human,1,26,0,1.012179,1.986933,2.011131
6310,lm,0,14,0,1.123196,1.239245,1.391915
8488,human,0,43,0,1.218588,0.820270,0.999571
8488,lm,0,17,0,1.177009,1.085970,1.278197
585,human,0,50,0,1.118694,1.286282,1.438957
585,lm,0,10,0,1.236406,1.606547,1.986345
1975,human,0,64,0,1.270146,0.472798,0.600523
1975,lm,0,128,0,2.073134,0.245781,0.509537
1975,lm,1,128,0,1.513368,0.424566,0.642525
1975,lm,2,77,0,1.312595,0.759710,0.997191
2902,human,0,128,0,1.210674,0.850398,1.029554
2902,human,1,112,0,1.148356,0.855768,0.982726
2902,lm,0,46,0,1.398323,0.826320,1.155461
5786,human,0,71,0,1.391232,0.522061,0.726308
5786,lm,0,76,0,1.664396,0.241895,0.402608
4436,human,0,20,0,1.232437,1.029860,1.269238
4436,lm,0,18,0,1.294989,0.760648,0.985031
4816,human,0,38,0,1.483404,0.530785,0.787369
4816,lm,0,38,0,1.394018,0.613443,0.855151
2886,human,0,70,0,1.448724,0.634262,0.918871
2886,lm,0,10,0,1.020845,3.694757,3.771774
4873,human,0,128,0,1.246394,0.824551,1.027715
4873,human,1,56,0,1.107967,1.102747,1.221806
4873,lm,0,58,0,1.264939,0.863212,1.091910
7102,human,0,128,0,1.353927,0.493904,0.668710
7102,human,1,128,0,1.170184,0.676150,0.791220
7102,human,2,97,0,0.916182,1.417204,1.298417
7102,lm,0,128,0,2.014997,0.171352,0.345273
7102,lm,1,128,0,1.823276,0.197102,0.359371
7102,lm,2,83,0,1.298311,0.258102,0.335097
4461,human,0,128,0,1.225904,0.600278,0.735883
4461,human,1,3,0,1.008513,2.279063,2.298464
4461,lm,0,11,0,1.074354,1.950101,2.095099
4072,human,0,38,0,1.196283,1.108109,1.325612
4072,lm,0,60,0,1.348810,0.530243,0.715197
3634,human,0,73,0,1.211210,0.947166,1.147217
3634,lm,0,12,0,1.051268,2.825736,2.970607
5487,human,0,47,0,1.391979,0.497629,0.692689
5487,lm,0,10,0,1.160142,1.264989,1.467566
4043,human,0,128,0,1.236101,0.539909,0.667382
4043,human,1,94,0,1.320490,0.644748,0.851383
4043,lm,0,128,0,1.494724,0.344367,0.514734
4043,lm,1,83,0,1.213981,0.464119,0.563431
5454,human,0,50,0,1.675081,0.454779,0.761791
5454,lm,0,12,0,1.203932,1.286303,1.548622
7113,human,0,108,0,1.236991,0.743601,0.919828
7113,lm,0,96,0,1.341239,0.619073,0.830324
2147,human,0,110,0,1.213623,0.698386,0.847577
2147,lm,0,35,0,1.209873,0.794575,0.961335
7711,human,0,128,0,2.104518,0.199291,0.419410
7711,human,1,109,0,1.586740,0.332403,0.527438
7711,lm,0,119,0,1.504785,0.290008,0.436400
3012,human,0,23,0,1.164737,1.342428,1.563576
3012,lm,0,11,0,1.126120,1.436337,1.617488
6631,human,0,96,0,1.372882,0.458224,0.629088
6631,lm,0,11,0,1.059387,1.869938,1.980988
3541,human,0,12,0,1.210229,0.681392,0.824641
3541,lm,0,40,0,1.721335,0.305071,0.525129
3199,human,0,105,0,1.518930,0.467805,0.710562
3199,lm,0,67,0,1.472586,0.483146,0.711474
6883,human,0,65,0,1.448251,0.510925,0.739948
6883,lm,0,6,0,1.104419,1.379832,1.523913
2697,human,0,83,0,1.256547,0.688272,0.864845
2697,lm,0,55,0,1.214225,0.966991,1.174145
8017,human,0,128,0,1.234733,0.490610,0.605772
8017,human,1,40,0,1.014337,1.832942,1.859222
8017,lm,0,9,0,1.007826,2.502923,2.522510
3669,human,0,97,0,1.395632,0.521454,0.727758
3669,lm,0,128,0,2.000135,0.244214,0.488460
3669,lm,1,101,0,1.359393,0.668912,0.909314
4065,human,0,128,0,1.220528,0.827893,1.010466
4065,human,1,128,0,1.150601,1.059867,1.219484
4065,human,2,128,0,1.131252,1.012112,1.144953
4065,human,3,128,0,1.133419,1.145511,1.298343
4065,human,4,128,0,1.136020,1.242864,1.411918
4065,human,5,128,0,1.081258,1.260587,1.363020
4065,human,6,74,0,1.052012,1.325276,1.394206
4065,lm,0,55,0,1.311846,0.623732,0.818241
521,human,0,36,0,1.047089,2.352818,2.463609
521,lm,0,11,0,1.059174,2.470545,2.616736
3847,human,0,128,0,1.166254,0.663016,0.773245
3847,human,1,50,0,1.006190,1.311188,1.319304
3847,lm,0,47,0,1.232027,0.825197,1.016665
8116,human,0,43,0,1.043051,1.704698,1.778087
8116,lm,0,44,0,1.295642,0.816332,1.057673
5279,human,0,37,0,1.129170,0.826177,0.932894
5279,lm,0,51,0,1.410089,0.481479,0.678928
1881,human,0,36,0,1.094042,1.493323,1.633758
1881,lm,0,40,0,1.116503,1.250742,1.396457
963,human,0,128,0,1.515523,0.362367,0.549176
963,human,1,66,0,1.285898,0.477023,0.613402
963,lm,0,128,0,1.651902,0.275642,0.455333
963,lm,1,16,0,1.097535,1.217788,1.336566
1591,human,0,84,0,1.465133,0.488563,0.715810
1591,lm,0,23,0,1.171718,1.939667,2.272742
6806,human,0,33,0,1.231915,0.719000,0.885747
6806,lm,0,13,0,1.103984,1.380684,1.524253
1316,human,0,69,0,1.339596,0.672386,0.900726
1316,lm,0,49,0,1.372205,0.708206,0.971804
5134,human,0,39,0,1.135253,1.042818,1.183862
5134,lm,0,46,0,1.185658,0.867218,1.028225
2897,human,0,93,0,1.322203,0.654178,0.864957
2897,lm,0,83,0,2.086646,0.275943,0.575796
5724,human,0,109,0,1.385486,0.384808,0.533146
5724,lm,0,94,0,1.381240,0.535784,0.740046
55,human,0,71,0,1.259047,0.633876,0.798079
55,lm,0,82,0,1.581915,0.205996,0.325869
1496,human,0,128,0,1.162806,0.863118,1.003640
1496,human,1,51,0,1.171596,1.149872,1.347185
1496,lm,0,14,0,1.029340,2.868757,2.952928
6695,human,0,54,0,1.120856,1.026937,1.151049
6695,lm,0,10,0,1.041258,3.400381,3.540674
1595,human,0,128,0,1.288223,0.619188,0.797652
1595,human,1,23,0,1.112741,1.384363,1.540438
1595,lm,0,12,0,1.122448,1.633707,1.833751
1613,human,0,103,0,1.642783,0.256385,0.421186
1613,lm,0,30,0,1.347993,0.598558,0.806853
7405,human,0,58,0,1.156429,0.922489,1.066793
7405,lm,0,9,0,1.033516,2.561534,2.647387
2390,human,0,128,0,1.326700,0.458446,0.608220
2390,human,1,9,0,0.961384,2.485557,2.389574
2390,lm,0,26,0,1.240202,0.918156,1.138699
2643,human,0,16,0,1.223115,0.402844,0.492724
2643,lm,0,16,0,1.220114,0.387066,0.472265
2286,human,0,113,0,1.162450,0.764608,0.888818
2286,lm,0,128,0,1.820048,0.401717,0.731144
2286,lm,1,128,0,1.645694,0.344778,0.567399
2286,lm,2,128,0,1.673996,0.356088,0.596089
2286,lm,3,128,0,1.919732,0.243787,0.468005
2286,lm,4,15,0,1.371980,1.360175,1.866133
8553,human,0,128,0,1.379913,0.524594,0.723894
8553,human,1,95,0,1.302952,0.693133,0.903118
8553,lm,0,128,0,1.712676,0.293268,0.502273
8553,lm,1,128,0,1.343030,0.484274,0.650394
8553,lm,2,22,0,1.225098,1.077790,1.320398
1620,human,0,85,0,1.278647,0.798928,1.021546
1620,lm,0,65,0,1.275897,0.813553,1.038010
4567,human,0,128,0,1.452615,0.496115,0.720664
4567,human,1,128,0,1.225940,0.727746,0.892173
4567,human,2,49,0,1.274448,0.948647,1.209001
4567,lm,0,44,0,1.205894,0.784239,0.945709
2786,human,0,65,0,1.212146,0.832642,1.009283
2786,lm,0,63,0,1.274201,0.724130,0.922687
2159,human,0,26,0,1.354576,0.744268,1.008167
2159,lm,0,108,0,1.931864,0.208936,0.403636
6222,human,0,62,0,1.215776,0.864445,1.050972
6222,lm,0,128,0,1.574880,0.314848,0.495848
6222,lm,1,56,0,1.161993,0.731895,0.850457
3265,human,0,128,0,1.227795,0.746923,0.917068
3265,human,1,128,0,1.167320,0.463604,0.541174
3265,human,2,20,0,1.064546,1.628073,1.733159
3265,lm,0,76,0,1.480507,0.300576,0.445004
7631,human,0,128,0,1.382170,0.444636,0.614562
7631,human,1,27,0,1.036583,1.924454,1.994856
7631,lm,0,128,0,1.656326,0.349226,0.578432
7631,lm,1,63,0,1.372422,0.655271,0.899308
3434,human,0,60,0,1.044788,1.483256,1.549688
3434,lm,0,42,0,1.229888,0.849312,1.044558
1467,human,0,93,0,1.358618,0.553450,0.751928
1467,lm,0,67,0,1.695991,0.409788,0.694996
6852,human,0,55,0,1.239226,0.638738,0.791541
6852,lm,0,102,0,2.010627,0.243341,0.489268
8,human,0,47,0,1.200771,0.879477,1.056050
8,lm,0,45,0,1.496336,0.589647,0.882310
3574,human,0,128,0,1.110557,0.856986,0.951732
3574,human,1,128,0,1.052699,0.883977,0.930562
3574,human,2,116,0,1.207494,0.808697,0.976497
3574,lm,0,9,0,1.000183,2.984066,2.984610
1398,human,0,128,0,1.163781,0.810237,0.942939
1398,human,1,23,0,1.050299,1.727423,1.814310
1398,lm,0,10,0,1.073198,2.433179,2.611284
4666,human,0,13,0,1.062423,1.727798,1.835652
4666,lm,0,13,0,1.235657,1.143822,1.413372
4189,human,0,128,0,1.220974,0.827125,1.009898
4189,human,1,22,0,1.140919,1.475483,1.683406
4189,lm,0,127,0,1.511293,0.420847,0.636023
3236,human,0,128,0,1.331267,0.418870,0.557628
3236,human,1,128,0,1.269105,0.656346,0.832971
3236,human,2,106,0,1.161546,0.786810,0.913916
3236,lm,0,6,0,1.212904,1.699625,2.061482
2706,human,0,75,0,1.296676,0.901426,1.168858
2706,lm,0,51,0,1.225690,1.005456,1.232378
3235,human,0,128,0,1.140817,0.791751,0.903243
3235,lm,0,9,0,1.038302,3.690751,3.832113
8492,human,0,103,0,1.338007,0.649771,0.869399
8492,lm,0,74,0,1.434140,0.369828,0.530386
4665,human,0,56,0,1.758323,0.378285,0.665147
4665,lm,0,36,0,1.475507,0.688225,1.015480
1208,human,0,13,0,1.103202,1.333740,1.471385
1208,lm,0,63,0,1.585440,0.385955,0.611909
82,human,0,56,0,1.382053,0.574741,0.794322
82,lm,0,86,0,1.522666,0.319371,0.486296
3050,human,0,100,0,1.270280,0.738607,0.938238
3050,lm,0,36,0,1.591752,0.399613,0.636085
6492,human,0,49,0,1.416103,0.662574,0.938272
6492,lm,0,12,0,1.104120,1.807755,1.995979
4351,human,0,75,0,1.098404,0.886039,0.973228
4351,lm,0,128,0,1.437061,0.465920,0.669555
4351,lm,1,43,0,1.055855,1.153111,1.217518
4770,human,0,128,0,1.168900,0.717163,0.838292
4770,human,1,128,0,1.110863,0.965387,1.072413
4770,human,2,114,0,1.089741,1.265620,1.379198
4770,lm,0,128,0,1.669084,0.354602,0.591860
4770,lm,1,128,0,1.603941,0.298592,0.478924
4770,lm,2,128,0,1.637432,0.289800,0.474527
4770,lm,3,87,0,1.400148,0.424880,0.594895
1537,human,0,128,0,1.175519,0.745787,0.876687
1537,human,1,18,0,1.051300,1.374982,1.445519
1537,lm,0,23,0,1.255377,0.715516,0.898242
7478,human,0,33,0,1.229244,0.848380,1.042866
7478,lm,0,128,0,2.127033,0.174814,0.371835
7478,lm,1,128,0,1.601583,0.289087,0.462997
7478,lm,2,113,0,1.655483,0.251048,0.415605
1360,human,0,52,0,1.193743,0.882467,1.053439
1360,lm,0,107,0,1.876276,0.275557,0.517020
5750,human,0,103,0,1.371817,0.443717,0.608699
5750,lm,0,116,0,1.699885,0.343471,0.583861
2344,human,0,117,0,1.432013,0.417400,0.597723
2344,lm,0,16,0,1.111292,2.489581,2.766651
6033,human,0,128,0,1.260155,0.740432,0.933060
6033,human,1,128,0,1.159916,0.796282,0.923620
6033,human,2,128,0,1.077157,0.890674,0.959396
6033,human,3,59,0,1.152162,1.454458,1.675770
6033,lm,0,34,0,1.189052,1.136248,1.351057
1455,human,0,121,0,1.206756,0.717439,0.865775
1455,lm,0,75,0,1.450830,0.416889,0.604835
3165,human,0,128,0,1.329851,0.471320,0.626785
3165,human,1,128,0,1.119092,0.800595,0.895940
3165,human,2,58,0,1.266317,0.594109,0.752330
3165,lm,0,90,0,1.439190,0.426774,0.614209
19,human,0,48,0,1.311922,0.867358,1.137906
19,lm,0,6,0,1.058119,2.800591,2.963357
5785,human,0,88,0,1.291334,0.634191,0.818953
5785,lm,0,124,0,1.880567,0.247241,0.464953
2469,human,0,24,0,1.158102,0.845419,0.979082
2469,lm,0,5,0,1.059241,0.995823,1.054817
1328,human,0,128,0,1.178873,0.995684,1.173785
1328,human,1,128,0,1.155880,0.764592,0.883776
1328,human,2,128,0,1.089013,0.911128,0.992231
1328,human,3,105,0,1.180014,0.739627,0.872771
1328,lm,0,19,0,1.056671,1.365646,1.443039
7142,human,0,128,0,1.194474,0.959461,1.146051
7142,human,1,72,0,1.023193,2.129554,2.178944
7142,lm,0,44,0,1.248043,0.809652,1.010480
6849,human,0,31,0,1.070857,1.799899,1.927434
6849,lm,0,96,0,1.760040,0.290316,0.510968
3573,human,0,76,0,1.399987,0.514753,0.720647
3573,lm,0,86,0,1.767610,0.418266,0.739331
7774,human,0,20,0,1.493454,0.713593,1.065718
7774,lm,0,7,0,1.171171,1.843809,2.159416
3782,human,0,37,0,1.195374,0.978480,1.169649
3782,lm,0,22,0,1.287160,0.672365,0.865441
1575,human,0,128,0,1.277719,0.667113,0.852383
1575,human,1,42,0,1.069079,1.640053,1.753346
1575,lm,0,30,0,1.458184,0.667374,0.973155
4480,human,0,58,0,1.213920,0.708713,0.860321
4480,lm,0,10,0,1.028466,1.011237,1.040023
1161,human,0,25,0,1.069078,1.172457,1.253449
1161,lm,0,6,0,1.051835,2.660623,2.798535
709,human,0,128,0,1.332455,0.576494,0.768152
709,human,1,81,0,1.207422,1.102301,1.330943
709,lm,0,83,0,1.483596,0.501568,0.744124
231,human,0,23,0,1.105788,1.359786,1.503634
231,lm,0,11,0,1.153191,1.452878,1.675447
3438,human,0,28,0,1.114606,1.225115,1.365520
3438,lm,0,10,0,1.093188,1.772510,1.937686
7607,human,0,16,0,1.116398,0.835032,0.932227
7607,lm,0,6,0,1.065213,1.767623,1.882895
1933,human,0,128,0,1.126391,0.820760,0.924497
1933,human,1,4,0,0.981294,4.349985,4.268613
1933,lm,0,122,0,1.749111,0.391853,0.685394
5933,human,0,128,0,1.101042,1.086735,1.196541
5933,human,1,67,0,0.990107,1.776838,1.759259
5933,lm,0,21,0,1.093194,1.545336,1.689352
3471,human,0,128,0,1.477012,0.449268,0.663574
3471,human,1,20,0,1.133370,1.397166,1.583506
3471,lm,0,7,0,1.086098,1.623872,1.763684
6344,human,0,128,0,1.276389,0.711526,0.908184
6344,human,1,107,0,1.085723,1.318183,1.431181
6344,lm,0,68,0,1.294667,0.755404,0.977997
4470,human,0,128,0,1.419212,0.462207,0.655969
4470,human,1,23,0,0.982937,2.088745,2.053106
4470,lm,0,94,0,1.537057,0.375767,0.577575
7236,human,0,58,0,1.399546,0.696165,0.974314
7236,lm,0,34,0,1.586821,0.677623,1.075267
7044,human,0,80,0,1.382542,0.464904,0.642750
7044,lm,0,10,0,1.039626,1.858278,1.931914
2103,human,0,128,0,1.775021,0.296166,0.525701
2103,human,1,128,0,1.362729,0.657826,0.896438
2103,human,2,128,0,1.333846,0.557387,0.743469
2103,human,3,128,0,1.370605,0.566418,0.776336
2103,human,4,8,0,1.002048,3.561747,3.569042
2103,lm,0,46,0,1.601766,0.382678,0.612961
3011,human,0,128,0,1.200333,0.644923,0.774123
3011,human,1,128,0,1.167006,0.704990,0.822727
3011,human,2,128,0,1.090893,0.962438,1.049916
3011,human,3,128,0,1.021904,1.101566,1.125694
3011,human,4,77,0,1.103836,0.747262,0.824855
3011,lm,0,25,0,1.118585,1.240651,1.387774
5949,human,0,68,0,1.450870,0.472409,0.685404
5949,lm,0,13,0,1.112767,1.104349,1.228883
423,human,0,18,0,1.102313,1.308157,1.441999
423,lm,0,24,0,1.157517,1.351531,1.564419
373,human,0,128,0,1.367383,0.611793,0.836556
373,human,1,81,0,1.193290,0.883062,1.053749
373,lm,0,29,0,1.280602,0.968801,1.240649
3436,human,0,18,0,1.119240,1.194081,1.336464
3436,lm,0,76,0,1.463310,0.525182,0.768504
7179,human,0,128,0,1.307488,0.596092,0.779384
7179,human,1,21,0,1.216993,1.354316,1.648194
7179,lm,0,12,0,1.123081,1.401134,1.573586
1341,human,0,95,0,1.283811,0.624220,0.801380
1341,lm,0,32,0,1.195097,0.847850,1.013263
6437,human,0,28,0,1.266748,0.740660,0.938230
6437,lm,0,9,0,1.030289,1.246183,1.283928
7376,human,0,101,0,1.291359,0.654362,0.845017
7376,lm,0,10,0,1.034860,2.766579,2.863021
3061,human,0,12,0,1.104547,1.476472,1.630832
3061,lm,0,6,0,1.071151,3.139817,3.363218
4181,human,0,126,0,1.525740,0.336640,0.513625
4181,lm,0,59,0,1.551543,0.435475,0.675658
886,human,0,59,0,1.486816,0.532250,0.791358
886,lm,0,56,0,1.630945,0.442340,0.721432
5490,human,0,33,0,1.126878,1.078334,1.215151
5490,lm,0,128,0,1.331951,0.529751,0.705602
5490,lm,1,18,0,0.942204,2.575366,2.426520
1228,human,0,31,0,1.177678,0.941860,1.109208
1228,lm,0,30,0,1.310743,0.688268,0.902142
506,human,0,128,0,1.229249,0.922013,1.133384
506,human,1,98,0,1.214626,0.896617,1.089055
506,lm,0,68,0,1.239470,0.746397,0.925137
5965,human,0,22,0,1.117523,1.423017,1.590254
5965,lm,0,11,0,1.097309,1.692376,1.857059
1864,human,0,71,0,1.235893,0.840209,1.038409
1864,lm,0,111,0,1.665227,0.402811,0.670772
8861,human,0,128,0,1.303032,0.778546,1.014470
8861,human,1,74,0,1.057340,1.674700,1.770728
8861,lm,0,128,0,1.495958,0.456119,0.682334
8861,lm,1,18,0,1.125393,1.378713,1.551594
6922,human,0,54,0,1.150638,1.043134,1.200270
6922,lm,0,68,0,1.152693,0.895823,1.032610
4718,human,0,47,0,1.310256,0.811725,1.063568
4718,lm,0,30,0,1.328495,0.911086,1.210373
1511,human,0,79,0,1.238232,1.074458,1.330429
1511,lm,0,29,0,1.357827,0.904024,1.227509
6065,human,0,60,0,1.093567,1.117989,1.222596
6065,lm,0,10,0,0.996702,3.804442,3.791894
6674,human,0,28,0,1.257891,0.875699,1.101534
6674,lm,0,128,0,2.686635,0.165694,0.445161
6674,lm,1,128,0,2.409125,0.119882,0.288810
6674,lm,2,22,0,1.234544,0.760979,0.939461
57,human,0,50,0,1.261493,0.673861,0.850071
57,lm,0,49,0,1.551843,0.536945,0.833254
5073,human,0,128,0,1.238241,0.672262,0.832422
5073,human,1,36,0,1.097087,1.211639,1.329274
5073,lm,0,35,0,1.227826,0.793802,0.974650
8981,human,0,128,0,1.426239,0.481192,0.686294
8981,human,1,8,0,1.156613,1.625762,1.880377
8981,lm,0,33,0,1.325853,0.740604,0.981932
4548,human,0,57,0,1.120682,1.105051,1.238410
4548,lm,0,10,0,1.022250,2.331951,2.383837
5461,human,0,128,0,1.163767,0.817599,0.951494
5461,human,1,108,0,1.273337,0.745464,0.949226
5461,lm,0,72,0,1.273075,0.795647,1.012918
1958,human,0,128,0,1.341323,0.597345,0.801232
1958,human,1,30,0,1.179489,1.169804,1.379771
1958,lm,0,128,0,1.322356,0.485950,0.642599
1958,lm,1,128,0,1.394411,0.159212,0.222006
1958,lm,2,128,0,1.405107,0.150313,0.211206
1958,lm,3,57,0,1.253567,0.391066,0.490228
998,human,0,28,0,1.194766,0.990289,1.183163
998,lm,0,26,0,1.252283,0.618023,0.773940
2475,human,0,98,0,1.250795,0.534607,0.668684
2475,lm,0,10,0,1.064924,1.865464,1.986576
5171,human,0,96,0,1.240449,0.770135,0.955313
5171,lm,0,11,0,1.168945,1.376294,1.608812
1534,human,0,78,0,1.309495,0.667965,0.874696
1534,lm,0,9,0,1.021687,1.629888,1.665236
4112,human,0,84,0,1.180643,0.860834,1.016337
4112,lm,0,17,0,1.184092,1.005438,1.190531
8157,human,0,26,0,1.119357,1.002377,1.122018
8157,lm,0,10,0,1.043902,2.228433,2.326266
7397,human,0,128,0,1.221339,0.912119,1.114007
7397,human,1,14,0,0.880454,3.558214,3.132845
7397,lm,0,11,0,1.117849,1.495482,1.671722
1363,human,0,31,0,1.123770,1.243906,1.397865
1363,lm,0,128,0,1.853277,0.340629,0.631281
1363,lm,1,128,0,1.872856,0.314857,0.589683
1363,lm,2,128,0,1.716595,0.370122,0.635350
1363,lm,3,25,0,1.305207,1.046280,1.365613
2568,human,0,128,0,1.220487,0.706371,0.862117
2568,human,1,128,0,1.143649,0.936493,1.071019
2568,human,2,126,0,1.197958,0.753364,0.902499
2568,lm,0,89,0,1.360788,0.595560,0.810431
4973,human,0,106,0,1.262698,0.735736,0.929013
4973,lm,0,128,0,1.409822,0.470729,0.663644
4973,lm,1,128,0,1.210639,0.627178,0.759286
4973,lm,2,128,0,1.306866,0.476546,0.622781
4973,lm,3,128,0,1.207287,0.604076,0.729293
4973,lm,4,104,0,1.216927,0.620668,0.755307
1029,human,0,128,0,1.096381,1.101197,1.207331
1029,human,1,53,0,1.047457,1.570221,1.644740
1029,lm,0,85,0,1.373223,0.553335,0.759852
649,human,0,128,0,1.142735,1.093733,1.249847
649,human,1,128,0,1.121934,0.912120,1.023338
649,human,2,18,0,1.187160,1.815047,2.154750
649,lm,0,55,0,1.452584,0.361646,0.525321
8778,human,0,99,0,1.424746,0.473830,0.675087
8778,lm,0,6,0,1.087923,2.821903,3.070013
6726,human,0,128,0,1.280498,0.403011,0.516055
6726,human,1,128,0,1.053342,1.276804,1.344912
6726,human,2,128,0,0.985745,1.431913,1.411501
6726,human,3,128,0,1.153723,0.697714,0.804969
6726,human,4,34,0,1.095059,1.466825,1.606259
6726,lm,0,47,0,1.287494,0.457499,0.589027
667,human,0,43,0,1.347523,0.663784,0.894464
667,lm,0,50,0,1.325717,0.717744,0.951526
5683,human,0,128,0,1.283333,0.515599,0.661685
5683,human,1,125,0,1.269876,0.661401,0.839898
5683,lm,0,95,0,1.336697,0.488363,0.652793
70,human,0,58,0,1.445180,0.587587,0.849169
70,lm,0,35,0,1.294743,0.802438,1.038951
8642,human,0,128,0,1.259813,0.577309,0.727302
8642,human,1,128,0,1.191949,0.738305,0.880022
8642,human,2,128,0,1.106818,1.287842,1.425406
8642,human,3,128,0,1.201290,0.824817,0.990844
8642,human,4,128,0,1.272855,0.673328,0.857049
8642,human,5,85,0,1.212955,0.856143,1.038463
8642,lm,0,88,0,1.420647,0.403519,0.573258
8864,human,0,98,0,1.258593,0.671532,0.845186
8864,lm,0,40,0,1.249598,0.941074,1.175964
6159,human,0,128,0,1.455169,0.580194,0.844280
6159,human,1,17,0,1.238075,0.975087,1.207230
6159,lm,0,19,0,1.385933,0.513294,0.711391
8739,human,0,83,0,1.202781,0.747768,0.899401
8739,lm,0,10,0,1.130740,1.499928,1.696029
4114,human,0,20,0,1.097379,0.961736,1.055389
4114,lm,0,34,0,1.321288,0.686868,0.907551
2968,human,0,128,0,1.270426,0.617690,0.784730
2968,human,1,128,0,1.183026,0.786066,0.929936
2968,human,2,27,0,1.243070,0.916513,1.139290
2968,lm,0,107,0,1.625303,0.460977,0.749227
8701,human,0,128,0,1.185000,0.711359,0.842961
8701,human,1,71,0,1.059576,1.250132,1.324610
8701,lm,0,50,0,1.231209,0.898474,1.106209
7435,human,0,78,0,1.219300,0.725742,0.884898
7435,lm,0,36,0,1.210410,1.104442,1.336829
6840,human,0,24,0,1.222979,0.734221,0.897937
6840,lm,0,12,0,1.128717,1.139764,1.286471
556,human,0,51,0,1.159885,0.919540,1.066560
556,lm,0,128,0,1.484664,0.401724,0.596426
556,lm,1,16,0,1.207214,0.937891,1.132236
327,human,0,76,0,1.328332,0.544807,0.723685
327,lm,0,10,0,1.099425,1.482108,1.629467
6194,human,0,44,0,1.222564,0.704824,0.861693
6194,lm,0,128,0,2.157627,0.104902,0.226339
6194,lm,1,47,0,1.422861,0.253072,0.360086
2259,human,0,128,0,1.040336,0.854059,0.888508
2259,human,1,128,0,1.042735,1.169966,1.219964
2259,human,2,128,0,1.097409,1.193731,1.310011
2259,human,3,128,0,1.089106,0.981313,1.068754
2259,human,4,80,0,1.106830,1.018118,1.126884
2259,lm,0,128,0,1.542362,0.305642,0.471410
2259,lm,1,128,0,1.488467,0.456626,0.679672
2259,lm,2,28,0,1.230984,1.059731,1.304512
8269,human,0,20,0,1.197270,0.692158,0.828700
8269,lm,0,6,0,1.129523,1.122506,1.267896
6570,human,0,128,0,1.144380,0.877866,1.004613
6570,human,1,128,0,1.070131,1.314758,1.406963
6570,human,2,128,0,1.077181,1.128550,1.215652
6570,human,3,128,0,1.065107,1.432415,1.525675
6570,human,4,10,0,1.013025,3.107396,3.147869
6570,lm,0,37,0,1.144614,1.257331,1.439159
6157,human,0,128,0,1.133659,0.686947,0.778764
6157,human,1,13,0,1.016831,2.356652,2.396316
6157,lm,0,42,0,1.293619,0.670297,0.867109
540,human,0,90,0,1.500753,0.375739,0.563892
540,lm,0,14,0,1.122657,1.029576,1.155861
5109,human,0,76,0,1.142469,0.988007,1.128767
5109,lm,0,71,0,1.438564,0.322664,0.464173
8606,human,0,128,0,1.224547,0.669827,0.820234
8606,human,1,93,0,1.301798,0.496865,0.646817
8606,lm,0,62,0,1.325012,0.538350,0.713320
5285,human,0,128,0,1.113521,0.943783,1.050922
5285,human,1,17,0,1.070089,1.607397,1.720057
5285,lm,0,9,0,0.973881,2.373003,2.311022
8712,human,0,23,0,1.064603,1.064767,1.133554
8712,lm,0,11,0,1.088768,1.748724,1.903955
3936,human,0,21,0,1.138013,1.229258,1.398912
3936,lm,0,113,0,1.632105,0.363025,0.592495
7066,human,0,40,0,1.299915,0.861104,1.119362
7066,lm,0,10,0,1.069817,2.263049,2.421049
6008,human,0,25,0,1.123683,1.087320,1.221803
6008,lm,0,55,0,1.401836,0.640263,0.897544
2460,human,0,73,0,1.198946,0.686457,0.823025
2460,lm,0,52,0,1.296638,0.840167,1.089393
271,human,0,72,0,1.287391,0.515847,0.664097
271,lm,0,109,0,1.622183,0.331279,0.537395
7073,human,0,128,0,1.133446,0.925405,1.048897
7073,human,1,61,0,1.149045,0.861922,0.990387
7073,lm,0,106,0,1.394569,0.422380,0.589039
7593,human,0,30,0,1.073765,1.676467,1.800131
7593,lm,0,121,0,1.707662,0.238123,0.406634
6041,human,0,84,0,1.261917,0.750561,0.947146
6041,lm,0,128,0,1.580852,0.380335,0.601253
6041,lm,1,128,0,1.355793,0.297401,0.403214
6041,lm,2,128,0,1.394009,0.205519,0.286495
6041,lm,3,32,0,1.168373,0.643213,0.751513
7111,human,0,69,0,1.235181,0.659756,0.814918
7111,lm,0,11,0,1.186428,1.530148,1.815410
7401,human,0,128,0,1.261386,0.588475,0.742295
7401,human,1,128,0,1.218564,0.696781,0.849072
7401,human,2,16,0,1.126955,2.010836,2.266122
7401,lm,0,62,0,1.514430,0.261494,0.396015
8317,human,0,125,0,1.329297,0.614601,0.816988
8317,lm,0,93,0,1.608832,0.406987,0.654773
1539,human,0,54,0,1.218934,0.851236,1.037601
1539,lm,0,15,0,1.207585,1.112438,1.343363
93,human,0,48,0,1.075702,1.253172,1.348039
93,lm,0,66,0,1.165233,0.879962,1.025360
2052,human,0,106,0,1.190224,0.555545,0.661223
2052,lm,0,20,0,1.057550,1.176842,1.244569
3595,human,0,29,0,1.150941,1.251582,1.440496
3595,lm,0,53,0,1.488300,0.564032,0.839450
2575,human,0,48,0,1.196532,0.888179,1.062734
2575,lm,0,45,0,1.224804,0.932822,1.142524
244,human,0,116,0,1.244761,0.484482,0.603064
244,lm,0,128,0,1.270570,0.581914,0.739363
244,lm,1,3,0,0.975776,6.201682,6.051454
784,human,0,128,0,1.234134,0.853820,1.053729
784,human,1,128,0,1.130002,0.830824,0.938833
784,human,2,15,0,1.135800,1.849632,2.100812
784,lm,0,44,0,1.243605,0.915023,1.137927
6612,human,0,41,0,1.232242,0.715305,0.881429
6612,lm,0,128,0,1.911757,0.184001,0.351766
6612,lm,1,128,0,1.543936,0.202590,0.312787
6612,lm,2,65,0,1.406066,0.375298,0.527694
2990,human,0,30,0,1.207402,0.720972,0.870503
2990,lm,0,36,0,1.294434,0.992077,1.284178
1245,human,0,128,0,1.428681,0.519320,0.741943
1245,human,1,70,0,1.152833,1.051654,1.212381
1245,lm,0,12,0,1.121312,1.118653,1.254359
3033,human,0,120,0,1.256503,0.630782,0.792580
3033,lm,0,10,0,1.049153,2.118743,2.222885
4629,human,0,128,0,1.245303,0.739150,0.920466
4629,human,1,128,0,1.082897,0.910975,0.986492
4629,human,2,128,0,1.097235,0.976381,1.071320
4629,human,3,25,0,1.282883,1.200095,1.539582
4629,lm,0,35,0,1.340744,0.642063,0.860842
7339,human,0,60,0,1.414566,0.549055,0.776675
7339,lm,0,59,0,1.456832,0.628111,0.915053
7057,human,0,87,0,1.490676,0.401710,0.598819
7057,lm,0,128,0,1.927078,0.172198,0.331839
7057,lm,1,46,0,1.290204,0.490489,0.632831
2243,human,0,66,0,1.431949,0.659282,0.944058
2243,lm,0,13,0,1.060093,1.706827,1.809395
8049,human,0,113,0,1.314485,0.496638,0.652823
8049,lm,0,32,0,1.258307,0.915906,1.152491
4857,human,0,12,0,1.103025,1.213348,1.338353
4857,lm,0,6,0,1.098125,0.664478,0.729680
290,human,0,128,0,1.218914,0.642750,0.783458
290,human,1,128,0,1.148134,0.875710,1.005432
290,human,2,128,0,1.064387,1.216501,1.294829
290,human,3,128,0,1.105445,1.026153,1.134357
290,human,4,128,0,1.093928,1.182797,1.293895
290,human,5,128,0,1.189156,0.808946,0.961963
290,human,6,128,0,1.170578,0.741252,0.867693
290,human,7,12,0,1.065792,3.041755,3.241880
290,lm,0,23,0,1.159916,1.518513,1.761347
1880,human,0,128,0,1.091179,1.191255,1.299873
1880,human,1,128,0,1.074566,0.834165,0.896366
1880,human,2,128,0,1.108281,0.932444,1.033411
1880,human,3,128,0,1.063256,0.873673,0.928938
1880,human,4,24,0,1.053696,1.611193,1.697707
1880,lm,0,128,0,1.419508,0.463207,0.657526
1880,lm,1,59,0,1.323503,0.577026,0.763696
3489,human,0,47,0,1.172254,1.403544,1.645311
3489,lm,0,48,0,1.590530,0.533177,0.848034
7891,human,0,59,0,1.628147,0.453780,0.738820
7891,lm,0,57,0,1.869934,0.430457,0.804927
235,human,0,69,0,1.301744,0.667764,0.869257
235,lm,0,6,0,1.069364,0.980045,1.048025
6938,human,0,32,0,1.151586,0.976709,1.124765
6938,lm,0,90,0,1.620727,0.310584,0.503372
5687,human,0,128,0,1.271247,0.515919,0.655861
5687,human,1,14,0,1.093939,1.780190,1.947419
5687,lm,0,47,0,1.220573,1.005499,1.227285
4878,human,0,27,0,1.229027,0.672056,0.825975
4878,lm,0,34,0,1.288235,0.610499,0.786466
6376,human,0,77,0,1.279178,0.748476,0.957434
6376,lm,0,59,0,1.290521,0.727788,0.939226
2337,human,0,107,0,1.396843,0.474257,0.662463
2337,lm,0,37,0,1.554825,0.508085,0.789982
8524,human,0,64,0,1.282242,0.727805,0.933223
8524,lm,0,128,0,1.341014,0.513669,0.688837
8524,lm,1,128,0,1.224919,0.583904,0.715235
8524,lm,2,109,0,1.277621,0.677031,0.864989
6137,human,0,128,0,1.439265,0.398532,0.573594
6137,human,1,69,0,1.297452,0.914361,1.186339
6137,lm,0,92,0,1.462984,0.525437,0.768706
8139,human,0,128,0,1.249251,0.592120,0.739707
8139,human,1,128,0,1.115257,0.875979,0.976941
8139,human,2,126,0,1.175623,0.685316,0.805673
8139,lm,0,11,0,1.143470,1.343877,1.536683
5146,human,0,14,0,1.133536,1.427193,1.617775
5146,lm,0,14,0,1.175043,1.209330,1.421015
5045,human,0,21,0,1.059306,1.146945,1.214966
5045,lm,0,26,0,1.066604,0.981826,1.047220
7865,human,0,89,0,1.316425,0.638055,0.839951
7865,lm,0,45,0,1.228503,0.804033,0.987757
2891,human,0,86,0,1.379284,0.420645,0.580189
2891,lm,0,49,0,1.566144,0.305073,0.477788
5026,human,0,67,0,1.351320,0.489869,0.661970
5026,lm,0,128,0,1.422601,0.460336,0.654874
5026,lm,1,5,0,1.093734,1.412722,1.545142
739,human,0,128,0,1.258874,0.643004,0.809462
739,human,1,17,0,1.018594,1.594906,1.624561
739,lm,0,35,0,1.252097,1.027539,1.286579
989,human,0,128,0,1.282207,0.686329,0.880016
989,human,1,37,0,1.213316,1.310150,1.589627
989,lm,0,68,0,1.470699,0.580587,0.853869
7162,human,0,38,0,1.253553,0.744087,0.932753
7162,lm,0,6,0,1.065721,1.038916,1.107195
7679,human,0,66,0,1.220842,0.773367,0.944159
7679,lm,0,46,0,1.269688,0.913228,1.159515
3514,human,0,38,0,1.306616,0.551565,0.720683
3514,lm,0,90,0,1.791657,0.248965,0.446059
6829,human,0,128,0,1.124677,1.094034,1.230434
6829,human,1,72,0,1.210315,0.929158,1.124574
6829,lm,0,11,0,1.094460,1.828970,2.001734
7381,human,0,64,0,1.289361,0.591442,0.762583
7381,lm,0,45,0,1.255202,0.579062,0.726840
7930,human,0,128,0,1.382164,0.488602,0.675328
7930,human,1,48,0,1.248596,0.898068,1.121324
7930,lm,0,128,0,1.386335,0.421003,0.583651
7930,lm,1,66,0,1.181024,0.841058,0.993310
60,human,0,23,0,1.369911,0.751974,1.030138
60,lm,0,10,0,1.304264,0.817449,1.066169
3545,human,0,128,0,1.255406,0.586475,0.736264
3545,human,1,128,0,1.358863,0.402454,0.546879
3545,human,2,128,0,1.224806,0.614365,0.752478
3545,human,3,128,0,1.285659,0.487127,0.626279
3545,human,4,128,0,1.205857,0.575440,0.693898
3545,human,5,99,0,1.322195,0.640155,0.846410
3545,lm,0,93,0,1.564802,0.414860,0.649174
6620,human,0,128,0,1.330380,0.448260,0.596357
6620,human,1,74,0,1.231744,0.846500,1.042671
6620,lm,0,31,0,1.366176,0.481531,0.657857
3693,human,0,13,0,1.181135,0.986426,1.165102
3693,lm,0,11,0,1.123152,1.701334,1.910856
115,human,0,128,0,1.355252,0.525433,0.712094
115,human,1,39,0,1.244135,1.025932,1.276398
115,lm,0,16,0,1.323814,1.401104,1.854802
7263,human,0,128,0,1.262915,0.696111,0.879130
7263,human,1,79,0,1.143079,1.240121,1.417555
7263,lm,0,128,0,1.912771,0.163177,0.312119
7263,lm,1,128,0,1.772582,0.154483,0.273834
7263,lm,2,33,0,1.281249,0.522543,0.669507
8876,human,0,128,0,1.235890,0.668428,0.826104
8876,human,1,128,0,1.173926,0.675164,0.792593
8876,human,2,128,0,1.230701,0.700069,0.861575
8876,human,3,69,0,1.125349,0.965270,1.086266
8876,lm,0,7,0,1.017190,2.771287,2.818925
4526,human,0,82,0,1.119574,1.243183,1.391836
4526,lm,0,11,0,1.116548,2.225615,2.485007
5388,human,0,55,0,1.343124,0.523432,0.703035
5388,lm,0,71,0,1.545752,0.422127,0.652503
3524,human,0,16,0,1.139285,1.445960,1.647361
3524,lm,0,10,0,1.061877,1.989075,2.112153
723,human,0,24,0,1.189465,0.946460,1.125781
723,lm,0,12,0,1.163231,1.220838,1.420116
3473,human,0,65,0,1.374792,0.444131,0.610588
3473,lm,0,51,0,1.450000,0.459656,0.666501
4324,human,0,116,0,1.214971,0.621637,0.755272
4324,lm,0,50,0,1.287804,0.706484,0.909812
2183,human,0,66,0,1.288917,0.472733,0.609314
2183,lm,0,48,0,1.410868,0.382760,0.540024
5807,human,0,80,0,1.164569,0.828459,0.964798
5807,lm,0,128,0,2.206157,0.328089,0.723817
5807,lm,1,128,0,2.879896,0.093040,0.267946
5807,lm,2,85,0,2.695861,0.117404,0.316505
2188,human,0,128,0,1.264812,0.590681,0.747101
2188,human,1,34,0,0.901835,2.925402,2.638230
2188,lm,0,128,0,1.647095,0.248461,0.409239
2188,lm,1,128,0,1.382525,0.407012,0.562705
2188,lm,2,90,0,1.251286,0.412071,0.515619
359,human,0,128,0,1.178056,0.821008,0.967194
359,human,1,53,0,1.062600,1.743232,1.852358
359,lm,0,10,0,1.064026,1.388839,1.477761
7555,human,0,128,0,1.274223,0.553813,0.705681
7555,human,1,27,0,1.259676,0.814574,1.026099
7555,lm,0,10,0,1.255179,1.164736,1.461952
4430,human,0,128,0,1.294513,0.629373,0.814731
4430,human,1,20,0,1.037977,2.300107,2.387457
4430,lm,0,128,0,1.426104,0.477172,0.680497
4430,lm,1,45,0,1.082803,1.563958,1.693458
4384,human,0,128,0,1.552673,0.450818,0.699973
4384,human,1,128,0,1.409390,0.437694,0.616882
4384,human,2,24,0,0.973660,1.267897,1.234501
4384,lm,0,8,0,1.110123,1.466874,1.628411
5546,human,0,128,0,1.166295,0.766913,0.894447
5546,human,1,128,0,0.989671,0.883086,0.873965
5546,human,2,67,0,1.174914,0.788535,0.926461
5546,lm,0,33,0,1.286467,0.642362,0.826377
5400,human,0,31,0,1.332360,0.731654,0.974826
5400,lm,0,58,0,1.509526,0.510975,0.771330
6664,human,0,128,0,1.117425,1.133440,1.266534
6664,human,1,128,0,1.121139,0.865407,0.970241
6664,human,2,128,0,0.959287,1.249886,1.199000
6664,human,3,128,0,0.891678,1.156887,1.031570
6664,human,4,128,0,1.138294,0.804115,0.915320
6664,human,5,128,0,0.987772,1.231983,1.216918
6664,human,6,128,0,1.048305,1.183412,1.240576
6664,human,7,56,0,1.240225,0.888397,1.101811
6664,lm,0,10,0,1.095039,1.999391,2.189411
4717,human,0,52,0,1.235181,0.616819,0.761883
4717,lm,0,19,0,1.301672,0.573585,0.746620
7107,human,0,128,0,1.221031,0.627665,0.766398
7107,human,1,24,0,1.026086,1.610717,1.652734
7107,lm,0,9,0,1.003603,2.750467,2.760377
3569,human,0,128,0,1.225566,0.678437,0.831469
3569,human,1,13,0,1.056824,1.874304,1.980811
3569,lm,0,15,0,1.240061,1.245052,1.543940
4562,human,0,53,0,1.184387,0.865108,1.024623
4562,lm,0,54,0,1.141587,0.922600,1.053228
4710,human,0,128,0,1.501661,0.407458,0.611864
4710,human,1,128,0,1.302984,0.576460,0.751119
4710,human,2,127,0,1.385120,0.486954,0.674490
4710,lm,0,128,0,1.745313,0.313879,0.547818
4710,lm,1,128,0,1.585876,0.307671,0.487929
4710,lm,2,92,0,1.711963,0.404568,0.692606
2338,human,0,128,0,1.150617,0.912946,1.050452
2338,human,1,26,0,1.076677,2.147035,2.311664
2338,lm,0,110,0,1.372041,0.555657,0.762385
8468,human,0,103,0,1.102524,1.222998,1.348385
8468,lm,0,33,0,1.130019,1.078416,1.218631
8180,human,0,86,0,1.291480,0.500019,0.645765
8180,lm,0,40,0,1.240387,0.615139,0.763011
2133,human,0,128,0,1.456540,0.416623,0.606828
2133,human,1,128,0,1.202541,0.722597,0.868952
2133,human,2,68,0,1.190385,0.779333,0.927706
2133,lm,0,128,0,1.611494,0.344038,0.554415
2133,lm,1,128,0,1.485360,0.439674,0.653075
2133,lm,2,128,0,1.332320,0.490117,0.652993
2133,lm,3,105,0,1.281201,0.637047,0.816186
8824,human,0,51,0,1.314777,0.578902,0.761127
8824,lm,0,80,0,1.463771,0.548802,0.803321
2635,human,0,34,0,1.216573,0.989219,1.203457
2635,lm,0,59,0,1.650015,0.381446,0.629392
5405,human,0,128,0,1.135816,0.893934,1.015345
5405,human,1,128,0,1.119355,0.761318,0.852185
5405,human,2,128,0,1.022485,1.072761,1.096881
5405,human,3,128,0,1.070412,1.179706,1.262771
5405,human,4,128,0,1.079999,0.942823,1.018248
5405,human,5,78,0,1.060970,1.261019,1.337903
5405,lm,0,128,0,1.656512,0.286337,0.474321
5405,lm,1,61,0,1.262712,0.699756,0.883591
8461,human,0,128,0,1.786147,0.308476,0.550984
8461,human,1,56,0,1.265789,0.872243,1.104076
8461,lm,0,10,0,1.059841,2.491049,2.640116
6074,human,0,52,0,1.329646,0.599682,0.797364
6074,lm,0,65,0,1.386439,0.637214,0.883459
3245,human,0,128,0,1.129457,0.960773,1.085152
3245,human,1,120,0,1.164695,0.826828,0.963002
3245,lm,0,128,0,1.376991,0.399119,0.549584
3245,lm,1,128,0,1.350268,0.260100,0.351204
3245,lm,2,89,0,1.282566,0.314287,0.403094
836,human,0,128,0,1.176810,0.804774,0.947067
836,human,1,23,0,0.968681,1.884784,1.825755
836,lm,0,54,0,1.476512,0.585923,0.865122
7027,human,0,69,0,1.406453,0.422590,0.594352
7027,lm,0,25,0,1.359236,0.751186,1.021040
2195,human,0,117,0,1.159103,0.723717,0.838863
2195,lm,0,126,0,1.474320,0.326993,0.482092
1502,human,0,128,0,1.142560,0.995893,1.137868
1502,human,1,128,0,0.840868,1.654876,1.391532
1502,human,2,128,0,1.074686,1.013104,1.088769
1502,human,3,128,0,0.930248,1.435799,1.335650
1502,human,4,128,0,0.975626,1.512161,1.475303
1502,human,5,128,0,1.012533,1.317740,1.334256
1502,human,6,128,0,1.201357,0.737836,0.886404
1502,human,7,26,0,1.247822,1.044130,1.302889
1502,lm,0,128,0,1.373856,0.476105,0.654100
1502,lm,1,128,0,1.223170,0.612672,0.749402
1502,lm,2,50,0,1.185102,0.889382,1.054009
5845,human,0,70,0,1.307977,0.531431,0.695100
5845,lm,0,128,0,1.482275,0.370596,0.549325
5845,lm,1,93,0,1.316766,0.508577,0.669677
6238,human,0,67,0,1.031655,1.518003,1.566056
6238,lm,0,11,0,1.058990,2.508851,2.656847
7133,human,0,128,0,1.084356,1.256604,1.362606
7133,human,1,22,0,0.827251,4.480205,3.706252
7133,lm,0,47,0,1.306488,0.838118,1.094992
5352,human,0,38,0,1.211662,0.884584,1.071817
5352,lm,0,11,0,1.090968,1.886544,2.058160
3726,human,0,128,0,1.179881,0.943809,1.113582
3726,human,1,128,0,1.136684,0.918561,1.044113
3726,human,2,128,0,1.231791,0.455971,0.561661
3726,human,3,128,0,1.085100,1.123858,1.219498
3726,human,4,121,0,1.193811,0.811819,0.969159
3726,lm,0,25,0,1.133614,0.888474,1.007187
1286,human,0,128,0,1.145219,1.014787,1.162153
1286,human,1,40,0,1.062269,1.190554,1.264689
1286,lm,0,92,0,1.573843,0.381055,0.599720
1544,human,0,94,0,1.298961,0.647188,0.840672
1544,lm,0,7,0,1.063211,2.200144,2.339217
1358,human,0,108,0,1.209892,0.877902,1.062167
1358,lm,0,76,0,1.505436,0.540818,0.814167
260,human,0,128,0,1.278284,0.602361,0.769989
260,human,1,87,0,1.186363,0.737253,0.874649
260,lm,0,40,0,1.323988,0.665950,0.881710
6714,human,0,64,0,1.120816,0.931591,1.044142
6714,lm,0,9,0,1.039733,1.706321,1.774118
4320,human,0,41,0,1.217038,1.162627,1.414962
4320,lm,0,11,0,1.042174,1.725736,1.798516
8599,human,0,128,0,1.218698,0.775971,0.945675
8599,human,1,18,0,1.014693,1.800434,1.826888
8599,lm,0,11,0,1.071865,1.469352,1.574948
2198,human,0,128,0,1.433600,0.477645,0.684751
2198,human,1,65,0,1.271341,0.637822,0.810889
2198,lm,0,44,0,1.389276,0.595786,0.827711
8216,human,0,32,0,1.140648,1.140052,1.300399
8216,lm,0,100,0,1.300479,0.606076,0.788190
7557,human,0,55,0,1.364294,0.675488,0.921565
7557,lm,0,10,0,1.042183,3.547791,3.697447
8376,human,0,33,0,1.089729,1.381824,1.505814
8376,lm,0,50,0,1.339889,0.517103,0.692860
5580,human,0,36,0,1.309262,0.651717,0.853268
5580,lm,0,78,0,1.353746,0.363517,0.492109
5597,human,0,128,0,1.141067,0.769466,0.878012
5597,human,1,128,0,1.116150,0.820418,0.915710
5597,human,2,13,0,1.072877,1.212372,1.300727
5597,lm,0,128,0,2.267404,0.104578,0.237121
5597,lm,1,111,0,1.705699,0.166414,0.283852
536,human,0,120,0,1.338614,0.496771,0.664984
536,lm,0,98,0,2.111605,0.211478,0.446559
4227,human,0,128,0,1.211118,0.486028,0.588637
4227,human,1,53,0,1.262061,0.763987,0.964198
4227,lm,0,31,0,1.506021,0.401081,0.604037
8818,human,0,128,0,1.134198,0.901530,1.022514
8818,human,1,42,0,1.235701,0.925237,1.143316
8818,lm,0,24,0,1.290840,0.780013,1.006872
1371,human,0,13,0,1.130346,1.002934,1.133662
1371,lm,0,43,0,1.538141,0.304665,0.468618
5230,human,0,128,0,1.069251,1.146600,1.226003
5230,human,1,13,0,0.970771,3.338149,3.240579
5230,lm,0,26,0,1.117479,1.594865,1.782228
5861,human,0,42,0,1.326332,0.706612,0.937202
5861,lm,0,10,0,1.136303,1.308454,1.486800
7931,human,0,128,0,1.235111,0.654094,0.807879
7931,human,1,59,0,1.181819,1.025959,1.212498
7931,lm,0,121,0,1.217037,0.606906,0.738627
85,human,0,72,0,1.180860,0.828821,0.978722
85,lm,0,47,0,1.410377,0.656265,0.925581
6842,human,0,78,0,1.321550,0.749354,0.990309
6842,lm,0,128,0,1.849109,0.312905,0.578596
6842,lm,1,78,0,1.394285,0.456750,0.636839
5844,human,0,54,0,1.226385,1.011911,1.240992
5844,lm,0,128,0,1.305832,0.611438,0.798435
5844,lm,1,21,0,1.092375,1.431844,1.564111
3217,human,0,98,0,1.180576,0.976599,1.152949
3217,lm,0,128,0,1.632179,0.277059,0.452211
3217,lm,1,128,0,1.377686,0.367547,0.506364
3217,lm,2,128,0,1.323154,0.361807,0.478727
3217,lm,3,128,0,1.323798,0.314427,0.416237
3217,lm,4,111,0,1.263538,0.339486,0.428953
2500,human,0,128,0,1.442988,0.399699,0.576761
2500,human,1,83,0,1.276471,0.634299,0.809665
2500,lm,0,69,0,1.592957,0.316433,0.504064
6981,human,0,128,0,1.416453,0.495045,0.701208
6981,human,1,128,0,1.538912,0.391731,0.602839
6981,human,2,128,0,1.349558,0.712166,0.961109
6981,human,3,128,0,1.324730,0.457316,0.605820
6981,human,4,65,0,1.199970,0.745829,0.894973
6981,lm,0,38,0,1.359436,0.768886,1.045252
5641,human,0,128,0,1.193764,1.032389,1.232429
5641,human,1,128,0,1.134083,1.416095,1.605969
5641,human,2,128,0,1.130260,1.154151,1.304491
5641,human,3,128,0,1.129052,1.349731,1.523917
5641,human,4,25,0,1.083619,1.738085,1.883422
5641,lm,0,90,0,1.513439,0.460671,0.697197
5562,human,0,65,0,1.632627,0.223100,0.364239
5562,lm,0,7,0,1.179302,0.574392,0.677382
3667,human,0,119,0,1.248489,0.724158,0.904103
3667,lm,0,78,0,1.389966,0.648903,0.901954
7754,human,0,59,0,1.226546,0.493820,0.605694
7754,lm,0,20,0,1.064623,1.422772,1.514716
5194,human,0,128,0,1.266471,0.744929,0.943431
5194,human,1,85,0,1.223400,0.776510,0.949982
5194,lm,0,53,0,1.473525,0.531089,0.782572
1277,human,0,78,0,1.227258,0.763193,0.936635
1277,lm,0,24,0,1.126769,1.387949,1.563898
8480,human,0,128,0,1.491141,0.379222,0.565473
8480,human,1,121,0,1.419492,0.453912,0.644324
8480,lm,0,24,0,1.172407,1.229624,1.441619
5926,human,0,128,0,1.385219,0.463123,0.641526
5926,human,1,128,0,1.372152,0.395180,0.542246
5926,human,2,128,0,1.366187,0.427707,0.584328
5926,human,3,128,0,1.345777,0.644550,0.867420
5926,human,4,128,0,1.272846,0.555474,0.707033
5926,human,5,128,0,1.208668,0.625126,0.755569
5926,human,6,35,0,1.091015,1.496523,1.632729
5926,lm,0,37,0,1.138022,0.899607,1.023772
460,human,0,104,0,1.230091,0.461532,0.567726
460,lm,0,41,0,1.306194,0.460281,0.601216
8892,human,0,128,0,1.334276,0.632091,0.843384
8892,human,1,94,0,1.161500,1.026488,1.192266
8892,lm,0,5,0,1.045973,5.014619,5.245158
8045,human,0,128,0,1.341305,0.541656,0.726526
8045,human,1,128,0,1.228169,0.586022,0.719734
8045,human,2,106,0,1.213116,0.573476,0.695693
8045,lm,0,93,0,1.535430,0.390861,0.600140
3961,human,0,44,0,1.134379,1.103673,1.251984
3961,lm,0,10,0,1.066271,1.904518,2.030733
4638,human,0,47,0,1.197565,0.815765,0.976931
4638,lm,0,128,0,1.201531,0.761522,0.914992
4638,lm,1,6,0,1.123447,1.570370,1.764228
5729,human,0,43,0,1.414481,0.514612,0.727908
5729,lm,0,48,0,1.760396,0.344357,0.606205
1200,human,0,128,0,1.198889,0.957185,1.147558
1200,human,1,91,0,1.087025,0.934436,1.015755
1200,lm,0,128,0,1.458497,0.466488,0.680372
1200,lm,1,128,0,1.230295,0.613323,0.754569
1200,lm,2,128,0,1.292396,0.528261,0.682722
1200,lm,3,128,0,1.348272,0.424713,0.572628
1200,lm,4,28,0,0.986147,2.430171,2.396505
1555,human,0,128,0,1.244254,0.595009,0.740342
1555,human,1,61,0,1.049933,1.021832,1.072855
1555,lm,0,9,0,1.021248,2.118181,2.163188
7884,human,0,74,0,1.117557,1.000511,1.118128
7884,lm,0,13,0,1.067050,1.894440,2.021462
3829,human,0,125,0,1.402918,0.437437,0.613689
3829,lm,0,128,0,1.889582,0.212372,0.401295
3829,lm,1,128,0,1.428639,0.124412,0.177740
3829,lm,2,116,0,1.607073,0.123205,0.197999
1623,human,0,117,0,1.229389,0.787031,0.967568
1623,lm,0,6,0,1.079282,2.574229,2.778319
5446,human,0,128,0,1.129469,0.899418,1.015865
5446,human,1,128,0,1.091662,1.100404,1.201269
5446,human,2,128,0,1.061735,0.919120,0.975862
5446,human,3,42,0,1.026453,1.877656,1.927326
5446,lm,0,128,0,1.567959,0.256941,0.402874
5446,lm,1,128,0,1.597787,0.166177,0.265516
5446,lm,2,17,0,1.096376,1.697693,1.861310
2986,human,0,23,0,1.100665,1.350550,1.486503
2986,lm,0,11,0,1.108114,2.256688,2.500666
7451,human,0,29,0,1.170265,1.104723,1.292819
7451,lm,0,11,0,1.134010,1.722270,1.953072
2916,human,0,11,0,1.124235,0.889629,1.000152
2916,lm,0,7,0,1.107145,1.644669,1.820888
565,human,0,128,0,1.273234,0.629324,0.801277
565,human,1,86,0,1.116263,1.017745,1.136071
565,lm,0,116,0,1.442230,0.494229,0.712792
6251,human,0,96,0,1.231332,0.663594,0.817104
6251,lm,0,9,0,0.998406,3.178660,3.173593
7134,human,0,128,0,1.253243,0.711663,0.891887
7134,human,1,15,0,1.071031,1.179742,1.263540
7134,lm,0,49,0,1.447307,0.491674,0.711603
1138,human,0,82,0,1.289444,0.633194,0.816468
1138,lm,0,48,0,1.283201,0.528008,0.677541
5810,human,0,88,0,1.335496,0.528811,0.706226
5810,lm,0,111,0,1.884959,0.224903,0.423933
1580,human,0,128,0,1.209585,0.737407,0.891956
1580,human,1,128,0,1.218356,1.004995,1.224441
1580,human,2,11,0,1.051610,1.394223,1.466178
1580,lm,0,10,0,1.227957,1.606547,1.972771
8516,human,0,42,0,1.077486,1.254248,1.351435
8516,lm,0,11,0,1.111434,1.473991,1.638244
3732,human,0,67,0,1.261530,0.733797,0.925708
3732,lm,0,86,0,1.616457,0.330053,0.533517
4632,human,0,16,0,1.123987,1.075254,1.208572
4632,lm,0,6,0,1.138619,1.027553,1.169992
7975,human,0,128,0,1.341973,0.601432,0.807106
7975,human,1,25,0,1.014605,2.388955,2.423845
7975,lm,0,27,0,1.304785,0.847380,1.105649
8273,human,0,26,0,1.115457,1.510745,1.685171
8273,lm,0,18,0,1.146528,1.447419,1.659507
3361,human,0,63,0,1.184905,0.892642,1.057696
3361,lm,0,5,0,1.003131,2.169355,2.176147
6933,human,0,128,0,1.313955,0.605259,0.795284
6933,human,1,56,0,1.177894,0.919579,1.083166
6933,lm,0,10,0,1.065797,2.922532,3.114826
7443,human,0,15,0,1.137053,1.443499,1.641335
7443,lm,0,42,0,1.372083,0.578245,0.793400
8791,human,0,128,0,1.134442,0.941205,1.067742
8791,human,1,128,0,1.098452,1.130406,1.241696
8791,human,2,86,0,1.247633,0.685189,0.854865
8791,lm,0,128,0,1.830583,0.160404,0.293632
8791,lm,1,128,0,1.650786,0.179239,0.295885
8791,lm,2,35,0,1.223262,0.415550,0.508327
6084,human,0,25,0,1.173548,1.137391,1.334783
6084,lm,0,6,0,1.102453,2.402919,2.649106
8247,human,0,84,0,1.161155,0.778674,0.904161
8247,lm,0,9,0,1.022979,1.845065,1.887464
8958,human,0,128,0,1.191448,0.734534,0.875159
8958,human,1,63,0,0.969369,2.084113,2.020274
8958,lm,0,128,0,1.276588,0.665317,0.849336
8958,lm,1,70,0,1.110926,1.245476,1.383632
7475,human,0,79,0,1.240836,0.624182,0.774508
7475,lm,0,17,0,1.129826,1.298417,1.466986
632,human,0,120,0,1.317651,0.524907,0.691644
632,lm,0,10,0,1.025667,3.161446,3.242592
7892,human,0,128,0,1.274870,0.663235,0.845539
7892,human,1,81,0,1.116743,1.044623,1.166575
7892,lm,0,27,0,1.203173,1.254480,1.509356
8250,human,0,35,0,1.193442,0.849902,1.014309
8250,lm,0,35,0,1.281437,0.672737,0.862070
873,human,0,128,0,1.305508,0.636449,0.830889
873,human,1,80,0,1.132118,0.798323,0.903796
873,lm,0,96,0,1.677069,0.242260,0.406287
8409,human,0,61,0,1.293595,0.628453,0.812964
8409,lm,0,60,0,1.243496,0.890869,1.107792
7092,human,0,98,0,1.241334,0.737998,0.916102
7092,lm,0,27,0,1.386390,0.699859,0.970277
5944,human,0,87,0,1.239160,0.606650,0.751736
5944,lm,0,9,0,1.008100,1.712827,1.726701
309,human,0,76,0,1.096547,1.689996,1.853160
309,lm,0,128,0,1.454834,0.293865,0.427524
309,lm,1,128,0,1.356871,0.272997,0.370421
309,lm,2,67,0,1.247349,0.397136,0.495367
2240,human,0,45,0,1.305200,0.604035,0.788387
2240,lm,0,37,0,1.292144,0.832820,1.076124
4623,human,0,128,0,1.164036,0.795391,0.925863
4623,human,1,128,0,1.102889,1.064280,1.173782
4623,human,2,128,0,1.188329,0.768338,0.913038
4623,human,3,128,0,1.081908,1.108366,1.199150
4623,human,4,65,0,1.014425,1.161205,1.177955
4623,lm,0,87,0,1.440392,0.305868,0.440570
6782,human,0,20,0,1.134263,1.149908,1.304298
6782,lm,0,10,0,1.049797,1.986591,2.085517
3139,human,0,128,0,1.485080,0.511578,0.759734
3139,human,1,12,0,0.899012,4.762867,4.281873
3139,lm,0,92,0,1.560751,0.356278,0.556061
8087,human,0,43,0,1.173635,0.875078,1.027023
8087,lm,0,11,0,1.124484,1.412468,1.588298
4886,human,0,41,0,1.321888,0.672554,0.889041
4886,lm,0,13,0,1.254073,1.340796,1.681457
5150,human,0,128,0,1.178376,0.631213,0.743806
5150,human,1,128,0,1.171555,0.816608,0.956701
5150,human,2,128,0,1.227548,0.675205,0.828847
5150,human,3,128,0,1.044988,0.992411,1.037058
5150,human,4,128,0,1.254883,0.630609,0.791341
5150,human,5,84,0,1.097597,1.073734,1.178528
5150,lm,0,128,0,1.462561,0.293306,0.428978
5150,lm,1,128,0,1.357068,0.256354,0.347890
5150,lm,2,93,0,1.387268,0.257978,0.357884
2792,human,0,128,0,1.131211,0.970845,1.098231
2792,human,1,29,0,0.950597,1.924715,1.829627
2792,lm,0,8,0,0.973570,5.344880,5.203613
5788,human,0,128,0,1.281205,0.685025,0.877657
5788,human,1,12,0,1.120227,1.144803,1.282439
5788,lm,0,111,0,2.167157,0.251018,0.543996
5889,human,0,128,0,1.232208,0.607551,0.748629
5889,human,1,48,0,1.201850,1.120281,1.346409
5889,lm,0,37,0,1.346690,0.862675,1.161757
4868,human,0,128,0,1.438192,0.491128,0.706336
4868,human,1,128,0,1.287784,0.639197,0.823148
4868,human,2,70,0,1.122867,1.017388,1.142391
4868,lm,0,72,0,1.429803,0.531403,0.759802
3046,human,0,128,0,1.226039,0.642135,0.787282
3046,human,1,128,0,1.206991,0.693670,0.837254
3046,human,2,118,0,1.204377,0.736534,0.887065
3046,lm,0,127,0,1.603349,0.491028,0.787290
6410,human,0,20,0,1.135434,1.730878,1.965299
6410,lm,0,11,0,1.067999,2.394780,2.557623
5693,human,0,77,0,1.363832,0.648327,0.884209
5693,lm,0,11,0,1.072535,2.328936,2.497865
5692,human,0,128,0,1.225108,0.637536,0.781050
5692,human,1,9,0,1.104494,1.712436,1.891375
5692,lm,0,89,0,1.395408,0.464550,0.648237
5985,human,0,11,0,1.038116,1.844382,1.914682
5985,lm,0,9,0,1.052803,2.249992,2.368798
7942,human,0,79,0,1.100626,0.980579,1.079251
7942,lm,0,48,0,1.260428,0.659525,0.831284
5841,human,0,128,0,1.084598,0.783556,0.849843
5841,human,1,128,0,0.863167,1.187710,1.025192
5841,human,2,28,0,1.134249,0.979825,1.111366
5841,lm,0,46,0,1.332915,0.555340,0.740221
980,human,0,101,0,1.340102,0.337834,0.452732
980,lm,0,128,0,1.169164,0.722428,0.844636
980,lm,1,6,0,0.987133,4.645960,4.586178
5193,human,0,47,0,1.478940,0.523256,0.773865
5193,lm,0,46,0,1.700605,0.591299,1.005566
7870,human,0,128,0,1.046605,1.137446,1.190456
7870,human,1,108,0,1.003963,1.363432,1.368835
7870,lm,0,58,0,1.497368,0.410496,0.614664
201,human,0,128,0,1.260208,0.433997,0.546927
201,human,1,97,0,0.979164,1.134853,1.111207
201,lm,0,5,0,1.108454,3.676220,4.074922
6541,human,0,77,0,1.388264,0.629265,0.873586
6541,lm,0,44,0,1.353010,0.737737,0.998166
4986,human,0,87,0,1.263048,0.584917,0.738779
4986,lm,0,10,0,1.056138,1.905589,2.012565
5982,human,0,128,0,1.528234,0.326476,0.498932
5982,human,1,55,0,1.193051,0.947189,1.130045
5982,lm,0,53,0,1.435074,0.336418,0.482785
4658,human,0,77,0,1.214487,0.654538,0.794928
4658,lm,0,64,0,1.440240,0.439771,0.633376
1364,human,0,128,0,1.214292,0.849790,1.031893
1364,human,1,128,0,1.234047,0.728576,0.899097
1364,human,2,128,0,1.185512,0.957081,1.134632
1364,human,3,3,0,1.024544,2.777616,2.845788
1364,lm,0,128,0,1.982734,0.291576,0.578118
1364,lm,1,50,0,1.258625,0.925319,1.164630
2785,human,0,117,0,1.191629,0.654553,0.779984
2785,lm,0,68,0,1.357368,0.444709,0.603634
1615,human,0,110,0,1.150706,0.979711,1.127359
1615,lm,0,128,0,1.757608,0.242175,0.425648
1615,lm,1,128,0,2.109692,0.180627,0.381066
1615,lm,2,65,0,1.543913,0.427794,0.660477
5547,human,0,115,0,1.113617,0.930979,1.036754
5547,lm,0,10,0,1.075761,1.497808,1.611284
8943,human,0,128,0,1.156943,0.912359,1.055547
8943,human,1,128,0,1.185802,0.970325,1.150613
8943,human,2,128,0,1.205475,0.791963,0.954692
8943,human,3,102,0,1.219764,1.177658,1.436465
8943,lm,0,52,0,1.142844,1.302228,1.488243
3711,human,0,46,0,1.203931,0.800829,0.964143
3711,lm,0,16,0,1.159636,1.101384,1.277204
8576,human,0,37,0,1.267828,0.823672,1.044274
8576,lm,0,10,0,1.081812,2.759290,2.985032
4152,human,0,128,0,1.342266,0.662185,0.888828
4152,human,1,29,0,1.214462,1.059177,1.286331
4152,lm,0,128,0,2.285264,0.185900,0.424830
4152,lm,1,128,0,2.303336,0.192343,0.443030
4152,lm,2,128,0,2.114456,0.201631,0.426340
4152,lm,3,37,0,1.506127,0.639374,0.962978
596,human,0,128,0,1.178027,0.548227,0.645826
596,human,1,128,0,1.068260,0.927967,0.991310
596,human,2,128,0,1.224624,0.714277,0.874721
596,human,3,128,0,1.046865,1.252709,1.311418
596,human,4,128,0,1.118508,1.044366,1.168132
596,human,5,128,0,1.197493,0.781053,0.935305
596,human,6,81,0,1.092381,0.876114,0.957051
596,lm,0,128,0,2.051901,0.168292,0.345319
596,lm,1,128,0,1.466492,0.317371,0.465423
596,lm,2,128,0,1.444489,0.270406,0.390599
596,lm,3,25,0,1.121013,1.404235,1.574166
3995,human,0,52,0,1.039645,1.384569,1.439459
3995,lm,0,13,0,1.112631,1.311345,1.459043
570,human,0,82,0,1.548675,0.350248,0.542420
570,lm,0,53,0,1.683065,0.392724,0.660981
1345,human,0,52,0,1.197256,0.794079,0.950716
1345,lm,0,25,0,1.118972,1.713544,1.917408
5433,human,0,116,0,1.331672,0.534540,0.711832
5433,lm,0,52,0,1.436867,0.525747,0.755428
8175,human,0,128,0,1.159440,0.574448,0.666038
8175,human,1,128,0,1.310446,0.734897,0.963043
8175,human,2,84,0,1.179419,1.213121,1.430778
8175,lm,0,128,0,1.487638,0.373435,0.555537
8175,lm,1,65,0,1.344847,0.872785,1.173762
8691,human,0,128,0,1.667241,0.260838,0.434879
8691,human,1,12,0,1.166483,1.320109,1.539885
8691,lm,0,91,0,1.804622,0.238277,0.430000
5620,human,0,64,0,1.437473,0.477168,0.685916
5620,lm,0,10,0,1.098842,1.617837,1.777748
6910,human,0,117,0,1.356026,0.423268,0.573962
6910,lm,0,6,0,1.140831,1.032204,1.177570
3590,human,0,65,0,1.291053,0.637208,0.822669
3590,lm,0,67,0,1.344030,0.709027,0.952954
3107,human,0,128,0,1.310795,0.491448,0.644188
3107,human,1,41,0,1.182798,1.170657,1.384651
3107,lm,0,128,0,1.539481,0.403912,0.621816
3107,lm,1,128,0,1.423999,0.434245,0.618365
3107,lm,2,128,0,1.363789,0.464033,0.632842
3107,lm,3,128,0,1.344095,0.480199,0.645434
3107,lm,4,128,0,1.430647,0.406413,0.581434
3107,lm,5,10,0,0.997781,3.804442,3.796002
1314,human,0,12,0,1.078158,1.293606,1.394712
1314,lm,0,39,0,1.291307,0.924178,1.193398
8905,human,0,90,0,1.289953,0.646696,0.834207
8905,lm,0,46,0,1.099800,1.611593,1.772431
4557,human,0,62,0,1.277134,0.790819,1.009983
4557,lm,0,11,0,1.104464,1.333963,1.473314
145,human,0,48,0,1.215036,0.618453,0.751442
145,lm,0,10,0,1.023779,2.937862,3.007721
6335,human,0,128,0,1.350864,0.404010,0.545763
6335,human,1,128,0,1.187479,0.874933,1.038965
6335,human,2,128,0,1.220313,0.940482,1.147682
6335,human,3,128,0,1.189854,1.065837,1.268190
6335,human,4,21,0,1.067694,1.511480,1.613798
6335,lm,0,80,0,1.294901,0.553818,0.717139
4911,human,0,128,0,1.417928,0.523072,0.741679
4911,human,1,20,0,1.451163,0.896980,1.301664
4911,lm,0,80,0,1.686117,0.309898,0.522524
4026,human,0,64,0,1.331492,0.421523,0.561255
4026,lm,0,65,0,1.368637,0.567612,0.776855
7514,human,0,46,0,1.261420,0.740921,0.934612
7514,lm,0,24,0,1.291754,0.606289,0.783176
8020,human,0,35,0,1.071862,1.812941,1.943222
8020,lm,0,128,0,1.520455,0.394627,0.600012
8020,lm,1,51,0,1.322790,0.779852,1.031581
4856,human,0,45,0,1.328445,0.771111,1.024378
4856,lm,0,73,0,1.569797,0.397344,0.623750
4946,human,0,10,0,1.089319,1.624775,1.769898
4946,lm,0,23,0,1.172920,1.261845,1.480044
3162,human,0,128,0,1.203097,0.622651,0.749109
3162,human,1,128,0,1.102904,0.911796,1.005624
3162,human,2,102,0,1.061845,1.036819,1.100941
3162,lm,0,128,0,1.598704,0.381768,0.610334
3162,lm,1,94,0,1.197951,0.539038,0.645741
3149,human,0,128,0,1.365171,0.449332,0.613415
3149,human,1,128,0,1.155965,0.902745,1.043541
3149,human,2,128,0,1.247613,0.676339,0.843810
3149,human,3,128,0,1.185845,0.765410,0.907657
3149,human,4,128,0,1.120790,0.980598,1.099045
3149,human,5,100,0,1.158865,0.829877,0.961716
3149,lm,0,128,0,1.588585,0.326267,0.518303
3149,lm,1,128,0,1.199656,0.557793,0.669159
3149,lm,2,82,0,1.383193,0.575552,0.796099
4501,human,0,122,0,1.381291,0.503538,0.695533
4501,lm,0,22,0,1.335704,0.702850,0.938799
3801,human,0,36,0,1.287608,0.763684,0.983325
3801,lm,0,11,0,1.108464,1.321620,1.464968
3966,human,0,128,0,1.311593,0.747766,0.980764
3966,human,1,73,0,1.296861,0.530061,0.687416
3966,lm,0,34,0,1.162326,0.901620,1.047977
1552,human,0,128,0,1.222904,0.709927,0.868173
1552,human,1,128,0,1.194125,0.817826,0.976586
1552,human,2,88,0,1.276367,0.523293,0.667914
1552,lm,0,10,0,1.099105,1.885319,2.072164
5210,human,0,128,0,1.120731,1.111947,1.246194
5210,human,1,128,0,1.231339,0.678667,0.835670
5210,human,2,6,0,1.048247,4.058222,4.254020
5210,lm,0,10,0,1.088216,1.455600,1.584008
1848,human,0,33,0,1.089843,1.516269,1.652495
1848,lm,0,14,0,1.089379,1.704791,1.857164
4427,human,0,35,0,1.218534,0.934838,1.139131
4427,lm,0,31,0,1.288501,0.861023,1.109428
3735,human,0,91,0,1.221580,0.868594,1.061057
3735,lm,0,5,0,1.061678,5.277124,5.602609
691,human,0,128,0,1.224350,0.502016,0.614644
691,human,1,128,0,1.297035,0.424779,0.550953
691,human,2,128,0,1.026247,0.955807,0.980894
691,human,3,88,0,1.171199,0.718838,0.841902
691,lm,0,24,0,1.121891,1.138786,1.277594
1514,human,0,54,0,1.290679,0.673949,0.869852
1514,lm,0,128,0,1.381345,0.610307,0.843045
1514,lm,1,128,0,1.255811,0.836095,1.049977
1514,lm,2,119,0,1.304327,0.572490,0.746714
2079,human,0,80,0,1.368483,0.646908,0.885283
2079,lm,0,10,0,1.080111,2.213508,2.390835
3441,human,0,66,0,1.255742,0.739167,0.928203
3441,lm,0,91,0,1.647372,0.304106,0.500976
1988,human,0,128,0,1.230093,0.563863,0.693604
1988,human,1,127,0,1.224818,0.572795,0.701569
1988,lm,0,46,0,1.259549,0.747713,0.941781
4472,human,0,128,0,1.365797,0.544449,0.743607
4472,human,1,127,0,1.368156,0.588996,0.805838
4472,lm,0,99,0,1.642171,0.270063,0.443490
8999,human,0,128,0,1.280989,0.646081,0.827623
8999,human,1,67,0,1.149445,1.056194,1.214037
8999,lm,0,128,0,1.225540,0.967946,1.186256
8999,lm,1,42,0,1.175759,1.326831,1.560033
9000,human,0,128,0,1.303067,0.527834,0.687803
9000,human,1,104,0,1.093537,0.999782,1.093299
9000,lm,0,128,0,1.604588,0.378950,0.608058
9000,lm,1,115,0,1.319358,0.665321,0.877796
9001,human,0,128,0,1.188748,0.773864,0.919929
9001,human,1,128,0,1.207868,0.654191,0.790177
9001,human,2,27,0,1.089485,1.578994,1.720291
9001,lm,0,30,0,1.112841,1.387647,1.544230
9002,human,0,13,0,1.037835,2.517457,2.612704
9002,lm,0,36,0,1.058822,1.005159,1.064284
9003,human,0,128,0,1.092962,1.305022,1.426339
9003,human,1,102,0,1.186936,0.933862,1.108435
9003,lm,0,40,0,1.308915,0.678146,0.887636
9004,human,0,100,0,1.407733,0.465981,0.655976
9004,lm,0,126,0,2.209000,0.170706,0.377090
9005,human,0,46,0,1.258197,0.451806,0.568461
9005,lm,0,14,0,1.200793,0.554288,0.665585
9006,human,0,67,0,1.543022,0.232378,0.358565
9006,lm,0,16,0,1.274984,0.976528,1.245057
9007,human,0,128,0,1.351647,0.539452,0.729149
9007,human,1,128,0,1.470423,0.395391,0.581393
9007,human,2,123,0,1.320541,0.582923,0.769773
9007,lm,0,47,0,1.441732,0.506843,0.730732
9008,human,0,128,0,1.458255,0.334601,0.487933
9008,human,1,59,0,1.269959,0.560734,0.712109
9008,lm,0,128,0,1.983967,0.233989,0.464227
9008,lm,1,128,0,1.698549,0.218579,0.371267
9008,lm,2,21,0,1.507868,0.492708,0.742939
9009,human,0,128,0,1.350205,0.548405,0.740460
9009,human,1,46,0,1.095317,1.133890,1.241969
9009,lm,0,99,0,1.490527,0.350726,0.522766
9010,human,0,128,0,1.204857,0.926093,1.115809
9010,human,1,128,0,1.113616,1.072211,1.194031
9010,human,2,128,0,1.177265,0.756590,0.890707
9010,human,3,3,0,1.143863,1.277532,1.461322
9010,lm,0,128,0,1.873452,0.264169,0.494907
9010,lm,1,128,0,1.703965,0.297958,0.507709
9010,lm,2,128,0,1.985126,0.180073,0.357467
9010,lm,3,62,0,1.448955,0.425456,0.616467
9011,human,0,128,0,1.280270,0.630402,0.807085
9011,human,1,72,0,1.067898,1.440925,1.538762
9011,lm,0,10,0,0.986858,4.715968,4.653991
9012,human,0,52,0,1.156779,1.444516,1.670986
9012,lm,0,11,0,1.063967,2.179296,2.318699
9013,human,0,58,0,1.158150,1.190127,1.378346
9013,lm,0,10,0,1.050512,3.109562,3.266631
9014,human,0,54,0,1.181821,1.120088,1.323743
9014,lm,0,18,0,1.109699,1.668519,1.851554
9015,human,0,41,0,1.252788,0.837579,1.049309
9015,lm,0,60,0,1.321119,0.644191,0.851053
9016,human,0,62,0,1.206977,0.856576,1.033867
9016,lm,0,128,0,1.449408,0.458738,0.664898
9016,lm,1,10,0,0.998894,2.776258,2.773187
9017,human,0,88,0,1.172196,0.806951,0.945904
9017,lm,0,103,0,1.342467,0.643286,0.863590
9018,human,0,128,0,1.173989,1.256839,1.475516
9018,human,1,128,0,1.139086,1.086898,1.238071
9018,human,2,80,0,1.036411,1.730114,1.793110
9018,lm,0,46,0,1.643079,0.339642,0.558059
9019,human,0,128,0,1.397019,0.568480,0.794177
9019,human,1,128,0,1.145241,1.177977,1.349068
9019,human,2,72,0,1.366349,0.614475,0.839587
9019,lm,0,52,0,1.852736,0.356301,0.660132
9020,human,0,33,0,1.191579,0.886789,1.056679
9020,lm,0,38,0,1.250301,1.052247,1.315626
9021,human,0,29,0,1.184762,1.207462,1.430556
9021,lm,0,128,0,1.681963,0.348484,0.586137
9021,lm,1,6,0,1.074327,1.917764,2.060306
9022,human,0,128,0,1.031308,1.148108,1.184053
9022,human,1,128,0,0.972753,1.572324,1.529482
9022,human,2,128,0,1.045225,1.440200,1.505333
9022,human,3,62,0,0.951012,2.188746,2.081525
9022,lm,0,40,0,1.315747,0.865382,1.138624
9023,human,0,44,0,1.468662,0.440561,0.647035
9023,lm,0,85,0,2.005894,0.166882,0.334747
9024,human,0,128,0,1.248710,0.758699,0.947395
9024,human,1,58,0,1.093692,0.954369,1.043786
9024,lm,0,62,0,1.339932,0.704532,0.944025
9025,human,0,38,0,1.169014,1.077266,1.259340
9025,lm,0,13,0,1.157025,1.263069,1.461402
9026,human,0,37,0,1.149058,1.093264,1.256223
9026,lm,0,128,0,1.397431,0.417910,0.584000
9026,lm,1,15,0,0.966615,2.227647,2.153276
9027,human,0,105,0,1.107491,1.288764,1.427294
9027,lm,0,11,0,1.042362,2.778802,2.896518
9028,human,0,27,0,1.103550,1.157268,1.277103
9028,lm,0,49,0,1.324546,0.622163,0.824083
9029,human,0,27,0,1.089699,1.173838,1.279130
9029,lm,0,59,0,1.670589,0.493773,0.824892
9030,human,0,37,0,1.221287,1.034955,1.263977
9030,lm,0,68,0,1.666611,0.352836,0.588040
9031,human,0,18,0,1.146835,1.334448,1.530392
9031,lm,0,128,0,2.145748,0.161913,0.347424
9032,human,0,81,0,1.381078,0.459375,0.634433
9032,lm,0,44,0,1.485511,0.397788,0.590918
9033,human,0,96,0,1.180803,0.817615,0.965442
9033,lm,0,10,0,1.062694,3.410175,3.623973
9034,human,0,128,0,1.215966,0.812386,0.987834
9034,human,1,128,0,1.116293,1.042162,1.163358
9034,human,2,128,0,1.124906,0.888902,0.999931
9034,human,3,128,0,1.075810,1.041446,1.120398
9034,human,4,128,0,1.108528,0.939004,1.040913
9034,human,5,34,0,1.116704,1.533804,1.712805
9034,lm,0,128,0,1.764288,0.315957,0.557439
9034,lm,1,128,0,1.352136,0.624784,0.844793
9034,lm,2,76,0,1.402432,0.572601,0.803034
9035,human,0,128,0,1.249644,0.539631,0.674347
9035,human,1,1,0,1.000000,5.063835,5.063835
9035,lm,0,83,0,1.628987,0.348741,0.568095
9036,human,0,128,0,1.078822,1.033378,1.114832
9036,human,1,128,0,0.969592,1.525487,1.479100
9036,human,2,9,0,0.942302,5.987945,5.642452
9036,lm,0,17,0,1.049456,1.149371,1.206214
9037,human,0,71,0,1.168015,1.039017,1.213587
9037,lm,0,77,0,1.583105,0.380948,0.603081
9038,human,0,128,0,1.224376,0.941767,1.153077
9038,human,1,128,0,1.151287,0.903776,1.040506
9038,human,2,72,0,1.187048,0.798115,0.947401
9038,lm,0,111,0,1.937929,0.312361,0.605334
9039,human,0,88,0,1.252927,0.729446,0.913942
9039,lm,0,59,0,1.411100,0.551542,0.778281
9040,human,0,128,0,1.271323,0.687143,0.873581
9040,human,1,42,0,1.048145,2.286876,2.396979
9040,lm,0,76,0,1.291858,0.531613,0.686768
9041,human,0,84,0,1.228378,0.745525,0.915786
9041,lm,0,57,0,1.170172,1.083317,1.267667
9042,human,0,24,0,1.337970,0.642847,0.860110
9042,lm,0,9,0,1.006710,1.978729,1.992006
9043,human,0,23,0,1.130315,1.303750,1.473648
9043,lm,0,9,0,1.029875,1.499575,1.544374
9044,human,0,76,0,1.324585,0.538312,0.713040
9044,lm,0,10,0,1.044032,1.838687,1.919648
9045,human,0,76,0,1.318078,0.582522,0.767810
9045,lm,0,10,0,1.041047,1.838687,1.914159
9046,human,0,22,0,1.131077,0.806999,0.912778
9046,lm,0,9,0,1.013988,1.491861,1.512729
9047,human,0,98,0,1.278866,0.541389,0.692363
9047,lm,0,10,0,1.104444,1.924101,2.125062
9048,human,0,35,0,1.246875,0.736978,0.918919
9048,lm,0,10,0,1.148950,1.323911,1.521108
9049,human,0,109,0,1.275126,0.553438,0.705703
9049,lm,0,21,0,1.184241,0.956718,1.132985
9050,human,0,86,0,1.339020,0.560521,0.750550
9050,lm,0,10,0,1.082403,1.936553,2.096131
9051,human,0,45,0,1.358785,0.593122,0.805925
9051,lm,0,48,0,1.404152,0.564094,0.792074
9052,human,0,27,0,1.136090,1.283777,1.458486
9052,lm,0,9,0,0.973439,3.072106,2.990509
9053,human,0,128,0,0.994089,1.152240,1.145429
9053,human,1,33,0,0.892400,2.666949,2.379985
9053,lm,0,10,0,1.117182,1.629699,1.820669
9054,human,0,36,0,1.187807,1.037974,1.232913
9054,lm,0,72,0,1.416350,0.621244,0.879899
9055,human,0,93,0,1.409379,0.430496,0.606732
9055,lm,0,60,0,1.436409,0.408549,0.586844
9056,human,0,81,0,1.123612,0.904862,1.016714
9056,lm,0,44,0,1.217601,0.990672,1.206243
9057,human,0,101,0,1.300194,0.557186,0.724450
9057,lm,0,18,0,1.255471,1.004092,1.260608
9058,human,0,121,0,1.155177,0.983927,1.136610
9058,lm,0,44,0,1.453487,0.732823,1.065149
9059,human,0,128,0,1.018349,1.204000,1.226093
9059,human,1,111,0,1.071910,1.010695,1.083374
9059,lm,0,115,0,1.544082,0.395467,0.610633
9060,human,0,114,0,1.331129,0.529959,0.705444
9060,lm,0,128,0,1.280605,0.592153,0.758314
9060,lm,1,24,0,0.829052,2.781553,2.306051
9061,human,0,92,0,1.243039,0.742106,0.922467
9061,lm,0,102,0,1.476518,0.504617,0.745077
9062,human,0,128,0,1.358176,0.558313,0.758287
9062,human,1,128,0,1.279932,0.576348,0.737686
9062,human,2,58,0,1.084612,1.306954,1.417538
9062,lm,0,83,0,1.454679,0.621477,0.904049
9063,human,0,103,0,1.273345,0.651577,0.829682
9063,lm,0,12,0,1.159847,1.329958,1.542548
9064,human,0,23,0,1.248384,0.926151,1.156191
9064,lm,0,29,0,1.321140,0.641036,0.846899
9065,human,0,128,0,1.073421,0.694807,0.745821
9065,human,1,128,0,1.020439,0.724999,0.739817
9065,human,2,128,0,1.174684,1.000086,1.174786
9065,human,3,128,0,1.185475,0.943246,1.118195
9065,human,4,19,0,1.098435,1.789652,1.965816
9065,lm,0,128,0,2.430073,0.124037,0.301418
9065,lm,1,128,0,1.711890,0.179125,0.306642
9065,lm,2,33,0,1.228546,0.485422,0.596363
9066,human,0,128,0,1.193973,0.666132,0.795344
9066,human,1,80,0,1.148286,0.924786,1.061919
9066,lm,0,14,0,1.104571,2.166588,2.393151
9067,human,0,59,0,1.328506,0.440318,0.584965
9067,lm,0,12,0,1.283381,1.198046,1.537549
9068,human,0,42,0,1.336408,0.528188,0.705875
9068,lm,0,10,0,1.085391,2.044224,2.218783
9069,human,0,128,0,1.279366,0.618661,0.791493
9069,human,1,128,0,1.167776,0.732184,0.855027
9069,human,2,14,0,1.079592,1.084351,1.170656
9069,lm,0,55,0,1.239657,0.671376,0.832276
9070,human,0,128,0,1.223260,0.819410,1.002351
9070,human,1,56,0,1.070148,1.465205,1.567986
9070,lm,0,98,0,1.412443,0.588399,0.831080
9071,human,0,120,0,1.066523,1.264669,1.348799
9071,lm,0,20,0,1.193968,1.127685,1.346419
9072,human,0,128,0,1.207625,0.676957,0.817510
9072,human,1,128,0,1.108928,0.994382,1.102697
9072,human,2,9,0,0.924672,4.416877,4.084162
9072,lm,0,128,0,1.419896,0.530255,0.752907
9072,lm,1,32,0,1.088551,1.441234,1.568857
9073,human,0,128,0,1.118359,0.813409,0.909683
9073,human,1,128,0,1.082655,1.005928,1.089073
9073,human,2,4,0,0.985121,4.596398,4.528009
9073,lm,0,62,0,1.583377,0.526552,0.833731
9074,human,0,82,0,1.260750,0.624051,0.786772
9074,lm,0,48,0,1.253062,0.865023,1.083928
9075,human,0,91,0,1.282917,0.482086,0.618476
9075,lm,0,48,0,1.199953,1.026875,1.232202
9076,human,0,128,0,1.209564,0.716089,0.866155
9076,human,1,128,0,1.245744,0.673679,0.839232
9076,human,2,128,0,1.188574,0.855167,1.016430
9076,human,3,33,0,1.090037,1.829994,1.994761
9076,lm,0,128,0,1.681872,0.321614,0.540914
9076,lm,1,11,0,1.047905,2.674080,2.802182
9077,human,0,72,0,1.166433,0.924088,1.077886
9077,lm,0,72,0,1.441807,0.503049,0.725299
9078,human,0,128,0,1.049600,1.144284,1.201041
9078,human,1,42,0,0.877625,2.802621,2.459649
9078,lm,0,10,0,1.078359,1.629699,1.757401
9079,human,0,84,0,1.314795,0.708771,0.931889
9079,lm,0,57,0,1.460051,0.535202,0.781422
9080,human,0,128,0,1.139318,1.132754,1.290567
9080,human,1,63,0,1.111692,1.467660,1.631586
9080,lm,0,57,0,1.312528,0.801963,1.052599
9081,human,0,128,0,1.461695,0.423993,0.619748
9081,human,1,45,0,1.121464,0.868178,0.973631
9081,lm,0,66,0,1.421438,0.582873,0.828518
9082,human,0,78,0,1.435141,0.395034,0.566929
9082,lm,0,62,0,1.587834,0.467387,0.742133
9083,human,0,90,0,1.008560,1.617952,1.631801
9083,lm,0,17,0,1.055755,0.824895,0.870887
9084,human,0,128,0,1.329855,0.561349,0.746513
9084,human,1,10,0,0.923330,5.813685,5.367951
9084,lm,0,128,0,1.483994,0.305660,0.453598
9084,lm,1,128,0,1.507025,0.152846,0.230343
9084,lm,2,73,0,1.209705,0.318549,0.385350
9085,human,0,80,0,1.220264,0.674759,0.823384
9085,lm,0,43,0,1.253655,0.833532,1.044961
9086,human,0,91,0,1.452701,0.437536,0.635609
9086,lm,0,41,0,1.200207,0.837587,1.005277
9087,human,0,95,0,1.393474,0.448931,0.625573
9087,lm,0,24,0,1.169358,1.494230,1.747290
9088,human,0,24,0,1.193386,0.918352,1.095949
9088,lm,0,7,0,1.103868,0.837628,0.924631
9089,human,0,23,0,1.097983,1.647224,1.808624
9089,lm,0,59,0,1.460904,0.559209,0.816951
9090,human,0,48,0,1.149612,1.126478,1.295013
9090,lm,0,38,0,1.234036,0.735418,0.907533
9091,human,0,128,0,1.145818,0.864322,0.990355
9091,human,1,36,0,1.116406,1.331435,1.486422
9091,lm,0,11,0,1.091114,2.048899,2.235583
9092,human,0,62,0,1.334946,0.678509,0.905773
9092,lm,0,10,0,1.078844,1.911706,2.062432
9093,human,0,76,0,1.291665,0.595161,0.768748
9093,lm,0,103,0,1.535654,0.518956,0.796937
9094,human,0,128,0,1.235464,0.883244,1.091216
9094,human,1,128,0,1.160861,0.784266,0.910424
9094,human,2,33,0,1.127951,2.069087,2.333828
9094,lm,0,9,0,1.009586,2.767702,2.794234
9095,human,0,76,0,1.188439,0.940163,1.117326
9095,lm,0,10,0,1.226836,1.606547,1.970970
9096,human,0,92,0,1.154110,0.991692,1.144522
9096,lm,0,10,0,1.188763,1.046423,1.243949
9097,human,0,42,0,1.119650,1.120938,1.255058
9097,lm,0,44,0,1.223779,0.838577,1.026233
9098,human,0,128,0,1.219125,0.792907,0.966653
9098,human,1,128,0,1.118542,1.035444,1.158188
9098,human,2,31,0,1.138594,1.387531,1.579835
9098,lm,0,9,0,1.063178,1.509979,1.605376
9099,human,0,78,0,1.145548,1.172097,1.342693
9099,lm,0,12,0,1.116434,2.555789,2.853371
9100,human,0,128,0,1.326049,0.406215,0.538662
9100,human,1,128,0,1.284329,0.462826,0.594421
9100,human,2,4,0,0.973433,3.486241,3.393621
9100,lm,0,10,0,1.057083,2.426662,2.565183
9101,human,0,45,0,1.313600,0.588019,0.772422
9101,lm,0,13,0,1.340638,0.693475,0.929699
9102,human,0,128,0,1.033696,1.126930,1.164903
9102,human,1,51,0,0.882706,2.921479,2.578806
9102,lm,0,72,0,1.490315,0.446152,0.664907
9103,human,0,128,0,1.321092,0.561132,0.741306
9103,human,1,128,0,1.113116,1.000906,1.114125
9103,human,2,128,0,1.110273,0.891038,0.989296
9103,human,3,73,0,1.162339,1.116509,1.297762
9103,lm,0,18,0,1.346547,1.004207,1.352213
9104,human,0,128,0,1.279546,0.513292,0.656781
9104,human,1,128,0,1.185000,0.932267,1.104737
9104,human,2,128,0,1.166936,0.523406,0.610781
9104,human,3,32,0,1.273251,0.524875,0.668298
9104,lm,0,128,0,2.495495,0.163055,0.406902
9104,lm,1,3,0,1.100367,1.357344,1.493577
9105,human,0,47,0,1.143695,0.673074,0.769791
9105,lm,0,7,0,1.135122,1.479615,1.679544
9106,human,0,71,0,1.253868,0.908953,1.139707
9106,lm,0,11,0,1.053305,2.614119,2.753465
9107,human,0,128,0,1.191324,0.651441,0.776077
9107,human,1,128,0,1.224034,0.614725,0.752444
9107,human,2,81,0,1.113878,1.068512,1.190192
9107,lm,0,128,0,1.557836,0.415560,0.647375
9107,lm,1,28,0,1.107530,0.952428,1.054843
9108,human,0,124,0,1.233978,0.609314,0.751880
9108,lm,0,49,0,1.429131,0.594624,0.849796
9109,human,0,55,0,1.168566,0.927583,1.083943
9109,lm,0,128,0,1.587556,0.280980,0.446072
9109,lm,1,128,0,1.541650,0.290970,0.448574
9109,lm,2,128,0,1.407716,0.306712,0.431763
9109,lm,3,49,0,1.317219,0.551974,0.727070
9110,human,0,115,0,1.302028,0.546870,0.712040
9110,lm,0,11,0,1.090914,1.893245,2.065367
9111,human,0,128,0,1.292350,0.575407,0.743628
9111,human,1,50,0,1.460408,0.800941,1.169700
9111,lm,0,49,0,1.533819,0.514966,0.789865
9112,human,0,108,0,1.243042,0.655029,0.814229
9112,lm,0,43,0,1.266165,0.815107,1.032060
9113,human,0,75,0,1.196440,0.893665,1.069217
9113,lm,0,41,0,1.275785,0.729032,0.930088
9114,human,0,128,0,1.447022,0.381804,0.552478
9114,human,1,128,0,1.294154,0.594325,0.769149
9114,human,2,128,0,1.439864,0.352959,0.508212
9114,human,3,55,0,1.229733,0.641456,0.788820
9114,lm,0,128,0,1.420849,0.462222,0.656748
9114,lm,1,98,0,1.240221,0.636042,0.788832
9115,human,0,128,0,1.168615,0.840140,0.981801
9115,human,1,128,0,1.120882,0.860853,0.964915
9115,human,2,128,0,1.180721,0.821061,0.969444
9115,human,3,57,0,1.387117,0.515603,0.715201
9115,lm,0,128,0,1.457180,0.386785,0.563615
9115,lm,1,84,0,1.407625,0.503524,0.708773
9116,human,0,128,0,1.608030,0.384672,0.618565
9116,human,1,112,0,1.208339,0.852149,1.029685
9116,lm,0,6,0,1.157148,1.699625,1.966718
9117,human,0,128,0,1.177443,0.820791,0.966434
9117,human,1,23,0,1.111257,2.240202,2.489440
9117,lm,0,62,0,1.269499,0.728270,0.924538
9118,human,0,83,0,1.436437,0.618413,0.888312
9118,lm,0,40,0,1.568044,0.392538,0.615517
9119,human,0,57,0,1.300109,0.790837,1.028175
9119,lm,0,13,0,1.441973,0.757730,1.092627
9120,human,0,128,0,1.627622,0.289228,0.470754
9120,human,1,18,0,1.005522,1.859670,1.869938
9120,lm,0,60,0,1.851251,0.246989,0.457238
9121,human,0,34,0,1.260162,0.843590,1.063060
9121,lm,0,29,0,1.418583,0.383157,0.543540
9122,human,0,24,0,1.050142,1.834380,1.926359
9122,lm,0,8,0,1.107104,2.112618,2.338887
9123,human,0,128,0,1.174574,0.829570,0.974392
9123,human,1,128,0,1.156598,0.839187,0.970602
9123,human,2,16,0,1.092316,1.934073,2.112618
9123,lm,0,63,0,1.412641,0.603727,0.852850
9124,human,0,99,0,1.191240,0.755423,0.899890
9124,lm,0,17,0,1.056066,1.995482,2.107360
9125,human,0,128,0,1.287831,0.620474,0.799066
9125,human,1,128,0,1.104659,1.025861,1.133227
9125,human,2,73,0,1.161879,0.877673,1.019749
9125,lm,0,128,0,1.286493,0.511147,0.657587
9125,lm,1,51,0,1.181588,0.857480,1.013187
9126,human,0,128,0,1.135979,0.857674,0.974299
9126,human,1,128,0,1.139297,0.801539,0.913191
9126,human,2,128,0,1.143364,0.710054,0.811849
9126,human,3,19,0,1.068745,1.508990,1.612725
9126,lm,0,10,0,0.984244,4.275819,4.208450
9127,human,0,20,0,1.077531,1.007665,1.085791
9127,lm,0,97,0,1.411315,0.458750,0.647440
9128,human,0,128,0,1.371210,0.597809,0.819721
9128,human,1,128,0,1.341369,0.439309,0.589275
9128,human,2,1,0,1.000000,1.636862,1.636862
9128,lm,0,82,0,1.311062,0.459604,0.602569
9129,human,0,39,0,1.256238,0.955440,1.200260
9129,lm,0,22,0,1.230923,0.978359,1.204284
9130,human,0,108,0,1.166575,0.874115,1.019721
9130,lm,0,24,0,1.196730,0.983581,1.177081
9131,human,0,128,0,1.230029,0.573545,0.705478
9131,human,1,128,0,1.134729,0.777003,0.881687
9131,human,2,128,0,1.232600,0.700657,0.863630
9131,human,3,3,0,1.004319,2.295455,2.305370
9131,lm,0,34,0,1.165982,1.075693,1.254238
9132,human,0,128,0,1.152324,0.843413,0.971885
9132,human,1,36,0,1.108646,1.154352,1.279768
9132,lm,0,128,0,2.519651,0.160611,0.404683
9132,lm,1,128,0,2.280380,0.182277,0.415660
9132,lm,2,83,0,1.718659,0.327439,0.562756
9133,human,0,98,0,1.408579,0.501445,0.706325
9133,lm,0,49,0,1.644025,0.502443,0.826029
9134,human,0,66,0,1.105230,1.457861,1.611272
9134,lm,0,64,0,1.235363,0.889171,1.098449
9135,human,0,29,0,1.284785,0.729613,0.937396
9135,lm,0,53,0,1.618110,0.508400,0.822647
9136,human,0,63,0,1.195184,0.792282,0.946923
9136,lm,0,75,0,1.488625,0.420380,0.625789
9137,human,0,63,0,1.186586,0.825472,0.979493
9137,lm,0,80,0,1.592859,0.351097,0.559248
9138,human,0,94,0,1.249429,0.679453,0.848929
9138,lm,0,30,0,1.203603,0.907696,1.092506
9139,human,0,94,0,1.269099,0.690604,0.876445
9139,lm,0,32,0,1.224585,1.049943,1.285745
9140,human,0,63,0,1.196381,0.822292,0.983775
9140,lm,0,114,0,1.528955,0.487921,0.746009
9141,human,0,128,0,1.169011,0.842465,0.984851
9141,human,1,16,0,0.974636,2.734357,2.665003
9141,lm,0,99,0,1.473514,0.440568,0.649184
9142,human,0,128,0,1.109520,0.786489,0.872626
9142,human,1,12,0,0.988412,3.321081,3.282598
9142,lm,0,67,0,1.224696,1.072505,1.313493
9143,human,0,128,0,1.346836,0.485306,0.653627
9143,human,1,86,0,1.196485,0.807293,0.965914
9143,lm,0,9,0,1.054190,2.082924,2.195798
9144,human,0,63,0,1.267681,0.798137,1.011783
9144,lm,0,19,0,1.224921,1.031075,1.262985
9145,human,0,89,0,1.973109,0.221757,0.437551
9145,lm,0,6,0,1.102074,1.679779,1.851241
9146,human,0,50,0,1.338307,0.518072,0.693339
9146,lm,0,128,0,2.501569,0.073867,0.184783
9146,lm,1,20,0,1.219227,0.484571,0.590802
9147,human,0,56,0,1.268500,0.605092,0.767560
9147,lm,0,12,0,1.181688,1.060183,1.252806
9148,human,0,84,0,1.396880,0.545629,0.762178
9148,lm,0,10,0,1.050606,3.583976,3.765348
9149,human,0,79,0,1.495564,0.570680,0.853488
9149,lm,0,17,0,1.273255,1.177632,1.499426
9150,human,0,128,0,1.281401,0.565160,0.724197
9150,human,1,128,0,1.219703,0.827392,1.009173
9150,human,2,11,0,0.958709,2.704770,2.593087
9150,lm,0,10,0,1.214325,1.606547,1.950871
9151,human,0,28,0,1.346926,0.754431,1.016162
9151,lm,0,28,0,1.349087,0.754431,1.017792
9152,human,0,47,0,1.303708,0.804732,1.049135
9152,lm,0,17,0,1.235061,1.163887,1.437471
9153,human,0,28,0,1.238868,0.903054,1.118765
9153,lm,0,11,0,1.213589,0.875559,1.062568
9154,human,0,97,0,1.389634,0.560442,0.778809
9154,lm,0,17,0,1.231360,1.163887,1.433164
9155,human,0,20,0,1.209797,0.973948,1.178279
9155,lm,0,10,0,1.071935,3.583976,3.841788
9156,human,0,74,0,1.347482,0.604862,0.815040
9156,lm,0,14,0,1.332272,1.043100,1.389693
9157,human,0,128,0,1.502970,0.438573,0.659162
9157,human,1,10,0,1.090098,2.796183,3.048113
9157,lm,0,17,0,1.222059,1.163887,1.422338
9158,human,0,83,0,1.330391,0.600928,0.799470
9158,lm,0,34,0,1.480138,0.937472,1.387587
9159,human,0,75,0,1.268257,0.729966,0.925785
9159,lm,0,14,0,1.314900,1.043100,1.371572
9160,human,0,98,0,1.311479,0.571312,0.749264
9160,lm,0,10,0,1.060030,3.583976,3.799123
9161,human,0,28,0,1.216193,1.104795,1.343644
9161,lm,0,14,0,1.318325,1.043100,1.375145
9162,human,0,128,0,1.441565,0.469047,0.676163
9162,human,1,48,0,1.229247,0.942358,1.158391
9162,lm,0,10,0,1.054885,3.583976,3.780684
9163,human,0,102,0,1.387231,0.483150,0.670241
9163,lm,0,34,0,1.445006,0.937472,1.354652
9164,human,0,128,0,1.411312,0.442824,0.624963
9164,human,1,17,0,1.125151,1.800442,2.025769
9164,lm,0,14,0,1.318984,1.043100,1.375832
9165,human,0,52,0,1.318750,0.524273,0.691385
9165,lm,0,10,0,1.089273,1.457804,1.587946
9166,human,0,30,0,1.318981,0.616193,0.812747
9166,lm,0,11,0,1.151216,1.497472,1.723914
9167,human,0,63,0,1.326927,0.552145,0.732656
9167,lm,0,54,0,1.240379,0.778004,0.965020
9168,human,0,56,0,1.315987,0.582840,0.767010
9168,lm,0,12,0,1.123243,1.669629,1.875399
9169,human,0,128,0,1.465869,0.467876,0.685844
9169,human,1,128,0,1.401606,0.571780,0.801410
9169,human,2,95,0,1.132128,1.043962,1.181899
9169,lm,0,63,0,1.268378,0.895529,1.135869
9170,human,0,23,0,1.125095,1.291934,1.453549
9170,lm,0,90,0,1.413985,0.439153,0.620956
9171,human,0,128,0,1.311947,0.566561,0.743297
9171,human,1,6,0,1.065589,3.161977,3.369368
9171,lm,0,64,0,1.565069,0.526193,0.823528
9172,human,0,62,0,1.308059,0.526684,0.688933
9172,lm,0,11,0,1.125738,1.496875,1.685089
9173,human,0,94,0,1.503105,0.509240,0.765441
9173,lm,0,21,0,1.373312,0.789926,1.084815
9174,human,0,128,0,1.077905,1.169141,1.260223
9174,human,1,45,0,0.898520,3.385039,3.041524
9174,lm,0,94,0,1.410257,0.420831,0.593479
9175,human,0,71,0,1.141895,0.781676,0.892592
9175,lm,0,74,0,1.467294,0.547759,0.803723
9176,human,0,77,0,1.209008,0.665693,0.804828
9176,lm,0,128,0,1.665108,0.283583,0.472196
9176,lm,1,4,0,1.015627,4.500837,4.571171
9177,human,0,128,0,1.342051,0.611525,0.820697
9177,human,1,89,0,1.233901,0.702666,0.867020
9177,lm,0,128,0,1.642553,0.350746,0.576119
9177,lm,1,89,0,1.341181,0.593559,0.796070
9178,human,0,128,0,1.344127,0.605729,0.814176
9178,human,1,1,0,1.000000,8.184514,8.184514
9178,lm,0,41,0,1.355349,0.664095,0.900081
9179,human,0,48,0,1.232907,0.797493,0.983235
9179,lm,0,128,0,1.565468,0.418555,0.655235
9179,lm,1,10,0,0.986676,3.316487,3.272299
9180,human,0,128,0,1.122864,0.698559,0.784387
9180,human,1,81,0,1.108497,0.806097,0.893556
9180,lm,0,44,0,1.160698,1.014617,1.177664
9181,human,0,109,0,1.110664,0.934255,1.037643
9181,lm,0,10,0,1.024680,3.224536,3.304116
9182,human,0,13,0,1.113566,1.604583,1.786809
9182,lm,0,45,0,1.292821,0.670272,0.866542
9183,human,0,13,0,1.118427,1.398768,1.564420
9183,lm,0,10,0,1.111548,1.184939,1.317116
9184,human,0,26,0,1.084316,1.335790,1.448419
9184,lm,0,11,0,1.139735,1.020861,1.163512
9185,human,0,39,0,1.171088,1.226887,1.436792
9185,lm,0,128,0,1.895128,0.196429,0.372259
9185,lm,1,128,0,1.700753,0.231868,0.394351
9185,lm,2,128,0,1.705395,0.233275,0.397825
9185,lm,3,76,0,1.420799,0.367602,0.522288
9186,human,0,71,0,1.221323,0.791318,0.966455
9186,lm,0,9,0,1.077394,1.467183,1.580734
9187,human,0,128,0,1.476017,0.403947,0.596232
9187,human,1,57,0,1.235867,0.930074,1.149448
9187,lm,0,128,0,1.373833,0.595573,0.818218
9187,lm,1,1,0,1.000000,8.162517,8.162517
9188,human,0,49,0,1.110071,0.638613,0.708906
9188,lm,0,9,0,1.033878,1.596528,1.650616
9189,human,0,20,0,1.035310,1.493701,1.546444
9189,lm,0,76,0,1.593844,0.430118,0.685541
9190,human,0,22,0,1.027857,1.496018,1.537692
9190,lm,0,20,0,1.207531,1.105266,1.334643
9191,human,0,22,0,1.054695,1.443310,1.522252
9191,lm,0,20,0,1.168807,1.146442,1.339969
9192,human,0,54,0,1.170727,0.773258,0.905274
9192,lm,0,11,0,1.072601,1.868894,2.004577
9193,human,0,128,0,1.140751,1.025365,1.169686
9193,human,1,95,0,1.208008,0.725875,0.876863
9193,lm,0,11,0,1.091768,1.680186,1.834374
9194,human,0,15,0,1.116964,1.290590,1.441542
9194,lm,0,33,0,1.269071,0.872764,1.107600
9195,human,0,83,0,1.235491,0.665242,0.821901
9195,lm,0,128,0,1.801320,0.239652,0.431690
9195,lm,1,43,0,1.215348,0.801130,0.973651
9196,human,0,126,0,1.239870,0.568788,0.705224
9196,lm,0,40,0,1.579405,0.345460,0.545622
9197,human,0,59,0,1.120580,0.967542,1.084208
9197,lm,0,38,0,1.448090,0.327090,0.473655
9198,human,0,46,0,1.192709,0.599609,0.715159
9198,lm,0,10,0,1.201756,1.606547,1.930678
9199,human,0,45,0,1.311219,0.663409,0.869875
9199,lm,0,10,0,1.039140,3.359387,3.490873
9200,human,0,45,0,1.212578,0.793462,0.962134
9200,lm,0,128,0,1.298935,0.488550,0.634595
9200,lm,1,99,0,1.161598,0.527838,0.613135
9201,human,0,128,0,1.156978,0.692343,0.801025
9201,human,1,1,0,1.000000,1.705291,1.705291
9201,lm,0,10,0,1.111638,2.639921,2.934637
9202,human,0,48,0,1.091204,0.967123,1.055328
9202,lm,0,10,0,1.016084,3.804904,3.866103
9203,human,0,46,0,1.184187,0.599609,0.710049
9203,lm,0,10,0,1.035435,3.359387,3.478427
9204,human,0,59,0,1.143137,0.869202,0.993617
9204,lm,0,10,0,1.062360,3.080204,3.272287
9205,human,0,51,0,1.148111,1.022329,1.173746
9205,lm,0,10,0,1.072627,2.759290,2.959689
9206,human,0,71,0,1.290499,0.703821,0.908280
9206,lm,0,59,0,1.240409,0.812323,1.007613
9207,human,0,128,0,1.148312,0.803745,0.922949
9207,human,1,20,0,1.197620,1.245878,1.492089
9207,lm,0,28,0,1.312931,0.740603,0.972361
9208,human,0,128,0,1.142508,0.897536,1.025442
9208,human,1,70,0,1.207340,0.816138,0.985356
9208,lm,0,128,0,1.447716,0.405797,0.587478
9208,lm,1,90,0,1.330316,0.457111,0.608102
9209,human,0,128,0,1.301870,0.588497,0.766146
9209,human,1,37,0,1.225958,0.959069,1.175778
9209,lm,0,64,0,1.407959,0.536350,0.755158
9210,human,0,40,0,1.102453,1.256447,1.385174
9210,lm,0,23,0,1.243078,1.193195,1.483234
9211,human,0,31,0,1.206567,1.060661,1.279758
9211,lm,0,22,0,1.223543,1.285614,1.573005
9212,human,0,12,0,1.176507,1.344691,1.582038
9212,lm,0,42,0,1.453755,0.560547,0.814899
9213,human,0,128,0,1.163900,0.935086,1.088346
9213,human,1,128,0,1.249158,0.517619,0.646589
9213,human,2,24,0,1.168061,1.230993,1.437875
9213,lm,0,128,0,1.597420,0.315153,0.503431
9213,lm,1,6,0,1.057245,1.794741,1.897480
9214,human,0,61,0,1.325246,0.776220,1.028682
9214,lm,0,28,0,1.271900,0.843271,1.072557
9215,human,0,122,0,1.285601,0.666204,0.856472
9215,lm,0,90,0,1.466924,0.505087,0.740924
9216,human,0,14,0,1.053512,2.141760,2.256369
9216,lm,0,39,0,1.211297,1.017829,1.232894
9217,human,0,37,0,1.226639,1.187900,1.457125
9217,lm,0,11,0,1.076030,2.187799,2.354137
9218,human,0,26,0,1.177723,1.038999,1.223653
9218,lm,0,73,0,1.626405,0.532597,0.866218
9219,human,0,103,0,1.520367,0.458038,0.696385
9219,lm,0,66,0,1.672098,0.382491,0.639562
9220,human,0,124,0,1.223545,0.766500,0.937847
9220,lm,0,10,0,1.057935,1.874397,1.982990
9221,human,0,128,0,1.307000,0.596990,0.780266
9221,human,1,14,0,1.116832,1.526462,1.704802
9221,lm,0,128,0,1.817786,0.229286,0.416792
9221,lm,1,128,0,1.782062,0.220405,0.392776
9221,lm,2,128,0,1.849478,0.214589,0.396878
9221,lm,3,24,0,1.189653,1.102278,1.311329
9222,human,0,36,0,1.336264,0.626006,0.836510
9222,lm,0,26,0,1.270330,0.941898,1.196522
9223,human,0,70,0,1.189279,0.966957,1.149982
9223,lm,0,14,0,1.131090,1.362878,1.541537
9224,human,0,16,0,1.101667,1.308064,1.441051
9224,lm,0,35,0,1.177661,1.302754,1.534203
9225,human,0,49,0,1.104135,1.409363,1.556127
9225,lm,0,59,0,1.228143,0.755171,0.927458
9226,human,0,35,0,1.142037,1.294518,1.478389
9226,lm,0,59,0,1.222532,0.698678,0.854156
9227,human,0,122,0,1.194478,0.745808,0.890850
9227,lm,0,10,0,1.063775,3.410175,3.627659
9228,human,0,62,0,1.350338,0.683881,0.923470
9228,lm,0,8,0,1.181923,0.952545,1.125835
9229,human,0,128,0,0.978755,1.036788,1.014762
9229,human,1,128,0,1.054173,1.093384,1.152616
9229,human,2,128,0,1.051840,1.126112,1.184489
9229,human,3,128,0,0.890319,1.591874,1.417275
9229,human,4,2,0,0.979900,5.434328,5.325097
9229,lm,0,10,0,1.112517,1.783613,1.984299
9230,human,0,128,0,1.081736,1.287706,1.392958
9230,human,1,79,0,0.959013,1.816170,1.741730
9230,lm,0,18,0,1.117054,1.386842,1.549178
9231,human,0,59,0,1.084803,1.130657,1.226540
9231,lm,0,31,0,1.118496,1.483135,1.658881
9232,human,0,128,0,1.277687,0.501840,0.641194
9232,human,1,128,0,1.264891,0.486621,0.615522
9232,human,2,128,0,1.285655,0.560786,0.720977
9232,human,3,128,0,1.267325,0.407299,0.516181
9232,human,4,19,0,1.003638,1.841581,1.848281
9232,lm,0,5,0,1.033203,3.101205,3.204174
9233,human,0,80,0,1.312996,0.649094,0.852257
9233,lm,0,10,0,1.056754,1.741508,1.840345
9234,human,0,128,0,1.216115,0.468389,0.569615
9234,human,1,5,0,1.045085,2.363529,2.470089
9234,lm,0,128,0,1.744816,0.307745,0.536958
9234,lm,1,124,0,1.354830,0.435639,0.590217
9235,human,0,128,0,1.043573,1.070671,1.117323
9235,human,1,128,0,0.977927,1.390097,1.359413
9235,human,2,9,0,0.948753,5.369184,5.094031
9235,lm,0,9,0,1.051126,1.580059,1.660841
9236,human,0,54,0,1.298857,0.579597,0.752814
9236,lm,0,10,0,1.056723,3.268209,3.453593
9237,human,0,117,0,1.419130,0.529084,0.750840
9237,lm,0,73,0,1.709216,0.368698,0.630185
9238,human,0,94,0,1.342202,0.682732,0.916364
9238,lm,0,58,0,2.168920,0.311798,0.676265
9239,human,0,94,0,1.378828,0.666856,0.919480
9239,lm,0,10,0,1.204675,1.606547,1.935368
9240,human,0,48,0,1.480508,0.421623,0.624216
9240,lm,0,22,0,1.372533,1.058437,1.452739
9241,human,0,46,0,1.662784,0.367960,0.611838
9241,lm,0,65,0,1.878196,0.255884,0.480600
9242,human,0,118,0,1.412095,0.415330,0.586485
9242,lm,0,73,0,1.570037,0.324895,0.510097
9243,human,0,128,0,1.699921,0.252249,0.428804
9243,human,1,51,0,1.475178,0.527240,0.777773
9243,lm,0,8,0,1.139765,1.117555,1.273750
9244,human,0,124,0,1.474678,0.468287,0.690572
9244,lm,0,60,0,1.821457,0.320645,0.584040
9245,human,0,128,0,1.345556,0.574774,0.773391
9245,human,1,57,0,1.066614,1.413558,1.507721
9245,lm,0,128,0,1.753738,0.295914,0.518956
9245,lm,1,11,0,1.071394,1.710099,1.832190
9246,human,0,82,0,1.287229,0.698691,0.899375
9246,lm,0,53,0,1.416562,0.550036,0.779160
9247,human,0,128,0,1.231093,0.598762,0.737132
9247,human,1,18,0,1.074416,1.919003,2.061808
9247,lm,0,104,0,1.957858,0.201395,0.394303
9248,human,0,71,0,1.259867,0.573468,0.722494
9248,lm,0,128,0,1.659601,0.246784,0.409562
9248,lm,1,128,0,1.536184,0.299639,0.460300
9248,lm,2,128,0,1.363517,0.400245,0.545741
9248,lm,3,73,0,1.341754,0.395818,0.531091
