benchmark_type,target_bucket_upper,file_id,filename,function_id,function_name,role,label,is_target,source_line_num,source_idx,body_tokens,body_tokens_regex,body_n_tokens_in_mixed_stream,body_start_char,body_end_char,body_n_chars,body_start_token,body_end_token,n_chunks,n_scored_chunks,n_lowconf_chunks,npr,predict_agc_youden,meta_path,py_path
"type01_110",110,1,"mixed_code_001.py",1,"agc_mixed_001_01","AGC",1,1,1873,"line1873_lm",104,18,103,65,347,282,12,115,1,1,0,"1.748910",1,"../code-selection/mixedcode_benchmarks/starcoder2-15b-instruct-v0.1/type01_110/mixed_code_001.json","../code-selection/mixedcode_benchmarks/starcoder2-15b-instruct-v0.1/type01_110/mixed_code_001.py"
"type01_110",110,1,"mixed_code_001.py",2,"hwc_mixed_001_02","HWC",0,0,1700,"line1700_human",101,31,100,625,945,320,186,286,1,1,0,"1.394082",0,"../code-selection/mixedcode_benchmarks/starcoder2-15b-instruct-v0.1/type01_110/mixed_code_001.json","../code-selection/mixedcode_benchmarks/starcoder2-15b-instruct-v0.1/type01_110/mixed_code_001.py"
"type01_110",110,1,"mixed_code_001.py",3,"hwc_mixed_001_03","HWC",0,0,881,"line881_human",100,26,99,1159,1439,280,356,455,1,1,0,"1.425836",0,"../code-selection/mixedcode_benchmarks/starcoder2-15b-instruct-v0.1/type01_110/mixed_code_001.json","../code-selection/mixedcode_benchmarks/starcoder2-15b-instruct-v0.1/type01_110/mixed_code_001.py"
"type01_110",110,1,"mixed_code_001.py",4,"agc_mixed_001_04","AGC",1,1,3298,"line3298_lm",106,30,105,2194,2608,414,683,788,1,1,0,"1.445184",1,"../code-selection/mixedcode_benchmarks/starcoder2-15b-instruct-v0.1/type01_110/mixed_code_001.json","../code-selection/mixedcode_benchmarks/starcoder2-15b-instruct-v0.1/type01_110/mixed_code_001.py"
"type01_110",110,1,"mixed_code_001.py",5,"hwc_mixed_001_05","HWC",0,0,3775,"line3775_human",103,14,102,2883,3129,246,868,970,1,1,0,"1.303977",0,"../code-selection/mixedcode_benchmarks/starcoder2-15b-instruct-v0.1/type01_110/mixed_code_001.json","../code-selection/mixedcode_benchmarks/starcoder2-15b-instruct-v0.1/type01_110/mixed_code_001.py"
"type01_110",110,1,"mixed_code_001.py",6,"agc_mixed_001_06","AGC",1,1,1476,"line1476_lm",108,24,107,4011,4472,461,1186,1293,1,1,0,"1.528378",1,"../code-selection/mixedcode_benchmarks/starcoder2-15b-instruct-v0.1/type01_110/mixed_code_001.json","../code-selection/mixedcode_benchmarks/starcoder2-15b-instruct-v0.1/type01_110/mixed_code_001.py"
"type01_110",110,2,"mixed_code_002.py",1,"agc_mixed_002_01","AGC",1,1,1075,"line1075_lm",109,47,108,943,1359,416,223,331,1,1,0,"1.825019",1,"../code-selection/mixedcode_benchmarks/starcoder2-15b-instruct-v0.1/type01_110/mixed_code_002.json","../code-selection/mixedcode_benchmarks/starcoder2-15b-instruct-v0.1/type01_110/mixed_code_002.py"
"type01_110",110,2,"mixed_code_002.py",2,"hwc_mixed_002_02","HWC",0,0,1925,"line1925_human",103,27,102,1527,1884,357,374,476,1,1,0,"1.443437",1,"../code-selection/mixedcode_benchmarks/starcoder2-15b-instruct-v0.1/type01_110/mixed_code_002.json","../code-selection/mixedcode_benchmarks/starcoder2-15b-instruct-v0.1/type01_110/mixed_code_002.py"
"type01_110",110,2,"mixed_code_002.py",3,"agc_mixed_002_03","AGC",1,1,4487,"line4487_lm",101,33,100,2738,3144,406,734,834,1,1,0,"1.443862",1,"../code-selection/mixedcode_benchmarks/starcoder2-15b-instruct-v0.1/type01_110/mixed_code_002.json","../code-selection/mixedcode_benchmarks/starcoder2-15b-instruct-v0.1/type01_110/mixed_code_002.py"
"type01_110",110,2,"mixed_code_002.py",4,"hwc_mixed_002_04","HWC",0,0,3672,"line3672_human",104,28,103,3241,3642,401,864,967,1,1,0,"1.241880",0,"../code-selection/mixedcode_benchmarks/starcoder2-15b-instruct-v0.1/type01_110/mixed_code_002.json","../code-selection/mixedcode_benchmarks/starcoder2-15b-instruct-v0.1/type01_110/mixed_code_002.py"
"type01_110",110,2,"mixed_code_002.py",5,"hwc_mixed_002_05","HWC",0,0,5015,"line5015_human",100,52,99,3740,4271,531,987,1086,1,1,0,"1.481950",1,"../code-selection/mixedcode_benchmarks/starcoder2-15b-instruct-v0.1/type01_110/mixed_code_002.json","../code-selection/mixedcode_benchmarks/starcoder2-15b-instruct-v0.1/type01_110/mixed_code_002.py"
"type01_110",110,2,"mixed_code_002.py",6,"agc_mixed_002_06","AGC",1,1,560,"line560_lm",106,55,105,5122,5857,735,1243,1348,1,1,0,"1.666621",1,"../code-selection/mixedcode_benchmarks/starcoder2-15b-instruct-v0.1/type01_110/mixed_code_002.json","../code-selection/mixedcode_benchmarks/starcoder2-15b-instruct-v0.1/type01_110/mixed_code_002.py"
"type01_110",110,3,"mixed_code_003.py",1,"agc_mixed_003_01","AGC",1,1,617,"line617_lm",104,23,103,321,601,280,69,172,1,1,0,"1.732685",1,"../code-selection/mixedcode_benchmarks/starcoder2-15b-instruct-v0.1/type01_110/mixed_code_003.json","../code-selection/mixedcode_benchmarks/starcoder2-15b-instruct-v0.1/type01_110/mixed_code_003.py"
"type01_110",110,3,"mixed_code_003.py",2,"hwc_mixed_003_02","HWC",0,0,3057,"line3057_human",103,21,102,666,943,277,186,288,1,1,0,"1.391205",0,"../code-selection/mixedcode_benchmarks/starcoder2-15b-instruct-v0.1/type01_110/mixed_code_003.json","../code-selection/mixedcode_benchmarks/starcoder2-15b-instruct-v0.1/type01_110/mixed_code_003.py"
"type01_110",110,3,"mixed_code_003.py",3,"hwc_mixed_003_03","HWC",0,0,172,"line172_human",106,29,105,1318,1632,314,405,510,1,1,0,"1.281617",0,"../code-selection/mixedcode_benchmarks/starcoder2-15b-instruct-v0.1/type01_110/mixed_code_003.json","../code-selection/mixedcode_benchmarks/starcoder2-15b-instruct-v0.1/type01_110/mixed_code_003.py"
"type01_110",110,3,"mixed_code_003.py",4,"agc_mixed_003_04","AGC",1,1,1368,"line1368_lm",108,51,107,1944,2456,512,558,665,1,1,0,"1.877263",1,"../code-selection/mixedcode_benchmarks/starcoder2-15b-instruct-v0.1/type01_110/mixed_code_003.json","../code-selection/mixedcode_benchmarks/starcoder2-15b-instruct-v0.1/type01_110/mixed_code_003.py"
"type01_110",110,3,"mixed_code_003.py",5,"agc_mixed_003_05","AGC",1,1,3030,"line3030_lm",101,24,100,3072,3392,320,836,936,1,1,0,"1.369758",0,"../code-selection/mixedcode_benchmarks/starcoder2-15b-instruct-v0.1/type01_110/mixed_code_003.json","../code-selection/mixedcode_benchmarks/starcoder2-15b-instruct-v0.1/type01_110/mixed_code_003.py"
"type01_110",110,3,"mixed_code_003.py",6,"hwc_mixed_003_06","HWC",0,0,4771,"line4771_human",110,25,109,3547,3876,329,983,1092,1,1,0,"1.780069",1,"../code-selection/mixedcode_benchmarks/starcoder2-15b-instruct-v0.1/type01_110/mixed_code_003.json","../code-selection/mixedcode_benchmarks/starcoder2-15b-instruct-v0.1/type01_110/mixed_code_003.py"
"type01_110",110,4,"mixed_code_004.py",1,"hwc_mixed_004_01","HWC",0,0,3903,"line3903_human",100,52,99,350,984,634,91,190,1,1,0,"1.218598",0,"../code-selection/mixedcode_benchmarks/starcoder2-15b-instruct-v0.1/type01_110/mixed_code_004.json","../code-selection/mixedcode_benchmarks/starcoder2-15b-instruct-v0.1/type01_110/mixed_code_004.py"
"type01_110",110,4,"mixed_code_004.py",2,"hwc_mixed_004_02","HWC",0,0,28,"line28_human",110,34,109,1083,1578,495,209,318,1,1,0,"1.307426",0,"../code-selection/mixedcode_benchmarks/starcoder2-15b-instruct-v0.1/type01_110/mixed_code_004.json","../code-selection/mixedcode_benchmarks/starcoder2-15b-instruct-v0.1/type01_110/mixed_code_004.py"
"type01_110",110,4,"mixed_code_004.py",3,"agc_mixed_004_03","AGC",1,1,4268,"line4268_lm",106,39,105,2271,3018,747,441,546,1,1,0,"1.473359",1,"../code-selection/mixedcode_benchmarks/starcoder2-15b-instruct-v0.1/type01_110/mixed_code_004.json","../code-selection/mixedcode_benchmarks/starcoder2-15b-instruct-v0.1/type01_110/mixed_code_004.py"
"type01_110",110,4,"mixed_code_004.py",4,"hwc_mixed_004_04","HWC",0,0,2375,"line2375_human",103,29,102,3119,3412,293,564,666,1,1,0,"1.828136",1,"../code-selection/mixedcode_benchmarks/starcoder2-15b-instruct-v0.1/type01_110/mixed_code_004.json","../code-selection/mixedcode_benchmarks/starcoder2-15b-instruct-v0.1/type01_110/mixed_code_004.py"
"type01_110",110,4,"mixed_code_004.py",5,"agc_mixed_004_05","AGC",1,1,573,"line573_lm",103,60,102,3823,4337,514,767,869,1,1,0,"1.408856",0,"../code-selection/mixedcode_benchmarks/starcoder2-15b-instruct-v0.1/type01_110/mixed_code_004.json","../code-selection/mixedcode_benchmarks/starcoder2-15b-instruct-v0.1/type01_110/mixed_code_004.py"
"type01_110",110,4,"mixed_code_004.py",6,"agc_mixed_004_06","AGC",1,1,353,"line353_lm",105,37,104,4587,5009,422,916,1020,1,1,0,"1.868164",1,"../code-selection/mixedcode_benchmarks/starcoder2-15b-instruct-v0.1/type01_110/mixed_code_004.json","../code-selection/mixedcode_benchmarks/starcoder2-15b-instruct-v0.1/type01_110/mixed_code_004.py"
"type01_110",110,5,"mixed_code_005.py",1,"hwc_mixed_005_01","HWC",0,0,2103,"line2103_human",110,24,109,172,569,397,55,164,1,1,0,"1.543940",1,"../code-selection/mixedcode_benchmarks/starcoder2-15b-instruct-v0.1/type01_110/mixed_code_005.json","../code-selection/mixedcode_benchmarks/starcoder2-15b-instruct-v0.1/type01_110/mixed_code_005.py"
"type01_110",110,5,"mixed_code_005.py",2,"agc_mixed_005_02","AGC",1,1,676,"line676_lm",101,35,100,1212,1476,264,345,445,1,1,0,"1.468506",1,"../code-selection/mixedcode_benchmarks/starcoder2-15b-instruct-v0.1/type01_110/mixed_code_005.json","../code-selection/mixedcode_benchmarks/starcoder2-15b-instruct-v0.1/type01_110/mixed_code_005.py"
"type01_110",110,5,"mixed_code_005.py",3,"hwc_mixed_005_03","HWC",0,0,4482,"line4482_human",105,30,104,1583,1873,290,464,568,1,1,0,"1.550103",1,"../code-selection/mixedcode_benchmarks/starcoder2-15b-instruct-v0.1/type01_110/mixed_code_005.json","../code-selection/mixedcode_benchmarks/starcoder2-15b-instruct-v0.1/type01_110/mixed_code_005.py"
"type01_110",110,5,"mixed_code_005.py",4,"hwc_mixed_005_04","HWC",0,0,225,"line225_human",110,28,109,2019,2337,318,611,720,1,1,0,"1.431937",0,"../code-selection/mixedcode_benchmarks/starcoder2-15b-instruct-v0.1/type01_110/mixed_code_005.json","../code-selection/mixedcode_benchmarks/starcoder2-15b-instruct-v0.1/type01_110/mixed_code_005.py"
"type01_110",110,5,"mixed_code_005.py",5,"agc_mixed_005_05","AGC",1,1,812,"line812_lm",100,15,99,3429,3787,358,1038,1137,1,1,0,"1.409792",0,"../code-selection/mixedcode_benchmarks/starcoder2-15b-instruct-v0.1/type01_110/mixed_code_005.json","../code-selection/mixedcode_benchmarks/starcoder2-15b-instruct-v0.1/type01_110/mixed_code_005.py"
"type01_110",110,5,"mixed_code_005.py",6,"agc_mixed_005_06","AGC",1,1,3590,"line3590_lm",104,39,103,4306,4690,384,1251,1354,1,1,0,"1.464703",1,"../code-selection/mixedcode_benchmarks/starcoder2-15b-instruct-v0.1/type01_110/mixed_code_005.json","../code-selection/mixedcode_benchmarks/starcoder2-15b-instruct-v0.1/type01_110/mixed_code_005.py"
"type02_120",120,1,"mixed_code_001.py",1,"agc_mixed_001_01","AGC",1,1,2955,"line2955_lm",115,35,114,177,468,291,53,167,1,1,0,"2.275320",1,"../code-selection/mixedcode_benchmarks/starcoder2-15b-instruct-v0.1/type02_120/mixed_code_001.json","../code-selection/mixedcode_benchmarks/starcoder2-15b-instruct-v0.1/type02_120/mixed_code_001.py"
"type02_120",120,1,"mixed_code_001.py",2,"agc_mixed_001_02","AGC",1,1,3428,"line3428_lm",119,49,118,677,1096,419,208,326,1,1,0,"2.133164",1,"../code-selection/mixedcode_benchmarks/starcoder2-15b-instruct-v0.1/type02_120/mixed_code_001.json","../code-selection/mixedcode_benchmarks/starcoder2-15b-instruct-v0.1/type02_120/mixed_code_001.py"
"type02_120",120,1,"mixed_code_001.py",3,"hwc_mixed_001_03","HWC",0,0,2391,"line2391_human",115,21,114,1257,1765,508,353,467,1,1,0,"1.274166",0,"../code-selection/mixedcode_benchmarks/starcoder2-15b-instruct-v0.1/type02_120/mixed_code_001.json","../code-selection/mixedcode_benchmarks/starcoder2-15b-instruct-v0.1/type02_120/mixed_code_001.py"
"type02_120",120,1,"mixed_code_001.py",4,"hwc_mixed_001_04","HWC",0,0,4032,"line4032_human",111,26,110,2208,2501,293,583,693,1,1,0,"1.315621",0,"../code-selection/mixedcode_benchmarks/starcoder2-15b-instruct-v0.1/type02_120/mixed_code_001.json","../code-selection/mixedcode_benchmarks/starcoder2-15b-instruct-v0.1/type02_120/mixed_code_001.py"
"type02_120",120,1,"mixed_code_001.py",5,"hwc_mixed_001_05","HWC",0,0,4214,"line4214_human",111,40,110,2745,3293,548,754,864,1,1,0,"1.472410",1,"../code-selection/mixedcode_benchmarks/starcoder2-15b-instruct-v0.1/type02_120/mixed_code_001.json","../code-selection/mixedcode_benchmarks/starcoder2-15b-instruct-v0.1/type02_120/mixed_code_001.py"
"type02_120",120,1,"mixed_code_001.py",6,"agc_mixed_001_06","AGC",1,1,138,"line138_lm",119,46,118,3424,3694,270,891,1009,1,1,0,"2.163323",1,"../code-selection/mixedcode_benchmarks/starcoder2-15b-instruct-v0.1/type02_120/mixed_code_001.json","../code-selection/mixedcode_benchmarks/starcoder2-15b-instruct-v0.1/type02_120/mixed_code_001.py"
"type02_120",120,2,"mixed_code_002.py",1,"agc_mixed_002_01","AGC",1,1,4169,"line4169_lm",119,35,118,628,1385,757,107,225,1,1,0,"1.726526",1,"../code-selection/mixedcode_benchmarks/starcoder2-15b-instruct-v0.1/type02_120/mixed_code_002.json","../code-selection/mixedcode_benchmarks/starcoder2-15b-instruct-v0.1/type02_120/mixed_code_002.py"
"type02_120",120,2,"mixed_code_002.py",2,"agc_mixed_002_02","AGC",1,1,3098,"line3098_lm",116,23,115,1588,1922,334,279,394,1,1,0,"1.755045",1,"../code-selection/mixedcode_benchmarks/starcoder2-15b-instruct-v0.1/type02_120/mixed_code_002.json","../code-selection/mixedcode_benchmarks/starcoder2-15b-instruct-v0.1/type02_120/mixed_code_002.py"
"type02_120",120,2,"mixed_code_002.py",3,"hwc_mixed_002_03","HWC",0,0,2433,"line2433_human",113,56,112,2052,2499,447,417,529,1,1,0,"1.478172",1,"../code-selection/mixedcode_benchmarks/starcoder2-15b-instruct-v0.1/type02_120/mixed_code_002.json","../code-selection/mixedcode_benchmarks/starcoder2-15b-instruct-v0.1/type02_120/mixed_code_002.py"
"type02_120",120,2,"mixed_code_002.py",4,"hwc_mixed_002_04","HWC",0,0,4155,"line4155_human",120,47,119,2902,3275,373,633,752,1,1,0,"1.771213",1,"../code-selection/mixedcode_benchmarks/starcoder2-15b-instruct-v0.1/type02_120/mixed_code_002.json","../code-selection/mixedcode_benchmarks/starcoder2-15b-instruct-v0.1/type02_120/mixed_code_002.py"
"type02_120",120,2,"mixed_code_002.py",5,"agc_mixed_002_05","AGC",1,1,4527,"line4527_lm",112,38,111,3910,4240,330,895,1006,1,1,0,"1.535267",1,"../code-selection/mixedcode_benchmarks/starcoder2-15b-instruct-v0.1/type02_120/mixed_code_002.json","../code-selection/mixedcode_benchmarks/starcoder2-15b-instruct-v0.1/type02_120/mixed_code_002.py"
"type02_120",120,2,"mixed_code_002.py",6,"hwc_mixed_002_06","HWC",0,0,3181,"line3181_human",116,14,115,4411,4779,368,1053,1168,1,1,0,"1.482213",1,"../code-selection/mixedcode_benchmarks/starcoder2-15b-instruct-v0.1/type02_120/mixed_code_002.json","../code-selection/mixedcode_benchmarks/starcoder2-15b-instruct-v0.1/type02_120/mixed_code_002.py"
"type02_120",120,3,"mixed_code_003.py",1,"hwc_mixed_003_01","HWC",0,0,3379,"line3379_human",118,34,117,766,1092,326,204,321,1,1,0,"1.521918",1,"../code-selection/mixedcode_benchmarks/starcoder2-15b-instruct-v0.1/type02_120/mixed_code_003.json","../code-selection/mixedcode_benchmarks/starcoder2-15b-instruct-v0.1/type02_120/mixed_code_003.py"
"type02_120",120,3,"mixed_code_003.py",2,"hwc_mixed_003_02","HWC",0,0,4678,"line4678_human",120,48,119,1307,1675,368,361,480,1,1,0,"1.630537",1,"../code-selection/mixedcode_benchmarks/starcoder2-15b-instruct-v0.1/type02_120/mixed_code_003.json","../code-selection/mixedcode_benchmarks/starcoder2-15b-instruct-v0.1/type02_120/mixed_code_003.py"
"type02_120",120,3,"mixed_code_003.py",3,"hwc_mixed_003_03","HWC",0,0,3200,"line3200_human",118,38,117,1933,2385,452,530,647,1,1,0,"1.414846",0,"../code-selection/mixedcode_benchmarks/starcoder2-15b-instruct-v0.1/type02_120/mixed_code_003.json","../code-selection/mixedcode_benchmarks/starcoder2-15b-instruct-v0.1/type02_120/mixed_code_003.py"
"type02_120",120,3,"mixed_code_003.py",4,"agc_mixed_003_04","AGC",1,1,3326,"line3326_lm",111,26,110,2566,2842,276,712,822,1,1,0,"1.454120",1,"../code-selection/mixedcode_benchmarks/starcoder2-15b-instruct-v0.1/type02_120/mixed_code_003.json","../code-selection/mixedcode_benchmarks/starcoder2-15b-instruct-v0.1/type02_120/mixed_code_003.py"
"type02_120",120,3,"mixed_code_003.py",5,"agc_mixed_003_05","AGC",1,1,2560,"line2560_lm",118,35,117,3664,4068,404,1026,1143,1,1,0,"1.721396",1,"../code-selection/mixedcode_benchmarks/starcoder2-15b-instruct-v0.1/type02_120/mixed_code_003.json","../code-selection/mixedcode_benchmarks/starcoder2-15b-instruct-v0.1/type02_120/mixed_code_003.py"
"type02_120",120,3,"mixed_code_003.py",6,"agc_mixed_003_06","AGC",1,1,1063,"line1063_lm",117,32,116,4251,4581,330,1193,1309,1,1,0,"1.906011",1,"../code-selection/mixedcode_benchmarks/starcoder2-15b-instruct-v0.1/type02_120/mixed_code_003.json","../code-selection/mixedcode_benchmarks/starcoder2-15b-instruct-v0.1/type02_120/mixed_code_003.py"
"type02_120",120,4,"mixed_code_004.py",1,"hwc_mixed_004_01","HWC",0,0,3083,"line3083_human",115,29,114,830,1294,464,211,325,1,1,0,"1.407402",0,"../code-selection/mixedcode_benchmarks/starcoder2-15b-instruct-v0.1/type02_120/mixed_code_004.json","../code-selection/mixedcode_benchmarks/starcoder2-15b-instruct-v0.1/type02_120/mixed_code_004.py"
"type02_120",120,4,"mixed_code_004.py",2,"agc_mixed_004_02","AGC",1,1,1339,"line1339_lm",113,21,112,1716,1959,243,440,552,1,1,0,"1.814122",1,"../code-selection/mixedcode_benchmarks/starcoder2-15b-instruct-v0.1/type02_120/mixed_code_004.json","../code-selection/mixedcode_benchmarks/starcoder2-15b-instruct-v0.1/type02_120/mixed_code_004.py"
"type02_120",120,4,"mixed_code_004.py",3,"agc_mixed_004_03","AGC",1,1,2030,"line2030_lm",116,28,115,2121,2451,330,599,714,1,1,0,"2.114490",1,"../code-selection/mixedcode_benchmarks/starcoder2-15b-instruct-v0.1/type02_120/mixed_code_004.json","../code-selection/mixedcode_benchmarks/starcoder2-15b-instruct-v0.1/type02_120/mixed_code_004.py"
"type02_120",120,4,"mixed_code_004.py",4,"hwc_mixed_004_04","HWC",0,0,4940,"line4940_human",120,27,119,2552,2992,440,726,845,1,1,0,"1.411298",0,"../code-selection/mixedcode_benchmarks/starcoder2-15b-instruct-v0.1/type02_120/mixed_code_004.json","../code-selection/mixedcode_benchmarks/starcoder2-15b-instruct-v0.1/type02_120/mixed_code_004.py"
"type02_120",120,4,"mixed_code_004.py",5,"hwc_mixed_004_05","HWC",0,0,1550,"line1550_human",116,39,115,3235,3784,549,900,1015,1,1,0,"1.368795",0,"../code-selection/mixedcode_benchmarks/starcoder2-15b-instruct-v0.1/type02_120/mixed_code_004.json","../code-selection/mixedcode_benchmarks/starcoder2-15b-instruct-v0.1/type02_120/mixed_code_004.py"
"type02_120",120,4,"mixed_code_004.py",6,"agc_mixed_004_06","AGC",1,1,1484,"line1484_lm",120,32,119,4082,4509,427,1067,1186,1,1,0,"2.087128",1,"../code-selection/mixedcode_benchmarks/starcoder2-15b-instruct-v0.1/type02_120/mixed_code_004.json","../code-selection/mixedcode_benchmarks/starcoder2-15b-instruct-v0.1/type02_120/mixed_code_004.py"
"type02_120",120,5,"mixed_code_005.py",1,"hwc_mixed_005_01","HWC",0,0,2868,"line2868_human",114,39,113,131,554,423,28,141,1,1,0,"1.304215",0,"../code-selection/mixedcode_benchmarks/starcoder2-15b-instruct-v0.1/type02_120/mixed_code_005.json","../code-selection/mixedcode_benchmarks/starcoder2-15b-instruct-v0.1/type02_120/mixed_code_005.py"
"type02_120",120,5,"mixed_code_005.py",2,"agc_mixed_005_02","AGC",1,1,1215,"line1215_lm",119,32,118,1253,1673,420,341,459,1,1,0,"1.708889",1,"../code-selection/mixedcode_benchmarks/starcoder2-15b-instruct-v0.1/type02_120/mixed_code_005.json","../code-selection/mixedcode_benchmarks/starcoder2-15b-instruct-v0.1/type02_120/mixed_code_005.py"
"type02_120",120,5,"mixed_code_005.py",3,"agc_mixed_005_03","AGC",1,1,2123,"line2123_lm",114,33,113,1958,2271,313,529,642,1,1,0,"1.989554",1,"../code-selection/mixedcode_benchmarks/starcoder2-15b-instruct-v0.1/type02_120/mixed_code_005.json","../code-selection/mixedcode_benchmarks/starcoder2-15b-instruct-v0.1/type02_120/mixed_code_005.py"
"type02_120",120,5,"mixed_code_005.py",4,"hwc_mixed_005_04","HWC",0,0,256,"line256_human",115,40,114,2494,2878,384,698,812,1,1,0,"1.444524",1,"../code-selection/mixedcode_benchmarks/starcoder2-15b-instruct-v0.1/type02_120/mixed_code_005.json","../code-selection/mixedcode_benchmarks/starcoder2-15b-instruct-v0.1/type02_120/mixed_code_005.py"
"type02_120",120,5,"mixed_code_005.py",5,"hwc_mixed_005_05","HWC",0,0,1782,"line1782_human",115,46,114,2954,3623,669,822,936,1,1,0,"1.321164",0,"../code-selection/mixedcode_benchmarks/starcoder2-15b-instruct-v0.1/type02_120/mixed_code_005.json","../code-selection/mixedcode_benchmarks/starcoder2-15b-instruct-v0.1/type02_120/mixed_code_005.py"
"type02_120",120,5,"mixed_code_005.py",6,"agc_mixed_005_06","AGC",1,1,1543,"line1543_lm",116,19,115,4425,4705,280,1176,1291,1,1,0,"1.976466",1,"../code-selection/mixedcode_benchmarks/starcoder2-15b-instruct-v0.1/type02_120/mixed_code_005.json","../code-selection/mixedcode_benchmarks/starcoder2-15b-instruct-v0.1/type02_120/mixed_code_005.py"
"type03_130",130,1,"mixed_code_001.py",1,"hwc_mixed_001_01","HWC",0,0,2766,"line2766_human",130,42,129,197,660,463,31,160,2,2,0,"1.377320",0,"../code-selection/mixedcode_benchmarks/starcoder2-15b-instruct-v0.1/type03_130/mixed_code_001.json","../code-selection/mixedcode_benchmarks/starcoder2-15b-instruct-v0.1/type03_130/mixed_code_001.py"
"type03_130",130,1,"mixed_code_001.py",2,"agc_mixed_001_02","AGC",1,1,3554,"line3554_lm",122,35,121,1033,1342,309,268,389,1,1,0,"1.413604",0,"../code-selection/mixedcode_benchmarks/starcoder2-15b-instruct-v0.1/type03_130/mixed_code_001.json","../code-selection/mixedcode_benchmarks/starcoder2-15b-instruct-v0.1/type03_130/mixed_code_001.py"
"type03_130",130,1,"mixed_code_001.py",3,"agc_mixed_001_03","AGC",1,1,1587,"line1587_lm",129,27,128,2006,2411,405,558,686,2,2,0,"1.288312",0,"../code-selection/mixedcode_benchmarks/starcoder2-15b-instruct-v0.1/type03_130/mixed_code_001.json","../code-selection/mixedcode_benchmarks/starcoder2-15b-instruct-v0.1/type03_130/mixed_code_001.py"
"type03_130",130,1,"mixed_code_001.py",4,"hwc_mixed_001_04","HWC",0,0,1781,"line1781_human",129,26,128,2579,2884,305,721,849,2,2,0,"1.458171",1,"../code-selection/mixedcode_benchmarks/starcoder2-15b-instruct-v0.1/type03_130/mixed_code_001.json","../code-selection/mixedcode_benchmarks/starcoder2-15b-instruct-v0.1/type03_130/mixed_code_001.py"
"type03_130",130,1,"mixed_code_001.py",5,"agc_mixed_001_05","AGC",1,1,3641,"line3641_lm",122,30,121,3002,3311,309,868,989,1,1,0,"2.183096",1,"../code-selection/mixedcode_benchmarks/starcoder2-15b-instruct-v0.1/type03_130/mixed_code_001.json","../code-selection/mixedcode_benchmarks/starcoder2-15b-instruct-v0.1/type03_130/mixed_code_001.py"
"type03_130",130,1,"mixed_code_001.py",6,"hwc_mixed_001_06","HWC",0,0,4901,"line4901_human",126,43,125,3548,4079,531,1029,1154,1,1,0,"1.209009",0,"../code-selection/mixedcode_benchmarks/starcoder2-15b-instruct-v0.1/type03_130/mixed_code_001.json","../code-selection/mixedcode_benchmarks/starcoder2-15b-instruct-v0.1/type03_130/mixed_code_001.py"
"type03_130",130,2,"mixed_code_002.py",1,"hwc_mixed_002_01","HWC",0,0,244,"line244_human",124,44,123,119,593,474,22,145,1,1,0,"1.413699",0,"../code-selection/mixedcode_benchmarks/starcoder2-15b-instruct-v0.1/type03_130/mixed_code_002.json","../code-selection/mixedcode_benchmarks/starcoder2-15b-instruct-v0.1/type03_130/mixed_code_002.py"
"type03_130",130,2,"mixed_code_002.py",2,"agc_mixed_002_02","AGC",1,1,2489,"line2489_lm",130,39,129,703,1108,405,162,291,2,2,0,"1.789483",1,"../code-selection/mixedcode_benchmarks/starcoder2-15b-instruct-v0.1/type03_130/mixed_code_002.json","../code-selection/mixedcode_benchmarks/starcoder2-15b-instruct-v0.1/type03_130/mixed_code_002.py"
"type03_130",130,2,"mixed_code_002.py",3,"hwc_mixed_002_03","HWC",0,0,2746,"line2746_human",130,35,129,1213,1554,341,311,440,2,2,0,"1.576507",1,"../code-selection/mixedcode_benchmarks/starcoder2-15b-instruct-v0.1/type03_130/mixed_code_002.json","../code-selection/mixedcode_benchmarks/starcoder2-15b-instruct-v0.1/type03_130/mixed_code_002.py"
"type03_130",130,2,"mixed_code_002.py",4,"agc_mixed_002_04","AGC",1,1,2222,"line2222_lm",127,18,126,1654,1959,305,472,598,1,1,0,"1.428110",0,"../code-selection/mixedcode_benchmarks/starcoder2-15b-instruct-v0.1/type03_130/mixed_code_002.json","../code-selection/mixedcode_benchmarks/starcoder2-15b-instruct-v0.1/type03_130/mixed_code_002.py"
"type03_130",130,2,"mixed_code_002.py",5,"hwc_mixed_002_05","HWC",0,0,2262,"line2262_human",123,27,122,2097,2544,447,644,766,1,1,0,"1.344082",0,"../code-selection/mixedcode_benchmarks/starcoder2-15b-instruct-v0.1/type03_130/mixed_code_002.json","../code-selection/mixedcode_benchmarks/starcoder2-15b-instruct-v0.1/type03_130/mixed_code_002.py"
"type03_130",130,2,"mixed_code_002.py",6,"agc_mixed_002_06","AGC",1,1,4861,"line4861_lm",124,26,123,2886,3248,362,854,977,1,1,0,"1.541305",1,"../code-selection/mixedcode_benchmarks/starcoder2-15b-instruct-v0.1/type03_130/mixed_code_002.json","../code-selection/mixedcode_benchmarks/starcoder2-15b-instruct-v0.1/type03_130/mixed_code_002.py"
"type03_130",130,3,"mixed_code_003.py",1,"hwc_mixed_003_01","HWC",0,0,3307,"line3307_human",124,28,123,136,382,246,37,160,1,1,0,"1.486179",1,"../code-selection/mixedcode_benchmarks/starcoder2-15b-instruct-v0.1/type03_130/mixed_code_003.json","../code-selection/mixedcode_benchmarks/starcoder2-15b-instruct-v0.1/type03_130/mixed_code_003.py"
"type03_130",130,3,"mixed_code_003.py",2,"agc_mixed_003_02","AGC",1,1,4442,"line4442_lm",122,38,121,578,970,392,205,326,1,1,0,"1.878374",1,"../code-selection/mixedcode_benchmarks/starcoder2-15b-instruct-v0.1/type03_130/mixed_code_003.json","../code-selection/mixedcode_benchmarks/starcoder2-15b-instruct-v0.1/type03_130/mixed_code_003.py"
"type03_130",130,3,"mixed_code_003.py",3,"hwc_mixed_003_03","HWC",0,0,2092,"line2092_human",122,42,121,1153,1745,592,377,498,1,1,0,"1.384633",0,"../code-selection/mixedcode_benchmarks/starcoder2-15b-instruct-v0.1/type03_130/mixed_code_003.json","../code-selection/mixedcode_benchmarks/starcoder2-15b-instruct-v0.1/type03_130/mixed_code_003.py"
"type03_130",130,3,"mixed_code_003.py",4,"agc_mixed_003_04","AGC",1,1,20,"line20_lm",129,24,128,2415,2742,327,676,804,2,2,0,"1.530824",1,"../code-selection/mixedcode_benchmarks/starcoder2-15b-instruct-v0.1/type03_130/mixed_code_003.json","../code-selection/mixedcode_benchmarks/starcoder2-15b-instruct-v0.1/type03_130/mixed_code_003.py"
"type03_130",130,3,"mixed_code_003.py",5,"hwc_mixed_003_05","HWC",0,0,3658,"line3658_human",127,37,126,2907,3386,479,853,979,1,1,0,"1.385109",0,"../code-selection/mixedcode_benchmarks/starcoder2-15b-instruct-v0.1/type03_130/mixed_code_003.json","../code-selection/mixedcode_benchmarks/starcoder2-15b-instruct-v0.1/type03_130/mixed_code_003.py"
"type03_130",130,3,"mixed_code_003.py",6,"agc_mixed_003_06","AGC",1,1,93,"line93_lm",129,48,128,3959,4439,480,1094,1222,2,2,0,"2.070853",1,"../code-selection/mixedcode_benchmarks/starcoder2-15b-instruct-v0.1/type03_130/mixed_code_003.json","../code-selection/mixedcode_benchmarks/starcoder2-15b-instruct-v0.1/type03_130/mixed_code_003.py"
"type03_130",130,4,"mixed_code_004.py",1,"agc_mixed_004_01","AGC",1,1,642,"line642_lm",123,31,122,325,749,424,71,193,1,1,0,"1.506305",1,"../code-selection/mixedcode_benchmarks/starcoder2-15b-instruct-v0.1/type03_130/mixed_code_004.json","../code-selection/mixedcode_benchmarks/starcoder2-15b-instruct-v0.1/type03_130/mixed_code_004.py"
"type03_130",130,4,"mixed_code_004.py",2,"hwc_mixed_004_02","HWC",0,0,4493,"line4493_human",130,42,129,1103,1562,459,261,390,2,2,0,"1.435794",0,"../code-selection/mixedcode_benchmarks/starcoder2-15b-instruct-v0.1/type03_130/mixed_code_004.json","../code-selection/mixedcode_benchmarks/starcoder2-15b-instruct-v0.1/type03_130/mixed_code_004.py"
"type03_130",130,4,"mixed_code_004.py",3,"agc_mixed_004_03","AGC",1,1,1878,"line1878_lm",127,63,126,1690,2144,454,408,534,1,1,0,"2.245765",1,"../code-selection/mixedcode_benchmarks/starcoder2-15b-instruct-v0.1/type03_130/mixed_code_004.json","../code-selection/mixedcode_benchmarks/starcoder2-15b-instruct-v0.1/type03_130/mixed_code_004.py"
"type03_130",130,4,"mixed_code_004.py",4,"hwc_mixed_004_04","HWC",0,0,2714,"line2714_human",126,41,125,2227,2855,628,555,680,1,1,0,"1.550038",1,"../code-selection/mixedcode_benchmarks/starcoder2-15b-instruct-v0.1/type03_130/mixed_code_004.json","../code-selection/mixedcode_benchmarks/starcoder2-15b-instruct-v0.1/type03_130/mixed_code_004.py"
"type03_130",130,4,"mixed_code_004.py",5,"hwc_mixed_004_05","HWC",0,0,1298,"line1298_human",121,52,120,3009,3634,625,707,827,1,1,0,"1.208599",0,"../code-selection/mixedcode_benchmarks/starcoder2-15b-instruct-v0.1/type03_130/mixed_code_004.json","../code-selection/mixedcode_benchmarks/starcoder2-15b-instruct-v0.1/type03_130/mixed_code_004.py"
"type03_130",130,4,"mixed_code_004.py",6,"agc_mixed_004_06","AGC",1,1,1901,"line1901_lm",130,52,129,4192,4774,582,953,1082,2,2,0,"1.798831",1,"../code-selection/mixedcode_benchmarks/starcoder2-15b-instruct-v0.1/type03_130/mixed_code_004.json","../code-selection/mixedcode_benchmarks/starcoder2-15b-instruct-v0.1/type03_130/mixed_code_004.py"
"type03_130",130,5,"mixed_code_005.py",1,"hwc_mixed_005_01","HWC",0,0,2699,"line2699_human",128,23,127,388,868,480,83,210,2,1,1,"1.416350",0,"../code-selection/mixedcode_benchmarks/starcoder2-15b-instruct-v0.1/type03_130/mixed_code_005.json","../code-selection/mixedcode_benchmarks/starcoder2-15b-instruct-v0.1/type03_130/mixed_code_005.py"
"type03_130",130,5,"mixed_code_005.py",2,"hwc_mixed_005_02","HWC",0,0,1548,"line1548_human",124,56,123,1294,2191,897,279,402,1,1,0,"1.254962",0,"../code-selection/mixedcode_benchmarks/starcoder2-15b-instruct-v0.1/type03_130/mixed_code_005.json","../code-selection/mixedcode_benchmarks/starcoder2-15b-instruct-v0.1/type03_130/mixed_code_005.py"
"type03_130",130,5,"mixed_code_005.py",3,"agc_mixed_005_03","AGC",1,1,4007,"line4007_lm",125,24,124,2549,2835,286,471,595,1,1,0,"1.859578",1,"../code-selection/mixedcode_benchmarks/starcoder2-15b-instruct-v0.1/type03_130/mixed_code_005.json","../code-selection/mixedcode_benchmarks/starcoder2-15b-instruct-v0.1/type03_130/mixed_code_005.py"
"type03_130",130,5,"mixed_code_005.py",4,"agc_mixed_005_04","AGC",1,1,887,"line887_lm",126,29,125,3234,3598,364,717,842,1,1,0,"1.499322",1,"../code-selection/mixedcode_benchmarks/starcoder2-15b-instruct-v0.1/type03_130/mixed_code_005.json","../code-selection/mixedcode_benchmarks/starcoder2-15b-instruct-v0.1/type03_130/mixed_code_005.py"
"type03_130",130,5,"mixed_code_005.py",5,"agc_mixed_005_05","AGC",1,1,3865,"line3865_lm",129,34,128,3671,4008,337,856,984,2,2,0,"1.714995",1,"../code-selection/mixedcode_benchmarks/starcoder2-15b-instruct-v0.1/type03_130/mixed_code_005.json","../code-selection/mixedcode_benchmarks/starcoder2-15b-instruct-v0.1/type03_130/mixed_code_005.py"
"type03_130",130,5,"mixed_code_005.py",6,"hwc_mixed_005_06","HWC",0,0,3336,"line3336_human",121,35,120,4687,5025,338,1199,1319,1,1,0,"1.362954",0,"../code-selection/mixedcode_benchmarks/starcoder2-15b-instruct-v0.1/type03_130/mixed_code_005.json","../code-selection/mixedcode_benchmarks/starcoder2-15b-instruct-v0.1/type03_130/mixed_code_005.py"
"type04_140",140,1,"mixed_code_001.py",1,"hwc_mixed_001_01","HWC",0,0,2516,"line2516_human",132,34,131,93,537,444,16,147,2,2,0,"1.292938",0,"../code-selection/mixedcode_benchmarks/starcoder2-15b-instruct-v0.1/type04_140/mixed_code_001.json","../code-selection/mixedcode_benchmarks/starcoder2-15b-instruct-v0.1/type04_140/mixed_code_001.py"
"type04_140",140,1,"mixed_code_001.py",2,"agc_mixed_001_02","AGC",1,1,60,"line60_lm",136,45,135,940,1437,497,244,379,2,2,0,"1.916211",1,"../code-selection/mixedcode_benchmarks/starcoder2-15b-instruct-v0.1/type04_140/mixed_code_001.json","../code-selection/mixedcode_benchmarks/starcoder2-15b-instruct-v0.1/type04_140/mixed_code_001.py"
"type04_140",140,1,"mixed_code_001.py",3,"agc_mixed_001_03","AGC",1,1,1133,"line1133_lm",136,28,135,1717,2091,374,429,564,2,2,0,"1.444298",1,"../code-selection/mixedcode_benchmarks/starcoder2-15b-instruct-v0.1/type04_140/mixed_code_001.json","../code-selection/mixedcode_benchmarks/starcoder2-15b-instruct-v0.1/type04_140/mixed_code_001.py"
"type04_140",140,1,"mixed_code_001.py",4,"agc_mixed_001_04","AGC",1,1,5000,"line5000_lm",136,52,135,2548,2913,365,678,813,2,2,0,"2.009701",1,"../code-selection/mixedcode_benchmarks/starcoder2-15b-instruct-v0.1/type04_140/mixed_code_001.json","../code-selection/mixedcode_benchmarks/starcoder2-15b-instruct-v0.1/type04_140/mixed_code_001.py"
"type04_140",140,1,"mixed_code_001.py",5,"hwc_mixed_001_05","HWC",0,0,3067,"line3067_human",139,41,138,3055,3423,368,836,974,2,2,0,"1.446526",1,"../code-selection/mixedcode_benchmarks/starcoder2-15b-instruct-v0.1/type04_140/mixed_code_001.json","../code-selection/mixedcode_benchmarks/starcoder2-15b-instruct-v0.1/type04_140/mixed_code_001.py"
"type04_140",140,1,"mixed_code_001.py",6,"hwc_mixed_001_06","HWC",0,0,1172,"line1172_human",136,43,135,3652,4286,634,1010,1145,2,2,0,"1.260471",0,"../code-selection/mixedcode_benchmarks/starcoder2-15b-instruct-v0.1/type04_140/mixed_code_001.json","../code-selection/mixedcode_benchmarks/starcoder2-15b-instruct-v0.1/type04_140/mixed_code_001.py"
"type04_140",140,2,"mixed_code_002.py",1,"hwc_mixed_002_01","HWC",0,0,2175,"line2175_human",133,21,132,377,701,324,101,233,2,2,0,"1.492912",1,"../code-selection/mixedcode_benchmarks/starcoder2-15b-instruct-v0.1/type04_140/mixed_code_002.json","../code-selection/mixedcode_benchmarks/starcoder2-15b-instruct-v0.1/type04_140/mixed_code_002.py"
"type04_140",140,2,"mixed_code_002.py",2,"agc_mixed_002_02","AGC",1,1,2279,"line2279_lm",133,42,132,904,1367,463,271,403,2,2,0,"1.658924",1,"../code-selection/mixedcode_benchmarks/starcoder2-15b-instruct-v0.1/type04_140/mixed_code_002.json","../code-selection/mixedcode_benchmarks/starcoder2-15b-instruct-v0.1/type04_140/mixed_code_002.py"
"type04_140",140,2,"mixed_code_002.py",3,"agc_mixed_002_03","AGC",1,1,3224,"line3224_lm",140,46,139,1487,1901,414,427,566,2,2,0,"1.941070",1,"../code-selection/mixedcode_benchmarks/starcoder2-15b-instruct-v0.1/type04_140/mixed_code_002.json","../code-selection/mixedcode_benchmarks/starcoder2-15b-instruct-v0.1/type04_140/mixed_code_002.py"
"type04_140",140,2,"mixed_code_002.py",4,"agc_mixed_002_04","AGC",1,1,3111,"line3111_lm",137,33,136,2076,2423,347,597,733,2,2,0,"1.481011",1,"../code-selection/mixedcode_benchmarks/starcoder2-15b-instruct-v0.1/type04_140/mixed_code_002.json","../code-selection/mixedcode_benchmarks/starcoder2-15b-instruct-v0.1/type04_140/mixed_code_002.py"
"type04_140",140,2,"mixed_code_002.py",5,"hwc_mixed_002_05","HWC",0,0,2467,"line2467_human",131,35,130,2682,3039,357,801,931,2,2,0,"1.400733",0,"../code-selection/mixedcode_benchmarks/starcoder2-15b-instruct-v0.1/type04_140/mixed_code_002.json","../code-selection/mixedcode_benchmarks/starcoder2-15b-instruct-v0.1/type04_140/mixed_code_002.py"
"type04_140",140,2,"mixed_code_002.py",6,"hwc_mixed_002_06","HWC",0,0,4312,"line4312_human",133,52,132,3152,3668,516,956,1088,2,2,0,"1.571687",1,"../code-selection/mixedcode_benchmarks/starcoder2-15b-instruct-v0.1/type04_140/mixed_code_002.json","../code-selection/mixedcode_benchmarks/starcoder2-15b-instruct-v0.1/type04_140/mixed_code_002.py"
"type04_140",140,3,"mixed_code_003.py",1,"agc_mixed_003_01","AGC",1,1,1752,"line1752_lm",138,29,137,262,626,364,79,216,2,2,0,"1.616314",1,"../code-selection/mixedcode_benchmarks/starcoder2-15b-instruct-v0.1/type04_140/mixed_code_003.json","../code-selection/mixedcode_benchmarks/starcoder2-15b-instruct-v0.1/type04_140/mixed_code_003.py"
"type04_140",140,3,"mixed_code_003.py",2,"agc_mixed_003_02","AGC",1,1,1420,"line1420_lm",133,48,132,1115,1468,353,325,457,2,2,0,"1.731145",1,"../code-selection/mixedcode_benchmarks/starcoder2-15b-instruct-v0.1/type04_140/mixed_code_003.json","../code-selection/mixedcode_benchmarks/starcoder2-15b-instruct-v0.1/type04_140/mixed_code_003.py"
"type04_140",140,3,"mixed_code_003.py",3,"hwc_mixed_003_03","HWC",0,0,704,"line704_human",137,33,136,1574,1957,383,475,611,2,2,0,"1.422530",0,"../code-selection/mixedcode_benchmarks/starcoder2-15b-instruct-v0.1/type04_140/mixed_code_003.json","../code-selection/mixedcode_benchmarks/starcoder2-15b-instruct-v0.1/type04_140/mixed_code_003.py"
"type04_140",140,3,"mixed_code_003.py",4,"agc_mixed_003_04","AGC",1,1,4227,"line4227_lm",138,27,137,2086,2401,315,631,768,2,2,0,"1.859849",1,"../code-selection/mixedcode_benchmarks/starcoder2-15b-instruct-v0.1/type04_140/mixed_code_003.json","../code-selection/mixedcode_benchmarks/starcoder2-15b-instruct-v0.1/type04_140/mixed_code_003.py"
"type04_140",140,3,"mixed_code_003.py",5,"hwc_mixed_003_05","HWC",0,0,4474,"line4474_human",132,31,131,2612,2959,347,829,960,2,2,0,"1.328048",0,"../code-selection/mixedcode_benchmarks/starcoder2-15b-instruct-v0.1/type04_140/mixed_code_003.json","../code-selection/mixedcode_benchmarks/starcoder2-15b-instruct-v0.1/type04_140/mixed_code_003.py"
"type04_140",140,3,"mixed_code_003.py",6,"hwc_mixed_003_06","HWC",0,0,1395,"line1395_human",132,34,131,3072,3564,492,988,1119,2,2,0,"1.299277",0,"../code-selection/mixedcode_benchmarks/starcoder2-15b-instruct-v0.1/type04_140/mixed_code_003.json","../code-selection/mixedcode_benchmarks/starcoder2-15b-instruct-v0.1/type04_140/mixed_code_003.py"
"type04_140",140,4,"mixed_code_004.py",1,"agc_mixed_004_01","AGC",1,1,1647,"line1647_lm",137,77,136,286,998,712,100,236,2,2,0,"1.799072",1,"../code-selection/mixedcode_benchmarks/starcoder2-15b-instruct-v0.1/type04_140/mixed_code_004.json","../code-selection/mixedcode_benchmarks/starcoder2-15b-instruct-v0.1/type04_140/mixed_code_004.py"
"type04_140",140,4,"mixed_code_004.py",2,"hwc_mixed_004_02","HWC",0,0,4561,"line4561_human",137,41,136,1775,2277,502,431,567,2,2,0,"1.319106",0,"../code-selection/mixedcode_benchmarks/starcoder2-15b-instruct-v0.1/type04_140/mixed_code_004.json","../code-selection/mixedcode_benchmarks/starcoder2-15b-instruct-v0.1/type04_140/mixed_code_004.py"
"type04_140",140,4,"mixed_code_004.py",3,"agc_mixed_004_03","AGC",1,1,3718,"line3718_lm",140,41,139,2501,2999,498,630,769,2,2,0,"1.842668",1,"../code-selection/mixedcode_benchmarks/starcoder2-15b-instruct-v0.1/type04_140/mixed_code_004.json","../code-selection/mixedcode_benchmarks/starcoder2-15b-instruct-v0.1/type04_140/mixed_code_004.py"
"type04_140",140,4,"mixed_code_004.py",4,"agc_mixed_004_04","AGC",1,1,3121,"line3121_lm",134,49,133,3308,3763,455,835,968,2,2,0,"1.418339",0,"../code-selection/mixedcode_benchmarks/starcoder2-15b-instruct-v0.1/type04_140/mixed_code_004.json","../code-selection/mixedcode_benchmarks/starcoder2-15b-instruct-v0.1/type04_140/mixed_code_004.py"
"type04_140",140,4,"mixed_code_004.py",5,"hwc_mixed_004_05","HWC",0,0,1572,"line1572_human",134,32,133,4151,4562,411,1060,1193,2,2,0,"1.618963",1,"../code-selection/mixedcode_benchmarks/starcoder2-15b-instruct-v0.1/type04_140/mixed_code_004.json","../code-selection/mixedcode_benchmarks/starcoder2-15b-instruct-v0.1/type04_140/mixed_code_004.py"
"type04_140",140,4,"mixed_code_004.py",6,"hwc_mixed_004_06","HWC",0,0,2499,"line2499_human",135,65,134,4706,5214,508,1213,1347,2,2,0,"1.335452",0,"../code-selection/mixedcode_benchmarks/starcoder2-15b-instruct-v0.1/type04_140/mixed_code_004.json","../code-selection/mixedcode_benchmarks/starcoder2-15b-instruct-v0.1/type04_140/mixed_code_004.py"
"type04_140",140,5,"mixed_code_005.py",1,"hwc_mixed_005_01","HWC",0,0,4836,"line4836_human",140,48,139,81,849,768,21,160,2,2,0,"1.584581",1,"../code-selection/mixedcode_benchmarks/starcoder2-15b-instruct-v0.1/type04_140/mixed_code_005.json","../code-selection/mixedcode_benchmarks/starcoder2-15b-instruct-v0.1/type04_140/mixed_code_005.py"
"type04_140",140,5,"mixed_code_005.py",2,"agc_mixed_005_02","AGC",1,1,394,"line394_lm",138,13,137,2000,2411,411,524,661,2,2,0,"1.350719",0,"../code-selection/mixedcode_benchmarks/starcoder2-15b-instruct-v0.1/type04_140/mixed_code_005.json","../code-selection/mixedcode_benchmarks/starcoder2-15b-instruct-v0.1/type04_140/mixed_code_005.py"
"type04_140",140,5,"mixed_code_005.py",3,"hwc_mixed_005_03","HWC",0,0,934,"line934_human",134,76,133,2698,3303,605,735,868,2,2,0,"1.314036",0,"../code-selection/mixedcode_benchmarks/starcoder2-15b-instruct-v0.1/type04_140/mixed_code_005.json","../code-selection/mixedcode_benchmarks/starcoder2-15b-instruct-v0.1/type04_140/mixed_code_005.py"
"type04_140",140,5,"mixed_code_005.py",4,"agc_mixed_005_04","AGC",1,1,4897,"line4897_lm",133,48,132,3755,4334,579,939,1071,2,2,0,"1.572567",1,"../code-selection/mixedcode_benchmarks/starcoder2-15b-instruct-v0.1/type04_140/mixed_code_005.json","../code-selection/mixedcode_benchmarks/starcoder2-15b-instruct-v0.1/type04_140/mixed_code_005.py"
"type04_140",140,5,"mixed_code_005.py",5,"hwc_mixed_005_05","HWC",0,0,167,"line167_human",137,43,136,4722,5218,496,1177,1313,2,2,0,"1.312457",0,"../code-selection/mixedcode_benchmarks/starcoder2-15b-instruct-v0.1/type04_140/mixed_code_005.json","../code-selection/mixedcode_benchmarks/starcoder2-15b-instruct-v0.1/type04_140/mixed_code_005.py"
"type04_140",140,5,"mixed_code_005.py",6,"agc_mixed_005_06","AGC",1,1,3354,"line3354_lm",138,47,137,5754,6272,518,1447,1584,2,2,0,"1.396663",0,"../code-selection/mixedcode_benchmarks/starcoder2-15b-instruct-v0.1/type04_140/mixed_code_005.json","../code-selection/mixedcode_benchmarks/starcoder2-15b-instruct-v0.1/type04_140/mixed_code_005.py"
"type05_150",150,1,"mixed_code_001.py",1,"agc_mixed_001_01","AGC",1,1,4295,"line4295_lm",146,22,145,214,626,412,54,199,2,2,0,"1.798172",1,"../code-selection/mixedcode_benchmarks/starcoder2-15b-instruct-v0.1/type05_150/mixed_code_001.json","../code-selection/mixedcode_benchmarks/starcoder2-15b-instruct-v0.1/type05_150/mixed_code_001.py"
"type05_150",150,1,"mixed_code_001.py",2,"agc_mixed_001_02","AGC",1,1,3608,"line3608_lm",148,49,147,718,1095,377,217,364,2,2,0,"1.722162",1,"../code-selection/mixedcode_benchmarks/starcoder2-15b-instruct-v0.1/type05_150/mixed_code_001.json","../code-selection/mixedcode_benchmarks/starcoder2-15b-instruct-v0.1/type05_150/mixed_code_001.py"
"type05_150",150,1,"mixed_code_001.py",3,"hwc_mixed_001_03","HWC",0,0,2128,"line2128_human",141,32,140,1180,1654,474,373,513,2,2,0,"1.366855",0,"../code-selection/mixedcode_benchmarks/starcoder2-15b-instruct-v0.1/type05_150/mixed_code_001.json","../code-selection/mixedcode_benchmarks/starcoder2-15b-instruct-v0.1/type05_150/mixed_code_001.py"
"type05_150",150,1,"mixed_code_001.py",4,"hwc_mixed_001_04","HWC",0,0,4346,"line4346_human",141,33,140,1815,2204,389,550,690,2,2,0,"1.635979",1,"../code-selection/mixedcode_benchmarks/starcoder2-15b-instruct-v0.1/type05_150/mixed_code_001.json","../code-selection/mixedcode_benchmarks/starcoder2-15b-instruct-v0.1/type05_150/mixed_code_001.py"
"type05_150",150,1,"mixed_code_001.py",5,"hwc_mixed_001_05","HWC",0,0,4807,"line4807_human",147,41,146,2416,2850,434,767,913,2,2,0,"1.707498",1,"../code-selection/mixedcode_benchmarks/starcoder2-15b-instruct-v0.1/type05_150/mixed_code_001.json","../code-selection/mixedcode_benchmarks/starcoder2-15b-instruct-v0.1/type05_150/mixed_code_001.py"
"type05_150",150,1,"mixed_code_001.py",6,"agc_mixed_001_06","AGC",1,1,2518,"line2518_lm",146,27,145,2950,3298,348,930,1075,2,2,0,"1.636385",1,"../code-selection/mixedcode_benchmarks/starcoder2-15b-instruct-v0.1/type05_150/mixed_code_001.json","../code-selection/mixedcode_benchmarks/starcoder2-15b-instruct-v0.1/type05_150/mixed_code_001.py"
"type05_150",150,2,"mixed_code_002.py",1,"hwc_mixed_002_01","HWC",0,0,4691,"line4691_human",146,20,145,106,498,392,32,177,2,2,0,"1.385938",0,"../code-selection/mixedcode_benchmarks/starcoder2-15b-instruct-v0.1/type05_150/mixed_code_002.json","../code-selection/mixedcode_benchmarks/starcoder2-15b-instruct-v0.1/type05_150/mixed_code_002.py"
"type05_150",150,2,"mixed_code_002.py",2,"agc_mixed_002_02","AGC",1,1,2005,"line2005_lm",145,33,144,1218,1572,354,396,540,2,2,0,"1.311141",0,"../code-selection/mixedcode_benchmarks/starcoder2-15b-instruct-v0.1/type05_150/mixed_code_002.json","../code-selection/mixedcode_benchmarks/starcoder2-15b-instruct-v0.1/type05_150/mixed_code_002.py"
"type05_150",150,2,"mixed_code_002.py",3,"hwc_mixed_002_03","HWC",0,0,3562,"line3562_human",150,115,149,1753,2898,1145,563,712,2,2,0,"2.585600",1,"../code-selection/mixedcode_benchmarks/starcoder2-15b-instruct-v0.1/type05_150/mixed_code_002.json","../code-selection/mixedcode_benchmarks/starcoder2-15b-instruct-v0.1/type05_150/mixed_code_002.py"
"type05_150",150,2,"mixed_code_002.py",4,"agc_mixed_002_04","AGC",1,1,1348,"line1348_lm",146,55,145,3388,4090,702,836,981,2,2,0,"1.717581",1,"../code-selection/mixedcode_benchmarks/starcoder2-15b-instruct-v0.1/type05_150/mixed_code_002.json","../code-selection/mixedcode_benchmarks/starcoder2-15b-instruct-v0.1/type05_150/mixed_code_002.py"
"type05_150",150,2,"mixed_code_002.py",5,"hwc_mixed_002_05","HWC",0,0,2765,"line2765_human",149,29,148,4459,5012,553,1046,1194,2,2,0,"1.315049",0,"../code-selection/mixedcode_benchmarks/starcoder2-15b-instruct-v0.1/type05_150/mixed_code_002.json","../code-selection/mixedcode_benchmarks/starcoder2-15b-instruct-v0.1/type05_150/mixed_code_002.py"
"type05_150",150,2,"mixed_code_002.py",6,"agc_mixed_002_06","AGC",1,1,86,"line86_lm",141,29,140,5212,5611,399,1248,1388,2,2,0,"1.443019",1,"../code-selection/mixedcode_benchmarks/starcoder2-15b-instruct-v0.1/type05_150/mixed_code_002.json","../code-selection/mixedcode_benchmarks/starcoder2-15b-instruct-v0.1/type05_150/mixed_code_002.py"
"type05_150",150,3,"mixed_code_003.py",1,"agc_mixed_003_01","AGC",1,1,1925,"line1925_lm",145,31,144,166,526,360,43,187,2,2,0,"2.034830",1,"../code-selection/mixedcode_benchmarks/starcoder2-15b-instruct-v0.1/type05_150/mixed_code_003.json","../code-selection/mixedcode_benchmarks/starcoder2-15b-instruct-v0.1/type05_150/mixed_code_003.py"
"type05_150",150,3,"mixed_code_003.py",2,"agc_mixed_003_02","AGC",1,1,4516,"line4516_lm",146,25,145,790,1205,415,237,382,2,2,0,"1.578695",1,"../code-selection/mixedcode_benchmarks/starcoder2-15b-instruct-v0.1/type05_150/mixed_code_003.json","../code-selection/mixedcode_benchmarks/starcoder2-15b-instruct-v0.1/type05_150/mixed_code_003.py"
"type05_150",150,3,"mixed_code_003.py",3,"hwc_mixed_003_03","HWC",0,0,1936,"line1936_human",148,36,147,1562,1893,331,477,624,2,2,0,"1.106227",0,"../code-selection/mixedcode_benchmarks/starcoder2-15b-instruct-v0.1/type05_150/mixed_code_003.json","../code-selection/mixedcode_benchmarks/starcoder2-15b-instruct-v0.1/type05_150/mixed_code_003.py"
"type05_150",150,3,"mixed_code_003.py",4,"hwc_mixed_003_04","HWC",0,0,3298,"line3298_human",142,41,141,2648,3172,524,852,993,2,2,0,"1.306044",0,"../code-selection/mixedcode_benchmarks/starcoder2-15b-instruct-v0.1/type05_150/mixed_code_003.json","../code-selection/mixedcode_benchmarks/starcoder2-15b-instruct-v0.1/type05_150/mixed_code_003.py"
"type05_150",150,3,"mixed_code_003.py",5,"hwc_mixed_003_05","HWC",0,0,4379,"line4379_human",150,53,149,3377,4342,965,1050,1199,2,2,0,"1.471094",1,"../code-selection/mixedcode_benchmarks/starcoder2-15b-instruct-v0.1/type05_150/mixed_code_003.json","../code-selection/mixedcode_benchmarks/starcoder2-15b-instruct-v0.1/type05_150/mixed_code_003.py"
"type05_150",150,3,"mixed_code_003.py",6,"agc_mixed_003_06","AGC",1,1,4579,"line4579_lm",150,35,149,4614,4950,336,1254,1403,2,2,0,"1.865590",1,"../code-selection/mixedcode_benchmarks/starcoder2-15b-instruct-v0.1/type05_150/mixed_code_003.json","../code-selection/mixedcode_benchmarks/starcoder2-15b-instruct-v0.1/type05_150/mixed_code_003.py"
"type05_150",150,4,"mixed_code_004.py",1,"hwc_mixed_004_01","HWC",0,0,1729,"line1729_human",146,47,145,352,847,495,59,204,2,2,0,"1.421753",0,"../code-selection/mixedcode_benchmarks/starcoder2-15b-instruct-v0.1/type05_150/mixed_code_004.json","../code-selection/mixedcode_benchmarks/starcoder2-15b-instruct-v0.1/type05_150/mixed_code_004.py"
"type05_150",150,4,"mixed_code_004.py",2,"hwc_mixed_004_02","HWC",0,0,1344,"line1344_human",141,38,140,1394,1788,394,350,490,2,2,0,"1.404571",0,"../code-selection/mixedcode_benchmarks/starcoder2-15b-instruct-v0.1/type05_150/mixed_code_004.json","../code-selection/mixedcode_benchmarks/starcoder2-15b-instruct-v0.1/type05_150/mixed_code_004.py"
"type05_150",150,4,"mixed_code_004.py",3,"agc_mixed_004_03","AGC",1,1,4381,"line4381_lm",148,41,147,2054,2512,458,539,686,2,2,0,"1.723231",1,"../code-selection/mixedcode_benchmarks/starcoder2-15b-instruct-v0.1/type05_150/mixed_code_004.json","../code-selection/mixedcode_benchmarks/starcoder2-15b-instruct-v0.1/type05_150/mixed_code_004.py"
"type05_150",150,4,"mixed_code_004.py",4,"hwc_mixed_004_04","HWC",0,0,2775,"line2775_human",142,22,141,2621,2970,349,706,847,2,2,0,"1.359037",0,"../code-selection/mixedcode_benchmarks/starcoder2-15b-instruct-v0.1/type05_150/mixed_code_004.json","../code-selection/mixedcode_benchmarks/starcoder2-15b-instruct-v0.1/type05_150/mixed_code_004.py"
"type05_150",150,4,"mixed_code_004.py",5,"agc_mixed_004_05","AGC",1,1,1293,"line1293_lm",144,32,143,3864,4242,378,1145,1288,2,2,0,"1.476100",1,"../code-selection/mixedcode_benchmarks/starcoder2-15b-instruct-v0.1/type05_150/mixed_code_004.json","../code-selection/mixedcode_benchmarks/starcoder2-15b-instruct-v0.1/type05_150/mixed_code_004.py"
"type05_150",150,4,"mixed_code_004.py",6,"agc_mixed_004_06","AGC",1,1,2821,"line2821_lm",142,60,141,4436,5056,620,1333,1474,2,2,0,"1.712458",1,"../code-selection/mixedcode_benchmarks/starcoder2-15b-instruct-v0.1/type05_150/mixed_code_004.json","../code-selection/mixedcode_benchmarks/starcoder2-15b-instruct-v0.1/type05_150/mixed_code_004.py"
"type05_150",150,5,"mixed_code_005.py",1,"hwc_mixed_005_01","HWC",0,0,477,"line477_human",150,32,149,160,558,398,44,193,2,2,0,"1.454014",1,"../code-selection/mixedcode_benchmarks/starcoder2-15b-instruct-v0.1/type05_150/mixed_code_005.json","../code-selection/mixedcode_benchmarks/starcoder2-15b-instruct-v0.1/type05_150/mixed_code_005.py"
"type05_150",150,5,"mixed_code_005.py",2,"hwc_mixed_005_02","HWC",0,0,336,"line336_human",141,38,140,680,1089,409,215,355,2,2,0,"1.219294",0,"../code-selection/mixedcode_benchmarks/starcoder2-15b-instruct-v0.1/type05_150/mixed_code_005.json","../code-selection/mixedcode_benchmarks/starcoder2-15b-instruct-v0.1/type05_150/mixed_code_005.py"
"type05_150",150,5,"mixed_code_005.py",3,"agc_mixed_005_03","AGC",1,1,3779,"line3779_lm",150,32,149,1581,1965,384,496,645,2,2,0,"1.408234",0,"../code-selection/mixedcode_benchmarks/starcoder2-15b-instruct-v0.1/type05_150/mixed_code_005.json","../code-selection/mixedcode_benchmarks/starcoder2-15b-instruct-v0.1/type05_150/mixed_code_005.py"
"type05_150",150,5,"mixed_code_005.py",4,"agc_mixed_005_04","AGC",1,1,4236,"line4236_lm",142,64,141,2286,2699,413,711,852,2,2,0,"1.928248",1,"../code-selection/mixedcode_benchmarks/starcoder2-15b-instruct-v0.1/type05_150/mixed_code_005.json","../code-selection/mixedcode_benchmarks/starcoder2-15b-instruct-v0.1/type05_150/mixed_code_005.py"
"type05_150",150,5,"mixed_code_005.py",5,"hwc_mixed_005_05","HWC",0,0,238,"line238_human",143,36,142,3004,3432,428,924,1066,2,2,0,"1.435035",0,"../code-selection/mixedcode_benchmarks/starcoder2-15b-instruct-v0.1/type05_150/mixed_code_005.json","../code-selection/mixedcode_benchmarks/starcoder2-15b-instruct-v0.1/type05_150/mixed_code_005.py"
"type05_150",150,5,"mixed_code_005.py",6,"agc_mixed_005_06","AGC",1,1,97,"line97_lm",142,40,141,3546,4056,510,1099,1240,2,2,0,"1.782077",1,"../code-selection/mixedcode_benchmarks/starcoder2-15b-instruct-v0.1/type05_150/mixed_code_005.json","../code-selection/mixedcode_benchmarks/starcoder2-15b-instruct-v0.1/type05_150/mixed_code_005.py"
"type06_160",160,1,"mixed_code_001.py",1,"agc_mixed_001_01","AGC",1,1,4310,"line4310_lm",153,23,152,409,746,337,109,261,2,2,0,"1.246806",0,"../code-selection/mixedcode_benchmarks/starcoder2-15b-instruct-v0.1/type06_160/mixed_code_001.json","../code-selection/mixedcode_benchmarks/starcoder2-15b-instruct-v0.1/type06_160/mixed_code_001.py"
"type06_160",160,1,"mixed_code_001.py",2,"hwc_mixed_001_02","HWC",0,0,300,"line300_human",156,34,155,1561,1961,400,565,720,2,2,0,"1.447340",1,"../code-selection/mixedcode_benchmarks/starcoder2-15b-instruct-v0.1/type06_160/mixed_code_001.json","../code-selection/mixedcode_benchmarks/starcoder2-15b-instruct-v0.1/type06_160/mixed_code_001.py"
"type06_160",160,1,"mixed_code_001.py",3,"agc_mixed_001_03","AGC",1,1,5014,"line5014_lm",160,41,159,2297,2839,542,795,954,2,2,0,"1.600567",1,"../code-selection/mixedcode_benchmarks/starcoder2-15b-instruct-v0.1/type06_160/mixed_code_001.json","../code-selection/mixedcode_benchmarks/starcoder2-15b-instruct-v0.1/type06_160/mixed_code_001.py"
"type06_160",160,1,"mixed_code_001.py",4,"agc_mixed_001_04","AGC",1,1,199,"line199_lm",160,30,159,3111,3524,413,1027,1186,2,2,0,"1.676156",1,"../code-selection/mixedcode_benchmarks/starcoder2-15b-instruct-v0.1/type06_160/mixed_code_001.json","../code-selection/mixedcode_benchmarks/starcoder2-15b-instruct-v0.1/type06_160/mixed_code_001.py"
"type06_160",160,1,"mixed_code_001.py",5,"hwc_mixed_001_05","HWC",0,0,689,"line689_human",153,32,152,3712,4215,503,1263,1415,2,2,0,"1.510215",1,"../code-selection/mixedcode_benchmarks/starcoder2-15b-instruct-v0.1/type06_160/mixed_code_001.json","../code-selection/mixedcode_benchmarks/starcoder2-15b-instruct-v0.1/type06_160/mixed_code_001.py"
"type06_160",160,1,"mixed_code_001.py",6,"hwc_mixed_001_06","HWC",0,0,2681,"line2681_human",154,61,153,4533,5206,673,1496,1649,2,2,0,"1.353884",0,"../code-selection/mixedcode_benchmarks/starcoder2-15b-instruct-v0.1/type06_160/mixed_code_001.json","../code-selection/mixedcode_benchmarks/starcoder2-15b-instruct-v0.1/type06_160/mixed_code_001.py"
"type06_160",160,2,"mixed_code_002.py",1,"hwc_mixed_002_01","HWC",0,0,1953,"line1953_human",158,42,157,819,1409,590,159,316,2,2,0,"1.207863",0,"../code-selection/mixedcode_benchmarks/starcoder2-15b-instruct-v0.1/type06_160/mixed_code_002.json","../code-selection/mixedcode_benchmarks/starcoder2-15b-instruct-v0.1/type06_160/mixed_code_002.py"
"type06_160",160,2,"mixed_code_002.py",2,"agc_mixed_002_02","AGC",1,1,2725,"line2725_lm",154,32,153,1558,2107,549,345,498,2,2,0,"1.516108",1,"../code-selection/mixedcode_benchmarks/starcoder2-15b-instruct-v0.1/type06_160/mixed_code_002.json","../code-selection/mixedcode_benchmarks/starcoder2-15b-instruct-v0.1/type06_160/mixed_code_002.py"
"type06_160",160,2,"mixed_code_002.py",3,"hwc_mixed_002_03","HWC",0,0,656,"line656_human",153,29,152,2449,2880,431,576,728,2,2,0,"1.433360",0,"../code-selection/mixedcode_benchmarks/starcoder2-15b-instruct-v0.1/type06_160/mixed_code_002.json","../code-selection/mixedcode_benchmarks/starcoder2-15b-instruct-v0.1/type06_160/mixed_code_002.py"
"type06_160",160,2,"mixed_code_002.py",4,"agc_mixed_002_04","AGC",1,1,2804,"line2804_lm",156,65,155,3667,4224,557,948,1103,2,2,0,"1.641868",1,"../code-selection/mixedcode_benchmarks/starcoder2-15b-instruct-v0.1/type06_160/mixed_code_002.json","../code-selection/mixedcode_benchmarks/starcoder2-15b-instruct-v0.1/type06_160/mixed_code_002.py"
"type06_160",160,2,"mixed_code_002.py",5,"hwc_mixed_002_05","HWC",0,0,4148,"line4148_human",156,27,155,4726,5279,553,1262,1417,2,2,0,"1.329145",0,"../code-selection/mixedcode_benchmarks/starcoder2-15b-instruct-v0.1/type06_160/mixed_code_002.json","../code-selection/mixedcode_benchmarks/starcoder2-15b-instruct-v0.1/type06_160/mixed_code_002.py"
"type06_160",160,2,"mixed_code_002.py",6,"agc_mixed_002_06","AGC",1,1,2651,"line2651_lm",155,47,154,5595,6160,565,1453,1607,2,2,0,"1.783848",1,"../code-selection/mixedcode_benchmarks/starcoder2-15b-instruct-v0.1/type06_160/mixed_code_002.json","../code-selection/mixedcode_benchmarks/starcoder2-15b-instruct-v0.1/type06_160/mixed_code_002.py"
"type06_160",160,3,"mixed_code_003.py",1,"agc_mixed_003_01","AGC",1,1,4314,"line4314_lm",158,26,157,713,1101,388,203,360,2,2,0,"1.383799",0,"../code-selection/mixedcode_benchmarks/starcoder2-15b-instruct-v0.1/type06_160/mixed_code_003.json","../code-selection/mixedcode_benchmarks/starcoder2-15b-instruct-v0.1/type06_160/mixed_code_003.py"
"type06_160",160,3,"mixed_code_003.py",2,"hwc_mixed_003_02","HWC",0,0,2704,"line2704_human",160,29,159,1225,1702,477,394,553,2,2,0,"1.640437",1,"../code-selection/mixedcode_benchmarks/starcoder2-15b-instruct-v0.1/type06_160/mixed_code_003.json","../code-selection/mixedcode_benchmarks/starcoder2-15b-instruct-v0.1/type06_160/mixed_code_003.py"
"type06_160",160,3,"mixed_code_003.py",3,"agc_mixed_003_03","AGC",1,1,2504,"line2504_lm",155,41,154,1836,2243,407,580,734,2,2,0,"1.865344",1,"../code-selection/mixedcode_benchmarks/starcoder2-15b-instruct-v0.1/type06_160/mixed_code_003.json","../code-selection/mixedcode_benchmarks/starcoder2-15b-instruct-v0.1/type06_160/mixed_code_003.py"
"type06_160",160,3,"mixed_code_003.py",4,"hwc_mixed_003_04","HWC",0,0,482,"line482_human",156,36,155,2352,3021,669,755,910,2,2,0,"1.280218",0,"../code-selection/mixedcode_benchmarks/starcoder2-15b-instruct-v0.1/type06_160/mixed_code_003.json","../code-selection/mixedcode_benchmarks/starcoder2-15b-instruct-v0.1/type06_160/mixed_code_003.py"
"type06_160",160,3,"mixed_code_003.py",5,"hwc_mixed_003_05","HWC",0,0,3216,"line3216_human",158,53,157,3266,3806,540,966,1123,2,2,0,"1.957394",1,"../code-selection/mixedcode_benchmarks/starcoder2-15b-instruct-v0.1/type06_160/mixed_code_003.json","../code-selection/mixedcode_benchmarks/starcoder2-15b-instruct-v0.1/type06_160/mixed_code_003.py"
"type06_160",160,3,"mixed_code_003.py",6,"agc_mixed_003_06","AGC",1,1,4244,"line4244_lm",157,28,156,4401,4861,460,1287,1443,2,2,0,"1.624041",1,"../code-selection/mixedcode_benchmarks/starcoder2-15b-instruct-v0.1/type06_160/mixed_code_003.json","../code-selection/mixedcode_benchmarks/starcoder2-15b-instruct-v0.1/type06_160/mixed_code_003.py"
"type06_160",160,4,"mixed_code_004.py",1,"hwc_mixed_004_01","HWC",0,0,193,"line193_human",158,52,157,553,1107,554,103,260,2,2,0,"1.263682",0,"../code-selection/mixedcode_benchmarks/starcoder2-15b-instruct-v0.1/type06_160/mixed_code_004.json","../code-selection/mixedcode_benchmarks/starcoder2-15b-instruct-v0.1/type06_160/mixed_code_004.py"
"type06_160",160,4,"mixed_code_004.py",2,"hwc_mixed_004_02","HWC",0,0,953,"line953_human",158,44,157,1198,1832,634,276,433,2,2,0,"1.371893",0,"../code-selection/mixedcode_benchmarks/starcoder2-15b-instruct-v0.1/type06_160/mixed_code_004.json","../code-selection/mixedcode_benchmarks/starcoder2-15b-instruct-v0.1/type06_160/mixed_code_004.py"
"type06_160",160,4,"mixed_code_004.py",3,"agc_mixed_004_03","AGC",1,1,3824,"line3824_lm",153,49,152,2715,3287,572,811,963,2,2,0,"1.345563",0,"../code-selection/mixedcode_benchmarks/starcoder2-15b-instruct-v0.1/type06_160/mixed_code_004.json","../code-selection/mixedcode_benchmarks/starcoder2-15b-instruct-v0.1/type06_160/mixed_code_004.py"
"type06_160",160,4,"mixed_code_004.py",4,"agc_mixed_004_04","AGC",1,1,2526,"line2526_lm",154,37,153,3792,4280,488,1051,1204,2,2,0,"1.603638",1,"../code-selection/mixedcode_benchmarks/starcoder2-15b-instruct-v0.1/type06_160/mixed_code_004.json","../code-selection/mixedcode_benchmarks/starcoder2-15b-instruct-v0.1/type06_160/mixed_code_004.py"
"type06_160",160,4,"mixed_code_004.py",5,"agc_mixed_004_05","AGC",1,1,1970,"line1970_lm",159,34,158,4389,4827,438,1222,1380,2,2,0,"1.726850",1,"../code-selection/mixedcode_benchmarks/starcoder2-15b-instruct-v0.1/type06_160/mixed_code_004.json","../code-selection/mixedcode_benchmarks/starcoder2-15b-instruct-v0.1/type06_160/mixed_code_004.py"
"type06_160",160,4,"mixed_code_004.py",6,"hwc_mixed_004_06","HWC",0,0,4272,"line4272_human",158,40,157,5083,5515,432,1445,1602,2,2,0,"1.300357",0,"../code-selection/mixedcode_benchmarks/starcoder2-15b-instruct-v0.1/type06_160/mixed_code_004.json","../code-selection/mixedcode_benchmarks/starcoder2-15b-instruct-v0.1/type06_160/mixed_code_004.py"
"type06_160",160,5,"mixed_code_005.py",1,"hwc_mixed_005_01","HWC",0,0,2515,"line2515_human",153,43,152,214,687,473,39,191,2,2,0,"1.278937",0,"../code-selection/mixedcode_benchmarks/starcoder2-15b-instruct-v0.1/type06_160/mixed_code_005.json","../code-selection/mixedcode_benchmarks/starcoder2-15b-instruct-v0.1/type06_160/mixed_code_005.py"
"type06_160",160,5,"mixed_code_005.py",2,"hwc_mixed_005_02","HWC",0,0,4715,"line4715_human",158,69,157,837,1568,731,229,386,2,2,0,"1.257659",0,"../code-selection/mixedcode_benchmarks/starcoder2-15b-instruct-v0.1/type06_160/mixed_code_005.json","../code-selection/mixedcode_benchmarks/starcoder2-15b-instruct-v0.1/type06_160/mixed_code_005.py"
"type06_160",160,5,"mixed_code_005.py",3,"agc_mixed_005_03","AGC",1,1,3855,"line3855_lm",154,27,153,1826,2131,305,448,601,2,2,0,"1.439702",0,"../code-selection/mixedcode_benchmarks/starcoder2-15b-instruct-v0.1/type06_160/mixed_code_005.json","../code-selection/mixedcode_benchmarks/starcoder2-15b-instruct-v0.1/type06_160/mixed_code_005.py"
"type06_160",160,5,"mixed_code_005.py",4,"hwc_mixed_005_04","HWC",0,0,4221,"line4221_human",153,42,152,2304,2826,522,638,790,2,2,0,"1.275544",0,"../code-selection/mixedcode_benchmarks/starcoder2-15b-instruct-v0.1/type06_160/mixed_code_005.json","../code-selection/mixedcode_benchmarks/starcoder2-15b-instruct-v0.1/type06_160/mixed_code_005.py"
"type06_160",160,5,"mixed_code_005.py",5,"agc_mixed_005_05","AGC",1,1,3634,"line3634_lm",158,61,157,3582,4095,513,989,1146,2,2,0,"1.675006",1,"../code-selection/mixedcode_benchmarks/starcoder2-15b-instruct-v0.1/type06_160/mixed_code_005.json","../code-selection/mixedcode_benchmarks/starcoder2-15b-instruct-v0.1/type06_160/mixed_code_005.py"
"type06_160",160,5,"mixed_code_005.py",6,"agc_mixed_005_06","AGC",1,1,3646,"line3646_lm",158,49,157,4542,4871,329,1254,1411,2,2,0,"1.873433",1,"../code-selection/mixedcode_benchmarks/starcoder2-15b-instruct-v0.1/type06_160/mixed_code_005.json","../code-selection/mixedcode_benchmarks/starcoder2-15b-instruct-v0.1/type06_160/mixed_code_005.py"
"type07_170",170,1,"mixed_code_001.py",1,"agc_mixed_001_01","AGC",1,1,1613,"line1613_lm",167,39,166,510,1018,508,107,273,2,2,0,"1.409710",0,"../code-selection/mixedcode_benchmarks/starcoder2-15b-instruct-v0.1/type07_170/mixed_code_001.json","../code-selection/mixedcode_benchmarks/starcoder2-15b-instruct-v0.1/type07_170/mixed_code_001.py"
"type07_170",170,1,"mixed_code_001.py",2,"agc_mixed_001_02","AGC",1,1,1914,"line1914_lm",166,37,165,1256,1740,484,339,504,2,2,0,"1.460652",1,"../code-selection/mixedcode_benchmarks/starcoder2-15b-instruct-v0.1/type07_170/mixed_code_001.json","../code-selection/mixedcode_benchmarks/starcoder2-15b-instruct-v0.1/type07_170/mixed_code_001.py"
"type07_170",170,1,"mixed_code_001.py",3,"hwc_mixed_001_03","HWC",0,0,2233,"line2233_human",164,36,163,1879,2292,413,544,707,2,2,0,"1.463489",1,"../code-selection/mixedcode_benchmarks/starcoder2-15b-instruct-v0.1/type07_170/mixed_code_001.json","../code-selection/mixedcode_benchmarks/starcoder2-15b-instruct-v0.1/type07_170/mixed_code_001.py"
"type07_170",170,1,"mixed_code_001.py",4,"hwc_mixed_001_04","HWC",0,0,1106,"line1106_human",164,49,163,2411,3033,622,731,894,2,2,0,"1.336858",0,"../code-selection/mixedcode_benchmarks/starcoder2-15b-instruct-v0.1/type07_170/mixed_code_001.json","../code-selection/mixedcode_benchmarks/starcoder2-15b-instruct-v0.1/type07_170/mixed_code_001.py"
"type07_170",170,1,"mixed_code_001.py",5,"hwc_mixed_001_05","HWC",0,0,2528,"line2528_human",163,29,162,3194,3597,403,923,1085,2,2,0,"1.562437",1,"../code-selection/mixedcode_benchmarks/starcoder2-15b-instruct-v0.1/type07_170/mixed_code_001.json","../code-selection/mixedcode_benchmarks/starcoder2-15b-instruct-v0.1/type07_170/mixed_code_001.py"
"type07_170",170,1,"mixed_code_001.py",6,"agc_mixed_001_06","AGC",1,1,5008,"line5008_lm",161,42,160,3880,4332,452,1183,1343,2,2,0,"1.410995",0,"../code-selection/mixedcode_benchmarks/starcoder2-15b-instruct-v0.1/type07_170/mixed_code_001.json","../code-selection/mixedcode_benchmarks/starcoder2-15b-instruct-v0.1/type07_170/mixed_code_001.py"
"type07_170",170,2,"mixed_code_002.py",1,"hwc_mixed_002_01","HWC",0,0,1653,"line1653_human",163,34,162,683,1215,532,186,348,2,2,0,"1.283078",0,"../code-selection/mixedcode_benchmarks/starcoder2-15b-instruct-v0.1/type07_170/mixed_code_002.json","../code-selection/mixedcode_benchmarks/starcoder2-15b-instruct-v0.1/type07_170/mixed_code_002.py"
"type07_170",170,2,"mixed_code_002.py",2,"agc_mixed_002_02","AGC",1,1,470,"line470_lm",168,47,167,2191,2775,584,572,739,2,2,0,"1.460022",1,"../code-selection/mixedcode_benchmarks/starcoder2-15b-instruct-v0.1/type07_170/mixed_code_002.json","../code-selection/mixedcode_benchmarks/starcoder2-15b-instruct-v0.1/type07_170/mixed_code_002.py"
"type07_170",170,2,"mixed_code_002.py",3,"agc_mixed_002_03","AGC",1,1,3410,"line3410_lm",162,63,161,3152,3761,609,829,990,2,2,0,"1.569237",1,"../code-selection/mixedcode_benchmarks/starcoder2-15b-instruct-v0.1/type07_170/mixed_code_002.json","../code-selection/mixedcode_benchmarks/starcoder2-15b-instruct-v0.1/type07_170/mixed_code_002.py"
"type07_170",170,2,"mixed_code_002.py",4,"agc_mixed_002_04","AGC",1,1,1266,"line1266_lm",165,38,164,4098,4513,415,1069,1233,2,2,0,"1.578612",1,"../code-selection/mixedcode_benchmarks/starcoder2-15b-instruct-v0.1/type07_170/mixed_code_002.json","../code-selection/mixedcode_benchmarks/starcoder2-15b-instruct-v0.1/type07_170/mixed_code_002.py"
"type07_170",170,2,"mixed_code_002.py",5,"hwc_mixed_002_05","HWC",0,0,4437,"line4437_human",163,70,162,5280,6142,862,1422,1584,2,2,0,"1.181391",0,"../code-selection/mixedcode_benchmarks/starcoder2-15b-instruct-v0.1/type07_170/mixed_code_002.json","../code-selection/mixedcode_benchmarks/starcoder2-15b-instruct-v0.1/type07_170/mixed_code_002.py"
"type07_170",170,2,"mixed_code_002.py",6,"hwc_mixed_002_06","HWC",0,0,4111,"line4111_human",166,40,165,6891,7498,607,1830,1995,2,2,0,"1.301957",0,"../code-selection/mixedcode_benchmarks/starcoder2-15b-instruct-v0.1/type07_170/mixed_code_002.json","../code-selection/mixedcode_benchmarks/starcoder2-15b-instruct-v0.1/type07_170/mixed_code_002.py"
"type07_170",170,3,"mixed_code_003.py",1,"hwc_mixed_003_01","HWC",0,0,3833,"line3833_human",163,47,162,246,865,619,68,230,2,2,0,"1.239779",0,"../code-selection/mixedcode_benchmarks/starcoder2-15b-instruct-v0.1/type07_170/mixed_code_003.json","../code-selection/mixedcode_benchmarks/starcoder2-15b-instruct-v0.1/type07_170/mixed_code_003.py"
"type07_170",170,3,"mixed_code_003.py",2,"agc_mixed_003_02","AGC",1,1,4439,"line4439_lm",161,45,160,1444,2088,644,357,517,2,2,0,"1.598294",1,"../code-selection/mixedcode_benchmarks/starcoder2-15b-instruct-v0.1/type07_170/mixed_code_003.json","../code-selection/mixedcode_benchmarks/starcoder2-15b-instruct-v0.1/type07_170/mixed_code_003.py"
"type07_170",170,3,"mixed_code_003.py",3,"hwc_mixed_003_03","HWC",0,0,1065,"line1065_human",167,56,166,2281,2817,536,548,714,2,2,0,"1.414148",0,"../code-selection/mixedcode_benchmarks/starcoder2-15b-instruct-v0.1/type07_170/mixed_code_003.json","../code-selection/mixedcode_benchmarks/starcoder2-15b-instruct-v0.1/type07_170/mixed_code_003.py"
"type07_170",170,3,"mixed_code_003.py",4,"agc_mixed_003_04","AGC",1,1,1172,"line1172_lm",168,51,167,3046,3577,531,750,917,2,2,0,"1.509141",1,"../code-selection/mixedcode_benchmarks/starcoder2-15b-instruct-v0.1/type07_170/mixed_code_003.json","../code-selection/mixedcode_benchmarks/starcoder2-15b-instruct-v0.1/type07_170/mixed_code_003.py"
"type07_170",170,3,"mixed_code_003.py",5,"agc_mixed_003_05","AGC",1,1,4697,"line4697_lm",164,31,163,3726,4312,586,962,1125,2,2,0,"1.664638",1,"../code-selection/mixedcode_benchmarks/starcoder2-15b-instruct-v0.1/type07_170/mixed_code_003.json","../code-selection/mixedcode_benchmarks/starcoder2-15b-instruct-v0.1/type07_170/mixed_code_003.py"
"type07_170",170,3,"mixed_code_003.py",6,"hwc_mixed_003_06","HWC",0,0,1426,"line1426_human",161,64,160,4542,5273,731,1170,1330,2,2,0,"1.308045",0,"../code-selection/mixedcode_benchmarks/starcoder2-15b-instruct-v0.1/type07_170/mixed_code_003.json","../code-selection/mixedcode_benchmarks/starcoder2-15b-instruct-v0.1/type07_170/mixed_code_003.py"
"type07_170",170,4,"mixed_code_004.py",1,"agc_mixed_004_01","AGC",1,1,2493,"line2493_lm",167,69,166,901,1540,639,219,385,2,2,0,"1.639182",1,"../code-selection/mixedcode_benchmarks/starcoder2-15b-instruct-v0.1/type07_170/mixed_code_004.json","../code-selection/mixedcode_benchmarks/starcoder2-15b-instruct-v0.1/type07_170/mixed_code_004.py"
"type07_170",170,4,"mixed_code_004.py",2,"hwc_mixed_004_02","HWC",0,0,3739,"line3739_human",167,106,166,1789,2664,875,440,606,2,2,0,"1.517038",1,"../code-selection/mixedcode_benchmarks/starcoder2-15b-instruct-v0.1/type07_170/mixed_code_004.json","../code-selection/mixedcode_benchmarks/starcoder2-15b-instruct-v0.1/type07_170/mixed_code_004.py"
"type07_170",170,4,"mixed_code_004.py",3,"agc_mixed_004_03","AGC",1,1,2317,"line2317_lm",165,33,164,3563,3938,375,901,1065,2,2,0,"1.753858",1,"../code-selection/mixedcode_benchmarks/starcoder2-15b-instruct-v0.1/type07_170/mixed_code_004.json","../code-selection/mixedcode_benchmarks/starcoder2-15b-instruct-v0.1/type07_170/mixed_code_004.py"
"type07_170",170,4,"mixed_code_004.py",4,"agc_mixed_004_04","AGC",1,1,1669,"line1669_lm",166,28,165,4100,4526,426,1107,1272,2,2,0,"1.345321",0,"../code-selection/mixedcode_benchmarks/starcoder2-15b-instruct-v0.1/type07_170/mixed_code_004.json","../code-selection/mixedcode_benchmarks/starcoder2-15b-instruct-v0.1/type07_170/mixed_code_004.py"
"type07_170",170,4,"mixed_code_004.py",5,"hwc_mixed_004_05","HWC",0,0,1222,"line1222_human",169,38,168,4774,5290,516,1320,1488,2,2,0,"1.277727",0,"../code-selection/mixedcode_benchmarks/starcoder2-15b-instruct-v0.1/type07_170/mixed_code_004.json","../code-selection/mixedcode_benchmarks/starcoder2-15b-instruct-v0.1/type07_170/mixed_code_004.py"
"type07_170",170,4,"mixed_code_004.py",6,"hwc_mixed_004_06","HWC",0,0,3769,"line3769_human",162,43,161,5617,6201,584,1572,1733,2,2,0,"1.496756",1,"../code-selection/mixedcode_benchmarks/starcoder2-15b-instruct-v0.1/type07_170/mixed_code_004.json","../code-selection/mixedcode_benchmarks/starcoder2-15b-instruct-v0.1/type07_170/mixed_code_004.py"
"type07_170",170,5,"mixed_code_005.py",1,"hwc_mixed_005_01","HWC",0,0,3452,"line3452_human",164,35,163,594,1108,514,138,301,2,2,0,"1.367793",0,"../code-selection/mixedcode_benchmarks/starcoder2-15b-instruct-v0.1/type07_170/mixed_code_005.json","../code-selection/mixedcode_benchmarks/starcoder2-15b-instruct-v0.1/type07_170/mixed_code_005.py"
"type07_170",170,5,"mixed_code_005.py",2,"agc_mixed_005_02","AGC",1,1,4672,"line4672_lm",164,42,163,1530,1957,427,438,601,2,2,0,"1.641775",1,"../code-selection/mixedcode_benchmarks/starcoder2-15b-instruct-v0.1/type07_170/mixed_code_005.json","../code-selection/mixedcode_benchmarks/starcoder2-15b-instruct-v0.1/type07_170/mixed_code_005.py"
"type07_170",170,5,"mixed_code_005.py",3,"hwc_mixed_005_03","HWC",0,0,2364,"line2364_human",165,34,164,2133,2648,515,638,802,2,2,0,"1.251831",0,"../code-selection/mixedcode_benchmarks/starcoder2-15b-instruct-v0.1/type07_170/mixed_code_005.json","../code-selection/mixedcode_benchmarks/starcoder2-15b-instruct-v0.1/type07_170/mixed_code_005.py"
"type07_170",170,5,"mixed_code_005.py",4,"hwc_mixed_005_04","HWC",0,0,2938,"line2938_human",166,46,165,2901,3606,705,859,1024,2,2,0,"1.221786",0,"../code-selection/mixedcode_benchmarks/starcoder2-15b-instruct-v0.1/type07_170/mixed_code_005.json","../code-selection/mixedcode_benchmarks/starcoder2-15b-instruct-v0.1/type07_170/mixed_code_005.py"
"type07_170",170,5,"mixed_code_005.py",5,"agc_mixed_005_05","AGC",1,1,1054,"line1054_lm",167,18,166,3879,4221,342,1079,1245,2,2,0,"1.524000",1,"../code-selection/mixedcode_benchmarks/starcoder2-15b-instruct-v0.1/type07_170/mixed_code_005.json","../code-selection/mixedcode_benchmarks/starcoder2-15b-instruct-v0.1/type07_170/mixed_code_005.py"
"type07_170",170,5,"mixed_code_005.py",6,"agc_mixed_005_06","AGC",1,1,1321,"line1321_lm",169,53,168,4851,5389,538,1408,1576,2,2,0,"1.511395",1,"../code-selection/mixedcode_benchmarks/starcoder2-15b-instruct-v0.1/type07_170/mixed_code_005.json","../code-selection/mixedcode_benchmarks/starcoder2-15b-instruct-v0.1/type07_170/mixed_code_005.py"
"type08_180",180,1,"mixed_code_001.py",1,"agc_mixed_001_01","AGC",1,1,1047,"line1047_lm",171,23,170,271,694,423,75,245,2,2,0,"1.450284",1,"../code-selection/mixedcode_benchmarks/starcoder2-15b-instruct-v0.1/type08_180/mixed_code_001.json","../code-selection/mixedcode_benchmarks/starcoder2-15b-instruct-v0.1/type08_180/mixed_code_001.py"
"type08_180",180,1,"mixed_code_001.py",2,"agc_mixed_001_02","AGC",1,1,2084,"line2084_lm",171,22,170,771,1177,406,259,429,2,2,0,"1.729079",1,"../code-selection/mixedcode_benchmarks/starcoder2-15b-instruct-v0.1/type08_180/mixed_code_001.json","../code-selection/mixedcode_benchmarks/starcoder2-15b-instruct-v0.1/type08_180/mixed_code_001.py"
"type08_180",180,1,"mixed_code_001.py",3,"hwc_mixed_001_03","HWC",0,0,1582,"line1582_human",172,42,171,1756,2297,541,613,784,2,2,0,"1.394595",0,"../code-selection/mixedcode_benchmarks/starcoder2-15b-instruct-v0.1/type08_180/mixed_code_001.json","../code-selection/mixedcode_benchmarks/starcoder2-15b-instruct-v0.1/type08_180/mixed_code_001.py"
"type08_180",180,1,"mixed_code_001.py",4,"agc_mixed_001_04","AGC",1,1,4718,"line4718_lm",173,50,172,3247,3664,417,1079,1251,2,2,0,"1.554424",1,"../code-selection/mixedcode_benchmarks/starcoder2-15b-instruct-v0.1/type08_180/mixed_code_001.json","../code-selection/mixedcode_benchmarks/starcoder2-15b-instruct-v0.1/type08_180/mixed_code_001.py"
"type08_180",180,1,"mixed_code_001.py",5,"hwc_mixed_001_05","HWC",0,0,462,"line462_human",179,80,178,3796,4428,632,1275,1453,2,2,0,"1.257092",0,"../code-selection/mixedcode_benchmarks/starcoder2-15b-instruct-v0.1/type08_180/mixed_code_001.json","../code-selection/mixedcode_benchmarks/starcoder2-15b-instruct-v0.1/type08_180/mixed_code_001.py"
"type08_180",180,1,"mixed_code_001.py",6,"hwc_mixed_001_06","HWC",0,0,3966,"line3966_human",173,56,172,4987,5793,806,1599,1771,2,2,0,"1.237453",0,"../code-selection/mixedcode_benchmarks/starcoder2-15b-instruct-v0.1/type08_180/mixed_code_001.json","../code-selection/mixedcode_benchmarks/starcoder2-15b-instruct-v0.1/type08_180/mixed_code_001.py"
"type08_180",180,2,"mixed_code_002.py",1,"agc_mixed_002_01","AGC",1,1,4437,"line4437_lm",173,25,172,765,1230,465,189,361,2,2,0,"1.432327",0,"../code-selection/mixedcode_benchmarks/starcoder2-15b-instruct-v0.1/type08_180/mixed_code_002.json","../code-selection/mixedcode_benchmarks/starcoder2-15b-instruct-v0.1/type08_180/mixed_code_002.py"
"type08_180",180,2,"mixed_code_002.py",2,"hwc_mixed_002_02","HWC",0,0,645,"line645_human",176,52,175,1350,2010,660,382,557,2,2,0,"1.351298",0,"../code-selection/mixedcode_benchmarks/starcoder2-15b-instruct-v0.1/type08_180/mixed_code_002.json","../code-selection/mixedcode_benchmarks/starcoder2-15b-instruct-v0.1/type08_180/mixed_code_002.py"
"type08_180",180,2,"mixed_code_002.py",3,"agc_mixed_002_03","AGC",1,1,256,"line256_lm",177,70,176,2233,2816,583,613,789,2,2,0,"1.753753",1,"../code-selection/mixedcode_benchmarks/starcoder2-15b-instruct-v0.1/type08_180/mixed_code_002.json","../code-selection/mixedcode_benchmarks/starcoder2-15b-instruct-v0.1/type08_180/mixed_code_002.py"
"type08_180",180,2,"mixed_code_002.py",4,"hwc_mixed_002_04","HWC",0,0,1830,"line1830_human",174,27,173,2938,3281,343,816,989,2,2,0,"1.267817",0,"../code-selection/mixedcode_benchmarks/starcoder2-15b-instruct-v0.1/type08_180/mixed_code_002.json","../code-selection/mixedcode_benchmarks/starcoder2-15b-instruct-v0.1/type08_180/mixed_code_002.py"
"type08_180",180,2,"mixed_code_002.py",5,"hwc_mixed_002_05","HWC",0,0,4789,"line4789_human",178,76,177,3365,4042,677,1004,1181,2,2,0,"1.148452",0,"../code-selection/mixedcode_benchmarks/starcoder2-15b-instruct-v0.1/type08_180/mixed_code_002.json","../code-selection/mixedcode_benchmarks/starcoder2-15b-instruct-v0.1/type08_180/mixed_code_002.py"
"type08_180",180,2,"mixed_code_002.py",6,"agc_mixed_002_06","AGC",1,1,2516,"line2516_lm",177,31,176,4137,4553,416,1197,1373,2,2,0,"1.728578",1,"../code-selection/mixedcode_benchmarks/starcoder2-15b-instruct-v0.1/type08_180/mixed_code_002.json","../code-selection/mixedcode_benchmarks/starcoder2-15b-instruct-v0.1/type08_180/mixed_code_002.py"
"type08_180",180,3,"mixed_code_003.py",1,"agc_mixed_003_01","AGC",1,1,2581,"line2581_lm",175,71,174,128,923,795,21,195,2,2,0,"1.883186",1,"../code-selection/mixedcode_benchmarks/starcoder2-15b-instruct-v0.1/type08_180/mixed_code_003.json","../code-selection/mixedcode_benchmarks/starcoder2-15b-instruct-v0.1/type08_180/mixed_code_003.py"
"type08_180",180,3,"mixed_code_003.py",2,"agc_mixed_003_02","AGC",1,1,1508,"line1508_lm",174,93,173,1416,2197,781,303,476,2,2,0,"1.887584",1,"../code-selection/mixedcode_benchmarks/starcoder2-15b-instruct-v0.1/type08_180/mixed_code_003.json","../code-selection/mixedcode_benchmarks/starcoder2-15b-instruct-v0.1/type08_180/mixed_code_003.py"
"type08_180",180,3,"mixed_code_003.py",3,"hwc_mixed_003_03","HWC",0,0,1275,"line1275_human",177,52,176,2296,2991,695,500,676,2,2,0,"1.236722",0,"../code-selection/mixedcode_benchmarks/starcoder2-15b-instruct-v0.1/type08_180/mixed_code_003.json","../code-selection/mixedcode_benchmarks/starcoder2-15b-instruct-v0.1/type08_180/mixed_code_003.py"
"type08_180",180,3,"mixed_code_003.py",4,"agc_mixed_003_04","AGC",1,1,3375,"line3375_lm",178,19,177,3416,3796,380,792,969,2,2,0,"1.358843",0,"../code-selection/mixedcode_benchmarks/starcoder2-15b-instruct-v0.1/type08_180/mixed_code_003.json","../code-selection/mixedcode_benchmarks/starcoder2-15b-instruct-v0.1/type08_180/mixed_code_003.py"
"type08_180",180,3,"mixed_code_003.py",5,"hwc_mixed_003_05","HWC",0,0,4501,"line4501_human",179,30,178,4016,4446,430,1033,1211,2,2,0,"1.419476",0,"../code-selection/mixedcode_benchmarks/starcoder2-15b-instruct-v0.1/type08_180/mixed_code_003.json","../code-selection/mixedcode_benchmarks/starcoder2-15b-instruct-v0.1/type08_180/mixed_code_003.py"
"type08_180",180,3,"mixed_code_003.py",6,"hwc_mixed_003_06","HWC",0,0,788,"line788_human",174,29,173,4565,4992,427,1244,1417,2,2,0,"1.386317",0,"../code-selection/mixedcode_benchmarks/starcoder2-15b-instruct-v0.1/type08_180/mixed_code_003.json","../code-selection/mixedcode_benchmarks/starcoder2-15b-instruct-v0.1/type08_180/mixed_code_003.py"
"type08_180",180,4,"mixed_code_004.py",1,"agc_mixed_004_01","AGC",1,1,3155,"line3155_lm",178,33,177,1343,1879,536,345,522,2,2,0,"1.385279",0,"../code-selection/mixedcode_benchmarks/starcoder2-15b-instruct-v0.1/type08_180/mixed_code_004.json","../code-selection/mixedcode_benchmarks/starcoder2-15b-instruct-v0.1/type08_180/mixed_code_004.py"
"type08_180",180,4,"mixed_code_004.py",2,"hwc_mixed_004_02","HWC",0,0,3657,"line3657_human",179,39,178,2036,2616,580,560,738,2,2,0,"1.221632",0,"../code-selection/mixedcode_benchmarks/starcoder2-15b-instruct-v0.1/type08_180/mixed_code_004.json","../code-selection/mixedcode_benchmarks/starcoder2-15b-instruct-v0.1/type08_180/mixed_code_004.py"
"type08_180",180,4,"mixed_code_004.py",3,"hwc_mixed_004_03","HWC",0,0,810,"line810_human",172,35,171,2757,3259,502,779,950,2,2,0,"1.536436",1,"../code-selection/mixedcode_benchmarks/starcoder2-15b-instruct-v0.1/type08_180/mixed_code_004.json","../code-selection/mixedcode_benchmarks/starcoder2-15b-instruct-v0.1/type08_180/mixed_code_004.py"
"type08_180",180,4,"mixed_code_004.py",4,"agc_mixed_004_04","AGC",1,1,3050,"line3050_lm",175,30,174,3667,4260,593,1030,1204,2,2,0,"1.532040",1,"../code-selection/mixedcode_benchmarks/starcoder2-15b-instruct-v0.1/type08_180/mixed_code_004.json","../code-selection/mixedcode_benchmarks/starcoder2-15b-instruct-v0.1/type08_180/mixed_code_004.py"
"type08_180",180,4,"mixed_code_004.py",5,"agc_mixed_004_05","AGC",1,1,652,"line652_lm",174,62,173,4919,5674,755,1319,1492,2,2,0,"1.467682",1,"../code-selection/mixedcode_benchmarks/starcoder2-15b-instruct-v0.1/type08_180/mixed_code_004.json","../code-selection/mixedcode_benchmarks/starcoder2-15b-instruct-v0.1/type08_180/mixed_code_004.py"
"type08_180",180,4,"mixed_code_004.py",6,"hwc_mixed_004_06","HWC",0,0,1716,"line1716_human",179,48,178,5830,6274,444,1531,1709,2,2,0,"1.518130",1,"../code-selection/mixedcode_benchmarks/starcoder2-15b-instruct-v0.1/type08_180/mixed_code_004.json","../code-selection/mixedcode_benchmarks/starcoder2-15b-instruct-v0.1/type08_180/mixed_code_004.py"
"type08_180",180,5,"mixed_code_005.py",1,"hwc_mixed_005_01","HWC",0,0,4215,"line4215_human",178,58,177,387,977,590,153,330,2,2,0,"1.247103",0,"../code-selection/mixedcode_benchmarks/starcoder2-15b-instruct-v0.1/type08_180/mixed_code_005.json","../code-selection/mixedcode_benchmarks/starcoder2-15b-instruct-v0.1/type08_180/mixed_code_005.py"
"type08_180",180,5,"mixed_code_005.py",2,"agc_mixed_005_02","AGC",1,1,952,"line952_lm",180,37,179,1363,1819,456,447,626,2,2,0,"1.521292",1,"../code-selection/mixedcode_benchmarks/starcoder2-15b-instruct-v0.1/type08_180/mixed_code_005.json","../code-selection/mixedcode_benchmarks/starcoder2-15b-instruct-v0.1/type08_180/mixed_code_005.py"
"type08_180",180,5,"mixed_code_005.py",3,"agc_mixed_005_03","AGC",1,1,2263,"line2263_lm",173,85,172,2431,4101,1670,743,915,2,2,0,"1.734785",1,"../code-selection/mixedcode_benchmarks/starcoder2-15b-instruct-v0.1/type08_180/mixed_code_005.json","../code-selection/mixedcode_benchmarks/starcoder2-15b-instruct-v0.1/type08_180/mixed_code_005.py"
"type08_180",180,5,"mixed_code_005.py",4,"agc_mixed_005_04","AGC",1,1,3529,"line3529_lm",173,44,172,4236,4617,381,946,1118,2,2,0,"1.904505",1,"../code-selection/mixedcode_benchmarks/starcoder2-15b-instruct-v0.1/type08_180/mixed_code_005.json","../code-selection/mixedcode_benchmarks/starcoder2-15b-instruct-v0.1/type08_180/mixed_code_005.py"
"type08_180",180,5,"mixed_code_005.py",5,"hwc_mixed_005_05","HWC",0,0,819,"line819_human",171,66,170,4847,5412,565,1158,1328,2,2,0,"1.508778",1,"../code-selection/mixedcode_benchmarks/starcoder2-15b-instruct-v0.1/type08_180/mixed_code_005.json","../code-selection/mixedcode_benchmarks/starcoder2-15b-instruct-v0.1/type08_180/mixed_code_005.py"
"type08_180",180,5,"mixed_code_005.py",6,"hwc_mixed_005_06","HWC",0,0,4357,"line4357_human",180,47,179,5512,6095,583,1348,1527,2,2,0,"1.527392",1,"../code-selection/mixedcode_benchmarks/starcoder2-15b-instruct-v0.1/type08_180/mixed_code_005.json","../code-selection/mixedcode_benchmarks/starcoder2-15b-instruct-v0.1/type08_180/mixed_code_005.py"
"type09_190",190,1,"mixed_code_001.py",1,"hwc_mixed_001_01","HWC",0,0,4408,"line4408_human",190,42,189,578,1075,497,149,338,2,2,0,"1.320532",0,"../code-selection/mixedcode_benchmarks/starcoder2-15b-instruct-v0.1/type09_190/mixed_code_001.json","../code-selection/mixedcode_benchmarks/starcoder2-15b-instruct-v0.1/type09_190/mixed_code_001.py"
"type09_190",190,1,"mixed_code_001.py",2,"hwc_mixed_001_02","HWC",0,0,1107,"line1107_human",187,46,186,1152,1701,549,356,542,2,2,0,"1.526110",1,"../code-selection/mixedcode_benchmarks/starcoder2-15b-instruct-v0.1/type09_190/mixed_code_001.json","../code-selection/mixedcode_benchmarks/starcoder2-15b-instruct-v0.1/type09_190/mixed_code_001.py"
"type09_190",190,1,"mixed_code_001.py",3,"agc_mixed_001_03","AGC",1,1,5019,"line5019_lm",186,57,185,1888,2422,534,581,766,2,2,0,"1.724260",1,"../code-selection/mixedcode_benchmarks/starcoder2-15b-instruct-v0.1/type09_190/mixed_code_001.json","../code-selection/mixedcode_benchmarks/starcoder2-15b-instruct-v0.1/type09_190/mixed_code_001.py"
"type09_190",190,1,"mixed_code_001.py",4,"agc_mixed_001_04","AGC",1,1,1610,"line1610_lm",184,47,183,2872,3667,795,895,1078,2,2,0,"1.340152",0,"../code-selection/mixedcode_benchmarks/starcoder2-15b-instruct-v0.1/type09_190/mixed_code_001.json","../code-selection/mixedcode_benchmarks/starcoder2-15b-instruct-v0.1/type09_190/mixed_code_001.py"
"type09_190",190,1,"mixed_code_001.py",5,"hwc_mixed_001_05","HWC",0,0,206,"line206_human",190,31,189,3771,4269,498,1109,1298,2,2,0,"1.325597",0,"../code-selection/mixedcode_benchmarks/starcoder2-15b-instruct-v0.1/type09_190/mixed_code_001.json","../code-selection/mixedcode_benchmarks/starcoder2-15b-instruct-v0.1/type09_190/mixed_code_001.py"
"type09_190",190,1,"mixed_code_001.py",6,"agc_mixed_001_06","AGC",1,1,2540,"line2540_lm",182,67,181,4447,5135,688,1331,1512,2,2,0,"1.722271",1,"../code-selection/mixedcode_benchmarks/starcoder2-15b-instruct-v0.1/type09_190/mixed_code_001.json","../code-selection/mixedcode_benchmarks/starcoder2-15b-instruct-v0.1/type09_190/mixed_code_001.py"
"type09_190",190,2,"mixed_code_002.py",1,"agc_mixed_002_01","AGC",1,1,3429,"line3429_lm",184,54,183,407,1144,737,141,324,2,2,0,"1.290665",0,"../code-selection/mixedcode_benchmarks/starcoder2-15b-instruct-v0.1/type09_190/mixed_code_002.json","../code-selection/mixedcode_benchmarks/starcoder2-15b-instruct-v0.1/type09_190/mixed_code_002.py"
"type09_190",190,2,"mixed_code_002.py",2,"hwc_mixed_002_02","HWC",0,0,887,"line887_human",182,18,181,1543,1960,417,446,627,2,2,0,"1.144307",0,"../code-selection/mixedcode_benchmarks/starcoder2-15b-instruct-v0.1/type09_190/mixed_code_002.json","../code-selection/mixedcode_benchmarks/starcoder2-15b-instruct-v0.1/type09_190/mixed_code_002.py"
"type09_190",190,2,"mixed_code_002.py",3,"agc_mixed_002_03","AGC",1,1,3746,"line3746_lm",181,102,180,2065,3056,991,645,825,2,2,0,"2.217910",1,"../code-selection/mixedcode_benchmarks/starcoder2-15b-instruct-v0.1/type09_190/mixed_code_002.json","../code-selection/mixedcode_benchmarks/starcoder2-15b-instruct-v0.1/type09_190/mixed_code_002.py"
"type09_190",190,2,"mixed_code_002.py",4,"hwc_mixed_002_04","HWC",0,0,3376,"line3376_human",181,40,180,3286,4024,738,866,1046,2,2,0,"1.577145",1,"../code-selection/mixedcode_benchmarks/starcoder2-15b-instruct-v0.1/type09_190/mixed_code_002.json","../code-selection/mixedcode_benchmarks/starcoder2-15b-instruct-v0.1/type09_190/mixed_code_002.py"
"type09_190",190,2,"mixed_code_002.py",5,"agc_mixed_002_05","AGC",1,1,2049,"line2049_lm",188,46,187,4297,4852,555,1110,1297,2,2,0,"1.617772",1,"../code-selection/mixedcode_benchmarks/starcoder2-15b-instruct-v0.1/type09_190/mixed_code_002.json","../code-selection/mixedcode_benchmarks/starcoder2-15b-instruct-v0.1/type09_190/mixed_code_002.py"
"type09_190",190,2,"mixed_code_002.py",6,"hwc_mixed_002_06","HWC",0,0,2763,"line2763_human",190,58,189,5176,5764,588,1383,1572,2,2,0,"1.416675",0,"../code-selection/mixedcode_benchmarks/starcoder2-15b-instruct-v0.1/type09_190/mixed_code_002.json","../code-selection/mixedcode_benchmarks/starcoder2-15b-instruct-v0.1/type09_190/mixed_code_002.py"
"type09_190",190,3,"mixed_code_003.py",1,"agc_mixed_003_01","AGC",1,1,2752,"line2752_lm",187,35,186,109,541,432,16,202,2,2,0,"1.593049",1,"../code-selection/mixedcode_benchmarks/starcoder2-15b-instruct-v0.1/type09_190/mixed_code_003.json","../code-selection/mixedcode_benchmarks/starcoder2-15b-instruct-v0.1/type09_190/mixed_code_003.py"
"type09_190",190,3,"mixed_code_003.py",2,"hwc_mixed_003_02","HWC",0,0,3341,"line3341_human",188,36,187,735,1224,489,251,438,2,2,0,"1.246836",0,"../code-selection/mixedcode_benchmarks/starcoder2-15b-instruct-v0.1/type09_190/mixed_code_003.json","../code-selection/mixedcode_benchmarks/starcoder2-15b-instruct-v0.1/type09_190/mixed_code_003.py"
"type09_190",190,3,"mixed_code_003.py",3,"hwc_mixed_003_03","HWC",0,0,4156,"line4156_human",184,80,183,1589,2258,669,541,724,2,2,0,"2.048467",1,"../code-selection/mixedcode_benchmarks/starcoder2-15b-instruct-v0.1/type09_190/mixed_code_003.json","../code-selection/mixedcode_benchmarks/starcoder2-15b-instruct-v0.1/type09_190/mixed_code_003.py"
"type09_190",190,3,"mixed_code_003.py",4,"agc_mixed_003_04","AGC",1,1,4514,"line4514_lm",183,41,182,2783,3322,539,863,1045,2,2,0,"1.631673",1,"../code-selection/mixedcode_benchmarks/starcoder2-15b-instruct-v0.1/type09_190/mixed_code_003.json","../code-selection/mixedcode_benchmarks/starcoder2-15b-instruct-v0.1/type09_190/mixed_code_003.py"
"type09_190",190,3,"mixed_code_003.py",5,"agc_mixed_003_05","AGC",1,1,2993,"line2993_lm",186,42,185,3621,4020,399,1114,1299,2,2,0,"1.759573",1,"../code-selection/mixedcode_benchmarks/starcoder2-15b-instruct-v0.1/type09_190/mixed_code_003.json","../code-selection/mixedcode_benchmarks/starcoder2-15b-instruct-v0.1/type09_190/mixed_code_003.py"
"type09_190",190,3,"mixed_code_003.py",6,"hwc_mixed_003_06","HWC",0,0,447,"line447_human",182,84,181,4268,5008,740,1352,1533,2,2,0,"1.476214",1,"../code-selection/mixedcode_benchmarks/starcoder2-15b-instruct-v0.1/type09_190/mixed_code_003.json","../code-selection/mixedcode_benchmarks/starcoder2-15b-instruct-v0.1/type09_190/mixed_code_003.py"
"type09_190",190,4,"mixed_code_004.py",1,"agc_mixed_004_01","AGC",1,1,2132,"line2132_lm",182,79,181,116,848,732,19,200,2,2,0,"1.744691",1,"../code-selection/mixedcode_benchmarks/starcoder2-15b-instruct-v0.1/type09_190/mixed_code_004.json","../code-selection/mixedcode_benchmarks/starcoder2-15b-instruct-v0.1/type09_190/mixed_code_004.py"
"type09_190",190,4,"mixed_code_004.py",2,"agc_mixed_004_02","AGC",1,1,3356,"line3356_lm",187,121,186,932,1455,523,211,397,2,2,0,"2.681008",1,"../code-selection/mixedcode_benchmarks/starcoder2-15b-instruct-v0.1/type09_190/mixed_code_004.json","../code-selection/mixedcode_benchmarks/starcoder2-15b-instruct-v0.1/type09_190/mixed_code_004.py"
"type09_190",190,4,"mixed_code_004.py",3,"agc_mixed_004_03","AGC",1,1,2349,"line2349_lm",181,58,180,1880,2620,740,519,699,2,2,0,"1.451443",1,"../code-selection/mixedcode_benchmarks/starcoder2-15b-instruct-v0.1/type09_190/mixed_code_004.json","../code-selection/mixedcode_benchmarks/starcoder2-15b-instruct-v0.1/type09_190/mixed_code_004.py"
"type09_190",190,4,"mixed_code_004.py",4,"hwc_mixed_004_04","HWC",0,0,2474,"line2474_human",189,36,188,2739,3146,407,733,921,2,2,0,"1.469571",1,"../code-selection/mixedcode_benchmarks/starcoder2-15b-instruct-v0.1/type09_190/mixed_code_004.json","../code-selection/mixedcode_benchmarks/starcoder2-15b-instruct-v0.1/type09_190/mixed_code_004.py"
"type09_190",190,4,"mixed_code_004.py",5,"hwc_mixed_004_05","HWC",0,0,979,"line979_human",187,61,186,3511,4098,587,1012,1198,2,2,0,"1.324993",0,"../code-selection/mixedcode_benchmarks/starcoder2-15b-instruct-v0.1/type09_190/mixed_code_004.json","../code-selection/mixedcode_benchmarks/starcoder2-15b-instruct-v0.1/type09_190/mixed_code_004.py"
"type09_190",190,4,"mixed_code_004.py",6,"hwc_mixed_004_06","HWC",0,0,778,"line778_human",184,63,183,4242,4826,584,1221,1404,2,2,0,"1.385908",0,"../code-selection/mixedcode_benchmarks/starcoder2-15b-instruct-v0.1/type09_190/mixed_code_004.json","../code-selection/mixedcode_benchmarks/starcoder2-15b-instruct-v0.1/type09_190/mixed_code_004.py"
"type09_190",190,5,"mixed_code_005.py",1,"hwc_mixed_005_01","HWC",0,0,3367,"line3367_human",185,37,184,503,1062,559,164,348,2,2,0,"1.318135",0,"../code-selection/mixedcode_benchmarks/starcoder2-15b-instruct-v0.1/type09_190/mixed_code_005.json","../code-selection/mixedcode_benchmarks/starcoder2-15b-instruct-v0.1/type09_190/mixed_code_005.py"
"type09_190",190,5,"mixed_code_005.py",2,"agc_mixed_005_02","AGC",1,1,1547,"line1547_lm",185,79,184,1638,2154,516,482,666,2,2,0,"1.903502",1,"../code-selection/mixedcode_benchmarks/starcoder2-15b-instruct-v0.1/type09_190/mixed_code_005.json","../code-selection/mixedcode_benchmarks/starcoder2-15b-instruct-v0.1/type09_190/mixed_code_005.py"
"type09_190",190,5,"mixed_code_005.py",3,"agc_mixed_005_03","AGC",1,1,4342,"line4342_lm",183,41,182,3058,3619,561,885,1067,2,2,0,"1.501393",1,"../code-selection/mixedcode_benchmarks/starcoder2-15b-instruct-v0.1/type09_190/mixed_code_005.json","../code-selection/mixedcode_benchmarks/starcoder2-15b-instruct-v0.1/type09_190/mixed_code_005.py"
"type09_190",190,5,"mixed_code_005.py",4,"hwc_mixed_005_04","HWC",0,0,4422,"line4422_human",186,35,185,3920,4348,428,1151,1336,2,2,0,"1.744884",1,"../code-selection/mixedcode_benchmarks/starcoder2-15b-instruct-v0.1/type09_190/mixed_code_005.json","../code-selection/mixedcode_benchmarks/starcoder2-15b-instruct-v0.1/type09_190/mixed_code_005.py"
"type09_190",190,5,"mixed_code_005.py",5,"hwc_mixed_005_05","HWC",0,0,2342,"line2342_human",184,36,183,4674,5244,570,1419,1602,2,2,0,"1.289803",0,"../code-selection/mixedcode_benchmarks/starcoder2-15b-instruct-v0.1/type09_190/mixed_code_005.json","../code-selection/mixedcode_benchmarks/starcoder2-15b-instruct-v0.1/type09_190/mixed_code_005.py"
"type09_190",190,5,"mixed_code_005.py",6,"agc_mixed_005_06","AGC",1,1,3548,"line3548_lm",187,29,186,5498,6025,527,1661,1847,2,2,0,"1.374870",0,"../code-selection/mixedcode_benchmarks/starcoder2-15b-instruct-v0.1/type09_190/mixed_code_005.json","../code-selection/mixedcode_benchmarks/starcoder2-15b-instruct-v0.1/type09_190/mixed_code_005.py"
"type10_200",200,1,"mixed_code_001.py",1,"agc_mixed_001_01","AGC",1,1,2023,"line2023_lm",200,32,199,1181,1634,453,524,723,2,2,0,"1.569137",1,"../code-selection/mixedcode_benchmarks/starcoder2-15b-instruct-v0.1/type10_200/mixed_code_001.json","../code-selection/mixedcode_benchmarks/starcoder2-15b-instruct-v0.1/type10_200/mixed_code_001.py"
"type10_200",200,1,"mixed_code_001.py",2,"hwc_mixed_001_02","HWC",0,0,2565,"line2565_human",198,64,197,1858,2453,595,772,969,2,2,0,"1.216141",0,"../code-selection/mixedcode_benchmarks/starcoder2-15b-instruct-v0.1/type10_200/mixed_code_001.json","../code-selection/mixedcode_benchmarks/starcoder2-15b-instruct-v0.1/type10_200/mixed_code_001.py"
"type10_200",200,1,"mixed_code_001.py",3,"hwc_mixed_001_03","HWC",0,0,2855,"line2855_human",196,84,195,2941,3593,652,1057,1252,2,2,0,"1.292941",0,"../code-selection/mixedcode_benchmarks/starcoder2-15b-instruct-v0.1/type10_200/mixed_code_001.json","../code-selection/mixedcode_benchmarks/starcoder2-15b-instruct-v0.1/type10_200/mixed_code_001.py"
"type10_200",200,1,"mixed_code_001.py",4,"agc_mixed_001_04","AGC",1,1,3771,"line3771_lm",191,32,190,4212,4850,638,1439,1629,2,2,0,"1.485935",1,"../code-selection/mixedcode_benchmarks/starcoder2-15b-instruct-v0.1/type10_200/mixed_code_001.json","../code-selection/mixedcode_benchmarks/starcoder2-15b-instruct-v0.1/type10_200/mixed_code_001.py"
"type10_200",200,1,"mixed_code_001.py",5,"agc_mixed_001_05","AGC",1,1,2948,"line2948_lm",195,45,194,4999,5503,504,1668,1862,2,2,0,"1.427011",0,"../code-selection/mixedcode_benchmarks/starcoder2-15b-instruct-v0.1/type10_200/mixed_code_001.json","../code-selection/mixedcode_benchmarks/starcoder2-15b-instruct-v0.1/type10_200/mixed_code_001.py"
"type10_200",200,1,"mixed_code_001.py",6,"hwc_mixed_001_06","HWC",0,0,421,"line421_human",196,77,195,5664,6302,638,1906,2101,2,2,0,"1.318691",0,"../code-selection/mixedcode_benchmarks/starcoder2-15b-instruct-v0.1/type10_200/mixed_code_001.json","../code-selection/mixedcode_benchmarks/starcoder2-15b-instruct-v0.1/type10_200/mixed_code_001.py"
"type10_200",200,2,"mixed_code_002.py",1,"agc_mixed_002_01","AGC",1,1,389,"line389_lm",194,54,193,112,662,550,17,210,2,2,0,"1.804956",1,"../code-selection/mixedcode_benchmarks/starcoder2-15b-instruct-v0.1/type10_200/mixed_code_002.json","../code-selection/mixedcode_benchmarks/starcoder2-15b-instruct-v0.1/type10_200/mixed_code_002.py"
"type10_200",200,2,"mixed_code_002.py",2,"hwc_mixed_002_02","HWC",0,0,2639,"line2639_human",199,54,198,2571,3302,731,737,935,2,2,0,"1.135307",0,"../code-selection/mixedcode_benchmarks/starcoder2-15b-instruct-v0.1/type10_200/mixed_code_002.json","../code-selection/mixedcode_benchmarks/starcoder2-15b-instruct-v0.1/type10_200/mixed_code_002.py"
"type10_200",200,2,"mixed_code_002.py",3,"hwc_mixed_002_03","HWC",0,0,523,"line523_human",193,58,192,3628,4218,590,1013,1205,2,2,0,"1.667106",1,"../code-selection/mixedcode_benchmarks/starcoder2-15b-instruct-v0.1/type10_200/mixed_code_002.json","../code-selection/mixedcode_benchmarks/starcoder2-15b-instruct-v0.1/type10_200/mixed_code_002.py"
"type10_200",200,2,"mixed_code_002.py",4,"hwc_mixed_002_04","HWC",0,0,724,"line724_human",197,84,196,4574,5471,897,1276,1472,2,2,0,"1.258580",0,"../code-selection/mixedcode_benchmarks/starcoder2-15b-instruct-v0.1/type10_200/mixed_code_002.json","../code-selection/mixedcode_benchmarks/starcoder2-15b-instruct-v0.1/type10_200/mixed_code_002.py"
"type10_200",200,2,"mixed_code_002.py",5,"agc_mixed_002_05","AGC",1,1,3955,"line3955_lm",197,39,196,5947,6463,516,1609,1805,2,2,0,"1.375135",0,"../code-selection/mixedcode_benchmarks/starcoder2-15b-instruct-v0.1/type10_200/mixed_code_002.json","../code-selection/mixedcode_benchmarks/starcoder2-15b-instruct-v0.1/type10_200/mixed_code_002.py"
"type10_200",200,2,"mixed_code_002.py",6,"agc_mixed_002_06","AGC",1,1,2403,"line2403_lm",193,56,192,7017,7611,594,1902,2094,2,2,0,"1.658711",1,"../code-selection/mixedcode_benchmarks/starcoder2-15b-instruct-v0.1/type10_200/mixed_code_002.json","../code-selection/mixedcode_benchmarks/starcoder2-15b-instruct-v0.1/type10_200/mixed_code_002.py"
"type10_200",200,3,"mixed_code_003.py",1,"agc_mixed_003_01","AGC",1,1,2286,"line2286_lm",196,47,195,679,1221,542,160,355,2,2,0,"1.326601",0,"../code-selection/mixedcode_benchmarks/starcoder2-15b-instruct-v0.1/type10_200/mixed_code_003.json","../code-selection/mixedcode_benchmarks/starcoder2-15b-instruct-v0.1/type10_200/mixed_code_003.py"
"type10_200",200,3,"mixed_code_003.py",2,"agc_mixed_003_02","AGC",1,1,1304,"line1304_lm",195,33,194,1386,1888,502,384,578,2,2,0,"1.565731",1,"../code-selection/mixedcode_benchmarks/starcoder2-15b-instruct-v0.1/type10_200/mixed_code_003.json","../code-selection/mixedcode_benchmarks/starcoder2-15b-instruct-v0.1/type10_200/mixed_code_003.py"
"type10_200",200,3,"mixed_code_003.py",3,"hwc_mixed_003_03","HWC",0,0,5027,"line5027_human",200,49,199,1975,2618,643,591,790,2,2,0,"1.349296",0,"../code-selection/mixedcode_benchmarks/starcoder2-15b-instruct-v0.1/type10_200/mixed_code_003.json","../code-selection/mixedcode_benchmarks/starcoder2-15b-instruct-v0.1/type10_200/mixed_code_003.py"
"type10_200",200,3,"mixed_code_003.py",4,"hwc_mixed_003_04","HWC",0,0,3455,"line3455_human",192,35,191,2723,3270,547,808,999,2,2,0,"1.240593",0,"../code-selection/mixedcode_benchmarks/starcoder2-15b-instruct-v0.1/type10_200/mixed_code_003.json","../code-selection/mixedcode_benchmarks/starcoder2-15b-instruct-v0.1/type10_200/mixed_code_003.py"
"type10_200",200,3,"mixed_code_003.py",5,"agc_mixed_003_05","AGC",1,1,1282,"line1282_lm",199,68,198,3980,4738,758,1231,1429,2,2,0,"1.407620",0,"../code-selection/mixedcode_benchmarks/starcoder2-15b-instruct-v0.1/type10_200/mixed_code_003.json","../code-selection/mixedcode_benchmarks/starcoder2-15b-instruct-v0.1/type10_200/mixed_code_003.py"
"type10_200",200,3,"mixed_code_003.py",6,"hwc_mixed_003_06","HWC",0,0,3565,"line3565_human",197,97,196,4780,5437,657,1434,1630,2,2,0,"1.306069",0,"../code-selection/mixedcode_benchmarks/starcoder2-15b-instruct-v0.1/type10_200/mixed_code_003.json","../code-selection/mixedcode_benchmarks/starcoder2-15b-instruct-v0.1/type10_200/mixed_code_003.py"
"type10_200",200,4,"mixed_code_004.py",1,"agc_mixed_004_01","AGC",1,1,3245,"line3245_lm",194,32,193,283,672,389,78,271,2,2,0,"1.501035",1,"../code-selection/mixedcode_benchmarks/starcoder2-15b-instruct-v0.1/type10_200/mixed_code_004.json","../code-selection/mixedcode_benchmarks/starcoder2-15b-instruct-v0.1/type10_200/mixed_code_004.py"
"type10_200",200,4,"mixed_code_004.py",2,"agc_mixed_004_02","AGC",1,1,4631,"line4631_lm",198,50,197,830,1638,808,296,493,2,2,0,"1.499840",1,"../code-selection/mixedcode_benchmarks/starcoder2-15b-instruct-v0.1/type10_200/mixed_code_004.json","../code-selection/mixedcode_benchmarks/starcoder2-15b-instruct-v0.1/type10_200/mixed_code_004.py"
"type10_200",200,4,"mixed_code_004.py",3,"hwc_mixed_004_03","HWC",0,0,4802,"line4802_human",192,25,191,2114,2638,524,604,795,2,2,0,"1.351350",0,"../code-selection/mixedcode_benchmarks/starcoder2-15b-instruct-v0.1/type10_200/mixed_code_004.json","../code-selection/mixedcode_benchmarks/starcoder2-15b-instruct-v0.1/type10_200/mixed_code_004.py"
"type10_200",200,4,"mixed_code_004.py",4,"hwc_mixed_004_04","HWC",0,0,2585,"line2585_human",194,55,193,3395,3970,575,1028,1221,2,2,0,"1.328888",0,"../code-selection/mixedcode_benchmarks/starcoder2-15b-instruct-v0.1/type10_200/mixed_code_004.json","../code-selection/mixedcode_benchmarks/starcoder2-15b-instruct-v0.1/type10_200/mixed_code_004.py"
"type10_200",200,4,"mixed_code_004.py",5,"agc_mixed_004_05","AGC",1,1,2345,"line2345_lm",195,27,194,4569,5063,494,1351,1545,2,2,0,"1.333349",0,"../code-selection/mixedcode_benchmarks/starcoder2-15b-instruct-v0.1/type10_200/mixed_code_004.json","../code-selection/mixedcode_benchmarks/starcoder2-15b-instruct-v0.1/type10_200/mixed_code_004.py"
"type10_200",200,4,"mixed_code_004.py",6,"hwc_mixed_004_06","HWC",0,0,1523,"line1523_human",194,56,193,5646,6342,696,1655,1848,2,2,0,"1.371310",0,"../code-selection/mixedcode_benchmarks/starcoder2-15b-instruct-v0.1/type10_200/mixed_code_004.json","../code-selection/mixedcode_benchmarks/starcoder2-15b-instruct-v0.1/type10_200/mixed_code_004.py"
"type10_200",200,5,"mixed_code_005.py",1,"agc_mixed_005_01","AGC",1,1,2782,"line2782_lm",192,37,191,2003,2570,567,731,922,2,2,0,"1.376691",0,"../code-selection/mixedcode_benchmarks/starcoder2-15b-instruct-v0.1/type10_200/mixed_code_005.json","../code-selection/mixedcode_benchmarks/starcoder2-15b-instruct-v0.1/type10_200/mixed_code_005.py"
"type10_200",200,5,"mixed_code_005.py",2,"agc_mixed_005_02","AGC",1,1,2666,"line2666_lm",198,52,197,2770,3389,619,966,1163,2,2,0,"1.768638",1,"../code-selection/mixedcode_benchmarks/starcoder2-15b-instruct-v0.1/type10_200/mixed_code_005.json","../code-selection/mixedcode_benchmarks/starcoder2-15b-instruct-v0.1/type10_200/mixed_code_005.py"
"type10_200",200,5,"mixed_code_005.py",3,"hwc_mixed_005_03","HWC",0,0,696,"line696_human",194,48,193,4065,4637,572,1318,1511,2,2,0,"1.397594",0,"../code-selection/mixedcode_benchmarks/starcoder2-15b-instruct-v0.1/type10_200/mixed_code_005.json","../code-selection/mixedcode_benchmarks/starcoder2-15b-instruct-v0.1/type10_200/mixed_code_005.py"
"type10_200",200,5,"mixed_code_005.py",4,"hwc_mixed_005_04","HWC",0,0,3049,"line3049_human",198,99,197,4808,5649,841,1566,1763,2,2,0,"1.234190",0,"../code-selection/mixedcode_benchmarks/starcoder2-15b-instruct-v0.1/type10_200/mixed_code_005.json","../code-selection/mixedcode_benchmarks/starcoder2-15b-instruct-v0.1/type10_200/mixed_code_005.py"
"type10_200",200,5,"mixed_code_005.py",5,"agc_mixed_005_05","AGC",1,1,2337,"line2337_lm",194,49,193,6464,7061,597,1933,2126,2,2,0,"1.374561",0,"../code-selection/mixedcode_benchmarks/starcoder2-15b-instruct-v0.1/type10_200/mixed_code_005.json","../code-selection/mixedcode_benchmarks/starcoder2-15b-instruct-v0.1/type10_200/mixed_code_005.py"
"type10_200",200,5,"mixed_code_005.py",6,"hwc_mixed_005_06","HWC",0,0,4823,"line4823_human",191,79,190,7322,8349,1027,2171,2361,2,2,0,"1.414624",0,"../code-selection/mixedcode_benchmarks/starcoder2-15b-instruct-v0.1/type10_200/mixed_code_005.json","../code-selection/mixedcode_benchmarks/starcoder2-15b-instruct-v0.1/type10_200/mixed_code_005.py"
