line_num,human_npr,lm_npr,winner,human_n_chunks_scored,lm_n_chunks_scored,human_n_lowconf,lm_n_lowconf
1,1.062848,1.044254,HWC,1,1,0,0
10,1.069688,1.127450,MGC,2,1,0,0
100,1.050343,1.036318,HWC,1,1,0,0
1000,1.169491,1.260092,MGC,2,1,0,0
1004,1.094663,1.268912,MGC,1,1,0,0
1006,1.105653,1.389367,MGC,1,1,0,0
1010,1.112915,1.254220,MGC,3,1,0,0
1012,1.052329,1.189032,MGC,1,1,0,0
1013,1.246136,1.042501,HWC,2,1,0,0
1014,1.113128,1.189598,MGC,2,1,0,0
1016,1.046744,1.037703,HWC,2,1,0,0
1022,1.090779,1.016892,HWC,1,1,0,0
1023,1.116075,1.239284,MGC,1,1,0,0
1024,1.069059,1.260284,MGC,1,1,0,0
1025,1.093779,1.380847,MGC,1,2,0,0
1028,1.116491,1.007480,HWC,1,1,0,0
103,1.186051,1.400709,MGC,1,1,0,0
1031,0.975575,1.011961,MGC,1,1,0,0
1032,1.212302,1.098405,HWC,2,1,0,0
1033,1.170510,1.214623,MGC,3,2,0,0
1038,1.115701,1.182574,MGC,3,1,0,0
104,1.117343,1.209450,MGC,2,1,0,0
1042,1.190657,1.129807,HWC,2,2,0,0
1043,1.325422,1.082825,HWC,1,1,0,0
1044,1.054217,1.407547,MGC,1,2,0,0
1045,1.022792,1.244487,MGC,1,1,0,0
1046,1.186567,1.223493,MGC,2,1,0,0
1047,1.225666,1.130476,HWC,1,2,0,0
105,1.070851,1.251728,MGC,1,2,0,0
1052,1.184109,1.088858,HWC,2,1,0,0
1058,1.101043,0.997062,HWC,1,1,0,0
106,1.234386,1.251554,MGC,1,1,0,0
1062,1.153211,1.264363,MGC,1,1,0,0
1063,1.034733,1.263448,MGC,1,1,0,0
1064,1.204876,1.137823,HWC,6,3,0,0
1066,1.168675,1.279251,MGC,3,3,0,0
1068,1.000039,1.211982,MGC,1,1,0,0
1069,0.988704,1.021594,MGC,1,1,0,0
1077,1.138611,1.315391,MGC,8,3,0,0
108,1.060906,0.988253,HWC,1,1,0,0
1081,1.157459,1.114871,HWC,4,1,0,0
1082,1.139117,1.197982,MGC,2,2,0,0
1084,1.255567,1.067952,HWC,1,1,0,0
1086,1.078615,1.018356,HWC,1,1,0,0
1087,1.099164,0.997174,HWC,1,1,0,0
109,1.188636,1.250435,MGC,4,3,0,0
1090,1.089398,1.110037,MGC,1,1,0,0
1092,1.226854,1.314834,MGC,1,1,0,0
1095,0.992882,1.127922,MGC,1,1,0,0
1100,1.091892,1.052742,HWC,1,1,0,0
1101,1.164689,1.214184,MGC,4,1,0,0
1103,1.046142,1.023405,HWC,1,1,0,0
1107,1.042926,1.045327,MGC,1,1,0,0
1108,1.085312,1.212297,MGC,1,1,0,0
1110,1.157931,1.245171,MGC,1,1,0,0
1112,1.108953,1.075560,HWC,1,1,0,0
1113,1.216473,1.170573,HWC,2,2,0,0
1117,0.997283,1.150568,MGC,1,1,0,0
1118,1.162044,1.158110,HWC,5,4,0,0
1121,1.132058,1.067261,HWC,1,1,0,0
1122,1.118676,1.293452,MGC,3,1,0,0
1123,1.092060,1.117110,MGC,2,1,0,0
1124,0.991592,1.042857,MGC,1,1,0,0
1126,1.121472,1.199092,MGC,2,1,0,0
1128,1.041118,1.233970,MGC,1,1,0,0
113,1.074414,1.059282,HWC,1,1,0,0
1137,1.132714,1.298786,MGC,2,1,0,0
1140,1.104396,1.313941,MGC,4,2,0,0
1141,1.027942,1.022598,HWC,1,1,0,0
1143,1.084592,1.093405,MGC,1,1,0,0
1144,0.994448,1.167673,MGC,1,1,0,0
1145,1.079317,1.008397,HWC,1,1,0,0
1146,1.075664,1.074098,HWC,1,1,0,0
1148,1.116329,1.307423,MGC,2,1,0,0
1149,1.188626,1.128066,HWC,2,3,0,0
115,1.036431,1.263012,MGC,1,1,0,0
1150,1.143834,1.204814,MGC,1,1,0,0
1152,1.200172,1.134314,HWC,1,1,0,0
1153,1.124266,1.231539,MGC,2,1,0,0
1156,0.998234,1.104732,MGC,1,1,0,0
1157,1.104388,1.422972,MGC,1,1,0,0
1164,1.090766,1.254236,MGC,1,4,0,0
1165,1.082618,1.065037,HWC,6,1,0,0
1167,1.159232,1.093769,HWC,1,2,0,0
117,1.036857,1.213757,MGC,1,1,0,0
1170,1.113863,1.198491,MGC,6,2,0,0
1171,1.138401,1.304899,MGC,2,1,0,0
1172,1.056527,1.034033,HWC,2,1,0,0
1173,1.155603,2.031786,MGC,3,1,0,0
1176,1.081008,1.184866,MGC,1,1,0,0
1178,1.085820,1.380342,MGC,1,1,0,0
118,1.095562,1.152514,MGC,8,1,0,0
1180,1.110640,1.121930,MGC,1,1,0,0
1183,1.192676,1.163978,HWC,2,2,0,0
1184,1.417933,1.268017,HWC,2,1,0,0
1185,1.090251,1.211198,MGC,3,1,0,0
1187,1.077552,1.001624,HWC,4,1,0,0
1189,1.208439,1.231528,MGC,1,1,0,0
119,1.256832,1.028070,HWC,1,1,0,0
1190,1.062189,1.143686,MGC,3,3,0,0
1192,1.085754,1.165832,MGC,1,1,0,0
1193,1.029363,1.187564,MGC,1,1,0,0
1195,1.150155,1.189197,MGC,2,1,0,0
1197,1.063539,1.196268,MGC,1,1,0,0
1198,1.174114,1.176790,MGC,3,1,0,0
1201,1.133064,1.232182,MGC,1,1,0,0
1204,1.064157,1.121764,MGC,2,1,0,0
1205,1.028363,1.094409,MGC,1,1,0,0
1207,1.164677,1.342585,MGC,3,1,0,0
1208,1.065321,1.090557,MGC,2,1,0,0
1209,1.071743,1.025628,HWC,1,1,0,0
121,1.116910,1.317067,MGC,1,2,0,0
1210,1.178665,1.199430,MGC,2,1,0,0
1211,1.214698,1.471742,MGC,1,2,0,0
1218,1.191047,1.195328,MGC,1,1,0,0
1222,1.197177,1.375995,MGC,2,1,0,0
1227,1.134086,1.194547,MGC,5,1,0,0
1230,1.085658,0.996618,HWC,1,1,0,0
1232,1.173709,1.152690,HWC,2,1,0,0
1233,1.118375,1.285329,MGC,1,3,0,0
1234,1.153252,1.298221,MGC,1,1,0,0
1238,1.094412,1.236095,MGC,1,1,0,0
1239,1.061736,1.168815,MGC,1,2,0,0
124,1.073239,1.163151,MGC,3,1,0,0
1243,1.073962,1.136221,MGC,1,1,0,0
1244,1.084958,1.024844,HWC,1,1,0,0
1245,1.167271,1.258095,MGC,1,2,0,0
1246,1.103168,1.192191,MGC,1,1,0,0
1247,1.083764,1.292961,MGC,1,1,0,0
1249,1.082505,1.118953,MGC,1,1,0,0
125,1.101509,1.184249,MGC,1,1,0,0
1251,1.065142,0.986964,HWC,1,1,0,0
1253,1.117182,1.013197,HWC,2,1,0,0
1254,1.091545,1.373786,MGC,1,1,0,0
1255,1.066695,1.011283,HWC,1,1,0,0
1257,1.072623,1.048819,HWC,1,1,0,0
1258,1.054420,1.254142,MGC,1,1,0,0
1259,1.098719,1.339288,MGC,1,1,0,0
126,1.027441,1.051708,MGC,1,1,0,0
1261,1.111241,1.306070,MGC,2,1,0,0
1263,1.123813,1.240699,MGC,3,1,0,0
1264,0.990888,1.199271,MGC,1,1,0,0
1265,1.090993,1.100941,MGC,6,2,0,0
1266,1.118669,1.180355,MGC,1,1,0,0
1267,1.150056,0.989794,HWC,1,1,0,0
127,1.160361,1.069548,HWC,2,1,0,0
1270,1.194383,1.221313,MGC,2,1,0,0
1272,1.042816,1.273537,MGC,4,1,0,0
1273,1.137426,1.116570,HWC,2,2,0,0
1275,1.050302,1.181574,MGC,1,1,0,0
1276,1.222710,1.162868,HWC,1,1,0,0
1278,1.197697,1.324133,MGC,2,1,0,0
1279,1.120223,1.124198,MGC,1,1,0,0
1280,1.182804,1.345710,MGC,2,1,0,0
1281,1.095025,1.243738,MGC,1,1,0,0
1283,1.214367,1.106674,HWC,1,1,0,0
1284,1.182725,1.243524,MGC,1,1,0,0
1286,1.067378,1.104184,MGC,3,3,0,0
129,1.085177,1.121466,MGC,1,1,0,0
1290,1.120531,1.191858,MGC,4,1,0,0
1293,1.153553,1.194571,MGC,1,1,0,0
1294,1.143367,1.304057,MGC,1,1,0,0
1295,1.261705,1.086051,HWC,1,1,0,0
1296,1.111730,1.128715,MGC,1,1,0,0
1297,1.047396,0.989906,HWC,1,1,0,0
130,1.148570,1.302775,MGC,1,3,0,0
1302,1.109377,1.006109,HWC,2,1,0,0
1303,1.204603,1.432844,MGC,1,1,0,0
1305,1.199385,1.233503,MGC,1,1,0,0
1308,1.285964,1.226080,HWC,1,1,0,0
131,1.146445,1.288917,MGC,1,1,0,0
1310,1.455478,1.037876,HWC,4,1,0,0
1313,1.234130,1.261596,MGC,1,1,0,0
1315,1.016461,1.110299,MGC,1,1,0,0
132,1.162713,1.235245,MGC,1,2,0,0
1320,1.225293,1.113679,HWC,2,1,0,0
1322,1.230682,1.168323,HWC,1,1,0,0
1323,1.172711,1.179262,MGC,2,1,0,0
1324,1.190377,1.357764,MGC,4,2,0,0
1329,1.219937,1.009709,HWC,1,1,0,0
1331,1.268630,1.197165,HWC,1,1,0,0
1332,1.252198,1.159858,HWC,1,1,0,0
1334,1.104935,1.369985,MGC,1,4,0,0
1335,1.155691,1.148790,HWC,4,2,0,0
1336,1.034073,1.104588,MGC,1,1,0,0
1337,1.183561,1.100105,HWC,1,1,0,0
134,1.201427,1.300223,MGC,3,2,0,0
1342,1.123030,1.082194,HWC,1,1,0,0
1345,1.039025,1.064609,MGC,1,1,0,0
1347,1.067901,1.031316,HWC,1,1,0,0
1349,1.133291,1.338862,MGC,3,1,0,0
1350,1.048231,1.070885,MGC,3,1,0,0
1351,1.127333,1.275332,MGC,2,1,0,0
1352,1.066216,1.426425,MGC,3,2,0,0
1354,1.085960,1.047491,HWC,1,1,0,0
1357,1.057022,1.001881,HWC,1,1,0,0
1358,1.171509,1.424362,MGC,1,1,0,0
1360,1.264587,0.983448,HWC,1,1,0,0
1363,1.062303,1.498097,MGC,1,1,0,0
1365,1.039402,1.284457,MGC,1,1,0,0
1366,1.190331,1.108494,HWC,2,1,0,0
1367,1.056589,1.051551,HWC,1,1,0,0
137,1.130724,1.181586,MGC,1,1,0,0
1370,1.042200,1.052614,MGC,1,1,0,0
1371,1.335842,1.263939,HWC,5,4,0,0
1372,1.109549,1.192142,MGC,3,3,0,0
1373,1.147541,1.320233,MGC,3,2,0,0
1374,1.176960,1.095314,HWC,1,1,0,0
1375,1.149858,1.106025,HWC,1,2,0,0
1379,1.169234,1.199690,MGC,6,3,0,0
1381,1.135657,0.998706,HWC,1,1,0,0
1382,1.033217,1.002039,HWC,1,1,0,0
1384,1.237200,1.245660,MGC,1,1,0,0
1385,1.226069,1.235406,MGC,1,1,0,0
1388,1.236854,1.063613,HWC,1,1,0,0
139,1.079151,1.029257,HWC,1,1,0,0
1390,1.208374,1.029864,HWC,1,1,0,0
1391,1.030480,1.024321,HWC,1,1,0,0
1392,1.127952,1.041662,HWC,1,1,0,0
1393,1.342995,0.973277,HWC,2,1,0,0
1394,1.062108,1.160456,MGC,1,2,0,0
1397,1.135066,1.121653,HWC,1,1,0,0
1398,1.099328,1.029412,HWC,1,1,0,0
14,1.186795,1.087391,HWC,3,1,0,0
140,1.106449,1.356684,MGC,1,1,0,0
1404,1.164289,1.257521,MGC,1,1,0,0
1405,1.177236,1.276719,MGC,3,2,0,0
1406,1.197777,1.067892,HWC,3,1,0,0
1407,1.067816,1.119699,MGC,2,1,0,0
1409,1.156821,1.246907,MGC,1,2,0,0
141,1.080604,1.065224,HWC,1,1,0,0
1410,1.165240,1.113408,HWC,3,1,0,0
1411,1.125108,1.141027,MGC,1,1,0,0
1412,1.089645,0.991798,HWC,1,1,0,0
1415,1.055825,1.344168,MGC,1,1,0,0
1416,1.200140,1.154289,HWC,3,1,0,0
1418,1.070430,1.180172,MGC,1,1,0,0
1419,1.134080,1.258950,MGC,3,4,0,0
142,1.116077,1.335733,MGC,4,2,0,0
1421,1.056920,1.087495,MGC,1,1,0,0
1422,1.178984,1.080006,HWC,2,1,0,0
1423,1.090763,1.105417,MGC,1,1,0,0
1424,1.046487,1.149883,MGC,12,3,0,0
1425,1.119074,1.276553,MGC,1,1,0,0
1427,1.095381,1.034474,HWC,4,1,0,0
143,1.150963,1.302074,MGC,3,2,0,0
1431,1.027225,1.027408,MGC,1,1,0,0
1433,1.344947,1.016321,HWC,1,1,0,0
1441,1.078088,1.204305,MGC,1,2,0,0
1443,1.113080,1.182050,MGC,1,1,0,0
1445,1.031239,1.002941,HWC,1,1,0,0
1449,1.060969,1.039054,HWC,1,1,0,0
1450,1.017115,1.263069,MGC,1,2,0,0
1451,1.070700,1.232008,MGC,1,1,0,0
1452,1.161647,1.195823,MGC,1,1,0,0
1453,1.029502,1.019145,HWC,1,1,0,0
1455,1.092571,1.045384,HWC,3,1,0,0
1456,0.995223,1.200668,MGC,1,1,0,0
1460,1.244877,1.127043,HWC,1,1,0,0
1462,1.203225,1.216560,MGC,2,1,0,0
1463,1.138944,1.086372,HWC,1,1,0,0
1464,1.105625,1.031613,HWC,1,1,0,0
1469,1.038905,1.038990,MGC,1,1,0,0
1470,1.129213,1.284689,MGC,8,4,0,0
1473,1.039445,0.988016,HWC,1,1,0,0
1482,1.160122,1.124806,HWC,1,1,0,0
1483,1.026832,1.205592,MGC,2,2,0,0
1485,1.057455,1.292298,MGC,1,1,0,0
1489,1.292351,1.138786,HWC,2,2,0,0
1490,1.180085,1.300917,MGC,2,2,0,0
1491,1.217546,1.173891,HWC,2,3,0,0
1492,1.106970,1.144317,MGC,1,1,0,0
1494,1.179129,1.170092,HWC,1,1,0,0
1495,1.070450,1.068336,HWC,1,1,0,0
1496,1.231677,1.163465,HWC,1,1,0,0
150,1.042311,0.980744,HWC,1,1,0,0
1500,1.228025,0.998215,HWC,1,1,0,0
1501,1.128541,1.137787,MGC,1,1,0,0
1503,1.296602,1.456679,MGC,1,1,0,0
1508,0.995094,1.023032,MGC,1,1,0,0
1509,1.150902,1.168222,MGC,1,1,0,0
151,1.148536,1.036429,HWC,1,1,0,0
1512,1.131153,1.351790,MGC,1,1,0,0
1514,1.102046,1.114393,MGC,2,1,0,0
1517,1.227289,1.227540,MGC,2,4,0,0
1519,1.207882,1.030734,HWC,1,1,0,0
1520,1.093020,1.054379,HWC,2,1,0,0
1521,1.206710,1.015718,HWC,3,1,0,0
1522,1.124186,1.248561,MGC,1,2,0,0
1523,1.082981,1.516575,MGC,2,1,0,0
1525,1.241558,1.189810,HWC,2,1,0,0
1528,1.134369,1.105407,HWC,1,1,0,0
153,1.067882,1.014602,HWC,1,1,0,0
1530,1.151275,1.000779,HWC,2,1,0,0
1534,1.091872,1.082421,HWC,1,1,0,0
1535,1.187076,1.297104,MGC,3,1,0,0
1537,1.056303,1.508699,MGC,1,1,0,0
1538,1.066735,1.022210,HWC,1,1,0,0
154,1.114635,1.153835,MGC,1,1,0,0
1540,1.109498,1.342253,MGC,1,1,0,0
1541,1.087335,1.033115,HWC,1,1,0,0
1548,1.138697,1.207384,MGC,2,1,0,0
1549,1.017926,1.026882,MGC,1,1,0,0
155,1.151884,1.198305,MGC,7,2,0,0
1550,1.068187,0.995250,HWC,3,1,0,0
1553,1.072413,1.058825,HWC,1,1,0,0
1554,1.228347,1.148163,HWC,1,1,0,0
1555,1.156029,1.193250,MGC,1,1,0,0
1556,1.067229,1.232664,MGC,2,1,0,0
1558,1.034028,1.057822,MGC,1,1,0,0
1561,1.048244,0.997059,HWC,1,1,0,0
1562,1.267658,0.994046,HWC,1,1,0,0
1564,1.098563,1.092552,HWC,2,1,0,0
1565,1.018298,1.026056,MGC,1,1,0,0
1567,1.077710,1.087225,MGC,2,1,0,0
1568,1.108949,0.994337,HWC,1,1,0,0
157,1.041124,1.026968,HWC,1,1,0,0
1574,1.188048,1.152463,HWC,2,1,0,0
1578,1.123122,1.036822,HWC,1,1,0,0
1579,1.134324,1.193078,MGC,7,1,0,0
158,1.243125,1.062747,HWC,1,1,0,0
1581,1.103296,1.092946,HWC,2,1,0,0
1582,1.068574,1.321998,MGC,1,2,0,0
1583,1.203407,1.007030,HWC,3,1,0,0
1585,1.123149,1.138514,MGC,1,1,0,0
1589,1.108019,1.170500,MGC,1,1,0,0
1590,1.243465,1.356785,MGC,5,1,0,0
1594,1.137438,1.029193,HWC,1,1,0,0
1596,1.135493,1.152049,MGC,1,2,0,0
1599,1.067401,1.251483,MGC,1,1,0,0
16,1.035967,1.134422,MGC,1,1,0,0
1605,1.141907,1.146023,MGC,2,1,0,0
1606,1.076944,1.295338,MGC,8,1,0,0
1608,1.399766,0.953775,HWC,1,1,0,0
161,1.190028,1.107860,HWC,2,1,0,0
1612,1.189136,1.221020,MGC,2,1,0,0
1613,1.174079,1.339084,MGC,2,1,0,0
1614,1.400489,1.362722,HWC,1,1,0,0
1615,1.129071,1.120497,HWC,1,1,0,0
1616,1.167475,1.007215,HWC,1,1,0,0
1617,1.161995,1.207334,MGC,1,1,0,0
1622,1.082384,1.111341,MGC,6,5,0,0
1623,1.148495,1.070836,HWC,1,1,0,0
1624,1.126402,1.138626,MGC,1,1,0,0
1627,1.034893,1.070274,MGC,1,1,0,0
1629,0.989986,1.049047,MGC,1,1,0,0
163,1.101294,1.125016,MGC,1,1,0,0
1630,1.249924,1.131286,HWC,1,1,0,0
1631,1.245366,1.132356,HWC,1,1,0,0
1632,1.193377,1.049577,HWC,1,1,0,0
1633,1.032399,0.997079,HWC,1,1,0,0
1634,1.026674,0.988075,HWC,1,1,0,0
1635,1.104136,1.150416,MGC,3,2,0,0
1637,1.116564,1.125517,MGC,1,1,0,0
1638,1.138869,1.216647,MGC,1,1,0,0
1639,1.181202,1.136337,HWC,5,1,0,0
1641,1.155450,1.019991,HWC,1,1,0,0
1642,1.106120,1.232687,MGC,2,1,0,0
1643,1.261604,1.324417,MGC,2,2,0,0
1644,1.040667,1.152005,MGC,2,1,0,0
1645,1.144922,1.111650,HWC,2,1,0,0
1647,1.216907,1.219445,MGC,1,1,0,0
1648,1.165665,1.187719,MGC,1,2,0,0
1650,1.289635,1.153011,HWC,2,1,0,0
1651,1.076154,1.113159,MGC,2,1,0,0
1652,1.024619,1.125348,MGC,1,1,0,0
1654,1.125426,1.042568,HWC,2,1,0,0
1655,1.206210,1.440927,MGC,1,1,0,0
1656,1.034860,1.081446,MGC,1,1,0,0
1661,1.124028,1.162358,MGC,1,1,0,0
1662,1.216549,1.063457,HWC,3,1,0,0
1664,1.218073,1.106526,HWC,1,1,0,0
1665,1.162133,1.088419,HWC,1,1,0,0
1666,1.121633,1.237448,MGC,4,1,0,0
1669,1.088128,1.040339,HWC,1,1,0,0
1670,1.229154,1.114748,HWC,1,1,0,0
1671,1.151624,1.248087,MGC,2,1,0,0
1673,1.090013,1.102403,MGC,2,1,0,0
1675,1.140818,1.134194,HWC,1,1,0,0
1677,1.160809,1.001389,HWC,1,1,0,0
1678,1.235491,1.064047,HWC,1,1,0,0
1683,1.273217,1.299915,MGC,1,2,0,0
1686,1.089400,1.218941,MGC,4,1,0,0
1687,1.084644,1.183107,MGC,1,1,0,0
1689,1.204893,1.263899,MGC,1,1,0,0
169,1.152509,1.307205,MGC,1,2,0,0
1690,1.038443,1.132484,MGC,1,1,0,0
1691,1.142428,1.323875,MGC,2,2,0,0
1693,1.155437,1.120611,HWC,1,1,0,0
1696,1.105069,1.268321,MGC,1,2,0,0
1697,1.280169,1.248522,HWC,1,2,0,0
1698,1.003505,1.027404,MGC,1,1,0,0
170,1.127425,1.270523,MGC,2,1,0,0
1700,1.066016,1.016348,HWC,1,1,0,0
1701,1.152354,1.188750,MGC,8,1,0,0
1703,0.992547,1.294174,MGC,1,2,0,0
1704,1.100842,1.385175,MGC,2,1,0,0
1706,1.310349,1.293444,HWC,3,2,0,0
1707,1.208088,1.146662,HWC,4,1,0,0
1709,1.073208,1.065504,HWC,1,1,0,0
171,1.152895,1.312342,MGC,2,1,0,0
1711,1.076907,1.085694,MGC,2,1,0,0
1713,1.253914,1.365976,MGC,3,1,0,0
1714,1.213657,1.202103,HWC,1,2,0,0
1716,1.083863,1.394141,MGC,7,1,0,0
1718,1.157881,1.342972,MGC,1,3,0,0
1719,1.076506,1.037308,HWC,1,1,0,0
172,1.225802,0.995680,HWC,1,1,0,0
1723,1.162863,1.256863,MGC,2,2,0,0
1725,1.067928,1.230977,MGC,1,1,0,0
1726,1.116246,1.298028,MGC,4,1,0,0
1727,1.280680,1.338720,MGC,1,1,0,0
1729,1.281904,1.179508,HWC,1,1,0,0
1730,1.046554,1.216331,MGC,1,1,0,0
1731,1.134952,1.185766,MGC,1,1,0,0
1732,1.212378,1.270264,MGC,2,1,0,0
1733,1.145217,0.996600,HWC,1,1,0,0
1734,1.162329,1.269969,MGC,4,3,0,0
1735,1.090886,1.153468,MGC,6,3,0,0
1737,1.340679,1.339057,HWC,3,3,0,0
1738,1.190061,1.270165,MGC,1,2,0,0
1740,1.096136,1.076907,HWC,1,1,0,0
1741,1.111255,1.265312,MGC,2,5,0,0
1742,1.128644,1.251226,MGC,1,2,0,0
1743,1.110001,1.074480,HWC,1,1,0,0
1744,1.261100,1.309188,MGC,1,3,0,0
1748,1.121702,1.147985,MGC,1,1,0,0
1749,1.032997,1.081852,MGC,1,1,0,0
1751,1.140001,1.074889,HWC,1,1,0,0
1756,1.078024,1.049306,HWC,1,1,0,0
1762,1.312075,1.243300,HWC,1,1,0,0
1764,1.153163,1.185717,MGC,5,2,0,0
1765,1.138348,1.291510,MGC,3,1,0,0
1766,1.130432,1.216406,MGC,1,3,0,0
1767,1.045733,0.976192,HWC,1,1,0,0
1768,1.090230,1.239236,MGC,4,1,0,0
1770,1.080822,1.096337,MGC,1,2,0,0
1771,1.064887,1.451647,MGC,1,1,0,0
1773,1.204351,1.076316,HWC,1,1,0,0
1775,1.189880,1.220785,MGC,4,4,0,0
1776,1.133674,1.025253,HWC,2,1,0,0
1777,0.971306,1.175577,MGC,1,1,0,0
178,1.094787,1.178287,MGC,1,1,0,0
1780,1.066707,1.207815,MGC,1,3,0,0
1782,1.370527,1.197014,HWC,1,1,0,0
1785,1.178352,1.216534,MGC,1,1,0,0
1786,1.105876,1.286535,MGC,3,2,0,0
1787,1.106344,1.085070,HWC,1,1,0,0
1788,1.160275,1.022168,HWC,1,1,0,0
179,1.133456,1.204695,MGC,1,4,0,0
1790,1.116305,1.179185,MGC,1,3,0,0
1791,1.201806,1.188028,HWC,1,1,0,0
1792,1.083711,1.043855,HWC,1,1,0,0
1793,1.149489,1.249823,MGC,1,1,0,0
1795,1.027331,1.273765,MGC,1,1,0,0
1796,1.084793,1.163252,MGC,1,1,0,0
1797,1.237104,1.107513,HWC,1,3,0,0
1799,1.146481,1.435207,MGC,1,2,0,0
18,1.132702,1.197536,MGC,3,2,0,0
1800,1.095581,1.040942,HWC,1,1,0,0
1801,1.081765,1.097451,MGC,4,1,0,0
1805,1.155429,1.231016,MGC,2,1,0,0
1808,1.030239,1.111082,MGC,2,1,0,0
1811,1.143075,1.100421,HWC,5,1,0,0
1815,1.180114,1.001560,HWC,1,1,0,0
1817,1.122132,1.045597,HWC,1,1,0,0
1819,1.160556,1.124424,HWC,1,1,0,0
1820,1.049769,1.016950,HWC,1,1,0,0
1823,1.042598,1.025875,HWC,1,1,0,0
1824,1.152751,1.300595,MGC,2,1,0,0
1825,1.101290,1.094486,HWC,1,1,0,0
1827,1.093840,1.074779,HWC,2,1,0,0
1828,1.172585,1.030932,HWC,1,1,0,0
183,1.018306,1.162208,MGC,1,1,0,0
1830,1.022096,1.357499,MGC,1,2,0,0
1831,1.115181,1.192650,MGC,1,1,0,0
1833,1.192214,1.162746,HWC,2,1,0,0
1836,1.099003,1.033562,HWC,1,1,0,0
1839,1.226468,1.121187,HWC,1,1,0,0
1840,1.214070,1.133869,HWC,3,1,0,0
1846,1.178592,1.207513,MGC,3,1,0,0
1848,1.121311,1.151441,MGC,4,1,0,0
1849,1.027830,1.158842,MGC,2,2,0,0
1850,1.008432,1.016384,MGC,1,1,0,0
1851,1.155401,1.036948,HWC,1,1,0,0
1852,1.112035,1.177167,MGC,4,2,0,0
1854,1.023821,1.161181,MGC,1,1,0,0
1855,1.116621,1.029594,HWC,2,1,0,0
1858,1.165640,1.084774,HWC,1,1,0,0
1860,1.249116,1.270043,MGC,1,1,0,0
1861,1.092327,1.018855,HWC,1,1,0,0
1863,1.101360,1.413970,MGC,3,2,0,0
1864,1.147684,1.167074,MGC,2,1,0,0
1866,1.100657,1.125132,MGC,1,1,0,0
1871,1.042820,1.094160,MGC,1,1,0,0
1872,1.057147,1.155933,MGC,1,1,0,0
1873,1.235877,1.061233,HWC,3,1,0,0
1875,1.190963,1.233537,MGC,2,1,0,0
1877,1.203750,1.372668,MGC,1,1,0,0
1880,1.216461,1.088548,HWC,2,1,0,0
1882,1.096332,1.170004,MGC,1,1,0,0
1892,1.158906,1.241535,MGC,1,1,0,0
1893,1.045182,1.101597,MGC,1,1,0,0
1894,1.117360,1.223736,MGC,1,2,0,0
1897,1.172559,1.123787,HWC,1,1,0,0
1900,1.124934,1.260794,MGC,1,1,0,0
1901,1.120210,1.029730,HWC,1,1,0,0
1903,1.027365,1.000855,HWC,5,1,0,0
1905,1.137534,1.134168,HWC,2,1,0,0
1908,1.035448,1.026547,HWC,1,1,0,0
1909,1.234808,0.986440,HWC,2,1,0,0
191,1.165835,1.050636,HWC,2,1,0,0
1910,1.221233,1.062983,HWC,1,1,0,0
1911,1.084163,1.228507,MGC,1,1,0,0
1917,1.190302,1.025037,HWC,2,1,0,0
1918,1.015541,1.032684,MGC,1,1,0,0
192,1.135227,1.368458,MGC,3,2,0,0
1921,1.127627,1.019527,HWC,1,1,0,0
1923,1.131341,1.262795,MGC,1,2,0,0
1926,1.074214,1.309888,MGC,1,2,0,0
1927,1.150634,1.285510,MGC,3,3,0,0
1928,1.182147,1.297616,MGC,4,1,0,0
1929,1.150510,1.029790,HWC,3,1,0,0
1932,1.112934,1.045490,HWC,2,1,0,0
1934,1.050425,1.061718,MGC,5,1,0,0
1935,1.132418,1.061533,HWC,1,1,0,0
194,1.250281,1.128368,HWC,1,1,0,0
1941,1.194658,1.124732,HWC,1,1,0,0
1942,1.118593,1.544412,MGC,3,1,0,0
1946,1.166138,1.334254,MGC,1,1,0,0
1949,1.048211,1.053373,MGC,1,1,0,0
195,1.047621,1.055034,MGC,4,1,0,0
1954,1.193773,1.260102,MGC,1,1,0,0
1955,1.102733,1.089260,HWC,1,2,0,0
1957,1.103772,1.041642,HWC,9,1,0,0
1959,1.117425,1.186480,MGC,2,1,0,0
1960,1.038895,1.071150,MGC,3,1,0,0
1961,1.293935,1.319472,MGC,2,2,0,0
1962,1.107258,1.209170,MGC,1,1,0,0
1963,1.160557,1.382545,MGC,2,2,0,0
1965,1.119597,1.162416,MGC,1,1,0,0
1966,1.099897,1.101410,MGC,3,1,0,0
1970,1.031772,1.022657,HWC,1,1,0,0
1974,1.195021,1.116230,HWC,1,1,0,0
1979,1.146838,1.037966,HWC,2,1,0,0
1980,1.214265,1.158774,HWC,2,1,0,0
1983,1.041464,1.260367,MGC,1,1,0,0
1984,1.100611,0.990689,HWC,1,1,0,0
1986,0.955065,1.004423,MGC,1,1,0,0
199,1.083430,1.228449,MGC,1,1,0,0
1990,1.032668,1.051851,MGC,1,1,0,0
1993,1.153162,1.255970,MGC,1,1,0,0
1994,1.117938,1.251124,MGC,1,1,0,0
1995,1.107745,1.145719,MGC,4,3,0,0
1996,1.257291,1.258919,MGC,4,6,0,0
1997,1.156413,1.412916,MGC,1,1,0,0
20,1.217886,1.246782,MGC,4,1,0,0
2001,1.057007,1.111157,MGC,1,1,0,0
2002,1.092299,1.309688,MGC,1,1,0,0
2003,1.172489,1.209817,MGC,1,1,0,0
2004,1.270576,1.305764,MGC,2,1,0,0
2005,1.044993,1.217396,MGC,1,1,0,0
2006,0.966156,0.948698,HWC,1,1,0,0
2009,1.089821,1.016374,HWC,1,1,0,0
201,1.138657,1.060255,HWC,1,1,0,0
2010,1.171825,1.116222,HWC,1,1,0,0
2011,1.052587,1.067224,MGC,1,1,0,0
2012,1.164717,1.227322,MGC,1,1,0,0
2013,1.210473,1.008108,HWC,1,1,0,0
2014,1.123016,1.131533,MGC,3,3,0,0
2018,1.132872,1.213193,MGC,2,1,0,0
2019,1.315625,1.438571,MGC,2,1,0,0
202,1.100191,0.995858,HWC,1,1,0,0
2021,1.199961,1.166656,HWC,1,1,0,0
2022,1.043814,1.020943,HWC,1,1,0,0
2023,1.245844,1.058878,HWC,1,1,0,0
2025,1.070210,1.139620,MGC,1,1,0,0
2029,1.161071,1.106163,HWC,7,1,0,0
203,1.084645,1.367248,MGC,1,1,0,0
2037,1.082982,1.337313,MGC,2,1,0,0
204,1.225875,1.286796,MGC,1,1,0,0
2040,1.231300,1.028136,HWC,1,1,0,0
2041,1.155938,1.187201,MGC,1,1,0,0
2042,1.147299,1.248213,MGC,2,1,0,0
2043,1.104605,1.290469,MGC,2,3,0,0
2045,1.141840,1.154063,MGC,4,2,0,0
2046,1.040852,1.335791,MGC,1,2,0,0
2047,1.214626,1.148064,HWC,3,1,0,0
205,1.195538,1.263207,MGC,1,1,0,0
2050,1.054319,1.190694,MGC,1,2,0,0
2051,1.164382,1.033289,HWC,1,1,0,0
2052,1.056354,1.234408,MGC,1,1,0,0
2054,1.123590,1.046981,HWC,2,1,0,0
2055,1.230745,1.066655,HWC,1,1,0,0
2057,1.026477,1.140463,MGC,3,1,0,0
2058,1.168002,1.259891,MGC,5,3,0,0
2059,1.112431,1.321023,MGC,6,2,0,0
206,1.135377,1.060186,HWC,2,1,0,0
2061,1.067293,1.179338,MGC,4,1,0,0
2063,1.152982,1.215966,MGC,1,1,0,0
2065,1.035306,1.141238,MGC,1,1,0,0
2066,1.120795,1.466297,MGC,1,1,0,0
2067,1.128197,1.377922,MGC,1,2,0,0
2069,0.990754,1.008233,MGC,1,1,0,0
207,1.112504,1.084061,HWC,1,1,0,0
2072,1.193084,1.267153,MGC,1,1,0,0
2077,1.137901,1.352114,MGC,1,1,0,0
2078,1.078883,1.159648,MGC,4,1,0,0
208,1.225879,1.285424,MGC,3,1,0,0
2081,1.086482,1.173745,MGC,8,2,0,0
2083,1.153275,1.080109,HWC,1,1,0,0
2085,1.182392,1.253313,MGC,1,1,0,0
2086,1.218779,1.174505,HWC,1,1,0,0
2089,1.190826,1.160702,HWC,1,1,0,0
209,1.128941,1.357191,MGC,1,1,0,0
2090,1.130589,1.260113,MGC,1,1,0,0
2091,1.089328,1.149028,MGC,1,2,0,0
2093,1.027550,1.030462,MGC,1,1,0,0
2095,1.070609,1.054094,HWC,1,1,0,0
2097,1.083456,1.109036,MGC,1,1,0,0
21,0.990218,1.245209,MGC,1,1,0,0
210,1.107146,1.090987,HWC,1,1,0,0
2101,1.258241,1.368307,MGC,1,1,0,0
2103,1.166195,1.234485,MGC,5,4,0,0
2107,1.231091,1.384121,MGC,2,2,0,0
211,1.121789,1.235828,MGC,1,3,0,0
2111,1.254779,1.032429,HWC,2,1,0,0
2112,1.120647,1.114538,HWC,1,1,0,0
2114,1.086689,1.037539,HWC,1,1,0,0
2115,1.317928,1.575355,MGC,1,1,0,0
2116,1.228642,1.452742,MGC,1,2,0,0
2118,1.043654,1.063647,MGC,1,1,0,0
212,1.213178,1.214469,MGC,1,2,0,0
2121,1.146347,1.430380,MGC,1,2,0,0
2123,1.175975,1.405555,MGC,4,2,0,0
2125,0.978938,0.984423,MGC,1,1,0,0
2127,1.064361,1.597026,MGC,1,2,0,0
2129,1.135968,1.219749,MGC,1,1,0,0
213,1.225232,1.108713,HWC,1,1,0,0
2131,1.125267,1.082209,HWC,1,1,0,0
2132,1.049920,1.081414,MGC,1,1,0,0
2137,1.153072,1.111178,HWC,1,1,0,0
2138,1.150927,1.275117,MGC,3,3,0,0
214,1.085324,1.027895,HWC,1,1,0,0
2145,1.143617,1.296346,MGC,5,1,0,0
2146,1.093799,1.204233,MGC,1,1,0,0
2147,1.184030,1.221994,MGC,2,1,0,0
2149,1.122683,1.177860,MGC,1,1,0,0
2151,1.253415,1.176044,HWC,1,1,0,0
2155,1.006921,1.067787,MGC,1,1,0,0
2156,1.048077,1.014463,HWC,1,1,0,0
2158,1.067209,1.304205,MGC,1,1,0,0
2160,1.249128,1.181134,HWC,2,1,0,0
2163,1.116710,1.208977,MGC,2,3,0,0
2164,1.212804,1.087089,HWC,1,1,0,0
2166,1.250787,1.051302,HWC,1,1,0,0
2167,1.063811,1.222400,MGC,1,1,0,0
2169,0.964549,1.086819,MGC,1,1,0,0
217,1.033631,1.188311,MGC,1,1,0,0
2170,1.157859,1.030764,HWC,1,1,0,0
2171,1.069002,1.084344,MGC,1,1,0,0
2172,1.276010,1.057365,HWC,2,1,0,0
2173,1.061148,1.369332,MGC,5,2,0,0
2174,1.054358,1.242578,MGC,11,1,0,0
2176,1.038106,0.960650,HWC,2,1,0,0
2177,1.178020,1.114278,HWC,4,4,0,0
218,1.067818,1.111493,MGC,4,1,0,0
2180,1.085241,1.151052,MGC,1,1,0,0
2182,1.136045,1.147324,MGC,2,2,0,0
2183,1.100362,1.003669,HWC,2,1,0,0
2184,1.195681,1.100284,HWC,2,1,0,0
2186,1.597794,0.976438,HWC,1,1,0,0
2187,1.229820,1.221940,HWC,1,2,0,0
2188,1.183705,1.308473,MGC,1,2,0,0
2190,0.983270,0.933902,HWC,1,1,0,0
2192,1.103659,1.296257,MGC,9,2,0,0
2193,1.119420,1.064707,HWC,1,1,0,0
22,1.072736,1.175077,MGC,1,1,0,0
2200,1.166715,1.034722,HWC,2,1,0,0
2202,1.099747,1.149331,MGC,2,2,0,0
2204,1.178615,1.247495,MGC,2,2,0,0
2206,1.052577,1.098083,MGC,1,1,0,0
2208,1.035117,1.165758,MGC,1,1,0,0
221,1.086788,1.053343,HWC,1,1,0,0
2212,1.197119,1.111761,HWC,1,2,0,0
2213,1.143887,0.988269,HWC,2,1,0,0
2217,1.050060,0.996508,HWC,1,1,0,0
2218,1.060147,1.190628,MGC,1,1,0,0
222,1.171024,1.137046,HWC,1,1,0,0
2220,1.110243,0.996372,HWC,1,1,0,0
2221,1.031529,1.043825,MGC,1,1,0,0
2223,1.097159,1.198215,MGC,1,2,0,0
2225,1.310324,1.349899,MGC,1,1,0,0
2226,1.027388,1.187523,MGC,1,1,0,0
2227,1.039634,1.163569,MGC,1,1,0,0
2229,1.120580,1.153567,MGC,1,1,0,0
223,1.193552,1.026123,HWC,1,1,0,0
2231,1.103986,1.143756,MGC,1,1,0,0
2235,1.122653,1.012846,HWC,1,1,0,0
2237,1.101383,1.326588,MGC,1,1,0,0
2239,1.120352,1.107208,HWC,2,1,0,0
224,1.101894,1.121314,MGC,2,1,0,0
2240,1.180527,1.197568,MGC,1,2,0,0
2241,1.165423,1.098477,HWC,1,1,0,0
2244,1.104931,1.001401,HWC,1,1,0,0
2245,1.218259,1.021615,HWC,1,1,0,0
2246,1.167455,1.141789,HWC,2,1,0,0
2247,1.170100,1.189139,MGC,2,3,0,0
2249,1.016586,1.033776,MGC,1,1,0,0
225,1.119706,1.154209,MGC,1,1,0,0
2250,1.054030,1.206666,MGC,1,2,0,0
2258,1.215878,1.035250,HWC,1,1,0,0
2259,1.035226,1.248785,MGC,1,3,0,0
226,1.254609,1.277817,MGC,1,1,0,0
2261,1.192480,1.150701,HWC,5,1,0,0
2264,1.101117,1.065493,HWC,1,1,0,0
2265,1.100416,1.154035,MGC,1,1,0,0
2269,1.143306,1.186022,MGC,4,2,0,0
2270,1.147764,1.017209,HWC,3,1,0,0
2271,1.131596,1.241380,MGC,1,1,0,0
2272,1.062067,1.040217,HWC,1,1,0,0
2275,1.195181,0.988667,HWC,1,1,0,0
2276,1.161967,1.107151,HWC,1,1,0,0
228,1.258492,1.064785,HWC,2,1,0,0
2281,1.296917,1.017340,HWC,2,1,0,0
2282,1.055700,1.001867,HWC,2,1,0,0
2283,1.363202,1.259521,HWC,2,1,0,0
2288,1.183867,0.976575,HWC,2,1,0,0
2289,1.088946,1.182033,MGC,14,1,0,0
2293,1.095563,1.183055,MGC,2,1,0,0
2297,1.221224,1.272148,MGC,1,1,0,0
2298,1.130482,1.116274,HWC,2,1,0,0
230,1.081321,1.291409,MGC,9,1,0,0
2303,1.160345,1.186387,MGC,2,1,0,0
2306,1.208956,1.106438,HWC,1,1,0,0
2311,1.243730,1.210329,HWC,3,1,0,0
2315,1.022863,1.288669,MGC,1,1,0,0
2316,1.025551,1.130845,MGC,1,1,0,0
2318,1.040626,1.014246,HWC,1,1,0,0
2319,1.200719,1.212615,MGC,2,3,0,0
2320,1.237102,1.322230,MGC,1,1,0,0
2322,1.140275,1.494969,MGC,2,1,0,0
2323,1.082406,1.189228,MGC,1,1,0,0
2327,1.116914,1.231442,MGC,2,4,0,0
2331,1.093228,1.009623,HWC,1,1,0,0
2332,1.084443,1.286638,MGC,1,1,0,0
2334,1.171368,1.313602,MGC,4,2,0,0
2335,1.085217,1.003292,HWC,1,1,0,0
2337,1.144555,1.080824,HWC,1,1,0,0
2338,1.162120,1.034817,HWC,1,1,0,0
2339,1.121948,1.255462,MGC,2,1,0,0
2341,1.115009,1.052638,HWC,1,1,0,0
2342,1.109123,1.249313,MGC,2,1,0,0
2345,1.135266,1.335195,MGC,1,1,0,0
2346,1.122300,1.275988,MGC,2,1,0,0
2348,1.168494,1.244141,MGC,4,5,0,0
2351,1.120058,1.178453,MGC,2,1,0,0
2354,1.249459,1.176371,HWC,1,3,0,0
236,1.186358,1.286316,MGC,2,2,0,0
2360,1.093277,1.054036,HWC,1,1,0,0
2364,1.168543,1.191750,MGC,1,2,0,0
2371,1.145536,1.084445,HWC,3,1,0,0
2372,1.371776,1.281610,HWC,1,1,0,0
2376,1.122994,1.140046,MGC,1,1,0,0
2378,1.171993,1.003330,HWC,1,1,0,0
238,1.183224,1.039453,HWC,2,1,0,0
2383,1.164642,1.241150,MGC,2,1,0,0
2387,0.997691,1.210693,MGC,1,2,0,0
2388,1.113580,1.062929,HWC,1,1,0,0
2389,1.152993,0.983500,HWC,1,1,0,0
2392,1.079158,1.146222,MGC,2,3,0,0
2393,1.127481,1.157005,MGC,2,1,0,0
2400,1.057748,1.239102,MGC,2,1,0,0
2401,1.010733,1.040415,MGC,1,1,0,0
2403,1.257018,1.247495,HWC,1,1,0,0
2407,1.083839,1.195499,MGC,1,1,0,0
241,1.126277,1.079032,HWC,1,1,0,0
2410,1.092059,1.016757,HWC,1,1,0,0
2411,1.099830,1.008303,HWC,1,1,0,0
2413,1.333849,1.071975,HWC,1,1,0,0
2416,1.155569,1.422547,MGC,1,2,0,0
2418,1.094045,0.994251,HWC,1,1,0,0
2419,1.339836,1.270489,HWC,1,1,0,0
2420,1.099958,1.035942,HWC,1,1,0,0
2421,1.233194,1.314743,MGC,4,2,0,0
2425,1.118190,1.354188,MGC,6,2,0,0
2426,1.134109,1.179166,MGC,1,2,0,0
2428,1.334420,1.415633,MGC,2,2,0,0
2429,1.112518,1.298526,MGC,1,1,0,0
2431,1.133298,1.131073,HWC,2,4,0,0
2432,1.000498,1.322175,MGC,1,1,0,0
2437,1.010192,0.974140,HWC,1,1,0,0
244,1.204531,1.245803,MGC,1,1,0,0
2440,1.144400,1.094192,HWC,2,1,0,0
2441,1.185736,1.097909,HWC,2,1,0,0
2442,1.327269,1.204535,HWC,1,1,0,0
2445,1.085334,1.066910,HWC,1,1,0,0
2446,1.118523,1.189187,MGC,1,2,0,0
2448,1.277534,1.175980,HWC,4,6,0,0
2449,1.238381,1.169574,HWC,2,1,0,0
245,1.126435,1.229452,MGC,1,1,0,0
2450,1.132036,1.389024,MGC,2,2,0,0
2452,1.099260,1.337794,MGC,3,2,0,0
2455,1.290295,1.202181,HWC,1,2,0,0
2456,1.092637,1.284170,MGC,1,2,0,0
2458,1.240630,1.020231,HWC,1,1,0,0
246,1.127110,1.105127,HWC,2,4,0,0
2460,1.124882,1.171169,MGC,5,1,0,0
2464,1.087394,1.128729,MGC,2,1,0,0
2466,1.314820,1.261752,HWC,1,1,0,0
2467,1.214932,1.334990,MGC,2,2,0,0
2469,1.126032,1.175146,MGC,1,1,0,0
247,1.178865,1.047121,HWC,1,1,0,0
2473,1.294761,1.051119,HWC,1,1,0,0
2475,1.067764,1.089072,MGC,1,1,0,0
2478,1.190925,1.400323,MGC,2,1,0,0
2480,1.065089,1.055038,HWC,1,1,0,0
2481,1.042473,1.342528,MGC,1,1,0,0
2483,1.248121,1.201578,HWC,1,2,0,0
2487,1.118732,1.161623,MGC,2,1,0,0
2494,1.099119,1.004585,HWC,3,1,0,0
2495,1.121722,1.226539,MGC,8,2,0,0
2496,1.190297,1.103609,HWC,2,1,0,0
2498,1.187095,1.101664,HWC,1,1,0,0
250,1.216927,1.125122,HWC,1,1,0,0
2504,1.035033,1.083518,MGC,1,1,0,0
2505,1.202944,1.174308,HWC,1,1,0,0
2507,1.151921,1.096495,HWC,1,1,0,0
2508,1.072006,0.995506,HWC,1,1,0,0
2509,0.993477,1.195251,MGC,1,1,0,0
2512,1.066828,1.253116,MGC,1,1,0,0
2514,1.086500,1.076976,HWC,1,1,0,0
2517,1.191188,1.183824,HWC,3,7,0,0
2518,1.373341,1.191439,HWC,4,1,0,0
2522,1.040575,1.058716,MGC,2,1,0,0
2523,1.031447,1.335408,MGC,1,1,0,0
2525,1.101476,1.017225,HWC,1,1,0,0
2529,1.050322,1.200634,MGC,1,1,0,0
253,1.109630,1.026904,HWC,1,1,0,0
2532,1.204853,1.218413,MGC,1,1,0,0
2533,1.179927,1.250835,MGC,1,1,0,0
2536,1.250344,1.378844,MGC,2,1,0,0
2538,1.120514,1.109941,HWC,1,1,0,0
2539,1.101336,1.202028,MGC,5,1,0,0
254,1.069269,0.989962,HWC,2,1,0,0
2541,1.164567,1.172845,MGC,1,1,0,0
2543,1.005234,1.066062,MGC,3,3,0,0
2545,1.153148,1.334567,MGC,1,2,0,0
2548,1.176163,1.196823,MGC,2,1,0,0
2549,1.225473,1.251580,MGC,3,2,0,0
255,1.012049,1.300385,MGC,1,2,0,0
2552,1.100153,1.191586,MGC,1,1,0,0
2554,1.219802,1.226754,MGC,7,2,0,0
2556,1.043567,1.131287,MGC,7,2,0,0
2557,1.078320,1.198334,MGC,4,3,0,0
256,1.154874,1.178519,MGC,3,1,0,0
2562,1.252827,0.993601,HWC,1,1,0,0
2563,1.110221,1.217524,MGC,4,2,0,0
2564,1.217263,1.261160,MGC,5,2,0,0
2565,1.091312,1.117614,MGC,1,1,0,0
2566,1.178747,1.146256,HWC,1,1,0,0
257,1.054043,1.027298,HWC,1,1,0,0
2570,1.157184,1.162960,MGC,5,4,0,0
2574,0.990846,1.044883,MGC,1,1,0,0
2576,1.048530,1.152839,MGC,1,1,0,0
2577,1.064366,0.995470,HWC,1,1,0,0
258,1.450052,1.138172,HWC,1,1,0,0
2580,1.038636,1.242447,MGC,1,1,0,0
2581,1.066823,1.084952,MGC,1,1,0,0
2582,1.077402,1.146592,MGC,1,1,0,0
2583,1.132201,1.218731,MGC,5,1,0,0
2585,1.089388,1.066299,HWC,1,1,0,0
2586,1.073566,1.269304,MGC,1,2,0,0
2587,1.215922,1.180496,HWC,1,1,0,0
2588,1.157323,1.206703,MGC,2,3,0,0
259,1.120807,1.126323,MGC,4,2,0,0
2590,1.102127,1.155818,MGC,1,1,0,0
2592,1.139196,1.262582,MGC,3,2,0,0
2593,1.209915,1.356752,MGC,2,2,0,0
2594,1.124634,1.189647,MGC,2,1,0,0
2596,1.156890,1.363953,MGC,2,2,0,0
2598,1.174358,1.095735,HWC,4,1,0,0
26,1.207567,1.433084,MGC,1,1,0,0
2601,1.173163,1.013880,HWC,1,1,0,0
2602,1.128425,1.107760,HWC,3,2,0,0
2604,1.169479,1.269456,MGC,1,2,0,0
2607,0.981131,1.049560,MGC,1,1,0,0
2608,1.028062,1.261569,MGC,1,2,0,0
2609,1.183262,1.116839,HWC,1,1,0,0
2613,1.034204,1.322281,MGC,9,1,0,0
2614,1.117647,1.202917,MGC,4,2,0,0
2615,1.132613,1.279541,MGC,3,2,0,0
2616,1.182814,1.199329,MGC,2,1,0,0
2618,1.141087,1.039581,HWC,1,1,0,0
2620,1.105725,1.017417,HWC,1,1,0,0
2626,1.079318,1.241098,MGC,3,4,0,0
2627,0.987911,0.996119,MGC,1,1,0,0
2628,1.107731,1.125466,MGC,1,1,0,0
2632,1.072489,1.123912,MGC,1,2,0,0
2633,1.137047,1.216203,MGC,5,6,0,0
2635,1.014285,1.359305,MGC,1,2,0,0
2637,1.261428,1.274401,MGC,2,3,0,0
2638,1.018613,1.182597,MGC,1,1,0,0
264,1.201163,1.359668,MGC,2,2,0,0
2640,1.147267,1.193208,MGC,2,2,0,0
2641,1.150313,1.047204,HWC,1,1,0,0
2642,1.173609,1.136319,HWC,3,1,0,0
2644,1.252107,1.359556,MGC,2,1,0,0
2645,1.126262,1.282960,MGC,2,2,0,0
2646,1.139661,1.275761,MGC,9,2,0,0
2649,1.141343,1.058715,HWC,1,1,0,0
265,1.157080,1.158099,MGC,1,1,0,0
2651,1.310098,1.034509,HWC,1,1,0,0
2652,1.067135,1.050436,HWC,1,1,0,0
2653,1.337538,1.336619,HWC,2,1,0,0
2657,1.126878,1.049579,HWC,1,1,0,0
2658,1.096000,0.977940,HWC,4,1,0,0
266,1.268963,1.224048,HWC,1,1,0,0
2661,1.089606,1.151023,MGC,1,1,0,0
2662,1.067400,1.254512,MGC,1,3,0,0
2668,1.079278,1.256724,MGC,1,3,0,0
2669,0.991043,1.128630,MGC,1,1,0,0
267,1.322367,1.297897,HWC,1,1,0,0
2671,1.141241,1.307851,MGC,2,3,0,0
2672,1.047029,1.202240,MGC,1,1,0,0
2674,1.237215,1.094475,HWC,1,1,0,0
2675,1.084423,0.947795,HWC,1,1,0,0
2676,1.097798,1.201805,MGC,5,3,0,0
2677,1.109357,1.224904,MGC,4,3,0,0
2679,1.146273,1.068084,HWC,1,1,0,0
268,1.094285,1.284736,MGC,2,2,0,0
2680,1.106003,1.150729,MGC,1,1,0,0
2681,1.159789,1.273190,MGC,1,1,0,0
2682,1.045741,1.034957,HWC,4,1,0,0
2683,1.366756,1.313141,HWC,1,1,0,0
2684,1.099789,1.107411,MGC,1,1,0,0
2685,1.115846,1.253790,MGC,2,1,0,0
2686,1.181068,1.268880,MGC,2,2,0,0
2687,1.070525,1.183007,MGC,2,3,0,0
2689,1.112898,0.982004,HWC,2,1,0,0
2690,1.021661,1.103862,MGC,1,1,0,0
2692,1.099669,1.085515,HWC,3,1,0,0
2694,1.209206,1.033424,HWC,1,1,0,0
27,0.960504,1.011431,MGC,1,1,0,0
270,1.015957,1.076598,MGC,1,1,0,0
2702,1.170964,1.158545,HWC,2,1,0,0
2703,1.145545,1.215473,MGC,1,1,0,0
2706,1.191917,1.005253,HWC,2,1,0,0
2709,1.081319,1.107015,MGC,3,1,0,0
271,1.058007,1.095116,MGC,1,1,0,0
2714,1.180416,1.075398,HWC,3,1,0,0
2715,1.215760,1.404883,MGC,4,1,0,0
2716,1.127423,1.167646,MGC,2,3,0,0
2719,1.136594,1.123610,HWC,1,1,0,0
2720,1.192339,1.287155,MGC,1,1,0,0
2723,1.275652,1.231179,HWC,1,1,0,0
2724,1.131408,1.023443,HWC,1,1,0,0
2726,1.047517,1.254968,MGC,1,1,0,0
2727,1.094687,1.018093,HWC,1,1,0,0
2728,1.032654,1.078499,MGC,1,1,0,0
2730,1.113729,1.125504,MGC,2,3,0,0
2731,1.112813,1.173190,MGC,4,1,0,0
2734,1.085425,1.024751,HWC,1,1,0,0
2738,1.020593,1.059747,MGC,1,1,0,0
2739,1.050336,1.196107,MGC,2,1,0,0
2746,1.141841,1.231707,MGC,1,1,0,0
2748,1.117100,1.208836,MGC,7,4,0,0
2749,1.030197,1.231153,MGC,1,2,0,0
275,1.135337,1.374746,MGC,3,1,0,0
2751,1.139856,1.071445,HWC,1,1,0,0
2752,1.066844,1.016019,HWC,1,1,0,0
2756,1.185841,1.272501,MGC,1,1,0,0
2757,1.147477,0.983761,HWC,1,1,0,0
2759,1.240884,1.059318,HWC,2,1,0,0
276,1.164656,1.090797,HWC,1,1,0,0
2760,1.226712,1.139061,HWC,1,1,0,0
2762,1.048220,1.193046,MGC,1,1,0,0
2764,0.997884,1.467905,MGC,1,2,0,0
2765,1.015054,1.375419,MGC,1,3,0,0
2766,1.152905,1.000066,HWC,2,1,0,0
277,1.194749,1.115552,HWC,1,2,0,0
2770,1.156902,1.202742,MGC,2,1,0,0
2775,1.014209,1.069011,MGC,1,1,0,0
2776,1.155887,1.130559,HWC,4,1,0,0
2777,1.170322,1.382699,MGC,1,1,0,0
2782,1.128392,1.335448,MGC,1,2,0,0
2788,1.118784,1.133896,MGC,2,1,0,0
2789,1.124331,1.205992,MGC,3,2,0,0
2792,1.140292,1.128857,HWC,1,1,0,0
2793,1.148981,1.171096,MGC,3,1,0,0
2798,1.024212,1.185564,MGC,11,1,0,0
28,1.065391,1.126882,MGC,1,1,0,0
2803,1.063756,1.113935,MGC,1,1,0,0
2804,1.223997,1.310048,MGC,1,1,0,0
2805,1.026343,1.085898,MGC,1,1,0,0
2806,1.099161,1.044565,HWC,1,1,0,0
2808,1.103358,1.081975,HWC,1,1,0,0
2809,1.093354,1.228331,MGC,1,2,0,0
2812,1.176555,1.250097,MGC,1,3,0,0
2814,1.103462,1.024171,HWC,1,1,0,0
2815,1.110515,1.337017,MGC,1,1,0,0
2816,1.098970,1.161593,MGC,1,1,0,0
2817,1.327849,1.293709,HWC,1,1,0,0
2818,1.141987,1.073642,HWC,1,1,0,0
2819,1.184243,1.418078,MGC,1,2,0,0
282,1.177188,1.138078,HWC,3,1,0,0
2822,1.052160,1.223135,MGC,1,1,0,0
2826,1.112186,1.047458,HWC,1,1,0,0
2827,0.935576,1.360587,MGC,1,1,0,0
2834,1.153538,1.430389,MGC,3,1,0,0
2836,1.073091,1.180742,MGC,1,1,0,0
2838,1.129024,1.164445,MGC,2,1,0,0
284,1.182381,1.160572,HWC,1,1,0,0
2840,1.122037,1.000406,HWC,2,1,0,0
2842,1.042964,1.230483,MGC,1,1,0,0
2843,1.148826,1.030779,HWC,1,1,0,0
2845,1.218217,1.255329,MGC,1,1,0,0
2846,1.190021,1.453467,MGC,2,1,0,0
2847,1.097909,1.235159,MGC,1,1,0,0
2848,1.068385,0.992634,HWC,1,1,0,0
2853,1.065806,1.152408,MGC,1,1,0,0
2854,1.027132,1.010994,HWC,1,1,0,0
2855,1.014965,1.140664,MGC,1,1,0,0
286,1.166047,0.971783,HWC,1,1,0,0
2860,1.086197,1.265813,MGC,1,1,0,0
2861,1.069046,1.157855,MGC,1,1,0,0
2863,1.191549,1.373775,MGC,2,1,0,0
2866,1.108598,1.102806,HWC,1,1,0,0
2867,1.095072,1.276894,MGC,4,2,0,0
2868,1.237452,1.327681,MGC,1,1,0,0
2869,1.030753,1.069759,MGC,1,1,0,0
2872,1.217654,0.989495,HWC,1,1,0,0
2873,1.087696,1.146415,MGC,3,2,0,0
2874,0.965893,1.139116,MGC,4,1,0,0
2875,1.178130,1.268138,MGC,1,3,0,0
2877,1.092212,1.145762,MGC,1,1,0,0
2881,1.060708,1.321972,MGC,4,1,0,0
2883,1.075104,1.071124,HWC,1,1,0,0
2885,1.225705,1.224296,HWC,1,1,0,0
2888,1.168214,1.374957,MGC,1,1,0,0
2889,1.265756,1.152648,HWC,1,1,0,0
2890,1.201710,1.168921,HWC,1,1,0,0
2892,1.106910,1.526833,MGC,1,1,0,0
2893,1.095517,0.979198,HWC,1,1,0,0
2897,1.004472,1.092776,MGC,1,1,0,0
2898,1.141146,1.194655,MGC,1,1,0,0
29,1.143967,1.316026,MGC,1,2,0,0
2900,1.086876,1.003205,HWC,1,1,0,0
2901,1.216901,1.168848,HWC,1,1,0,0
2902,0.955041,1.039180,MGC,1,1,0,0
2907,1.103173,1.097140,HWC,1,1,0,0
291,1.149985,1.245626,MGC,6,2,0,0
2913,1.068140,1.026852,HWC,1,1,0,0
2915,1.109365,1.071189,HWC,1,1,0,0
2916,1.190092,1.601024,MGC,1,1,0,0
2917,1.093635,1.053033,HWC,3,1,0,0
2919,1.226818,1.082191,HWC,1,1,0,0
292,1.147145,1.226167,MGC,4,1,0,0
2922,1.147877,1.271691,MGC,2,1,0,0
2925,1.090281,1.208643,MGC,1,1,0,0
2929,1.286634,1.294548,MGC,1,1,0,0
2930,1.157616,1.264869,MGC,3,1,0,0
2934,1.222772,1.131027,HWC,1,1,0,0
2936,1.103497,1.396987,MGC,1,1,0,0
2939,1.063858,1.409117,MGC,9,1,0,0
2940,1.477478,1.181978,HWC,1,1,0,0
2941,1.232411,1.031510,HWC,1,1,0,0
2943,1.041315,1.079753,MGC,1,1,0,0
2944,1.222188,1.457472,MGC,2,1,0,0
2946,1.082188,1.117024,MGC,1,1,0,0
295,1.133328,1.107573,HWC,1,1,0,0
2950,1.061814,0.994823,HWC,1,1,0,0
2951,1.073270,0.985684,HWC,1,1,0,0
2952,1.075997,1.207985,MGC,1,1,0,0
2956,1.160806,1.099046,HWC,1,1,0,0
2959,1.265628,1.121722,HWC,1,1,0,0
2960,1.169378,1.214259,MGC,2,1,0,0
2962,1.221945,1.267249,MGC,2,2,0,0
2964,1.262177,1.117554,HWC,2,1,0,0
2968,1.164813,1.403496,MGC,1,1,0,0
2971,1.130908,1.220326,MGC,6,2,0,0
2972,1.166647,0.994802,HWC,2,1,0,0
2978,1.090053,1.050564,HWC,1,1,0,0
2979,1.153346,1.439975,MGC,2,1,0,0
298,1.079033,1.031996,HWC,1,1,0,0
2980,1.047988,1.185194,MGC,3,1,0,0
2983,1.204187,0.990772,HWC,1,1,0,0
2985,1.124596,1.056495,HWC,1,1,0,0
299,1.060752,1.224262,MGC,3,1,0,0
2991,1.149508,0.994167,HWC,1,1,0,0
2993,1.147488,1.062264,HWC,1,1,0,0
2998,1.045056,1.299350,MGC,1,1,0,0
3001,1.176347,1.169378,HWC,3,1,0,0
3002,1.138007,1.243250,MGC,3,1,0,0
3003,1.122618,1.000139,HWC,1,1,0,0
3004,1.112305,1.124037,MGC,3,1,0,0
3006,1.184273,1.358949,MGC,2,2,0,0
3007,1.163932,1.130871,HWC,1,1,0,0
3008,1.153059,1.012918,HWC,1,1,0,0
3009,1.203652,1.324014,MGC,1,1,0,0
301,1.241890,1.244600,MGC,2,1,0,0
3011,1.124681,1.150625,MGC,1,3,0,0
3012,1.095014,1.210366,MGC,5,1,0,0
3014,1.204475,1.249089,MGC,2,1,0,0
3016,1.105908,1.127382,MGC,1,1,0,0
3018,1.121219,1.243609,MGC,4,3,0,0
3019,1.126632,1.152771,MGC,1,2,0,0
3021,1.146842,1.220573,MGC,1,1,0,0
3022,1.061010,1.213509,MGC,6,2,0,0
3026,1.247587,1.439195,MGC,3,1,0,0
3027,1.046773,1.217470,MGC,1,2,0,0
3030,1.267580,1.286966,MGC,2,2,0,0
3032,1.181806,1.458534,MGC,2,1,0,0
3034,1.106817,1.128132,MGC,1,1,0,0
3037,1.118651,1.463529,MGC,2,2,0,0
3039,1.076563,1.173607,MGC,3,1,0,0
3041,1.093885,1.451412,MGC,1,2,0,0
3042,1.042872,1.282220,MGC,1,1,0,0
3044,1.134756,1.230531,MGC,3,1,0,0
3045,1.231613,1.098328,HWC,1,1,0,0
3046,1.053654,0.984389,HWC,2,1,0,0
3048,1.033191,0.993290,HWC,1,1,0,0
3050,1.088002,1.087343,HWC,5,1,0,0
3053,1.158690,1.270704,MGC,3,2,0,0
3056,1.187523,1.180586,HWC,2,1,0,0
3058,1.055026,1.017924,HWC,1,1,0,0
3059,1.091361,1.206847,MGC,2,4,0,0
306,1.112339,1.061399,HWC,1,1,0,0
3060,1.504720,1.236968,HWC,2,1,0,0
3061,1.131430,1.112602,HWC,1,1,0,0
3064,1.246285,0.959489,HWC,1,1,0,0
3065,1.115381,1.076290,HWC,3,1,0,0
3069,1.083421,1.036882,HWC,1,1,0,0
3070,1.398739,1.228424,HWC,1,1,0,0
3071,1.187986,1.117815,HWC,3,1,0,0
3076,1.174952,1.202194,MGC,2,2,0,0
308,1.152838,1.192749,MGC,2,1,0,0
3081,1.196641,1.100831,HWC,1,1,0,0
3084,1.133270,1.431913,MGC,2,1,0,0
3085,1.198030,1.186045,HWC,1,1,0,0
3086,1.076786,1.404761,MGC,1,2,0,0
3088,1.113000,1.023395,HWC,2,1,0,0
309,1.140345,1.019199,HWC,1,1,0,0
3091,1.095152,1.318739,MGC,5,3,0,0
3093,1.207640,1.377317,MGC,2,2,0,0
3095,1.237971,1.342847,MGC,1,1,0,0
3097,1.257546,1.011098,HWC,1,1,0,0
3098,1.138347,1.119823,HWC,1,1,0,0
3099,1.088082,1.284220,MGC,1,1,0,0
310,1.110315,1.172027,MGC,2,4,0,0
3100,1.255424,1.459032,MGC,1,1,0,0
3101,1.098616,1.299601,MGC,10,1,0,0
3102,1.193762,1.115329,HWC,1,1,0,0
3103,1.241123,1.290460,MGC,1,1,0,0
3105,1.083543,1.002135,HWC,1,1,0,0
3109,1.187007,1.087090,HWC,1,1,0,0
311,1.055585,1.187347,MGC,1,1,0,0
3110,1.285437,1.413193,MGC,1,1,0,0
3111,1.096952,1.171069,MGC,3,1,0,0
3115,1.050054,1.007544,HWC,1,1,0,0
3117,1.123026,1.389380,MGC,3,1,0,0
3118,1.168486,1.035626,HWC,1,1,0,0
3119,1.113646,1.154240,MGC,1,1,0,0
3120,1.125118,1.025662,HWC,1,1,0,0
3122,1.052577,1.041376,HWC,1,1,0,0
3125,1.278377,0.985015,HWC,1,1,0,0
3127,1.125614,1.270920,MGC,2,2,0,0
3128,1.004702,1.075849,MGC,1,1,0,0
313,1.106617,1.109239,MGC,2,2,0,0
3131,1.113198,1.194327,MGC,1,1,0,0
3134,1.169390,1.091310,HWC,2,1,0,0
3135,1.096031,1.246253,MGC,1,2,0,0
3136,1.043854,1.064988,MGC,1,1,0,0
3137,1.141571,1.025571,HWC,3,1,0,0
3139,1.148843,1.168407,MGC,1,1,0,0
3140,1.109529,1.330742,MGC,2,1,0,0
3141,1.115947,1.069112,HWC,1,1,0,0
3143,1.134847,1.312725,MGC,1,3,0,0
3144,1.187811,1.056708,HWC,1,1,0,0
3146,1.152614,1.271003,MGC,2,1,0,0
315,1.072702,1.113072,MGC,1,1,0,0
3150,1.079111,1.153527,MGC,1,1,0,0
3151,1.243856,1.123414,HWC,1,1,0,0
3152,1.128649,1.155579,MGC,1,1,0,0
3153,1.228243,1.056623,HWC,1,1,0,0
3156,1.015535,1.339846,MGC,1,1,0,0
3158,1.051577,1.032940,HWC,1,1,0,0
3161,0.989714,1.237485,MGC,1,1,0,0
3163,1.181687,1.029089,HWC,1,1,0,0
3164,1.268479,1.428683,MGC,2,1,0,0
317,1.273438,1.359705,MGC,1,2,0,0
3171,1.114470,0.975666,HWC,2,1,0,0
3172,1.067698,1.050243,HWC,1,1,0,0
3173,1.151808,1.073664,HWC,2,1,0,0
3175,1.186261,1.311861,MGC,2,1,0,0
3178,1.196230,1.224293,MGC,2,1,0,0
3179,1.072364,1.180794,MGC,1,2,0,0
3183,1.071587,1.097951,MGC,2,1,0,0
3184,1.167737,1.245500,MGC,3,4,0,0
3185,1.259933,1.384116,MGC,1,2,0,0
319,1.123399,1.028897,HWC,1,1,0,0
3190,1.151809,1.035233,HWC,1,1,0,0
32,1.191757,1.286884,MGC,1,1,0,0
3200,1.177350,1.113176,HWC,1,1,0,0
3203,1.097300,1.029865,HWC,2,1,0,0
3207,1.036219,1.164073,MGC,7,2,0,0
3209,1.050307,1.276381,MGC,2,5,0,0
321,1.179150,1.052949,HWC,2,1,0,0
3211,1.137996,1.094949,HWC,2,1,0,0
3212,1.134962,1.249751,MGC,4,3,0,0
3213,1.229426,1.576120,MGC,2,1,0,0
3215,1.062569,1.254971,MGC,1,2,0,0
3216,1.115507,1.169390,MGC,1,2,0,0
3217,1.257639,1.017975,HWC,1,1,0,0
322,1.066035,1.219362,MGC,1,1,0,0
3220,1.157302,1.163188,MGC,1,1,0,0
3221,1.184198,1.154057,HWC,2,2,0,0
3222,1.054917,1.143637,MGC,7,2,0,0
3226,1.130739,1.129720,HWC,2,1,0,0
3227,1.195154,1.016820,HWC,3,1,0,0
3228,1.065219,1.050201,HWC,1,1,0,0
3230,1.183162,1.131260,HWC,6,1,0,0
3233,1.179461,1.281264,MGC,2,1,0,0
3234,1.135071,1.019074,HWC,2,1,0,0
3238,1.109424,1.060173,HWC,1,1,0,0
3240,1.183055,1.024127,HWC,1,1,0,0
3243,1.015740,1.251754,MGC,1,2,0,0
3246,1.113651,1.215071,MGC,1,1,0,0
3248,1.144920,1.188169,MGC,1,1,0,0
3252,0.986732,1.002806,MGC,1,1,0,0
3255,1.103129,1.238598,MGC,1,3,0,0
3256,1.098986,1.210060,MGC,1,5,0,0
3257,1.239842,1.244940,MGC,1,2,0,0
326,1.107550,1.211849,MGC,3,2,0,0
3263,1.018001,1.018137,MGC,1,1,0,0
3265,1.110465,1.255784,MGC,1,1,0,0
3266,1.184140,1.181875,HWC,3,3,0,0
3268,1.170973,1.185796,MGC,6,2,0,0
3270,1.133384,1.135974,MGC,1,1,0,0
3271,1.198424,1.105261,HWC,1,1,0,0
3274,1.220058,1.276081,MGC,4,1,0,0
3276,1.357786,1.177393,HWC,2,1,0,0
3277,1.056262,1.050343,HWC,1,1,0,0
3278,1.133854,0.990890,HWC,5,1,0,0
3279,1.079472,1.171918,MGC,1,1,0,0
3281,1.049983,1.152577,MGC,1,1,0,0
3283,1.252455,0.972929,HWC,2,1,0,0
3287,1.154855,1.181826,MGC,3,1,0,0
3290,1.026566,1.137707,MGC,1,1,0,0
3295,1.144598,1.185371,MGC,3,1,0,0
3296,1.083050,1.073997,HWC,2,1,0,0
3297,1.195454,1.262421,MGC,1,1,0,0
3298,1.253335,1.175036,HWC,2,1,0,0
33,1.245191,1.274143,MGC,2,1,0,0
330,1.002088,1.147180,MGC,1,1,0,0
3302,1.222712,1.297862,MGC,2,2,0,0
3303,1.316653,1.366497,MGC,1,1,0,0
3304,1.140343,1.123176,HWC,2,1,0,0
3305,0.989020,1.015711,MGC,1,1,0,0
3306,1.104880,1.018398,HWC,2,1,0,0
331,1.040354,1.162295,MGC,1,1,0,0
3310,1.136427,0.990117,HWC,1,1,0,0
3313,1.103235,1.268474,MGC,1,1,0,0
3314,1.217774,1.094511,HWC,4,1,0,0
3315,1.170154,1.250079,MGC,1,1,0,0
3319,1.086505,1.045112,HWC,1,1,0,0
3320,1.128758,1.145672,MGC,2,2,0,0
3321,1.075004,1.321622,MGC,1,1,0,0
3322,1.135857,1.007936,HWC,2,1,0,0
3324,1.005333,1.229068,MGC,1,1,0,0
3325,1.123488,1.291568,MGC,2,1,0,0
3326,1.186760,1.067576,HWC,2,1,0,0
3329,1.080739,1.141319,MGC,1,1,0,0
3330,1.229538,1.085127,HWC,2,1,0,0
3334,1.107502,1.051590,HWC,1,1,0,0
3336,1.165084,1.198868,MGC,1,2,0,0
3338,1.180871,1.215444,MGC,1,1,0,0
3339,1.176461,1.122930,HWC,2,1,0,0
334,1.073060,1.082094,MGC,1,1,0,0
3340,1.099093,1.245605,MGC,1,5,0,0
3342,1.254542,1.118793,HWC,1,1,0,0
3344,1.131240,1.129354,HWC,1,1,0,0
3346,1.162585,1.154880,HWC,3,1,0,0
3348,1.145755,1.261390,MGC,2,1,0,0
3349,1.058934,1.093545,MGC,1,1,0,0
335,1.045333,1.095487,MGC,1,1,0,0
3354,0.964220,1.091592,MGC,1,1,0,0
3355,1.071171,1.013550,HWC,1,1,0,0
3357,1.031359,1.136590,MGC,1,1,0,0
3358,1.047883,0.994038,HWC,1,1,0,0
336,1.081311,1.002033,HWC,2,1,0,0
3360,1.013399,1.016709,MGC,1,1,0,0
3361,1.031393,1.001502,HWC,1,1,0,0
3362,1.271264,1.318917,MGC,1,1,0,0
3363,1.137287,1.458042,MGC,1,1,0,0
3364,1.028682,1.320835,MGC,1,6,0,0
3365,1.174652,1.251702,MGC,2,1,0,0
3366,1.198448,1.190182,HWC,1,1,0,0
3367,1.035675,1.079322,MGC,1,1,0,0
3368,1.122163,1.311682,MGC,2,2,0,0
3371,1.140715,1.255659,MGC,3,2,0,0
3373,1.116953,1.135269,MGC,1,1,0,0
3375,1.105700,1.266411,MGC,1,3,0,0
3377,1.094993,1.004041,HWC,1,1,0,0
3378,1.023776,1.098048,MGC,1,1,0,0
338,1.207466,1.250904,MGC,2,3,0,0
3382,1.256001,1.395233,MGC,1,2,0,0
3384,1.137982,1.385816,MGC,3,1,0,0
3385,1.061502,1.045327,HWC,1,1,0,0
3387,1.102452,1.366544,MGC,3,1,0,0
3388,0.989338,1.088216,MGC,1,1,0,0
339,1.142407,1.249125,MGC,1,1,0,0
3390,1.045386,1.177378,MGC,1,1,0,0
3391,1.045635,1.013998,HWC,1,1,0,0
3392,1.091529,1.010541,HWC,1,1,0,0
3393,1.160543,1.409327,MGC,2,1,0,0
3395,1.101955,1.185130,MGC,1,2,0,0
3398,1.051189,1.756292,MGC,1,2,0,0
34,1.066459,1.215066,MGC,2,3,0,0
340,1.264524,1.058362,HWC,1,1,0,0
3400,1.063353,1.010962,HWC,1,1,0,0
3401,1.095820,1.174358,MGC,1,1,0,0
3402,1.125376,1.242487,MGC,1,1,0,0
3403,1.266916,1.297217,MGC,2,1,0,0
3406,1.073603,1.149223,MGC,2,1,0,0
3407,1.162348,0.995101,HWC,1,1,0,0
3411,1.077256,1.089637,MGC,1,1,0,0
3412,1.119471,1.212820,MGC,9,1,0,0
3413,1.147363,1.355679,MGC,2,1,0,0
3415,1.087144,1.201817,MGC,1,2,0,0
342,1.124536,1.082954,HWC,1,1,0,0
3420,1.381793,1.235811,HWC,2,2,0,0
3422,1.225890,1.200493,HWC,1,1,0,0
3425,1.091620,1.018407,HWC,1,1,0,0
3427,1.175979,1.305641,MGC,4,2,0,0
3429,1.196847,1.224753,MGC,2,1,0,0
343,1.136466,1.202256,MGC,1,1,0,0
3430,1.162669,1.242111,MGC,1,1,0,0
3431,1.037143,1.249569,MGC,1,4,0,0
3432,1.131896,1.256373,MGC,3,2,0,0
3434,1.206880,1.261488,MGC,2,1,0,0
3437,1.107252,1.005942,HWC,1,1,0,0
3438,1.072662,1.244003,MGC,1,1,0,0
344,1.107911,1.106980,HWC,1,1,0,0
3441,1.167845,1.430952,MGC,4,2,0,0
3442,1.227969,1.161693,HWC,2,2,0,0
3445,1.099166,1.161748,MGC,1,1,0,0
3446,1.047383,1.059440,MGC,1,1,0,0
3448,1.068171,1.179550,MGC,1,1,0,0
345,1.073417,1.253240,MGC,1,1,0,0
3451,1.194317,1.265672,MGC,2,1,0,0
3454,1.206381,1.290061,MGC,2,2,0,0
3457,1.131925,1.158559,MGC,3,1,0,0
346,1.107418,1.288940,MGC,1,1,0,0
3460,1.033962,1.298606,MGC,1,2,0,0
3463,1.004851,1.182368,MGC,1,3,0,0
3465,1.117833,1.199983,MGC,5,2,0,0
3466,1.397841,1.412296,MGC,2,1,0,0
3470,1.150973,1.129914,HWC,1,1,0,0
3474,1.055806,0.993927,HWC,1,1,0,0
3476,1.241917,1.258342,MGC,2,5,0,0
348,1.120773,1.375813,MGC,1,2,0,0
3480,1.058595,1.150866,MGC,2,1,0,0
3481,1.067595,1.035684,HWC,1,1,0,0
3482,1.123759,1.303890,MGC,1,1,0,0
3483,1.486736,1.484633,HWC,2,2,0,0
3484,1.137440,1.101631,HWC,1,1,0,0
3487,1.105231,1.138518,MGC,2,2,0,0
3488,1.172892,1.106618,HWC,1,1,0,0
3491,1.012670,1.002366,HWC,1,1,0,0
3492,1.159957,1.022950,HWC,1,1,0,0
3493,1.076253,1.058861,HWC,1,1,0,0
3494,1.155005,1.029892,HWC,8,1,0,0
3496,1.090895,1.019197,HWC,11,1,0,0
3497,1.079036,1.075218,HWC,1,1,0,0
3498,1.049807,1.026872,HWC,2,1,0,0
3500,1.116309,1.155970,MGC,3,2,0,0
3503,1.094461,1.325873,MGC,1,1,0,0
3504,1.027014,0.988415,HWC,1,1,0,0
3505,1.032315,1.378353,MGC,1,1,0,0
3507,1.141015,0.990683,HWC,1,1,0,0
3508,1.067043,1.129874,MGC,2,2,0,0
351,1.054433,0.989914,HWC,1,1,0,0
3510,1.141021,1.089000,HWC,1,1,0,0
3512,1.100338,1.047774,HWC,1,1,0,0
3515,1.066531,1.049762,HWC,1,1,0,0
3516,1.201140,1.209963,MGC,1,2,0,0
3519,1.041144,1.047446,MGC,1,1,0,0
352,1.176494,1.297377,MGC,2,2,0,0
3523,1.104625,1.268640,MGC,1,1,0,0
3525,1.054734,1.338550,MGC,1,2,0,0
3526,1.066592,1.267339,MGC,1,2,0,0
3527,1.059624,1.016418,HWC,1,1,0,0
3528,1.040222,1.168753,MGC,1,2,0,0
3529,1.048188,1.284861,MGC,1,1,0,0
353,1.094691,1.110369,MGC,2,1,0,0
3535,1.132081,1.012540,HWC,1,1,0,0
3536,1.052700,1.111684,MGC,1,1,0,0
3537,1.148510,1.262395,MGC,1,2,0,0
3540,1.066529,1.156261,MGC,1,1,0,0
3543,1.353818,1.092717,HWC,1,1,0,0
3544,1.201789,1.231518,MGC,1,1,0,0
3548,1.053463,1.051758,HWC,1,1,0,0
3549,1.072922,1.003619,HWC,1,1,0,0
3550,1.080237,1.138402,MGC,1,1,0,0
3552,1.080097,1.215650,MGC,3,2,0,0
3554,1.066188,1.204107,MGC,1,1,0,0
3556,1.142717,1.201266,MGC,1,1,0,0
3559,1.030134,1.141278,MGC,1,1,0,0
356,1.216816,1.177771,HWC,3,2,0,0
3562,1.119353,1.363829,MGC,3,1,0,0
3565,1.147882,1.326564,MGC,1,1,0,0
3570,1.023024,1.002565,HWC,1,1,0,0
3571,1.139212,1.007017,HWC,1,1,0,0
3572,1.027162,1.114389,MGC,1,1,0,0
3573,1.316233,1.321410,MGC,2,1,0,0
3577,1.191211,1.098106,HWC,1,1,0,0
3578,1.139310,1.065362,HWC,3,1,0,0
358,1.085339,1.322701,MGC,1,1,0,0
3581,1.053919,1.041818,HWC,1,3,0,0
3582,1.060404,1.004679,HWC,1,1,0,0
3583,1.025664,1.312437,MGC,2,3,0,0
3584,1.134356,1.657605,MGC,4,2,0,0
3585,1.043988,1.063295,MGC,1,1,0,0
3587,1.359797,1.214477,HWC,1,1,0,0
3589,1.195199,1.384953,MGC,1,1,0,0
359,1.032216,1.133811,MGC,1,1,0,0
3594,1.157166,1.065417,HWC,2,1,0,0
36,1.114223,1.321327,MGC,3,1,0,0
3600,1.082261,1.012692,HWC,7,1,0,0
3601,1.114523,1.216303,MGC,11,1,0,0
3602,1.031050,1.027107,HWC,1,1,0,0
3605,1.106777,1.000575,HWC,1,1,0,0
3606,1.032670,1.299023,MGC,2,3,0,0
3607,1.051425,1.014001,HWC,1,1,0,0
3610,1.284135,1.079369,HWC,1,1,0,0
3612,1.116592,1.017710,HWC,4,1,0,0
3614,1.186219,1.397327,MGC,2,1,0,0
3615,1.204855,0.974848,HWC,1,1,0,0
3617,1.029006,0.987870,HWC,1,1,0,0
3619,1.010887,1.009048,HWC,1,1,0,0
362,1.117691,0.992736,HWC,1,1,0,0
3623,1.061019,1.051746,HWC,1,1,0,0
3624,1.262559,1.114859,HWC,1,1,0,0
3626,1.089053,1.056527,HWC,1,1,0,0
3631,1.041974,1.266871,MGC,4,2,0,0
3632,1.090420,1.231339,MGC,2,1,0,0
3633,1.111457,1.086451,HWC,1,1,0,0
3635,1.177786,1.230779,MGC,1,4,0,0
3638,1.096666,1.107958,MGC,1,1,0,0
364,1.116415,0.995395,HWC,1,1,0,0
3640,1.210883,1.333422,MGC,1,1,0,0
3642,1.150639,1.258732,MGC,3,1,0,0
3644,1.071581,1.227977,MGC,1,1,0,0
3645,0.945954,1.268377,MGC,2,3,0,0
3646,1.220116,1.444847,MGC,1,1,0,0
3647,1.159078,1.371176,MGC,3,1,0,0
3648,1.169569,1.215042,MGC,5,2,0,0
3649,1.043007,1.486440,MGC,1,3,0,0
365,1.345876,1.411447,MGC,1,1,0,0
3651,1.183203,1.028113,HWC,1,1,0,0
3652,1.066404,1.197952,MGC,5,1,0,0
3653,1.368449,1.210706,HWC,1,1,0,0
3654,1.106368,1.163715,MGC,8,1,0,0
3656,1.162283,1.181326,MGC,5,2,0,0
3661,1.038443,0.986047,HWC,1,1,0,0
3664,1.014413,1.121178,MGC,1,1,0,0
3665,1.106030,1.070299,HWC,2,1,0,0
3667,1.093026,1.109244,MGC,1,3,0,0
3671,1.096111,1.111770,MGC,1,1,0,0
3672,1.067412,1.330491,MGC,4,2,0,0
3673,0.997406,1.044177,MGC,1,1,0,0
3676,1.046592,1.108884,MGC,1,1,0,0
3678,1.282062,1.145028,HWC,1,1,0,0
3679,1.066911,1.216627,MGC,4,5,0,0
3683,1.071841,1.009975,HWC,1,1,0,0
3685,1.154825,1.252304,MGC,1,1,0,0
3687,0.930160,1.216118,MGC,10,1,1,0
3688,1.181403,1.231985,MGC,2,2,0,0
3689,1.090624,1.159041,MGC,3,2,0,0
369,1.029015,0.999590,HWC,1,1,0,0
3690,1.167617,1.198440,MGC,3,1,0,0
3692,1.111125,1.004484,HWC,1,1,0,0
3693,1.152725,1.040910,HWC,1,1,0,0
3694,1.117012,1.077578,HWC,2,1,0,0
3695,1.181262,1.311372,MGC,2,5,0,0
3698,1.123694,1.268235,MGC,1,1,0,0
37,1.091803,1.261593,MGC,3,1,0,0
370,1.110904,1.192354,MGC,1,2,0,0
3701,1.054422,1.184592,MGC,1,1,0,0
3705,1.019061,1.097324,MGC,1,1,0,0
3710,1.070454,1.283013,MGC,1,1,0,0
3711,1.135742,1.213545,MGC,2,3,0,0
3713,1.147537,0.999214,HWC,2,1,0,0
3714,1.104611,1.071445,HWC,2,1,0,0
3716,1.102436,1.018383,HWC,1,1,0,0
3718,1.223746,1.135541,HWC,1,1,0,0
372,1.093636,1.121660,MGC,1,1,0,0
3723,1.124969,1.041313,HWC,1,1,0,0
3724,1.193148,1.120484,HWC,1,2,0,0
3725,1.182775,1.031581,HWC,1,1,0,0
3726,1.217605,1.312824,MGC,3,1,0,0
3727,1.185276,1.077532,HWC,3,1,0,0
3728,1.136166,1.304587,MGC,4,2,0,0
3729,1.162020,1.102678,HWC,1,1,0,0
373,1.270883,1.225556,HWC,2,3,0,0
3734,1.140769,1.416986,MGC,1,1,0,0
3735,1.130698,1.046762,HWC,1,1,0,0
3737,1.138597,1.358695,MGC,1,1,0,0
3738,1.219904,1.288619,MGC,1,3,0,0
3739,1.068454,1.301612,MGC,2,2,0,0
374,1.067181,1.183249,MGC,1,3,0,0
3740,1.182908,1.277918,MGC,1,1,0,0
3742,1.414366,0.993417,HWC,1,1,0,0
3743,1.199565,1.071340,HWC,3,1,0,0
3746,1.139197,1.131546,HWC,1,1,0,0
3747,1.164861,1.267927,MGC,2,1,0,0
375,1.284913,1.546640,MGC,1,2,0,0
3750,1.130593,1.260212,MGC,1,1,0,0
3751,1.079854,1.051937,HWC,1,1,0,0
3754,1.038126,1.010632,HWC,1,1,0,0
3755,1.075456,1.294607,MGC,1,1,0,0
376,1.107763,1.262204,MGC,1,1,0,0
3760,1.279207,1.413077,MGC,1,1,0,0
3762,1.070103,1.301586,MGC,3,1,0,0
3766,1.075326,1.119232,MGC,1,1,0,0
377,1.140102,1.269542,MGC,3,2,0,0
3770,1.300391,1.450059,MGC,3,2,0,0
3772,1.081240,0.994035,HWC,1,1,0,0
3775,1.063876,0.972859,HWC,1,1,0,0
3781,1.083681,1.136124,MGC,4,1,0,0
3782,1.224891,1.285842,MGC,1,1,0,0
3783,1.124855,1.035827,HWC,1,1,0,0
3786,1.064449,0.951037,HWC,1,1,0,0
3788,1.109560,1.201264,MGC,4,1,0,0
379,0.997970,1.004262,MGC,1,1,0,0
3791,1.114580,1.150374,MGC,2,2,0,0
3794,1.090262,1.082124,HWC,1,1,0,0
3797,1.141561,1.167840,MGC,1,1,0,0
3798,1.100228,1.161968,MGC,2,2,0,0
3799,1.157961,1.088770,HWC,2,1,0,0
3801,1.191216,1.133917,HWC,1,1,0,0
3803,1.066486,1.436170,MGC,1,1,0,0
3804,1.043665,1.202384,MGC,1,1,0,0
3806,1.030246,1.075846,MGC,1,1,0,0
3807,1.254502,1.255287,MGC,3,1,0,0
3810,1.007760,1.179172,MGC,1,1,0,0
3811,1.062953,1.199669,MGC,1,1,0,0
3812,1.081772,1.540334,MGC,1,1,0,0
3816,1.077954,1.121045,MGC,1,1,0,0
3817,1.061880,1.203129,MGC,2,1,0,0
3818,1.018610,1.259445,MGC,1,1,0,0
3819,1.258853,1.495330,MGC,3,2,0,0
382,1.208987,1.168324,HWC,1,1,0,0
3821,1.082395,1.073556,HWC,2,1,0,0
3825,1.137422,1.193130,MGC,1,1,0,0
3829,1.208053,1.282253,MGC,2,2,0,0
383,1.028140,1.195851,MGC,1,1,0,0
3830,1.067170,1.210650,MGC,1,1,0,0
3833,1.167286,1.141777,HWC,1,1,0,0
3836,1.257166,1.259851,MGC,3,2,0,0
3837,1.195781,1.151229,HWC,1,1,0,0
3845,1.252732,1.102105,HWC,1,1,0,0
3846,1.149292,1.177732,MGC,1,1,0,0
3847,1.150830,1.441064,MGC,3,1,0,0
3848,1.148690,1.300191,MGC,1,1,0,0
3849,1.156916,1.097144,HWC,1,1,0,0
385,1.126101,1.147979,MGC,3,1,0,0
3855,1.430041,1.216468,HWC,1,1,0,0
3857,1.183679,1.357415,MGC,6,2,0,0
3858,1.184307,1.089615,HWC,2,1,0,0
3859,1.095093,1.124350,MGC,4,1,0,0
386,1.074863,1.184152,MGC,3,1,0,0
3860,1.154279,1.225643,MGC,6,1,0,0
3861,1.092045,0.982827,HWC,1,1,0,0
3863,1.081036,1.172455,MGC,1,1,0,0
3864,1.099066,1.198721,MGC,1,1,0,0
3865,1.169771,0.923370,HWC,5,1,0,0
3868,1.129303,1.053281,HWC,1,1,0,0
3869,1.037827,1.353592,MGC,1,1,0,0
387,1.096528,1.249131,MGC,2,1,0,0
3870,1.185106,1.020627,HWC,1,1,0,0
3871,1.067588,1.112445,MGC,1,1,0,0
3872,1.072985,1.166323,MGC,1,1,0,0
3873,1.126369,0.996354,HWC,1,1,0,0
3874,1.134873,1.107461,HWC,5,1,0,0
3875,1.112237,1.295254,MGC,2,1,0,0
3876,1.041589,1.031847,HWC,1,1,0,0
3879,1.065811,1.055302,HWC,1,1,0,0
3882,1.186951,1.315362,MGC,3,2,0,0
3887,1.097650,0.998465,HWC,1,1,0,0
3889,1.015171,1.340145,MGC,1,2,0,0
3890,1.213864,1.100674,HWC,1,1,0,0
3892,1.178031,1.017891,HWC,1,1,0,0
3893,1.090786,1.195859,MGC,2,1,0,0
3896,1.018548,1.145049,MGC,1,1,0,0
3897,1.192170,1.371663,MGC,1,1,0,0
390,1.318703,1.207855,HWC,1,1,0,0
3902,1.124617,1.206319,MGC,2,2,0,0
3903,1.194665,1.256035,MGC,4,6,0,0
3905,1.221052,1.274859,MGC,1,1,0,0
3906,1.178338,1.211547,MGC,1,4,0,0
3908,1.301057,1.180474,HWC,1,1,0,0
3909,1.088387,1.040157,HWC,1,1,0,0
3911,1.120696,1.145205,MGC,2,1,0,0
3914,1.103359,1.233506,MGC,1,1,0,0
3916,1.165998,1.196978,MGC,1,2,0,0
3917,1.142185,1.018055,HWC,1,1,0,0
3918,1.149840,1.175211,MGC,5,1,0,0
3921,1.244450,1.285365,MGC,1,2,0,0
3922,1.174244,1.108858,HWC,2,1,0,0
3926,1.076242,1.101221,MGC,1,1,0,0
3928,1.115404,1.030496,HWC,1,1,0,0
393,1.134857,1.158112,MGC,2,5,0,0
3931,1.045862,1.295021,MGC,2,1,0,0
3934,1.071039,1.005869,HWC,1,1,0,0
3935,1.205814,1.036974,HWC,1,1,0,0
3936,1.131691,1.139490,MGC,3,1,0,0
3940,1.101421,1.016060,HWC,2,1,0,0
3941,1.219273,0.988473,HWC,2,1,0,0
3944,1.230166,1.167515,HWC,2,1,0,0
3946,1.057168,1.038076,HWC,1,1,0,0
3950,1.107547,1.040012,HWC,1,1,0,0
3951,1.533418,1.320959,HWC,1,1,0,0
3953,1.221691,1.193802,HWC,1,1,0,0
3955,1.148914,1.013836,HWC,1,1,0,0
3957,1.153941,1.245369,MGC,4,1,0,0
3958,1.127304,1.178389,MGC,3,1,0,0
396,1.226145,0.975051,HWC,1,1,0,0
3960,1.099834,1.188789,MGC,1,1,0,0
3963,1.110831,1.110489,HWC,4,4,0,0
3965,1.014138,1.013181,HWC,1,1,0,0
3966,1.229800,1.168817,HWC,2,1,0,0
3967,1.221819,1.219695,HWC,1,3,0,0
3968,1.183673,1.015508,HWC,1,1,0,0
3969,1.162071,1.072519,HWC,2,1,0,0
3970,1.193606,1.131318,HWC,2,1,0,0
3971,1.274493,1.561610,MGC,2,2,0,0
3974,1.206662,1.263932,MGC,1,1,0,0
3976,1.124796,1.317729,MGC,2,1,0,0
3977,1.495517,1.348175,HWC,1,2,0,0
3978,1.114956,1.105465,HWC,1,1,0,0
3979,1.215762,1.293902,MGC,4,4,0,0
398,1.173163,1.224092,MGC,4,3,0,0
3983,1.071696,1.134128,MGC,1,1,0,0
3989,1.121276,1.152889,MGC,1,1,0,0
3991,1.101269,1.195300,MGC,4,2,0,0
3992,1.193932,0.961296,HWC,1,1,0,0
3993,1.058203,1.245645,MGC,1,1,0,0
3996,1.128178,1.003070,HWC,1,1,0,0
3997,1.039366,1.137221,MGC,1,1,0,0
3999,1.116530,1.191876,MGC,1,1,0,0
400,1.222280,1.614892,MGC,2,1,0,0
4001,1.091067,1.019135,HWC,1,1,0,0
4002,1.264662,1.307181,MGC,1,2,0,0
4003,1.140223,1.022901,HWC,1,1,0,0
4005,1.117913,1.317194,MGC,1,1,0,0
4006,1.137569,1.033782,HWC,1,1,0,0
4007,1.134257,1.133952,HWC,1,1,0,0
4009,1.135379,1.279116,MGC,1,1,0,0
401,1.035861,1.039293,MGC,1,1,0,0
4010,1.105857,1.094018,HWC,1,1,0,0
4011,1.148840,1.193501,MGC,1,2,0,0
4017,1.005283,1.022065,MGC,1,1,0,0
4020,1.096970,1.297718,MGC,1,1,0,0
4024,0.974667,1.120344,MGC,4,1,0,0
4025,1.107365,1.133875,MGC,1,1,0,0
4029,1.036223,0.947672,HWC,1,1,0,0
403,1.254062,1.323805,MGC,2,1,0,0
4030,1.186594,1.240406,MGC,1,1,0,0
4031,1.226329,1.475796,MGC,1,3,0,0
4034,1.038466,0.987037,HWC,1,1,0,0
4035,1.193898,1.368890,MGC,1,1,0,0
4038,1.161371,1.119800,HWC,1,1,0,0
404,1.069105,1.088256,MGC,1,1,0,0
4040,1.211419,1.275916,MGC,2,1,0,0
4042,1.137054,1.413207,MGC,1,1,0,0
4045,1.148931,1.191477,MGC,3,1,0,0
4047,1.068924,1.326727,MGC,1,1,0,0
4050,1.092030,1.116930,MGC,1,1,0,0
4051,1.578850,1.304348,HWC,1,1,0,0
4052,1.161321,1.164151,MGC,1,1,0,0
4053,1.143071,1.377439,MGC,3,1,0,0
4054,1.150008,1.076262,HWC,1,1,0,0
4055,1.090273,1.134460,MGC,1,1,0,0
4056,1.138617,1.266925,MGC,1,1,0,0
4057,1.043829,1.234246,MGC,1,2,0,0
406,1.181434,1.219787,MGC,2,1,0,0
4061,1.250630,1.077189,HWC,2,1,0,0
4063,1.269598,1.262017,HWC,2,2,0,0
4068,1.170379,1.298787,MGC,1,1,0,0
4069,1.117044,1.114022,HWC,3,1,0,0
407,1.166477,1.077724,HWC,1,1,0,0
4071,1.070837,1.380386,MGC,1,1,0,0
4074,1.094143,1.024751,HWC,1,1,0,0
4076,1.323164,1.104780,HWC,1,1,0,0
4078,1.094570,1.012273,HWC,1,1,0,0
4082,1.160002,1.094005,HWC,1,1,0,0
4083,1.294931,1.223177,HWC,1,1,0,0
4088,1.064147,1.073675,MGC,1,1,0,0
409,1.161015,1.124185,HWC,1,1,0,0
4092,1.127172,1.222780,MGC,1,1,0,0
4094,1.187993,1.008735,HWC,3,1,0,0
4096,1.121947,0.995301,HWC,1,1,0,0
4098,1.073463,1.212396,MGC,1,1,0,0
4099,1.111207,1.075285,HWC,1,1,0,0
41,1.132505,1.039438,HWC,5,1,0,0
410,1.232484,1.040693,HWC,2,1,0,0
4100,1.122203,1.232020,MGC,1,1,0,0
4104,1.362625,1.103126,HWC,2,1,0,0
4105,1.282868,1.427055,MGC,3,1,0,0
4108,1.122284,1.265095,MGC,2,1,0,0
4109,0.983684,1.163426,MGC,1,1,0,0
411,1.178276,1.319733,MGC,8,2,0,0
4110,1.049557,1.037239,HWC,1,1,0,0
4113,1.095060,1.105253,MGC,2,1,0,0
4115,1.040354,1.024037,HWC,1,1,0,0
4116,1.109887,1.289299,MGC,4,1,0,0
4117,1.080439,1.182936,MGC,1,1,0,0
4119,1.207818,1.214094,MGC,1,1,0,0
412,1.133771,1.331971,MGC,1,2,0,0
4120,1.040390,1.126377,MGC,1,1,0,0
4121,1.059214,1.198923,MGC,1,1,0,0
4122,0.983575,1.249419,MGC,1,1,0,0
4123,1.117195,1.077687,HWC,1,1,0,0
4124,1.104027,1.184079,MGC,2,1,0,0
4125,1.113647,1.021975,HWC,1,1,0,0
4126,1.114446,1.292347,MGC,6,2,0,0
4129,1.096351,1.104013,MGC,1,1,0,0
4131,1.018609,1.239455,MGC,1,2,0,0
4132,1.108379,1.021599,HWC,1,1,0,0
4134,1.081028,1.049911,HWC,1,1,0,0
4137,1.201591,1.093458,HWC,2,1,0,0
414,1.517197,1.190268,HWC,2,1,0,0
4140,1.084287,1.159764,MGC,1,3,0,0
4143,1.210894,1.387925,MGC,2,1,0,0
4144,1.117172,1.212747,MGC,4,2,0,0
4145,1.031821,0.968732,HWC,1,1,0,0
4149,1.057752,1.102084,MGC,2,2,0,0
4153,1.179585,1.086835,HWC,3,1,0,0
4156,1.205880,1.193656,HWC,1,1,0,0
4157,1.137928,1.056081,HWC,1,1,0,0
4159,1.020585,1.289098,MGC,1,3,0,0
416,1.158418,1.068062,HWC,1,1,0,0
4160,1.222620,1.305460,MGC,2,2,0,0
4161,1.102467,1.237197,MGC,1,1,0,0
4164,1.291493,1.493271,MGC,1,1,0,0
4166,1.201676,1.321053,MGC,2,1,0,0
4169,1.264673,1.103800,HWC,2,1,0,0
4171,1.168404,0.979562,HWC,2,1,0,0
4176,1.175928,1.617938,MGC,2,1,0,0
4177,1.089230,1.138268,MGC,1,1,0,0
4180,1.125834,1.159493,MGC,3,4,0,0
4181,1.141118,1.065019,HWC,1,1,0,0
4187,1.156570,1.145204,HWC,1,1,0,0
4189,1.155883,1.032408,HWC,1,2,0,0
4195,1.149955,1.119930,HWC,2,2,0,0
4196,1.218891,1.196005,HWC,5,2,0,0
4197,1.116588,1.167827,MGC,2,2,0,0
4199,1.179348,1.137625,HWC,1,1,0,0
4202,1.032356,1.038296,MGC,1,1,0,0
4203,1.012495,1.046178,MGC,1,1,0,0
4204,1.132113,1.032313,HWC,1,1,0,0
4205,1.257093,1.164334,HWC,1,1,0,0
4206,1.156191,1.140013,HWC,4,1,0,0
4207,1.029741,1.010591,HWC,1,1,0,0
4208,1.130521,1.128342,HWC,1,1,0,0
4211,1.343500,1.164752,HWC,1,1,0,0
4214,1.149975,1.291605,MGC,2,1,0,0
4215,1.173670,1.126647,HWC,2,1,0,0
4217,0.992284,1.254631,MGC,1,3,0,0
4218,1.335869,1.036377,HWC,1,1,0,0
4219,1.057635,0.983030,HWC,1,1,0,0
422,1.148081,1.214062,MGC,2,1,0,0
4222,1.203565,1.212368,MGC,2,1,0,0
4224,1.160336,1.017685,HWC,1,1,0,0
4229,1.271694,1.262103,HWC,1,1,0,0
423,1.134064,1.114574,HWC,1,1,0,0
4236,1.133830,1.192441,MGC,1,3,0,0
424,1.244028,1.351389,MGC,1,1,0,0
4240,1.034071,1.133099,MGC,1,1,0,0
4245,1.221009,1.216868,HWC,3,1,0,0
4246,1.103263,1.169672,MGC,1,1,0,0
4248,1.082610,1.106821,MGC,1,1,0,0
4249,1.184686,1.172769,HWC,2,3,0,0
4250,1.043733,1.137974,MGC,1,1,0,0
4252,1.088868,1.091122,MGC,2,1,0,0
4254,1.120834,1.221637,MGC,6,1,0,0
4255,1.102671,1.120888,MGC,1,1,0,0
4257,1.111937,1.252223,MGC,4,1,0,0
4259,1.386769,0.981119,HWC,1,1,0,0
4261,1.142123,1.310974,MGC,3,1,0,0
4262,1.057168,1.107183,MGC,1,1,0,0
4263,1.074261,1.043825,HWC,2,1,0,0
4265,1.130308,1.198534,MGC,3,1,0,0
4267,0.983362,1.141262,MGC,1,2,0,0
4268,1.045543,1.412886,MGC,1,1,0,0
4269,1.107663,0.996993,HWC,5,1,0,0
427,1.161720,1.267342,MGC,5,2,0,0
4272,1.040018,1.262301,MGC,1,2,0,0
4282,1.119744,1.204710,MGC,2,1,0,0
4284,1.041733,1.230951,MGC,1,1,0,0
4286,1.204167,1.196180,HWC,1,1,0,0
4287,1.087195,1.057256,HWC,1,1,0,0
4288,1.122978,1.308336,MGC,1,1,0,0
4290,1.178515,1.152018,HWC,3,1,0,0
4291,0.965495,1.620508,MGC,1,2,0,0
4293,1.160084,1.220417,MGC,5,5,0,0
4294,1.268446,1.268128,HWC,1,2,0,0
4295,1.124370,1.302950,MGC,1,1,0,0
43,1.122487,1.327743,MGC,3,1,0,0
430,1.144280,1.150837,MGC,1,1,0,0
4300,1.158668,1.220857,MGC,1,2,0,0
4302,1.158749,1.117294,HWC,1,1,0,0
4308,1.019881,0.997515,HWC,1,1,0,0
4309,1.243724,1.184931,HWC,1,1,0,0
4310,1.187843,1.137808,HWC,1,2,0,0
4311,1.195326,1.243949,MGC,2,1,0,0
4312,1.139615,1.235563,MGC,2,2,0,0
4313,1.181792,1.176121,HWC,1,3,0,0
4315,1.166305,1.294596,MGC,6,1,0,0
4320,1.087584,1.077207,HWC,1,1,0,0
4322,1.143963,1.057902,HWC,1,1,0,0
4323,1.001420,1.503246,MGC,1,1,0,0
4326,1.190024,1.054818,HWC,2,1,0,0
4327,1.243188,1.114998,HWC,4,1,0,0
4329,1.124194,1.084361,HWC,2,1,0,0
433,1.274587,1.183088,HWC,2,4,0,0
4338,0.946450,1.054420,MGC,1,1,0,0
4341,1.104869,1.200004,MGC,1,2,0,0
4342,1.070988,1.101380,MGC,1,1,0,0
4343,1.150144,1.166105,MGC,1,1,0,0
4344,1.146405,1.150694,MGC,2,1,0,0
4350,1.131025,1.159582,MGC,2,1,0,0
4351,1.018594,1.242200,MGC,1,2,0,0
4353,1.024346,1.013790,HWC,1,1,0,0
4356,1.060546,1.059737,HWC,1,1,0,0
436,1.062889,1.012471,HWC,1,1,0,0
4360,1.166176,1.018924,HWC,1,1,0,0
4362,1.076822,1.093971,MGC,1,1,0,0
4364,1.240108,1.092917,HWC,2,1,0,0
4365,1.222235,1.128423,HWC,2,1,0,0
4367,1.153075,1.056944,HWC,1,2,0,0
4369,1.075603,1.211982,MGC,5,1,0,0
4370,1.144996,1.388976,MGC,2,2,0,0
4371,1.122940,1.337449,MGC,1,1,0,0
4373,1.278490,1.094362,HWC,1,1,0,0
4377,1.134130,1.214816,MGC,3,1,0,0
4378,1.175754,1.318149,MGC,1,1,0,0
4380,1.326953,1.275383,HWC,1,1,0,0
4381,1.023600,1.023967,MGC,1,1,0,0
4384,1.136297,1.127608,HWC,2,1,0,0
4385,1.161990,1.274104,MGC,1,1,0,0
4388,1.121219,1.223960,MGC,3,1,0,0
4389,1.021736,1.129963,MGC,1,1,0,0
4394,1.107569,0.958332,HWC,1,1,0,0
4395,1.121269,1.071601,HWC,2,1,0,0
4396,1.163795,1.141048,HWC,1,1,0,0
4397,1.195183,1.109995,HWC,1,1,0,0
4398,1.011342,1.024770,MGC,1,1,0,0
4399,1.137971,0.984747,HWC,4,1,0,0
440,1.235158,1.237827,MGC,1,1,0,0
4400,0.990669,1.103816,MGC,1,1,0,0
4401,1.064732,1.148324,MGC,5,3,0,0
4402,1.112912,1.167903,MGC,1,3,0,0
4406,1.077909,1.085611,MGC,1,1,0,0
4409,1.307785,1.093615,HWC,2,1,0,0
441,1.078655,1.040413,HWC,1,1,0,0
4410,1.042142,1.250345,MGC,3,1,0,0
4411,1.193062,1.075373,HWC,2,1,0,0
4412,1.200586,1.138151,HWC,1,1,0,0
4413,1.093498,1.018446,HWC,2,1,0,0
4416,1.027090,1.021507,HWC,1,1,0,0
4417,1.277745,1.461063,MGC,2,1,0,0
4419,1.139152,1.171022,MGC,2,1,0,0
442,1.215683,1.053706,HWC,1,1,0,0
4420,1.189435,1.516169,MGC,3,1,0,0
4421,1.165983,1.277706,MGC,2,1,0,0
4423,1.183456,1.071573,HWC,1,1,0,0
4424,1.170314,1.228862,MGC,2,1,0,0
4425,1.136127,1.178175,MGC,3,1,0,0
4427,1.111206,1.061956,HWC,2,1,0,0
443,1.119024,1.263932,MGC,1,1,0,0
4431,1.139685,1.130597,HWC,2,1,0,0
4433,1.226722,1.344921,MGC,2,2,0,0
4434,1.025092,1.149489,MGC,1,1,0,0
4435,1.146181,1.128883,HWC,1,1,0,0
4437,1.104154,1.129596,MGC,1,1,0,0
4438,1.016738,1.212651,MGC,1,3,0,0
4439,0.994276,1.482466,MGC,1,2,0,0
4441,1.137290,1.319332,MGC,1,1,0,0
4445,1.183228,1.114504,HWC,1,1,0,0
4446,1.206641,0.998411,HWC,1,1,0,0
4447,1.055220,1.162594,MGC,1,1,0,0
4448,1.077655,1.190791,MGC,1,2,0,0
4451,1.045478,1.136429,MGC,1,1,0,0
4454,1.091237,1.216488,MGC,1,1,0,0
4455,1.219629,1.092515,HWC,1,1,0,0
4456,1.132838,1.100982,HWC,2,1,0,0
4458,1.223427,1.194852,HWC,2,1,0,0
4459,1.071655,1.204859,MGC,1,2,0,0
446,1.077230,0.995426,HWC,1,1,0,0
4460,1.183899,1.033193,HWC,1,1,0,0
4464,1.142222,1.365185,MGC,2,1,0,0
4465,1.128209,1.016965,HWC,1,1,0,0
4467,1.096675,1.117351,MGC,1,3,0,0
4470,1.054771,1.248279,MGC,1,1,0,0
4473,1.219604,1.111729,HWC,1,1,0,0
4476,1.186840,1.091331,HWC,1,1,0,0
4479,1.111771,1.118880,MGC,2,1,0,0
448,1.295669,1.110854,HWC,1,1,0,0
4482,1.096615,1.158019,MGC,2,1,0,0
4483,1.208430,1.039429,HWC,1,1,0,0
4485,1.117766,1.031708,HWC,1,1,0,0
4486,1.057935,1.214312,MGC,1,2,0,0
4488,1.133458,1.183113,MGC,1,1,0,0
4491,0.997860,1.118712,MGC,2,1,0,0
4495,1.137297,1.056802,HWC,3,1,0,0
4498,1.194384,1.141493,HWC,1,1,0,0
4499,1.059507,1.218017,MGC,1,1,0,0
450,1.241588,1.152680,HWC,1,1,0,0
4500,1.094782,1.290531,MGC,4,3,0,0
4501,1.153081,1.282133,MGC,5,1,0,0
4504,1.173049,1.140445,HWC,1,1,0,0
4507,1.265494,1.202360,HWC,1,1,0,0
4508,1.114616,1.306799,MGC,2,1,0,0
4510,1.028571,1.291410,MGC,1,2,0,0
4512,1.320116,0.994628,HWC,1,1,0,0
4513,1.046736,0.980001,HWC,1,1,0,0
4514,1.108769,1.083967,HWC,1,1,0,0
4519,1.101902,1.091235,HWC,7,1,0,0
4520,1.065645,1.205621,MGC,1,1,0,0
4521,1.219380,1.057605,HWC,1,1,0,0
4523,1.101740,1.108742,MGC,1,1,0,0
4525,1.136313,1.301913,MGC,3,2,0,0
4526,1.176270,1.191852,MGC,1,1,0,0
4527,1.006428,1.026592,MGC,1,1,0,0
4532,1.165867,1.265732,MGC,2,2,0,0
4534,1.192650,1.228459,MGC,2,2,0,0
4538,1.197909,1.190365,HWC,1,3,0,0
454,1.145485,1.057317,HWC,2,1,0,0
4540,1.048688,1.062917,MGC,1,1,0,0
4541,1.151837,1.192628,MGC,1,1,0,0
4543,1.029288,1.076884,MGC,1,1,0,0
4546,1.035517,1.016208,HWC,1,1,0,0
4548,1.135360,1.071238,HWC,2,1,0,0
4549,1.253732,1.308696,MGC,1,1,0,0
4550,1.120935,1.131566,MGC,1,1,0,0
4553,1.044731,0.970408,HWC,1,1,0,0
4555,1.135084,1.044261,HWC,1,1,0,0
4556,1.182575,1.096588,HWC,1,1,0,0
4557,1.168576,1.296705,MGC,2,1,0,0
4561,1.142957,1.154394,MGC,2,1,0,0
4564,1.339734,1.118898,HWC,1,1,0,0
4565,1.095182,1.227419,MGC,1,1,0,0
457,1.268437,1.023827,HWC,1,1,0,0
4572,1.360529,1.199139,HWC,1,1,0,0
4575,1.291922,1.255968,HWC,2,1,0,0
4577,1.111104,1.203575,MGC,1,2,0,0
4578,1.227257,1.294400,MGC,1,1,0,0
458,1.001979,1.039627,MGC,1,1,0,0
4580,1.082171,1.133609,MGC,1,1,0,0
4581,1.065326,1.048185,HWC,1,1,0,0
4582,1.062132,1.073755,MGC,8,5,0,0
4584,1.235348,1.191516,HWC,1,1,0,0
4586,1.087544,1.099292,MGC,1,1,0,0
4587,1.002355,1.042520,MGC,1,1,0,0
4588,1.066623,0.976093,HWC,1,1,0,0
4589,1.193335,1.157209,HWC,5,3,0,0
4591,1.118228,1.188892,MGC,2,3,0,0
4593,1.218079,1.099225,HWC,3,2,0,0
4594,1.135116,1.087174,HWC,1,1,0,0
4596,1.037949,0.995551,HWC,1,1,0,0
4597,1.069909,1.180803,MGC,1,3,0,0
46,1.115256,1.031183,HWC,2,1,0,0
4600,1.227750,1.300543,MGC,1,1,0,0
4601,1.231585,1.102521,HWC,2,1,0,0
4602,1.165612,1.109515,HWC,1,1,0,0
4605,1.155277,1.100228,HWC,2,1,0,0
4606,1.646271,1.203245,HWC,1,1,0,0
4608,1.085646,1.294519,MGC,2,2,0,0
4614,1.319992,1.155346,HWC,2,1,0,0
4615,1.078322,1.034373,HWC,1,1,0,0
4619,1.041554,1.368017,MGC,1,2,0,0
462,1.078013,1.082543,MGC,4,1,0,0
4621,1.123409,1.217845,MGC,3,1,0,0
4624,1.053333,1.002770,HWC,1,1,0,0
4627,1.124257,1.013112,HWC,1,1,0,0
4629,1.263612,1.011954,HWC,1,1,0,0
463,1.194148,1.150695,HWC,1,1,0,0
4631,1.206651,1.100201,HWC,1,1,0,0
4634,1.187888,1.002600,HWC,1,1,0,0
4635,1.079236,1.025314,HWC,1,1,0,0
4636,1.109015,1.111689,MGC,12,4,0,0
4637,1.155519,1.722038,MGC,1,2,0,0
4639,1.112463,1.039086,HWC,1,1,0,0
4641,1.071010,1.145769,MGC,1,1,0,0
4642,1.072937,1.129707,MGC,1,1,0,0
4647,1.126695,1.234565,MGC,2,2,0,0
4650,1.027176,1.095420,MGC,1,1,0,0
4652,1.102649,1.890568,MGC,1,1,0,0
4653,1.064676,1.112629,MGC,1,1,0,0
4654,1.086108,1.209943,MGC,1,1,0,0
4655,1.041499,1.075100,MGC,1,1,0,0
4659,1.082360,1.042112,HWC,1,1,0,0
4660,1.222171,1.212733,HWC,2,2,0,0
4661,1.233886,1.255234,MGC,1,1,0,0
4662,1.074580,1.248525,MGC,1,1,0,0
4664,1.129907,1.230702,MGC,2,1,0,0
4668,1.026598,1.056577,MGC,1,1,0,0
4669,1.178975,1.087331,HWC,1,1,0,0
4670,1.148381,1.011503,HWC,1,1,0,0
4671,1.199933,1.142630,HWC,1,1,0,0
4673,1.081903,1.082855,MGC,1,1,0,0
4675,1.030412,1.218861,MGC,5,1,0,0
4677,1.178440,1.250731,MGC,1,2,0,0
4678,1.121544,1.073923,HWC,2,1,0,0
4680,1.228496,1.001751,HWC,1,1,0,0
4682,1.154698,1.154718,MGC,1,1,0,0
4683,1.167443,1.252399,MGC,1,1,0,0
4686,1.197858,1.020995,HWC,2,1,0,0
4689,1.136543,1.191671,MGC,3,3,0,0
4691,1.205146,1.228560,MGC,1,1,0,0
4693,1.072468,1.102233,MGC,1,1,0,0
4695,1.197851,1.088301,HWC,2,1,0,0
4696,1.117959,1.189436,MGC,1,1,0,0
4700,1.224273,1.086325,HWC,1,1,0,0
4701,1.132813,1.039544,HWC,1,1,0,0
4703,1.015124,1.228417,MGC,1,1,0,0
4706,1.032844,1.232728,MGC,1,1,0,0
4709,1.042704,1.018048,HWC,1,1,0,0
471,1.016566,1.089387,MGC,1,1,0,0
4710,1.025224,1.103829,MGC,1,1,0,0
4711,1.059042,1.152726,MGC,1,1,0,0
4714,1.154261,1.071565,HWC,1,1,0,0
4715,1.184715,1.119765,HWC,1,1,0,0
4717,1.043673,1.041756,HWC,1,1,0,0
4718,1.180034,1.042729,HWC,1,1,0,0
4719,1.049176,1.142063,MGC,1,1,0,0
4720,1.085712,1.149461,MGC,2,1,0,0
4723,1.363676,1.175399,HWC,2,2,0,0
4725,1.207900,0.994186,HWC,1,1,0,0
4726,1.052227,1.504705,MGC,1,1,0,0
4729,1.037361,1.151954,MGC,1,2,0,0
473,1.040449,1.163379,MGC,1,1,0,0
4739,1.093845,1.092635,HWC,4,1,0,0
474,1.231297,1.315095,MGC,2,2,0,0
4740,0.984479,1.266965,MGC,1,1,0,0
4742,1.203947,1.097102,HWC,1,1,0,0
4744,1.081008,1.254859,MGC,3,2,0,0
4746,1.093683,1.140528,MGC,1,1,0,0
4747,1.031443,1.099683,MGC,1,1,0,0
4748,1.135427,1.169130,MGC,1,1,0,0
4751,1.106822,1.052078,HWC,1,1,0,0
4753,1.162057,1.165359,MGC,3,1,0,0
4758,1.063567,1.120567,MGC,1,1,0,0
4759,1.142217,1.027409,HWC,1,1,0,0
4760,1.068672,1.202778,MGC,3,5,0,0
4761,1.117907,1.216281,MGC,2,1,0,0
4765,1.054275,1.036601,HWC,1,1,0,0
4767,1.097270,1.303313,MGC,6,1,0,0
4768,1.182317,1.212107,MGC,1,2,0,0
4769,1.239092,1.027933,HWC,1,1,0,0
4771,1.258014,1.049465,HWC,1,1,0,0
4773,1.145177,1.033339,HWC,1,1,0,0
4774,1.091989,1.188462,MGC,1,2,0,0
4775,1.081094,0.981993,HWC,1,1,0,0
4778,1.000624,1.055300,MGC,1,1,0,0
4779,1.186188,1.466299,MGC,2,2,0,0
478,1.040370,1.006336,HWC,1,1,0,0
4780,1.147235,1.181938,MGC,3,2,0,0
4782,1.034335,1.313639,MGC,1,2,0,0
4783,1.103095,1.235636,MGC,1,1,0,0
4786,1.116071,0.997688,HWC,2,1,0,0
4788,1.260782,1.479753,MGC,1,1,0,0
479,1.105054,1.064301,HWC,1,1,0,0
4790,0.986861,1.122914,MGC,1,1,0,0
4791,1.142561,1.177219,MGC,2,1,0,0
4797,1.112366,1.338146,MGC,1,1,0,0
4798,1.045972,0.984849,HWC,1,1,0,0
48,1.212507,1.294349,MGC,1,1,0,0
480,1.101909,1.061038,HWC,3,1,0,0
4800,1.036569,1.082812,MGC,1,1,0,0
4801,1.216874,1.245089,MGC,2,3,0,0
4807,1.015969,1.007496,HWC,1,1,0,0
4808,1.085179,1.044145,HWC,1,1,0,0
4809,1.148115,1.206042,MGC,2,2,0,0
4810,1.070610,1.018725,HWC,1,1,0,0
4811,1.268816,1.248891,HWC,2,1,0,0
482,1.059372,1.054666,HWC,1,1,0,0
4822,1.170717,1.189993,MGC,3,3,0,0
4823,1.211822,1.312018,MGC,1,1,0,0
4824,1.383948,1.153542,HWC,2,1,0,0
4827,1.196652,1.220910,MGC,1,2,0,0
4830,1.085752,1.046917,HWC,1,1,0,0
4831,1.071427,1.083017,MGC,1,1,0,0
4832,1.014874,1.033959,MGC,1,1,0,0
4835,1.071418,1.310603,MGC,1,1,0,0
4836,1.248338,1.031217,HWC,1,1,0,0
4838,1.134541,1.067217,HWC,2,1,0,0
484,1.117566,1.199849,MGC,1,1,0,0
4843,1.153713,1.183556,MGC,3,1,0,0
4845,1.226866,1.099368,HWC,1,2,0,0
4846,1.067547,1.014331,HWC,1,1,0,0
4847,1.302938,1.126318,HWC,1,1,0,0
4848,1.040518,1.027149,HWC,2,1,0,0
485,1.117611,1.240687,MGC,1,2,0,0
4850,1.319353,1.201742,HWC,1,1,0,0
4852,1.105239,1.031900,HWC,1,1,0,0
4853,1.224347,1.189518,HWC,1,1,0,0
4855,1.049192,1.307607,MGC,2,1,0,0
4856,1.121262,1.096209,HWC,3,4,0,0
486,1.228687,1.227743,HWC,1,1,0,0
4860,1.140514,1.137373,HWC,1,4,0,0
4861,1.102153,1.435760,MGC,3,1,0,0
4862,1.224909,1.187758,HWC,1,1,0,0
4864,1.117915,1.210328,MGC,1,1,0,0
4870,1.068541,1.130555,MGC,1,1,0,0
4875,1.056744,1.354127,MGC,1,1,0,0
4881,1.075144,1.172594,MGC,3,1,0,0
4882,1.064457,1.046925,HWC,1,1,0,0
4886,1.080765,1.167425,MGC,10,3,0,0
4888,1.046598,1.011498,HWC,3,1,0,0
4889,1.236674,1.328448,MGC,2,2,0,0
489,1.048635,1.149300,MGC,2,1,0,0
4890,1.254731,1.158794,HWC,1,1,0,0
4892,1.115512,1.038127,HWC,3,1,0,0
4895,1.222456,1.000949,HWC,2,1,0,0
4898,1.155260,1.270686,MGC,1,1,0,0
4899,1.237415,1.052654,HWC,1,1,0,0
49,1.085253,1.054261,HWC,1,1,0,0
490,1.063881,1.172346,MGC,1,1,0,0
4902,1.118165,1.044260,HWC,1,1,0,0
4904,1.117731,1.057439,HWC,1,1,0,0
4905,1.055539,1.205576,MGC,11,1,0,0
4910,1.082055,1.240044,MGC,1,1,0,0
4912,1.167170,1.147397,HWC,1,1,0,0
4914,1.182050,1.102095,HWC,1,1,0,0
4915,1.068736,1.003625,HWC,1,1,0,0
4918,1.108545,1.044791,HWC,1,1,0,0
4919,1.045076,1.140201,MGC,1,1,0,0
492,1.191532,1.341722,MGC,2,3,0,0
4920,1.146266,1.201015,MGC,2,2,0,0
4922,1.198350,1.387849,MGC,2,2,0,0
4927,1.182946,1.139198,HWC,3,1,0,0
4928,1.067400,1.183957,MGC,3,1,0,0
4929,1.344726,1.368164,MGC,1,2,0,0
493,1.050649,1.267531,MGC,1,1,0,0
4930,1.189142,1.348839,MGC,1,2,0,0
4933,1.397522,1.188023,HWC,2,2,0,0
4935,1.034907,1.125610,MGC,1,1,0,0
4936,1.238430,1.054426,HWC,1,1,0,0
4937,1.092959,1.125246,MGC,2,1,0,0
4939,1.252743,0.984690,HWC,1,1,0,0
494,1.133902,1.332529,MGC,3,1,0,0
4940,1.119783,1.134970,MGC,1,1,0,0
4942,0.959238,1.062098,MGC,1,1,0,0
4947,1.053615,1.032119,HWC,1,1,0,0
4948,1.313367,1.221597,HWC,3,1,0,0
4949,1.227794,1.264421,MGC,5,2,0,0
4950,1.169572,1.044234,HWC,1,1,0,0
4952,1.047979,1.080603,MGC,6,1,0,0
4953,1.124635,1.314683,MGC,1,4,0,0
4954,1.164811,1.232296,MGC,4,3,0,0
4955,1.094825,1.145431,MGC,1,1,0,0
4956,1.156126,1.245079,MGC,5,1,0,0
4959,1.361489,1.369296,MGC,1,1,0,0
4960,1.218536,1.343082,MGC,3,2,0,0
4965,1.205368,1.210354,MGC,1,1,0,0
4967,1.131623,1.228737,MGC,5,1,0,0
4969,1.219583,1.125657,HWC,3,3,0,0
497,1.252643,1.312055,MGC,2,2,0,0
4970,1.165087,1.257690,MGC,3,2,0,0
4973,1.255386,1.060304,HWC,2,1,0,0
4974,1.123503,1.157068,MGC,1,2,0,0
4975,1.063627,1.087587,MGC,1,1,0,0
4977,1.116324,1.332438,MGC,1,1,0,0
4978,1.159438,1.005375,HWC,1,1,0,0
4979,1.091211,1.096073,MGC,2,2,0,0
498,1.276463,1.306704,MGC,3,1,0,0
4983,1.094115,1.011567,HWC,3,1,0,0
4984,1.229858,1.120306,HWC,1,1,0,0
4988,1.092823,1.185440,MGC,1,1,0,0
499,0.999137,1.227776,MGC,4,1,0,0
4992,1.197687,1.139687,HWC,1,1,0,0
4994,1.149713,1.204118,MGC,1,1,0,0
4997,1.155849,1.035111,HWC,1,1,0,0
4998,1.073241,1.019470,HWC,1,1,0,0
50,1.128317,1.119902,HWC,1,1,0,0
500,1.111081,1.035261,HWC,1,1,0,0
5000,1.148369,1.435680,MGC,2,1,0,0
5004,1.032762,1.172943,MGC,1,1,0,0
5006,1.159697,1.162159,MGC,2,1,0,0
5008,1.005250,1.074981,MGC,1,1,0,0
501,1.251780,1.415333,MGC,2,1,0,0
5013,1.066105,1.176265,MGC,2,1,0,0
5017,1.037875,1.419888,MGC,1,2,0,0
5018,1.157064,1.119501,HWC,2,1,0,0
5019,1.151496,1.176324,MGC,1,1,0,0
502,1.504983,1.244854,HWC,2,1,0,0
5020,1.231201,1.289913,MGC,1,1,0,0
5021,1.268363,1.424117,MGC,1,1,0,0
5022,1.032022,1.181060,MGC,1,1,0,0
5024,0.956876,1.017222,MGC,2,1,0,0
5028,1.051043,1.030396,HWC,1,1,0,0
5029,1.017312,1.056388,MGC,1,1,0,0
503,1.103681,1.253897,MGC,3,2,0,0
5033,1.070338,1.361195,MGC,1,1,0,0
5034,1.202344,1.375325,MGC,5,2,0,0
5035,1.091915,1.188283,MGC,1,1,0,0
5036,1.128745,1.135067,MGC,1,1,0,0
5037,1.123082,1.143794,MGC,1,1,0,0
5038,1.053226,1.308733,MGC,4,1,0,0
5039,1.168289,1.123659,HWC,2,1,0,0
504,1.042731,1.155685,MGC,1,1,0,0
5040,1.043793,1.028682,HWC,1,1,0,0
5043,1.047399,1.120763,MGC,1,1,0,0
5044,1.148818,1.189957,MGC,1,6,0,0
5048,1.011356,0.999246,HWC,1,1,0,0
5049,1.007316,1.099428,MGC,1,1,0,0
5051,1.357197,1.148348,HWC,2,1,0,0
5052,1.174244,1.096240,HWC,1,1,0,0
5055,1.115556,1.097798,HWC,8,2,0,0
5056,1.179116,0.969126,HWC,4,1,0,0
5058,1.236037,0.996088,HWC,2,1,0,0
5059,1.011979,1.120390,MGC,1,1,0,0
5061,1.093094,0.993018,HWC,1,1,0,0
5062,1.085012,1.216634,MGC,1,1,0,0
5065,1.036644,1.041806,MGC,1,1,0,0
5067,1.142135,1.336208,MGC,2,2,0,0
5068,1.164253,1.042786,HWC,1,1,0,0
507,1.053838,1.196419,MGC,6,1,0,0
5071,1.240184,1.162096,HWC,1,1,0,0
5072,1.093288,0.984779,HWC,1,1,0,0
5077,1.095069,1.008269,HWC,1,1,0,0
5078,1.138785,1.322348,MGC,1,3,0,0
5082,1.156275,1.230810,MGC,2,2,0,0
5085,1.116179,1.360536,MGC,1,2,0,0
5086,1.161350,1.230002,MGC,1,1,0,0
5087,1.121319,1.288332,MGC,1,1,0,0
5088,1.169929,1.082072,HWC,1,1,0,0
509,1.210601,1.199680,HWC,2,2,0,0
5090,1.035160,1.094662,MGC,1,1,0,0
5092,1.007759,1.022413,MGC,1,1,0,0
5095,1.126992,1.242330,MGC,1,1,0,0
5100,1.143131,1.131727,HWC,3,1,0,0
5101,1.173159,1.142867,HWC,6,2,0,0
5102,1.004509,1.377255,MGC,1,1,0,0
5103,1.020552,1.135635,MGC,1,1,0,0
5104,1.078396,1.202430,MGC,2,1,0,0
5105,1.034248,1.036317,MGC,1,1,0,0
5106,1.045276,1.191007,MGC,1,4,0,0
5107,1.069124,1.003896,HWC,1,1,0,0
5108,1.113271,1.213390,MGC,3,2,0,0
5109,1.134164,1.200590,MGC,1,1,0,0
511,1.020486,1.148224,MGC,1,1,0,0
5110,1.150795,1.038141,HWC,1,1,0,0
5112,1.193197,1.070354,HWC,1,1,0,0
5113,1.040417,1.135464,MGC,1,1,0,0
5114,1.238439,1.202145,HWC,1,4,0,0
5118,1.243744,1.044994,HWC,1,1,0,0
5119,1.087018,1.024281,HWC,1,1,0,0
512,1.337213,1.276287,HWC,2,1,0,0
5120,1.006640,1.113981,MGC,1,1,0,0
5122,1.269422,1.166272,HWC,2,2,0,0
5124,1.103112,1.111210,MGC,4,1,0,0
5125,1.205334,1.048106,HWC,2,1,0,0
513,0.947607,1.178561,MGC,1,2,0,0
5134,1.072363,1.086191,MGC,1,1,0,0
5135,1.206357,1.058982,HWC,4,1,0,0
5137,1.184225,1.036677,HWC,1,1,0,0
5139,1.028612,1.196230,MGC,2,2,0,0
5140,1.308814,1.268624,HWC,4,2,0,0
5142,1.208798,1.192666,HWC,1,2,0,0
5143,1.141854,1.339153,MGC,4,2,0,0
5146,1.268158,1.010853,HWC,1,1,0,0
5149,1.133626,1.102232,HWC,3,1,0,0
515,1.144775,1.209275,MGC,4,6,0,0
5150,0.996577,1.084069,MGC,1,1,0,0
5152,1.163970,1.010445,HWC,1,1,0,0
5154,1.166196,1.043496,HWC,1,1,0,0
5155,1.133149,1.196756,MGC,1,1,0,0
5156,1.009092,1.020785,MGC,1,1,0,0
5157,1.189703,1.321893,MGC,3,1,0,0
5159,1.068585,1.031386,HWC,1,1,0,0
516,1.011541,1.386178,MGC,1,1,0,0
5161,1.006468,1.158229,MGC,1,1,0,0
5162,1.129562,1.268757,MGC,2,4,0,0
5163,1.222743,1.290457,MGC,2,1,0,0
5166,1.074937,1.032859,HWC,2,1,0,0
5167,1.185551,1.259742,MGC,1,1,0,0
5169,1.101099,1.030104,HWC,1,1,0,0
517,1.084252,1.001411,HWC,1,1,0,0
5171,1.153021,1.065564,HWC,1,1,0,0
5174,1.177319,1.155180,HWC,2,1,0,0
5176,1.157485,1.095385,HWC,1,1,0,0
518,1.175891,0.996987,HWC,3,1,0,0
5183,1.089963,1.039566,HWC,1,1,0,0
5185,1.031536,1.132736,MGC,1,1,0,0
5187,1.111969,1.204340,MGC,2,5,0,0
5188,1.118233,1.328835,MGC,1,1,0,0
519,1.203489,1.246227,MGC,1,1,0,0
5191,1.125479,1.120165,HWC,2,4,0,0
5194,1.095019,1.227908,MGC,4,2,0,0
5198,1.132845,1.039041,HWC,1,1,0,0
5199,1.091522,0.993213,HWC,1,1,0,0
5202,1.074370,1.067852,HWC,1,1,0,0
5203,1.192501,1.104966,HWC,1,1,0,0
5206,1.195227,1.137948,HWC,3,1,0,0
5207,1.055924,1.247942,MGC,1,2,0,0
5209,1.356435,1.217332,HWC,1,1,0,0
5211,1.041326,1.517088,MGC,1,1,0,0
5212,1.060924,1.032734,HWC,2,1,0,0
5215,1.107816,1.077528,HWC,1,1,0,0
5216,1.138304,1.169431,MGC,1,1,0,0
5218,1.082688,1.237567,MGC,2,1,0,0
5220,1.093991,1.078858,HWC,2,1,0,0
5222,1.189861,1.005024,HWC,1,1,0,0
5223,1.190940,0.980970,HWC,6,1,0,0
5229,1.106317,1.211810,MGC,2,1,0,0
523,0.992169,1.016870,MGC,2,1,0,0
5230,1.092395,1.156128,MGC,2,1,0,0
5233,1.040462,1.144878,MGC,1,1,0,0
5235,1.131250,1.228968,MGC,1,1,0,0
5236,1.066976,1.017538,HWC,1,1,0,0
5238,1.048879,1.273246,MGC,1,1,0,0
5240,1.100366,1.268044,MGC,3,3,0,0
5241,1.176532,1.453265,MGC,2,1,0,0
5244,1.075134,1.029534,HWC,4,1,0,0
5245,1.081340,1.052271,HWC,1,1,0,0
5248,1.191771,1.074808,HWC,1,1,0,0
5249,1.145797,1.199179,MGC,1,2,0,0
5260,1.088603,1.013735,HWC,1,1,0,0
5264,1.208806,1.261172,MGC,3,1,0,0
5267,1.137485,1.165068,MGC,2,5,0,0
5268,1.115928,1.238049,MGC,1,1,0,0
5269,1.227877,1.285822,MGC,2,1,0,0
527,1.109476,1.138441,MGC,1,1,0,0
5270,1.203784,1.169480,HWC,5,1,0,0
5271,1.083313,1.072416,HWC,2,1,0,0
5272,1.119167,1.146605,MGC,2,1,0,0
5273,1.125898,1.236140,MGC,2,2,0,0
5274,1.187291,1.391649,MGC,2,2,0,0
5275,1.174776,1.089477,HWC,1,1,0,0
5276,1.087891,1.124737,MGC,1,1,0,0
5277,1.218686,1.300122,MGC,1,1,0,0
5278,1.126635,1.282968,MGC,1,3,0,0
5280,1.023542,1.159048,MGC,1,1,0,0
5282,1.037449,1.095734,MGC,1,1,0,0
5284,1.193227,1.180865,HWC,2,1,0,0
5285,1.097088,1.287396,MGC,3,1,0,0
5286,1.248815,1.247344,HWC,1,1,0,0
5288,1.161618,1.327717,MGC,1,1,0,0
5289,1.076808,1.060796,HWC,1,1,0,0
529,1.289960,1.150750,HWC,1,1,0,0
5291,1.185316,1.220769,MGC,5,2,0,0
5292,1.162613,1.302660,MGC,1,2,0,0
5293,1.229662,1.259875,MGC,2,2,0,0
5294,1.063470,1.182584,MGC,2,2,0,0
5295,1.099424,1.021020,HWC,2,1,0,0
5299,1.119021,1.247783,MGC,6,1,0,0
530,1.036460,1.046979,MGC,1,1,0,0
5301,1.132203,1.032898,HWC,4,1,0,0
5302,1.128597,1.305190,MGC,3,2,0,0
5303,1.072335,1.032113,HWC,1,1,0,0
5304,1.118998,1.116398,HWC,1,1,0,0
5305,1.086710,1.112679,MGC,5,4,0,0
5308,1.149889,1.276092,MGC,2,1,0,0
5312,1.116376,1.011499,HWC,1,1,0,0
5313,1.139759,1.079878,HWC,1,1,0,0
5317,1.050307,1.282796,MGC,1,1,0,0
532,1.065856,1.059416,HWC,1,1,0,0
5320,1.259820,1.395602,MGC,3,1,0,0
5321,1.070456,1.193901,MGC,1,1,0,0
5322,1.214901,0.999987,HWC,2,1,0,0
5324,1.269961,1.027342,HWC,1,1,0,0
5325,1.183989,1.383955,MGC,1,1,0,0
5328,1.233814,1.175792,HWC,2,1,0,0
5329,1.171080,1.183534,MGC,1,2,0,0
5330,1.217385,1.136097,HWC,2,1,0,0
5332,1.113911,1.062711,HWC,1,1,0,0
5335,1.191724,1.300197,MGC,5,2,0,0
5338,1.006726,1.038570,MGC,1,1,0,0
5340,1.051443,1.020111,HWC,1,1,0,0
5342,0.951599,1.145875,MGC,1,1,0,0
5347,1.215716,1.355779,MGC,1,1,0,0
5348,1.068927,1.102677,MGC,3,1,0,0
535,1.189344,1.060079,HWC,1,1,0,0
5350,1.143521,1.205684,MGC,2,1,0,0
5351,1.132872,1.063912,HWC,3,1,0,0
5357,1.162318,1.045128,HWC,1,1,0,0
5358,1.126733,1.212230,MGC,1,1,0,0
5360,1.059388,1.192077,MGC,1,1,0,0
5362,1.160725,0.993270,HWC,1,1,0,0
5363,1.184958,1.131587,HWC,1,1,0,0
5364,1.101752,1.018062,HWC,1,1,0,0
5366,1.190956,1.318772,MGC,2,1,0,0
5367,1.052375,1.158950,MGC,1,1,0,0
537,1.056016,1.017963,HWC,1,1,0,0
5370,1.057569,1.201864,MGC,4,1,0,0
5372,1.098513,1.259559,MGC,1,2,0,0
5373,1.080475,0.988554,HWC,1,1,0,0
5374,1.114165,1.357712,MGC,1,1,0,0
5376,1.004695,1.077563,MGC,1,1,0,0
5379,1.107778,1.091679,HWC,1,1,0,0
5380,1.025513,1.004941,HWC,1,1,0,0
5382,1.100055,1.342346,MGC,1,1,0,0
5383,1.192265,1.357143,MGC,1,1,0,0
5384,1.131734,1.171333,MGC,1,1,0,0
5386,1.144842,1.222915,MGC,1,1,0,0
5387,1.110915,1.052497,HWC,1,1,0,0
5388,1.158212,1.249451,MGC,1,2,0,0
5390,1.239436,1.182001,HWC,1,2,0,0
5391,1.226554,0.987342,HWC,1,1,0,0
5396,1.034652,1.136789,MGC,1,1,0,0
5397,1.360768,1.575526,MGC,3,1,0,0
5399,1.291122,1.229953,HWC,1,1,0,0
54,1.178886,1.229700,MGC,1,1,0,0
540,1.080363,1.024180,HWC,15,1,0,0
5400,1.107747,1.349350,MGC,1,1,0,0
5401,1.086375,1.191955,MGC,1,1,0,0
5402,1.197505,1.170842,HWC,2,2,0,0
5405,1.193198,1.125386,HWC,2,1,0,0
5411,1.113937,1.161454,MGC,1,1,0,0
5412,1.110409,0.997427,HWC,1,1,0,0
5414,1.291638,1.267205,HWC,2,3,0,0
5415,1.144060,1.204092,MGC,1,1,0,0
5416,1.075533,1.019795,HWC,1,1,0,0
5417,1.129814,1.102095,HWC,1,1,0,0
5421,1.149469,1.170831,MGC,1,1,0,0
5422,1.046141,1.046514,MGC,1,1,0,0
5423,1.077167,1.010355,HWC,1,1,0,0
5426,1.169051,1.226249,MGC,1,1,0,0
5427,1.104166,1.233262,MGC,2,3,0,0
5428,1.242683,1.381834,MGC,2,2,0,0
543,1.208579,1.120258,HWC,1,1,0,0
5430,0.984193,1.061992,MGC,1,1,0,0
5434,1.295201,1.220844,HWC,2,5,0,0
5437,1.075807,0.987989,HWC,1,1,0,0
5439,1.313232,1.333666,MGC,2,1,0,0
544,1.046903,1.011407,HWC,1,1,0,0
5440,1.044532,1.172159,MGC,1,1,0,0
5442,1.072015,1.266682,MGC,9,2,0,0
5443,1.089073,1.043582,HWC,1,1,0,0
5444,1.085141,1.248140,MGC,2,2,0,0
5446,1.303875,1.098401,HWC,2,1,0,0
5447,1.053781,1.034007,HWC,1,1,0,0
5448,1.037313,1.291875,MGC,1,2,0,0
5451,1.183642,1.032867,HWC,1,1,0,0
5453,1.164810,1.401876,MGC,1,2,0,0
5456,1.034740,1.341851,MGC,1,1,0,0
5457,1.054330,1.178717,MGC,1,1,0,0
5461,1.170515,1.143610,HWC,1,1,0,0
5462,1.061037,1.036835,HWC,2,1,0,0
5463,0.960690,1.172666,MGC,3,1,0,0
5466,1.083515,1.329954,MGC,2,2,0,0
5467,1.272771,1.229312,HWC,2,1,0,0
5469,1.063648,1.008554,HWC,1,1,0,0
547,1.027171,0.984297,HWC,1,1,0,0
5473,1.208582,1.209923,MGC,2,4,0,0
5474,1.043542,1.174602,MGC,1,1,0,0
5475,1.095305,1.143557,MGC,5,2,0,0
5476,1.066459,1.135448,MGC,1,1,0,0
5483,1.095044,1.170261,MGC,4,2,0,0
5484,1.214977,1.171438,HWC,1,1,0,0
5485,1.081175,1.272673,MGC,1,2,0,0
5486,1.151476,1.184862,MGC,1,2,0,0
5488,1.039002,1.207581,MGC,1,2,0,0
5489,1.166167,1.208112,MGC,5,2,0,0
5490,1.136649,1.291851,MGC,1,2,0,0
5491,1.123362,1.265404,MGC,1,1,0,0
5493,0.992251,1.310243,MGC,1,1,0,0
5494,1.130026,1.086343,HWC,1,1,0,0
5495,1.036125,1.002274,HWC,1,1,0,0
5496,1.186800,1.002026,HWC,1,1,0,0
5498,1.263892,1.246010,HWC,2,1,0,0
55,1.123638,1.121423,HWC,1,1,0,0
550,1.112839,1.038427,HWC,1,1,0,0
5500,1.107641,1.095174,HWC,1,1,0,0
5501,1.195216,1.245154,MGC,1,2,0,0
5504,1.114311,1.105358,HWC,3,1,0,0
5505,1.177054,1.375817,MGC,1,2,0,0
5506,1.417038,1.513561,MGC,1,2,0,0
5507,1.096673,1.117435,MGC,1,1,0,0
5508,1.018316,1.199824,MGC,1,2,0,0
5509,1.155307,1.066930,HWC,1,1,0,0
551,1.122671,1.120864,HWC,1,1,0,0
5510,1.023216,1.155768,MGC,1,1,0,0
5514,1.163240,1.366318,MGC,2,1,0,0
5515,1.197052,1.360581,MGC,1,1,0,0
5516,1.166009,1.025984,HWC,1,1,0,0
5518,1.084440,1.016825,HWC,1,1,0,0
5524,1.185918,1.063885,HWC,1,1,0,0
5528,1.014748,1.124807,MGC,1,1,0,0
5529,1.000994,1.136830,MGC,1,1,0,0
553,1.091542,1.086925,HWC,3,1,0,0
5530,1.113282,0.988275,HWC,1,1,0,0
5532,1.058808,0.996024,HWC,1,1,0,0
5533,1.276134,1.177321,HWC,1,2,0,0
5536,1.095276,1.170334,MGC,1,1,0,0
5540,1.458533,1.319492,HWC,1,1,0,0
5541,1.003169,1.021875,MGC,1,1,0,0
5542,1.155362,1.027380,HWC,1,1,0,0
5543,1.123640,1.026343,HWC,1,1,0,0
5544,1.294495,1.098223,HWC,2,1,0,0
5545,1.148086,1.257837,MGC,2,2,0,0
5548,1.138624,1.456827,MGC,1,1,0,0
5549,1.175924,1.364428,MGC,1,1,0,0
5550,1.113501,1.131029,MGC,8,6,0,0
5554,1.173417,1.059824,HWC,1,1,0,0
5556,1.105533,1.077288,HWC,1,1,0,0
5558,1.144119,1.046387,HWC,2,1,0,0
5559,1.091218,1.260766,MGC,1,1,0,0
556,1.174564,1.117835,HWC,1,1,0,0
5564,1.105540,1.104536,HWC,4,2,0,0
5565,1.095837,1.235293,MGC,1,1,0,0
5567,1.153720,1.255571,MGC,4,2,0,0
5569,1.194300,1.056920,HWC,1,1,0,0
5571,0.994310,1.206440,MGC,1,2,0,0
5572,0.981998,1.252772,MGC,1,2,0,0
5574,1.187814,1.041076,HWC,2,1,0,0
5576,1.113394,1.030684,HWC,5,1,0,0
5577,1.063814,1.164807,MGC,1,1,0,0
5579,1.082365,1.106585,MGC,1,1,0,0
558,1.215749,1.086253,HWC,2,1,0,0
5580,1.102785,1.029974,HWC,1,1,0,0
5581,1.275956,1.126497,HWC,2,1,0,0
5585,1.210230,1.357973,MGC,3,2,0,0
5588,1.314822,1.170678,HWC,1,1,0,0
559,1.213425,1.340100,MGC,1,1,0,0
5591,1.069571,1.243560,MGC,1,2,0,0
5596,1.102960,1.079303,HWC,8,1,0,0
5598,1.130122,1.040980,HWC,1,1,0,0
56,1.246406,1.024458,HWC,1,1,0,0
560,1.161048,1.240669,MGC,3,4,0,0
5600,1.164345,1.330243,MGC,3,1,0,0
5606,1.177522,0.990061,HWC,1,1,0,0
5610,1.044329,1.154376,MGC,2,1,0,0
5611,1.220474,1.357911,MGC,1,2,0,0
5613,1.043704,1.306547,MGC,1,1,0,0
562,1.038049,1.008642,HWC,1,1,0,0
5621,1.033395,1.137454,MGC,1,1,0,0
5623,1.226253,1.232256,MGC,1,1,0,0
5626,1.092048,1.277540,MGC,1,1,0,0
5627,1.059472,1.177304,MGC,9,1,0,0
5628,1.171902,1.147271,HWC,3,2,0,0
563,1.191364,1.143569,HWC,2,1,0,0
5630,1.145361,1.325425,MGC,2,1,0,0
5632,1.047437,1.122553,MGC,1,1,0,0
5633,1.183945,1.320391,MGC,2,1,0,0
564,1.298191,1.412747,MGC,1,1,0,0
5640,1.128227,1.309911,MGC,9,2,0,0
5641,1.154458,1.062154,HWC,3,1,0,0
5642,1.167817,0.991374,HWC,2,1,0,0
5644,1.193876,1.219892,MGC,1,1,0,0
5645,1.367234,1.186471,HWC,1,1,0,0
5646,1.138521,1.188063,MGC,2,1,0,0
5649,1.126003,1.140124,MGC,1,1,0,0
5653,1.143184,1.252203,MGC,3,1,0,0
5655,1.147407,1.093228,HWC,3,1,0,0
5657,1.085097,1.412271,MGC,2,1,0,0
5659,1.092140,1.195667,MGC,2,2,0,0
566,1.115106,1.045210,HWC,3,1,0,0
5661,1.060521,0.991679,HWC,1,1,0,0
5665,1.035632,1.173832,MGC,8,1,0,0
5666,1.176237,1.035835,HWC,2,1,0,0
5668,1.161126,1.010886,HWC,1,1,0,0
5669,1.330822,1.219054,HWC,1,1,0,0
567,1.070848,1.220175,MGC,2,2,0,0
5672,0.952950,0.993320,MGC,18,1,7,0
5673,1.102940,1.090444,HWC,3,1,0,0
5677,1.092780,0.979739,HWC,1,1,0,0
5678,1.108180,1.129336,MGC,1,1,0,0
5680,1.135092,1.169181,MGC,1,1,0,0
5684,1.144322,1.346360,MGC,3,1,0,0
5685,1.100050,1.102331,MGC,1,1,0,0
5686,1.133273,1.198581,MGC,1,1,0,0
5687,1.021608,1.025140,MGC,1,1,0,0
5688,1.136092,1.253023,MGC,2,1,0,0
569,1.143963,1.059884,HWC,1,1,0,0
5692,1.124747,1.226354,MGC,5,2,0,0
5694,1.136193,1.168455,MGC,3,1,0,0
5699,1.357499,1.161862,HWC,2,4,0,0
57,1.052901,0.971780,HWC,1,1,0,0
570,1.047340,1.222220,MGC,1,1,0,0
5700,1.092921,1.231699,MGC,2,2,0,0
5701,1.213708,1.021779,HWC,2,1,0,0
5706,1.207558,1.082285,HWC,1,1,0,0
5709,1.167597,1.069572,HWC,2,1,0,0
571,1.102627,1.002523,HWC,1,1,0,0
5712,1.053726,1.394447,MGC,1,1,0,0
5713,1.078910,1.266892,MGC,1,1,0,0
5714,1.091102,1.056307,HWC,1,1,0,0
5716,1.091331,1.114277,MGC,1,1,0,0
5718,1.043676,1.098815,MGC,1,2,0,0
5719,1.265863,1.250209,HWC,2,1,0,0
5721,1.066053,1.180958,MGC,1,1,0,0
5728,1.164015,1.162543,HWC,2,1,0,0
573,1.163170,1.118760,HWC,2,2,0,0
5731,1.144856,1.051837,HWC,1,1,0,0
5732,1.346993,1.126812,HWC,1,1,0,0
5734,1.229253,1.147842,HWC,1,1,0,0
5735,1.105999,1.190336,MGC,2,1,0,0
5737,0.994982,1.049911,MGC,1,1,0,0
5738,1.088003,1.110752,MGC,1,1,0,0
5739,0.979944,1.109358,MGC,1,1,0,0
5742,1.105336,0.994161,HWC,2,1,0,0
5744,1.056664,1.045385,HWC,1,1,0,0
5747,1.330692,1.453379,MGC,2,1,0,0
5748,1.136282,1.199293,MGC,3,1,0,0
575,1.054579,0.977997,HWC,1,1,0,0
5752,1.055258,0.996330,HWC,1,1,0,0
5753,1.169188,1.333650,MGC,2,3,0,0
5755,1.076822,1.257189,MGC,1,1,0,0
5756,1.186784,1.214182,MGC,1,1,0,0
5760,1.016262,1.313937,MGC,1,1,0,0
5761,1.044589,1.052788,MGC,1,1,0,0
5763,1.219588,1.037264,HWC,1,1,0,0
5764,1.171020,1.295072,MGC,1,1,0,0
5767,1.139558,1.127453,HWC,1,1,0,0
5769,1.045623,1.071761,MGC,1,1,0,0
5775,1.156506,1.087691,HWC,1,1,0,0
5777,1.255229,1.016734,HWC,1,1,0,0
5779,1.165079,1.303655,MGC,5,1,0,0
578,1.165530,1.231834,MGC,1,1,0,0
5780,1.159690,1.135822,HWC,1,1,0,0
5781,1.237615,1.288210,MGC,3,2,0,0
5782,1.272456,1.232674,HWC,2,1,0,0
5784,1.060678,1.135484,MGC,1,1,0,0
5786,1.070814,1.521624,MGC,1,1,0,0
5788,1.067316,1.207667,MGC,1,2,0,0
5790,1.101947,1.149870,MGC,3,4,0,0
5794,1.228364,1.399925,MGC,1,2,0,0
5795,1.115646,1.283485,MGC,2,1,0,0
5796,1.095576,1.117690,MGC,1,1,0,0
5797,1.165826,1.228585,MGC,2,2,0,0
5798,1.144370,1.140070,HWC,2,1,0,0
58,1.075803,1.285023,MGC,1,1,0,0
5800,1.169498,1.095141,HWC,2,1,0,0
5801,1.227527,1.382805,MGC,3,2,0,0
5803,1.159407,1.173719,MGC,3,2,0,0
5804,1.199150,1.131982,HWC,1,1,0,0
5806,1.091058,1.199592,MGC,1,2,0,0
5808,1.151161,1.069734,HWC,1,1,0,0
5809,1.094237,1.162762,MGC,3,2,0,0
581,1.139577,1.189012,MGC,1,1,0,0
5811,1.014201,1.013905,HWC,1,1,0,0
5812,1.038367,1.180872,MGC,1,1,0,0
5813,1.123537,1.019107,HWC,1,1,0,0
5816,1.097437,0.992800,HWC,1,1,0,0
5821,1.175510,1.132423,HWC,1,1,0,0
5823,1.186121,1.233402,MGC,4,3,0,0
5825,1.194006,1.027166,HWC,1,1,0,0
5827,1.108836,1.294116,MGC,5,1,0,0
5828,1.062728,1.050275,HWC,1,1,0,0
5829,1.095668,1.176233,MGC,2,1,0,0
583,1.112862,1.153088,MGC,5,1,0,0
5830,1.153350,1.505155,MGC,1,2,0,0
5831,1.054535,1.265420,MGC,2,1,0,0
5833,1.114955,1.234163,MGC,2,2,0,0
5834,1.111918,1.180491,MGC,2,1,0,0
5835,1.199595,1.197260,HWC,1,1,0,0
5836,1.122682,1.188695,MGC,5,1,0,0
5837,1.156791,1.229021,MGC,1,1,0,0
5840,1.020739,1.032140,MGC,1,1,0,0
5842,1.170753,1.096451,HWC,2,3,0,0
5843,1.095159,1.058257,HWC,1,1,0,0
5845,1.076582,1.059113,HWC,2,1,0,0
5847,1.050347,1.000982,HWC,1,1,0,0
5848,1.192680,1.048061,HWC,1,1,0,0
5849,0.939132,1.050063,MGC,2,2,0,0
585,1.095059,1.300131,MGC,2,1,0,0
5851,1.052981,0.993998,HWC,1,1,0,0
5852,1.129362,1.095348,HWC,3,1,0,0
5853,1.156599,1.403745,MGC,1,2,0,0
5856,1.090242,1.236916,MGC,1,2,0,0
5857,1.143257,1.290204,MGC,2,1,0,0
5858,1.076461,1.244399,MGC,1,2,0,0
586,1.273036,1.243271,HWC,1,1,0,0
5862,1.090094,1.159038,MGC,2,2,0,0
5863,1.098988,1.005910,HWC,2,1,0,0
5864,1.236165,1.066115,HWC,1,1,0,0
5865,1.097610,1.177998,MGC,6,1,0,0
5866,1.007760,1.062136,MGC,1,1,0,0
5868,1.148884,1.091388,HWC,1,1,0,0
587,1.207760,1.422302,MGC,2,1,0,0
5870,1.147000,1.169672,MGC,1,1,0,0
5871,1.208455,1.238359,MGC,1,1,0,0
5872,1.289114,1.311661,MGC,6,2,0,0
5874,1.059016,1.029092,HWC,1,1,0,0
5875,1.151879,1.018511,HWC,1,1,0,0
5877,1.040253,1.072110,MGC,1,1,0,0
5879,1.122863,1.026217,HWC,1,1,0,0
588,1.189845,1.317627,MGC,5,2,0,0
5881,1.113726,1.044048,HWC,4,1,0,0
5883,1.028325,1.241951,MGC,1,2,0,0
5889,1.056702,1.476940,MGC,1,1,0,0
5893,1.294060,1.414720,MGC,2,1,0,0
5895,1.065553,1.090362,MGC,1,1,0,0
5896,1.084105,1.382448,MGC,6,2,0,0
5898,1.234543,1.122116,HWC,1,1,0,0
5899,1.230415,1.195063,HWC,1,1,0,0
59,1.561619,1.484651,HWC,2,1,0,0
590,1.217008,1.151476,HWC,1,1,0,0
5902,1.119175,1.130540,MGC,7,1,0,0
5903,1.128003,1.127230,HWC,1,1,0,0
5904,1.178981,1.227817,MGC,2,1,0,0
5906,0.979944,1.112805,MGC,1,1,0,0
5907,1.066994,0.998451,HWC,1,1,0,0
5908,1.104713,1.024301,HWC,1,1,0,0
5913,1.076334,0.963268,HWC,1,1,0,0
5914,1.080808,1.306081,MGC,1,1,0,0
5916,1.232732,1.322251,MGC,1,3,0,0
5917,1.074190,1.153945,MGC,1,1,0,0
5919,1.155372,1.372083,MGC,1,1,0,0
5920,1.062486,1.018273,HWC,1,1,0,0
5923,1.100393,1.157425,MGC,4,2,0,0
5924,1.126673,1.227642,MGC,3,1,0,0
5926,1.328723,1.260614,HWC,3,3,0,0
5929,1.251579,1.145933,HWC,1,1,0,0
5930,1.149532,1.126235,HWC,2,1,0,0
5933,1.029361,1.024511,HWC,2,1,0,0
5934,1.198960,1.300325,MGC,2,2,0,0
5935,1.088953,1.063025,HWC,1,1,0,0
5936,1.002783,1.256989,MGC,1,2,0,0
5942,1.091335,1.115480,MGC,1,1,0,0
5943,1.087919,1.129404,MGC,1,1,0,0
5944,1.052142,1.074265,MGC,1,1,0,0
5949,1.177816,1.394257,MGC,1,1,0,0
595,1.187607,1.146786,HWC,1,1,0,0
5951,1.140352,1.111863,HWC,3,1,0,0
5954,1.062278,1.025114,HWC,1,1,0,0
5955,1.132022,1.295176,MGC,1,1,0,0
5958,1.135152,1.340357,MGC,3,3,0,0
596,0.975182,0.980925,MGC,1,1,0,0
5960,1.006938,1.010389,MGC,1,1,0,0
5961,1.201558,1.068211,HWC,1,1,0,0
5962,1.045941,1.247700,MGC,1,1,0,0
5964,1.174699,1.431350,MGC,1,2,0,0
5965,1.040992,1.114394,MGC,1,1,0,0
5969,1.066530,1.296338,MGC,1,1,0,0
597,1.083288,1.166160,MGC,2,2,0,0
5970,1.125169,1.287885,MGC,1,1,0,0
5974,1.153670,1.276861,MGC,1,3,0,0
5975,1.123326,1.310656,MGC,2,2,0,0
5977,1.121207,1.068747,HWC,1,1,0,0
5978,1.127770,1.274653,MGC,1,2,0,0
5979,1.087246,1.321250,MGC,1,2,0,0
5980,1.056878,1.139309,MGC,2,1,0,0
5981,1.095576,1.044755,HWC,2,1,0,0
5986,1.025070,1.045812,MGC,1,1,0,0
5988,1.194980,1.307204,MGC,6,2,0,0
5990,1.130083,1.410720,MGC,1,1,0,0
5992,1.259797,1.006719,HWC,3,1,0,0
5994,1.193481,0.965316,HWC,2,1,0,0
5997,1.076677,1.202744,MGC,1,1,0,0
5998,1.213393,1.069003,HWC,1,1,0,0
5999,1.013195,1.227139,MGC,1,2,0,0
6002,1.140296,1.157492,MGC,3,3,0,0
6003,1.224552,1.348296,MGC,1,2,0,0
6008,1.047175,1.018122,HWC,5,1,0,0
6009,1.010081,1.029018,MGC,1,1,0,0
6011,1.124172,1.005078,HWC,1,1,0,0
6012,1.051143,1.142136,MGC,1,1,0,0
6017,1.362438,1.259878,HWC,1,1,0,0
6019,1.098694,1.089153,HWC,1,1,0,0
6021,1.188901,1.333773,MGC,1,1,0,0
6022,1.081332,1.206179,MGC,1,1,0,0
6025,1.147952,1.108216,HWC,1,1,0,0
6026,1.232268,1.218950,HWC,2,1,0,0
6027,1.316192,1.369241,MGC,2,2,0,0
6028,1.192238,1.226726,MGC,2,1,0,0
6029,1.082265,0.995105,HWC,1,1,0,0
6030,1.113553,1.214752,MGC,7,2,0,0
6031,1.115290,1.024380,HWC,1,1,0,0
6033,0.996511,1.101347,MGC,1,1,0,0
6034,1.218601,1.058910,HWC,2,1,0,0
6037,1.113011,1.150472,MGC,5,1,0,0
6038,1.053831,1.101318,MGC,6,1,0,0
6039,1.068492,1.068794,MGC,1,1,0,0
6040,1.124189,1.098217,HWC,3,1,0,0
6041,1.224266,1.181023,HWC,1,1,0,0
6042,1.052792,1.208368,MGC,1,1,0,0
6043,1.076568,1.205597,MGC,3,1,0,0
6044,1.282176,1.459655,MGC,1,1,0,0
6045,0.966713,1.011282,MGC,1,1,0,0
6051,1.025923,1.051151,MGC,1,1,0,0
6054,1.220838,1.158851,HWC,2,3,0,0
6060,1.111957,1.171061,MGC,2,1,0,0
6064,1.105265,1.310865,MGC,1,1,0,0
6065,1.180254,1.110329,HWC,2,1,0,0
6066,1.124007,1.035996,HWC,1,1,0,0
6067,1.078355,1.160638,MGC,2,1,0,0
607,1.089292,1.137483,MGC,2,1,0,0
6071,1.035030,1.039816,MGC,1,1,0,0
6073,1.164494,1.011523,HWC,1,1,0,0
6074,1.140338,1.100435,HWC,1,1,0,0
6075,1.073226,1.077421,MGC,1,1,0,0
6076,1.110518,1.031238,HWC,1,1,0,0
6079,1.078404,0.972816,HWC,2,1,0,0
608,1.128034,1.182660,MGC,6,1,0,0
6080,1.106549,1.129192,MGC,1,1,0,0
6082,1.146296,0.993776,HWC,1,1,0,0
6083,1.107863,1.111164,MGC,2,1,0,0
6084,1.155921,1.132993,HWC,1,1,0,0
6086,1.089633,1.191909,MGC,2,1,0,0
6088,1.215969,1.214722,HWC,2,1,0,0
6092,1.191619,1.286174,MGC,2,1,0,0
6093,1.050261,1.064021,MGC,1,1,0,0
6096,1.010746,1.110460,MGC,1,1,0,0
6097,1.211472,1.256883,MGC,2,1,0,0
6098,1.039376,1.464141,MGC,2,1,0,0
610,1.196044,1.455900,MGC,1,1,0,0
6103,1.129919,1.243499,MGC,6,3,0,0
6105,1.022481,1.119108,MGC,1,1,0,0
6107,1.082765,1.236909,MGC,6,3,0,0
6112,1.259607,1.370547,MGC,1,1,0,0
6114,1.141858,1.354771,MGC,3,3,0,0
6116,1.046965,1.095194,MGC,4,1,0,0
612,1.049937,1.286156,MGC,1,1,0,0
6120,1.011660,1.187623,MGC,2,3,0,0
6123,1.130415,1.385067,MGC,1,2,0,0
6124,1.103727,1.265452,MGC,4,2,0,0
6128,1.131464,1.031830,HWC,1,1,0,0
613,1.058687,1.240855,MGC,1,1,0,0
6130,1.288685,1.002412,HWC,2,1,0,0
6131,1.089233,1.016634,HWC,1,1,0,0
6133,1.096239,1.197635,MGC,1,1,0,0
6134,1.158067,1.186321,MGC,2,1,0,0
6135,1.036801,1.039546,MGC,1,1,0,0
6136,0.977226,1.022531,MGC,1,1,0,0
614,1.102261,1.047668,HWC,2,1,0,0
6141,1.115924,1.113739,HWC,1,1,0,0
6143,1.138090,1.254977,MGC,1,2,0,0
6145,1.024937,1.126903,MGC,1,1,0,0
6149,1.092809,1.167273,MGC,1,2,0,0
615,1.042600,1.205944,MGC,2,1,0,0
6151,1.051542,0.975187,HWC,1,1,0,0
6153,1.216923,1.004658,HWC,1,1,0,0
6156,1.135156,1.012022,HWC,2,1,0,0
6159,1.066906,1.194431,MGC,1,1,0,0
616,1.039490,1.047100,MGC,1,1,0,0
6160,1.107080,1.169186,MGC,3,2,0,0
6162,1.106869,1.065632,HWC,1,1,0,0
6163,1.016777,1.173206,MGC,1,3,0,0
6165,1.029526,1.051549,MGC,1,1,0,0
6166,0.998419,1.383001,MGC,1,1,0,0
6168,1.088683,1.170351,MGC,1,1,0,0
6177,1.224775,1.216380,HWC,1,1,0,0
6178,1.055162,1.195983,MGC,1,1,0,0
6179,1.171413,1.220657,MGC,1,1,0,0
6180,1.210699,1.139467,HWC,3,1,0,0
6181,1.084803,1.040633,HWC,9,1,0,0
6182,1.192248,1.219289,MGC,1,1,0,0
6185,1.009514,1.147373,MGC,1,1,0,0
6188,1.217405,1.287088,MGC,3,2,0,0
6189,1.181835,1.199560,MGC,6,1,0,0
619,1.067803,1.307305,MGC,3,1,0,0
6193,1.230699,1.024327,HWC,2,1,0,0
6197,1.028245,0.976920,HWC,7,1,0,0
6199,1.125639,1.214382,MGC,4,2,0,0
6200,1.249938,1.205969,HWC,1,2,0,0
6201,1.162976,1.015935,HWC,1,1,0,0
6203,0.976090,1.076358,MGC,1,1,0,0
6208,1.242940,1.485850,MGC,2,2,0,0
6209,1.211729,1.212002,MGC,2,1,0,0
6211,1.164966,1.088895,HWC,2,1,0,0
6212,1.186389,1.111874,HWC,2,1,0,0
6213,1.247907,1.245968,HWC,1,1,0,0
6216,1.091034,1.198995,MGC,2,1,0,0
6217,1.042783,1.145630,MGC,1,1,0,0
6218,1.399616,1.374492,HWC,1,1,0,0
622,1.127992,1.137978,MGC,4,1,0,0
6221,0.979774,1.181864,MGC,2,2,0,0
6222,1.077728,1.048891,HWC,1,1,0,0
6224,1.081021,1.068745,HWC,1,1,0,0
6225,1.126696,1.127977,MGC,1,2,0,0
6227,1.136122,1.082213,HWC,2,1,0,0
6228,1.208804,1.323756,MGC,2,1,0,0
6229,1.043993,1.034459,HWC,1,2,0,0
6230,1.035759,1.374881,MGC,1,1,0,0
6231,1.112939,1.119274,MGC,3,3,0,0
6233,1.019745,1.112334,MGC,1,1,0,0
6235,1.210474,1.278461,MGC,2,2,0,0
6237,1.152630,0.998429,HWC,2,1,0,0
6238,1.196910,1.453311,MGC,2,2,0,0
6239,1.003639,1.153707,MGC,1,1,0,0
6240,1.001459,0.993515,HWC,1,1,0,0
6241,1.143361,0.989336,HWC,6,1,0,0
6245,1.023022,1.002815,HWC,1,1,0,0
6247,1.089997,1.195479,MGC,1,1,0,0
625,1.123825,0.978304,HWC,1,1,0,0
6250,1.166024,1.287476,MGC,2,1,0,0
6253,1.041458,1.110679,MGC,1,1,0,0
6256,1.035424,0.968807,HWC,1,1,0,0
6259,1.074170,1.345821,MGC,1,1,0,0
6260,1.272123,1.264681,HWC,1,1,0,0
6263,1.153246,1.128999,HWC,1,2,0,0
6266,1.140987,1.301592,MGC,2,2,0,0
6267,1.114932,1.152012,MGC,5,3,0,0
6268,1.017302,1.128155,MGC,3,1,0,0
627,1.154659,1.131049,HWC,2,2,0,0
6271,1.029479,1.289952,MGC,3,1,0,0
6272,1.017041,1.041476,MGC,1,1,0,0
6273,1.093782,1.201062,MGC,3,1,0,0
6276,1.252110,1.197098,HWC,1,1,0,0
6277,1.055815,1.042812,HWC,1,1,0,0
6279,1.123862,1.212485,MGC,1,1,0,0
6280,1.160773,1.178162,MGC,3,1,0,0
6283,1.052617,1.305397,MGC,1,1,0,0
6284,1.157604,1.111748,HWC,1,1,0,0
6286,1.147219,1.220467,MGC,2,2,0,0
6287,1.157338,1.066993,HWC,1,1,0,0
6288,1.104198,1.340464,MGC,2,1,0,0
6290,1.139082,1.274865,MGC,11,2,0,0
6291,1.187962,1.198017,MGC,2,1,0,0
6292,1.046290,1.284750,MGC,1,1,0,0
6295,1.262925,1.127173,HWC,1,1,0,0
6297,1.176286,1.193111,MGC,1,1,0,0
63,1.054806,1.027989,HWC,1,1,0,0
6306,1.194377,1.062592,HWC,1,1,0,0
6309,1.024444,1.244267,MGC,1,2,0,0
631,1.115136,1.110276,HWC,2,1,0,0
6310,1.310541,1.339098,MGC,2,1,0,0
6312,1.202722,1.240173,MGC,2,1,0,0
6314,1.169843,1.009726,HWC,2,1,0,0
6315,1.219783,1.108887,HWC,1,1,0,0
6316,1.100796,1.072724,HWC,6,4,0,0
6317,1.055450,1.299706,MGC,1,2,0,0
6318,1.057071,1.171509,MGC,1,2,0,0
6319,1.081825,1.047772,HWC,1,1,0,0
632,1.208804,1.289331,MGC,1,1,0,0
6323,1.049255,1.002712,HWC,1,1,0,0
6325,0.982696,1.087671,MGC,1,1,0,0
6326,1.161524,1.024200,HWC,3,1,0,0
6329,1.052498,1.004369,HWC,1,1,0,0
633,1.171488,1.267308,MGC,3,1,0,0
6331,1.181631,1.133310,HWC,1,1,0,0
6332,1.063381,1.061545,HWC,2,1,0,0
6333,1.159893,1.254989,MGC,4,1,0,0
6338,1.032920,1.392692,MGC,1,2,0,0
634,1.132581,1.235382,MGC,1,1,0,0
6345,1.350892,1.265268,HWC,1,2,0,0
6346,1.239434,1.314364,MGC,1,1,0,0
6347,1.134588,1.118754,HWC,4,1,0,0
6348,1.124138,0.961012,HWC,1,1,0,0
635,1.119476,1.211246,MGC,5,3,0,0
6350,1.130969,1.286105,MGC,2,1,0,0
6353,1.092145,1.085903,HWC,2,1,0,0
6356,1.181776,1.028192,HWC,1,1,0,0
6358,1.088548,1.650285,MGC,1,1,0,0
6361,1.161122,0.997220,HWC,1,1,0,0
6362,1.020827,1.226337,MGC,2,1,0,0
6366,1.058321,1.290885,MGC,1,1,0,0
6368,1.089916,1.057136,HWC,1,1,0,0
6369,1.056140,0.999988,HWC,1,1,0,0
637,1.120475,1.346035,MGC,1,2,0,0
6370,1.188897,1.183243,HWC,1,3,0,0
6374,1.303026,1.492801,MGC,2,2,0,0
6375,0.990698,1.264468,MGC,1,1,0,0
6376,1.204459,1.118435,HWC,1,1,0,0
638,1.202447,1.241524,MGC,1,1,0,0
6381,1.271304,1.169181,HWC,2,1,0,0
6382,1.109283,0.983519,HWC,1,1,0,0
6384,1.090701,1.299389,MGC,2,2,0,0
6386,1.144078,1.063452,HWC,1,1,0,0
6388,1.026792,1.242214,MGC,1,2,0,0
6389,1.221778,1.045788,HWC,3,1,0,0
639,1.053998,1.184988,MGC,1,1,0,0
6390,1.188908,1.146799,HWC,3,2,0,0
6395,1.110869,1.310170,MGC,4,2,0,0
6398,1.072278,1.069515,HWC,1,1,0,0
6399,1.191382,0.980298,HWC,2,1,0,0
64,1.062628,1.176477,MGC,1,1,0,0
6400,1.176913,1.305186,MGC,1,1,0,0
6402,1.060028,1.226516,MGC,1,1,0,0
6403,1.153840,1.032414,HWC,1,1,0,0
6404,1.170005,1.233460,MGC,1,1,0,0
6406,1.160771,1.191247,MGC,1,1,0,0
6407,1.152182,1.236690,MGC,1,2,0,0
6408,1.084545,1.139743,MGC,2,2,0,0
6409,1.216411,1.025473,HWC,1,1,0,0
641,1.289508,1.169936,HWC,1,1,0,0
6410,1.123675,1.146273,MGC,1,1,0,0
6413,0.984559,1.165486,MGC,1,1,0,0
6415,1.034890,0.992465,HWC,1,1,0,0
6417,1.111818,1.116691,MGC,2,1,0,0
6418,1.284319,1.036334,HWC,1,1,0,0
6419,1.102058,1.259390,MGC,1,5,0,0
642,1.083022,1.270384,MGC,1,3,0,0
6421,1.105987,1.122359,MGC,1,1,0,0
6422,1.174936,1.327576,MGC,2,2,0,0
6426,1.042267,1.108412,MGC,1,1,0,0
6427,0.998916,1.016149,MGC,4,1,0,0
6428,1.185880,1.133338,HWC,1,1,0,0
6430,1.223587,1.018293,HWC,2,1,0,0
6433,1.041949,1.181846,MGC,1,1,0,0
6435,1.268185,1.100016,HWC,1,1,0,0
6437,1.146134,1.113559,HWC,1,1,0,0
6438,1.264777,1.405147,MGC,3,2,0,0
6439,1.194795,1.123779,HWC,2,5,0,0
6443,1.170039,1.238212,MGC,1,1,0,0
6444,1.028459,1.306866,MGC,1,1,0,0
6445,1.048578,0.994953,HWC,1,1,0,0
6447,1.163220,1.188943,MGC,4,1,0,0
6448,1.213146,1.253667,MGC,1,2,0,0
6449,1.077004,1.241998,MGC,2,2,0,0
6450,1.030436,1.054774,MGC,1,1,0,0
6451,1.163108,1.042049,HWC,1,1,0,0
6452,1.088236,1.010681,HWC,3,1,0,0
6453,1.082928,1.005320,HWC,1,1,0,0
6454,1.142749,1.166902,MGC,1,1,0,0
6456,1.006072,1.068830,MGC,1,1,0,0
6458,1.251086,1.036434,HWC,2,1,0,0
6459,1.069968,1.047697,HWC,2,1,0,0
646,1.222769,1.335139,MGC,1,1,0,0
6462,1.163203,0.991075,HWC,1,1,0,0
6463,1.101066,1.244966,MGC,1,1,0,0
6465,1.138237,1.104550,HWC,1,1,0,0
6470,1.065446,1.236534,MGC,1,2,0,0
6471,1.170797,1.110584,HWC,1,1,0,0
6474,1.031739,1.136271,MGC,1,1,0,0
6476,1.161819,1.095928,HWC,1,1,0,0
6477,1.094769,1.285137,MGC,3,2,0,0
6478,1.220397,1.242558,MGC,2,1,0,0
6480,1.195565,1.043596,HWC,3,1,0,0
6481,1.027463,1.122977,MGC,1,1,0,0
6483,0.957964,1.268422,MGC,1,1,0,0
6484,1.092907,1.171586,MGC,3,3,0,0
6486,1.102615,1.296873,MGC,1,3,0,0
6487,1.104792,1.080402,HWC,1,1,0,0
6488,1.157365,1.511196,MGC,1,1,0,0
6489,1.134414,1.279784,MGC,1,1,0,0
649,1.210203,1.318277,MGC,2,1,0,0
6492,1.150473,1.174330,MGC,1,1,0,0
6494,1.093192,1.122793,MGC,1,1,0,0
6495,1.224276,1.214937,HWC,1,1,0,0
6498,1.114969,1.194321,MGC,4,2,0,0
65,1.191509,0.991007,HWC,1,1,0,0
650,1.241159,1.260018,MGC,1,1,0,0
6500,1.002672,1.017163,MGC,1,1,0,0
6501,1.021952,1.332900,MGC,1,1,0,0
6502,1.274730,1.430244,MGC,1,1,0,0
6504,1.029289,1.065056,MGC,1,1,0,0
6506,1.000206,1.158235,MGC,1,1,0,0
6508,1.124063,1.084632,HWC,1,1,0,0
651,1.145753,1.176982,MGC,1,1,0,0
6510,1.172317,1.123127,HWC,1,1,0,0
6512,1.122804,1.187173,MGC,1,1,0,0
6513,1.381219,1.091953,HWC,2,1,0,0
6515,1.103089,1.119189,MGC,3,1,0,0
6517,1.141221,1.038468,HWC,1,1,0,0
652,1.073674,1.184521,MGC,1,1,0,0
6520,1.095920,1.137362,MGC,1,1,0,0
6524,1.075898,1.165075,MGC,1,1,0,0
6526,0.997805,1.288800,MGC,1,2,0,0
6528,1.057835,1.059969,MGC,1,1,0,0
6529,1.144036,1.200391,MGC,1,1,0,0
653,1.151327,1.147057,HWC,2,1,0,0
6534,1.053614,1.163579,MGC,1,1,0,0
6535,1.250061,1.250629,MGC,1,1,0,0
6540,1.064123,1.148038,MGC,2,3,0,0
6545,1.104624,1.260155,MGC,5,2,0,0
6548,1.008626,0.990178,HWC,1,1,0,0
6549,1.175087,1.255213,MGC,3,2,0,0
655,1.205695,1.377172,MGC,2,1,0,0
6550,1.069533,1.039017,HWC,1,1,0,0
6554,1.121427,1.224441,MGC,1,1,0,0
6555,1.309916,1.432420,MGC,2,1,0,0
6557,1.103375,1.233378,MGC,11,3,0,0
6558,1.178420,1.037305,HWC,1,1,0,0
6559,1.178125,1.013250,HWC,1,1,0,0
6561,1.123278,1.566229,MGC,2,1,0,0
6562,1.236356,1.036943,HWC,2,1,0,0
6563,1.156188,1.239739,MGC,4,4,0,0
6566,1.153984,1.218856,MGC,3,1,0,0
6570,1.218386,1.222543,MGC,1,2,0,0
6571,1.120110,1.042811,HWC,2,1,0,0
6575,1.061748,1.068531,MGC,2,1,0,0
6578,1.032507,1.257211,MGC,1,1,0,0
6579,1.070020,1.289101,MGC,1,2,0,0
658,1.162828,1.211514,MGC,2,1,0,0
6581,1.123579,1.088512,HWC,2,1,0,0
6583,1.243793,1.106880,HWC,2,1,0,0
6584,1.147877,1.239584,MGC,2,1,0,0
6587,1.015582,1.187865,MGC,1,1,0,0
6588,1.161075,1.211574,MGC,2,2,0,0
6589,1.093403,1.075082,HWC,1,1,0,0
6592,1.109237,1.002845,HWC,2,1,0,0
6593,1.153089,1.152516,HWC,1,1,0,0
6595,1.107049,1.008412,HWC,1,1,0,0
6598,1.324077,0.991203,HWC,2,1,0,0
66,1.206045,1.228094,MGC,2,3,0,0
6601,1.049899,1.039507,HWC,3,1,0,0
6602,1.054129,1.004779,HWC,1,1,0,0
6603,1.211490,1.194663,HWC,1,1,0,0
6605,1.216176,1.042894,HWC,1,1,0,0
6606,1.042478,1.172582,MGC,1,1,0,0
661,1.112141,1.301433,MGC,5,4,0,0
6611,1.169532,1.653669,MGC,1,1,0,0
6612,1.180976,1.173928,HWC,1,1,0,0
6614,1.154094,1.013250,HWC,3,1,0,0
6617,1.210776,1.241225,MGC,1,1,0,0
6619,1.193381,1.248846,MGC,1,1,0,0
662,1.087751,1.229027,MGC,1,1,0,0
6620,1.111232,1.141799,MGC,1,1,0,0
6621,1.260121,1.154922,HWC,2,1,0,0
6625,1.107264,1.238789,MGC,1,3,0,0
6626,1.020522,1.094530,MGC,1,1,0,0
6628,1.058132,1.135118,MGC,4,1,0,0
663,1.086424,0.989526,HWC,7,1,0,0
6630,1.152508,1.147780,HWC,1,1,0,0
6631,1.080912,1.234332,MGC,4,2,0,0
6633,1.182167,1.034789,HWC,2,1,0,0
6634,1.045334,1.165527,MGC,1,2,0,0
6638,1.122706,1.122431,HWC,3,1,0,0
6639,1.048538,1.408726,MGC,1,1,0,0
6640,1.119553,1.207773,MGC,7,1,0,0
6642,1.180000,1.062517,HWC,1,1,0,0
6643,1.043412,1.062842,MGC,4,1,0,0
6644,1.155481,1.041166,HWC,1,1,0,0
6645,1.086247,1.075863,HWC,1,1,0,0
6646,1.132956,1.539313,MGC,1,1,0,0
6649,1.171435,1.169403,HWC,7,1,0,0
665,1.160405,1.106097,HWC,1,1,0,0
6650,1.017150,1.256206,MGC,1,1,0,0
6651,1.131717,1.205438,MGC,1,2,0,0
6652,1.103250,1.049501,HWC,1,1,0,0
6656,1.168514,1.286317,MGC,1,2,0,0
6658,1.153287,1.454209,MGC,1,1,0,0
6661,1.132446,1.227427,MGC,2,1,0,0
6663,1.005932,1.390376,MGC,1,1,0,0
6664,1.188796,1.340131,MGC,2,2,0,0
6666,1.040010,1.252296,MGC,3,1,0,0
6667,1.109551,1.217562,MGC,1,1,0,0
6668,1.142938,0.997137,HWC,1,1,0,0
6671,1.145047,1.148272,MGC,1,1,0,0
6672,1.097198,0.962518,HWC,1,1,0,0
6673,1.147627,1.195362,MGC,3,1,0,0
6675,1.210921,1.222672,MGC,3,1,0,0
6676,1.077013,1.093306,MGC,1,1,0,0
6677,1.173293,1.336018,MGC,4,1,0,0
6679,1.056148,1.079938,MGC,1,1,0,0
668,1.255759,1.384493,MGC,1,1,0,0
6682,1.150272,1.618862,MGC,1,1,0,0
6684,1.028171,1.249714,MGC,1,1,0,0
6686,1.046674,1.196319,MGC,1,1,0,0
6687,1.156192,1.204130,MGC,1,1,0,0
6688,1.101981,1.025289,HWC,3,1,0,0
6690,1.174810,1.096969,HWC,1,1,0,0
6691,1.101143,1.121989,MGC,1,1,0,0
6695,1.168383,1.058875,HWC,1,1,0,0
6701,1.057755,1.035951,HWC,1,1,0,0
6708,1.118143,1.297107,MGC,1,2,0,0
6710,1.049154,1.032469,HWC,1,1,0,0
6712,1.023099,1.000318,HWC,1,1,0,0
6717,1.089172,1.208810,MGC,1,1,0,0
6720,1.020479,1.090561,MGC,1,1,0,0
6722,1.067039,0.997663,HWC,1,1,0,0
6725,1.147674,1.279979,MGC,1,1,0,0
6726,1.126573,1.039951,HWC,1,1,0,0
673,1.046543,1.075449,MGC,1,1,0,0
6730,1.144712,1.369289,MGC,2,1,0,0
6733,1.042911,1.291543,MGC,1,2,0,0
6737,1.046432,1.031595,HWC,1,1,0,0
6738,1.042067,1.457076,MGC,1,2,0,0
674,1.371545,1.264919,HWC,2,2,0,0
6744,1.010489,0.954907,HWC,1,1,0,0
6745,1.067920,1.067398,HWC,3,1,0,0
6747,1.145308,1.244022,MGC,2,1,0,0
6748,1.155502,1.070732,HWC,1,1,0,0
6749,1.234997,1.394443,MGC,1,1,0,0
675,1.052145,1.009652,HWC,1,1,0,0
6752,1.083215,1.183993,MGC,2,1,0,0
6754,1.089051,1.145172,MGC,3,1,0,0
6756,1.145422,1.254631,MGC,4,1,0,0
6759,1.235115,1.004322,HWC,3,1,0,0
6760,1.230235,1.168156,HWC,1,1,0,0
6761,1.103370,1.091178,HWC,1,1,0,0
6762,1.145153,1.191443,MGC,3,2,0,0
6763,1.317768,1.156419,HWC,1,2,0,0
6764,1.156665,1.273261,MGC,2,3,0,0
6765,1.161187,1.071821,HWC,1,1,0,0
6766,1.149835,1.268557,MGC,3,1,0,0
6768,1.075239,1.089092,MGC,1,1,0,0
6772,1.221174,1.216815,HWC,3,1,0,0
6773,1.215292,1.293910,MGC,2,1,0,0
6778,1.073663,1.282191,MGC,1,2,0,0
6779,1.091484,1.174992,MGC,1,1,0,0
678,1.086591,1.241247,MGC,1,1,0,0
6783,1.224980,1.192031,HWC,1,1,0,0
6784,1.098211,1.250786,MGC,2,3,0,0
6788,1.132896,1.056881,HWC,1,1,0,0
6789,1.216037,1.228403,MGC,1,1,0,0
6793,1.063105,1.167405,MGC,1,1,0,0
6796,1.144830,1.138046,HWC,1,1,0,0
6798,1.180364,1.224179,MGC,1,1,0,0
6799,1.093832,1.300671,MGC,2,1,0,0
6800,1.147089,1.234326,MGC,2,2,0,0
6801,1.064518,1.013329,HWC,1,1,0,0
6802,1.033282,1.215928,MGC,1,1,0,0
6804,1.014885,1.075004,MGC,1,1,0,0
6805,1.144936,1.147383,MGC,1,1,0,0
6806,1.257703,1.008773,HWC,1,1,0,0
6808,1.103655,1.023126,HWC,1,1,0,0
6809,1.034294,1.083630,MGC,1,1,0,0
6812,1.045989,1.067183,MGC,1,1,0,0
6813,1.089836,1.256300,MGC,1,1,0,0
6814,1.040379,1.042386,MGC,1,1,0,0
6815,1.090784,1.016599,HWC,2,1,0,0
6817,1.241795,1.325487,MGC,1,2,0,0
6819,1.101826,1.455848,MGC,1,1,0,0
682,1.243886,1.144193,HWC,1,1,0,0
6820,1.049115,1.171538,MGC,1,1,0,0
6821,1.198233,1.411149,MGC,2,3,0,0
6822,1.183724,1.335646,MGC,3,2,0,0
6823,1.305195,1.308698,MGC,1,1,0,0
6825,1.080738,0.957115,HWC,1,1,0,0
6826,1.219807,1.312262,MGC,1,3,0,0
6827,1.198142,0.986189,HWC,1,1,0,0
6830,1.218351,1.249367,MGC,2,1,0,0
6831,1.144411,1.165344,MGC,5,2,0,0
6833,1.224041,1.199894,HWC,1,1,0,0
6834,1.190622,1.097478,HWC,1,1,0,0
6835,1.010226,1.177110,MGC,1,1,0,0
6837,1.167084,1.341770,MGC,2,2,0,0
6838,1.117050,1.415805,MGC,1,1,0,0
6839,1.130869,1.212752,MGC,3,1,0,0
6842,1.146854,1.190133,MGC,1,1,0,0
6848,1.283091,1.269887,HWC,2,1,0,0
685,1.173166,1.229515,MGC,1,1,0,0
6852,1.228168,1.125345,HWC,1,1,0,0
6853,1.125370,1.367526,MGC,1,2,0,0
6854,1.171776,1.157075,HWC,4,1,0,0
6855,1.250539,1.327406,MGC,1,2,0,0
6857,1.153587,1.223258,MGC,1,1,0,0
6858,1.048429,1.264803,MGC,1,1,0,0
6859,1.148817,1.295369,MGC,2,2,0,0
6863,1.142673,1.466685,MGC,4,1,0,0
6865,1.049675,1.237755,MGC,1,1,0,0
6866,0.997555,1.093976,MGC,1,1,0,0
6869,1.023927,1.024457,MGC,1,1,0,0
687,1.180264,1.318802,MGC,2,1,0,0
6870,1.029818,1.173215,MGC,1,4,0,0
6875,1.088410,1.114029,MGC,1,1,0,0
6877,1.069378,1.062294,HWC,1,1,0,0
6880,1.133077,1.341723,MGC,3,1,0,0
6883,1.130642,1.139973,MGC,1,1,0,0
6886,1.164260,1.164076,HWC,5,2,0,0
6889,1.091402,1.264735,MGC,3,1,0,0
6890,1.155965,1.155876,HWC,1,1,0,0
6892,1.100180,0.999125,HWC,1,1,0,0
6893,1.097643,1.073889,HWC,1,1,0,0
6897,1.119780,1.017140,HWC,3,1,0,0
6898,1.185589,1.233509,MGC,2,1,0,0
69,1.166424,1.149239,HWC,2,1,0,0
690,1.068365,1.067845,HWC,1,1,0,0
6900,1.091958,1.225295,MGC,5,3,0,0
6901,1.102231,1.310245,MGC,8,3,0,0
6902,1.076405,1.019528,HWC,1,1,0,0
6903,1.074953,1.027502,HWC,1,1,0,0
6908,1.242422,1.201601,HWC,2,1,0,0
691,1.120734,1.035467,HWC,3,1,0,0
6910,1.180449,0.988628,HWC,1,1,0,0
6911,1.134963,1.174366,MGC,3,1,0,0
6912,1.355897,1.400772,MGC,2,1,0,0
6914,1.210666,1.018638,HWC,1,1,0,0
6917,1.062996,1.013276,HWC,1,1,0,0
6920,1.170817,1.097590,HWC,2,1,0,0
6922,1.152060,1.194597,MGC,4,1,0,0
6923,1.110617,1.066728,HWC,1,1,0,0
6924,1.086326,1.101255,MGC,1,1,0,0
6925,1.180350,1.401403,MGC,1,1,0,0
6926,1.085498,1.155225,MGC,1,1,0,0
6927,1.167948,1.230142,MGC,2,1,0,0
693,1.103583,1.146512,MGC,1,1,0,0
6930,1.122513,1.050141,HWC,1,1,0,0
6931,1.110620,0.996334,HWC,3,1,0,0
6933,1.052159,1.252516,MGC,3,4,0,0
6934,1.109443,1.509620,MGC,1,1,0,0
6937,1.248086,1.257600,MGC,1,1,0,0
6939,1.107545,1.144038,MGC,1,1,0,0
694,1.176796,1.130610,HWC,1,1,0,0
6940,1.098656,1.051854,HWC,1,1,0,0
6941,1.150120,1.322476,MGC,2,2,0,0
6942,1.072823,1.046459,HWC,2,1,0,0
6943,1.019865,1.017136,HWC,2,1,0,0
6944,1.104443,1.144728,MGC,1,1,0,0
6946,1.141849,1.073241,HWC,1,1,0,0
6947,1.074649,1.272079,MGC,1,1,0,0
6949,1.015597,0.949815,HWC,1,1,0,0
6951,1.097948,1.096729,HWC,2,1,0,0
6955,1.249285,1.152087,HWC,2,2,0,0
6957,1.434667,1.082126,HWC,2,1,0,0
696,1.108550,1.256359,MGC,1,1,0,0
6961,1.092744,1.557465,MGC,1,2,0,0
6962,1.131107,1.023227,HWC,2,1,0,0
6963,1.003575,1.028250,MGC,1,1,0,0
6964,1.089392,1.142110,MGC,1,1,0,0
6966,1.153973,1.271709,MGC,3,1,0,0
697,1.213776,1.622684,MGC,3,2,0,0
6970,1.111073,1.304772,MGC,4,1,0,0
6971,1.138622,1.173297,MGC,1,1,0,0
6972,1.201468,1.222191,MGC,1,4,0,0
6975,1.151671,1.519762,MGC,2,1,0,0
6977,1.111066,1.133848,MGC,1,1,0,0
6979,1.388747,1.175562,HWC,1,1,0,0
6981,1.154090,1.284843,MGC,1,1,0,0
6982,1.059577,1.026552,HWC,1,1,0,0
6983,1.096617,0.978054,HWC,1,1,0,0
6985,1.175654,1.008857,HWC,1,1,0,0
6987,1.338553,1.381279,MGC,2,2,0,0
6988,1.064176,1.069591,MGC,1,1,0,0
699,1.075948,1.065073,HWC,1,1,0,0
6990,1.048306,1.145964,MGC,1,1,0,0
6991,1.077807,0.986787,HWC,1,1,0,0
6993,1.031062,1.059410,MGC,1,1,0,0
70,1.144780,1.175811,MGC,11,4,0,0
7002,1.160063,1.334185,MGC,2,2,0,0
7004,1.111410,1.454319,MGC,3,1,0,0
7005,1.116161,1.501634,MGC,1,1,0,0
7006,1.025102,1.061424,MGC,1,1,0,0
7008,1.143071,1.163076,MGC,1,1,0,0
7018,1.175979,1.294952,MGC,2,1,0,0
7021,1.169207,1.003932,HWC,5,1,0,0
7024,1.133744,1.075434,HWC,1,1,0,0
7026,1.106752,1.364641,MGC,2,1,0,0
7027,1.049613,1.092894,MGC,2,1,0,0
7028,1.063130,1.282105,MGC,1,1,0,0
7030,1.124642,1.042481,HWC,2,2,0,0
7032,1.330594,1.154969,HWC,2,2,0,0
7033,1.054166,1.291833,MGC,1,2,0,0
7034,1.010615,1.032666,MGC,1,1,0,0
7035,1.060198,1.130457,MGC,3,2,0,0
7036,1.125318,1.005760,HWC,2,1,0,0
704,1.108853,1.144321,MGC,1,1,0,0
7040,1.076345,1.285870,MGC,1,1,0,0
7042,1.033436,1.018786,HWC,1,1,0,0
7043,1.276145,1.290428,MGC,1,1,0,0
7044,1.195800,1.145292,HWC,2,2,0,0
7046,1.184332,1.278835,MGC,1,1,0,0
7048,1.052572,1.397490,MGC,1,1,0,0
7049,1.131159,1.221846,MGC,4,1,0,0
7050,1.175864,1.094009,HWC,2,1,0,0
7052,1.114577,1.121174,MGC,1,1,0,0
7055,1.279586,1.132007,HWC,1,1,0,0
7057,1.147704,1.184739,MGC,3,2,0,0
7059,1.174749,1.141624,HWC,2,1,0,0
7066,1.018059,1.087497,MGC,4,1,0,0
707,1.192243,1.334618,MGC,5,1,0,0
7070,1.098941,0.974185,HWC,1,1,0,0
7072,1.085378,1.051889,HWC,1,1,0,0
7077,1.072947,1.141004,MGC,1,2,0,0
7084,1.231441,1.096722,HWC,4,1,0,0
7086,1.390353,1.345816,HWC,1,2,0,0
7088,1.248015,1.164012,HWC,1,1,0,0
7089,1.152271,1.248413,MGC,1,2,0,0
709,1.037996,1.100888,MGC,1,2,0,0
7090,1.086441,1.382864,MGC,2,1,0,0
7092,1.140984,0.956469,HWC,1,1,0,0
7094,1.210409,1.357613,MGC,3,4,0,0
7095,1.135404,0.999357,HWC,1,1,0,0
7097,1.290333,1.164173,HWC,1,1,0,0
7098,1.068106,1.249781,MGC,1,1,0,0
7099,1.219921,1.193873,HWC,3,1,0,0
71,1.001503,1.068103,MGC,1,1,0,0
7100,1.175026,1.324220,MGC,2,2,0,0
7102,1.088947,1.041010,HWC,5,1,0,0
7103,1.023011,1.376736,MGC,1,1,0,0
7105,1.020534,1.178683,MGC,1,2,0,0
7107,1.191306,1.129689,HWC,1,1,0,0
7108,1.092667,1.095043,MGC,3,1,0,0
7109,1.117970,1.428395,MGC,2,1,0,0
711,1.072608,1.069117,HWC,1,1,0,0
7112,1.182471,1.205958,MGC,1,1,0,0
7113,1.109904,1.149306,MGC,2,3,0,0
7116,1.100737,1.147416,MGC,1,1,0,0
7117,1.102838,1.517868,MGC,1,1,0,0
7121,1.287799,1.122694,HWC,1,2,0,0
7122,1.220460,0.986993,HWC,2,1,0,0
7127,1.152643,1.302494,MGC,1,1,0,0
7129,1.209842,1.133259,HWC,5,1,0,0
713,1.192654,1.015042,HWC,1,1,0,0
7130,1.146510,1.231962,MGC,3,2,0,0
7131,1.143951,1.014970,HWC,3,1,0,0
7132,1.126172,1.045194,HWC,1,1,0,0
7134,1.092875,1.016954,HWC,1,1,0,0
7136,1.019125,1.214368,MGC,1,1,0,0
7139,1.120540,1.078759,HWC,1,1,0,0
7143,1.223374,1.283494,MGC,1,1,0,0
7145,1.054339,0.997800,HWC,1,1,0,0
7146,0.996973,0.965408,HWC,1,1,0,0
7149,1.057218,1.480043,MGC,1,1,0,0
715,1.196206,1.413323,MGC,3,1,0,0
7150,1.047106,1.049753,MGC,1,1,0,0
7152,0.985440,1.100745,MGC,2,1,0,0
7154,1.178097,1.113282,HWC,4,1,0,0
716,1.062271,1.123793,MGC,1,2,0,0
7161,1.135588,1.107644,HWC,1,1,0,0
7162,1.058642,1.896449,MGC,1,2,0,0
7164,1.211761,1.208624,HWC,1,1,0,0
7165,1.074545,1.150917,MGC,1,2,0,0
7166,1.051347,1.119482,MGC,1,1,0,0
7168,1.004908,0.991144,HWC,1,1,0,0
717,1.134614,1.017149,HWC,1,1,0,0
7170,1.183584,1.428115,MGC,2,1,0,0
7171,1.090704,1.119847,MGC,1,2,0,0
7172,0.982736,1.024306,MGC,1,1,0,0
7173,1.175197,1.143408,HWC,1,1,0,0
7174,1.072959,1.089977,MGC,1,1,0,0
7175,1.066842,1.329749,MGC,2,2,0,0
7176,1.119229,1.276789,MGC,2,1,0,0
7178,1.179372,1.143975,HWC,2,1,0,0
7181,1.103687,1.188015,MGC,4,1,0,0
7183,1.113952,1.027911,HWC,1,1,0,0
7184,1.073271,1.425340,MGC,1,1,0,0
7187,1.039200,1.112999,MGC,1,1,0,0
7188,1.152403,1.316258,MGC,1,1,0,0
719,1.012528,1.102786,MGC,1,1,0,0
7190,1.072979,1.071855,HWC,1,1,0,0
7193,1.089371,1.030180,HWC,1,1,0,0
7194,1.042155,0.990068,HWC,1,1,0,0
7197,1.239054,1.066572,HWC,2,1,0,0
720,1.225437,1.294004,MGC,1,2,0,0
7200,1.062721,1.210129,MGC,1,2,0,0
7201,1.064183,1.048967,HWC,1,1,0,0
7203,1.138686,1.155202,MGC,3,1,0,0
7204,1.071010,1.208934,MGC,5,4,0,0
7207,1.087357,1.232600,MGC,3,2,0,0
721,1.066432,1.170252,MGC,1,1,0,0
7210,1.089804,1.010447,HWC,1,1,0,0
7212,1.075210,1.419140,MGC,4,1,0,0
7213,1.072984,1.416771,MGC,1,1,0,0
722,1.119907,1.164739,MGC,2,1,0,0
7224,1.079382,1.028930,HWC,2,1,0,0
7228,1.100556,1.092176,HWC,1,1,0,0
7231,1.092062,1.030201,HWC,1,1,0,0
7232,1.080224,1.199835,MGC,1,1,0,0
7237,1.134408,1.199494,MGC,4,1,0,0
7239,1.085061,1.210844,MGC,3,2,0,0
7240,1.113147,1.111281,HWC,3,1,0,0
7242,1.127741,1.224640,MGC,1,1,0,0
7243,1.118613,1.127986,MGC,6,2,0,0
7245,1.086618,1.204849,MGC,2,1,0,0
7247,1.031022,1.259248,MGC,2,1,0,0
7248,1.130017,1.177125,MGC,1,1,0,0
7252,1.075296,0.998989,HWC,2,1,0,0
7254,1.188013,1.596877,MGC,2,2,0,0
7255,1.251442,1.351693,MGC,2,2,0,0
7256,1.109209,1.198276,MGC,1,1,0,0
7258,1.003412,1.292823,MGC,1,2,0,0
7259,1.104897,1.122499,MGC,1,1,0,0
7260,1.020999,1.027800,MGC,1,1,0,0
7262,1.070105,1.593823,MGC,2,2,0,0
7265,0.999707,1.010106,MGC,1,1,0,0
7266,1.236092,1.285434,MGC,3,2,0,0
7267,1.152213,1.751816,MGC,2,1,0,0
7268,1.121739,1.205217,MGC,4,2,0,0
7269,1.353262,1.298477,HWC,3,1,0,0
7270,1.130046,1.038350,HWC,1,1,0,0
7271,1.194705,1.289868,MGC,2,2,0,0
7272,1.093325,1.149464,MGC,1,1,0,0
7274,1.038159,1.235310,MGC,1,1,0,0
7275,1.065777,1.228443,MGC,1,1,0,0
7277,1.099558,1.205929,MGC,1,1,0,0
7278,1.120690,1.201370,MGC,1,2,0,0
7279,1.144424,1.280222,MGC,1,1,0,0
7280,1.135998,1.159716,MGC,3,1,0,0
7282,1.043557,1.105610,MGC,1,1,0,0
7284,1.216943,1.295231,MGC,1,1,0,0
729,1.190577,0.994999,HWC,1,1,0,0
7291,1.034521,0.989147,HWC,1,1,0,0
7293,1.125070,1.076635,HWC,9,1,0,0
7296,1.077163,0.992198,HWC,1,1,0,0
7298,1.168704,1.235762,MGC,4,1,0,0
7303,1.242105,1.174628,HWC,1,1,0,0
7304,1.319429,1.304809,HWC,1,2,0,0
7307,1.029856,1.131540,MGC,1,1,0,0
7308,1.230053,1.025706,HWC,2,1,0,0
7310,1.214270,1.214079,HWC,2,5,0,0
7314,1.104675,1.047600,HWC,1,1,0,0
7315,1.035375,1.113237,MGC,2,2,0,0
7316,1.224234,1.184519,HWC,4,3,0,0
7317,1.021702,1.219583,MGC,1,1,0,0
7322,1.168417,1.264300,MGC,1,1,0,0
7325,1.067598,1.249523,MGC,1,2,0,0
7326,1.147509,1.395442,MGC,2,2,0,0
7327,1.207458,1.243283,MGC,2,2,0,0
7328,1.061604,1.016077,HWC,1,1,0,0
7329,1.054262,1.129582,MGC,10,1,0,0
733,1.313548,1.008121,HWC,1,1,0,0
7330,1.132195,1.070703,HWC,2,1,0,0
7331,1.138347,0.996387,HWC,3,1,0,0
7333,1.167141,1.181801,MGC,1,1,0,0
7336,0.996052,1.139165,MGC,1,2,0,0
7340,1.126389,1.108240,HWC,1,1,0,0
7341,1.292397,1.056056,HWC,2,1,0,0
7345,1.109949,1.284426,MGC,3,3,0,0
7346,1.143223,1.088008,HWC,1,1,0,0
7347,1.096026,1.144487,MGC,1,2,0,0
7348,1.082250,1.099897,MGC,1,1,0,0
7351,1.127802,1.037572,HWC,1,1,0,0
7352,1.234741,1.111734,HWC,3,1,0,0
7353,1.152905,1.032589,HWC,1,1,0,0
7355,1.016736,1.018313,MGC,1,1,0,0
736,1.102114,1.089472,HWC,1,2,0,0
7361,1.132180,1.282326,MGC,2,3,0,0
737,1.136489,1.189435,MGC,4,4,0,0
7370,1.157831,1.173065,MGC,1,3,0,0
7371,1.328133,1.072611,HWC,4,1,0,0
7372,1.202567,1.188789,HWC,1,1,0,0
7373,1.057634,1.248422,MGC,1,1,0,0
7376,1.135524,0.991545,HWC,6,1,0,0
7377,1.110976,1.188081,MGC,1,2,0,0
7378,1.251519,1.081280,HWC,1,1,0,0
738,1.201734,1.195433,HWC,2,1,0,0
7380,0.972185,1.082413,MGC,1,1,0,0
7382,1.166352,1.168347,MGC,1,1,0,0
7386,1.279174,1.036831,HWC,2,1,0,0
7389,1.160223,1.205139,MGC,1,1,0,0
739,1.161174,1.038244,HWC,1,1,0,0
7391,0.966962,1.078730,MGC,1,1,0,0
7393,1.144952,1.179644,MGC,1,3,0,0
7395,1.177634,1.104571,HWC,1,1,0,0
7398,1.205686,1.399708,MGC,5,1,0,0
7399,1.170769,1.225024,MGC,1,1,0,0
74,1.287802,0.977588,HWC,1,1,0,0
740,1.111255,1.236782,MGC,5,3,0,0
7400,1.322830,1.201648,HWC,1,1,0,0
7401,0.992914,1.028118,MGC,2,1,0,0
7402,1.093590,1.106597,MGC,1,1,0,0
7409,1.137576,1.142281,MGC,3,1,0,0
7410,1.253999,0.997245,HWC,1,1,0,0
7411,1.154059,1.106198,HWC,1,1,0,0
7413,1.190120,1.149977,HWC,3,1,0,0
7416,1.069820,1.062305,HWC,1,1,0,0
7417,1.086665,1.092020,MGC,1,1,0,0
7418,1.113348,1.132342,MGC,1,1,0,0
7419,1.071096,1.460860,MGC,1,1,0,0
7423,1.114831,1.177652,MGC,1,1,0,0
7424,1.198512,1.283403,MGC,1,1,0,0
7426,1.265730,1.190249,HWC,1,1,0,0
7427,1.234996,1.411137,MGC,1,2,0,0
7429,1.162799,1.264917,MGC,2,1,0,0
743,1.189372,1.038048,HWC,2,1,0,0
7430,1.028925,1.291736,MGC,9,2,0,0
7433,1.142500,1.283810,MGC,1,1,0,0
7434,1.154802,1.171914,MGC,2,1,0,0
7435,1.137410,1.114766,HWC,3,1,0,0
7436,1.071527,1.205643,MGC,1,1,0,0
7437,1.083514,1.286079,MGC,1,1,0,0
744,1.172508,1.358291,MGC,2,4,0,0
7441,1.163503,1.231089,MGC,3,1,0,0
7442,1.212843,1.093455,HWC,2,1,0,0
7444,1.388156,1.073175,HWC,2,1,0,0
7446,1.189158,1.209348,MGC,4,2,0,0
7448,1.061186,1.006904,HWC,1,1,0,0
7450,0.992359,1.062408,MGC,1,1,0,0
7451,1.102360,1.192396,MGC,1,1,0,0
7455,1.018433,1.059173,MGC,1,1,0,0
7460,1.129320,1.071546,HWC,1,1,0,0
7461,1.073491,1.183803,MGC,5,3,0,0
7463,1.172910,1.152248,HWC,1,1,0,0
7467,1.150911,1.262681,MGC,1,1,0,0
7468,1.107524,1.301732,MGC,2,1,0,0
747,0.998065,0.974769,HWC,2,1,0,0
7470,1.013735,1.106370,MGC,1,1,0,0
7471,1.132308,1.612092,MGC,1,1,0,0
7473,1.089929,1.278609,MGC,1,1,0,0
7475,1.146937,1.252695,MGC,1,2,0,0
7476,1.156177,1.187731,MGC,1,1,0,0
7478,1.037781,1.238735,MGC,1,1,0,0
7479,1.188919,1.241748,MGC,2,1,0,0
7482,1.062481,1.204116,MGC,1,5,0,0
7487,1.044104,1.001077,HWC,1,1,0,0
7488,1.144877,1.160821,MGC,4,1,0,0
7489,1.069844,1.253498,MGC,3,1,0,0
7492,1.152904,1.012273,HWC,1,1,0,0
7494,1.061074,1.056501,HWC,1,1,0,0
7495,1.142523,1.105391,HWC,2,1,0,0
7496,1.210000,1.304511,MGC,2,2,0,0
7499,1.018142,1.151557,MGC,1,1,0,0
750,1.032734,1.109568,MGC,1,1,0,0
7500,1.019515,1.321500,MGC,1,2,0,0
7501,1.098048,1.041819,HWC,1,1,0,0
7502,1.094190,0.990569,HWC,1,1,0,0
7503,1.041103,1.158017,MGC,1,1,0,0
7510,1.084996,1.211389,MGC,2,1,0,0
7513,1.298521,1.305311,MGC,2,2,0,0
7515,1.068004,1.075498,MGC,2,1,0,0
752,1.122904,1.013261,HWC,1,1,0,0
7523,1.190840,1.014890,HWC,4,1,0,0
7524,1.136028,1.072213,HWC,2,1,0,0
7527,1.088845,1.211030,MGC,11,1,0,0
7528,1.124586,1.213975,MGC,5,4,0,0
7529,1.072777,1.103715,MGC,1,1,0,0
753,1.122349,1.266768,MGC,5,1,0,0
7531,1.030674,1.121595,MGC,1,1,0,0
7533,1.212824,1.370755,MGC,3,2,0,0
7534,1.087392,0.984528,HWC,1,1,0,0
7535,1.077802,1.182742,MGC,1,1,0,0
7536,1.142218,1.114519,HWC,1,1,0,0
7537,1.184070,1.181786,HWC,3,1,0,0
7538,1.104097,1.201543,MGC,1,1,0,0
7540,1.190746,1.184495,HWC,1,1,0,0
7542,1.109187,1.110276,MGC,2,1,0,0
7544,0.996184,1.299249,MGC,1,1,0,0
7545,1.244683,1.190819,HWC,3,1,0,0
7546,1.111988,1.255133,MGC,2,1,0,0
7547,1.135899,1.170938,MGC,2,2,0,0
755,1.145366,1.281531,MGC,2,2,0,0
7550,1.135363,1.134341,HWC,2,1,0,0
7552,1.216528,1.003648,HWC,1,1,0,0
7555,1.103971,1.138563,MGC,1,1,0,0
7556,1.209001,1.019741,HWC,1,1,0,0
7557,1.021312,1.069685,MGC,1,1,0,0
756,1.170244,1.266372,MGC,1,1,0,0
7560,1.125340,1.330062,MGC,2,1,0,0
7561,1.013984,1.194912,MGC,1,2,0,0
7565,1.362970,1.169258,HWC,2,2,0,0
7566,1.104448,1.006360,HWC,1,3,0,0
7567,1.171535,1.120915,HWC,1,1,0,0
7568,1.059448,1.172242,MGC,5,2,0,0
7569,1.119207,1.204430,MGC,1,2,0,0
757,1.247367,1.172448,HWC,1,2,0,0
7571,1.171107,1.093082,HWC,3,1,0,0
7572,1.046537,1.120520,MGC,1,1,0,0
7573,1.275493,1.388946,MGC,1,1,0,0
7575,1.115316,1.281878,MGC,6,1,0,0
7577,1.264710,1.150242,HWC,2,1,0,0
7581,1.131590,1.283083,MGC,1,1,0,0
7582,1.151153,1.255341,MGC,1,1,0,0
7583,1.180578,1.101281,HWC,1,1,0,0
7585,1.200902,1.204852,MGC,1,2,0,0
7587,1.081175,1.282492,MGC,1,1,0,0
759,1.165444,1.049285,HWC,2,1,0,0
7591,1.155071,1.211697,MGC,2,2,0,0
7592,1.008036,1.126839,MGC,3,1,0,0
7594,1.076796,1.253754,MGC,1,1,0,0
7595,1.087582,1.335991,MGC,3,2,0,0
7597,1.021671,1.020605,HWC,1,1,0,0
7599,1.135899,1.173192,MGC,5,3,0,0
76,1.209183,1.165369,HWC,1,1,0,0
7600,1.104395,1.102543,HWC,1,1,0,0
7601,1.212617,1.316611,MGC,2,1,0,0
7603,1.167015,1.014497,HWC,1,1,0,0
7605,1.213203,1.257212,MGC,4,1,0,0
7606,1.265677,1.476608,MGC,3,2,0,0
7607,1.370975,1.230762,HWC,2,1,0,0
761,1.040297,1.104037,MGC,1,1,0,0
7610,1.145462,1.194434,MGC,5,2,0,0
7611,1.157245,1.441454,MGC,2,1,0,0
7614,1.269901,1.120449,HWC,2,1,0,0
7615,1.119242,1.070041,HWC,1,1,0,0
7616,1.135000,1.277047,MGC,1,2,0,0
7617,1.153638,1.209554,MGC,4,2,0,0
7619,1.057418,1.017665,HWC,2,1,0,0
7622,1.128039,1.455214,MGC,1,1,0,0
7625,1.022812,1.021740,HWC,1,1,0,0
7627,1.092737,1.100374,MGC,1,1,0,0
763,1.378653,1.240018,HWC,1,2,0,0
7632,1.087285,0.995977,HWC,1,1,0,0
7633,1.027833,1.594204,MGC,1,1,0,0
7636,1.143322,1.223981,MGC,2,1,0,0
7637,1.022326,1.009526,HWC,1,1,0,0
7639,1.141320,1.011235,HWC,1,1,0,0
7640,1.226700,1.224700,HWC,2,2,0,0
7641,1.129228,1.072245,HWC,1,1,0,0
7644,1.026445,1.140039,MGC,1,1,0,0
765,1.147521,1.265643,MGC,1,2,0,0
7650,1.076276,1.135275,MGC,3,2,0,0
7651,1.193305,1.363084,MGC,2,1,0,0
7653,1.179542,1.300436,MGC,2,2,0,0
7654,1.102040,1.271247,MGC,1,1,0,0
7656,1.110669,1.212428,MGC,3,4,0,0
7657,1.175640,1.246188,MGC,2,1,0,0
7660,1.214094,1.075038,HWC,2,1,0,0
7661,1.137378,1.184519,MGC,6,3,0,0
7663,1.130930,1.178873,MGC,3,2,0,0
7664,1.249882,1.321617,MGC,1,3,0,0
7667,1.117829,1.152062,MGC,1,1,0,0
7669,1.135097,1.123567,HWC,2,1,0,0
7670,1.184821,1.114120,HWC,3,6,0,0
7671,1.040095,1.070704,MGC,1,1,0,0
7672,1.133110,1.290349,MGC,2,2,0,0
7673,1.125944,1.022000,HWC,1,1,0,0
7674,1.154375,0.986642,HWC,1,1,0,0
7676,1.080471,1.378276,MGC,2,2,0,0
7677,1.474035,1.432713,HWC,4,1,0,0
7678,1.170543,1.339318,MGC,1,1,0,0
7679,1.248147,1.054633,HWC,1,1,0,0
768,1.264780,1.322127,MGC,2,2,0,0
7680,1.082849,1.109794,MGC,1,1,0,0
7681,1.337813,1.402224,MGC,1,1,0,0
7683,1.199861,1.046457,HWC,2,1,0,0
7684,1.007580,0.976150,HWC,1,1,0,0
7685,1.042549,1.133044,MGC,1,1,0,0
7686,1.215730,1.066186,HWC,2,1,0,0
7687,1.132874,0.980845,HWC,2,1,0,0
7688,1.021238,1.042777,MGC,1,1,0,0
7690,1.299026,1.267011,HWC,1,1,0,0
7692,1.025735,1.127604,MGC,1,5,0,0
7693,1.254931,1.209169,HWC,2,1,0,0
7696,1.060600,0.994081,HWC,1,1,0,0
770,1.138571,1.135258,HWC,2,1,0,0
7700,1.139012,1.019861,HWC,1,1,0,0
7701,1.131865,1.014664,HWC,5,1,0,0
7702,1.159350,1.224462,MGC,2,1,0,0
7703,1.122157,1.340786,MGC,2,1,0,0
7704,1.020601,1.290514,MGC,7,3,0,0
7705,1.166574,1.042515,HWC,1,1,0,0
7710,1.317181,1.299524,HWC,1,1,0,0
7711,1.027405,1.108152,MGC,1,1,0,0
7712,1.132480,1.423444,MGC,1,3,0,0
7715,1.186834,1.131607,HWC,2,1,0,0
7716,1.119749,1.100914,HWC,1,1,0,0
7717,1.245965,1.228483,HWC,2,1,0,0
7718,1.164589,1.144479,HWC,4,2,0,0
772,1.016290,1.264533,MGC,3,1,0,0
7722,1.023369,1.223989,MGC,1,1,0,0
7725,1.128972,1.022215,HWC,1,1,0,0
7729,1.062140,1.195364,MGC,1,1,0,0
7731,1.104194,1.205074,MGC,1,1,0,0
7732,1.005338,1.387317,MGC,1,1,0,0
7733,1.175420,1.316801,MGC,3,1,0,0
7735,1.183635,1.122298,HWC,1,1,0,0
7737,1.037549,1.089889,MGC,1,1,0,0
7738,1.086783,1.214368,MGC,1,1,0,0
7739,1.111134,1.002047,HWC,1,1,0,0
774,1.057345,1.197819,MGC,2,2,0,0
7742,0.994669,1.334831,MGC,1,1,0,0
7745,1.037316,1.100031,MGC,2,1,0,0
7748,1.187261,1.008044,HWC,1,1,0,0
7749,1.180300,1.090791,HWC,1,1,0,0
7750,1.010926,1.350304,MGC,1,3,0,0
7753,1.017601,1.194567,MGC,3,1,0,0
7754,1.212183,1.154447,HWC,3,1,0,0
7758,1.105612,1.047129,HWC,1,1,0,0
776,1.104994,0.999136,HWC,1,1,0,0
7761,1.114637,1.049743,HWC,3,1,0,0
7764,1.257199,1.295176,MGC,1,1,0,0
7767,1.022316,1.101956,MGC,1,1,0,0
777,1.255273,0.989726,HWC,1,1,0,0
7770,1.088759,1.114734,MGC,2,1,0,0
7772,1.173945,1.129431,HWC,4,1,0,0
7774,1.049450,1.006910,HWC,2,1,0,0
7776,1.177431,1.102008,HWC,1,1,0,0
7778,1.182031,1.660554,MGC,1,1,0,0
7779,1.240587,1.315724,MGC,1,1,0,0
778,1.176852,1.288071,MGC,2,1,0,0
7780,1.270890,1.361194,MGC,2,1,0,0
7782,1.091362,1.147460,MGC,1,1,0,0
7783,1.035406,1.229898,MGC,3,2,0,0
7785,1.099759,1.139886,MGC,1,1,0,0
7786,1.189691,1.088657,HWC,3,2,0,0
7787,1.151196,1.142782,HWC,1,1,0,0
7789,1.097292,1.146365,MGC,2,1,0,0
779,1.081709,0.983448,HWC,1,1,0,0
7791,1.056063,1.098493,MGC,1,1,0,0
7792,1.132476,1.073907,HWC,1,1,0,0
7795,1.199879,1.164159,HWC,2,1,0,0
7797,1.269709,1.090211,HWC,2,1,0,0
7798,1.165839,1.215628,MGC,5,1,0,0
78,1.002013,0.983622,HWC,1,1,0,0
780,1.225084,1.071758,HWC,2,1,0,0
7802,1.201461,1.254225,MGC,2,2,0,0
7803,1.076020,1.163775,MGC,1,1,0,0
7806,1.034905,1.017798,HWC,1,1,0,0
7809,1.238422,1.224687,HWC,1,2,0,0
781,1.054593,1.060046,MGC,1,1,0,0
7810,1.012574,1.213822,MGC,1,2,0,0
7811,1.215639,1.271979,MGC,4,1,0,0
7813,1.244372,1.444819,MGC,1,1,0,0
7814,1.095217,1.262147,MGC,1,3,0,0
7815,1.252685,1.221116,HWC,1,1,0,0
7817,1.273020,1.313703,MGC,2,1,0,0
7821,1.094213,1.098624,MGC,1,1,0,0
7822,1.266863,1.296994,MGC,3,2,0,0
783,1.165686,1.113810,HWC,1,1,0,0
7833,1.183286,1.204668,MGC,1,1,0,0
7835,1.116343,1.034542,HWC,2,1,0,0
7838,1.263464,1.163795,HWC,2,1,0,0
7841,1.231931,1.318973,MGC,2,1,0,0
7842,1.225126,1.203262,HWC,1,1,0,0
7844,1.095083,1.119170,MGC,2,1,0,0
7845,1.256553,1.063575,HWC,2,1,0,0
7846,1.151657,1.172786,MGC,2,2,0,0
7847,1.069490,1.038464,HWC,1,1,0,0
7848,0.977945,1.458616,MGC,1,1,0,0
785,1.057708,1.026026,HWC,1,1,0,0
7850,1.118755,1.321434,MGC,1,1,0,0
7851,1.071577,1.276532,MGC,1,1,0,0
7853,1.162425,1.126388,HWC,1,1,0,0
786,1.029780,1.310354,MGC,1,1,0,0
7861,1.103461,1.085129,HWC,1,1,0,0
7862,1.218089,1.118802,HWC,1,1,0,0
7863,1.157343,1.101421,HWC,1,1,0,0
7866,1.043773,1.048018,MGC,3,1,0,0
7869,1.194314,1.152605,HWC,2,1,0,0
7870,1.144872,1.022137,HWC,1,1,0,0
7871,1.122202,1.093127,HWC,1,1,0,0
7872,1.166284,1.168142,MGC,1,1,0,0
7873,1.113445,1.117435,MGC,1,1,0,0
7878,1.044140,0.985710,HWC,1,1,0,0
7879,1.035455,1.179358,MGC,1,1,0,0
7880,1.186808,1.261725,MGC,1,1,0,0
7883,1.245746,1.136096,HWC,2,1,0,0
7885,1.174936,1.183760,MGC,3,1,0,0
7887,1.210714,1.228230,MGC,1,1,0,0
7890,1.054069,1.144450,MGC,1,1,0,0
7894,1.070575,1.378072,MGC,1,1,0,0
7896,1.064660,1.107247,MGC,4,1,0,0
7897,1.182078,1.398217,MGC,2,1,0,0
7899,1.083223,1.101721,MGC,1,1,0,0
79,1.043950,1.148638,MGC,1,1,0,0
7900,1.214939,1.229195,MGC,2,1,0,0
7901,1.131359,1.213418,MGC,3,1,0,0
7902,1.246131,1.097029,HWC,1,1,0,0
7903,1.117710,1.140343,MGC,2,1,0,0
7904,1.099824,1.003520,HWC,5,1,0,0
7905,1.105816,1.141913,MGC,1,1,0,0
7906,1.113282,1.161807,MGC,8,1,0,0
7907,1.140029,0.985954,HWC,1,1,0,0
7912,1.074625,0.979660,HWC,1,1,0,0
7917,1.151982,1.188642,MGC,1,1,0,0
7918,1.112103,1.142144,MGC,2,1,0,0
7919,1.236966,1.143107,HWC,1,1,0,0
7921,1.075709,0.998894,HWC,7,1,0,0
7927,1.146250,1.130803,HWC,2,1,0,0
7928,1.169005,1.113152,HWC,1,1,0,0
7931,0.999310,1.043236,MGC,1,1,0,0
7933,1.096635,1.253253,MGC,7,3,0,0
7934,1.136030,1.061773,HWC,1,1,0,0
7935,1.069498,0.998446,HWC,1,1,0,0
7937,1.086852,1.082607,HWC,1,1,0,0
7939,1.152646,1.080338,HWC,1,1,0,0
794,1.120994,1.013970,HWC,1,1,0,0
7942,1.036753,1.231700,MGC,1,1,0,0
7943,1.168287,1.223863,MGC,2,2,0,0
7944,1.165910,1.143630,HWC,1,1,0,0
7946,1.027974,1.209948,MGC,1,1,0,0
795,1.127603,1.112877,HWC,4,2,0,0
7950,1.115683,1.161988,MGC,3,1,0,0
7951,1.100525,1.132887,MGC,2,1,0,0
7952,1.046319,1.094753,MGC,1,1,0,0
7956,1.163543,1.142858,HWC,1,1,0,0
7958,1.146459,1.165405,MGC,2,2,0,0
7960,1.095796,1.102399,MGC,4,1,0,0
7961,1.179553,1.116597,HWC,2,1,0,0
7962,1.080258,1.001091,HWC,1,1,0,0
7963,1.136708,1.252838,MGC,3,2,0,0
7964,1.200701,1.142010,HWC,4,1,0,0
7966,1.204186,1.071400,HWC,1,1,0,0
7967,1.155582,1.174274,MGC,1,2,0,0
7968,1.153124,1.285538,MGC,1,1,0,0
797,1.061234,1.235422,MGC,4,2,0,0
7970,1.062882,1.236880,MGC,1,1,0,0
7971,1.081545,1.100108,MGC,3,1,0,0
7975,1.221943,1.085171,HWC,2,1,0,0
7976,1.130749,1.416530,MGC,1,1,0,0
7978,1.272125,1.032457,HWC,1,1,0,0
7979,1.187497,1.332709,MGC,1,1,0,0
798,1.162474,1.352466,MGC,5,1,0,0
7981,0.998657,1.036461,MGC,1,1,0,0
7983,1.042253,1.040042,HWC,1,1,0,0
7985,1.110994,0.995903,HWC,3,1,0,0
7986,1.062703,1.281497,MGC,3,1,0,0
7987,1.251328,0.998514,HWC,1,1,0,0
7988,1.161755,1.389122,MGC,4,2,0,0
7989,1.130682,1.014166,HWC,1,1,0,0
799,1.057643,1.194210,MGC,1,2,0,0
7995,1.082555,1.094884,MGC,1,1,0,0
7998,1.069920,1.236038,MGC,2,2,0,0
7999,1.128510,1.182946,MGC,2,1,0,0
8,1.099630,1.164492,MGC,1,1,0,0
80,1.133293,1.046026,HWC,2,1,0,0
800,1.050002,1.066114,MGC,1,1,0,0
8000,1.276253,1.555409,MGC,1,1,0,0
8001,1.065226,1.072401,MGC,10,1,0,0
8004,1.143431,1.166251,MGC,1,1,0,0
8005,1.122185,1.197814,MGC,3,2,0,0
8007,1.073013,1.021567,HWC,3,1,0,0
8010,1.137839,1.148915,MGC,1,1,0,0
8011,1.216325,1.270922,MGC,1,2,0,0
8012,1.173370,1.302613,MGC,4,2,0,0
8013,1.127432,1.169232,MGC,4,1,0,0
8014,1.048105,1.077670,MGC,1,1,0,0
8015,1.166074,1.170104,MGC,1,1,0,0
8017,1.227757,1.291858,MGC,2,2,0,0
8018,1.035276,1.199543,MGC,1,1,0,0
8019,1.019237,1.271513,MGC,1,2,0,0
8020,1.020434,1.331175,MGC,1,1,0,0
8021,1.230685,1.134322,HWC,1,1,0,0
8025,1.224244,1.024480,HWC,2,1,0,0
8026,1.008928,1.311857,MGC,1,1,0,0
8027,1.057940,1.332703,MGC,1,1,0,0
8029,1.088435,1.113146,MGC,1,1,0,0
8030,1.112479,1.097827,HWC,1,1,0,0
8031,1.202993,1.331143,MGC,1,2,0,0
8032,1.108676,1.208479,MGC,4,2,0,0
8033,1.132816,1.017391,HWC,1,1,0,0
8034,1.126020,1.163591,MGC,1,1,0,0
8041,1.020239,1.048726,MGC,1,1,0,0
8043,1.044022,1.058474,MGC,1,1,0,0
8047,1.116206,1.200920,MGC,3,1,0,0
8049,1.098756,0.992149,HWC,1,1,0,0
805,1.131330,1.241826,MGC,1,2,0,0
8051,1.102443,1.226382,MGC,2,1,0,0
8054,0.997899,1.087518,MGC,1,1,0,0
8055,1.065329,1.125936,MGC,1,1,0,0
8057,1.156966,1.304054,MGC,1,2,0,0
8059,1.067471,1.278124,MGC,1,1,0,0
806,1.240225,1.129074,HWC,1,1,0,0
8062,1.130088,1.064375,HWC,1,1,0,0
8064,0.989737,1.103750,MGC,1,1,0,0
8065,1.060977,1.220370,MGC,1,2,0,0
8066,1.071163,1.258836,MGC,2,1,0,0
8068,1.019309,1.302948,MGC,1,2,0,0
8069,1.130377,1.268142,MGC,2,1,0,0
8071,1.065666,1.265586,MGC,1,2,0,0
8072,1.269678,0.994406,HWC,1,1,0,0
8075,1.063582,1.189155,MGC,1,1,0,0
8076,1.165293,1.288951,MGC,2,2,0,0
8079,1.102833,1.298598,MGC,1,2,0,0
8082,0.979640,1.048973,MGC,1,1,0,0
8083,1.150513,1.173399,MGC,1,2,0,0
8084,1.170498,1.330303,MGC,2,1,0,0
8091,1.195707,0.993038,HWC,2,1,0,0
8096,1.190909,1.109412,HWC,1,1,0,0
81,1.105763,1.187036,MGC,1,1,0,0
810,1.164732,1.067344,HWC,2,1,0,0
8101,1.165551,1.082421,HWC,3,1,0,0
8104,1.035557,0.989646,HWC,1,1,0,0
8106,1.234128,1.198220,HWC,4,2,0,0
8107,1.000950,1.107710,MGC,1,1,0,0
8109,1.162552,1.173936,MGC,2,2,0,0
811,1.320647,1.547598,MGC,1,1,0,0
8116,1.105520,1.091807,HWC,2,1,0,0
8117,1.097034,1.265411,MGC,4,2,0,0
8118,1.117188,1.167371,MGC,3,3,0,0
8120,1.210335,1.132104,HWC,1,1,0,0
8121,1.000000,1.041068,MGC,1,1,0,0
8125,1.201590,1.436351,MGC,3,3,0,0
8127,1.077289,1.014171,HWC,1,1,0,0
8128,1.173971,1.147565,HWC,1,2,0,0
813,1.085005,1.238575,MGC,1,1,0,0
8130,1.152284,1.023479,HWC,1,1,0,0
8131,1.274636,1.093427,HWC,1,1,0,0
8132,1.079328,1.132090,MGC,3,4,0,0
8133,1.225192,1.449451,MGC,2,1,0,0
8135,1.165387,1.339812,MGC,1,1,0,0
8136,1.065870,1.173701,MGC,1,1,0,0
8138,1.266824,1.428145,MGC,1,1,0,0
8139,1.103714,1.164688,MGC,3,1,0,0
8143,1.099727,1.296342,MGC,1,2,0,0
8144,1.159657,1.106898,HWC,1,1,0,0
8146,1.152669,1.299439,MGC,2,1,0,0
815,1.074533,1.065008,HWC,1,1,0,0
8153,0.998019,1.149150,MGC,1,1,0,0
8154,0.986435,1.128361,MGC,1,1,0,0
8155,1.007117,1.081147,MGC,1,1,0,0
8156,1.002433,1.094380,MGC,1,1,0,0
8159,1.225384,1.021630,HWC,2,1,0,0
816,1.211686,1.101439,HWC,1,1,0,0
8160,1.197263,1.315949,MGC,1,2,0,0
8161,1.126281,1.045243,HWC,3,1,0,0
8162,1.086000,1.193761,MGC,1,1,0,0
8163,1.129818,1.147171,MGC,1,1,0,0
8165,1.157798,1.187371,MGC,2,1,0,0
8167,1.168088,1.035568,HWC,1,1,0,0
8168,1.138132,1.109994,HWC,1,1,0,0
817,1.092197,1.229272,MGC,1,2,0,0
8171,1.067921,0.981372,HWC,1,1,0,0
8174,1.178728,1.483523,MGC,2,1,0,0
8176,1.214247,1.494391,MGC,2,1,0,0
8180,1.259141,1.257942,HWC,1,1,0,0
8181,1.142230,1.042416,HWC,3,1,0,0
8191,1.147756,1.400333,MGC,1,1,0,0
8194,1.041344,1.118545,MGC,1,3,0,0
8197,1.073946,1.041785,HWC,7,1,0,0
8200,1.091131,1.107799,MGC,1,1,0,0
8201,1.081466,1.236782,MGC,1,4,0,0
8202,1.103600,1.164986,MGC,2,1,0,0
8204,1.189544,1.132742,HWC,2,1,0,0
8205,1.195889,1.190772,HWC,1,1,0,0
8206,1.073894,1.064257,HWC,3,1,0,0
8207,1.192849,1.046060,HWC,1,1,0,0
8210,1.149656,1.171155,MGC,3,3,0,0
8211,1.076206,1.029523,HWC,1,1,0,0
8215,1.197900,1.449075,MGC,2,1,0,0
8216,1.053198,1.244067,MGC,1,2,0,0
8219,1.214781,1.135136,HWC,4,3,0,0
8226,1.149846,1.091163,HWC,2,3,0,0
8227,1.138833,1.402594,MGC,1,1,0,0
8228,1.110317,1.312872,MGC,1,1,0,0
8233,1.134318,1.329145,MGC,2,3,0,0
8238,1.147454,1.164030,MGC,2,1,0,0
8239,1.138404,1.091324,HWC,2,1,0,0
8241,1.212771,1.094591,HWC,3,1,0,0
825,1.061190,1.184889,MGC,1,1,0,0
8250,1.044288,0.995639,HWC,1,1,0,0
8252,1.051472,1.291882,MGC,3,1,0,0
8256,1.095495,1.077300,HWC,2,1,0,0
8259,1.205195,1.563135,MGC,1,2,0,0
826,1.011069,1.099879,MGC,1,1,0,0
8262,1.169828,1.072083,HWC,1,1,0,0
8263,0.989837,1.129727,MGC,5,5,0,0
8265,1.206885,1.175404,HWC,1,1,0,0
8268,1.191948,1.035821,HWC,1,1,0,0
827,1.030196,1.231917,MGC,1,1,0,0
8271,1.062521,0.989701,HWC,1,1,0,0
8272,1.161839,1.002967,HWC,2,1,0,0
8273,1.148780,1.036651,HWC,3,1,0,0
8278,1.164661,1.194194,MGC,2,1,0,0
828,1.067914,1.282305,MGC,1,1,0,0
8280,1.042595,1.273646,MGC,1,2,0,0
8284,1.233826,1.299700,MGC,2,1,0,0
8286,1.234978,1.237644,MGC,5,2,0,0
8287,1.154725,1.160787,MGC,4,1,0,0
8289,1.053708,1.021465,HWC,1,1,0,0
8290,1.316679,1.147977,HWC,1,1,0,0
8291,1.186826,1.224626,MGC,1,1,0,0
8294,1.098580,1.187642,MGC,1,3,0,0
8297,1.092064,1.197924,MGC,1,1,0,0
8298,0.970734,0.987252,MGC,1,1,0,0
8299,1.161662,1.161185,HWC,1,1,0,0
83,1.137215,1.478318,MGC,1,1,0,0
8301,1.114250,1.144470,MGC,1,1,0,0
8302,1.224135,1.062506,HWC,1,1,0,0
8304,1.087572,1.290462,MGC,4,3,0,0
8305,1.168811,1.337655,MGC,1,2,0,0
8309,1.088133,1.491168,MGC,1,2,0,0
8313,1.312842,1.320637,MGC,1,1,0,0
8315,1.122158,1.058999,HWC,1,1,0,0
8318,1.187063,1.198370,MGC,1,1,0,0
8320,1.040088,0.972056,HWC,1,1,0,0
8326,1.096582,1.315481,MGC,3,1,0,0
8328,1.135116,1.042828,HWC,1,1,0,0
8329,1.133629,1.071364,HWC,2,1,0,0
833,1.036966,1.058619,MGC,1,1,0,0
8330,1.062162,1.191204,MGC,1,1,0,0
8331,1.088434,1.105934,MGC,1,1,0,0
8333,1.127465,1.263642,MGC,1,1,0,0
8334,1.183002,1.119833,HWC,1,1,0,0
8335,1.037717,1.016885,HWC,1,1,0,0
8336,1.198331,1.006181,HWC,1,1,0,0
8338,1.157575,1.243909,MGC,4,3,0,0
8339,1.322290,1.251199,HWC,1,1,0,0
834,1.077368,1.646876,MGC,1,1,0,0
8341,1.090012,1.296618,MGC,2,2,0,0
8343,1.073511,1.020687,HWC,1,1,0,0
8346,1.076963,1.281972,MGC,6,1,0,0
8349,1.171051,1.000625,HWC,1,1,0,0
8350,1.119232,1.044188,HWC,2,1,0,0
8355,1.096089,1.354962,MGC,1,1,0,0
8356,1.301616,1.135511,HWC,1,1,0,0
8357,1.068766,1.019981,HWC,1,1,0,0
8358,1.127705,1.122651,HWC,4,2,0,0
8362,1.038795,1.020269,HWC,1,1,0,0
8367,1.185851,1.207249,MGC,1,2,0,0
8369,1.186967,1.184603,HWC,1,1,0,0
837,1.079718,0.990311,HWC,2,1,0,0
8370,1.107786,1.223300,MGC,3,2,0,0
8373,1.099368,0.989764,HWC,2,1,0,0
8374,1.254182,1.480983,MGC,2,1,0,0
8376,1.085456,1.073763,HWC,1,1,0,0
8378,1.239307,1.037340,HWC,3,1,0,0
8379,1.293431,1.026066,HWC,1,1,0,0
8381,1.105661,1.119705,MGC,1,1,0,0
8383,1.138163,1.101019,HWC,3,1,0,0
8385,1.110622,1.283337,MGC,1,1,0,0
8386,1.156594,1.037715,HWC,2,1,0,0
8387,1.191779,1.245832,MGC,2,1,0,0
8388,1.107282,1.206664,MGC,2,1,0,0
8391,1.132733,1.071077,HWC,3,1,0,0
8394,1.125662,1.444139,MGC,4,1,0,0
8401,1.124411,1.143766,MGC,1,1,0,0
8404,1.094152,1.180516,MGC,3,1,0,0
8405,1.109032,1.226780,MGC,1,1,0,0
8406,1.130029,1.314263,MGC,3,4,0,0
8408,1.135988,1.201952,MGC,1,1,0,0
841,1.085101,1.200279,MGC,1,5,0,0
8411,1.108534,0.945563,HWC,1,1,0,0
8412,1.050159,1.281770,MGC,1,1,0,0
8414,1.113854,1.176103,MGC,1,1,0,0
8416,1.094590,1.091446,HWC,3,1,0,0
8417,1.180082,1.149875,HWC,1,1,0,0
8418,1.053427,1.128508,MGC,1,1,0,0
8420,1.129524,1.182520,MGC,1,2,0,0
8421,1.071468,1.073317,MGC,1,1,0,0
8422,1.201202,1.247222,MGC,4,1,0,0
8423,1.117081,1.209464,MGC,1,1,0,0
8427,1.029383,1.094830,MGC,1,1,0,0
843,1.205751,1.129969,HWC,1,1,0,0
8430,1.068448,1.093281,MGC,2,1,0,0
8431,1.329126,1.250419,HWC,2,2,0,0
8432,1.269203,0.994170,HWC,1,1,0,0
8433,1.104754,1.052211,HWC,1,1,0,0
8434,1.085581,1.077895,HWC,4,1,0,0
8437,1.113454,0.984815,HWC,1,1,0,0
8439,1.120521,0.996996,HWC,1,1,0,0
844,1.433514,1.432679,HWC,2,1,0,0
8441,1.085791,1.262016,MGC,2,3,0,0
8442,1.152751,1.090509,HWC,1,2,0,0
8444,1.230204,1.035470,HWC,1,1,0,0
8445,1.018104,1.106703,MGC,1,1,0,0
8446,1.223035,1.340136,MGC,1,1,0,0
8447,1.051318,0.997480,HWC,1,1,0,0
8452,1.232243,1.264793,MGC,1,1,0,0
8453,1.097851,1.350051,MGC,1,1,0,0
8455,1.149828,0.984371,HWC,1,1,0,0
8457,1.175731,1.180665,MGC,1,1,0,0
8460,1.290424,1.049401,HWC,1,1,0,0
8461,1.147839,1.125164,HWC,5,1,0,0
8462,1.244620,1.188919,HWC,2,2,0,0
8465,1.065462,1.061218,HWC,1,1,0,0
8466,1.030916,1.209400,MGC,1,1,0,0
8467,1.209731,1.147353,HWC,4,1,0,0
8468,1.221246,1.408593,MGC,1,1,0,0
847,1.185944,1.060664,HWC,1,1,0,0
8470,1.080120,1.265490,MGC,1,1,0,0
8473,1.236208,1.131022,HWC,3,1,0,0
8474,1.347510,1.289100,HWC,2,1,0,0
8476,1.090932,1.147632,MGC,1,1,0,0
8479,1.087715,1.398162,MGC,2,1,0,0
8480,1.177245,1.407359,MGC,1,1,0,0
8481,1.130523,1.175387,MGC,1,1,0,0
8482,1.251099,1.019331,HWC,2,1,0,0
8485,1.159024,1.286899,MGC,1,1,0,0
8487,1.254023,1.193150,HWC,2,1,0,0
8489,1.014942,1.267448,MGC,1,2,0,0
849,1.086139,1.008272,HWC,1,1,0,0
8490,1.057302,1.252701,MGC,1,1,0,0
8491,1.011270,1.033583,MGC,1,1,0,0
8492,1.173573,1.004213,HWC,1,1,0,0
8494,1.016739,1.255537,MGC,1,1,0,0
8495,1.154171,1.239432,MGC,3,2,0,0
8496,1.161956,1.001224,HWC,2,1,0,0
8497,1.137759,1.069178,HWC,2,1,0,0
8498,1.140723,0.972055,HWC,1,1,0,0
8499,1.198182,1.136778,HWC,2,2,0,0
85,1.107224,1.131729,MGC,1,1,0,0
8500,1.170056,1.293809,MGC,7,4,0,0
8506,1.180225,1.023968,HWC,1,1,0,0
8507,1.174018,1.302375,MGC,5,2,0,0
8508,1.053867,1.127791,MGC,1,1,0,0
851,1.122559,1.019356,HWC,3,1,0,0
8511,1.151478,1.034936,HWC,1,1,0,0
8514,1.075180,1.027088,HWC,1,1,0,0
8516,1.082559,1.170899,MGC,2,1,0,0
8517,1.205546,1.146101,HWC,3,1,0,0
8518,1.063350,1.034419,HWC,1,1,0,0
8519,1.071279,1.136418,MGC,1,1,0,0
852,1.176565,1.197571,MGC,1,1,0,0
8521,1.107232,1.182828,MGC,1,2,0,0
8523,1.073228,1.039501,HWC,1,1,0,0
8524,1.195035,1.223199,MGC,1,1,0,0
8525,1.220871,1.148587,HWC,2,1,0,0
8527,1.093714,1.233071,MGC,4,1,0,0
8528,1.102981,1.046012,HWC,1,2,0,0
8529,1.478593,1.632963,MGC,1,2,0,0
8534,1.038232,1.206513,MGC,1,2,0,0
8536,1.098624,1.121042,MGC,1,1,0,0
8537,1.051297,1.309831,MGC,1,1,0,0
8539,1.165329,1.251769,MGC,2,1,0,0
8543,1.333797,1.477090,MGC,2,2,0,0
8544,1.073000,1.254517,MGC,1,2,0,0
8550,1.006969,1.005971,HWC,1,1,0,0
8551,1.172862,1.082877,HWC,1,1,0,0
8552,1.074274,1.308503,MGC,1,1,0,0
8553,1.063932,1.219596,MGC,6,3,0,0
8556,0.992508,1.081299,MGC,1,1,0,0
8558,1.044649,1.181560,MGC,1,1,0,0
8559,1.165482,1.164217,HWC,1,1,0,0
856,1.126705,1.235073,MGC,1,1,0,0
8560,1.084078,1.295031,MGC,2,1,0,0
8562,1.013454,1.281426,MGC,2,1,0,0
8564,1.019094,1.151124,MGC,1,1,0,0
8566,1.093970,1.251807,MGC,1,2,0,0
8567,1.227368,1.084472,HWC,1,1,0,0
8568,1.178630,1.109575,HWC,4,5,0,0
8569,1.312174,1.331630,MGC,2,1,0,0
8571,1.152774,1.302908,MGC,3,1,0,0
8572,1.086315,1.026208,HWC,1,1,0,0
8574,1.174783,1.359986,MGC,1,1,0,0
8575,1.168036,1.113098,HWC,7,1,0,0
8576,1.265693,1.424920,MGC,1,1,0,0
8577,1.206679,1.157512,HWC,1,1,0,0
8578,1.143444,1.135247,HWC,2,1,0,0
8579,1.047488,1.064539,MGC,1,1,0,0
858,1.189130,1.196568,MGC,3,3,0,0
8580,1.078225,1.077604,HWC,1,1,0,0
8582,1.147534,1.389725,MGC,2,2,0,0
8584,1.248798,1.309033,MGC,3,1,0,0
8585,1.148679,1.148196,HWC,1,1,0,0
8586,1.070093,1.205693,MGC,4,1,0,0
859,1.086974,1.227564,MGC,1,1,0,0
8596,1.232056,1.207777,HWC,4,1,0,0
8597,1.165479,1.002714,HWC,1,1,0,0
86,1.074004,1.149350,MGC,2,1,0,0
860,1.027988,1.109144,MGC,1,1,0,0
8600,1.087455,1.240212,MGC,3,1,0,0
8602,1.025100,1.083022,MGC,1,1,0,0
8604,1.119811,1.269300,MGC,1,1,0,0
861,1.121422,1.116573,HWC,3,4,0,0
8610,1.130509,1.332858,MGC,1,2,0,0
8611,1.078604,1.148760,MGC,1,1,0,0
8612,1.167753,1.215645,MGC,1,1,0,0
8613,1.169766,1.113873,HWC,2,1,0,0
8615,1.369984,1.127883,HWC,1,1,0,0
8616,1.082114,1.140197,MGC,3,2,0,0
8617,1.131920,1.218835,MGC,1,1,0,0
8618,1.091941,1.055968,HWC,1,1,0,0
862,1.161239,1.158779,HWC,1,1,0,0
8620,1.203472,1.298277,MGC,1,1,0,0
8626,1.146439,1.335875,MGC,4,1,0,0
8627,1.113685,1.121768,MGC,11,3,0,0
863,1.085692,0.998954,HWC,1,1,0,0
8630,1.116284,1.030282,HWC,1,1,0,0
8631,1.211434,1.362981,MGC,2,1,0,0
8632,1.265925,1.229374,HWC,1,1,0,0
8633,1.148581,1.003159,HWC,7,1,0,0
8634,1.081261,1.258150,MGC,3,2,0,0
8636,1.175252,1.273713,MGC,1,1,0,0
8638,1.009806,1.189623,MGC,1,4,0,0
864,1.043579,1.096911,MGC,1,1,0,0
8641,1.122208,1.148131,MGC,1,1,0,0
8645,1.201185,1.412769,MGC,1,1,0,0
8646,1.026567,1.061789,MGC,1,1,0,0
8647,1.058284,1.156973,MGC,1,1,0,0
8648,1.146094,1.166844,MGC,1,2,0,0
8649,1.013400,1.223954,MGC,2,2,0,0
865,1.192340,1.070676,HWC,3,1,0,0
8650,1.167540,1.332050,MGC,3,3,0,0
8653,1.168011,1.065111,HWC,1,1,0,0
8654,1.149563,1.226133,MGC,1,1,0,0
8655,1.064146,1.038009,HWC,1,1,0,0
8656,1.136475,1.246712,MGC,2,3,0,0
8659,1.023722,1.019359,HWC,1,1,0,0
8661,1.141064,1.236389,MGC,2,3,0,0
8662,1.100367,1.145878,MGC,1,1,0,0
8665,1.104432,1.220253,MGC,1,1,0,0
8666,1.175804,1.002914,HWC,3,1,0,0
8668,1.234975,1.205398,HWC,2,1,0,0
8669,1.160791,1.160227,HWC,3,2,0,0
8670,1.113856,1.176156,MGC,1,1,0,0
8671,1.086721,1.333271,MGC,1,2,0,0
8672,1.104682,1.047465,HWC,1,1,0,0
8675,1.031085,0.968816,HWC,1,1,0,0
8676,1.166787,1.001923,HWC,1,1,0,0
8678,1.292327,1.181972,HWC,2,1,0,0
8679,1.092389,1.151052,MGC,1,1,0,0
868,1.015260,1.179926,MGC,2,1,0,0
8681,1.343321,1.321189,HWC,1,1,0,0
8682,1.074044,0.974148,HWC,1,1,0,0
8683,1.021655,1.026959,MGC,1,1,0,0
8684,1.134349,1.021278,HWC,1,1,0,0
8689,1.095946,1.152498,MGC,1,1,0,0
869,1.115064,1.265789,MGC,3,2,0,0
8697,1.039794,1.348909,MGC,2,1,0,0
8700,1.122622,1.011420,HWC,1,1,0,0
8701,1.187802,1.216568,MGC,4,1,0,0
8703,1.104008,1.012516,HWC,1,1,0,0
8705,1.198842,1.242784,MGC,2,1,0,0
8708,1.270443,1.284946,MGC,1,1,0,0
8710,1.172625,1.488173,MGC,1,1,0,0
8711,1.054342,1.180341,MGC,1,1,0,0
8712,1.213383,1.181306,HWC,2,1,0,0
8715,0.980698,1.132208,MGC,1,1,0,0
8717,1.159010,1.357289,MGC,1,2,0,0
8719,1.172319,1.216057,MGC,1,1,0,0
8720,1.057859,1.168547,MGC,1,2,0,0
8724,1.116972,1.134937,MGC,1,1,0,0
8726,1.030471,0.956359,HWC,1,1,0,0
8727,1.089294,1.189493,MGC,4,2,0,0
8728,1.258557,1.185803,HWC,1,1,0,0
873,1.261808,1.120139,HWC,1,2,0,0
8730,1.175896,0.988275,HWC,2,1,0,0
8736,1.083337,0.986665,HWC,1,1,0,0
8737,1.103316,1.061163,HWC,1,1,0,0
8738,1.133621,1.147377,MGC,2,1,0,0
8739,1.015926,1.140349,MGC,1,1,0,0
874,1.290676,1.317412,MGC,1,2,0,0
8741,1.045059,1.020162,HWC,1,1,0,0
8746,1.221959,1.230088,MGC,3,1,0,0
8747,1.093252,1.158772,MGC,2,1,0,0
8748,1.163953,1.303054,MGC,4,2,0,0
8749,1.176526,1.118703,HWC,2,2,0,0
875,1.177062,1.158086,HWC,1,1,0,0
8753,1.520427,1.325720,HWC,2,1,0,0
8754,1.154913,1.653702,MGC,1,1,0,0
8755,1.151346,1.217753,MGC,3,2,0,0
8756,1.240922,1.180588,HWC,1,1,0,0
8758,1.092706,1.037283,HWC,1,1,0,0
876,1.257502,1.120810,HWC,2,1,0,0
8760,1.074335,1.133995,MGC,1,1,0,0
8761,1.183671,1.302211,MGC,6,2,0,0
8764,1.074390,1.127397,MGC,2,1,0,0
8766,1.074201,0.979861,HWC,1,1,0,0
8767,1.182005,1.483905,MGC,4,1,0,0
8769,1.146640,0.997883,HWC,2,1,0,0
8770,1.203934,1.136569,HWC,1,1,0,0
8772,1.117159,1.186740,MGC,1,1,0,0
8773,1.081031,1.219963,MGC,1,3,0,0
8774,1.084529,1.162319,MGC,1,1,0,0
8775,1.116914,1.232280,MGC,2,1,0,0
8777,1.093342,1.150489,MGC,1,1,0,0
8779,1.192319,1.246624,MGC,1,2,0,0
878,1.126911,1.296210,MGC,6,3,0,0
8780,1.168081,1.137510,HWC,2,1,0,0
8781,1.123919,1.217688,MGC,2,1,0,0
8782,1.085964,1.188281,MGC,2,5,0,0
8783,1.090367,1.037470,HWC,1,1,0,0
8784,1.182760,1.200775,MGC,1,1,0,0
8785,1.108317,1.008899,HWC,5,1,0,0
8786,1.204611,1.289570,MGC,1,1,0,0
8789,1.481597,1.647571,MGC,1,2,0,0
8790,1.097558,1.211340,MGC,4,1,0,0
8791,1.023919,1.286403,MGC,1,1,0,0
8793,1.140016,1.223608,MGC,1,1,0,0
8796,1.075974,1.007829,HWC,2,1,0,0
8797,1.086212,1.007798,HWC,1,1,0,0
8798,1.088133,1.255252,MGC,1,2,0,0
8799,1.211572,1.141678,HWC,2,2,0,0
880,1.064256,1.136471,MGC,1,1,0,0
8800,1.181838,1.109219,HWC,2,1,0,0
8801,1.090914,1.150413,MGC,2,1,0,0
8803,1.143040,1.060283,HWC,2,1,0,0
8805,1.112061,1.011025,HWC,1,1,0,0
8806,1.073231,1.129788,MGC,8,1,0,0
8807,1.038717,1.114075,MGC,1,1,0,0
8810,1.096562,1.066522,HWC,1,1,0,0
8812,1.137687,1.010505,HWC,1,1,0,0
8815,1.103863,1.083353,HWC,2,1,0,0
8817,1.173840,1.149495,HWC,1,1,0,0
882,1.087930,1.078942,HWC,2,1,0,0
8820,1.134333,1.207051,MGC,1,1,0,0
8822,1.100539,1.316121,MGC,1,1,0,0
8824,1.178446,1.223899,MGC,1,2,0,0
8829,1.107163,1.109151,MGC,6,1,0,0
883,1.094309,1.025648,HWC,1,1,0,0
8831,1.111399,1.295173,MGC,1,1,0,0
8832,1.246184,0.988269,HWC,2,1,0,0
8833,0.991737,1.199964,MGC,1,1,0,0
8834,1.107606,1.269420,MGC,1,2,0,0
8835,1.412525,1.000805,HWC,1,1,0,0
8837,1.098112,1.011250,HWC,1,1,0,0
8838,1.104053,1.158810,MGC,1,1,0,0
884,1.032522,1.100077,MGC,1,1,0,0
8840,1.189288,1.237172,MGC,1,1,0,0
8843,1.054048,1.126572,MGC,1,1,0,0
8845,1.170417,1.443480,MGC,6,2,0,0
8846,1.058832,1.213170,MGC,2,4,0,0
8849,1.101549,1.248700,MGC,3,1,0,0
8850,1.156973,1.040493,HWC,1,1,0,0
8851,1.070444,1.190405,MGC,1,2,0,0
8852,1.104072,1.210893,MGC,2,3,0,0
8853,1.096913,1.255042,MGC,1,1,0,0
8857,1.130285,1.172054,MGC,2,1,0,0
8858,1.231108,1.143130,HWC,3,1,0,0
8863,1.108843,1.256608,MGC,2,2,0,0
8864,1.188592,1.285790,MGC,1,1,0,0
8865,1.072670,1.009283,HWC,1,1,0,0
8866,1.135625,1.208217,MGC,2,2,0,0
8868,1.166756,1.094976,HWC,3,1,0,0
8869,1.068466,1.192819,MGC,1,1,0,0
8871,1.218521,1.170566,HWC,2,1,0,0
8877,1.152247,1.064415,HWC,1,1,0,0
8879,1.183166,1.301013,MGC,2,1,0,0
8883,1.153241,1.177573,MGC,4,1,0,0
8884,1.178501,1.254396,MGC,4,1,0,0
8886,1.144099,1.179468,MGC,2,1,0,0
8890,1.133753,1.087524,HWC,1,1,0,0
8895,1.035722,0.994732,HWC,1,1,0,0
890,1.180727,1.266690,MGC,1,1,0,0
8903,0.992609,1.131034,MGC,1,1,0,0
8904,1.189119,1.282408,MGC,1,4,0,0
8911,1.006348,1.265345,MGC,1,2,0,0
8914,1.110752,1.016743,HWC,1,1,0,0
8917,1.054200,1.235799,MGC,7,2,0,0
892,1.105221,1.462796,MGC,1,1,0,0
8924,1.080174,1.240283,MGC,1,1,0,0
8925,1.142791,1.081686,HWC,3,1,0,0
8927,1.226043,1.199639,HWC,1,1,0,0
8929,1.227773,1.158902,HWC,3,1,0,0
8930,1.169107,1.164226,HWC,2,2,0,0
8934,1.249902,1.091572,HWC,1,1,0,0
8935,1.186834,1.124846,HWC,1,1,0,0
8937,1.074582,1.388195,MGC,1,1,0,0
8938,1.200035,1.097896,HWC,1,1,0,0
8941,1.051034,1.096716,MGC,3,2,0,0
8943,1.114785,1.226218,MGC,3,4,0,0
8948,1.206401,1.198929,HWC,2,1,0,0
8949,1.104666,1.208406,MGC,1,1,0,0
8950,1.194687,1.115921,HWC,2,1,0,0
8952,1.048642,1.043571,HWC,1,1,0,0
8955,1.065436,1.558353,MGC,1,4,0,0
8956,1.088035,1.263960,MGC,3,1,0,0
8959,1.354118,1.291737,HWC,1,2,0,0
8961,1.147206,1.208293,MGC,5,2,0,0
8962,1.174716,1.033391,HWC,2,1,0,0
8966,1.073436,1.052515,HWC,3,1,0,0
897,1.210320,1.056920,HWC,1,1,0,0
8971,1.054726,1.167481,MGC,2,1,0,0
8974,1.125852,1.292125,MGC,2,2,0,0
8975,1.118849,1.350670,MGC,1,1,0,0
8977,0.992390,1.299315,MGC,1,1,0,0
8978,1.114344,1.170200,MGC,1,1,0,0
898,1.109874,1.133058,MGC,3,1,0,0
8981,1.134447,1.329879,MGC,1,1,0,0
8983,1.204182,1.367554,MGC,1,2,0,0
8985,1.089461,1.123935,MGC,1,1,0,0
8986,1.066854,1.072147,MGC,1,1,0,0
8989,1.052637,1.010727,HWC,1,1,0,0
8990,1.153118,1.295706,MGC,2,3,0,0
8991,1.205137,1.181390,HWC,2,1,0,0
8992,1.091152,1.346541,MGC,1,1,0,0
8993,1.139304,1.065883,HWC,3,1,0,0
8995,1.064013,1.175546,MGC,1,3,0,0
8998,1.218663,1.204985,HWC,2,1,0,0
90,1.181161,1.281802,MGC,3,3,0,0
900,1.108378,1.155852,MGC,1,2,0,0
9000,1.074959,1.243215,MGC,1,2,0,0
903,1.062738,1.107520,MGC,1,1,0,0
904,1.541833,1.394659,HWC,1,1,0,0
906,1.143315,1.059270,HWC,1,1,0,0
907,1.089591,1.128116,MGC,1,2,0,0
909,0.969291,1.305054,MGC,1,3,0,0
91,1.176904,1.275596,MGC,1,1,0,0
911,1.048926,1.136861,MGC,1,1,0,0
912,1.050036,0.975534,HWC,1,1,0,0
916,1.277933,1.023898,HWC,1,1,0,0
918,1.257746,1.414564,MGC,4,2,0,0
92,1.161903,1.030159,HWC,1,1,0,0
920,1.108476,1.201392,MGC,5,3,0,0
921,1.358437,1.160689,HWC,3,1,0,0
922,1.113646,1.174483,MGC,1,3,0,0
923,1.148425,1.172079,MGC,6,4,0,0
924,1.010122,1.340646,MGC,1,2,0,0
925,1.123074,1.017655,HWC,1,1,0,0
927,1.161267,1.339214,MGC,1,1,0,0
929,1.223708,1.080438,HWC,1,1,0,0
93,1.106613,1.304564,MGC,1,1,0,0
930,1.035322,1.285828,MGC,1,1,0,0
931,1.017910,1.064966,MGC,1,1,0,0
932,1.157433,1.343877,MGC,1,2,0,0
933,1.127950,1.043237,HWC,2,1,0,0
934,1.156382,1.186742,MGC,3,2,0,0
938,1.155840,1.141205,HWC,1,1,0,0
939,1.087573,1.001857,HWC,1,1,0,0
94,1.229011,1.306559,MGC,1,2,0,0
940,1.019971,1.212309,MGC,1,1,0,0
942,1.037049,1.136713,MGC,1,1,0,0
95,1.084998,1.191225,MGC,6,3,0,0
952,1.285013,1.004878,HWC,1,1,0,0
953,1.067720,1.168190,MGC,4,3,0,0
956,1.039742,1.004846,HWC,1,1,0,0
960,1.006544,1.284670,MGC,1,1,0,0
961,1.259644,0.995679,HWC,1,1,0,0
962,1.107730,1.093939,HWC,1,2,0,0
964,1.169308,1.012868,HWC,5,1,0,0
965,1.206719,0.993204,HWC,1,1,0,0
968,1.161875,1.138348,HWC,2,1,0,0
969,1.062567,1.095693,MGC,1,1,0,0
97,1.149183,1.316807,MGC,4,1,0,0
970,1.182207,1.194687,MGC,1,1,0,0
971,1.193086,1.036139,HWC,1,1,0,0
974,1.048792,1.063026,MGC,1,1,0,0
976,1.175862,1.234507,MGC,1,2,0,0
98,1.071348,1.010204,HWC,1,1,0,0
980,1.180026,1.064496,HWC,1,1,0,0
984,1.053690,1.126490,MGC,1,1,0,0
985,1.286939,1.268647,HWC,4,1,0,0
986,1.128317,1.061726,HWC,1,1,0,0
988,1.172497,1.009241,HWC,2,1,0,0
99,1.160313,1.372261,MGC,2,1,0,0
990,1.143248,1.123210,HWC,2,1,0,0
991,0.965909,1.179157,MGC,1,1,0,0
994,1.129259,1.290117,MGC,1,1,0,0
995,1.165736,1.130494,HWC,1,1,0,0
996,1.084466,1.107742,MGC,1,1,0,0
999,1.166111,1.140234,HWC,1,1,0,0
9001,1.144323,1.273781,MGC,6,1,0,0
9002,1.106857,1.190845,MGC,1,2,0,0
9003,1.230058,1.175033,HWC,2,2,0,0
9004,1.162530,1.264010,MGC,3,4,0,0
9005,1.145063,1.110897,HWC,2,1,0,0
9006,1.232094,1.060173,HWC,1,1,0,0
9007,1.392801,1.248843,HWC,1,2,0,0
9008,1.189613,1.232707,MGC,5,2,0,0
9009,1.112817,1.247002,MGC,6,6,0,0
9010,1.102436,1.209401,MGC,1,4,0,0
9011,1.022116,1.078465,MGC,1,1,0,0
9012,1.128220,1.439807,MGC,3,3,0,0
9013,1.123348,1.104475,HWC,5,1,0,0
9014,1.122299,1.314431,MGC,2,1,0,0
9015,1.183083,1.256512,MGC,2,4,0,0
9016,1.425156,1.283354,HWC,1,1,0,0
9017,1.184010,1.064387,HWC,1,1,0,0
9018,1.359181,1.086927,HWC,1,1,0,0
