line_num,human_npr,lm_npr,winner,human_n_chunks_scored,lm_n_chunks_scored,human_n_lowconf,lm_n_lowconf
10,1.684412,2.033820,MGC,1,1,0,0
100,1.373300,1.129343,HWC,1,1,0,0
1000,1.144136,1.271247,MGC,6,1,0,0
1001,1.124609,1.295649,MGC,1,1,0,0
1002,1.252014,1.744867,MGC,1,1,0,0
1003,1.542594,1.573663,MGC,5,1,0,0
1004,1.344976,1.471102,MGC,1,1,0,0
1005,1.218285,1.514057,MGC,1,1,0,0
1006,1.458157,1.160651,HWC,1,1,0,0
1007,1.302912,1.307062,MGC,2,1,0,0
1008,1.356180,1.839181,MGC,1,1,0,0
1009,1.379399,1.311264,HWC,1,1,0,0
101,1.281071,1.663997,MGC,2,1,0,0
1010,1.267810,1.395734,MGC,5,2,0,0
1011,1.374976,1.487764,MGC,1,1,0,0
1012,1.535071,0.998589,HWC,1,1,0,0
1013,1.590890,1.373469,HWC,1,1,0,0
1015,1.406733,1.307644,HWC,1,1,0,0
1016,1.246121,1.366498,MGC,1,1,0,0
1017,1.773880,1.392106,HWC,1,1,0,0
1018,1.352115,2.192228,MGC,1,1,0,0
1019,1.396117,1.648868,MGC,1,2,0,0
1020,1.643130,1.306084,HWC,1,1,0,0
1021,1.293655,1.673517,MGC,1,1,0,0
1024,1.153899,1.327350,MGC,1,1,0,0
1025,1.572934,1.957304,MGC,1,1,0,0
1026,1.614538,1.706818,MGC,2,1,0,0
1027,1.237367,1.295399,MGC,1,1,0,0
1028,1.412712,1.090396,HWC,1,1,0,0
1029,1.236538,1.617516,MGC,1,1,0,0
103,1.386152,1.724801,MGC,2,1,0,0
1030,1.374785,1.506777,MGC,1,1,0,0
1031,1.305299,1.787301,MGC,1,1,0,0
1033,1.446137,1.603178,MGC,3,1,0,0
1034,1.166002,1.252483,MGC,1,1,0,0
1035,1.340669,1.843043,MGC,2,1,0,0
1036,1.204946,1.550829,MGC,1,1,0,0
1037,1.302101,1.457777,MGC,2,1,0,0
1038,1.266946,1.221361,HWC,1,1,0,0
1039,1.301301,1.389287,MGC,1,1,0,0
1040,1.260276,1.510789,MGC,2,1,0,0
1041,1.229011,1.923909,MGC,2,1,0,0
1042,1.252252,1.263031,MGC,1,1,0,0
1043,1.319262,1.381707,MGC,2,1,0,0
1044,1.390616,1.802549,MGC,1,1,0,0
1045,1.318411,1.437380,MGC,1,1,0,0
1046,1.335586,1.111856,HWC,4,1,0,0
1047,1.244576,1.437566,MGC,2,2,0,0
1048,1.342062,1.305416,HWC,1,1,0,0
1049,1.306927,1.340343,MGC,2,1,0,0
105,1.268507,1.178611,HWC,1,1,0,0
1050,1.329330,2.176406,MGC,1,1,0,0
1052,1.318077,1.585709,MGC,3,2,0,0
1053,1.339378,1.052776,HWC,1,1,0,0
1054,1.296988,1.535748,MGC,1,2,0,0
1055,1.712279,1.616349,HWC,1,1,0,0
1056,1.528976,1.843862,MGC,1,1,0,0
1057,1.698556,1.324888,HWC,1,1,0,0
1058,1.514005,1.579864,MGC,1,1,0,0
1059,1.422294,1.384513,HWC,1,1,0,0
106,1.358657,1.342931,HWC,1,1,0,0
1060,1.324446,1.282681,HWC,1,1,0,0
1061,1.379360,1.767454,MGC,3,1,0,0
1062,1.140666,1.764023,MGC,1,1,0,0
1063,1.645779,1.817740,MGC,1,1,0,0
1064,1.280799,1.745021,MGC,6,1,0,0
1065,1.402941,1.928892,MGC,2,1,0,0
1066,1.344046,1.440664,MGC,2,1,0,0
1067,1.455961,1.507052,MGC,1,1,0,0
1068,1.363316,1.923848,MGC,2,1,0,0
107,1.213540,1.208198,HWC,2,1,0,0
1070,1.620044,1.201522,HWC,1,1,0,0
1071,1.411266,1.406652,HWC,2,1,0,0
1072,1.254473,1.408877,MGC,4,2,0,0
1074,1.492647,1.270180,HWC,1,1,0,0
1075,1.359461,1.847958,MGC,3,1,0,0
1076,1.200478,1.369190,MGC,1,1,0,0
1077,1.112118,1.265919,MGC,1,1,0,0
1079,1.303488,1.419372,MGC,1,1,0,0
108,1.453279,1.522938,MGC,1,1,0,0
1080,1.520385,1.633301,MGC,1,1,0,0
1081,1.486752,1.894435,MGC,1,1,0,0
1082,1.234318,2.295350,MGC,1,2,0,0
1083,1.339611,1.692949,MGC,3,1,0,0
1084,1.283639,1.367626,MGC,1,1,0,0
1085,1.282753,1.350247,MGC,2,1,0,0
1086,1.582611,1.522238,HWC,2,1,0,0
1087,1.279229,1.259902,HWC,1,1,0,0
1088,1.386961,1.625905,MGC,2,2,0,0
1089,1.526001,1.653474,MGC,2,2,0,0
109,1.265651,1.470931,MGC,3,1,0,0
1090,1.461402,1.599754,MGC,1,1,0,0
1091,1.481558,1.085366,HWC,1,1,0,0
1093,1.110566,1.567926,MGC,1,1,0,0
1094,1.273070,1.618774,MGC,1,2,0,0
1095,1.519678,1.754268,MGC,2,1,0,0
1096,1.218989,2.100449,MGC,1,1,0,0
1097,1.231262,1.573580,MGC,2,1,0,0
1098,1.487240,1.584749,MGC,2,1,0,0
110,1.171608,1.004504,HWC,3,1,0,0
1100,1.044946,1.040371,HWC,3,1,0,0
1101,1.490630,1.555579,MGC,1,1,0,0
1102,1.605656,1.886299,MGC,1,1,0,0
1103,1.389611,1.667560,MGC,1,1,0,0
1104,1.160388,1.244807,MGC,1,1,0,0
1105,1.277178,1.832791,MGC,1,1,0,0
1106,1.318966,1.294163,HWC,2,1,0,0
1107,1.547295,1.842088,MGC,2,1,0,0
1108,1.518359,2.307818,MGC,1,1,0,0
1109,1.575204,1.164973,HWC,1,1,0,0
111,1.263499,1.264544,MGC,5,1,0,0
1110,1.256002,1.226628,HWC,7,1,0,0
1111,1.282434,1.424220,MGC,3,1,0,0
1113,1.422029,1.205961,HWC,1,1,0,0
1114,1.307880,1.312249,MGC,4,1,0,0
1115,1.197532,1.168668,HWC,1,1,0,0
1116,1.585137,1.615998,MGC,1,1,0,0
1118,1.617093,1.730049,MGC,2,1,0,0
1119,1.504026,1.597805,MGC,2,1,0,0
112,1.534269,1.201400,HWC,1,1,0,0
1120,1.424860,2.093497,MGC,1,1,0,0
1121,1.250107,1.980174,MGC,1,1,0,0
1123,1.293820,1.900815,MGC,2,2,0,0
1124,1.356515,1.476737,MGC,6,1,0,0
1125,1.339840,1.414552,MGC,1,1,0,0
1126,1.162914,1.605888,MGC,1,1,0,0
1128,1.277592,1.912208,MGC,5,1,0,0
1129,1.162153,1.707905,MGC,1,1,0,0
113,1.284704,1.509655,MGC,3,2,0,0
1130,1.417589,1.178763,HWC,2,1,0,0
1131,1.163068,1.377228,MGC,1,1,0,0
1133,1.374034,1.459846,MGC,2,2,0,0
1134,1.396085,1.646916,MGC,2,1,0,0
1135,1.311636,1.266319,HWC,1,1,0,0
1136,1.423440,1.415239,HWC,1,1,0,0
1137,1.258474,1.457877,MGC,1,1,0,0
1139,1.200399,1.403159,MGC,2,1,0,0
1140,1.273039,1.259430,HWC,2,1,0,0
1141,1.401340,1.886890,MGC,2,1,0,0
1142,1.417267,1.239128,HWC,1,1,0,0
1143,1.284220,1.222776,HWC,2,1,0,0
1144,1.544740,1.727771,MGC,1,1,0,0
1146,1.255474,1.696702,MGC,1,1,0,0
1147,1.342457,1.339211,HWC,1,1,0,0
1148,1.207711,1.323020,MGC,1,1,0,0
1149,1.270726,1.250423,HWC,2,1,0,0
115,1.248550,1.038506,HWC,1,1,0,0
1151,1.773147,1.954884,MGC,1,1,0,0
1152,1.312530,1.922639,MGC,2,1,0,0
1153,1.328848,1.563989,MGC,5,1,0,0
1154,1.866193,2.332511,MGC,2,2,0,0
1155,1.239402,1.441816,MGC,7,1,0,0
1156,1.131363,1.315114,MGC,2,4,0,0
1157,1.440682,1.322719,HWC,1,1,0,0
1159,1.662577,1.621939,HWC,1,1,0,0
1160,1.631381,1.186759,HWC,1,1,0,0
1161,1.223390,1.204445,HWC,1,1,0,0
1162,1.324595,1.574243,MGC,2,1,0,0
1163,1.209361,1.245863,MGC,1,1,0,0
1164,1.317100,1.608596,MGC,1,1,0,0
1165,1.541733,1.704500,MGC,2,1,0,0
1167,1.243749,1.176475,HWC,1,1,0,0
1168,1.223169,1.707076,MGC,1,2,0,0
1169,1.444983,1.301352,HWC,2,1,0,0
117,1.598069,1.476897,HWC,1,1,0,0
1170,1.272922,1.744574,MGC,1,3,0,0
1171,1.263894,1.216149,HWC,1,1,0,0
1172,1.265076,1.487255,MGC,2,2,0,0
1173,1.292366,2.240747,MGC,7,1,0,0
1174,1.224870,1.381288,MGC,1,1,0,0
1175,1.263903,1.681851,MGC,1,1,0,0
1176,1.371142,1.979222,MGC,2,1,0,0
1177,1.607742,1.714410,MGC,1,2,0,0
1178,1.275473,1.537824,MGC,1,1,0,0
1179,1.441709,1.350278,HWC,1,1,0,0
118,1.267035,1.805711,MGC,2,1,0,0
1180,1.473004,1.171858,HWC,1,1,0,0
1181,1.333125,1.575468,MGC,4,1,0,0
1182,1.625349,1.793895,MGC,1,1,0,0
1183,1.182115,2.115287,MGC,2,1,0,0
1184,1.330187,1.430467,MGC,1,3,0,0
1185,1.326531,1.289520,HWC,2,1,0,0
1186,1.615844,1.237688,HWC,1,1,0,0
1187,1.241058,1.462564,MGC,1,1,0,0
1190,1.274578,1.556462,MGC,6,1,0,0
1191,1.416645,1.775084,MGC,1,1,0,0
1192,2.003018,2.827594,MGC,2,2,0,0
1193,1.271652,1.635341,MGC,1,1,0,0
1194,1.412754,1.571147,MGC,1,3,0,0
1196,1.249762,1.430257,MGC,1,1,0,0
1197,1.261164,1.572653,MGC,1,1,0,0
1198,1.119421,1.306907,MGC,1,1,0,0
1199,1.252990,1.062363,HWC,1,1,0,0
12,1.407530,1.929663,MGC,3,1,0,0
120,1.151580,1.153553,MGC,1,1,0,0
1200,1.121491,1.140902,MGC,1,1,0,0
1201,1.256315,1.138043,HWC,7,1,0,0
1202,1.281419,1.660660,MGC,1,1,0,0
1203,1.411544,1.372151,HWC,2,1,0,0
1204,1.427544,2.366019,MGC,1,1,0,0
1205,1.359187,1.613594,MGC,3,1,0,0
1206,1.456471,1.669830,MGC,3,3,0,0
1207,1.186429,1.102232,HWC,1,1,0,0
1208,1.294919,1.574027,MGC,4,1,0,0
1210,1.234092,1.429346,MGC,5,1,0,0
1212,1.268540,1.343058,MGC,1,1,0,0
1213,1.203974,1.448702,MGC,1,1,0,0
1214,1.412567,1.183233,HWC,1,1,0,0
1215,1.337412,1.767250,MGC,2,1,0,0
1216,1.143555,1.614876,MGC,1,1,0,0
1217,1.298118,1.835081,MGC,3,1,0,0
1218,1.320810,1.559198,MGC,5,1,0,0
1219,1.307088,1.480005,MGC,3,2,0,0
122,1.329939,1.452012,MGC,1,1,0,0
1220,1.234322,1.366742,MGC,1,1,0,0
1222,1.279044,1.433894,MGC,2,1,0,0
1223,1.274105,1.235543,HWC,1,1,0,0
1224,1.269390,1.794352,MGC,1,1,0,0
1225,1.200179,1.905551,MGC,1,1,0,0
1226,1.355107,1.915600,MGC,3,1,0,0
1227,1.174843,1.092296,HWC,1,1,0,0
1229,2.207966,1.260774,HWC,1,1,0,0
123,1.275459,1.653613,MGC,7,1,0,0
1230,1.517853,1.596602,MGC,1,1,0,0
1231,1.407075,1.153467,HWC,1,1,0,0
1232,1.168419,1.806247,MGC,5,1,0,0
1233,1.518254,1.936583,MGC,1,1,0,0
1234,1.370516,1.498678,MGC,3,1,0,0
1235,1.169882,1.570441,MGC,3,2,0,0
1236,1.240180,1.489101,MGC,6,3,0,0
1237,1.270263,1.270163,HWC,2,1,0,0
1239,1.462121,1.440404,HWC,1,2,0,0
124,1.268236,1.558277,MGC,1,1,0,0
1240,1.358012,1.179384,HWC,3,1,0,0
1241,1.342516,1.233951,HWC,2,1,0,0
1242,1.368414,1.623304,MGC,1,1,0,0
1243,1.582989,1.570913,HWC,1,1,0,0
1244,1.205173,1.295303,MGC,3,1,0,0
1245,1.348983,1.649459,MGC,3,2,0,0
1246,1.438419,1.756375,MGC,2,3,0,0
1247,1.233264,1.134277,HWC,2,1,0,0
1249,1.221710,1.219343,HWC,1,1,0,0
125,1.250929,1.410074,MGC,3,1,0,0
1250,1.238834,1.360478,MGC,1,1,0,0
1251,1.429934,1.339161,HWC,1,1,0,0
1252,1.403166,1.461310,MGC,2,1,0,0
1253,1.546594,1.786360,MGC,1,1,0,0
1255,1.338931,1.651025,MGC,1,1,0,0
1256,1.270143,1.578585,MGC,1,1,0,0
1257,1.273499,1.522506,MGC,6,2,0,0
1258,1.377065,1.938810,MGC,1,1,0,0
1259,1.279696,1.125508,HWC,1,1,0,0
126,1.365042,1.260403,HWC,1,1,0,0
1260,1.319629,1.361463,MGC,4,1,0,0
1261,1.206839,1.631278,MGC,2,3,0,0
1262,1.284468,1.353657,MGC,3,1,0,0
1263,1.596774,1.651345,MGC,1,1,0,0
1264,1.436376,1.336514,HWC,1,1,0,0
1265,1.263085,1.292460,MGC,5,1,0,0
1266,1.264169,1.545517,MGC,3,2,0,0
1268,1.294368,1.611681,MGC,1,1,0,0
1269,1.250019,1.318295,MGC,1,1,0,0
127,1.323100,1.619597,MGC,4,1,0,0
1270,1.268728,1.603228,MGC,7,1,0,0
1271,1.107591,1.119426,MGC,1,1,0,0
1272,1.229674,1.832614,MGC,1,2,0,0
1273,1.272380,1.561553,MGC,1,1,0,0
1274,1.343124,1.661479,MGC,1,1,0,0
1275,1.247800,1.240198,HWC,2,1,0,0
1276,1.284061,1.147299,HWC,1,1,0,0
1277,1.163274,1.718791,MGC,1,1,0,0
1278,1.364565,1.432264,MGC,2,1,0,0
1279,1.529978,1.511595,HWC,1,1,0,0
128,1.137147,1.055976,HWC,1,1,0,0
1280,1.336946,1.567737,MGC,1,1,0,0
1281,1.192498,1.190183,HWC,1,1,0,0
1282,1.313850,1.369618,MGC,3,2,0,0
1284,1.482250,2.306870,MGC,4,1,0,0
1285,1.451396,1.600753,MGC,1,1,0,0
1287,1.483432,1.100947,HWC,3,1,0,0
1288,1.263030,1.484362,MGC,6,1,0,0
1289,1.387158,1.532165,MGC,3,1,0,0
129,1.237129,1.465780,MGC,3,1,0,0
1290,1.278998,1.769508,MGC,1,1,0,0
1292,1.299327,1.808347,MGC,9,1,0,0
1293,1.345192,1.493793,MGC,1,2,0,0
1294,1.620551,1.520821,HWC,1,1,0,0
1295,1.376815,1.649452,MGC,2,1,0,0
1296,1.123087,1.221062,MGC,1,1,0,0
1297,1.345764,1.630190,MGC,3,1,0,0
1298,1.210551,1.579259,MGC,1,1,0,0
13,1.226437,1.275587,MGC,4,1,0,0
130,1.330755,1.362340,MGC,2,1,0,0
1300,1.240534,1.324562,MGC,1,1,0,0
1302,1.464199,1.729914,MGC,2,1,0,0
1303,1.605425,1.600527,HWC,1,1,0,0
1304,1.354238,1.604798,MGC,4,2,0,0
1306,1.461310,1.718369,MGC,1,1,0,0
1307,1.235018,1.209880,HWC,1,1,0,0
1308,1.601836,1.512214,HWC,1,1,0,0
131,1.269717,1.288889,MGC,1,1,0,0
1310,1.086982,1.463009,MGC,1,1,0,0
1311,1.876027,1.123239,HWC,1,1,0,0
1312,1.199832,1.215582,MGC,1,1,0,0
1313,1.230903,1.429067,MGC,2,1,0,0
1314,1.231948,1.095980,HWC,1,1,0,0
1315,1.311014,1.941906,MGC,3,1,0,0
1316,1.196138,1.447252,MGC,1,1,0,0
1317,1.393456,1.617547,MGC,1,1,0,0
1318,1.468449,1.626030,MGC,1,1,0,0
1319,1.158038,1.478944,MGC,1,1,0,0
132,1.460289,2.069130,MGC,2,1,0,0
1320,1.390354,1.160059,HWC,1,1,0,0
1321,1.305777,1.529652,MGC,4,2,0,0
1323,1.222088,1.821298,MGC,3,2,0,0
1324,1.365618,1.669575,MGC,1,1,0,0
1325,1.240276,1.488934,MGC,1,1,0,0
1326,1.345650,1.272230,HWC,3,1,0,0
1327,1.601703,1.543896,HWC,1,1,0,0
1329,1.262958,1.713320,MGC,1,1,0,0
1330,1.216513,1.377248,MGC,5,1,0,0
1332,1.211398,1.323628,MGC,1,1,0,0
1333,1.353000,1.208161,HWC,2,1,0,0
1334,1.208695,1.812776,MGC,1,2,0,0
1335,1.119877,1.284098,MGC,1,1,0,0
1336,1.343890,1.377358,MGC,5,1,0,0
1337,1.584274,1.164508,HWC,1,1,0,0
1338,1.352623,1.058243,HWC,1,1,0,0
1339,1.487023,1.830998,MGC,1,1,0,0
134,1.158485,1.383157,MGC,1,1,0,0
1341,1.554843,1.461934,HWC,1,1,0,0
1342,1.426013,1.653878,MGC,3,1,0,0
1343,1.235889,1.458352,MGC,3,1,0,0
1344,1.397359,1.462207,MGC,2,1,0,0
1345,1.243450,1.192663,HWC,2,1,0,0
1347,1.215212,1.373002,MGC,2,1,0,0
1348,1.576708,1.754082,MGC,2,2,0,0
1349,1.405604,1.318511,HWC,2,1,0,0
135,1.468930,1.910771,MGC,3,2,0,0
1350,1.205339,1.582679,MGC,1,1,0,0
1351,1.328547,1.350323,MGC,2,1,0,0
1352,1.559280,1.728425,MGC,1,1,0,0
1353,1.194787,1.278024,MGC,1,1,0,0
1354,1.336790,1.865566,MGC,1,1,0,0
1355,1.209794,1.245241,MGC,5,1,0,0
1356,1.408307,1.346957,HWC,2,1,0,0
1357,1.280961,1.763891,MGC,2,1,0,0
1358,1.209291,1.033506,HWC,2,1,0,0
1359,1.232886,1.108210,HWC,3,1,0,0
136,1.348867,1.823569,MGC,1,2,0,0
1360,1.196831,1.483401,MGC,1,1,0,0
1361,1.325881,1.079833,HWC,1,1,0,0
1362,1.223199,1.296133,MGC,1,1,0,0
1364,1.134124,1.493701,MGC,1,1,0,0
1365,1.227427,2.150212,MGC,1,2,0,0
1366,1.209962,1.239191,MGC,3,1,0,0
1368,1.250216,1.949318,MGC,3,1,0,0
1369,1.309513,1.668413,MGC,2,2,0,0
137,1.484019,1.828243,MGC,6,1,0,0
1370,1.514043,1.580001,MGC,4,1,0,0
1371,1.429716,2.283995,MGC,2,3,0,0
1372,1.387691,1.544802,MGC,1,1,0,0
1373,1.380061,1.569626,MGC,1,1,0,0
1374,1.283112,1.919533,MGC,1,1,0,0
1375,1.464800,1.487006,MGC,2,1,0,0
1376,1.135765,1.739286,MGC,1,1,0,0
1377,1.321666,2.061224,MGC,1,1,0,0
1378,1.149197,1.378518,MGC,1,1,0,0
1379,1.359084,1.588451,MGC,3,1,0,0
138,1.251744,2.193686,MGC,2,1,0,0
1380,1.173786,1.107740,HWC,1,1,0,0
1381,1.309024,2.038374,MGC,3,2,0,0
1382,1.186262,1.048322,HWC,1,1,0,0
1384,1.245017,1.219367,HWC,1,1,0,0
1385,1.259868,1.181196,HWC,1,1,0,0
1388,1.277167,1.478779,MGC,2,2,0,0
1389,1.375755,1.450678,MGC,2,1,0,0
1390,1.790258,1.734856,HWC,2,1,0,0
1395,1.296727,1.145469,HWC,2,1,0,0
1396,1.224671,1.379623,MGC,3,1,0,0
1397,1.336659,1.720378,MGC,4,2,0,0
1398,1.268264,1.509562,MGC,5,2,0,0
1399,1.309008,1.228434,HWC,1,1,0,0
140,1.474229,1.367204,HWC,1,1,0,0
1400,1.318013,1.674843,MGC,3,1,0,0
1401,1.213770,1.719163,MGC,1,1,0,0
1402,1.453853,2.453672,MGC,1,2,0,0
1404,1.490763,1.498795,MGC,1,1,0,0
1405,1.375333,1.315626,HWC,1,1,0,0
1406,1.589473,1.941629,MGC,1,1,0,0
1407,1.436862,1.646237,MGC,1,1,0,0
1408,1.433553,1.576066,MGC,1,1,0,0
1409,1.134361,1.344484,MGC,1,1,0,0
141,1.303456,1.377677,MGC,1,1,0,0
1410,1.171976,1.149734,HWC,5,1,0,0
1412,1.187211,1.602096,MGC,1,1,0,0
1413,1.368297,2.110284,MGC,2,1,0,0
1414,1.281858,1.440733,MGC,5,1,0,0
1415,1.259663,1.112745,HWC,1,1,0,0
1416,1.500195,2.121388,MGC,5,1,0,0
1417,1.199902,1.189308,HWC,1,1,0,0
1418,1.790141,1.470712,HWC,1,1,0,0
1419,1.263342,1.471990,MGC,1,1,0,0
142,1.214719,1.456695,MGC,1,1,0,0
1420,1.506727,1.738782,MGC,1,2,0,0
1421,1.368585,1.169465,HWC,2,1,0,0
1422,1.277030,1.421088,MGC,2,1,0,0
1423,1.468680,1.771240,MGC,1,1,0,0
1424,1.409105,1.528398,MGC,1,1,0,0
1425,1.230001,1.142547,HWC,1,1,0,0
1426,1.311191,1.249260,HWC,2,1,0,0
1427,1.390780,1.746307,MGC,6,2,0,0
1428,1.202428,1.200038,HWC,1,1,0,0
1429,1.341039,1.330087,HWC,2,1,0,0
143,1.262772,1.983150,MGC,2,1,0,0
1430,1.631913,2.219460,MGC,2,1,0,0
1431,1.369560,1.776122,MGC,1,2,0,0
1432,1.270652,1.552636,MGC,1,1,0,0
1433,1.589363,1.413569,HWC,2,1,0,0
1434,1.289562,1.060294,HWC,1,1,0,0
1436,1.273063,1.400658,MGC,2,1,0,0
1437,1.187177,1.161618,HWC,1,1,0,0
1438,1.525672,1.259343,HWC,1,1,0,0
1439,1.293043,1.446166,MGC,2,1,0,0
144,1.433185,1.733793,MGC,2,1,0,0
1440,1.407679,1.239122,HWC,1,1,0,0
1441,1.274036,1.410507,MGC,1,1,0,0
1442,1.778860,1.606286,HWC,1,1,0,0
1443,1.206778,1.503248,MGC,1,1,0,0
1444,1.151169,1.831250,MGC,1,3,0,0
1445,1.450524,1.154197,HWC,1,1,0,0
1446,1.350059,1.501907,MGC,1,1,0,0
1447,1.482809,1.502327,MGC,3,2,0,0
1448,1.438204,2.005625,MGC,2,1,0,0
1449,1.304409,1.558310,MGC,2,2,0,0
145,1.279071,1.484802,MGC,5,1,0,0
1450,1.141781,1.386955,MGC,1,1,0,0
1451,1.528052,1.232486,HWC,1,1,0,0
1452,1.341342,1.446454,MGC,3,1,0,0
1453,1.406508,1.253556,HWC,1,1,0,0
1454,1.481066,2.453318,MGC,3,1,0,0
1455,1.282844,1.516940,MGC,4,1,0,0
1456,1.838907,1.889012,MGC,1,1,0,0
1457,1.309730,1.127878,HWC,1,1,0,0
1458,1.286953,1.207404,HWC,2,1,0,0
1459,1.298177,1.697989,MGC,2,1,0,0
1460,1.503157,1.464159,HWC,1,1,0,0
1461,1.197670,1.469132,MGC,3,1,0,0
1462,1.456304,1.606390,MGC,2,1,0,0
1463,1.082169,1.557390,MGC,1,1,0,0
1464,1.280233,1.330436,MGC,1,1,0,0
1465,1.506642,1.589874,MGC,2,1,0,0
1466,1.450308,1.942664,MGC,5,1,0,0
1467,1.129984,1.380925,MGC,1,1,0,0
1468,1.323790,1.502859,MGC,5,1,0,0
1469,1.301684,1.055427,HWC,1,1,0,0
147,1.341665,1.529283,MGC,2,1,0,0
1470,1.443379,1.599693,MGC,5,2,0,0
1471,1.127073,1.427300,MGC,1,1,0,0
1472,1.913713,1.843341,HWC,1,4,0,0
1473,1.175541,1.154577,HWC,1,1,0,0
1474,1.394472,1.194191,HWC,1,1,0,0
1475,1.566135,1.351118,HWC,3,1,0,0
1476,1.310766,1.490069,MGC,4,1,0,0
1477,2.106028,1.927049,HWC,1,2,0,0
1478,1.245530,1.432993,MGC,2,1,0,0
1479,1.417341,1.435454,MGC,4,1,0,0
148,1.264357,1.622646,MGC,2,2,0,0
1480,1.548895,1.346244,HWC,1,1,0,0
1481,1.213558,1.302493,MGC,1,1,0,0
1482,1.355977,1.452497,MGC,1,1,0,0
1484,2.044864,2.013896,HWC,2,1,0,0
1486,1.505089,1.663137,MGC,4,1,0,0
1487,1.501778,1.517687,MGC,1,1,0,0
1488,1.286696,1.585892,MGC,5,1,0,0
1489,1.509177,1.660972,MGC,1,1,0,0
149,1.459849,1.468917,MGC,1,2,0,0
1490,1.477590,1.455622,HWC,2,1,0,0
1492,1.349932,1.999702,MGC,1,1,0,0
1493,1.416437,1.581177,MGC,1,1,0,0
1494,1.287855,1.153502,HWC,2,1,0,0
1495,1.385627,1.168309,HWC,2,1,0,0
1496,1.661344,1.577882,HWC,2,1,0,0
1497,1.455412,1.812378,MGC,1,1,0,0
1498,1.299948,1.339068,MGC,1,1,0,0
1499,1.279663,1.107304,HWC,1,1,0,0
150,1.470189,1.339146,HWC,1,1,0,0
1500,1.335003,1.375854,MGC,1,1,0,0
1501,1.182137,1.128389,HWC,1,1,0,0
1502,1.283186,1.130360,HWC,3,1,0,0
1504,1.491948,1.436567,HWC,1,1,0,0
1505,1.832104,1.234883,HWC,1,1,0,0
1506,1.119515,1.614981,MGC,1,1,0,0
1507,1.521380,1.307070,HWC,1,1,0,0
1508,1.358713,1.807796,MGC,1,2,0,0
1509,1.201204,1.209835,MGC,1,1,0,0
151,1.293119,1.675875,MGC,1,1,0,0
1510,1.386017,1.483383,MGC,1,1,0,0
1511,1.315885,1.269556,HWC,7,1,0,0
1512,1.310948,1.035586,HWC,2,1,0,0
1513,1.419028,1.405466,HWC,1,1,0,0
1514,1.344216,1.665792,MGC,3,1,0,0
1515,1.858008,2.318618,MGC,1,1,0,0
1516,1.041809,1.333200,MGC,1,1,0,0
1517,1.238693,1.574190,MGC,1,1,0,0
1518,1.275688,1.460826,MGC,1,1,0,0
1519,1.664888,1.389331,HWC,1,1,0,0
152,1.240691,1.399606,MGC,2,1,0,0
1520,1.322314,1.501807,MGC,5,1,0,0
1521,1.267870,1.478230,MGC,1,1,0,0
1522,1.263112,1.377605,MGC,2,1,0,0
1523,1.358207,1.772948,MGC,2,1,0,0
1524,1.233455,1.086260,HWC,1,1,0,0
1525,1.203615,1.703345,MGC,3,1,0,0
1526,1.314139,1.521538,MGC,1,3,0,0
1527,1.295947,1.388754,MGC,1,1,0,0
1528,1.551319,1.144506,HWC,1,1,0,0
1529,1.467765,1.351571,HWC,1,1,0,0
153,1.380628,1.386374,MGC,1,1,0,0
1530,1.289814,1.352570,MGC,7,1,0,0
1531,1.396248,1.521801,MGC,4,1,0,0
1532,1.420417,2.031565,MGC,4,2,0,0
1533,1.435971,1.124922,HWC,1,1,0,0
1534,1.548930,2.352742,MGC,1,1,0,0
1535,1.318549,1.129820,HWC,1,1,0,0
1538,1.135478,1.348789,MGC,1,1,0,0
1539,1.496061,1.133428,HWC,1,1,0,0
1540,1.275761,1.263874,HWC,1,1,0,0
1542,1.437509,2.558954,MGC,1,1,0,0
1543,1.554035,1.964162,MGC,1,1,0,0
1545,1.312959,1.874996,MGC,1,1,0,0
1546,1.141135,1.219743,MGC,1,1,0,0
1547,1.652240,1.868573,MGC,3,2,0,0
1548,1.254087,1.384501,MGC,1,1,0,0
1549,1.484761,1.486941,MGC,1,1,0,0
155,1.380086,1.139150,HWC,1,1,0,0
1550,1.368776,1.418241,MGC,1,1,0,0
1551,1.361238,1.718798,MGC,2,2,0,0
1552,2.234030,1.360245,HWC,1,1,0,0
1553,1.452104,1.380202,HWC,1,1,0,0
1554,1.357058,1.749883,MGC,6,1,0,0
1555,1.408105,1.262636,HWC,1,1,0,0
1556,1.241363,1.756737,MGC,1,1,0,0
1558,1.549451,1.536348,HWC,1,1,0,0
1559,1.347863,1.494284,MGC,3,1,0,0
1560,1.431828,1.400398,HWC,2,1,0,0
1561,1.318916,1.528224,MGC,1,1,0,0
1562,1.927480,1.858434,HWC,1,1,0,0
1564,1.053555,1.124645,MGC,1,1,0,0
1565,1.286971,1.410620,MGC,1,1,0,0
1566,1.311521,1.208180,HWC,1,1,0,0
1567,1.403140,1.444728,MGC,1,1,0,0
1568,1.447633,1.540936,MGC,2,1,0,0
1569,1.439025,1.552217,MGC,3,1,0,0
157,1.289877,1.729851,MGC,4,1,0,0
1570,1.229134,1.423921,MGC,3,1,0,0
1571,1.210981,1.223425,MGC,1,1,0,0
1572,1.610665,1.573790,HWC,2,1,0,0
1573,1.376595,1.246485,HWC,1,1,0,0
1574,1.450457,1.340239,HWC,1,1,0,0
1575,1.244079,1.419284,MGC,3,1,0,0
1576,1.450217,1.331368,HWC,1,1,0,0
1577,1.167672,1.526880,MGC,1,1,0,0
1578,1.345096,1.469305,MGC,1,1,0,0
1579,1.363129,1.577453,MGC,1,1,0,0
158,1.397638,1.953359,MGC,1,1,0,0
1580,1.359809,1.380664,MGC,1,1,0,0
1581,1.287288,1.489788,MGC,1,1,0,0
1582,1.402436,1.428411,MGC,2,1,0,0
1583,1.324697,1.653189,MGC,1,4,0,0
1585,1.288933,1.826451,MGC,2,1,0,0
1586,1.270475,1.220183,HWC,2,1,0,0
1587,1.224408,1.303413,MGC,5,1,0,0
1588,1.176859,1.579546,MGC,1,1,0,0
1589,1.265006,1.149700,HWC,2,1,0,0
159,1.458258,1.851515,MGC,1,2,0,0
1590,1.306429,1.372747,MGC,1,1,0,0
1591,1.478357,1.857352,MGC,3,1,0,0
1592,1.315384,1.556677,MGC,1,1,0,0
1593,1.093191,1.335010,MGC,1,1,0,0
1594,1.310942,1.007261,HWC,1,1,0,0
1595,1.196316,1.278995,MGC,3,1,0,0
1597,1.054986,1.252096,MGC,1,1,0,0
1598,1.140416,1.168261,MGC,1,1,0,0
1599,1.630868,1.863572,MGC,3,2,0,0
16,1.411052,1.477941,MGC,1,1,0,0
160,1.288492,1.377053,MGC,1,1,0,0
1600,1.354669,1.154752,HWC,2,1,0,0
1601,1.261932,1.692275,MGC,1,1,0,0
1602,1.518555,1.166092,HWC,3,1,0,0
1603,1.625198,1.276796,HWC,1,1,0,0
1604,1.358921,1.421706,MGC,1,1,0,0
1606,1.378450,1.274966,HWC,7,1,0,0
1607,1.287734,1.504603,MGC,2,1,0,0
1608,1.235162,1.689523,MGC,5,1,0,0
1609,1.154512,1.591441,MGC,1,1,0,0
161,1.121437,1.157302,MGC,2,1,0,0
1610,1.518650,1.334219,HWC,3,2,0,0
1611,1.499965,1.463975,HWC,3,1,0,0
1612,1.271237,1.530857,MGC,7,3,0,0
1613,1.225839,1.406969,MGC,3,2,0,0
1614,1.320412,1.575891,MGC,2,1,0,0
1615,1.302760,1.666406,MGC,1,1,0,0
1616,1.156587,1.588184,MGC,1,1,0,0
1617,1.817310,1.665337,HWC,1,1,0,0
1618,1.287468,1.242714,HWC,1,1,0,0
1619,1.341256,1.163407,HWC,1,1,0,0
162,1.295460,1.340374,MGC,1,1,0,0
1621,1.350981,1.267716,HWC,1,1,0,0
1622,1.309967,1.523264,MGC,2,2,0,0
1623,1.143366,1.259999,MGC,1,1,0,0
1624,1.561793,1.844584,MGC,1,1,0,0
1625,1.237461,1.470019,MGC,2,1,0,0
1626,1.309911,1.642424,MGC,1,1,0,0
1627,1.694505,1.483216,HWC,1,1,0,0
1629,1.206440,1.294087,MGC,1,1,0,0
163,1.575569,1.342165,HWC,1,1,0,0
1630,1.378074,1.338447,HWC,1,1,0,0
1631,1.216015,1.391302,MGC,1,1,0,0
1632,1.223641,1.208528,HWC,1,1,0,0
1633,1.484981,1.143322,HWC,1,1,0,0
1634,1.388393,1.383038,HWC,1,1,0,0
1635,1.579538,2.045413,MGC,3,2,0,0
1636,1.298201,1.311552,MGC,4,2,0,0
1637,1.240426,1.081516,HWC,1,1,0,0
1638,1.291497,1.189733,HWC,1,1,0,0
1639,1.741139,1.948199,MGC,1,1,0,0
164,1.371668,1.587195,MGC,1,1,0,0
1640,1.311696,1.048069,HWC,1,1,0,0
1641,1.411619,1.278797,HWC,3,1,0,0
1642,1.387475,1.807584,MGC,1,1,0,0
1643,1.217877,1.718940,MGC,4,1,0,0
1644,1.369022,2.061384,MGC,1,2,0,0
1645,1.283750,1.230199,HWC,1,1,0,0
1646,1.690104,1.575599,HWC,2,1,0,0
1647,1.346554,1.772042,MGC,1,2,0,0
1648,1.227880,1.550309,MGC,1,1,0,0
1649,1.289579,1.465297,MGC,2,2,0,0
165,1.381412,1.367451,HWC,3,1,0,0
1651,1.242842,1.277419,MGC,4,1,0,0
1652,1.399640,1.566868,MGC,5,1,0,0
1653,1.294099,1.399779,MGC,2,1,0,0
1654,1.284449,1.623960,MGC,4,2,0,0
1655,1.470598,1.445174,HWC,1,1,0,0
1656,1.253532,1.455663,MGC,1,1,0,0
1657,1.245459,1.355346,MGC,9,3,0,0
1659,1.379430,1.291194,HWC,1,1,0,0
166,1.350742,1.379914,MGC,1,1,0,0
1660,1.300562,1.998756,MGC,2,1,0,0
1661,1.198766,1.289427,MGC,2,1,0,0
1662,1.429074,1.539344,MGC,3,1,0,0
1663,1.401456,1.349155,HWC,2,1,0,0
1664,1.165694,1.656376,MGC,1,1,0,0
1665,1.484155,1.101429,HWC,1,1,0,0
1666,1.271958,1.413112,MGC,1,1,0,0
1667,1.448799,1.905618,MGC,1,1,0,0
1668,1.247237,1.184130,HWC,2,1,0,0
1669,1.195716,1.349967,MGC,2,2,0,0
167,1.305814,1.472947,MGC,2,1,0,0
1670,1.241591,1.295325,MGC,3,1,0,0
1671,1.217211,1.468118,MGC,5,1,0,0
1672,1.546259,1.700287,MGC,3,4,0,0
1673,1.390186,1.385317,HWC,1,1,0,0
1674,1.279264,1.226554,HWC,1,1,0,0
1675,1.267880,1.623914,MGC,1,1,0,0
1676,1.400007,1.319728,HWC,7,1,0,0
1677,1.250918,1.390267,MGC,3,1,0,0
1678,1.086285,1.445891,MGC,2,1,0,0
168,1.358513,1.058430,HWC,1,1,0,0
1682,1.329696,1.375300,MGC,2,1,0,0
1683,1.421931,1.511553,MGC,1,1,0,0
1685,1.388133,1.402087,MGC,1,1,0,0
1686,1.715972,1.237087,HWC,2,1,0,0
1687,1.342551,1.743432,MGC,1,1,0,0
1688,1.623554,1.144798,HWC,1,1,0,0
1689,1.444295,1.487245,MGC,2,1,0,0
169,1.436707,1.148791,HWC,1,1,0,0
1690,1.183860,1.429483,MGC,1,1,0,0
1691,1.234156,1.393320,MGC,1,1,0,0
1692,1.259520,1.563619,MGC,1,1,0,0
1693,1.524804,1.594666,MGC,1,2,0,0
1694,1.455309,1.774011,MGC,4,1,0,0
1695,1.432304,1.888715,MGC,2,1,0,0
1697,1.319555,1.153922,HWC,2,1,0,0
1698,1.305753,1.466053,MGC,3,1,0,0
1699,1.399376,1.469224,MGC,1,1,0,0
17,1.390932,1.670085,MGC,2,1,0,0
170,1.357099,1.592496,MGC,1,1,0,0
1700,1.438487,1.600985,MGC,1,1,0,0
1701,1.576807,1.537218,HWC,1,1,0,0
1702,1.384019,1.459324,MGC,3,1,0,0
1703,1.154189,1.176588,MGC,1,1,0,0
1705,1.260566,1.824016,MGC,1,1,0,0
1706,1.819182,1.760651,HWC,2,1,0,0
1707,1.694044,1.637844,HWC,2,1,0,0
1708,1.274749,1.469345,MGC,2,1,0,0
1709,1.297816,1.358637,MGC,3,1,0,0
171,1.103695,1.504130,MGC,1,1,0,0
1710,1.612711,1.551854,HWC,1,1,0,0
1711,1.413687,1.930745,MGC,1,1,0,0
1712,1.391022,1.277143,HWC,1,1,0,0
1713,1.171074,1.799311,MGC,1,1,0,0
1714,1.125515,1.380444,MGC,1,1,0,0
1715,1.417389,1.094445,HWC,1,1,0,0
1716,1.515560,1.814923,MGC,2,2,0,0
1717,1.398583,1.340328,HWC,4,1,0,0
1718,1.303324,1.490222,MGC,5,1,0,0
1719,1.256542,1.966946,MGC,1,1,0,0
172,1.300310,1.459826,MGC,1,1,0,0
1720,1.231518,1.308169,MGC,1,1,0,0
1721,1.138778,1.198792,MGC,4,1,0,0
1722,1.267125,1.211970,HWC,1,1,0,0
1724,1.487312,1.617154,MGC,1,2,0,0
1725,1.297837,1.734871,MGC,1,1,0,0
1726,1.301433,1.885706,MGC,6,1,0,0
1727,1.163552,1.283992,MGC,1,1,0,0
1728,1.247484,1.459226,MGC,1,1,0,0
1729,1.420681,1.656812,MGC,2,3,0,0
173,1.229422,1.949926,MGC,2,1,0,0
1730,1.186986,1.306081,MGC,2,1,0,0
1731,1.608220,2.293385,MGC,2,1,0,0
1732,1.395411,1.559106,MGC,1,1,0,0
1733,1.215159,1.452620,MGC,1,1,0,0
1734,1.209578,1.372084,MGC,1,1,0,0
1735,1.289139,1.225896,HWC,2,1,0,0
1736,1.236983,1.342256,MGC,1,1,0,0
1737,1.313498,1.120776,HWC,1,1,0,0
1738,1.413113,1.232371,HWC,1,1,0,0
1739,1.742986,1.725372,HWC,2,1,0,0
174,1.486718,1.200106,HWC,2,1,0,0
1740,1.275360,1.240092,HWC,2,1,0,0
1741,1.447636,1.324713,HWC,3,1,0,0
1743,1.495988,1.713181,MGC,3,1,0,0
1744,1.392601,1.728663,MGC,1,1,0,0
1745,1.417859,1.401753,HWC,1,1,0,0
1746,1.205922,1.276143,MGC,3,1,0,0
1747,1.491492,1.295642,HWC,1,1,0,0
1749,1.535673,1.275442,HWC,1,1,0,0
175,1.158251,2.044941,MGC,1,1,0,0
1750,1.359717,1.477669,MGC,1,1,0,0
1751,1.468934,1.627940,MGC,2,1,0,0
1752,1.328810,1.642047,MGC,1,2,0,0
1753,1.369546,1.251706,HWC,1,1,0,0
1754,1.267076,1.259236,HWC,2,1,0,0
1755,1.425437,1.474217,MGC,1,1,0,0
1756,1.391207,1.255147,HWC,1,1,0,0
1757,1.411238,1.582851,MGC,2,1,0,0
1758,0.980453,1.238250,MGC,3,1,0,0
176,1.362098,1.184899,HWC,3,1,0,0
1760,1.632080,1.660498,MGC,1,1,0,0
1761,2.107913,2.154137,MGC,1,1,0,0
1762,1.334510,1.492788,MGC,2,1,0,0
1763,1.164302,1.489322,MGC,3,2,0,0
1764,1.400709,1.313540,HWC,4,2,0,0
1765,1.356188,1.660603,MGC,2,2,0,0
1766,1.274031,1.768563,MGC,2,2,0,0
1767,1.665850,2.143215,MGC,1,1,0,0
1768,1.210139,1.886762,MGC,1,1,0,0
1769,1.228961,1.228858,HWC,2,1,0,0
177,1.373536,1.508945,MGC,1,1,0,0
1770,1.457178,1.471936,MGC,1,1,0,0
1771,1.280592,1.300534,MGC,1,1,0,0
1772,1.160904,1.329603,MGC,1,1,0,0
1773,1.215808,1.635773,MGC,1,1,0,0
1775,1.263624,1.799098,MGC,2,1,0,0
1776,1.325670,1.234234,HWC,1,1,0,0
1777,1.354395,1.089670,HWC,3,1,0,0
1778,1.376588,2.170071,MGC,1,1,0,0
1779,1.319628,1.335677,MGC,2,1,0,0
178,1.269252,1.113972,HWC,1,1,0,0
1781,1.440748,1.493177,MGC,1,2,0,0
1782,1.335460,1.202044,HWC,1,1,0,0
1783,1.240055,1.260350,MGC,1,1,0,0
1784,1.279076,1.676405,MGC,2,2,0,0
1785,1.235169,1.470122,MGC,2,1,0,0
1786,1.284997,1.409389,MGC,1,1,0,0
1787,1.661444,1.782512,MGC,1,1,0,0
1789,1.165939,1.211215,MGC,1,1,0,0
1790,1.333548,1.091439,HWC,1,1,0,0
1791,1.156692,1.178542,MGC,1,1,0,0
1792,1.560939,1.528125,HWC,1,1,0,0
1793,1.258064,1.462925,MGC,3,1,0,0
1794,1.220848,1.343017,MGC,1,1,0,0
1795,1.318547,1.294984,HWC,1,1,0,0
1796,1.257081,1.743326,MGC,1,1,0,0
1797,1.160716,1.047396,HWC,1,1,0,0
1799,1.295121,1.825346,MGC,2,1,0,0
18,1.863609,1.674591,HWC,2,1,0,0
1800,1.199821,1.391578,MGC,2,1,0,0
1801,1.187739,1.355320,MGC,1,1,0,0
1802,1.573515,2.264936,MGC,1,1,0,0
1803,1.326797,1.262798,HWC,1,1,0,0
1804,1.831820,1.955933,MGC,1,1,0,0
1805,1.421497,1.769992,MGC,2,1,0,0
1806,1.594289,1.761829,MGC,1,1,0,0
1807,1.538036,1.756265,MGC,2,1,0,0
1808,1.158058,1.634062,MGC,1,2,0,0
181,1.172368,1.583980,MGC,1,1,0,0
1810,1.634513,1.878786,MGC,1,1,0,0
1811,1.100457,1.525558,MGC,1,1,0,0
1812,1.655397,1.714248,MGC,1,1,0,0
1813,1.571494,1.893224,MGC,1,1,0,0
1814,1.357162,1.645529,MGC,3,1,0,0
1815,1.207942,1.243777,MGC,1,1,0,0
1816,1.445864,2.020378,MGC,1,1,0,0
1817,1.454353,1.288951,HWC,3,1,0,0
1819,1.250041,1.686291,MGC,1,2,0,0
1820,1.424286,1.380962,HWC,3,1,0,0
1821,1.372222,1.705787,MGC,1,1,0,0
1822,1.229408,1.203692,HWC,1,1,0,0
1823,1.207686,1.058999,HWC,1,1,0,0
1824,1.241480,1.053289,HWC,1,1,0,0
1825,1.427221,1.423940,HWC,2,2,0,0
1826,1.232737,1.433308,MGC,5,1,0,0
1828,1.413240,1.748336,MGC,1,2,0,0
1829,1.299576,1.098991,HWC,1,1,0,0
183,1.179358,1.376825,MGC,1,1,0,0
1830,1.266257,1.395125,MGC,2,1,0,0
1831,1.198630,1.123303,HWC,1,1,0,0
1832,1.627977,1.603318,HWC,1,1,0,0
1833,1.305655,1.503325,MGC,6,1,0,0
1834,1.475635,1.651403,MGC,1,3,0,0
1835,1.116183,1.292563,MGC,1,1,0,0
1836,1.395900,1.748396,MGC,3,1,0,0
1837,1.202836,1.955702,MGC,4,1,0,0
1838,1.586975,1.455893,HWC,2,1,0,0
1839,1.362968,1.548379,MGC,1,1,0,0
184,1.654709,1.588187,HWC,1,2,0,0
1840,1.275444,1.598729,MGC,3,2,0,0
1842,1.351815,1.345614,HWC,3,1,0,0
1843,1.495353,1.438626,HWC,1,1,0,0
1844,1.402556,1.765829,MGC,1,1,0,0
1846,1.503637,2.082745,MGC,1,1,0,0
1847,1.880151,1.270353,HWC,1,1,0,0
1848,1.256616,1.269111,MGC,2,1,0,0
1849,1.268330,1.382814,MGC,1,1,0,0
185,1.137084,1.354325,MGC,1,1,0,0
1850,1.422399,1.236077,HWC,1,1,0,0
1851,1.389824,1.304982,HWC,4,1,0,0
1853,1.382812,1.757162,MGC,2,1,0,0
1854,1.347403,1.168879,HWC,1,1,0,0
1855,1.242040,1.030597,HWC,1,1,0,0
1856,1.453581,1.192496,HWC,3,1,0,0
1857,1.217522,1.206073,HWC,2,1,0,0
1858,1.223986,1.394066,MGC,1,1,0,0
1859,1.898045,2.037177,MGC,1,1,0,0
186,1.409933,1.574939,MGC,3,2,0,0
1860,1.428361,1.520256,MGC,3,1,0,0
1861,1.182150,1.505779,MGC,1,1,0,0
1862,1.284074,1.845556,MGC,5,1,0,0
1863,1.329343,1.183581,HWC,2,1,0,0
1865,1.517915,1.629610,MGC,1,1,0,0
1866,1.226293,1.697387,MGC,1,2,0,0
1867,1.667245,1.498336,HWC,1,1,0,0
1869,1.163637,1.742093,MGC,3,2,0,0
187,1.248061,1.626086,MGC,1,1,0,0
1870,1.398679,1.865850,MGC,4,2,0,0
1871,1.770686,1.520713,HWC,2,1,0,0
1872,1.351794,1.392214,MGC,1,1,0,0
1873,1.196221,1.971358,MGC,3,1,0,0
1874,1.690321,1.114095,HWC,1,1,0,0
1875,1.314925,1.488568,MGC,5,1,0,0
1876,1.225430,1.196045,HWC,1,1,0,0
1878,1.237765,2.299305,MGC,1,1,0,0
1879,1.324624,1.870788,MGC,6,3,0,0
1880,1.309929,1.181994,HWC,1,1,0,0
1881,1.280975,1.407230,MGC,2,1,0,0
1882,1.243135,1.549578,MGC,1,1,0,0
1883,1.315249,1.519183,MGC,1,1,0,0
1884,1.235742,1.132013,HWC,1,1,0,0
1885,1.385719,1.711695,MGC,3,1,0,0
1887,1.285956,1.304294,MGC,7,1,0,0
1888,1.283441,1.213669,HWC,6,1,0,0
1889,2.082104,2.573122,MGC,1,1,0,0
189,1.784693,1.949267,MGC,1,1,0,0
1890,1.371630,1.674392,MGC,2,1,0,0
1891,1.540759,1.736541,MGC,1,1,0,0
1892,1.504352,1.832951,MGC,2,1,0,0
1893,1.323601,1.523927,MGC,1,1,0,0
1894,1.335819,1.523319,MGC,1,1,0,0
1895,1.586070,1.414347,HWC,3,1,0,0
1896,1.266120,1.367471,MGC,3,1,0,0
1897,1.231049,1.210391,HWC,1,1,0,0
1898,1.356638,1.374410,MGC,1,1,0,0
1899,1.197442,1.148207,HWC,1,1,0,0
19,1.120879,1.392582,MGC,1,1,0,0
190,1.748619,1.730956,HWC,1,1,0,0
1900,1.589075,1.627412,MGC,1,1,0,0
1901,1.199867,1.803289,MGC,1,2,0,0
1902,1.283967,1.403614,MGC,1,1,0,0
1903,1.310470,1.280560,HWC,2,1,0,0
1904,1.243123,1.774974,MGC,2,1,0,0
1905,2.108429,1.269510,HWC,2,1,0,0
1906,1.827779,1.910051,MGC,2,1,0,0
1907,1.441847,1.535764,MGC,1,1,0,0
1908,1.168615,1.726957,MGC,1,1,0,0
1909,1.113985,1.060987,HWC,1,1,0,0
191,1.442649,1.528872,MGC,1,1,0,0
1910,1.884368,1.869785,HWC,1,2,0,0
1911,1.670358,2.226042,MGC,1,1,0,0
1912,1.241113,1.387220,MGC,5,1,0,0
1913,1.275866,1.472840,MGC,1,1,0,0
1914,1.231051,1.433797,MGC,3,2,0,0
1915,1.334860,1.333980,HWC,2,1,0,0
1916,1.213583,1.339014,MGC,3,2,0,0
1917,1.286560,1.310907,MGC,3,1,0,0
1918,1.333633,1.345328,MGC,1,1,0,0
1919,1.172838,1.628695,MGC,1,2,0,0
192,1.298529,1.468007,MGC,1,1,0,0
1920,1.178402,1.711665,MGC,2,1,0,0
1921,1.543890,1.439218,HWC,1,1,0,0
1922,1.287962,1.302747,MGC,3,1,0,0
1923,1.577917,1.627106,MGC,1,1,0,0
1924,1.090601,1.318773,MGC,3,1,0,0
1925,1.437754,1.945879,MGC,1,2,0,0
1926,1.252174,1.317314,MGC,2,1,0,0
1927,1.540252,1.880798,MGC,1,1,0,0
1928,1.344480,1.345864,MGC,1,1,0,0
1929,1.486934,1.475453,HWC,1,1,0,0
193,1.269585,1.510039,MGC,2,4,0,0
1930,1.184571,1.696536,MGC,1,1,0,0
1931,1.387485,1.419500,MGC,1,1,0,0
1932,1.174731,1.805200,MGC,1,1,0,0
1933,1.734917,1.104014,HWC,1,1,0,0
1934,1.364338,1.437885,MGC,2,2,0,0
1935,1.320380,1.408431,MGC,1,1,0,0
1936,1.112496,1.180675,MGC,2,1,0,0
1937,1.765975,1.671994,HWC,1,1,0,0
1938,1.446368,1.668945,MGC,4,1,0,0
1939,1.420946,2.100024,MGC,1,1,0,0
194,1.658336,1.245372,HWC,1,1,0,0
1940,1.563283,1.157750,HWC,1,1,0,0
1941,1.396866,1.260889,HWC,1,1,0,0
1943,1.298417,2.126803,MGC,3,2,0,0
1944,1.533197,1.972349,MGC,2,1,0,0
1946,1.388520,1.230236,HWC,1,1,0,0
1947,1.166719,1.834209,MGC,1,1,0,0
1948,1.269353,1.475860,MGC,1,1,0,0
1949,1.431579,1.379922,HWC,1,1,0,0
195,1.391791,1.535225,MGC,1,1,0,0
1950,1.353218,1.447494,MGC,2,1,0,0
1951,1.115797,1.198396,MGC,1,1,0,0
1953,1.207251,1.704141,MGC,2,2,0,0
1954,1.233306,1.335158,MGC,4,1,0,0
1955,1.435379,1.800707,MGC,1,2,0,0
1957,1.127693,1.267426,MGC,7,1,0,0
1958,1.326976,1.525147,MGC,2,2,0,0
1959,1.220840,1.703642,MGC,1,2,0,0
196,1.400154,1.299251,HWC,1,1,0,0
1961,1.320289,1.698535,MGC,1,1,0,0
1962,1.486383,1.484905,HWC,1,1,0,0
1963,1.429672,1.682339,MGC,2,1,0,0
1964,1.721956,1.265536,HWC,1,1,0,0
1965,1.330012,1.518706,MGC,1,1,0,0
1966,1.376875,1.646206,MGC,1,1,0,0
1967,1.464814,1.742135,MGC,1,1,0,0
1968,1.278035,1.690035,MGC,4,1,0,0
1969,1.339570,1.116495,HWC,1,1,0,0
197,1.238724,1.534520,MGC,4,1,0,0
1970,1.442334,1.702605,MGC,2,2,0,0
1971,1.297205,1.368155,MGC,1,1,0,0
1972,1.255567,1.461794,MGC,6,1,0,0
1973,1.395151,1.499912,MGC,6,1,0,0
1974,1.454250,1.387462,HWC,1,1,0,0
1975,1.884683,1.420171,HWC,1,1,0,0
1976,1.539889,1.811244,MGC,2,1,0,0
1977,1.335765,1.405877,MGC,1,1,0,0
1978,1.346407,1.393702,MGC,2,1,0,0
1979,1.194085,1.778063,MGC,1,1,0,0
198,1.345458,1.735393,MGC,1,1,0,0
1980,1.228470,1.486363,MGC,1,1,0,0
1981,1.246897,1.398258,MGC,1,1,0,0
1983,1.296820,1.847513,MGC,1,1,0,0
1984,1.242064,1.360131,MGC,1,1,0,0
1985,1.539243,1.208420,HWC,1,1,0,0
1986,1.267865,1.070259,HWC,1,1,0,0
1987,1.254448,1.177586,HWC,1,1,0,0
1988,1.478605,1.216903,HWC,1,1,0,0
1989,1.073639,1.723382,MGC,1,1,0,0
199,1.333155,1.643318,MGC,4,2,0,0
1990,1.444025,1.100397,HWC,2,1,0,0
1991,1.367483,1.198199,HWC,1,1,0,0
1992,1.225300,1.225770,MGC,1,1,0,0
1993,1.392224,1.546469,MGC,5,1,0,0
1994,1.333805,1.795653,MGC,1,2,0,0
1995,1.327162,1.483450,MGC,2,2,0,0
1996,1.395967,1.275871,HWC,1,1,0,0
1997,1.337838,1.582862,MGC,2,1,0,0
1998,1.277841,1.563694,MGC,4,1,0,0
1999,1.468601,1.772873,MGC,2,1,0,0
2,1.414287,2.569139,MGC,1,1,0,0
20,1.278393,1.526484,MGC,1,2,0,0
200,1.382491,1.385196,MGC,1,1,0,0
2000,1.129413,1.696766,MGC,1,1,0,0
2001,1.307688,1.475268,MGC,5,1,0,0
2002,1.260795,1.277051,MGC,1,1,0,0
2003,1.322818,1.296001,HWC,1,1,0,0
2004,1.637743,1.478640,HWC,1,1,0,0
2005,1.095225,1.305036,MGC,1,2,0,0
2006,1.295566,1.654515,MGC,4,1,0,0
2008,1.379847,1.555744,MGC,2,1,0,0
2009,1.572105,1.538750,HWC,1,1,0,0
201,1.389390,1.537287,MGC,1,1,0,0
2010,1.161294,1.392382,MGC,1,1,0,0
2011,1.260557,1.731897,MGC,4,1,0,0
2012,1.319221,1.083087,HWC,5,1,0,0
2013,1.285237,1.131217,HWC,2,1,0,0
2015,1.289003,1.399026,MGC,2,1,0,0
2017,1.272551,1.431916,MGC,1,1,0,0
2018,1.359892,1.873370,MGC,1,1,0,0
2019,1.247277,1.243569,HWC,1,1,0,0
202,1.336458,1.433574,MGC,3,1,0,0
2020,1.493430,1.356494,HWC,2,1,0,0
2021,1.391004,1.560044,MGC,3,1,0,0
2022,1.229487,1.555282,MGC,3,1,0,0
2023,1.238460,1.598890,MGC,1,2,0,0
2024,1.275851,1.755602,MGC,11,2,0,0
2025,1.445602,1.191672,HWC,2,1,0,0
2026,1.349251,1.189871,HWC,3,1,0,0
2028,1.319474,1.417704,MGC,4,3,0,0
203,1.187139,1.334160,MGC,1,1,0,0
2030,1.395970,2.201147,MGC,11,1,0,0
2031,1.578146,1.618285,MGC,2,2,0,0
2032,1.469395,1.409379,HWC,3,1,0,0
2033,1.364322,2.117053,MGC,1,3,0,0
2034,1.841117,1.523759,HWC,1,1,0,0
2036,1.339039,1.534497,MGC,3,1,0,0
2037,1.231968,1.755602,MGC,2,1,0,0
2038,1.776807,2.080429,MGC,2,1,0,0
2039,1.448030,1.351875,HWC,1,1,0,0
2040,1.433694,1.555581,MGC,3,1,0,0
2041,1.560650,1.439868,HWC,1,1,0,0
2042,1.312372,1.457436,MGC,1,1,0,0
2043,1.343391,1.208355,HWC,1,1,0,0
2044,1.195794,1.662796,MGC,3,1,0,0
2045,1.596832,1.532406,HWC,1,1,0,0
2046,1.173686,1.662873,MGC,1,1,0,0
2047,1.340653,1.298033,HWC,2,1,0,0
2048,1.278812,1.498533,MGC,1,2,0,0
2049,1.645017,1.599735,HWC,1,2,0,0
205,1.058161,1.651628,MGC,1,1,0,0
2052,1.474309,1.807627,MGC,2,1,0,0
2053,1.344995,1.388909,MGC,1,1,0,0
2054,1.493621,1.108726,HWC,1,1,0,0
2055,1.312699,1.233770,HWC,1,1,0,0
2056,1.412312,1.324195,HWC,1,1,0,0
2057,1.302661,1.174477,HWC,3,1,0,0
2058,1.619592,1.183447,HWC,1,1,0,0
2059,1.582865,1.754477,MGC,2,2,0,0
206,1.330402,1.720309,MGC,2,1,0,0
2060,1.406108,1.649163,MGC,2,1,0,0
2061,1.180732,1.443808,MGC,4,1,0,0
2062,1.463005,1.260264,HWC,2,1,0,0
2063,1.204973,1.260382,MGC,1,1,0,0
2064,1.321372,1.431941,MGC,1,1,0,0
2065,1.162385,1.055086,HWC,1,1,0,0
2066,1.211262,1.563264,MGC,2,1,0,0
2067,1.303244,2.092625,MGC,1,1,0,0
2068,1.253802,1.497238,MGC,2,2,0,0
2069,1.118822,1.384150,MGC,1,1,0,0
207,1.867875,1.567467,HWC,2,1,0,0
2070,1.357405,1.467388,MGC,1,1,0,0
2071,1.267455,1.286489,MGC,1,1,0,0
2072,1.389387,1.867972,MGC,1,1,0,0
2073,1.471833,1.242781,HWC,1,1,0,0
2075,1.444949,1.806079,MGC,2,1,0,0
2076,1.265004,1.509706,MGC,1,1,0,0
2079,1.217147,1.336986,MGC,1,1,0,0
208,1.489275,1.469926,HWC,1,1,0,0
2080,1.373443,1.413578,MGC,3,1,0,0
2081,1.235588,1.452086,MGC,2,1,0,0
2082,1.168870,2.230016,MGC,1,1,0,0
2084,1.384955,1.719727,MGC,2,2,0,0
2085,1.473937,1.377773,HWC,1,1,0,0
2086,1.513665,1.419318,HWC,1,1,0,0
2088,1.274334,1.468784,MGC,2,2,0,0
2089,1.100607,1.202491,MGC,1,1,0,0
209,1.861603,1.835819,HWC,4,1,0,0
2092,1.422993,1.060408,HWC,1,1,0,0
2093,1.519681,1.463043,HWC,1,1,0,0
2094,1.205200,1.642513,MGC,2,1,0,0
2095,1.207862,1.042646,HWC,1,1,0,0
2096,1.595323,1.051057,HWC,1,1,0,0
2097,1.201170,1.271820,MGC,1,1,0,0
2098,1.314156,1.361124,MGC,1,1,0,0
2099,1.232474,1.522441,MGC,1,1,0,0
21,1.322628,1.128766,HWC,1,1,0,0
210,1.255286,1.406816,MGC,2,1,0,0
2100,1.536479,1.766818,MGC,1,1,0,0
2101,1.663552,1.761291,MGC,1,2,0,0
2102,1.415623,1.438135,MGC,1,1,0,0
2103,1.604390,1.658859,MGC,1,1,0,0
2104,1.258742,1.209536,HWC,2,1,0,0
2105,1.323453,1.390478,MGC,1,1,0,0
2107,1.279903,2.118525,MGC,1,1,0,0
2108,1.324838,1.682178,MGC,9,1,0,0
2109,1.255612,1.503356,MGC,5,1,0,0
2110,1.219483,1.404490,MGC,1,1,0,0
2111,1.358188,1.693481,MGC,3,1,0,0
2112,1.286895,1.226730,HWC,1,1,0,0
2113,1.587029,1.784867,MGC,2,1,0,0
2114,1.173194,1.302581,MGC,1,1,0,0
2115,1.378003,1.835795,MGC,1,1,0,0
2116,1.505760,1.612999,MGC,1,1,0,0
2117,1.333320,1.240948,HWC,1,1,0,0
2118,1.577084,1.128038,HWC,1,1,0,0
2119,1.301175,1.293315,HWC,1,1,0,0
212,1.294363,1.239215,HWC,1,1,0,0
2120,1.080159,1.436257,MGC,1,1,0,0
2121,1.361373,1.542847,MGC,4,1,0,0
2122,1.595406,1.941694,MGC,1,1,0,0
2123,1.321838,2.057298,MGC,2,1,0,0
2124,1.343055,1.788885,MGC,4,1,0,0
2125,1.443194,1.126590,HWC,1,1,0,0
2126,1.457172,1.422951,HWC,1,1,0,0
2127,1.710959,1.623241,HWC,2,1,0,0
2128,1.378521,1.472006,MGC,2,1,0,0
2129,1.218840,1.579207,MGC,1,1,0,0
213,1.186509,1.298099,MGC,1,1,0,0
2130,1.368027,1.758958,MGC,3,1,0,0
2131,1.354131,1.570660,MGC,2,1,0,0
2132,1.139748,1.772049,MGC,1,2,0,0
2133,1.212000,1.829057,MGC,1,1,0,0
2134,1.223588,1.364318,MGC,1,1,0,0
2135,1.506387,1.924292,MGC,1,1,0,0
2136,1.360916,1.548745,MGC,3,1,0,0
2137,1.179712,1.361931,MGC,1,1,0,0
2138,1.355145,1.594129,MGC,2,1,0,0
214,1.190437,1.041994,HWC,1,1,0,0
2140,1.305656,1.544102,MGC,4,1,0,0
2142,1.495226,1.436219,HWC,1,1,0,0
2143,1.205999,1.335741,MGC,1,1,0,0
2144,1.525176,2.039603,MGC,1,1,0,0
2145,1.339351,1.299032,HWC,1,1,0,0
2146,1.112024,1.254368,MGC,1,1,0,0
2147,1.384471,1.595095,MGC,1,1,0,0
2148,1.480375,1.321186,HWC,1,1,0,0
2149,1.398703,1.691095,MGC,1,1,0,0
215,1.402884,1.339273,HWC,1,1,0,0
2150,1.325103,1.701348,MGC,1,1,0,0
2151,1.222181,1.059002,HWC,4,1,0,0
2152,1.142957,1.326099,MGC,3,1,0,0
2153,1.227600,1.514695,MGC,4,1,0,0
2155,1.317089,1.690131,MGC,1,1,0,0
2156,1.274645,1.273748,HWC,6,1,0,0
2157,1.375162,1.177227,HWC,1,1,0,0
2158,1.803566,2.346964,MGC,1,1,0,0
2159,1.397100,1.250402,HWC,4,1,0,0
216,1.382492,1.171936,HWC,2,1,0,0
2160,1.404331,1.611190,MGC,1,1,0,0
2161,1.395732,1.386191,HWC,2,1,0,0
2162,1.419149,1.471549,MGC,2,1,0,0
2163,1.317640,1.604770,MGC,7,1,0,0
2164,1.146392,1.166680,MGC,1,1,0,0
2165,1.231016,1.126033,HWC,2,1,0,0
2167,1.260907,1.391046,MGC,1,1,0,0
2168,1.370633,1.189567,HWC,1,1,0,0
217,1.453502,1.188423,HWC,1,1,0,0
2170,1.242413,1.469610,MGC,1,2,0,0
2171,1.318119,1.380495,MGC,1,1,0,0
2172,1.239928,1.744170,MGC,2,1,0,0
2173,1.262109,1.240980,HWC,3,1,0,0
2174,1.657029,1.595781,HWC,4,3,0,0
2175,1.513063,1.662020,MGC,2,2,0,0
2176,1.227685,1.520630,MGC,1,1,0,0
2177,1.164395,1.268561,MGC,1,1,0,0
2178,1.286443,1.128866,HWC,1,1,0,0
2179,1.116655,1.383471,MGC,1,1,0,0
218,1.577655,1.165085,HWC,1,1,0,0
2180,1.619570,1.521726,HWC,1,1,0,0
2181,1.257089,1.381097,MGC,1,1,0,0
2182,1.317379,1.689495,MGC,1,1,0,0
2183,1.370279,1.548625,MGC,2,1,0,0
2184,1.638007,1.184129,HWC,1,1,0,0
2186,1.594654,1.520796,HWC,1,1,0,0
2187,1.428609,1.061503,HWC,1,1,0,0
2188,1.269768,1.218101,HWC,2,1,0,0
2189,1.452343,1.419768,HWC,1,1,0,0
219,1.355035,1.529886,MGC,1,1,0,0
2191,1.202431,1.539488,MGC,15,1,0,0
2192,1.332558,1.591207,MGC,1,1,0,0
2193,1.286129,1.327031,MGC,1,1,0,0
2194,1.510636,1.668152,MGC,1,1,0,0
2195,1.359402,1.868480,MGC,4,1,0,0
2196,1.107119,1.069511,HWC,1,1,0,0
2197,1.500218,1.132717,HWC,1,1,0,0
2198,1.029174,1.068819,MGC,1,1,0,0
2199,1.320280,1.621387,MGC,5,2,0,0
22,1.337282,1.291230,HWC,1,1,0,0
2200,1.464544,1.299610,HWC,1,1,0,0
2201,1.314259,1.597701,MGC,1,1,0,0
2202,1.523948,2.022526,MGC,2,1,0,0
2203,1.317472,1.272803,HWC,2,1,0,0
2204,1.440409,1.680194,MGC,5,1,0,0
2205,1.131027,1.159559,MGC,1,1,0,0
2206,1.391097,1.160926,HWC,1,1,0,0
2207,1.376649,1.295199,HWC,1,1,0,0
2208,1.448787,1.505798,MGC,1,1,0,0
2209,1.197860,1.349799,MGC,1,1,0,0
221,1.310729,1.251330,HWC,1,1,0,0
2210,1.335313,1.233334,HWC,1,1,0,0
2211,1.246015,1.328655,MGC,3,1,0,0
2212,1.218023,1.281481,MGC,1,1,0,0
2213,1.254426,1.168075,HWC,1,1,0,0
2215,1.571453,1.656392,MGC,1,1,0,0
2216,1.327053,1.354507,MGC,4,2,0,0
2217,1.204552,1.315266,MGC,4,2,0,0
2219,1.212705,1.498591,MGC,1,1,0,0
222,1.382299,1.482137,MGC,2,1,0,0
2220,1.348696,1.430159,MGC,3,1,0,0
2221,1.182770,1.351828,MGC,1,1,0,0
2222,1.268169,1.459485,MGC,2,1,0,0
2223,1.258455,1.344007,MGC,2,1,0,0
2224,1.405386,1.331467,HWC,2,1,0,0
2225,1.599563,1.630221,MGC,1,1,0,0
2226,1.512133,1.448339,HWC,1,1,0,0
2227,1.341524,1.423533,MGC,3,2,0,0
2228,1.244505,1.408169,MGC,1,4,0,0
2229,1.214165,1.342922,MGC,3,1,0,0
223,1.552268,1.468942,HWC,2,1,0,0
2230,1.636105,2.257299,MGC,2,1,0,0
2231,1.538049,1.570141,MGC,2,1,0,0
2233,1.437969,1.817380,MGC,2,2,0,0
2234,1.128724,1.088453,HWC,1,1,0,0
2235,1.516576,1.758244,MGC,1,1,0,0
2236,1.400347,1.116154,HWC,1,1,0,0
2237,1.369251,1.899340,MGC,1,1,0,0
2239,1.428466,1.648047,MGC,2,1,0,0
224,1.268057,1.405176,MGC,1,1,0,0
2241,1.182051,1.527616,MGC,1,1,0,0
2242,1.289488,1.220996,HWC,1,1,0,0
2243,1.458183,1.597290,MGC,4,1,0,0
2244,1.598384,1.450932,HWC,1,1,0,0
2245,1.130623,1.776442,MGC,10,1,0,0
2247,1.352696,1.141871,HWC,1,1,0,0
2248,1.639866,1.615854,HWC,6,3,0,0
2249,1.187774,1.268047,MGC,1,1,0,0
225,1.397382,1.580916,MGC,1,1,0,0
2250,1.372397,1.830414,MGC,1,1,0,0
2251,1.119537,1.158127,MGC,1,1,0,0
2252,1.831641,2.132947,MGC,1,1,0,0
2256,1.219030,1.237769,MGC,4,1,0,0
2257,1.153635,1.441226,MGC,1,1,0,0
2258,1.185764,1.329759,MGC,1,1,0,0
2259,1.705382,1.211902,HWC,1,1,0,0
226,1.515418,1.663176,MGC,1,1,0,0
2260,1.301960,2.012889,MGC,1,1,0,0
2261,1.207528,1.122351,HWC,2,1,0,0
2262,1.337519,1.549317,MGC,1,1,0,0
2263,1.227538,1.729785,MGC,4,2,0,0
2264,1.631866,1.385269,HWC,1,1,0,0
2265,1.356765,1.610551,MGC,1,1,0,0
2266,1.187942,1.771556,MGC,1,1,0,0
2267,1.289423,1.565193,MGC,3,1,0,0
2269,1.545630,1.669869,MGC,4,1,0,0
227,1.230961,1.141962,HWC,1,1,0,0
2270,1.258891,1.788368,MGC,4,1,0,0
2271,1.274598,1.335843,MGC,1,1,0,0
2272,1.559877,1.660784,MGC,1,1,0,0
2273,1.352492,1.340704,HWC,1,1,0,0
2274,1.149946,1.251958,MGC,1,1,0,0
2275,1.453827,1.530568,MGC,1,1,0,0
2276,1.198357,1.679996,MGC,1,1,0,0
2277,1.622145,1.165571,HWC,1,1,0,0
2278,1.282839,1.280308,HWC,1,1,0,0
2279,1.218191,1.657698,MGC,4,2,0,0
228,1.310110,1.172955,HWC,1,1,0,0
2280,1.177088,1.347047,MGC,2,1,0,0
2281,1.371229,1.705493,MGC,2,1,0,0
2282,1.502845,1.069245,HWC,1,1,0,0
2283,1.991527,1.990560,HWC,1,2,0,0
2284,1.430493,1.693986,MGC,2,1,0,0
2285,1.175557,1.658857,MGC,1,1,0,0
2286,1.345924,1.325509,HWC,2,2,0,0
2287,1.360679,1.621142,MGC,3,1,0,0
2288,1.266349,1.300149,MGC,5,1,0,0
2289,1.260161,1.520655,MGC,1,1,0,0
229,1.237677,1.466036,MGC,1,1,0,0
2290,1.182162,1.497511,MGC,1,3,0,0
2291,1.225902,1.500246,MGC,1,1,0,0
2293,1.406509,1.643004,MGC,1,1,0,0
2294,1.205902,1.989251,MGC,1,3,0,0
2295,1.240711,1.516081,MGC,3,1,0,0
2296,1.835406,2.225281,MGC,1,1,0,0
2297,1.403645,2.006238,MGC,1,4,0,0
2298,1.221520,1.059689,HWC,1,1,0,0
23,1.490388,1.764675,MGC,1,1,0,0
230,1.319542,1.317165,HWC,1,1,0,0
2300,1.427306,1.526318,MGC,1,1,0,0
2301,2.206383,2.257454,MGC,1,1,0,0
2302,1.274145,2.115948,MGC,1,1,0,0
2303,1.526726,1.721240,MGC,2,1,0,0
2304,1.199021,1.369333,MGC,1,1,0,0
2305,1.441184,1.606619,MGC,1,1,0,0
2306,1.231279,1.563815,MGC,1,1,0,0
2307,1.157868,1.581891,MGC,1,1,0,0
2308,1.273991,1.853033,MGC,1,1,0,0
2309,1.332591,1.455668,MGC,1,1,0,0
231,1.175344,1.423193,MGC,3,1,0,0
2310,1.335895,1.304494,HWC,2,1,0,0
2312,1.121330,1.967414,MGC,1,1,0,0
2313,1.358824,1.204392,HWC,1,1,0,0
2314,1.292165,1.496299,MGC,1,1,0,0
2315,1.216150,1.609084,MGC,2,1,0,0
2316,1.272810,1.037959,HWC,1,1,0,0
2317,1.329282,1.781279,MGC,2,2,0,0
2318,1.557509,1.669664,MGC,1,1,0,0
2319,1.473167,1.028360,HWC,1,1,0,0
232,1.222021,1.160927,HWC,1,1,0,0
2320,1.485511,1.360417,HWC,3,1,0,0
2321,1.158889,1.375074,MGC,1,1,0,0
2324,1.260617,1.372991,MGC,1,2,0,0
2326,1.467852,1.828798,MGC,1,1,0,0
2327,1.432408,1.163752,HWC,1,1,0,0
2328,1.538239,1.643201,MGC,1,1,0,0
2329,1.340705,1.621614,MGC,3,1,0,0
233,1.402018,1.603478,MGC,8,2,0,0
2330,1.453414,2.245616,MGC,1,1,0,0
2331,1.117610,1.633481,MGC,1,1,0,0
2332,1.309738,1.453830,MGC,1,1,0,0
2333,1.344793,1.464017,MGC,5,2,0,0
2334,1.281374,1.662200,MGC,2,1,0,0
2335,1.260703,1.580987,MGC,2,1,0,0
2336,1.538046,1.578089,MGC,1,1,0,0
2337,1.616608,1.356927,HWC,2,2,0,0
2338,1.239310,1.577139,MGC,3,1,0,0
2339,1.235931,1.112901,HWC,1,1,0,0
234,1.408473,1.489089,MGC,2,1,0,0
2340,1.309824,1.415800,MGC,1,1,0,0
2341,1.461699,1.530967,MGC,1,1,0,0
2342,1.318305,1.569164,MGC,2,1,0,0
2343,1.781255,1.733512,HWC,1,1,0,0
2344,1.561290,1.599840,MGC,1,1,0,0
2345,1.204318,1.352080,MGC,2,2,0,0
2346,1.265760,1.434584,MGC,1,1,0,0
2347,1.209211,1.724496,MGC,3,2,0,0
2349,1.354975,1.459576,MGC,3,2,0,0
235,1.199949,1.137983,HWC,2,1,0,0
2350,1.305064,1.320210,MGC,2,1,0,0
2351,1.435604,1.365344,HWC,1,1,0,0
2352,1.615372,1.656864,MGC,1,1,0,0
2353,1.245025,1.861035,MGC,1,1,0,0
2354,1.195001,1.159718,HWC,1,1,0,0
2355,1.292412,1.379733,MGC,3,1,0,0
2356,1.277403,1.267816,HWC,2,2,0,0
2357,1.224993,1.679710,MGC,1,1,0,0
2358,1.548271,1.655341,MGC,2,1,0,0
2359,1.295985,1.355589,MGC,2,1,0,0
236,1.401672,1.804402,MGC,1,1,0,0
2360,1.459166,1.056759,HWC,2,1,0,0
2361,1.385602,1.659535,MGC,1,1,0,0
2362,1.567818,1.535776,HWC,2,1,0,0
2363,1.281522,1.376425,MGC,1,1,0,0
2364,1.223400,1.511688,MGC,2,1,0,0
2365,1.358282,1.432793,MGC,2,1,0,0
2366,1.397488,1.373712,HWC,3,1,0,0
2367,1.505747,1.177229,HWC,1,1,0,0
2368,1.443843,1.998754,MGC,1,1,0,0
2369,1.342380,1.070316,HWC,1,1,0,0
237,1.261335,1.281347,MGC,4,1,0,0
2370,1.422335,1.503594,MGC,3,1,0,0
2371,1.380860,1.402562,MGC,1,1,0,0
2372,1.422264,1.626743,MGC,2,1,0,0
2374,1.436793,1.414392,HWC,1,1,0,0
2375,1.914325,1.296249,HWC,1,1,0,0
2376,1.144658,1.555000,MGC,2,1,0,0
2378,1.135959,1.457538,MGC,1,1,0,0
2379,1.244682,1.300794,MGC,2,1,0,0
238,1.456820,1.710891,MGC,2,2,0,0
2380,1.282523,1.824256,MGC,4,1,0,0
2381,1.435541,1.311197,HWC,1,1,0,0
2382,1.188597,1.235297,MGC,2,1,0,0
2383,1.286732,1.089214,HWC,1,1,0,0
2384,1.318853,1.307025,HWC,1,1,0,0
2385,1.191317,1.614565,MGC,1,1,0,0
2387,1.363905,1.698238,MGC,2,2,0,0
2388,1.346550,1.274026,HWC,1,1,0,0
2389,1.428393,1.718118,MGC,1,1,0,0
239,2.018240,1.760065,HWC,1,1,0,0
2390,1.335204,1.675733,MGC,1,1,0,0
2391,1.273791,1.717421,MGC,1,4,0,0
2393,1.223686,1.527983,MGC,1,1,0,0
2394,1.261384,1.232665,HWC,5,1,0,0
2395,1.578346,1.419969,HWC,1,1,0,0
2396,1.255940,1.151756,HWC,1,1,0,0
2398,1.582957,1.489152,HWC,2,1,0,0
2399,1.396813,1.601365,MGC,3,1,0,0
24,1.183464,1.044064,HWC,1,1,0,0
240,1.376943,1.562632,MGC,1,1,0,0
2400,1.330851,1.391818,MGC,1,1,0,0
2401,1.232736,1.701771,MGC,1,1,0,0
2402,1.376806,1.256196,HWC,2,1,0,0
2403,1.427513,1.665980,MGC,2,2,0,0
2404,1.459371,1.779626,MGC,3,2,0,0
2405,1.362762,1.506214,MGC,1,1,0,0
2406,1.532029,1.434882,HWC,1,1,0,0
2407,1.259916,1.510572,MGC,4,2,0,0
2408,1.310008,1.694947,MGC,1,1,0,0
2409,1.177581,1.249691,MGC,1,1,0,0
241,1.325152,2.072443,MGC,4,1,0,0
2410,1.252367,1.495064,MGC,5,1,0,0
2413,1.301554,1.145693,HWC,2,1,0,0
2414,1.438951,1.416950,HWC,2,1,0,0
2415,1.186361,1.378343,MGC,1,1,0,0
2416,1.252531,1.011266,HWC,1,1,0,0
2417,1.057498,1.384458,MGC,1,1,0,0
2419,1.321505,1.564839,MGC,2,1,0,0
242,1.236067,1.117494,HWC,1,1,0,0
2420,1.074887,1.357348,MGC,1,1,0,0
2421,1.500305,1.909047,MGC,1,1,0,0
2422,1.342196,2.596260,MGC,2,1,0,0
2423,1.482124,1.715533,MGC,1,1,0,0
2424,1.307328,1.760549,MGC,3,1,0,0
2425,1.264302,1.780144,MGC,1,1,0,0
2426,1.625961,1.768043,MGC,1,1,0,0
2427,1.327075,1.576991,MGC,1,1,0,0
2428,1.148351,1.448870,MGC,1,1,0,0
2429,1.173012,1.259310,MGC,3,1,0,0
2430,1.335335,1.610311,MGC,1,1,0,0
2431,1.401267,2.065619,MGC,1,1,0,0
2432,1.419630,1.627869,MGC,1,1,0,0
2433,1.425686,1.882457,MGC,1,1,0,0
2434,1.736445,1.920745,MGC,1,1,0,0
2435,1.348957,1.590026,MGC,1,1,0,0
2436,1.299680,1.249657,HWC,1,1,0,0
2437,1.219090,1.067035,HWC,1,1,0,0
2438,1.256614,1.168801,HWC,1,1,0,0
2439,1.247504,1.109322,HWC,4,1,0,0
244,1.433375,2.146100,MGC,1,1,0,0
2440,1.272528,1.151954,HWC,1,1,0,0
2441,1.499408,1.203468,HWC,1,1,0,0
2442,1.250669,1.831481,MGC,5,1,0,0
2443,1.263463,1.091973,HWC,1,1,0,0
2446,1.288156,1.178166,HWC,1,1,0,0
2447,1.119640,1.228991,MGC,1,1,0,0
2449,1.242295,1.139724,HWC,3,1,0,0
245,1.319392,1.684079,MGC,1,1,0,0
2450,1.317671,1.594107,MGC,2,1,0,0
2451,1.328179,1.286959,HWC,2,1,0,0
2454,1.505182,1.483310,HWC,1,1,0,0
2455,1.352510,1.445638,MGC,1,1,0,0
2456,1.344627,1.194650,HWC,1,1,0,0
2457,1.295338,1.566343,MGC,1,1,0,0
2458,1.603686,1.232411,HWC,1,1,0,0
2459,1.138364,1.543747,MGC,3,1,0,0
246,1.541022,1.990348,MGC,1,1,0,0
2460,1.817332,1.583685,HWC,1,1,0,0
2461,1.272531,1.097073,HWC,1,1,0,0
2462,1.254526,2.026223,MGC,2,1,0,0
2464,1.332030,1.222654,HWC,1,1,0,0
2465,1.353766,1.823492,MGC,2,1,0,0
2466,1.503055,1.685714,MGC,1,1,0,0
2467,1.396646,1.603491,MGC,2,1,0,0
2468,1.395785,1.642851,MGC,4,2,0,0
2469,1.295522,1.755707,MGC,5,2,0,0
247,1.378175,1.745810,MGC,2,1,0,0
2470,1.337467,1.767083,MGC,2,1,0,0
2471,1.320971,1.799705,MGC,2,3,0,0
2472,1.219783,1.340230,MGC,3,1,0,0
2473,1.158267,1.091713,HWC,1,1,0,0
2474,1.483632,2.402722,MGC,2,1,0,0
2475,1.413027,1.387069,HWC,2,1,0,0
2476,1.258249,1.123347,HWC,1,1,0,0
2478,1.199150,1.624231,MGC,1,1,0,0
2479,1.438787,1.804344,MGC,2,1,0,0
248,1.196761,1.439563,MGC,1,1,0,0
2480,1.226364,1.145158,HWC,1,1,0,0
2481,1.502106,1.671338,MGC,1,1,0,0
2482,1.140550,1.542424,MGC,1,1,0,0
2483,1.467105,1.457643,HWC,2,3,0,0
2485,1.387973,1.561613,MGC,1,2,0,0
2486,1.155454,1.094058,HWC,1,1,0,0
2487,1.513919,1.192424,HWC,1,1,0,0
2488,1.665221,1.487798,HWC,2,1,0,0
2489,1.266156,1.802299,MGC,5,2,0,0
249,1.309610,1.253403,HWC,1,1,0,0
2490,1.407353,1.374265,HWC,1,1,0,0
2491,1.860043,2.635167,MGC,2,1,0,0
2492,1.582083,1.468410,HWC,1,1,0,0
2493,1.169098,1.654173,MGC,1,2,0,0
2494,1.240948,1.241296,MGC,1,1,0,0
2495,1.206577,1.691024,MGC,1,2,0,0
2496,1.298206,1.729470,MGC,1,1,0,0
2497,1.361750,1.288674,HWC,1,1,0,0
2498,1.221369,1.524691,MGC,1,1,0,0
2499,1.345966,1.014396,HWC,2,1,0,0
25,1.142144,1.157252,MGC,1,1,0,0
250,1.462707,1.398256,HWC,1,1,0,0
2500,1.313015,2.292113,MGC,2,1,0,0
2501,1.331970,1.712130,MGC,3,2,0,0
2502,1.285164,1.265990,HWC,2,1,0,0
2504,1.593831,1.906181,MGC,1,2,0,0
2506,1.296362,1.750322,MGC,1,1,0,0
2507,1.400690,1.321676,HWC,1,1,0,0
2508,1.414347,1.290607,HWC,2,1,0,0
2509,1.628786,1.826485,MGC,1,1,0,0
251,1.936717,1.706902,HWC,1,1,0,0
2510,1.539246,1.940375,MGC,2,3,0,0
2511,1.201671,1.758308,MGC,1,1,0,0
2512,1.429638,1.714877,MGC,3,1,0,0
2513,1.176542,1.458419,MGC,2,1,0,0
2514,1.350561,1.448136,MGC,1,1,0,0
2515,1.276825,1.313238,MGC,2,1,0,0
2516,1.299767,1.738435,MGC,2,2,0,0
2517,1.423309,1.266720,HWC,1,1,0,0
2518,1.375895,1.672375,MGC,4,2,0,0
2519,1.685289,1.532687,HWC,1,2,0,0
252,1.390885,1.871408,MGC,1,1,0,0
2520,1.367448,1.823168,MGC,2,1,0,0
2521,1.244206,1.599795,MGC,1,1,0,0
2523,1.275945,1.845584,MGC,1,1,0,0
2524,1.354868,1.619322,MGC,1,1,0,0
2525,1.445283,1.400544,HWC,1,1,0,0
2526,1.444531,1.632419,MGC,1,2,0,0
2527,1.231211,1.163348,HWC,3,1,0,0
2528,1.572133,1.003196,HWC,2,1,0,0
2529,1.225896,1.417459,MGC,1,1,0,0
253,1.272528,1.182514,HWC,4,1,0,0
2530,1.795957,1.362840,HWC,1,1,0,0
2531,1.119930,1.915349,MGC,1,1,0,0
2533,1.246859,1.787944,MGC,2,1,0,0
2534,1.223649,1.274204,MGC,1,1,0,0
2535,1.248022,1.629061,MGC,1,1,0,0
2536,1.216379,1.351555,MGC,2,1,0,0
2537,1.749058,1.719111,HWC,3,3,0,0
2538,1.291001,1.332613,MGC,1,1,0,0
2539,1.488872,1.916292,MGC,1,1,0,0
254,1.639191,1.101864,HWC,1,1,0,0
2540,1.469027,1.722868,MGC,4,2,0,0
2541,1.340039,1.504031,MGC,3,1,0,0
2542,1.445370,2.118325,MGC,1,1,0,0
2543,1.146115,1.805681,MGC,1,1,0,0
2544,1.320638,1.702923,MGC,1,1,0,0
2546,1.365861,1.526103,MGC,1,1,0,0
2547,1.587433,1.880744,MGC,1,1,0,0
2549,1.226500,1.672099,MGC,1,1,0,0
255,1.357925,1.387052,MGC,1,1,0,0
2551,1.189782,1.252414,MGC,1,1,0,0
2553,1.319902,1.280304,HWC,2,1,0,0
2554,1.611692,1.610326,HWC,1,1,0,0
2555,1.379419,1.259103,HWC,1,1,0,0
2556,1.177966,1.428166,MGC,1,1,0,0
2557,1.164405,1.465058,MGC,6,1,0,0
2558,1.459218,1.639222,MGC,2,1,0,0
2559,1.443386,1.625495,MGC,2,1,0,0
256,1.460691,1.783537,MGC,1,2,0,0
2560,1.316017,1.667980,MGC,2,1,0,0
2561,1.273219,1.594026,MGC,1,1,0,0
2562,1.242558,1.542366,MGC,4,4,0,0
2563,1.492205,1.549480,MGC,1,1,0,0
2564,1.320162,1.423174,MGC,1,1,0,0
2565,1.222239,1.501898,MGC,2,1,0,0
2566,1.293046,1.414004,MGC,7,1,0,0
257,1.210292,1.320929,MGC,1,1,0,0
2571,1.363383,2.038555,MGC,2,1,0,0
2572,1.318384,1.156953,HWC,1,1,0,0
2573,1.203147,1.841463,MGC,2,1,0,0
2574,1.164907,1.454208,MGC,11,2,0,0
2575,1.368080,1.605668,MGC,3,1,0,0
2576,1.452998,1.411031,HWC,5,3,0,0
2577,1.408463,2.081925,MGC,1,1,0,0
2579,1.307791,1.213625,HWC,2,1,0,0
258,1.327480,1.399934,MGC,2,1,0,0
2581,1.397207,1.928936,MGC,1,2,0,0
2582,1.665579,1.174069,HWC,1,1,0,0
2583,1.428197,1.518567,MGC,3,1,0,0
2584,1.303402,1.485050,MGC,2,1,0,0
2585,1.320599,1.512342,MGC,2,1,0,0
2586,1.605428,1.063697,HWC,1,1,0,0
2588,1.267374,1.980395,MGC,2,1,0,0
2589,1.258218,1.272847,MGC,2,1,0,0
259,1.245661,1.181071,HWC,1,1,0,0
2590,1.182903,1.428806,MGC,1,1,0,0
2591,1.316696,1.390888,MGC,1,1,0,0
2593,1.345872,1.066895,HWC,1,1,0,0
2596,1.355868,1.133290,HWC,1,1,0,0
2598,1.477382,1.556663,MGC,1,1,0,0
2599,1.259452,1.292368,MGC,2,1,0,0
26,1.458269,1.665833,MGC,2,1,0,0
260,1.165318,1.592870,MGC,1,1,0,0
2600,1.390810,1.189135,HWC,1,1,0,0
2603,1.398765,1.000054,HWC,1,1,0,0
2605,1.694871,1.686683,HWC,1,2,0,0
2606,1.483656,1.346066,HWC,3,1,0,0
2607,1.542675,1.618587,MGC,1,2,0,0
2608,1.130450,2.045526,MGC,1,1,0,0
2609,1.264859,1.411598,MGC,1,1,0,0
2612,1.301262,2.168512,MGC,1,1,0,0
2613,1.569662,1.381554,HWC,1,1,0,0
2614,1.517804,1.748772,MGC,1,1,0,0
2615,1.376231,1.039488,HWC,1,1,0,0
2616,1.244346,1.163921,HWC,1,1,0,0
2617,1.570327,1.600148,MGC,2,1,0,0
2619,1.426782,1.755299,MGC,2,1,0,0
262,1.440459,1.862355,MGC,2,2,0,0
2620,1.234670,1.348782,MGC,3,1,0,0
2621,1.282555,1.767913,MGC,5,3,0,0
2622,1.193392,1.466095,MGC,1,1,0,0
2623,1.506958,1.903674,MGC,1,1,0,0
2624,1.268490,1.421266,MGC,1,1,0,0
2626,1.201832,1.583464,MGC,1,1,0,0
2627,1.428620,1.649846,MGC,1,1,0,0
2629,1.285427,1.339444,MGC,1,1,0,0
263,1.260074,1.322940,MGC,2,1,0,0
2630,1.225882,1.490160,MGC,2,1,0,0
2631,1.273429,1.474910,MGC,2,1,0,0
2632,1.241111,1.548627,MGC,3,2,0,0
2633,1.171727,1.338601,MGC,1,1,0,0
2634,1.583664,1.782769,MGC,1,1,0,0
2635,1.383116,1.730633,MGC,5,3,0,0
2636,1.176343,1.093655,HWC,1,1,0,0
2637,1.156441,1.376463,MGC,1,1,0,0
2639,1.132155,1.330997,MGC,2,1,0,0
264,1.417814,1.361078,HWC,2,1,0,0
2640,1.438968,1.670621,MGC,2,1,0,0
2641,1.435960,1.381700,HWC,2,1,0,0
2642,1.333306,1.551610,MGC,3,1,0,0
2643,1.331894,1.127421,HWC,2,1,0,0
2644,1.344716,1.574271,MGC,4,1,0,0
2645,1.235592,1.901771,MGC,1,1,0,0
2646,1.269215,1.354680,MGC,5,1,0,0
2647,1.340156,2.021035,MGC,1,1,0,0
2648,1.232363,1.345499,MGC,1,1,0,0
2649,1.553811,1.716343,MGC,3,3,0,0
265,1.512781,1.348716,HWC,2,1,0,0
2650,1.264227,1.212025,HWC,1,1,0,0
2651,1.420055,1.763774,MGC,2,2,0,0
2652,1.479259,2.019206,MGC,4,1,0,0
2653,1.122057,1.036583,HWC,3,1,0,0
2654,1.177424,1.593490,MGC,1,1,0,0
2655,1.211101,1.291500,MGC,1,1,0,0
2656,1.238589,1.358403,MGC,2,1,0,0
2657,1.297483,1.568272,MGC,1,1,0,0
2659,1.767622,1.707119,HWC,1,1,0,0
2660,1.245845,1.906619,MGC,1,1,0,0
2661,1.384494,1.410577,MGC,1,1,0,0
2662,1.460828,2.015617,MGC,7,1,0,0
2663,1.476259,1.289676,HWC,1,1,0,0
2665,1.168286,1.530300,MGC,1,1,0,0
2666,1.463053,2.108061,MGC,1,2,0,0
2667,1.262927,1.490322,MGC,1,1,0,0
2668,1.370640,1.326401,HWC,1,1,0,0
2669,1.266436,1.097262,HWC,1,1,0,0
267,1.478790,1.427274,HWC,2,1,0,0
2670,1.478423,1.833143,MGC,3,1,0,0
2672,1.372999,1.699686,MGC,1,1,0,0
2673,1.281872,1.632793,MGC,1,1,0,0
2675,1.365665,1.545829,MGC,1,1,0,0
2677,1.433080,1.125769,HWC,1,1,0,0
2678,1.155236,1.026066,HWC,1,1,0,0
2679,1.397512,1.351528,HWC,1,1,0,0
268,1.309281,1.657619,MGC,7,2,0,0
2680,1.264578,1.078764,HWC,1,1,0,0
2681,1.356241,1.540250,MGC,2,1,0,0
2682,1.298813,1.486137,MGC,3,1,0,0
2683,1.235974,1.594997,MGC,1,1,0,0
2684,1.280373,1.798747,MGC,3,3,0,0
2685,1.323046,1.626460,MGC,1,1,0,0
2686,1.563484,2.056425,MGC,2,1,0,0
2687,1.266749,1.598676,MGC,3,1,0,0
2688,1.348767,2.161295,MGC,1,1,0,0
2689,1.368495,1.829764,MGC,3,1,0,0
269,1.412807,1.493596,MGC,1,1,0,0
2690,1.685664,1.750610,MGC,1,1,0,0
2691,1.266438,1.198510,HWC,1,1,0,0
2692,1.297522,1.305710,MGC,1,1,0,0
2693,1.253699,2.170284,MGC,1,1,0,0
2694,1.433993,2.028106,MGC,3,3,0,0
2695,1.339918,1.467857,MGC,2,1,0,0
2696,1.301696,1.443915,MGC,6,1,0,0
2697,1.217755,1.594066,MGC,1,1,0,0
2698,1.479626,1.157188,HWC,4,1,0,0
2699,1.416264,1.291643,HWC,1,1,0,0
2700,1.532074,1.471583,HWC,1,1,0,0
2701,1.377271,1.348174,HWC,1,1,0,0
2702,1.447546,1.225543,HWC,3,1,0,0
2703,1.401860,2.029102,MGC,1,3,0,0
2704,1.640175,1.391923,HWC,2,1,0,0
2705,1.764522,1.574749,HWC,1,1,0,0
2706,1.317659,1.572915,MGC,2,1,0,0
2707,1.431026,1.298853,HWC,1,1,0,0
2708,1.213134,1.104875,HWC,1,1,0,0
2709,1.313419,1.475323,MGC,3,1,0,0
2710,1.406208,1.664105,MGC,1,1,0,0
2711,1.223745,1.758557,MGC,1,1,0,0
2712,1.313885,1.873009,MGC,1,1,0,0
2713,1.449605,1.532651,MGC,1,1,0,0
2714,1.608246,1.295714,HWC,1,1,0,0
2715,1.104211,1.570131,MGC,1,1,0,0
2716,1.381019,1.753628,MGC,1,1,0,0
2718,1.162146,1.623969,MGC,2,2,0,0
2719,1.129196,1.557130,MGC,1,2,0,0
272,1.687722,1.703201,MGC,1,1,0,0
2721,1.331174,1.459534,MGC,3,1,0,0
2722,1.519678,1.868825,MGC,1,1,0,0
2723,1.247753,1.368966,MGC,2,1,0,0
2724,1.507108,1.386395,HWC,1,1,0,0
2725,1.269956,1.501360,MGC,2,2,0,0
2726,1.145732,1.169353,MGC,1,1,0,0
2727,1.581385,1.436534,HWC,1,1,0,0
2728,1.397585,1.704552,MGC,1,2,0,0
2729,1.492921,1.791217,MGC,1,1,0,0
273,1.437950,1.436059,HWC,1,1,0,0
2730,1.284837,1.901336,MGC,2,1,0,0
2731,1.773108,2.169357,MGC,1,1,0,0
2732,1.428973,1.039890,HWC,1,1,0,0
2733,1.327536,1.589582,MGC,1,1,0,0
2734,1.430862,1.401875,HWC,3,1,0,0
2735,1.154428,1.321606,MGC,2,1,0,0
2736,1.233908,1.308802,MGC,1,1,0,0
2737,1.298068,1.143130,HWC,3,1,0,0
2738,1.401767,1.243122,HWC,2,1,0,0
2739,1.406272,2.092781,MGC,1,1,0,0
274,1.346155,1.745793,MGC,1,1,0,0
2740,1.447308,1.393950,HWC,1,1,0,0
2741,1.397610,1.415883,MGC,1,1,0,0
2742,1.414076,1.868904,MGC,3,2,0,0
2743,1.271522,1.543098,MGC,4,1,0,0
2744,1.138727,1.378217,MGC,3,1,0,0
2746,1.572958,1.193834,HWC,2,1,0,0
2747,1.585805,1.150462,HWC,2,1,0,0
2748,1.446858,1.617696,MGC,1,1,0,0
2749,1.088642,1.363828,MGC,1,1,0,0
275,1.183180,1.320690,MGC,1,1,0,0
2750,1.231494,1.206623,HWC,1,1,0,0
2751,1.960809,1.468389,HWC,1,1,0,0
2752,1.212447,1.578675,MGC,1,2,0,0
2753,1.221354,1.277219,MGC,6,1,0,0
2754,1.493753,1.332008,HWC,1,2,0,0
2755,1.323959,1.974836,MGC,1,1,0,0
2756,1.396101,1.698500,MGC,1,1,0,0
2757,1.377604,1.885760,MGC,1,1,0,0
2758,1.468287,1.278290,HWC,1,1,0,0
2759,1.237109,1.512452,MGC,2,2,0,0
276,1.287607,1.368472,MGC,4,1,0,0
2760,1.084735,1.227203,MGC,1,1,0,0
2761,1.382432,1.405609,MGC,1,1,0,0
2762,1.410097,1.772069,MGC,1,1,0,0
2763,1.432672,1.384315,HWC,2,1,0,0
2764,1.333209,1.794336,MGC,1,1,0,0
2765,1.319008,1.266758,HWC,2,1,0,0
2766,1.412438,1.458589,MGC,2,1,0,0
2767,1.192168,1.410269,MGC,1,1,0,0
2768,1.412725,1.749974,MGC,2,1,0,0
2769,1.202150,1.420809,MGC,4,1,0,0
277,1.600872,2.061374,MGC,1,1,0,0
2770,1.242240,1.367741,MGC,1,1,0,0
2771,1.425563,1.185493,HWC,1,1,0,0
2772,1.365843,1.483818,MGC,2,1,0,0
2773,1.163770,1.365744,MGC,1,1,0,0
2774,1.381139,1.259076,HWC,1,1,0,0
2775,1.359588,1.389116,MGC,2,1,0,0
2776,1.515601,1.614558,MGC,1,1,0,0
2777,1.221056,1.534286,MGC,10,2,0,0
2779,1.529804,1.665032,MGC,1,1,0,0
278,1.393611,1.474574,MGC,1,2,0,0
2780,1.364740,1.423894,MGC,1,1,0,0
2781,1.262625,1.475422,MGC,4,1,0,0
2782,1.320729,1.381209,MGC,4,2,0,0
2783,1.287818,1.981943,MGC,1,1,0,0
2784,1.254478,1.836649,MGC,2,1,0,0
2785,1.238344,1.439658,MGC,1,1,0,0
2786,1.416374,1.401671,HWC,1,1,0,0
2787,1.190882,1.885509,MGC,1,1,0,0
2788,1.288036,1.926424,MGC,4,1,0,0
2789,1.622983,1.339893,HWC,1,1,0,0
279,1.316471,1.365876,MGC,2,1,0,0
2791,1.475635,1.402538,HWC,1,1,0,0
2793,1.276744,1.035446,HWC,1,1,0,0
2794,1.258329,1.499154,MGC,2,1,0,0
2796,1.288502,1.570992,MGC,4,1,0,0
2797,1.318924,1.179004,HWC,1,1,0,0
2798,1.433361,1.794220,MGC,1,1,0,0
2799,1.347195,1.635310,MGC,1,2,0,0
28,1.310149,1.614560,MGC,1,1,0,0
280,1.319907,1.395783,MGC,1,1,0,0
2800,1.265057,1.590885,MGC,1,1,0,0
2801,1.382453,1.605632,MGC,3,2,0,0
2802,1.404916,1.188228,HWC,1,1,0,0
2804,1.811983,1.595345,HWC,1,2,0,0
2806,1.342996,2.067800,MGC,1,1,0,0
2807,1.194657,1.576679,MGC,4,1,0,0
2808,1.328499,1.042672,HWC,1,1,0,0
2809,1.394113,2.133934,MGC,2,1,0,0
281,1.246210,1.208650,HWC,1,1,0,0
2810,1.172572,1.370867,MGC,1,1,0,0
2811,1.415595,1.399414,HWC,1,1,0,0
2812,1.357045,1.513604,MGC,7,1,0,0
2813,1.354200,1.237979,HWC,1,1,0,0
2814,1.232548,1.610983,MGC,1,1,0,0
2816,2.317390,2.037672,HWC,1,1,0,0
2817,1.641143,2.240845,MGC,1,1,0,0
2819,1.249688,1.116512,HWC,1,1,0,0
282,1.526089,1.428725,HWC,1,1,0,0
2820,1.427930,1.424933,HWC,1,1,0,0
2821,1.107243,1.699736,MGC,2,2,0,0
2822,1.487766,1.852091,MGC,2,1,0,0
2823,1.744161,1.596477,HWC,1,1,0,0
2825,1.254752,1.300079,MGC,3,1,0,0
2826,1.493994,1.598043,MGC,1,1,0,0
2827,1.171109,1.189947,MGC,1,1,0,0
2828,1.253864,2.387468,MGC,3,2,0,0
2829,1.493803,1.153305,HWC,2,1,0,0
283,1.129271,1.358606,MGC,1,1,0,0
2830,1.490399,1.527777,MGC,1,1,0,0
2832,1.407875,1.097210,HWC,1,1,0,0
2833,1.327602,1.827902,MGC,2,1,0,0
2834,1.418861,1.248698,HWC,2,1,0,0
2835,1.466389,1.471452,MGC,4,1,0,0
2836,1.564044,1.107226,HWC,1,1,0,0
2837,1.167794,1.556620,MGC,1,1,0,0
2838,1.624485,1.084061,HWC,1,1,0,0
2839,1.446688,1.486307,MGC,1,1,0,0
284,1.319389,1.824053,MGC,1,1,0,0
2840,1.354127,1.330854,HWC,2,1,0,0
2841,1.154016,1.444997,MGC,1,1,0,0
2842,1.618814,1.356687,HWC,1,1,0,0
2843,1.223279,1.169169,HWC,2,1,0,0
2845,1.314931,1.633437,MGC,3,1,0,0
2846,1.298649,1.195244,HWC,3,1,0,0
2847,1.283848,1.455970,MGC,3,2,0,0
2848,1.247149,1.318082,MGC,1,1,0,0
2849,1.334385,1.485965,MGC,1,1,0,0
285,1.342448,1.645518,MGC,2,1,0,0
2850,1.479941,1.716876,MGC,1,1,0,0
2851,1.241944,1.309749,MGC,1,1,0,0
2852,1.382658,1.522079,MGC,4,1,0,0
2853,1.237085,1.861010,MGC,1,1,0,0
2854,1.367801,1.302373,HWC,1,1,0,0
2855,1.287342,1.498021,MGC,2,1,0,0
2856,1.377129,1.261468,HWC,2,1,0,0
2857,1.395565,1.401269,MGC,1,1,0,0
2858,1.225238,1.479004,MGC,1,1,0,0
2859,1.362697,1.389097,MGC,1,1,0,0
286,1.374379,1.216284,HWC,1,1,0,0
2860,1.493044,1.323270,HWC,2,1,0,0
2861,1.350940,1.071131,HWC,1,1,0,0
2865,1.412334,1.679659,MGC,1,1,0,0
2866,1.307085,1.327306,MGC,2,1,0,0
2867,1.287760,1.045233,HWC,1,1,0,0
2868,1.292114,1.167827,HWC,1,1,0,0
2869,1.401652,1.436278,MGC,1,1,0,0
2870,1.152983,1.490462,MGC,1,1,0,0
2871,1.278867,1.652480,MGC,1,1,0,0
2873,1.163378,1.480847,MGC,2,1,0,0
2874,1.113211,1.056873,HWC,1,1,0,0
2875,1.258749,2.090652,MGC,1,2,0,0
2876,1.448686,1.438460,HWC,2,1,0,0
2877,1.320558,1.327668,MGC,1,1,0,0
2878,1.580922,1.231655,HWC,2,1,0,0
2879,1.414465,1.426257,MGC,1,1,0,0
288,1.380632,1.798188,MGC,1,1,0,0
2880,1.392906,1.694041,MGC,1,1,0,0
2881,1.562349,1.328163,HWC,1,1,0,0
2882,1.153094,1.150514,HWC,1,1,0,0
2883,1.459674,1.127239,HWC,2,1,0,0
2884,1.466940,1.738149,MGC,2,2,0,0
2885,1.512782,1.617355,MGC,2,1,0,0
2887,1.336650,1.196165,HWC,2,1,0,0
2888,1.348682,1.189333,HWC,1,1,0,0
2889,1.325542,1.882860,MGC,1,1,0,0
289,1.610706,1.736553,MGC,1,2,0,0
2890,1.359055,1.426927,MGC,2,1,0,0
2892,1.526792,1.731744,MGC,1,1,0,0
2893,1.272735,1.681631,MGC,1,1,0,0
2894,1.444630,1.060662,HWC,2,1,0,0
2895,1.317976,1.721876,MGC,2,1,0,0
2896,1.204730,1.424737,MGC,1,1,0,0
2897,1.386497,1.032562,HWC,1,1,0,0
2898,1.661812,1.754943,MGC,2,1,0,0
2899,1.305650,1.753512,MGC,2,1,0,0
29,1.265972,1.608463,MGC,3,1,0,0
290,1.452142,1.531772,MGC,1,1,0,0
2900,1.337781,1.484840,MGC,1,1,0,0
2901,1.250531,1.286987,MGC,3,1,0,0
2902,1.299796,1.869838,MGC,4,1,0,0
2903,1.256418,1.472035,MGC,1,1,0,0
2904,1.500550,1.301664,HWC,1,1,0,0
2905,1.502310,1.526789,MGC,1,1,0,0
2906,1.296770,1.417117,MGC,1,1,0,0
2907,1.265887,1.468414,MGC,1,1,0,0
2908,1.360261,1.658661,MGC,2,2,0,0
291,1.437220,1.885756,MGC,2,1,0,0
2911,1.493615,1.850929,MGC,2,2,0,0
2912,1.262105,1.535386,MGC,2,1,0,0
2913,1.306066,1.390810,MGC,2,1,0,0
2914,1.369170,1.328454,HWC,1,1,0,0
2915,1.303970,1.798175,MGC,1,2,0,0
2916,1.266164,1.332523,MGC,1,1,0,0
2917,1.309207,1.489160,MGC,1,2,0,0
292,1.329508,1.812249,MGC,2,2,0,0
2920,1.353413,1.499648,MGC,2,1,0,0
2921,1.305476,1.136434,HWC,1,1,0,0
2923,1.232756,1.565269,MGC,3,1,0,0
2924,1.922228,1.911357,HWC,2,1,0,0
2925,1.193517,1.157106,HWC,1,1,0,0
2927,1.425221,1.792828,MGC,2,2,0,0
2928,1.549911,1.548461,HWC,1,1,0,0
2929,1.119743,1.534404,MGC,3,1,0,0
293,1.399290,1.528069,MGC,1,1,0,0
2930,1.206447,1.120700,HWC,2,1,0,0
2931,1.423081,1.520758,MGC,1,1,0,0
2932,1.283547,1.191967,HWC,2,1,0,0
2933,1.448881,1.470895,MGC,1,1,0,0
2934,1.287358,1.680451,MGC,1,1,0,0
2935,1.221578,1.240166,MGC,1,1,0,0
2936,1.554033,1.443520,HWC,1,1,0,0
2937,1.245053,1.477407,MGC,2,1,0,0
2938,1.231914,1.543856,MGC,2,2,0,0
2939,1.185091,1.426586,MGC,1,1,0,0
294,1.518169,1.539959,MGC,1,1,0,0
2940,1.086800,1.037151,HWC,1,1,0,0
2941,1.487749,1.194095,HWC,1,1,0,0
2942,1.531620,1.493678,HWC,2,1,0,0
2943,1.263096,1.502932,MGC,1,1,0,0
2944,1.305429,1.236731,HWC,2,1,0,0
2945,1.335401,1.189197,HWC,1,1,0,0
2946,1.459585,1.421652,HWC,2,1,0,0
2947,1.327379,1.451839,MGC,5,1,0,0
2948,1.257744,1.404320,MGC,1,2,0,0
2949,1.247366,1.519840,MGC,1,1,0,0
295,1.530308,1.263644,HWC,1,1,0,0
2950,1.179162,1.180548,MGC,1,1,0,0
2951,1.161529,1.508225,MGC,1,1,0,0
2952,1.284063,1.196267,HWC,1,1,0,0
2954,1.216766,1.249606,MGC,2,1,0,0
2955,1.314723,2.472367,MGC,2,1,0,0
2956,1.322078,1.053996,HWC,2,1,0,0
2957,1.120417,1.162841,MGC,1,1,0,0
2958,1.304875,1.407356,MGC,4,1,0,0
2959,1.328069,1.615874,MGC,2,1,0,0
296,1.161834,1.490567,MGC,1,1,0,0
2960,1.429497,2.112251,MGC,3,2,0,0
2961,1.234421,1.491591,MGC,1,1,0,0
2962,1.211855,1.169601,HWC,4,1,0,0
2963,1.410069,1.455520,MGC,1,1,0,0
2964,1.317458,1.586621,MGC,1,1,0,0
2966,1.844203,1.536675,HWC,1,1,0,0
2967,1.163079,1.812438,MGC,1,1,0,0
2968,1.233720,1.620843,MGC,1,1,0,0
2969,1.438809,2.117538,MGC,1,1,0,0
297,1.448575,1.481016,MGC,1,1,0,0
2970,1.027789,1.253999,MGC,1,1,0,0
2971,1.261171,1.324047,MGC,2,1,0,0
2972,1.054904,1.520311,MGC,1,1,0,0
2973,1.239249,1.023593,HWC,2,1,0,0
2974,1.312345,1.567076,MGC,5,1,0,0
2975,1.496651,1.617349,MGC,1,1,0,0
2976,1.256146,1.324411,MGC,1,1,0,0
2977,1.295418,1.641162,MGC,1,2,0,0
2978,1.332707,1.474997,MGC,3,1,0,0
2979,1.438492,1.457100,MGC,1,1,0,0
298,1.370124,1.154564,HWC,1,1,0,0
2980,1.347346,2.036909,MGC,1,1,0,0
2981,1.414417,1.314444,HWC,1,1,0,0
2982,1.197330,1.588782,MGC,1,1,0,0
2984,1.517304,1.547450,MGC,1,1,0,0
2986,1.155187,1.266545,MGC,1,1,0,0
2987,1.087925,1.516381,MGC,1,1,0,0
2988,1.591194,1.376114,HWC,1,1,0,0
2989,1.294183,1.536466,MGC,4,4,0,0
299,1.242680,1.419235,MGC,1,1,0,0
2990,1.484293,1.261637,HWC,1,1,0,0
2992,1.952207,2.050166,MGC,1,1,0,0
2993,1.367563,1.804210,MGC,1,2,0,0
2994,1.249737,1.735773,MGC,3,1,0,0
2995,1.382362,1.997851,MGC,2,1,0,0
2996,1.244183,1.274077,MGC,1,1,0,0
2997,1.335411,2.134318,MGC,1,1,0,0
2998,1.307551,1.320406,MGC,1,1,0,0
30,1.505379,1.544263,MGC,1,1,0,0
300,1.449380,1.681722,MGC,2,2,0,0
3000,1.841937,2.321606,MGC,1,1,0,0
3001,1.354737,1.609642,MGC,1,1,0,0
3002,1.367209,1.151809,HWC,1,1,0,0
3003,1.231398,1.638543,MGC,3,1,0,0
3004,1.243806,1.196331,HWC,1,1,0,0
3005,1.275278,1.378506,MGC,1,1,0,0
3006,1.237106,1.380332,MGC,2,1,0,0
3007,2.131722,1.807581,HWC,1,1,0,0
3008,1.136563,1.203522,MGC,4,1,0,0
3009,1.298565,1.363459,MGC,1,1,0,0
301,1.268134,1.241017,HWC,1,1,0,0
3010,1.330284,1.666269,MGC,2,1,0,0
3011,1.314237,1.548500,MGC,1,1,0,0
3013,1.180705,1.543000,MGC,1,1,0,0
3014,1.267780,1.315127,MGC,4,1,0,0
3015,1.215888,1.239449,MGC,1,1,0,0
3016,1.187255,1.146600,HWC,1,1,0,0
3017,1.254865,1.272767,MGC,3,1,0,0
3018,1.457126,1.715075,MGC,1,1,0,0
302,1.062678,1.159130,MGC,1,1,0,0
3020,1.459851,1.719117,MGC,2,1,0,0
3022,1.279637,1.470247,MGC,1,1,0,0
3023,1.102455,1.603219,MGC,1,1,0,0
3024,1.073033,1.025432,HWC,1,1,0,0
3025,1.279228,1.409070,MGC,2,1,0,0
3026,1.245687,1.754219,MGC,1,1,0,0
3027,1.113841,1.481632,MGC,1,1,0,0
3028,1.839130,1.477233,HWC,2,1,0,0
3029,1.128454,1.561901,MGC,4,1,0,0
3030,1.255204,1.410968,MGC,1,1,0,0
3031,1.252445,1.856195,MGC,1,1,0,0
3032,1.291713,1.047573,HWC,1,1,0,0
3033,1.316809,1.361921,MGC,6,1,0,0
3035,1.317780,1.456725,MGC,5,1,0,0
3036,1.257876,1.573112,MGC,2,2,0,0
3037,1.410260,1.788820,MGC,4,2,0,0
3038,1.469346,1.265081,HWC,3,1,0,0
3039,1.375253,1.247393,HWC,2,1,0,0
304,1.747922,1.601154,HWC,1,1,0,0
3041,1.317220,1.092958,HWC,1,1,0,0
3042,1.543217,1.368278,HWC,1,1,0,0
3043,1.377392,1.143474,HWC,1,1,0,0
3044,1.477005,2.186015,MGC,4,2,0,0
3045,1.374116,1.670078,MGC,4,1,0,0
3046,1.430011,1.664476,MGC,1,1,0,0
3047,1.224137,1.169701,HWC,1,1,0,0
3049,1.242055,1.608950,MGC,2,1,0,0
3050,1.262683,1.560455,MGC,2,2,0,0
3052,1.401084,1.741359,MGC,1,1,0,0
3053,1.619734,1.340285,HWC,1,1,0,0
3054,1.265422,1.268582,MGC,1,1,0,0
3056,1.270800,1.976174,MGC,1,1,0,0
3057,1.395997,1.135690,HWC,1,1,0,0
3058,1.050475,1.464562,MGC,1,1,0,0
3059,1.254156,1.196981,HWC,1,1,0,0
306,1.275038,1.566148,MGC,1,1,0,0
3060,1.205692,1.145019,HWC,1,1,0,0
3061,1.334542,1.058834,HWC,1,1,0,0
3062,1.274020,1.618182,MGC,1,1,0,0
3064,1.286932,1.544040,MGC,2,1,0,0
3065,1.467906,1.539787,MGC,1,1,0,0
3066,1.669283,1.673542,MGC,1,1,0,0
3067,1.422530,1.279069,HWC,2,1,0,0
3068,1.189836,1.876348,MGC,1,1,0,0
3069,1.376909,1.735383,MGC,2,1,0,0
307,1.449024,1.535381,MGC,1,1,0,0
3070,1.241249,1.409584,MGC,1,1,0,0
3071,1.329130,1.845161,MGC,1,1,0,0
3072,1.079598,1.118119,MGC,1,1,0,0
3073,1.153712,1.557830,MGC,3,1,0,0
3074,1.230932,1.085894,HWC,1,1,0,0
3076,1.168948,1.598685,MGC,1,1,0,0
3077,1.385441,1.737157,MGC,2,2,0,0
3078,1.292788,1.569475,MGC,1,2,0,0
3079,1.294982,1.648902,MGC,1,1,0,0
3080,1.449955,1.716440,MGC,4,1,0,0
3081,1.356465,1.266532,HWC,1,1,0,0
3082,1.413068,1.216230,HWC,1,1,0,0
3083,1.416792,1.422000,MGC,1,1,0,0
3084,1.350501,1.697451,MGC,1,1,0,0
3085,1.256458,1.700733,MGC,1,1,0,0
3086,1.549153,1.677413,MGC,3,1,0,0
3087,1.304794,1.279368,HWC,4,1,0,0
3088,1.374791,1.489912,MGC,2,1,0,0
3089,1.511196,1.014631,HWC,1,1,0,0
309,1.521914,1.393157,HWC,1,1,0,0
3090,1.446672,1.547426,MGC,1,1,0,0
3091,1.271399,1.430177,MGC,6,2,0,0
3092,1.286414,0.998426,HWC,1,1,0,0
3093,1.721090,1.641456,HWC,1,1,0,0
3094,1.230077,1.386535,MGC,1,1,0,0
3095,1.571122,1.225687,HWC,1,1,0,0
3096,1.252727,1.469522,MGC,2,1,0,0
3098,1.355240,1.827745,MGC,5,1,0,0
3099,1.213245,1.262372,MGC,5,1,0,0
31,1.306419,1.325291,MGC,1,1,0,0
310,1.143235,1.381558,MGC,1,1,0,0
3100,1.235197,1.290527,MGC,3,1,0,0
3102,1.471909,1.562729,MGC,2,1,0,0
3103,1.695391,1.739649,MGC,1,1,0,0
3104,1.449931,2.681197,MGC,3,1,0,0
3105,1.376293,1.569454,MGC,1,3,0,0
3106,1.443914,1.153149,HWC,1,1,0,0
3107,1.310518,1.491085,MGC,2,1,0,0
3109,1.491105,1.366286,HWC,1,1,0,0
311,1.241191,1.321068,MGC,1,1,0,0
3110,1.267434,1.375211,MGC,1,1,0,0
3111,1.407445,1.475668,MGC,1,2,0,0
3112,1.209101,1.274191,MGC,2,2,0,0
3113,1.354402,2.142818,MGC,2,1,0,0
3114,1.242410,1.179480,HWC,1,1,0,0
3115,1.447403,1.551319,MGC,1,1,0,0
3116,1.305075,1.441878,MGC,1,1,0,0
3117,1.139852,1.391529,MGC,1,1,0,0
3118,1.304174,1.453242,MGC,2,1,0,0
3119,1.419272,1.932146,MGC,1,1,0,0
312,1.412584,1.041929,HWC,2,1,0,0
3120,1.218311,1.157207,HWC,1,1,0,0
3121,1.164460,1.403772,MGC,2,2,0,0
3122,1.215035,1.705010,MGC,1,1,0,0
3123,1.190614,1.290964,MGC,1,1,0,0
3124,1.255013,1.598032,MGC,1,1,0,0
3125,1.363460,1.292295,HWC,1,1,0,0
3126,1.460533,1.710918,MGC,2,2,0,0
3127,2.074302,1.491994,HWC,1,1,0,0
3128,1.302947,1.743517,MGC,1,1,0,0
3129,1.211231,1.074662,HWC,1,1,0,0
313,1.303463,1.548946,MGC,1,1,0,0
3130,1.242576,1.166612,HWC,1,1,0,0
3131,1.358673,1.193806,HWC,4,1,0,0
3132,1.725130,1.847058,MGC,2,1,0,0
3133,1.434376,1.351322,HWC,3,1,0,0
3134,1.129216,1.191398,MGC,1,1,0,0
3135,1.328821,1.314076,HWC,1,1,0,0
3136,1.690330,1.638680,HWC,2,1,0,0
3137,1.262129,1.523712,MGC,2,1,0,0
3138,1.337452,1.320292,HWC,1,1,0,0
3139,1.451423,1.518617,MGC,2,1,0,0
3140,1.355771,1.364407,MGC,2,1,0,0
3141,1.889462,1.209881,HWC,1,1,0,0
3142,1.436029,1.596000,MGC,2,1,0,0
3143,1.279557,1.471588,MGC,2,1,0,0
3144,1.133639,1.296129,MGC,1,3,0,0
3145,1.479825,1.734011,MGC,2,2,0,0
3146,1.408160,1.575125,MGC,2,1,0,0
3147,1.581859,1.835706,MGC,1,1,0,0
3148,1.224788,1.519416,MGC,2,1,0,0
3149,1.370146,1.591553,MGC,1,1,0,0
315,1.549169,1.829136,MGC,2,1,0,0
3150,1.130551,1.407057,MGC,1,1,0,0
3151,1.160759,1.158180,HWC,1,1,0,0
3152,1.390200,1.618279,MGC,1,1,0,0
3153,1.220421,1.273489,MGC,1,1,0,0
3154,1.406806,1.126325,HWC,2,1,0,0
3155,1.327697,1.375437,MGC,1,2,0,0
3156,1.249940,1.075172,HWC,3,1,0,0
3157,1.564401,1.721380,MGC,1,1,0,0
3158,2.189131,1.559536,HWC,1,1,0,0
3159,1.245883,1.592640,MGC,1,1,0,0
316,1.343703,1.416228,MGC,1,1,0,0
3160,1.423690,1.477562,MGC,2,1,0,0
3161,1.314458,1.428619,MGC,1,1,0,0
3163,1.339829,1.484561,MGC,1,1,0,0
3164,1.375202,2.035575,MGC,1,1,0,0
3165,1.372288,1.438376,MGC,1,1,0,0
3166,1.349175,1.323588,HWC,1,1,0,0
3167,1.309450,1.408843,MGC,3,1,0,0
3168,1.271492,1.705369,MGC,3,1,0,0
3169,1.203822,1.200735,HWC,5,1,0,0
317,1.414885,1.332627,HWC,3,1,0,0
3171,1.518883,1.291289,HWC,1,1,0,0
3172,1.146677,1.299850,MGC,1,1,0,0
3173,1.435044,1.570984,MGC,1,3,0,0
3175,1.322870,1.213314,HWC,1,1,0,0
3176,1.222374,1.096150,HWC,2,1,0,0
3178,1.510477,1.154884,HWC,1,1,0,0
3179,1.230580,1.347187,MGC,1,1,0,0
318,1.366758,1.165888,HWC,3,1,0,0
3181,1.454756,1.655544,MGC,1,1,0,0
3182,1.339444,1.515362,MGC,1,1,0,0
3183,1.476178,1.733471,MGC,1,1,0,0
3184,1.392175,1.149117,HWC,1,1,0,0
3185,1.709715,1.252744,HWC,1,1,0,0
3186,1.535355,1.145790,HWC,1,1,0,0
3187,1.894628,1.712809,HWC,1,1,0,0
3188,1.325238,1.633546,MGC,1,1,0,0
3189,1.340936,2.077719,MGC,1,2,0,0
319,1.396870,1.808058,MGC,1,1,0,0
3190,1.485485,2.033618,MGC,2,1,0,0
3192,1.254037,2.160759,MGC,1,2,0,0
3193,1.600277,1.269501,HWC,1,1,0,0
3194,1.277585,1.462785,MGC,2,1,0,0
3196,1.560214,1.255218,HWC,2,1,0,0
3198,1.436581,1.052896,HWC,1,1,0,0
3199,1.128233,1.742181,MGC,1,1,0,0
32,1.248127,1.797968,MGC,2,1,0,0
320,1.451711,1.617873,MGC,2,2,0,0
3200,1.441181,1.725012,MGC,1,1,0,0
3201,1.520976,1.391060,HWC,1,1,0,0
3202,1.541151,1.650879,MGC,3,1,0,0
3203,1.360426,1.891289,MGC,4,2,0,0
3204,1.265778,1.130429,HWC,3,1,0,0
3205,1.263090,1.249677,HWC,4,1,0,0
3206,1.038860,1.516283,MGC,1,1,0,0
3207,1.225496,1.474353,MGC,3,1,0,0
3208,1.242032,1.232668,HWC,1,1,0,0
3209,1.537732,1.518171,HWC,1,1,0,0
321,1.243718,1.653331,MGC,1,1,0,0
3210,1.166278,1.786519,MGC,1,1,0,0
3211,1.162783,1.221053,MGC,1,1,0,0
3212,1.492080,1.359349,HWC,1,1,0,0
3213,1.402506,1.113317,HWC,1,1,0,0
3214,1.300359,1.567903,MGC,1,1,0,0
3215,1.178224,1.551870,MGC,1,1,0,0
3216,1.939568,1.144908,HWC,2,1,0,0
3217,1.316222,1.646068,MGC,1,1,0,0
3218,1.429628,1.642376,MGC,1,1,0,0
3219,1.264910,1.412652,MGC,2,1,0,0
322,1.159556,1.128241,HWC,1,1,0,0
3220,1.149207,1.389057,MGC,1,1,0,0
3221,1.340702,1.636935,MGC,1,1,0,0
3223,1.411308,1.623776,MGC,1,1,0,0
3224,1.384022,2.024608,MGC,3,2,0,0
3225,1.310422,1.618348,MGC,1,1,0,0
3226,1.358940,1.123725,HWC,1,1,0,0
3227,1.225873,1.387475,MGC,2,1,0,0
3228,1.442035,1.224320,HWC,1,1,0,0
3229,1.313357,1.597355,MGC,4,2,0,0
323,1.293075,1.236810,HWC,1,1,0,0
3230,1.339741,1.399335,MGC,5,1,0,0
3231,1.199564,1.036958,HWC,3,1,0,0
3232,1.325596,1.731669,MGC,1,1,0,0
3233,1.245972,1.692154,MGC,1,1,0,0
3234,1.333119,1.238876,HWC,1,1,0,0
3235,1.291943,1.436592,MGC,1,1,0,0
3236,1.261606,1.552413,MGC,2,1,0,0
3237,1.697727,1.362389,HWC,3,1,0,0
3238,1.385083,1.943328,MGC,4,1,0,0
3239,1.117075,1.467776,MGC,1,1,0,0
324,1.352605,1.632077,MGC,1,2,0,0
3240,1.251469,1.460294,MGC,1,1,0,0
3241,1.638358,1.677060,MGC,1,1,0,0
3243,1.392389,1.575271,MGC,5,2,0,0
3244,1.392847,1.199177,HWC,1,1,0,0
3245,1.515117,1.549510,MGC,2,2,0,0
3246,1.349505,1.920502,MGC,3,2,0,0
3247,1.446807,1.061141,HWC,2,1,0,0
3248,1.089772,1.553720,MGC,1,1,0,0
3249,1.358218,1.324714,HWC,1,1,0,0
325,1.419661,1.844414,MGC,1,1,0,0
3250,1.467010,1.421507,HWC,2,1,0,0
3251,1.803549,1.366996,HWC,2,1,0,0
3252,1.330605,1.454536,MGC,1,1,0,0
3253,1.262685,1.619710,MGC,1,1,0,0
3255,1.376913,1.674126,MGC,1,1,0,0
3256,1.148810,1.378335,MGC,1,1,0,0
3257,1.315385,1.158173,HWC,1,1,0,0
3258,1.277954,1.562602,MGC,1,1,0,0
3259,1.385083,1.087654,HWC,2,1,0,0
326,1.240135,1.207379,HWC,1,1,0,0
3260,1.461896,1.781037,MGC,1,1,0,0
3262,1.099913,1.447734,MGC,1,1,0,0
3263,1.251221,1.702729,MGC,2,2,0,0
3264,1.654035,1.108166,HWC,1,1,0,0
3265,1.345391,1.803343,MGC,1,1,0,0
3266,1.157584,1.174351,MGC,1,1,0,0
3267,1.196214,1.723111,MGC,1,1,0,0
3268,1.600568,1.462120,HWC,1,2,0,0
327,1.498192,1.509735,MGC,2,1,0,0
3270,1.739223,1.145718,HWC,1,1,0,0
3271,1.221841,1.452382,MGC,1,1,0,0
3272,1.344042,1.767674,MGC,1,1,0,0
3273,1.191066,1.469805,MGC,1,1,0,0
3274,1.349833,1.630091,MGC,1,1,0,0
3275,1.360581,1.487761,MGC,2,1,0,0
3276,1.295335,1.286697,HWC,3,1,0,0
3277,1.358359,1.125988,HWC,1,1,0,0
3278,1.744475,2.032925,MGC,2,1,0,0
3279,1.243819,1.554451,MGC,2,2,0,0
328,1.334904,1.547257,MGC,1,1,0,0
3282,1.202808,1.419431,MGC,1,1,0,0
3283,1.433152,1.275573,HWC,1,1,0,0
3284,1.412359,2.202447,MGC,2,1,0,0
3286,1.281450,1.399571,MGC,1,1,0,0
3287,1.158901,1.637140,MGC,6,1,0,0
3288,1.422646,1.524141,MGC,3,1,0,0
3289,1.774745,1.264330,HWC,1,1,0,0
329,1.344548,1.314618,HWC,1,1,0,0
3290,1.367981,1.366961,HWC,1,1,0,0
3292,1.556584,1.619758,MGC,1,2,0,0
3293,1.371528,1.614600,MGC,1,1,0,0
3294,1.535803,1.516240,HWC,2,2,0,0
3295,2.297722,1.301685,HWC,2,1,0,0
3296,1.209573,1.083818,HWC,1,1,0,0
3297,1.640012,1.573998,HWC,2,1,0,0
3298,1.301735,1.438338,MGC,2,1,0,0
3299,1.395788,1.254385,HWC,1,1,0,0
33,1.356278,1.754596,MGC,1,1,0,0
330,1.309023,1.089090,HWC,1,1,0,0
3300,1.300342,1.326226,MGC,1,1,0,0
3301,1.875948,1.707322,HWC,1,1,0,0
3302,1.626257,1.485261,HWC,2,1,0,0
3303,1.499027,1.740019,MGC,1,1,0,0
3304,1.406209,1.066028,HWC,1,1,0,0
3305,1.393519,1.784865,MGC,2,1,0,0
3306,1.276173,1.280321,MGC,3,2,0,0
3307,1.528132,1.261832,HWC,1,1,0,0
3308,1.209257,1.497487,MGC,17,1,0,0
3309,1.253944,1.665457,MGC,2,2,0,0
331,1.197658,1.163720,HWC,1,1,0,0
3310,1.615778,2.389694,MGC,1,1,0,0
3311,1.231756,1.483134,MGC,2,1,0,0
3312,1.148647,1.900093,MGC,1,1,0,0
3313,1.348396,1.223891,HWC,1,1,0,0
3314,1.356111,1.534518,MGC,1,1,0,0
3316,1.180991,1.554718,MGC,1,1,0,0
3317,1.331343,1.541362,MGC,3,1,0,0
3318,1.381974,1.710431,MGC,3,2,0,0
3319,1.110122,1.217695,MGC,1,1,0,0
332,1.294482,1.699286,MGC,1,1,0,0
3320,1.374955,1.446399,MGC,2,1,0,0
3321,1.455320,1.862179,MGC,1,1,0,0
3322,1.091914,1.437751,MGC,1,1,0,0
3323,1.380179,1.967113,MGC,3,1,0,0
3324,1.527676,1.051723,HWC,4,1,0,0
3325,1.360769,1.522942,MGC,1,1,0,0
3326,1.458512,1.530264,MGC,1,1,0,0
3327,1.172297,1.394395,MGC,1,1,0,0
3328,1.300157,1.328498,MGC,2,1,0,0
3329,1.451137,1.680021,MGC,2,1,0,0
333,1.123311,1.318010,MGC,1,1,0,0
3330,1.562432,1.179728,HWC,1,1,0,0
3331,1.642994,1.663651,MGC,1,1,0,0
3332,1.285019,1.211125,HWC,1,1,0,0
3333,1.228029,1.208899,HWC,1,1,0,0
3334,1.466194,1.411305,HWC,1,1,0,0
3335,1.175083,1.841120,MGC,1,1,0,0
3336,1.356147,1.626021,MGC,1,1,0,0
3337,1.311762,1.360662,MGC,1,1,0,0
3338,1.368020,1.552977,MGC,2,1,0,0
3339,1.537920,1.895930,MGC,2,1,0,0
334,1.433439,2.235728,MGC,1,1,0,0
3340,1.184572,1.561593,MGC,1,1,0,0
3341,1.236121,1.110429,HWC,2,1,0,0
3343,1.210428,1.566917,MGC,3,1,0,0
3344,1.298460,1.198491,HWC,2,1,0,0
3345,1.381465,1.845563,MGC,3,1,0,0
3346,1.191337,1.446448,MGC,3,1,0,0
3347,1.292594,1.424357,MGC,1,1,0,0
3348,1.827918,1.192879,HWC,1,1,0,0
3349,1.364152,1.486492,MGC,2,1,0,0
335,1.259736,1.165868,HWC,1,1,0,0
3351,1.220797,1.263270,MGC,3,1,0,0
3352,1.309622,1.495120,MGC,1,1,0,0
3353,1.378756,1.419767,MGC,4,1,0,0
3354,1.191929,1.407222,MGC,1,2,0,0
3355,1.282751,1.762808,MGC,1,1,0,0
3356,2.012391,2.603248,MGC,2,2,0,0
3357,1.199563,1.030038,HWC,1,1,0,0
3358,1.376932,1.176424,HWC,1,1,0,0
3359,1.311330,1.010580,HWC,1,1,0,0
336,1.233095,1.464368,MGC,2,1,0,0
3360,1.303605,1.386496,MGC,2,1,0,0
3361,1.294400,1.242932,HWC,1,1,0,0
3363,1.275664,1.822488,MGC,1,1,0,0
3366,1.261278,1.411029,MGC,1,1,0,0
3367,1.318308,1.442577,MGC,2,1,0,0
3368,1.276339,1.749586,MGC,2,1,0,0
3369,1.625001,1.679179,MGC,1,1,0,0
3370,1.518019,1.466754,HWC,1,1,0,0
3371,1.336158,1.706035,MGC,1,1,0,0
3372,1.290673,1.974660,MGC,2,1,0,0
3373,1.261435,1.295376,MGC,5,1,0,0
3374,1.343648,1.547148,MGC,4,1,0,0
3375,1.225287,1.336340,MGC,1,2,0,0
3376,1.561006,1.122985,HWC,2,1,0,0
3377,1.323779,1.404984,MGC,2,1,0,0
3378,1.336692,1.599318,MGC,1,1,0,0
3379,1.533758,1.566004,MGC,1,2,0,0
338,1.402797,1.603428,MGC,2,1,0,0
3380,1.433187,1.442637,MGC,1,2,0,0
3381,1.380190,1.425035,MGC,1,1,0,0
3382,1.225212,1.581202,MGC,5,2,0,0
3384,1.523643,1.995403,MGC,2,1,0,0
3385,1.612304,1.114250,HWC,1,1,0,0
3386,1.657010,1.849685,MGC,1,1,0,0
3387,1.391075,1.302081,HWC,1,1,0,0
3388,1.129129,1.089462,HWC,1,1,0,0
3389,1.313160,1.317290,MGC,2,1,0,0
339,1.409917,1.311196,HWC,2,1,0,0
3390,1.399147,1.429987,MGC,2,1,0,0
3391,1.338899,1.113513,HWC,1,1,0,0
3392,1.363224,1.535149,MGC,1,1,0,0
3393,1.418846,1.472398,MGC,2,1,0,0
3394,1.187584,1.322008,MGC,1,2,0,0
3395,1.398749,1.252784,HWC,1,1,0,0
3396,1.253285,1.655920,MGC,1,1,0,0
3397,1.348407,1.541144,MGC,2,1,0,0
3398,1.380913,1.155553,HWC,1,1,0,0
3399,1.329864,1.824098,MGC,4,1,0,0
34,1.379103,1.552412,MGC,1,1,0,0
340,1.136582,1.129278,HWC,2,1,0,0
3400,1.253291,1.352788,MGC,1,1,0,0
3401,1.355172,1.213556,HWC,1,1,0,0
3402,1.295251,1.350197,MGC,1,1,0,0
3403,1.208096,1.695144,MGC,4,1,0,0
3404,1.403046,1.117828,HWC,1,1,0,0
3405,1.376687,2.039648,MGC,1,1,0,0
3406,1.340167,1.419062,MGC,3,2,0,0
3407,1.416398,1.782572,MGC,1,1,0,0
3408,1.367720,1.462438,MGC,1,1,0,0
3409,1.209158,1.231323,MGC,1,1,0,0
341,1.291049,1.379725,MGC,1,1,0,0
3410,1.305797,1.561478,MGC,5,2,0,0
3411,1.587938,1.728454,MGC,2,1,0,0
3412,1.184258,1.543273,MGC,1,1,0,0
3413,1.644911,1.474092,HWC,1,1,0,0
3414,1.118319,1.875375,MGC,9,1,0,0
3415,1.388680,1.145839,HWC,1,1,0,0
3416,1.181508,1.647995,MGC,1,1,0,0
3417,1.431866,1.599741,MGC,1,1,0,0
3419,1.195728,1.724873,MGC,1,1,0,0
3420,1.437865,1.480774,MGC,2,1,0,0
3421,1.786612,1.219960,HWC,1,1,0,0
3422,1.269254,1.364804,MGC,1,1,0,0
3423,1.412413,1.791416,MGC,1,1,0,0
3424,1.206383,1.486868,MGC,2,1,0,0
3425,1.478639,1.414846,HWC,1,1,0,0
3426,1.519434,2.060215,MGC,1,1,0,0
3427,1.308974,1.245726,HWC,1,1,0,0
3428,1.599803,2.221887,MGC,1,1,0,0
3429,1.052478,1.300011,MGC,5,2,0,0
343,1.321966,1.480054,MGC,2,1,0,0
3431,1.578233,1.272730,HWC,1,1,0,0
3432,1.325974,1.602811,MGC,1,1,0,0
3433,1.305100,1.327130,MGC,2,1,0,0
3434,1.204051,1.848564,MGC,4,2,0,0
3435,1.323868,1.535809,MGC,1,1,0,0
3436,1.586906,1.665011,MGC,1,1,0,0
3437,1.455753,1.922780,MGC,1,1,0,0
3438,1.465380,1.571137,MGC,1,1,0,0
344,1.322399,1.639457,MGC,6,1,0,0
3440,1.704268,1.797211,MGC,1,1,0,0
3441,1.396402,1.074690,HWC,1,1,0,0
3442,1.313775,1.808512,MGC,1,1,0,0
3443,1.182744,1.282935,MGC,5,1,0,0
3444,1.405601,1.261257,HWC,1,1,0,0
3445,1.713996,1.648826,HWC,1,1,0,0
3447,1.232791,1.172340,HWC,1,1,0,0
3448,1.651269,1.944524,MGC,1,1,0,0
3449,1.261595,1.251257,HWC,7,1,0,0
345,1.199572,1.651705,MGC,5,2,0,0
3451,1.210046,1.296283,MGC,1,1,0,0
3452,1.365617,1.379507,MGC,2,1,0,0
3453,1.237886,1.440766,MGC,1,1,0,0
3454,1.236640,1.060342,HWC,2,1,0,0
3455,1.244444,1.736857,MGC,2,1,0,0
3456,1.423188,1.502218,MGC,5,3,0,0
3457,1.202555,1.452979,MGC,1,2,0,0
3458,1.442512,1.616605,MGC,1,1,0,0
3459,1.339400,1.189436,HWC,1,1,0,0
346,1.478048,2.180386,MGC,3,1,0,0
3460,1.344411,2.054653,MGC,1,1,0,0
3461,1.378156,1.133964,HWC,1,1,0,0
3463,1.216685,1.586147,MGC,1,1,0,0
3464,1.484031,1.225117,HWC,3,1,0,0
3465,1.261837,1.458569,MGC,1,1,0,0
3466,1.419441,1.202491,HWC,2,1,0,0
3468,1.434392,1.673681,MGC,2,3,0,0
3469,1.179811,1.334505,MGC,1,1,0,0
347,1.234904,1.415526,MGC,2,1,0,0
3470,1.350141,1.553895,MGC,5,2,0,0
3471,1.432532,1.048760,HWC,1,1,0,0
3472,1.382231,1.455212,MGC,1,1,0,0
3474,1.356823,1.123792,HWC,5,1,0,0
3476,1.607075,1.601105,HWC,1,1,0,0
3479,2.008304,1.277396,HWC,1,1,0,0
348,1.269695,1.828974,MGC,1,1,0,0
3480,1.229321,1.590093,MGC,2,2,0,0
3483,1.132384,1.306333,MGC,2,1,0,0
3484,1.528683,1.445624,HWC,2,2,0,0
3485,1.446983,1.461043,MGC,1,1,0,0
3486,1.189954,1.377756,MGC,1,1,0,0
3487,1.425601,1.493785,MGC,1,1,0,0
3488,1.281562,1.304360,MGC,1,1,0,0
3489,1.325307,1.221294,HWC,1,1,0,0
349,1.564456,1.464089,HWC,1,1,0,0
3490,1.639215,1.550973,HWC,2,1,0,0
3492,1.231190,1.524261,MGC,1,1,0,0
3493,1.181202,1.321285,MGC,1,1,0,0
3494,1.301753,1.744557,MGC,1,1,0,0
3495,1.396943,1.512189,MGC,2,1,0,0
3496,1.288601,1.213161,HWC,2,1,0,0
3497,1.351379,1.686454,MGC,2,1,0,0
3499,1.583320,2.055219,MGC,2,1,0,0
35,1.305796,1.322804,MGC,2,1,0,0
350,1.304109,1.638657,MGC,1,1,0,0
3500,1.172676,1.402951,MGC,4,1,0,0
3501,1.486245,1.812196,MGC,2,1,0,0
3502,1.369288,1.625567,MGC,1,1,0,0
3503,1.523572,1.535713,MGC,2,1,0,0
3504,1.509682,1.537991,MGC,2,1,0,0
3506,1.505567,1.499086,HWC,1,1,0,0
3507,1.278433,1.610988,MGC,1,1,0,0
3508,1.295517,1.355029,MGC,1,1,0,0
3509,1.299116,1.388254,MGC,1,1,0,0
351,1.568383,1.437647,HWC,1,1,0,0
3510,1.478936,1.104636,HWC,1,1,0,0
3511,1.352884,1.555983,MGC,2,1,0,0
3513,1.462182,1.976981,MGC,3,1,0,0
3514,1.347613,1.298171,HWC,1,1,0,0
3515,1.924832,1.641022,HWC,2,1,0,0
3516,1.230867,1.434792,MGC,1,1,0,0
3517,1.387478,1.419277,MGC,1,1,0,0
3518,1.298491,1.607695,MGC,1,1,0,0
3519,2.032348,2.845592,MGC,1,1,0,0
352,1.610163,1.717567,MGC,1,1,0,0
3520,1.436163,1.051046,HWC,1,1,0,0
3521,1.388103,1.248031,HWC,1,1,0,0
3522,1.419612,1.555738,MGC,1,1,0,0
3523,1.101259,1.150667,MGC,1,1,0,0
3524,2.024179,1.130139,HWC,2,1,0,0
3525,1.439786,1.391117,HWC,1,1,0,0
3527,1.200856,1.365055,MGC,5,1,0,0
3528,1.686709,1.526509,HWC,2,2,0,0
3529,1.229272,1.831552,MGC,1,2,0,0
353,1.455411,1.892100,MGC,1,1,0,0
3530,1.356873,1.274641,HWC,1,1,0,0
3531,1.332712,1.467695,MGC,1,1,0,0
3532,1.407524,1.485693,MGC,2,1,0,0
3533,1.134102,1.374248,MGC,1,1,0,0
3534,1.279677,1.396056,MGC,1,1,0,0
3536,1.682398,1.913911,MGC,1,1,0,0
3537,1.203460,1.240608,MGC,1,1,0,0
3538,1.473414,1.036434,HWC,1,1,0,0
3539,1.221416,1.388781,MGC,1,1,0,0
354,1.446655,1.381727,HWC,1,1,0,0
3540,1.258562,1.962912,MGC,8,1,0,0
3541,1.254196,1.648456,MGC,6,2,0,0
3542,1.265820,1.516044,MGC,5,2,0,0
3543,1.193839,1.136172,HWC,1,1,0,0
3544,1.392714,1.892227,MGC,1,1,0,0
3545,1.548939,1.245767,HWC,1,1,0,0
3546,1.538863,1.059639,HWC,1,1,0,0
3547,1.364841,1.540725,MGC,1,1,0,0
3548,1.304163,1.366481,MGC,2,2,0,0
3549,1.336514,1.903924,MGC,1,1,0,0
355,1.226534,1.232209,MGC,2,1,0,0
3551,1.262263,1.137958,HWC,4,1,0,0
3552,1.507783,1.167246,HWC,1,1,0,0
3553,1.421546,1.850291,MGC,1,1,0,0
3554,1.295097,1.443003,MGC,4,1,0,0
3555,1.176479,1.114054,HWC,1,1,0,0
3556,1.329708,1.252286,HWC,1,1,0,0
3557,1.301281,1.649494,MGC,1,1,0,0
3559,1.193478,1.264048,MGC,1,1,0,0
356,1.103709,1.095285,HWC,1,1,0,0
3560,1.216574,1.520154,MGC,12,8,0,0
3561,1.304868,1.252754,HWC,2,1,0,0
3562,2.576921,3.069275,MGC,2,1,0,0
3563,1.281877,1.193149,HWC,2,1,0,0
3564,1.392525,1.371126,HWC,1,1,0,0
3565,1.292578,1.665004,MGC,2,1,0,0
3566,1.239294,1.279795,MGC,3,1,0,0
3567,1.470191,1.383060,HWC,1,1,0,0
3568,1.356519,1.850856,MGC,3,1,0,0
3569,1.366634,1.962417,MGC,2,1,0,0
357,1.321085,1.638569,MGC,1,1,0,0
3570,1.333510,1.717709,MGC,1,1,0,0
3571,1.217200,1.375892,MGC,1,1,0,0
3572,1.225905,1.399651,MGC,3,1,0,0
3573,1.267478,1.232093,HWC,4,1,0,0
3575,1.312529,1.652419,MGC,1,1,0,0
3576,1.165184,1.043264,HWC,1,1,0,0
3579,1.680579,1.685901,MGC,1,1,0,0
358,1.366298,1.690712,MGC,5,3,0,0
3581,1.123457,1.521461,MGC,1,1,0,0
3582,1.390371,1.485087,MGC,3,1,0,0
3583,1.362948,1.228093,HWC,1,1,0,0
3584,1.523005,1.194935,HWC,2,1,0,0
3585,1.344627,1.698720,MGC,2,1,0,0
3586,1.882521,1.973957,MGC,1,1,0,0
3587,1.251320,1.287903,MGC,3,1,0,0
3589,1.346840,1.977935,MGC,2,1,0,0
3590,1.244871,1.431434,MGC,1,1,0,0
3591,1.793629,1.434066,HWC,1,1,0,0
3592,1.679140,1.771698,MGC,1,1,0,0
3593,1.404088,1.238075,HWC,1,1,0,0
3595,1.251827,1.370843,MGC,1,1,0,0
3596,1.312477,1.521106,MGC,3,2,0,0
3597,1.191651,1.377406,MGC,8,1,0,0
3599,1.264704,1.541350,MGC,1,1,0,0
360,1.202129,1.713547,MGC,1,1,0,0
3600,1.479509,1.550476,MGC,2,1,0,0
3601,1.264408,1.753522,MGC,3,1,0,0
3602,1.377187,1.772241,MGC,3,2,0,0
3603,1.265038,1.808139,MGC,2,1,0,0
3604,1.293691,1.275871,HWC,1,1,0,0
3606,1.270381,1.302588,MGC,1,1,0,0
3607,1.226050,1.169887,HWC,5,1,0,0
3608,1.428666,1.730838,MGC,2,2,0,0
3609,1.528017,1.406767,HWC,1,1,0,0
361,1.383172,1.628778,MGC,1,1,0,0
3610,1.284019,1.514518,MGC,2,1,0,0
3611,1.468298,1.340701,HWC,2,1,0,0
3612,1.466271,2.419038,MGC,2,1,0,0
3613,1.271124,1.534506,MGC,1,1,0,0
3614,1.484407,2.065372,MGC,2,1,0,0
3615,1.058590,1.848774,MGC,1,1,0,0
3617,1.424830,1.217971,HWC,4,1,0,0
3619,1.248562,1.435836,MGC,12,6,0,0
362,1.347092,1.620661,MGC,2,1,0,0
3620,1.293652,1.471638,MGC,2,1,0,0
3621,1.327429,1.133947,HWC,1,1,0,0
3622,1.474897,1.603412,MGC,1,1,0,0
3623,1.176256,1.911796,MGC,1,1,0,0
3624,1.333895,1.452227,MGC,1,1,0,0
3625,1.720604,1.485609,HWC,1,1,0,0
3626,1.346922,1.448030,MGC,1,1,0,0
3627,1.295205,1.969029,MGC,3,1,0,0
3628,1.199257,1.591395,MGC,2,1,0,0
3629,1.218162,1.988716,MGC,1,1,0,0
363,1.230973,2.073273,MGC,1,2,0,0
3630,1.423170,1.615378,MGC,2,1,0,0
3631,1.190969,1.717987,MGC,2,2,0,0
3632,1.276112,2.192794,MGC,1,1,0,0
3633,1.317456,1.435559,MGC,1,1,0,0
3634,1.430242,1.666025,MGC,2,2,0,0
3635,1.570626,1.206908,HWC,1,1,0,0
3637,1.327004,1.688521,MGC,3,1,0,0
3638,1.374069,1.259246,HWC,1,1,0,0
3639,1.274143,1.602949,MGC,1,1,0,0
364,1.234175,1.128219,HWC,1,1,0,0
3640,1.429577,1.656949,MGC,3,3,0,0
3641,1.412810,2.442617,MGC,2,1,0,0
3642,1.350696,1.303047,HWC,1,1,0,0
3643,1.350192,1.348861,HWC,9,1,0,0
3645,1.298033,1.491326,MGC,1,1,0,0
3646,1.382993,1.752264,MGC,1,2,0,0
3647,1.381508,1.376754,HWC,1,1,0,0
3648,1.686081,1.297632,HWC,1,1,0,0
3649,1.435379,1.555840,MGC,2,1,0,0
365,1.483697,1.989283,MGC,1,1,0,0
3650,1.235709,1.524925,MGC,1,1,0,0
3651,1.393731,1.330435,HWC,1,1,0,0
3652,1.135729,1.561562,MGC,1,2,0,0
3653,1.507282,1.300446,HWC,3,1,0,0
3654,1.272568,1.830656,MGC,2,1,0,0
3655,1.269074,1.040000,HWC,2,1,0,0
3656,1.128292,1.244164,MGC,2,1,0,0
3657,1.225353,1.138211,HWC,2,1,0,0
3658,1.379843,1.116351,HWC,1,1,0,0
366,1.165245,1.296651,MGC,1,1,0,0
3660,1.154338,1.514519,MGC,2,1,0,0
3662,1.339488,1.819290,MGC,3,1,0,0
3663,1.285510,1.393955,MGC,6,1,0,0
3664,2.107629,1.328863,HWC,2,1,0,0
3665,1.470499,1.361031,HWC,1,1,0,0
3666,1.843161,1.753495,HWC,1,1,0,0
3667,1.427155,1.528561,MGC,1,1,0,0
3668,1.379024,1.809176,MGC,3,2,0,0
3669,1.350588,1.315941,HWC,2,1,0,0
367,1.368749,1.372317,MGC,1,1,0,0
3671,1.184684,1.551735,MGC,5,4,0,0
3672,1.252416,1.206141,HWC,1,1,0,0
3673,1.351301,1.218661,HWC,1,1,0,0
3675,1.394981,1.356343,HWC,1,1,0,0
3676,1.540181,1.468104,HWC,1,1,0,0
3677,1.219491,1.293505,MGC,4,1,0,0
3678,1.244538,2.036902,MGC,1,1,0,0
3679,1.083429,1.292736,MGC,3,1,0,0
368,1.271181,1.278408,MGC,2,1,0,0
3680,1.341520,1.477228,MGC,3,3,0,0
3681,1.488601,1.880412,MGC,1,1,0,0
3682,1.148349,1.088226,HWC,1,1,0,0
3683,1.265840,1.384120,MGC,1,1,0,0
3684,1.455946,1.457227,MGC,1,1,0,0
3685,1.438950,1.311171,HWC,3,1,0,0
3687,1.517018,1.529396,MGC,1,1,0,0
3688,1.459525,1.894477,MGC,1,1,0,0
3689,2.073249,1.411599,HWC,1,1,0,0
369,1.283083,1.136970,HWC,1,1,0,0
3690,1.083215,1.396702,MGC,1,1,0,0
3692,1.501349,1.944678,MGC,1,3,0,0
3693,1.411334,1.370827,HWC,3,1,0,0
3694,1.113469,1.353304,MGC,4,1,0,0
3695,1.288760,1.741295,MGC,5,1,0,0
3696,1.308510,1.399503,MGC,1,1,0,0
3697,1.239799,1.048767,HWC,1,1,0,0
3699,1.194033,1.948844,MGC,1,2,0,0
37,1.400604,1.873777,MGC,1,1,0,0
370,1.612573,1.191958,HWC,1,1,0,0
3700,1.710239,1.309250,HWC,1,1,0,0
3701,2.235377,2.250499,MGC,1,1,0,0
3702,1.124720,1.284487,MGC,1,1,0,0
3704,1.407915,1.858245,MGC,2,1,0,0
3705,1.321089,1.613403,MGC,1,1,0,0
3706,1.340744,1.336670,HWC,1,1,0,0
3707,1.383190,1.555350,MGC,1,1,0,0
3708,1.890956,1.799387,HWC,1,1,0,0
3709,1.088042,1.596009,MGC,1,1,0,0
3712,1.241403,1.513032,MGC,1,2,0,0
3713,1.248109,1.482722,MGC,4,1,0,0
3714,1.952988,1.539525,HWC,2,1,0,0
3715,1.602486,1.422735,HWC,1,1,0,0
3716,1.602038,1.582828,HWC,1,1,0,0
3717,1.275112,1.587865,MGC,3,2,0,0
3718,1.389432,1.837460,MGC,1,2,0,0
3719,1.222382,2.212935,MGC,1,1,0,0
372,1.419171,1.666739,MGC,3,1,0,0
3720,1.527591,2.089928,MGC,2,1,0,0
3721,1.257677,1.233766,HWC,4,1,0,0
3722,1.482312,1.596316,MGC,1,1,0,0
3723,1.289189,1.168128,HWC,1,1,0,0
3724,1.256565,1.421630,MGC,1,1,0,0
3725,1.547314,1.304065,HWC,1,1,0,0
3726,1.325143,1.290752,HWC,1,1,0,0
3728,1.458827,1.425729,HWC,1,1,0,0
373,1.329828,1.098484,HWC,1,1,0,0
3732,1.156592,1.538012,MGC,6,1,0,0
3733,1.579836,1.597533,MGC,5,1,0,0
3734,1.280400,1.505411,MGC,1,1,0,0
3736,1.072080,1.218263,MGC,1,1,0,0
3737,1.243184,1.307254,MGC,1,1,0,0
3738,1.225976,1.306791,MGC,1,1,0,0
3739,1.520427,1.882748,MGC,2,2,0,0
374,1.298495,1.280591,HWC,1,1,0,0
3740,1.279858,1.446625,MGC,1,1,0,0
3741,1.308885,1.472411,MGC,1,1,0,0
3742,1.359086,1.178155,HWC,1,1,0,0
3743,1.315642,1.424142,MGC,1,1,0,0
3744,1.234096,1.423147,MGC,1,1,0,0
3746,1.683324,2.199609,MGC,2,2,0,0
3747,1.494746,1.900461,MGC,2,2,0,0
3748,1.263535,1.380861,MGC,2,1,0,0
3749,1.448239,1.597927,MGC,1,1,0,0
375,1.322366,1.377194,MGC,5,1,0,0
3750,1.408998,1.558911,MGC,2,1,0,0
3751,1.841059,1.571391,HWC,1,1,0,0
3752,1.379499,1.420030,MGC,1,1,0,0
3753,1.406717,1.906541,MGC,4,3,0,0
3754,1.240775,1.530201,MGC,1,1,0,0
3755,1.251352,1.062597,HWC,3,1,0,0
3756,1.265930,1.425209,MGC,1,1,0,0
3757,1.312316,1.560595,MGC,1,3,0,0
3758,1.432551,1.175184,HWC,1,1,0,0
3759,1.473534,1.919958,MGC,2,1,0,0
376,1.353683,2.025145,MGC,1,3,0,0
3760,1.259890,1.096982,HWC,1,1,0,0
3761,1.407152,1.799100,MGC,1,1,0,0
3763,1.337802,1.632274,MGC,2,2,0,0
3765,1.356795,1.828722,MGC,3,1,0,0
3766,1.276866,1.281115,MGC,1,1,0,0
3768,1.406952,1.453453,MGC,1,1,0,0
3769,1.513447,1.410204,HWC,2,1,0,0
377,1.148085,1.492900,MGC,1,1,0,0
3770,1.313151,1.633038,MGC,2,1,0,0
3771,1.308095,1.494390,MGC,1,2,0,0
3772,1.612158,1.821355,MGC,1,1,0,0
3773,2.163993,1.144447,HWC,2,1,0,0
3774,1.269117,1.180812,HWC,1,1,0,0
3775,1.328720,1.441473,MGC,1,2,0,0
3776,1.557326,1.251918,HWC,2,1,0,0
3777,1.446544,1.432406,HWC,4,1,0,0
3779,1.167783,1.398731,MGC,1,2,0,0
378,1.237540,1.430769,MGC,1,1,0,0
3780,1.378058,1.484756,MGC,1,1,0,0
3782,1.365602,1.499687,MGC,2,1,0,0
3783,1.573567,1.111394,HWC,1,1,0,0
3784,1.379020,1.553854,MGC,1,1,0,0
3785,1.314049,1.976998,MGC,2,2,0,0
3786,1.272148,1.583273,MGC,7,1,0,0
3788,1.211197,1.177483,HWC,1,1,0,0
3790,1.248489,1.528919,MGC,4,1,0,0
3791,1.629490,1.142949,HWC,2,1,0,0
3792,1.232453,1.411108,MGC,1,1,0,0
3794,1.148505,1.744431,MGC,2,1,0,0
3795,2.145224,1.648097,HWC,1,1,0,0
3797,1.316856,1.443531,MGC,2,1,0,0
3798,1.179986,1.130666,HWC,2,1,0,0
38,1.583406,1.196668,HWC,1,1,0,0
380,1.543658,1.805731,MGC,1,1,0,0
3801,1.551095,1.761192,MGC,2,1,0,0
3802,1.306496,1.668304,MGC,1,2,0,0
3803,1.129100,1.476061,MGC,1,1,0,0
3805,1.369278,1.609858,MGC,2,2,0,0
3807,1.343288,1.518969,MGC,2,2,0,0
3808,1.417994,1.576919,MGC,5,3,0,0
3809,1.316035,1.732891,MGC,3,1,0,0
381,1.411559,1.781984,MGC,2,1,0,0
3810,1.388410,1.203266,HWC,13,1,0,0
3811,1.341359,1.475736,MGC,1,1,0,0
3812,1.386180,1.622419,MGC,1,2,0,0
3813,1.557576,1.332010,HWC,2,1,0,0
3814,1.882790,1.856375,HWC,1,1,0,0
3815,1.351334,1.543369,MGC,1,1,0,0
3816,1.311119,1.561864,MGC,4,1,0,0
3817,1.306243,1.259831,HWC,2,1,0,0
3818,1.315395,1.370451,MGC,1,1,0,0
3819,1.331504,1.691522,MGC,1,1,0,0
382,1.263076,1.224409,HWC,1,1,0,0
3821,1.296435,1.500966,MGC,2,2,0,0
3822,1.207511,1.633710,MGC,1,1,0,0
3823,1.746781,1.541539,HWC,1,1,0,0
3824,1.206501,1.326649,MGC,6,2,0,0
3825,1.154888,1.169930,MGC,1,1,0,0
3826,1.353957,1.210789,HWC,1,1,0,0
3827,1.368841,1.621083,MGC,1,1,0,0
3828,1.183738,1.252880,MGC,1,1,0,0
3829,1.426632,1.261310,HWC,1,1,0,0
383,1.816842,1.770473,HWC,1,1,0,0
3830,1.292704,1.190159,HWC,1,1,0,0
3831,1.714115,1.651514,HWC,2,1,0,0
3832,1.547938,1.568817,MGC,4,2,0,0
3833,1.218860,1.601462,MGC,2,2,0,0
3834,1.390427,1.334376,HWC,1,1,0,0
3835,1.343708,1.354283,MGC,5,1,0,0
3836,1.334023,1.066683,HWC,1,1,0,0
3837,1.279866,1.406699,MGC,1,1,0,0
3838,1.207132,1.012566,HWC,2,1,0,0
3839,1.265060,1.190725,HWC,1,1,0,0
384,1.400501,1.598496,MGC,2,1,0,0
3840,1.337617,1.104110,HWC,2,1,0,0
3841,1.266823,1.746217,MGC,1,1,0,0
3842,1.179804,1.068942,HWC,1,1,0,0
3843,1.403152,1.511632,MGC,1,1,0,0
3844,1.721547,1.589345,HWC,3,3,0,0
3846,1.815414,1.623228,HWC,1,1,0,0
3847,1.230489,2.201945,MGC,1,1,0,0
3848,1.288743,1.155900,HWC,4,1,0,0
3849,1.451022,1.445397,HWC,2,1,0,0
385,1.817541,1.940909,MGC,2,1,0,0
3850,1.513253,1.299528,HWC,1,1,0,0
3851,1.579615,1.526997,HWC,1,1,0,0
3852,1.305680,1.102941,HWC,1,1,0,0
3853,1.218804,1.437409,MGC,6,1,0,0
3854,1.169228,1.345918,MGC,1,1,0,0
3855,1.274026,1.445984,MGC,3,2,0,0
3856,1.341895,2.374795,MGC,2,1,0,0
3857,1.240873,1.437892,MGC,1,1,0,0
3859,1.441080,1.224582,HWC,1,1,0,0
386,1.351307,1.594941,MGC,1,1,0,0
3860,1.341822,1.828972,MGC,7,1,0,0
3861,1.418450,1.917449,MGC,1,1,0,0
3862,1.490606,1.237566,HWC,1,1,0,0
3863,1.250925,1.239598,HWC,3,1,0,0
3864,1.368410,1.406366,MGC,1,1,0,0
3865,1.273809,1.655924,MGC,1,1,0,0
3866,1.291797,1.228032,HWC,1,1,0,0
3867,1.298306,1.661498,MGC,3,1,0,0
3868,1.902195,1.323388,HWC,1,1,0,0
3869,1.246813,1.001163,HWC,1,1,0,0
387,1.300382,2.009000,MGC,1,1,0,0
3870,1.239522,1.540964,MGC,1,1,0,0
3871,1.222250,1.443302,MGC,3,1,0,0
3872,1.698393,2.388990,MGC,1,1,0,0
3873,1.347327,1.896705,MGC,1,1,0,0
3874,1.293620,1.079657,HWC,1,1,0,0
3875,1.300029,1.281281,HWC,5,2,0,0
3876,1.424674,1.452832,MGC,1,1,0,0
3877,1.325406,1.824175,MGC,1,1,0,0
3878,1.257741,1.262093,MGC,1,1,0,0
3879,1.299446,1.508340,MGC,2,1,0,0
388,1.490163,1.383252,HWC,1,1,0,0
3880,1.202155,1.312727,MGC,1,1,0,0
3881,1.542864,2.009925,MGC,1,1,0,0
3882,1.614065,1.737709,MGC,3,1,0,0
3883,1.296597,1.558616,MGC,1,1,0,0
3884,1.891579,1.274461,HWC,1,1,0,0
3886,1.249276,1.815480,MGC,1,2,0,0
3887,1.277170,1.454777,MGC,6,2,0,0
3888,1.365880,1.420622,MGC,1,1,0,0
3889,1.509403,1.589413,MGC,2,1,0,0
389,1.456076,1.775715,MGC,2,2,0,0
3890,1.294982,1.218969,HWC,1,1,0,0
3891,1.490957,1.780925,MGC,2,1,0,0
3892,1.567755,1.272318,HWC,1,1,0,0
3893,1.659065,1.107078,HWC,1,1,0,0
3894,1.351426,1.212124,HWC,2,1,0,0
3895,1.296711,1.285351,HWC,1,1,0,0
3896,1.216721,1.732133,MGC,1,1,0,0
3897,1.155192,1.957640,MGC,1,2,0,0
3898,1.306438,2.369711,MGC,1,2,0,0
39,1.338955,1.300828,HWC,1,1,0,0
390,1.472010,1.867567,MGC,1,2,0,0
3901,1.431434,1.376344,HWC,3,1,0,0
3902,1.365981,2.005102,MGC,1,1,0,0
3903,1.221022,1.353053,MGC,1,1,0,0
3904,1.508963,1.070710,HWC,1,1,0,0
3905,1.178468,1.317854,MGC,1,1,0,0
3906,1.356071,1.691022,MGC,5,3,0,0
3907,1.657918,1.334410,HWC,1,1,0,0
3908,1.416074,1.357844,HWC,3,1,0,0
3909,1.139790,1.324905,MGC,1,1,0,0
391,1.217080,1.622400,MGC,2,1,0,0
3910,1.352965,1.650818,MGC,1,1,0,0
3911,1.403528,1.160857,HWC,1,1,0,0
3912,1.555657,1.442531,HWC,1,1,0,0
3913,1.381951,1.203417,HWC,1,1,0,0
3914,1.144061,1.299350,MGC,1,1,0,0
3916,1.623118,1.583456,HWC,2,1,0,0
3918,1.349663,1.144859,HWC,1,1,0,0
3919,1.260959,1.542077,MGC,3,2,0,0
392,1.252211,1.007649,HWC,1,1,0,0
3920,1.172962,1.528481,MGC,1,1,0,0
3922,1.298673,1.553218,MGC,1,1,0,0
3924,1.360410,1.258997,HWC,1,1,0,0
3925,1.541608,1.385099,HWC,1,1,0,0
3926,1.681606,1.789595,MGC,2,1,0,0
3927,1.438947,1.617308,MGC,2,1,0,0
3928,1.734637,1.561182,HWC,1,1,0,0
3929,2.066950,1.648645,HWC,1,1,0,0
3930,1.198775,1.356192,MGC,1,1,0,0
3931,1.405505,1.163434,HWC,1,1,0,0
3932,1.220703,1.232270,MGC,1,1,0,0
3933,1.295014,1.349696,MGC,2,1,0,0
3934,1.367519,1.700998,MGC,1,1,0,0
3935,1.509119,2.115692,MGC,2,1,0,0
3936,1.686000,1.652297,HWC,1,1,0,0
3937,1.124759,1.091619,HWC,1,1,0,0
3938,1.272743,1.514921,MGC,1,2,0,0
3939,1.385994,1.760828,MGC,1,1,0,0
394,1.293375,1.399541,MGC,5,2,0,0
3940,1.441578,1.547184,MGC,1,1,0,0
3941,1.401927,1.672594,MGC,1,1,0,0
3942,1.356168,1.540312,MGC,3,1,0,0
3944,1.502748,1.685246,MGC,2,1,0,0
3946,1.813041,1.811441,HWC,1,1,0,0
3947,1.421923,1.387460,HWC,5,1,0,0
3949,1.607896,1.157432,HWC,1,1,0,0
395,1.406146,1.514641,MGC,4,1,0,0
3950,1.088566,1.045979,HWC,1,1,0,0
3951,1.240608,1.296504,MGC,1,1,0,0
3952,1.319357,1.379829,MGC,2,1,0,0
3953,1.274580,1.409399,MGC,1,1,0,0
3955,1.334448,1.381835,MGC,1,2,0,0
3958,1.420202,1.662418,MGC,1,2,0,0
3959,1.431990,1.489589,MGC,1,1,0,0
3960,1.367431,1.490518,MGC,4,1,0,0
3961,1.341610,1.025086,HWC,3,1,0,0
3962,1.632121,1.343866,HWC,1,1,0,0
3963,1.545808,1.537235,HWC,1,1,0,0
3964,1.294033,1.141189,HWC,1,1,0,0
3965,1.191870,1.089865,HWC,6,1,0,0
3966,1.241476,1.153629,HWC,2,1,0,0
3967,1.294300,1.307819,MGC,1,1,0,0
3968,1.609987,2.052110,MGC,1,1,0,0
3969,1.680980,1.754921,MGC,1,1,0,0
3970,1.186516,1.572180,MGC,1,1,0,0
3971,1.510914,1.282500,HWC,1,1,0,0
3972,1.328038,1.254435,HWC,2,1,0,0
3973,1.149577,1.256849,MGC,1,1,0,0
3975,1.386078,2.202318,MGC,1,1,0,0
3976,1.347449,1.839417,MGC,1,2,0,0
3977,1.281121,1.998181,MGC,1,2,0,0
3978,1.667336,2.210187,MGC,1,1,0,0
3979,1.235427,1.673873,MGC,2,1,0,0
3980,1.305610,1.541243,MGC,1,1,0,0
3981,1.382100,1.766533,MGC,1,1,0,0
3982,1.302039,1.478382,MGC,1,2,0,0
3983,1.254487,1.262968,MGC,1,1,0,0
3984,1.338349,1.196446,HWC,1,1,0,0
3985,1.339190,1.320601,HWC,1,1,0,0
3987,1.377514,1.584763,MGC,6,1,0,0
3988,1.619410,1.366834,HWC,1,1,0,0
3989,1.125161,1.414372,MGC,1,1,0,0
399,1.356734,1.792735,MGC,1,1,0,0
3990,1.392559,1.682651,MGC,1,1,0,0
3993,1.224038,1.481704,MGC,1,1,0,0
3994,1.187394,2.430574,MGC,1,1,0,0
3995,1.519090,1.512819,HWC,1,1,0,0
3996,1.170245,1.213899,MGC,1,1,0,0
3997,1.217734,1.784318,MGC,1,1,0,0
3998,1.237534,1.477324,MGC,1,1,0,0
3999,1.217491,1.067734,HWC,3,1,0,0
400,1.312542,1.350946,MGC,1,1,0,0
4000,1.554262,1.590549,MGC,1,1,0,0
4001,1.255683,1.345997,MGC,4,1,0,0
4002,1.461650,1.465810,MGC,1,1,0,0
4003,1.318991,1.408992,MGC,5,1,0,0
4004,1.313235,1.735593,MGC,1,1,0,0
4005,1.418342,1.260676,HWC,2,1,0,0
4006,1.538005,1.663033,MGC,1,1,0,0
4007,1.254124,1.987249,MGC,1,1,0,0
4008,1.571274,1.166174,HWC,1,1,0,0
4009,1.537238,1.167652,HWC,1,1,0,0
401,1.219038,1.414526,MGC,3,2,0,0
4010,1.572691,1.557588,HWC,1,1,0,0
4011,1.327193,2.009611,MGC,1,1,0,0
4012,1.415546,1.485815,MGC,3,1,0,0
4013,1.187280,1.295385,MGC,1,1,0,0
4014,1.312584,1.246265,HWC,4,1,0,0
4015,1.256799,1.108171,HWC,1,1,0,0
4016,1.236955,1.450478,MGC,1,1,0,0
4017,1.190263,1.126984,HWC,1,1,0,0
4018,1.417204,1.627419,MGC,4,1,0,0
4019,1.153229,1.779404,MGC,1,1,0,0
4020,1.211569,1.222523,MGC,2,1,0,0
4021,1.384639,1.328902,HWC,1,1,0,0
4022,1.402031,1.389551,HWC,2,1,0,0
4023,1.372212,1.814482,MGC,3,1,0,0
4025,1.138109,1.440194,MGC,1,1,0,0
4026,1.546370,1.396464,HWC,1,1,0,0
4027,1.599873,1.699857,MGC,1,1,0,0
4028,1.288007,1.507260,MGC,3,1,0,0
4029,1.510932,1.458939,HWC,4,1,0,0
4030,1.353280,1.344107,HWC,1,1,0,0
4032,1.348556,1.424206,MGC,1,2,0,0
4033,1.268281,1.341147,MGC,4,2,0,0
4034,1.425075,1.434241,MGC,1,1,0,0
4035,1.247739,1.441991,MGC,1,2,0,0
4036,1.356705,1.551734,MGC,9,2,0,0
4037,1.296930,1.388227,MGC,1,1,0,0
4038,1.687803,1.779934,MGC,3,2,0,0
4039,1.222869,1.186375,HWC,1,1,0,0
404,1.389494,1.700171,MGC,5,2,0,0
4040,1.469552,1.956913,MGC,1,1,0,0
4041,1.274261,1.304223,MGC,2,1,0,0
4042,1.580976,1.089903,HWC,1,1,0,0
4043,1.156135,1.486926,MGC,1,1,0,0
4044,1.276121,1.294166,MGC,1,1,0,0
4045,1.327550,1.220361,HWC,1,1,0,0
4046,1.328908,1.689225,MGC,1,1,0,0
4047,1.523675,1.512592,HWC,1,1,0,0
4048,1.199936,1.737101,MGC,3,1,0,0
4049,1.424244,1.214736,HWC,3,1,0,0
405,1.250451,1.358190,MGC,1,1,0,0
4050,1.335896,1.310467,HWC,2,1,0,0
4051,1.502544,1.761254,MGC,1,1,0,0
4052,1.296833,1.724958,MGC,3,1,0,0
4053,1.324142,1.558799,MGC,1,1,0,0
4054,1.312951,1.249759,HWC,3,1,0,0
4056,1.334082,1.217579,HWC,1,1,0,0
4057,1.268293,1.165309,HWC,1,1,0,0
4058,1.371962,1.618997,MGC,2,2,0,0
4059,1.217203,1.347104,MGC,2,2,0,0
406,1.432446,1.491010,MGC,2,1,0,0
4060,1.350159,1.347482,HWC,1,1,0,0
4061,1.317838,1.423750,MGC,5,2,0,0
4062,1.292890,1.392514,MGC,1,1,0,0
4063,1.376589,1.070740,HWC,1,1,0,0
4064,1.437569,1.654495,MGC,6,1,0,0
4065,1.332083,1.282366,HWC,1,1,0,0
4066,1.649490,1.581594,HWC,4,1,0,0
4067,1.175973,1.452130,MGC,5,1,0,0
4068,1.434269,1.561802,MGC,3,1,0,0
407,1.365196,1.791302,MGC,3,2,0,0
4070,1.318462,1.573678,MGC,1,1,0,0
4071,1.774214,1.948424,MGC,2,1,0,0
4072,1.257675,2.262543,MGC,1,1,0,0
4073,1.257581,1.311386,MGC,1,1,0,0
4074,1.636267,1.328064,HWC,1,1,0,0
4075,1.248216,1.328726,MGC,1,1,0,0
4076,1.094030,1.497245,MGC,1,1,0,0
4077,1.722217,1.765158,MGC,1,1,0,0
4078,1.227208,1.412698,MGC,5,1,0,0
4079,1.225621,2.168880,MGC,1,1,0,0
408,1.515645,1.542495,MGC,1,1,0,0
4080,1.349230,1.418506,MGC,6,2,0,0
4081,1.524409,1.577175,MGC,1,2,0,0
4082,1.267653,1.445667,MGC,2,1,0,0
4083,1.262572,1.580810,MGC,1,1,0,0
4084,1.292179,1.389040,MGC,2,1,0,0
4085,1.260834,1.339573,MGC,2,1,0,0
4086,1.590991,1.472345,HWC,1,1,0,0
4087,1.166924,1.543203,MGC,1,1,0,0
4088,1.586011,1.604200,MGC,1,1,0,0
409,1.854307,1.886290,MGC,1,1,0,0
4090,1.137596,1.205845,MGC,1,1,0,0
4091,1.738184,1.225693,HWC,1,1,0,0
4092,1.347258,1.493069,MGC,1,1,0,0
4094,1.420964,1.256801,HWC,6,1,0,0
4095,1.349920,1.506799,MGC,3,1,0,0
4096,1.263327,1.318081,MGC,1,1,0,0
4097,1.290763,1.686956,MGC,2,2,0,0
4098,1.274638,1.507917,MGC,1,1,0,0
4099,1.218583,1.320344,MGC,1,1,0,0
41,1.821709,1.538262,HWC,1,1,0,0
410,1.867101,1.667921,HWC,1,1,0,0
4100,1.444507,1.891636,MGC,1,1,0,0
4101,1.207230,1.109677,HWC,1,1,0,0
4102,1.274741,1.302972,MGC,2,1,0,0
4103,1.468061,1.290414,HWC,1,1,0,0
4104,1.555562,1.603883,MGC,1,2,0,0
4105,1.389826,1.815791,MGC,1,2,0,0
4106,1.424161,1.387461,HWC,1,1,0,0
4107,1.572247,1.656918,MGC,1,1,0,0
4108,1.408392,1.263991,HWC,1,1,0,0
4109,1.364950,1.792904,MGC,1,1,0,0
411,1.528694,1.805480,MGC,3,1,0,0
4110,1.254834,1.421060,MGC,1,1,0,0
4111,1.296045,1.527716,MGC,2,3,0,0
4112,1.554950,1.080475,HWC,1,1,0,0
4113,1.343695,1.344752,MGC,3,4,0,0
4114,1.733580,1.580955,HWC,2,1,0,0
4115,1.531785,1.689056,MGC,1,1,0,0
4116,1.217887,1.307968,MGC,1,1,0,0
4117,1.158742,1.386287,MGC,5,1,0,0
4119,1.067782,1.402366,MGC,3,1,0,0
412,1.371052,1.553949,MGC,1,1,0,0
4120,1.445351,1.104193,HWC,1,1,0,0
4121,1.410039,1.419207,MGC,1,1,0,0
4122,1.354394,1.321161,HWC,1,1,0,0
4123,1.265925,1.421666,MGC,1,1,0,0
4125,1.243388,1.265503,MGC,2,1,0,0
4126,1.298430,1.418956,MGC,1,1,0,0
4128,1.276236,1.658421,MGC,1,1,0,0
4129,1.539521,1.123989,HWC,1,1,0,0
413,1.390157,1.498226,MGC,1,1,0,0
4130,1.254234,1.171728,HWC,3,1,0,0
4131,1.228998,1.292970,MGC,2,1,0,0
4132,1.384893,1.851801,MGC,1,1,0,0
4133,1.390693,1.385173,HWC,1,1,0,0
4134,1.461719,1.387868,HWC,1,1,0,0
4135,1.257778,1.685109,MGC,1,1,0,0
4136,1.172213,1.405881,MGC,1,1,0,0
4138,1.276143,1.181545,HWC,1,1,0,0
4139,1.291942,1.357323,MGC,3,1,0,0
414,1.170700,1.418524,MGC,1,1,0,0
4141,1.093450,1.378403,MGC,1,1,0,0
4142,1.437505,1.224525,HWC,1,1,0,0
4143,1.393501,2.264206,MGC,1,1,0,0
4144,1.545610,1.247723,HWC,1,1,0,0
4145,1.321200,1.776669,MGC,2,3,0,0
4146,1.164607,1.420055,MGC,2,1,0,0
4147,1.300650,1.581569,MGC,1,1,0,0
4148,1.333873,1.726153,MGC,2,1,0,0
4149,1.437467,1.466577,MGC,1,1,0,0
415,1.585654,1.146437,HWC,1,1,0,0
4150,1.278749,1.155305,HWC,1,1,0,0
4152,1.400838,1.101533,HWC,1,1,0,0
4153,1.245929,1.141251,HWC,5,1,0,0
4154,1.306272,1.156056,HWC,1,1,0,0
4155,1.819111,1.988278,MGC,1,2,0,0
4156,2.060046,1.591925,HWC,2,1,0,0
4157,1.377212,1.705484,MGC,1,1,0,0
4158,1.395227,1.524507,MGC,3,2,0,0
4159,1.283647,1.227299,HWC,1,1,0,0
416,1.948724,2.408101,MGC,1,2,0,0
4160,1.480392,1.193674,HWC,1,1,0,0
4161,1.556099,1.399847,HWC,2,1,0,0
4162,1.594596,1.668338,MGC,1,1,0,0
4163,1.357240,1.379261,MGC,3,1,0,0
4164,1.308415,1.337146,MGC,2,1,0,0
4166,1.397672,1.234258,HWC,1,1,0,0
4167,1.381929,1.503683,MGC,2,1,0,0
4168,1.351096,1.960031,MGC,3,1,0,0
4169,1.464624,1.753685,MGC,2,1,0,0
417,1.393117,1.369363,HWC,1,1,0,0
4170,1.184524,1.616675,MGC,1,2,0,0
4171,1.284730,1.343210,MGC,2,1,0,0
4172,1.319540,1.094571,HWC,1,1,0,0
4173,1.333123,1.766205,MGC,1,2,0,0
4174,1.324684,1.082431,HWC,1,1,0,0
4175,1.143583,0.960194,HWC,1,1,0,0
4176,1.578611,1.998406,MGC,2,1,0,0
4177,1.376030,1.461529,MGC,2,1,0,0
4178,1.332923,1.393181,MGC,1,1,0,0
4179,1.163904,1.652226,MGC,1,1,0,0
418,1.693041,1.337326,HWC,2,1,0,0
4180,1.369343,1.581128,MGC,2,1,0,0
4181,1.478145,1.517698,MGC,1,1,0,0
4182,1.301975,1.349888,MGC,1,1,0,0
4183,1.193138,1.274044,MGC,1,1,0,0
4184,1.337542,1.562522,MGC,1,1,0,0
4185,1.644460,1.582198,HWC,2,2,0,0
4186,1.651615,1.734262,MGC,1,1,0,0
4187,2.104425,1.373156,HWC,1,1,0,0
4188,1.296405,1.508271,MGC,1,1,0,0
4189,1.554301,1.331420,HWC,1,1,0,0
4192,1.318856,1.618550,MGC,2,1,0,0
4193,1.740680,1.759479,MGC,1,1,0,0
4194,1.143042,1.625513,MGC,1,1,0,0
4195,1.253380,1.551790,MGC,1,1,0,0
4196,1.623292,1.083475,HWC,1,1,0,0
4198,1.102241,1.312072,MGC,1,1,0,0
4199,1.168160,1.360549,MGC,4,1,0,0
42,1.302492,1.688859,MGC,2,1,0,0
420,1.250323,1.514522,MGC,4,1,0,0
4200,1.270753,1.576678,MGC,1,1,0,0
4201,1.232116,1.405362,MGC,1,1,0,0
4202,1.303972,1.325260,MGC,2,1,0,0
4203,1.838679,2.006421,MGC,1,1,0,0
4204,1.273514,1.577780,MGC,1,1,0,0
4205,1.241284,1.241711,MGC,2,1,0,0
4206,1.206127,1.072834,HWC,1,1,0,0
4207,1.356132,1.291206,HWC,1,1,0,0
4208,1.292456,1.478988,MGC,1,1,0,0
4209,1.546421,1.499735,HWC,1,1,0,0
421,1.307765,1.491550,MGC,2,1,0,0
4210,1.225700,1.119454,HWC,6,1,0,0
4211,1.653630,1.115430,HWC,1,1,0,0
4212,1.379289,1.566798,MGC,2,1,0,0
4214,1.476491,1.513404,MGC,1,1,0,0
4215,1.260664,1.576539,MGC,2,1,0,0
4216,1.313613,1.884599,MGC,3,1,0,0
4217,1.026328,1.199707,MGC,1,1,0,0
4218,1.203932,1.386870,MGC,2,1,0,0
4219,1.534217,1.687060,MGC,1,2,0,0
4220,1.263817,1.417045,MGC,1,1,0,0
4221,1.278128,1.703365,MGC,2,1,0,0
4222,1.271974,1.103654,HWC,1,1,0,0
4223,1.546759,1.790298,MGC,3,1,0,0
4224,1.511582,1.276755,HWC,1,1,0,0
4225,1.658402,1.619590,HWC,4,1,0,0
4226,1.162971,1.097960,HWC,1,1,0,0
4227,1.876316,1.847523,HWC,2,2,0,0
4228,1.262936,1.501330,MGC,8,1,0,0
4229,1.183762,1.081034,HWC,1,1,0,0
423,1.419413,1.392817,HWC,4,1,0,0
4230,1.192462,1.642000,MGC,1,1,0,0
4231,1.349934,1.123930,HWC,1,1,0,0
4232,1.255714,1.331729,MGC,1,1,0,0
4233,1.424320,1.757195,MGC,1,1,0,0
4234,1.173640,1.093389,HWC,1,1,0,0
4236,1.270595,1.866346,MGC,1,2,0,0
4237,1.194876,1.277965,MGC,2,1,0,0
4238,1.229746,1.446520,MGC,1,1,0,0
4239,1.298076,1.781409,MGC,8,1,0,0
424,1.642626,1.865333,MGC,2,3,0,0
4240,1.447237,1.826147,MGC,1,2,0,0
4241,1.755862,1.757900,MGC,2,1,0,0
4242,1.157209,1.593249,MGC,1,2,0,0
4243,1.286519,1.231691,HWC,2,1,0,0
4244,1.223093,1.611021,MGC,1,2,0,0
4245,1.441634,1.684780,MGC,1,1,0,0
4246,1.652264,1.107406,HWC,1,1,0,0
4247,1.129427,1.271141,MGC,4,1,0,0
4248,1.311416,1.586728,MGC,1,1,0,0
4249,1.339547,1.569594,MGC,4,1,0,0
425,1.324359,1.406243,MGC,2,1,0,0
4250,1.334005,1.591055,MGC,1,1,0,0
4251,1.325254,1.640152,MGC,7,2,0,0
4252,1.353686,1.705165,MGC,2,1,0,0
4253,1.315778,1.297716,HWC,1,1,0,0
4255,1.344323,1.233856,HWC,1,1,0,0
4258,1.197894,1.123034,HWC,1,1,0,0
4259,1.523417,1.391565,HWC,1,1,0,0
4261,1.192122,1.546966,MGC,4,2,0,0
4262,1.830021,1.315105,HWC,1,1,0,0
4263,1.265049,1.452296,MGC,3,2,0,0
4265,1.366012,1.632016,MGC,3,1,0,0
4266,1.350309,1.101021,HWC,1,1,0,0
4267,1.280255,1.192373,HWC,1,1,0,0
4268,1.248506,1.499351,MGC,1,1,0,0
4269,1.383329,1.334752,HWC,3,1,0,0
4270,1.640867,1.983236,MGC,1,1,0,0
4271,1.641576,2.062634,MGC,1,1,0,0
4272,1.320534,1.041593,HWC,2,1,0,0
4274,1.746696,1.710533,HWC,2,3,0,0
4275,1.382388,2.404771,MGC,1,1,0,0
4276,1.449459,2.066426,MGC,1,1,0,0
4277,1.134819,1.161948,MGC,1,1,0,0
4278,1.377968,1.140174,HWC,3,1,0,0
4279,1.212676,1.786512,MGC,3,1,0,0
428,1.308638,1.237861,HWC,2,1,0,0
4280,1.418045,1.513325,MGC,3,2,0,0
4281,1.271006,1.519012,MGC,1,1,0,0
4282,1.346220,1.656757,MGC,4,1,0,0
4283,1.262780,1.381699,MGC,2,1,0,0
4284,1.484855,1.108905,HWC,2,1,0,0
4285,1.358629,1.930353,MGC,2,1,0,0
4286,1.296148,1.621398,MGC,3,1,0,0
4287,1.194840,1.286488,MGC,1,1,0,0
4288,1.177980,1.128378,HWC,1,1,0,0
4289,1.296536,1.696316,MGC,1,1,0,0
429,1.239884,1.571295,MGC,2,1,0,0
4290,1.396338,2.139689,MGC,1,1,0,0
4291,1.432389,1.647889,MGC,2,1,0,0
4292,1.352468,2.101562,MGC,2,2,0,0
4293,1.077689,1.091070,MGC,1,1,0,0
4294,1.337355,1.478135,MGC,1,1,0,0
4295,1.410656,1.810823,MGC,2,2,0,0
4296,1.255577,1.380524,MGC,4,1,0,0
4297,1.151569,1.172989,MGC,1,1,0,0
4298,1.302922,1.599529,MGC,2,1,0,0
4299,1.545041,1.399888,HWC,1,1,0,0
43,1.237079,1.373508,MGC,1,1,0,0
430,1.360152,1.955580,MGC,5,1,0,0
4300,1.398783,1.322232,HWC,1,1,0,0
4301,1.181193,1.407861,MGC,1,1,0,0
4302,1.303583,1.488250,MGC,3,3,0,0
4303,1.568822,2.036754,MGC,1,1,0,0
4304,1.295123,1.616518,MGC,3,1,0,0
4305,1.274963,1.545815,MGC,7,1,0,0
4306,1.462150,1.935584,MGC,1,1,0,0
4307,1.288635,1.274638,HWC,1,1,0,0
4308,1.276337,1.976589,MGC,1,1,0,0
4309,1.267168,1.597146,MGC,1,1,0,0
431,1.119601,1.406386,MGC,1,1,0,0
4310,1.187930,1.253349,MGC,6,2,0,0
4311,1.308382,1.268754,HWC,3,1,0,0
4312,1.550289,1.581522,MGC,2,1,0,0
4313,1.264104,1.551576,MGC,9,1,0,0
4314,1.428845,1.385856,HWC,2,2,0,0
4315,1.232893,1.298404,MGC,1,1,0,0
4316,1.529807,1.216746,HWC,1,1,0,0
4317,1.296028,1.658357,MGC,6,1,0,0
4320,1.469073,1.699180,MGC,2,1,0,0
4321,1.346214,1.125049,HWC,1,1,0,0
4322,1.279261,1.154253,HWC,1,1,0,0
4323,1.167078,2.017834,MGC,1,3,0,0
4324,1.375161,1.429999,MGC,2,1,0,0
4325,1.340049,1.404579,MGC,1,1,0,0
4327,1.193423,1.262485,MGC,1,1,0,0
4328,1.457421,1.757349,MGC,4,1,0,0
4329,1.511719,1.196502,HWC,1,1,0,0
433,1.216649,1.308656,MGC,1,1,0,0
4330,1.164616,1.420723,MGC,1,1,0,0
4331,1.383433,1.200862,HWC,1,1,0,0
4332,1.496042,1.377295,HWC,1,1,0,0
4333,1.406522,1.450753,MGC,1,1,0,0
4334,1.288962,1.861209,MGC,4,2,0,0
4335,1.609373,1.224316,HWC,1,1,0,0
4336,2.145487,1.695750,HWC,1,1,0,0
4337,1.415514,1.199546,HWC,1,1,0,0
4338,1.263337,1.225685,HWC,1,1,0,0
4339,1.347474,1.011285,HWC,3,1,0,0
434,1.450398,1.929163,MGC,1,1,0,0
4340,1.122458,1.943067,MGC,1,1,0,0
4341,1.563866,1.416172,HWC,1,1,0,0
4342,1.270329,1.506469,MGC,2,2,0,0
4343,1.516251,1.051180,HWC,1,1,0,0
4344,1.305637,1.663554,MGC,2,1,0,0
4345,1.175219,1.519192,MGC,4,1,0,0
4346,1.621374,1.538217,HWC,2,1,0,0
4347,1.252097,1.214195,HWC,1,1,0,0
4348,1.295316,1.167464,HWC,1,1,0,0
4349,1.219177,1.699577,MGC,1,2,0,0
435,1.407830,1.264456,HWC,1,1,0,0
4350,2.033129,1.877352,HWC,1,2,0,0
4351,1.441850,1.106368,HWC,1,1,0,0
4352,1.333544,1.739250,MGC,4,2,0,0
4353,1.361208,1.337661,HWC,1,1,0,0
4354,1.276283,1.182989,HWC,3,1,0,0
4355,1.358041,1.272807,HWC,3,1,0,0
4356,1.908774,2.043818,MGC,1,1,0,0
4357,1.543716,1.224100,HWC,2,1,0,0
4358,1.432150,1.719864,MGC,3,1,0,0
4359,1.303940,1.595283,MGC,1,1,0,0
436,1.430521,1.936280,MGC,1,1,0,0
4362,1.200505,1.326036,MGC,1,1,0,0
4363,1.279841,1.370621,MGC,2,2,0,0
4364,1.284195,1.543158,MGC,2,1,0,0
4365,1.170435,1.740516,MGC,5,1,0,0
4366,1.303525,1.188627,HWC,3,1,0,0
4367,1.241310,1.422769,MGC,2,1,0,0
4368,1.375496,1.540172,MGC,1,1,0,0
4369,1.357618,1.263709,HWC,2,1,0,0
437,1.323333,1.369774,MGC,3,2,0,0
4370,1.339135,2.074200,MGC,1,3,0,0
4371,1.202238,1.133056,HWC,1,1,0,0
4373,1.325035,1.099561,HWC,1,1,0,0
4374,1.318516,1.094208,HWC,1,1,0,0
4375,1.962064,1.923773,HWC,1,2,0,0
4376,1.150191,1.461735,MGC,1,1,0,0
4377,1.578096,1.501296,HWC,1,1,0,0
4378,1.628748,1.164227,HWC,1,1,0,0
4379,1.439063,1.491499,MGC,2,1,0,0
438,1.463684,1.223434,HWC,1,1,0,0
4380,1.306846,1.328850,MGC,6,2,0,0
4381,1.446639,1.761591,MGC,1,2,0,0
4382,1.314515,1.463299,MGC,1,1,0,0
4383,1.238937,1.952982,MGC,1,1,0,0
4384,1.213269,1.367448,MGC,2,1,0,0
4385,1.351605,1.164410,HWC,2,1,0,0
4387,1.336870,1.374418,MGC,1,1,0,0
4388,1.259211,1.327920,MGC,1,1,0,0
4389,1.168423,1.193372,MGC,1,1,0,0
439,1.342265,1.390031,MGC,4,1,0,0
4391,1.128448,1.151178,MGC,1,1,0,0
4392,1.637380,1.565119,HWC,1,1,0,0
4393,1.243833,1.428055,MGC,2,2,0,0
4394,1.221507,1.269938,MGC,1,1,0,0
4396,1.387530,1.070698,HWC,1,1,0,0
4397,1.434101,1.363154,HWC,2,1,0,0
4398,1.352842,1.481148,MGC,3,1,0,0
4399,1.194936,1.636981,MGC,1,1,0,0
44,1.452656,1.469300,MGC,1,1,0,0
440,1.431767,1.735869,MGC,1,1,0,0
4400,1.330068,1.147576,HWC,1,1,0,0
4401,1.196093,1.764821,MGC,1,1,0,0
4402,1.748295,1.334469,HWC,1,1,0,0
4403,1.288098,1.243013,HWC,1,1,0,0
4404,1.325907,1.513998,MGC,3,4,0,0
4405,1.238718,1.101428,HWC,1,1,0,0
4407,1.371181,2.056972,MGC,2,1,0,0
4408,1.341452,1.588087,MGC,2,1,0,0
4409,1.245739,1.086747,HWC,2,1,0,0
441,1.437947,1.479929,MGC,3,1,0,0
4410,1.430054,1.534925,MGC,3,1,0,0
4412,1.266194,1.417041,MGC,1,1,0,0
4413,1.186328,1.657359,MGC,1,1,0,0
4414,1.196539,1.231997,MGC,3,1,0,0
4415,1.204040,1.379191,MGC,3,1,0,0
4416,1.324588,1.454459,MGC,1,1,0,0
4417,1.519863,1.073964,HWC,1,1,0,0
4418,1.356184,1.357127,MGC,2,1,0,0
4419,1.227258,1.683993,MGC,1,1,0,0
442,1.174145,1.676111,MGC,1,1,0,0
4420,1.318485,1.228468,HWC,1,1,0,0
4421,1.178469,1.108729,HWC,1,1,0,0
4422,1.770648,1.703464,HWC,2,2,0,0
4423,1.407915,1.355401,HWC,1,1,0,0
4424,1.309095,1.453800,MGC,2,1,0,0
4425,1.386232,1.820420,MGC,2,1,0,0
4426,1.173001,1.055988,HWC,1,1,0,0
4427,1.325784,1.640457,MGC,1,1,0,0
4428,1.353199,1.074126,HWC,2,1,0,0
4429,1.387091,1.920102,MGC,4,1,0,0
443,1.285820,1.396310,MGC,2,1,0,0
4430,1.137604,1.038189,HWC,1,1,0,0
4431,1.304398,1.738534,MGC,1,1,0,0
4432,1.440499,1.170342,HWC,1,1,0,0
4433,1.196591,1.204935,MGC,9,1,0,0
4434,1.324457,1.079231,HWC,1,1,0,0
4435,1.171515,1.222742,MGC,1,1,0,0
4436,1.724006,1.228292,HWC,1,1,0,0
4437,1.185557,1.452598,MGC,2,2,0,0
4438,1.214365,1.218599,MGC,1,1,0,0
4439,1.217255,1.607953,MGC,2,2,0,0
444,1.315748,1.386873,MGC,2,1,0,0
4440,1.618791,1.207148,HWC,1,1,0,0
4441,1.494078,1.454664,HWC,2,1,0,0
4442,1.411088,1.901730,MGC,1,1,0,0
4443,1.325654,1.092169,HWC,1,1,0,0
4444,1.345479,1.477744,MGC,1,2,0,0
4445,1.495863,1.474717,HWC,2,1,0,0
4446,1.394820,1.515366,MGC,1,1,0,0
4448,1.235912,2.129101,MGC,5,1,0,0
4449,1.424084,1.281534,HWC,1,1,0,0
4450,1.184751,1.825601,MGC,1,1,0,0
4451,1.403054,1.452208,MGC,1,1,0,0
4452,1.226308,1.982014,MGC,1,4,0,0
4453,1.303897,1.449047,MGC,3,1,0,0
4454,1.201302,1.762885,MGC,1,1,0,0
4455,1.357363,1.774389,MGC,5,2,0,0
4456,1.348021,1.615091,MGC,2,1,0,0
4457,1.276827,1.791851,MGC,3,1,0,0
4458,1.350430,1.431183,MGC,1,1,0,0
446,1.402982,1.710071,MGC,3,2,0,0
4460,1.151562,1.149205,HWC,1,1,0,0
4461,1.517657,1.674877,MGC,1,1,0,0
4462,1.257287,1.772974,MGC,1,1,0,0
4463,1.146703,1.197418,MGC,1,1,0,0
4464,1.329791,1.326525,HWC,2,1,0,0
4465,1.486686,1.599560,MGC,1,1,0,0
4466,1.325420,1.428664,MGC,3,1,0,0
4467,1.098834,1.850298,MGC,1,2,0,0
4468,1.316097,1.432887,MGC,1,1,0,0
4469,1.223958,1.640241,MGC,3,1,0,0
447,1.480203,1.340421,HWC,2,1,0,0
4470,1.228308,1.448953,MGC,1,1,0,0
4471,1.219500,1.458671,MGC,4,1,0,0
4472,1.246183,1.095337,HWC,1,1,0,0
4473,1.790549,1.855214,MGC,1,1,0,0
4474,1.328685,1.418490,MGC,2,1,0,0
4475,1.290904,2.432095,MGC,1,1,0,0
4476,1.424712,2.008506,MGC,2,1,0,0
4477,1.297913,1.621215,MGC,1,2,0,0
4478,1.591151,1.865495,MGC,2,1,0,0
4479,1.877954,1.113127,HWC,1,1,0,0
448,1.324993,1.164895,HWC,1,1,0,0
4480,1.333091,1.536601,MGC,1,3,0,0
4482,1.568604,1.576734,MGC,1,1,0,0
4483,1.217661,1.411652,MGC,1,1,0,0
4484,1.370074,1.306697,HWC,1,1,0,0
4485,1.333607,1.107958,HWC,1,1,0,0
4486,1.333932,1.466416,MGC,5,1,0,0
4487,1.141209,1.459831,MGC,1,1,0,0
4488,1.273108,1.245681,HWC,3,1,0,0
4489,1.216998,1.614926,MGC,2,1,0,0
449,1.146862,1.174547,MGC,1,1,0,0
4490,1.261437,1.053317,HWC,2,1,0,0
4491,1.497556,1.246858,HWC,1,1,0,0
4492,1.386467,1.382126,HWC,1,1,0,0
4493,1.455469,1.268012,HWC,2,1,0,0
4494,1.390927,1.256854,HWC,1,1,0,0
4496,1.383383,1.315168,HWC,1,1,0,0
4497,1.575249,1.252824,HWC,1,1,0,0
4498,1.333665,1.948459,MGC,1,1,0,0
4499,1.221592,1.384854,MGC,6,1,0,0
45,1.441168,1.549259,MGC,1,1,0,0
450,1.354371,1.446945,MGC,1,1,0,0
4500,1.476256,1.715548,MGC,1,1,0,0
4501,1.426361,1.728779,MGC,2,1,0,0
4502,1.306011,1.321449,MGC,5,1,0,0
4504,1.705652,1.913984,MGC,1,1,0,0
4505,1.200285,1.203809,MGC,1,1,0,0
4506,1.463137,1.360722,HWC,1,1,0,0
4507,1.518779,1.306678,HWC,3,1,0,0
4508,1.391622,1.450556,MGC,1,1,0,0
4509,1.425846,1.333567,HWC,1,1,0,0
451,1.393983,1.200720,HWC,1,1,0,0
4512,1.467116,1.763882,MGC,1,1,0,0
4513,1.199200,1.309783,MGC,2,1,0,0
4514,1.270152,1.656079,MGC,4,2,0,0
4515,1.381274,1.406783,MGC,2,2,0,0
4516,1.505834,1.597724,MGC,1,2,0,0
4517,1.405700,1.119149,HWC,1,1,0,0
4518,1.114437,1.470086,MGC,1,1,0,0
4519,1.402121,1.617027,MGC,1,1,0,0
452,1.590925,1.743046,MGC,3,2,0,0
4521,1.532006,1.962650,MGC,1,3,0,0
4522,1.332016,1.436501,MGC,1,1,0,0
4523,1.377194,1.236550,HWC,1,1,0,0
4524,1.337722,1.186543,HWC,1,1,0,0
4525,1.366012,1.520318,MGC,1,1,0,0
4526,1.367700,1.951336,MGC,2,1,0,0
4527,1.291791,1.536382,MGC,2,1,0,0
4528,1.325003,1.264777,HWC,1,1,0,0
4529,1.439377,1.942275,MGC,2,1,0,0
453,1.000600,1.777251,MGC,6,1,0,0
4530,1.408806,1.714501,MGC,2,3,0,0
4531,1.402740,1.421105,MGC,2,1,0,0
4532,1.201996,1.053898,HWC,1,1,0,0
4533,1.355575,1.834636,MGC,4,2,0,0
4534,1.310211,1.787527,MGC,1,1,0,0
4535,1.580981,1.420968,HWC,1,1,0,0
4536,1.361744,2.213770,MGC,5,1,0,0
4537,1.887456,1.656083,HWC,2,1,0,0
4538,1.206703,1.127661,HWC,1,1,0,0
454,1.287573,1.523773,MGC,6,1,0,0
4540,1.421083,1.203219,HWC,3,1,0,0
4541,1.287674,1.394542,MGC,1,1,0,0
4542,1.310938,1.265407,HWC,7,1,0,0
4543,1.631786,1.152159,HWC,2,1,0,0
4544,1.937902,1.092141,HWC,2,1,0,0
4545,1.369747,1.272779,HWC,1,1,0,0
4546,1.550635,1.475785,HWC,1,1,0,0
4547,1.556860,1.377478,HWC,1,1,0,0
4548,1.841866,1.890446,MGC,1,1,0,0
455,1.097673,1.317302,MGC,1,1,0,0
4550,1.539136,2.229823,MGC,1,1,0,0
4551,1.195726,1.224254,MGC,1,1,0,0
4552,1.373770,1.395495,MGC,1,1,0,0
4553,1.426336,1.591547,MGC,2,1,0,0
4554,1.275441,1.539426,MGC,2,1,0,0
4555,1.092255,1.570641,MGC,1,2,0,0
4556,1.432856,1.325758,HWC,1,1,0,0
4557,1.114352,1.581946,MGC,1,1,0,0
4558,1.108143,1.329073,MGC,1,1,0,0
4559,1.335966,1.314758,HWC,1,1,0,0
4561,1.316206,1.449338,MGC,2,1,0,0
4562,1.309351,1.264493,HWC,5,1,0,0
4563,1.314250,1.286479,HWC,1,1,0,0
4564,1.513607,1.303761,HWC,1,1,0,0
4566,1.724792,1.268088,HWC,1,1,0,0
4567,1.329669,1.153715,HWC,2,1,0,0
4568,1.132670,1.382383,MGC,1,1,0,0
4569,1.375378,2.002782,MGC,2,1,0,0
457,1.288910,1.389980,MGC,1,1,0,0
4571,1.206974,1.013538,HWC,1,1,0,0
4572,1.393615,1.467935,MGC,1,1,0,0
4573,1.772855,1.567796,HWC,1,1,0,0
4574,1.256350,1.458639,MGC,2,1,0,0
4575,1.307602,1.613639,MGC,1,1,0,0
4576,1.393511,1.110456,HWC,1,1,0,0
4577,1.373776,1.485832,MGC,1,1,0,0
4578,1.218132,1.357867,MGC,1,1,0,0
4579,1.531497,1.807321,MGC,1,2,0,0
458,1.298357,1.454819,MGC,2,1,0,0
4580,1.289798,1.541392,MGC,1,1,0,0
4582,1.350751,1.789942,MGC,1,1,0,0
4583,1.275569,1.082521,HWC,2,1,0,0
4584,1.302119,1.484275,MGC,1,1,0,0
4585,1.243387,1.364757,MGC,1,1,0,0
4586,1.458103,1.399509,HWC,1,1,0,0
4587,1.326877,1.316426,HWC,4,1,0,0
4588,1.686018,1.562800,HWC,1,1,0,0
459,1.144989,1.411163,MGC,1,1,0,0
4590,1.252535,1.197429,HWC,1,1,0,0
4591,1.312007,1.108686,HWC,1,1,0,0
4592,1.498652,1.644551,MGC,2,1,0,0
4593,1.228053,1.434721,MGC,1,1,0,0
4594,1.335212,1.730371,MGC,4,2,0,0
4595,1.343139,1.531149,MGC,1,1,0,0
4596,1.669484,1.183520,HWC,1,1,0,0
4597,1.660974,1.782583,MGC,1,1,0,0
4598,1.322301,1.133986,HWC,1,1,0,0
4599,1.221948,1.575538,MGC,1,1,0,0
46,1.578805,1.834384,MGC,1,3,0,0
460,1.710860,1.182939,HWC,2,1,0,0
4601,1.257803,1.384570,MGC,2,1,0,0
4602,1.355273,1.093895,HWC,1,1,0,0
4603,1.377224,1.597066,MGC,2,1,0,0
4604,1.348162,1.566072,MGC,1,1,0,0
4605,1.479078,1.189287,HWC,1,1,0,0
4606,1.321000,1.028564,HWC,1,1,0,0
4607,1.314739,1.781162,MGC,1,1,0,0
4608,1.572281,2.174788,MGC,1,1,0,0
461,1.311373,1.520670,MGC,1,1,0,0
4610,1.378342,1.270618,HWC,5,1,0,0
4611,1.254604,1.366511,MGC,2,1,0,0
4612,1.237365,1.576046,MGC,3,1,0,0
4613,1.151920,1.081864,HWC,1,1,0,0
4614,1.272746,1.516593,MGC,1,1,0,0
4615,1.374554,1.613716,MGC,1,2,0,0
4616,1.756826,1.702246,HWC,1,1,0,0
4617,1.325048,1.230021,HWC,2,1,0,0
4618,1.258676,1.267488,MGC,1,1,0,0
462,1.257508,1.876623,MGC,2,1,0,0
4620,1.270132,1.714733,MGC,2,1,0,0
4621,1.234164,1.179262,HWC,1,1,0,0
4622,1.350654,1.460909,MGC,1,1,0,0
4623,1.553038,1.634097,MGC,1,1,0,0
4624,1.218896,1.252864,MGC,2,2,0,0
4625,1.308202,1.359611,MGC,1,1,0,0
4626,1.346897,1.189923,HWC,1,1,0,0
4627,1.256214,1.450552,MGC,5,2,0,0
4628,1.192892,1.230961,MGC,1,1,0,0
4629,1.393033,1.527428,MGC,1,1,0,0
4630,1.433744,1.152614,HWC,1,1,0,0
4631,1.277747,1.515921,MGC,4,2,0,0
4632,1.327730,1.365055,MGC,7,1,0,0
4633,1.456977,2.160712,MGC,1,1,0,0
4634,1.315151,1.772742,MGC,1,1,0,0
4635,1.376315,1.332119,HWC,1,1,0,0
4636,1.830825,1.133842,HWC,3,1,0,0
4637,1.513053,1.547743,MGC,2,1,0,0
4638,1.177748,1.510983,MGC,1,1,0,0
4639,1.305318,1.345194,MGC,2,1,0,0
4640,1.084904,1.382692,MGC,1,1,0,0
4641,1.511057,1.734004,MGC,1,1,0,0
4642,1.228202,2.110854,MGC,5,1,0,0
4643,1.187496,1.665730,MGC,2,2,0,0
4644,1.243201,1.563719,MGC,1,3,0,0
4645,1.215200,1.292196,MGC,1,1,0,0
4647,1.228678,1.245861,MGC,1,1,0,0
4648,1.298868,2.123506,MGC,1,1,0,0
4649,1.402011,1.655813,MGC,2,1,0,0
4650,1.379367,1.481566,MGC,2,1,0,0
4651,1.377948,1.692721,MGC,1,3,0,0
4652,1.273938,1.765335,MGC,3,1,0,0
4653,1.234985,1.573651,MGC,2,1,0,0
4655,1.461342,1.868667,MGC,1,1,0,0
4656,1.110176,1.089383,HWC,1,1,0,0
4657,1.275980,1.619394,MGC,3,3,0,0
4658,1.318489,1.556375,MGC,3,2,0,0
4659,1.534202,1.389380,HWC,1,1,0,0
466,1.177265,1.638782,MGC,1,1,0,0
4660,1.161116,1.491321,MGC,1,1,0,0
4661,1.280073,1.573771,MGC,1,1,0,0
4662,1.562939,1.762277,MGC,1,1,0,0
4663,1.419098,1.510639,MGC,1,1,0,0
4664,1.453250,1.366324,HWC,2,1,0,0
4665,1.171801,1.101633,HWC,1,1,0,0
4666,1.549067,1.428589,HWC,1,1,0,0
4668,1.600089,1.868300,MGC,1,1,0,0
4669,1.293521,1.706140,MGC,1,1,0,0
467,1.306290,1.763116,MGC,1,2,0,0
4670,1.533943,1.362586,HWC,1,1,0,0
4671,1.412793,1.401797,HWC,1,1,0,0
4672,1.324186,1.641574,MGC,2,2,0,0
4673,1.542266,1.754695,MGC,2,1,0,0
4675,1.449905,1.652389,MGC,1,2,0,0
4676,1.275856,1.322709,MGC,5,1,0,0
4677,1.255426,2.080687,MGC,2,2,0,0
4678,1.595852,1.481471,HWC,1,1,0,0
4679,1.381213,1.551683,MGC,1,1,0,0
468,1.375882,1.773544,MGC,1,1,0,0
4680,1.385126,1.850740,MGC,1,1,0,0
4681,1.127646,1.332879,MGC,1,1,0,0
4682,1.145270,1.447021,MGC,1,1,0,0
4683,1.258257,1.810729,MGC,1,1,0,0
4684,1.298454,1.218182,HWC,1,1,0,0
4685,1.491054,1.990560,MGC,1,1,0,0
4686,1.253464,1.562418,MGC,4,1,0,0
4687,1.412853,1.105851,HWC,2,1,0,0
4688,1.389288,1.458704,MGC,1,1,0,0
4689,1.167984,1.032621,HWC,1,1,0,0
469,1.341777,1.461488,MGC,1,1,0,0
4690,1.434691,1.844648,MGC,2,1,0,0
4691,1.385209,1.111923,HWC,2,1,0,0
4692,1.670415,1.713467,MGC,1,1,0,0
4693,1.320971,1.493811,MGC,1,1,0,0
4694,1.365154,1.884842,MGC,1,1,0,0
4695,1.224398,1.517971,MGC,6,1,0,0
4696,1.339201,1.369091,MGC,3,1,0,0
4697,1.299776,1.657197,MGC,1,2,0,0
4699,1.369629,1.544987,MGC,1,1,0,0
47,1.434410,1.507535,MGC,1,1,0,0
470,1.334457,1.484425,MGC,4,2,0,0
4700,1.266201,1.975916,MGC,5,2,0,0
4701,1.613334,1.687130,MGC,1,1,0,0
4702,2.120761,1.824527,HWC,1,1,0,0
4703,1.282527,1.667650,MGC,1,1,0,0
4704,1.252792,1.248886,HWC,4,1,0,0
4705,1.195597,1.452340,MGC,1,1,0,0
4706,1.808416,1.883018,MGC,1,1,0,0
4708,1.489073,1.285226,HWC,1,1,0,0
4711,1.226797,1.208428,HWC,1,1,0,0
4712,1.385216,1.362457,HWC,6,1,0,0
4713,1.305644,1.423493,MGC,2,2,0,0
4714,1.221158,1.198085,HWC,1,1,0,0
4715,1.256343,1.425632,MGC,2,2,0,0
4716,1.311746,1.737748,MGC,1,1,0,0
4717,1.227693,1.495874,MGC,1,1,0,0
4718,1.243866,1.574381,MGC,1,2,0,0
4719,1.365942,1.839665,MGC,2,1,0,0
472,1.339107,1.461249,MGC,1,1,0,0
4721,1.455762,1.510623,MGC,1,1,0,0
4722,1.290036,1.360644,MGC,1,1,0,0
4723,1.361113,1.963020,MGC,5,1,0,0
4725,1.427174,1.595854,MGC,1,1,0,0
4726,1.380388,1.126810,HWC,1,1,0,0
4727,1.327895,1.943039,MGC,1,1,0,0
4728,1.489295,2.115197,MGC,1,1,0,0
4729,1.415244,1.284323,HWC,1,1,0,0
473,1.635726,1.498990,HWC,1,1,0,0
4730,1.281011,1.982635,MGC,3,1,0,0
4731,1.214416,1.095861,HWC,1,1,0,0
4732,1.329243,1.745556,MGC,2,1,0,0
4733,1.265280,1.296794,MGC,1,1,0,0
4734,1.384509,2.102782,MGC,1,1,0,0
4735,1.312769,1.532216,MGC,1,1,0,0
4736,1.148070,1.605253,MGC,1,1,0,0
4737,1.157947,1.172494,MGC,1,1,0,0
4738,1.394415,3.028714,MGC,2,1,0,0
4739,1.237034,1.237206,MGC,1,1,0,0
474,1.317002,1.665343,MGC,2,1,0,0
4740,1.627855,1.975393,MGC,1,1,0,0
4741,1.353796,1.407260,MGC,4,1,0,0
4742,1.304483,1.581403,MGC,4,4,0,0
4743,1.468849,1.596439,MGC,1,1,0,0
4744,1.446296,1.558281,MGC,1,1,0,0
4745,1.287512,1.439451,MGC,1,1,0,0
4746,1.186840,1.512625,MGC,1,1,0,0
4747,1.153819,1.010436,HWC,1,1,0,0
4748,1.244005,1.312133,MGC,1,1,0,0
4749,1.334971,1.139702,HWC,3,1,0,0
475,1.156173,2.107353,MGC,1,1,0,0
4750,1.404889,1.457584,MGC,1,1,0,0
4751,1.240555,1.872545,MGC,1,1,0,0
4752,2.038939,1.299793,HWC,1,1,0,0
4753,1.389446,1.484266,MGC,7,4,0,0
4754,1.283241,1.343105,MGC,4,2,0,0
4755,1.173284,1.828884,MGC,2,2,0,0
4756,1.270891,1.284132,MGC,1,1,0,0
4757,1.314847,1.323309,MGC,6,3,0,0
4758,1.112034,1.142020,MGC,1,1,0,0
4759,1.399383,1.661278,MGC,1,1,0,0
476,1.362712,1.699418,MGC,1,1,0,0
4761,1.237713,1.037918,HWC,1,1,0,0
4762,1.503273,1.903984,MGC,1,1,0,0
4763,1.358028,1.606008,MGC,3,1,0,0
4764,1.536005,1.518294,HWC,1,1,0,0
4765,1.310941,1.573636,MGC,1,1,0,0
4766,1.275309,1.642364,MGC,2,2,0,0
4767,1.202853,1.426774,MGC,7,1,0,0
4768,1.595390,1.440529,HWC,1,1,0,0
4769,1.115880,1.537527,MGC,1,1,0,0
477,1.438169,1.314912,HWC,2,1,0,0
4770,1.183858,1.327173,MGC,1,1,0,0
4771,1.742816,1.892476,MGC,1,1,0,0
4772,1.272884,1.590286,MGC,2,1,0,0
4773,1.452610,1.853529,MGC,2,1,0,0
4774,1.290431,1.646898,MGC,6,1,0,0
4775,1.430603,1.373007,HWC,2,1,0,0
4776,1.174957,1.485114,MGC,3,1,0,0
4777,1.198704,1.480202,MGC,6,1,0,0
4778,1.547487,1.585243,MGC,2,1,0,0
4779,1.279923,1.669261,MGC,1,1,0,0
478,1.282185,1.195583,HWC,1,1,0,0
4781,1.157748,1.235799,MGC,1,1,0,0
4782,1.262187,1.719651,MGC,1,1,0,0
4783,1.335271,1.307635,HWC,2,1,0,0
4784,1.434398,1.624937,MGC,4,2,0,0
4785,1.953308,2.101329,MGC,1,1,0,0
4786,1.283505,1.556199,MGC,1,1,0,0
4787,1.255910,1.361823,MGC,2,1,0,0
4788,1.408796,1.593555,MGC,1,1,0,0
4789,1.148966,1.510178,MGC,2,1,0,0
479,1.512098,1.391159,HWC,2,1,0,0
4790,1.355723,1.226994,HWC,3,1,0,0
4791,1.174892,1.500015,MGC,7,1,0,0
4792,1.285892,1.464920,MGC,1,1,0,0
4793,1.323346,1.402827,MGC,6,1,0,0
4794,1.570842,1.235509,HWC,1,1,0,0
4795,1.220113,1.531987,MGC,4,1,0,0
4796,1.270467,1.370058,MGC,1,1,0,0
4797,2.174354,1.920180,HWC,2,1,0,0
4798,1.184063,1.053711,HWC,1,1,0,0
4799,1.278349,1.142520,HWC,1,1,0,0
48,1.282323,1.125616,HWC,1,1,0,0
480,1.195013,1.188683,HWC,1,1,0,0
4800,1.397068,1.388287,HWC,1,1,0,0
4801,1.098026,1.408048,MGC,1,1,0,0
4802,1.367692,1.437234,MGC,2,1,0,0
4803,1.189107,1.293099,MGC,2,1,0,0
4804,1.284243,1.284686,MGC,2,1,0,0
4805,1.325044,1.424079,MGC,4,1,0,0
4806,1.200143,1.426534,MGC,1,1,0,0
4807,1.681808,1.410899,HWC,2,1,0,0
4808,1.281698,1.644154,MGC,4,1,0,0
4809,1.288742,1.338975,MGC,1,1,0,0
481,1.711105,2.166210,MGC,1,1,0,0
4810,1.246972,1.267850,MGC,1,1,0,0
4811,1.307073,1.651855,MGC,1,1,0,0
4812,1.364785,1.227649,HWC,1,1,0,0
4813,1.423765,1.351207,HWC,2,1,0,0
4814,1.512903,1.404257,HWC,1,1,0,0
4815,1.338534,1.344372,MGC,5,1,0,0
4816,1.273809,1.528854,MGC,1,1,0,0
4817,1.327348,1.678894,MGC,2,1,0,0
4818,1.576462,1.343023,HWC,1,1,0,0
4819,1.184904,1.094806,HWC,2,1,0,0
482,1.283073,1.042628,HWC,2,1,0,0
4820,1.421788,1.174428,HWC,1,1,0,0
4821,1.509489,1.774158,MGC,2,1,0,0
4822,1.654063,1.584401,HWC,1,1,0,0
4823,1.422481,1.862108,MGC,2,1,0,0
4824,1.385113,1.320937,HWC,1,1,0,0
4826,1.206292,1.368629,MGC,2,1,0,0
4827,1.539505,1.560010,MGC,1,1,0,0
4828,1.600111,1.851053,MGC,2,1,0,0
4829,1.349389,1.349193,HWC,1,1,0,0
483,1.202571,1.390853,MGC,2,1,0,0
4830,1.190550,1.428534,MGC,5,1,0,0
4831,1.508172,1.245069,HWC,1,1,0,0
4832,1.591178,1.488354,HWC,1,1,0,0
4833,1.541590,1.627741,MGC,2,1,0,0
4835,1.978100,1.526099,HWC,1,1,0,0
4836,1.626239,1.358447,HWC,2,1,0,0
4837,1.434649,1.535720,MGC,1,1,0,0
4838,1.423967,1.335845,HWC,1,1,0,0
4839,1.527561,1.727637,MGC,1,1,0,0
484,1.319182,1.418693,MGC,1,1,0,0
4840,1.243640,1.486741,MGC,1,1,0,0
4841,1.490024,1.088761,HWC,1,1,0,0
4843,1.237900,1.090218,HWC,1,1,0,0
4844,1.316438,1.250907,HWC,2,1,0,0
4845,1.257606,1.687697,MGC,5,1,0,0
4846,1.117493,1.131528,MGC,1,1,0,0
4847,1.164197,1.440069,MGC,1,1,0,0
4849,1.171124,1.201156,MGC,1,1,0,0
485,1.702965,1.742286,MGC,1,2,0,0
4850,1.288155,1.485172,MGC,2,1,0,0
4851,1.149699,1.146076,HWC,1,1,0,0
4852,1.335992,1.157088,HWC,1,1,0,0
4853,1.397938,1.428807,MGC,1,1,0,0
4854,1.351396,1.398978,MGC,3,1,0,0
4855,1.294929,1.380286,MGC,1,1,0,0
4856,1.380997,1.178154,HWC,1,1,0,0
4857,1.328044,1.753144,MGC,1,1,0,0
4858,1.286897,1.191174,HWC,5,1,0,0
4859,1.264970,1.414721,MGC,1,1,0,0
486,1.391866,1.497670,MGC,2,1,0,0
4860,1.415870,1.413607,HWC,1,1,0,0
4861,1.319806,1.516199,MGC,2,1,0,0
4862,1.105768,1.215282,MGC,1,1,0,0
4863,1.199917,1.150477,HWC,1,1,0,0
4865,1.500997,1.242102,HWC,2,1,0,0
4866,1.258473,1.331010,MGC,8,2,0,0
4867,1.309816,1.518469,MGC,1,1,0,0
4868,1.216715,1.395901,MGC,1,1,0,0
4869,1.312095,1.694596,MGC,3,1,0,0
487,1.305728,1.529677,MGC,2,4,0,0
4870,1.431855,1.510889,MGC,2,1,0,0
4872,1.183837,1.545643,MGC,1,1,0,0
4873,1.286939,1.384637,MGC,1,1,0,0
4874,1.424057,1.541426,MGC,2,1,0,0
4875,1.197759,1.226926,MGC,1,1,0,0
4876,1.409215,1.581231,MGC,4,2,0,0
4877,1.436521,1.310089,HWC,2,1,0,0
4878,1.232429,1.058424,HWC,1,1,0,0
4879,1.470993,1.438591,HWC,1,3,0,0
488,1.573971,1.485585,HWC,2,1,0,0
4880,1.526526,1.748774,MGC,1,1,0,0
4881,1.161644,1.087818,HWC,1,1,0,0
4882,1.434088,1.542363,MGC,1,1,0,0
4883,1.393713,1.414001,MGC,1,1,0,0
4884,1.284093,1.068593,HWC,1,1,0,0
4885,1.366942,1.224494,HWC,2,1,0,0
4886,1.232193,1.571288,MGC,3,1,0,0
4887,1.202313,1.484283,MGC,1,1,0,0
4888,1.369749,1.845870,MGC,4,1,0,0
4889,1.307852,1.328348,MGC,3,1,0,0
489,1.340344,1.476785,MGC,1,1,0,0
4890,1.262182,1.759403,MGC,4,1,0,0
4891,1.286126,1.089327,HWC,3,1,0,0
4892,1.380406,1.423132,MGC,1,1,0,0
4893,1.224602,2.548763,MGC,1,1,0,0
4894,1.465286,1.136995,HWC,2,1,0,0
4895,1.196315,1.257670,MGC,1,1,0,0
4896,1.412214,1.329905,HWC,1,1,0,0
4897,1.341285,1.584324,MGC,7,2,0,0
4898,1.510545,1.257198,HWC,2,1,0,0
4899,1.476608,1.812321,MGC,1,1,0,0
49,1.435004,1.809714,MGC,2,2,0,0
490,1.416300,1.769977,MGC,3,1,0,0
4900,1.435173,1.487360,MGC,2,2,0,0
4901,1.207596,1.345216,MGC,1,1,0,0
4902,2.467390,1.916016,HWC,1,1,0,0
4903,1.547338,1.431637,HWC,1,1,0,0
4904,1.080556,1.728582,MGC,1,1,0,0
4905,1.397756,2.541764,MGC,1,1,0,0
4906,1.419125,1.518362,MGC,3,1,0,0
4907,1.552672,1.742420,MGC,1,2,0,0
4908,1.405179,1.410293,MGC,1,1,0,0
4909,1.212387,1.161972,HWC,1,1,0,0
491,1.180641,1.092784,HWC,1,1,0,0
4910,1.277719,1.262632,HWC,2,1,0,0
4911,1.149023,1.271423,MGC,1,1,0,0
4912,1.382560,1.375078,HWC,1,1,0,0
4914,1.201191,1.131535,HWC,1,1,0,0
4915,1.420451,1.205717,HWC,1,1,0,0
4916,1.509391,1.839653,MGC,3,1,0,0
4918,1.303839,1.336114,MGC,2,1,0,0
4919,1.609072,2.116921,MGC,1,1,0,0
492,1.226609,1.688579,MGC,1,1,0,0
4920,1.085784,1.153531,MGC,1,1,0,0
4921,1.586175,1.829310,MGC,1,1,0,0
4922,1.271709,1.524279,MGC,2,1,0,0
4926,1.215823,1.155770,HWC,1,1,0,0
4927,1.219344,1.741530,MGC,2,2,0,0
4928,1.386305,1.069226,HWC,2,1,0,0
4930,1.171901,1.429041,MGC,1,1,0,0
4931,1.198172,1.298380,MGC,1,1,0,0
4932,1.284421,1.866138,MGC,1,1,0,0
4933,1.302019,1.271862,HWC,2,1,0,0
4934,1.205944,1.234095,MGC,1,1,0,0
4935,1.203755,2.006167,MGC,1,1,0,0
4936,1.265814,1.303463,MGC,3,1,0,0
4937,1.315263,1.384792,MGC,1,1,0,0
4939,1.269543,1.483126,MGC,1,1,0,0
4940,1.412007,1.806354,MGC,1,2,0,0
4941,1.277706,1.240199,HWC,1,1,0,0
4942,1.437254,1.925946,MGC,2,1,0,0
4943,1.451274,1.737817,MGC,1,2,0,0
4944,1.335991,1.704918,MGC,1,1,0,0
4945,1.253324,1.925236,MGC,1,2,0,0
4946,1.109879,1.101628,HWC,1,1,0,0
4947,1.463197,1.505878,MGC,1,1,0,0
4948,1.695627,1.121034,HWC,1,1,0,0
495,1.346255,1.523878,MGC,2,1,0,0
4950,1.355531,1.863521,MGC,2,1,0,0
4951,1.279316,1.423098,MGC,1,1,0,0
4952,1.435395,1.248694,HWC,1,1,0,0
4953,1.080040,1.353474,MGC,1,1,0,0
4954,1.365169,1.891211,MGC,2,1,0,0
4955,1.461675,1.079967,HWC,1,1,0,0
4956,1.428763,1.251490,HWC,3,1,0,0
4957,1.485125,1.486944,MGC,2,1,0,0
4958,1.292071,1.337986,MGC,2,1,0,0
496,1.381398,1.871198,MGC,1,2,0,0
4960,1.478828,1.678186,MGC,2,1,0,0
4961,1.465473,1.551966,MGC,2,2,0,0
4962,1.302374,1.219594,HWC,1,1,0,0
4963,1.250123,1.190792,HWC,3,1,0,0
4964,1.193497,1.388831,MGC,1,1,0,0
4965,1.334151,1.334802,MGC,2,1,0,0
4966,1.413081,2.452867,MGC,5,3,0,0
4967,1.161240,1.479267,MGC,1,1,0,0
4968,1.595943,1.274632,HWC,1,1,0,0
4969,1.496237,1.159753,HWC,1,1,0,0
497,1.373436,1.281480,HWC,1,1,0,0
4970,1.334559,1.681095,MGC,1,1,0,0
4971,1.327341,1.264029,HWC,1,1,0,0
4972,1.525170,1.616694,MGC,1,2,0,0
4973,1.395469,1.382624,HWC,1,1,0,0
4974,1.260016,1.147513,HWC,1,1,0,0
4976,1.425726,1.753456,MGC,1,1,0,0
4977,1.192654,1.424265,MGC,1,1,0,0
4978,1.033221,1.380773,MGC,3,1,0,0
4979,1.335211,1.424963,MGC,1,1,0,0
498,1.356038,1.348563,HWC,4,2,0,0
4980,1.394685,1.462364,MGC,1,2,0,0
4982,1.324509,1.576049,MGC,4,2,0,0
4983,1.458355,1.448302,HWC,2,1,0,0
4984,1.389475,2.136934,MGC,3,1,0,0
4985,1.228701,1.073099,HWC,2,1,0,0
4986,1.143166,1.274490,MGC,1,1,0,0
4987,1.356083,1.715688,MGC,1,1,0,0
4988,1.477744,1.357623,HWC,1,1,0,0
4989,1.201081,1.274259,MGC,1,1,0,0
499,1.580941,1.575083,HWC,1,1,0,0
4990,1.378935,1.192737,HWC,1,1,0,0
4991,1.152165,1.190251,MGC,1,1,0,0
4992,1.097831,1.249622,MGC,1,1,0,0
4993,1.307416,1.358594,MGC,1,1,0,0
4994,1.323791,1.454529,MGC,3,1,0,0
4995,1.628629,1.887368,MGC,1,1,0,0
4997,1.551435,1.758243,MGC,2,1,0,0
4998,1.293088,1.515904,MGC,4,2,0,0
4999,1.496031,1.380085,HWC,2,1,0,0
5,1.376141,1.439490,MGC,2,1,0,0
50,1.241218,1.244730,MGC,1,1,0,0
500,2.140875,2.754573,MGC,3,1,0,0
5000,1.319838,1.956284,MGC,1,2,0,0
501,1.408993,1.097648,HWC,1,1,0,0
503,1.297879,1.130183,HWC,1,1,0,0
504,1.365215,1.469620,MGC,2,2,0,0
505,1.296924,1.756042,MGC,1,1,0,0
506,1.326395,1.167109,HWC,1,1,0,0
507,1.255259,1.153196,HWC,1,1,0,0
509,1.251420,1.603755,MGC,9,1,0,0
51,1.344602,1.438739,MGC,1,1,0,0
511,1.420133,1.240388,HWC,1,1,0,0
512,1.239211,1.541133,MGC,4,1,0,0
513,1.246936,1.162002,HWC,1,1,0,0
514,2.153890,1.247109,HWC,2,1,0,0
516,1.314805,1.541455,MGC,1,1,0,0
517,1.502632,1.462252,HWC,1,1,0,0
518,1.368067,1.476556,MGC,1,1,0,0
519,1.462883,1.095382,HWC,1,1,0,0
52,1.272807,1.473463,MGC,2,1,0,0
520,1.488284,1.511585,MGC,1,1,0,0
522,1.406589,1.820045,MGC,3,1,0,0
523,1.669517,1.577098,HWC,2,1,0,0
524,1.263949,1.513985,MGC,1,1,0,0
525,1.189503,2.603935,MGC,1,1,0,0
526,1.295643,1.251405,HWC,1,1,0,0
527,1.367622,1.413168,MGC,2,1,0,0
528,1.402103,1.404569,MGC,1,1,0,0
53,1.470305,1.512470,MGC,2,1,0,0
530,1.068686,1.554306,MGC,1,1,0,0
531,1.542919,1.424638,HWC,1,1,0,0
532,1.433670,1.407279,HWC,1,1,0,0
533,1.195440,1.221284,MGC,1,1,0,0
534,1.216285,1.501756,MGC,2,1,0,0
535,1.497125,1.938433,MGC,3,1,0,0
536,1.220816,1.760706,MGC,1,1,0,0
537,1.419440,1.107546,HWC,1,1,0,0
538,1.253482,1.270430,MGC,1,1,0,0
539,1.460259,2.172146,MGC,2,1,0,0
54,1.376764,1.128582,HWC,1,1,0,0
540,1.342590,1.518106,MGC,1,1,0,0
542,1.679216,1.924881,MGC,1,1,0,0
544,1.152804,1.450123,MGC,1,4,0,0
545,1.265495,1.097601,HWC,1,1,0,0
548,1.281796,1.349422,MGC,1,1,0,0
55,1.265298,1.703623,MGC,1,1,0,0
550,1.793153,2.237862,MGC,1,1,0,0
551,1.410621,1.634208,MGC,2,1,0,0
554,1.235725,1.210748,HWC,1,1,0,0
555,1.177215,1.066907,HWC,6,1,0,0
556,1.088318,1.379429,MGC,3,1,0,0
557,1.469095,1.710842,MGC,1,1,0,0
558,1.257590,1.214607,HWC,1,1,0,0
559,1.242327,1.417584,MGC,1,1,0,0
56,1.270225,1.432588,MGC,1,1,0,0
560,1.349938,1.665397,MGC,1,1,0,0
561,1.336004,1.426035,MGC,1,1,0,0
562,1.477906,1.777272,MGC,1,1,0,0
563,1.212923,1.582074,MGC,1,1,0,0
564,1.372275,1.334258,HWC,3,1,0,0
565,2.122979,2.996440,MGC,2,1,0,0
566,1.308549,1.876754,MGC,1,1,0,0
568,1.435398,1.564937,MGC,1,1,0,0
569,1.463584,1.140248,HWC,1,1,0,0
57,1.323482,2.223642,MGC,1,3,0,0
570,1.502424,1.483901,HWC,1,1,0,0
571,1.305852,1.208727,HWC,1,1,0,0
572,1.201193,1.053623,HWC,2,1,0,0
573,1.383993,1.428244,MGC,3,1,0,0
574,1.272918,1.676733,MGC,7,1,0,0
576,1.111955,1.317795,MGC,1,1,0,0
578,1.527014,1.577146,MGC,1,1,0,0
579,1.407096,1.731599,MGC,1,1,0,0
58,1.509838,1.813772,MGC,3,1,0,0
580,1.351594,1.821094,MGC,1,1,0,0
581,1.226264,1.228189,MGC,2,1,0,0
582,1.655290,1.406699,HWC,1,1,0,0
583,1.533218,1.149680,HWC,1,1,0,0
586,1.664837,1.955710,MGC,2,1,0,0
587,1.502473,1.454907,HWC,1,1,0,0
588,1.286841,1.703316,MGC,3,1,0,0
589,1.623773,1.774819,MGC,1,1,0,0
59,1.342903,1.922655,MGC,2,2,0,0
590,1.238816,1.398392,MGC,2,2,0,0
591,1.274837,1.526513,MGC,1,1,0,0
592,1.547238,1.341560,HWC,2,1,0,0
593,1.787435,2.595216,MGC,1,1,0,0
594,1.486520,1.575067,MGC,1,1,0,0
595,1.373428,1.901422,MGC,2,1,0,0
596,1.425979,2.108363,MGC,2,1,0,0
597,1.043302,1.180872,MGC,1,1,0,0
598,1.141946,1.704984,MGC,2,1,0,0
599,1.314817,1.169260,HWC,1,1,0,0
6,1.691637,1.766381,MGC,2,1,0,0
60,1.346267,1.958015,MGC,1,2,0,0
600,1.426584,1.676595,MGC,1,1,0,0
601,1.307364,1.622794,MGC,1,1,0,0
602,1.148061,1.161354,MGC,1,1,0,0
603,1.292537,1.544251,MGC,5,1,0,0
604,1.305026,1.454155,MGC,1,1,0,0
605,1.211274,1.017167,HWC,1,1,0,0
606,1.128112,1.583087,MGC,1,1,0,0
607,1.212089,1.442748,MGC,4,1,0,0
608,1.516594,1.251429,HWC,1,1,0,0
609,1.332314,1.486206,MGC,2,2,0,0
61,1.191498,1.371624,MGC,2,2,0,0
611,1.496758,1.642494,MGC,2,1,0,0
612,1.232818,1.045663,HWC,1,1,0,0
613,1.247771,1.655508,MGC,1,1,0,0
614,1.242946,1.427493,MGC,2,1,0,0
616,1.337835,1.466454,MGC,2,1,0,0
617,1.372600,1.896331,MGC,2,1,0,0
618,1.371939,1.606569,MGC,2,1,0,0
619,1.371014,1.418481,MGC,6,1,0,0
62,1.344297,1.555322,MGC,1,2,0,0
620,1.805174,1.429945,HWC,1,1,0,0
621,1.436749,1.335429,HWC,1,1,0,0
622,1.496061,1.637997,MGC,1,1,0,0
623,1.317484,1.575962,MGC,1,1,0,0
624,1.755154,1.905699,MGC,2,1,0,0
625,1.446253,1.264490,HWC,1,1,0,0
626,1.397869,1.509681,MGC,1,1,0,0
627,1.214676,1.543607,MGC,2,2,0,0
628,1.124363,1.034842,HWC,5,1,0,0
629,1.360726,1.439865,MGC,3,1,0,0
63,1.310418,1.283412,HWC,1,1,0,0
630,1.468766,1.113432,HWC,1,1,0,0
631,1.182542,1.690372,MGC,1,1,0,0
632,1.253833,1.321496,MGC,2,1,0,0
634,1.272090,1.552660,MGC,3,1,0,0
636,1.547606,1.473135,HWC,1,1,0,0
637,1.187787,1.454539,MGC,2,1,0,0
638,1.209572,1.671255,MGC,3,1,0,0
639,1.844224,1.735977,HWC,1,1,0,0
64,1.270126,1.803256,MGC,1,1,0,0
640,1.626619,1.902859,MGC,2,1,0,0
641,1.369098,1.791880,MGC,1,2,0,0
642,1.359315,1.564923,MGC,10,1,0,0
643,1.486729,1.431753,HWC,2,1,0,0
644,1.607463,1.185801,HWC,1,1,0,0
645,1.351112,1.184140,HWC,2,1,0,0
646,1.181860,1.696749,MGC,1,3,0,0
647,1.750667,1.699442,HWC,2,2,0,0
648,1.434019,1.472373,MGC,2,1,0,0
649,1.657873,1.307968,HWC,6,1,0,0
65,1.499202,1.395522,HWC,1,1,0,0
650,1.356959,1.211442,HWC,1,1,0,0
651,1.748094,1.599126,HWC,1,1,0,0
652,1.246093,1.442473,MGC,1,2,0,0
653,1.273766,1.437599,MGC,1,1,0,0
654,1.635062,1.652149,MGC,1,1,0,0
655,1.149062,1.516933,MGC,1,2,0,0
656,1.415426,1.543045,MGC,2,1,0,0
657,1.233531,1.261102,MGC,1,1,0,0
658,1.226906,1.514504,MGC,5,1,0,0
659,1.411071,1.035616,HWC,1,1,0,0
66,1.294747,1.322106,MGC,1,1,0,0
660,1.367265,1.933939,MGC,2,1,0,0
661,1.298870,1.044235,HWC,1,1,0,0
662,1.503085,1.561015,MGC,2,1,0,0
663,1.743988,2.120832,MGC,1,1,0,0
664,1.189112,1.864253,MGC,1,1,0,0
665,1.481715,1.412433,HWC,1,1,0,0
666,1.379584,2.114332,MGC,2,1,0,0
667,1.218610,2.739104,MGC,1,1,0,0
668,1.044580,1.036416,HWC,1,1,0,0
67,1.165359,1.710942,MGC,1,1,0,0
670,1.270883,1.208520,HWC,3,1,0,0
671,1.491012,1.212106,HWC,2,1,0,0
672,1.457532,1.509244,MGC,1,1,0,0
674,1.369065,1.364105,HWC,1,1,0,0
675,1.796104,1.809190,MGC,1,1,0,0
676,1.532604,1.487502,HWC,2,1,0,0
677,1.215098,1.184725,HWC,2,1,0,0
678,1.360887,1.319927,HWC,2,1,0,0
679,1.672942,1.511987,HWC,1,1,0,0
68,1.361715,1.522647,MGC,1,1,0,0
680,1.147920,1.376717,MGC,1,1,0,0
681,1.415390,1.702974,MGC,3,2,0,0
682,1.389314,1.786775,MGC,1,1,0,0
683,1.343171,1.758625,MGC,1,2,0,0
684,1.415419,1.413985,HWC,1,1,0,0
685,1.629775,1.068641,HWC,1,1,0,0
686,1.274256,1.545154,MGC,1,1,0,0
687,1.448862,2.785535,MGC,2,1,0,0
688,1.641931,2.004166,MGC,2,1,0,0
689,1.533496,1.341018,HWC,2,1,0,0
69,1.369165,1.387630,MGC,2,1,0,0
690,1.509394,1.521176,MGC,1,1,0,0
691,1.067484,1.357790,MGC,1,1,0,0
692,1.090124,2.318697,MGC,1,3,0,0
693,1.298046,1.095331,HWC,1,1,0,0
694,1.310747,1.586383,MGC,2,2,0,0
696,1.403134,1.687175,MGC,2,3,0,0
697,1.260688,1.081130,HWC,2,1,0,0
698,1.436693,1.312670,HWC,1,1,0,0
699,1.242919,1.563785,MGC,1,1,0,0
7,1.371870,1.711767,MGC,2,1,0,0
700,1.543386,1.481606,HWC,1,1,0,0
702,1.273149,1.650455,MGC,1,1,0,0
703,1.253472,1.405499,MGC,2,1,0,0
704,1.439945,1.317689,HWC,2,1,0,0
705,1.344551,1.909397,MGC,1,1,0,0
707,1.240731,1.220490,HWC,1,1,0,0
708,1.310917,1.472082,MGC,3,3,0,0
709,1.218243,1.268328,MGC,1,1,0,0
71,2.005581,1.683679,HWC,1,1,0,0
710,1.626640,1.878211,MGC,2,1,0,0
711,1.223754,1.468330,MGC,1,1,0,0
712,1.476043,1.172106,HWC,4,1,0,0
713,1.659761,1.719021,MGC,1,1,0,0
714,1.358640,1.045912,HWC,2,1,0,0
715,1.222432,1.923329,MGC,2,1,0,0
716,1.331576,1.353647,MGC,1,1,0,0
717,1.133311,1.340580,MGC,1,1,0,0
718,1.512346,1.789022,MGC,1,1,0,0
72,1.343467,1.111687,HWC,1,1,0,0
721,1.411080,1.574686,MGC,5,2,0,0
722,1.348392,1.339603,HWC,2,1,0,0
723,1.295035,1.081377,HWC,1,1,0,0
724,1.257146,1.352575,MGC,2,1,0,0
725,1.557388,1.847098,MGC,1,1,0,0
726,1.638166,1.399224,HWC,3,2,0,0
728,1.337439,1.204276,HWC,1,1,0,0
73,1.332223,1.514539,MGC,1,1,0,0
730,1.443123,1.464063,MGC,1,1,0,0
731,1.345028,1.756834,MGC,6,1,0,0
732,1.442158,1.550620,MGC,1,1,0,0
733,1.511843,1.372126,HWC,1,1,0,0
734,1.269883,1.202471,HWC,1,1,0,0
735,1.372378,1.087808,HWC,1,1,0,0
736,1.349463,1.504240,MGC,1,1,0,0
738,1.111903,1.318017,MGC,4,1,0,0
74,1.285688,1.898169,MGC,1,1,0,0
740,1.358189,1.346260,HWC,1,1,0,0
741,1.225040,1.459531,MGC,1,1,0,0
742,1.184380,1.175455,HWC,1,1,0,0
743,1.252199,1.491456,MGC,1,1,0,0
744,1.283906,1.343633,MGC,7,1,0,0
745,1.292423,2.110602,MGC,1,1,0,0
746,1.401484,2.207904,MGC,3,1,0,0
747,1.125206,1.287109,MGC,1,1,0,0
748,1.179516,1.408678,MGC,1,1,0,0
749,1.306858,1.400565,MGC,2,1,0,0
75,1.304265,2.228431,MGC,1,1,0,0
750,1.586500,1.411963,HWC,5,1,0,0
751,1.482615,1.162736,HWC,1,1,0,0
752,1.305252,1.307264,MGC,1,1,0,0
753,1.311167,1.424158,MGC,1,1,0,0
754,1.231256,1.671335,MGC,1,1,0,0
755,1.437809,1.626468,MGC,7,2,0,0
756,1.543752,1.509868,HWC,1,1,0,0
757,1.205858,1.450416,MGC,1,1,0,0
758,1.429681,1.452231,MGC,7,1,0,0
759,1.130523,1.210047,MGC,1,1,0,0
76,1.167113,1.531946,MGC,1,1,0,0
760,1.491302,1.791836,MGC,2,1,0,0
761,1.245306,1.575485,MGC,1,1,0,0
762,1.587525,1.431105,HWC,1,1,0,0
763,1.033826,1.671640,MGC,1,1,0,0
764,1.288026,1.504191,MGC,1,3,0,0
765,1.251411,1.474992,MGC,1,1,0,0
766,1.511581,1.156322,HWC,1,1,0,0
767,1.360703,1.496651,MGC,1,1,0,0
768,1.148365,1.776362,MGC,1,3,0,0
769,1.401025,1.385892,HWC,1,1,0,0
77,1.170231,1.662030,MGC,1,1,0,0
770,1.303234,1.597660,MGC,1,1,0,0
771,1.264826,1.628820,MGC,1,1,0,0
772,1.464994,1.175811,HWC,1,1,0,0
773,1.213563,1.640517,MGC,1,3,0,0
774,1.336289,1.402370,MGC,4,1,0,0
775,1.229598,1.452695,MGC,3,1,0,0
776,1.227469,1.284083,MGC,1,1,0,0
777,1.175090,1.453916,MGC,1,2,0,0
778,1.367296,1.790614,MGC,2,1,0,0
779,1.561737,1.331288,HWC,1,1,0,0
78,1.141530,1.492596,MGC,1,1,0,0
780,1.205806,1.601261,MGC,1,1,0,0
781,1.184125,1.307057,MGC,5,1,0,0
782,1.143320,1.916185,MGC,1,1,0,0
783,1.181775,1.100768,HWC,1,1,0,0
784,1.163481,1.373283,MGC,1,1,0,0
785,1.613157,1.613221,MGC,1,1,0,0
787,1.267074,1.286874,MGC,1,1,0,0
788,1.382413,1.183394,HWC,2,1,0,0
789,1.297162,1.803454,MGC,1,2,0,0
790,1.434809,1.443744,MGC,1,1,0,0
791,1.395747,1.463510,MGC,2,1,0,0
792,1.329692,1.202517,HWC,1,1,0,0
793,1.415365,1.587591,MGC,1,1,0,0
794,1.239241,1.189141,HWC,1,1,0,0
795,1.327536,1.649801,MGC,1,1,0,0
796,1.401546,1.618443,MGC,2,1,0,0
797,1.240486,1.254104,MGC,4,1,0,0
798,1.330871,1.478499,MGC,1,2,0,0
799,1.136628,1.040463,HWC,1,1,0,0
8,1.429911,1.445725,MGC,3,1,0,0
80,1.372542,1.847256,MGC,3,1,0,0
800,1.406707,1.607253,MGC,2,1,0,0
802,1.373287,1.318806,HWC,2,1,0,0
803,1.394883,1.216645,HWC,1,1,0,0
804,1.264037,1.207866,HWC,1,1,0,0
805,1.407618,1.596310,MGC,4,1,0,0
807,1.380301,1.164302,HWC,2,1,0,0
809,1.117056,1.023123,HWC,1,1,0,0
81,1.367050,1.304300,HWC,1,1,0,0
810,1.552859,1.685912,MGC,2,2,0,0
811,1.471406,1.568288,MGC,4,3,0,0
812,1.310549,1.420315,MGC,3,1,0,0
813,1.204471,1.135556,HWC,1,1,0,0
814,1.417886,1.767287,MGC,1,1,0,0
815,1.429063,1.423216,HWC,1,1,0,0
816,1.217408,1.047754,HWC,1,1,0,0
817,1.260579,1.171349,HWC,1,1,0,0
819,1.494191,1.347436,HWC,2,1,0,0
82,1.424009,1.704283,MGC,2,1,0,0
820,1.364550,1.402751,MGC,2,1,0,0
821,1.276480,1.316048,MGC,2,1,0,0
822,1.379212,1.656504,MGC,1,1,0,0
823,1.307091,1.329970,MGC,2,1,0,0
824,1.336503,1.620861,MGC,1,1,0,0
825,1.174719,1.187533,MGC,1,1,0,0
826,1.569331,1.232714,HWC,2,1,0,0
827,1.163767,1.516549,MGC,1,1,0,0
828,1.308056,1.819205,MGC,1,1,0,0
829,1.182820,1.247908,MGC,2,1,0,0
83,1.146754,1.215478,MGC,1,1,0,0
831,1.535116,1.774791,MGC,1,1,0,0
832,1.256006,1.311208,MGC,1,1,0,0
833,1.267388,1.661934,MGC,1,1,0,0
834,1.247915,1.764183,MGC,2,4,0,0
835,1.250861,1.116043,HWC,2,1,0,0
836,1.285468,1.425713,MGC,1,1,0,0
837,1.478559,1.274149,HWC,3,3,0,0
838,1.333033,1.571418,MGC,1,1,0,0
84,1.357197,1.935570,MGC,2,1,0,0
840,1.412385,1.385578,HWC,2,1,0,0
841,1.359773,1.521592,MGC,3,1,0,0
842,1.515604,1.575672,MGC,1,1,0,0
843,1.334018,1.484404,MGC,1,1,0,0
844,1.477574,1.502262,MGC,1,1,0,0
845,1.161285,1.088355,HWC,1,1,0,0
847,1.443533,1.295318,HWC,2,1,0,0
848,1.457015,1.031203,HWC,1,1,0,0
849,1.251219,1.382460,MGC,1,1,0,0
85,1.283067,1.095715,HWC,1,1,0,0
850,1.501691,1.074874,HWC,1,1,0,0
851,1.308688,1.398055,MGC,2,1,0,0
852,1.339757,1.314444,HWC,2,1,0,0
854,1.325056,1.583123,MGC,1,1,0,0
855,1.481387,1.597322,MGC,2,1,0,0
856,1.304098,1.796782,MGC,2,1,0,0
858,1.459490,1.644070,MGC,2,1,0,0
859,1.109607,1.629094,MGC,1,1,0,0
86,1.252674,1.463364,MGC,2,2,0,0
862,1.140350,1.179349,MGC,1,1,0,0
863,1.703433,1.902160,MGC,1,1,0,0
864,1.185498,1.473145,MGC,1,1,0,0
865,1.282865,1.625687,MGC,3,1,0,0
866,1.180213,2.239257,MGC,2,1,0,0
867,1.264492,1.258552,HWC,3,1,0,0
868,1.271755,1.190864,HWC,1,1,0,0
869,1.271850,1.462889,MGC,2,1,0,0
87,1.357744,1.983596,MGC,7,2,0,0
870,1.216667,2.053339,MGC,7,1,0,0
871,1.337394,1.625124,MGC,1,1,0,0
872,1.502840,1.128151,HWC,1,1,0,0
873,1.308376,1.277014,HWC,2,1,0,0
875,1.217651,1.983425,MGC,1,1,0,0
876,1.276387,1.642193,MGC,1,1,0,0
877,1.367546,1.804133,MGC,1,1,0,0
878,1.678251,1.243994,HWC,1,1,0,0
879,1.287058,1.177710,HWC,2,1,0,0
880,1.266541,1.414980,MGC,4,3,0,0
881,1.446367,1.407249,HWC,1,1,0,0
882,1.291743,1.158198,HWC,1,1,0,0
883,1.518293,1.222470,HWC,1,1,0,0
884,1.285745,1.439026,MGC,7,1,0,0
885,1.306040,1.239847,HWC,2,2,0,0
886,1.723098,1.991387,MGC,1,1,0,0
887,1.126209,1.526610,MGC,2,1,0,0
888,1.689981,1.980999,MGC,2,2,0,0
889,1.472550,1.651256,MGC,1,1,0,0
89,1.174838,1.238733,MGC,1,1,0,0
891,1.486716,1.868697,MGC,4,1,0,0
892,1.326914,1.956329,MGC,3,2,0,0
893,1.556144,1.482713,HWC,1,1,0,0
894,1.426128,1.809344,MGC,7,1,0,0
895,1.142858,1.466724,MGC,1,1,0,0
896,1.482108,1.110375,HWC,1,1,0,0
898,1.196666,1.476817,MGC,2,1,0,0
9,1.261099,1.230340,HWC,1,1,0,0
90,1.074473,1.435024,MGC,1,1,0,0
900,1.637803,1.574830,HWC,1,1,0,0
901,1.557535,1.202873,HWC,1,1,0,0
902,1.451891,1.339898,HWC,3,1,0,0
903,1.425191,1.741186,MGC,1,2,0,0
904,1.380093,2.104414,MGC,1,1,0,0
905,1.547843,1.600275,MGC,1,1,0,0
906,1.539444,1.388781,HWC,1,1,0,0
907,1.215069,1.452587,MGC,5,1,0,0
908,1.368281,1.642015,MGC,2,1,0,0
909,1.332712,1.739892,MGC,2,2,0,0
91,1.271340,1.940875,MGC,1,1,0,0
910,1.215745,1.726225,MGC,1,1,0,0
911,1.198085,1.043796,HWC,4,1,0,0
912,1.442529,1.791036,MGC,3,2,0,0
913,1.451284,1.547625,MGC,2,1,0,0
914,1.286252,1.539565,MGC,5,1,0,0
915,1.337068,1.668017,MGC,1,1,0,0
916,1.346329,1.560270,MGC,3,1,0,0
917,1.454910,1.390088,HWC,1,1,0,0
918,1.288486,1.308970,MGC,1,1,0,0
919,1.438438,1.854686,MGC,1,1,0,0
92,1.416172,1.099392,HWC,1,1,0,0
920,1.516903,1.297646,HWC,1,1,0,0
921,1.960095,1.814030,HWC,1,1,0,0
922,1.533058,1.391546,HWC,1,1,0,0
923,1.709119,1.203645,HWC,1,1,0,0
924,1.170810,1.186573,MGC,1,1,0,0
925,1.249642,1.209815,HWC,1,1,0,0
927,1.129581,1.263891,MGC,1,1,0,0
928,1.452691,1.253088,HWC,1,1,0,0
929,1.356225,1.344971,HWC,3,1,0,0
93,1.354495,2.031394,MGC,2,2,0,0
930,1.618097,1.342411,HWC,1,1,0,0
931,1.126581,1.194615,MGC,1,1,0,0
932,1.363147,1.267767,HWC,1,1,0,0
933,1.388421,1.420710,MGC,1,1,0,0
934,1.321312,1.843571,MGC,2,1,0,0
935,1.356384,1.483342,MGC,1,1,0,0
936,1.638289,2.072454,MGC,1,1,0,0
937,1.221404,1.482494,MGC,1,1,0,0
938,1.491166,1.435080,HWC,1,1,0,0
939,1.423335,1.846884,MGC,1,1,0,0
94,1.400895,1.733002,MGC,2,1,0,0
940,1.285880,1.615552,MGC,1,1,0,0
941,1.518384,1.479213,HWC,1,1,0,0
942,1.554458,1.506702,HWC,1,1,0,0
943,1.555762,1.493215,HWC,1,1,0,0
944,1.256637,1.376343,MGC,2,1,0,0
945,1.404576,1.465756,MGC,2,2,0,0
946,1.283881,1.366275,MGC,6,1,0,0
947,1.722655,2.127357,MGC,1,1,0,0
949,1.246902,1.252103,MGC,1,1,0,0
95,1.589730,1.306980,HWC,1,1,0,0
950,1.227598,1.820109,MGC,1,1,0,0
952,1.415281,1.516198,MGC,2,2,0,0
953,1.380799,2.363910,MGC,2,1,0,0
954,1.283823,1.697373,MGC,2,1,0,0
955,1.350620,1.487175,MGC,1,1,0,0
956,1.718643,1.281629,HWC,1,1,0,0
959,1.304064,1.273414,HWC,2,1,0,0
96,1.223556,1.369117,MGC,5,1,0,0
960,1.253786,1.301895,MGC,1,1,0,0
961,1.360369,1.683707,MGC,2,1,0,0
962,1.271166,1.487786,MGC,7,1,0,0
963,1.418059,1.200161,HWC,2,1,0,0
964,1.251863,1.632644,MGC,1,1,0,0
965,1.362346,1.672460,MGC,1,1,0,0
966,1.412370,1.101392,HWC,1,1,0,0
967,1.317773,1.346327,MGC,1,3,0,0
968,1.301099,1.281835,HWC,1,1,0,0
969,1.455641,1.841759,MGC,1,1,0,0
97,1.470535,1.781491,MGC,4,2,0,0
971,1.441984,1.500613,MGC,1,1,0,0
972,1.289655,1.559298,MGC,4,1,0,0
973,1.615059,1.398376,HWC,2,1,0,0
974,1.108845,1.149988,MGC,1,1,0,0
975,1.373394,1.449277,MGC,2,1,0,0
978,1.265954,1.464614,MGC,8,1,0,0
979,1.330694,1.417436,MGC,2,1,0,0
98,1.248208,1.556651,MGC,4,1,0,0
980,1.278487,1.186286,HWC,1,1,0,0
981,1.181683,1.048898,HWC,1,1,0,0
983,1.142008,1.505522,MGC,3,1,0,0
986,1.306747,1.118182,HWC,1,1,0,0
987,1.119998,1.447704,MGC,12,2,0,0
988,1.234670,1.147357,HWC,1,1,0,0
989,1.269881,1.151501,HWC,1,1,0,0
99,1.661076,1.096205,HWC,1,1,0,0
990,1.405468,1.335651,HWC,3,1,0,0
991,1.430996,1.662399,MGC,1,1,0,0
992,1.355689,1.481651,MGC,1,1,0,0
993,1.251320,2.287004,MGC,1,2,0,0
994,1.157920,1.400373,MGC,1,1,0,0
995,1.399471,2.658014,MGC,4,1,0,0
996,1.261440,1.747319,MGC,1,1,0,0
997,1.259348,1.223339,HWC,7,1,0,0
999,1.317248,1.441217,MGC,1,1,0,0
5001,1.275034,1.516324,MGC,5,1,0,0
5002,1.206386,1.071596,HWC,6,1,0,0
5003,1.128118,1.084873,HWC,1,1,0,0
5004,1.273331,1.788255,MGC,3,1,0,0
5005,1.309569,1.719351,MGC,2,1,0,0
5006,1.431711,1.066188,HWC,1,1,0,0
5007,1.278705,1.378900,MGC,3,1,0,0
5008,1.608597,1.372360,HWC,1,2,0,0
5009,1.344981,1.632747,MGC,5,3,0,0
5010,1.035635,1.069946,MGC,1,1,0,0
5011,1.270222,1.393610,MGC,3,1,0,0
5012,1.256522,1.944604,MGC,5,3,0,0
5013,1.268886,1.418777,MGC,2,1,0,0
5014,1.271274,1.546258,MGC,2,2,0,0
5015,1.476466,1.949364,MGC,1,1,0,0
5016,1.295937,1.557446,MGC,1,1,0,0
5017,1.646783,2.065344,MGC,2,2,0,0
5018,1.420778,1.628323,MGC,1,1,0,0
5019,1.441232,1.690183,MGC,3,2,0,0
5020,1.430849,1.580774,MGC,3,1,0,0
5021,1.445034,1.880935,MGC,2,3,0,0
5022,1.372424,1.345608,HWC,2,1,0,0
5023,1.265579,1.075688,HWC,3,1,0,0
5024,1.201440,1.283832,MGC,1,1,0,0
5025,1.226503,1.956865,MGC,4,3,0,0
5026,1.202551,1.375083,MGC,1,1,0,0
5027,1.351378,1.911535,MGC,2,1,0,0
5028,1.296048,1.547258,MGC,1,1,0,0
5029,1.157150,1.082173,HWC,1,1,0,0
5030,1.323790,1.282891,HWC,1,1,0,0
5031,1.320287,1.730766,MGC,1,1,0,0
5032,1.327088,1.141926,HWC,1,1,0,0
5033,1.378006,1.464592,MGC,1,1,0,0
5034,1.325823,1.274777,HWC,1,1,0,0
5035,1.215184,1.423959,MGC,1,1,0,0
5036,1.212006,1.998742,MGC,3,1,0,0
5037,1.432369,1.888172,MGC,3,1,0,0
5038,1.411111,1.554264,MGC,1,1,0,0
5039,1.273313,1.783057,MGC,1,2,0,0
5040,1.090483,1.100563,MGC,1,1,0,0
5041,1.299474,1.611787,MGC,1,1,0,0
5042,1.131817,1.682768,MGC,4,1,0,0
5043,1.624272,1.985366,MGC,1,1,0,0
5044,1.302011,1.345532,MGC,2,1,0,0
5045,1.420773,1.644743,MGC,1,2,0,0
5046,1.202242,1.152240,HWC,1,1,0,0
5047,1.235043,1.666841,MGC,1,1,0,0
5048,1.156750,1.311828,MGC,1,1,0,0
5049,1.203811,1.341834,MGC,1,1,0,0
5050,1.138235,1.282410,MGC,1,1,0,0
