line_num,human_npr,lm_npr,winner,human_n_chunks_scored,lm_n_chunks_scored,human_n_lowconf,lm_n_lowconf
6524,1.098656,1.444125,MGC,1,1,0,0
1720,1.305184,1.070692,HWC,1,1,0,0
5870,1.349627,1.420925,MGC,2,2,0,0
7511,1.252553,1.173828,HWC,1,1,0,0
7256,1.195292,1.223626,MGC,1,1,0,0
2531,1.074865,1.054455,HWC,1,1,0,0
7570,1.196677,1.050374,HWC,1,1,0,0
2266,1.104002,1.325182,MGC,2,1,0,0
2017,1.279441,1.443040,MGC,1,6,0,0
4859,1.200656,1.784945,MGC,2,2,0,0
5969,1.156350,1.825937,MGC,1,3,0,0
4315,1.201302,1.270564,MGC,2,1,0,0
50,1.063593,1.029371,HWC,1,1,0,0
6995,1.229768,1.150938,HWC,1,1,0,0
7257,1.228637,1.803796,MGC,4,2,0,0
4900,1.229517,1.175816,HWC,1,1,0,0
1292,1.135161,2.160367,MGC,5,5,0,0
2555,1.276189,1.325686,MGC,3,1,0,0
4278,1.280792,1.188092,HWC,1,1,0,0
4187,1.433382,1.122807,HWC,1,2,0,0
2801,1.259727,1.033619,HWC,1,1,0,0
8859,1.372893,1.027365,HWC,1,1,0,0
6231,1.166511,1.269606,MGC,1,1,0,0
6442,1.346491,1.160897,HWC,1,1,0,0
130,1.710572,1.528163,HWC,1,1,0,0
8408,1.111683,1.507402,MGC,1,3,0,0
8386,1.350691,1.368278,MGC,1,1,0,0
3161,1.267843,1.710775,MGC,2,2,0,0
3253,1.062207,1.013266,HWC,1,1,0,0
3802,1.142843,1.708576,MGC,5,4,0,0
3224,1.254658,1.102065,HWC,1,1,0,0
7871,1.135309,1.302402,MGC,1,1,0,0
8644,1.197598,1.202932,MGC,2,1,0,0
6504,1.017575,1.424450,MGC,1,4,0,0
8950,1.238004,1.268381,MGC,1,1,0,0
2927,1.237409,1.184341,HWC,2,1,0,0
17,1.720089,0.992205,HWC,2,1,0,0
2619,1.177667,1.420760,MGC,1,1,0,0
3747,1.497997,1.140928,HWC,2,1,0,0
1637,1.135489,1.337935,MGC,2,2,0,0
2351,1.116366,1.306708,MGC,4,1,0,0
627,1.075602,1.051505,HWC,1,1,0,0
4888,1.212163,1.425761,MGC,1,1,0,0
8097,1.156312,1.431792,MGC,1,2,0,0
8930,1.205381,1.360819,MGC,1,1,0,0
1723,1.225249,1.895813,MGC,1,1,0,0
4898,1.384347,1.115431,HWC,1,1,0,0
3564,1.345656,1.125346,HWC,1,1,0,0
4282,1.113875,2.874146,MGC,1,2,0,0
4821,1.359000,1.087216,HWC,1,1,0,0
8432,1.301153,1.380283,MGC,1,1,0,0
7370,1.374183,1.271960,HWC,1,1,0,0
3205,1.433030,1.473993,MGC,1,1,0,0
5483,1.094264,0.995710,HWC,1,1,0,0
2355,1.086579,1.313685,MGC,6,1,0,0
6941,1.330501,1.288571,HWC,1,1,0,0
6007,1.216629,1.341864,MGC,1,1,0,0
8306,1.184757,1.356109,MGC,3,1,0,0
3179,1.129140,1.156688,MGC,1,1,0,0
7918,1.151446,1.406809,MGC,7,3,0,0
1381,1.207128,1.496416,MGC,2,2,0,0
212,1.067366,1.552775,MGC,5,1,0,0
3803,1.219966,1.405063,MGC,1,1,0,0
2714,1.183133,1.221951,MGC,1,2,0,0
446,1.350677,1.408224,MGC,1,1,0,0
1407,1.253522,1.180640,HWC,1,1,0,0
1545,1.203539,1.323320,MGC,3,2,0,0
5505,1.176462,1.040536,HWC,1,1,0,0
1800,1.477125,1.547886,MGC,1,1,0,0
4009,1.154161,1.108022,HWC,1,1,0,0
2884,1.221291,1.224546,MGC,1,1,0,0
2745,1.181712,1.202286,MGC,1,1,0,0
1799,1.151680,1.172744,MGC,2,8,0,0
382,1.107243,1.107954,MGC,1,1,0,0
3764,1.230301,1.476647,MGC,2,1,0,0
3178,1.138136,1.404944,MGC,1,1,0,0
5205,1.201256,1.300733,MGC,1,1,0,0
8375,1.195140,1.388589,MGC,1,1,0,0
5593,1.187605,1.055512,HWC,1,1,0,0
6371,1.298639,1.328295,MGC,1,1,0,0
7911,1.306197,1.104267,HWC,1,2,0,0
7940,1.282607,1.389833,MGC,2,1,0,0
2811,1.101570,1.454870,MGC,3,1,0,0
3304,1.271129,1.075137,HWC,1,1,0,0
5506,1.056019,1.081877,MGC,1,1,0,0
6109,1.029831,1.452629,MGC,1,1,0,0
37,1.293097,1.481414,MGC,2,2,0,0
687,1.150607,1.129468,HWC,3,1,0,0
3527,1.155721,1.549527,MGC,3,3,0,0
3709,1.240763,1.374112,MGC,2,1,0,0
1844,1.334546,1.467830,MGC,2,1,0,0
6095,1.302571,1.351444,MGC,1,1,0,0
7383,1.343063,1.418006,MGC,1,1,0,0
7146,1.204636,1.060690,HWC,1,1,0,0
7680,1.329066,1.179698,HWC,1,1,0,0
5876,1.519199,1.409381,HWC,1,1,0,0
26,1.175824,1.475196,MGC,1,1,0,0
8291,1.128180,1.219545,MGC,1,1,0,0
6350,1.148338,1.291935,MGC,3,1,0,0
1269,1.229178,1.234503,MGC,1,1,0,0
7816,1.159267,1.165414,MGC,1,1,0,0
3180,1.033073,1.069016,MGC,1,1,0,0
481,1.209230,1.143575,HWC,2,1,0,0
4200,1.293254,1.383546,MGC,2,1,0,0
4378,1.159357,1.808267,MGC,1,3,0,0
1967,1.231011,1.212110,HWC,3,1,0,0
4826,1.126726,1.267663,MGC,1,1,0,0
484,1.265568,1.632865,MGC,1,1,0,0
940,1.215359,1.537669,MGC,2,7,0,0
771,1.214431,1.199343,HWC,3,5,0,0
2825,1.152688,1.004818,HWC,4,5,0,0
6142,1.272425,1.599104,MGC,1,1,0,0
3902,1.205317,1.053588,HWC,1,1,0,0
767,1.147309,2.141291,MGC,8,4,0,0
3883,1.254448,1.165662,HWC,1,1,0,0
5363,1.107011,1.672732,MGC,1,1,0,0
4141,1.115789,1.279564,MGC,1,1,0,0
6586,1.278620,1.001578,HWC,1,1,0,0
3869,1.199339,1.121556,HWC,2,1,0,0
7686,1.130710,1.500511,MGC,2,5,0,0
2219,1.261426,1.480253,MGC,2,3,0,0
5129,1.187408,1.240882,MGC,1,1,0,0
264,1.191887,1.137233,HWC,1,1,0,0
2919,1.051958,1.077016,MGC,1,1,0,0
1166,1.254907,1.380542,MGC,1,1,0,0
7130,1.359074,1.183577,HWC,1,1,0,0
3104,1.328287,1.122777,HWC,1,1,0,0
1493,1.176938,2.073287,MGC,7,1,0,0
8538,1.311796,2.666172,MGC,1,3,0,0
3593,1.389629,1.387414,HWC,1,2,0,0
8534,1.378604,1.166595,HWC,1,1,0,0
2566,1.139786,1.099848,HWC,2,1,0,0
7310,1.154842,1.549060,MGC,1,1,0,0
4386,1.438861,1.465950,MGC,1,1,0,0
5339,1.249422,1.025551,HWC,1,1,0,0
2868,1.479920,1.652894,MGC,1,1,0,0
3091,1.347618,1.147974,HWC,1,1,0,0
6833,1.459293,1.691662,MGC,2,1,0,0
2837,1.409355,1.026533,HWC,1,1,0,0
6614,1.304814,1.013631,HWC,1,1,0,0
4273,1.286346,1.789820,MGC,1,1,0,0
265,1.211620,1.535069,MGC,1,1,0,0
4963,1.164827,1.040471,HWC,3,1,0,0
8313,1.136425,1.089925,HWC,1,1,0,0
4412,1.180839,1.190721,MGC,1,1,0,0
8274,1.138885,1.179539,MGC,2,1,0,0
6626,1.287420,1.060243,HWC,1,1,0,0
1126,1.207892,1.133101,HWC,1,1,0,0
4024,1.111162,1.155493,MGC,1,1,0,0
7485,1.576664,1.067019,HWC,2,1,0,0
4565,1.324993,1.283889,HWC,1,1,0,0
4804,1.382242,1.368032,HWC,1,1,0,0
126,1.249231,1.126380,HWC,1,1,0,0
1340,1.231210,1.043228,HWC,1,1,0,0
4133,1.504740,1.160922,HWC,2,1,0,0
4528,1.104100,1.089480,HWC,1,1,0,0
704,0.989427,1.257531,MGC,3,1,0,0
5343,1.238014,1.004596,HWC,1,2,0,0
3171,1.227640,1.419691,MGC,2,1,0,0
4424,1.250267,1.464353,MGC,1,1,0,0
770,1.111097,1.048192,HWC,1,1,0,0
1468,1.196478,1.040249,HWC,1,1,0,0
4617,1.186285,1.297104,MGC,3,1,0,0
7193,1.570458,1.307468,HWC,2,1,0,0
5453,1.186175,1.222768,MGC,1,1,0,0
6694,1.267340,1.459858,MGC,1,1,0,0
8743,1.232307,1.424282,MGC,1,1,0,0
1246,1.489240,1.191887,HWC,1,1,0,0
7896,1.172172,1.445930,MGC,1,1,0,0
696,1.296697,1.285701,HWC,1,1,0,0
3203,1.159485,1.411022,MGC,1,1,0,0
365,1.368221,1.091123,HWC,1,1,0,0
5806,1.143345,1.057402,HWC,1,1,0,0
4618,1.223547,1.737674,MGC,3,2,0,0
8785,1.195661,2.026661,MGC,5,1,0,0
5721,1.300967,1.333640,MGC,1,1,0,0
2554,1.149174,1.319400,MGC,1,1,0,0
1787,1.130576,1.071425,HWC,1,1,0,0
950,1.417112,1.570240,MGC,1,1,0,0
3920,1.247110,1.474863,MGC,1,1,0,0
5139,1.139151,1.202281,MGC,4,1,0,0
1793,1.173517,1.252776,MGC,2,3,0,0
5510,1.328398,1.330047,MGC,1,1,0,0
2771,1.200153,1.398272,MGC,2,1,0,0
348,1.195735,1.764408,MGC,2,2,0,0
7907,1.118994,1.357437,MGC,1,2,0,0
7983,1.353492,1.550228,MGC,3,1,0,0
7413,1.217822,1.338204,MGC,4,3,0,0
7909,1.350031,1.489125,MGC,1,3,0,0
6600,1.296726,1.366662,MGC,1,1,0,0
4920,1.229388,1.515682,MGC,1,1,0,0
2864,1.250387,2.005444,MGC,2,1,0,0
719,1.274722,1.360347,MGC,2,1,0,0
6223,1.176636,1.207374,MGC,1,1,0,0
5307,1.264331,1.148434,HWC,1,1,0,0
3982,1.435868,1.464394,MGC,1,1,0,0
737,1.149277,1.190736,MGC,1,1,0,0
2419,1.584071,1.393668,HWC,1,1,0,0
46,1.273759,1.606879,MGC,4,1,0,0
7919,1.113700,1.335495,MGC,3,1,0,0
4207,1.465842,1.737666,MGC,1,1,0,0
3076,1.288793,1.188723,HWC,1,2,0,0
2591,1.288235,1.455555,MGC,1,1,0,0
3833,1.244054,1.205058,HWC,1,1,0,0
7561,1.181718,1.053836,HWC,6,1,0,0
470,1.048224,1.240966,MGC,10,3,0,0
6089,1.208113,1.058835,HWC,1,1,0,0
8643,1.099627,1.690782,MGC,1,3,0,0
578,1.113156,1.198876,MGC,1,1,0,0
8171,1.209580,1.118256,HWC,1,1,0,0
8797,1.338957,1.210708,HWC,1,1,0,0
8696,1.086959,1.432747,MGC,1,1,0,0
5007,1.422631,1.073156,HWC,1,1,0,0
3988,1.445459,1.094514,HWC,1,1,0,0
8318,1.174335,1.207930,MGC,1,1,0,0
678,1.093959,1.245200,MGC,1,1,0,0
1809,1.170115,1.102697,HWC,4,1,0,0
7988,1.141678,1.611408,MGC,4,2,0,0
1985,1.157706,1.166885,MGC,1,1,0,0
4861,1.367643,1.155774,HWC,1,1,0,0
8469,1.254136,1.133022,HWC,1,1,0,0
1999,1.353963,1.544342,MGC,1,2,0,0
1181,1.225740,1.484933,MGC,1,1,0,0
8208,1.128626,1.842293,MGC,2,4,0,0
6693,1.164191,1.176963,MGC,6,1,0,0
6328,1.472116,1.814379,MGC,1,3,0,0
2476,1.235290,1.139862,HWC,1,1,0,0
3291,1.327954,1.101305,HWC,1,1,0,0
7250,1.270791,1.145478,HWC,2,1,0,0
571,1.253308,1.200573,HWC,1,1,0,0
8762,1.357052,1.364895,MGC,1,1,0,0
973,1.167253,1.087735,HWC,1,1,0,0
6305,1.241834,1.147092,HWC,1,1,0,0
6418,1.112715,1.221127,MGC,1,1,0,0
6183,1.078401,1.819581,MGC,2,3,0,0
1022,1.181202,1.454369,MGC,2,1,0,0
7099,1.203320,1.211192,MGC,3,1,0,0
164,1.083099,1.098143,MGC,1,1,0,0
5992,1.086849,1.043309,HWC,1,1,0,0
524,1.092214,0.966922,HWC,1,1,0,0
7290,1.097032,1.059751,HWC,1,1,0,0
4266,1.153876,1.090213,HWC,2,1,0,0
1678,1.306555,1.080292,HWC,1,1,0,0
4943,1.278654,1.056285,HWC,1,1,0,0
6271,1.132200,1.392297,MGC,2,2,0,0
8404,1.384925,1.434726,MGC,1,1,0,0
1339,1.405468,1.604567,MGC,1,1,0,0
7336,1.283677,2.031212,MGC,1,1,0,0
249,1.352985,1.079947,HWC,1,1,0,0
99,1.212408,1.384803,MGC,3,1,0,0
7080,1.402664,1.341614,HWC,2,1,0,0
2682,1.228912,1.361745,MGC,1,1,0,0
2280,1.243732,1.352742,MGC,1,2,0,0
2393,1.159848,1.589114,MGC,1,2,0,0
7580,1.338114,1.722969,MGC,1,2,0,0
5690,1.213607,1.136786,HWC,1,1,0,0
5365,1.143088,1.328206,MGC,3,1,0,0
8040,1.219533,1.155488,HWC,2,1,0,0
2078,1.302930,1.427159,MGC,2,1,0,0
7118,1.120613,1.046448,HWC,4,1,0,0
884,1.159251,1.122655,HWC,1,1,0,0
5646,1.293589,1.637013,MGC,1,1,0,0
5068,1.220563,1.083585,HWC,1,1,0,0
619,1.269295,1.618103,MGC,1,1,0,0
3592,1.115014,1.057710,HWC,2,1,0,0
5368,1.051502,1.067614,MGC,1,1,0,0
1321,1.213282,1.577034,MGC,4,3,0,0
7794,1.276226,1.051277,HWC,1,1,0,0
869,1.265039,1.131220,HWC,1,1,0,0
2479,1.167283,1.184890,MGC,3,2,0,0
1633,1.316937,1.296628,HWC,1,1,0,0
3247,1.459196,1.651248,MGC,1,1,0,0
1149,1.182545,2.462307,MGC,1,2,0,0
7641,1.232187,1.417940,MGC,2,1,0,0
5488,1.127800,1.209127,MGC,1,1,0,0
4084,1.175058,1.216170,MGC,1,1,0,0
6648,1.238082,1.204490,HWC,1,1,0,0
617,1.086605,1.274535,MGC,1,1,0,0
4590,1.260288,1.254356,HWC,2,1,0,0
2592,1.255179,1.749650,MGC,2,2,0,0
1849,1.150967,1.343711,MGC,1,1,0,0
6979,1.135464,1.376299,MGC,3,2,0,0
7314,1.278396,1.569221,MGC,1,1,0,0
8679,1.154622,1.336546,MGC,1,2,0,0
4720,1.247328,1.266414,MGC,1,1,0,0
6444,1.201925,1.239672,MGC,1,1,0,0
8555,1.148389,1.535054,MGC,1,1,0,0
4797,1.234088,1.119569,HWC,2,1,0,0
4721,1.362768,1.776265,MGC,1,2,0,0
550,1.194235,1.618371,MGC,1,1,0,0
3770,1.367426,1.416292,MGC,1,1,0,0
386,1.266973,1.036261,HWC,2,2,0,0
5955,1.254076,1.305871,MGC,2,1,0,0
8490,1.160456,1.327695,MGC,1,1,0,0
1463,0.958210,1.298005,MGC,2,1,0,0
344,1.227912,1.594738,MGC,1,1,0,0
2533,1.161665,1.315690,MGC,2,1,0,0
1587,1.275826,1.286914,MGC,5,2,0,0
4750,1.021380,1.465842,MGC,7,1,0,0
7471,1.181585,1.401616,MGC,6,1,0,0
7643,1.360619,1.394571,MGC,2,3,0,0
4687,1.234958,2.047379,MGC,1,1,0,0
5122,1.277330,1.396632,MGC,4,1,0,0
1240,1.455360,1.771144,MGC,1,3,0,0
758,1.354266,1.468914,MGC,1,2,0,0
864,1.321342,1.123708,HWC,1,1,0,0
6462,1.105199,1.049856,HWC,1,1,0,0
7104,1.404237,1.745995,MGC,2,1,0,0
6144,1.279100,1.454450,MGC,1,1,0,0
472,1.361727,1.589978,MGC,2,1,0,0
5377,1.175392,1.430152,MGC,1,2,0,0
6273,1.149209,1.448930,MGC,1,1,0,0
6136,1.364433,1.203281,HWC,2,1,0,0
1785,1.251250,2.024345,MGC,3,1,0,0
1770,1.222203,1.215848,HWC,1,1,0,0
5037,1.157453,1.171385,MGC,1,1,0,0
690,1.118125,1.285885,MGC,1,2,0,0
1180,1.123836,1.202537,MGC,1,1,0,0
2246,1.372782,1.584012,MGC,1,1,0,0
2175,1.254001,1.335723,MGC,1,1,0,0
7157,1.417984,1.100600,HWC,1,1,0,0
8217,1.219633,1.219708,MGC,1,1,0,0
1998,1.190637,1.211845,MGC,3,1,0,0
3384,1.249276,1.110917,HWC,1,1,0,0
8921,1.165568,1.129817,HWC,1,1,0,0
5162,1.072428,1.377840,MGC,1,1,0,0
1450,1.288983,1.327945,MGC,3,1,0,0
6469,1.289617,1.280811,HWC,1,1,0,0
2407,1.197896,1.226084,MGC,2,1,0,0
957,1.118020,1.216071,MGC,6,1,0,0
4047,1.179253,1.192537,MGC,1,1,0,0
7384,1.391231,1.236202,HWC,1,1,0,0
4872,1.125811,1.714871,MGC,2,3,0,0
8285,1.022761,1.375833,MGC,1,1,0,0
7034,1.292325,1.084901,HWC,1,1,0,0
668,1.348427,1.564006,MGC,1,1,0,0
8890,1.209194,1.183822,HWC,1,1,0,0
3218,1.241777,1.809709,MGC,6,5,0,0
1327,1.119126,1.056481,HWC,1,1,0,0
5347,1.222529,1.469326,MGC,1,1,0,0
7985,1.132368,0.893513,HWC,6,1,0,0
163,1.362334,1.680856,MGC,2,1,0,0
3336,1.233707,1.270435,MGC,1,1,0,0
4992,1.366365,1.317461,HWC,1,1,0,0
4464,1.094703,1.244392,MGC,7,1,0,0
1026,1.135733,1.319296,MGC,1,1,0,0
2656,1.099824,1.219966,MGC,1,1,0,0
793,1.163528,1.166913,MGC,1,1,0,0
2597,1.194851,1.422655,MGC,1,1,0,0
7332,1.081204,1.156661,MGC,1,1,0,0
6987,1.141445,1.074072,HWC,1,1,0,0
5312,1.306107,1.613055,MGC,1,1,0,0
6455,1.146074,1.049972,HWC,1,1,0,0
2774,1.229801,1.290449,MGC,3,1,0,0
8402,1.223099,1.579202,MGC,1,1,0,0
4925,1.150136,1.511881,MGC,4,1,0,0
3682,1.156394,1.349984,MGC,2,1,0,0
6561,1.268720,1.310615,MGC,1,1,0,0
2738,1.077614,1.458903,MGC,1,1,0,0
1448,1.687433,1.873995,MGC,1,1,0,0
1685,1.100605,1.179746,MGC,4,1,0,0
1223,1.114414,1.266694,MGC,1,1,0,0
8595,1.149745,1.153343,MGC,1,1,0,0
7222,1.164085,1.038592,HWC,1,1,0,0
800,1.185522,1.071650,HWC,1,1,0,0
8062,1.153848,1.323651,MGC,5,1,0,0
2089,1.053212,1.339641,MGC,1,1,0,0
279,1.193173,1.230930,MGC,3,1,0,0
3904,1.181333,1.001851,HWC,2,1,0,0
6493,1.260886,1.162592,HWC,1,1,0,0
5991,1.332880,1.058257,HWC,2,1,0,0
7519,1.127396,1.086837,HWC,1,1,0,0
7948,1.269978,1.051836,HWC,2,1,0,0
896,1.218546,1.389182,MGC,1,1,0,0
8248,1.260035,1.205013,HWC,1,1,0,0
1599,1.189559,2.010131,MGC,1,1,0,0
6107,1.118215,1.615807,MGC,4,1,0,0
2953,1.171518,1.147215,HWC,5,1,0,0
7990,1.384559,1.295007,HWC,1,1,0,0
898,1.422537,1.964651,MGC,1,2,0,0
3601,1.121488,1.387393,MGC,2,1,0,0
1446,1.205561,1.656402,MGC,1,1,0,0
6333,1.152703,1.077554,HWC,1,1,0,0
5217,1.124735,1.302092,MGC,1,1,0,0
5768,1.253352,1.050262,HWC,1,1,0,0
5223,1.115856,1.055862,HWC,1,1,0,0
5705,1.212091,1.560295,MGC,1,1,0,0
5119,1.065085,1.066129,MGC,1,1,0,0
7453,1.473580,1.558330,MGC,1,1,0,0
8073,1.216646,1.434996,MGC,1,2,0,0
8584,1.306249,1.361864,MGC,2,1,0,0
8268,1.325042,1.590925,MGC,1,1,0,0
4419,1.117338,1.276214,MGC,1,1,0,0
5928,1.149826,1.070049,HWC,3,1,0,0
5370,1.289271,1.622549,MGC,1,1,0,0
3690,1.316751,1.062782,HWC,1,1,0,0
8244,1.097616,1.602653,MGC,3,1,0,0
6525,1.223227,1.362297,MGC,2,1,0,0
8972,1.179151,1.270852,MGC,4,1,0,0
5939,1.269147,1.288789,MGC,1,1,0,0
2061,1.150718,1.482888,MGC,2,1,0,0
7311,1.150992,1.474933,MGC,2,4,0,0
6398,1.167484,1.120809,HWC,1,1,0,0
7065,1.263683,1.375135,MGC,2,1,0,0
426,1.142834,1.651849,MGC,6,8,0,0
876,1.097296,1.051505,HWC,2,1,0,0
7961,1.308829,1.181596,HWC,1,1,0,0
5272,1.307959,1.232603,HWC,1,1,0,0
8636,1.465439,1.175004,HWC,1,1,0,0
5757,1.175931,1.046967,HWC,1,1,0,0
972,1.181314,1.156183,HWC,1,1,0,0
4182,1.153067,1.450712,MGC,1,1,0,0
1206,1.147615,1.518212,MGC,4,3,0,0
7851,1.134663,1.267645,MGC,3,1,0,0
1736,1.167059,1.131420,HWC,1,1,0,0
6935,1.059910,1.034800,HWC,1,1,0,0
3474,1.219557,1.517441,MGC,1,1,0,0
6879,1.835786,1.576168,HWC,2,2,0,0
4176,1.178288,1.373583,MGC,1,1,0,0
5579,1.167182,1.108711,HWC,1,1,0,0
8181,1.406560,1.172351,HWC,1,1,0,0
8407,1.231741,1.042021,HWC,1,1,0,0
2376,1.084918,1.069178,HWC,1,1,0,0
6206,1.471367,2.372806,MGC,2,2,0,0
5643,1.119701,1.485689,MGC,9,1,0,0
7464,1.250287,1.416099,MGC,1,1,0,0
3744,1.250493,1.414583,MGC,2,1,0,0
7469,1.059159,1.006592,HWC,1,1,0,0
1896,1.285418,1.316936,MGC,2,1,0,0
4295,1.252556,1.674092,MGC,1,2,0,0
389,1.198083,1.118386,HWC,1,1,0,0
2748,1.330367,1.474432,MGC,2,1,0,0
462,1.292443,1.085554,HWC,1,1,0,0
1143,1.400293,1.333967,HWC,2,1,0,0
3186,1.214045,1.088001,HWC,1,1,0,0
8296,1.124723,1.185351,MGC,1,2,0,0
810,1.358913,1.434699,MGC,3,1,0,0
2910,1.261108,1.488062,MGC,1,1,0,0
1706,1.231452,1.146927,HWC,1,1,0,0
653,1.083337,1.194480,MGC,2,1,0,0
2515,1.200955,1.391428,MGC,3,2,0,0
5498,1.492894,1.574114,MGC,1,1,0,0
5138,1.452660,1.211624,HWC,1,1,0,0
7684,1.091718,1.261525,MGC,1,1,0,0
3029,1.250914,1.486902,MGC,1,1,0,0
1329,1.298650,1.073786,HWC,1,1,0,0
815,1.195112,1.104757,HWC,1,1,0,0
4840,1.229734,1.337262,MGC,1,1,0,0
307,1.300234,1.306485,MGC,1,1,0,0
8997,1.431117,1.218297,HWC,1,1,0,0
2047,1.045119,1.020446,HWC,6,1,0,0
4705,1.344039,1.888709,MGC,1,1,0,0
1576,1.141143,1.115661,HWC,1,1,0,0
5264,1.468546,2.035394,MGC,1,2,0,0
376,1.077356,1.557366,MGC,3,1,0,0
8455,1.068424,1.308712,MGC,1,3,0,0
7062,1.251362,1.122656,HWC,1,1,0,0
4110,1.317898,1.628871,MGC,2,2,0,0
1856,1.136212,1.182120,MGC,2,1,0,0
3023,1.197061,1.428118,MGC,1,2,0,0
7261,1.662974,1.237105,HWC,1,1,0,0
4050,1.239459,1.232798,HWC,1,1,0,0
8612,1.347372,1.553321,MGC,2,2,0,0
6977,1.096018,1.552680,MGC,3,1,0,0
1700,1.384351,1.150533,HWC,1,1,0,0
2904,1.164410,1.002801,HWC,2,1,0,0
4156,1.101078,1.615195,MGC,1,1,0,0
4283,1.260901,1.460341,MGC,1,1,0,0
6491,1.349886,1.313496,HWC,1,2,0,0
5390,1.378785,1.242275,HWC,2,1,0,0
6330,1.156449,1.360641,MGC,3,1,0,0
8588,1.247225,1.483454,MGC,2,1,0,0
5762,1.175663,1.118128,HWC,1,1,0,0
7484,1.203180,1.059847,HWC,1,1,0,0
3404,1.077782,1.028425,HWC,1,1,0,0
6836,1.124112,1.212174,MGC,1,1,0,0
1769,1.148479,1.690546,MGC,2,1,0,0
8992,1.328281,1.977325,MGC,1,1,0,0
8284,1.201951,1.386997,MGC,2,4,0,0
345,1.423467,1.296589,HWC,1,1,0,0
7979,1.408554,1.679390,MGC,1,1,0,0
8279,1.519564,1.557729,MGC,1,1,0,0
6624,1.207584,1.421390,MGC,1,1,0,0
1764,1.345206,1.351021,MGC,2,2,0,0
29,1.142354,1.482272,MGC,5,1,0,0
2710,1.257110,1.115166,HWC,1,1,0,0
3036,1.637308,1.663138,MGC,1,1,0,0
2503,1.147623,1.422037,MGC,1,1,0,0
725,1.192474,1.076840,HWC,2,1,0,0
2963,1.228250,1.130394,HWC,2,1,0,0
56,1.184327,1.408377,MGC,7,2,0,0
2208,1.183193,1.307746,MGC,1,1,0,0
6454,1.304649,1.448281,MGC,2,1,0,0
4148,1.118261,1.093514,HWC,1,1,0,0
8529,1.183696,1.026693,HWC,2,1,0,0
7008,1.159291,1.454936,MGC,7,2,0,0
7731,1.136702,1.325836,MGC,1,1,0,0
6783,1.288799,1.439752,MGC,1,1,0,0
4071,1.195798,1.382109,MGC,1,1,0,0
8860,1.400415,1.411554,MGC,1,1,0,0
2634,1.204056,1.685082,MGC,4,3,0,0
2590,1.392263,1.938783,MGC,2,1,0,0
8887,1.160880,1.648706,MGC,1,1,0,0
1338,1.353456,1.051867,HWC,1,1,0,0
6196,1.658983,1.813715,MGC,1,1,0,0
136,1.211309,1.041724,HWC,1,1,0,0
8528,1.309575,1.433841,MGC,1,1,0,0
8227,1.476370,1.617131,MGC,1,1,0,0
1023,1.171610,1.579607,MGC,3,1,0,0
5812,1.173285,1.322119,MGC,1,1,0,0
7887,1.014836,1.014954,MGC,1,1,0,0
6609,1.085738,1.094129,MGC,1,1,0,0
2418,1.187536,1.118425,HWC,1,1,0,0
230,1.386829,1.132831,HWC,1,1,0,0
4433,1.148188,1.362952,MGC,3,1,0,0
2709,1.166753,1.135248,HWC,2,2,0,0
8242,1.116565,1.858136,MGC,2,1,0,0
5336,1.174516,1.449320,MGC,6,1,0,0
8333,1.210292,1.212322,MGC,1,1,0,0
8591,1.338880,1.142029,HWC,2,1,0,0
6764,1.325583,1.178890,HWC,2,1,0,0
7493,1.145819,1.285618,MGC,1,1,0,0
792,1.439642,1.268891,HWC,1,1,0,0
4220,1.219248,1.308514,MGC,2,1,0,0
8307,1.350875,1.432619,MGC,3,1,0,0
8323,1.174398,1.137164,HWC,1,1,0,0
8314,1.188946,1.396783,MGC,5,1,0,0
6180,1.071150,1.594421,MGC,1,4,0,0
8942,1.119921,1.068535,HWC,2,1,0,0
1079,1.228638,1.659008,MGC,1,1,0,0
6064,1.303348,1.326983,MGC,1,1,0,0
7560,1.650735,1.470756,HWC,1,1,0,0
6993,1.121111,1.699222,MGC,6,1,0,0
6225,1.421171,1.212793,HWC,1,1,0,0
7520,1.446854,1.063977,HWC,1,1,0,0
4760,1.235726,1.815099,MGC,3,1,0,0
3034,1.267936,1.585428,MGC,3,1,0,0
7214,1.569990,1.544498,HWC,1,1,0,0
5781,1.427741,1.706428,MGC,1,1,0,0
8048,1.201273,1.069139,HWC,1,1,0,0
5232,1.220431,1.075305,HWC,1,1,0,0
6878,1.221380,1.526002,MGC,2,1,0,0
2001,1.137033,1.194480,MGC,1,1,0,0
2253,1.217953,1.596224,MGC,1,1,0,0
1948,1.216832,1.109145,HWC,1,1,0,0
2484,1.292497,1.340161,MGC,2,1,0,0
7698,1.301830,1.271492,HWC,1,1,0,0
2275,1.179736,1.133681,HWC,1,1,0,0
167,1.235782,1.154441,HWC,2,1,0,0
6447,1.182960,1.383944,MGC,1,1,0,0
6901,1.687085,1.765409,MGC,1,1,0,0
7879,1.125446,1.207016,MGC,1,1,0,0
1487,1.161947,1.299584,MGC,1,1,0,0
5998,1.174868,1.045141,HWC,3,1,0,0
8719,1.266006,1.329554,MGC,1,1,0,0
5962,1.163823,1.716734,MGC,1,1,0,0
4777,1.163845,1.273037,MGC,1,1,0,0
6147,1.260365,1.744160,MGC,2,2,0,0
2686,1.125127,1.396992,MGC,1,1,0,0
7691,1.520415,1.614565,MGC,1,1,0,0
6594,1.259650,1.345178,MGC,3,2,0,0
1556,1.028153,1.622702,MGC,5,3,0,0
2236,1.385062,1.895727,MGC,1,1,0,0
6684,1.130700,1.342909,MGC,6,3,0,0
3212,1.228211,2.267651,MGC,4,1,0,0
4061,1.090368,1.140234,MGC,1,1,0,0
8573,1.306284,1.937155,MGC,1,1,0,0
4555,1.699629,1.325909,HWC,1,1,0,0
3762,1.289198,1.280478,HWC,1,1,0,0
504,1.242844,1.291557,MGC,1,1,0,0
5166,1.211141,1.388261,MGC,1,2,0,0
1267,1.329269,1.615490,MGC,1,1,0,0
6484,1.184394,1.132775,HWC,2,1,0,0
4817,1.311059,1.424657,MGC,1,1,0,0
6207,1.231161,1.429383,MGC,1,1,0,0
3749,1.243025,1.082541,HWC,1,1,0,0
1951,1.152259,1.211618,MGC,3,1,0,0
355,1.237678,1.016088,HWC,1,1,0,0
4291,1.198672,1.109818,HWC,1,1,0,0
4460,1.202199,1.231639,MGC,1,1,0,0
2854,1.231441,1.266686,MGC,1,1,0,0
1733,1.369535,1.398104,MGC,1,1,0,0
5306,1.109246,1.062434,HWC,1,1,0,0
2120,1.255689,1.453314,MGC,2,1,0,0
2427,1.180672,1.227887,MGC,4,5,0,0
2703,1.194400,1.081970,HWC,1,1,0,0
8745,1.060429,1.095562,MGC,3,1,0,0
3483,1.158058,1.312400,MGC,5,1,0,0
7386,1.265463,1.035293,HWC,6,1,0,0
718,1.303712,1.073210,HWC,1,1,0,0
3243,1.753052,1.073621,HWC,1,1,0,0
3164,1.141532,1.035626,HWC,1,1,0,0
1241,1.275494,1.346953,MGC,1,2,0,0
6676,1.288065,1.204072,HWC,1,1,0,0
7604,1.152938,1.760847,MGC,1,1,0,0
236,1.101510,1.080590,HWC,1,1,0,0
952,1.157947,1.233712,MGC,1,1,0,0
8452,1.192942,1.301515,MGC,2,1,0,0
717,1.104595,1.198910,MGC,4,1,0,0
23,1.191957,1.518439,MGC,6,2,0,0
144,1.196603,1.041624,HWC,1,1,0,0
8567,1.307978,1.594975,MGC,1,1,0,0
3366,1.321008,1.879541,MGC,1,2,0,0
1315,1.265315,1.376087,MGC,2,1,0,0
2244,1.255408,1.401693,MGC,1,5,0,0
1319,1.149912,1.346674,MGC,2,1,0,0
7877,1.241351,1.177379,HWC,1,1,0,0
8815,1.099675,1.526468,MGC,1,1,0,0
5310,1.421545,1.784543,MGC,1,1,0,0
3849,1.191477,1.233900,MGC,1,1,0,0
3325,1.208975,1.175239,HWC,2,1,0,0
3591,1.354779,1.731054,MGC,1,2,0,0
7007,0.963673,1.410589,MGC,2,2,0,0
8140,1.199384,1.103490,HWC,2,1,0,0
6204,1.075093,1.092834,MGC,1,1,0,0
8979,1.109375,1.235466,MGC,1,1,0,0
1076,1.268256,1.301497,MGC,1,1,0,0
707,1.587332,1.058677,HWC,2,1,0,0
6401,1.147512,1.407009,MGC,1,1,0,0
3980,1.299604,2.425965,MGC,5,2,0,0
1426,1.119706,1.642175,MGC,1,4,0,0
4221,1.394222,1.315344,HWC,1,1,0,0
3269,1.171445,1.946550,MGC,2,8,0,0
96,1.103485,1.657021,MGC,2,1,0,0
1236,1.300249,1.392005,MGC,2,1,0,0
8934,1.263527,1.372486,MGC,1,1,0,0
7964,1.225716,1.353647,MGC,2,2,0,0
8416,1.160972,1.043807,HWC,1,1,0,0
6903,1.352081,1.112099,HWC,1,1,0,0
4801,1.234985,1.393215,MGC,1,1,0,0
3333,1.404567,1.996514,MGC,1,2,0,0
2313,1.179083,1.085860,HWC,2,1,0,0
7025,1.398560,1.086791,HWC,1,1,0,0
1939,1.097837,1.074216,HWC,4,1,0,0
5245,1.254605,1.464931,MGC,1,1,0,0
8465,1.210613,1.162549,HWC,1,1,0,0
2455,1.209589,0.993385,HWC,2,1,0,0
464,1.165099,1.321825,MGC,1,1,0,0
6439,1.135275,1.181900,MGC,1,1,0,0
5401,1.270946,1.153031,HWC,1,1,0,0
7296,1.227275,1.049938,HWC,1,1,0,0
1950,1.290506,1.519022,MGC,2,1,0,0
4083,1.417482,1.116309,HWC,1,1,0,0
917,1.083703,1.081359,HWC,1,1,0,0
6653,1.177835,1.595870,MGC,5,1,0,0
2325,1.229055,1.668711,MGC,1,1,0,0
5234,1.452902,1.099055,HWC,1,1,0,0
6831,1.353355,1.526898,MGC,1,1,0,0
6577,1.299508,1.033090,HWC,2,1,0,0
1199,1.702830,1.084595,HWC,1,1,0,0
5202,1.277513,1.075193,HWC,1,1,0,0
2979,1.210662,1.245032,MGC,2,1,0,0
2491,1.057105,1.156300,MGC,1,1,0,0
1242,1.161651,1.529748,MGC,1,1,0,0
8787,1.455464,1.215287,HWC,2,1,0,0
6865,1.073782,1.211164,MGC,1,1,0,0
7264,1.275286,1.517139,MGC,1,1,0,0
2112,1.135960,1.400802,MGC,1,1,0,0
6779,1.253177,1.175478,HWC,2,1,0,0
1681,1.119089,1.399873,MGC,2,1,0,0
3624,1.338134,1.000958,HWC,1,1,0,0
4160,1.216798,1.231612,MGC,1,1,0,0
7849,1.182486,1.014486,HWC,5,1,0,0
3643,1.072946,1.026828,HWC,1,1,0,0
2348,1.425415,1.410276,HWC,1,1,0,0
6891,1.251694,1.026458,HWC,1,1,0,0
7392,1.097948,1.253662,MGC,1,1,0,0
4649,1.792486,1.903781,MGC,1,1,0,0
6382,1.148832,1.236227,MGC,1,1,0,0
4656,1.210407,1.271219,MGC,2,1,0,0
5892,1.104822,1.434227,MGC,1,1,0,0
1818,1.295490,1.005594,HWC,1,1,0,0
1394,1.178646,0.986345,HWC,1,1,0,0
6968,1.287906,1.184366,HWC,1,1,0,0
1307,1.615511,1.488536,HWC,1,1,0,0
3550,1.185868,1.155448,HWC,1,1,0,0
3937,1.048914,1.119043,MGC,2,1,0,0
1649,1.234934,1.346814,MGC,1,1,0,0
7382,1.862102,1.531190,HWC,1,1,0,0
684,1.261232,1.380961,MGC,2,1,0,0
8877,1.338357,1.389081,MGC,1,1,0,0
6047,1.259994,1.579803,MGC,2,3,0,0
4937,1.095077,1.195392,MGC,1,1,0,0
8148,1.328087,1.378149,MGC,1,1,0,0
5967,1.115869,1.075480,HWC,1,1,0,0
3202,1.217965,1.305866,MGC,1,1,0,0
1077,1.484993,1.274298,HWC,2,1,0,0
576,1.464895,2.133805,MGC,2,2,0,0
2166,1.314950,1.230249,HWC,1,1,0,0
3526,1.067088,1.155911,MGC,1,1,0,0
3559,1.424700,1.471073,MGC,1,1,0,0
748,1.227927,1.669374,MGC,1,1,0,0
4457,1.238810,1.505074,MGC,1,1,0,0
3656,1.366152,1.472949,MGC,1,1,0,0
139,1.119750,1.603666,MGC,1,2,0,0
5228,1.339403,1.384455,MGC,1,1,0,0
8645,1.468914,1.713601,MGC,1,1,0,0
6011,1.046885,1.072646,MGC,1,1,0,0
41,1.330009,1.346433,MGC,1,1,0,0
5277,1.397954,1.447444,MGC,1,1,0,0
892,1.269625,1.071609,HWC,1,1,0,0
281,1.162136,1.076300,HWC,1,1,0,0
8695,1.159243,1.591414,MGC,6,5,0,0
404,1.203227,1.243868,MGC,2,1,0,0
2023,1.432225,1.028485,HWC,1,1,0,0
2059,1.131982,1.333608,MGC,1,1,0,0
4685,1.264703,1.074242,HWC,1,1,0,0
7769,1.214380,1.268595,MGC,2,1,0,0
4560,1.390575,1.607241,MGC,4,1,0,0
8527,1.150273,1.318376,MGC,3,1,0,0
7782,1.181542,1.266578,MGC,1,1,0,0
8450,1.239368,1.157784,HWC,1,1,0,0
4293,1.392911,1.476569,MGC,1,1,0,0
1962,1.206353,1.760390,MGC,3,3,0,0
8379,1.314064,1.439362,MGC,2,1,0,0
6198,1.242368,1.616467,MGC,1,2,0,0
8858,1.221442,1.472516,MGC,2,2,0,0
3010,1.263525,1.384729,MGC,1,1,0,0
4458,1.051545,1.427981,MGC,1,3,0,0
2499,1.195004,1.136601,HWC,1,1,0,0
107,1.043584,0.946422,HWC,1,2,0,0
1976,1.215051,2.125135,MGC,1,3,0,0
4272,1.091316,1.348758,MGC,1,1,0,0
1115,1.500828,1.232073,HWC,2,1,0,0
7351,1.114562,2.141142,MGC,3,5,0,0
8845,1.163387,1.245193,MGC,8,1,0,0
3201,1.373739,2.971844,MGC,1,1,0,0
8475,1.383606,1.305065,HWC,1,1,0,0
311,1.201616,1.085806,HWC,1,1,0,0
5856,1.153933,1.349622,MGC,1,1,0,0
8704,1.469043,1.734195,MGC,1,3,0,0
636,1.304289,1.217994,HWC,1,1,0,0
4429,1.144987,1.107863,HWC,2,1,0,0
5978,1.198542,1.468056,MGC,1,2,0,0
2621,1.285874,1.295211,MGC,1,1,0,0
5591,1.076752,1.146498,MGC,1,1,0,0
3684,1.257769,1.520317,MGC,3,1,0,0
6397,1.131328,1.483506,MGC,3,1,0,0
8449,1.370542,1.178816,HWC,2,1,0,0
1504,1.267373,1.596120,MGC,1,2,0,0
4101,1.140625,1.187455,MGC,1,1,0,0
8434,1.231305,1.428767,MGC,1,1,0,0
334,1.417347,1.236862,HWC,1,1,0,0
1117,1.151737,1.306390,MGC,4,1,0,0
8900,1.510546,1.093310,HWC,2,1,0,0
5524,1.372504,1.171167,HWC,1,1,0,0
2310,1.286446,1.418015,MGC,1,1,0,0
8962,1.131695,1.148292,MGC,1,1,0,0
1532,1.421867,1.654167,MGC,2,2,0,0
5663,1.063434,1.052741,HWC,1,1,0,0
6019,1.213611,1.133915,HWC,1,1,0,0
3876,1.197783,1.057493,HWC,4,1,0,0
7800,1.256274,1.078933,HWC,1,1,0,0
2492,1.313273,1.279892,HWC,3,2,0,0
4728,1.112960,1.168079,MGC,1,1,0,0
8192,1.131812,1.282557,MGC,2,1,0,0
277,1.169623,1.229947,MGC,1,2,0,0
7274,1.119721,1.119077,HWC,3,1,0,0
3927,1.284671,1.098739,HWC,1,1,0,0
3775,1.211337,1.037664,HWC,2,1,0,0
5500,1.126241,1.065953,HWC,1,1,0,0
2915,1.209483,1.548339,MGC,1,5,0,0
6499,1.264989,1.254160,HWC,1,1,0,0
6370,1.280536,1.411982,MGC,1,1,0,0
5557,1.202740,1.113196,HWC,1,1,0,0
1519,1.098212,1.134105,MGC,3,1,0,0
1219,1.308448,1.636991,MGC,2,5,0,0
982,1.336225,1.765849,MGC,1,2,0,0
5158,1.370262,1.454615,MGC,1,1,0,0
5431,1.237015,1.672806,MGC,1,1,0,0
8688,1.189781,1.567921,MGC,1,1,0,0
8692,1.354599,1.309410,HWC,1,1,0,0
2958,1.341096,1.091692,HWC,1,1,0,0
3972,1.652584,1.562705,HWC,2,1,0,0
858,1.135688,1.242338,MGC,1,1,0,0
1983,1.295790,1.206302,HWC,2,1,0,0
2828,1.175445,1.061804,HWC,2,1,0,0
4978,1.336403,1.651189,MGC,1,1,0,0
1861,1.075413,1.577481,MGC,2,1,0,0
1124,1.089777,1.228583,MGC,1,1,0,0
8817,1.539408,1.199096,HWC,1,1,0,0
4504,1.322045,1.717808,MGC,2,1,0,0
6389,1.076739,0.995851,HWC,1,1,0,0
8684,1.110198,1.639333,MGC,1,1,0,0
1324,1.198689,1.419148,MGC,1,1,0,0
5384,1.327693,1.209534,HWC,1,1,0,0
8640,1.399374,1.108379,HWC,1,1,0,0
7315,1.290440,1.068629,HWC,1,1,0,0
5204,1.216818,1.039321,HWC,1,1,0,0
3233,1.520082,1.143155,HWC,1,1,0,0
7480,1.168237,1.013514,HWC,1,1,0,0
331,1.187374,1.106087,HWC,1,1,0,0
4053,1.135822,1.180638,MGC,1,1,0,0
3813,1.106845,1.559350,MGC,1,2,0,0
4418,1.413445,1.190322,HWC,2,1,0,0
8429,1.250830,1.498239,MGC,4,1,0,0
65,1.261199,1.208596,HWC,3,1,0,0
3539,1.323678,1.463527,MGC,4,2,0,0
322,1.361398,1.068472,HWC,1,1,0,0
6217,1.151075,1.467889,MGC,1,1,0,0
584,1.223105,1.085284,HWC,1,1,0,0
1717,1.224362,0.989705,HWC,1,3,0,0
2529,1.155833,1.152295,HWC,1,1,0,0
8761,1.163374,1.475632,MGC,1,2,0,0
780,1.374399,1.586506,MGC,1,1,0,0
4431,1.609844,1.581811,HWC,2,2,0,0
1366,1.077646,1.149439,MGC,1,1,0,0
5082,1.158269,1.322936,MGC,1,1,0,0
609,1.420071,1.756260,MGC,1,1,0,0
7373,1.355415,1.057432,HWC,1,1,0,0
8551,1.243593,1.154754,HWC,1,1,0,0
7647,1.186904,1.087870,HWC,1,1,0,0
217,1.247186,1.092891,HWC,1,1,0,0
2988,1.183991,1.088253,HWC,2,1,0,0
71,1.189133,2.023829,MGC,5,3,0,0
1190,1.060825,1.259967,MGC,2,1,0,0
5050,1.176677,1.659301,MGC,3,2,0,0
4919,1.209258,1.622742,MGC,6,1,0,0
7447,1.192791,1.135219,HWC,1,1,0,0
7736,1.372423,1.613420,MGC,1,1,0,0
1104,1.491619,1.773510,MGC,1,2,0,0
5428,1.156330,1.078543,HWC,2,1,0,0
3723,1.176688,1.336569,MGC,1,1,0,0
94,1.273691,1.648670,MGC,2,1,0,0
2803,1.266382,1.438154,MGC,2,1,0,0
8768,1.275389,1.299614,MGC,1,1,0,0
3823,1.150696,1.365289,MGC,2,1,0,0
146,1.238371,1.216439,HWC,1,1,0,0
4539,1.178034,1.464885,MGC,3,2,0,0
777,1.136309,1.078443,HWC,2,1,0,0
190,1.202012,1.345502,MGC,1,1,0,0
1387,1.414680,1.239708,HWC,2,1,0,0
7906,1.425525,1.491288,MGC,2,1,0,0
5069,1.301976,1.414065,MGC,1,1,0,0
2832,1.319796,1.450586,MGC,2,2,0,0
1959,1.254769,1.079523,HWC,1,1,0,0
2580,1.110927,1.424552,MGC,1,1,0,0
8676,1.332135,1.981596,MGC,2,3,0,0
3909,1.187603,1.698390,MGC,1,1,0,0
5862,1.214959,1.054374,HWC,1,1,0,0
1697,1.178839,1.494455,MGC,3,1,0,0
1146,1.385795,1.761416,MGC,1,4,0,0
2751,1.504673,1.865059,MGC,1,1,0,0
7467,1.462451,1.110170,HWC,3,1,0,0
528,1.180594,1.720968,MGC,1,1,0,0
2526,1.251289,1.166332,HWC,1,1,0,0
8202,1.436313,1.059073,HWC,1,1,0,0
6623,1.284702,1.348224,MGC,1,1,0,0
8347,1.238070,1.288387,MGC,1,1,0,0
6815,1.230842,1.366428,MGC,1,1,0,0
7677,1.071948,1.214803,MGC,2,1,0,0
3679,1.189214,1.049763,HWC,1,1,0,0
4771,1.359704,1.147877,HWC,1,1,0,0
1373,1.193484,1.443038,MGC,3,1,0,0
3533,1.377544,1.412495,MGC,1,1,0,0
3105,1.154507,1.199810,MGC,3,2,0,0
7874,1.138694,1.081323,HWC,1,1,0,0
8504,1.266931,1.146900,HWC,1,1,0,0
5958,1.143936,1.075616,HWC,1,1,0,0
1215,1.344276,1.220049,HWC,1,1,0,0
551,1.095819,1.232512,MGC,1,1,0,0
471,1.308036,1.298849,HWC,1,1,0,0
5167,1.145979,1.097615,HWC,1,1,0,0
285,1.145593,1.339829,MGC,4,1,0,0
2395,1.265363,1.597631,MGC,1,1,0,0
7829,1.182407,1.386880,MGC,1,1,0,0
5851,1.412760,1.530121,MGC,2,1,0,0
868,1.187297,1.504521,MGC,2,7,0,0
3655,1.334734,1.670643,MGC,1,2,0,0
7127,1.205461,1.261139,MGC,1,1,0,0
3440,1.153167,1.225495,MGC,2,1,0,0
6528,1.238423,0.999928,HWC,1,1,0,0
3328,1.163882,1.322273,MGC,1,1,0,0
7489,1.239825,1.187984,HWC,1,1,0,0
1081,1.507531,1.399565,HWC,2,1,0,0
5024,1.358368,1.748550,MGC,1,3,0,0
8497,1.299506,1.240888,HWC,1,1,0,0
3477,1.155311,1.204403,MGC,2,1,0,0
8238,1.219657,1.397704,MGC,3,2,0,0
3614,1.291157,1.117984,HWC,1,1,0,0
1473,1.122855,1.274666,MGC,1,1,0,0
7591,1.125594,1.099476,HWC,1,1,0,0
706,1.084091,1.039504,HWC,1,1,0,0
6954,1.144915,1.698055,MGC,1,1,0,0
6384,1.207483,1.116470,HWC,1,1,0,0
7140,1.098877,1.331137,MGC,1,1,0,0
6696,1.141580,1.516362,MGC,3,2,0,0
2506,1.366288,1.455945,MGC,1,1,0,0
8275,1.130546,1.069904,HWC,1,1,0,0
3435,1.031750,1.052070,MGC,1,1,0,0
2417,1.202154,1.557660,MGC,1,2,0,0
5414,1.219559,1.383199,MGC,1,1,0,0
8558,1.124442,1.114357,HWC,1,1,0,0
6395,1.287222,1.332160,MGC,1,1,0,0
5849,1.183138,1.261775,MGC,2,1,0,0
4576,1.211164,1.353016,MGC,3,1,0,0
6486,1.374629,1.134059,HWC,2,1,0,0
6092,1.185374,1.331104,MGC,1,1,0,0
5680,1.254519,1.115028,HWC,1,1,0,0
8600,1.223112,1.364734,MGC,1,1,0,0
8749,1.247536,1.135344,HWC,1,1,0,0
1957,1.123055,1.669246,MGC,2,5,0,0
6383,1.224054,1.102170,HWC,1,1,0,0
2747,1.194517,1.286278,MGC,1,1,0,0
3565,1.270433,1.062717,HWC,1,1,0,0
8178,1.249562,1.083137,HWC,1,1,0,0
8862,1.165783,1.368843,MGC,2,5,0,0
3916,1.341524,1.125642,HWC,2,1,0,0
6112,1.371184,1.411725,MGC,2,1,0,0
3131,1.181897,1.125566,HWC,2,1,0,0
7387,1.136041,1.025412,HWC,1,1,0,0
8806,1.380222,1.245774,HWC,1,1,0,0
2677,1.174371,1.286953,MGC,2,1,0,0
1268,1.136116,1.240413,MGC,1,1,0,0
6997,1.165477,1.243918,MGC,1,1,0,0
4256,1.228613,1.314572,MGC,1,1,0,0
2924,1.108657,1.210967,MGC,1,1,0,0
5502,1.107025,1.339726,MGC,1,1,0,0
3757,1.194633,1.260581,MGC,1,1,0,0
3992,1.077504,1.013645,HWC,1,1,0,0
2319,1.263879,1.355389,MGC,2,2,0,0
156,1.145447,1.261388,MGC,1,1,0,0
8466,1.261807,1.875799,MGC,1,1,0,0
3571,1.251890,1.030903,HWC,3,1,0,0
3718,1.172569,1.811694,MGC,2,1,0,0
2457,1.168233,1.237859,MGC,2,1,0,0
8507,1.170389,1.604595,MGC,3,1,0,0
6155,1.247183,1.218696,HWC,1,1,0,0
3686,1.192552,1.251701,MGC,2,2,0,0
4265,1.177499,1.350779,MGC,2,1,0,0
109,1.232334,1.074702,HWC,1,1,0,0
2088,1.212870,1.362356,MGC,1,1,0,0
4755,1.280471,1.188444,HWC,1,1,0,0
6170,1.312404,1.562647,MGC,1,1,0,0
6724,1.099616,1.180043,MGC,1,1,0,0
3503,1.235056,1.419875,MGC,1,1,0,0
2527,1.095275,2.284510,MGC,3,3,0,0
6381,1.474843,1.419182,HWC,1,1,0,0
1370,1.356952,1.283026,HWC,2,1,0,0
6881,1.244538,1.423169,MGC,1,1,0,0
2447,1.181192,1.322044,MGC,3,2,0,0
4524,1.221799,1.777072,MGC,1,1,0,0
4541,1.173476,1.029145,HWC,2,1,0,0
364,1.145460,1.041816,HWC,1,1,0,0
1926,1.229500,1.725397,MGC,3,1,0,0
8225,1.398566,1.526551,MGC,1,1,0,0
5239,1.162639,1.865910,MGC,1,1,0,0
1471,1.263370,1.866438,MGC,2,4,0,0
4647,1.245579,1.098286,HWC,1,1,0,0
3189,1.071681,1.074043,MGC,1,1,0,0
1707,1.095302,1.392147,MGC,7,4,0,0
7077,1.197449,1.418634,MGC,1,1,0,0
1920,1.175824,1.168595,HWC,1,1,0,0
4476,1.266869,1.502191,MGC,2,1,0,0
4812,1.248125,1.527126,MGC,2,2,0,0
1647,1.192444,1.380981,MGC,1,1,0,0
8034,1.461183,1.308707,HWC,1,1,0,0
3386,1.376440,1.063685,HWC,1,1,0,0
7651,1.279210,1.365506,MGC,1,1,0,0
4449,1.380555,1.331488,HWC,2,1,0,0
8740,1.273887,1.508362,MGC,4,3,0,0
7278,1.179220,1.241833,MGC,3,1,0,0
1565,1.247169,1.088988,HWC,1,1,0,0
1771,1.151510,1.290490,MGC,4,1,0,0
1860,1.147069,1.017645,HWC,1,1,0,0
8013,1.302289,1.016800,HWC,1,1,0,0
6353,1.222198,1.252863,MGC,1,1,0,0
8650,1.201631,1.329699,MGC,2,1,0,0
3311,1.376417,1.243133,HWC,1,1,0,0
4258,1.154382,1.003074,HWC,2,1,0,0
6414,1.285909,1.069409,HWC,1,1,0,0
4612,1.270665,1.405165,MGC,1,1,0,0
1531,1.200637,1.364038,MGC,1,1,0,0
6945,1.399394,1.090396,HWC,1,1,0,0
1044,1.278703,1.437518,MGC,1,1,0,0
811,1.297100,1.418849,MGC,1,1,0,0
2360,1.326209,1.232796,HWC,1,1,0,0
685,1.466005,1.406268,HWC,1,1,0,0
3040,1.140887,1.201599,MGC,1,1,0,0
5691,1.158642,1.553037,MGC,1,6,0,0
4892,1.170095,1.310140,MGC,3,3,0,0
1256,1.280628,1.121195,HWC,4,1,0,0
8509,1.287522,1.305569,MGC,1,1,0,0
1709,1.213215,1.970222,MGC,2,3,0,0
7599,1.182627,1.044332,HWC,1,1,0,0
7225,1.238835,1.014790,HWC,1,1,0,0
3109,1.188729,1.091613,HWC,1,1,0,0
969,1.094437,1.090952,HWC,2,1,0,0
4901,1.387022,1.053869,HWC,1,1,0,0
4506,1.273742,1.847893,MGC,1,1,0,0
1074,1.051525,1.058614,MGC,1,1,0,0
2905,1.278900,1.046704,HWC,1,1,0,0
2135,1.311860,1.357170,MGC,1,1,0,0
4841,1.080127,1.388057,MGC,2,1,0,0
2423,1.212130,1.096695,HWC,1,1,0,0
2378,1.206434,1.479797,MGC,1,1,0,0
3914,1.337447,1.325605,HWC,2,1,0,0
116,1.222135,1.413558,MGC,1,1,0,0
4092,1.282206,1.594152,MGC,2,1,0,0
7275,1.301384,1.328527,MGC,1,1,0,0
6131,1.233775,1.200154,HWC,1,1,0,0
2081,1.269718,1.723953,MGC,1,1,0,0
2007,1.069467,1.110349,MGC,1,1,0,0
2647,1.181542,1.214757,MGC,1,1,0,0
6553,1.265860,1.247809,HWC,1,1,0,0
7526,1.222746,1.381790,MGC,5,1,0,0
1664,1.081031,1.260479,MGC,1,1,0,0
1693,1.160054,1.218695,MGC,1,1,0,0
2638,1.106966,1.033309,HWC,1,1,0,0
2993,1.313707,1.675737,MGC,3,3,0,0
147,1.353929,1.537575,MGC,1,1,0,0
3917,1.126486,1.381051,MGC,4,1,0,0
7456,1.257179,1.357375,MGC,3,1,0,0
6652,1.424268,1.121407,HWC,1,1,0,0
1012,1.180723,1.128653,HWC,1,1,0,0
922,1.234564,1.094117,HWC,1,1,0,0
4597,1.094017,1.514174,MGC,3,2,0,0
8354,1.235384,1.474168,MGC,3,1,0,0
79,1.316200,1.410695,MGC,1,1,0,0
7804,1.428143,1.058595,HWC,1,1,0,0
4442,1.172067,1.174351,MGC,8,1,0,0
1239,1.103830,1.443083,MGC,1,1,0,0
6278,1.489522,1.235729,HWC,2,1,0,0
8800,1.315331,1.383896,MGC,1,1,0,0
6573,1.150335,1.597272,MGC,1,1,0,0
301,1.208667,1.100828,HWC,1,1,0,0
6994,1.125027,1.341032,MGC,1,1,0,0
5275,1.137877,1.760109,MGC,2,1,0,0
1323,1.302616,1.456709,MGC,1,1,0,0
5938,1.204864,1.546724,MGC,1,1,0,0
3324,1.141828,1.340323,MGC,4,1,0,0
2038,1.301026,1.132313,HWC,1,1,0,0
5852,1.226433,1.244817,MGC,3,1,0,0
5320,1.114653,1.071207,HWC,1,1,0,0
5752,1.238949,1.029421,HWC,2,1,0,0
2633,1.162398,2.266273,MGC,1,1,0,0
2794,1.045793,1.033686,HWC,1,1,0,0
6761,1.114106,1.443297,MGC,1,1,0,0
188,1.112777,1.118937,MGC,1,1,0,0
7814,1.056131,1.063593,MGC,1,1,0,0
3351,1.105025,1.412307,MGC,4,1,0,0
8626,1.216729,1.571478,MGC,1,2,0,0
7292,1.377014,1.443756,MGC,1,1,0,0
3935,1.068251,1.117498,MGC,1,1,0,0
5569,1.066688,1.099471,MGC,1,1,0,0
4737,1.182996,1.266460,MGC,5,1,0,0
4522,1.121592,1.132822,MGC,1,1,0,0
216,1.261400,1.274857,MGC,1,1,0,0
7184,1.418243,1.712008,MGC,1,1,0,0
7363,1.761224,1.288562,HWC,1,1,0,0
834,1.117912,1.270413,MGC,4,1,0,0
95,1.151485,1.191419,MGC,1,1,0,0
5265,1.227947,1.653031,MGC,2,1,0,0
5236,1.307732,1.823639,MGC,2,1,0,0
8108,1.214881,1.425515,MGC,2,1,0,0
192,1.331469,1.697077,MGC,2,1,0,0
3674,1.285650,1.452155,MGC,1,1,0,0
5678,1.204896,1.314069,MGC,1,1,0,0
4867,1.205115,1.246852,MGC,1,1,0,0
4434,1.106691,1.239622,MGC,1,1,0,0
923,1.263815,1.258499,HWC,3,5,0,0
8479,1.406551,1.779374,MGC,5,2,0,0
6673,1.245476,1.376541,MGC,1,1,0,0
1422,1.146042,1.039134,HWC,2,1,0,0
6468,1.338138,1.296867,HWC,1,1,0,0
3898,1.466057,1.164879,HWC,1,1,0,0
2391,1.276202,1.490402,MGC,2,3,0,0
1980,1.164802,1.115960,HWC,1,1,0,0
1194,1.390800,1.393093,MGC,1,1,0,0
5350,1.216075,1.367024,MGC,6,1,0,0
4021,1.239974,1.113839,HWC,1,1,0,0
3816,1.095035,1.211523,MGC,1,1,0,0
978,1.399332,1.051372,HWC,1,1,0,0
2191,1.266823,1.792986,MGC,4,1,0,0
2652,1.354761,1.409611,MGC,1,1,0,0
6132,1.214440,1.725868,MGC,1,3,0,0
7650,1.223339,1.016215,HWC,1,1,0,0
6798,1.157404,1.692326,MGC,3,3,0,0
523,1.245324,1.122766,HWC,1,1,0,0
430,1.247269,1.065135,HWC,5,1,0,0
7784,1.369447,1.494674,MGC,1,1,0,0
2172,1.200159,1.433655,MGC,5,1,0,0
7454,1.360583,0.952411,HWC,1,1,0,0
8343,1.199198,1.042430,HWC,1,1,0,0
7143,1.173572,1.437570,MGC,3,1,0,0
8683,1.285183,1.538187,MGC,1,1,0,0
476,1.333134,1.336023,MGC,1,1,0,0
4316,1.050200,1.920418,MGC,1,3,0,0
486,1.564169,1.488281,HWC,1,1,0,0
106,1.493724,1.869671,MGC,1,1,0,0
1226,1.093308,1.202109,MGC,4,1,0,0
7725,1.239501,1.587890,MGC,2,1,0,0
8105,1.116238,1.480037,MGC,1,5,0,0
7802,1.157495,1.279862,MGC,1,1,0,0
237,1.407924,1.168505,HWC,1,1,0,0
1255,1.219785,1.202859,HWC,1,1,0,0
2265,1.166222,1.095056,HWC,1,1,0,0
7820,1.419183,1.286125,HWC,1,1,0,0
5179,1.228589,1.359601,MGC,1,1,0,0
2628,1.588572,2.200648,MGC,1,1,0,0
622,1.211118,1.060220,HWC,1,1,0,0
1411,1.169282,1.226685,MGC,5,1,0,0
5596,1.132480,1.268986,MGC,1,1,0,0
6261,1.163038,1.279119,MGC,1,1,0,0
624,1.151118,1.355467,MGC,1,1,0,0
7406,1.166818,1.209375,MGC,3,2,0,0
5289,1.276898,1.405853,MGC,1,1,0,0
8326,1.182642,1.499867,MGC,1,1,0,0
4515,1.163094,1.500786,MGC,3,1,0,0
3455,1.430635,1.180945,HWC,1,1,0,0
5822,1.133829,1.198471,MGC,3,1,0,0
1385,1.221984,1.412971,MGC,1,2,0,0
8024,1.262771,1.056777,HWC,2,1,0,0
5106,1.282052,1.478729,MGC,3,2,0,0
275,1.196150,1.282344,MGC,2,1,0,0
7872,1.065604,1.053103,HWC,1,1,0,0
1523,1.241317,1.979792,MGC,2,1,0,0
5798,1.240450,1.055093,HWC,1,1,0,0
69,1.425780,1.167409,HWC,1,1,0,0
1802,1.475787,1.494389,MGC,2,1,0,0
4514,1.288572,1.186068,HWC,1,1,0,0
6658,1.327805,1.687538,MGC,1,1,0,0
7695,1.356964,1.118707,HWC,3,1,0,0
3700,1.237745,1.245712,MGC,6,1,0,0
7913,1.364318,1.337753,HWC,1,1,0,0
5517,1.036303,1.060347,MGC,1,1,0,0
6121,1.302302,2.384830,MGC,1,2,0,0
7147,1.251043,1.350637,MGC,1,1,0,0
454,1.201634,1.240556,MGC,2,6,0,0
6996,1.249878,1.615307,MGC,2,1,0,0
3424,1.167358,1.183471,MGC,1,1,0,0
3767,1.174150,1.499189,MGC,1,1,0,0
3013,1.123819,1.133096,MGC,1,1,0,0
2215,1.350673,1.430345,MGC,1,1,0,0
6605,1.223044,1.303397,MGC,2,1,0,0
4205,1.126121,1.090443,HWC,1,1,0,0
7729,1.455060,1.554779,MGC,1,1,0,0
6405,1.204392,1.689054,MGC,3,1,0,0
2945,1.149900,1.166354,MGC,1,1,0,0
7301,1.240406,1.619658,MGC,1,5,0,0
5316,1.275536,1.795689,MGC,4,1,0,0
8395,1.165508,1.098515,HWC,1,1,0,0
3321,1.205499,1.217911,MGC,1,1,0,0
8234,1.253574,1.425417,MGC,1,1,0,0
394,1.191289,1.266251,MGC,1,1,0,0
6284,1.206247,1.513136,MGC,2,1,0,0
6858,1.209845,1.102908,HWC,1,1,0,0
152,1.094763,1.251867,MGC,1,1,0,0
2946,1.229855,1.112694,HWC,1,1,0,0
8145,1.207178,1.543562,MGC,1,1,0,0
2295,1.253694,1.035016,HWC,1,1,0,0
2941,1.166928,1.397608,MGC,1,1,0,0
6406,1.273224,1.217843,HWC,1,1,0,0
3432,1.234029,1.271337,MGC,1,1,0,0
608,1.143437,1.298077,MGC,1,1,0,0
6638,1.678047,1.652347,HWC,2,1,0,0
2510,1.159756,1.446963,MGC,1,1,0,0
8021,1.229739,1.372451,MGC,1,1,0,0
5027,1.194542,1.140543,HWC,1,1,0,0
1551,1.365831,1.253534,HWC,2,1,0,0
7502,1.387362,1.659965,MGC,1,1,0,0
2976,1.309530,1.510965,MGC,1,1,0,0
1100,1.290257,1.123218,HWC,1,1,0,0
330,1.121458,1.249091,MGC,1,1,0,0
3074,1.185590,1.401453,MGC,1,1,0,0
4688,1.213958,1.330960,MGC,1,2,0,0
6483,1.171015,1.457893,MGC,7,1,0,0
6753,1.238263,1.061018,HWC,3,1,0,0
5923,1.357203,1.354234,HWC,2,1,0,0
7248,1.424461,1.505838,MGC,1,1,0,0
1294,1.179448,1.226969,MGC,1,1,0,0
4507,1.196603,1.327627,MGC,1,1,0,0
1676,1.316291,1.408121,MGC,1,1,0,0
7861,1.293041,2.330320,MGC,3,2,0,0
2556,1.139668,1.085380,HWC,1,1,0,0
8852,1.203037,1.325573,MGC,1,1,0,0
841,1.165265,1.187964,MGC,3,1,0,0
3018,1.188492,1.237333,MGC,1,1,0,0
8660,1.130655,1.090717,HWC,2,1,0,0
5077,1.106703,1.136083,MGC,1,1,0,0
3167,1.147964,1.225719,MGC,1,1,0,0
6920,1.172582,1.607948,MGC,2,1,0,0
2789,1.328560,0.897268,HWC,1,1,0,0
2757,1.164861,1.248452,MGC,2,1,0,0
4678,1.198462,1.369476,MGC,1,1,0,0
4197,1.220023,1.267797,MGC,1,1,0,0
1728,1.159196,1.370171,MGC,1,1,0,0
8786,1.564194,1.080695,HWC,1,1,0,0
1258,1.129467,1.391113,MGC,4,1,0,0
5266,1.146031,1.096821,HWC,1,1,0,0
7042,1.100972,1.608673,MGC,1,1,0,0
326,1.335390,1.514351,MGC,1,1,0,0
7515,1.367588,1.014110,HWC,1,1,0,0
4525,1.131936,1.048700,HWC,1,1,0,0
2294,1.379501,1.038922,HWC,1,1,0,0
4183,1.278241,1.173760,HWC,1,1,0,0
3122,1.301975,1.071281,HWC,1,1,0,0
4677,1.133144,1.467652,MGC,1,1,0,0
302,1.132729,1.226126,MGC,1,1,0,0
7285,1.240321,1.097298,HWC,1,1,0,0
5900,1.394841,1.097370,HWC,2,1,0,0
1734,1.280647,2.341841,MGC,1,1,0,0
8690,1.215012,1.028628,HWC,2,1,0,0
1460,1.434981,1.562687,MGC,1,1,0,0
5598,1.172454,1.496542,MGC,1,1,0,0
924,1.170808,1.100086,HWC,1,1,0,0
5960,1.224941,1.142517,HWC,1,1,0,0
6210,1.024074,1.537761,MGC,1,1,0,0
7432,1.439738,1.064636,HWC,1,1,0,0
225,1.204197,1.219034,MGC,1,1,0,0
3547,1.155369,1.116431,HWC,1,1,0,0
1903,1.335953,1.066296,HWC,2,1,0,0
6292,1.200914,1.031084,HWC,1,1,0,0
6340,1.092830,1.576445,MGC,1,1,0,0
8598,1.099499,1.041462,HWC,1,1,0,0
756,1.172567,1.411932,MGC,1,1,0,0
4636,1.230586,1.017013,HWC,2,1,0,0
4495,1.095402,1.158673,MGC,1,1,0,0
7543,1.031265,1.138124,MGC,1,1,0,0
966,1.149124,1.184894,MGC,1,1,0,0
8339,1.465121,1.402310,HWC,1,1,0,0
732,1.249935,1.223874,HWC,1,1,0,0
5142,1.354572,1.051229,HWC,4,1,0,0
6017,1.187035,1.298813,MGC,2,1,0,0
2932,1.138143,1.300602,MGC,1,1,0,0
3511,1.137255,1.322212,MGC,1,1,0,0
8937,1.499808,0.999452,HWC,1,1,0,0
3241,1.192423,1.188137,HWC,2,1,0,0
2367,1.283549,1.041377,HWC,2,1,0,0
1949,1.261837,1.059056,HWC,1,1,0,0
8596,1.170668,1.299267,MGC,1,1,0,0
733,1.140359,1.203445,MGC,2,1,0,0
7617,1.261001,1.225467,HWC,1,1,0,0
5896,1.331351,1.779320,MGC,1,4,0,0
5761,1.196524,1.053467,HWC,2,1,0,0
6355,1.107782,1.153004,MGC,1,1,0,0
3985,1.077370,1.383046,MGC,1,2,0,0
8968,1.307627,1.622054,MGC,1,2,0,0
1644,1.122919,1.239648,MGC,5,2,0,0
3284,1.336036,1.393830,MGC,1,1,0,0
3926,1.293897,1.394818,MGC,5,1,0,0
298,1.295191,1.212950,HWC,1,1,0,0
7586,1.236127,1.321571,MGC,1,1,0,0
8141,1.293010,1.365726,MGC,1,1,0,0
7563,1.214523,1.190498,HWC,1,1,0,0
8144,1.291123,1.225216,HWC,1,1,0,0
7648,1.251934,1.039807,HWC,1,1,0,0
8007,1.096033,1.071191,HWC,1,1,0,0
3997,1.474521,1.126388,HWC,1,1,0,0
3901,1.227085,1.350812,MGC,1,1,0,0
7920,1.188372,1.785804,MGC,4,2,0,0
2168,1.162447,1.325745,MGC,1,1,0,0
6819,1.338839,1.247474,HWC,2,1,0,0
7590,1.227298,1.666619,MGC,3,2,0,0
8440,1.171251,1.155283,HWC,2,1,0,0
5248,1.044975,1.300872,MGC,9,2,0,0
6332,1.310318,1.343784,MGC,2,1,0,0
610,1.156182,1.094574,HWC,1,1,0,0
6527,1.245635,1.069316,HWC,1,1,0,0
3553,1.463691,1.586711,MGC,2,1,0,0
5700,1.198000,1.278584,MGC,6,1,0,0
4965,1.174555,1.252065,MGC,1,1,0,0
8856,1.281084,1.148100,HWC,1,1,0,0
296,1.153684,1.191325,MGC,1,1,0,0
6701,1.290192,1.464483,MGC,2,1,0,0
166,1.154741,1.093772,HWC,1,1,0,0
6051,1.131735,1.359499,MGC,6,1,0,0
4700,1.236770,1.905875,MGC,1,4,0,0
7108,1.202625,1.055643,HWC,3,1,0,0
2667,1.135256,1.425847,MGC,1,1,0,0
7876,1.286291,1.312147,MGC,1,1,0,0
3930,1.119736,1.010034,HWC,4,1,0,0
3552,1.217489,1.236812,MGC,2,1,0,0
4410,1.229390,1.502435,MGC,2,4,0,0
8112,1.279526,1.962836,MGC,1,1,0,0
775,1.395267,1.315069,HWC,1,1,0,0
2424,1.216198,1.371768,MGC,1,1,0,0
6685,1.212354,1.677434,MGC,2,1,0,0
509,1.283870,1.219511,HWC,1,1,0,0
828,1.265015,1.579155,MGC,1,1,0,0
262,1.248481,1.231178,HWC,1,1,0,0
5751,1.130872,1.238045,MGC,1,1,0,0
2928,1.170544,1.364311,MGC,2,1,0,0
1684,1.240737,1.048404,HWC,8,1,0,0
2019,1.061575,1.247529,MGC,1,1,0,0
3588,1.200323,1.047325,HWC,1,1,0,0
7609,1.125627,1.301213,MGC,1,1,0,0
8863,1.205577,1.065498,HWC,2,1,0,0
4099,1.171557,1.443787,MGC,2,1,0,0
7589,1.301712,1.086750,HWC,1,1,0,0
8590,1.286141,1.242879,HWC,2,1,0,0
3763,1.513384,1.953087,MGC,1,1,0,0
3777,1.160842,1.493246,MGC,1,1,0,0
8081,1.220718,1.223235,MGC,2,1,0,0
7270,1.179975,1.607494,MGC,2,3,0,0
4462,1.186460,1.068681,HWC,1,1,0,0
7457,1.031196,1.077346,MGC,1,1,0,0
242,1.488643,1.146655,HWC,3,1,0,0
3958,1.106494,1.082325,HWC,1,1,0,0
5014,1.709014,1.202946,HWC,1,1,0,0
8459,1.192575,1.339923,MGC,1,1,0,0
3969,1.251030,1.227384,HWC,1,1,0,0
3317,1.085446,1.064421,HWC,1,1,0,0
2607,1.173559,1.462887,MGC,1,3,0,0
4377,1.155660,1.398960,MGC,1,2,0,0
5639,1.299345,1.437634,MGC,2,1,0,0
3630,1.248982,1.172316,HWC,1,1,0,0
8677,1.119099,1.026291,HWC,1,1,0,0
3068,1.233273,1.092596,HWC,2,1,0,0
8109,1.294332,1.271385,HWC,1,2,0,0
48,1.342005,1.430391,MGC,1,1,0,0
2029,1.472941,1.402733,HWC,1,1,0,0
1538,1.301431,1.441623,MGC,1,1,0,0
7937,1.338552,1.535467,MGC,1,1,0,0
1247,1.080934,1.584832,MGC,1,1,0,0
4019,1.315585,1.832655,MGC,1,1,0,0
505,1.326922,1.096034,HWC,1,5,0,0
4862,1.120914,1.023058,HWC,1,1,0,0
3273,1.245497,1.433826,MGC,3,1,0,0
8349,1.384041,1.347497,HWC,2,1,0,0
8827,1.219113,1.088881,HWC,1,1,0,0
3638,1.206102,1.708625,MGC,2,1,0,0
807,1.468817,1.562444,MGC,1,1,0,0
2365,1.216960,1.302211,MGC,1,1,0,0
5999,1.250611,1.043452,HWC,1,1,0,0
1878,1.246605,1.216650,HWC,1,1,0,0
5274,1.208230,1.316414,MGC,1,1,0,0
6607,1.227431,1.229146,MGC,1,1,0,0
1157,1.604655,1.654349,MGC,1,1,0,0
499,1.278616,1.048455,HWC,1,1,0,0
5800,1.470649,1.434573,HWC,2,1,0,0
7159,1.300753,1.147362,HWC,1,1,0,0
4879,1.176684,1.225265,MGC,1,1,0,0
1741,1.202683,1.174715,HWC,2,1,0,0
1388,1.246512,1.457451,MGC,1,1,0,0
7425,1.402412,1.388787,HWC,1,1,0,0
4473,1.105530,1.043587,HWC,1,1,0,0
323,1.412751,1.026797,HWC,1,1,0,0
2257,1.225965,1.158150,HWC,1,1,0,0
1825,1.197244,1.063278,HWC,3,1,0,0
7091,1.140418,1.335337,MGC,2,1,0,0
1120,1.139085,1.645451,MGC,3,1,0,0
5471,1.079990,1.027039,HWC,1,1,0,0
5765,1.236579,1.464370,MGC,1,1,0,0
921,1.208175,1.412220,MGC,2,1,0,0
6959,1.108574,1.004937,HWC,1,1,0,0
1123,1.332317,1.386889,MGC,1,2,0,0
2725,1.020298,1.354245,MGC,1,1,0,0
4601,1.246306,1.675497,MGC,2,2,0,0
7714,1.202080,1.131372,HWC,3,1,0,0
444,1.264825,1.009250,HWC,2,1,0,0
6127,1.346185,1.380599,MGC,1,1,0,0
5415,1.099732,1.221605,MGC,1,1,0,0
1990,1.142837,1.034640,HWC,1,1,0,0
6448,1.222817,1.095717,HWC,1,1,0,0
711,1.171742,1.593226,MGC,4,2,0,0
469,1.364676,1.348518,HWC,1,3,0,0
872,1.218795,1.291566,MGC,3,1,0,0
6747,1.152997,1.043254,HWC,1,1,0,0
5173,1.223030,1.473050,MGC,4,1,0,0
8748,1.119251,1.366577,MGC,2,3,0,0
4648,1.039788,1.094190,MGC,1,1,0,0
7863,1.090081,1.242226,MGC,2,1,0,0
1170,1.346832,1.435552,MGC,2,1,0,0
4551,1.081568,1.288012,MGC,1,1,0,0
6804,1.334369,1.053459,HWC,1,1,0,0
6670,1.268888,1.304447,MGC,1,1,0,0
7067,1.373612,1.158033,HWC,1,1,0,0
172,1.134928,1.508952,MGC,1,1,0,0
1942,1.212995,1.288980,MGC,1,1,0,0
2346,1.442634,1.247454,HWC,1,1,0,0
333,1.275794,1.142210,HWC,1,1,0,0
2509,1.191518,2.272211,MGC,2,3,0,0
1027,1.310794,1.099033,HWC,1,1,0,0
2644,1.427670,1.568337,MGC,1,1,0,0
4786,1.365514,1.074735,HWC,1,1,0,0
6606,1.198821,1.301039,MGC,8,1,0,0
4806,1.311923,1.475050,MGC,3,2,0,0
1311,1.273816,1.475129,MGC,3,1,0,0
5527,1.224675,1.067410,HWC,1,1,0,0
754,1.133501,1.225899,MGC,5,1,0,0
8520,1.391597,1.189264,HWC,1,1,0,0
2543,1.227520,1.116994,HWC,1,1,0,0
6892,1.413835,1.123195,HWC,1,1,0,0
3498,1.184309,1.319070,MGC,2,1,0,0
306,1.463327,1.333377,HWC,1,1,0,0
3835,1.470333,1.369194,HWC,1,1,0,0
670,1.141566,1.440371,MGC,1,1,0,0
6037,1.171357,1.153955,HWC,1,1,0,0
8531,1.137126,1.795541,MGC,1,1,0,0
8580,1.309612,1.315100,MGC,1,1,0,0
8302,1.190057,1.488312,MGC,3,2,0,0
8331,1.276114,1.264220,HWC,1,1,0,0
8071,1.354870,1.765500,MGC,1,1,0,0
7262,1.153145,1.097202,HWC,8,1,0,0
1174,1.203582,1.387286,MGC,3,2,0,0
6244,1.225365,1.275773,MGC,2,1,0,0
7987,1.222971,1.293078,MGC,1,1,0,0
4811,1.114745,1.095297,HWC,2,1,0,0
6185,1.098021,2.476071,MGC,1,2,0,0
2405,1.077247,1.311988,MGC,7,1,0,0
3793,1.158922,1.073084,HWC,5,1,0,0
8578,1.155007,1.088402,HWC,1,1,0,0
511,1.278733,1.058733,HWC,1,1,0,0
3784,1.196991,1.249485,MGC,1,1,0,0
2409,1.125389,1.230897,MGC,2,1,0,0
7717,1.222125,1.198227,HWC,1,1,0,0
8095,1.092778,1.066696,HWC,1,1,0,0
177,1.328533,1.313533,HWC,1,1,0,0
1569,1.215463,1.129123,HWC,1,1,0,0
5731,1.291163,1.070995,HWC,1,1,0,0
4773,1.087763,1.043763,HWC,1,1,0,0
1841,1.108768,1.717649,MGC,1,5,0,0
6538,1.037855,1.520604,MGC,6,5,0,0
8998,1.212295,1.115494,HWC,1,1,0,0
7207,1.211867,1.202498,HWC,1,1,0,0
6296,1.152847,1.606875,MGC,2,5,0,0
2700,1.098723,1.646852,MGC,1,1,0,0
6717,1.154793,1.338274,MGC,1,1,0,0
8970,1.209874,1.475396,MGC,5,1,0,0
5708,1.305942,1.403170,MGC,2,1,0,0
3773,1.330386,1.143494,HWC,4,1,0,0
8345,1.260289,1.064611,HWC,1,1,0,0
6187,1.412727,1.663911,MGC,1,1,0,0
981,1.361177,1.491093,MGC,2,1,0,0
7582,1.640080,1.352694,HWC,1,1,0,0
7869,1.225061,1.175264,HWC,1,1,0,0
5103,1.222265,1.128166,HWC,1,1,0,0
7832,1.323250,1.337372,MGC,1,1,0,0
3856,1.211730,1.034240,HWC,1,1,0,0
6928,1.223644,1.136806,HWC,1,1,0,0
4881,1.336448,1.029230,HWC,2,1,0,0
5632,1.199687,1.051864,HWC,1,1,0,0
4270,1.165067,1.164071,HWC,1,1,0,0
6617,1.283901,1.313516,MGC,3,1,0,0
6966,1.358283,1.419547,MGC,1,1,0,0
1309,1.161728,1.061770,HWC,1,1,0,0
4498,1.075587,0.994924,HWC,1,1,0,0
8365,1.138627,1.074434,HWC,3,1,0,0
3402,1.215732,1.100186,HWC,1,1,0,0
1438,1.196728,1.035467,HWC,1,1,0,0
268,1.476483,1.519222,MGC,1,1,0,0
7720,1.136882,1.192784,MGC,10,1,0,0
4028,1.273955,1.342803,MGC,4,1,0,0
4481,1.107004,1.139960,MGC,4,1,0,0
6216,1.044271,1.273503,MGC,2,1,0,0
114,1.187251,1.338312,MGC,1,1,0,0
693,1.038532,1.264939,MGC,1,1,0,0
5172,1.130910,1.259853,MGC,1,1,0,0
3025,1.240051,1.412855,MGC,5,1,0,0
7959,1.061418,1.027092,HWC,1,1,0,0
142,1.300156,1.649810,MGC,2,1,0,0
8265,1.234493,1.108217,HWC,1,1,0,0
8102,1.274548,1.095433,HWC,1,1,0,0
8170,1.656510,1.315807,HWC,1,1,0,0
5685,1.429430,1.122119,HWC,1,1,0,0
6630,1.183548,1.305702,MGC,1,2,0,0
7220,1.091355,1.068144,HWC,1,1,0,0
806,1.301840,1.370223,MGC,1,1,0,0
2320,1.169360,1.103475,HWC,1,1,0,0
6182,1.300216,1.145578,HWC,1,1,0,0
4340,1.269251,1.126956,HWC,2,1,0,0
3208,1.173581,1.472150,MGC,4,1,0,0
1932,1.215941,1.606345,MGC,1,1,0,0
2746,1.186343,1.996900,MGC,1,3,0,0
2116,1.237346,1.158746,HWC,2,1,0,0
3695,1.238232,1.224958,HWC,2,3,0,0
3372,1.190187,1.265690,MGC,3,1,0,0
4317,1.132982,1.020973,HWC,1,1,0,0
4792,1.177582,1.295016,MGC,7,2,0,0
1004,1.563275,2.047724,MGC,1,1,0,0
8608,1.183583,1.255227,MGC,2,1,0,0
195,1.279100,1.302463,MGC,1,1,0,0
7968,1.429315,1.049191,HWC,1,1,0,0
3558,1.305693,1.068859,HWC,2,1,0,0
2740,1.406675,1.196894,HWC,2,1,0,0
3425,1.175014,1.500686,MGC,2,1,0,0
2768,1.308129,1.114400,HWC,2,1,0,0
6810,1.276042,1.594994,MGC,1,1,0,0
6707,1.540757,1.800571,MGC,1,1,0,0
1433,1.177084,1.331408,MGC,3,3,0,0
5361,1.272565,1.267978,HWC,3,1,0,0
1710,1.142326,1.079712,HWC,1,1,0,0
3060,1.171316,1.340263,MGC,3,1,0,0
586,1.116339,1.060890,HWC,1,1,0,0
1925,1.140469,1.079163,HWC,1,1,0,0
7103,1.413282,1.193879,HWC,1,1,0,0
5457,1.295089,1.366472,MGC,1,1,0,0
2761,1.182454,1.213748,MGC,1,1,0,0
8132,1.105718,1.060467,HWC,1,1,0,0
6478,1.200119,1.016502,HWC,1,1,0,0
8358,1.283198,1.416730,MGC,1,1,0,0
8928,1.218906,1.326359,MGC,1,1,0,0
944,1.403417,1.424964,MGC,1,1,0,0
8767,1.233406,1.891924,MGC,5,2,0,0
8218,1.248844,1.326684,MGC,1,2,0,0
8483,1.076313,1.489922,MGC,3,1,0,0
8340,1.435274,1.151597,HWC,1,1,0,0
5609,1.205849,1.089541,HWC,2,1,0,0
2960,1.178879,1.131744,HWC,3,1,0,0
7252,1.190504,1.251568,MGC,3,1,0,0
6049,1.167158,1.069029,HWC,1,1,0,0
2086,1.513758,1.711180,MGC,1,1,0,0
8107,1.220813,1.079937,HWC,1,1,0,0
2452,1.169660,1.099287,HWC,1,1,0,0
7249,1.143379,1.226023,MGC,1,1,0,0
1843,1.682321,1.221968,HWC,1,1,0,0
2612,1.435173,1.733626,MGC,2,2,0,0
3812,1.287557,1.465925,MGC,1,3,0,0
6931,1.120443,1.306408,MGC,2,1,0,0
7661,1.043936,1.364561,MGC,11,1,0,0
4887,1.260562,1.502946,MGC,1,1,0,0
6431,1.225165,1.416382,MGC,1,1,0,0
4961,1.166419,1.954371,MGC,2,2,0,0
727,1.183671,1.271860,MGC,1,1,0,0
6843,1.137670,1.331649,MGC,1,1,0,0
7862,1.269505,1.602489,MGC,2,1,0,0
7810,1.167439,1.212712,MGC,1,1,0,0
2379,1.166560,1.262745,MGC,3,1,0,0
734,1.238665,1.142970,HWC,1,1,0,0
8003,1.296678,1.550603,MGC,1,1,0,0
8927,1.289216,1.607061,MGC,1,1,0,0
8023,1.175586,1.056031,HWC,1,1,0,0
5834,1.135738,1.042334,HWC,2,1,0,0
25,1.155945,1.037581,HWC,1,1,0,0
5180,1.371366,1.215421,HWC,1,1,0,0
1547,1.056879,1.191321,MGC,1,1,0,0
7399,1.193574,1.639405,MGC,4,1,0,0
378,1.214255,1.418128,MGC,1,1,0,0
6338,1.102927,1.121150,MGC,1,1,0,0
593,1.295016,1.348739,MGC,1,1,0,0
6915,1.255137,1.052942,HWC,1,1,0,0
8396,1.185426,1.077199,HWC,1,1,0,0
6188,1.299398,1.760182,MGC,2,1,0,0
6725,1.136949,1.088716,HWC,1,1,0,0
4572,1.169624,1.995749,MGC,1,3,0,0
2885,1.305987,1.375654,MGC,1,1,0,0
6245,1.163393,1.348147,MGC,1,1,0,0
4331,1.425267,1.753292,MGC,1,1,0,0
2699,1.170966,1.197692,MGC,1,1,0,0
3418,1.490451,1.117675,HWC,1,1,0,0
6855,1.241987,1.076386,HWC,2,1,0,0
8033,1.275305,1.309108,MGC,1,1,0,0
8795,1.083819,1.100794,MGC,1,1,0,0
5617,1.214204,1.438043,MGC,1,1,0,0
799,1.300827,1.028233,HWC,1,1,0,0
7972,1.363168,1.334271,HWC,1,1,0,0
1417,1.600937,1.705572,MGC,1,1,0,0
1656,1.282783,1.441374,MGC,1,1,0,0
6230,1.180984,1.285117,MGC,1,1,0,0
2332,1.173055,1.419192,MGC,1,1,0,0
6801,1.195211,1.517242,MGC,3,4,0,0
3578,1.173117,1.140837,HWC,1,1,0,0
2299,1.096019,1.097621,MGC,1,1,0,0
7699,1.183417,1.078000,HWC,1,1,0,0
825,1.193672,1.682897,MGC,1,1,0,0
2388,1.134027,1.552807,MGC,1,1,0,0
5280,1.069015,1.179803,MGC,2,1,0,0
39,1.273981,1.777661,MGC,3,1,0,0
5717,1.149755,1.414717,MGC,2,3,0,0
3923,1.260580,1.192667,HWC,2,1,0,0
2020,1.155988,1.307669,MGC,1,1,0,0
3947,1.207008,1.394132,MGC,1,1,0,0
1840,1.294579,1.152330,HWC,1,1,0,0
5542,1.389800,1.630710,MGC,1,1,0,0
2632,1.302460,1.374817,MGC,3,1,0,0
7737,1.156803,1.326218,MGC,2,1,0,0
6734,1.341678,1.087201,HWC,1,1,0,0
6209,1.205295,1.546621,MGC,3,1,0,0
8426,1.220037,1.309037,MGC,2,1,0,0
5855,1.286718,1.357738,MGC,1,1,0,0
712,1.228024,1.482441,MGC,2,1,0,0
4076,1.691194,1.342759,HWC,1,1,0,0
6224,1.268760,1.090385,HWC,1,1,0,0
5577,1.142759,1.148422,MGC,1,1,0,0
7455,1.276789,1.226061,HWC,2,1,0,0
7020,1.329765,2.478475,MGC,1,1,0,0
6236,1.428369,1.206994,HWC,1,1,0,0
4210,1.116464,1.021195,HWC,3,1,0,0
3169,1.824663,2.344690,MGC,1,1,0,0
5742,1.152634,1.434443,MGC,1,1,0,0
1813,1.221100,1.399305,MGC,2,1,0,0
6924,1.437062,1.875496,MGC,2,1,0,0
7980,1.193320,1.445791,MGC,3,1,0,0
4223,1.174079,1.066975,HWC,1,1,0,0
7202,1.226001,1.488382,MGC,2,1,0,0
248,1.218759,1.482785,MGC,4,1,0,0
5885,1.337815,1.154463,HWC,1,1,0,0
300,1.296288,1.087629,HWC,1,1,0,0
999,1.181863,1.165004,HWC,1,1,0,0
1059,1.165524,1.142785,HWC,1,1,0,0
3641,1.167931,1.275265,MGC,2,1,0,0
3596,1.378991,1.865551,MGC,1,1,0,0
1759,1.258207,1.618027,MGC,2,1,0,0
6428,1.234779,1.449368,MGC,1,1,0,0
8554,1.084348,1.011652,HWC,1,1,0,0
6476,1.147840,1.450271,MGC,2,1,0,0
5924,1.324358,1.373078,MGC,1,1,0,0
7663,1.235793,1.372042,MGC,1,1,0,0
5302,1.252570,1.409701,MGC,1,1,0,0
546,1.425792,1.239926,HWC,2,1,0,0
5799,1.394365,1.392453,HWC,2,1,0,0
8901,1.206692,1.522426,MGC,5,4,0,0
6951,1.330867,1.374545,MGC,3,1,0,0
1016,1.394557,1.225467,HWC,1,1,0,0
3549,1.450429,1.423987,HWC,1,1,0,0
2834,1.322624,1.508434,MGC,2,1,0,0
5244,1.304376,1.030896,HWC,2,1,0,0
7095,1.172970,1.122681,HWC,1,1,0,0
6560,1.313221,1.008060,HWC,2,1,0,0
4172,1.377271,1.667672,MGC,2,2,0,0
5618,1.130087,1.293663,MGC,1,1,0,0
3082,1.084627,1.679452,MGC,6,1,0,0
5349,1.247139,1.262396,MGC,1,1,0,0
5983,1.588479,1.891713,MGC,4,4,0,0
1254,1.168220,1.407182,MGC,1,1,0,0
842,1.394463,1.287259,HWC,1,1,0,0
8389,1.070086,1.135755,MGC,3,1,0,0
49,1.153713,1.282994,MGC,1,1,0,0
7702,1.427957,1.624750,MGC,2,1,0,0
7149,1.196795,1.042614,HWC,1,1,0,0
5011,1.218939,1.485848,MGC,7,1,0,0
1917,1.282547,1.480819,MGC,3,1,0,0
3174,1.113326,1.222866,MGC,2,1,0,0
3198,1.137959,1.156569,MGC,1,1,0,0
4783,1.284772,1.396479,MGC,2,1,0,0
8780,1.065862,1.021741,HWC,1,1,0,0
2887,1.152399,1.465322,MGC,2,1,0,0
4935,1.263245,1.308278,MGC,1,1,0,0
3117,1.337100,1.081300,HWC,2,1,0,0
7763,1.083076,1.112014,MGC,1,1,0,0
3606,1.176428,1.425215,MGC,4,1,0,0
157,1.225921,1.224302,HWC,1,1,0,0
5120,1.205804,1.166346,HWC,1,1,0,0
3529,1.310395,1.090938,HWC,1,1,0,0
1302,1.161092,1.045210,HWC,1,1,0,0
3730,1.300175,1.600992,MGC,3,1,0,0
4953,1.164312,2.385019,MGC,1,3,0,0
346,1.143458,1.205997,MGC,1,1,0,0
1408,1.124381,1.730106,MGC,1,3,0,0
8851,1.254503,1.106386,HWC,1,1,0,0
2361,1.239841,1.297497,MGC,2,1,0,0
4686,1.203507,1.067187,HWC,1,1,0,0
676,1.116985,1.011094,HWC,1,1,0,0
269,1.346533,1.482342,MGC,2,1,0,0
879,1.141459,1.048665,HWC,1,1,0,0
3761,0.965842,1.282970,MGC,13,1,0,0
4391,1.064054,1.042654,HWC,1,1,0,0
4573,1.173808,1.191688,MGC,2,1,0,0
5075,1.215124,1.020552,HWC,1,1,0,0
997,1.140359,1.203287,MGC,1,1,0,0
6133,1.434215,2.079241,MGC,2,1,0,0
3766,1.354419,1.377318,MGC,1,1,0,0
6762,1.241181,1.180695,HWC,1,1,0,0
1924,1.270640,1.031070,HWC,1,1,0,0
4063,1.082345,1.025619,HWC,1,1,0,0
6705,1.654542,1.506721,HWC,3,2,0,0
4262,1.140280,1.397875,MGC,1,1,0,0
4397,1.343200,1.049541,HWC,2,1,0,0
3561,1.170711,1.078989,HWC,2,1,0,0
2732,1.237712,1.141726,HWC,1,1,0,0
5113,1.219195,1.371241,MGC,1,1,0,0
5434,1.223210,1.118407,HWC,2,1,0,0
920,1.183115,1.117838,HWC,1,1,0,0
7644,1.428062,1.560334,MGC,1,1,0,0
6948,1.164841,1.679474,MGC,2,1,0,0
7936,1.377542,1.215245,HWC,3,1,0,0
3756,1.251652,1.204552,HWC,1,1,0,0
8411,1.234197,1.186597,HWC,1,1,0,0
6787,1.185921,1.368069,MGC,1,1,0,0
6088,1.168182,1.079068,HWC,2,1,0,0
3155,1.324770,1.148499,HWC,1,1,0,0
8873,1.197680,1.777319,MGC,3,2,0,0
4090,1.377496,1.518182,MGC,1,2,0,0
6832,1.428197,1.027614,HWC,1,1,0,0
7228,1.282743,1.120313,HWC,1,1,0,0
5008,1.412046,1.052829,HWC,1,1,0,0
8222,1.442302,1.504774,MGC,1,1,0,0
4916,1.315931,1.819652,MGC,3,1,0,0
3113,1.121386,1.112954,HWC,1,1,0,0
1947,1.243658,1.090092,HWC,1,1,0,0
4999,1.147981,1.127833,HWC,7,1,0,0
532,1.297496,1.076755,HWC,1,1,0,0
1726,1.111407,1.358441,MGC,4,1,0,0
5809,1.411965,1.121267,HWC,2,1,0,0
8896,1.219888,1.433991,MGC,1,1,0,0
7182,1.369962,1.370639,MGC,1,1,0,0
4275,1.197844,1.129072,HWC,1,1,0,0
2969,1.172288,1.272243,MGC,2,1,0,0
3381,1.138917,1.300306,MGC,2,1,0,0
6861,1.180185,1.029130,HWC,3,1,0,0
1978,1.110811,1.362843,MGC,1,1,0,0
1007,1.336414,1.069575,HWC,1,1,0,0
3087,1.145761,1.037911,HWC,3,1,0,0
5670,1.074284,1.433292,MGC,1,3,0,0
2501,1.130762,1.927005,MGC,1,3,0,0
1970,1.490445,1.393695,HWC,2,1,0,0
537,1.275973,1.259035,HWC,1,1,0,0
1068,1.208371,1.127017,HWC,1,1,0,0
7357,1.226308,1.492798,MGC,4,2,0,0
1472,1.139503,1.433091,MGC,1,2,0,0
5447,1.112471,1.394985,MGC,6,2,0,0
1852,1.128857,1.246803,MGC,1,1,0,0
3851,1.206623,1.255768,MGC,2,1,0,0
8373,1.302623,1.283169,HWC,1,1,0,0
3781,1.559503,1.333900,HWC,1,1,0,0
3152,1.202069,1.186564,HWC,1,1,0,0
3963,1.124384,1.334562,MGC,2,1,0,0
6286,1.383349,1.152417,HWC,2,2,0,0
7273,1.257626,1.335237,MGC,1,2,0,0
6520,1.114790,1.047274,HWC,1,1,0,0
4248,1.147796,1.107339,HWC,1,1,0,0
7845,1.128872,1.373759,MGC,1,2,0,0
3743,1.311163,1.824971,MGC,2,1,0,0
2565,1.203962,1.064534,HWC,1,1,0,0
8936,1.333393,1.231905,HWC,1,1,0,0
5373,1.458547,1.530543,MGC,2,2,0,0
6458,1.147280,1.231241,MGC,1,1,0,0
1683,1.204154,1.154776,HWC,1,1,0,0
8016,1.268134,1.378803,MGC,2,1,0,0
4742,1.158553,1.612817,MGC,2,4,0,0
7568,1.146155,1.216930,MGC,5,1,0,0
7329,1.143216,1.494167,MGC,1,3,0,0
3150,1.209742,1.653601,MGC,5,1,0,0
6737,1.371764,1.697155,MGC,1,2,0,0
1337,1.190944,1.412650,MGC,6,1,0,0
5611,1.395777,1.273319,HWC,1,1,0,0
2840,1.152975,1.200388,MGC,1,1,0,0
2961,1.369920,1.085199,HWC,3,1,0,0
1600,1.184058,1.231308,MGC,2,1,0,0
4408,1.086181,1.270148,MGC,2,1,0,0
2938,1.053105,1.321064,MGC,2,1,0,0
2767,1.396649,1.402842,MGC,2,1,0,0
5311,1.206372,1.477059,MGC,3,1,0,0
708,1.160867,1.791062,MGC,5,1,0,0
3195,1.128081,2.050075,MGC,1,2,0,0
3069,1.237454,1.313721,MGC,2,1,0,0
4927,1.289113,1.814099,MGC,1,1,0,0
6536,1.298661,1.222074,HWC,1,1,0,0
3166,1.181173,1.053859,HWC,1,1,0,0
6000,1.361096,1.672113,MGC,1,2,0,0
7430,1.291137,1.074472,HWC,2,1,0,0
5805,1.128752,1.128229,HWC,1,1,0,0
4906,1.172400,1.483994,MGC,1,1,0,0
8482,1.123500,1.130537,MGC,1,1,0,0
274,1.312333,1.340638,MGC,1,1,0,0
7063,1.112748,1.460888,MGC,2,1,0,0
8807,1.223207,1.072844,HWC,1,1,0,0
4383,1.211910,1.235211,MGC,1,1,0,0
2971,1.556693,1.623592,MGC,1,1,0,0
7904,1.143057,1.474644,MGC,8,1,0,0
8068,1.188717,1.048111,HWC,1,1,0,0
329,1.368898,1.170199,HWC,1,1,0,0
8035,1.152381,1.184181,MGC,1,1,0,0
2911,1.283373,1.545081,MGC,1,2,0,0
7096,1.249271,1.249202,HWC,1,2,0,0
2439,1.457055,1.553562,MGC,2,1,0,0
1142,1.226392,1.352982,MGC,1,1,0,0
4144,1.194720,1.582376,MGC,1,3,0,0
5101,1.011286,1.292016,MGC,6,1,0,0
6837,1.361315,1.452384,MGC,1,1,0,0
4446,1.319865,1.074169,HWC,1,1,0,0
1821,1.400608,1.328975,HWC,1,1,0,0
3460,1.300820,1.367344,MGC,1,1,0,0
1351,1.177259,1.057489,HWC,1,1,0,0
8954,1.224367,1.051980,HWC,1,1,0,0
3173,1.321928,1.739953,MGC,5,3,0,0
994,1.393037,1.550963,MGC,1,2,0,0
7323,1.202132,1.058271,HWC,1,1,0,0
2873,1.278734,1.400433,MGC,1,1,0,0
220,1.257824,1.115458,HWC,1,1,0,0
7135,1.295650,1.082914,HWC,1,1,0,0
7224,1.244984,1.207200,HWC,1,1,0,0
938,1.349555,1.016831,HWC,1,1,0,0
4188,1.337467,1.231852,HWC,1,1,0,0
8026,1.219317,1.200788,HWC,1,1,0,0
1956,1.290938,1.558566,MGC,5,2,0,0
1461,1.218836,1.259242,MGC,5,1,0,0
6178,1.226477,1.647797,MGC,2,1,0,0
530,1.138611,1.609047,MGC,1,1,0,0
5255,1.232061,1.404784,MGC,1,1,0,0
4969,1.214101,1.055047,HWC,1,1,0,0
1350,1.169098,1.263644,MGC,1,1,0,0
7853,1.272335,1.207952,HWC,2,1,0,0
319,1.164801,1.312400,MGC,2,1,0,0
473,1.208340,1.109292,HWC,1,1,0,0
7354,1.180278,1.020776,HWC,2,1,0,0
1847,1.339215,1.944184,MGC,2,2,0,0
6574,1.370483,1.360354,HWC,1,1,0,0
7450,1.162950,1.542233,MGC,3,1,0,0
8993,1.137896,1.646092,MGC,2,1,0,0
3560,1.130075,1.455174,MGC,1,1,0,0
2107,1.102240,1.439463,MGC,7,1,0,0
1624,1.262985,1.268287,MGC,2,1,0,0
4520,1.141495,1.255236,MGC,1,2,0,0
2743,1.560511,1.473042,HWC,2,1,0,0
5587,1.449718,1.268236,HWC,1,1,0,0
2944,1.123683,1.317677,MGC,6,1,0,0
7595,1.370037,1.258423,HWC,2,1,0,0
4713,1.437107,1.416563,HWC,1,1,0,0
2820,1.056001,1.272866,MGC,4,3,0,0
582,1.284561,1.636113,MGC,1,1,0,0
8505,1.108572,1.620702,MGC,9,2,0,0
3359,1.293985,2.063520,MGC,2,1,0,0
2806,1.058668,1.045045,HWC,3,1,0,0
6016,1.295337,1.253946,HWC,1,1,0,0
5049,1.371476,1.514499,MGC,6,4,0,0
7512,1.529273,1.541869,MGC,2,2,0,0
6650,1.331067,1.109792,HWC,1,1,0,0
2032,1.305128,1.398279,MGC,1,1,0,0
396,1.145928,1.066754,HWC,5,1,0,0
6601,1.164842,1.882019,MGC,4,2,0,0
8512,1.332652,1.044207,HWC,1,1,0,0
8537,1.113662,1.668605,MGC,4,1,0,0
7671,1.555170,1.739376,MGC,1,1,0,0
5030,1.096250,1.454045,MGC,3,2,0,0
80,1.273319,1.486830,MGC,1,1,0,0
6589,1.276284,1.255692,HWC,1,1,0,0
5607,1.205071,1.891273,MGC,3,1,0,0
679,1.061731,1.070788,MGC,1,1,0,0
4355,1.250769,1.347655,MGC,1,1,0,0
4778,1.452390,1.777831,MGC,1,1,0,0
3222,1.229887,1.075219,HWC,1,1,0,0
5497,1.225472,1.107134,HWC,2,1,0,0
5623,1.501050,1.552355,MGC,1,1,0,0
8702,1.126592,1.403999,MGC,4,1,0,0
2693,1.559824,1.439078,HWC,1,1,0,0
2497,1.237671,1.242329,MGC,2,1,0,0
1699,1.164714,1.216504,MGC,1,1,0,0
1803,1.373816,1.352586,HWC,1,1,0,0
2482,1.202883,1.488175,MGC,2,1,0,0
882,1.144881,1.767646,MGC,6,2,0,0
1719,1.149281,1.627577,MGC,1,2,0,0
3857,1.310319,1.922158,MGC,1,1,0,0
554,1.209962,1.393966,MGC,1,1,0,0
47,1.291359,1.673171,MGC,2,4,0,0
1207,1.305761,1.248714,HWC,1,1,0,0
4825,1.210898,1.857597,MGC,1,4,0,0
4139,1.328569,1.187717,HWC,1,1,0,0
5649,1.367593,1.228176,HWC,1,1,0,0
8866,1.150977,1.137057,HWC,2,1,0,0
2408,1.057809,1.552676,MGC,4,9,0,0
3617,1.314886,1.090975,HWC,1,1,0,0
5322,1.513593,1.042843,HWC,1,1,0,0
4025,1.468990,1.286209,HWC,1,5,0,0
4894,1.186344,1.053134,HWC,1,1,0,0
1494,1.179940,1.067303,HWC,1,1,0,0
8544,1.260858,1.076819,HWC,1,1,0,0
3880,1.105833,1.211417,MGC,1,1,0,0
2689,1.372742,1.220413,HWC,1,1,0,0
8433,1.163994,1.150922,HWC,1,1,0,0
8152,1.196490,1.419787,MGC,1,1,0,0
4836,1.202214,1.791992,MGC,4,1,0,0
6557,1.291520,1.319089,MGC,1,1,0,0
2696,1.227325,1.316486,MGC,2,1,0,0
7652,1.242444,1.371954,MGC,1,1,0,0
7833,1.121724,1.415851,MGC,1,2,0,0
6632,1.299054,1.021606,HWC,1,1,0,0
2050,1.123995,1.119820,HWC,1,1,0,0
7070,1.277861,1.498218,MGC,2,1,0,0
8357,1.213476,1.263826,MGC,1,1,0,0
827,1.530549,1.572806,MGC,2,1,0,0
5021,1.191893,1.160908,HWC,1,1,0,0
6345,1.176641,1.053332,HWC,1,1,0,0
284,1.448922,1.174122,HWC,1,1,0,0
8000,1.083023,1.026530,HWC,1,1,0,0
2522,1.239788,1.103797,HWC,1,1,0,0
731,1.210230,1.505365,MGC,1,5,0,0
526,1.239039,2.305006,MGC,1,2,0,0
2000,1.578927,1.769438,MGC,1,1,0,0
3422,1.358910,1.464074,MGC,2,1,0,0
7486,1.179242,1.942904,MGC,1,3,0,0
3721,1.282865,1.122558,HWC,1,1,0,0
3004,1.153615,1.150841,HWC,1,1,0,0
4716,1.179221,1.509653,MGC,3,1,0,0
4467,1.264606,1.359615,MGC,2,3,0,0
5047,1.203634,1.198983,HWC,1,1,0,0
4177,1.168132,0.992674,HWC,3,1,0,0
2630,1.198123,1.647071,MGC,2,1,0,0
8029,1.300314,1.091960,HWC,1,1,0,0
1900,1.089414,1.381384,MGC,9,3,0,0
4087,1.268502,1.363607,MGC,1,1,0,0
4635,1.193645,1.547346,MGC,2,1,0,0
67,1.151930,1.173561,MGC,1,1,0,0
2201,1.210495,1.667800,MGC,1,1,0,0
6980,1.330604,1.455355,MGC,1,1,0,0
3785,1.213021,1.028135,HWC,2,1,0,0
3725,1.315011,1.166965,HWC,1,1,0,0
6983,1.139624,1.449204,MGC,2,1,0,0
5684,1.040607,1.106100,MGC,1,1,0,0
6567,1.215934,1.421303,MGC,1,1,0,0
2324,1.174562,1.217802,MGC,4,1,0,0
7210,1.079368,1.092080,MGC,1,1,0,0
7701,1.693384,1.266669,HWC,1,1,0,0
7854,1.236137,1.007030,HWC,1,1,0,0
8658,1.010373,0.961880,HWC,10,1,0,0
4780,1.208893,1.145387,HWC,1,1,0,0
1542,1.164856,1.213284,MGC,1,1,0,0
1322,1.259122,1.488686,MGC,2,1,0,0
2156,1.056341,1.095264,MGC,1,1,0,0
2639,1.256451,1.561075,MGC,1,3,0,0
7194,1.216025,1.149988,HWC,1,1,0,0
4838,1.239009,0.968046,HWC,1,1,0,0
8503,1.236905,1.099478,HWC,1,1,0,0
4605,1.124899,1.078103,HWC,3,1,0,0
2881,1.437323,1.339560,HWC,1,1,0,0
393,1.204002,1.775329,MGC,4,1,0,0
6277,1.272414,1.733570,MGC,1,2,0,0
8833,1.129278,1.811133,MGC,1,2,0,0
1908,1.345383,1.359159,MGC,2,1,0,0
4568,1.265902,1.352661,MGC,1,1,0,0
3250,1.310872,1.332805,MGC,2,1,0,0
1066,1.243918,1.175349,HWC,1,1,0,0
2997,1.378291,1.538759,MGC,1,1,0,0
8611,1.333158,1.864286,MGC,1,1,0,0
4683,1.054573,1.527275,MGC,4,9,0,0
7574,1.157073,1.508551,MGC,1,1,0,0
3662,1.227741,1.092448,HWC,1,1,0,0
38,1.152197,1.773133,MGC,1,3,0,0
1790,1.373353,1.338561,HWC,1,1,0,0
3952,1.407981,1.095150,HWC,1,1,0,0
7766,1.113019,1.033369,HWC,1,1,0,0
173,1.140834,1.386374,MGC,2,3,0,0
3844,1.166655,1.165345,HWC,1,1,0,0
87,1.468515,2.033703,MGC,2,7,0,0
2196,1.132211,1.116409,HWC,1,1,0,0
1148,1.188685,1.699128,MGC,2,1,0,0
2031,1.074806,1.067154,HWC,2,1,0,0
5921,1.176273,1.233197,MGC,5,1,0,0
435,1.106112,1.027210,HWC,1,1,0,0
3701,1.220071,1.145195,HWC,2,1,0,0
3106,1.319388,1.714050,MGC,1,2,0,0
1125,1.329209,1.449539,MGC,1,1,0,0
6715,1.069294,1.104872,MGC,1,1,0,0
6329,1.086891,1.032289,HWC,2,1,0,0
6884,1.216788,1.340163,MGC,1,1,0,0
4844,1.087916,1.050922,HWC,1,1,0,0
5508,1.174752,1.236520,MGC,2,1,0,0
4950,1.377509,1.083742,HWC,1,1,0,0
6875,1.219132,1.238950,MGC,3,1,0,0
4113,1.173481,1.347268,MGC,1,1,0,0
3896,1.121296,1.238061,MGC,2,1,0,0
5466,1.194618,1.406753,MGC,1,1,0,0
5989,1.116005,1.219136,MGC,4,1,0,0
4552,1.309445,1.158029,HWC,1,1,0,0
3640,1.033359,1.229007,MGC,1,1,0,0
5079,1.289314,1.560256,MGC,1,2,0,0
3583,1.332871,1.244825,HWC,1,1,0,0
7117,1.341876,1.120455,HWC,1,1,0,0
7546,1.450259,1.472355,MGC,1,1,0,0
7458,1.676186,1.585399,HWC,1,1,0,0
127,1.031239,1.431588,MGC,1,1,0,0
3335,1.261666,1.250568,HWC,1,1,0,0
2900,1.246978,1.357500,MGC,1,1,0,0
3877,1.269540,1.060817,HWC,1,1,0,0
8485,1.311755,1.050056,HWC,1,1,0,0
3292,1.364240,1.154680,HWC,1,1,0,0
5346,1.117523,1.165828,MGC,1,1,0,0
7131,1.230524,1.135700,HWC,1,1,0,0
2735,1.105362,1.417880,MGC,2,1,0,0
4577,1.150713,1.153346,MGC,2,1,0,0
4027,1.509349,1.681379,MGC,2,2,0,0
4540,1.349296,1.065592,HWC,1,1,0,0
8799,1.578243,1.328827,HWC,2,1,0,0
7009,1.202968,1.136044,HWC,1,1,0,0
1097,1.301563,1.166512,HWC,1,1,0,0
5206,1.147932,1.460375,MGC,1,2,0,0
7705,1.155646,1.179681,MGC,1,1,0,0
1675,1.233790,1.424649,MGC,8,3,0,0
902,1.151802,1.522672,MGC,2,1,0,0
5283,1.176691,1.184117,MGC,1,1,0,0
5977,1.207502,1.584850,MGC,2,1,0,0
1996,1.378480,1.528458,MGC,2,2,0,0
8243,1.241873,1.615699,MGC,2,1,0,0
4217,1.208497,1.169632,HWC,1,1,0,0
2550,1.299064,1.327538,MGC,1,1,0,0
8474,1.313055,1.399651,MGC,1,1,0,0
8231,1.217494,1.369833,MGC,2,5,0,0
414,1.355125,1.242397,HWC,1,1,0,0
6641,1.094037,1.069414,HWC,1,1,0,0
4691,1.440788,1.093351,HWC,1,1,0,0
3579,1.098377,1.086662,HWC,9,1,0,0
4109,1.470003,1.574630,MGC,1,1,0,0
3226,1.284099,1.304382,MGC,1,1,0,0
5443,1.095448,1.225183,MGC,2,1,0,0
7047,1.378443,1.865368,MGC,1,1,0,0
5555,1.367673,1.323297,HWC,1,1,0,0
3031,1.221520,1.601354,MGC,1,1,0,0
2049,1.574137,2.008699,MGC,2,1,0,0
8883,1.255380,1.184096,HWC,1,1,0,0
4822,1.303885,1.470189,MGC,2,1,0,0
1488,1.448334,1.410624,HWC,2,2,0,0
2187,1.275722,1.477817,MGC,1,1,0,0
6262,1.238442,1.050031,HWC,4,1,0,0
2765,1.171201,1.394067,MGC,4,3,0,0
2570,1.227668,1.033647,HWC,2,1,0,0
1377,1.352975,1.314949,HWC,2,3,0,0
588,1.245133,1.055836,HWC,1,1,0,0
222,1.376325,1.300146,HWC,1,2,0,0
489,1.316285,1.444219,MGC,1,1,0,0
2637,1.285930,1.560657,MGC,2,1,0,0
1650,1.221263,1.259908,MGC,1,1,0,0
629,1.068524,1.105316,MGC,1,1,0,0
4866,1.337198,1.487315,MGC,1,1,0,0
1263,1.113625,1.258147,MGC,1,1,0,0
7600,1.583479,1.073073,HWC,1,1,0,0
4362,1.211354,1.082982,HWC,4,1,0,0
7343,1.251988,1.449096,MGC,1,1,0,0
2362,1.493113,1.473097,HWC,1,2,0,0
4044,1.523928,1.137992,HWC,1,1,0,0
7767,1.339819,2.502858,MGC,1,3,0,0
3262,1.135570,1.389410,MGC,4,3,0,0
4034,1.122730,1.206256,MGC,3,1,0,0
7235,1.116195,1.181405,MGC,1,1,0,0
6777,1.279235,1.594284,MGC,2,1,0,0
5393,1.211867,1.278644,MGC,1,1,0,0
89,0.985970,1.082405,MGC,5,1,0,0
117,1.228373,1.942147,MGC,5,2,0,0
1317,1.170319,1.422204,MGC,1,1,0,0
6426,1.202606,1.232910,MGC,1,1,0,0
1305,1.740568,1.573617,HWC,1,1,0,0
4035,1.113450,1.158361,MGC,1,1,0,0
4164,1.152863,1.186798,MGC,1,1,0,0
3864,1.160530,1.045936,HWC,2,1,0,0
7956,1.275895,1.086074,HWC,1,1,0,0
7019,1.149525,1.565753,MGC,5,2,0,0
1492,1.135019,1.375856,MGC,4,1,0,0
8451,1.149800,1.214294,MGC,4,1,0,0
2085,1.483662,1.069340,HWC,1,1,0,0
6838,1.218376,1.076506,HWC,1,1,0,0
4988,1.150818,1.065480,HWC,1,1,0,0
1954,1.034710,1.332645,MGC,2,1,0,0
6820,1.303391,1.392880,MGC,1,1,0,0
724,1.138778,1.353421,MGC,2,1,0,0
7760,1.131116,1.676199,MGC,2,3,0,0
4242,1.303492,1.613202,MGC,2,2,0,0
4616,1.486071,1.835326,MGC,2,1,0,0
8592,1.051218,1.056810,MGC,1,1,0,0
6816,1.161595,1.087227,HWC,1,1,0,0
6104,1.080222,1.073722,HWC,1,1,0,0
6974,1.210354,1.242139,MGC,1,1,0,0
4250,1.248453,1.068136,HWC,1,1,0,0
6467,1.117633,1.398681,MGC,4,1,0,0
7743,1.530511,1.542169,MGC,2,2,0,0
4145,1.179493,2.528669,MGC,1,1,0,0
4787,1.165217,1.419409,MGC,3,3,0,0
6002,1.196192,1.007670,HWC,1,1,0,0
2530,1.341974,1.278229,HWC,2,1,0,0
4352,1.143561,1.035632,HWC,1,1,0,0
8438,1.123943,1.180408,MGC,1,1,0,0
3396,1.193044,1.333682,MGC,1,1,0,0
6899,1.108601,1.132820,MGC,1,1,0,0
8011,1.220666,1.150356,HWC,1,1,0,0
8187,1.078696,1.192739,MGC,1,2,0,0
6874,1.099607,1.436069,MGC,1,1,0,0
15,1.300104,1.227453,HWC,2,1,0,0
1118,1.134721,1.110675,HWC,1,1,0,0
3285,1.376729,1.424121,MGC,2,2,0,0
7302,1.305077,1.085352,HWC,2,1,0,0
8320,1.085140,1.123078,MGC,1,1,0,0
8546,1.438437,1.353539,HWC,1,1,0,0
6982,1.298186,1.558087,MGC,3,2,0,0
4971,1.335095,1.082850,HWC,1,1,0,0
8316,1.360875,1.430716,MGC,1,1,0,0
1751,1.456071,1.432437,HWC,1,1,0,0
7188,1.154931,1.760158,MGC,1,3,0,0
2488,1.377344,1.129739,HWC,1,1,0,0
6637,1.058910,1.182303,MGC,4,1,0,0
6866,1.325949,0.997750,HWC,2,1,0,0
8371,1.150100,1.442651,MGC,1,1,0,0
3421,1.843839,1.447501,HWC,1,1,0,0
7148,1.206637,0.991852,HWC,3,1,0,0
6754,1.207540,1.117549,HWC,1,1,0,0
6523,1.306336,1.316650,MGC,2,1,0,0
1863,1.263315,1.401226,MGC,1,1,0,0
2467,1.905148,1.639020,HWC,2,2,0,0
8184,1.135188,1.123489,HWC,1,1,0,0
5963,1.175416,1.454716,MGC,5,2,0,0
4561,1.447764,1.521825,MGC,1,1,0,0
336,1.359624,1.639348,MGC,2,1,0,0
8370,1.187161,1.575819,MGC,2,5,0,0
72,1.068105,1.355914,MGC,1,2,0,0
930,1.131330,1.256543,MGC,2,1,0,0
2048,1.175980,1.314094,MGC,2,2,0,0
6923,1.496691,1.538716,MGC,2,2,0,0
8732,1.199877,1.291276,MGC,1,1,0,0
8125,1.162783,1.076600,HWC,2,1,0,0
417,1.382150,1.583160,MGC,2,1,0,0
1819,1.141846,1.230339,MGC,1,1,0,0
3270,1.224828,1.098264,HWC,2,1,0,0
634,1.334265,1.964539,MGC,1,1,0,0
6514,1.439495,1.586231,MGC,1,1,0,0
6662,1.136898,1.065111,HWC,1,1,0,0
4466,1.316359,2.230409,MGC,2,1,0,0
7916,1.239376,1.160258,HWC,2,1,0,0
2646,1.194538,1.264649,MGC,2,1,0,0
5006,1.111031,1.144292,MGC,1,1,0,0
320,1.220911,1.095131,HWC,2,1,0,0
1489,1.292884,1.466782,MGC,2,1,0,0
2157,1.055820,1.351102,MGC,7,1,0,0
6862,1.160292,1.592823,MGC,5,1,0,0
5371,1.598264,1.251622,HWC,1,1,0,0
3120,1.174717,1.482773,MGC,1,1,0,0
7431,1.158295,1.452738,MGC,1,1,0,0
5078,1.249894,1.236444,HWC,1,1,0,0
1567,1.236908,1.069978,HWC,1,1,0,0
3047,1.172580,1.178625,MGC,4,1,0,0
3543,1.332565,1.358111,MGC,2,1,0,0
6010,1.192899,1.517518,MGC,1,3,0,0
4173,1.218900,1.858719,MGC,1,1,0,0
3016,1.253020,2.026112,MGC,1,1,0,0
7789,1.166536,1.257035,MGC,1,1,0,0
8398,1.485957,1.313723,HWC,1,1,0,0
7375,1.227685,1.035445,HWC,1,1,0,0
5682,1.170056,1.433522,MGC,1,1,0,0
5259,1.252822,1.257560,MGC,1,1,0,0
3906,1.131575,1.799295,MGC,6,4,0,0
6635,1.429413,1.586949,MGC,1,1,0,0
6946,1.255470,1.200872,HWC,1,1,0,0
2304,1.573826,1.718928,MGC,1,1,0,0
273,1.270789,1.601845,MGC,1,1,0,0
5612,1.206843,1.104169,HWC,1,1,0,0
6559,1.192146,1.690741,MGC,1,1,0,0
4033,1.273724,2.073875,MGC,4,3,0,0
3301,1.275967,1.499962,MGC,1,1,0,0
4704,1.192747,1.259448,MGC,1,1,0,0
3444,1.206501,1.442940,MGC,2,2,0,0
5823,1.125464,1.108756,HWC,1,1,0,0
6501,1.140485,1.584130,MGC,8,2,0,0
6813,1.421038,2.370602,MGC,1,2,0,0
6,1.199007,1.436131,MGC,1,1,0,0
3692,1.400696,1.560634,MGC,1,1,0,0
2288,1.184128,1.532401,MGC,3,1,0,0
6675,1.220528,1.102983,HWC,1,1,0,0
4438,1.230590,1.449563,MGC,1,1,0,0
4416,1.117489,1.854020,MGC,11,5,0,0
658,1.471957,1.059810,HWC,1,1,0,0
6887,1.019600,0.865950,HWC,1,1,0,0
8953,1.300484,1.095714,HWC,2,1,0,0
3073,1.411954,1.553578,MGC,1,1,0,0
5044,1.288187,1.364975,MGC,1,1,0,0
7795,1.265293,1.249328,HWC,2,1,0,0
1349,1.120671,1.234652,MGC,1,1,0,0
2659,1.162467,1.161670,HWC,2,1,0,0
5854,1.300751,1.283651,HWC,1,1,0,0
3056,1.293131,1.063872,HWC,2,1,0,0
3861,1.100277,1.450248,MGC,7,2,0,0
7293,1.137084,1.085098,HWC,1,1,0,0
6880,1.247048,1.054970,HWC,1,1,0,0
5513,1.170255,1.058100,HWC,2,1,0,0
7808,1.128758,1.192287,MGC,1,1,0,0
5814,1.260953,1.221688,HWC,2,1,0,0
4640,1.900400,2.583859,MGC,2,1,0,0
5975,1.233956,1.333708,MGC,1,1,0,0
7284,1.118046,1.067176,HWC,3,1,0,0
897,1.353587,1.181738,HWC,1,1,0,0
1921,1.268897,1.655891,MGC,1,1,0,0
2003,1.331683,1.648062,MGC,1,1,0,0
8854,1.122992,1.207904,MGC,1,1,0,0
2226,1.309249,2.026465,MGC,1,2,0,0
4592,1.159529,1.609729,MGC,4,2,0,0
4693,1.253940,1.478152,MGC,4,2,0,0
1154,1.235582,1.228102,HWC,2,1,0,0
6226,1.385636,1.074881,HWC,2,1,0,0
8715,1.215000,1.644995,MGC,4,2,0,0
6519,1.100542,1.063685,HWC,3,1,0,0
2456,1.154486,1.334319,MGC,1,1,0,0
7592,1.229075,1.035474,HWC,2,1,0,0
4115,1.077148,1.030891,HWC,1,1,0,0
3993,1.265214,1.734695,MGC,2,2,0,0
1428,1.272613,1.305580,MGC,1,1,0,0
2791,1.170094,1.020270,HWC,3,1,0,0
6265,1.282954,1.600808,MGC,6,1,0,0
5552,1.148269,1.071074,HWC,1,1,0,0
7348,1.180077,1.159165,HWC,1,1,0,0
2514,1.199376,1.729397,MGC,1,4,0,0
4314,1.101884,1.474274,MGC,1,4,0,0
1211,1.142108,1.286357,MGC,2,1,0,0
8717,1.052237,1.425537,MGC,10,1,0,0
3272,1.355224,1.555988,MGC,1,2,0,0
4389,1.297287,1.141645,HWC,1,1,0,0
1831,1.289463,1.326576,MGC,1,1,0,0
7378,1.500140,1.157449,HWC,1,1,0,0
8090,1.309349,1.086720,HWC,1,1,0,0
1961,1.193910,1.920312,MGC,2,1,0,0
3389,1.200655,1.052447,HWC,1,1,0,0
299,1.253782,1.022886,HWC,1,1,0,0
2557,1.391040,1.195893,HWC,1,1,0,0
942,1.275878,1.364118,MGC,2,1,0,0
3600,1.428135,1.389631,HWC,2,1,0,0
2411,1.295072,1.591937,MGC,1,1,0,0
1283,1.372788,1.455852,MGC,3,1,0,0
8916,1.234988,2.075622,MGC,2,3,0,0
3124,1.210927,1.137589,HWC,1,1,0,0
210,1.206287,1.262556,MGC,5,1,0,0
278,1.438001,1.240106,HWC,1,1,0,0
8082,1.234257,1.050361,HWC,1,1,0,0
5319,1.166995,1.531572,MGC,2,1,0,0
6830,1.065228,1.097603,MGC,1,1,0,0
5059,1.368059,1.592363,MGC,1,1,0,0
4707,1.637932,1.655520,MGC,1,1,0,0
8826,1.311703,1.070516,HWC,1,1,0,0
3513,1.291875,1.461105,MGC,1,1,0,0
1082,1.063831,1.064567,MGC,1,1,0,0
3210,1.180455,1.165776,HWC,3,1,0,0
6526,1.222915,1.925416,MGC,1,2,0,0
3760,1.333848,1.584949,MGC,2,1,0,0
6126,1.291488,1.418109,MGC,4,1,0,0
566,1.090976,1.618157,MGC,1,3,0,0
7513,1.179551,1.258353,MGC,5,2,0,0
1209,1.296076,1.299053,MGC,1,1,0,0
1597,1.172697,1.184978,MGC,1,1,0,0
5413,1.122243,1.127038,MGC,1,4,0,0
5881,1.195484,1.388911,MGC,1,3,0,0
3257,1.432656,1.086555,HWC,1,1,0,0
5640,1.218330,1.060262,HWC,2,1,0,0
6380,1.346354,1.001564,HWC,1,1,0,0
2179,1.109990,1.410352,MGC,2,2,0,0
5910,1.160686,1.056546,HWC,1,1,0,0
8303,1.488675,1.084317,HWC,1,1,0,0
3042,1.247528,1.091066,HWC,1,1,0,0
4745,1.170700,1.086150,HWC,2,1,0,0
7033,1.251397,1.456526,MGC,2,1,0,0
5874,1.314479,1.168977,HWC,1,1,0,0
4349,1.158045,1.400914,MGC,1,1,0,0
6032,1.122453,1.182068,MGC,2,1,0,0
4345,1.816862,1.281029,HWC,1,1,0,0
8235,1.069312,1.678889,MGC,3,8,0,0
1786,1.333212,1.409966,MGC,2,1,0,0
6289,1.261735,1.398350,MGC,1,1,0,0
2132,1.233006,1.084622,HWC,1,1,0,0
6060,1.239851,1.250206,MGC,1,1,0,0
2753,1.506565,1.160162,HWC,2,1,0,0
5964,1.039155,1.439513,MGC,11,1,0,0
7344,1.153591,1.483065,MGC,1,3,0,0
105,1.152511,1.043209,HWC,1,1,0,0
5105,1.121931,1.162451,MGC,1,1,0,0
5759,1.115101,1.431126,MGC,1,1,0,0
3845,1.329057,1.221616,HWC,1,1,0,0
7398,1.127951,1.091595,HWC,1,1,0,0
7158,1.215615,1.322199,MGC,1,2,0,0
1354,1.263904,1.218600,HWC,2,1,0,0
7620,1.230210,1.128761,HWC,1,1,0,0
7576,1.164031,1.351627,MGC,2,1,0,0
4247,1.383826,1.529201,MGC,1,1,0,0
5411,1.110708,1.216052,MGC,2,1,0,0
8061,1.348189,1.036060,HWC,2,1,0,0
7709,1.380640,1.736903,MGC,2,4,0,0
6592,1.445930,1.188297,HWC,1,1,0,0
1895,1.108803,1.089660,HWC,1,10,0,0
660,1.466756,1.529451,MGC,1,1,0,0
5723,1.347899,1.485110,MGC,2,1,0,0
7762,1.231601,1.285887,MGC,2,1,0,0
5448,1.475304,1.714082,MGC,2,1,0,0
2358,1.157011,1.299373,MGC,4,1,0,0
2813,1.258843,1.336589,MGC,1,1,0,0
3759,1.281226,1.505094,MGC,2,1,0,0
1601,1.100761,1.312031,MGC,1,1,0,0
3959,1.170585,1.294235,MGC,2,2,0,0
2177,1.269892,1.229211,HWC,3,1,0,0
4496,1.444744,1.110636,HWC,1,1,0,0
128,1.232243,1.002894,HWC,1,1,0,0
5994,1.214532,1.481944,MGC,1,1,0,0
7255,1.329026,1.661424,MGC,1,1,0,0
7152,1.242100,1.653117,MGC,1,1,0,0
4550,1.288480,1.338810,MGC,2,1,0,0
697,1.176311,1.207977,MGC,5,6,0,0
7837,1.118470,1.076902,HWC,1,1,0,0
6599,1.273823,1.810478,MGC,1,2,0,0
7114,1.211731,1.129199,HWC,2,1,0,0
2651,1.108654,1.269399,MGC,1,1,0,0
6604,1.357151,1.584806,MGC,2,1,0,0
1382,1.110687,1.039647,HWC,2,1,0,0
814,1.124229,1.395356,MGC,1,1,0,0
227,1.093808,1.508827,MGC,1,1,0,0
2322,1.346621,1.341809,HWC,2,1,0,0
7069,1.149126,1.099378,HWC,1,1,0,0
5256,1.256309,1.223030,HWC,1,1,0,0
1885,1.074149,1.038059,HWC,1,1,0,0
6699,1.114735,1.417742,MGC,1,1,0,0
5035,1.089345,1.388275,MGC,1,1,0,0
3035,1.225298,1.076034,HWC,2,1,0,0
5074,1.199790,1.215250,MGC,1,1,0,0
893,1.293325,1.414484,MGC,1,1,0,0
6123,0.957820,1.093379,MGC,2,1,0,0
3419,1.386523,1.451033,MGC,2,2,0,0
1550,1.159537,1.182229,MGC,1,1,0,0
4490,1.291525,1.801876,MGC,1,1,0,0
4360,1.070140,1.100997,MGC,1,1,0,0
866,1.498761,1.736673,MGC,1,1,0,0
5357,1.083207,1.069853,HWC,1,1,0,0
3102,1.393710,1.538611,MGC,1,5,0,0
5745,1.219939,1.471031,MGC,2,1,0,0
7227,1.294151,1.120118,HWC,2,1,0,0
2716,1.236694,1.116340,HWC,1,1,0,0
3788,1.245572,1.052173,HWC,1,1,0,0
1052,1.208025,1.148640,HWC,1,1,0,0
8693,1.332093,1.542113,MGC,1,5,0,0
1581,1.156560,1.466673,MGC,1,6,0,0
7660,1.327777,1.408816,MGC,1,1,0,0
5182,1.396774,1.293431,HWC,1,1,0,0
3807,1.042449,1.212597,MGC,1,1,0,0
8089,1.301827,1.287074,HWC,1,1,0,0
4655,1.315244,1.305599,HWC,1,1,0,0
247,1.196079,1.351655,MGC,1,2,0,0
3888,1.429461,1.168189,HWC,1,1,0,0
7974,1.100968,1.053244,HWC,1,1,0,0
8755,1.239868,1.204787,HWC,1,1,0,0
1792,1.163754,1.595325,MGC,1,1,0,0
5267,1.317456,1.147287,HWC,1,1,0,0
3931,1.127834,1.328805,MGC,1,2,0,0
7664,1.195130,1.166946,HWC,2,1,0,0
468,1.265322,1.147789,HWC,1,1,0,0
1530,1.300368,1.616829,MGC,2,2,0,0
5282,1.245924,1.673367,MGC,1,1,0,0
4729,1.056358,2.295786,MGC,1,2,0,0
4493,1.291477,1.804475,MGC,2,2,0,0
8206,1.182545,1.351434,MGC,2,1,0,0
6639,1.154817,1.398818,MGC,2,1,0,0
4694,1.315927,1.283503,HWC,1,11,0,0
8816,1.290403,1.238131,HWC,2,1,0,0
1543,1.321461,1.064851,HWC,1,1,0,0
4002,1.181136,1.125009,HWC,1,1,0,0
7215,1.045170,1.073698,MGC,1,1,0,0
8406,1.161115,1.171748,MGC,5,1,0,0
2876,1.212653,1.141177,HWC,1,1,0,0
8486,1.164309,1.174638,MGC,1,1,0,0
7848,1.251626,1.225161,HWC,1,1,0,0
4951,1.060909,1.143789,MGC,1,1,0,0
5532,1.167326,1.240730,MGC,1,1,0,0
6055,1.159355,1.061018,HWC,2,1,0,0
1616,1.245682,1.404062,MGC,2,1,0,0
5467,1.292995,1.066834,HWC,1,1,0,0
7084,1.151285,1.020219,HWC,1,1,0,0
7688,1.183217,1.521623,MGC,1,1,0,0
8601,1.503574,1.315186,HWC,1,1,0,0
1608,1.307462,1.245019,HWC,2,1,0,0
7260,1.159694,1.161807,MGC,1,1,0,0
5780,1.148384,1.044298,HWC,1,1,0,0
6232,1.471139,1.537596,MGC,1,1,0,0
6297,1.215051,1.303477,MGC,2,1,0,0
6904,1.144257,1.396816,MGC,8,3,0,0
7258,1.116588,1.243590,MGC,2,1,0,0
7206,1.163689,1.584225,MGC,1,1,0,0
2459,1.256312,1.090128,HWC,1,1,0,0
2353,1.180152,1.215539,MGC,1,1,0,0
412,1.134658,1.145440,MGC,1,1,0,0
4751,1.338586,1.648980,MGC,1,1,0,0
1529,1.270526,1.014497,HWC,2,1,0,0
6046,1.378252,1.272691,HWC,1,1,0,0
5839,1.261941,1.316407,MGC,2,1,0,0
6846,1.081581,1.322222,MGC,1,2,0,0
3696,1.332364,1.139991,HWC,1,1,0,0
8848,1.118088,2.104548,MGC,7,3,0,0
377,1.442949,1.814500,MGC,1,2,0,0
2701,1.370940,1.448878,MGC,1,1,0,0
2981,1.315607,1.342946,MGC,1,1,0,0
8758,1.342967,1.154624,HWC,1,1,0,0
5531,1.428087,1.041593,HWC,1,1,0,0
1515,1.075786,1.446805,MGC,1,1,0,0
7470,1.122396,1.157713,MGC,1,1,0,0
418,1.458131,1.861019,MGC,1,2,0,0
1101,1.264463,1.214891,HWC,1,1,0,0
5398,1.138379,1.511860,MGC,6,2,0,0
3228,1.285817,1.473940,MGC,1,1,0,0
5901,1.182757,1.649645,MGC,1,1,0,0
1909,1.131676,1.312133,MGC,1,1,0,0
8668,1.350064,1.109914,HWC,1,1,0,0
6792,1.104633,1.112340,MGC,1,1,0,0
7665,1.143494,1.152477,MGC,1,1,0,0
3028,1.139631,1.309425,MGC,3,2,0,0
4097,1.250972,1.734231,MGC,2,1,0,0
3910,1.091806,1.487087,MGC,2,1,0,0
5894,1.164259,1.324856,MGC,2,1,0,0
3237,1.179722,1.011723,HWC,1,1,0,0
996,1.388728,1.835280,MGC,1,1,0,0
8104,1.418156,1.571366,MGC,1,1,0,0
3842,1.132792,1.446496,MGC,1,1,0,0
58,1.271999,1.199889,HWC,1,1,0,0
3214,1.190232,1.396473,MGC,1,1,0,0
2799,1.257289,1.187239,HWC,1,1,0,0
4858,1.248883,1.270210,MGC,1,1,0,0
395,1.317737,1.820197,MGC,1,1,0,0
6545,1.242028,1.304862,MGC,1,1,0,0
1392,1.132381,1.131687,HWC,1,1,0,0
8210,1.234748,1.384175,MGC,1,1,0,0
7683,1.024649,1.090063,MGC,16,1,0,0
2043,1.282924,1.483325,MGC,5,2,0,0
1857,1.090937,1.525249,MGC,1,1,0,0
7610,1.370746,1.373764,MGC,1,1,0,0
3329,1.194260,1.016476,HWC,1,1,0,0
904,1.420070,1.035799,HWC,1,1,0,0
1481,1.303992,1.373648,MGC,2,1,0,0
791,1.088773,1.277308,MGC,4,1,0,0
3745,1.104816,1.386704,MGC,13,1,0,0
2217,1.388269,1.458620,MGC,1,1,0,0
7722,1.544433,1.073506,HWC,1,1,0,0
16,1.544284,1.932788,MGC,1,1,0,0
3925,1.243761,1.401293,MGC,1,1,0,0
2451,1.212462,1.952488,MGC,1,2,0,0
1987,1.219999,1.227195,MGC,1,1,0,0
4125,1.318414,1.483288,MGC,1,1,0,0
3075,1.184378,2.036290,MGC,3,1,0,0
1285,1.299805,1.554310,MGC,1,1,0,0
3850,1.324663,1.702757,MGC,2,2,0,0
1668,1.092271,1.111068,MGC,1,1,0,0
5545,1.285729,1.131588,HWC,3,1,0,0
4851,1.123049,1.147047,MGC,1,1,0,0
3362,1.136738,1.527326,MGC,1,3,0,0
2130,1.035595,1.526985,MGC,1,2,0,0
3030,1.138811,1.326128,MGC,1,1,0,0
8063,1.209927,1.031178,HWC,1,1,0,0
728,1.096593,1.410618,MGC,1,1,0,0
1449,1.302955,1.056482,HWC,1,1,0,0
8066,1.133951,1.536327,MGC,1,1,0,0
1299,1.192230,1.512256,MGC,1,8,0,0
2966,1.127081,1.029891,HWC,8,1,0,0
6669,1.120554,1.179674,MGC,1,1,0,0
5818,1.317253,1.323016,MGC,1,1,0,0
4116,1.168822,1.265246,MGC,1,1,0,0
8788,1.549510,1.070228,HWC,2,1,0,0
7803,1.195572,1.113281,HWC,1,1,0,0
1452,1.084545,1.069045,HWC,1,1,0,0
7668,1.129604,1.494759,MGC,6,3,0,0
1794,1.108412,1.069000,HWC,1,1,0,0
6343,1.156521,1.094678,HWC,2,1,0,0
5796,1.165479,1.361523,MGC,1,1,0,0
865,1.134528,1.233399,MGC,1,1,0,0
7197,1.248302,1.063868,HWC,2,1,0,0
4142,1.309010,1.601031,MGC,2,1,0,0
7367,1.350280,1.577951,MGC,1,1,0,0
7466,1.192751,1.210350,MGC,1,1,0,0
7438,1.174232,1.413170,MGC,1,1,0,0
3879,1.334336,1.148229,HWC,1,1,0,0
2921,1.284248,1.147333,HWC,2,1,0,0
990,1.349484,1.493731,MGC,1,1,0,0
8790,1.380404,1.715528,MGC,2,1,0,0
5987,1.364572,1.629696,MGC,1,2,0,0
567,1.124425,1.085032,HWC,1,1,0,0
5935,1.126591,1.267550,MGC,6,1,0,0
6203,1.394559,1.722582,MGC,2,1,0,0
713,1.307672,1.580808,MGC,1,1,0,0
3220,1.189991,1.351344,MGC,4,1,0,0
148,1.225260,1.306755,MGC,3,1,0,0
4732,1.398381,1.434814,MGC,1,1,0,0
3506,1.634145,1.303051,HWC,2,1,0,0
2603,1.223894,1.091837,HWC,1,1,0,0
6116,1.383517,1.473317,MGC,3,1,0,0
8823,1.626645,1.553668,HWC,2,1,0,0
2560,1.297475,1.272678,HWC,1,1,0,0
1578,1.194109,1.575338,MGC,1,2,0,0
7970,1.281923,1.084462,HWC,1,1,0,0
859,1.269702,1.068624,HWC,1,1,0,0
276,1.260166,1.161935,HWC,1,1,0,0
4196,1.200703,1.080317,HWC,5,1,0,0
7139,1.044983,1.948830,MGC,1,2,0,0
6191,1.616760,1.669695,MGC,1,1,0,0
7750,1.205911,1.118790,HWC,1,1,0,0
929,1.204006,1.901542,MGC,11,2,0,0
7191,1.248912,1.338130,MGC,4,1,0,0
7125,1.220352,1.105304,HWC,2,1,0,0
7524,1.463850,1.541086,MGC,1,1,0,0
4876,1.172202,1.048316,HWC,1,1,0,0
4029,1.196348,1.590879,MGC,1,1,0,0
8462,1.272200,1.557468,MGC,2,1,0,0
6326,1.220836,1.222192,MGC,1,1,0,0
6511,1.155188,1.130296,HWC,1,1,0,0
3741,1.154016,1.052775,HWC,1,1,0,0
7167,1.156016,1.245482,MGC,1,2,0,0
4234,1.154735,1.234292,MGC,2,1,0,0
5440,1.273164,1.258933,HWC,1,1,0,0
630,1.201265,1.252745,MGC,1,1,0,0
1401,1.246274,1.032132,HWC,3,1,0,0
3188,1.340982,1.641506,MGC,3,1,0,0
616,1.076755,1.328123,MGC,1,1,0,0
4714,1.070036,1.190441,MGC,4,1,0,0
6063,1.029160,1.306026,MGC,1,1,0,0
7805,1.462065,2.430073,MGC,1,2,0,0
1820,1.375813,1.640295,MGC,2,3,0,0
5085,1.081216,1.146019,MGC,1,1,0,0
4016,1.253553,1.330692,MGC,1,1,0,0
7294,1.310921,1.070288,HWC,1,1,0,0
2247,1.324092,1.504551,MGC,4,1,0,0
3713,1.188322,2.390717,MGC,1,4,0,0
8294,1.382563,1.316376,HWC,1,2,0,0
6572,1.276058,1.076694,HWC,1,1,0,0
8036,1.056384,1.108747,MGC,1,1,0,0
6546,1.259563,1.604661,MGC,2,1,0,0
5769,1.129311,1.081271,HWC,1,1,0,0
8725,1.209973,1.417462,MGC,1,2,0,0
1944,1.191706,1.333250,MGC,4,5,0,0
5124,1.090626,1.472916,MGC,1,1,0,0
5317,1.036527,1.057242,MGC,1,1,0,0
2398,1.215499,1.140830,HWC,1,1,0,0
4653,1.152762,1.204595,MGC,4,1,0,0
5337,1.092386,1.769619,MGC,3,2,0,0
7522,1.107458,1.300391,MGC,2,1,0,0
1443,1.332529,1.294741,HWC,1,1,0,0
3891,1.121248,1.727551,MGC,3,1,0,0
4497,1.097967,1.344615,MGC,6,1,0,0
7708,1.284218,1.104587,HWC,1,1,0,0
7840,1.142428,1.153638,MGC,1,1,0,0
2075,1.408756,1.695718,MGC,1,1,0,0
8996,1.081567,1.343687,MGC,1,3,0,0
1383,1.332348,1.264989,HWC,1,1,0,0
8667,1.325727,1.194256,HWC,1,1,0,0
947,1.348858,1.991260,MGC,5,2,0,0
312,1.221560,1.524143,MGC,1,3,0,0
2787,1.229826,1.184893,HWC,1,1,0,0
3401,1.163919,1.638049,MGC,5,1,0,0
1482,1.382516,1.271824,HWC,1,1,0,0
1039,1.214884,1.374666,MGC,1,1,0,0
6105,1.286582,1.244000,HWC,2,1,0,0
3339,1.143347,1.350739,MGC,2,1,0,0
257,1.171915,1.566882,MGC,4,2,0,0
6257,1.475069,1.486546,MGC,1,1,0,0
7341,1.157269,1.201771,MGC,5,1,0,0
8124,1.062447,1.347556,MGC,1,1,0,0
8931,1.094600,1.336269,MGC,1,1,0,0
1002,1.296243,1.123398,HWC,1,1,0,0
1444,1.168785,1.434099,MGC,2,2,0,0
2416,1.340006,1.205442,HWC,1,1,0,0
890,1.161752,1.371825,MGC,1,1,0,0
6563,1.230850,1.024749,HWC,1,1,0,0
8213,1.054528,1.140420,MGC,1,1,0,0
7635,1.324883,1.091982,HWC,1,1,0,0
6234,1.246957,1.152154,HWC,1,1,0,0
5257,1.098514,1.096970,HWC,1,1,0,0
4904,1.536088,1.119209,HWC,1,1,0,0
3157,1.043742,2.000117,MGC,1,3,0,0
1054,1.274672,1.091986,HWC,3,1,0,0
5904,1.105881,1.069661,HWC,1,1,0,0
1050,1.152596,1.390945,MGC,2,1,0,0
7421,1.478032,1.226965,HWC,1,1,0,0
7247,1.455427,1.109886,HWC,1,1,0,0
3911,1.266803,1.353003,MGC,1,1,0,0
3555,1.308031,1.117427,HWC,1,1,0,0
4907,1.143011,1.362605,MGC,3,1,0,0
6069,1.354273,1.730474,MGC,1,1,0,0
2316,1.360556,1.157487,HWC,2,1,0,0
5589,1.317128,1.091047,HWC,1,1,0,0
1513,1.346776,1.063415,HWC,1,1,0,0
887,1.289068,1.302631,MGC,1,2,0,0
2449,1.254627,1.085348,HWC,1,1,0,0
4448,1.215167,1.386024,MGC,5,1,0,0
3431,1.331845,1.446057,MGC,1,1,0,0
3900,1.357589,1.030284,HWC,2,1,0,0
3194,1.348021,1.334948,HWC,1,1,0,0
2788,1.231972,1.369609,MGC,1,1,0,0
6886,1.213611,1.342117,MGC,1,1,0,0
8657,1.139466,1.425866,MGC,1,1,0,0
3557,1.265155,1.436571,MGC,2,1,0,0
7867,1.220500,1.119807,HWC,1,1,0,0
8123,1.198761,1.372791,MGC,1,2,0,0
8938,1.178952,1.581716,MGC,1,3,0,0
1378,1.384324,1.916579,MGC,2,1,0,0
977,1.218657,1.338029,MGC,1,1,0,0
3703,1.149373,1.003273,HWC,4,1,0,0
7858,1.043186,1.099265,MGC,1,1,0,0
8321,1.149961,1.497773,MGC,1,1,0,0
2681,1.117509,1.064737,HWC,1,1,0,0
7706,1.249138,1.425756,MGC,1,1,0,0
8766,1.183546,0.986967,HWC,1,1,0,0
8987,1.231724,1.276539,MGC,3,1,0,0
1762,1.172545,1.058072,HWC,1,1,0,0
3017,1.167523,1.230593,MGC,4,1,0,0
8656,1.357160,1.828916,MGC,1,2,0,0
2140,1.191093,1.202576,MGC,1,1,0,0
6457,1.152633,1.095292,HWC,1,1,0,0
8563,1.333369,1.086195,HWC,1,1,0,0
3111,1.364586,1.785764,MGC,1,1,0,0
7666,1.227126,1.188376,HWC,1,1,0,0
1677,1.304680,1.279491,HWC,3,1,0,0
8728,1.428511,1.640190,MGC,1,1,0,0
2229,1.172449,1.257221,MGC,1,1,0,0
774,1.258239,1.841118,MGC,2,1,0,0
8990,1.069966,1.221756,MGC,1,1,0,0
2802,1.084732,1.187038,MGC,2,1,0,0
8377,1.200975,1.590619,MGC,1,1,0,0
7734,1.487060,1.348189,HWC,2,1,0,0
4304,1.325298,1.803885,MGC,1,1,0,0
5159,1.226850,1.104622,HWC,2,1,0,0
6025,1.299397,1.455952,MGC,1,1,0,0
7124,1.177989,1.275463,MGC,1,1,0,0
2317,1.264152,1.511840,MGC,1,1,0,0
1229,1.153096,1.167069,MGC,1,1,0,0
7825,1.071462,1.253326,MGC,1,1,0,0
4834,1.106336,1.299587,MGC,2,1,0,0
1429,1.249163,1.317891,MGC,2,1,0,0
1891,1.196543,1.050928,HWC,1,1,0,0
1639,1.199776,1.239004,MGC,1,1,0,0
2249,1.087162,1.116329,MGC,2,1,0,0
880,1.292772,1.509712,MGC,1,1,0,0
1805,1.166188,1.158744,HWC,3,1,0,0
1867,1.137759,1.185037,MGC,5,1,0,0
8733,1.332753,1.389448,MGC,2,5,0,0
5358,1.192223,1.427350,MGC,1,1,0,0
3822,1.243199,1.166788,HWC,1,1,0,0
7334,1.414394,1.652113,MGC,1,1,0,0
91,1.184724,1.012374,HWC,1,1,0,0
7098,1.224459,1.970261,MGC,1,1,0,0
3274,1.155211,1.096888,HWC,1,1,0,0
8889,1.232443,1.380975,MGC,2,1,0,0
7433,1.124285,1.354885,MGC,1,1,0,0
4789,1.360510,1.173592,HWC,3,1,0,0
1775,1.335401,1.055142,HWC,1,1,0,0
6876,1.454686,1.251456,HWC,1,1,0,0
6176,1.274280,1.487118,MGC,1,1,0,0
7704,1.250023,1.057154,HWC,3,1,0,0
4477,1.294548,1.270913,HWC,2,1,0,0
4923,1.121389,1.091311,HWC,1,1,0,0
1541,1.224431,1.441591,MGC,2,1,0,0
1780,1.206754,1.352844,MGC,1,2,0,0
291,1.238397,1.355724,MGC,1,1,0,0
8769,1.185234,1.830916,MGC,7,4,0,0
3538,1.546915,1.600902,MGC,1,2,0,0
3808,1.268953,1.015230,HWC,1,1,0,0
7442,1.199184,1.040919,HWC,1,1,0,0
8808,1.173746,1.597918,MGC,1,1,0,0
3423,1.167814,1.232060,MGC,1,1,0,0
5294,1.371377,1.186039,HWC,1,1,0,0
2516,1.231590,1.414341,MGC,3,1,0,0
7347,1.472686,1.108914,HWC,1,1,0,0
341,1.067253,1.030655,HWC,1,1,0,0
8403,1.186834,1.180760,HWC,1,1,0,0
4407,1.179511,1.003424,HWC,2,1,0,0
3258,1.312141,1.380634,MGC,1,1,0,0
8042,1.072179,1.364986,MGC,1,1,0,0
8150,1.247179,1.236171,HWC,1,2,0,0
2364,1.129687,1.288926,MGC,3,2,0,0
3698,1.168019,1.299398,MGC,2,1,0,0
1150,1.279066,1.081675,HWC,1,1,0,0
1853,1.443767,1.189843,HWC,2,1,0,0
5995,1.276302,1.299018,MGC,1,1,0,0
5749,1.135688,1.592527,MGC,2,4,0,0
3022,1.256553,1.420219,MGC,1,1,0,0
4486,1.205686,1.206263,MGC,2,1,0,0
6596,1.305101,1.072648,HWC,1,1,0,0
1705,1.227688,1.073778,HWC,2,1,0,0
7554,1.240446,1.008786,HWC,1,1,0,0
3818,1.306422,1.032056,HWC,1,1,0,0
8898,1.236219,1.103962,HWC,1,1,0,0
510,1.648169,2.150940,MGC,1,1,0,0
4508,1.228279,1.063627,HWC,1,1,0,0
3862,1.362705,1.303837,HWC,1,1,0,0
5163,1.256945,1.474324,MGC,2,1,0,0
4337,1.182740,1.513352,MGC,1,1,0,0
2385,1.111461,1.174540,MGC,2,1,0,0
1702,1.206907,1.084670,HWC,2,1,0,0
3665,1.249629,1.222583,HWC,1,1,0,0
7538,1.162498,1.620045,MGC,4,1,0,0
2974,1.190599,1.368500,MGC,1,1,0,0
7950,1.280083,1.646087,MGC,2,1,0,0
6656,1.242676,1.781503,MGC,1,2,0,0
5326,1.215068,1.246082,MGC,2,1,0,0
4281,1.251997,1.440467,MGC,1,1,0,0
6321,1.216017,1.750171,MGC,3,1,0,0
6746,1.128807,1.395072,MGC,1,1,0,0
6748,1.142343,1.089334,HWC,2,1,0,0
2538,1.193044,1.093799,HWC,1,1,0,0
3249,1.109750,1.026303,HWC,1,1,0,0
730,1.352473,0.982765,HWC,1,1,0,0
6485,1.263856,1.344995,MGC,2,1,0,0
4997,1.152636,1.176964,MGC,2,1,0,0
8941,1.278844,1.643831,MGC,2,4,0,0
8163,1.310223,1.734778,MGC,1,1,0,0
594,1.246969,1.072968,HWC,1,1,0,0
1871,1.189779,1.139475,HWC,1,1,0,0
7240,1.173346,1.571199,MGC,2,2,0,0
3659,1.182263,1.415276,MGC,1,1,0,0
3103,1.209202,1.054553,HWC,1,1,0,0
1729,1.680733,1.225230,HWC,2,6,0,0
4180,1.178380,1.283836,MGC,4,1,0,0
36,1.195797,1.682527,MGC,1,1,0,0
3501,1.237009,1.441055,MGC,2,2,0,0
2805,1.260565,1.491761,MGC,1,1,0,0
5114,1.068703,0.971866,HWC,1,1,0,0
8736,1.097502,1.223368,MGC,1,3,0,0
4679,1.336627,1.040326,HWC,1,1,0,0
5511,1.075954,1.059146,HWC,1,1,0,0
7379,1.179107,1.173934,HWC,1,1,0,0
4191,1.231928,1.256449,MGC,1,1,0,0
3939,1.166655,1.750351,MGC,1,1,0,0
753,1.282210,1.217714,HWC,2,1,0,0
1757,1.205543,1.052362,HWC,1,1,0,0
135,1.114459,1.593641,MGC,1,1,0,0
2413,1.143518,1.028818,HWC,4,1,0,0
5221,1.189449,1.103295,HWC,1,1,0,0
452,1.147559,1.588612,MGC,1,4,0,0
4214,1.170633,1.410757,MGC,2,1,0,0
755,1.302053,1.440828,MGC,1,2,0,0
324,1.188025,1.146387,HWC,1,1,0,0
4415,1.124277,1.174123,MGC,1,1,0,0
4940,1.385154,1.357788,HWC,1,1,0,0
4401,1.343893,1.364449,MGC,1,1,0,0
2308,1.104024,1.272909,MGC,1,1,0,0
356,1.153325,1.236933,MGC,1,3,0,0
5616,1.290066,1.510069,MGC,3,1,0,0
7996,1.066601,1.331664,MGC,1,2,0,0
3809,1.774310,1.207431,HWC,1,1,0,0
7377,1.358761,1.355640,HWC,1,1,0,0
3866,1.412996,1.101556,HWC,1,1,0,0
1089,1.226218,1.763079,MGC,4,4,0,0
8932,1.363986,1.121386,HWC,1,1,0,0
3872,1.184597,1.852873,MGC,2,2,0,0
8499,1.295022,1.696364,MGC,2,1,0,0
6295,1.126459,0.992160,HWC,1,1,0,0
5439,1.227627,1.033399,HWC,1,1,0,0
6751,1.566723,1.107494,HWC,1,1,0,0
1297,1.185605,1.393415,MGC,7,3,0,0
4332,1.215426,1.232667,MGC,1,1,0,0
6649,1.290643,1.452622,MGC,2,1,0,0
6740,1.442739,1.034562,HWC,1,1,0,0
6479,1.106983,2.580729,MGC,8,1,0,0
6304,1.202472,1.623820,MGC,1,1,0,0
8697,1.367717,1.456449,MGC,1,1,0,0
1132,1.147829,1.382448,MGC,1,1,0,0
6250,1.057711,1.310015,MGC,2,1,0,0
6688,1.249977,1.422593,MGC,1,1,0,0
7728,1.292002,1.509828,MGC,3,2,0,0
4829,1.266524,1.384207,MGC,1,1,0,0
3685,1.040674,1.035563,HWC,1,1,0,0
8836,1.117718,1.110967,HWC,2,1,0,0
3133,1.149013,1.559648,MGC,2,1,0,0
795,1.291009,1.030690,HWC,1,1,0,0
3774,1.242625,1.394972,MGC,1,1,0,0
6430,1.118535,1.425034,MGC,6,6,0,0
3933,1.083460,1.297986,MGC,1,1,0,0
1300,1.271459,1.257069,HWC,1,1,0,0
845,1.298146,1.020220,HWC,1,1,0,0
846,1.343303,1.320768,HWC,1,1,0,0
7308,1.188324,1.403764,MGC,1,1,0,0
7299,1.189733,1.094747,HWC,2,1,0,0
4069,1.184533,1.191800,MGC,1,1,0,0
3739,1.231630,1.220714,HWC,2,1,0,0
8460,1.055336,1.362324,MGC,6,4,0,0
1298,1.201856,1.756250,MGC,1,1,0,0
7106,1.207433,1.835131,MGC,2,5,0,0
7741,1.372828,1.898039,MGC,4,2,0,0
2553,1.227685,1.746724,MGC,4,1,0,0
3190,1.241012,1.357742,MGC,2,1,0,0
1073,1.213522,1.080053,HWC,1,1,0,0
5496,1.058786,1.341779,MGC,1,1,0,0
6099,1.236921,1.209167,HWC,1,1,0,0
614,1.147868,1.975850,MGC,2,5,0,0
8742,1.123647,1.407032,MGC,2,2,0,0
5207,1.367738,1.099691,HWC,1,1,0,0
186,1.101452,1.400318,MGC,1,1,0,0
6534,1.295061,1.495061,MGC,1,1,0,0
8293,1.138140,1.129009,HWC,1,1,0,0
3753,1.402552,1.539862,MGC,1,1,0,0
6918,1.222374,1.608050,MGC,2,1,0,0
2742,1.530362,1.458738,HWC,1,1,0,0
4902,1.166544,1.383236,MGC,1,2,0,0
5735,1.673043,1.332932,HWC,1,2,0,0
1571,1.215237,1.083696,HWC,1,1,0,0
4263,1.097202,1.093751,HWC,2,1,0,0
6925,1.251411,1.252531,MGC,1,1,0,0
8055,1.162979,1.190620,MGC,2,1,0,0
7549,1.382399,1.215907,HWC,1,1,0,0
5997,1.236876,2.323795,MGC,3,3,0,0
4100,1.287716,1.160417,HWC,2,1,0,0
8393,1.234707,1.416421,MGC,1,1,0,0
7656,1.045173,1.018517,HWC,1,1,0,0
3704,1.232162,1.453159,MGC,2,1,0,0
5548,1.209422,1.156122,HWC,1,1,0,0
4368,1.306734,1.299301,HWC,1,1,0,0
3446,1.109122,1.394003,MGC,1,1,0,0
8828,1.157434,1.285309,MGC,1,1,0,0
1284,1.187188,1.781271,MGC,1,1,0,0
2145,1.530834,1.660831,MGC,1,1,0,0
8532,1.329434,1.199145,HWC,1,1,0,0
4413,1.034448,1.315846,MGC,2,1,0,0
8266,1.347705,2.198018,MGC,1,4,0,0
2383,1.212371,1.119656,HWC,1,1,0,0
2045,1.217346,1.269955,MGC,1,1,0,0
8177,1.120701,1.175913,MGC,1,1,0,0
714,1.599675,1.787512,MGC,1,1,0,0
602,1.324767,1.678846,MGC,3,2,0,0
5227,1.232113,1.258740,MGC,1,1,0,0
349,1.310467,1.296372,HWC,3,1,0,0
7707,1.261131,1.123520,HWC,1,1,0,0
234,1.101442,1.105971,MGC,1,1,0,0
7954,1.278454,1.068237,HWC,1,1,0,0
5608,1.143004,1.489305,MGC,1,4,0,0
675,1.642464,1.575583,HWC,1,1,0,0
3546,1.173287,1.374392,MGC,2,1,0,0
133,1.185635,1.026372,HWC,1,1,0,0
1389,1.296294,1.057390,HWC,1,1,0,0
1696,1.078071,1.004288,HWC,3,3,0,0
5372,1.307821,1.516734,MGC,2,1,0,0
6363,1.166393,1.679592,MGC,1,1,0,0
4475,1.120483,1.010867,HWC,1,1,0,0
8301,1.148882,1.576944,MGC,4,1,0,0
1405,1.245912,1.142099,HWC,2,1,0,0
122,1.233928,1.331179,MGC,1,1,0,0
3805,1.152538,1.369960,MGC,4,1,0,0
5642,1.305645,1.254686,HWC,2,3,0,0
8423,1.177118,1.126754,HWC,2,1,0,0
8315,1.080838,1.302718,MGC,9,2,0,0
1257,1.227200,1.516243,MGC,2,1,0,0
5733,1.162562,1.396035,MGC,1,1,0,0
6348,1.370870,1.121567,HWC,1,1,0,0
3860,1.120894,0.991526,HWC,1,1,0,0
6082,1.129239,1.308970,MGC,1,1,0,0
7528,1.170549,1.216092,MGC,1,1,0,0
7226,1.177975,1.132413,HWC,2,5,0,0
6742,1.139195,1.130860,HWC,1,1,0,0
700,1.313133,1.767135,MGC,4,2,0,0
652,1.175462,1.548334,MGC,2,1,0,0
8515,1.196457,1.710967,MGC,3,7,0,0
161,1.035460,1.491154,MGC,1,5,0,0
4553,1.153747,1.349552,MGC,6,1,0,0
6192,1.235473,1.542878,MGC,1,1,0,0
5529,1.267187,1.404432,MGC,3,1,0,0
3294,1.191757,1.179097,HWC,1,1,0,0
2462,1.133490,1.228037,MGC,2,1,0,0
6415,1.303761,1.175336,HWC,2,1,0,0
5520,1.345130,1.232105,HWC,1,1,0,0
5344,1.109536,1.112394,MGC,1,1,0,0
8615,1.181653,1.094146,HWC,2,1,0,0
2687,1.563201,1.716944,MGC,1,1,0,0
7032,1.140921,1.223846,MGC,1,2,0,0
2930,1.274268,1.205890,HWC,1,1,0,0
8582,1.160442,1.077852,HWC,4,1,0,0
7083,1.358906,1.444797,MGC,1,1,0,0
283,1.321621,1.384880,MGC,2,1,0,0
3045,1.162353,1.231621,MGC,1,1,0,0
4004,1.425155,1.566039,MGC,1,1,0,0
3280,1.275277,1.159177,HWC,1,1,0,0
1158,1.128549,1.257063,MGC,1,1,0,0
4150,1.185846,1.272134,MGC,2,1,0,0
5540,1.357871,1.069169,HWC,1,1,0,0
808,1.207071,1.276801,MGC,1,1,0,0
757,1.301917,1.740772,MGC,1,1,0,0
5305,1.164156,1.419172,MGC,1,6,0,0
7827,1.347108,1.576308,MGC,2,3,0,0
272,1.311040,1.363708,MGC,1,1,0,0
6067,1.174169,1.380282,MGC,2,1,0,0
8635,1.410667,1.637811,MGC,1,1,0,0
4323,1.313200,1.108815,HWC,1,1,0,0
6427,1.765874,2.034709,MGC,1,1,0,0
5824,1.017588,1.116490,MGC,1,1,0,0
3827,1.481069,1.481782,MGC,1,1,0,0
3580,1.218774,1.204699,HWC,2,1,0,0
1476,0.963551,1.233798,MGC,4,1,0,0
2443,1.260604,1.091851,HWC,1,1,0,0
3232,1.127231,1.292747,MGC,1,1,0,0
4596,1.200183,0.983129,HWC,1,1,0,0
5574,1.599204,1.492384,HWC,1,1,0,0
1234,1.466668,1.100895,HWC,1,1,0,0
3884,1.371431,1.505195,MGC,1,2,0,0
4166,1.413546,1.066630,HWC,1,1,0,0
5177,1.185351,1.232778,MGC,1,1,0,0
8380,1.316965,1.604458,MGC,1,1,0,0
1995,1.276620,1.444653,MGC,1,1,0,0
831,1.249412,1.001846,HWC,1,1,0,0
7997,1.219870,1.105216,HWC,1,1,0,0
5174,1.391060,1.516232,MGC,1,1,0,0
5519,1.273160,1.585400,MGC,1,1,0,0
6522,1.402670,1.465287,MGC,2,1,0,0
5149,1.494853,1.443924,HWC,2,1,0,0
7713,1.125312,1.095890,HWC,1,1,0,0
3731,1.216965,1.018972,HWC,1,1,0,0
4367,1.135401,1.327128,MGC,6,1,0,0
7126,1.203406,1.095496,HWC,4,1,0,0
3459,1.278780,1.334125,MGC,3,1,0,0
1272,1.356989,1.451649,MGC,1,2,0,0
8771,1.207749,1.139478,HWC,1,1,0,0
2542,1.103082,1.228631,MGC,4,1,0,0
695,1.204162,1.537238,MGC,6,1,0,0
194,1.147382,1.150895,MGC,1,1,0,0
8561,1.194861,1.247305,MGC,2,1,0,0
5185,1.422679,1.173929,HWC,1,1,0,0
1353,1.292096,1.138329,HWC,1,1,0,0
2363,1.614157,1.460100,HWC,2,1,0,0
2330,1.157252,1.297886,MGC,1,1,0,0
7630,1.255238,1.410020,MGC,1,1,0,0
2664,1.543346,1.332633,HWC,1,1,0,0
2782,1.042339,1.055479,MGC,1,1,0,0
3049,1.309765,1.341385,MGC,1,1,0,0
8666,1.210105,1.410934,MGC,2,1,0,0
8051,1.135996,1.119515,HWC,1,1,0,0
666,1.420807,1.156382,HWC,1,1,0,0
3915,1.332546,1.236017,HWC,2,1,0,0
1451,1.251774,1.423338,MGC,1,1,0,0
8947,1.138031,1.068583,HWC,1,1,0,0
7362,1.273726,1.066762,HWC,1,1,0,0
2281,1.239338,1.368225,MGC,1,1,0,0
5410,1.050908,1.039049,HWC,1,1,0,0
3611,1.245366,1.099651,HWC,1,1,0,0
1609,1.239711,1.114202,HWC,1,1,0,0
745,1.076385,1.164437,MGC,1,1,0,0
2507,1.210723,1.160791,HWC,4,1,0,0
1778,1.115312,1.294816,MGC,3,1,0,0
3296,1.123362,1.100752,HWC,1,1,0,0
7791,1.121043,1.106966,HWC,1,1,0,0
1139,1.333295,1.199297,HWC,1,1,0,0
4130,1.074539,1.377019,MGC,1,1,0,0
1055,1.168270,1.259731,MGC,1,1,0,0
4059,1.298878,1.477114,MGC,2,1,0,0
4809,1.146627,1.345864,MGC,1,1,0,0
5419,1.395690,1.373180,HWC,2,1,0,0
5195,1.182766,1.001191,HWC,1,1,0,0
5458,1.246297,0.977968,HWC,5,1,0,0
6756,1.266688,1.195304,HWC,1,1,0,0
4626,1.138160,1.124199,HWC,1,1,0,0
6565,1.152435,1.606547,MGC,1,1,0,0
5778,1.247392,1.052640,HWC,1,1,0,0
3193,1.151787,1.127959,HWC,1,1,0,0
6812,1.256425,1.652606,MGC,1,1,0,0
642,1.595299,1.586842,HWC,1,1,0,0
4240,1.531201,1.384874,HWC,2,1,0,0
6158,1.062129,1.305207,MGC,1,1,0,0
5164,1.218798,1.128074,HWC,2,1,0,0
6179,1.182901,1.303019,MGC,2,1,0,0
1390,1.395891,1.939578,MGC,1,4,0,0
881,1.373603,1.212555,HWC,3,1,0,0
140,1.251956,1.143750,HWC,1,1,0,0
8481,1.349351,1.726791,MGC,2,5,0,0
5444,1.214283,1.137353,HWC,1,1,0,0
3346,1.277331,1.287159,MGC,1,1,0,0
8995,1.360824,1.082105,HWC,3,1,0,0
7422,1.041782,1.144578,MGC,1,1,0,0
5710,1.220943,1.025309,HWC,1,1,0,0
6391,1.278260,1.103526,HWC,1,1,0,0
5039,1.129162,1.296029,MGC,1,1,0,0
4305,1.236199,1.485681,MGC,2,1,0,0
2841,1.112567,1.375339,MGC,1,1,0,0
1722,1.534825,1.030893,HWC,1,1,0,0
5016,1.147383,1.097484,HWC,1,1,0,0
3315,1.240006,1.086440,HWC,2,1,0,0
4306,1.245612,1.527543,MGC,1,1,0,0
6530,1.084440,1.055058,HWC,1,1,0,0
5543,1.565344,1.058195,HWC,1,1,0,0
362,1.563946,1.129023,HWC,1,1,0,0
8714,1.344736,1.118477,HWC,1,1,0,0
6930,1.234636,1.010772,HWC,1,1,0,0
1869,1.716944,1.670190,HWC,1,1,0,0
4899,1.318121,1.028685,HWC,1,1,0,0
3062,1.329593,1.344749,MGC,1,1,0,0
7504,1.189227,1.455048,MGC,2,1,0,0
258,1.293340,1.385958,MGC,2,2,0,0
6859,1.349345,1.314060,HWC,1,1,0,0
8569,1.204027,1.050509,HWC,3,1,0,0
8487,1.120208,1.458462,MGC,1,5,0,0
7819,1.305083,1.363737,MGC,2,1,0,0
6790,1.266085,1.062735,HWC,1,1,0,0
8412,1.120667,1.083603,HWC,3,1,0,0
413,1.277924,1.544812,MGC,2,1,0,0
3380,1.626143,1.125138,HWC,1,1,0,0
3072,1.212683,1.398131,MGC,1,1,0,0
5061,1.302917,1.321871,MGC,1,1,0,0
6227,1.318202,1.517104,MGC,2,2,0,0
4936,1.125051,1.580773,MGC,4,1,0,0
7619,1.279580,1.363768,MGC,2,1,0,0
2410,1.480133,1.462672,HWC,1,1,0,0
663,1.400053,1.451294,MGC,1,1,0,0
5515,1.294244,1.037549,HWC,1,1,0,0
6683,1.537616,1.155640,HWC,1,1,0,0
5229,1.234460,1.568095,MGC,2,1,0,0
5325,1.401705,1.620755,MGC,1,2,0,0
8067,1.127093,1.175596,MGC,1,1,0,0
8384,1.272059,1.099740,HWC,1,1,0,0
7416,1.252992,1.334509,MGC,1,1,0,0
2453,1.254411,1.141452,HWC,1,2,0,0
965,1.180543,1.125619,HWC,7,1,0,0
4652,1.060065,1.157153,MGC,1,1,0,0
61,1.341047,1.104725,HWC,1,1,0,0
910,1.802100,1.597575,HWC,1,1,0,0
8501,1.208227,1.220720,MGC,2,1,0,0
6659,1.384343,1.212524,HWC,1,1,0,0
371,1.105496,1.513493,MGC,1,1,0,0
2254,1.070744,0.975665,HWC,1,1,0,0
8135,1.115076,1.100596,HWC,1,1,0,0
5843,1.079241,1.093558,MGC,1,1,0,0
673,1.207486,1.179617,HWC,1,1,0,0
2435,1.158382,1.023407,HWC,1,1,0,0
401,1.141614,1.011925,HWC,1,1,0,0
8646,1.169354,1.279383,MGC,4,1,0,0
2860,1.149802,1.072662,HWC,1,1,0,0
2918,1.204203,1.550727,MGC,2,1,0,0
1989,1.146638,1.936763,MGC,8,3,0,0
1375,1.203137,1.073046,HWC,3,2,0,0
4244,1.288351,1.522515,MGC,1,1,0,0
5127,1.148146,1.100621,HWC,1,1,0,0
8337,1.161880,1.152909,HWC,1,1,0,0
3395,1.363006,1.425586,MGC,2,4,0,0
5897,1.339668,1.258180,HWC,1,1,0,0
564,1.191598,1.203085,MGC,2,1,0,0
8044,1.047380,1.496878,MGC,1,1,0,0
2715,1.167805,1.386408,MGC,1,2,0,0
4762,1.372047,1.800020,MGC,1,4,0,0
5940,1.177152,1.152181,HWC,3,1,0,0
8467,1.148076,1.225079,MGC,2,1,0,0
782,1.311014,1.320250,MGC,1,1,0,0
5553,1.682747,1.529154,HWC,1,1,0,0
4743,1.380296,1.337138,HWC,1,1,0,0
2571,1.115999,1.422180,MGC,1,1,0,0
6681,1.569112,1.649027,MGC,1,1,0,0
8032,1.393140,1.118695,HWC,1,1,0,0
8366,1.149858,1.187358,MGC,1,1,0,0
6023,1.180613,1.088792,HWC,3,1,0,0
1320,1.195656,1.366240,MGC,2,2,0,0
2996,1.659095,1.266044,HWC,1,1,0,0
8093,1.340680,1.607197,MGC,2,1,0,0
6316,1.120758,1.040820,HWC,1,1,0,0
4168,1.369805,1.381005,MGC,1,1,0,0
5665,1.087307,1.024859,HWC,1,1,0,0
7178,1.149636,1.211453,MGC,1,1,0,0
7359,1.231825,1.891644,MGC,1,1,0,0
8435,1.199883,1.113885,HWC,2,1,0,0
597,1.187186,1.149390,HWC,3,1,0,0
2117,1.244202,1.279529,MGC,3,1,0,0
7272,1.391705,1.494977,MGC,1,1,0,0
8137,1.187892,1.455532,MGC,2,1,0,0
6106,1.156041,1.370788,MGC,1,2,0,0
8457,1.408755,1.943932,MGC,1,3,0,0
7503,1.189017,1.628284,MGC,2,2,0,0
573,1.198334,1.190129,HWC,1,1,0,0
8118,1.227174,1.138639,HWC,2,1,0,0
8341,1.460654,1.045704,HWC,1,1,0,0
4363,1.316720,1.207985,HWC,2,1,0,0
8287,1.082228,1.122980,MGC,1,1,0,0
2404,1.379440,1.407297,MGC,1,1,0,0
1080,1.177066,1.604818,MGC,2,1,0,0
6313,1.083386,1.369349,MGC,1,1,0,0
8325,1.168380,1.211050,MGC,2,1,0,0
1041,1.202855,2.120437,MGC,2,1,0,0
5695,1.353863,0.971488,HWC,1,1,0,0
4237,1.261253,1.303747,MGC,2,1,0,0
4545,1.144594,1.211415,MGC,1,1,0,0
6334,1.148120,1.192642,MGC,1,1,0,0
7036,1.397360,1.193756,HWC,2,1,0,0
6513,1.346191,2.101232,MGC,2,2,0,0
6110,1.285256,1.212787,HWC,1,1,0,0
8392,1.294222,1.552205,MGC,2,2,0,0
4251,1.241557,1.587929,MGC,1,1,0,0
2471,1.081354,1.182036,MGC,1,1,0,0
5571,1.085174,1.101478,MGC,1,1,0,0
181,1.218818,1.291916,MGC,2,1,0,0
3090,1.202794,1.548070,MGC,2,4,0,0
2518,1.095611,1.140590,MGC,1,1,0,0
4074,1.319589,1.245183,HWC,3,1,0,0
2042,1.213506,1.014713,HWC,1,1,0,0
4538,1.191926,1.078455,HWC,1,1,0,0
4794,1.090978,1.314226,MGC,1,1,0,0
8256,1.035087,1.046412,MGC,5,1,0,0
1910,1.172498,1.455423,MGC,7,1,0,0
88,1.119183,1.470297,MGC,1,2,0,0
6682,1.232074,1.198598,HWC,1,1,0,0
6808,1.525735,1.211394,HWC,1,1,0,0
7738,1.267199,1.172533,HWC,1,1,0,0
8991,1.375873,1.570003,MGC,2,3,0,0
2937,1.289465,1.128973,HWC,1,1,0,0
4807,1.171498,1.229377,MGC,1,1,0,0
3724,1.061836,1.407950,MGC,1,1,0,0
253,1.441715,1.468598,MGC,1,1,0,0
4203,1.236106,1.234581,HWC,2,2,0,0
4365,1.210435,1.131438,HWC,1,1,0,0
6229,1.075995,1.021085,HWC,3,1,0,0
7712,1.174275,1.468574,MGC,4,2,0,0
4443,1.320146,1.214951,HWC,1,1,0,0
7947,1.417033,1.310128,HWC,1,1,0,0
1171,1.376390,1.418849,MGC,2,1,0,0
5175,1.297256,1.356542,MGC,1,1,0,0
7727,1.163221,2.145590,MGC,3,2,0,0
1797,1.208139,1.392881,MGC,1,1,0,0
7021,1.208752,1.350120,MGC,2,3,0,0
2321,1.228921,1.180518,HWC,1,1,0,0
8850,1.186570,1.059714,HWC,2,1,0,0
111,1.085805,1.295473,MGC,1,1,0,0
3248,1.252650,1.260916,MGC,1,1,0,0
6260,1.341266,1.044454,HWC,1,1,0,0
2992,1.322738,1.519679,MGC,2,2,0,0
1237,1.158746,1.268259,MGC,1,1,0,0
5667,1.224761,1.245122,MGC,1,1,0,0
1653,1.164680,1.284224,MGC,3,1,0,0
4549,1.352828,1.513038,MGC,1,1,0,0
1971,1.226210,1.595696,MGC,2,1,0,0
8610,1.113846,1.089605,HWC,1,1,0,0
4432,1.265924,1.544461,MGC,2,4,0,0
1855,1.756103,1.427745,HWC,2,1,0,0
2054,1.274591,1.283188,MGC,2,1,0,0
5610,1.113847,1.272424,MGC,1,2,0,0
7482,1.263992,1.124414,HWC,1,1,0,0
6770,1.284629,1.576516,MGC,6,3,0,0
1642,1.276338,1.074839,HWC,1,1,0,0
6666,1.205662,1.278878,MGC,3,1,0,0
5602,1.452446,1.793133,MGC,1,1,0,0
4569,1.255892,1.057883,HWC,1,1,0,0
2666,1.183515,1.044248,HWC,1,1,0,0
8619,1.409686,1.371387,HWC,1,1,0,0
3096,1.239018,1.380289,MGC,2,1,0,0
6488,1.235502,1.254186,MGC,1,6,0,0
8974,1.234955,1.517650,MGC,2,1,0,0
7006,1.070205,1.073325,MGC,1,1,0,0
720,1.137892,1.281649,MGC,1,1,0,0
8913,1.440742,1.056119,HWC,1,1,0,0
4489,1.198928,1.014710,HWC,4,1,0,0
6044,1.064890,1.152873,MGC,3,1,0,0
1070,1.147875,1.356930,MGC,1,1,0,0
2622,1.147338,1.461680,MGC,4,1,0,0
5476,1.169497,1.112805,HWC,1,1,0,0
7116,1.444456,1.657710,MGC,3,2,0,0
7773,1.299355,1.378718,MGC,2,1,0,0
6237,1.158497,1.432012,MGC,1,1,0,0
6282,1.198868,1.323487,MGC,1,1,0,0
7189,1.182097,1.219841,MGC,1,1,0,0
1109,1.346507,1.473048,MGC,1,1,0,0
2070,1.202524,2.078223,MGC,1,4,0,0
5686,1.387604,1.605903,MGC,2,1,0,0
2684,1.219787,1.512295,MGC,1,1,0,0
6068,1.122054,1.050081,HWC,2,1,0,0
8346,1.264942,1.074364,HWC,1,1,0,0
6009,1.191459,1.527290,MGC,1,2,0,0
2468,1.233985,1.210346,HWC,1,1,0,0
5169,1.103638,1.025201,HWC,1,1,0,0
7279,1.311999,1.290912,HWC,2,1,0,0
6989,1.321138,1.553967,MGC,1,2,0,0
8959,1.077850,1.101371,MGC,1,1,0,0
5537,1.223471,1.892934,MGC,5,2,0,0
5486,1.403956,1.264293,HWC,1,1,0,0
5313,1.296779,1.211781,HWC,1,1,0,0
4392,1.363501,1.168267,HWC,1,1,0,0
7161,1.151820,1.167503,MGC,1,1,0,0
73,1.271016,1.294339,MGC,1,1,0,0
7740,1.204444,1.701581,MGC,1,3,0,0
7138,1.456620,1.307318,HWC,1,1,0,0
1410,1.339332,1.559680,MGC,1,1,0,0
5465,1.233385,1.359914,MGC,1,4,0,0
1768,1.449729,2.161795,MGC,1,1,0,0
1191,1.178539,1.447800,MGC,3,1,0,0
7552,1.221291,1.018783,HWC,1,1,0,0
4479,1.182655,1.611657,MGC,3,2,0,0
8773,1.301983,1.070143,HWC,1,1,0,0
2818,1.272284,1.074930,HWC,1,1,0,0
2809,1.314160,1.038346,HWC,1,1,0,0
4122,1.334229,1.533650,MGC,2,1,0,0
6902,1.257847,1.427313,MGC,2,1,0,0
7646,1.212381,1.502905,MGC,1,1,0,0
8949,1.458743,1.306104,HWC,2,1,0,0
6515,1.650676,1.854552,MGC,1,1,0,0
5258,1.264617,1.287048,MGC,1,1,0,0
8098,1.109261,1.209697,MGC,1,1,0,0
6509,1.206566,1.407117,MGC,1,1,0,0
8560,1.318176,1.593893,MGC,1,1,0,0
5404,1.643822,1.855809,MGC,2,4,0,0
7477,1.377550,1.892163,MGC,1,1,0,0
6140,1.352163,1.389368,MGC,2,1,0,0
4440,1.267643,1.539618,MGC,3,1,0,0
2334,1.181046,1.295554,MGC,3,1,0,0
8084,1.070613,1.115178,MGC,1,1,0,0
2359,1.151393,1.126683,HWC,1,1,0,0
1977,1.102395,1.085257,HWC,1,1,0,0
2371,1.312134,1.488583,MGC,1,1,0,0
3123,1.192922,1.452976,MGC,4,5,0,0
3053,1.283851,1.411692,MGC,2,1,0,0
2489,1.406947,1.595744,MGC,1,1,0,0
7506,1.176402,1.276137,MGC,1,1,0,0
54,1.117422,1.534222,MGC,2,4,0,0
7371,1.212246,1.352737,MGC,2,1,0,0
3986,1.198654,1.856239,MGC,3,2,0,0
6266,1.087282,1.106096,MGC,1,1,0,0
5599,1.420055,1.424533,MGC,1,1,0,0
4012,1.269152,1.587291,MGC,1,1,0,0
5112,1.257171,1.104566,HWC,1,1,0,0
3738,1.800763,1.790220,HWC,1,1,0,0
7452,1.202091,1.347144,MGC,1,1,0,0
7747,1.166144,1.090057,HWC,3,1,0,0
5387,1.108966,1.196218,MGC,2,1,0,0
2149,1.279087,1.918707,MGC,5,2,0,0
575,1.164898,1.111937,HWC,1,1,0,0
3629,1.178260,1.024732,HWC,1,1,0,0
4581,1.414599,1.017412,HWC,1,1,0,0
5888,1.263772,1.467577,MGC,1,1,0,0
6172,1.250523,1.389627,MGC,2,1,0,0
2848,1.275245,1.529013,MGC,2,3,0,0
7364,1.240355,1.073358,HWC,1,1,0,0
2436,1.277505,1.109239,HWC,1,1,0,0
6390,1.206707,1.060130,HWC,1,1,0,0
5449,1.475023,1.533598,MGC,1,1,0,0
2836,1.352450,1.363702,MGC,1,1,0,0
5833,1.252686,1.071002,HWC,2,1,0,0
1955,1.218022,1.361774,MGC,2,1,0,0
4768,1.038376,1.487745,MGC,5,1,0,0
2866,1.206920,1.293615,MGC,1,1,0,0
7229,1.023029,1.096644,MGC,1,1,0,0
618,1.093452,1.370349,MGC,4,1,0,0
5191,1.084120,2.257740,MGC,1,2,0,0
6984,1.280819,1.396577,MGC,1,1,0,0
3238,1.220730,1.060515,HWC,1,1,0,0
2290,1.288605,1.530154,MGC,1,1,0,0
3095,1.217138,1.968786,MGC,1,3,0,0
1306,1.275062,1.317411,MGC,1,1,0,0
768,1.187421,1.780786,MGC,1,6,0,0
226,1.245253,1.267418,MGC,3,1,0,0
1308,1.250102,1.429782,MGC,2,1,0,0
529,1.243664,1.412720,MGC,1,1,0,0
76,1.197503,1.633163,MGC,1,1,0,0
1183,1.171885,1.055318,HWC,1,1,0,0
8113,1.126464,1.241865,MGC,2,1,0,0
4832,1.198820,1.275283,MGC,3,1,0,0
8663,1.124837,1.360605,MGC,2,4,0,0
6220,1.267949,1.393573,MGC,3,1,0,0
7995,1.349568,2.310471,MGC,1,1,0,0
8298,1.217152,1.808312,MGC,3,2,0,0
7038,1.433943,1.428561,HWC,1,1,0,0
4546,1.133024,1.316728,MGC,1,1,0,0
674,1.200131,1.393088,MGC,1,1,0,0
6610,1.220083,1.057874,HWC,1,1,0,0
1651,1.112695,1.050635,HWC,1,1,0,0
6809,1.802530,1.416144,HWC,1,1,0,0
1465,1.270139,1.094102,HWC,1,1,0,0
4094,1.267370,1.537894,MGC,1,1,0,0
4333,1.135539,1.032568,HWC,2,1,0,0
6760,1.291882,1.413190,MGC,1,3,0,0
4055,1.374139,1.582143,MGC,1,1,0,0
7875,1.228933,1.473533,MGC,8,1,0,0
64,1.194715,1.329060,MGC,2,1,0,0
6516,1.268796,1.287551,MGC,3,3,0,0
5696,1.280619,1.630295,MGC,1,1,0,0
5137,1.269747,1.222241,HWC,1,1,0,0
5688,1.295194,1.350114,MGC,1,1,0,0
495,1.171608,1.350227,MGC,1,1,0,0
8154,1.310304,1.335930,MGC,1,1,0,0
22,1.184109,1.339971,MGC,1,1,0,0
1093,1.530919,1.823081,MGC,2,1,0,0
1953,1.074999,1.190657,MGC,1,1,0,0
5560,1.303212,1.708520,MGC,1,1,0,0
4559,1.271694,1.887770,MGC,1,2,0,0
3293,1.194068,1.105084,HWC,2,1,0,0
4253,1.254706,1.153116,HWC,1,1,0,0
2487,1.179475,1.507050,MGC,3,3,0,0
6841,1.256573,1.101208,HWC,1,1,0,0
4030,1.227869,2.046345,MGC,6,2,0,0
3616,1.058729,1.356764,MGC,1,1,0,0
1686,1.215480,1.090719,HWC,1,1,0,0
5081,1.142922,1.088462,HWC,1,1,0,0
1570,1.334106,1.332945,HWC,1,1,0,0
4909,1.300352,1.048724,HWC,1,1,0,0
5136,1.625652,1.391771,HWC,1,1,0,0
5126,1.126986,1.406851,MGC,2,2,0,0
6190,1.171740,1.331106,MGC,4,1,0,0
5644,1.039878,1.172332,MGC,3,1,0,0
3393,1.123036,1.134155,MGC,1,1,0,0
3646,1.367762,2.127956,MGC,1,1,0,0
6540,1.147524,1.055784,HWC,1,1,0,0
3970,1.320349,1.915648,MGC,1,4,0,0
497,1.286488,1.390443,MGC,2,6,0,0
2431,1.188575,1.327411,MGC,1,1,0,0
2520,1.152796,1.208995,MGC,3,1,0,0
4519,1.342148,1.103384,HWC,1,1,0,0
4890,1.488449,1.677183,MGC,1,1,0,0
1505,1.057868,1.461430,MGC,1,1,0,0
7564,1.391077,1.435644,MGC,1,1,0,0
1179,1.306721,1.391656,MGC,1,1,0,0
8344,1.094575,1.585098,MGC,7,1,0,0
7981,1.158351,1.607873,MGC,1,1,0,0
4722,1.247786,1.064316,HWC,1,1,0,0
2758,1.230414,1.113109,HWC,2,1,0,0
7200,1.503927,1.623830,MGC,1,1,0,0
1357,1.140946,1.609212,MGC,1,1,0,0
7177,1.187352,1.067702,HWC,1,1,0,0
2284,1.284091,1.133398,HWC,1,1,0,0
8126,1.364594,1.029945,HWC,1,1,0,0
1399,1.172378,1.611044,MGC,4,1,0,0
5664,1.075171,1.200325,MGC,1,1,0,0
1646,1.166226,1.338327,MGC,1,1,0,0
8903,1.141737,1.790712,MGC,3,2,0,0
30,1.332500,1.436697,MGC,1,1,0,0
2829,1.245316,1.018409,HWC,1,1,0,0
802,1.119310,1.141181,MGC,1,1,0,0
5379,1.216128,1.263031,MGC,2,1,0,0
7281,1.122885,1.536192,MGC,1,3,0,0
2270,1.285270,1.787488,MGC,2,1,0,0
5130,1.283073,1.060325,HWC,1,1,0,0
7100,1.332218,1.384027,MGC,1,1,0,0
5473,1.233596,1.217643,HWC,1,1,0,0
6412,1.184506,1.223172,MGC,6,1,0,0
6985,1.307750,1.210267,HWC,2,1,0,0
8622,1.090570,1.041411,HWC,1,1,0,0
1837,1.158073,1.117965,HWC,1,1,0,0
5478,1.159137,1.179770,MGC,3,1,0,0
7423,1.128807,1.053368,HWC,1,1,0,0
6900,1.202836,1.497258,MGC,3,1,0,0
1663,1.220974,1.598403,MGC,1,1,0,0
4091,1.480584,2.801385,MGC,3,1,0,0
1796,1.170407,1.076144,HWC,2,1,0,0
2231,1.226312,1.866144,MGC,1,1,0,0
8399,1.140098,1.187274,MGC,1,1,0,0
2843,1.131728,1.020565,HWC,7,1,0,0
3377,1.060970,1.089455,MGC,1,1,0,0
2197,1.138055,1.467992,MGC,1,1,0,0
6035,1.301324,1.044703,HWC,1,1,0,0
6417,1.095099,1.501845,MGC,1,1,0,0
8060,1.508305,1.527015,MGC,1,1,0,0
569,1.090131,0.993644,HWC,4,1,0,0
7571,1.288974,1.099989,HWC,1,1,0,0
1619,1.106807,1.510878,MGC,1,4,0,0
953,1.317462,1.184213,HWC,1,1,0,0
4753,1.203553,1.516999,MGC,3,2,0,0
7787,1.182310,1.281104,MGC,1,1,0,0
6141,1.545773,2.043369,MGC,1,1,0,0
7346,1.186024,1.052397,HWC,1,1,0,0
5906,1.163323,1.246678,MGC,4,1,0,0
6569,1.354935,1.376878,MGC,2,1,0,0
5993,1.253584,1.370208,MGC,1,1,0,0
5556,1.078985,1.308793,MGC,1,1,0,0
1894,1.045908,1.143205,MGC,1,1,0,0
4011,1.281426,1.462341,MGC,1,1,0,0
5522,1.111548,1.500296,MGC,5,1,0,0
1982,1.099090,1.191949,MGC,1,1,0,0
132,1.219730,1.103890,HWC,2,1,0,0
2564,1.597816,1.766226,MGC,2,1,0,0
839,1.184309,1.378313,MGC,3,1,0,0
6280,1.350699,1.964691,MGC,1,4,0,0
4637,1.048562,1.294141,MGC,1,1,0,0
6086,1.182424,1.052970,HWC,5,1,0,0
1671,1.119292,1.181446,MGC,1,1,0,0
203,1.224182,1.399908,MGC,2,1,0,0
2302,1.419638,1.578729,MGC,1,1,0,0
7394,1.139149,1.005453,HWC,1,1,0,0
7321,1.377228,1.562256,MGC,2,1,0,0
6171,1.103854,1.465352,MGC,1,1,0,0
1466,1.301831,1.487309,MGC,1,1,0,0
4756,1.242863,1.059934,HWC,1,1,0,0
2292,1.198957,1.072489,HWC,1,1,0,0
501,1.201261,1.497238,MGC,1,1,0,0
2819,1.160989,1.219102,MGC,2,1,0,0
4132,1.233299,1.203993,HWC,1,1,0,0
7289,1.150656,1.266854,MGC,3,1,0,0
2213,1.175691,1.432584,MGC,1,1,0,0
5932,1.067532,0.979361,HWC,2,1,0,0
7764,1.184667,1.488307,MGC,1,1,0,0
5501,1.201832,0.989617,HWC,1,1,0,0
4201,1.403495,1.493535,MGC,1,1,0,0
4325,1.382044,1.427712,MGC,2,1,0,0
2065,1.268397,1.643235,MGC,2,1,0,0
7548,1.304388,1.087210,HWC,2,1,0,0
1997,1.014175,0.984763,HWC,1,1,0,0
5704,1.154104,1.575432,MGC,3,2,0,0
328,1.018530,1.459570,MGC,2,1,0,0
7744,1.388272,1.445651,MGC,1,1,0,0
6048,1.228777,1.222071,HWC,1,1,0,0
2051,1.269797,1.211517,HWC,1,1,0,0
3878,1.179715,1.068364,HWC,1,1,0,0
4675,1.603288,1.739151,MGC,2,1,0,0
432,1.143528,1.404456,MGC,1,2,0,0
797,1.288047,1.115549,HWC,2,1,0,0
1701,1.140288,1.009319,HWC,1,1,0,0
2035,1.113191,1.263014,MGC,5,1,0,0
8280,1.325560,1.338212,MGC,1,1,0,0
1660,1.196483,1.257558,MGC,1,1,0,0
8484,1.086443,1.082522,HWC,1,1,0,0
6169,1.135333,1.179358,MGC,3,1,0,0
7639,1.330661,1.103138,HWC,2,1,0,0
4309,1.104996,1.281539,MGC,5,1,0,0
7545,1.221242,1.238029,MGC,1,1,0,0
1737,1.407380,1.605391,MGC,2,5,0,0
3678,1.275832,1.383673,MGC,2,2,0,0
7439,1.237896,1.137684,HWC,1,1,0,0
6645,1.356242,1.098859,HWC,1,1,0,0
451,1.461417,1.454128,HWC,1,1,0,0
1712,1.441923,1.890661,MGC,1,1,0,0
2212,1.131450,1.358804,MGC,1,1,0,0
8956,1.220817,1.340023,MGC,1,1,0,0
1583,1.176104,1.204759,MGC,1,1,0,0
6174,1.334901,1.109667,HWC,1,1,0,0
3276,1.126920,1.226822,MGC,1,1,0,0
2122,1.316875,1.324600,MGC,1,1,0,0
1006,1.374586,1.174429,HWC,1,1,0,0
8805,1.233271,1.056105,HWC,1,1,0,0
2947,1.283348,1.423868,MGC,2,1,0,0
2345,1.314764,1.366078,MGC,1,1,0,0
7390,1.133150,1.620305,MGC,1,1,0,0
3126,1.153515,1.046020,HWC,1,1,0,0
2673,1.454624,1.588741,MGC,1,2,0,0
2808,1.253598,1.372548,MGC,3,1,0,0
6038,1.302619,1.615724,MGC,1,1,0,0
3998,1.400709,1.855501,MGC,3,1,0,0
3746,1.288436,1.119600,HWC,1,1,0,0
3420,1.138234,1.063554,HWC,3,1,0,0
8945,1.119823,1.114412,HWC,1,1,0,0
3310,1.457674,1.425970,HWC,1,1,0,0
5386,1.256149,1.812651,MGC,4,1,0,0
5407,1.357546,1.489133,MGC,2,1,0,0
2194,1.278625,1.344115,MGC,2,2,0,0
3382,1.098341,1.568816,MGC,1,1,0,0
935,1.213939,1.541179,MGC,3,2,0,0
4014,1.126498,1.304085,MGC,1,2,0,0
7602,1.306215,1.816533,MGC,1,1,0,0
8028,1.205905,1.271190,MGC,1,1,0,0
2888,1.214018,0.955047,HWC,2,20,0,0
3054,1.256933,1.278406,MGC,2,1,0,0
5660,1.482197,1.882092,MGC,2,2,0,0
6824,1.356188,1.565663,MGC,1,1,0,0
2134,1.225751,1.509477,MGC,3,3,0,0
7385,1.225016,1.184057,HWC,1,1,0,0
1413,1.247018,1.325286,MGC,1,1,0,0
3057,1.287869,1.447209,MGC,3,3,0,0
2766,1.146587,1.263175,MGC,1,1,0,0
3368,1.125077,1.123545,HWC,1,1,0,0
4491,1.217796,1.357661,MGC,2,1,0,0
419,1.249351,1.427158,MGC,1,1,0,0
1033,1.143745,1.033735,HWC,1,1,0,0
5233,1.077339,1.148801,MGC,1,1,0,0
5868,1.057629,1.153622,MGC,2,1,0,0
3964,1.289941,1.556890,MGC,1,1,0,0
7899,1.228611,1.126782,HWC,1,1,0,0
5042,1.147066,1.220332,MGC,1,1,0,0
490,1.196202,1.563311,MGC,2,2,0,0
751,1.300462,1.334655,MGC,1,1,0,0
2444,1.263637,1.113675,HWC,2,1,0,0
2485,1.115148,1.253652,MGC,1,1,0,0
3462,1.237150,1.242249,MGC,2,1,0,0
7645,1.286152,1.264434,HWC,1,1,0,0
6584,1.237611,1.143083,HWC,3,1,0,0
3582,1.419431,1.276799,HWC,1,1,0,0
42,1.171304,1.547830,MGC,8,2,0,0
3453,1.190710,1.564170,MGC,1,2,0,0
8174,1.132405,1.580048,MGC,1,2,0,0
5452,1.473210,1.329634,HWC,1,2,0,0
1380,1.188103,1.401504,MGC,2,1,0,0
208,1.331465,1.105967,HWC,1,1,0,0
6863,1.165167,1.620636,MGC,2,1,0,0
3392,1.401595,1.236009,HWC,2,1,0,0
8838,1.161305,1.214603,MGC,1,1,0,0
820,1.091672,1.588039,MGC,1,1,0,0
8539,1.406551,1.197720,HWC,1,1,0,0
8518,1.355704,1.103838,HWC,1,1,0,0
626,1.227428,1.376596,MGC,1,1,0,0
3135,1.174880,1.339077,MGC,2,1,0,0
2578,1.269905,1.416978,MGC,2,1,0,0
4020,1.123018,1.321448,MGC,1,1,0,0
6362,1.230659,1.027993,HWC,1,1,0,0
5184,1.217009,1.054866,HWC,2,1,0,0
4903,1.121564,1.246096,MGC,2,1,0,0
3979,1.371007,1.239116,HWC,1,1,0,0
620,1.242915,1.177184,HWC,1,1,0,0
6421,1.309987,1.185110,HWC,1,1,0,0
4040,1.173328,1.620656,MGC,3,2,0,0
7776,1.151004,1.503870,MGC,5,1,0,0
1540,1.344286,1.280793,HWC,1,2,0,0
8621,1.178325,1.381044,MGC,1,1,0,0
7213,1.104969,1.118455,MGC,1,1,0,0
4769,1.273821,1.260685,HWC,1,1,0,0
3644,1.286339,2.080552,MGC,2,1,0,0
6070,1.284611,1.066257,HWC,1,1,0,0
7500,1.410119,1.281287,HWC,1,1,0,0
8204,1.298025,1.570404,MGC,2,1,0,0
7626,1.301707,1.279650,HWC,1,1,0,0
6129,1.202096,1.178045,HWC,1,1,0,0
861,1.195501,1.002620,HWC,1,1,0,0
5595,1.188689,1.377829,MGC,1,4,0,0
8716,1.128521,1.132019,MGC,1,1,0,0
1048,1.324801,1.395471,MGC,3,3,0,0
2115,1.267704,1.330874,MGC,1,1,0,0
286,1.033179,1.290442,MGC,1,1,0,0
2352,1.290990,1.346901,MGC,1,1,0,0
6270,1.248895,1.003669,HWC,1,1,0,0
7615,1.312167,1.154696,HWC,1,1,0,0
3052,1.452616,1.425287,HWC,2,1,0,0
5066,1.111086,1.570945,MGC,1,2,0,0
2433,1.367593,2.099828,MGC,1,1,0,0
6805,1.214661,1.136361,HWC,1,1,0,0
8776,1.191942,1.772376,MGC,1,1,0,0
2595,1.125966,1.435178,MGC,5,1,0,0
6774,1.350474,1.172288,HWC,1,1,0,0
5402,1.066511,1.329094,MGC,1,1,0,0
2121,1.175629,1.134132,HWC,1,1,0,0
4190,1.448546,1.046137,HWC,2,1,0,0
987,1.206702,1.304906,MGC,1,1,0,0
6668,1.152290,1.001711,HWC,6,1,0,0
2898,1.251054,1.243406,HWC,1,1,0,0
6554,1.170152,1.366726,MGC,1,1,0,0
3727,1.206105,1.138451,HWC,1,1,0,0
1562,1.285733,1.070806,HWC,1,1,0,0
4394,1.271765,1.606960,MGC,1,2,0,0
8053,1.118752,0.985966,HWC,1,1,0,0
8734,1.113618,1.916165,MGC,1,2,0,0
6654,1.227671,1.508494,MGC,1,2,0,0
4853,1.536539,1.766582,MGC,1,1,0,0
671,1.227390,1.186729,HWC,1,1,0,0
3509,1.384279,1.474078,MGC,1,1,0,0
8565,1.156579,1.345281,MGC,1,2,0,0
3343,1.380212,1.732508,MGC,2,1,0,0
250,1.100440,1.387584,MGC,2,2,0,0
2964,1.156387,1.286830,MGC,1,1,0,0
4941,1.211243,1.211405,MGC,1,1,0,0
6909,1.365088,1.046999,HWC,2,1,0,0
1479,1.230451,1.214574,HWC,1,1,0,0
579,1.338948,1.520198,MGC,2,2,0,0
2037,1.254795,1.061289,HWC,1,1,0,0
8420,1.463853,1.848082,MGC,1,2,0,0
3635,1.550495,1.849898,MGC,1,3,0,0
726,1.123564,1.206277,MGC,1,1,0,0
8909,1.302946,1.127476,HWC,4,1,0,0
1252,1.196648,1.296596,MGC,3,1,0,0
2939,1.304540,1.521517,MGC,1,1,0,0
5048,1.647133,1.719843,MGC,1,1,0,0
8957,1.112376,1.613822,MGC,6,1,0,0
4956,1.193888,1.550188,MGC,1,1,0,0
507,1.156026,1.602699,MGC,1,1,0,0
5797,1.088218,1.330584,MGC,1,3,0,0
891,1.212575,1.098856,HWC,1,1,0,0
1088,1.348458,1.554901,MGC,1,1,0,0
3360,1.099602,1.064109,HWC,1,1,0,0
6197,1.175906,1.194256,MGC,1,1,0,0
500,1.360386,1.211261,HWC,1,1,0,0
3965,1.173835,1.088249,HWC,1,1,0,0
1147,1.095774,1.147133,MGC,1,1,0,0
4007,1.077210,1.106856,MGC,1,1,0,0
6253,1.179893,1.080079,HWC,1,1,0,0
1127,1.124274,1.290705,MGC,3,4,0,0
5803,1.110514,1.689749,MGC,1,1,0,0
1243,1.318200,1.418645,MGC,1,1,0,0
6152,1.407953,1.474193,MGC,1,1,0,0
8350,1.223867,1.669745,MGC,3,2,0,0
6799,1.345268,1.194570,HWC,2,1,0,0
2110,1.607199,1.663381,MGC,1,1,0,0
6477,1.080326,1.168020,MGC,1,1,0,0
6905,1.208560,1.213305,MGC,1,1,0,0
8405,1.167797,1.446921,MGC,1,1,0,0
6575,1.185882,1.539747,MGC,3,1,0,0
3620,1.302384,1.152517,HWC,1,1,0,0
5235,1.366449,1.477333,MGC,1,1,0,0
5201,1.324730,1.077383,HWC,1,1,0,0
5140,1.232391,1.323763,MGC,4,2,0,0
1589,1.318722,1.711188,MGC,1,1,0,0
24,1.068394,1.557741,MGC,1,2,0,0
1441,1.181732,1.034441,HWC,1,1,0,0
1336,1.311165,1.358874,MGC,1,1,0,0
5418,1.215685,1.411064,MGC,1,3,0,0
837,1.389140,1.528039,MGC,1,1,0,0
8092,1.565640,1.583853,MGC,1,1,0,0
677,1.317747,1.451295,MGC,2,1,0,0
6704,1.134493,1.045942,HWC,1,1,0,0
8963,1.316946,1.480074,MGC,1,1,0,0
8899,1.179791,1.086276,HWC,1,1,0,0
7847,1.317406,1.597083,MGC,1,1,0,0
318,1.201443,1.523446,MGC,2,4,0,0
8897,1.094677,1.403995,MGC,2,1,0,0
749,1.356479,1.255994,HWC,1,1,0,0
4131,1.108417,1.062564,HWC,1,1,0,0
385,1.241911,1.674432,MGC,3,1,0,0
170,1.345180,1.296146,HWC,2,1,0,0
7115,1.222472,1.060538,HWC,1,1,0,0
1822,1.095081,1.588321,MGC,1,5,0,0
7368,1.288216,1.334095,MGC,4,1,0,0
3191,1.328531,1.400382,MGC,1,1,0,0
2899,1.079254,1.132233,MGC,2,1,0,0
2152,1.412967,1.922254,MGC,6,2,0,0
8267,1.325577,1.053361,HWC,1,1,0,0
5830,1.327932,1.411456,MGC,1,1,0,0
895,1.454221,1.861367,MGC,1,1,0,0
2429,1.184398,2.022936,MGC,1,2,0,0
3846,1.169198,1.319945,MGC,1,1,0,0
7004,1.113103,1.153735,MGC,3,1,0,0
5338,1.132949,1.152589,MGC,1,1,0,0
4805,1.450225,1.146589,HWC,1,1,0,0
8605,1.488148,2.047517,MGC,1,2,0,0
3252,1.295664,1.300128,MGC,1,1,0,0
1046,1.169616,1.265566,MGC,1,1,0,0
8652,1.202847,1.188262,HWC,1,1,0,0
520,1.289873,1.734955,MGC,1,2,0,0
7627,1.282193,1.352208,MGC,1,1,0,0
8477,1.404056,1.718457,MGC,1,1,0,0
705,1.545994,1.156570,HWC,1,1,0,0
6646,1.249035,1.071422,HWC,1,1,0,0
162,1.582940,1.367204,HWC,1,1,0,0
5170,1.082514,1.136735,MGC,1,1,0,0
228,1.351924,1.598258,MGC,1,1,0,0
3683,1.182597,1.153113,HWC,1,1,0,0
6556,1.365442,1.871402,MGC,1,1,0,0
138,1.134112,1.224783,MGC,1,1,0,0
4954,1.253798,1.430563,MGC,2,1,0,0
5485,1.169927,1.112320,HWC,1,1,0,0
3796,1.433582,1.892866,MGC,3,2,0,0
5382,1.325895,1.521744,MGC,2,1,0,0
3670,1.361009,1.083138,HWC,3,1,0,0
4488,1.495672,1.797462,MGC,2,1,0,0
3295,1.221258,1.132862,HWC,2,1,0,0
3000,1.142518,1.264942,MGC,1,1,0,0
6475,1.236827,1.432399,MGC,2,2,0,0
7,1.168738,1.087747,HWC,1,1,0,0
6472,1.218379,1.136146,HWC,1,1,0,0
8925,1.447620,1.084413,HWC,1,1,0,0
3298,1.194036,1.173809,HWC,1,1,0,0
1536,1.286188,1.732156,MGC,1,1,0,0
7748,1.207751,1.298865,MGC,2,2,0,0
4645,1.084733,1.159060,MGC,1,1,0,0
6301,1.105361,1.276953,MGC,1,1,0,0
8564,1.176440,1.214034,MGC,1,1,0,0
1830,1.163888,1.004759,HWC,3,1,0,0
961,1.508119,1.396599,HWC,1,1,0,0
5986,1.181146,1.558033,MGC,1,1,0,0
2869,1.218902,2.228701,MGC,1,2,0,0
6786,1.378924,1.239854,HWC,1,1,0,0
4987,1.284881,1.208870,HWC,1,1,0,0
6713,1.407642,1.062319,HWC,1,1,0,0
2665,1.262093,1.543740,MGC,1,1,0,0
1834,1.056262,1.700840,MGC,1,1,0,0
8844,1.366753,1.230475,HWC,1,1,0,0
325,1.123575,1.051174,HWC,1,1,0,0
1295,1.171484,1.260538,MGC,1,1,0,0
2384,1.051975,1.564985,MGC,1,1,0,0
5927,1.745277,1.977584,MGC,1,3,0,0
155,1.313478,1.480628,MGC,1,1,0,0
3458,1.174457,1.454059,MGC,2,1,0,0
4845,1.393747,1.322846,HWC,1,1,0,0
8200,1.432159,1.184723,HWC,2,1,0,0
6882,1.255497,1.225517,HWC,1,1,0,0
7176,1.245886,1.125301,HWC,1,1,0,0
2654,1.245641,1.364756,MGC,1,1,0,0
261,1.112356,1.226224,MGC,1,1,0,0
8495,1.126604,1.321822,MGC,7,5,0,0
6036,1.271818,1.376109,MGC,2,1,0,0
6965,1.210468,1.073522,HWC,1,1,0,0
8869,1.471635,1.422637,HWC,1,1,0,0
2263,1.169195,1.167017,HWC,3,1,0,0
3399,1.114310,1.084281,HWC,1,1,0,0
428,1.197336,1.351772,MGC,1,1,0,0
110,1.251373,1.666471,MGC,1,1,0,0
7254,1.378514,1.807532,MGC,1,1,0,0
6392,1.139223,1.366077,MGC,6,1,0,0
1789,1.513098,1.810083,MGC,2,1,0,0
654,1.303541,1.365904,MGC,1,1,0,0
949,1.152240,1.308015,MGC,6,1,0,0
2307,1.106514,1.556573,MGC,6,5,0,0
8971,1.155399,1.276830,MGC,1,1,0,0
8372,1.257464,1.557462,MGC,1,2,0,0
4338,1.297515,1.597617,MGC,1,1,0,0
1670,1.264134,1.243355,HWC,1,1,0,0
8821,1.313251,1.066744,HWC,1,1,0,0
8614,1.179701,1.020388,HWC,1,1,0,0
2883,1.276491,1.301395,MGC,1,1,0,0
844,1.142795,1.443745,MGC,1,1,0,0
2991,1.389869,1.320604,HWC,2,5,0,0
3176,1.319191,1.404205,MGC,3,1,0,0
2087,1.325928,1.393792,MGC,2,1,0,0
5655,1.188250,1.157160,HWC,1,1,0,0
8185,1.296890,1.002964,HWC,1,1,0,0
3814,1.273361,1.926935,MGC,2,3,0,0
4738,1.145169,1.647757,MGC,1,4,0,0
5464,1.220844,1.205453,HWC,1,1,0,0
857,1.349491,1.051845,HWC,2,1,0,0
7190,1.536669,1.582097,MGC,1,2,0,0
6730,1.153455,1.187920,MGC,1,1,0,0
5012,1.186381,1.118287,HWC,1,1,0,0
623,1.367420,1.063774,HWC,1,1,0,0
2641,1.263250,1.105843,HWC,2,1,0,0
1144,1.060797,1.081410,MGC,1,1,0,0
3323,1.211911,1.233650,MGC,7,4,0,0
8526,1.138621,1.480906,MGC,1,1,0,0
574,1.088325,1.369156,MGC,1,3,0,0
4135,1.303148,1.449778,MGC,2,1,0,0
3804,1.128856,1.220534,MGC,8,2,0,0
7542,1.272178,1.727801,MGC,1,4,0,0
6143,1.192587,1.346691,MGC,1,1,0,0
2892,1.054757,1.535150,MGC,1,1,0,0
1725,1.175396,1.587301,MGC,2,1,0,0
960,1.267287,1.411854,MGC,2,1,0,0
843,1.235847,1.297795,MGC,1,1,0,0
5707,1.047071,1.031779,HWC,1,1,0,0
6213,1.285380,1.928078,MGC,1,1,0,0
8122,1.346971,1.215414,HWC,1,3,0,0
7474,1.136092,1.039074,HWC,2,1,0,0
4206,1.211018,1.239591,MGC,1,1,0,0
1784,1.238730,1.761857,MGC,1,1,0,0
2728,1.152739,1.550683,MGC,1,1,0,0
6103,1.152395,1.041859,HWC,2,1,0,0
8602,1.164182,1.086948,HWC,3,1,0,0
8147,1.111897,1.167989,MGC,1,1,0,0
2171,1.230907,1.346081,MGC,2,1,0,0
3070,1.364471,1.623405,MGC,1,1,0,0
6075,1.251428,1.040223,HWC,1,1,0,0
1312,1.118628,1.297130,MGC,1,1,0,0
1313,1.235432,1.083511,HWC,1,1,0,0
7461,1.231262,1.917389,MGC,1,2,0,0
3142,1.098735,1.041748,HWC,1,1,0,0
8568,1.175408,1.201816,MGC,1,1,0,0
3347,1.449056,1.978896,MGC,1,1,0,0
5479,1.215086,1.043796,HWC,2,1,0,0
6081,1.317944,1.090873,HWC,1,1,0,0
1533,1.263539,1.551984,MGC,3,1,0,0
7253,1.302547,1.392270,MGC,1,1,0,0
5626,1.331525,1.223065,HWC,4,2,0,0
2586,1.262361,1.885591,MGC,2,2,0,0
2375,1.213227,1.783662,MGC,1,1,0,0
5968,1.165944,1.200594,MGC,1,1,0,0
7746,1.122367,1.230629,MGC,1,1,0,0
8382,1.212324,1.044234,HWC,1,1,0,0
8211,1.179669,1.365225,MGC,3,2,0,0
129,1.161784,1.482501,MGC,4,1,0,0
1430,1.080184,1.239444,MGC,1,2,0,0
3996,1.166445,1.298702,MGC,2,2,0,0
33,1.262191,0.983976,HWC,1,1,0,0
7304,1.170118,1.328919,MGC,2,2,0,0
7681,1.399182,1.227216,HWC,1,2,0,0
4761,1.263527,1.345696,MGC,1,1,0,0
5848,1.136516,1.366377,MGC,2,1,0,0
8686,1.518140,1.568182,MGC,1,1,0,0
6379,1.054450,1.081890,MGC,1,1,0,0
2645,1.067481,1.073210,MGC,3,1,0,0
5253,1.130064,1.280146,MGC,8,1,0,0
5351,1.113783,1.146046,MGC,1,1,0,0
2895,1.658089,1.438320,HWC,1,1,0,0
5422,1.257049,1.398512,MGC,4,1,0,0
8670,1.359273,1.983343,MGC,2,1,0,0
1804,1.154832,1.431270,MGC,1,1,0,0
8194,1.400762,1.417289,MGC,1,2,0,0
4839,1.276461,1.222155,HWC,2,1,0,0
1458,1.148285,1.425885,MGC,1,1,0,0
8878,1.356037,1.335752,HWC,1,1,0,0
7056,1.145586,1.095150,HWC,1,1,0,0
6026,1.313552,1.010148,HWC,2,1,0,0
8271,1.371383,1.446814,MGC,1,1,0,0
6943,1.179144,1.012628,HWC,2,1,0,0
7957,1.173284,1.176150,MGC,4,1,0,0
838,1.132779,1.028951,HWC,1,1,0,0
8338,1.227695,1.185216,HWC,3,1,0,0
1227,1.127253,1.074030,HWC,1,1,0,0
2454,1.115154,1.022823,HWC,2,1,0,0
6012,1.266867,1.059882,HWC,1,1,0,0
3388,1.268294,1.394403,MGC,2,1,0,0
8478,1.118984,1.270314,MGC,1,1,0,0
4259,1.197417,1.324205,MGC,1,1,0,0
5091,1.268290,1.160975,HWC,1,1,0,0
3604,1.239322,1.249247,MGC,4,1,0,0
4968,1.278519,1.382606,MGC,1,1,0,0
6281,1.328968,1.867693,MGC,3,4,0,0
8550,1.184473,1.065337,HWC,1,1,0,0
1486,1.471719,1.648810,MGC,1,1,0,0
44,1.180454,1.207749,MGC,2,1,0,0
1694,1.260244,1.702835,MGC,1,1,0,0
4260,1.171552,0.959278,HWC,1,1,0,0
4129,1.318255,1.493768,MGC,2,1,0,0
1549,1.236585,1.087403,HWC,1,1,0,0
7170,1.231381,1.554520,MGC,2,1,0,0
1266,1.125065,1.332030,MGC,3,4,0,0
6324,1.305620,1.536420,MGC,1,1,0,0
1184,1.211225,1.436653,MGC,1,1,0,0
459,1.342570,1.265282,HWC,1,1,0,0
1133,1.156797,1.098715,HWC,1,1,0,0
1159,1.084261,1.078251,HWC,4,1,0,0
3999,1.046174,1.028175,HWC,1,1,0,0
3820,1.141253,1.337381,MGC,1,1,0,0
7297,1.240367,1.130333,HWC,1,1,0,0
772,1.192855,1.239118,MGC,3,1,0,0
35,1.254579,1.691049,MGC,1,2,0,0
4690,1.413356,1.382750,HWC,2,1,0,0
1456,1.271071,1.336424,MGC,2,1,0,0
6702,1.142972,1.408465,MGC,2,1,0,0
4161,1.106212,1.031572,HWC,4,1,0,0
1506,1.254365,1.282226,MGC,1,1,0,0
4379,1.220113,1.213233,HWC,1,1,0,0
1708,1.216358,1.030477,HWC,2,1,0,0
3792,1.246208,1.331286,MGC,1,1,0,0
1214,1.291316,1.436634,MGC,1,1,0,0
5738,1.134996,1.438316,MGC,1,2,0,0
2109,1.794426,1.080834,HWC,1,1,0,0
787,1.284525,1.237349,HWC,2,1,0,0
7834,1.312982,1.190496,HWC,1,1,0,0
5038,1.328956,1.170547,HWC,1,1,0,0
2014,1.250158,1.450317,MGC,2,1,0,0
441,1.275316,1.053120,HWC,1,1,0,0
1622,1.241896,1.151250,HWC,1,1,0,0
3535,1.182104,2.152522,MGC,1,1,0,0
2062,1.167347,1.246651,MGC,2,1,0,0
4042,1.842629,1.114420,HWC,1,1,0,0
928,1.084301,1.424907,MGC,1,1,0,0
2422,1.262368,1.220182,HWC,1,1,0,0
6581,1.181187,1.344459,MGC,1,1,0,0
1632,1.305528,1.531344,MGC,1,1,0,0
6789,1.198302,1.126486,HWC,1,1,0,0
6780,1.129810,1.560156,MGC,4,1,0,0
951,1.193658,1.080529,HWC,1,1,0,0
5970,1.081546,1.403020,MGC,2,1,0,0
7030,1.303764,1.409702,MGC,1,1,0,0
4268,1.203603,1.321715,MGC,1,1,0,0
2274,1.169244,1.416505,MGC,2,1,0,0
1657,1.137462,1.070735,HWC,1,1,0,0
1112,1.319560,1.576831,MGC,1,4,0,0
4095,1.043203,1.130338,MGC,2,1,0,0
4933,1.246880,1.425851,MGC,3,1,0,0
729,1.396804,1.109407,HWC,1,1,0,0
6828,1.277338,1.268382,HWC,1,1,0,0
4947,1.190627,1.392096,MGC,2,2,0,0
7075,1.136908,1.076484,HWC,2,1,0,0
591,1.467952,1.533610,MGC,1,1,0,0
3499,1.157979,1.032535,HWC,1,1,0,0
8046,1.253438,1.264539,MGC,1,1,0,0
7175,1.038936,1.174255,MGC,1,1,0,0
2861,1.120495,1.031027,HWC,3,1,0,0
7811,1.362020,1.988921,MGC,2,1,0,0
2625,1.114091,1.288302,MGC,2,1,0,0
2066,1.360515,1.467896,MGC,1,1,0,0
3355,1.160986,1.589180,MGC,1,1,0,0
474,1.397122,1.322938,HWC,1,1,0,0
2623,1.154567,1.285925,MGC,1,1,0,0
3397,1.150247,1.264498,MGC,1,1,0,0
955,1.301721,1.580256,MGC,4,2,0,0
6394,1.246410,1.131524,HWC,1,1,0,0
5628,1.083993,1.568478,MGC,2,4,0,0
4077,1.305199,1.543517,MGC,2,1,0,0
3608,1.291100,1.066392,HWC,1,1,0,0
6741,1.331073,1.866243,MGC,1,1,0,0
8627,1.023314,1.117363,MGC,2,1,0,0
6314,1.375066,1.802743,MGC,4,2,0,0
5945,1.184871,1.034733,HWC,1,1,0,0
4093,1.250295,1.222110,HWC,2,1,0,0
4644,1.301390,1.039674,HWC,1,1,0,0
8226,1.329915,1.175325,HWC,1,1,0,0
702,1.352007,1.216017,HWC,1,1,0,0
4406,1.125954,1.301983,MGC,3,1,0,0
1732,1.064501,1.012013,HWC,1,1,0,0
8229,1.190472,1.517180,MGC,6,3,0,0
8239,1.161561,1.050442,HWC,1,1,0,0
901,1.089821,1.216583,MGC,2,1,0,0
7855,1.254368,1.250694,HWC,1,1,0,0
7868,1.184170,1.313112,MGC,2,1,0,0
3478,1.384424,1.969555,MGC,1,1,0,0
8491,1.608342,1.526240,HWC,1,1,0,0
4195,1.251543,1.366118,MGC,1,1,0,0
6310,1.133794,1.123196,HWC,2,1,0,0
8488,1.218588,1.177009,HWC,1,1,0,0
585,1.118694,1.236406,MGC,1,1,0,0
1975,1.270146,1.682108,MGC,1,3,0,0
2902,1.181592,1.398323,MGC,2,1,0,0
5786,1.391232,1.664396,MGC,1,1,0,0
4436,1.232437,1.294989,MGC,1,1,0,0
4816,1.483404,1.394018,HWC,1,1,0,0
2886,1.448724,1.020845,HWC,1,1,0,0
4873,1.204264,1.264939,MGC,2,1,0,0
7102,1.167014,1.767135,MGC,3,3,0,0
4461,1.220925,1.074354,HWC,2,1,0,0
4072,1.196283,1.348810,MGC,1,1,0,0
3634,1.211210,1.051268,HWC,1,1,0,0
5487,1.391979,1.160142,HWC,1,1,0,0
4043,1.271833,1.384289,MGC,2,2,0,0
5454,1.675081,1.203932,HWC,1,1,0,0
7113,1.236991,1.341239,MGC,1,1,0,0
2147,1.213623,1.209873,HWC,1,1,0,0
7711,1.866384,1.504785,HWC,2,1,0,0
3012,1.164737,1.126120,HWC,1,1,0,0
6631,1.372882,1.059387,HWC,1,1,0,0
3541,1.210229,1.721335,MGC,1,1,0,0
3199,1.518930,1.472586,HWC,1,1,0,0
6883,1.448251,1.104419,HWC,1,1,0,0
2697,1.256547,1.214225,HWC,1,1,0,0
8017,1.182258,1.007826,HWC,2,1,0,0
3669,1.395632,1.717537,MGC,1,2,0,0
4065,1.134255,1.311846,MGC,7,1,0,0
521,1.047089,1.059174,MGC,1,1,0,0
3847,1.121292,1.232027,MGC,2,1,0,0
8116,1.043051,1.295642,MGC,1,1,0,0
5279,1.129170,1.410089,MGC,1,1,0,0
1881,1.094042,1.116503,MGC,1,1,0,0
963,1.437403,1.590306,MGC,2,2,0,0
1591,1.465133,1.171718,HWC,1,1,0,0
6806,1.231915,1.103984,HWC,1,1,0,0
1316,1.339596,1.372205,MGC,1,1,0,0
5134,1.135253,1.185658,MGC,1,1,0,0
2897,1.322203,2.086646,MGC,1,1,0,0
5724,1.385486,1.381240,HWC,1,1,0,0
55,1.259047,1.581915,MGC,1,1,0,0
1496,1.165311,1.029340,HWC,2,1,0,0
6695,1.120856,1.041258,HWC,1,1,0,0
1595,1.261494,1.122448,HWC,2,1,0,0
1613,1.642783,1.347993,HWC,1,1,0,0
7405,1.156429,1.033516,HWC,1,1,0,0
2390,1.302701,1.240202,HWC,2,1,0,0
2643,1.223115,1.220114,HWC,1,1,0,0
2286,1.162450,1.753685,MGC,1,5,0,0
8553,1.347127,1.503894,MGC,2,3,0,0
1620,1.278647,1.275897,HWC,1,1,0,0
4567,1.328862,1.205894,HWC,3,1,0,0
2786,1.212146,1.274201,MGC,1,1,0,0
2159,1.354576,1.931864,MGC,1,1,0,0
6222,1.215776,1.449219,MGC,1,2,0,0
3265,1.187919,1.480507,MGC,3,1,0,0
7631,1.321971,1.562682,MGC,2,2,0,0
3434,1.044788,1.229888,MGC,1,1,0,0
1467,1.358618,1.695991,MGC,1,1,0,0
6852,1.239226,2.010627,MGC,1,1,0,0
8,1.200771,1.496336,MGC,1,1,0,0
3574,1.120877,1.000183,HWC,3,1,0,0
1398,1.146496,1.073198,HWC,2,1,0,0
4666,1.062423,1.235657,MGC,1,1,0,0
4189,1.209233,1.511293,MGC,2,1,0,0
3236,1.259590,1.212904,HWC,3,1,0,0
2706,1.296676,1.225690,HWC,1,1,0,0
3235,1.140817,1.038302,HWC,1,1,0,0
8492,1.338007,1.434140,MGC,1,1,0,0
4665,1.758323,1.475507,HWC,1,1,0,0
1208,1.103202,1.585440,MGC,1,1,0,0
82,1.382053,1.522666,MGC,1,1,0,0
3050,1.270280,1.591752,MGC,1,1,0,0
6492,1.416103,1.104120,HWC,1,1,0,0
4351,1.098404,1.341202,MGC,1,2,0,0
4770,1.124433,1.593103,MGC,3,4,0,0
1537,1.160204,1.255377,MGC,2,1,0,0
7478,1.229244,1.800359,MGC,1,3,0,0
1360,1.193743,1.876276,MGC,1,1,0,0
5750,1.371817,1.699885,MGC,1,1,0,0
2344,1.432013,1.111292,HWC,1,1,0,0
6033,1.163934,1.189052,MGC,4,1,0,0
1455,1.206756,1.450830,MGC,1,1,0,0
3165,1.232201,1.439190,MGC,3,1,0,0
19,1.311922,1.058119,HWC,1,1,0,0
5785,1.291334,1.880567,MGC,1,1,0,0
2469,1.158102,1.059241,HWC,1,1,0,0
1328,1.149578,1.056671,HWC,4,1,0,0
7142,1.132813,1.248043,MGC,2,1,0,0
6849,1.070857,1.760040,MGC,1,1,0,0
3573,1.399987,1.767610,MGC,1,1,0,0
7774,1.493454,1.171171,HWC,1,1,0,0
3782,1.195374,1.287160,MGC,1,1,0,0
1575,1.226173,1.458184,MGC,2,1,0,0
4480,1.213920,1.028466,HWC,1,1,0,0
1161,1.069078,1.051835,HWC,1,1,0,0
709,1.283997,1.483596,MGC,2,1,0,0
231,1.105788,1.153191,MGC,1,1,0,0
3438,1.114606,1.093188,HWC,1,1,0,0
7607,1.116398,1.065213,HWC,1,1,0,0
1933,1.121994,1.749111,MGC,2,1,0,0
5933,1.062926,1.093194,MGC,2,1,0,0
3471,1.430574,1.086098,HWC,2,1,0,0
6344,1.189575,1.294667,MGC,2,1,0,0
4470,1.352759,1.537057,MGC,2,1,0,0
7236,1.399546,1.586821,MGC,1,1,0,0
7044,1.382542,1.039626,HWC,1,1,0,0
2103,1.453496,1.601766,MGC,5,1,0,0
3011,1.117916,1.118585,MGC,5,1,0,0
5949,1.450870,1.112767,HWC,1,1,0,0
423,1.102313,1.157517,MGC,1,1,0,0
373,1.299911,1.280602,HWC,2,1,0,0
3436,1.119240,1.463310,MGC,1,1,0,0
7179,1.294734,1.123081,HWC,2,1,0,0
1341,1.283811,1.195097,HWC,1,1,0,0
6437,1.266748,1.030289,HWC,1,1,0,0
7376,1.291359,1.034860,HWC,1,1,0,0
3061,1.104547,1.071151,HWC,1,1,0,0
4181,1.525740,1.551543,MGC,1,1,0,0
886,1.486816,1.630945,MGC,1,1,0,0
5490,1.126878,1.283900,MGC,1,2,0,0
1228,1.177678,1.310743,MGC,1,1,0,0
506,1.222908,1.239470,MGC,2,1,0,0
5965,1.117523,1.097309,HWC,1,1,0,0
1864,1.235893,1.665227,MGC,1,1,0,0
8861,1.213026,1.450272,MGC,2,2,0,0
6922,1.150638,1.152693,MGC,1,1,0,0
4718,1.310256,1.328495,MGC,1,1,0,0
1511,1.238232,1.357827,MGC,1,1,0,0
6065,1.093567,0.996702,HWC,1,1,0,0
6674,1.257891,2.443947,MGC,1,3,0,0
57,1.261493,1.551843,MGC,1,1,0,0
5073,1.207256,1.227826,MGC,2,1,0,0
8981,1.410378,1.325853,HWC,2,1,0,0
4548,1.120682,1.022250,HWC,1,1,0,0
5461,1.213909,1.273075,MGC,2,1,0,0
1958,1.310595,1.358397,MGC,2,4,0,0
998,1.194766,1.252283,MGC,1,1,0,0
2475,1.250795,1.064924,HWC,1,1,0,0
5171,1.240449,1.168945,HWC,1,1,0,0
1534,1.309495,1.021687,HWC,1,1,0,0
4112,1.180643,1.184092,MGC,1,1,0,0
8157,1.119357,1.043902,HWC,1,1,0,0
7397,1.187731,1.117849,HWC,2,1,0,0
1363,1.123770,1.783128,MGC,1,4,0,0
2568,1.187309,1.360788,MGC,3,1,0,0
4973,1.262698,1.272388,MGC,1,5,0,0
1029,1.082055,1.373223,MGC,2,1,0,0
649,1.135936,1.452584,MGC,3,1,0,0
8778,1.424746,1.087923,HWC,1,1,0,0
6726,1.116878,1.287494,MGC,5,1,0,0
667,1.347523,1.325717,HWC,1,1,0,0
5683,1.276684,1.336697,MGC,2,1,0,0
70,1.445180,1.294743,HWC,1,1,0,0
8642,1.207297,1.420647,MGC,6,1,0,0
8864,1.258593,1.249598,HWC,1,1,0,0
6159,1.429716,1.385933,HWC,2,1,0,0
8739,1.202781,1.130740,HWC,1,1,0,0
4114,1.097379,1.321288,MGC,1,1,0,0
2968,1.228286,1.625303,MGC,3,1,0,0
8701,1.140251,1.231209,MGC,2,1,0,0
7435,1.219300,1.210410,HWC,1,1,0,0
6840,1.222979,1.128717,HWC,1,1,0,0
556,1.159885,1.453837,MGC,1,2,0,0
327,1.328332,1.099425,HWC,1,1,0,0
6194,1.222564,1.960290,MGC,1,2,0,0
2259,1.072725,1.487372,MGC,5,3,0,0
8269,1.197270,1.129523,HWC,1,1,0,0
6570,1.087740,1.144614,MGC,5,1,0,0
6157,1.122888,1.293619,MGC,2,1,0,0
540,1.500753,1.122657,HWC,1,1,0,0
5109,1.142469,1.438564,MGC,1,1,0,0
8606,1.257055,1.325012,MGC,2,1,0,0
5285,1.108429,0.973881,HWC,2,1,0,0
8712,1.064603,1.088768,MGC,1,1,0,0
3936,1.138013,1.632105,MGC,1,1,0,0
7066,1.299915,1.069817,HWC,1,1,0,0
6008,1.123683,1.401836,MGC,1,1,0,0
2460,1.198946,1.296638,MGC,1,1,0,0
271,1.287391,1.622183,MGC,1,1,0,0
7073,1.138481,1.394569,MGC,2,1,0,0
7593,1.073765,1.707662,MGC,1,1,0,0
6041,1.261917,1.422384,MGC,1,4,0,0
7111,1.235181,1.186428,HWC,1,1,0,0
7401,1.233327,1.514430,MGC,3,1,0,0
8317,1.329297,1.608832,MGC,1,1,0,0
1539,1.218934,1.207585,HWC,1,1,0,0
93,1.075702,1.165233,MGC,1,1,0,0
2052,1.190224,1.057550,HWC,1,1,0,0
3595,1.150941,1.488300,MGC,1,1,0,0
2575,1.196532,1.224804,MGC,1,1,0,0
244,1.244761,1.263819,MGC,1,2,0,0
784,1.179507,1.243605,MGC,3,1,0,0
6612,1.232242,1.662688,MGC,1,3,0,0
2990,1.207402,1.294434,MGC,1,1,0,0
1245,1.331159,1.121312,HWC,2,1,0,0
3033,1.256503,1.049153,HWC,1,1,0,0
4629,1.150435,1.340744,MGC,4,1,0,0
7339,1.414566,1.456832,MGC,1,1,0,0
7057,1.490676,1.758709,MGC,1,2,0,0
2243,1.431949,1.060093,HWC,1,1,0,0
8049,1.314485,1.258307,HWC,1,1,0,0
4857,1.103025,1.098125,HWC,1,1,0,0
290,1.140506,1.159916,MGC,8,1,0,0
1880,1.082950,1.389218,MGC,5,2,0,0
3489,1.172254,1.590530,MGC,1,1,0,0
7891,1.628147,1.869934,MGC,1,1,0,0
235,1.301744,1.069364,HWC,1,1,0,0
6938,1.151586,1.620727,MGC,1,1,0,0
5687,1.253766,1.220573,HWC,2,1,0,0
4878,1.229027,1.288235,MGC,1,1,0,0
6376,1.279178,1.290521,MGC,1,1,0,0
2337,1.396843,1.554825,MGC,1,1,0,0
8524,1.282242,1.281370,HWC,1,3,0,0
6137,1.389594,1.462984,MGC,2,1,0,0
8139,1.180067,1.143470,HWC,3,1,0,0
5146,1.133536,1.175043,MGC,1,1,0,0
5045,1.059306,1.066604,MGC,1,1,0,0
7865,1.316425,1.228503,HWC,1,1,0,0
2891,1.379284,1.566144,MGC,1,1,0,0
5026,1.351320,1.410237,MGC,1,2,0,0
739,1.230703,1.252097,MGC,2,1,0,0
989,1.266759,1.470699,MGC,2,1,0,0
7162,1.253553,1.065721,HWC,1,1,0,0
7679,1.220842,1.269688,MGC,1,1,0,0
3514,1.306616,1.791657,MGC,1,1,0,0
6829,1.155507,1.094460,HWC,2,1,0,0
7381,1.289361,1.255202,HWC,1,1,0,0
7930,1.345736,1.316487,HWC,2,2,0,0
60,1.369911,1.304264,HWC,1,1,0,0
3545,1.273631,1.564802,MGC,6,1,0,0
6620,1.294246,1.366176,MGC,2,1,0,0
3693,1.181135,1.123152,HWC,1,1,0,0
115,1.329302,1.323814,HWC,2,1,0,0
7263,1.217180,1.778569,MGC,2,3,0,0
8876,1.200078,1.017190,HWC,4,1,0,0
4526,1.119574,1.116548,HWC,1,1,0,0
5388,1.343124,1.545752,MGC,1,1,0,0
3524,1.139285,1.061877,HWC,1,1,0,0
723,1.189465,1.163231,HWC,1,1,0,0
3473,1.374792,1.450000,MGC,1,1,0,0
4324,1.214971,1.287804,MGC,1,1,0,0
2183,1.288917,1.410868,MGC,1,1,0,0
5807,1.164569,2.581123,MGC,1,3,0,0
2188,1.188632,1.446263,MGC,2,3,0,0
359,1.144249,1.064026,HWC,2,1,0,0
7555,1.271689,1.255179,HWC,2,1,0,0
4430,1.259846,1.336806,MGC,2,2,0,0
4384,1.437543,1.110123,HWC,3,1,0,0
5546,1.098090,1.286467,MGC,3,1,0,0
5400,1.332360,1.509526,MGC,1,1,0,0
6664,1.049613,1.095039,MGC,8,1,0,0
4717,1.235181,1.301672,MGC,1,1,0,0
7107,1.190250,1.003603,HWC,2,1,0,0
3569,1.210008,1.240061,MGC,2,1,0,0
4562,1.184387,1.141587,HWC,1,1,0,0
4710,1.396618,1.677853,MGC,3,3,0,0
2338,1.138134,1.372041,MGC,2,1,0,0
8468,1.102524,1.130019,MGC,1,1,0,0
8180,1.291480,1.240387,HWC,1,1,0,0
2133,1.300335,1.434479,MGC,3,4,0,0
8824,1.314777,1.463771,MGC,1,1,0,0
2635,1.216573,1.650015,MGC,1,1,0,0
5405,1.082936,1.529413,MGC,6,2,0,0
8461,1.627777,1.059841,HWC,2,1,0,0
6074,1.329646,1.386439,MGC,1,1,0,0
3245,1.146508,1.342717,MGC,2,3,0,0
836,1.145109,1.476512,MGC,2,1,0,0
7027,1.406453,1.359236,HWC,1,1,0,0
2195,1.159103,1.474320,MGC,1,1,0,0
1502,1.031683,1.279982,MGC,8,3,0,0
5845,1.307977,1.412626,MGC,1,2,0,0
6238,1.031655,1.058990,MGC,1,1,0,0
7133,1.046647,1.306488,MGC,2,1,0,0
5352,1.211662,1.090968,HWC,1,1,0,0
3726,1.165140,1.133614,HWC,5,1,0,0
1286,1.125469,1.573843,MGC,2,1,0,0
1544,1.298961,1.063211,HWC,1,1,0,0
1358,1.209892,1.505436,MGC,1,1,0,0
260,1.241088,1.323988,MGC,2,1,0,0
6714,1.120816,1.039733,HWC,1,1,0,0
4320,1.217038,1.042174,HWC,1,1,0,0
8599,1.193547,1.071865,HWC,2,1,0,0
2198,1.378953,1.389276,MGC,2,1,0,0
8216,1.140648,1.300479,MGC,1,1,0,0
7557,1.364294,1.042183,HWC,1,1,0,0
8376,1.089729,1.339889,MGC,1,1,0,0
5580,1.309262,1.353746,MGC,1,1,0,0
5597,1.125915,2.006528,MGC,3,2,0,0
536,1.338614,2.111605,MGC,1,1,0,0
4227,1.226035,1.506021,MGC,2,1,0,0
8818,1.159275,1.290840,MGC,2,1,0,0
1371,1.130346,1.538141,MGC,1,1,0,0
5230,1.060171,1.117479,MGC,2,1,0,0
5861,1.326332,1.136303,HWC,1,1,0,0
7931,1.218297,1.217037,HWC,2,1,0,0
85,1.180860,1.410377,MGC,1,1,0,0
6842,1.321550,1.676894,MGC,1,2,0,0
5844,1.226385,1.275747,MGC,1,2,0,0
3217,1.180576,1.387360,MGC,1,5,0,0
2500,1.377486,1.592957,MGC,2,1,0,0
6981,1.384044,1.359436,HWC,5,1,0,0
5641,1.143849,1.513439,MGC,5,1,0,0
5562,1.632627,1.179302,HWC,1,1,0,0
3667,1.248489,1.389966,MGC,1,1,0,0
7754,1.226546,1.064623,HWC,1,1,0,0
5194,1.249283,1.473525,MGC,2,1,0,0
1277,1.227258,1.126769,HWC,1,1,0,0
8480,1.456324,1.172407,HWC,2,1,0,0
5926,1.314937,1.138022,HWC,7,1,0,0
460,1.230091,1.306194,MGC,1,1,0,0
8892,1.261118,1.045973,HWC,2,1,0,0
8045,1.263765,1.535430,MGC,3,1,0,0
3961,1.134379,1.066271,HWC,1,1,0,0
4638,1.197565,1.198035,MGC,1,2,0,0
5729,1.414481,1.760396,MGC,1,1,0,0
1200,1.152406,1.314413,MGC,2,5,0,0
1555,1.181536,1.021248,HWC,2,1,0,0
7884,1.117557,1.067050,HWC,1,1,0,0
3829,1.402918,1.642884,MGC,1,3,0,0
1623,1.229389,1.079282,HWC,1,1,0,0
5446,1.087601,1.552578,MGC,4,3,0,0
2986,1.100665,1.108114,MGC,1,1,0,0
7451,1.170265,1.134010,HWC,1,1,0,0
2916,1.124235,1.107145,HWC,1,1,0,0
565,1.210152,1.442230,MGC,2,1,0,0
6251,1.231332,0.998406,HWC,1,1,0,0
7134,1.234130,1.447307,MGC,2,1,0,0
1138,1.289444,1.283201,HWC,1,1,0,0
5810,1.335496,1.884959,MGC,1,1,0,0
1580,1.207281,1.227957,MGC,3,1,0,0
8516,1.077486,1.111434,MGC,1,1,0,0
3732,1.261530,1.616457,MGC,1,1,0,0
4632,1.123987,1.138619,MGC,1,1,0,0
7975,1.288481,1.304785,MGC,2,1,0,0
8273,1.115457,1.146528,MGC,1,1,0,0
3361,1.184905,1.003131,HWC,1,1,0,0
6933,1.272545,1.065797,HWC,2,1,0,0
7443,1.137053,1.372083,MGC,1,1,0,0
8791,1.149435,1.678451,MGC,3,3,0,0
6084,1.173548,1.102453,HWC,1,1,0,0
8247,1.161155,1.022979,HWC,1,1,0,0
8958,1.118197,1.218021,MGC,2,2,0,0
7475,1.240836,1.129826,HWC,1,1,0,0
632,1.317651,1.025667,HWC,1,1,0,0
7892,1.213586,1.203173,HWC,2,1,0,0
8250,1.193442,1.281437,MGC,1,1,0,0
873,1.238820,1.677069,MGC,2,1,0,0
8409,1.293595,1.243496,HWC,1,1,0,0
7092,1.241334,1.386390,MGC,1,1,0,0
5944,1.239160,1.008100,HWC,1,1,0,0
309,1.096547,1.372974,MGC,1,3,0,0
2240,1.305200,1.292144,HWC,1,1,0,0
4623,1.120787,1.440392,MGC,5,1,0,0
6782,1.134263,1.049797,HWC,1,1,0,0
3139,1.434845,1.560751,MGC,2,1,0,0
8087,1.173635,1.124484,HWC,1,1,0,0
4886,1.321888,1.254073,HWC,1,1,0,0
5150,1.166435,1.403806,MGC,6,3,0,0
2792,1.097849,0.973570,HWC,2,1,0,0
5788,1.267407,2.167157,MGC,2,1,0,0
5889,1.223928,1.346690,MGC,2,1,0,0
4868,1.311429,1.429803,MGC,3,1,0,0
3046,1.212685,1.603349,MGC,3,1,0,0
6410,1.135434,1.067999,HWC,1,1,0,0
5693,1.363832,1.072535,HWC,1,1,0,0
5692,1.217184,1.395408,MGC,2,1,0,0
5985,1.038116,1.052803,MGC,1,1,0,0
7942,1.100626,1.260428,MGC,1,1,0,0
5841,0.989694,1.332915,MGC,3,1,0,0
980,1.340102,1.161013,HWC,1,2,0,0
5193,1.478940,1.700605,MGC,1,1,0,0
7870,1.027091,1.497368,MGC,2,1,0,0
201,1.139047,1.108454,HWC,2,1,0,0
6541,1.388264,1.353010,HWC,1,1,0,0
4986,1.263048,1.056138,HWC,1,1,0,0
5982,1.427496,1.435074,MGC,2,1,0,0
4658,1.214487,1.440240,MGC,1,1,0,0
1364,1.209836,1.779333,MGC,4,2,0,0
2785,1.191629,1.357368,MGC,1,1,0,0
1615,1.150706,1.854731,MGC,1,3,0,0
5547,1.113617,1.075761,HWC,1,1,0,0
8943,1.190510,1.142844,HWC,4,1,0,0
3711,1.203931,1.159636,HWC,1,1,0,0
8576,1.267828,1.081812,HWC,1,1,0,0
4152,1.318659,2.170351,MGC,2,4,0,0
596,1.134519,1.621697,MGC,7,4,0,0
3995,1.039645,1.112631,MGC,1,1,0,0
570,1.548675,1.683065,MGC,1,1,0,0
1345,1.197256,1.118972,HWC,1,1,0,0
5433,1.331672,1.436867,MGC,1,1,0,0
8175,1.221225,1.439548,MGC,3,2,0,0
8691,1.624319,1.804622,MGC,2,1,0,0
5620,1.437473,1.098842,HWC,1,1,0,0
6910,1.356026,1.140831,HWC,1,1,0,0
3590,1.291053,1.344030,MGC,1,1,0,0
3107,1.279743,1.413901,MGC,2,6,0,0
1314,1.078158,1.291307,MGC,1,1,0,0
8905,1.289953,1.099800,HWC,1,1,0,0
4557,1.277134,1.104464,HWC,1,1,0,0
145,1.215036,1.023779,HWC,1,1,0,0
6335,1.230452,1.294901,MGC,5,1,0,0
4911,1.422419,1.686117,MGC,2,1,0,0
4026,1.331492,1.368637,MGC,1,1,0,0
7514,1.261420,1.291754,MGC,1,1,0,0
8020,1.071862,1.464137,MGC,1,2,0,0
4856,1.328445,1.569797,MGC,1,1,0,0
4946,1.089319,1.172920,MGC,1,1,0,0
3162,1.127029,1.429016,MGC,3,2,0,0
3149,1.207480,1.391469,MGC,6,3,0,0
4501,1.381291,1.335704,HWC,1,1,0,0
3801,1.287608,1.108464,HWC,1,1,0,0
3966,1.306242,1.162326,HWC,2,1,0,0
1552,1.225872,1.099105,HWC,3,1,0,0
5210,1.173109,1.088216,HWC,3,1,0,0
1848,1.089843,1.089379,HWC,1,1,0,0
4427,1.218534,1.288501,MGC,1,1,0,0
3735,1.221580,1.061678,HWC,1,1,0,0
691,1.180429,1.121891,HWC,4,1,0,0
1514,1.290679,1.314056,MGC,1,3,0,0
2079,1.368483,1.080111,HWC,1,1,0,0
3441,1.255742,1.647372,MGC,1,1,0,0
1988,1.227466,1.259549,MGC,2,1,0,0
4472,1.366972,1.642171,MGC,2,1,0,0
8999,1.235792,1.213241,HWC,2,2,0,0
9000,1.209140,1.469602,MGC,2,2,0,0
9001,1.187925,1.112841,HWC,3,1,0,0
9002,1.037835,1.058822,MGC,1,1,0,0
9003,1.134637,1.308915,MGC,2,1,0,0
9004,1.407733,2.209000,MGC,1,1,0,0
9005,1.258197,1.200793,HWC,1,1,0,0
9006,1.543022,1.274984,HWC,1,1,0,0
9007,1.381666,1.441732,MGC,3,1,0,0
9008,1.398846,1.815983,MGC,2,3,0,0
9009,1.282821,1.490527,MGC,2,1,0,0
9010,1.165080,1.797849,MGC,4,4,0,0
9011,1.203816,0.986858,HWC,2,1,0,0
9012,1.156779,1.063967,HWC,1,1,0,0
9013,1.158150,1.050512,HWC,1,1,0,0
9014,1.181821,1.109699,HWC,1,1,0,0
9015,1.252788,1.321119,MGC,1,1,0,0
9016,1.206977,1.416762,MGC,1,2,0,0
9017,1.172196,1.342467,MGC,1,1,0,0
9018,1.127936,1.643079,MGC,3,1,0,0
9019,1.292032,1.852736,MGC,3,1,0,0
9020,1.191579,1.250301,MGC,1,1,0,0
9021,1.184762,1.654755,MGC,1,2,0,0
9022,1.007335,1.315747,MGC,4,1,0,0
9023,1.468662,2.005894,MGC,1,1,0,0
9024,1.200371,1.339932,MGC,2,1,0,0
9025,1.169014,1.157025,HWC,1,1,0,0
9026,1.149058,1.352240,MGC,1,2,0,0
9027,1.107491,1.042362,HWC,1,1,0,0
9028,1.103550,1.324546,MGC,1,1,0,0
9029,1.089699,1.670589,MGC,1,1,0,0
9030,1.221287,1.666611,MGC,1,1,0,0
9031,1.146835,2.145748,MGC,1,1,0,0
9032,1.381078,1.485511,MGC,1,1,0,0
9033,1.180803,1.062694,HWC,1,1,0,0
9034,1.127716,1.522552,MGC,6,3,0,0
9035,1.247709,1.628987,MGC,2,1,0,0
9036,1.021425,1.049456,MGC,3,1,0,0
9037,1.168015,1.583105,MGC,1,1,0,0
9038,1.187660,1.937929,MGC,3,1,0,0
9039,1.252927,1.411100,MGC,1,1,0,0
9040,1.216185,1.291858,MGC,2,1,0,0
9041,1.228378,1.170172,HWC,1,1,0,0
9042,1.337970,1.006710,HWC,1,1,0,0
9043,1.130315,1.029875,HWC,1,1,0,0
9044,1.324585,1.044032,HWC,1,1,0,0
9045,1.318078,1.041047,HWC,1,1,0,0
9046,1.131077,1.013988,HWC,1,1,0,0
9047,1.278866,1.104444,HWC,1,1,0,0
9048,1.246875,1.148950,HWC,1,1,0,0
9049,1.275126,1.184241,HWC,1,1,0,0
9050,1.339020,1.082403,HWC,1,1,0,0
9051,1.358785,1.404152,MGC,1,1,0,0
9052,1.136090,0.973439,HWC,1,1,0,0
9053,0.973246,1.117182,MGC,2,1,0,0
9054,1.187807,1.416350,MGC,1,1,0,0
9055,1.409379,1.436409,MGC,1,1,0,0
9056,1.123612,1.217601,MGC,1,1,0,0
9057,1.300194,1.255471,HWC,1,1,0,0
9058,1.155177,1.453487,MGC,1,1,0,0
9059,1.043225,1.544082,MGC,2,1,0,0
9060,1.331129,1.209307,HWC,1,2,0,0
9061,1.243039,1.476518,MGC,1,1,0,0
9062,1.275749,1.454679,MGC,3,1,0,0
9063,1.273345,1.159847,HWC,1,1,0,0
9064,1.248384,1.321140,MGC,1,1,0,0
9065,1.112965,1.974786,MGC,5,3,0,0
9066,1.176401,1.104571,HWC,2,1,0,0
9067,1.328506,1.283381,HWC,1,1,0,0
9068,1.336408,1.085391,HWC,1,1,0,0
9069,1.216105,1.239657,MGC,3,1,0,0
9070,1.176661,1.412443,MGC,2,1,0,0
9071,1.066523,1.193968,MGC,1,1,0,0
9072,1.150342,1.353627,MGC,3,2,0,0
9073,1.098732,1.583377,MGC,3,1,0,0
9074,1.260750,1.253062,HWC,1,1,0,0
9075,1.282917,1.199953,HWC,1,1,0,0
9076,1.204768,1.631702,MGC,4,2,0,0
9077,1.166433,1.441807,MGC,1,1,0,0
9078,1.007112,1.078359,MGC,2,1,0,0
9079,1.314795,1.460051,MGC,1,1,0,0
9080,1.130206,1.312528,MGC,2,1,0,0
9081,1.373196,1.421438,MGC,2,1,0,0
9082,1.435141,1.587834,MGC,1,1,0,0
9083,1.008560,1.055755,MGC,1,1,0,0
9084,1.300397,1.432094,MGC,2,3,0,0
9085,1.220264,1.253655,MGC,1,1,0,0
9086,1.452701,1.200207,HWC,1,1,0,0
9087,1.393474,1.169358,HWC,1,1,0,0
9088,1.193386,1.103868,HWC,1,1,0,0
9089,1.097983,1.460904,MGC,1,1,0,0
9090,1.149612,1.234036,MGC,1,1,0,0
9091,1.139362,1.091114,HWC,2,1,0,0
9092,1.334946,1.078844,HWC,1,1,0,0
9093,1.291665,1.535654,MGC,1,1,0,0
9094,1.190145,1.009586,HWC,3,1,0,0
9095,1.188439,1.226836,MGC,1,1,0,0
9096,1.154110,1.188763,MGC,1,1,0,0
9097,1.119650,1.223779,MGC,1,1,0,0
9098,1.165567,1.063178,HWC,3,1,0,0
9099,1.145548,1.116434,HWC,1,1,0,0
9100,1.300085,1.057083,HWC,3,1,0,0
9101,1.313600,1.340638,MGC,1,1,0,0
9102,0.990676,1.490315,MGC,2,1,0,0
9103,1.178434,1.346547,MGC,4,1,0,0
9104,1.215321,2.463545,MGC,4,2,0,0
9105,1.143695,1.135122,HWC,1,1,0,0
9106,1.253868,1.053305,HWC,1,1,0,0
9107,1.185133,1.477012,MGC,3,2,0,0
9108,1.233978,1.429131,MGC,1,1,0,0
9109,1.168566,1.490230,MGC,1,4,0,0
9110,1.302028,1.090914,HWC,1,1,0,0
9111,1.339557,1.533819,MGC,2,1,0,0
9112,1.243042,1.266165,MGC,1,1,0,0
9113,1.196440,1.275785,MGC,1,1,0,0
9114,1.373140,1.342523,HWC,4,2,0,0
9115,1.186516,1.437545,MGC,4,2,0,0
9116,1.421507,1.157148,HWC,2,1,0,0
9117,1.167361,1.269499,MGC,2,1,0,0
9118,1.436437,1.568044,MGC,1,1,0,0
9119,1.300109,1.441973,MGC,1,1,0,0
9120,1.550925,1.851251,MGC,2,1,0,0
9121,1.260162,1.418583,MGC,1,1,0,0
9122,1.050142,1.107104,MGC,1,1,0,0
9123,1.161276,1.412641,MGC,3,1,0,0
9124,1.191240,1.056066,HWC,1,1,0,0
9125,1.188620,1.256603,MGC,3,2,0,0
9126,1.136208,0.984244,HWC,4,1,0,0
9127,1.077531,1.411315,MGC,1,1,0,0
9128,1.354903,1.311062,HWC,3,1,0,0
9129,1.256238,1.230923,HWC,1,1,0,0
9130,1.166575,1.196730,MGC,1,1,0,0
9131,1.197609,1.165982,HWC,4,1,0,0
9132,1.142737,2.233193,MGC,2,3,0,0
9133,1.408579,1.644025,MGC,1,1,0,0
9134,1.105230,1.235363,MGC,1,1,0,0
9135,1.284785,1.618110,MGC,1,1,0,0
9136,1.195184,1.488625,MGC,1,1,0,0
9137,1.186586,1.592859,MGC,1,1,0,0
9138,1.249429,1.203603,HWC,1,1,0,0
9139,1.269099,1.224585,HWC,1,1,0,0
9140,1.196381,1.528955,MGC,1,1,0,0
9141,1.147414,1.473514,MGC,2,1,0,0
9142,1.099140,1.224696,MGC,2,1,0,0
9143,1.286414,1.054190,HWC,2,1,0,0
9144,1.267681,1.224921,HWC,1,1,0,0
9145,1.973109,1.102074,HWC,1,1,0,0
9146,1.338307,2.328279,MGC,1,2,0,0
9147,1.268500,1.181688,HWC,1,1,0,0
9148,1.396880,1.050606,HWC,1,1,0,0
9149,1.495564,1.273255,HWC,1,1,0,0
9150,1.238529,1.214325,HWC,3,1,0,0
9151,1.346926,1.349087,MGC,1,1,0,0
9152,1.303708,1.235061,HWC,1,1,0,0
9153,1.238868,1.213589,HWC,1,1,0,0
9154,1.389634,1.231360,HWC,1,1,0,0
9155,1.209797,1.071935,HWC,1,1,0,0
9156,1.347482,1.332272,HWC,1,1,0,0
9157,1.473052,1.222059,HWC,2,1,0,0
9158,1.330391,1.480138,MGC,1,1,0,0
9159,1.268257,1.314900,MGC,1,1,0,0
9160,1.311479,1.060030,HWC,1,1,0,0
9161,1.216193,1.318325,MGC,1,1,0,0
9162,1.383660,1.054885,HWC,2,1,0,0
9163,1.387231,1.445006,MGC,1,1,0,0
9164,1.377762,1.318984,HWC,2,1,0,0
9165,1.318750,1.089273,HWC,1,1,0,0
9166,1.318981,1.151216,HWC,1,1,0,0
9167,1.326927,1.240379,HWC,1,1,0,0
9168,1.315987,1.123243,HWC,1,1,0,0
9169,1.352105,1.268378,HWC,3,1,0,0
9170,1.125095,1.413985,MGC,1,1,0,0
9171,1.300916,1.565069,MGC,2,1,0,0
9172,1.308059,1.125738,HWC,1,1,0,0
9173,1.503105,1.373312,HWC,1,1,0,0
9174,1.031244,1.410257,MGC,2,1,0,0
9175,1.141895,1.467294,MGC,1,1,0,0
9176,1.209008,1.645427,MGC,1,2,0,0
9177,1.297694,1.518949,MGC,2,2,0,0
9178,1.341459,1.355349,MGC,2,1,0,0
9179,1.232907,1.523527,MGC,1,2,0,0
9180,1.117296,1.160698,MGC,2,1,0,0
9181,1.110664,1.024680,HWC,1,1,0,0
9182,1.113566,1.292821,MGC,1,1,0,0
9183,1.118427,1.111548,HWC,1,1,0,0
9184,1.084316,1.139735,MGC,1,1,0,0
9185,1.171088,1.709878,MGC,1,4,0,0
9186,1.221323,1.077394,HWC,1,1,0,0
9187,1.402025,1.370935,HWC,2,2,0,0
9188,1.110071,1.033878,HWC,1,1,0,0
9189,1.035310,1.593844,MGC,1,1,0,0
9190,1.027857,1.207531,MGC,1,1,0,0
9191,1.054695,1.168807,MGC,1,1,0,0
9192,1.170727,1.072601,HWC,1,1,0,0
9193,1.169403,1.091768,HWC,2,1,0,0
9194,1.116964,1.269071,MGC,1,1,0,0
9195,1.235491,1.653970,MGC,1,2,0,0
9196,1.239870,1.579405,MGC,1,1,0,0
9197,1.120580,1.448090,MGC,1,1,0,0
9198,1.192709,1.201756,MGC,1,1,0,0
9199,1.311219,1.039140,HWC,1,1,0,0
9200,1.212578,1.239039,MGC,1,2,0,0
9201,1.155761,1.111638,HWC,2,1,0,0
9202,1.091204,1.016084,HWC,1,1,0,0
9203,1.184187,1.035435,HWC,1,1,0,0
9204,1.143137,1.062360,HWC,1,1,0,0
9205,1.148111,1.072627,HWC,1,1,0,0
9206,1.290499,1.240409,HWC,1,1,0,0
9207,1.154975,1.312931,MGC,2,1,0,0
9208,1.165428,1.399248,MGC,2,2,0,0
9209,1.284847,1.407959,MGC,2,1,0,0
9210,1.102453,1.243078,MGC,1,1,0,0
9211,1.206567,1.223543,MGC,1,1,0,0
9212,1.176507,1.453755,MGC,1,1,0,0
9213,1.203232,1.573233,MGC,3,2,0,0
9214,1.325246,1.271900,HWC,1,1,0,0
9215,1.285601,1.466924,MGC,1,1,0,0
9216,1.053512,1.211297,MGC,1,1,0,0
9217,1.226639,1.076030,HWC,1,1,0,0
9218,1.177723,1.626405,MGC,1,1,0,0
9219,1.520367,1.672098,MGC,1,1,0,0
9220,1.223545,1.057935,HWC,1,1,0,0
9221,1.288251,1.779572,MGC,2,4,0,0
9222,1.336264,1.270330,HWC,1,1,0,0
9223,1.189279,1.131090,HWC,1,1,0,0
9224,1.101667,1.177661,MGC,1,1,0,0
9225,1.104135,1.228143,MGC,1,1,0,0
9226,1.142037,1.222532,MGC,1,1,0,0
9227,1.194478,1.063775,HWC,1,1,0,0
9228,1.350338,1.181923,HWC,1,1,0,0
9229,0.993718,1.112517,MGC,5,1,0,0
9230,1.034899,1.117054,MGC,2,1,0,0
9231,1.084803,1.118496,MGC,1,1,0,0
9232,1.264219,1.033203,HWC,5,1,0,0
9233,1.312996,1.056754,HWC,1,1,0,0
9234,1.209685,1.552918,MGC,2,2,0,0
9235,1.008644,1.051126,MGC,3,1,0,0
9236,1.298857,1.056723,HWC,1,1,0,0
9237,1.419130,1.709216,MGC,1,1,0,0
9238,1.342202,2.168920,MGC,1,1,0,0
9239,1.378828,1.204675,HWC,1,1,0,0
9240,1.480508,1.372533,HWC,1,1,0,0
9241,1.662784,1.878196,MGC,1,1,0,0
9242,1.412095,1.570037,MGC,1,1,0,0
9243,1.635888,1.139765,HWC,2,1,0,0
9244,1.474678,1.821457,MGC,1,1,0,0
9245,1.259612,1.699740,MGC,2,2,0,0
9246,1.287229,1.416562,MGC,1,1,0,0
9247,1.211776,1.957858,MGC,2,1,0,0
9248,1.259867,1.491332,MGC,1,4,0,0
