record_id,chunk_idx,start_token,end_token,chunk_n_tokens,npr,orig_logrank,mean_p_logrank,low_conf,mgc_n_tokens,n_chunk_tokens_in_mgc,intersect_ratio_chunk,intersect_ratio_mgc,overlaps_mgc_by_tokens,source_line_no,predict_mgc_youden,predict_mgc_highconf
0,0,0,128,128,1.462968,0.476548,0.697175,0,102,77,0.6016,0.7549,1,0,1,0
0,1,128,153,25,1.276858,1.175394,1.500812,0,102,25,1.0000,0.2451,1,0,0,0
1,0,0,128,128,1.569059,0.516598,0.810573,0,164,0,0.0000,0.0000,0,19,1,0
1,1,128,256,128,1.130543,1.087792,1.229796,0,164,0,0.0000,0.0000,0,19,0,0
1,2,256,384,128,1.189676,0.509478,0.606114,0,164,0,0.0000,0.0000,0,19,0,0
1,3,384,512,128,1.491812,0.443948,0.662287,0,164,0,0.0000,0.0000,0,19,1,0
1,4,512,640,128,1.334974,0.762307,1.017661,0,164,0,0.0000,0.0000,0,19,0,0
1,5,640,768,128,1.174387,0.834870,0.980460,0,164,0,0.0000,0.0000,0,19,0,0
1,6,768,896,128,1.121384,1.094566,1.227429,0,164,0,0.0000,0.0000,0,19,0,0
1,7,896,1024,128,1.720878,0.468923,0.806960,0,164,0,0.0000,0.0000,0,19,1,1
1,8,1024,1152,128,1.328503,0.636651,0.845793,0,164,67,0.5234,0.4085,1,19,0,0
1,9,1152,1249,97,1.413210,0.414291,0.585480,0,164,97,1.0000,0.5915,1,19,1,0
2,0,0,128,128,1.271296,0.560070,0.712015,0,171,107,0.8359,0.6257,1,23,0,0
2,1,128,192,64,1.293920,0.853438,1.104280,0,171,64,1.0000,0.3743,1,23,0,0
3,0,0,128,128,1.188391,0.774848,0.920822,0,170,0,0.0000,0.0000,0,28,0,0
3,1,128,256,128,1.133395,0.902097,1.022432,0,170,0,0.0000,0.0000,0,28,0,0
3,2,256,384,128,1.138444,0.862320,0.981704,0,170,0,0.0000,0.0000,0,28,0,0
3,3,384,512,128,1.153420,1.039055,1.198467,0,170,0,0.0000,0.0000,0,28,0,0
3,4,512,640,128,1.135347,0.939865,1.067074,0,170,1,0.0078,0.0059,0,28,0,0
3,5,640,768,128,1.701054,0.365943,0.622489,0,170,128,1.0000,0.7529,1,28,1,1
3,6,768,809,41,1.314202,0.998859,1.312702,0,170,41,1.0000,0.2412,1,28,0,0
4,0,0,128,128,1.322676,0.544987,0.720842,0,100,0,0.0000,0.0000,0,31,0,0
4,1,128,240,112,1.842646,0.306230,0.564273,0,100,100,0.8929,1.0000,1,31,1,1
5,0,0,128,128,1.288401,0.707784,0.911909,0,146,33,0.2578,0.2260,0,32,0,0
5,1,128,242,114,1.589098,0.369186,0.586673,0,146,113,0.9912,0.7740,1,32,1,0
6,0,0,128,128,1.202885,0.739276,0.889263,0,352,0,0.0000,0.0000,0,33,0,0
6,1,128,256,128,1.201467,0.677713,0.814251,0,352,0,0.0000,0.0000,0,33,0,0
6,2,256,384,128,1.166157,0.817515,0.953351,0,352,106,0.8281,0.3011,1,33,0,0
6,3,384,512,128,1.201528,0.675802,0.811995,0,352,128,1.0000,0.3636,1,33,0,0
6,4,512,630,118,1.332947,0.591620,0.788598,0,352,118,1.0000,0.3352,1,33,0,0
7,0,0,85,85,1.628439,0.279733,0.455529,0,71,71,0.8353,1.0000,1,35,1,1
8,0,0,87,87,1.387337,0.465730,0.646125,0,49,49,0.5632,1.0000,1,37,0,0
9,0,0,128,128,1.232535,0.718386,0.885435,0,145,0,0.0000,0.0000,0,39,0,0
9,1,128,256,128,1.200998,0.839214,1.007894,0,145,0,0.0000,0.0000,0,39,0,0
9,2,256,384,128,1.283534,0.621660,0.797922,0,145,43,0.3359,0.2966,0,39,0,0
9,3,384,486,102,1.347534,0.628680,0.847167,0,145,102,1.0000,0.7034,1,39,0,0
10,0,0,128,128,1.323176,0.393402,0.520540,0,129,0,0.0000,0.0000,0,41,0,0
10,1,128,256,128,1.174835,0.814200,0.956551,0,129,0,0.0000,0.0000,0,41,0,0
10,2,256,384,128,1.096286,0.802162,0.879399,0,129,0,0.0000,0.0000,0,41,0,0
10,3,384,512,128,1.110426,0.954331,1.059713,0,129,0,0.0000,0.0000,0,41,0,0
10,4,512,640,128,1.095368,0.997019,1.092103,0,129,0,0.0000,0.0000,0,41,0,0
10,5,640,768,128,1.030873,1.082589,1.116011,0,129,0,0.0000,0.0000,0,41,0,0
10,6,768,896,128,1.040737,1.376200,1.432262,0,129,0,0.0000,0.0000,0,41,0,0
10,7,896,1024,128,1.405357,0.463616,0.651546,0,129,91,0.7109,0.7054,1,41,1,0
10,8,1024,1062,38,1.543474,0.329335,0.508320,0,129,38,1.0000,0.2946,1,41,1,0
11,0,0,128,128,1.130888,0.777213,0.878941,0,103,15,0.1172,0.1456,0,42,0,0
11,1,128,216,88,1.505079,0.266088,0.400483,0,103,88,1.0000,0.8544,1,42,1,0
12,0,0,128,128,1.283473,0.454039,0.582747,0,144,0,0.0000,0.0000,0,46,0,0
12,1,128,256,128,1.261118,0.522355,0.658751,0,144,48,0.3750,0.3333,0,46,0,0
12,2,256,352,96,1.151779,0.681007,0.784370,0,144,96,1.0000,0.6667,1,46,0,0
13,0,0,128,128,1.108885,1.057876,1.173062,0,159,0,0.0000,0.0000,0,53,0,0
13,1,128,256,128,1.166528,0.963148,1.123539,0,159,61,0.4766,0.3836,0,53,0,0
13,2,256,354,98,1.484877,0.483169,0.717447,0,159,98,1.0000,0.6164,1,53,1,0
14,0,0,119,119,1.423929,0.362025,0.515497,0,48,48,0.4034,1.0000,0,54,1,0
15,0,0,128,128,1.240981,0.754449,0.936257,0,148,0,0.0000,0.0000,0,67,0,0
15,1,128,256,128,1.564515,0.529240,0.828004,0,148,118,0.9219,0.7973,1,67,1,0
15,2,256,286,30,1.351611,1.255138,1.696458,0,148,30,1.0000,0.2027,1,67,0,0
16,0,0,128,128,1.249291,0.496224,0.619929,0,90,0,0.0000,0.0000,0,70,0,0
16,1,128,256,128,1.223228,0.717493,0.877657,0,90,0,0.0000,0.0000,0,70,0,0
16,2,256,384,128,1.203030,0.629759,0.757618,0,90,0,0.0000,0.0000,0,70,0,0
16,3,384,512,128,1.177921,0.665696,0.784137,0,90,0,0.0000,0.0000,0,70,0,0
16,4,512,640,128,1.131976,0.912036,1.032403,0,90,64,0.5000,0.7111,0,70,0,0
16,5,640,666,26,1.407661,0.815954,1.148587,0,90,26,1.0000,0.2889,1,70,1,0
17,0,0,128,128,1.142424,0.992356,1.133692,0,249,103,0.8047,0.4137,1,71,0,0
17,1,128,256,128,1.291680,0.694253,0.896753,0,249,128,1.0000,0.5141,1,71,0,0
17,2,256,274,18,nan,nan,nan,1,249,18,1.0000,0.0723,1,71,0,0
18,0,0,128,128,1.424210,0.440437,0.627275,0,76,0,0.0000,0.0000,0,74,1,0
18,1,128,256,128,1.295675,0.479379,0.621120,0,76,69,0.5391,0.9079,1,74,0,0
18,2,256,263,7,nan,nan,nan,1,76,7,1.0000,0.0921,1,74,0,0
19,0,0,105,105,1.671986,0.362079,0.605391,0,86,86,0.8190,1.0000,1,75,1,1
20,0,0,128,128,1.284904,0.393870,0.506085,0,68,53,0.4141,0.7794,0,77,0,0
20,1,128,143,15,nan,nan,nan,1,68,15,1.0000,0.2206,1,77,0,0
21,0,0,128,128,1.361511,0.432620,0.589017,0,98,44,0.3438,0.4490,0,78,0,0
21,1,128,182,54,1.493333,0.351662,0.525148,0,98,54,1.0000,0.5510,1,78,1,0
22,0,0,128,128,1.445797,0.452302,0.653936,0,48,38,0.2969,0.7917,0,80,1,0
22,1,128,138,10,nan,nan,nan,1,48,10,1.0000,0.2083,1,80,0,0
23,0,0,128,128,1.230536,0.728661,0.896644,0,97,56,0.4375,0.5773,0,84,0,0
23,1,128,169,41,1.300343,0.870492,1.131938,0,97,41,1.0000,0.4227,1,84,0,0
24,0,0,128,128,1.561505,0.335407,0.523740,0,154,0,0.0000,0.0000,0,86,1,0
24,1,128,256,128,1.344125,0.517869,0.696080,0,154,7,0.0547,0.0455,0,86,0,0
24,2,256,384,128,1.750636,0.310461,0.543503,0,154,128,1.0000,0.8312,1,86,1,1
24,3,384,403,19,nan,nan,nan,1,154,19,1.0000,0.1234,1,86,0,0
25,0,0,128,128,1.282960,0.587252,0.753421,0,111,0,0.0000,0.0000,0,91,0,0
25,1,128,256,128,1.392680,0.609819,0.849283,0,111,38,0.2969,0.3423,0,91,1,0
25,2,256,329,73,1.412472,0.637293,0.900158,0,111,73,1.0000,0.6577,1,91,1,0
26,0,0,128,128,1.487298,0.457539,0.680496,0,162,51,0.3984,0.3148,0,96,1,0
26,1,128,239,111,1.610556,0.360262,0.580222,0,162,111,1.0000,0.6852,1,96,1,1
27,0,0,128,128,1.241679,0.573670,0.712314,0,135,40,0.3125,0.2963,0,100,0,0
27,1,128,223,95,1.265602,0.659275,0.834380,0,135,95,1.0000,0.7037,1,100,0,0
28,0,0,128,128,1.448535,0.424689,0.615177,0,140,69,0.5391,0.4929,1,105,1,0
28,1,128,199,71,1.470403,0.454395,0.668145,0,140,71,1.0000,0.5071,1,105,1,0
29,0,0,128,128,1.077961,1.068123,1.151394,0,286,12,0.0938,0.0420,0,106,0,0
29,1,128,256,128,0.878004,2.368738,2.079761,0,286,128,1.0000,0.4476,1,106,0,0
29,2,256,384,128,0.975687,1.687347,1.646323,0,286,128,1.0000,0.4476,1,106,0,0
29,3,384,403,19,nan,nan,nan,1,286,18,0.9474,0.0629,1,106,0,0
30,0,0,82,82,1.389319,0.438708,0.609506,0,67,67,0.8171,1.0000,1,110,1,0
31,0,0,128,128,1.223325,0.650278,0.795502,0,141,61,0.4766,0.4326,0,111,0,0
31,1,128,208,80,1.175213,0.786557,0.924371,0,141,80,1.0000,0.5674,1,111,0,0
32,0,0,118,118,1.452448,0.408395,0.593173,0,85,85,0.7203,1.0000,1,112,1,0
33,0,0,128,128,1.281331,0.604924,0.775107,0,168,0,0.0000,0.0000,0,116,0,0
33,1,128,256,128,1.220387,0.763284,0.931502,0,168,0,0.0000,0.0000,0,116,0,0
33,2,256,384,128,1.239126,0.706248,0.875130,0,168,0,0.0000,0.0000,0,116,0,0
33,3,384,512,128,1.119466,0.894047,1.000856,0,168,0,0.0000,0.0000,0,116,0,0
33,4,512,640,128,1.542183,0.452303,0.697534,0,168,82,0.6406,0.4881,1,116,1,0
33,5,640,726,86,1.590782,0.452592,0.719976,0,168,86,1.0000,0.5119,1,116,1,0
34,0,0,128,128,1.625009,0.231934,0.376894,0,136,0,0.0000,0.0000,0,120,1,1
34,1,128,256,128,1.440290,0.443926,0.639383,0,136,66,0.5156,0.4853,1,120,1,0
34,2,256,326,70,2.106034,0.318558,0.670893,0,136,70,1.0000,0.5147,1,120,1,1
35,0,0,128,128,1.224976,0.909578,1.114211,0,284,0,0.0000,0.0000,0,122,0,0
35,1,128,256,128,1.208842,0.810509,0.979778,0,284,105,0.8203,0.3697,1,122,0,0
35,2,256,384,128,1.214708,0.654950,0.795573,0,284,128,1.0000,0.4507,1,122,0,0
35,3,384,435,51,1.150650,0.980820,1.128581,0,284,51,1.0000,0.1796,1,122,0,0
36,0,0,128,128,1.456961,0.280924,0.409296,0,102,0,0.0000,0.0000,0,124,1,0
36,1,128,256,128,1.274611,0.429846,0.547886,0,102,61,0.4766,0.5980,0,124,0,0
36,2,256,297,41,1.155552,0.486242,0.561878,0,102,41,1.0000,0.4020,1,124,0,0
37,0,0,128,128,1.172234,0.883792,1.036011,0,112,0,0.0000,0.0000,0,128,0,0
37,1,128,256,128,1.143496,1.059157,1.211142,0,112,0,0.0000,0.0000,0,128,0,0
37,2,256,384,128,1.141973,1.216718,1.389459,0,112,0,0.0000,0.0000,0,128,0,0
37,3,384,512,128,1.215490,0.771518,0.937773,0,112,40,0.3125,0.3571,0,128,0,0
37,4,512,584,72,1.561864,0.263402,0.411398,0,112,72,1.0000,0.6429,1,128,1,0
38,0,0,128,128,1.149849,0.870309,1.000724,0,179,73,0.5703,0.4078,1,130,0,0
38,1,128,234,106,1.140995,0.632140,0.721268,0,179,106,1.0000,0.5922,1,130,0,0
39,0,0,128,128,1.278950,0.592599,0.757905,0,147,43,0.3359,0.2925,0,133,0,0
39,1,128,232,104,1.556701,0.410492,0.639014,0,147,104,1.0000,0.7075,1,133,1,0
40,0,0,128,128,1.434966,0.531625,0.762864,0,108,0,0.0000,0.0000,0,149,1,0
40,1,128,256,128,1.348706,0.435304,0.587097,0,108,90,0.7031,0.8333,1,149,0,0
40,2,256,274,18,nan,nan,nan,1,108,18,1.0000,0.1667,1,149,0,0
41,0,0,90,90,1.651425,0.182278,0.301019,0,42,42,0.4667,1.0000,0,152,1,1
42,0,0,128,128,1.341589,0.506622,0.679679,0,113,0,0.0000,0.0000,0,157,0,0
42,1,128,256,128,1.123517,0.744594,0.836564,0,113,0,0.0000,0.0000,0,157,0,0
42,2,256,384,128,1.170277,0.794204,0.929439,0,113,0,0.0000,0.0000,0,157,0,0
42,3,384,505,121,1.773056,0.367313,0.651266,0,113,113,0.9339,1.0000,1,157,1,1
43,0,0,128,128,1.121664,1.040791,1.167418,0,124,72,0.5625,0.5806,1,160,0,0
43,1,128,180,52,1.222870,1.091335,1.334562,0,124,52,1.0000,0.4194,1,160,0,0
44,0,0,128,128,1.396553,0.440151,0.614694,0,60,0,0.0000,0.0000,0,162,1,0
44,1,128,256,128,1.399077,0.513558,0.718507,0,60,21,0.1641,0.3500,0,162,1,0
44,2,256,295,39,1.463580,0.297342,0.435184,0,60,39,1.0000,0.6500,1,162,1,0
45,0,0,128,128,1.168106,0.809812,0.945947,0,174,0,0.0000,0.0000,0,164,0,0
45,1,128,256,128,1.192817,1.041694,1.242550,0,174,0,0.0000,0.0000,0,164,0,0
45,2,256,384,128,1.292621,0.666222,0.861173,0,174,113,0.8828,0.6494,1,164,0,0
45,3,384,445,61,1.248863,0.692375,0.864682,0,174,61,1.0000,0.3506,1,164,0,0
46,0,0,128,128,1.454223,0.312309,0.454167,0,56,49,0.3828,0.8750,0,167,1,0
46,1,128,135,7,nan,nan,nan,1,56,7,1.0000,0.1250,1,167,0,0
47,0,0,128,128,1.171295,0.823964,0.965105,0,152,70,0.5469,0.4605,1,171,0,0
47,1,128,210,82,1.274292,0.574072,0.731535,0,152,82,1.0000,0.5395,1,171,0,0
48,0,0,128,128,1.333720,0.483922,0.645417,0,85,0,0.0000,0.0000,0,173,0,0
48,1,128,256,128,1.151162,0.835713,0.962041,0,85,0,0.0000,0.0000,0,173,0,0
48,2,256,347,91,1.446589,0.484305,0.700590,0,85,85,0.9341,1.0000,1,173,1,0
49,0,0,128,128,1.466065,0.356894,0.523230,0,179,59,0.4609,0.3296,0,175,1,0
49,1,128,248,120,1.694633,0.310495,0.526175,0,179,120,1.0000,0.6704,1,175,1,1
50,0,0,128,128,1.385520,0.482719,0.668817,0,118,46,0.3594,0.3898,0,176,0,0
50,1,128,200,72,1.369696,0.373337,0.511358,0,118,72,1.0000,0.6102,1,176,0,0
51,0,0,128,128,1.105821,1.211823,1.340060,0,144,0,0.0000,0.0000,0,179,0,0
51,1,128,256,128,1.133797,1.192695,1.352274,0,144,0,0.0000,0.0000,0,179,0,0
51,2,256,384,128,1.329838,0.568427,0.755915,0,144,93,0.7266,0.6458,1,179,0,0
51,3,384,435,51,1.274596,0.820259,1.045499,0,144,51,1.0000,0.3542,1,179,0,0
52,0,0,90,90,1.613017,0.325589,0.525181,0,60,60,0.6667,1.0000,1,190,1,1
53,0,0,128,128,1.295645,0.451349,0.584788,0,92,0,0.0000,0.0000,0,191,0,0
53,1,128,256,128,1.381145,0.479991,0.662937,0,92,50,0.3906,0.5435,0,191,0,0
53,2,256,298,42,1.401582,0.438917,0.615178,0,92,42,1.0000,0.4565,1,191,1,0
54,0,0,128,128,1.179914,0.796180,0.939424,0,173,0,0.0000,0.0000,0,203,0,0
54,1,128,256,128,1.298444,0.591459,0.767976,0,173,93,0.7266,0.5376,1,203,0,0
54,2,256,336,80,1.526406,0.414771,0.633109,0,173,80,1.0000,0.4624,1,203,1,0
55,0,0,128,128,1.248642,0.809776,1.011120,0,210,0,0.0000,0.0000,0,204,0,0
55,1,128,256,128,1.182235,0.824321,0.974541,0,210,0,0.0000,0.0000,0,204,0,0
55,2,256,384,128,1.211056,0.807869,0.978374,0,210,0,0.0000,0.0000,0,204,0,0
55,3,384,512,128,1.430089,0.503320,0.719793,0,210,107,0.8359,0.5095,1,204,1,0
55,4,512,615,103,1.568554,0.388859,0.609947,0,210,103,1.0000,0.4905,1,204,1,0
56,0,0,128,128,1.267766,0.642745,0.814850,0,132,0,0.0000,0.0000,0,210,0,0
56,1,128,256,128,1.237011,0.681836,0.843439,0,132,53,0.4141,0.4015,0,210,0,0
56,2,256,335,79,1.293660,0.695650,0.899934,0,132,79,1.0000,0.5985,1,210,0,0
57,0,0,128,128,1.405305,0.519091,0.729481,0,63,0,0.0000,0.0000,0,212,1,0
57,1,128,234,106,1.372090,0.387831,0.532139,0,63,63,0.5943,1.0000,1,212,0,0
58,0,0,128,128,1.357948,0.317489,0.431134,0,217,35,0.2734,0.1613,0,221,0,0
58,1,128,256,128,1.292350,0.328097,0.424016,0,217,128,1.0000,0.5899,1,221,0,0
58,2,256,310,54,1.006516,0.931702,0.937772,0,217,54,1.0000,0.2488,1,221,0,0
59,0,0,84,84,1.533295,0.259212,0.397449,0,50,50,0.5952,1.0000,1,227,1,0
60,0,0,128,128,1.535230,0.367749,0.564580,0,120,99,0.7734,0.8250,1,232,1,0
60,1,128,150,22,1.341467,0.852716,1.143891,0,120,21,0.9545,0.1750,1,232,0,0
61,0,0,128,128,1.278806,0.638558,0.816592,0,229,0,0.0000,0.0000,0,237,0,0
61,1,128,256,128,1.336450,0.480691,0.642420,0,229,0,0.0000,0.0000,0,237,0,0
61,2,256,384,128,1.238875,0.649843,0.805074,0,229,41,0.3203,0.1790,0,237,0,0
61,3,384,512,128,1.405757,0.406955,0.572080,0,229,128,1.0000,0.5590,1,237,1,0
61,4,512,572,60,1.185634,0.834855,0.989833,0,229,60,1.0000,0.2620,1,237,0,0
62,0,0,128,128,1.287037,0.561398,0.722540,0,56,37,0.2891,0.6607,0,240,0,0
62,1,128,147,19,nan,nan,nan,1,56,19,1.0000,0.3393,1,240,0,0
63,0,0,128,128,1.230434,0.492746,0.606291,0,90,12,0.0938,0.1333,0,243,0,0
63,1,128,206,78,1.248891,0.623774,0.779026,0,90,78,1.0000,0.8667,1,243,0,0
64,0,0,128,128,2.140507,0.148064,0.316932,0,83,75,0.5859,0.9036,1,244,1,1
64,1,128,136,8,nan,nan,nan,1,83,8,1.0000,0.0964,1,244,0,0
65,0,0,128,128,1.290669,0.714116,0.921687,0,155,46,0.3594,0.2968,0,246,0,0
65,1,128,238,110,1.578224,0.473136,0.746714,0,155,109,0.9909,0.7032,1,246,1,0
66,0,0,128,128,1.175075,0.815040,0.957734,0,137,0,0.0000,0.0000,0,249,0,0
66,1,128,256,128,1.367995,0.525196,0.718466,0,137,120,0.9375,0.8759,1,249,0,0
66,2,256,273,17,nan,nan,nan,1,137,17,1.0000,0.1241,1,249,0,0
67,0,0,128,128,1.244259,0.791049,0.984270,0,155,83,0.6484,0.5355,1,251,0,0
67,1,128,200,72,1.496961,0.672412,1.006574,0,155,72,1.0000,0.4645,1,251,1,0
68,0,0,128,128,1.425465,0.304342,0.433828,0,68,63,0.4922,0.9265,0,253,1,0
68,1,128,133,5,nan,nan,nan,1,68,5,1.0000,0.0735,1,253,0,0
69,0,0,128,128,1.207044,0.684205,0.825866,0,115,0,0.0000,0.0000,0,256,0,0
69,1,128,256,128,1.062104,0.780633,0.829113,0,115,0,0.0000,0.0000,0,256,0,0
69,2,256,384,128,1.138228,0.728877,0.829628,0,115,0,0.0000,0.0000,0,256,0,0
69,3,384,512,128,1.198047,0.693386,0.830709,0,115,35,0.2734,0.3043,0,256,0,0
69,4,512,592,80,1.476127,0.389884,0.575518,0,115,80,1.0000,0.6957,1,256,1,0
70,0,0,128,128,1.679948,0.334767,0.562392,0,122,106,0.8281,0.8689,1,258,1,1
70,1,128,145,17,nan,nan,nan,1,122,16,0.9412,0.1311,1,258,0,0
71,0,0,128,128,1.283883,0.503117,0.645944,0,71,0,0.0000,0.0000,0,265,0,0
71,1,128,256,128,1.360238,0.501622,0.682325,0,71,65,0.5078,0.9155,1,265,0,0
71,2,256,262,6,nan,nan,nan,1,71,6,1.0000,0.0845,1,265,0,0
72,0,0,128,128,1.324823,0.466825,0.618460,0,91,0,0.0000,0.0000,0,268,0,0
72,1,128,256,128,1.475920,0.408560,0.603002,0,91,68,0.5312,0.7473,1,268,1,0
72,2,256,279,23,1.264883,0.780010,0.986621,0,91,23,1.0000,0.2527,1,268,0,0
73,0,0,128,128,1.342570,0.452378,0.607349,0,86,65,0.5078,0.7558,1,271,0,0
73,1,128,149,21,1.230534,1.370040,1.685881,0,86,21,1.0000,0.2442,1,271,0,0
74,0,0,128,128,1.206808,0.720060,0.868975,0,321,91,0.7109,0.2835,1,276,0,0
74,1,128,256,128,1.018420,1.160872,1.182255,0,321,128,1.0000,0.3988,1,276,0,0
74,2,256,359,103,1.080016,1.261630,1.362582,0,321,102,0.9903,0.3178,1,276,0,0
75,0,0,128,128,1.393438,0.469758,0.654579,0,38,23,0.1797,0.6053,0,288,1,0
75,1,128,143,15,nan,nan,nan,1,38,15,1.0000,0.3947,1,288,0,0
76,0,0,128,128,1.537574,0.434576,0.668193,0,141,97,0.7578,0.6879,1,290,1,0
76,1,128,172,44,1.591626,0.352666,0.561312,0,141,44,1.0000,0.3121,1,290,1,0
77,0,0,128,128,1.327586,0.612419,0.813039,0,137,46,0.3594,0.3358,0,294,0,0
77,1,128,219,91,1.473033,0.394978,0.581815,0,137,91,1.0000,0.6642,1,294,1,0
78,0,0,128,128,1.631422,0.321508,0.524516,0,80,10,0.0781,0.1250,0,296,1,1
78,1,128,198,70,1.610238,0.309472,0.498324,0,80,70,1.0000,0.8750,1,296,1,1
79,0,0,128,128,1.398825,0.433383,0.606227,0,61,55,0.4297,0.9016,0,297,1,0
79,1,128,134,6,nan,nan,nan,1,61,6,1.0000,0.0984,1,297,0,0
80,0,0,128,128,1.204788,0.678531,0.817487,0,131,38,0.2969,0.2901,0,311,0,0
80,1,128,221,93,1.492785,0.391943,0.585087,0,131,93,1.0000,0.7099,1,311,1,0
81,0,0,128,128,1.480365,0.385079,0.570057,0,96,0,0.0000,0.0000,0,312,1,0
81,1,128,256,128,1.303493,0.541244,0.705508,0,96,31,0.2422,0.3229,0,312,0,0
81,2,256,321,65,1.338655,0.406562,0.544247,0,96,65,1.0000,0.6771,1,312,0,0
82,0,0,128,128,1.192969,0.700226,0.835348,0,162,0,0.0000,0.0000,0,313,0,0
82,1,128,256,128,1.139031,0.805288,0.917248,0,162,0,0.0000,0.0000,0,313,0,0
82,2,256,384,128,1.117091,0.919449,1.027109,0,162,44,0.3438,0.2716,0,313,0,0
82,3,384,502,118,1.630460,0.275184,0.448677,0,162,118,1.0000,0.7284,1,313,1,1
83,0,0,128,128,1.197268,0.635832,0.761261,0,198,0,0.0000,0.0000,0,314,0,0
83,1,128,256,128,1.307226,0.523368,0.684160,0,198,125,0.9766,0.6313,1,314,0,0
83,2,256,329,73,1.203599,1.035007,1.245732,0,198,73,1.0000,0.3687,1,314,0,0
84,0,0,128,128,1.252038,0.653125,0.817738,0,167,117,0.9141,0.7006,1,316,0,0
84,1,128,179,51,1.434790,0.673751,0.966691,0,167,50,0.9804,0.2994,1,316,1,0
85,0,0,128,128,1.222468,0.737108,0.901091,0,168,0,0.0000,0.0000,0,320,0,0
85,1,128,256,128,1.109306,1.051982,1.166970,0,168,0,0.0000,0.0000,0,320,0,0
85,2,256,384,128,1.216462,0.702403,0.854447,0,168,0,0.0000,0.0000,0,320,0,0
85,3,384,512,128,1.157379,0.854539,0.989026,0,168,0,0.0000,0.0000,0,320,0,0
85,4,512,640,128,1.049781,1.262213,1.325046,0,168,0,0.0000,0.0000,0,320,0,0
85,5,640,768,128,1.302757,0.560876,0.730685,0,168,0,0.0000,0.0000,0,320,0,0
85,6,768,896,128,1.210026,0.889880,1.076777,0,168,41,0.3203,0.2440,0,320,0,0
85,7,896,1023,127,1.312648,0.712837,0.935704,0,168,127,1.0000,0.7560,1,320,0,0
86,0,0,128,128,1.252013,0.556462,0.696698,0,148,0,0.0000,0.0000,0,331,0,0
86,1,128,256,128,1.286834,0.494932,0.636895,0,148,72,0.5625,0.4865,1,331,0,0
86,2,256,332,76,1.574304,0.435489,0.685593,0,148,76,1.0000,0.5135,1,331,1,0
87,0,0,128,128,1.270659,0.763960,0.970733,0,223,0,0.0000,0.0000,0,338,0,0
87,1,128,256,128,1.043638,1.548441,1.616012,0,223,0,0.0000,0.0000,0,338,0,0
87,2,256,384,128,1.085015,1.226864,1.331165,0,223,0,0.0000,0.0000,0,338,0,0
87,3,384,512,128,1.007405,1.554111,1.565619,0,223,0,0.0000,0.0000,0,338,0,0
87,4,512,640,128,1.136186,0.989712,1.124496,0,223,36,0.2812,0.1614,0,338,0,0
87,5,640,768,128,1.249714,0.658541,0.822988,0,223,128,1.0000,0.5740,1,338,0,0
87,6,768,828,60,1.105575,1.228588,1.358296,0,223,59,0.9833,0.2646,1,338,0,0
88,0,0,128,128,1.190780,0.543960,0.647737,0,156,71,0.5547,0.4551,1,343,0,0
88,1,128,213,85,1.326325,0.564967,0.749330,0,156,85,1.0000,0.5449,1,343,0,0
89,0,0,128,128,1.307487,0.531787,0.695304,0,85,0,0.0000,0.0000,0,357,0,0
89,1,128,256,128,1.354120,0.442032,0.598564,0,85,0,0.0000,0.0000,0,357,0,0
89,2,256,384,128,1.213077,0.647392,0.785336,0,85,0,0.0000,0.0000,0,357,0,0
89,3,384,512,128,1.193946,0.811787,0.969229,0,85,0,0.0000,0.0000,0,357,0,0
89,4,512,640,128,1.112985,1.257969,1.400101,0,85,0,0.0000,0.0000,0,357,0,0
89,5,640,765,125,1.681769,0.331744,0.557917,0,85,85,0.6800,1.0000,1,357,1,1
90,0,0,128,128,1.317228,0.405831,0.534573,0,30,29,0.2266,0.9667,0,359,0,0
90,1,128,129,1,nan,nan,nan,1,30,1,1.0000,0.0333,1,359,0,0
91,0,0,128,128,1.133906,0.926501,1.050565,0,101,11,0.0859,0.1089,0,370,0,0
91,1,128,218,90,1.852442,0.281214,0.520933,0,101,90,1.0000,0.8911,1,370,1,1
92,0,0,128,128,1.389262,0.366513,0.509182,0,102,7,0.0547,0.0686,0,376,1,0
92,1,128,223,95,1.737369,0.217202,0.377360,0,102,95,1.0000,0.9314,1,376,1,1
93,0,0,128,128,1.375456,0.563191,0.774644,0,137,0,0.0000,0.0000,0,379,0,0
93,1,128,256,128,1.288555,0.565096,0.728158,0,137,0,0.0000,0.0000,0,379,0,0
93,2,256,384,128,1.237693,0.593960,0.735141,0,137,28,0.2188,0.2044,0,379,0,0
93,3,384,493,109,1.966008,0.230081,0.452341,0,137,109,1.0000,0.7956,1,379,1,1
94,0,0,49,49,1.237594,0.408757,0.505875,0,14,14,0.2857,1.0000,0,380,0,0
95,0,0,128,128,1.098158,1.159188,1.272971,0,136,0,0.0000,0.0000,0,383,0,0
95,1,128,256,128,1.019009,1.203827,1.226711,0,136,1,0.0078,0.0074,0,383,0,0
95,2,256,384,128,1.718978,0.260844,0.448385,0,136,128,1.0000,0.9412,1,383,1,1
95,3,384,391,7,nan,nan,nan,1,136,7,1.0000,0.0515,1,383,0,0
96,0,0,128,128,1.218054,0.695400,0.847035,0,229,61,0.4766,0.2664,0,386,0,0
96,1,128,256,128,1.246751,0.705463,0.879538,0,229,128,1.0000,0.5590,1,386,0,0
96,2,256,296,40,1.065191,1.618595,1.724114,0,229,40,1.0000,0.1747,1,386,0,0
97,0,0,128,128,1.532531,0.426824,0.654121,0,172,115,0.8984,0.6686,1,391,1,0
97,1,128,186,58,1.409356,0.771971,1.087982,0,172,57,0.9828,0.3314,1,391,1,0
98,0,0,128,128,1.298576,0.866175,1.124794,0,180,81,0.6328,0.4500,1,396,0,0
98,1,128,228,100,2.326836,0.274303,0.638258,0,180,99,0.9900,0.5500,1,396,1,1
99,0,0,96,96,1.412377,0.343548,0.485219,0,31,31,0.3229,1.0000,0,398,1,0
100,0,0,128,128,1.514050,0.308429,0.466976,0,85,0,0.0000,0.0000,0,402,1,0
100,1,128,256,128,1.426066,0.411247,0.586465,0,85,83,0.6484,0.9765,1,402,1,0
100,2,256,258,2,nan,nan,nan,1,85,2,1.0000,0.0235,1,402,0,0
101,0,0,128,128,1.217613,0.483820,0.589105,0,82,65,0.5078,0.7927,1,404,0,0
101,1,128,145,17,nan,nan,nan,1,82,17,1.0000,0.2073,1,404,0,0
102,0,0,128,128,1.295664,0.744765,0.964966,0,133,72,0.5625,0.5414,1,405,0,0
102,1,128,189,61,1.287953,0.953533,1.228106,0,133,61,1.0000,0.4586,1,405,0,0
103,0,0,128,128,1.294547,0.433805,0.561581,0,97,31,0.2422,0.3196,0,407,0,0
103,1,128,194,66,1.275427,0.711071,0.906919,0,97,66,1.0000,0.6804,1,407,0,0
104,0,0,128,128,1.149882,0.601720,0.691907,0,65,51,0.3984,0.7846,0,408,0,0
104,1,128,142,14,nan,nan,nan,1,65,14,1.0000,0.2154,1,408,0,0
105,0,0,128,128,1.280487,0.559325,0.716208,0,61,0,0.0000,0.0000,0,409,0,0
105,1,128,256,128,1.173218,0.614569,0.721023,0,61,40,0.3125,0.6557,0,409,0,0
105,2,256,277,21,1.064196,0.655158,0.697216,0,61,21,1.0000,0.3443,1,409,0,0
106,0,0,126,126,1.241008,0.455805,0.565658,0,22,22,0.1746,1.0000,0,414,0,0
107,0,0,128,128,1.462300,0.383498,0.560790,0,73,0,0.0000,0.0000,0,416,1,0
107,1,128,208,80,1.656550,0.292389,0.484357,0,73,73,0.9125,1.0000,1,416,1,1
108,0,0,128,128,1.442175,0.419377,0.604815,0,102,35,0.2734,0.3431,0,417,1,0
108,1,128,195,67,1.459182,0.370073,0.540003,0,102,67,1.0000,0.6569,1,417,1,0
109,0,0,128,128,1.489757,0.532482,0.793269,0,103,0,0.0000,0.0000,0,419,1,0
109,1,128,256,128,1.215337,0.923357,1.122191,0,103,62,0.4844,0.6019,0,419,0,0
109,2,256,297,41,1.298157,0.941640,1.222396,0,103,41,1.0000,0.3981,1,419,0,0
110,0,0,78,78,1.450389,0.405005,0.587415,0,60,60,0.7692,1.0000,1,422,1,0
111,0,0,128,128,1.197650,0.873040,1.045596,0,222,0,0.0000,0.0000,0,425,0,0
111,1,128,256,128,1.187585,1.085299,1.288885,0,222,0,0.0000,0.0000,0,425,0,0
111,2,256,384,128,1.132004,0.870384,0.985278,0,222,0,0.0000,0.0000,0,425,0,0
111,3,384,512,128,1.092121,1.483888,1.620585,0,222,0,0.0000,0.0000,0,425,0,0
111,4,512,640,128,1.112476,0.697855,0.776348,0,222,0,0.0000,0.0000,0,425,0,0
111,5,640,768,128,1.168024,0.925514,1.081023,0,222,25,0.1953,0.1126,0,425,0,0
111,6,768,896,128,1.520440,0.485500,0.738173,0,222,128,1.0000,0.5766,1,425,1,0
111,7,896,965,69,1.390090,0.678111,0.942635,0,222,69,1.0000,0.3108,1,425,1,0
112,0,0,128,128,1.152982,0.920603,1.061440,0,109,39,0.3047,0.3578,0,431,0,0
112,1,128,198,70,1.255254,0.640301,0.803740,0,109,70,1.0000,0.6422,1,431,0,0
113,0,0,128,128,1.404591,0.366442,0.514702,0,225,56,0.4375,0.2489,0,436,1,0
113,1,128,256,128,1.101175,0.449187,0.494634,0,225,128,1.0000,0.5689,1,436,0,0
113,2,256,298,42,0.987964,1.847860,1.825618,0,225,41,0.9762,0.1822,1,436,0,0
114,0,0,112,112,1.239078,0.428406,0.530828,0,65,65,0.5804,1.0000,1,437,0,0
115,0,0,128,128,1.273449,0.519801,0.661940,0,155,49,0.3828,0.3161,0,438,0,0
115,1,128,234,106,1.220079,0.670734,0.818349,0,155,106,1.0000,0.6839,1,438,0,0
116,0,0,128,128,1.168814,0.702457,0.821042,0,61,0,0.0000,0.0000,0,442,0,0
116,1,128,256,128,1.142065,0.925345,1.056805,0,61,0,0.0000,0.0000,0,442,0,0
116,2,256,384,128,1.015249,1.429515,1.451314,0,61,0,0.0000,0.0000,0,442,0,0
116,3,384,512,128,1.031728,1.411889,1.456685,0,61,0,0.0000,0.0000,0,442,0,0
116,4,512,640,128,1.038554,1.639575,1.702786,0,61,0,0.0000,0.0000,0,442,0,0
116,5,640,768,128,1.079476,1.222973,1.320171,0,61,0,0.0000,0.0000,0,442,0,0
116,6,768,853,85,1.319891,0.362829,0.478894,0,61,61,0.7176,1.0000,1,442,0,0
117,0,0,118,118,1.393700,0.419326,0.584415,0,85,85,0.7203,1.0000,1,451,1,0
118,0,0,128,128,1.239852,0.697563,0.864875,0,163,44,0.3438,0.2699,0,452,0,0
118,1,128,247,119,1.572864,0.403429,0.634539,0,163,119,1.0000,0.7301,1,452,1,0
119,0,0,128,128,1.364817,0.365845,0.499311,0,67,0,0.0000,0.0000,0,457,0,0
119,1,128,256,128,1.270852,0.411628,0.523119,0,67,0,0.0000,0.0000,0,457,0,0
119,2,256,336,80,1.406392,0.410854,0.577822,0,67,67,0.8375,1.0000,1,457,1,0
120,0,0,128,128,1.324444,0.644261,0.853288,0,147,21,0.1641,0.1429,0,458,0,0
120,1,128,254,126,1.808012,0.324365,0.586455,0,147,126,1.0000,0.8571,1,458,1,1
121,0,0,128,128,1.208201,0.474530,0.573328,0,112,24,0.1875,0.2143,0,459,0,0
121,1,128,216,88,1.358551,0.425166,0.577610,0,112,88,1.0000,0.7857,1,459,0,0
122,0,0,128,128,1.225227,0.576013,0.705746,0,169,0,0.0000,0.0000,0,460,0,0
122,1,128,256,128,1.226522,0.541462,0.664114,0,169,0,0.0000,0.0000,0,460,0,0
122,2,256,384,128,1.314410,0.557327,0.732557,0,169,95,0.7422,0.5621,1,460,0,0
122,3,384,458,74,1.474249,0.562261,0.828913,0,169,74,1.0000,0.4379,1,460,1,0
123,0,0,128,128,1.150400,0.915071,1.052697,0,134,0,0.0000,0.0000,0,464,0,0
123,1,128,256,128,1.194653,0.938569,1.121264,0,134,0,0.0000,0.0000,0,464,0,0
123,2,256,384,128,1.196485,0.757126,0.905890,0,134,0,0.0000,0.0000,0,464,0,0
123,3,384,512,128,1.317327,0.592992,0.781164,0,134,96,0.7500,0.7164,1,464,0,0
123,4,512,550,38,1.400648,0.851883,1.193188,0,134,38,1.0000,0.2836,1,464,1,0
124,0,0,128,128,1.337001,0.534017,0.713981,0,79,39,0.3047,0.4937,0,465,0,0
124,1,128,168,40,1.656860,0.370525,0.613908,0,79,40,1.0000,0.5063,1,465,1,1
125,0,0,128,128,1.314681,0.523733,0.688541,0,47,0,0.0000,0.0000,0,468,0,0
125,1,128,175,47,1.402789,0.324742,0.455545,0,47,47,1.0000,1.0000,1,468,1,0
126,0,0,128,128,1.114522,0.878895,0.979548,0,120,0,0.0000,0.0000,0,469,0,0
126,1,128,256,128,1.184719,0.780939,0.925193,0,120,0,0.0000,0.0000,0,469,0,0
126,2,256,384,128,1.001904,1.386098,1.388738,0,120,0,0.0000,0.0000,0,469,0,0
126,3,384,512,128,0.816242,1.725808,1.408677,0,120,0,0.0000,0.0000,0,469,0,0
126,4,512,640,128,1.235662,0.596656,0.737265,0,120,0,0.0000,0.0000,0,469,0,0
126,5,640,768,128,1.125961,0.927366,1.044178,0,120,0,0.0000,0.0000,0,469,0,0
126,6,768,896,128,1.072887,1.139390,1.222436,0,120,0,0.0000,0.0000,0,469,0,0
126,7,896,1024,128,0.928087,1.879860,1.744674,0,120,0,0.0000,0.0000,0,469,0,0
126,8,1024,1152,128,0.904930,1.498089,1.355666,0,120,0,0.0000,0.0000,0,469,0,0
126,9,1152,1280,128,1.081530,1.159772,1.254328,0,120,39,0.3047,0.3250,0,469,0,0
126,10,1280,1361,81,1.126454,0.940112,1.058993,0,120,81,1.0000,0.6750,1,469,0,0
127,0,0,128,128,1.273876,0.550909,0.701790,0,132,18,0.1406,0.1364,0,481,0,0
127,1,128,242,114,1.995869,0.216672,0.432449,0,132,114,1.0000,0.8636,1,481,1,1
128,0,0,128,128,1.339432,0.593127,0.794453,0,136,51,0.3984,0.3750,0,487,0,0
128,1,128,213,85,1.519205,0.419449,0.637229,0,136,85,1.0000,0.6250,1,487,1,0
129,0,0,128,128,1.211097,0.686601,0.831541,0,159,0,0.0000,0.0000,0,489,0,0
129,1,128,256,128,1.237524,0.721750,0.893182,0,159,74,0.5781,0.4654,1,489,0,0
129,2,256,341,85,1.589145,0.419115,0.666034,0,159,85,1.0000,0.5346,1,489,1,0
130,0,0,128,128,1.168400,0.782387,0.914141,0,148,0,0.0000,0.0000,0,492,0,0
130,1,128,256,128,1.333734,0.423836,0.565285,0,148,0,0.0000,0.0000,0,492,0,0
130,2,256,384,128,1.155590,0.909113,1.050561,0,148,0,0.0000,0.0000,0,492,0,0
130,3,384,512,128,1.144167,0.886323,1.014101,0,148,0,0.0000,0.0000,0,492,0,0
130,4,512,640,128,1.347371,0.530237,0.714426,0,148,121,0.9453,0.8176,1,492,0,0
130,5,640,667,27,1.552572,0.595629,0.924756,0,148,27,1.0000,0.1824,1,492,1,0
131,0,0,128,128,1.279572,0.628754,0.804537,0,188,0,0.0000,0.0000,0,496,0,0
131,1,128,256,128,1.425635,0.548067,0.781343,0,188,123,0.9609,0.6543,1,496,1,0
131,2,256,321,65,1.330346,0.687887,0.915128,0,188,65,1.0000,0.3457,1,496,0,0
132,0,0,128,128,1.437835,0.432029,0.621187,0,70,0,0.0000,0.0000,0,497,1,0
132,1,128,256,128,1.176839,0.478533,0.563157,0,70,0,0.0000,0.0000,0,497,0,0
132,2,256,384,128,1.348538,0.422592,0.569882,0,70,54,0.4219,0.7714,0,497,0,0
132,3,384,400,16,nan,nan,nan,1,70,16,1.0000,0.2286,1,497,0,0
133,0,0,128,128,1.162413,0.832465,0.967669,0,85,52,0.4062,0.6118,0,501,0,0
133,1,128,161,33,1.256456,0.795331,0.999298,0,85,33,1.0000,0.3882,1,501,0,0
134,0,0,128,128,1.203730,0.738487,0.888938,0,222,85,0.6641,0.3829,1,504,0,0
134,1,128,256,128,1.226160,0.672912,0.825097,0,222,128,1.0000,0.5766,1,504,0,0
134,2,256,265,9,nan,nan,nan,1,222,9,1.0000,0.0405,1,504,0,0
135,0,0,128,128,1.420113,0.358175,0.508649,0,103,102,0.7969,0.9903,1,513,1,0
135,1,128,130,2,nan,nan,nan,1,103,1,0.5000,0.0097,0,513,0,0
136,0,0,128,128,1.378860,0.476153,0.656549,0,76,47,0.3672,0.6184,0,517,0,0
136,1,128,157,29,1.280199,1.028332,1.316470,0,76,29,1.0000,0.3816,1,517,0,0
137,0,0,128,128,1.354240,0.631965,0.855833,0,104,61,0.4766,0.5865,0,519,0,0
137,1,128,171,43,1.158637,1.472303,1.705865,0,104,43,1.0000,0.4135,1,519,0,0
138,0,0,128,128,1.320409,0.485541,0.641112,0,118,82,0.6406,0.6949,1,529,0,0
138,1,128,164,36,1.217206,1.052523,1.281138,0,118,36,1.0000,0.3051,1,529,0,0
139,0,0,128,128,1.416143,0.414754,0.587350,0,118,0,0.0000,0.0000,0,532,1,0
139,1,128,256,128,1.295583,0.516685,0.669409,0,118,97,0.7578,0.8220,1,532,0,0
139,2,256,277,21,1.414841,0.584190,0.826536,0,118,21,1.0000,0.1780,1,532,1,0
140,0,0,128,128,1.237958,0.513562,0.635768,0,84,8,0.0625,0.0952,0,535,0,0
140,1,128,204,76,1.740981,0.251782,0.438348,0,84,76,1.0000,0.9048,1,535,1,1
141,0,0,128,128,1.529548,0.422434,0.646132,0,49,19,0.1484,0.3878,0,537,1,0
141,1,128,158,30,2.484552,0.094402,0.234547,0,49,30,1.0000,0.6122,1,537,1,1
142,0,0,128,128,1.315060,0.587322,0.772364,0,88,55,0.4297,0.6250,0,538,0,0
142,1,128,161,33,1.288197,0.818786,1.054758,0,88,33,1.0000,0.3750,1,538,0,0
143,0,0,128,128,1.450983,0.354838,0.514863,0,80,38,0.2969,0.4750,0,539,1,0
143,1,128,171,43,1.558858,0.367736,0.573248,0,80,42,0.9767,0.5250,1,539,1,0
144,0,0,75,75,1.252364,0.358258,0.448669,0,34,34,0.4533,1.0000,0,549,0,0
145,0,0,128,128,1.407320,0.362715,0.510456,0,81,47,0.3672,0.5802,0,554,1,0
145,1,128,162,34,1.285299,0.665535,0.855412,0,81,34,1.0000,0.4198,1,554,0,0
146,0,0,128,128,1.224943,0.720487,0.882555,0,130,0,0.0000,0.0000,0,560,0,0
146,1,128,256,128,1.184475,0.773147,0.915773,0,130,0,0.0000,0.0000,0,560,0,0
146,2,256,384,128,1.216303,0.762276,0.927158,0,130,42,0.3281,0.3231,0,560,0,0
146,3,384,472,88,1.456900,0.476913,0.694814,0,130,88,1.0000,0.6769,1,560,1,0
147,0,0,102,102,1.309719,0.353004,0.462337,0,72,72,0.7059,1.0000,1,565,0,0
148,0,0,128,128,1.372003,0.504889,0.692709,0,85,0,0.0000,0.0000,0,578,0,0
148,1,128,256,128,1.304990,0.584733,0.763070,0,85,42,0.3281,0.4941,0,578,0,0
148,2,256,299,43,1.312766,0.881937,1.157778,0,85,43,1.0000,0.5059,1,578,0,0
149,0,0,128,128,1.220353,0.881198,1.075373,0,197,0,0.0000,0.0000,0,579,0,0
149,1,128,256,128,1.212001,0.996248,1.207454,0,197,0,0.0000,0.0000,0,579,0,0
149,2,256,384,128,1.128005,0.918433,1.035997,0,197,0,0.0000,0.0000,0,579,0,0
149,3,384,512,128,1.268179,0.856388,1.086054,0,197,0,0.0000,0.0000,0,579,0,0
149,4,512,640,128,1.297070,0.725254,0.940706,0,197,75,0.5859,0.3807,1,579,0,0
149,5,640,762,122,1.574708,0.437555,0.689021,0,197,122,1.0000,0.6193,1,579,1,0
150,0,0,128,128,1.426086,0.462653,0.659783,0,106,83,0.6484,0.7830,1,582,1,0
150,1,128,151,23,1.435418,0.692629,0.994212,0,106,23,1.0000,0.2170,1,582,1,0
151,0,0,128,128,2.013329,0.219651,0.442230,0,127,90,0.7031,0.7087,1,591,1,1
151,1,128,165,37,1.231661,0.945579,1.164633,0,127,37,1.0000,0.2913,1,591,0,0
152,0,0,128,128,1.280591,0.582994,0.746577,0,98,0,0.0000,0.0000,0,597,0,0
152,1,128,256,128,1.236503,0.614505,0.759837,0,98,0,0.0000,0.0000,0,597,0,0
152,2,256,384,128,1.223131,0.752999,0.921017,0,98,0,0.0000,0.0000,0,597,0,0
152,3,384,512,128,1.147941,0.806167,0.925432,0,98,0,0.0000,0.0000,0,597,0,0
152,4,512,640,128,1.576636,0.347430,0.547770,0,98,85,0.6641,0.8673,1,597,1,0
152,5,640,653,13,nan,nan,nan,1,98,13,1.0000,0.1327,1,597,0,0
153,0,0,128,128,1.072666,1.016384,1.090240,0,60,0,0.0000,0.0000,0,598,0,0
153,1,128,256,128,1.110742,0.890407,0.989012,0,60,0,0.0000,0.0000,0,598,0,0
153,2,256,384,128,1.031926,1.039096,1.072270,0,60,0,0.0000,0.0000,0,598,0,0
153,3,384,512,128,1.048035,1.194764,1.252154,0,60,0,0.0000,0.0000,0,598,0,0
153,4,512,640,128,1.016862,1.013750,1.030844,0,60,0,0.0000,0.0000,0,598,0,0
153,5,640,768,128,1.049974,1.113951,1.169620,0,60,0,0.0000,0.0000,0,598,0,0
153,6,768,887,119,1.120686,0.655436,0.734538,0,60,60,0.5042,1.0000,1,598,0,0
154,0,0,128,128,1.202542,0.602587,0.724635,0,109,105,0.8203,0.9633,1,604,0,0
154,1,128,132,4,nan,nan,nan,1,109,4,1.0000,0.0367,1,604,0,0
155,0,0,128,128,1.148282,0.689565,0.791815,0,126,63,0.4922,0.5000,0,605,0,0
155,1,128,191,63,1.076605,0.759380,0.817552,0,126,63,1.0000,0.5000,1,605,0,0
156,0,0,128,128,1.451685,0.581915,0.844758,0,163,0,0.0000,0.0000,0,606,1,0
156,1,128,256,128,1.423738,0.503922,0.717453,0,163,89,0.6953,0.5460,1,606,1,0
156,2,256,330,74,1.342805,0.699991,0.939952,0,163,74,1.0000,0.4540,1,606,0,0
157,0,0,128,128,1.137294,0.764969,0.869994,0,157,0,0.0000,0.0000,0,613,0,0
157,1,128,256,128,1.156197,1.008135,1.165603,0,157,53,0.4141,0.3376,0,613,0,0
157,2,256,360,104,1.669845,0.354763,0.592399,0,157,104,1.0000,0.6624,1,613,1,1
158,0,0,128,128,1.227595,0.597224,0.733149,0,143,0,0.0000,0.0000,0,614,0,0
158,1,128,256,128,1.141540,1.119020,1.277406,0,143,0,0.0000,0.0000,0,614,0,0
158,2,256,384,128,1.132890,0.748155,0.847577,0,143,90,0.7031,0.6294,1,614,0,0
158,3,384,437,53,1.038254,1.014731,1.053549,0,143,53,1.0000,0.3706,1,614,0,0
159,0,0,81,81,1.371718,0.443804,0.608773,0,68,68,0.8395,1.0000,1,616,0,0
160,0,0,128,128,1.428938,0.486808,0.695619,0,161,64,0.5000,0.3975,0,618,1,0
160,1,128,225,97,1.253017,0.469014,0.587683,0,161,97,1.0000,0.6025,1,618,0,0
161,0,0,128,128,1.373538,0.392932,0.539708,0,85,39,0.3047,0.4588,0,624,0,0
161,1,128,174,46,1.642246,0.376197,0.617808,0,85,46,1.0000,0.5412,1,624,1,1
162,0,0,128,128,1.456899,0.480382,0.699867,0,71,42,0.3281,0.5915,0,637,1,0
162,1,128,157,29,1.454381,0.500058,0.727274,0,71,29,1.0000,0.4085,1,637,1,0
163,0,0,128,128,1.242201,0.515784,0.640708,0,114,0,0.0000,0.0000,0,638,0,0
163,1,128,256,128,1.252618,0.402128,0.503713,0,114,0,0.0000,0.0000,0,638,0,0
163,2,256,375,119,1.325035,0.549544,0.728164,0,114,114,0.9580,1.0000,1,638,0,0
164,0,0,128,128,1.212774,0.669245,0.811643,0,129,57,0.4453,0.4419,0,639,0,0
164,1,128,200,72,1.229785,0.790946,0.972694,0,129,72,1.0000,0.5581,1,639,0,0
165,0,0,120,120,1.372726,0.370632,0.508776,0,42,42,0.3500,1.0000,0,640,0,0
166,0,0,128,128,1.261575,0.629083,0.793636,0,147,0,0.0000,0.0000,0,643,0,0
166,1,128,256,128,1.183659,0.665922,0.788225,0,147,0,0.0000,0.0000,0,643,0,0
166,2,256,384,128,1.176639,0.799517,0.940742,0,147,15,0.1172,0.1020,0,643,0,0
166,3,384,512,128,1.436793,0.502055,0.721348,0,147,128,1.0000,0.8707,1,643,1,0
166,4,512,516,4,nan,nan,nan,1,147,4,1.0000,0.0272,1,643,0,0
167,0,0,128,128,1.027265,1.002916,1.030260,0,136,0,0.0000,0.0000,0,646,0,0
167,1,128,256,128,1.104375,1.024303,1.131215,0,136,0,0.0000,0.0000,0,646,0,0
167,2,256,384,128,1.128441,1.054202,1.189606,0,136,0,0.0000,0.0000,0,646,0,0
167,3,384,512,128,1.231600,0.717428,0.883585,0,136,24,0.1875,0.1765,0,646,0,0
167,4,512,624,112,1.456961,0.504023,0.734342,0,136,112,1.0000,0.8235,1,646,1,0
168,0,0,128,128,1.296013,0.345010,0.447137,0,156,90,0.7031,0.5769,1,654,0,0
168,1,128,194,66,1.224889,0.634190,0.776812,0,156,66,1.0000,0.4231,1,654,0,0
169,0,0,128,128,1.216169,0.685294,0.833433,0,120,0,0.0000,0.0000,0,655,0,0
169,1,128,256,128,1.411911,0.672096,0.948940,0,120,106,0.8281,0.8833,1,655,1,0
169,2,256,270,14,nan,nan,nan,1,120,14,1.0000,0.1167,1,655,0,0
170,0,0,91,91,1.540336,0.351431,0.541322,0,66,66,0.7253,1.0000,1,656,1,0
171,0,0,128,128,1.309499,0.569749,0.746086,0,49,0,0.0000,0.0000,0,660,0,0
171,1,128,256,128,1.278247,0.722008,0.922904,0,49,0,0.0000,0.0000,0,660,0,0
171,2,256,384,128,1.527239,0.310594,0.474351,0,49,43,0.3359,0.8776,0,660,1,0
171,3,384,390,6,nan,nan,nan,1,49,6,1.0000,0.1224,1,660,0,0
172,0,0,128,128,1.280484,0.654752,0.838399,0,153,51,0.3984,0.3333,0,661,0,0
172,1,128,230,102,1.695027,0.385123,0.652794,0,153,102,1.0000,0.6667,1,661,1,1
173,0,0,128,128,1.396987,0.451463,0.630688,0,77,26,0.2031,0.3377,0,662,1,0
173,1,128,179,51,1.359593,0.560552,0.762123,0,77,51,1.0000,0.6623,1,662,0,0
174,0,0,128,128,1.326273,0.441871,0.586041,0,114,0,0.0000,0.0000,0,663,0,0
174,1,128,256,128,1.291079,0.654160,0.844573,0,114,0,0.0000,0.0000,0,663,0,0
174,2,256,384,128,1.376549,0.684578,0.942355,0,114,108,0.8438,0.9474,1,663,0,0
174,3,384,390,6,nan,nan,nan,1,114,6,1.0000,0.0526,1,663,0,0
175,0,0,128,128,1.396434,0.396176,0.553234,0,40,19,0.1484,0.4750,0,667,1,0
175,1,128,149,21,1.430126,0.382863,0.547542,0,40,21,1.0000,0.5250,1,667,1,0
176,0,0,128,128,1.270497,0.526456,0.668861,0,112,39,0.3047,0.3482,0,679,0,0
176,1,128,201,73,1.212689,0.635151,0.770240,0,112,73,1.0000,0.6518,1,679,0,0
177,0,0,128,128,1.268160,0.510319,0.647166,0,24,15,0.1172,0.6250,0,682,0,0
177,1,128,137,9,nan,nan,nan,1,24,9,1.0000,0.3750,1,682,0,0
178,0,0,128,128,1.217872,0.755600,0.920224,0,116,0,0.0000,0.0000,0,688,0,0
178,1,128,256,128,1.269832,0.662863,0.841725,0,116,0,0.0000,0.0000,0,688,0,0
178,2,256,384,128,1.240215,0.674309,0.836288,0,116,0,0.0000,0.0000,0,688,0,0
178,3,384,512,128,1.285058,0.591745,0.760427,0,116,0,0.0000,0.0000,0,688,0,0
178,4,512,640,128,1.212406,0.641026,0.777184,0,116,0,0.0000,0.0000,0,688,0,0
178,5,640,768,128,1.154047,0.816369,0.942128,0,116,28,0.2188,0.2414,0,688,0,0
178,6,768,856,88,1.392199,0.505643,0.703955,0,116,88,1.0000,0.7586,1,688,1,0
179,0,0,128,128,1.236563,0.462394,0.571779,0,81,0,0.0000,0.0000,0,690,0,0
179,1,128,256,128,1.291344,0.424779,0.548536,0,81,0,0.0000,0.0000,0,690,0,0
179,2,256,384,128,1.023763,0.955807,0.978520,0,81,0,0.0000,0.0000,0,690,0,0
179,3,384,512,128,1.283502,0.424125,0.544366,0,81,40,0.3125,0.4938,0,690,0,0
179,4,512,553,41,1.105387,1.136774,1.256575,0,81,41,1.0000,0.5062,1,690,0,0
180,0,0,128,128,1.181275,0.627512,0.741265,0,177,0,0.0000,0.0000,0,694,0,0
180,1,128,256,128,1.141840,0.763064,0.871296,0,177,0,0.0000,0.0000,0,694,0,0
180,2,256,384,128,1.351886,0.477976,0.646169,0,177,0,0.0000,0.0000,0,694,0,0
180,3,384,512,128,1.178592,0.903367,1.064701,0,177,0,0.0000,0.0000,0,694,0,0
180,4,512,640,128,1.216125,0.995170,1.210251,0,177,0,0.0000,0.0000,0,694,0,0
180,5,640,768,128,1.147664,0.918866,1.054549,0,177,32,0.2500,0.1808,0,694,0,0
180,6,768,896,128,1.274745,0.602119,0.767548,0,177,128,1.0000,0.7232,1,694,0,0
180,7,896,913,17,nan,nan,nan,1,177,17,1.0000,0.0960,1,694,0,0
181,0,0,128,128,1.134970,0.903785,1.025769,0,286,0,0.0000,0.0000,0,696,0,0
181,1,128,256,128,1.097053,1.056078,1.158574,0,286,0,0.0000,0.0000,0,696,0,0
181,2,256,384,128,1.198716,0.938899,1.125474,0,286,0,0.0000,0.0000,0,696,0,0
181,3,384,512,128,1.223092,0.793139,0.970082,0,286,0,0.0000,0.0000,0,696,0,0
181,4,512,640,128,1.180317,0.903464,1.066373,0,286,111,0.8672,0.3881,1,696,0,0
181,5,640,768,128,1.041079,1.354351,1.409985,0,286,128,1.0000,0.4476,1,696,0,0
181,6,768,815,47,0.879547,2.407404,2.117426,0,286,47,1.0000,0.1643,1,696,0,0
182,0,0,128,128,1.219579,0.643991,0.785398,0,70,0,0.0000,0.0000,0,697,0,0
182,1,128,256,128,1.119021,0.865497,0.968509,0,70,28,0.2188,0.4000,0,697,0,0
182,2,256,298,42,1.279316,0.732656,0.937299,0,70,42,1.0000,0.6000,1,697,0,0
183,0,0,128,128,1.337467,0.617630,0.826060,0,105,0,0.0000,0.0000,0,699,0,0
183,1,128,256,128,1.241232,0.649345,0.805987,0,105,0,0.0000,0.0000,0,699,0,0
183,2,256,384,128,1.379415,0.518241,0.714869,0,105,0,0.0000,0.0000,0,699,0,0
183,3,384,512,128,1.244027,0.642643,0.799465,0,105,14,0.1094,0.1333,0,699,0,0
183,4,512,603,91,1.530971,0.367292,0.562314,0,105,91,1.0000,0.8667,1,699,1,0
184,0,0,128,128,1.434029,0.460331,0.660128,0,64,0,0.0000,0.0000,0,702,1,0
184,1,128,256,128,1.378280,0.442656,0.610104,0,64,62,0.4844,0.9688,0,702,0,0
184,2,256,258,2,nan,nan,nan,1,64,2,1.0000,0.0312,1,702,0,0
185,0,0,128,128,1.351012,0.577424,0.780107,0,165,0,0.0000,0.0000,0,707,0,0
185,1,128,256,128,1.148300,1.022480,1.174114,0,165,0,0.0000,0.0000,0,707,0,0
185,2,256,384,128,1.071669,1.108181,1.187603,0,165,0,0.0000,0.0000,0,707,0,0
185,3,384,512,128,1.068682,1.071692,1.145298,0,165,0,0.0000,0.0000,0,707,0,0
185,4,512,640,128,1.240999,0.609180,0.755992,0,165,37,0.2891,0.2242,0,707,0,0
185,5,640,768,128,1.171013,0.629059,0.736637,0,165,128,1.0000,0.7758,1,707,0,0
186,0,0,128,128,1.339050,0.568643,0.761441,0,140,0,0.0000,0.0000,0,708,0,0
186,1,128,256,128,1.308520,0.786915,1.029693,0,140,47,0.3672,0.3357,0,708,0,0
186,2,256,349,93,1.407982,0.648821,0.913528,0,140,93,1.0000,0.6643,1,708,1,0
187,0,0,128,128,1.411544,0.419193,0.591710,0,164,61,0.4766,0.3720,0,712,1,0
187,1,128,231,103,1.429176,0.482298,0.689289,0,164,103,1.0000,0.6280,1,712,1,0
188,0,0,81,81,1.395404,0.445060,0.621039,0,60,60,0.7407,1.0000,1,715,1,0
189,0,0,128,128,1.162328,0.978015,1.136774,0,140,0,0.0000,0.0000,0,720,0,0
189,1,128,256,128,1.124689,1.042691,1.172703,0,140,22,0.1719,0.1571,0,720,0,0
189,2,256,374,118,1.612620,0.364385,0.587615,0,140,118,1.0000,0.8429,1,720,1,1
190,0,0,128,128,1.461250,0.399836,0.584260,0,125,97,0.7578,0.7760,1,726,1,0
190,1,128,156,28,1.280874,0.888783,1.138419,0,125,28,1.0000,0.2240,1,726,0,0
191,0,0,128,128,1.507731,0.383514,0.578236,0,56,54,0.4219,0.9643,0,734,1,0
191,1,128,130,2,nan,nan,nan,1,56,2,1.0000,0.0357,1,734,0,0
192,0,0,70,70,1.360828,0.429499,0.584474,0,59,59,0.8429,1.0000,1,735,0,0
193,0,0,128,128,1.147560,0.930026,1.067260,0,181,0,0.0000,0.0000,0,740,0,0
193,1,128,256,128,1.159479,0.638486,0.740311,0,181,11,0.0859,0.0608,0,740,0,0
193,2,256,384,128,1.327032,0.497210,0.659813,0,181,128,1.0000,0.7072,1,740,0,0
193,3,384,426,42,1.166918,1.036299,1.209276,0,181,42,1.0000,0.2320,1,740,0,0
194,0,0,128,128,1.344356,0.619015,0.832177,0,89,0,0.0000,0.0000,0,742,0,0
194,1,128,256,128,1.195627,0.990131,1.183828,0,89,0,0.0000,0.0000,0,742,0,0
194,2,256,384,128,1.273781,0.872133,1.110906,0,89,9,0.0703,0.1011,0,742,0,0
194,3,384,464,80,1.939711,0.262877,0.509905,0,89,80,1.0000,0.8989,1,742,1,1
195,0,0,128,128,1.299064,0.774944,1.006702,0,98,0,0.0000,0.0000,0,753,0,0
195,1,128,256,128,1.191867,0.765820,0.912755,0,98,0,0.0000,0.0000,0,753,0,0
195,2,256,384,128,1.135308,0.849833,0.964822,0,98,0,0.0000,0.0000,0,753,0,0
195,3,384,512,128,0.992814,1.736890,1.724409,0,98,0,0.0000,0.0000,0,753,0,0
195,4,512,636,124,1.264229,0.734962,0.929160,0,98,98,0.7903,1.0000,1,753,0,0
196,0,0,128,128,1.239576,0.562795,0.697627,0,160,54,0.4219,0.3375,0,754,0,0
196,1,128,234,106,1.209230,0.507237,0.613367,0,160,106,1.0000,0.6625,1,754,0,0
197,0,0,128,128,1.253524,0.485192,0.608200,0,79,24,0.1875,0.3038,0,759,0,0
197,1,128,183,55,1.510071,0.388837,0.587172,0,79,55,1.0000,0.6962,1,759,1,0
198,0,0,128,128,1.343755,0.554625,0.745280,0,156,0,0.0000,0.0000,0,761,0,0
198,1,128,256,128,1.137974,0.836250,0.951631,0,156,8,0.0625,0.0513,0,761,0,0
198,2,256,384,128,1.542851,0.474035,0.731366,0,156,128,1.0000,0.8205,1,761,1,0
198,3,384,404,20,1.595787,0.660537,1.054076,0,156,20,1.0000,0.1282,1,761,1,0
199,0,0,128,128,1.164284,1.168325,1.360262,0,198,0,0.0000,0.0000,0,764,0,0
199,1,128,256,128,1.183959,0.983442,1.164355,0,198,0,0.0000,0.0000,0,764,0,0
199,2,256,384,128,1.210247,0.813471,0.984500,0,198,0,0.0000,0.0000,0,764,0,0
199,3,384,512,128,1.339278,0.533625,0.714672,0,198,114,0.8906,0.5758,1,764,0,0
199,4,512,597,85,1.258661,0.797957,1.004357,0,198,84,0.9882,0.4242,1,764,0,0
200,0,0,128,128,1.284824,0.734866,0.944174,0,129,65,0.5078,0.5039,1,767,0,0
200,1,128,193,65,1.701118,0.319389,0.543319,0,129,64,0.9846,0.4961,1,767,1,1
201,0,0,128,128,1.318082,0.511936,0.674773,0,219,0,0.0000,0.0000,0,770,0,0
201,1,128,256,128,1.083007,0.998307,1.081174,0,219,0,0.0000,0.0000,0,770,0,0
201,2,256,384,128,1.145921,0.950390,1.089071,0,219,92,0.7188,0.4201,1,770,0,0
201,3,384,511,127,1.203151,0.714523,0.859679,0,219,127,1.0000,0.5799,1,770,0,0
202,0,0,128,128,1.220804,0.610809,0.745678,0,58,0,0.0000,0.0000,0,773,0,0
202,1,128,256,128,1.246319,0.379009,0.472366,0,58,48,0.3750,0.8276,0,773,0,0
202,2,256,266,10,nan,nan,nan,1,58,10,1.0000,0.1724,1,773,0,0
203,0,0,128,128,1.357055,0.503776,0.683652,0,143,47,0.3672,0.3287,0,775,0,0
203,1,128,224,96,1.404211,0.578595,0.812469,0,143,96,1.0000,0.6713,1,775,1,0
204,0,0,128,128,1.238817,0.576814,0.714567,0,169,73,0.5703,0.4320,1,777,0,0
204,1,128,224,96,1.541839,0.428380,0.660494,0,169,96,1.0000,0.5680,1,777,1,0
205,0,0,128,128,1.377016,0.530173,0.730056,0,107,28,0.2188,0.2617,0,782,0,0
205,1,128,207,79,1.735395,0.355319,0.616619,0,107,79,1.0000,0.7383,1,782,1,1
206,0,0,128,128,1.221393,0.849030,1.036999,0,144,0,0.0000,0.0000,0,783,0,0
206,1,128,256,128,1.134408,0.830824,0.942493,0,144,0,0.0000,0.0000,0,783,0,0
206,2,256,384,128,1.427697,0.460125,0.656919,0,144,113,0.8828,0.7847,1,783,1,0
206,3,384,416,32,1.198675,0.976027,1.169940,0,144,31,0.9688,0.2153,1,783,0,0
207,0,0,77,77,1.148715,0.533706,0.613076,0,18,18,0.2338,1.0000,0,787,0,0
208,0,0,128,128,1.577920,0.491401,0.775392,0,161,0,0.0000,0.0000,0,788,1,0
208,1,128,256,128,1.413605,0.471521,0.666544,0,161,0,0.0000,0.0000,0,788,1,0
208,2,256,384,128,1.713036,0.453431,0.776744,0,161,0,0.0000,0.0000,0,788,1,1
208,3,384,512,128,1.540853,0.392931,0.605448,0,161,0,0.0000,0.0000,0,788,1,0
208,4,512,640,128,1.878890,0.340797,0.640320,0,161,29,0.2266,0.1801,0,788,1,1
208,5,640,768,128,1.471628,0.533550,0.785187,0,161,128,1.0000,0.7950,1,788,1,0
208,6,768,772,4,nan,nan,nan,1,161,4,1.0000,0.0248,1,788,0,0
209,0,0,128,128,1.291743,0.673191,0.869590,0,99,0,0.0000,0.0000,0,796,0,0
209,1,128,256,128,1.359867,0.516235,0.702011,0,99,30,0.2344,0.3030,0,796,0,0
209,2,256,325,69,1.516968,0.353779,0.536671,0,99,69,1.0000,0.6970,1,796,1,0
210,0,0,128,128,1.191377,0.833130,0.992572,0,127,0,0.0000,0.0000,0,797,0,0
210,1,128,256,128,0.911592,1.318446,1.201886,0,127,0,0.0000,0.0000,0,797,0,0
210,2,256,384,128,1.287667,0.659307,0.848968,0,127,0,0.0000,0.0000,0,797,0,0
210,3,384,512,128,1.365935,0.627174,0.856679,0,127,92,0.7188,0.7244,1,797,0,0
210,4,512,547,35,1.477453,0.687643,1.015960,0,127,35,1.0000,0.2756,1,797,1,0
211,0,0,128,128,1.234838,0.722680,0.892393,0,138,41,0.3203,0.2971,0,805,0,0
211,1,128,226,98,1.373499,0.494495,0.679188,0,138,97,0.9898,0.7029,1,805,0,0
212,0,0,128,128,1.467964,0.377778,0.554564,0,116,94,0.7344,0.8103,1,807,1,0
212,1,128,150,22,1.021272,1.426618,1.456965,0,116,22,1.0000,0.1897,1,807,0,0
213,0,0,128,128,1.264221,0.624769,0.789846,0,67,6,0.0469,0.0896,0,816,0,0
213,1,128,189,61,1.477175,0.374628,0.553391,0,67,61,1.0000,0.9104,1,816,1,0
214,0,0,128,128,1.721043,0.289823,0.498798,0,136,17,0.1328,0.1250,0,818,1,1
214,1,128,247,119,1.626907,0.363675,0.591666,0,136,119,1.0000,0.8750,1,818,1,1
215,0,0,128,128,1.251663,0.425388,0.532442,0,93,0,0.0000,0.0000,0,820,0,0
215,1,128,256,128,1.301074,0.342088,0.445083,0,93,0,0.0000,0.0000,0,820,0,0
215,2,256,359,103,1.347668,0.496741,0.669442,0,93,93,0.9029,1.0000,1,820,0,0
216,0,0,128,128,1.269531,0.650705,0.826090,0,79,0,0.0000,0.0000,0,822,0,0
216,1,128,256,128,1.366104,0.390182,0.533029,0,79,71,0.5547,0.8987,1,822,0,0
216,2,256,264,8,nan,nan,nan,1,79,8,1.0000,0.1013,1,822,0,0
217,0,0,128,128,1.646381,0.396415,0.652650,0,112,106,0.8281,0.9464,1,825,1,1
217,1,128,134,6,nan,nan,nan,1,112,6,1.0000,0.0536,1,825,0,0
218,0,0,128,128,1.262743,0.623631,0.787485,0,123,41,0.3203,0.3333,0,827,0,0
218,1,128,211,83,1.440850,0.492997,0.710335,0,123,82,0.9880,0.6667,1,827,1,0
219,0,0,128,128,1.273586,0.565378,0.720058,0,46,0,0.0000,0.0000,0,829,0,0
219,1,128,236,108,1.446503,0.439331,0.635493,0,46,46,0.4259,1.0000,0,829,1,0
220,0,0,128,128,1.236637,0.615973,0.761735,0,173,76,0.5938,0.4393,1,839,0,0
220,1,128,225,97,1.531908,0.404974,0.620383,0,173,97,1.0000,0.5607,1,839,1,0
221,0,0,128,128,1.168278,0.737128,0.861170,0,161,15,0.1172,0.0932,0,842,0,0
221,1,128,256,128,1.386857,0.528318,0.732702,0,161,128,1.0000,0.7950,1,842,0,0
221,2,256,274,18,nan,nan,nan,1,161,18,1.0000,0.1118,1,842,0,0
222,0,0,128,128,1.222091,0.618471,0.755828,0,86,0,0.0000,0.0000,0,847,0,0
222,1,128,256,128,1.068856,1.131761,1.209690,0,86,0,0.0000,0.0000,0,847,0,0
222,2,256,382,126,1.297983,0.454459,0.589880,0,86,86,0.6825,1.0000,1,847,0,0
223,0,0,128,128,1.271617,0.569521,0.724213,0,84,44,0.3438,0.5238,0,850,0,0
223,1,128,168,40,1.176016,0.912420,1.073020,0,84,40,1.0000,0.4762,1,850,0,0
224,0,0,128,128,1.468123,0.333282,0.489299,0,112,0,0.0000,0.0000,0,852,1,0
224,1,128,256,128,1.215590,0.707476,0.860000,0,112,0,0.0000,0.0000,0,852,0,0
224,2,256,384,128,1.416275,0.364196,0.515801,0,112,104,0.8125,0.9286,1,852,1,0
224,3,384,392,8,nan,nan,nan,1,112,8,1.0000,0.0714,1,852,0,0
225,0,0,128,128,1.272641,0.656485,0.835469,0,200,0,0.0000,0.0000,0,853,0,0
225,1,128,256,128,1.196887,0.687535,0.822901,0,200,45,0.3516,0.2250,0,853,0,0
225,2,256,384,128,1.766458,0.337598,0.596352,0,200,128,1.0000,0.6400,1,853,1,1
225,3,384,411,27,1.527112,0.866212,1.322803,0,200,27,1.0000,0.1350,1,853,1,0
226,0,0,128,128,1.047637,0.936194,0.980791,0,126,0,0.0000,0.0000,0,854,0,0
226,1,128,256,128,1.052342,1.195913,1.258510,0,126,0,0.0000,0.0000,0,854,0,0
226,2,256,384,128,1.085337,0.680363,0.738423,0,126,0,0.0000,0.0000,0,854,0,0
226,3,384,512,128,1.146228,0.831525,0.953117,0,126,80,0.6250,0.6349,1,854,0,0
226,4,512,558,46,1.191973,1.149742,1.370461,0,126,46,1.0000,0.3651,1,854,0,0
227,0,0,128,128,1.234529,0.683628,0.843959,0,142,0,0.0000,0.0000,0,862,0,0
227,1,128,256,128,1.110229,0.945566,1.049795,0,142,0,0.0000,0.0000,0,862,0,0
227,2,256,384,128,1.073972,1.258549,1.351646,0,142,0,0.0000,0.0000,0,862,0,0
227,3,384,512,128,1.127493,0.960094,1.082499,0,142,9,0.0703,0.0634,0,862,0,0
227,4,512,640,128,1.265479,0.485953,0.614963,0,142,128,1.0000,0.9014,1,862,0,0
227,5,640,645,5,nan,nan,nan,1,142,5,1.0000,0.0352,1,862,0,0
228,0,0,128,128,1.270293,0.623518,0.792050,0,202,0,0.0000,0.0000,0,867,0,0
228,1,128,256,128,1.125229,0.973551,1.095467,0,202,13,0.1016,0.0644,0,867,0,0
228,2,256,384,128,2.117442,0.211196,0.447195,0,202,128,1.0000,0.6337,1,867,1,1
228,3,384,445,61,1.378042,0.547598,0.754613,0,202,61,1.0000,0.3020,1,867,0,0
229,0,0,128,128,1.152287,0.761090,0.876995,0,98,52,0.4062,0.5306,0,869,0,0
229,1,128,174,46,1.193743,1.194157,1.425517,0,98,46,1.0000,0.4694,1,869,0,0
230,0,0,128,128,1.160226,0.921772,1.069464,0,146,0,0.0000,0.0000,0,870,0,0
230,1,128,256,128,1.142174,1.073632,1.226275,0,146,0,0.0000,0.0000,0,870,0,0
230,2,256,384,128,1.194930,0.700983,0.837626,0,146,0,0.0000,0.0000,0,870,0,0
230,3,384,512,128,1.149261,0.894132,1.027592,0,146,6,0.0469,0.0411,0,870,0,0
230,4,512,640,128,1.392312,0.500097,0.696291,0,146,128,1.0000,0.8767,1,870,1,0
230,5,640,652,12,nan,nan,nan,1,146,12,1.0000,0.0822,1,870,0,0
231,0,0,128,128,1.293753,0.629370,0.814250,0,85,0,0.0000,0.0000,0,872,0,0
231,1,128,256,128,1.238783,0.524353,0.649559,0,85,48,0.3750,0.5647,0,872,0,0
231,2,256,293,37,1.327308,0.525410,0.697381,0,85,37,1.0000,0.4353,1,872,0,0
232,0,0,128,128,1.548488,0.318244,0.492797,0,75,70,0.5469,0.9333,1,873,1,0
232,1,128,133,5,nan,nan,nan,1,75,5,1.0000,0.0667,1,873,0,0
233,0,0,128,128,1.563813,0.336437,0.526125,0,59,0,0.0000,0.0000,0,880,1,0
233,1,128,256,128,1.340628,0.369102,0.494828,0,59,0,0.0000,0.0000,0,880,0,0
233,2,256,370,114,1.439606,0.364862,0.525258,0,59,59,0.5175,1.0000,1,880,1,0
234,0,0,128,128,1.283929,0.628868,0.807422,0,150,0,0.0000,0.0000,0,881,0,0
234,1,128,256,128,1.174887,0.878292,1.031894,0,150,0,0.0000,0.0000,0,881,0,0
234,2,256,384,128,1.039333,1.170463,1.216501,0,150,0,0.0000,0.0000,0,881,0,0
234,3,384,512,128,1.179237,0.929649,1.096276,0,150,0,0.0000,0.0000,0,881,0,0
234,4,512,640,128,1.134420,1.097236,1.244726,0,150,0,0.0000,0.0000,0,881,0,0
234,5,640,768,128,1.267700,0.632816,0.802221,0,150,87,0.6797,0.5800,1,881,0,0
234,6,768,831,63,1.327713,0.680200,0.903110,0,150,63,1.0000,0.4200,1,881,0,0
235,0,0,128,128,1.311107,0.425343,0.557671,0,9,0,0.0000,0.0000,0,888,0,0
235,1,128,256,128,1.358312,0.366937,0.498415,0,9,0,0.0000,0.0000,0,888,0,0
235,2,256,295,39,1.049994,1.204279,1.264486,0,9,9,0.2308,1.0000,0,888,0,0
236,0,0,128,128,1.390259,0.572075,0.795332,0,119,46,0.3594,0.3866,0,894,1,0
236,1,128,201,73,1.774279,0.246801,0.437893,0,119,73,1.0000,0.6134,1,894,1,1
237,0,0,128,128,1.723290,0.214855,0.370258,0,85,82,0.6406,0.9647,1,897,1,1
237,1,128,131,3,nan,nan,nan,1,85,3,1.0000,0.0353,1,897,0,0
238,0,0,128,128,1.156973,0.882984,1.021589,0,93,0,0.0000,0.0000,0,901,0,0
238,1,128,256,128,1.178575,0.504551,0.594651,0,93,82,0.6406,0.8817,1,901,0,0
238,2,256,267,11,nan,nan,nan,1,93,11,1.0000,0.1183,1,901,0,0
239,0,0,128,128,1.495097,0.505752,0.756148,0,70,0,0.0000,0.0000,0,905,1,0
239,1,128,214,86,1.449106,0.379051,0.549285,0,70,70,0.8140,1.0000,1,905,1,0
240,0,0,128,128,1.225642,0.607435,0.744497,0,129,65,0.5078,0.5039,1,907,0,0
240,1,128,192,64,1.585905,0.470345,0.745923,0,129,64,1.0000,0.4961,1,907,1,0
241,0,0,128,128,1.402462,0.301510,0.422856,0,87,82,0.6406,0.9425,1,911,1,0
241,1,128,133,5,nan,nan,nan,1,87,5,1.0000,0.0575,1,911,0,0
242,0,0,128,128,1.153661,0.610099,0.703847,0,74,0,0.0000,0.0000,0,913,0,0
242,1,128,256,128,1.085865,1.026351,1.114478,0,74,0,0.0000,0.0000,0,913,0,0
242,2,256,384,128,1.282929,0.387488,0.497120,0,74,0,0.0000,0.0000,0,913,0,0
242,3,384,512,128,1.237182,0.503227,0.622583,0,74,20,0.1562,0.2703,0,913,0,0
242,4,512,566,54,1.338519,0.340098,0.455228,0,74,54,1.0000,0.7297,1,913,0,0
243,0,0,128,128,1.418056,0.420034,0.595631,0,65,0,0.0000,0.0000,0,922,1,0
243,1,128,256,128,1.253930,0.583379,0.731516,0,65,0,0.0000,0.0000,0,922,0,0
243,2,256,384,128,1.186733,0.810980,0.962417,0,65,49,0.3828,0.7538,0,922,0,0
243,3,384,400,16,nan,nan,nan,1,65,16,1.0000,0.2462,1,922,0,0
244,0,0,128,128,1.600522,0.220588,0.353056,0,65,0,0.0000,0.0000,0,926,1,1
244,1,128,256,128,1.456618,0.252696,0.368081,0,65,0,0.0000,0.0000,0,926,1,0
244,2,256,384,128,1.489871,0.330508,0.492414,0,65,40,0.3125,0.6154,0,926,1,0
244,3,384,409,25,1.356047,0.621718,0.843079,0,65,25,1.0000,0.3846,1,926,0,0
245,0,0,128,128,1.130629,0.721743,0.816024,0,193,0,0.0000,0.0000,0,929,0,0
245,1,128,256,128,1.141119,0.664097,0.757814,0,193,65,0.5078,0.3368,1,929,0,0
245,2,256,384,128,1.109522,0.491373,0.545189,0,193,128,1.0000,0.6632,1,929,0,0
246,0,0,128,128,1.688138,0.287805,0.485855,0,115,50,0.3906,0.4348,0,930,1,1
246,1,128,193,65,1.417645,0.648568,0.919440,0,115,65,1.0000,0.5652,1,930,1,0
247,0,0,128,128,1.224452,0.738847,0.904682,0,85,12,0.0938,0.1412,0,931,0,0
247,1,128,201,73,1.524179,0.371570,0.566340,0,85,73,1.0000,0.8588,1,931,1,0
248,0,0,128,128,1.427650,0.459695,0.656284,0,106,0,0.0000,0.0000,0,932,1,0
248,1,128,256,128,1.477371,0.314570,0.464737,0,106,0,0.0000,0.0000,0,932,1,0
248,2,256,384,128,1.373925,0.325564,0.447301,0,106,0,0.0000,0.0000,0,932,0,0
248,3,384,512,128,1.427470,0.421617,0.601846,0,106,88,0.6875,0.8302,1,932,1,0
248,4,512,530,18,nan,nan,nan,1,106,18,1.0000,0.1698,1,932,0,0
249,0,0,128,128,1.296013,0.592347,0.767689,0,176,0,0.0000,0.0000,0,934,0,0
249,1,128,256,128,1.154433,0.818347,0.944727,0,176,0,0.0000,0.0000,0,934,0,0
249,2,256,384,128,1.265925,0.676627,0.856559,0,176,74,0.5781,0.4205,1,934,0,0
249,3,384,486,102,1.635387,0.408369,0.667842,0,176,102,1.0000,0.5795,1,934,1,1
250,0,0,128,128,1.276118,0.568295,0.725212,0,143,0,0.0000,0.0000,0,938,0,0
250,1,128,256,128,1.256872,0.474558,0.596459,0,143,0,0.0000,0.0000,0,938,0,0
250,2,256,384,128,1.398681,0.436707,0.610814,0,143,83,0.6484,0.5804,1,938,1,0
250,3,384,445,61,1.540588,0.457659,0.705064,0,143,60,0.9836,0.4196,1,938,1,0
251,0,0,128,128,1.338846,0.464861,0.622377,0,217,0,0.0000,0.0000,0,939,0,0
251,1,128,256,128,1.097340,0.781313,0.857366,0,217,1,0.0078,0.0046,0,939,0,0
251,2,256,384,128,1.564923,0.337299,0.527847,0,217,128,1.0000,0.5899,1,939,1,0
251,3,384,472,88,1.267516,0.619556,0.785297,0,217,88,1.0000,0.4055,1,939,0,0
252,0,0,128,128,1.233100,0.540097,0.665994,0,72,0,0.0000,0.0000,0,947,0,0
252,1,128,256,128,1.451415,0.401982,0.583443,0,72,69,0.5391,0.9583,1,947,1,0
252,2,256,259,3,nan,nan,nan,1,72,3,1.0000,0.0417,1,947,0,0
253,0,0,128,128,1.272010,0.613198,0.779994,0,128,0,0.0000,0.0000,0,948,0,0
253,1,128,256,128,1.084863,0.700519,0.759967,0,128,0,0.0000,0.0000,0,948,0,0
253,2,256,384,128,1.164168,0.631045,0.734642,0,128,0,0.0000,0.0000,0,948,0,0
253,3,384,512,128,1.196711,0.552985,0.661763,0,128,0,0.0000,0.0000,0,948,0,0
253,4,512,640,128,1.133242,0.786007,0.890736,0,128,0,0.0000,0.0000,0,948,0,0
253,5,640,768,128,1.111461,1.006186,1.118337,0,128,7,0.0547,0.0547,0,948,0,0
253,6,768,889,121,1.354660,0.427932,0.579703,0,128,121,1.0000,0.9453,1,948,0,0
254,0,0,128,128,1.233514,0.673579,0.830869,0,145,0,0.0000,0.0000,0,954,0,0
254,1,128,256,128,1.194921,0.525603,0.628054,0,145,0,0.0000,0.0000,0,954,0,0
254,2,256,384,128,1.149012,0.781306,0.897730,0,145,0,0.0000,0.0000,0,954,0,0
254,3,384,512,128,1.647459,0.323548,0.533032,0,145,23,0.1797,0.1586,0,954,1,1
254,4,512,634,122,1.672715,0.286743,0.479640,0,145,122,1.0000,0.8414,1,954,1,1
255,0,0,128,128,1.259821,0.775320,0.976765,0,111,0,0.0000,0.0000,0,959,0,0
255,1,128,252,124,1.561062,0.357332,0.557817,0,111,111,0.8952,1.0000,1,959,1,0
256,0,0,128,128,1.625621,0.324630,0.527726,0,132,0,0.0000,0.0000,0,962,1,1
256,1,128,256,128,1.352696,0.409503,0.553933,0,132,62,0.4844,0.4697,0,962,0,0
256,2,256,326,70,1.237081,0.639729,0.791397,0,132,70,1.0000,0.5303,1,962,0,0
257,0,0,128,128,1.388860,0.495441,0.688099,0,136,67,0.5234,0.4926,1,976,1,0
257,1,128,197,69,1.438477,0.580115,0.834482,0,136,69,1.0000,0.5074,1,976,1,0
258,0,0,128,128,1.512645,0.227827,0.344621,0,57,52,0.4062,0.9123,0,981,1,0
258,1,128,133,5,nan,nan,nan,1,57,5,1.0000,0.0877,1,981,0,0
259,0,0,128,128,1.062245,1.174296,1.247390,0,91,0,0.0000,0.0000,0,984,0,0
259,1,128,256,128,1.041360,1.280801,1.333775,0,91,36,0.2812,0.3956,0,984,0,0
259,2,256,311,55,1.331381,0.467199,0.622020,0,91,55,1.0000,0.6044,1,984,0,0
260,0,0,128,128,1.262266,0.398888,0.503503,0,46,34,0.2656,0.7391,0,986,0,0
260,1,128,140,12,nan,nan,nan,1,46,12,1.0000,0.2609,1,986,0,0
261,0,0,128,128,1.302359,0.450242,0.586377,0,41,31,0.2422,0.7561,0,987,0,0
261,1,128,138,10,nan,nan,nan,1,41,10,1.0000,0.2439,1,987,0,0
262,0,0,128,128,1.607426,0.330900,0.531897,0,101,86,0.6719,0.8515,1,989,1,1
262,1,128,143,15,nan,nan,nan,1,101,15,1.0000,0.1485,1,989,0,0
263,0,0,128,128,1.330574,0.442843,0.589236,0,175,0,0.0000,0.0000,0,992,0,0
263,1,128,256,128,1.218094,0.750313,0.913951,0,175,0,0.0000,0.0000,0,992,0,0
263,2,256,384,128,1.101842,0.799259,0.880657,0,175,16,0.1250,0.0914,0,992,0,0
263,3,384,512,128,1.464773,0.378723,0.554743,0,175,128,1.0000,0.7314,1,992,1,0
263,4,512,544,32,0.750525,2.515219,1.887735,0,175,31,0.9688,0.1771,1,992,0,0
264,0,0,128,128,1.471471,0.454010,0.668063,0,143,67,0.5234,0.4685,1,1000,1,0
264,1,128,204,76,1.582662,0.599628,0.949008,0,143,76,1.0000,0.5315,1,1000,1,0
265,0,0,128,128,1.252532,0.350823,0.439417,0,56,38,0.2969,0.6786,0,1001,0,0
265,1,128,146,18,nan,nan,nan,1,56,18,1.0000,0.3214,1,1001,0,0
266,0,0,56,56,1.491990,0.275822,0.411524,0,43,43,0.7679,1.0000,1,1007,1,0
267,0,0,128,128,1.147001,0.855667,0.981450,0,170,0,0.0000,0.0000,0,1021,0,0
267,1,128,256,128,1.217599,0.715558,0.871263,0,170,86,0.6719,0.5059,1,1021,0,0
267,2,256,340,84,1.368680,0.552120,0.755676,0,170,84,1.0000,0.4941,1,1021,0,0
268,0,0,128,128,1.237237,0.571884,0.707557,0,94,0,0.0000,0.0000,0,1024,0,0
268,1,128,256,128,1.085826,0.596897,0.648126,0,94,0,0.0000,0.0000,0,1024,0,0
268,2,256,384,128,1.091555,0.850292,0.928141,0,94,0,0.0000,0.0000,0,1024,0,0
268,3,384,493,109,1.302668,0.458435,0.597189,0,94,94,0.8624,1.0000,1,1024,0,0
269,0,0,128,128,1.361048,0.436658,0.594312,0,98,0,0.0000,0.0000,0,1029,0,0
269,1,128,256,128,1.220566,0.711179,0.868040,0,98,0,0.0000,0.0000,0,1029,0,0
269,2,256,384,128,1.297235,0.600058,0.778416,0,98,0,0.0000,0.0000,0,1029,0,0
269,3,384,512,128,1.242487,0.620636,0.771132,0,98,84,0.6562,0.8571,1,1029,0,0
269,4,512,526,14,nan,nan,nan,1,98,14,1.0000,0.1429,1,1029,0,0
270,0,0,128,128,1.103303,1.077313,1.188603,0,130,49,0.3828,0.3769,0,1034,0,0
270,1,128,209,81,1.437312,0.278231,0.399904,0,130,81,1.0000,0.6231,1,1034,1,0
271,0,0,123,123,1.302830,0.328343,0.427775,0,25,25,0.2033,1.0000,0,1036,0,0
272,0,0,128,128,1.244363,0.614489,0.764648,0,153,0,0.0000,0.0000,0,1037,0,0
272,1,128,256,128,1.203227,0.696044,0.837499,0,153,0,0.0000,0.0000,0,1037,0,0
272,2,256,384,128,1.256697,0.629529,0.791127,0,153,94,0.7344,0.6144,1,1037,0,0
272,3,384,443,59,1.283105,0.805838,1.033975,0,153,59,1.0000,0.3856,1,1037,0,0
273,0,0,128,128,1.706798,0.253081,0.431958,0,103,93,0.7266,0.9029,1,1038,1,1
273,1,128,138,10,nan,nan,nan,1,103,10,1.0000,0.0971,1,1038,0,0
274,0,0,128,128,1.511065,0.224689,0.339519,0,32,0,0.0000,0.0000,0,1039,1,0
274,1,128,161,33,1.341204,0.335348,0.449770,0,32,32,0.9697,1.0000,1,1039,0,0
275,0,0,128,128,1.406146,0.483268,0.679545,0,174,0,0.0000,0.0000,0,1047,1,0
275,1,128,256,128,1.317187,0.550057,0.724528,0,174,0,0.0000,0.0000,0,1047,0,0
275,2,256,384,128,1.260551,0.668214,0.842317,0,174,78,0.6094,0.4483,1,1047,0,0
275,3,384,480,96,1.827425,0.298010,0.544592,0,174,96,1.0000,0.5517,1,1047,1,1
276,0,0,128,128,1.365416,0.448225,0.612014,0,176,20,0.1562,0.1136,0,1060,0,0
276,1,128,256,128,1.513067,0.496578,0.751356,0,176,128,1.0000,0.7273,1,1060,1,0
276,2,256,284,28,1.258150,1.011927,1.273156,0,176,28,1.0000,0.1591,1,1060,0,0
277,0,0,128,128,1.129720,0.628678,0.710230,0,154,2,0.0156,0.0130,0,1062,0,0
277,1,128,256,128,1.433792,0.343880,0.493052,0,154,128,1.0000,0.8312,1,1062,1,0
277,2,256,281,25,1.084895,1.331828,1.444894,0,154,24,0.9600,0.1558,1,1062,0,0
278,0,0,115,115,1.650794,0.275762,0.455227,0,64,64,0.5565,1.0000,1,1063,1,1
279,0,0,128,128,1.300087,0.559167,0.726966,0,104,61,0.4766,0.5865,0,1069,0,0
279,1,128,172,44,1.548201,0.628157,0.972514,0,104,43,0.9773,0.4135,1,1069,1,0
280,0,0,128,128,1.280639,0.796435,1.019946,0,267,0,0.0000,0.0000,0,1082,0,0
280,1,128,256,128,1.165524,0.996826,1.161824,0,267,0,0.0000,0.0000,0,1082,0,0
280,2,256,384,128,1.190290,0.822974,0.979577,0,267,0,0.0000,0.0000,0,1082,0,0
280,3,384,512,128,1.233353,1.023842,1.262759,0,267,0,0.0000,0.0000,0,1082,0,0
280,4,512,640,128,1.060636,1.298270,1.376993,0,267,0,0.0000,0.0000,0,1082,0,0
280,5,640,768,128,0.990645,1.334023,1.321543,0,267,0,0.0000,0.0000,0,1082,0,0
280,6,768,896,128,1.121338,0.908772,1.019040,0,267,18,0.1406,0.0674,0,1082,0,0
280,7,896,1024,128,1.347554,0.697746,0.940250,0,267,128,1.0000,0.4794,1,1082,0,0
280,8,1024,1145,121,1.309213,0.815233,1.067314,0,267,121,1.0000,0.4532,1,1082,0,0
281,0,0,128,128,1.283215,0.454428,0.583129,0,60,0,0.0000,0.0000,0,1085,0,0
281,1,128,256,128,1.151942,0.677420,0.780349,0,60,7,0.0547,0.1167,0,1085,0,0
281,2,256,309,53,1.288864,0.545343,0.702873,0,60,53,1.0000,0.8833,1,1085,0,0
282,0,0,128,128,1.455845,0.538340,0.783740,0,180,0,0.0000,0.0000,0,1088,1,0
282,1,128,256,128,1.129137,0.909140,1.026543,0,180,0,0.0000,0.0000,0,1088,0,0
282,2,256,384,128,1.256343,0.812624,1.020935,0,180,0,0.0000,0.0000,0,1088,0,0
282,3,384,512,128,1.366800,0.753970,1.030526,0,180,72,0.5625,0.4000,1,1088,0,0
282,4,512,620,108,1.625448,0.452471,0.735468,0,180,108,1.0000,0.6000,1,1088,1,1
283,0,0,128,128,1.263551,0.602561,0.761367,0,112,12,0.0938,0.1071,0,1098,0,0
283,1,128,228,100,1.431646,0.335315,0.480053,0,112,100,1.0000,0.8929,1,1098,1,0
284,0,0,128,128,1.232952,0.615416,0.758778,0,68,0,0.0000,0.0000,0,1102,0,0
284,1,128,256,128,1.164219,0.798255,0.929343,0,68,61,0.4766,0.8971,0,1102,0,0
284,2,256,263,7,nan,nan,nan,1,68,7,1.0000,0.1029,1,1102,0,0
285,0,0,128,128,1.113965,1.173856,1.307635,0,166,0,0.0000,0.0000,0,1106,0,0
285,1,128,256,128,1.204553,0.802820,0.967039,0,166,0,0.0000,0.0000,0,1106,0,0
285,2,256,384,128,1.077601,1.121063,1.208058,0,166,63,0.4922,0.3795,0,1106,0,0
285,3,384,487,103,1.366924,0.398287,0.544428,0,166,103,1.0000,0.6205,1,1106,0,0
286,0,0,128,128,1.257732,0.595910,0.749495,0,131,73,0.5703,0.5573,1,1110,0,0
286,1,128,186,58,1.206487,0.564984,0.681646,0,131,58,1.0000,0.4427,1,1110,0,0
287,0,0,128,128,1.725665,0.300636,0.518797,0,188,0,0.0000,0.0000,0,1114,1,1
287,1,128,256,128,1.334114,0.489163,0.652599,0,188,93,0.7266,0.4947,1,1114,0,0
287,2,256,351,95,1.538362,0.338299,0.520427,0,188,95,1.0000,0.5053,1,1114,1,0
288,0,0,128,128,1.230828,0.659495,0.811725,0,124,0,0.0000,0.0000,0,1116,0,0
288,1,128,256,128,1.148326,0.930322,1.068313,0,124,0,0.0000,0.0000,0,1116,0,0
288,2,256,384,128,1.064721,1.547312,1.647456,0,124,0,0.0000,0.0000,0,1116,0,0
288,3,384,512,128,1.333278,0.495843,0.661097,0,124,114,0.8906,0.9194,1,1116,0,0
288,4,512,522,10,nan,nan,nan,1,124,10,1.0000,0.0806,1,1116,0,0
289,0,0,128,128,1.195222,0.497971,0.595186,0,73,22,0.1719,0.3014,0,1120,0,0
289,1,128,179,51,1.397707,0.446534,0.624124,0,73,51,1.0000,0.6986,1,1120,1,0
290,0,0,128,128,1.439162,0.437210,0.629216,0,94,0,0.0000,0.0000,0,1121,1,0
290,1,128,241,113,1.699995,0.307708,0.523102,0,94,94,0.8319,1.0000,1,1121,1,1
291,0,0,128,128,1.691708,0.263229,0.445307,0,123,95,0.7422,0.7724,1,1128,1,1
291,1,128,157,29,1.091186,1.541688,1.682268,0,123,28,0.9655,0.2276,1,1128,0,0
292,0,0,128,128,1.329315,0.494923,0.657908,0,110,57,0.4453,0.5182,0,1133,0,0
292,1,128,181,53,0.963231,2.401450,2.313150,0,110,53,1.0000,0.4818,1,1133,0,0
293,0,0,128,128,1.465485,0.388436,0.569247,0,66,46,0.3594,0.6970,0,1137,1,0
293,1,128,148,20,1.081460,0.935338,1.011531,0,66,20,1.0000,0.3030,1,1137,0,0
294,0,0,128,128,1.117952,0.847559,0.947530,0,117,0,0.0000,0.0000,0,1144,0,0
294,1,128,252,124,1.589237,0.426964,0.678547,0,117,117,0.9435,1.0000,1,1144,1,0
295,0,0,128,128,1.313215,0.521789,0.685221,0,140,26,0.2031,0.1857,0,1145,0,0
295,1,128,242,114,1.680911,0.341952,0.574791,0,140,114,1.0000,0.8143,1,1145,1,1
296,0,0,128,128,1.230669,0.723770,0.890721,0,128,0,0.0000,0.0000,0,1147,0,0
296,1,128,256,128,1.189021,0.818730,0.973487,0,128,27,0.2109,0.2109,0,1147,0,0
296,2,256,357,101,1.911949,0.331890,0.634556,0,128,101,1.0000,0.7891,1,1147,1,1
297,0,0,128,128,1.314936,0.498843,0.655946,0,73,50,0.3906,0.6849,0,1148,0,0
297,1,128,151,23,1.389612,0.688970,0.957401,0,73,23,1.0000,0.3151,1,1148,1,0
298,0,0,128,128,1.208384,0.712686,0.861198,0,96,0,0.0000,0.0000,0,1150,0,0
298,1,128,231,103,1.530123,0.360813,0.552089,0,96,96,0.9320,1.0000,1,1150,1,0
299,0,0,128,128,1.319707,0.562787,0.742714,0,54,39,0.3047,0.7222,0,1152,0,0
299,1,128,143,15,nan,nan,nan,1,54,15,1.0000,0.2778,1,1152,0,0
300,0,0,128,128,1.245053,0.733461,0.913198,0,125,0,0.0000,0.0000,0,1153,0,0
300,1,128,256,128,1.503734,0.398300,0.598937,0,125,67,0.5234,0.5360,1,1153,1,0
300,2,256,314,58,1.496287,0.405073,0.606106,0,125,58,1.0000,0.4640,1,1153,1,0
301,0,0,128,128,1.243307,0.532678,0.662282,0,122,0,0.0000,0.0000,0,1155,0,0
301,1,128,256,128,1.153920,0.902758,1.041710,0,122,4,0.0312,0.0328,0,1155,0,0
301,2,256,374,118,1.504973,0.308446,0.464202,0,122,118,1.0000,0.9672,1,1155,1,0
302,0,0,128,128,1.124917,1.120298,1.260242,0,94,0,0.0000,0.0000,0,1161,0,0
302,1,128,256,128,1.087850,1.250454,1.360307,0,94,0,0.0000,0.0000,0,1161,0,0
302,2,256,384,128,1.110872,1.220201,1.355487,0,94,0,0.0000,0.0000,0,1161,0,0
302,3,384,512,128,1.165194,0.900644,1.049425,0,94,0,0.0000,0.0000,0,1161,0,0
302,4,512,640,128,1.129796,0.798717,0.902388,0,94,0,0.0000,0.0000,0,1161,0,0
302,5,640,768,128,1.222003,0.829291,1.013396,0,94,0,0.0000,0.0000,0,1161,0,0
302,6,768,896,128,1.268493,0.710403,0.901142,0,94,17,0.1328,0.1809,0,1161,0,0
302,7,896,973,77,1.972846,0.181221,0.357522,0,94,77,1.0000,0.8191,1,1161,1,1
303,0,0,128,128,1.559451,0.332894,0.519132,0,43,26,0.2031,0.6047,0,1166,1,0
303,1,128,146,18,nan,nan,nan,1,43,17,0.9444,0.3953,1,1166,0,0
304,0,0,128,128,1.184809,1.085375,1.285963,0,105,35,0.2734,0.3333,0,1171,0,0
304,1,128,198,70,1.478899,0.638738,0.944629,0,105,70,1.0000,0.6667,1,1171,1,0
305,0,0,128,128,1.101400,0.835928,0.920691,0,95,0,0.0000,0.0000,0,1174,0,0
305,1,128,256,128,1.102591,0.844247,0.930859,0,95,43,0.3359,0.4526,0,1174,0,0
305,2,256,308,52,1.182807,0.395505,0.467806,0,95,52,1.0000,0.5474,1,1174,0,0
306,0,0,128,128,1.169950,1.017851,1.190834,0,136,0,0.0000,0.0000,0,1175,0,0
306,1,128,256,128,1.190801,0.919951,1.095478,0,136,0,0.0000,0.0000,0,1175,0,0
306,2,256,384,128,1.169964,0.605828,0.708798,0,136,0,0.0000,0.0000,0,1175,0,0
306,3,384,512,128,1.288248,0.724601,0.933466,0,136,121,0.9453,0.8897,1,1175,0,0
306,4,512,527,15,nan,nan,nan,1,136,15,1.0000,0.1103,1,1175,0,0
307,0,0,128,128,1.242221,0.631129,0.784002,0,158,9,0.0703,0.0570,0,1184,0,0
307,1,128,256,128,1.520004,0.428437,0.651226,0,158,128,1.0000,0.8101,1,1184,1,0
307,2,256,277,21,1.308720,1.086411,1.421807,0,158,21,1.0000,0.1329,1,1184,0,0
308,0,0,128,128,1.259822,0.639213,0.805295,0,121,91,0.7109,0.7521,1,1188,0,0
308,1,128,159,31,1.252321,1.028473,1.287978,0,121,30,0.9677,0.2479,1,1188,0,0
309,0,0,128,128,1.048876,1.159962,1.216657,0,116,0,0.0000,0.0000,0,1189,0,0
309,1,128,256,128,1.115882,1.007244,1.123965,0,116,42,0.3281,0.3621,0,1189,0,0
309,2,256,330,74,1.313054,0.530634,0.696752,0,116,74,1.0000,0.6379,1,1189,0,0
310,0,0,128,128,1.117847,1.113478,1.244698,0,93,0,0.0000,0.0000,0,1191,0,0
310,1,128,256,128,1.103938,0.884541,0.976479,0,93,0,0.0000,0.0000,0,1191,0,0
310,2,256,384,128,1.132930,0.913469,1.034897,0,93,28,0.2188,0.3011,0,1191,0,0
310,3,384,449,65,1.758834,0.343686,0.604488,0,93,65,1.0000,0.6989,1,1191,1,1
311,0,0,128,128,1.395038,0.397801,0.554948,0,105,0,0.0000,0.0000,0,1194,1,0
311,1,128,256,128,1.165247,0.763583,0.889763,0,105,25,0.1953,0.2381,0,1194,0,0
311,2,256,336,80,1.448869,0.363640,0.526867,0,105,80,1.0000,0.7619,1,1194,1,0
312,0,0,128,128,1.170581,0.869456,1.017769,0,159,0,0.0000,0.0000,0,1195,0,0
312,1,128,256,128,1.129134,0.924457,1.043835,0,159,0,0.0000,0.0000,0,1195,0,0
312,2,256,384,128,1.108879,1.043901,1.157560,0,159,14,0.1094,0.0881,0,1195,0,0
312,3,384,512,128,1.529213,0.426497,0.652204,0,159,128,1.0000,0.8050,1,1195,1,0
312,4,512,529,17,nan,nan,nan,1,159,17,1.0000,0.1069,1,1195,0,0
313,0,0,128,128,1.167758,0.969274,1.131878,0,104,0,0.0000,0.0000,0,1199,0,0
313,1,128,256,128,1.111673,0.809027,0.899374,0,104,37,0.2891,0.3558,0,1199,0,0
313,2,256,323,67,1.241679,0.561217,0.696851,0,104,67,1.0000,0.6442,1,1199,0,0
314,0,0,128,128,1.411688,0.340112,0.480133,0,125,70,0.5469,0.5600,1,1200,1,0
314,1,128,183,55,1.307980,0.351465,0.459709,0,125,55,1.0000,0.4400,1,1200,0,0
315,0,0,128,128,1.257917,0.555618,0.698922,0,127,23,0.1797,0.1811,0,1203,0,0
315,1,128,232,104,1.542612,0.374185,0.577222,0,127,104,1.0000,0.8189,1,1203,1,0
316,0,0,128,128,1.243160,0.699667,0.869798,0,103,0,0.0000,0.0000,0,1204,0,0
316,1,128,256,128,1.233288,0.611932,0.754688,0,103,0,0.0000,0.0000,0,1204,0,0
316,2,256,374,118,1.330611,0.575351,0.765569,0,103,103,0.8729,1.0000,1,1204,0,0
317,0,0,128,128,1.329827,0.512465,0.681490,0,192,115,0.8984,0.5990,1,1207,0,0
317,1,128,205,77,2.028103,0.300321,0.609082,0,192,77,1.0000,0.4010,1,1207,1,1
318,0,0,128,128,1.256214,0.506096,0.635765,0,155,54,0.4219,0.3484,0,1208,0,0
318,1,128,229,101,1.265352,0.634665,0.803074,0,155,101,1.0000,0.6516,1,1208,0,0
319,0,0,128,128,1.349470,0.445802,0.601597,0,249,0,0.0000,0.0000,0,1209,0,0
319,1,128,256,128,1.193397,0.564378,0.673527,0,249,64,0.5000,0.2570,0,1209,0,0
319,2,256,384,128,1.321797,0.504363,0.666665,0,249,128,1.0000,0.5141,1,1209,0,0
319,3,384,441,57,1.102520,1.243683,1.371185,0,249,57,1.0000,0.2289,1,1209,0,0
320,0,0,110,110,1.555429,0.304643,0.473850,0,88,88,0.8000,1.0000,1,1215,1,0
321,0,0,128,128,1.178696,0.642548,0.757369,0,144,56,0.4375,0.3889,0,1216,0,0
321,1,128,216,88,1.401913,0.617675,0.865927,0,144,88,1.0000,0.6111,1,1216,1,0
322,0,0,128,128,1.348296,0.549423,0.740785,0,130,0,0.0000,0.0000,0,1218,0,0
322,1,128,256,128,1.481670,0.396990,0.588208,0,130,115,0.8984,0.8846,1,1218,1,0
322,2,256,271,15,nan,nan,nan,1,130,15,1.0000,0.1154,1,1218,0,0
323,0,0,128,128,1.564991,0.407443,0.637645,0,165,0,0.0000,0.0000,0,1224,1,0
323,1,128,256,128,1.577575,0.393041,0.620051,0,165,2,0.0156,0.0121,0,1224,1,0
323,2,256,384,128,1.751807,0.312090,0.546722,0,165,128,1.0000,0.7758,1,1224,1,1
323,3,384,419,35,1.545192,0.619793,0.957698,0,165,35,1.0000,0.2121,1,1224,1,0
324,0,0,28,28,1.151047,0.544600,0.626861,0,17,17,0.6071,1.0000,1,1229,0,0
325,0,0,128,128,1.250498,0.779284,0.974492,0,72,0,0.0000,0.0000,0,1230,0,0
325,1,128,256,128,1.129518,1.088330,1.229289,0,72,0,0.0000,0.0000,0,1230,0,0
325,2,256,384,128,1.172381,0.806673,0.945728,0,72,0,0.0000,0.0000,0,1230,0,0
325,3,384,484,100,1.184431,0.623995,0.739079,0,72,72,0.7200,1.0000,1,1230,0,0
326,0,0,128,128,1.320988,0.560792,0.740799,0,74,0,0.0000,0.0000,0,1232,0,0
326,1,128,256,128,1.214320,0.768988,0.933797,0,74,0,0.0000,0.0000,0,1232,0,0
326,2,256,384,128,1.244180,0.638989,0.795018,0,74,0,0.0000,0.0000,0,1232,0,0
326,3,384,512,128,1.147042,0.874929,1.003580,0,74,0,0.0000,0.0000,0,1232,0,0
326,4,512,640,128,1.336609,0.513533,0.686393,0,74,0,0.0000,0.0000,0,1232,0,0
326,5,640,768,128,1.106427,0.818305,0.905395,0,74,0,0.0000,0.0000,0,1232,0,0
326,6,768,846,78,1.538052,0.326172,0.501669,0,74,74,0.9487,1.0000,1,1232,1,0
327,0,0,128,128,1.198417,0.864583,1.036130,0,98,0,0.0000,0.0000,0,1234,0,0
327,1,128,256,128,1.182655,0.984749,1.164618,0,98,0,0.0000,0.0000,0,1234,0,0
327,2,256,384,128,1.167433,0.780303,0.910951,0,98,78,0.6094,0.7959,1,1234,0,0
327,3,384,404,20,0.910014,3.929240,3.575662,0,98,20,1.0000,0.2041,1,1234,0,0
328,0,0,128,128,1.288947,0.580903,0.748753,0,161,6,0.0469,0.0373,0,1239,0,0
328,1,128,256,128,1.809159,0.253438,0.458509,0,161,128,1.0000,0.7950,1,1239,1,1
328,2,256,283,27,1.210889,0.996859,1.207085,0,161,27,1.0000,0.1677,1,1239,0,0
329,0,0,128,128,1.271200,0.614302,0.780901,0,65,0,0.0000,0.0000,0,1256,0,0
329,1,128,256,128,1.250237,0.543231,0.679167,0,65,48,0.3750,0.7385,0,1256,0,0
329,2,256,273,17,nan,nan,nan,1,65,17,1.0000,0.2615,1,1256,0,0
330,0,0,128,128,1.218575,0.520076,0.633751,0,122,8,0.0625,0.0656,0,1260,0,0
330,1,128,242,114,1.531822,0.550680,0.843543,0,122,114,1.0000,0.9344,1,1260,1,0
331,0,0,128,128,1.545030,0.344139,0.531704,0,69,0,0.0000,0.0000,0,1264,1,0
331,1,128,256,128,1.484515,0.404225,0.600079,0,69,0,0.0000,0.0000,0,1264,1,0
331,2,256,332,76,1.833167,0.224271,0.411127,0,69,69,0.9079,1.0000,1,1264,1,1
332,0,0,128,128,1.102702,1.061928,1.170989,0,92,0,0.0000,0.0000,0,1265,0,0
332,1,128,256,128,1.165444,0.957313,1.115694,0,92,0,0.0000,0.0000,0,1265,0,0
332,2,256,384,128,1.171258,0.741333,0.868292,0,92,64,0.5000,0.6957,0,1265,0,0
332,3,384,412,28,1.182696,0.738953,0.873956,0,92,28,1.0000,0.3043,1,1265,0,0
333,0,0,128,128,1.496701,0.601529,0.900309,0,86,0,0.0000,0.0000,0,1270,1,0
333,1,128,256,128,1.215881,1.037093,1.260981,0,86,20,0.1562,0.2326,0,1270,0,0
333,2,256,322,66,1.576483,0.363925,0.573721,0,86,66,1.0000,0.7674,1,1270,1,0
334,0,0,128,128,1.243991,0.710045,0.883290,0,147,12,0.0938,0.0816,0,1271,0,0
334,1,128,256,128,1.489856,0.446999,0.665963,0,147,128,1.0000,0.8707,1,1271,1,0
334,2,256,263,7,nan,nan,nan,1,147,7,1.0000,0.0476,1,1271,0,0
335,0,0,128,128,1.275018,0.443052,0.564899,0,157,0,0.0000,0.0000,0,1275,0,0
335,1,128,256,128,1.236277,0.710854,0.878813,0,157,42,0.3281,0.2675,0,1275,0,0
335,2,256,371,115,1.787310,0.246282,0.440182,0,157,115,1.0000,0.7325,1,1275,1,1
336,0,0,128,128,1.424069,0.397694,0.566343,0,154,65,0.5078,0.4221,1,1278,1,0
336,1,128,218,90,1.226864,0.473979,0.581508,0,154,89,0.9889,0.5779,1,1278,0,0
337,0,0,128,128,1.489876,0.404989,0.603383,0,129,81,0.6328,0.6279,1,1286,1,0
337,1,128,176,48,1.502359,0.808281,1.214328,0,129,48,1.0000,0.3721,1,1286,1,0
338,0,0,128,128,1.280914,0.604352,0.774123,0,146,66,0.5156,0.4521,1,1290,0,0
338,1,128,208,80,1.782636,0.305011,0.543724,0,146,80,1.0000,0.5479,1,1290,1,1
339,0,0,128,128,1.285237,0.526418,0.676572,0,133,0,0.0000,0.0000,0,1291,0,0
339,1,128,256,128,1.031114,0.808188,0.833334,0,133,0,0.0000,0.0000,0,1291,0,0
339,2,256,384,128,1.076420,0.753055,0.810604,0,133,0,0.0000,0.0000,0,1291,0,0
339,3,384,512,128,1.163528,0.736852,0.857348,0,133,0,0.0000,0.0000,0,1291,0,0
339,4,512,640,128,1.802347,0.280693,0.505906,0,133,115,0.8984,0.8647,1,1291,1,1
339,5,640,658,18,nan,nan,nan,1,133,18,1.0000,0.1353,1,1291,0,0
340,0,0,128,128,1.117416,1.212647,1.355031,0,183,0,0.0000,0.0000,0,1296,0,0
340,1,128,256,128,1.073828,1.232105,1.323070,0,183,0,0.0000,0.0000,0,1296,0,0
340,2,256,384,128,1.136802,0.724113,0.823173,0,183,0,0.0000,0.0000,0,1296,0,0
340,3,384,512,128,1.193895,0.980981,1.171189,0,183,0,0.0000,0.0000,0,1296,0,0
340,4,512,640,128,1.412879,0.570911,0.806629,0,183,0,0.0000,0.0000,0,1296,1,0
340,5,640,768,128,1.207675,1.027347,1.240701,0,183,0,0.0000,0.0000,0,1296,0,0
340,6,768,896,128,1.132681,0.798557,0.904511,0,183,40,0.3125,0.2186,0,1296,0,0
340,7,896,1024,128,1.407387,0.441234,0.620987,0,183,128,1.0000,0.6995,1,1296,1,0
340,8,1024,1039,15,nan,nan,nan,1,183,15,1.0000,0.0820,1,1296,0,0
341,0,0,128,128,1.447395,0.367712,0.532225,0,90,86,0.6719,0.9556,1,1303,1,0
341,1,128,132,4,nan,nan,nan,1,90,4,1.0000,0.0444,1,1303,0,0
342,0,0,128,128,1.375300,0.370014,0.508880,0,126,48,0.3750,0.3810,0,1305,0,0
342,1,128,206,78,1.793954,0.330674,0.593214,0,126,78,1.0000,0.6190,1,1305,1,1
343,0,0,128,128,1.319163,0.435972,0.575117,0,199,0,0.0000,0.0000,0,1310,0,0
343,1,128,256,128,1.240828,0.731462,0.907618,0,199,0,0.0000,0.0000,0,1310,0,0
343,2,256,384,128,1.324517,0.424873,0.562751,0,199,115,0.8984,0.5779,1,1310,0,0
343,3,384,468,84,1.326611,0.862550,1.144268,0,199,84,1.0000,0.4221,1,1310,0,0
344,0,0,128,128,1.234648,0.626372,0.773348,0,109,0,0.0000,0.0000,0,1320,0,0
344,1,128,256,128,1.269476,0.522812,0.663698,0,109,0,0.0000,0.0000,0,1320,0,0
344,2,256,384,128,1.168596,0.761751,0.890179,0,109,0,0.0000,0.0000,0,1320,0,0
344,3,384,512,128,1.288673,0.588798,0.758768,0,109,80,0.6250,0.7339,1,1320,0,0
344,4,512,541,29,1.251112,0.831467,1.040259,0,109,29,1.0000,0.2661,1,1320,0,0
345,0,0,128,128,1.442777,0.549038,0.792140,0,131,0,0.0000,0.0000,0,1324,1,0
345,1,128,256,128,1.270534,0.611533,0.776973,0,131,0,0.0000,0.0000,0,1324,0,0
345,2,256,384,128,1.496467,0.397661,0.595087,0,131,96,0.7500,0.7328,1,1324,1,0
345,3,384,419,35,1.320762,0.802883,1.060417,0,131,35,1.0000,0.2672,1,1324,0,0
346,0,0,128,128,1.120005,0.834271,0.934387,0,134,41,0.3203,0.3060,0,1331,0,0
346,1,128,221,93,1.125558,0.785869,0.884541,0,134,93,1.0000,0.6940,1,1331,0,0
347,0,0,128,128,1.124595,0.642318,0.722347,0,94,29,0.2266,0.3085,0,1332,0,0
347,1,128,193,65,1.277263,0.654380,0.835815,0,94,65,1.0000,0.6915,1,1332,0,0
348,0,0,128,128,1.836378,0.232033,0.426101,0,95,35,0.2734,0.3684,0,1333,1,1
348,1,128,188,60,1.611764,0.526968,0.849348,0,95,60,1.0000,0.6316,1,1333,1,1
349,0,0,128,128,1.296280,0.552071,0.715639,0,170,37,0.2891,0.2176,0,1346,0,0
349,1,128,256,128,1.364622,0.472256,0.644451,0,170,128,1.0000,0.7529,1,1346,0,0
349,2,256,261,5,nan,nan,nan,1,170,5,1.0000,0.0294,1,1346,0,0
350,0,0,128,128,1.187503,0.726672,0.862926,0,91,0,0.0000,0.0000,0,1354,0,0
350,1,128,256,128,1.339262,0.503943,0.674911,0,91,89,0.6953,0.9780,1,1354,0,0
350,2,256,258,2,nan,nan,nan,1,91,2,1.0000,0.0220,1,1354,0,0
351,0,0,128,128,1.864093,0.265995,0.495839,0,100,100,0.7812,1.0000,1,1356,1,1
352,0,0,128,128,1.441046,0.430898,0.620944,0,80,42,0.3281,0.5250,0,1358,1,0
352,1,128,166,38,1.332197,0.605233,0.806290,0,80,38,1.0000,0.4750,1,1358,0,0
353,0,0,112,112,1.417286,0.456704,0.647280,0,99,99,0.8839,1.0000,1,1361,1,0
354,0,0,128,128,1.439070,0.483686,0.696057,0,102,97,0.7578,0.9510,1,1362,1,0
354,1,128,133,5,nan,nan,nan,1,102,5,1.0000,0.0490,1,1362,0,0
355,0,0,128,128,1.186275,0.809238,0.959979,0,152,0,0.0000,0.0000,0,1364,0,0
355,1,128,256,128,1.122555,1.160608,1.302846,0,152,0,0.0000,0.0000,0,1364,0,0
355,2,256,384,128,1.111127,0.778161,0.864636,0,152,0,0.0000,0.0000,0,1364,0,0
355,3,384,512,128,1.316628,0.471274,0.620492,0,152,66,0.5156,0.4342,1,1364,0,0
355,4,512,598,86,1.429482,0.579822,0.828845,0,152,86,1.0000,0.5658,1,1364,1,0
356,0,0,128,128,1.255435,0.671954,0.843595,0,167,0,0.0000,0.0000,0,1367,0,0
356,1,128,256,128,1.143210,0.874166,0.999356,0,167,0,0.0000,0.0000,0,1367,0,0
356,2,256,384,128,1.109057,1.056744,1.171989,0,167,0,0.0000,0.0000,0,1367,0,0
356,3,384,512,128,1.084580,1.034288,1.121768,0,167,0,0.0000,0.0000,0,1367,0,0
356,4,512,640,128,1.186026,0.830208,0.984649,0,167,86,0.6719,0.5150,1,1367,0,0
356,5,640,721,81,1.184985,0.678640,0.804178,0,167,81,1.0000,0.4850,1,1367,0,0
357,0,0,45,45,1.354668,0.344328,0.466450,0,32,32,0.7111,1.0000,1,1370,0,0
358,0,0,128,128,1.330177,0.487171,0.648024,0,211,0,0.0000,0.0000,0,1376,0,0
358,1,128,256,128,1.247411,0.629572,0.785336,0,211,20,0.1562,0.0948,0,1376,0,0
358,2,256,384,128,1.402910,0.413469,0.580060,0,211,128,1.0000,0.6066,1,1376,1,0
358,3,384,447,63,1.326787,0.637915,0.846377,0,211,63,1.0000,0.2986,1,1376,0,0
359,0,0,128,128,1.241488,0.554516,0.688425,0,186,0,0.0000,0.0000,0,1379,0,0
359,1,128,256,128,1.175192,0.710252,0.834683,0,186,85,0.6641,0.4570,1,1379,0,0
359,2,256,357,101,1.216226,0.794235,0.965969,0,186,101,1.0000,0.5430,1,1379,0,0
360,0,0,128,128,1.370025,0.476217,0.652429,0,87,42,0.3281,0.4828,0,1383,0,0
360,1,128,173,45,1.790861,0.347270,0.621912,0,87,45,1.0000,0.5172,1,1383,1,1
361,0,0,84,84,1.447884,0.266338,0.385626,0,52,52,0.6190,1.0000,1,1384,1,0
362,0,0,110,110,1.381815,0.350634,0.484511,0,30,30,0.2727,1.0000,0,1387,0,0
363,0,0,128,128,1.639136,0.286514,0.469635,0,126,79,0.6172,0.6270,1,1389,1,1
363,1,128,175,47,1.543759,0.477072,0.736483,0,126,47,1.0000,0.3730,1,1389,1,0
364,0,0,128,128,1.215929,0.649764,0.790067,0,78,0,0.0000,0.0000,0,1395,0,0
364,1,128,256,128,1.283197,0.627163,0.804773,0,78,70,0.5469,0.8974,1,1395,0,0
364,2,256,264,8,nan,nan,nan,1,78,8,1.0000,0.1026,1,1395,0,0
365,0,0,128,128,1.159444,0.806627,0.935239,0,113,0,0.0000,0.0000,0,1397,0,0
365,1,128,256,128,1.195335,0.715213,0.854919,0,113,105,0.8203,0.9292,1,1397,0,0
365,2,256,264,8,nan,nan,nan,1,113,8,1.0000,0.0708,1,1397,0,0
366,0,0,128,128,1.205576,0.649098,0.782536,0,90,0,0.0000,0.0000,0,1398,0,0
366,1,128,256,128,1.153140,0.824739,0.951040,0,90,0,0.0000,0.0000,0,1398,0,0
366,2,256,384,128,1.125299,1.061444,1.194442,0,90,0,0.0000,0.0000,0,1398,0,0
366,3,384,512,128,1.359996,0.489262,0.665394,0,90,76,0.5938,0.8444,1,1398,0,0
366,4,512,526,14,nan,nan,nan,1,90,14,1.0000,0.1556,1,1398,0,0
367,0,0,128,128,1.171922,0.812500,0.952186,0,165,0,0.0000,0.0000,0,1399,0,0
367,1,128,256,128,1.141223,0.766786,0.875074,0,165,17,0.1328,0.1030,0,1399,0,0
367,2,256,384,128,1.340980,0.597049,0.800632,0,165,128,1.0000,0.7758,1,1399,0,0
367,3,384,404,20,1.112105,1.663278,1.849739,0,165,20,1.0000,0.1212,1,1399,0,0
368,0,0,128,128,1.544578,0.397678,0.614244,0,87,66,0.5156,0.7586,1,1408,1,0
368,1,128,149,21,1.221809,1.500370,1.833164,0,87,21,1.0000,0.2414,1,1408,0,0
369,0,0,128,128,1.302833,0.391190,0.509655,0,99,0,0.0000,0.0000,0,1411,0,0
369,1,128,256,128,1.153062,0.750049,0.864853,0,99,71,0.5547,0.7172,1,1411,0,0
369,2,256,284,28,1.220928,0.989708,1.208362,0,99,28,1.0000,0.2828,1,1411,0,0
370,0,0,120,120,1.404831,0.350097,0.491827,0,57,57,0.4750,1.0000,0,1414,1,0
371,0,0,128,128,1.202405,0.715481,0.860298,0,156,0,0.0000,0.0000,0,1417,0,0
371,1,128,256,128,1.411912,0.380053,0.536602,0,156,122,0.9531,0.7821,1,1417,1,0
371,2,256,290,34,1.202760,1.258296,1.513429,0,156,34,1.0000,0.2179,1,1417,0,0
372,0,0,81,81,1.513744,0.281364,0.425913,0,36,36,0.4444,1.0000,0,1419,1,0
373,0,0,128,128,1.312800,0.659808,0.866196,0,89,25,0.1953,0.2809,0,1420,0,0
373,1,128,192,64,1.821165,0.281279,0.512256,0,89,64,1.0000,0.7191,1,1420,1,1
374,0,0,128,128,1.169555,0.723568,0.846253,0,223,0,0.0000,0.0000,0,1422,0,0
374,1,128,256,128,1.088309,0.887492,0.965865,0,223,0,0.0000,0.0000,0,1422,0,0
374,2,256,384,128,1.061913,1.276695,1.355739,0,223,0,0.0000,0.0000,0,1422,0,0
374,3,384,512,128,1.166852,1.082129,1.262684,0,223,0,0.0000,0.0000,0,1422,0,0
374,4,512,640,128,1.140832,1.223058,1.395304,0,223,0,0.0000,0.0000,0,1422,0,0
374,5,640,768,128,1.246291,0.656228,0.817851,0,223,57,0.4453,0.2556,0,1422,0,0
374,6,768,896,128,1.238901,0.665373,0.824332,0,223,128,1.0000,0.5740,1,1422,0,0
374,7,896,934,38,1.072256,1.910876,2.048948,0,223,38,1.0000,0.1704,1,1422,0,0
375,0,0,128,128,1.134455,0.828331,0.939704,0,138,79,0.6172,0.5725,1,1423,0,0
375,1,128,187,59,1.160828,0.972624,1.129050,0,138,59,1.0000,0.4275,1,1423,0,0
376,0,0,128,128,1.770360,0.337337,0.597208,0,122,97,0.7578,0.7951,1,1424,1,1
376,1,128,153,25,1.572396,1.153123,1.813165,0,122,25,1.0000,0.2049,1,1424,1,0
377,0,0,128,128,1.222226,0.805240,0.984185,0,124,86,0.6719,0.6935,1,1425,0,0
377,1,128,166,38,1.150128,0.554077,0.637260,0,124,38,1.0000,0.3065,1,1425,0,0
378,0,0,128,128,1.412615,0.712177,1.006032,0,138,77,0.6016,0.5580,1,1431,1,0
378,1,128,189,61,1.297234,0.910292,1.180862,0,138,61,1.0000,0.4420,1,1431,0,0
379,0,0,128,128,1.179631,0.804276,0.948749,0,189,0,0.0000,0.0000,0,1432,0,0
379,1,128,256,128,1.143539,0.862565,0.986376,0,189,0,0.0000,0.0000,0,1432,0,0
379,2,256,384,128,1.284247,0.628597,0.807273,0,189,46,0.3594,0.2434,0,1432,0,0
379,3,384,512,128,1.364879,0.491752,0.671182,0,189,128,1.0000,0.6772,1,1432,0,0
379,4,512,527,15,nan,nan,nan,1,189,15,1.0000,0.0794,1,1432,0,0
380,0,0,128,128,1.335320,0.597166,0.797408,0,88,37,0.2891,0.4205,0,1441,0,0
380,1,128,179,51,1.311183,0.586484,0.768987,0,88,51,1.0000,0.5795,1,1441,0,0
381,0,0,128,128,1.191631,0.765533,0.912233,0,140,0,0.0000,0.0000,0,1443,0,0
381,1,128,256,128,1.232423,0.567835,0.699813,0,140,101,0.7891,0.7214,1,1443,0,0
381,2,256,295,39,0.985797,1.050544,1.035623,0,140,39,1.0000,0.2786,1,1443,0,0
382,0,0,128,128,1.239757,0.441700,0.547601,0,84,47,0.3672,0.5595,0,1453,0,0
382,1,128,165,37,1.239701,0.500402,0.620349,0,84,37,1.0000,0.4405,1,1453,0,0
383,0,0,110,110,2.048042,0.178103,0.364762,0,69,69,0.6273,1.0000,1,1459,1,1
384,0,0,128,128,1.237179,0.612268,0.757485,0,101,0,0.0000,0.0000,0,1460,0,0
384,1,128,256,128,1.169461,0.862013,1.008091,0,101,0,0.0000,0.0000,0,1460,0,0
384,2,256,384,128,1.212774,0.735428,0.891908,0,101,0,0.0000,0.0000,0,1460,0,0
384,3,384,512,128,1.257823,0.616581,0.775549,0,101,0,0.0000,0.0000,0,1460,0,0
384,4,512,640,128,1.187556,0.842973,1.001078,0,101,41,0.3203,0.4059,0,1460,0,0
384,5,640,700,60,1.262526,0.696533,0.879392,0,101,60,1.0000,0.5941,1,1460,0,0
385,0,0,128,128,1.166226,0.983098,1.146514,0,178,0,0.0000,0.0000,0,1461,0,0
385,1,128,256,128,1.151078,0.839253,0.966046,0,178,69,0.5391,0.3876,1,1461,0,0
385,2,256,365,109,1.739424,0.314133,0.546411,0,178,109,1.0000,0.6124,1,1461,1,1
386,0,0,128,128,0.992067,0.981360,0.973575,0,48,0,0.0000,0.0000,0,1462,0,0
386,1,128,230,102,1.383490,0.403918,0.558816,0,48,48,0.4706,1.0000,0,1462,0,0
387,0,0,128,128,1.487872,0.477979,0.711171,0,224,91,0.7109,0.4062,1,1464,1,0
387,1,128,256,128,1.905993,0.312459,0.595545,0,224,128,1.0000,0.5714,1,1464,1,1
387,2,256,261,5,nan,nan,nan,1,224,5,1.0000,0.0223,1,1464,0,0
388,0,0,128,128,1.283680,0.513582,0.659275,0,93,0,0.0000,0.0000,0,1470,0,0
388,1,128,227,99,1.455874,0.291301,0.424098,0,93,93,0.9394,1.0000,1,1470,1,0
389,0,0,112,112,1.433490,0.421335,0.603979,0,84,84,0.7500,1.0000,1,1471,1,0
390,0,0,128,128,1.250252,0.751214,0.939207,0,169,0,0.0000,0.0000,0,1473,0,0
390,1,128,256,128,1.084072,1.029808,1.116386,0,169,0,0.0000,0.0000,0,1473,0,0
390,2,256,384,128,0.955152,1.301080,1.242729,0,169,0,0.0000,0.0000,0,1473,0,0
390,3,384,512,128,1.409223,0.675481,0.951904,0,169,76,0.5938,0.4497,1,1473,1,0
390,4,512,606,94,1.578592,0.550381,0.868827,0,169,93,0.9894,0.5503,1,1473,1,0
391,0,0,128,128,1.218228,0.533289,0.649667,0,167,0,0.0000,0.0000,0,1474,0,0
391,1,128,256,128,1.157058,0.644816,0.746090,0,167,33,0.2578,0.1976,0,1474,0,0
391,2,256,384,128,1.693960,0.250366,0.424110,0,167,128,1.0000,0.7665,1,1474,1,1
391,3,384,390,6,nan,nan,nan,1,167,6,1.0000,0.0359,1,1474,0,0
392,0,0,128,128,1.256313,0.654143,0.821808,0,125,0,0.0000,0.0000,0,1476,0,0
392,1,128,256,128,1.252529,0.588441,0.737040,0,125,0,0.0000,0.0000,0,1476,0,0
392,2,256,384,128,1.299631,0.740437,0.962294,0,125,98,0.7656,0.7840,1,1476,0,0
392,3,384,411,27,1.300928,1.323368,1.721606,0,125,27,1.0000,0.2160,1,1476,0,0
393,0,0,128,128,1.340959,0.659307,0.884104,0,232,0,0.0000,0.0000,0,1477,0,0
393,1,128,256,128,1.039507,1.559966,1.621595,0,232,0,0.0000,0.0000,0,1477,0,0
393,2,256,384,128,1.111159,1.395200,1.550290,0,232,102,0.7969,0.4397,1,1477,0,0
393,3,384,512,128,1.183510,0.704634,0.833942,0,232,128,1.0000,0.5517,1,1477,0,0
393,4,512,514,2,nan,nan,nan,1,232,2,1.0000,0.0086,1,1477,0,0
394,0,0,128,128,1.484324,0.413102,0.613177,0,102,6,0.0469,0.0588,0,1485,1,0
394,1,128,224,96,1.503632,0.483893,0.727597,0,102,96,1.0000,0.9412,1,1485,1,0
395,0,0,128,128,1.637754,0.292973,0.479817,0,97,0,0.0000,0.0000,0,1487,1,1
395,1,128,256,128,1.328192,0.569320,0.756167,0,97,6,0.0469,0.0619,0,1487,0,0
395,2,256,347,91,1.591430,0.366976,0.584016,0,97,91,1.0000,0.9381,1,1487,1,0
396,0,0,128,128,1.226733,0.709230,0.870036,0,97,0,0.0000,0.0000,0,1494,0,0
396,1,128,256,128,1.390267,0.656103,0.912158,0,97,81,0.6328,0.8351,1,1494,1,0
396,2,256,272,16,nan,nan,nan,1,97,16,1.0000,0.1649,1,1494,0,0
397,0,0,128,128,1.161795,0.689508,0.801067,0,184,0,0.0000,0.0000,0,1496,0,0
397,1,128,256,128,1.186668,0.765277,0.908130,0,184,0,0.0000,0.0000,0,1496,0,0
397,2,256,384,128,1.177296,0.796110,0.937258,0,184,0,0.0000,0.0000,0,1496,0,0
397,3,384,512,128,1.221202,0.745504,0.910411,0,184,62,0.4844,0.3370,0,1496,0,0
397,4,512,634,122,1.046630,0.887771,0.929168,0,184,122,1.0000,0.6630,1,1496,0,0
398,0,0,128,128,1.332017,0.533609,0.710777,0,125,0,0.0000,0.0000,0,1500,0,0
398,1,128,256,128,1.271942,0.554218,0.704933,0,125,11,0.0859,0.0880,0,1500,0,0
398,2,256,370,114,1.556747,0.496094,0.772292,0,125,114,1.0000,0.9120,1,1500,1,0
399,0,0,128,128,1.131908,0.982605,1.112218,0,171,0,0.0000,0.0000,0,1501,0,0
399,1,128,256,128,0.855255,1.654876,1.415341,0,171,0,0.0000,0.0000,0,1501,0,0
399,2,256,384,128,1.063279,1.013104,1.077213,0,171,0,0.0000,0.0000,0,1501,0,0
399,3,384,512,128,0.927338,1.435799,1.331471,0,171,0,0.0000,0.0000,0,1501,0,0
399,4,512,640,128,0.967700,1.512161,1.463318,0,171,0,0.0000,0.0000,0,1501,0,0
399,5,640,768,128,1.007163,1.317740,1.327179,0,171,0,0.0000,0.0000,0,1501,0,0
399,6,768,896,128,1.192853,0.737836,0.880130,0,171,0,0.0000,0.0000,0,1501,0,0
399,7,896,1024,128,1.399026,0.496056,0.693996,0,171,102,0.7969,0.5965,1,1501,1,0
399,8,1024,1093,69,1.319181,0.608499,0.802720,0,171,69,1.0000,0.4035,1,1501,0,0
400,0,0,128,128,1.372678,0.501817,0.688833,0,96,53,0.4141,0.5521,0,1503,0,0
400,1,128,171,43,1.392460,0.667823,0.929917,0,96,43,1.0000,0.4479,1,1503,1,0
401,0,0,128,128,1.300576,0.465427,0.605323,0,52,0,0.0000,0.0000,0,1508,0,0
401,1,128,192,64,1.275408,0.624316,0.796258,0,52,52,0.8125,1.0000,1,1508,0,0
402,0,0,128,128,1.503626,0.442936,0.666011,0,136,0,0.0000,0.0000,0,1513,1,0
402,1,128,256,128,1.341840,0.518795,0.696139,0,136,62,0.4844,0.4559,0,1513,0,0
402,2,256,330,74,1.551432,0.491631,0.762732,0,136,74,1.0000,0.5441,1,1513,1,0
403,0,0,128,128,1.146474,0.628811,0.720915,0,136,0,0.0000,0.0000,0,1518,0,0
403,1,128,256,128,1.098801,0.645287,0.709042,0,136,0,0.0000,0.0000,0,1518,0,0
403,2,256,384,128,1.324289,0.553115,0.732483,0,136,86,0.6719,0.6324,1,1518,0,0
403,3,384,434,50,1.131713,1.299582,1.470754,0,136,50,1.0000,0.3676,1,1518,0,0
404,0,0,128,128,1.303807,0.536068,0.698930,0,103,0,0.0000,0.0000,0,1520,0,0
404,1,128,256,128,1.151658,0.884322,1.018436,0,103,25,0.1953,0.2427,0,1520,0,0
404,2,256,334,78,1.835068,0.319797,0.586849,0,103,78,1.0000,0.7573,1,1520,1,1
405,0,0,128,128,1.305759,0.448146,0.585171,0,152,0,0.0000,0.0000,0,1522,0,0
405,1,128,256,128,1.528889,0.358969,0.548823,0,152,110,0.8594,0.7237,1,1522,1,0
405,2,256,298,42,1.636049,0.428946,0.701778,0,152,42,1.0000,0.2763,1,1522,1,1
406,0,0,128,128,1.079762,1.349433,1.457067,0,87,49,0.3828,0.5632,0,1523,0,0
406,1,128,166,38,1.463989,0.895116,1.310441,0,87,38,1.0000,0.4368,1,1523,1,0
407,0,0,128,128,1.355727,0.659744,0.894433,0,189,0,0.0000,0.0000,0,1525,0,0
407,1,128,256,128,1.123107,0.859872,0.965728,0,189,56,0.4375,0.2963,0,1525,0,0
407,2,256,384,128,1.227608,0.628653,0.771740,0,189,128,1.0000,0.6772,1,1525,0,0
407,3,384,389,5,nan,nan,nan,1,189,5,1.0000,0.0265,1,1525,0,0
408,0,0,128,128,1.531397,0.279186,0.427544,0,112,0,0.0000,0.0000,0,1532,1,0
408,1,128,256,128,1.034294,0.727513,0.752462,0,112,0,0.0000,0.0000,0,1532,0,0
408,2,256,384,128,1.310436,0.339090,0.444355,0,112,99,0.7734,0.8839,1,1532,0,0
408,3,384,398,14,nan,nan,nan,1,112,13,0.9286,0.1161,1,1532,0,0
409,0,0,128,128,1.157346,0.494806,0.572662,0,44,10,0.0781,0.2273,0,1534,0,0
409,1,128,162,34,1.804033,0.137097,0.247328,0,44,34,1.0000,0.7727,1,1534,1,1
410,0,0,128,128,1.241012,0.648199,0.804422,0,21,0,0.0000,0.0000,0,1540,0,0
410,1,128,249,121,1.344946,0.398817,0.536387,0,21,21,0.1736,1.0000,0,1540,0,0
411,0,0,61,61,1.191303,0.542674,0.646489,0,36,36,0.5902,1.0000,1,1547,0,0
412,0,0,128,128,1.129471,0.916138,1.034752,0,149,0,0.0000,0.0000,0,1552,0,0
412,1,128,256,128,1.139212,0.968162,1.102941,0,149,0,0.0000,0.0000,0,1552,0,0
412,2,256,384,128,1.010719,1.400647,1.415660,0,149,0,0.0000,0.0000,0,1552,0,0
412,3,384,512,128,1.150996,0.967283,1.113339,0,149,0,0.0000,0.0000,0,1552,0,0
412,4,512,640,128,1.031798,1.515638,1.563833,0,149,5,0.0391,0.0336,0,1552,0,0
412,5,640,768,128,1.327467,0.584932,0.776479,0,149,128,1.0000,0.8591,1,1552,0,0
412,6,768,784,16,nan,nan,nan,1,149,16,1.0000,0.1074,1,1552,0,0
413,0,0,128,128,1.211118,0.902412,1.092928,0,135,0,0.0000,0.0000,0,1555,0,0
413,1,128,256,128,1.040136,1.058356,1.100834,0,135,0,0.0000,0.0000,0,1555,0,0
413,2,256,384,128,0.912080,1.074084,0.979651,0,135,0,0.0000,0.0000,0,1555,0,0
413,3,384,512,128,0.918718,1.211927,1.113419,0,135,0,0.0000,0.0000,0,1555,0,0
413,4,512,640,128,1.154628,0.883713,1.020361,0,135,56,0.4375,0.4148,0,1555,0,0
413,5,640,719,79,1.756805,0.326290,0.573227,0,135,79,1.0000,0.5852,1,1555,1,1
414,0,0,128,128,1.513471,0.418935,0.634047,0,158,0,0.0000,0.0000,0,1558,1,0
414,1,128,256,128,1.326710,0.436818,0.579530,0,158,0,0.0000,0.0000,0,1558,0,0
414,2,256,384,128,1.251551,0.567822,0.710658,0,158,0,0.0000,0.0000,0,1558,0,0
414,3,384,512,128,1.225120,0.657150,0.805088,0,158,0,0.0000,0.0000,0,1558,0,0
414,4,512,640,128,1.227831,0.682834,0.838404,0,158,46,0.3594,0.2911,0,1558,0,0
414,5,640,752,112,1.291514,0.402086,0.519299,0,158,112,1.0000,0.7089,1,1558,0,0
415,0,0,128,128,1.666785,0.252823,0.421401,0,38,0,0.0000,0.0000,0,1559,1,1
415,1,128,229,101,1.206902,0.654976,0.790492,0,38,38,0.3762,1.0000,0,1559,0,0
416,0,0,128,128,1.100189,1.022792,1.125264,0,120,26,0.2031,0.2167,0,1563,0,0
416,1,128,222,94,1.485295,0.303266,0.450439,0,120,94,1.0000,0.7833,1,1563,1,0
417,0,0,128,128,1.412497,0.549846,0.776655,0,91,67,0.5234,0.7363,1,1571,1,0
417,1,128,152,24,1.235660,0.881236,1.088908,0,91,24,1.0000,0.2637,1,1571,0,0
418,0,0,128,128,1.325034,0.591353,0.783563,0,137,74,0.5781,0.5401,1,1573,0,0
418,1,128,191,63,1.605648,0.476184,0.764583,0,137,63,1.0000,0.4599,1,1573,1,1
419,0,0,128,128,1.236967,0.747369,0.924471,0,94,21,0.1641,0.2234,0,1577,0,0
419,1,128,202,74,1.474662,0.491242,0.724416,0,94,73,0.9865,0.7766,1,1577,1,0
420,0,0,128,128,1.340310,0.935168,1.253416,0,148,45,0.3516,0.3041,0,1585,0,0
420,1,128,231,103,1.859513,0.385891,0.717570,0,148,103,1.0000,0.6959,1,1585,1,1
421,0,0,128,128,1.288271,0.594374,0.765714,0,178,41,0.3203,0.2303,0,1588,0,0
421,1,128,256,128,1.493564,0.411277,0.614269,0,178,128,1.0000,0.7191,1,1588,1,0
421,2,256,265,9,nan,nan,nan,1,178,9,1.0000,0.0506,1,1588,0,0
422,0,0,128,128,1.410372,0.434700,0.613088,0,154,44,0.3438,0.2857,0,1590,1,0
422,1,128,239,111,1.601385,0.380944,0.610039,0,154,110,0.9910,0.7143,1,1590,1,1
423,0,0,128,128,1.352512,0.512500,0.693162,0,86,0,0.0000,0.0000,0,1592,0,0
423,1,128,256,128,1.419240,0.472147,0.670089,0,86,0,0.0000,0.0000,0,1592,1,0
423,2,256,384,128,1.387225,0.436463,0.605473,0,86,0,0.0000,0.0000,0,1592,0,0
423,3,384,512,128,1.288638,0.653558,0.842200,0,86,0,0.0000,0.0000,0,1592,0,0
423,4,512,640,128,1.389134,0.490331,0.681135,0,86,81,0.6328,0.9419,1,1592,1,0
423,5,640,645,5,nan,nan,nan,1,86,5,1.0000,0.0581,1,1592,0,0
424,0,0,128,128,1.442646,0.384604,0.554847,0,129,0,0.0000,0.0000,0,1597,1,0
424,1,128,256,128,1.385575,0.373869,0.518024,0,129,0,0.0000,0.0000,0,1597,0,0
424,2,256,384,128,1.482549,0.320733,0.475502,0,129,87,0.6797,0.6744,1,1597,1,0
424,3,384,426,42,1.328711,0.781220,1.038015,0,129,42,1.0000,0.3256,1,1597,0,0
425,0,0,128,128,1.249845,0.495564,0.619378,0,143,96,0.7500,0.6713,1,1605,0,0
425,1,128,175,47,1.286406,0.529298,0.680892,0,143,47,1.0000,0.3287,1,1605,0,0
426,0,0,128,128,1.215945,0.803963,0.977575,0,71,0,0.0000,0.0000,0,1610,0,0
426,1,128,256,128,1.238135,0.613249,0.759285,0,71,0,0.0000,0.0000,0,1610,0,0
426,2,256,368,112,1.324904,0.604725,0.801203,0,71,71,0.6339,1.0000,1,1610,0,0
427,0,0,128,128,1.815551,0.221430,0.402018,0,72,25,0.1953,0.3472,0,1612,1,1
427,1,128,175,47,1.617008,0.327760,0.529990,0,72,47,1.0000,0.6528,1,1612,1,1
428,0,0,128,128,1.280884,0.488485,0.625693,0,85,29,0.2266,0.3412,0,1613,0,0
428,1,128,184,56,1.370762,0.449868,0.616662,0,85,56,1.0000,0.6588,1,1613,0,0
429,0,0,128,128,1.153646,0.916841,1.057710,0,85,18,0.1406,0.2118,0,1614,0,0
429,1,128,195,67,1.518877,0.485934,0.738075,0,85,67,1.0000,0.7882,1,1614,1,0
430,0,0,128,128,1.314462,0.333489,0.438358,0,119,106,0.8281,0.8908,1,1618,0,0
430,1,128,141,13,nan,nan,nan,1,119,13,1.0000,0.1092,1,1618,0,0
431,0,0,128,128,1.255157,0.552792,0.693841,0,85,53,0.4141,0.6235,0,1628,0,0
431,1,128,160,32,1.220775,0.897666,1.095848,0,85,32,1.0000,0.3765,1,1628,0,0
432,0,0,128,128,1.169812,0.626798,0.733235,0,106,0,0.0000,0.0000,0,1636,0,0
432,1,128,256,128,1.344261,0.374615,0.503580,0,106,79,0.6172,0.7453,1,1636,0,0
432,2,256,283,27,0.955157,2.110065,2.015442,0,106,27,1.0000,0.2547,1,1636,0,0
433,0,0,128,128,1.419846,0.461211,0.654848,0,104,0,0.0000,0.0000,0,1637,1,0
433,1,128,241,113,1.451906,0.472117,0.685469,0,104,104,0.9204,1.0000,1,1637,1,0
434,0,0,128,128,1.260607,0.775899,0.978103,0,124,0,0.0000,0.0000,0,1639,0,0
434,1,128,256,128,1.185991,0.924305,1.096217,0,124,0,0.0000,0.0000,0,1639,0,0
434,2,256,384,128,1.071533,1.425889,1.527887,0,124,10,0.0781,0.0806,0,1639,0,0
434,3,384,498,114,1.442213,0.578555,0.834399,0,124,114,1.0000,0.9194,1,1639,1,0
435,0,0,120,120,1.369839,0.373587,0.511754,0,94,94,0.7833,1.0000,1,1642,0,0
436,0,0,128,128,1.129433,0.867182,0.979424,0,111,0,0.0000,0.0000,0,1652,0,0
436,1,128,256,128,1.234218,0.576978,0.712116,0,111,0,0.0000,0.0000,0,1652,0,0
436,2,256,384,128,1.293656,0.406744,0.526186,0,111,87,0.6797,0.7838,1,1652,0,0
436,3,384,408,24,1.273857,0.927329,1.181285,0,111,24,1.0000,0.2162,1,1652,0,0
437,0,0,128,128,1.421853,0.483210,0.687054,0,163,45,0.3516,0.2761,0,1653,1,0
437,1,128,246,118,1.617263,0.513043,0.829726,0,163,118,1.0000,0.7239,1,1653,1,1
438,0,0,128,128,1.502938,0.242841,0.364975,0,78,58,0.4531,0.7436,0,1654,1,0
438,1,128,148,20,1.176676,0.814841,0.958803,0,78,20,1.0000,0.2564,1,1654,0,0
439,0,0,128,128,1.122110,0.685425,0.769122,0,83,0,0.0000,0.0000,0,1660,0,0
439,1,128,256,128,1.141340,0.597109,0.681504,0,83,0,0.0000,0.0000,0,1660,0,0
439,2,256,384,128,1.085872,0.893939,0.970703,0,83,12,0.0938,0.1446,0,1660,0,0
439,3,384,455,71,1.998055,0.243136,0.485799,0,83,71,1.0000,0.8554,1,1660,1,1
440,0,0,128,128,1.230293,0.520844,0.640790,0,144,0,0.0000,0.0000,0,1665,0,0
440,1,128,256,128,1.402020,0.335890,0.470924,0,144,0,0.0000,0.0000,0,1665,1,0
440,2,256,384,128,1.255418,0.439303,0.551508,0,144,0,0.0000,0.0000,0,1665,0,0
440,3,384,512,128,1.167048,0.783281,0.914127,0,144,0,0.0000,0.0000,0,1665,0,0
440,4,512,640,128,1.161217,0.837254,0.972233,0,144,42,0.3281,0.2917,0,1665,0,0
440,5,640,742,102,1.304278,0.540626,0.705127,0,144,102,1.0000,0.7083,1,1665,0,0
441,0,0,128,128,1.180280,1.150399,1.357793,0,121,0,0.0000,0.0000,0,1668,0,0
441,1,128,256,128,1.155059,0.945791,1.092445,0,121,0,0.0000,0.0000,0,1668,0,0
441,2,256,384,128,1.214470,0.563672,0.684562,0,121,84,0.6562,0.6942,1,1668,0,0
441,3,384,421,37,1.289630,0.872617,1.125353,0,121,37,1.0000,0.3058,1,1668,0,0
442,0,0,128,128,1.294996,0.579334,0.750236,0,155,0,0.0000,0.0000,0,1674,0,0
442,1,128,256,128,1.218675,0.608680,0.741783,0,155,0,0.0000,0.0000,0,1674,0,0
442,2,256,384,128,1.174249,0.625545,0.734546,0,155,0,0.0000,0.0000,0,1674,0,0
442,3,384,512,128,1.110473,0.978566,1.086671,0,155,0,0.0000,0.0000,0,1674,0,0
442,4,512,640,128,1.064141,1.159339,1.233700,0,155,0,0.0000,0.0000,0,1674,0,0
442,5,640,768,128,1.206567,0.668349,0.806407,0,155,0,0.0000,0.0000,0,1674,0,0
442,6,768,896,128,1.195706,0.534624,0.639253,0,155,0,0.0000,0.0000,0,1674,0,0
442,7,896,1024,128,1.126295,0.783021,0.881913,0,155,39,0.3047,0.2516,0,1674,0,0
442,8,1024,1140,116,1.501419,0.412577,0.619452,0,155,116,1.0000,0.7484,1,1674,1,0
443,0,0,128,128,1.217343,0.880155,1.071450,0,339,0,0.0000,0.0000,0,1676,0,0
443,1,128,256,128,1.328458,0.599734,0.796722,0,339,0,0.0000,0.0000,0,1676,0,0
443,2,256,384,128,1.223704,0.755014,0.923913,0,339,10,0.0781,0.0295,0,1676,0,0
443,3,384,512,128,1.188283,0.815974,0.969608,0,339,128,1.0000,0.3776,1,1676,0,0
443,4,512,640,128,1.084659,0.718403,0.779222,0,339,128,1.0000,0.3776,1,1676,0,0
443,5,640,714,74,0.819414,1.725649,1.414021,0,339,73,0.9865,0.2153,1,1676,0,0
444,0,0,128,128,1.390550,0.564162,0.784495,0,152,0,0.0000,0.0000,0,1679,1,0
444,1,128,256,128,1.120940,0.825491,0.925325,0,152,6,0.0469,0.0395,0,1679,0,0
444,2,256,384,128,1.946553,0.259907,0.505922,0,152,128,1.0000,0.8421,1,1679,1,1
444,3,384,402,18,nan,nan,nan,1,152,18,1.0000,0.1184,1,1679,0,0
445,0,0,128,128,1.145409,0.691692,0.792269,0,118,0,0.0000,0.0000,0,1680,0,0
445,1,128,256,128,1.240532,0.618251,0.766960,0,118,67,0.5234,0.5678,1,1680,0,0
445,2,256,307,51,1.857255,0.280609,0.521163,0,118,51,1.0000,0.4322,1,1680,1,1
446,0,0,128,128,1.454029,0.464338,0.675162,0,172,0,0.0000,0.0000,0,1689,1,0
446,1,128,256,128,1.375162,0.352613,0.484900,0,172,0,0.0000,0.0000,0,1689,0,0
446,2,256,384,128,1.175715,0.926834,1.089693,0,172,94,0.7344,0.5465,1,1689,0,0
446,3,384,462,78,1.284132,0.846658,1.087221,0,172,78,1.0000,0.4535,1,1689,0,0
447,0,0,128,128,1.347789,0.541991,0.730490,0,99,0,0.0000,0.0000,0,1691,0,0
447,1,128,256,128,1.342543,0.705910,0.947714,0,99,0,0.0000,0.0000,0,1691,0,0
447,2,256,384,128,1.210813,0.941043,1.139427,0,99,0,0.0000,0.0000,0,1691,0,0
447,3,384,512,128,1.198816,0.824911,0.988916,0,99,13,0.1016,0.1313,0,1691,0,0
447,4,512,598,86,1.415332,0.480050,0.679431,0,99,86,1.0000,0.8687,1,1691,1,0
448,0,0,121,121,1.866707,0.250249,0.467141,0,93,93,0.7686,1.0000,1,1693,1,1
449,0,0,128,128,1.337490,0.571510,0.764389,0,30,0,0.0000,0.0000,0,1702,0,0
449,1,128,189,61,1.423182,0.350546,0.498891,0,30,30,0.4918,1.0000,0,1702,1,0
450,0,0,128,128,1.430694,0.426324,0.609939,0,108,80,0.6250,0.7407,1,1703,1,0
450,1,128,156,28,1.105301,1.077251,1.190687,0,108,28,1.0000,0.2593,1,1703,0,0
451,0,0,128,128,1.201507,0.591620,0.710835,0,98,64,0.5000,0.6531,0,1709,0,0
451,1,128,162,34,1.325909,0.700298,0.928531,0,98,34,1.0000,0.3469,1,1709,0,0
452,0,0,128,128,1.266701,0.608352,0.770600,0,89,0,0.0000,0.0000,0,1720,0,0
452,1,128,255,127,1.408831,0.342269,0.482199,0,89,89,0.7008,1.0000,1,1720,1,0
453,0,0,60,60,1.301091,0.421029,0.547798,0,47,47,0.7833,1.0000,1,1727,0,0
454,0,0,128,128,2.008349,0.265918,0.534056,0,146,0,0.0000,0.0000,0,1728,1,1
454,1,128,256,128,1.450610,0.370456,0.537388,0,146,26,0.2031,0.1781,0,1728,1,0
454,2,256,376,120,1.281354,0.556469,0.713033,0,146,120,1.0000,0.8219,1,1728,0,0
455,0,0,128,128,1.312566,0.502672,0.659790,0,69,2,0.0156,0.0290,0,1733,0,0
455,1,128,196,68,2.493828,0.138779,0.346092,0,69,67,0.9853,0.9710,1,1733,1,1
456,0,0,128,128,1.432841,0.506661,0.725965,0,136,0,0.0000,0.0000,0,1736,1,0
456,1,128,256,128,1.392445,0.570953,0.795020,0,136,87,0.6797,0.6397,1,1736,1,0
456,2,256,305,49,1.513283,0.578743,0.875801,0,136,49,1.0000,0.3603,1,1736,1,0
457,0,0,128,128,1.272422,0.520408,0.662178,0,169,99,0.7734,0.5858,1,1739,0,0
457,1,128,199,71,1.247054,0.771158,0.961675,0,169,70,0.9859,0.4142,1,1739,0,0
458,0,0,128,128,1.338095,0.403748,0.540254,0,128,107,0.8359,0.8359,1,1741,0,0
458,1,128,149,21,1.119988,1.925956,2.157048,0,128,21,1.0000,0.1641,1,1741,0,0
459,0,0,128,128,1.353849,0.612194,0.828818,0,109,0,0.0000,0.0000,0,1742,0,0
459,1,128,256,128,1.296759,0.764163,0.990935,0,109,95,0.7422,0.8716,1,1742,0,0
459,2,256,270,14,nan,nan,nan,1,109,14,1.0000,0.1284,1,1742,0,0
460,0,0,128,128,1.609305,0.255604,0.411345,0,132,0,0.0000,0.0000,0,1747,1,1
460,1,128,256,128,1.454460,0.355448,0.516985,0,132,0,0.0000,0.0000,0,1747,1,0
460,2,256,384,128,1.533167,0.304298,0.466540,0,132,0,0.0000,0.0000,0,1747,1,0
460,3,384,512,128,1.769732,0.229011,0.405288,0,132,0,0.0000,0.0000,0,1747,1,1
460,4,512,640,128,1.596291,0.246719,0.393835,0,132,0,0.0000,0.0000,0,1747,1,0
460,5,640,768,128,2.019221,0.195296,0.394345,0,132,99,0.7734,0.7500,1,1747,1,1
460,6,768,802,34,1.249916,0.783357,0.979130,0,132,33,0.9706,0.2500,1,1747,0,0
461,0,0,128,128,1.204195,0.711396,0.856659,0,124,102,0.7969,0.8226,1,1749,0,0
461,1,128,150,22,1.152097,1.986544,2.288692,0,124,22,1.0000,0.1774,1,1749,0,0
462,0,0,128,128,1.608591,0.353632,0.568850,0,157,73,0.5703,0.4650,1,1751,1,1
462,1,128,213,85,1.815796,0.347052,0.630175,0,157,84,0.9882,0.5350,1,1751,1,1
463,0,0,128,128,1.642564,0.381981,0.627429,0,233,67,0.5234,0.2876,1,1753,1,1
463,1,128,256,128,0.970714,1.410593,1.369282,0,233,128,1.0000,0.5494,1,1753,0,0
463,2,256,294,38,1.110836,1.374154,1.526461,0,233,38,1.0000,0.1631,1,1753,0,0
464,0,0,128,128,1.330131,0.568625,0.756346,0,104,0,0.0000,0.0000,0,1758,0,0
464,1,128,256,128,1.285358,0.579874,0.745346,0,104,72,0.5625,0.6923,1,1758,0,0
464,2,256,289,33,1.157728,0.887766,1.027792,0,104,32,0.9697,0.3077,1,1758,0,0
465,0,0,128,128,1.284702,0.602563,0.774114,0,87,0,0.0000,0.0000,0,1759,0,0
465,1,128,256,128,1.283127,0.579144,0.743116,0,87,13,0.1016,0.1494,0,1759,0,0
465,2,256,330,74,1.832441,0.272385,0.499129,0,87,74,1.0000,0.8506,1,1759,1,1
466,0,0,128,128,1.335504,0.592138,0.790803,0,101,0,0.0000,0.0000,0,1763,0,0
466,1,128,256,128,1.398839,0.402280,0.562725,0,101,25,0.1953,0.2475,0,1763,1,0
466,2,256,332,76,1.502228,0.417461,0.627121,0,101,76,1.0000,0.7525,1,1763,1,0
467,0,0,128,128,1.176795,0.496136,0.583850,0,65,0,0.0000,0.0000,0,1765,0,0
467,1,128,196,68,1.510261,0.264560,0.399555,0,65,65,0.9559,1.0000,1,1765,1,0
468,0,0,128,128,1.223126,0.612702,0.749411,0,94,0,0.0000,0.0000,0,1768,0,0
468,1,128,256,128,1.224795,0.754043,0.923548,0,94,55,0.4297,0.5851,0,1768,0,0
468,2,256,295,39,1.438759,0.597077,0.859049,0,94,39,1.0000,0.4149,1,1768,1,0
469,0,0,128,128,1.152536,0.880608,1.014933,0,116,0,0.0000,0.0000,0,1770,0,0
469,1,128,256,128,1.161887,0.815041,0.946986,0,116,0,0.0000,0.0000,0,1770,0,0
469,2,256,384,128,1.121389,0.916278,1.027504,0,116,0,0.0000,0.0000,0,1770,0,0
469,3,384,512,128,1.398910,0.491174,0.687108,0,116,93,0.7266,0.8017,1,1770,1,0
469,4,512,535,23,1.126215,1.431727,1.612432,0,116,23,1.0000,0.1983,1,1770,0,0
470,0,0,88,88,1.385207,0.490494,0.679436,0,68,68,0.7727,1.0000,1,1778,0,0
471,0,0,128,128,1.206628,0.506006,0.610560,0,132,23,0.1797,0.1742,0,1779,0,0
471,1,128,237,109,1.194814,0.850576,1.016280,0,132,109,1.0000,0.8258,1,1779,0,0
472,0,0,128,128,1.275297,0.767816,0.979193,0,30,0,0.0000,0.0000,0,1781,0,0
472,1,128,256,128,1.085622,0.992683,1.077678,0,30,0,0.0000,0.0000,0,1781,0,0
472,2,256,384,128,1.080444,1.091460,1.179262,0,30,0,0.0000,0.0000,0,1781,0,0
472,3,384,512,128,1.189519,0.975995,1.160965,0,30,0,0.0000,0.0000,0,1781,0,0
472,4,512,557,45,1.524545,0.295136,0.449949,0,30,30,0.6667,1.0000,1,1781,1,0
473,0,0,128,128,1.342279,0.646800,0.868186,0,178,0,0.0000,0.0000,0,1784,0,0
473,1,128,256,128,1.240600,0.722244,0.896016,0,178,0,0.0000,0.0000,0,1784,0,0
473,2,256,384,128,1.294328,0.643252,0.832580,0,178,69,0.5391,0.3876,1,1784,0,0
473,3,384,494,110,1.476182,0.476063,0.702756,0,178,109,0.9909,0.6124,1,1784,1,0
474,0,0,128,128,1.407815,0.555421,0.781930,0,170,0,0.0000,0.0000,0,1788,1,0
474,1,128,256,128,1.427283,0.522989,0.746453,0,170,73,0.5703,0.4294,1,1788,1,0
474,2,256,353,97,1.623297,0.362324,0.588159,0,170,97,1.0000,0.5706,1,1788,1,1
475,0,0,128,128,1.145862,0.929065,1.064580,0,225,0,0.0000,0.0000,0,1792,0,0
475,1,128,256,128,1.419774,0.507601,0.720679,0,225,125,0.9766,0.5556,1,1792,1,0
475,2,256,357,101,1.092834,0.991256,1.083278,0,225,100,0.9901,0.4444,1,1792,0,0
476,0,0,128,128,1.182171,0.760744,0.899329,0,79,0,0.0000,0.0000,0,1798,0,0
476,1,128,256,128,1.237495,0.666912,0.825301,0,79,59,0.4609,0.7468,0,1798,0,0
476,2,256,276,20,1.236139,0.927648,1.146702,0,79,20,1.0000,0.2532,1,1798,0,0
477,0,0,128,128,1.239931,0.790230,0.979831,0,256,0,0.0000,0.0000,0,1800,0,0
477,1,128,256,128,1.351648,0.531203,0.718000,0,256,0,0.0000,0.0000,0,1800,0,0
477,2,256,384,128,1.181329,0.794734,0.938842,0,256,32,0.2500,0.1250,0,1800,0,0
477,3,384,512,128,1.323359,0.672257,0.889637,0,256,128,1.0000,0.5000,1,1800,0,0
477,4,512,608,96,1.327582,0.507008,0.673094,0,256,96,1.0000,0.3750,1,1800,0,0
478,0,0,128,128,1.562639,0.262523,0.410229,0,95,0,0.0000,0.0000,0,1801,1,0
478,1,128,224,96,1.562816,0.313194,0.489464,0,95,95,0.9896,1.0000,1,1801,1,0
479,0,0,95,95,1.277210,0.521488,0.666050,0,32,32,0.3368,1.0000,0,1806,0,0
480,0,0,128,128,1.369173,0.550680,0.753976,0,147,0,0.0000,0.0000,0,1807,0,0
480,1,128,256,128,1.270162,0.598647,0.760379,0,147,67,0.5234,0.4558,1,1807,0,0
480,2,256,336,80,1.387935,0.559616,0.776710,0,147,80,1.0000,0.5442,1,1807,1,0
481,0,0,128,128,1.331324,0.455399,0.606284,0,185,110,0.8594,0.5946,1,1811,0,0
481,1,128,203,75,1.162620,0.778626,0.905246,0,185,75,1.0000,0.4054,1,1811,0,0
482,0,0,16,16,nan,nan,nan,1,12,12,0.7500,1.0000,1,1813,0,0
483,0,0,128,128,1.349382,0.328762,0.443625,0,78,0,0.0000,0.0000,0,1819,0,0
483,1,128,210,82,1.346234,0.411171,0.553533,0,78,78,0.9512,1.0000,1,1819,0,0
484,0,0,103,103,1.346789,0.500288,0.673783,0,88,88,0.8544,1.0000,1,1823,0,0
485,0,0,128,128,1.320957,0.518796,0.685307,0,85,48,0.3750,0.5647,0,1827,0,0
485,1,128,165,37,1.698931,0.305591,0.519178,0,85,37,1.0000,0.4353,1,1827,1,1
486,0,0,128,128,1.391612,0.399103,0.555396,0,123,23,0.1797,0.1870,0,1834,1,0
486,1,128,228,100,1.969971,0.247874,0.488304,0,123,100,1.0000,0.8130,1,1834,1,1
487,0,0,128,128,1.171017,0.862918,1.010492,0,126,0,0.0000,0.0000,0,1835,0,0
487,1,128,256,128,1.222622,0.850686,1.040068,0,126,0,0.0000,0.0000,0,1835,0,0
487,2,256,384,128,1.171901,0.818408,0.959093,0,126,57,0.4453,0.4524,0,1835,0,0
487,3,384,453,69,1.222760,0.513762,0.628208,0,126,69,1.0000,0.5476,1,1835,0,0
488,0,0,128,128,1.240166,0.524019,0.649870,0,165,65,0.5078,0.3939,1,1838,0,0
488,1,128,228,100,1.531905,0.314409,0.481644,0,165,100,1.0000,0.6061,1,1838,1,0
489,0,0,128,128,1.195633,0.674757,0.806761,0,95,60,0.4688,0.6316,0,1840,0,0
489,1,128,163,35,1.465946,0.317400,0.465290,0,95,35,1.0000,0.3684,1,1840,1,0
490,0,0,128,128,1.360380,0.525002,0.714202,0,118,0,0.0000,0.0000,0,1846,0,0
490,1,128,249,121,2.041368,0.184234,0.376090,0,118,118,0.9752,1.0000,1,1846,1,1
491,0,0,128,128,1.410076,0.448801,0.632844,0,187,0,0.0000,0.0000,0,1858,1,0
491,1,128,256,128,1.486836,0.513181,0.763017,0,187,96,0.7500,0.5134,1,1858,1,0
491,2,256,347,91,1.343227,0.630660,0.847120,0,187,91,1.0000,0.4866,1,1858,0,0
492,0,0,128,128,1.244422,0.661949,0.823744,0,194,57,0.4453,0.2938,0,1863,0,0
492,1,128,256,128,1.472741,0.359372,0.529263,0,194,128,1.0000,0.6598,1,1863,1,0
492,2,256,265,9,nan,nan,nan,1,194,9,1.0000,0.0464,1,1863,0,0
493,0,0,128,128,1.497390,0.479408,0.717860,0,102,27,0.2109,0.2647,0,1864,1,0
493,1,128,203,75,1.939978,0.281569,0.546237,0,102,75,1.0000,0.7353,1,1864,1,1
494,0,0,128,128,1.381646,0.599822,0.828742,0,67,47,0.3672,0.7015,0,1875,0,0
494,1,128,148,20,1.267401,1.198694,1.519226,0,67,20,1.0000,0.2985,1,1875,0,0
495,0,0,128,128,1.112026,1.099232,1.222374,0,153,0,0.0000,0.0000,0,1879,0,0
495,1,128,256,128,1.074311,0.834165,0.896153,0,153,0,0.0000,0.0000,0,1879,0,0
495,2,256,384,128,1.100820,0.932444,1.026453,0,153,0,0.0000,0.0000,0,1879,0,0
495,3,384,512,128,1.065797,0.873673,0.931158,0,153,0,0.0000,0.0000,0,1879,0,0
495,4,512,640,128,1.391734,0.573273,0.797844,0,153,104,0.8125,0.6797,1,1879,1,0
495,5,640,689,49,1.407967,0.782273,1.101415,0,153,49,1.0000,0.3203,1,1879,1,0
496,0,0,128,128,1.150876,0.745835,0.858364,0,137,0,0.0000,0.0000,0,1891,0,0
496,1,128,256,128,1.231385,0.723160,0.890488,0,137,0,0.0000,0.0000,0,1891,0,0
496,2,256,384,128,1.144050,0.869504,0.994756,0,137,0,0.0000,0.0000,0,1891,0,0
496,3,384,512,128,1.466315,0.411935,0.604026,0,137,80,0.6250,0.5839,1,1891,1,0
496,4,512,570,58,1.673352,0.414698,0.693935,0,137,57,0.9828,0.4161,1,1891,1,1
497,0,0,128,128,1.590957,0.347798,0.553332,0,122,98,0.7656,0.8033,1,1892,1,0
497,1,128,152,24,1.501671,0.583594,0.876366,0,122,24,1.0000,0.1967,1,1892,1,0
498,0,0,128,128,1.186879,0.685657,0.813792,0,220,0,0.0000,0.0000,0,1896,0,0
498,1,128,256,128,1.089043,0.942091,1.025978,0,220,0,0.0000,0.0000,0,1896,0,0
498,2,256,384,128,1.179751,0.808580,0.953923,0,220,63,0.4922,0.2864,0,1896,0,0
498,3,384,512,128,1.302860,0.632283,0.823776,0,220,128,1.0000,0.5818,1,1896,0,0
498,4,512,541,29,1.186042,1.331459,1.579166,0,220,29,1.0000,0.1318,1,1896,0,0
499,0,0,128,128,1.145983,0.985260,1.129091,0,173,0,0.0000,0.0000,0,1898,0,0
499,1,128,256,128,1.098726,0.915175,1.005527,0,173,0,0.0000,0.0000,0,1898,0,0
499,2,256,384,128,1.154494,0.844529,0.975004,0,173,72,0.5625,0.4162,1,1898,0,0
499,3,384,486,102,1.138948,0.868028,0.988639,0,173,101,0.9902,0.5838,1,1898,0,0
500,0,0,128,128,1.172580,0.995357,1.167136,0,103,0,0.0000,0.0000,0,1899,0,0
500,1,128,256,128,1.081586,1.446492,1.564505,0,103,0,0.0000,0.0000,0,1899,0,0
500,2,256,384,128,1.018499,1.473357,1.500612,0,103,0,0.0000,0.0000,0,1899,0,0
500,3,384,512,128,1.034689,1.394265,1.442630,0,103,0,0.0000,0.0000,0,1899,0,0
500,4,512,640,128,1.049664,1.646598,1.728374,0,103,0,0.0000,0.0000,0,1899,0,0
500,5,640,768,128,1.116969,1.120952,1.252069,0,103,0,0.0000,0.0000,0,1899,0,0
500,6,768,896,128,1.160964,1.015672,1.179159,0,103,0,0.0000,0.0000,0,1899,0,0
500,7,896,1024,128,1.043439,1.795800,1.873808,0,103,0,0.0000,0.0000,0,1899,0,0
500,8,1024,1152,128,1.126531,0.881863,0.993446,0,103,1,0.0078,0.0097,0,1899,0,0
500,9,1152,1254,102,1.398657,0.567538,0.793790,0,103,102,1.0000,0.9903,1,1899,1,0
501,0,0,128,128,1.079340,1.091935,1.178569,0,113,0,0.0000,0.0000,0,1900,0,0
501,1,128,256,128,1.123904,0.842263,0.946623,0,113,0,0.0000,0.0000,0,1900,0,0
501,2,256,384,128,1.185432,0.701348,0.831401,0,113,0,0.0000,0.0000,0,1900,0,0
501,3,384,512,128,1.140897,0.947260,1.080726,0,113,0,0.0000,0.0000,0,1900,0,0
501,4,512,640,128,1.160599,1.084851,1.259078,0,113,0,0.0000,0.0000,0,1900,0,0
501,5,640,768,128,1.333203,0.537078,0.716033,0,113,94,0.7344,0.8319,1,1900,0,0
501,6,768,787,19,nan,nan,nan,1,113,19,1.0000,0.1681,1,1900,0,0
502,0,0,128,128,1.335859,0.536217,0.716310,0,90,65,0.5078,0.7222,1,1901,0,0
502,1,128,153,25,1.281210,0.702343,0.899849,0,90,25,1.0000,0.2778,1,1901,0,0
503,0,0,111,111,1.338060,0.410615,0.549428,0,71,71,0.6396,1.0000,1,1903,0,0
504,0,0,128,128,1.565789,0.346649,0.542780,0,77,0,0.0000,0.0000,0,1906,1,0
504,1,128,256,128,1.315313,0.559849,0.736376,0,77,0,0.0000,0.0000,0,1906,0,0
504,2,256,384,128,1.263635,0.941954,1.190286,0,77,0,0.0000,0.0000,0,1906,0,0
504,3,384,512,128,1.249672,0.741569,0.926718,0,77,41,0.3203,0.5325,0,1906,0,0
504,4,512,548,36,1.242199,1.242744,1.543735,0,77,36,1.0000,0.4675,1,1906,0,0
505,0,0,128,128,1.207420,0.625788,0.755588,0,227,61,0.4766,0.2687,0,1914,0,0
505,1,128,256,128,1.152398,0.807503,0.930565,0,227,128,1.0000,0.5639,1,1914,0,0
505,2,256,294,38,1.043233,1.059822,1.105641,0,227,38,1.0000,0.1674,1,1914,0,0
506,0,0,110,110,1.636995,0.261901,0.428731,0,96,96,0.8727,1.0000,1,1920,1,1
507,0,0,128,128,1.413062,0.268673,0.379652,0,104,0,0.0000,0.0000,0,1922,1,0
507,1,128,256,128,1.268614,0.553312,0.701939,0,104,0,0.0000,0.0000,0,1922,0,0
507,2,256,384,128,1.252891,0.633054,0.793147,0,104,0,0.0000,0.0000,0,1922,0,0
507,3,384,512,128,1.175343,0.547937,0.644014,0,104,102,0.7969,0.9808,1,1922,0,0
507,4,512,514,2,nan,nan,nan,1,104,2,1.0000,0.0192,1,1922,0,0
508,0,0,128,128,1.343897,0.633107,0.850831,0,117,0,0.0000,0.0000,0,1925,0,0
508,1,128,256,128,1.116958,1.123677,1.255100,0,117,0,0.0000,0.0000,0,1925,0,0
508,2,256,384,128,1.182003,0.821239,0.970707,0,117,60,0.4688,0.5128,0,1925,0,0
508,3,384,441,57,1.524033,0.468877,0.714584,0,117,57,1.0000,0.4872,1,1925,1,0
509,0,0,95,95,1.462509,0.173632,0.253938,0,23,23,0.2421,1.0000,0,1928,1,0
510,0,0,128,128,1.318427,0.394379,0.519960,0,90,27,0.2109,0.3000,0,1942,0,0
510,1,128,191,63,1.782702,0.221177,0.394292,0,90,63,1.0000,0.7000,1,1942,1,1
511,0,0,128,128,1.178115,0.937664,1.104675,0,222,0,0.0000,0.0000,0,1943,0,0
511,1,128,256,128,1.238143,0.618771,0.766127,0,222,0,0.0000,0.0000,0,1943,0,0
511,2,256,384,128,1.144020,1.209176,1.383321,0,222,0,0.0000,0.0000,0,1943,0,0
511,3,384,512,128,1.135644,0.884608,1.004599,0,222,66,0.5156,0.2973,1,1943,0,0
511,4,512,640,128,1.340452,0.450697,0.604137,0,222,128,1.0000,0.5766,1,1943,0,0
511,5,640,668,28,1.127390,1.656003,1.866962,0,222,28,1.0000,0.1261,1,1943,0,0
512,0,0,128,128,0.993535,1.091883,1.084824,0,168,0,0.0000,0.0000,0,1953,0,0
512,1,128,256,128,1.119458,0.730886,0.818197,0,168,75,0.5859,0.4464,1,1953,0,0
512,2,256,349,93,1.166221,0.394875,0.460511,0,168,93,1.0000,0.5536,1,1953,0,0
513,0,0,128,128,1.261280,0.609448,0.768685,0,280,0,0.0000,0.0000,0,1954,0,0
513,1,128,256,128,1.131969,1.003061,1.135434,0,280,72,0.5625,0.2571,1,1954,0,0
513,2,256,384,128,1.240418,0.592336,0.734745,0,280,128,1.0000,0.4571,1,1954,0,0
513,3,384,464,80,1.263220,0.746418,0.942890,0,280,80,1.0000,0.2857,1,1954,0,0
514,0,0,128,128,1.442550,0.529602,0.763978,0,151,0,0.0000,0.0000,0,1957,1,0
514,1,128,256,128,1.349440,0.580426,0.783249,0,151,79,0.6172,0.5232,1,1957,0,0
514,2,256,328,72,1.321156,0.570501,0.753721,0,151,72,1.0000,0.4768,1,1957,0,0
515,0,0,128,128,1.235823,0.647285,0.799930,0,119,33,0.2578,0.2773,0,1959,0,0
515,1,128,214,86,1.487863,0.416289,0.619380,0,119,86,1.0000,0.7227,1,1959,1,0
516,0,0,128,128,1.485097,0.578284,0.858808,0,118,0,0.0000,0.0000,0,1964,1,0
516,1,128,256,128,1.229713,0.395796,0.486716,0,118,0,0.0000,0.0000,0,1964,0,0
516,2,256,384,128,1.192236,0.387637,0.462155,0,118,0,0.0000,0.0000,0,1964,0,0
516,3,384,512,128,1.259308,0.415622,0.523396,0,118,0,0.0000,0.0000,0,1964,0,0
516,4,512,638,126,1.396038,0.379494,0.529787,0,118,118,0.9365,1.0000,1,1964,1,0
517,0,0,128,128,1.092223,1.117149,1.220175,0,125,75,0.5859,0.6000,1,1965,0,0
517,1,128,178,50,1.014471,1.564448,1.587088,0,125,50,1.0000,0.4000,1,1965,0,0
518,0,0,128,128,1.661075,0.234648,0.389768,0,122,0,0.0000,0.0000,0,1969,1,1
518,1,128,256,128,1.504380,0.391305,0.588672,0,122,86,0.6719,0.7049,1,1969,1,0
518,2,256,292,36,1.435525,0.935246,1.342569,0,122,36,1.0000,0.2951,1,1969,1,0
519,0,0,128,128,1.210257,0.799589,0.967708,0,127,0,0.0000,0.0000,0,1973,0,0
519,1,128,256,128,1.155755,1.161696,1.342635,0,127,0,0.0000,0.0000,0,1973,0,0
519,2,256,384,128,1.216294,0.818007,0.994938,0,127,0,0.0000,0.0000,0,1973,0,0
519,3,384,512,128,1.100485,0.944363,1.039257,0,127,0,0.0000,0.0000,0,1973,0,0
519,4,512,640,128,1.055282,0.943375,0.995527,0,127,0,0.0000,0.0000,0,1973,0,0
519,5,640,768,128,1.135900,0.865589,0.983223,0,127,1,0.0078,0.0079,0,1973,0,0
519,6,768,894,126,2.086911,0.243204,0.507545,0,127,126,1.0000,0.9921,1,1973,1,1
520,0,0,128,128,1.364526,0.407825,0.556487,0,207,64,0.5000,0.3092,0,1974,0,0
520,1,128,256,128,1.483451,0.452249,0.670889,0,207,128,1.0000,0.6184,1,1974,1,0
520,2,256,271,15,nan,nan,nan,1,207,15,1.0000,0.0725,1,1974,0,0
521,0,0,125,125,1.364292,0.341695,0.466172,0,47,47,0.3760,1.0000,0,1975,0,0
522,0,0,128,128,1.215923,0.670362,0.815109,0,126,95,0.7422,0.7540,1,1977,0,0
522,1,128,159,31,1.155935,1.448938,1.674878,0,126,31,1.0000,0.2460,1,1977,0,0
523,0,0,128,128,1.276906,0.568295,0.725660,0,152,0,0.0000,0.0000,0,1980,0,0
523,1,128,256,128,1.264857,0.474558,0.600248,0,152,0,0.0000,0.0000,0,1980,0,0
523,2,256,384,128,1.281651,0.562138,0.720465,0,152,83,0.6484,0.5461,1,1980,0,0
523,3,384,453,69,1.489019,0.455159,0.677740,0,152,69,1.0000,0.4539,1,1980,1,0
524,0,0,128,128,1.161449,0.604769,0.702409,0,78,0,0.0000,0.0000,0,1988,0,0
524,1,128,256,128,1.239587,0.616321,0.763983,0,78,0,0.0000,0.0000,0,1988,0,0
524,2,256,384,128,1.053827,0.972464,1.024809,0,78,0,0.0000,0.0000,0,1988,0,0
524,3,384,512,128,1.165319,0.600439,0.699703,0,78,0,0.0000,0.0000,0,1988,0,0
524,4,512,640,128,1.085609,0.694684,0.754155,0,78,0,0.0000,0.0000,0,1988,0,0
524,5,640,768,128,1.245781,0.531573,0.662223,0,78,0,0.0000,0.0000,0,1988,0,0
524,6,768,896,128,1.062768,1.014520,1.078199,0,78,0,0.0000,0.0000,0,1988,0,0
524,7,896,984,88,1.451826,0.453899,0.658982,0,78,78,0.8864,1.0000,1,1988,1,0
525,0,0,128,128,1.265933,0.639966,0.810155,0,80,0,0.0000,0.0000,0,1991,0,0
525,1,128,256,128,1.235992,0.665837,0.822970,0,80,0,0.0000,0.0000,0,1991,0,0
525,2,256,384,128,1.328140,0.490739,0.651770,0,80,0,0.0000,0.0000,0,1991,0,0
525,3,384,512,128,1.217673,0.552648,0.672945,0,80,0,0.0000,0.0000,0,1991,0,0
525,4,512,640,128,1.295229,0.685025,0.887264,0,80,77,0.6016,0.9625,1,1991,0,0
525,5,640,643,3,nan,nan,nan,1,80,3,1.0000,0.0375,1,1991,0,0
526,0,0,128,128,1.263070,0.583041,0.736421,0,145,79,0.6172,0.5448,1,1992,0,0
526,1,128,194,66,1.218330,1.031730,1.256987,0,145,66,1.0000,0.4552,1,1992,0,0
527,0,0,128,128,1.564932,0.400999,0.627536,0,124,117,0.9141,0.9435,1,1993,1,0
527,1,128,135,7,nan,nan,nan,1,124,7,1.0000,0.0565,1,1993,0,0
528,0,0,128,128,1.394912,0.445939,0.622046,0,166,0,0.0000,0.0000,0,1995,1,0
528,1,128,256,128,1.328470,0.549935,0.730572,0,166,116,0.9062,0.6988,1,1995,0,0
528,2,256,306,50,1.750324,0.235725,0.412595,0,166,50,1.0000,0.3012,1,1995,1,1
529,0,0,128,128,1.664215,0.327873,0.545651,0,78,56,0.4375,0.7179,0,1998,1,1
529,1,128,150,22,1.373476,0.694531,0.953921,0,78,22,1.0000,0.2821,1,1998,0,0
